Dataset,Fold,Variant,Training_MMRE,Input,Output,Inquiry,File,FPAdj,RawFPcounts,AdjFP,AFP,Enquiry,Interface,Added,Changed,Deleted,Resource,Duration,AdjFactor,rely,data,cplx,time,stor,virt,turn,acap,aexp,pcap,vexp,lexp,modp,tool,sced,loc,TeamExp,ManagerExp,YearEnd,Length,Transactions,Entities,PointsNonAdjust,Adjustment,PointsAjust,Language,Hardware,KSLOC,RAWFP,Actual.duration,Adjusted.function.points,First.estimate,Syear,App,Har,Dba,Ifc,Source,Telonuse,Nlan,T01,T02,T03,T04,T05,T06,T07,T08,T09,T10,T11,T12,T13,T14,T15,Size,Time,KLOC,SCRN,FORM,FILE,ESCRN,EFORM,EFILE,TotalUFP,ExternalInterface,ExternalQueries,ExternalInputs,InternalLogicalFiles,ExternalOutputs,COSMIC_FP,HH_CFP
Albrecht,1,ABE_BASE,,0.1428571492433548,0.1428571492433548,0.1428571492433548,0.1428571492433548,0.1428571492433548,0.1428571492433548,0.1428571492433548,,,,,,,,,,,,,,,,,,,,,,,,,,,,,,,,,,,,,,,,,,,,,,,,,,,,,,,,,,,,,,,,,,,,,,,,,,,,,,,,,
Albrecht,1,FAABE_NO_FIREFLY,,0.1428571492433548,0.1428571492433548,0.1428571492433548,0.1428571492433548,0.1428571492433548,0.1428571492433548,0.1428571492433548,,,,,,,,,,,,,,,,,,,,,,,,,,,,,,,,,,,,,,,,,,,,,,,,,,,,,,,,,,,,,,,,,,,,,,,,,,,,,,,,,
Albrecht,1,FAABE_NO_PEARSON,0.5623096227645874,0.0,0.13970589637756348,0.6531378030776978,0.08801939338445663,0.0970781221985817,0.022058764472603798,0.0,,,,,,,,,,,,,,,,,,,,,,,,,,,,,,,,,,,,,,,,,,,,,,,,,,,,,,,,,,,,,,,,,,,,,,,,,,,,,,,,,
Albrecht,1,FAABE_NO_IWM,0.5744577050209045,0.0,0.08332556486129761,0.5950629711151123,0.11083408445119858,0.08349975198507309,0.127277672290802,0.0,,,,,,,,,,,,,,,,,,,,,,,,,,,,,,,,,,,,,,,,,,,,,,,,,,,,,,,,,,,,,,,,,,,,,,,,,,,,,,,,,
Albrecht,1,FAABE_FULL,0.5651878118515015,0.047773346304893494,0.11829778552055359,0.5991394519805908,0.09365611523389816,0.08993972092866898,0.033852942287921906,0.0173406470566988,,,,,,,,,,,,,,,,,,,,,,,,,,,,,,,,,,,,,,,,,,,,,,,,,,,,,,,,,,,,,,,,,,,,,,,,,,,,,,,,,
Albrecht,2,ABE_BASE,,0.1428571492433548,0.1428571492433548,0.1428571492433548,0.1428571492433548,0.1428571492433548,0.1428571492433548,0.1428571492433548,,,,,,,,,,,,,,,,,,,,,,,,,,,,,,,,,,,,,,,,,,,,,,,,,,,,,,,,,,,,,,,,,,,,,,,,,,,,,,,,,
Albrecht,2,FAABE_NO_FIREFLY,,0.1666666716337204,0.1666666716337204,0.1666666716337204,0.1666666716337204,,0.1666666716337204,0.1666666716337204,,,,,,,,,,,,,,,,,,,,,,,,,,,,,,,,,,,,,,,,,,,,,,,,,,,,,,,,,,,,,,,,,,,,,,,,,,,,,,,,,
Albrecht,2,FAABE_NO_PEARSON,0.5738943219184875,0.0,0.2177567481994629,0.4103301763534546,0.06861447542905807,0.18852680921554565,0.07990431040525436,0.03486746922135353,,,,,,,,,,,,,,,,,,,,,,,,,,,,,,,,,,,,,,,,,,,,,,,,,,,,,,,,,,,,,,,,,,,,,,,,,,,,,,,,,
Albrecht,2,FAABE_NO_IWM,0.6966583728790283,0.228196382522583,0.18761077523231506,0.5049511790275574,0.04570452868938446,,0.0,0.033537156879901886,,,,,,,,,,,,,,,,,,,,,,,,,,,,,,,,,,,,,,,,,,,,,,,,,,,,,,,,,,,,,,,,,,,,,,,,,,,,,,,,,
Albrecht,2,FAABE_FULL,0.7110728621482849,0.18817731738090515,0.16210435330867767,0.5319585204124451,0.026301393285393715,,0.0344674251973629,0.056991033256053925,,,,,,,,,,,,,,,,,,,,,,,,,,,,,,,,,,,,,,,,,,,,,,,,,,,,,,,,,,,,,,,,,,,,,,,,,,,,,,,,,
Albrecht,3,ABE_BASE,,0.1428571492433548,0.1428571492433548,0.1428571492433548,0.1428571492433548,0.1428571492433548,0.1428571492433548,0.1428571492433548,,,,,,,,,,,,,,,,,,,,,,,,,,,,,,,,,,,,,,,,,,,,,,,,,,,,,,,,,,,,,,,,,,,,,,,,,,,,,,,,,
Albrecht,3,FAABE_NO_FIREFLY,,0.1428571492433548,0.1428571492433548,0.1428571492433548,0.1428571492433548,0.1428571492433548,0.1428571492433548,0.1428571492433548,,,,,,,,,,,,,,,,,,,,,,,,,,,,,,,,,,,,,,,,,,,,,,,,,,,,,,,,,,,,,,,,,,,,,,,,,,,,,,,,,
Albrecht,3,FAABE_NO_PEARSON,0.5755970478057861,0.0,0.2105945646762848,0.6077951192855835,0.099266916513443,0.06684219092130661,0.0,0.015501274727284908,,,,,,,,,,,,,,,,,,,,,,,,,,,,,,,,,,,,,,,,,,,,,,,,,,,,,,,,,,,,,,,,,,,,,,,,,,,,,,,,,
Albrecht,3,FAABE_NO_IWM,0.5892320275306702,0.0,0.18163500726222992,0.5702587366104126,0.12354428321123123,0.0681263878941536,0.056435633450746536,0.0,,,,,,,,,,,,,,,,,,,,,,,,,,,,,,,,,,,,,,,,,,,,,,,,,,,,,,,,,,,,,,,,,,,,,,,,,,,,,,,,,
Albrecht,3,FAABE_FULL,0.5759074687957764,0.0,0.21676088869571686,0.6003496646881104,0.11081316322088242,0.06622511893510818,0.005851225461810827,0.0,,,,,,,,,,,,,,,,,,,,,,,,,,,,,,,,,,,,,,,,,,,,,,,,,,,,,,,,,,,,,,,,,,,,,,,,,,,,,,,,,
Albrecht,4,ABE_BASE,,0.1428571492433548,0.1428571492433548,0.1428571492433548,0.1428571492433548,0.1428571492433548,0.1428571492433548,0.1428571492433548,,,,,,,,,,,,,,,,,,,,,,,,,,,,,,,,,,,,,,,,,,,,,,,,,,,,,,,,,,,,,,,,,,,,,,,,,,,,,,,,,
Albrecht,4,FAABE_NO_FIREFLY,,0.1666666716337204,0.1666666716337204,0.1666666716337204,0.1666666716337204,,0.1666666716337204,0.1666666716337204,,,,,,,,,,,,,,,,,,,,,,,,,,,,,,,,,,,,,,,,,,,,,,,,,,,,,,,,,,,,,,,,,,,,,,,,,,,,,,,,,
Albrecht,4,FAABE_NO_PEARSON,0.6008780598640442,0.0,0.22348372638225555,0.5533158779144287,0.08896254748106003,0.060335081070661545,0.0,0.07390280067920685,,,,,,,,,,,,,,,,,,,,,,,,,,,,,,,,,,,,,,,,,,,,,,,,,,,,,,,,,,,,,,,,,,,,,,,,,,,,,,,,,
Albrecht,4,FAABE_NO_IWM,0.6638467907905579,0.3436529040336609,0.12200146168470383,0.25260141491889954,0.14848054945468903,,0.0,0.13326363265514374,,,,,,,,,,,,,,,,,,,,,,,,,,,,,,,,,,,,,,,,,,,,,,,,,,,,,,,,,,,,,,,,,,,,,,,,,,,,,,,,,
Albrecht,4,FAABE_FULL,0.6825587749481201,0.0,0.2264987677335739,0.5321914553642273,0.1680881530046463,,0.02685610018670559,0.04636560007929802,,,,,,,,,,,,,,,,,,,,,,,,,,,,,,,,,,,,,,,,,,,,,,,,,,,,,,,,,,,,,,,,,,,,,,,,,,,,,,,,,
Albrecht,5,ABE_BASE,,0.1428571492433548,0.1428571492433548,0.1428571492433548,0.1428571492433548,0.1428571492433548,0.1428571492433548,0.1428571492433548,,,,,,,,,,,,,,,,,,,,,,,,,,,,,,,,,,,,,,,,,,,,,,,,,,,,,,,,,,,,,,,,,,,,,,,,,,,,,,,,,
Albrecht,5,FAABE_NO_FIREFLY,,0.1428571492433548,0.1428571492433548,0.1428571492433548,0.1428571492433548,0.1428571492433548,0.1428571492433548,0.1428571492433548,,,,,,,,,,,,,,,,,,,,,,,,,,,,,,,,,,,,,,,,,,,,,,,,,,,,,,,,,,,,,,,,,,,,,,,,,,,,,,,,,
Albrecht,5,FAABE_NO_PEARSON,0.5526176691055298,0.11385734379291534,0.12154707312583923,0.5445433855056763,0.10435961931943893,0.055707916617393494,0.013722785748541355,0.04626181349158287,,,,,,,,,,,,,,,,,,,,,,,,,,,,,,,,,,,,,,,,,,,,,,,,,,,,,,,,,,,,,,,,,,,,,,,,,,,,,,,,,
Albrecht,5,FAABE_NO_IWM,0.5602774024009705,0.14471440017223358,0.13703370094299316,0.34618300199508667,0.14104120433330536,0.0719936415553093,0.0,0.15903402864933014,,,,,,,,,,,,,,,,,,,,,,,,,,,,,,,,,,,,,,,,,,,,,,,,,,,,,,,,,,,,,,,,,,,,,,,,,,,,,,,,,
Albrecht,5,FAABE_FULL,0.5693627595901489,0.10741051286458969,0.1103045865893364,0.4027860164642334,0.1472323089838028,0.053301189094781876,0.060769446194171906,0.11819592863321304,,,,,,,,,,,,,,,,,,,,,,,,,,,,,,,,,,,,,,,,,,,,,,,,,,,,,,,,,,,,,,,,,,,,,,,,,,,,,,,,,
Albrecht,6,ABE_BASE,,0.1428571492433548,0.1428571492433548,0.1428571492433548,0.1428571492433548,0.1428571492433548,0.1428571492433548,0.1428571492433548,,,,,,,,,,,,,,,,,,,,,,,,,,,,,,,,,,,,,,,,,,,,,,,,,,,,,,,,,,,,,,,,,,,,,,,,,,,,,,,,,
Albrecht,6,FAABE_NO_FIREFLY,,0.1428571492433548,0.1428571492433548,0.1428571492433548,0.1428571492433548,0.1428571492433548,0.1428571492433548,0.1428571492433548,,,,,,,,,,,,,,,,,,,,,,,,,,,,,,,,,,,,,,,,,,,,,,,,,,,,,,,,,,,,,,,,,,,,,,,,,,,,,,,,,
Albrecht,6,FAABE_NO_PEARSON,0.3199164867401123,0.0713176354765892,0.13129335641860962,0.2874348759651184,0.16247856616973877,0.07187695056200027,0.0,0.2755986452102661,,,,,,,,,,,,,,,,,,,,,,,,,,,,,,,,,,,,,,,,,,,,,,,,,,,,,,,,,,,,,,,,,,,,,,,,,,,,,,,,,
Albrecht,6,FAABE_NO_IWM,0.3154231011867523,0.23214490711688995,0.16907717287540436,0.3343508839607239,0.15511998534202576,0.0,0.0,0.10930702835321426,,,,,,,,,,,,,,,,,,,,,,,,,,,,,,,,,,,,,,,,,,,,,,,,,,,,,,,,,,,,,,,,,,,,,,,,,,,,,,,,,
Albrecht,6,FAABE_FULL,0.30026453733444214,0.0,0.24641729891300201,0.24179020524024963,0.1642494648694992,0.07577800750732422,0.0,0.2717650532722473,,,,,,,,,,,,,,,,,,,,,,,,,,,,,,,,,,,,,,,,,,,,,,,,,,,,,,,,,,,,,,,,,,,,,,,,,,,,,,,,,
Albrecht,7,ABE_BASE,,0.1428571492433548,0.1428571492433548,0.1428571492433548,0.1428571492433548,0.1428571492433548,0.1428571492433548,0.1428571492433548,,,,,,,,,,,,,,,,,,,,,,,,,,,,,,,,,,,,,,,,,,,,,,,,,,,,,,,,,,,,,,,,,,,,,,,,,,,,,,,,,
Albrecht,7,FAABE_NO_FIREFLY,,0.1428571492433548,0.1428571492433548,0.1428571492433548,0.1428571492433548,0.1428571492433548,0.1428571492433548,0.1428571492433548,,,,,,,,,,,,,,,,,,,,,,,,,,,,,,,,,,,,,,,,,,,,,,,,,,,,,,,,,,,,,,,,,,,,,,,,,,,,,,,,,
Albrecht,7,FAABE_NO_PEARSON,0.5691378712654114,0.010432593524456024,0.20532971620559692,0.31719839572906494,0.26312291622161865,0.11884299665689468,0.006274787709116936,0.07879862189292908,,,,,,,,,,,,,,,,,,,,,,,,,,,,,,,,,,,,,,,,,,,,,,,,,,,,,,,,,,,,,,,,,,,,,,,,,,,,,,,,,
Albrecht,7,FAABE_NO_IWM,0.5665559768676758,0.0647486224770546,0.1631440967321396,0.28791186213493347,0.18354174494743347,0.09229326993227005,0.0,0.20836041867733002,,,,,,,,,,,,,,,,,,,,,,,,,,,,,,,,,,,,,,,,,,,,,,,,,,,,,,,,,,,,,,,,,,,,,,,,,,,,,,,,,
Albrecht,7,FAABE_FULL,0.573479175567627,0.02531200461089611,0.09074416756629944,0.5561419129371643,0.11508464813232422,0.08192235976457596,0.0,0.13079488277435303,,,,,,,,,,,,,,,,,,,,,,,,,,,,,,,,,,,,,,,,,,,,,,,,,,,,,,,,,,,,,,,,,,,,,,,,,,,,,,,,,
Albrecht,8,ABE_BASE,,0.1428571492433548,0.1428571492433548,0.1428571492433548,0.1428571492433548,0.1428571492433548,0.1428571492433548,0.1428571492433548,,,,,,,,,,,,,,,,,,,,,,,,,,,,,,,,,,,,,,,,,,,,,,,,,,,,,,,,,,,,,,,,,,,,,,,,,,,,,,,,,
Albrecht,8,FAABE_NO_FIREFLY,,0.1428571492433548,0.1428571492433548,0.1428571492433548,0.1428571492433548,0.1428571492433548,0.1428571492433548,0.1428571492433548,,,,,,,,,,,,,,,,,,,,,,,,,,,,,,,,,,,,,,,,,,,,,,,,,,,,,,,,,,,,,,,,,,,,,,,,,,,,,,,,,
Albrecht,8,FAABE_NO_PEARSON,0.5591558218002319,0.0,0.21854634582996368,0.4394560158252716,0.18302662670612335,0.11057135462760925,0.0,0.04839957505464554,,,,,,,,,,,,,,,,,,,,,,,,,,,,,,,,,,,,,,,,,,,,,,,,,,,,,,,,,,,,,,,,,,,,,,,,,,,,,,,,,
Albrecht,8,FAABE_NO_IWM,0.5580287575721741,0.007546937558799982,0.20278458297252655,0.42224323749542236,0.15880709886550903,0.11590033769607544,0.010556945577263832,0.0821608453989029,,,,,,,,,,,,,,,,,,,,,,,,,,,,,,,,,,,,,,,,,,,,,,,,,,,,,,,,,,,,,,,,,,,,,,,,,,,,,,,,,
Albrecht,8,FAABE_FULL,0.5662141442298889,0.0,0.17047277092933655,0.5096756219863892,0.13990047574043274,0.10939774662256241,0.0,0.07055342942476273,,,,,,,,,,,,,,,,,,,,,,,,,,,,,,,,,,,,,,,,,,,,,,,,,,,,,,,,,,,,,,,,,,,,,,,,,,,,,,,,,
Albrecht,9,ABE_BASE,,0.1428571492433548,0.1428571492433548,0.1428571492433548,0.1428571492433548,0.1428571492433548,0.1428571492433548,0.1428571492433548,,,,,,,,,,,,,,,,,,,,,,,,,,,,,,,,,,,,,,,,,,,,,,,,,,,,,,,,,,,,,,,,,,,,,,,,,,,,,,,,,
Albrecht,9,FAABE_NO_FIREFLY,,0.1666666716337204,0.1666666716337204,0.1666666716337204,0.1666666716337204,,0.1666666716337204,0.1666666716337204,,,,,,,,,,,,,,,,,,,,,,,,,,,,,,,,,,,,,,,,,,,,,,,,,,,,,,,,,,,,,,,,,,,,,,,,,,,,,,,,,
Albrecht,9,FAABE_NO_PEARSON,0.6139792799949646,0.20196658372879028,0.15274927020072937,0.4771389067173004,0.111830934882164,0.05444391444325447,0.0018703826935961843,0.0,,,,,,,,,,,,,,,,,,,,,,,,,,,,,,,,,,,,,,,,,,,,,,,,,,,,,,,,,,,,,,,,,,,,,,,,,,,,,,,,,
Albrecht,9,FAABE_NO_IWM,0.6260957717895508,0.14979222416877747,0.16712872684001923,0.6830791234970093,0.0,,0.0,0.0,,,,,,,,,,,,,,,,,,,,,,,,,,,,,,,,,,,,,,,,,,,,,,,,,,,,,,,,,,,,,,,,,,,,,,,,,,,,,,,,,
Albrecht,9,FAABE_FULL,0.6246218681335449,0.1303490251302719,0.13295546174049377,0.6702625751495361,0.0,,0.06643292307853699,0.0,,,,,,,,,,,,,,,,,,,,,,,,,,,,,,,,,,,,,,,,,,,,,,,,,,,,,,,,,,,,,,,,,,,,,,,,,,,,,,,,,
Albrecht,10,ABE_BASE,,0.1428571492433548,0.1428571492433548,0.1428571492433548,0.1428571492433548,0.1428571492433548,0.1428571492433548,0.1428571492433548,,,,,,,,,,,,,,,,,,,,,,,,,,,,,,,,,,,,,,,,,,,,,,,,,,,,,,,,,,,,,,,,,,,,,,,,,,,,,,,,,
Albrecht,10,FAABE_NO_FIREFLY,,0.1666666716337204,0.1666666716337204,0.1666666716337204,0.1666666716337204,,0.1666666716337204,0.1666666716337204,,,,,,,,,,,,,,,,,,,,,,,,,,,,,,,,,,,,,,,,,,,,,,,,,,,,,,,,,,,,,,,,,,,,,,,,,,,,,,,,,
Albrecht,10,FAABE_NO_PEARSON,0.5380395650863647,0.06439083814620972,0.1951473504304886,0.5795556306838989,0.12227266281843185,0.03863353654742241,0.0,0.0,,,,,,,,,,,,,,,,,,,,,,,,,,,,,,,,,,,,,,,,,,,,,,,,,,,,,,,,,,,,,,,,,,,,,,,,,,,,,,,,,
Albrecht,10,FAABE_NO_IWM,0.639255702495575,0.14299938082695007,0.1359652727842331,0.08010412752628326,0.3813907504081726,,0.0,0.25954049825668335,,,,,,,,,,,,,,,,,,,,,,,,,,,,,,,,,,,,,,,,,,,,,,,,,,,,,,,,,,,,,,,,,,,,,,,,,,,,,,,,,
Albrecht,10,FAABE_FULL,0.6245545744895935,0.15757998824119568,0.20540353655815125,0.6069636344909668,0.03005286678671837,,0.0,0.0,,,,,,,,,,,,,,,,,,,,,,,,,,,,,,,,,,,,,,,,,,,,,,,,,,,,,,,,,,,,,,,,,,,,,,,,,,,,,,,,,
China,1,ABE_BASE,,0.0833333358168602,0.0833333358168602,,0.0833333358168602,,,,0.0833333358168602,0.0833333358168602,0.0833333358168602,0.0833333358168602,0.0833333358168602,0.0833333358168602,0.0833333358168602,0.0833333358168602,0.0833333358168602,,,,,,,,,,,,,,,,,,,,,,,,,,,,,,,,,,,,,,,,,,,,,,,,,,,,,,,,,,,,,,,,,,,,,,,,
China,1,FAABE_NO_FIREFLY,,0.1111111119389534,0.1111111119389534,,0.1111111119389534,,,,0.1111111119389534,0.1111111119389534,0.1111111119389534,0.1111111119389534,,,,0.1111111119389534,0.1111111119389534,,,,,,,,,,,,,,,,,,,,,,,,,,,,,,,,,,,,,,,,,,,,,,,,,,,,,,,,,,,,,,,,,,,,,,,,
China,1,FAABE_NO_PEARSON,1.139102578163147,0.027952564880251884,0.03916217386722565,,0.08000750839710236,,,,0.0,0.026938166469335556,0.18280069530010223,0.15686215460300446,0.04643638804554939,0.16928380727767944,0.23192979395389557,0.038626778870821,0.0,,,,,,,,,,,,,,,,,,,,,,,,,,,,,,,,,,,,,,,,,,,,,,,,,,,,,,,,,,,,,,,,,,,,,,,,
China,1,FAABE_NO_IWM,1.143610954284668,0.10590358078479767,0.2107253521680832,,0.0639091432094574,,,,0.037925876677036285,0.09579858183860779,0.140039324760437,0.15907999873161316,,,,0.056032925844192505,0.13058526813983917,,,,,,,,,,,,,,,,,,,,,,,,,,,,,,,,,,,,,,,,,,,,,,,,,,,,,,,,,,,,,,,,,,,,,,,,
China,1,FAABE_FULL,1.1578092575073242,0.0,0.23100970685482025,,0.05583710968494415,,,,0.153043732047081,0.07312989234924316,0.17873142659664154,0.08909520506858826,,,,0.07277578115463257,0.14637717604637146,,,,,,,,,,,,,,,,,,,,,,,,,,,,,,,,,,,,,,,,,,,,,,,,,,,,,,,,,,,,,,,,,,,,,,,,
China,2,ABE_BASE,,0.0833333358168602,0.0833333358168602,,0.0833333358168602,,,,0.0833333358168602,0.0833333358168602,0.0833333358168602,0.0833333358168602,0.0833333358168602,0.0833333358168602,0.0833333358168602,0.0833333358168602,0.0833333358168602,,,,,,,,,,,,,,,,,,,,,,,,,,,,,,,,,,,,,,,,,,,,,,,,,,,,,,,,,,,,,,,,,,,,,,,,
China,2,FAABE_NO_FIREFLY,,0.1111111119389534,0.1111111119389534,,0.1111111119389534,,,,0.1111111119389534,0.1111111119389534,0.1111111119389534,0.1111111119389534,,,,0.1111111119389534,0.1111111119389534,,,,,,,,,,,,,,,,,,,,,,,,,,,,,,,,,,,,,,,,,,,,,,,,,,,,,,,,,,,,,,,,,,,,,,,,
China,2,FAABE_NO_PEARSON,1.180120587348938,0.0,0.0,,0.0,,,,0.08152773231267929,0.10217779129743576,0.17598414421081543,0.07212524861097336,0.2018359750509262,0.2247224748134613,0.0,0.10245101153850555,0.03917564079165459,,,,,,,,,,,,,,,,,,,,,,,,,,,,,,,,,,,,,,,,,,,,,,,,,,,,,,,,,,,,,,,,,,,,,,,,
China,2,FAABE_NO_IWM,1.1944435834884644,0.17122097313404083,0.06312475353479385,,0.15078406035900116,,,,0.0,0.02862202376127243,0.1953381448984146,0.01331350114196539,,,,0.05238565057516098,0.3252108693122864,,,,,,,,,,,,,,,,,,,,,,,,,,,,,,,,,,,,,,,,,,,,,,,,,,,,,,,,,,,,,,,,,,,,,,,,
China,2,FAABE_FULL,1.2157162427902222,0.10367807000875473,0.10075713694095612,,0.11395879089832306,,,,0.0,0.05991530790925026,0.03271905332803726,0.4494251012802124,,,,0.04670692980289459,0.09283963590860367,,,,,,,,,,,,,,,,,,,,,,,,,,,,,,,,,,,,,,,,,,,,,,,,,,,,,,,,,,,,,,,,,,,,,,,,
China,3,ABE_BASE,,0.0833333358168602,0.0833333358168602,,0.0833333358168602,,,,0.0833333358168602,0.0833333358168602,0.0833333358168602,0.0833333358168602,0.0833333358168602,0.0833333358168602,0.0833333358168602,0.0833333358168602,0.0833333358168602,,,,,,,,,,,,,,,,,,,,,,,,,,,,,,,,,,,,,,,,,,,,,,,,,,,,,,,,,,,,,,,,,,,,,,,,
China,3,FAABE_NO_FIREFLY,,0.1111111119389534,0.1111111119389534,,0.1111111119389534,,,,0.1111111119389534,0.1111111119389534,0.1111111119389534,0.1111111119389534,,,,0.1111111119389534,0.1111111119389534,,,,,,,,,,,,,,,,,,,,,,,,,,,,,,,,,,,,,,,,,,,,,,,,,,,,,,,,,,,,,,,,,,,,,,,,
China,3,FAABE_NO_PEARSON,1.1897305250167847,0.1372610181570053,0.0,,0.18839392066001892,,,,0.009776615537703037,0.020385412499308586,0.0,0.15916314721107483,0.27400872111320496,0.02181987464427948,0.0,0.10514373332262039,0.08404752612113953,,,,,,,,,,,,,,,,,,,,,,,,,,,,,,,,,,,,,,,,,,,,,,,,,,,,,,,,,,,,,,,,,,,,,,,,
China,3,FAABE_NO_IWM,1.2097793817520142,0.03859470784664154,0.08153889328241348,,0.23091718554496765,,,,0.15088382363319397,0.04601985588669777,0.1928303837776184,0.016680439934134483,,,,0.12887875735759735,0.11365598440170288,,,,,,,,,,,,,,,,,,,,,,,,,,,,,,,,,,,,,,,,,,,,,,,,,,,,,,,,,,,,,,,,,,,,,,,,
China,3,FAABE_FULL,1.2115581035614014,0.05249827355146408,0.0,,0.12079712003469467,,,,0.08370324224233627,0.08022081106901169,0.2717967927455902,0.057442717254161835,,,,0.24617423117160797,0.08736687153577805,,,,,,,,,,,,,,,,,,,,,,,,,,,,,,,,,,,,,,,,,,,,,,,,,,,,,,,,,,,,,,,,,,,,,,,,
China,4,ABE_BASE,,0.0833333358168602,0.0833333358168602,,0.0833333358168602,,,,0.0833333358168602,0.0833333358168602,0.0833333358168602,0.0833333358168602,0.0833333358168602,0.0833333358168602,0.0833333358168602,0.0833333358168602,0.0833333358168602,,,,,,,,,,,,,,,,,,,,,,,,,,,,,,,,,,,,,,,,,,,,,,,,,,,,,,,,,,,,,,,,,,,,,,,,
China,4,FAABE_NO_FIREFLY,,0.1111111119389534,0.1111111119389534,,0.1111111119389534,,,,0.1111111119389534,0.1111111119389534,0.1111111119389534,0.1111111119389534,,,,0.1111111119389534,0.1111111119389534,,,,,,,,,,,,,,,,,,,,,,,,,,,,,,,,,,,,,,,,,,,,,,,,,,,,,,,,,,,,,,,,,,,,,,,,
China,4,FAABE_NO_PEARSON,1.1590038537979126,0.02939322032034397,0.02611747570335865,,0.0668775886297226,,,,0.039575982838869095,0.0089037474244833,0.09884512424468994,0.054368212819099426,0.0,0.31671422719955444,0.0,0.09540724009275436,0.26379725337028503,,,,,,,,,,,,,,,,,,,,,,,,,,,,,,,,,,,,,,,,,,,,,,,,,,,,,,,,,,,,,,,,,,,,,,,,
China,4,FAABE_NO_IWM,1.1197012662887573,0.10714877396821976,0.04426394775509834,,0.045733705163002014,,,,0.0,0.03527544066309929,0.13268040120601654,0.1567276120185852,,,,0.06946010887622833,0.4087100327014923,,,,,,,,,,,,,,,,,,,,,,,,,,,,,,,,,,,,,,,,,,,,,,,,,,,,,,,,,,,,,,,,,,,,,,,,
China,4,FAABE_FULL,1.1079490184783936,0.05397332087159157,0.05512848496437073,,0.12744992971420288,,,,0.07159006595611572,0.01802344061434269,0.22713519632816315,0.0,,,,0.07605747133493423,0.37064212560653687,,,,,,,,,,,,,,,,,,,,,,,,,,,,,,,,,,,,,,,,,,,,,,,,,,,,,,,,,,,,,,,,,,,,,,,,
China,5,ABE_BASE,,0.0833333358168602,0.0833333358168602,,0.0833333358168602,,,,0.0833333358168602,0.0833333358168602,0.0833333358168602,0.0833333358168602,0.0833333358168602,0.0833333358168602,0.0833333358168602,0.0833333358168602,0.0833333358168602,,,,,,,,,,,,,,,,,,,,,,,,,,,,,,,,,,,,,,,,,,,,,,,,,,,,,,,,,,,,,,,,,,,,,,,,
China,5,FAABE_NO_FIREFLY,,0.1111111119389534,0.1111111119389534,,0.1111111119389534,,,,0.1111111119389534,0.1111111119389534,0.1111111119389534,0.1111111119389534,,,,0.1111111119389534,0.1111111119389534,,,,,,,,,,,,,,,,,,,,,,,,,,,,,,,,,,,,,,,,,,,,,,,,,,,,,,,,,,,,,,,,,,,,,,,,
China,5,FAABE_NO_PEARSON,1.143752098083496,0.08974393457174301,0.07869300246238708,,0.0,,,,0.05490294471383095,0.11139807105064392,0.12606891989707947,0.1629321575164795,0.27360743284225464,0.0,0.001758114667609334,0.08132782578468323,0.019567640498280525,,,,,,,,,,,,,,,,,,,,,,,,,,,,,,,,,,,,,,,,,,,,,,,,,,,,,,,,,,,,,,,,,,,,,,,,
China,5,FAABE_NO_IWM,1.2799768447875977,0.22524376213550568,0.0,,0.07202060520648956,,,,0.0,0.07931146770715714,0.28205424547195435,0.0,,,,0.09495162218809128,0.24641834199428558,,,,,,,,,,,,,,,,,,,,,,,,,,,,,,,,,,,,,,,,,,,,,,,,,,,,,,,,,,,,,,,,,,,,,,,,
China,5,FAABE_FULL,1.2767682075500488,0.1635076403617859,0.09150727093219757,,0.1028381958603859,,,,0.03710934892296791,0.026504259556531906,0.2228391021490097,0.0036860064137727022,,,,0.04941882565617561,0.30258938670158386,,,,,,,,,,,,,,,,,,,,,,,,,,,,,,,,,,,,,,,,,,,,,,,,,,,,,,,,,,,,,,,,,,,,,,,,
China,6,ABE_BASE,,0.0833333358168602,0.0833333358168602,,0.0833333358168602,,,,0.0833333358168602,0.0833333358168602,0.0833333358168602,0.0833333358168602,0.0833333358168602,0.0833333358168602,0.0833333358168602,0.0833333358168602,0.0833333358168602,,,,,,,,,,,,,,,,,,,,,,,,,,,,,,,,,,,,,,,,,,,,,,,,,,,,,,,,,,,,,,,,,,,,,,,,
China,6,FAABE_NO_FIREFLY,,0.10000000149011612,0.10000000149011612,,0.10000000149011612,,,,0.10000000149011612,0.10000000149011612,0.10000000149011612,0.10000000149011612,,,0.10000000149011612,0.10000000149011612,0.10000000149011612,,,,,,,,,,,,,,,,,,,,,,,,,,,,,,,,,,,,,,,,,,,,,,,,,,,,,,,,,,,,,,,,,,,,,,,,
China,6,FAABE_NO_PEARSON,1.0873430967330933,0.0,0.09707310795783997,,0.0,,,,0.0,0.0757080465555191,0.13017301261425018,0.29964175820350647,0.05324717238545418,0.12854623794555664,0.0,0.12367355823516846,0.09193714708089828,,,,,,,,,,,,,,,,,,,,,,,,,,,,,,,,,,,,,,,,,,,,,,,,,,,,,,,,,,,,,,,,,,,,,,,,
China,6,FAABE_NO_IWM,1.1152809858322144,0.11702263355255127,0.0,,0.098326176404953,,,,0.05492663010954857,0.06768706440925598,0.13013093173503876,0.02750488556921482,,,0.008625414222478867,0.2752809226512909,0.22049540281295776,,,,,,,,,,,,,,,,,,,,,,,,,,,,,,,,,,,,,,,,,,,,,,,,,,,,,,,,,,,,,,,,,,,,,,,,
China,6,FAABE_FULL,1.1061421632766724,0.17166613042354584,0.0,,0.08370146155357361,,,,0.0,0.07360362261533737,0.19388294219970703,0.07328278571367264,,,0.0,0.23996120691299438,0.1639018952846527,,,,,,,,,,,,,,,,,,,,,,,,,,,,,,,,,,,,,,,,,,,,,,,,,,,,,,,,,,,,,,,,,,,,,,,,
China,7,ABE_BASE,,0.0833333358168602,0.0833333358168602,,0.0833333358168602,,,,0.0833333358168602,0.0833333358168602,0.0833333358168602,0.0833333358168602,0.0833333358168602,0.0833333358168602,0.0833333358168602,0.0833333358168602,0.0833333358168602,,,,,,,,,,,,,,,,,,,,,,,,,,,,,,,,,,,,,,,,,,,,,,,,,,,,,,,,,,,,,,,,,,,,,,,,
China,7,FAABE_NO_FIREFLY,,0.1111111119389534,0.1111111119389534,,0.1111111119389534,,,,0.1111111119389534,0.1111111119389534,0.1111111119389534,0.1111111119389534,,,,0.1111111119389534,0.1111111119389534,,,,,,,,,,,,,,,,,,,,,,,,,,,,,,,,,,,,,,,,,,,,,,,,,,,,,,,,,,,,,,,,,,,,,,,,
China,7,FAABE_NO_PEARSON,1.115760087966919,0.0,0.09437653422355652,,0.04328291118144989,,,,0.0,0.028601622208952904,0.06727663427591324,0.06866032630205154,0.18185113370418549,0.09432508796453476,0.04371047019958496,0.2859671115875244,0.09194812178611755,,,,,,,,,,,,,,,,,,,,,,,,,,,,,,,,,,,,,,,,,,,,,,,,,,,,,,,,,,,,,,,,,,,,,,,,
China,7,FAABE_NO_IWM,1.11555016040802,0.005311320070177317,0.2882341146469116,,0.06032256782054901,,,,0.029573140665888786,0.07723492383956909,0.08548247069120407,0.0,,,,0.2534603774547577,0.2003810703754425,,,,,,,,,,,,,,,,,,,,,,,,,,,,,,,,,,,,,,,,,,,,,,,,,,,,,,,,,,,,,,,,,,,,,,,,
China,7,FAABE_FULL,1.110065221786499,0.0,0.16434913873672485,,0.10103601962327957,,,,0.07221757620573044,0.0456407368183136,0.21547473967075348,0.0,,,,0.20514746010303497,0.19613432884216309,,,,,,,,,,,,,,,,,,,,,,,,,,,,,,,,,,,,,,,,,,,,,,,,,,,,,,,,,,,,,,,,,,,,,,,,
China,8,ABE_BASE,,0.0833333358168602,0.0833333358168602,,0.0833333358168602,,,,0.0833333358168602,0.0833333358168602,0.0833333358168602,0.0833333358168602,0.0833333358168602,0.0833333358168602,0.0833333358168602,0.0833333358168602,0.0833333358168602,,,,,,,,,,,,,,,,,,,,,,,,,,,,,,,,,,,,,,,,,,,,,,,,,,,,,,,,,,,,,,,,,,,,,,,,
China,8,FAABE_NO_FIREFLY,,0.1111111119389534,0.1111111119389534,,0.1111111119389534,,,,0.1111111119389534,0.1111111119389534,0.1111111119389534,0.1111111119389534,,,,0.1111111119389534,0.1111111119389534,,,,,,,,,,,,,,,,,,,,,,,,,,,,,,,,,,,,,,,,,,,,,,,,,,,,,,,,,,,,,,,,,,,,,,,,
China,8,FAABE_NO_PEARSON,1.2163376808166504,0.1594211906194687,0.030750000849366188,,0.0,,,,0.004062718711793423,0.12304385006427765,0.030428320169448853,0.2499917447566986,0.04602406173944473,0.20793364942073822,0.013261916115880013,0.04089106246829033,0.09419151395559311,,,,,,,,,,,,,,,,,,,,,,,,,,,,,,,,,,,,,,,,,,,,,,,,,,,,,,,,,,,,,,,,,,,,,,,,
China,8,FAABE_NO_IWM,1.212104082107544,0.0,0.0665210485458374,,0.059839602559804916,,,,0.18721160292625427,0.045385610312223434,0.0,0.16598327457904816,,,,0.14433711767196655,0.33072173595428467,,,,,,,,,,,,,,,,,,,,,,,,,,,,,,,,,,,,,,,,,,,,,,,,,,,,,,,,,,,,,,,,,,,,,,,,
China,8,FAABE_FULL,1.233575701713562,0.18038912117481232,0.060989271849393845,,0.0413806177675724,,,,0.04181341454386711,0.030042201280593872,0.21571841835975647,0.052494436502456665,,,,0.033684730529785156,0.34348782896995544,,,,,,,,,,,,,,,,,,,,,,,,,,,,,,,,,,,,,,,,,,,,,,,,,,,,,,,,,,,,,,,,,,,,,,,,
China,9,ABE_BASE,,0.0833333358168602,0.0833333358168602,,0.0833333358168602,,,,0.0833333358168602,0.0833333358168602,0.0833333358168602,0.0833333358168602,0.0833333358168602,0.0833333358168602,0.0833333358168602,0.0833333358168602,0.0833333358168602,,,,,,,,,,,,,,,,,,,,,,,,,,,,,,,,,,,,,,,,,,,,,,,,,,,,,,,,,,,,,,,,,,,,,,,,
China,9,FAABE_NO_FIREFLY,,0.1111111119389534,0.1111111119389534,,0.1111111119389534,,,,0.1111111119389534,0.1111111119389534,0.1111111119389534,0.1111111119389534,,,,0.1111111119389534,0.1111111119389534,,,,,,,,,,,,,,,,,,,,,,,,,,,,,,,,,,,,,,,,,,,,,,,,,,,,,,,,,,,,,,,,,,,,,,,,
China,9,FAABE_NO_PEARSON,1.2278555631637573,0.06241047382354736,0.0,,0.13189677894115448,,,,0.042570117861032486,0.059569887816905975,0.03791283443570137,0.528596818447113,0.01671159826219082,0.05695335194468498,0.020108239725232124,0.038894422352313995,0.004375480581074953,,,,,,,,,,,,,,,,,,,,,,,,,,,,,,,,,,,,,,,,,,,,,,,,,,,,,,,,,,,,,,,,,,,,,,,,
China,9,FAABE_NO_IWM,1.2379083633422852,0.10451100021600723,0.0,,0.22774682939052582,,,,0.0,0.03786792978644371,0.19851630926132202,0.006986367516219616,,,,0.20401380956172943,0.22035779058933258,,,,,,,,,,,,,,,,,,,,,,,,,,,,,,,,,,,,,,,,,,,,,,,,,,,,,,,,,,,,,,,,,,,,,,,,
China,9,FAABE_FULL,1.2597558498382568,0.0,0.09410358965396881,,0.10913041979074478,,,,0.0194381196051836,0.05032401159405708,0.27744367718696594,0.09255211055278778,,,,0.12099635601043701,0.23601168394088745,,,,,,,,,,,,,,,,,,,,,,,,,,,,,,,,,,,,,,,,,,,,,,,,,,,,,,,,,,,,,,,,,,,,,,,,
China,10,ABE_BASE,,0.0833333358168602,0.0833333358168602,,0.0833333358168602,,,,0.0833333358168602,0.0833333358168602,0.0833333358168602,0.0833333358168602,0.0833333358168602,0.0833333358168602,0.0833333358168602,0.0833333358168602,0.0833333358168602,,,,,,,,,,,,,,,,,,,,,,,,,,,,,,,,,,,,,,,,,,,,,,,,,,,,,,,,,,,,,,,,,,,,,,,,
China,10,FAABE_NO_FIREFLY,,0.1111111119389534,0.1111111119389534,,0.1111111119389534,,,,0.1111111119389534,0.1111111119389534,0.1111111119389534,0.1111111119389534,,,,0.1111111119389534,0.1111111119389534,,,,,,,,,,,,,,,,,,,,,,,,,,,,,,,,,,,,,,,,,,,,,,,,,,,,,,,,,,,,,,,,,,,,,,,,
China,10,FAABE_NO_PEARSON,1.2140538692474365,0.07174564152956009,0.03806319460272789,,0.0,,,,0.02546863444149494,0.05664398521184921,0.16829052567481995,0.061534006148576736,0.1330040991306305,0.18570026755332947,0.0,0.21328051388263702,0.04626919701695442,,,,,,,,,,,,,,,,,,,,,,,,,,,,,,,,,,,,,,,,,,,,,,,,,,,,,,,,,,,,,,,,,,,,,,,,
China,10,FAABE_NO_IWM,1.2300057411193848,0.048012133687734604,0.2594054639339447,,0.0,,,,0.005178918596357107,0.06117348372936249,0.06459765136241913,0.19083812832832336,,,,0.08636238425970078,0.2844318747520447,,,,,,,,,,,,,,,,,,,,,,,,,,,,,,,,,,,,,,,,,,,,,,,,,,,,,,,,,,,,,,,,,,,,,,,,
China,10,FAABE_FULL,1.2488048076629639,0.12187418341636658,0.1285555511713028,,0.11559164524078369,,,,0.023338040336966515,0.04344935342669487,0.043853968381881714,0.0728638619184494,,,,0.097068190574646,0.3534051775932312,,,,,,,,,,,,,,,,,,,,,,,,,,,,,,,,,,,,,,,,,,,,,,,,,,,,,,,,,,,,,,,,,,,,,,,,
COCOMO81,1,ABE_BASE,,,,,,,,,,,,,,,,,,0.0625,0.0625,0.0625,0.0625,0.0625,0.0625,0.0625,0.0625,0.0625,0.0625,0.0625,0.0625,0.0625,0.0625,0.0625,0.0625,,,,,,,,,,,,,,,,,,,,,,,,,,,,,,,,,,,,,,,,,,,,,,,,,,,,,,,,
COCOMO81,1,FAABE_NO_FIREFLY,,,,,,,,,,,,,,,,,,,0.3333333432674408,,,,,,,,,,,0.3333333432674408,,,0.3333333432674408,,,,,,,,,,,,,,,,,,,,,,,,,,,,,,,,,,,,,,,,,,,,,,,,,,,,,,,,
COCOMO81,1,FAABE_NO_PEARSON,0.950944721698761,,,,,,,,,,,,,,,,,0.0,0.07649664580821991,0.0,0.1261516958475113,0.06897904723882675,0.09440387785434723,0.015953445807099342,0.0,0.0344955176115036,0.0,0.06733808666467667,0.050916679203510284,0.0,0.0,0.06978440284729004,0.39548057317733765,,,,,,,,,,,,,,,,,,,,,,,,,,,,,,,,,,,,,,,,,,,,,,,,,,,,,,,,
COCOMO81,1,FAABE_NO_IWM,1.4324796199798584,,,,,,,,,,,,,,,,,,0.6617878675460815,,,,,,,,,,,0.02307908795773983,,,0.31513312458992004,,,,,,,,,,,,,,,,,,,,,,,,,,,,,,,,,,,,,,,,,,,,,,,,,,,,,,,,
COCOMO81,1,FAABE_FULL,1.6323328018188477,,,,,,,,,,,,,,,,,,0.0016876988811418414,,,,,,,,,,,0.9568702578544617,,,0.041442058980464935,,,,,,,,,,,,,,,,,,,,,,,,,,,,,,,,,,,,,,,,,,,,,,,,,,,,,,,,
COCOMO81,2,ABE_BASE,,,,,,,,,,,,,,,,,,0.0625,0.0625,0.0625,0.0625,0.0625,0.0625,0.0625,0.0625,0.0625,0.0625,0.0625,0.0625,0.0625,0.0625,0.0625,0.0625,,,,,,,,,,,,,,,,,,,,,,,,,,,,,,,,,,,,,,,,,,,,,,,,,,,,,,,,
COCOMO81,2,FAABE_NO_FIREFLY,,,,,,,,,,,,,,,,,,,0.3333333432674408,,,,,,,,,,,0.3333333432674408,,,0.3333333432674408,,,,,,,,,,,,,,,,,,,,,,,,,,,,,,,,,,,,,,,,,,,,,,,,,,,,,,,,
COCOMO81,2,FAABE_NO_PEARSON,0.9578884243965149,,,,,,,,,,,,,,,,,0.021326685324311256,0.06328637897968292,0.077998086810112,0.23931081593036652,0.03601205348968506,0.0,0.08844029903411865,0.008673610165715218,0.0,0.10472673922777176,0.0,0.0,0.07226704806089401,0.03996971249580383,0.0,0.24798862636089325,,,,,,,,,,,,,,,,,,,,,,,,,,,,,,,,,,,,,,,,,,,,,,,,,,,,,,,,
COCOMO81,2,FAABE_NO_IWM,1.5728834867477417,,,,,,,,,,,,,,,,,,0.5727553367614746,,,,,,,,,,,0.013619204983115196,,,0.4136255085468292,,,,,,,,,,,,,,,,,,,,,,,,,,,,,,,,,,,,,,,,,,,,,,,,,,,,,,,,
COCOMO81,2,FAABE_FULL,1.9945597648620605,,,,,,,,,,,,,,,,,,0.0015722491079941392,,,,,,,,,,,0.846392035484314,,,0.15203575789928436,,,,,,,,,,,,,,,,,,,,,,,,,,,,,,,,,,,,,,,,,,,,,,,,,,,,,,,,
COCOMO81,3,ABE_BASE,,,,,,,,,,,,,,,,,,0.0625,0.0625,0.0625,0.0625,0.0625,0.0625,0.0625,0.0625,0.0625,0.0625,0.0625,0.0625,0.0625,0.0625,0.0625,0.0625,,,,,,,,,,,,,,,,,,,,,,,,,,,,,,,,,,,,,,,,,,,,,,,,,,,,,,,,
COCOMO81,3,FAABE_NO_FIREFLY,,,,,,,,,,,,,,,,,,,0.3333333432674408,,,,,,,,0.3333333432674408,,,,,,0.3333333432674408,,,,,,,,,,,,,,,,,,,,,,,,,,,,,,,,,,,,,,,,,,,,,,,,,,,,,,,,
COCOMO81,3,FAABE_NO_PEARSON,1.0451273918151855,,,,,,,,,,,,,,,,,0.01690101996064186,0.11131780594587326,0.0,0.17315484583377838,0.17504076659679413,0.0027371812611818314,0.02903142385184765,0.0,0.0,0.0,0.0,0.060471970587968826,0.01907631941139698,0.01379366684705019,0.014299836941063404,0.3841751515865326,,,,,,,,,,,,,,,,,,,,,,,,,,,,,,,,,,,,,,,,,,,,,,,,,,,,,,,,
COCOMO81,3,FAABE_NO_IWM,1.457000732421875,,,,,,,,,,,,,,,,,,0.16166521608829498,,,,,,,,0.1691795438528061,,,,,,0.6691552400588989,,,,,,,,,,,,,,,,,,,,,,,,,,,,,,,,,,,,,,,,,,,,,,,,,,,,,,,,
COCOMO81,3,FAABE_FULL,1.3726187944412231,,,,,,,,,,,,,,,,,,0.1751014143228531,,,,,,,,0.18712885677814484,,,,,,0.6377697587013245,,,,,,,,,,,,,,,,,,,,,,,,,,,,,,,,,,,,,,,,,,,,,,,,,,,,,,,,
COCOMO81,4,ABE_BASE,,,,,,,,,,,,,,,,,,0.0625,0.0625,0.0625,0.0625,0.0625,0.0625,0.0625,0.0625,0.0625,0.0625,0.0625,0.0625,0.0625,0.0625,0.0625,0.0625,,,,,,,,,,,,,,,,,,,,,,,,,,,,,,,,,,,,,,,,,,,,,,,,,,,,,,,,
COCOMO81,4,FAABE_NO_FIREFLY,,,,,,,,,,,,,,,,,,,0.5,,,,,,,,,,,,,,0.5,,,,,,,,,,,,,,,,,,,,,,,,,,,,,,,,,,,,,,,,,,,,,,,,,,,,,,,,
COCOMO81,4,FAABE_NO_PEARSON,1.0031249523162842,,,,,,,,,,,,,,,,,0.06598309427499771,0.06811293214559555,0.0,0.27594447135925293,0.08620492368936539,0.0607251301407814,0.0,0.0,0.0,0.0,0.04174269363284111,0.09431836754083633,0.0493636280298233,0.0,0.0,0.25760483741760254,,,,,,,,,,,,,,,,,,,,,,,,,,,,,,,,,,,,,,,,,,,,,,,,,,,,,,,,
COCOMO81,4,FAABE_NO_IWM,1.4881881475448608,,,,,,,,,,,,,,,,,,0.5692909955978394,,,,,,,,,,,,,,0.43070897459983826,,,,,,,,,,,,,,,,,,,,,,,,,,,,,,,,,,,,,,,,,,,,,,,,,,,,,,,,
COCOMO81,4,FAABE_FULL,1.4601988792419434,,,,,,,,,,,,,,,,,,0.4237716794013977,,,,,,,,,,,,,,0.5762283205986023,,,,,,,,,,,,,,,,,,,,,,,,,,,,,,,,,,,,,,,,,,,,,,,,,,,,,,,,
COCOMO81,5,ABE_BASE,,,,,,,,,,,,,,,,,,0.0625,0.0625,0.0625,0.0625,0.0625,0.0625,0.0625,0.0625,0.0625,0.0625,0.0625,0.0625,0.0625,0.0625,0.0625,0.0625,,,,,,,,,,,,,,,,,,,,,,,,,,,,,,,,,,,,,,,,,,,,,,,,,,,,,,,,
COCOMO81,5,FAABE_NO_FIREFLY,,,,,,,,,,,,,,,,,,,0.3333333432674408,,,,,,,,,,,0.3333333432674408,,,0.3333333432674408,,,,,,,,,,,,,,,,,,,,,,,,,,,,,,,,,,,,,,,,,,,,,,,,,,,,,,,,
COCOMO81,5,FAABE_NO_PEARSON,1.1583725214004517,,,,,,,,,,,,,,,,,0.0,0.055864784866571426,0.0,0.24166631698608398,0.051282551139593124,0.0,0.14128084480762482,0.0,0.007243459578603506,0.08288968354463577,0.10209923982620239,0.0,0.0,0.0,0.0,0.3176731765270233,,,,,,,,,,,,,,,,,,,,,,,,,,,,,,,,,,,,,,,,,,,,,,,,,,,,,,,,
COCOMO81,5,FAABE_NO_IWM,1.1884634494781494,,,,,,,,,,,,,,,,,,0.2605281174182892,,,,,,,,,,,0.0042224302887916565,,,0.7352494597434998,,,,,,,,,,,,,,,,,,,,,,,,,,,,,,,,,,,,,,,,,,,,,,,,,,,,,,,,
COCOMO81,5,FAABE_FULL,1.2998909950256348,,,,,,,,,,,,,,,,,,0.2740737497806549,,,,,,,,,,,0.004160856828093529,,,0.7217653393745422,,,,,,,,,,,,,,,,,,,,,,,,,,,,,,,,,,,,,,,,,,,,,,,,,,,,,,,,
COCOMO81,6,ABE_BASE,,,,,,,,,,,,,,,,,,0.0625,0.0625,0.0625,0.0625,0.0625,0.0625,0.0625,0.0625,0.0625,0.0625,0.0625,0.0625,0.0625,0.0625,0.0625,0.0625,,,,,,,,,,,,,,,,,,,,,,,,,,,,,,,,,,,,,,,,,,,,,,,,,,,,,,,,
COCOMO81,6,FAABE_NO_FIREFLY,,,,,,,,,,,,,,,,,,,0.3333333432674408,,,,,,,,,,,0.3333333432674408,,,0.3333333432674408,,,,,,,,,,,,,,,,,,,,,,,,,,,,,,,,,,,,,,,,,,,,,,,,,,,,,,,,
COCOMO81,6,FAABE_NO_PEARSON,1.0723681449890137,,,,,,,,,,,,,,,,,0.06347502022981644,0.04704703763127327,0.10606850683689117,0.2902192175388336,0.04005562141537666,0.0,0.03568463400006294,0.0,0.005262534134089947,0.0,0.06416648626327515,0.0,0.08297436684370041,0.041279908269643784,0.0,0.22376659512519836,,,,,,,,,,,,,,,,,,,,,,,,,,,,,,,,,,,,,,,,,,,,,,,,,,,,,,,,
COCOMO81,6,FAABE_NO_IWM,1.4078716039657593,,,,,,,,,,,,,,,,,,0.01131860539317131,,,,,,,,,,,0.5153079032897949,,,0.47337353229522705,,,,,,,,,,,,,,,,,,,,,,,,,,,,,,,,,,,,,,,,,,,,,,,,,,,,,,,,
COCOMO81,6,FAABE_FULL,1.318748116493225,,,,,,,,,,,,,,,,,,0.5688686370849609,,,,,,,,,,,0.015310353599488735,,,0.4158209264278412,,,,,,,,,,,,,,,,,,,,,,,,,,,,,,,,,,,,,,,,,,,,,,,,,,,,,,,,
COCOMO81,7,ABE_BASE,,,,,,,,,,,,,,,,,,0.0625,0.0625,0.0625,0.0625,0.0625,0.0625,0.0625,0.0625,0.0625,0.0625,0.0625,0.0625,0.0625,0.0625,0.0625,0.0625,,,,,,,,,,,,,,,,,,,,,,,,,,,,,,,,,,,,,,,,,,,,,,,,,,,,,,,,
COCOMO81,7,FAABE_NO_FIREFLY,,,,,,,,,,,,,,,,,,,0.3333333432674408,,,,,,,,,,,0.3333333432674408,,,0.3333333432674408,,,,,,,,,,,,,,,,,,,,,,,,,,,,,,,,,,,,,,,,,,,,,,,,,,,,,,,,
COCOMO81,7,FAABE_NO_PEARSON,1.189692735671997,,,,,,,,,,,,,,,,,0.014337610453367233,0.1013292595744133,0.050315164029598236,0.23799362778663635,0.08828923106193542,0.0,0.01293839979916811,0.020566066727042198,0.050666168332099915,0.0,0.032642461359500885,0.0,0.12422242015600204,0.0,0.0,0.2666996121406555,,,,,,,,,,,,,,,,,,,,,,,,,,,,,,,,,,,,,,,,,,,,,,,,,,,,,,,,
COCOMO81,7,FAABE_NO_IWM,1.3890869617462158,,,,,,,,,,,,,,,,,,0.6069272756576538,,,,,,,,,,,0.004465253092348576,,,0.3886074423789978,,,,,,,,,,,,,,,,,,,,,,,,,,,,,,,,,,,,,,,,,,,,,,,,,,,,,,,,
COCOMO81,7,FAABE_FULL,1.5169026851654053,,,,,,,,,,,,,,,,,,0.5519750118255615,,,,,,,,,,,0.003672961378470063,,,0.44435203075408936,,,,,,,,,,,,,,,,,,,,,,,,,,,,,,,,,,,,,,,,,,,,,,,,,,,,,,,,
COCOMO81,8,ABE_BASE,,,,,,,,,,,,,,,,,,0.0625,0.0625,0.0625,0.0625,0.0625,0.0625,0.0625,0.0625,0.0625,0.0625,0.0625,0.0625,0.0625,0.0625,0.0625,0.0625,,,,,,,,,,,,,,,,,,,,,,,,,,,,,,,,,,,,,,,,,,,,,,,,,,,,,,,,
COCOMO81,8,FAABE_NO_FIREFLY,,,,,,,,,,,,,,,,,,,0.3333333432674408,,,,,,,,,,,0.3333333432674408,,,0.3333333432674408,,,,,,,,,,,,,,,,,,,,,,,,,,,,,,,,,,,,,,,,,,,,,,,,,,,,,,,,
COCOMO81,8,FAABE_NO_PEARSON,1.055552363395691,,,,,,,,,,,,,,,,,0.05755610391497612,0.0968308076262474,0.007118612062186003,0.3157352805137634,0.0966278612613678,0.0,0.02053035795688629,0.01875479519367218,0.0,0.011496578343212605,0.0,1.9278935724287294e-05,0.09944846481084824,0.0,0.0,0.2758818566799164,,,,,,,,,,,,,,,,,,,,,,,,,,,,,,,,,,,,,,,,,,,,,,,,,,,,,,,,
COCOMO81,8,FAABE_NO_IWM,1.3900529146194458,,,,,,,,,,,,,,,,,,0.5476505160331726,,,,,,,,,,,0.003971985075622797,,,0.4483775496482849,,,,,,,,,,,,,,,,,,,,,,,,,,,,,,,,,,,,,,,,,,,,,,,,,,,,,,,,
COCOMO81,8,FAABE_FULL,1.4627853631973267,,,,,,,,,,,,,,,,,,0.13439583778381348,,,,,,,,,,,0.007283447775989771,,,0.8583207130432129,,,,,,,,,,,,,,,,,,,,,,,,,,,,,,,,,,,,,,,,,,,,,,,,,,,,,,,,
COCOMO81,9,ABE_BASE,,,,,,,,,,,,,,,,,,0.0625,0.0625,0.0625,0.0625,0.0625,0.0625,0.0625,0.0625,0.0625,0.0625,0.0625,0.0625,0.0625,0.0625,0.0625,0.0625,,,,,,,,,,,,,,,,,,,,,,,,,,,,,,,,,,,,,,,,,,,,,,,,,,,,,,,,
COCOMO81,9,FAABE_NO_FIREFLY,,,,,,,,,,,,,,,,,,,0.25,,,,,0.25,,,,,,0.25,,,0.25,,,,,,,,,,,,,,,,,,,,,,,,,,,,,,,,,,,,,,,,,,,,,,,,,,,,,,,,
COCOMO81,9,FAABE_NO_PEARSON,0.9890024662017822,,,,,,,,,,,,,,,,,0.0,0.03689435124397278,0.07251634448766708,0.09385209530591965,0.0172598697245121,0.0,0.06830023229122162,0.0,0.20237314701080322,0.0,0.06615780293941498,0.07354321330785751,0.0,0.04387699067592621,0.11880284547805786,0.20642314851284027,,,,,,,,,,,,,,,,,,,,,,,,,,,,,,,,,,,,,,,,,,,,,,,,,,,,,,,,
COCOMO81,9,FAABE_NO_IWM,1.3043887615203857,,,,,,,,,,,,,,,,,,0.0141457449644804,,,,,0.364088773727417,,,,,,0.06730012595653534,,,0.5544654130935669,,,,,,,,,,,,,,,,,,,,,,,,,,,,,,,,,,,,,,,,,,,,,,,,,,,,,,,,
COCOMO81,9,FAABE_FULL,1.2384177446365356,,,,,,,,,,,,,,,,,,0.0036171458195894957,,,,,0.7758796811103821,,,,,,0.019895056262612343,,,0.20060813426971436,,,,,,,,,,,,,,,,,,,,,,,,,,,,,,,,,,,,,,,,,,,,,,,,,,,,,,,,
COCOMO81,10,ABE_BASE,,,,,,,,,,,,,,,,,,0.0625,0.0625,0.0625,0.0625,0.0625,0.0625,0.0625,0.0625,0.0625,0.0625,0.0625,0.0625,0.0625,0.0625,0.0625,0.0625,,,,,,,,,,,,,,,,,,,,,,,,,,,,,,,,,,,,,,,,,,,,,,,,,,,,,,,,
COCOMO81,10,FAABE_NO_FIREFLY,,,,,,,,,,,,,,,,,,,0.3333333432674408,,,,,,,,,,,0.3333333432674408,,,0.3333333432674408,,,,,,,,,,,,,,,,,,,,,,,,,,,,,,,,,,,,,,,,,,,,,,,,,,,,,,,,
COCOMO81,10,FAABE_NO_PEARSON,1.099692702293396,,,,,,,,,,,,,,,,,0.03418910130858421,0.09003781527280807,0.0,0.25111857056617737,0.1733996719121933,0.006013044156134129,0.0,0.02360341139137745,0.0,0.04694793000817299,0.010662315413355827,0.03394624590873718,0.0,0.0,0.016162298619747162,0.3139195740222931,,,,,,,,,,,,,,,,,,,,,,,,,,,,,,,,,,,,,,,,,,,,,,,,,,,,,,,,
COCOMO81,10,FAABE_NO_IWM,1.3351866006851196,,,,,,,,,,,,,,,,,,0.6266366243362427,,,,,,,,,,,0.014082481153309345,,,0.35928088426589966,,,,,,,,,,,,,,,,,,,,,,,,,,,,,,,,,,,,,,,,,,,,,,,,,,,,,,,,
COCOMO81,10,FAABE_FULL,1.6048208475112915,,,,,,,,,,,,,,,,,,0.0008498699753545225,,,,,,,,,,,0.9641776084899902,,,0.03497253730893135,,,,,,,,,,,,,,,,,,,,,,,,,,,,,,,,,,,,,,,,,,,,,,,,,,,,,,,,
Desharnais,1,ABE_BASE,,,,,,,,,,,,,,,,,,,,,,,,,,,,,,,,,,0.10000000149011612,0.10000000149011612,0.10000000149011612,0.10000000149011612,0.10000000149011612,0.10000000149011612,0.10000000149011612,0.10000000149011612,0.10000000149011612,0.10000000149011612,,,,,,,,,,,,,,,,,,,,,,,,,,,,,,,,,,,,,,,,,,,,,,
Desharnais,1,FAABE_NO_FIREFLY,,,,,,,,,,,,,,,,,,,,,,,,,,,,,,,,,,,,,0.1666666716337204,0.1666666716337204,0.1666666716337204,0.1666666716337204,0.1666666716337204,0.1666666716337204,,,,,,,,,,,,,,,,,,,,,,,,,,,,,,,,,,,,,,,,,,,,,,,
Desharnais,1,FAABE_NO_PEARSON,0.38632693886756897,,,,,,,,,,,,,,,,,,,,,,,,,,,,,,,,,0.0669027790427208,0.0,0.03131565451622009,0.17866766452789307,0.15778133273124695,0.0,0.0,0.10582809150218964,0.11105213314294815,0.3484523594379425,,,,,,,,,,,,,,,,,,,,,,,,,,,,,,,,,,,,,,,,,,,,,,
Desharnais,1,FAABE_NO_IWM,0.5512500405311584,,,,,,,,,,,,,,,,,,,,,,,,,,,,,,,,,,,,0.15941260755062103,0.21013592183589935,0.03134564310312271,0.21896708011627197,0.027142422273755074,0.3529963195323944,,,,,,,,,,,,,,,,,,,,,,,,,,,,,,,,,,,,,,,,,,,,,,,
Desharnais,1,FAABE_FULL,0.5548564195632935,,,,,,,,,,,,,,,,,,,,,,,,,,,,,,,,,,,,0.17375478148460388,0.219948410987854,0.033818569034338,0.15433230996131897,0.0158220361918211,0.402323842048645,,,,,,,,,,,,,,,,,,,,,,,,,,,,,,,,,,,,,,,,,,,,,,,
Desharnais,2,ABE_BASE,,,,,,,,,,,,,,,,,,,,,,,,,,,,,,,,,,0.10000000149011612,0.10000000149011612,0.10000000149011612,0.10000000149011612,0.10000000149011612,0.10000000149011612,0.10000000149011612,0.10000000149011612,0.10000000149011612,0.10000000149011612,,,,,,,,,,,,,,,,,,,,,,,,,,,,,,,,,,,,,,,,,,,,,,
Desharnais,2,FAABE_NO_FIREFLY,,,,,,,,,,,,,,,,,,,,,,,,,,,,,,,,,,,,,0.1666666716337204,0.1666666716337204,0.1666666716337204,0.1666666716337204,0.1666666716337204,0.1666666716337204,,,,,,,,,,,,,,,,,,,,,,,,,,,,,,,,,,,,,,,,,,,,,,,
Desharnais,2,FAABE_NO_PEARSON,0.33352917432785034,,,,,,,,,,,,,,,,,,,,,,,,,,,,,,,,,0.02428297884762287,0.022281648591160774,0.02416553534567356,0.0,0.0,0.0,0.0027324873954057693,0.041024066507816315,0.48979586362838745,0.39571744203567505,,,,,,,,,,,,,,,,,,,,,,,,,,,,,,,,,,,,,,,,,,,,,,
Desharnais,2,FAABE_NO_IWM,0.5332713723182678,,,,,,,,,,,,,,,,,,,,,,,,,,,,,,,,,,,,0.5225107073783875,0.21078278124332428,0.08744567632675171,0.12835949659347534,0.0,0.0509013794362545,,,,,,,,,,,,,,,,,,,,,,,,,,,,,,,,,,,,,,,,,,,,,,,
Desharnais,2,FAABE_FULL,0.5512160062789917,,,,,,,,,,,,,,,,,,,,,,,,,,,,,,,,,,,,0.3229745030403137,0.2259826809167862,0.018982058390975,0.03171953558921814,0.0095826406031847,0.3907585144042969,,,,,,,,,,,,,,,,,,,,,,,,,,,,,,,,,,,,,,,,,,,,,,,
Desharnais,3,ABE_BASE,,,,,,,,,,,,,,,,,,,,,,,,,,,,,,,,,,0.10000000149011612,0.10000000149011612,0.10000000149011612,0.10000000149011612,0.10000000149011612,0.10000000149011612,0.10000000149011612,0.10000000149011612,0.10000000149011612,0.10000000149011612,,,,,,,,,,,,,,,,,,,,,,,,,,,,,,,,,,,,,,,,,,,,,,
Desharnais,3,FAABE_NO_FIREFLY,,,,,,,,,,,,,,,,,,,,,,,,,,,,,,,,,,,,,0.1666666716337204,0.1666666716337204,0.1666666716337204,0.1666666716337204,0.1666666716337204,0.1666666716337204,,,,,,,,,,,,,,,,,,,,,,,,,,,,,,,,,,,,,,,,,,,,,,,
Desharnais,3,FAABE_NO_PEARSON,0.35227468609809875,,,,,,,,,,,,,,,,,,,,,,,,,,,,,,,,,0.028126079589128494,0.0,0.0,0.08768430352210999,0.07523956149816513,0.050714872777462006,0.0,0.12125401943922043,0.3176780045032501,0.3193032145500183,,,,,,,,,,,,,,,,,,,,,,,,,,,,,,,,,,,,,,,,,,,,,,
Desharnais,3,FAABE_NO_IWM,0.5504108667373657,,,,,,,,,,,,,,,,,,,,,,,,,,,,,,,,,,,,0.24998587369918823,0.0,0.4830031096935272,0.07110379636287689,0.15396465361118317,0.04194256663322449,,,,,,,,,,,,,,,,,,,,,,,,,,,,,,,,,,,,,,,,,,,,,,,
Desharnais,3,FAABE_FULL,0.5405177474021912,,,,,,,,,,,,,,,,,,,,,,,,,,,,,,,,,,,,0.27268335223197937,0.14169622957706451,0.08606515824794769,0.0,0.4995552599430084,0.0,,,,,,,,,,,,,,,,,,,,,,,,,,,,,,,,,,,,,,,,,,,,,,,
Desharnais,4,ABE_BASE,,,,,,,,,,,,,,,,,,,,,,,,,,,,,,,,,,0.10000000149011612,0.10000000149011612,0.10000000149011612,0.10000000149011612,0.10000000149011612,0.10000000149011612,0.10000000149011612,0.10000000149011612,0.10000000149011612,0.10000000149011612,,,,,,,,,,,,,,,,,,,,,,,,,,,,,,,,,,,,,,,,,,,,,,
Desharnais,4,FAABE_NO_FIREFLY,,,,,,,,,,,,,,,,,,,,,,,,,,,,,,,,,,,,,0.1428571492433548,0.1428571492433548,0.1428571492433548,0.1428571492433548,0.1428571492433548,0.1428571492433548,0.1428571492433548,,,,,,,,,,,,,,,,,,,,,,,,,,,,,,,,,,,,,,,,,,,,,,
Desharnais,4,FAABE_NO_PEARSON,0.32069796323776245,,,,,,,,,,,,,,,,,,,,,,,,,,,,,,,,,0.017757587134838104,0.05174482986330986,0.0,7.372368418145925e-05,0.0,0.0,0.00171089346986264,0.05476125329732895,0.40817591547966003,0.4657757878303528,,,,,,,,,,,,,,,,,,,,,,,,,,,,,,,,,,,,,,,,,,,,,,
Desharnais,4,FAABE_NO_IWM,0.32826897501945496,,,,,,,,,,,,,,,,,,,,,,,,,,,,,,,,,,,,0.09259536862373352,0.0,0.0,0.0,0.02203018218278885,0.2702474594116211,0.6151270270347595,,,,,,,,,,,,,,,,,,,,,,,,,,,,,,,,,,,,,,,,,,,,,,
Desharnais,4,FAABE_FULL,0.3347528576850891,,,,,,,,,,,,,,,,,,,,,,,,,,,,,,,,,,,,0.11938855797052383,0.0,0.007742937654256821,0.053914815187454224,0.022427113726735115,0.319728285074234,0.47679832577705383,,,,,,,,,,,,,,,,,,,,,,,,,,,,,,,,,,,,,,,,,,,,,,
Desharnais,5,ABE_BASE,,,,,,,,,,,,,,,,,,,,,,,,,,,,,,,,,,0.10000000149011612,0.10000000149011612,0.10000000149011612,0.10000000149011612,0.10000000149011612,0.10000000149011612,0.10000000149011612,0.10000000149011612,0.10000000149011612,0.10000000149011612,,,,,,,,,,,,,,,,,,,,,,,,,,,,,,,,,,,,,,,,,,,,,,
Desharnais,5,FAABE_NO_FIREFLY,,,,,,,,,,,,,,,,,,,,,,,,,,,,,,,,,,,,,0.1428571492433548,0.1428571492433548,0.1428571492433548,0.1428571492433548,0.1428571492433548,0.1428571492433548,0.1428571492433548,,,,,,,,,,,,,,,,,,,,,,,,,,,,,,,,,,,,,,,,,,,,,,
Desharnais,5,FAABE_NO_PEARSON,0.31939461827278137,,,,,,,,,,,,,,,,,,,,,,,,,,,,,,,,,0.007617862895131111,0.05574196204543114,0.0,0.03221267834305763,0.0,0.0,0.17806647717952728,0.02630622126162052,0.3709551692008972,0.3290996849536896,,,,,,,,,,,,,,,,,,,,,,,,,,,,,,,,,,,,,,,,,,,,,,
Desharnais,5,FAABE_NO_IWM,0.34820154309272766,,,,,,,,,,,,,,,,,,,,,,,,,,,,,,,,,,,,0.13234087824821472,0.23685793578624725,0.19831550121307373,0.0,0.14572960138320923,0.0,0.28675609827041626,,,,,,,,,,,,,,,,,,,,,,,,,,,,,,,,,,,,,,,,,,,,,,
Desharnais,5,FAABE_FULL,0.32816585898399353,,,,,,,,,,,,,,,,,,,,,,,,,,,,,,,,,,,,0.12209787219762802,0.0425756610929966,0.0,0.0,0.05093899741768837,0.3960486650466919,0.38833877444267273,,,,,,,,,,,,,,,,,,,,,,,,,,,,,,,,,,,,,,,,,,,,,,
Desharnais,6,ABE_BASE,,,,,,,,,,,,,,,,,,,,,,,,,,,,,,,,,,0.10000000149011612,0.10000000149011612,0.10000000149011612,0.10000000149011612,0.10000000149011612,0.10000000149011612,0.10000000149011612,0.10000000149011612,0.10000000149011612,0.10000000149011612,,,,,,,,,,,,,,,,,,,,,,,,,,,,,,,,,,,,,,,,,,,,,,
Desharnais,6,FAABE_NO_FIREFLY,,,,,,,,,,,,,,,,,,,,,,,,,,,,,,,,,,,,,0.1666666716337204,0.1666666716337204,0.1666666716337204,0.1666666716337204,0.1666666716337204,0.1666666716337204,,,,,,,,,,,,,,,,,,,,,,,,,,,,,,,,,,,,,,,,,,,,,,,
Desharnais,6,FAABE_NO_PEARSON,0.32585999369621277,,,,,,,,,,,,,,,,,,,,,,,,,,,,,,,,,0.037780627608299255,0.0,0.0,0.0006233990425243974,0.0,0.0,0.0,0.0,0.46923375129699707,0.49236223101615906,,,,,,,,,,,,,,,,,,,,,,,,,,,,,,,,,,,,,,,,,,,,,,
Desharnais,6,FAABE_NO_IWM,0.5285319685935974,,,,,,,,,,,,,,,,,,,,,,,,,,,,,,,,,,,,0.20637673139572144,0.018790867179632187,0.36268964409828186,0.08473660051822662,0.29394200444221497,0.03346410021185875,,,,,,,,,,,,,,,,,,,,,,,,,,,,,,,,,,,,,,,,,,,,,,,
Desharnais,6,FAABE_FULL,0.5385410785675049,,,,,,,,,,,,,,,,,,,,,,,,,,,,,,,,,,,,0.21064798533916473,0.05485106259584427,0.3443445563316345,0.07061934471130371,0.31593936681747437,0.003597722854465246,,,,,,,,,,,,,,,,,,,,,,,,,,,,,,,,,,,,,,,,,,,,,,,
Desharnais,7,ABE_BASE,,,,,,,,,,,,,,,,,,,,,,,,,,,,,,,,,,0.10000000149011612,0.10000000149011612,0.10000000149011612,0.10000000149011612,0.10000000149011612,0.10000000149011612,0.10000000149011612,0.10000000149011612,0.10000000149011612,0.10000000149011612,,,,,,,,,,,,,,,,,,,,,,,,,,,,,,,,,,,,,,,,,,,,,,
Desharnais,7,FAABE_NO_FIREFLY,,,,,,,,,,,,,,,,,,,,,,,,,,,,,,,,,,,,,0.1428571492433548,0.1428571492433548,0.1428571492433548,0.1428571492433548,0.1428571492433548,0.1428571492433548,0.1428571492433548,,,,,,,,,,,,,,,,,,,,,,,,,,,,,,,,,,,,,,,,,,,,,,
Desharnais,7,FAABE_NO_PEARSON,0.33608847856521606,,,,,,,,,,,,,,,,,,,,,,,,,,,,,,,,,0.024472985416650772,0.08899795264005661,0.0,0.0,0.0,0.0,0.09200283139944077,0.020465686917304993,0.4318985342979431,0.34216204285621643,,,,,,,,,,,,,,,,,,,,,,,,,,,,,,,,,,,,,,,,,,,,,,
Desharnais,7,FAABE_NO_IWM,0.326295405626297,,,,,,,,,,,,,,,,,,,,,,,,,,,,,,,,,,,,0.07616124302148819,0.0,0.0,0.0,0.03066893108189106,0.36316588521003723,0.5300039052963257,,,,,,,,,,,,,,,,,,,,,,,,,,,,,,,,,,,,,,,,,,,,,,
Desharnais,7,FAABE_FULL,0.3315359950065613,,,,,,,,,,,,,,,,,,,,,,,,,,,,,,,,,,,,0.06572647392749786,0.012435225769877434,0.0,0.04053962603211403,0.03495742753148079,0.3786375820636749,0.4677036702632904,,,,,,,,,,,,,,,,,,,,,,,,,,,,,,,,,,,,,,,,,,,,,,
Desharnais,8,ABE_BASE,,,,,,,,,,,,,,,,,,,,,,,,,,,,,,,,,,0.10000000149011612,0.10000000149011612,0.10000000149011612,0.10000000149011612,0.10000000149011612,0.10000000149011612,0.10000000149011612,0.10000000149011612,0.10000000149011612,0.10000000149011612,,,,,,,,,,,,,,,,,,,,,,,,,,,,,,,,,,,,,,,,,,,,,,
Desharnais,8,FAABE_NO_FIREFLY,,,,,,,,,,,,,,,,,,,,,,,,,,,,,,,,,,,,,0.1666666716337204,0.1666666716337204,0.1666666716337204,0.1666666716337204,0.1666666716337204,0.1666666716337204,,,,,,,,,,,,,,,,,,,,,,,,,,,,,,,,,,,,,,,,,,,,,,,
Desharnais,8,FAABE_NO_PEARSON,0.36638906598091125,,,,,,,,,,,,,,,,,,,,,,,,,,,,,,,,,0.0034123053774237633,0.0,0.013496672734618187,0.10478159785270691,0.15287187695503235,0.14447778463363647,0.08651784807443619,0.10290610045194626,0.04259452968835831,0.3489413559436798,,,,,,,,,,,,,,,,,,,,,,,,,,,,,,,,,,,,,,,,,,,,,,
Desharnais,8,FAABE_NO_IWM,0.532917320728302,,,,,,,,,,,,,,,,,,,,,,,,,,,,,,,,,,,,0.06728526949882507,0.18622152507305145,0.1658114641904831,0.0,0.05698733776807785,0.5236943960189819,,,,,,,,,,,,,,,,,,,,,,,,,,,,,,,,,,,,,,,,,,,,,,,
Desharnais,8,FAABE_FULL,0.5457680821418762,,,,,,,,,,,,,,,,,,,,,,,,,,,,,,,,,,,,0.07841110974550247,0.24207161366939545,0.0865914449095726,0.0,0.041015274822711945,0.5519105792045593,,,,,,,,,,,,,,,,,,,,,,,,,,,,,,,,,,,,,,,,,,,,,,,
Desharnais,9,ABE_BASE,,,,,,,,,,,,,,,,,,,,,,,,,,,,,,,,,,0.10000000149011612,0.10000000149011612,0.10000000149011612,0.10000000149011612,0.10000000149011612,0.10000000149011612,0.10000000149011612,0.10000000149011612,0.10000000149011612,0.10000000149011612,,,,,,,,,,,,,,,,,,,,,,,,,,,,,,,,,,,,,,,,,,,,,,
Desharnais,9,FAABE_NO_FIREFLY,,,,,,,,,,,,,,,,,,,,,,,,,,,,,,,,,,,,,0.1428571492433548,0.1428571492433548,0.1428571492433548,0.1428571492433548,0.1428571492433548,0.1428571492433548,0.1428571492433548,,,,,,,,,,,,,,,,,,,,,,,,,,,,,,,,,,,,,,,,,,,,,,
Desharnais,9,FAABE_NO_PEARSON,0.3166808784008026,,,,,,,,,,,,,,,,,,,,,,,,,,,,,,,,,0.0,0.17843888700008392,0.0329996794462204,0.06977450847625732,0.26828455924987793,0.09756235778331757,0.0,0.03841568902134895,0.0845838412642479,0.22994042932987213,,,,,,,,,,,,,,,,,,,,,,,,,,,,,,,,,,,,,,,,,,,,,,
Desharnais,9,FAABE_NO_IWM,0.3345605432987213,,,,,,,,,,,,,,,,,,,,,,,,,,,,,,,,,,,,0.16080428659915924,0.15186817944049835,0.13323520123958588,0.03889663517475128,0.14694751799106598,0.04601078853011131,0.32223737239837646,,,,,,,,,,,,,,,,,,,,,,,,,,,,,,,,,,,,,,,,,,,,,,
Desharnais,9,FAABE_FULL,0.32326146960258484,,,,,,,,,,,,,,,,,,,,,,,,,,,,,,,,,,,,0.23936153948307037,0.00560436025261879,0.0,0.0,0.0,0.2878659963607788,0.4671681225299835,,,,,,,,,,,,,,,,,,,,,,,,,,,,,,,,,,,,,,,,,,,,,,
Desharnais,10,ABE_BASE,,,,,,,,,,,,,,,,,,,,,,,,,,,,,,,,,,0.10000000149011612,0.10000000149011612,0.10000000149011612,0.10000000149011612,0.10000000149011612,0.10000000149011612,0.10000000149011612,0.10000000149011612,0.10000000149011612,0.10000000149011612,,,,,,,,,,,,,,,,,,,,,,,,,,,,,,,,,,,,,,,,,,,,,,
Desharnais,10,FAABE_NO_FIREFLY,,,,,,,,,,,,,,,,,,,,,,,,,,,,,,,,,,,,,0.1428571492433548,0.1428571492433548,0.1428571492433548,0.1428571492433548,0.1428571492433548,0.1428571492433548,0.1428571492433548,,,,,,,,,,,,,,,,,,,,,,,,,,,,,,,,,,,,,,,,,,,,,,
Desharnais,10,FAABE_NO_PEARSON,0.35263144969940186,,,,,,,,,,,,,,,,,,,,,,,,,,,,,,,,,0.043125029653310776,0.00776565819978714,0.08994356542825699,0.06259696185588837,0.1472315788269043,0.20108704268932343,0.028948135673999786,0.0,0.1248944029211998,0.2944077253341675,,,,,,,,,,,,,,,,,,,,,,,,,,,,,,,,,,,,,,,,,,,,,,
Desharnais,10,FAABE_NO_IWM,0.3346092104911804,,,,,,,,,,,,,,,,,,,,,,,,,,,,,,,,,,,,0.11185767501592636,0.07546909898519516,0.0,0.0,0.04257882386445999,0.3658705949783325,0.404223769903183,,,,,,,,,,,,,,,,,,,,,,,,,,,,,,,,,,,,,,,,,,,,,,
Desharnais,10,FAABE_FULL,0.3418538570404053,,,,,,,,,,,,,,,,,,,,,,,,,,,,,,,,,,,,0.1014249250292778,0.031116938218474388,0.0,0.059176038950681686,0.03807750716805458,0.3601488471031189,0.4100557565689087,,,,,,,,,,,,,,,,,,,,,,,,,,,,,,,,,,,,,,,,,,,,,,
Kemerer,1,ABE_BASE,,,,,,,,0.1666666716337204,,,,,,,,0.1666666716337204,,,,,,,,,,,,,,,,,,,,,,,,,,,0.1666666716337204,0.1666666716337204,0.1666666716337204,0.1666666716337204,,,,,,,,,,,,,,,,,,,,,,,,,,,,,,,,,,,,,,,,,,,
Kemerer,1,FAABE_NO_FIREFLY,,,,,,,,0.25,,,,,,,,,,,,,,,,,,,,,,,,,,,,,,,,,,,0.25,,0.25,0.25,,,,,,,,,,,,,,,,,,,,,,,,,,,,,,,,,,,,,,,,,,,
Kemerer,1,FAABE_NO_PEARSON,0.5488667488098145,,,,,,,0.4771510064601898,,,,,,,,0.03306741267442703,,,,,,,,,,,,,,,,,,,,,,,,,,,0.1532171368598938,0.0,0.3268139958381653,0.009750507771968842,,,,,,,,,,,,,,,,,,,,,,,,,,,,,,,,,,,,,,,,,,,
Kemerer,1,FAABE_NO_IWM,0.5697917938232422,,,,,,,0.21879161894321442,,,,,,,,,,,,,,,,,,,,,,,,,,,,,,,,,,,0.17415127158164978,,0.3832728862762451,0.2237841635942459,,,,,,,,,,,,,,,,,,,,,,,,,,,,,,,,,,,,,,,,,,,
Kemerer,1,FAABE_FULL,0.5525141954421997,,,,,,,0.46469423174858093,,,,,,,,,,,,,,,,,,,,,,,,,,,,,,,,,,,0.14411230385303497,,0.3911934792995453,0.0,,,,,,,,,,,,,,,,,,,,,,,,,,,,,,,,,,,,,,,,,,,
Kemerer,2,ABE_BASE,,,,,,,,0.1666666716337204,,,,,,,,0.1666666716337204,,,,,,,,,,,,,,,,,,,,,,,,,,,0.1666666716337204,0.1666666716337204,0.1666666716337204,0.1666666716337204,,,,,,,,,,,,,,,,,,,,,,,,,,,,,,,,,,,,,,,,,,,
Kemerer,2,FAABE_NO_FIREFLY,,,,,,,,0.3333333432674408,,,,,,,,,,,,,,,,,,,,,,,,,,,,,,,,,,,,,0.3333333432674408,0.3333333432674408,,,,,,,,,,,,,,,,,,,,,,,,,,,,,,,,,,,,,,,,,,,
Kemerer,2,FAABE_NO_PEARSON,0.48360154032707214,,,,,,,0.0,,,,,,,,0.27330753207206726,,,,,,,,,,,,,,,,,,,,,,,,,,,0.33692723512649536,0.0,0.03305139020085335,0.3567138612270355,,,,,,,,,,,,,,,,,,,,,,,,,,,,,,,,,,,,,,,,,,,
Kemerer,2,FAABE_NO_IWM,0.5525956749916077,,,,,,,0.0,,,,,,,,,,,,,,,,,,,,,,,,,,,,,,,,,,,,,0.6859763860702515,0.3140236735343933,,,,,,,,,,,,,,,,,,,,,,,,,,,,,,,,,,,,,,,,,,,
Kemerer,2,FAABE_FULL,0.5556175112724304,,,,,,,0.0,,,,,,,,,,,,,,,,,,,,,,,,,,,,,,,,,,,,,0.6537091732025146,0.34629082679748535,,,,,,,,,,,,,,,,,,,,,,,,,,,,,,,,,,,,,,,,,,,
Kemerer,3,ABE_BASE,,,,,,,,0.1666666716337204,,,,,,,,0.1666666716337204,,,,,,,,,,,,,,,,,,,,,,,,,,,0.1666666716337204,0.1666666716337204,0.1666666716337204,0.1666666716337204,,,,,,,,,,,,,,,,,,,,,,,,,,,,,,,,,,,,,,,,,,,
Kemerer,3,FAABE_NO_FIREFLY,,,,,,,,0.25,,,,,,,,,,,,,,,,,,,,,,,,,,,,,,,,,,,0.25,,0.25,0.25,,,,,,,,,,,,,,,,,,,,,,,,,,,,,,,,,,,,,,,,,,,
Kemerer,3,FAABE_NO_PEARSON,0.4467163383960724,,,,,,,0.4635242819786072,,,,,,,,0.09993021935224533,,,,,,,,,,,,,,,,,,,,,,,,,,,0.210342675447464,0.0,0.22620278596878052,0.0,,,,,,,,,,,,,,,,,,,,,,,,,,,,,,,,,,,,,,,,,,,
Kemerer,3,FAABE_NO_IWM,0.5579258799552917,,,,,,,0.2743890583515167,,,,,,,,,,,,,,,,,,,,,,,,,,,,,,,,,,,0.0,,0.7256109714508057,0.0,,,,,,,,,,,,,,,,,,,,,,,,,,,,,,,,,,,,,,,,,,,
Kemerer,3,FAABE_FULL,0.5433269739151001,,,,,,,0.442965030670166,,,,,,,,,,,,,,,,,,,,,,,,,,,,,,,,,,,0.06644967943429947,,0.4905853271484375,0.0,,,,,,,,,,,,,,,,,,,,,,,,,,,,,,,,,,,,,,,,,,,
Kemerer,4,ABE_BASE,,,,,,,,0.1666666716337204,,,,,,,,0.1666666716337204,,,,,,,,,,,,,,,,,,,,,,,,,,,0.1666666716337204,0.1666666716337204,0.1666666716337204,0.1666666716337204,,,,,,,,,,,,,,,,,,,,,,,,,,,,,,,,,,,,,,,,,,,
Kemerer,4,FAABE_NO_FIREFLY,,,,,,,,0.20000000298023224,,,,,,,,0.20000000298023224,,,,,,,,,,,,,,,,,,,,,,,,,,,0.20000000298023224,,0.20000000298023224,0.20000000298023224,,,,,,,,,,,,,,,,,,,,,,,,,,,,,,,,,,,,,,,,,,,
Kemerer,4,FAABE_NO_PEARSON,0.5055456161499023,,,,,,,0.2691202163696289,,,,,,,,0.10259244590997696,,,,,,,,,,,,,,,,,,,,,,,,,,,0.1594107300043106,0.0,0.4688766598701477,0.0,,,,,,,,,,,,,,,,,,,,,,,,,,,,,,,,,,,,,,,,,,,
Kemerer,4,FAABE_NO_IWM,0.5080963969230652,,,,,,,0.2582651376724243,,,,,,,,0.09358341246843338,,,,,,,,,,,,,,,,,,,,,,,,,,,0.26824748516082764,,0.37990400195121765,0.0,,,,,,,,,,,,,,,,,,,,,,,,,,,,,,,,,,,,,,,,,,,
Kemerer,4,FAABE_FULL,0.5052310824394226,,,,,,,0.25649386644363403,,,,,,,,0.096373051404953,,,,,,,,,,,,,,,,,,,,,,,,,,,0.189653679728508,,0.45747941732406616,0.0,,,,,,,,,,,,,,,,,,,,,,,,,,,,,,,,,,,,,,,,,,,
Kemerer,5,ABE_BASE,,,,,,,,0.1666666716337204,,,,,,,,0.1666666716337204,,,,,,,,,,,,,,,,,,,,,,,,,,,0.1666666716337204,0.1666666716337204,0.1666666716337204,0.1666666716337204,,,,,,,,,,,,,,,,,,,,,,,,,,,,,,,,,,,,,,,,,,,
Kemerer,5,FAABE_NO_FIREFLY,,,,,,,,0.3333333432674408,,,,,,,,,,,,,,,,,,,,,,,,,,,,,,,,,,,,,0.3333333432674408,0.3333333432674408,,,,,,,,,,,,,,,,,,,,,,,,,,,,,,,,,,,,,,,,,,,
Kemerer,5,FAABE_NO_PEARSON,0.5430964231491089,,,,,,,0.5035685300827026,,,,,,,,0.13339990377426147,,,,,,,,,,,,,,,,,,,,,,,,,,,0.15134522318840027,0.0,0.19821862876415253,0.013467740267515182,,,,,,,,,,,,,,,,,,,,,,,,,,,,,,,,,,,,,,,,,,,
Kemerer,5,FAABE_NO_IWM,0.5817349553108215,,,,,,,0.5437601804733276,,,,,,,,,,,,,,,,,,,,,,,,,,,,,,,,,,,,,0.39037930965423584,0.0658605545759201,,,,,,,,,,,,,,,,,,,,,,,,,,,,,,,,,,,,,,,,,,,
Kemerer,5,FAABE_FULL,0.5657105445861816,,,,,,,0.4688120484352112,,,,,,,,,,,,,,,,,,,,,,,,,,,,,,,,,,,,,0.4491890072822571,0.08199898898601532,,,,,,,,,,,,,,,,,,,,,,,,,,,,,,,,,,,,,,,,,,,
Kemerer,6,ABE_BASE,,,,,,,,0.1666666716337204,,,,,,,,0.1666666716337204,,,,,,,,,,,,,,,,,,,,,,,,,,,0.1666666716337204,0.1666666716337204,0.1666666716337204,0.1666666716337204,,,,,,,,,,,,,,,,,,,,,,,,,,,,,,,,,,,,,,,,,,,
Kemerer,6,FAABE_NO_FIREFLY,,,,,,,,0.25,,,,,,,,,,,,,,,,,,,,,,,,,,,,,,,,,,,0.25,,0.25,0.25,,,,,,,,,,,,,,,,,,,,,,,,,,,,,,,,,,,,,,,,,,,
Kemerer,6,FAABE_NO_PEARSON,0.560731053352356,,,,,,,0.38944506645202637,,,,,,,,0.06411443650722504,,,,,,,,,,,,,,,,,,,,,,,,,,,0.2794076204299927,0.050138942897319794,0.21689392626285553,0.0,,,,,,,,,,,,,,,,,,,,,,,,,,,,,,,,,,,,,,,,,,,
Kemerer,6,FAABE_NO_IWM,0.61119145154953,,,,,,,0.15502475202083588,,,,,,,,,,,,,,,,,,,,,,,,,,,,,,,,,,,0.14483922719955444,,0.5935693383216858,0.10656675696372986,,,,,,,,,,,,,,,,,,,,,,,,,,,,,,,,,,,,,,,,,,,
Kemerer,6,FAABE_FULL,0.5956487059593201,,,,,,,0.2842421531677246,,,,,,,,,,,,,,,,,,,,,,,,,,,,,,,,,,,0.1455487310886383,,0.4533548355102539,0.11685432493686676,,,,,,,,,,,,,,,,,,,,,,,,,,,,,,,,,,,,,,,,,,,
Kemerer,7,ABE_BASE,,,,,,,,0.1666666716337204,,,,,,,,0.1666666716337204,,,,,,,,,,,,,,,,,,,,,,,,,,,0.1666666716337204,0.1666666716337204,0.1666666716337204,0.1666666716337204,,,,,,,,,,,,,,,,,,,,,,,,,,,,,,,,,,,,,,,,,,,
Kemerer,7,FAABE_NO_FIREFLY,,,,,,,,0.3333333432674408,,,,,,,,,,,,,,,,,,,,,,,,,,,,,,,,,,,,,0.3333333432674408,0.3333333432674408,,,,,,,,,,,,,,,,,,,,,,,,,,,,,,,,,,,,,,,,,,,
Kemerer,7,FAABE_NO_PEARSON,0.5315110087394714,,,,,,,0.09076949208974838,,,,,,,,0.15591074526309967,,,,,,,,,,,,,,,,,,,,,,,,,,,0.44006046652793884,0.15469254553318024,0.15856677293777466,0.0,,,,,,,,,,,,,,,,,,,,,,,,,,,,,,,,,,,,,,,,,,,
Kemerer,7,FAABE_NO_IWM,0.5601018667221069,,,,,,,0.2840483486652374,,,,,,,,,,,,,,,,,,,,,,,,,,,,,,,,,,,,,0.715951681137085,0.0,,,,,,,,,,,,,,,,,,,,,,,,,,,,,,,,,,,,,,,,,,,
Kemerer,7,FAABE_FULL,0.5700424313545227,,,,,,,0.23104682564735413,,,,,,,,,,,,,,,,,,,,,,,,,,,,,,,,,,,,,0.6762046813964844,0.09274851530790329,,,,,,,,,,,,,,,,,,,,,,,,,,,,,,,,,,,,,,,,,,,
Kemerer,8,ABE_BASE,,,,,,,,0.1666666716337204,,,,,,,,0.1666666716337204,,,,,,,,,,,,,,,,,,,,,,,,,,,0.1666666716337204,0.1666666716337204,0.1666666716337204,0.1666666716337204,,,,,,,,,,,,,,,,,,,,,,,,,,,,,,,,,,,,,,,,,,,
Kemerer,8,FAABE_NO_FIREFLY,,,,,,,,0.3333333432674408,,,,,,,,,,,,,,,,,,,,,,,,,,,,,,,,,,,,,0.3333333432674408,0.3333333432674408,,,,,,,,,,,,,,,,,,,,,,,,,,,,,,,,,,,,,,,,,,,
Kemerer,8,FAABE_NO_PEARSON,0.5581877827644348,,,,,,,0.1603698432445526,,,,,,,,0.353773295879364,,,,,,,,,,,,,,,,,,,,,,,,,,,0.3473479449748993,0.0,0.1385088860988617,0.0,,,,,,,,,,,,,,,,,,,,,,,,,,,,,,,,,,,,,,,,,,,
Kemerer,8,FAABE_NO_IWM,0.6681641340255737,,,,,,,0.5279160141944885,,,,,,,,,,,,,,,,,,,,,,,,,,,,,,,,,,,,,0.11446619778871536,0.3576178252696991,,,,,,,,,,,,,,,,,,,,,,,,,,,,,,,,,,,,,,,,,,,
Kemerer,8,FAABE_FULL,0.6376999616622925,,,,,,,0.3157876431941986,,,,,,,,,,,,,,,,,,,,,,,,,,,,,,,,,,,,,0.684212327003479,0.0,,,,,,,,,,,,,,,,,,,,,,,,,,,,,,,,,,,,,,,,,,,
Kemerer,9,ABE_BASE,,,,,,,,0.1666666716337204,,,,,,,,0.1666666716337204,,,,,,,,,,,,,,,,,,,,,,,,,,,0.1666666716337204,0.1666666716337204,0.1666666716337204,0.1666666716337204,,,,,,,,,,,,,,,,,,,,,,,,,,,,,,,,,,,,,,,,,,,
Kemerer,9,FAABE_NO_FIREFLY,,,,,,,,0.25,,,,,,,,,,,,,,,,,,,,,,,,,,,,,,,,,,,0.25,,0.25,0.25,,,,,,,,,,,,,,,,,,,,,,,,,,,,,,,,,,,,,,,,,,,
Kemerer,9,FAABE_NO_PEARSON,0.5019580125808716,,,,,,,0.1359304040670395,,,,,,,,0.2595980763435364,,,,,,,,,,,,,,,,,,,,,,,,,,,0.3685222268104553,0.0,0.23594927787780762,0.0,,,,,,,,,,,,,,,,,,,,,,,,,,,,,,,,,,,,,,,,,,,
Kemerer,9,FAABE_NO_IWM,0.5518097877502441,,,,,,,0.09308083355426788,,,,,,,,,,,,,,,,,,,,,,,,,,,,,,,,,,,0.13768692314624786,,0.739946722984314,0.02928551472723484,,,,,,,,,,,,,,,,,,,,,,,,,,,,,,,,,,,,,,,,,,,
Kemerer,9,FAABE_FULL,0.5527299642562866,,,,,,,0.3936520516872406,,,,,,,,,,,,,,,,,,,,,,,,,,,,,,,,,,,0.13861820101737976,,0.46772974729537964,0.0,,,,,,,,,,,,,,,,,,,,,,,,,,,,,,,,,,,,,,,,,,,
Kemerer,10,ABE_BASE,,,,,,,,0.1666666716337204,,,,,,,,0.1666666716337204,,,,,,,,,,,,,,,,,,,,,,,,,,,0.1666666716337204,0.1666666716337204,0.1666666716337204,0.1666666716337204,,,,,,,,,,,,,,,,,,,,,,,,,,,,,,,,,,,,,,,,,,,
Kemerer,10,FAABE_NO_FIREFLY,,,,,,,,0.3333333432674408,,,,,,,,,,,,,,,,,,,,,,,,,,,,,,,,,,,,,0.3333333432674408,0.3333333432674408,,,,,,,,,,,,,,,,,,,,,,,,,,,,,,,,,,,,,,,,,,,
Kemerer,10,FAABE_NO_PEARSON,0.39694467186927795,,,,,,,0.2617349326610565,,,,,,,,0.13435637950897217,,,,,,,,,,,,,,,,,,,,,,,,,,,0.06788291037082672,0.023690395057201385,0.4753730297088623,0.03696232661604881,,,,,,,,,,,,,,,,,,,,,,,,,,,,,,,,,,,,,,,,,,,
Kemerer,10,FAABE_NO_IWM,0.4364851415157318,,,,,,,0.5302738547325134,,,,,,,,,,,,,,,,,,,,,,,,,,,,,,,,,,,,,0.4697261154651642,0.0,,,,,,,,,,,,,,,,,,,,,,,,,,,,,,,,,,,,,,,,,,,
Kemerer,10,FAABE_FULL,0.43225958943367004,,,,,,,0.5238963961601257,,,,,,,,,,,,,,,,,,,,,,,,,,,,,,,,,,,,,0.4761035740375519,0.0,,,,,,,,,,,,,,,,,,,,,,,,,,,,,,,,,,,,,,,,,,,
Kitchenham,1,ABE_BASE,,,,,,,,,,,,,,,,,,,,,,,,,,,,,,,,,,,,,,,,,,,,,,,0.3333333432674408,0.3333333432674408,0.3333333432674408,,,,,,,,,,,,,,,,,,,,,,,,,,,,,,,,,,,,,,,,
Kitchenham,1,FAABE_NO_FIREFLY,,,,,,,,,,,,,,,,,,,,,,,,,,,,,,,,,,,,,,,,,,,,,,,0.3333333432674408,0.3333333432674408,0.3333333432674408,,,,,,,,,,,,,,,,,,,,,,,,,,,,,,,,,,,,,,,,
Kitchenham,1,FAABE_NO_PEARSON,0.25944003462791443,,,,,,,,,,,,,,,,,,,,,,,,,,,,,,,,,,,,,,,,,,,,,,0.0052752322517335415,0.23421725630760193,0.7605074644088745,,,,,,,,,,,,,,,,,,,,,,,,,,,,,,,,,,,,,,,,
Kitchenham,1,FAABE_NO_IWM,0.25834670662879944,,,,,,,,,,,,,,,,,,,,,,,,,,,,,,,,,,,,,,,,,,,,,,0.005633607506752014,0.2384260594844818,0.755940318107605,,,,,,,,,,,,,,,,,,,,,,,,,,,,,,,,,,,,,,,,
Kitchenham,1,FAABE_FULL,0.26120811700820923,,,,,,,,,,,,,,,,,,,,,,,,,,,,,,,,,,,,,,,,,,,,,,0.005699632689356804,0.0618787482380867,0.9324215650558472,,,,,,,,,,,,,,,,,,,,,,,,,,,,,,,,,,,,,,,,
Kitchenham,2,ABE_BASE,,,,,,,,,,,,,,,,,,,,,,,,,,,,,,,,,,,,,,,,,,,,,,,0.3333333432674408,0.3333333432674408,0.3333333432674408,,,,,,,,,,,,,,,,,,,,,,,,,,,,,,,,,,,,,,,,
Kitchenham,2,FAABE_NO_FIREFLY,,,,,,,,,,,,,,,,,,,,,,,,,,,,,,,,,,,,,,,,,,,,,,,0.3333333432674408,0.3333333432674408,0.3333333432674408,,,,,,,,,,,,,,,,,,,,,,,,,,,,,,,,,,,,,,,,
Kitchenham,2,FAABE_NO_PEARSON,0.24824941158294678,,,,,,,,,,,,,,,,,,,,,,,,,,,,,,,,,,,,,,,,,,,,,,0.004929100628942251,0.058993980288505554,0.9360768795013428,,,,,,,,,,,,,,,,,,,,,,,,,,,,,,,,,,,,,,,,
Kitchenham,2,FAABE_NO_IWM,0.24768008291721344,,,,,,,,,,,,,,,,,,,,,,,,,,,,,,,,,,,,,,,,,,,,,,0.006957828998565674,0.04022103548049927,0.9528211355209351,,,,,,,,,,,,,,,,,,,,,,,,,,,,,,,,,,,,,,,,
Kitchenham,2,FAABE_FULL,0.24809101223945618,,,,,,,,,,,,,,,,,,,,,,,,,,,,,,,,,,,,,,,,,,,,,,0.006682473234832287,0.059188712388277054,0.9341288208961487,,,,,,,,,,,,,,,,,,,,,,,,,,,,,,,,,,,,,,,,
Kitchenham,3,ABE_BASE,,,,,,,,,,,,,,,,,,,,,,,,,,,,,,,,,,,,,,,,,,,,,,,0.3333333432674408,0.3333333432674408,0.3333333432674408,,,,,,,,,,,,,,,,,,,,,,,,,,,,,,,,,,,,,,,,
Kitchenham,3,FAABE_NO_FIREFLY,,,,,,,,,,,,,,,,,,,,,,,,,,,,,,,,,,,,,,,,,,,,,,,0.3333333432674408,0.3333333432674408,0.3333333432674408,,,,,,,,,,,,,,,,,,,,,,,,,,,,,,,,,,,,,,,,
Kitchenham,3,FAABE_NO_PEARSON,0.2688494026660919,,,,,,,,,,,,,,,,,,,,,,,,,,,,,,,,,,,,,,,,,,,,,,0.00948144681751728,0.10871054232120514,0.8818080425262451,,,,,,,,,,,,,,,,,,,,,,,,,,,,,,,,,,,,,,,,
Kitchenham,3,FAABE_NO_IWM,0.26725614070892334,,,,,,,,,,,,,,,,,,,,,,,,,,,,,,,,,,,,,,,,,,,,,,0.009287917986512184,0.04967791214585304,0.941034197807312,,,,,,,,,,,,,,,,,,,,,,,,,,,,,,,,,,,,,,,,
Kitchenham,3,FAABE_FULL,0.2698260545730591,,,,,,,,,,,,,,,,,,,,,,,,,,,,,,,,,,,,,,,,,,,,,,0.008278724737465382,0.04081014171242714,0.9509111642837524,,,,,,,,,,,,,,,,,,,,,,,,,,,,,,,,,,,,,,,,
Kitchenham,4,ABE_BASE,,,,,,,,,,,,,,,,,,,,,,,,,,,,,,,,,,,,,,,,,,,,,,,0.3333333432674408,0.3333333432674408,0.3333333432674408,,,,,,,,,,,,,,,,,,,,,,,,,,,,,,,,,,,,,,,,
Kitchenham,4,FAABE_NO_FIREFLY,,,,,,,,,,,,,,,,,,,,,,,,,,,,,,,,,,,,,,,,,,,,,,,0.3333333432674408,0.3333333432674408,0.3333333432674408,,,,,,,,,,,,,,,,,,,,,,,,,,,,,,,,,,,,,,,,
Kitchenham,4,FAABE_NO_PEARSON,0.2570459246635437,,,,,,,,,,,,,,,,,,,,,,,,,,,,,,,,,,,,,,,,,,,,,,0.011487145908176899,0.08646705001592636,0.9020458459854126,,,,,,,,,,,,,,,,,,,,,,,,,,,,,,,,,,,,,,,,
Kitchenham,4,FAABE_NO_IWM,0.25399768352508545,,,,,,,,,,,,,,,,,,,,,,,,,,,,,,,,,,,,,,,,,,,,,,0.010384375229477882,0.061552632600069046,0.9280630350112915,,,,,,,,,,,,,,,,,,,,,,,,,,,,,,,,,,,,,,,,
Kitchenham,4,FAABE_FULL,0.25491443276405334,,,,,,,,,,,,,,,,,,,,,,,,,,,,,,,,,,,,,,,,,,,,,,0.008240174502134323,0.03605528548359871,0.9557045698165894,,,,,,,,,,,,,,,,,,,,,,,,,,,,,,,,,,,,,,,,
Kitchenham,5,ABE_BASE,,,,,,,,,,,,,,,,,,,,,,,,,,,,,,,,,,,,,,,,,,,,,,,0.3333333432674408,0.3333333432674408,0.3333333432674408,,,,,,,,,,,,,,,,,,,,,,,,,,,,,,,,,,,,,,,,
Kitchenham,5,FAABE_NO_FIREFLY,,,,,,,,,,,,,,,,,,,,,,,,,,,,,,,,,,,,,,,,,,,,,,,0.3333333432674408,0.3333333432674408,0.3333333432674408,,,,,,,,,,,,,,,,,,,,,,,,,,,,,,,,,,,,,,,,
Kitchenham,5,FAABE_NO_PEARSON,0.26974156498908997,,,,,,,,,,,,,,,,,,,,,,,,,,,,,,,,,,,,,,,,,,,,,,0.0019343498861417174,0.06299076229333878,0.9350748658180237,,,,,,,,,,,,,,,,,,,,,,,,,,,,,,,,,,,,,,,,
Kitchenham,5,FAABE_NO_IWM,0.2693888545036316,,,,,,,,,,,,,,,,,,,,,,,,,,,,,,,,,,,,,,,,,,,,,,0.011402221396565437,0.0659298375248909,0.922667920589447,,,,,,,,,,,,,,,,,,,,,,,,,,,,,,,,,,,,,,,,
Kitchenham,5,FAABE_FULL,0.2692943811416626,,,,,,,,,,,,,,,,,,,,,,,,,,,,,,,,,,,,,,,,,,,,,,0.002420287812128663,0.06061702221632004,0.9369626641273499,,,,,,,,,,,,,,,,,,,,,,,,,,,,,,,,,,,,,,,,
Kitchenham,6,ABE_BASE,,,,,,,,,,,,,,,,,,,,,,,,,,,,,,,,,,,,,,,,,,,,,,,0.3333333432674408,0.3333333432674408,0.3333333432674408,,,,,,,,,,,,,,,,,,,,,,,,,,,,,,,,,,,,,,,,
Kitchenham,6,FAABE_NO_FIREFLY,,,,,,,,,,,,,,,,,,,,,,,,,,,,,,,,,,,,,,,,,,,,,,,0.3333333432674408,0.3333333432674408,0.3333333432674408,,,,,,,,,,,,,,,,,,,,,,,,,,,,,,,,,,,,,,,,
Kitchenham,6,FAABE_NO_PEARSON,0.2756832242012024,,,,,,,,,,,,,,,,,,,,,,,,,,,,,,,,,,,,,,,,,,,,,,0.009176967665553093,0.05713406205177307,0.9336889982223511,,,,,,,,,,,,,,,,,,,,,,,,,,,,,,,,,,,,,,,,
Kitchenham,6,FAABE_NO_IWM,0.27211499214172363,,,,,,,,,,,,,,,,,,,,,,,,,,,,,,,,,,,,,,,,,,,,,,0.004495717119425535,0.20601435005664825,0.7894899249076843,,,,,,,,,,,,,,,,,,,,,,,,,,,,,,,,,,,,,,,,
Kitchenham,6,FAABE_FULL,0.27350401878356934,,,,,,,,,,,,,,,,,,,,,,,,,,,,,,,,,,,,,,,,,,,,,,0.005019686184823513,0.20579586923122406,0.7891845107078552,,,,,,,,,,,,,,,,,,,,,,,,,,,,,,,,,,,,,,,,
Kitchenham,7,ABE_BASE,,,,,,,,,,,,,,,,,,,,,,,,,,,,,,,,,,,,,,,,,,,,,,,0.3333333432674408,0.3333333432674408,0.3333333432674408,,,,,,,,,,,,,,,,,,,,,,,,,,,,,,,,,,,,,,,,
Kitchenham,7,FAABE_NO_FIREFLY,,,,,,,,,,,,,,,,,,,,,,,,,,,,,,,,,,,,,,,,,,,,,,,0.3333333432674408,0.3333333432674408,0.3333333432674408,,,,,,,,,,,,,,,,,,,,,,,,,,,,,,,,,,,,,,,,
Kitchenham,7,FAABE_NO_PEARSON,0.2585907578468323,,,,,,,,,,,,,,,,,,,,,,,,,,,,,,,,,,,,,,,,,,,,,,0.008342416025698185,0.11165362596511841,0.8800039887428284,,,,,,,,,,,,,,,,,,,,,,,,,,,,,,,,,,,,,,,,
Kitchenham,7,FAABE_NO_IWM,0.2595974802970886,,,,,,,,,,,,,,,,,,,,,,,,,,,,,,,,,,,,,,,,,,,,,,0.005401309579610825,0.10164698958396912,0.8929516673088074,,,,,,,,,,,,,,,,,,,,,,,,,,,,,,,,,,,,,,,,
Kitchenham,7,FAABE_FULL,0.25882256031036377,,,,,,,,,,,,,,,,,,,,,,,,,,,,,,,,,,,,,,,,,,,,,,0.006987810134887695,0.1040266677737236,0.8889855146408081,,,,,,,,,,,,,,,,,,,,,,,,,,,,,,,,,,,,,,,,
Kitchenham,8,ABE_BASE,,,,,,,,,,,,,,,,,,,,,,,,,,,,,,,,,,,,,,,,,,,,,,,0.3333333432674408,0.3333333432674408,0.3333333432674408,,,,,,,,,,,,,,,,,,,,,,,,,,,,,,,,,,,,,,,,
Kitchenham,8,FAABE_NO_FIREFLY,,,,,,,,,,,,,,,,,,,,,,,,,,,,,,,,,,,,,,,,,,,,,,,0.3333333432674408,0.3333333432674408,0.3333333432674408,,,,,,,,,,,,,,,,,,,,,,,,,,,,,,,,,,,,,,,,
Kitchenham,8,FAABE_NO_PEARSON,0.2638798952102661,,,,,,,,,,,,,,,,,,,,,,,,,,,,,,,,,,,,,,,,,,,,,,0.01058113668113947,0.04096358269453049,0.948455274105072,,,,,,,,,,,,,,,,,,,,,,,,,,,,,,,,,,,,,,,,
Kitchenham,8,FAABE_NO_IWM,0.2609638273715973,,,,,,,,,,,,,,,,,,,,,,,,,,,,,,,,,,,,,,,,,,,,,,0.002156172413378954,0.0658872053027153,0.9319566488265991,,,,,,,,,,,,,,,,,,,,,,,,,,,,,,,,,,,,,,,,
Kitchenham,8,FAABE_FULL,0.26399290561676025,,,,,,,,,,,,,,,,,,,,,,,,,,,,,,,,,,,,,,,,,,,,,,0.008886133320629597,0.04108188673853874,0.9500319957733154,,,,,,,,,,,,,,,,,,,,,,,,,,,,,,,,,,,,,,,,
Kitchenham,9,ABE_BASE,,,,,,,,,,,,,,,,,,,,,,,,,,,,,,,,,,,,,,,,,,,,,,,0.3333333432674408,0.3333333432674408,0.3333333432674408,,,,,,,,,,,,,,,,,,,,,,,,,,,,,,,,,,,,,,,,
Kitchenham,9,FAABE_NO_FIREFLY,,,,,,,,,,,,,,,,,,,,,,,,,,,,,,,,,,,,,,,,,,,,,,,0.3333333432674408,0.3333333432674408,0.3333333432674408,,,,,,,,,,,,,,,,,,,,,,,,,,,,,,,,,,,,,,,,
Kitchenham,9,FAABE_NO_PEARSON,0.27384379506111145,,,,,,,,,,,,,,,,,,,,,,,,,,,,,,,,,,,,,,,,,,,,,,0.008900812827050686,0.10810145735740662,0.8829976916313171,,,,,,,,,,,,,,,,,,,,,,,,,,,,,,,,,,,,,,,,
Kitchenham,9,FAABE_NO_IWM,0.2728550136089325,,,,,,,,,,,,,,,,,,,,,,,,,,,,,,,,,,,,,,,,,,,,,,0.010973515920341015,0.1216420903801918,0.8673844337463379,,,,,,,,,,,,,,,,,,,,,,,,,,,,,,,,,,,,,,,,
Kitchenham,9,FAABE_FULL,0.2737062871456146,,,,,,,,,,,,,,,,,,,,,,,,,,,,,,,,,,,,,,,,,,,,,,0.0059258053079247475,0.09426835924386978,0.8998058438301086,,,,,,,,,,,,,,,,,,,,,,,,,,,,,,,,,,,,,,,,
Kitchenham,10,ABE_BASE,,,,,,,,,,,,,,,,,,,,,,,,,,,,,,,,,,,,,,,,,,,,,,,0.3333333432674408,0.3333333432674408,0.3333333432674408,,,,,,,,,,,,,,,,,,,,,,,,,,,,,,,,,,,,,,,,
Kitchenham,10,FAABE_NO_FIREFLY,,,,,,,,,,,,,,,,,,,,,,,,,,,,,,,,,,,,,,,,,,,,,,,0.3333333432674408,0.3333333432674408,0.3333333432674408,,,,,,,,,,,,,,,,,,,,,,,,,,,,,,,,,,,,,,,,
Kitchenham,10,FAABE_NO_PEARSON,0.2560843527317047,,,,,,,,,,,,,,,,,,,,,,,,,,,,,,,,,,,,,,,,,,,,,,0.00854002870619297,0.06352873891592026,0.9279312491416931,,,,,,,,,,,,,,,,,,,,,,,,,,,,,,,,,,,,,,,,
Kitchenham,10,FAABE_NO_IWM,0.25305694341659546,,,,,,,,,,,,,,,,,,,,,,,,,,,,,,,,,,,,,,,,,,,,,,0.005868511740118265,0.0746782198548317,0.9194533228874207,,,,,,,,,,,,,,,,,,,,,,,,,,,,,,,,,,,,,,,,
Kitchenham,10,FAABE_FULL,0.2564692497253418,,,,,,,,,,,,,,,,,,,,,,,,,,,,,,,,,,,,,,,,,,,,,,0.010601356625556946,0.06451784074306488,0.924880862236023,,,,,,,,,,,,,,,,,,,,,,,,,,,,,,,,,,,,,,,,
Maxwell,1,ABE_BASE,,,,,,,,,,,,,,,,0.03846153989434242,,,,,,,,,,,,,,,,,,,,,,,,,,,,,,,,,,0.03846153989434242,0.03846153989434242,0.03846153989434242,0.03846153989434242,0.03846153989434242,0.03846153989434242,0.03846153989434242,0.03846153989434242,0.03846153989434242,0.03846153989434242,0.03846153989434242,0.03846153989434242,0.03846153989434242,0.03846153989434242,0.03846153989434242,0.03846153989434242,0.03846153989434242,0.03846153989434242,0.03846153989434242,0.03846153989434242,0.03846153989434242,0.03846153989434242,0.03846153989434242,0.03846153989434242,0.03846153989434242,,,,,,,,,,,,,,,
Maxwell,1,FAABE_NO_FIREFLY,,,,,,,,,,,,,,,,0.1428571492433548,,,,,,,,,,,,,,,,,,,,,,,,,,,,,,,,,,,,,,,,,0.1428571492433548,,,,,,,0.1428571492433548,,,,0.1428571492433548,,,0.1428571492433548,0.1428571492433548,0.1428571492433548,,,,,,,,,,,,,,,,
Maxwell,1,FAABE_NO_PEARSON,0.48990219831466675,,,,,,,,,,,,,,,0.18053677678108215,,,,,,,,,,,,,,,,,,,,,,,,,,,,,,,,,,0.0,0.0,0.1129286140203476,0.06414471566677094,0.0,0.052175454795360565,0.005702793598175049,0.0,0.0,0.05931659787893295,0.06627381592988968,0.0,0.0,0.022952016443014145,0.0,0.003901295829564333,0.08087734878063202,0.00988510437309742,0.0052713798359036446,0.03331373259425163,0.061616431921720505,0.04672814905643463,0.0,0.19437579810619354,0.0,,,,,,,,,,,,,,,
Maxwell,1,FAABE_NO_IWM,0.3911799490451813,,,,,,,,,,,,,,,0.4337174594402313,,,,,,,,,,,,,,,,,,,,,,,,,,,,,,,,,,,,,,,,,0.027380986139178276,,,,,,,0.0,,,,0.03778098151087761,,,0.028334451839327812,0.0,0.47278618812561035,,,,,,,,,,,,,,,,
Maxwell,1,FAABE_FULL,0.3947884440422058,,,,,,,,,,,,,,,0.4560176432132721,,,,,,,,,,,,,,,,,,,,,,,,,,,,,,,,,,,,,,,,,0.041341472417116165,,,,,,,0.0,,,,0.026893597096204758,,,0.06423144787549973,0.0,0.41151586174964905,,,,,,,,,,,,,,,,
Maxwell,2,ABE_BASE,,,,,,,,,,,,,,,,0.03846153989434242,,,,,,,,,,,,,,,,,,,,,,,,,,,,,,,,,,0.03846153989434242,0.03846153989434242,0.03846153989434242,0.03846153989434242,0.03846153989434242,0.03846153989434242,0.03846153989434242,0.03846153989434242,0.03846153989434242,0.03846153989434242,0.03846153989434242,0.03846153989434242,0.03846153989434242,0.03846153989434242,0.03846153989434242,0.03846153989434242,0.03846153989434242,0.03846153989434242,0.03846153989434242,0.03846153989434242,0.03846153989434242,0.03846153989434242,0.03846153989434242,0.03846153989434242,0.03846153989434242,,,,,,,,,,,,,,,
Maxwell,2,FAABE_NO_FIREFLY,,,,,,,,,,,,,,,,0.1428571492433548,,,,,,,,,,,,,,,,,,,,,,,,,,,,,,,,,,,,,,,,,0.1428571492433548,,,,,,,0.1428571492433548,,0.1428571492433548,0.1428571492433548,0.1428571492433548,,,,,0.1428571492433548,,,,,,,,,,,,,,,,
Maxwell,2,FAABE_NO_PEARSON,0.42521682381629944,,,,,,,,,,,,,,,0.16641075909137726,,,,,,,,,,,,,,,,,,,,,,,,,,,,,,,,,,0.0,0.0,0.0,0.048914600163698196,0.0,0.06974933296442032,0.041355498135089874,0.0,0.0,0.09390483051538467,0.057520996779203415,0.06384503841400146,0.0,0.059904612600803375,0.04675430804491043,0.037953201681375504,0.08871268481016159,0.040588706731796265,0.034518465399742126,0.07297608256340027,0.02474156953394413,0.0,0.0,0.05214935913681984,0.0,,,,,,,,,,,,,,,
Maxwell,2,FAABE_NO_IWM,0.35723286867141724,,,,,,,,,,,,,,,0.3457667827606201,,,,,,,,,,,,,,,,,,,,,,,,,,,,,,,,,,,,,,,,,0.0,,,,,,,0.02686506137251854,,0.0,0.06299612671136856,0.049828216433525085,,,,,0.514543890953064,,,,,,,,,,,,,,,,
Maxwell,2,FAABE_FULL,0.34734851121902466,,,,,,,,,,,,,,,0.4073251783847809,,,,,,,,,,,,,,,,,,,,,,,,,,,,,,,,,,,,,,,,,0.015138120390474796,,,,,,,0.0,,0.0,0.018339399248361588,0.0,,,,,0.5591973066329956,,,,,,,,,,,,,,,,
Maxwell,3,ABE_BASE,,,,,,,,,,,,,,,,0.03846153989434242,,,,,,,,,,,,,,,,,,,,,,,,,,,,,,,,,,0.03846153989434242,0.03846153989434242,0.03846153989434242,0.03846153989434242,0.03846153989434242,0.03846153989434242,0.03846153989434242,0.03846153989434242,0.03846153989434242,0.03846153989434242,0.03846153989434242,0.03846153989434242,0.03846153989434242,0.03846153989434242,0.03846153989434242,0.03846153989434242,0.03846153989434242,0.03846153989434242,0.03846153989434242,0.03846153989434242,0.03846153989434242,0.03846153989434242,0.03846153989434242,0.03846153989434242,0.03846153989434242,,,,,,,,,,,,,,,
Maxwell,3,FAABE_NO_FIREFLY,,,,,,,,,,,,,,,,0.1666666716337204,,,,,,,,,,,,,,,,,,,,,,,,,,,,,,,,,,,,,,,,,,,,,,,,0.1666666716337204,,,0.1666666716337204,0.1666666716337204,,,,0.1666666716337204,0.1666666716337204,,,,,,,,,,,,,,,,
Maxwell,3,FAABE_NO_PEARSON,0.4554782509803772,,,,,,,,,,,,,,,0.12621505558490753,,,,,,,,,,,,,,,,,,,,,,,,,,,,,,,,,,0.0,0.058937590569257736,0.06562184542417526,0.0,0.0,0.07151051610708237,0.024407457560300827,0.0,0.0,0.06608861684799194,0.013804600574076176,0.004314441233873367,0.0,0.04285897687077522,0.06976280361413956,0.02192321978509426,0.08882999420166016,0.0,0.0,0.028386039659380913,0.07096604257822037,0.04793328791856766,0.02644219994544983,0.17199738323688507,0.0,,,,,,,,,,,,,,,
Maxwell,3,FAABE_NO_IWM,0.37351325154304504,,,,,,,,,,,,,,,0.08501297980546951,,,,,,,,,,,,,,,,,,,,,,,,,,,,,,,,,,,,,,,,,,,,,,,,0.03475930541753769,,,0.08794219046831131,0.024098118767142296,,,,0.008528008125722408,0.7596594095230103,,,,,,,,,,,,,,,,
Maxwell,3,FAABE_FULL,0.4064244031906128,,,,,,,,,,,,,,,0.31768131256103516,,,,,,,,,,,,,,,,,,,,,,,,,,,,,,,,,,,,,,,,,,,,,,,,0.0,,,0.037877313792705536,0.020777147263288498,,,,0.16486309468746185,0.45880115032196045,,,,,,,,,,,,,,,,
Maxwell,4,ABE_BASE,,,,,,,,,,,,,,,,0.03846153989434242,,,,,,,,,,,,,,,,,,,,,,,,,,,,,,,,,,0.03846153989434242,0.03846153989434242,0.03846153989434242,0.03846153989434242,0.03846153989434242,0.03846153989434242,0.03846153989434242,0.03846153989434242,0.03846153989434242,0.03846153989434242,0.03846153989434242,0.03846153989434242,0.03846153989434242,0.03846153989434242,0.03846153989434242,0.03846153989434242,0.03846153989434242,0.03846153989434242,0.03846153989434242,0.03846153989434242,0.03846153989434242,0.03846153989434242,0.03846153989434242,0.03846153989434242,0.03846153989434242,,,,,,,,,,,,,,,
Maxwell,4,FAABE_NO_FIREFLY,,,,,,,,,,,,,,,,0.125,,,,,,,,,,,,,,,,,,,,,,,,,,,,,,,,,,,,,,,,,0.125,,,,,,,0.125,,,0.125,0.125,,,0.125,0.125,0.125,,,,,,,,,,,,,,,,
Maxwell,4,FAABE_NO_PEARSON,0.4562472701072693,,,,,,,,,,,,,,,0.1980053335428238,,,,,,,,,,,,,,,,,,,,,,,,,,,,,,,,,,0.0,0.0,0.024426650255918503,0.030612122267484665,0.0,0.054642584174871445,0.0,0.029581034556031227,0.0,0.0992933064699173,0.044329721480607986,0.0,0.0,0.06435604393482208,0.01576186716556549,0.0,0.13991278409957886,0.0,0.005161450244486332,0.03297128900885582,0.0,0.0,0.04254612326622009,0.21839967370033264,0.0,,,,,,,,,,,,,,,
Maxwell,4,FAABE_NO_IWM,0.40002110600471497,,,,,,,,,,,,,,,0.4413734972476959,,,,,,,,,,,,,,,,,,,,,,,,,,,,,,,,,,,,,,,,,0.0,,,,,,,0.0,,,0.02304728515446186,0.02877155877649784,,,0.03466644510626793,0.0,0.47214120626449585,,,,,,,,,,,,,,,,
Maxwell,4,FAABE_FULL,0.39461737871170044,,,,,,,,,,,,,,,0.3982890546321869,,,,,,,,,,,,,,,,,,,,,,,,,,,,,,,,,,,,,,,,,0.01752999611198902,,,,,,,0.0,,,0.05217112973332405,0.006647005211561918,,,0.05718453973531723,0.0,0.46817830204963684,,,,,,,,,,,,,,,,
Maxwell,5,ABE_BASE,,,,,,,,,,,,,,,,0.03846153989434242,,,,,,,,,,,,,,,,,,,,,,,,,,,,,,,,,,0.03846153989434242,0.03846153989434242,0.03846153989434242,0.03846153989434242,0.03846153989434242,0.03846153989434242,0.03846153989434242,0.03846153989434242,0.03846153989434242,0.03846153989434242,0.03846153989434242,0.03846153989434242,0.03846153989434242,0.03846153989434242,0.03846153989434242,0.03846153989434242,0.03846153989434242,0.03846153989434242,0.03846153989434242,0.03846153989434242,0.03846153989434242,0.03846153989434242,0.03846153989434242,0.03846153989434242,0.03846153989434242,,,,,,,,,,,,,,,
Maxwell,5,FAABE_NO_FIREFLY,,,,,,,,,,,,,,,,0.1666666716337204,,,,,,,,,,,,,,,,,,,,,,,,,,,,,,,,,,,,,,,,,0.1666666716337204,,,,,,,0.1666666716337204,,,,0.1666666716337204,,,0.1666666716337204,,0.1666666716337204,,,,,,,,,,,,,,,,
Maxwell,5,FAABE_NO_PEARSON,0.4662609398365021,,,,,,,,,,,,,,,0.183134064078331,,,,,,,,,,,,,,,,,,,,,,,,,,,,,,,,,,0.01625584438443184,0.08765292912721634,0.0,0.032276224344968796,0.0,0.0,0.0,0.0,0.0,0.043541185557842255,0.04062769189476967,0.04529576748609543,0.044013697654008865,0.06291249394416809,0.14440667629241943,0.033091068267822266,0.02518715336918831,0.011262908577919006,0.0,0.0,0.04986109584569931,0.05772573873400688,0.0008757520117796957,0.1218797117471695,0.0,,,,,,,,,,,,,,,
Maxwell,5,FAABE_NO_IWM,0.37504827976226807,,,,,,,,,,,,,,,0.5012109279632568,,,,,,,,,,,,,,,,,,,,,,,,,,,,,,,,,,,,,,,,,0.05281703546643257,,,,,,,0.02865048684179783,,,,0.0,,,0.07960096746683121,,0.3377205729484558,,,,,,,,,,,,,,,,
Maxwell,5,FAABE_FULL,0.37428346276283264,,,,,,,,,,,,,,,0.4132121503353119,,,,,,,,,,,,,,,,,,,,,,,,,,,,,,,,,,,,,,,,,0.042885035276412964,,,,,,,0.02792724408209324,,,,0.008514788933098316,,,0.07258082926273346,,0.43487998843193054,,,,,,,,,,,,,,,,
Maxwell,6,ABE_BASE,,,,,,,,,,,,,,,,0.03846153989434242,,,,,,,,,,,,,,,,,,,,,,,,,,,,,,,,,,0.03846153989434242,0.03846153989434242,0.03846153989434242,0.03846153989434242,0.03846153989434242,0.03846153989434242,0.03846153989434242,0.03846153989434242,0.03846153989434242,0.03846153989434242,0.03846153989434242,0.03846153989434242,0.03846153989434242,0.03846153989434242,0.03846153989434242,0.03846153989434242,0.03846153989434242,0.03846153989434242,0.03846153989434242,0.03846153989434242,0.03846153989434242,0.03846153989434242,0.03846153989434242,0.03846153989434242,0.03846153989434242,,,,,,,,,,,,,,,
Maxwell,6,FAABE_NO_FIREFLY,,,,,,,,,,,,,,,,0.1666666716337204,,,,,,,,,,,,,,,,,,,,,,,,,,,,,,,,,,,,,,,,,0.1666666716337204,,,,,,,0.1666666716337204,,,,0.1666666716337204,,,0.1666666716337204,,0.1666666716337204,,,,,,,,,,,,,,,,
Maxwell,6,FAABE_NO_PEARSON,0.5068172812461853,,,,,,,,,,,,,,,0.1879260241985321,,,,,,,,,,,,,,,,,,,,,,,,,,,,,,,,,,0.0,0.0351593978703022,0.06633895635604858,0.0,0.0,0.04317936673760414,0.02450144663453102,0.0,0.0,0.0437481515109539,0.054509442299604416,0.048477403819561005,0.023443475365638733,0.14438177645206451,0.0038104127161204815,0.0,0.09343582391738892,0.0025239947717636824,0.0,0.0757908746600151,0.0002411472232779488,0.0,0.0,0.15253235399723053,0.0,,,,,,,,,,,,,,,
Maxwell,6,FAABE_NO_IWM,0.41224461793899536,,,,,,,,,,,,,,,0.3554385006427765,,,,,,,,,,,,,,,,,,,,,,,,,,,,,,,,,,,,,,,,,0.04526262357831001,,,,,,,0.0,,,,0.035681311041116714,,,0.055729907006025314,,0.507887601852417,,,,,,,,,,,,,,,,
Maxwell,6,FAABE_FULL,0.413413405418396,,,,,,,,,,,,,,,0.39927607774734497,,,,,,,,,,,,,,,,,,,,,,,,,,,,,,,,,,,,,,,,,0.03213273361325264,,,,,,,0.0,,,,0.0,,,0.04919784516096115,,0.5193933248519897,,,,,,,,,,,,,,,,
Maxwell,7,ABE_BASE,,,,,,,,,,,,,,,,0.03846153989434242,,,,,,,,,,,,,,,,,,,,,,,,,,,,,,,,,,0.03846153989434242,0.03846153989434242,0.03846153989434242,0.03846153989434242,0.03846153989434242,0.03846153989434242,0.03846153989434242,0.03846153989434242,0.03846153989434242,0.03846153989434242,0.03846153989434242,0.03846153989434242,0.03846153989434242,0.03846153989434242,0.03846153989434242,0.03846153989434242,0.03846153989434242,0.03846153989434242,0.03846153989434242,0.03846153989434242,0.03846153989434242,0.03846153989434242,0.03846153989434242,0.03846153989434242,0.03846153989434242,,,,,,,,,,,,,,,
Maxwell,7,FAABE_NO_FIREFLY,,,,,,,,,,,,,,,,0.125,,,,,,,,,,,,,,,,,,,,,,,,,,,,,,,,,,,,,,,,,0.125,,,,,,,0.125,,,0.125,0.125,,,0.125,0.125,0.125,,,,,,,,,,,,,,,,
Maxwell,7,FAABE_NO_PEARSON,0.41301804780960083,,,,,,,,,,,,,,,0.10576300323009491,,,,,,,,,,,,,,,,,,,,,,,,,,,,,,,,,,0.0,0.03678163141012192,0.08435028046369553,0.026856541633605957,0.046177659183740616,0.11129403859376907,0.012387280352413654,0.0,0.0,0.07164303213357925,0.09482124447822571,0.0,0.05420561507344246,0.005167235154658556,0.02225889451801777,0.0,0.09661784023046494,0.024729780852794647,0.0,0.0,0.02693702094256878,0.0,0.03255203738808632,0.14745689928531647,0.0,,,,,,,,,,,,,,,
Maxwell,7,FAABE_NO_IWM,0.3478859066963196,,,,,,,,,,,,,,,0.5437090992927551,,,,,,,,,,,,,,,,,,,,,,,,,,,,,,,,,,,,,,,,,0.0,,,,,,,0.0,,,0.047593582421541214,0.0,,,0.0,0.03407513350248337,0.3746222257614136,,,,,,,,,,,,,,,,
Maxwell,7,FAABE_FULL,0.3551250994205475,,,,,,,,,,,,,,,0.4439302384853363,,,,,,,,,,,,,,,,,,,,,,,,,,,,,,,,,,,,,,,,,0.0,,,,,,,0.0,,,0.04037022963166237,0.0,,,0.0,0.04978847876191139,0.46591106057167053,,,,,,,,,,,,,,,,
Maxwell,8,ABE_BASE,,,,,,,,,,,,,,,,0.03846153989434242,,,,,,,,,,,,,,,,,,,,,,,,,,,,,,,,,,0.03846153989434242,0.03846153989434242,0.03846153989434242,0.03846153989434242,0.03846153989434242,0.03846153989434242,0.03846153989434242,0.03846153989434242,0.03846153989434242,0.03846153989434242,0.03846153989434242,0.03846153989434242,0.03846153989434242,0.03846153989434242,0.03846153989434242,0.03846153989434242,0.03846153989434242,0.03846153989434242,0.03846153989434242,0.03846153989434242,0.03846153989434242,0.03846153989434242,0.03846153989434242,0.03846153989434242,0.03846153989434242,,,,,,,,,,,,,,,
Maxwell,8,FAABE_NO_FIREFLY,,,,,,,,,,,,,,,,0.125,,,,,,,,,,,,,,,,,,,,,,,,,,,,,,,,,,,,,,,,,0.125,,,,,,,0.125,,,0.125,0.125,,,0.125,0.125,0.125,,,,,,,,,,,,,,,,
Maxwell,8,FAABE_NO_PEARSON,0.4456152319908142,,,,,,,,,,,,,,,0.21613775193691254,,,,,,,,,,,,,,,,,,,,,,,,,,,,,,,,,,0.0,0.019469453021883965,0.0,0.12253151834011078,0.049486540257930756,0.0,0.07660360634326935,0.0,0.0,0.0,0.11111381649971008,0.0,0.0013725581811740994,0.0,0.05479166656732559,0.0,0.0,0.07563405483961105,0.0,0.01027309987694025,0.02979598566889763,0.007859128527343273,0.0,0.20510540902614594,0.019825398921966553,,,,,,,,,,,,,,,
Maxwell,8,FAABE_NO_IWM,0.34121814370155334,,,,,,,,,,,,,,,0.35893186926841736,,,,,,,,,,,,,,,,,,,,,,,,,,,,,,,,,,,,,,,,,0.0,,,,,,,0.0,,,0.03875105828046799,0.039866119623184204,,,0.04691951721906662,0.0,0.5155314803123474,,,,,,,,,,,,,,,,
Maxwell,8,FAABE_FULL,0.3636634051799774,,,,,,,,,,,,,,,0.4690437614917755,,,,,,,,,,,,,,,,,,,,,,,,,,,,,,,,,,,,,,,,,0.03457363322377205,,,,,,,0.0,,,0.02133498527109623,0.012441594153642654,,,0.05985282361507416,0.004269964527338743,0.3984832763671875,,,,,,,,,,,,,,,,
Maxwell,9,ABE_BASE,,,,,,,,,,,,,,,,0.03846153989434242,,,,,,,,,,,,,,,,,,,,,,,,,,,,,,,,,,0.03846153989434242,0.03846153989434242,0.03846153989434242,0.03846153989434242,0.03846153989434242,0.03846153989434242,0.03846153989434242,0.03846153989434242,0.03846153989434242,0.03846153989434242,0.03846153989434242,0.03846153989434242,0.03846153989434242,0.03846153989434242,0.03846153989434242,0.03846153989434242,0.03846153989434242,0.03846153989434242,0.03846153989434242,0.03846153989434242,0.03846153989434242,0.03846153989434242,0.03846153989434242,0.03846153989434242,0.03846153989434242,,,,,,,,,,,,,,,
Maxwell,9,FAABE_NO_FIREFLY,,,,,,,,,,,,,,,,0.1428571492433548,,,,,,,,,,,,,,,,,,,,,,,,,,,,,,,,,,,,,,,,,,0.1428571492433548,,,,,,0.1428571492433548,0.1428571492433548,,,0.1428571492433548,,,0.1428571492433548,,0.1428571492433548,,,,,,,,,,,,,,,,
Maxwell,9,FAABE_NO_PEARSON,0.5115455389022827,,,,,,,,,,,,,,,0.17814652621746063,,,,,,,,,,,,,,,,,,,,,,,,,,,,,,,,,,0.0,0.01296686939895153,0.03221169486641884,0.0,0.0,0.0,0.02663625404238701,0.0,0.0,0.05613001063466072,0.036368053406476974,0.0,0.011663533747196198,0.0,0.10007193684577942,0.009712429717183113,0.1626024842262268,0.04872937500476837,0.0012218214105814695,0.0,0.040453940629959106,0.026155974715948105,0.06934835016727448,0.10804829001426697,0.07953250408172607,,,,,,,,,,,,,,,
Maxwell,9,FAABE_NO_IWM,0.43314027786254883,,,,,,,,,,,,,,,0.3582989275455475,,,,,,,,,,,,,,,,,,,,,,,,,,,,,,,,,,,,,,,,,,0.053696732968091965,,,,,,0.0,0.0,,,0.0,,,0.180734783411026,,0.40726950764656067,,,,,,,,,,,,,,,,
Maxwell,9,FAABE_FULL,0.44943761825561523,,,,,,,,,,,,,,,0.5310162305831909,,,,,,,,,,,,,,,,,,,,,,,,,,,,,,,,,,,,,,,,,,0.0,,,,,,0.0,0.0,,,0.009571914561092854,,,0.03423982858657837,,0.42517203092575073,,,,,,,,,,,,,,,,
Maxwell,10,ABE_BASE,,,,,,,,,,,,,,,,0.03846153989434242,,,,,,,,,,,,,,,,,,,,,,,,,,,,,,,,,,0.03846153989434242,0.03846153989434242,0.03846153989434242,0.03846153989434242,0.03846153989434242,0.03846153989434242,0.03846153989434242,0.03846153989434242,0.03846153989434242,0.03846153989434242,0.03846153989434242,0.03846153989434242,0.03846153989434242,0.03846153989434242,0.03846153989434242,0.03846153989434242,0.03846153989434242,0.03846153989434242,0.03846153989434242,0.03846153989434242,0.03846153989434242,0.03846153989434242,0.03846153989434242,0.03846153989434242,0.03846153989434242,,,,,,,,,,,,,,,
Maxwell,10,FAABE_NO_FIREFLY,,,,,,,,,,,,,,,,0.1666666716337204,,,,,,,,,,,,,,,,,,,,,,,,,,,,,,,,,,,,,,,,,0.1666666716337204,,,,,,,0.1666666716337204,,,,0.1666666716337204,,,0.1666666716337204,,0.1666666716337204,,,,,,,,,,,,,,,,
Maxwell,10,FAABE_NO_PEARSON,0.5249608755111694,,,,,,,,,,,,,,,0.143673837184906,,,,,,,,,,,,,,,,,,,,,,,,,,,,,,,,,,0.0,0.0,0.03411157429218292,0.02920437976717949,0.0,0.20116940140724182,0.0,0.044467244297266006,0.03829766437411308,0.0426967553794384,0.0,0.02897007204592228,0.1333913505077362,0.0,0.0,0.06005887687206268,0.0831139013171196,0.017332587391138077,0.0,0.0,0.0,0.0,0.0,0.14351242780685425,0.0,,,,,,,,,,,,,,,
Maxwell,10,FAABE_NO_IWM,0.44035249948501587,,,,,,,,,,,,,,,0.39980241656303406,,,,,,,,,,,,,,,,,,,,,,,,,,,,,,,,,,,,,,,,,0.061836645007133484,,,,,,,0.0,,,,0.027633167803287506,,,0.06273052096366882,,0.4479973018169403,,,,,,,,,,,,,,,,
Maxwell,10,FAABE_FULL,0.4073096811771393,,,,,,,,,,,,,,,0.3985760509967804,,,,,,,,,,,,,,,,,,,,,,,,,,,,,,,,,,,,,,,,,0.03426089882850647,,,,,,,0.0,,,,0.0,,,0.03672058880329132,,0.5304424166679382,,,,,,,,,,,,,,,,
Miyazaki94,1,ABE_BASE,,,,,,,,,,,,,,,,,,,,,,,,,,,,,,,,,,,,,,,,,,,,,,,,,,,,,,,,,,,,,,,,,,,,,,,,,,,0.1428571492433548,0.1428571492433548,0.1428571492433548,0.1428571492433548,0.1428571492433548,0.1428571492433548,0.1428571492433548,,,,,,,,
Miyazaki94,1,FAABE_NO_FIREFLY,,,,,,,,,,,,,,,,,,,,,,,,,,,,,,,,,,,,,,,,,,,,,,,,,,,,,,,,,,,,,,,,,,,,,,,,,,,0.1428571492433548,0.1428571492433548,0.1428571492433548,0.1428571492433548,0.1428571492433548,0.1428571492433548,0.1428571492433548,,,,,,,,
Miyazaki94,1,FAABE_NO_PEARSON,0.3190767168998718,,,,,,,,,,,,,,,,,,,,,,,,,,,,,,,,,,,,,,,,,,,,,,,,,,,,,,,,,,,,,,,,,,,,,,,,,,0.5511171221733093,0.011843790300190449,0.001104691531509161,0.0,0.0,0.0,0.4359343945980072,,,,,,,,
Miyazaki94,1,FAABE_NO_IWM,0.32901257276535034,,,,,,,,,,,,,,,,,,,,,,,,,,,,,,,,,,,,,,,,,,,,,,,,,,,,,,,,,,,,,,,,,,,,,,,,,,0.5029730796813965,0.022400669753551483,0.05215674266219139,0.0,0.0,0.0,0.42246949672698975,,,,,,,,
Miyazaki94,1,FAABE_FULL,0.3192482888698578,,,,,,,,,,,,,,,,,,,,,,,,,,,,,,,,,,,,,,,,,,,,,,,,,,,,,,,,,,,,,,,,,,,,,,,,,,0.5712239146232605,0.0,0.0,0.0007675915840081871,0.021412640810012817,0.0,0.4065958559513092,,,,,,,,
Miyazaki94,2,ABE_BASE,,,,,,,,,,,,,,,,,,,,,,,,,,,,,,,,,,,,,,,,,,,,,,,,,,,,,,,,,,,,,,,,,,,,,,,,,,,0.1428571492433548,0.1428571492433548,0.1428571492433548,0.1428571492433548,0.1428571492433548,0.1428571492433548,0.1428571492433548,,,,,,,,
Miyazaki94,2,FAABE_NO_FIREFLY,,,,,,,,,,,,,,,,,,,,,,,,,,,,,,,,,,,,,,,,,,,,,,,,,,,,,,,,,,,,,,,,,,,,,,,,,,,0.1428571492433548,0.1428571492433548,0.1428571492433548,0.1428571492433548,0.1428571492433548,0.1428571492433548,0.1428571492433548,,,,,,,,
Miyazaki94,2,FAABE_NO_PEARSON,0.3415915369987488,,,,,,,,,,,,,,,,,,,,,,,,,,,,,,,,,,,,,,,,,,,,,,,,,,,,,,,,,,,,,,,,,,,,,,,,,,0.29702773690223694,0.5540404915809631,0.0,0.045115161687135696,0.0,0.0,0.10381662100553513,,,,,,,,
Miyazaki94,2,FAABE_NO_IWM,0.34495434165000916,,,,,,,,,,,,,,,,,,,,,,,,,,,,,,,,,,,,,,,,,,,,,,,,,,,,,,,,,,,,,,,,,,,,,,,,,,0.28613966703414917,0.5747160315513611,0.0,0.061875391751527786,0.0029466135893017054,0.0,0.07432225346565247,,,,,,,,
Miyazaki94,2,FAABE_FULL,0.3574770390987396,,,,,,,,,,,,,,,,,,,,,,,,,,,,,,,,,,,,,,,,,,,,,,,,,,,,,,,,,,,,,,,,,,,,,,,,,,0.5196138024330139,0.0,0.0,0.010508524253964424,0.147661492228508,0.0,0.3222162425518036,,,,,,,,
Miyazaki94,3,ABE_BASE,,,,,,,,,,,,,,,,,,,,,,,,,,,,,,,,,,,,,,,,,,,,,,,,,,,,,,,,,,,,,,,,,,,,,,,,,,,0.1428571492433548,0.1428571492433548,0.1428571492433548,0.1428571492433548,0.1428571492433548,0.1428571492433548,0.1428571492433548,,,,,,,,
Miyazaki94,3,FAABE_NO_FIREFLY,,,,,,,,,,,,,,,,,,,,,,,,,,,,,,,,,,,,,,,,,,,,,,,,,,,,,,,,,,,,,,,,,,,,,,,,,,,0.1428571492433548,0.1428571492433548,0.1428571492433548,0.1428571492433548,0.1428571492433548,0.1428571492433548,0.1428571492433548,,,,,,,,
Miyazaki94,3,FAABE_NO_PEARSON,0.3698199391365051,,,,,,,,,,,,,,,,,,,,,,,,,,,,,,,,,,,,,,,,,,,,,,,,,,,,,,,,,,,,,,,,,,,,,,,,,,0.44168737530708313,0.10511252284049988,0.0,0.12525998055934906,0.12711109220981598,0.0,0.20082902908325195,,,,,,,,
Miyazaki94,3,FAABE_NO_IWM,0.3626123070716858,,,,,,,,,,,,,,,,,,,,,,,,,,,,,,,,,,,,,,,,,,,,,,,,,,,,,,,,,,,,,,,,,,,,,,,,,,0.4971606731414795,0.09960931539535522,0.0,0.1589631736278534,0.1324058473110199,0.0,0.11186093091964722,,,,,,,,
Miyazaki94,3,FAABE_FULL,0.3598189353942871,,,,,,,,,,,,,,,,,,,,,,,,,,,,,,,,,,,,,,,,,,,,,,,,,,,,,,,,,,,,,,,,,,,,,,,,,,0.3385506570339203,0.31607586145401,0.0,0.013505916111171246,0.19827048480510712,0.026138706132769585,0.10745839029550552,,,,,,,,
Miyazaki94,4,ABE_BASE,,,,,,,,,,,,,,,,,,,,,,,,,,,,,,,,,,,,,,,,,,,,,,,,,,,,,,,,,,,,,,,,,,,,,,,,,,,0.1428571492433548,0.1428571492433548,0.1428571492433548,0.1428571492433548,0.1428571492433548,0.1428571492433548,0.1428571492433548,,,,,,,,
Miyazaki94,4,FAABE_NO_FIREFLY,,,,,,,,,,,,,,,,,,,,,,,,,,,,,,,,,,,,,,,,,,,,,,,,,,,,,,,,,,,,,,,,,,,,,,,,,,,0.1428571492433548,0.1428571492433548,0.1428571492433548,0.1428571492433548,0.1428571492433548,0.1428571492433548,0.1428571492433548,,,,,,,,
Miyazaki94,4,FAABE_NO_PEARSON,0.3364064693450928,,,,,,,,,,,,,,,,,,,,,,,,,,,,,,,,,,,,,,,,,,,,,,,,,,,,,,,,,,,,,,,,,,,,,,,,,,0.4711988866329193,0.09351708739995956,0.0,0.21918630599975586,0.043026264756917953,0.0,0.17307154834270477,,,,,,,,
Miyazaki94,4,FAABE_NO_IWM,0.33224743604660034,,,,,,,,,,,,,,,,,,,,,,,,,,,,,,,,,,,,,,,,,,,,,,,,,,,,,,,,,,,,,,,,,,,,,,,,,,0.7550519108772278,0.013331982307136059,0.0,0.0,0.11109381169080734,0.0,0.12052219361066818,,,,,,,,
Miyazaki94,4,FAABE_FULL,0.3380337655544281,,,,,,,,,,,,,,,,,,,,,,,,,,,,,,,,,,,,,,,,,,,,,,,,,,,,,,,,,,,,,,,,,,,,,,,,,,0.6220648884773254,0.0,0.0,0.019216841086745262,0.15531261265277863,0.0,0.20340567827224731,,,,,,,,
Miyazaki94,5,ABE_BASE,,,,,,,,,,,,,,,,,,,,,,,,,,,,,,,,,,,,,,,,,,,,,,,,,,,,,,,,,,,,,,,,,,,,,,,,,,,0.1428571492433548,0.1428571492433548,0.1428571492433548,0.1428571492433548,0.1428571492433548,0.1428571492433548,0.1428571492433548,,,,,,,,
Miyazaki94,5,FAABE_NO_FIREFLY,,,,,,,,,,,,,,,,,,,,,,,,,,,,,,,,,,,,,,,,,,,,,,,,,,,,,,,,,,,,,,,,,,,,,,,,,,,0.1428571492433548,0.1428571492433548,0.1428571492433548,0.1428571492433548,0.1428571492433548,0.1428571492433548,0.1428571492433548,,,,,,,,
Miyazaki94,5,FAABE_NO_PEARSON,0.39446887373924255,,,,,,,,,,,,,,,,,,,,,,,,,,,,,,,,,,,,,,,,,,,,,,,,,,,,,,,,,,,,,,,,,,,,,,,,,,0.5575417876243591,0.03689296171069145,0.0,0.0,0.06909338384866714,0.0,0.33647194504737854,,,,,,,,
Miyazaki94,5,FAABE_NO_IWM,0.3960059881210327,,,,,,,,,,,,,,,,,,,,,,,,,,,,,,,,,,,,,,,,,,,,,,,,,,,,,,,,,,,,,,,,,,,,,,,,,,0.2135225534439087,0.5495313405990601,0.0,0.0,0.0,0.0,0.23694616556167603,,,,,,,,
Miyazaki94,5,FAABE_FULL,0.39529794454574585,,,,,,,,,,,,,,,,,,,,,,,,,,,,,,,,,,,,,,,,,,,,,,,,,,,,,,,,,,,,,,,,,,,,,,,,,,0.22296543419361115,0.5505926012992859,0.0,0.0,0.0,0.0,0.22644196450710297,,,,,,,,
Miyazaki94,6,ABE_BASE,,,,,,,,,,,,,,,,,,,,,,,,,,,,,,,,,,,,,,,,,,,,,,,,,,,,,,,,,,,,,,,,,,,,,,,,,,,0.1428571492433548,0.1428571492433548,0.1428571492433548,0.1428571492433548,0.1428571492433548,0.1428571492433548,0.1428571492433548,,,,,,,,
Miyazaki94,6,FAABE_NO_FIREFLY,,,,,,,,,,,,,,,,,,,,,,,,,,,,,,,,,,,,,,,,,,,,,,,,,,,,,,,,,,,,,,,,,,,,,,,,,,,0.1428571492433548,0.1428571492433548,0.1428571492433548,0.1428571492433548,0.1428571492433548,0.1428571492433548,0.1428571492433548,,,,,,,,
Miyazaki94,6,FAABE_NO_PEARSON,0.34268391132354736,,,,,,,,,,,,,,,,,,,,,,,,,,,,,,,,,,,,,,,,,,,,,,,,,,,,,,,,,,,,,,,,,,,,,,,,,,0.6333277225494385,0.1747814118862152,0.0,0.0,0.1388798952102661,0.0,0.0530109629034996,,,,,,,,
Miyazaki94,6,FAABE_NO_IWM,0.34769660234451294,,,,,,,,,,,,,,,,,,,,,,,,,,,,,,,,,,,,,,,,,,,,,,,,,,,,,,,,,,,,,,,,,,,,,,,,,,0.6450939178466797,0.22111162543296814,0.01328655332326889,0.0,0.0,0.0,0.12050791829824448,,,,,,,,
Miyazaki94,6,FAABE_FULL,0.35741090774536133,,,,,,,,,,,,,,,,,,,,,,,,,,,,,,,,,,,,,,,,,,,,,,,,,,,,,,,,,,,,,,,,,,,,,,,,,,0.5460029244422913,0.2237597107887268,0.02620564214885235,0.0,0.19003064930438995,0.014001099392771721,0.0,,,,,,,,
Miyazaki94,7,ABE_BASE,,,,,,,,,,,,,,,,,,,,,,,,,,,,,,,,,,,,,,,,,,,,,,,,,,,,,,,,,,,,,,,,,,,,,,,,,,,0.1428571492433548,0.1428571492433548,0.1428571492433548,0.1428571492433548,0.1428571492433548,0.1428571492433548,0.1428571492433548,,,,,,,,
Miyazaki94,7,FAABE_NO_FIREFLY,,,,,,,,,,,,,,,,,,,,,,,,,,,,,,,,,,,,,,,,,,,,,,,,,,,,,,,,,,,,,,,,,,,,,,,,,,,0.1428571492433548,0.1428571492433548,0.1428571492433548,0.1428571492433548,0.1428571492433548,0.1428571492433548,0.1428571492433548,,,,,,,,
Miyazaki94,7,FAABE_NO_PEARSON,0.37358513474464417,,,,,,,,,,,,,,,,,,,,,,,,,,,,,,,,,,,,,,,,,,,,,,,,,,,,,,,,,,,,,,,,,,,,,,,,,,0.6098352670669556,0.058632154017686844,0.0013202013215050101,0.06967554241418839,0.06382685154676437,0.0,0.19670997560024261,,,,,,,,
Miyazaki94,7,FAABE_NO_IWM,0.36787083745002747,,,,,,,,,,,,,,,,,,,,,,,,,,,,,,,,,,,,,,,,,,,,,,,,,,,,,,,,,,,,,,,,,,,,,,,,,,0.48028701543807983,0.04715241864323616,0.04543949291110039,0.08575750887393951,0.10228703916072845,0.0,0.23907655477523804,,,,,,,,
Miyazaki94,7,FAABE_FULL,0.36779269576072693,,,,,,,,,,,,,,,,,,,,,,,,,,,,,,,,,,,,,,,,,,,,,,,,,,,,,,,,,,,,,,,,,,,,,,,,,,0.5570372343063354,0.0548945851624012,0.02113056369125843,0.02969370409846306,0.09444274753332138,0.0,0.24280117452144623,,,,,,,,
Miyazaki94,8,ABE_BASE,,,,,,,,,,,,,,,,,,,,,,,,,,,,,,,,,,,,,,,,,,,,,,,,,,,,,,,,,,,,,,,,,,,,,,,,,,,0.1428571492433548,0.1428571492433548,0.1428571492433548,0.1428571492433548,0.1428571492433548,0.1428571492433548,0.1428571492433548,,,,,,,,
Miyazaki94,8,FAABE_NO_FIREFLY,,,,,,,,,,,,,,,,,,,,,,,,,,,,,,,,,,,,,,,,,,,,,,,,,,,,,,,,,,,,,,,,,,,,,,,,,,,0.1428571492433548,0.1428571492433548,0.1428571492433548,0.1428571492433548,0.1428571492433548,0.1428571492433548,0.1428571492433548,,,,,,,,
Miyazaki94,8,FAABE_NO_PEARSON,0.3852168321609497,,,,,,,,,,,,,,,,,,,,,,,,,,,,,,,,,,,,,,,,,,,,,,,,,,,,,,,,,,,,,,,,,,,,,,,,,,0.4632800817489624,0.10740125924348831,0.0,0.22295059263706207,0.08963004499673843,0.0,0.11673802137374878,,,,,,,,
Miyazaki94,8,FAABE_NO_IWM,0.3791855275630951,,,,,,,,,,,,,,,,,,,,,,,,,,,,,,,,,,,,,,,,,,,,,,,,,,,,,,,,,,,,,,,,,,,,,,,,,,0.2188839614391327,0.29127779603004456,0.0,0.0,0.02583678811788559,0.0,0.46400147676467896,,,,,,,,
Miyazaki94,8,FAABE_FULL,0.387881875038147,,,,,,,,,,,,,,,,,,,,,,,,,,,,,,,,,,,,,,,,,,,,,,,,,,,,,,,,,,,,,,,,,,,,,,,,,,0.5429974794387817,0.09180927276611328,0.0,0.2694109082221985,0.0912078395485878,0.0,0.004574493505060673,,,,,,,,
Miyazaki94,9,ABE_BASE,,,,,,,,,,,,,,,,,,,,,,,,,,,,,,,,,,,,,,,,,,,,,,,,,,,,,,,,,,,,,,,,,,,,,,,,,,,0.1428571492433548,0.1428571492433548,0.1428571492433548,0.1428571492433548,0.1428571492433548,0.1428571492433548,0.1428571492433548,,,,,,,,
Miyazaki94,9,FAABE_NO_FIREFLY,,,,,,,,,,,,,,,,,,,,,,,,,,,,,,,,,,,,,,,,,,,,,,,,,,,,,,,,,,,,,,,,,,,,,,,,,,,0.1428571492433548,0.1428571492433548,0.1428571492433548,0.1428571492433548,0.1428571492433548,0.1428571492433548,0.1428571492433548,,,,,,,,
Miyazaki94,9,FAABE_NO_PEARSON,0.3897493779659271,,,,,,,,,,,,,,,,,,,,,,,,,,,,,,,,,,,,,,,,,,,,,,,,,,,,,,,,,,,,,,,,,,,,,,,,,,0.507844090461731,0.21168416738510132,0.0,0.1353302299976349,0.09943649172782898,0.0,0.04570499807596207,,,,,,,,
Miyazaki94,9,FAABE_NO_IWM,0.39986902475357056,,,,,,,,,,,,,,,,,,,,,,,,,,,,,,,,,,,,,,,,,,,,,,,,,,,,,,,,,,,,,,,,,,,,,,,,,,0.4708554446697235,0.1644156575202942,0.0,0.1639423966407776,0.11987844109535217,0.0,0.08090808987617493,,,,,,,,
Miyazaki94,9,FAABE_FULL,0.4008859097957611,,,,,,,,,,,,,,,,,,,,,,,,,,,,,,,,,,,,,,,,,,,,,,,,,,,,,,,,,,,,,,,,,,,,,,,,,,0.5422624349594116,0.14539042115211487,0.0,0.08346911519765854,0.12047350406646729,0.0,0.10840456187725067,,,,,,,,
Miyazaki94,10,ABE_BASE,,,,,,,,,,,,,,,,,,,,,,,,,,,,,,,,,,,,,,,,,,,,,,,,,,,,,,,,,,,,,,,,,,,,,,,,,,,0.1428571492433548,0.1428571492433548,0.1428571492433548,0.1428571492433548,0.1428571492433548,0.1428571492433548,0.1428571492433548,,,,,,,,
Miyazaki94,10,FAABE_NO_FIREFLY,,,,,,,,,,,,,,,,,,,,,,,,,,,,,,,,,,,,,,,,,,,,,,,,,,,,,,,,,,,,,,,,,,,,,,,,,,,0.1428571492433548,0.1428571492433548,0.1428571492433548,0.1428571492433548,0.1428571492433548,0.1428571492433548,0.1428571492433548,,,,,,,,
Miyazaki94,10,FAABE_NO_PEARSON,0.3801325559616089,,,,,,,,,,,,,,,,,,,,,,,,,,,,,,,,,,,,,,,,,,,,,,,,,,,,,,,,,,,,,,,,,,,,,,,,,,0.4533143937587738,0.0855749174952507,0.0,0.20071901381015778,0.0713193342089653,0.0,0.18907232582569122,,,,,,,,
Miyazaki94,10,FAABE_NO_IWM,0.36520639061927795,,,,,,,,,,,,,,,,,,,,,,,,,,,,,,,,,,,,,,,,,,,,,,,,,,,,,,,,,,,,,,,,,,,,,,,,,,0.4813705086708069,0.0,0.0,0.07060334086418152,0.0,0.0,0.448026180267334,,,,,,,,
Miyazaki94,10,FAABE_FULL,0.37728267908096313,,,,,,,,,,,,,,,,,,,,,,,,,,,,,,,,,,,,,,,,,,,,,,,,,,,,,,,,,,,,,,,,,,,,,,,,,,0.5140384435653687,0.0,0.0,0.10686930269002914,0.0,0.0,0.3790923058986664,,,,,,,,
Subbiah,1,ABE_BASE,,,,,,,,,,,,,,,,,,,,,,,,,,,,,,,,,,,,,,,,,,,,,,,,,,,,,,,,,,,,,,,,,,,,,,,,,,,,,,,,,,0.1666666716337204,0.1666666716337204,0.1666666716337204,0.1666666716337204,0.1666666716337204,0.1666666716337204,,
Subbiah,1,FAABE_NO_FIREFLY,,,,,,,,,,,,,,,,,,,,,,,,,,,,,,,,,,,,,,,,,,,,,,,,,,,,,,,,,,,,,,,,,,,,,,,,,,,,,,,,,,0.1666666716337204,0.1666666716337204,0.1666666716337204,0.1666666716337204,0.1666666716337204,0.1666666716337204,,
Subbiah,1,FAABE_NO_PEARSON,1.194423794746399,,,,,,,,,,,,,,,,,,,,,,,,,,,,,,,,,,,,,,,,,,,,,,,,,,,,,,,,,,,,,,,,,,,,,,,,,,,,,,,,,0.0,0.1211923360824585,0.01603526435792446,0.10815446078777313,0.0,0.7546178698539734,,
Subbiah,1,FAABE_NO_IWM,1.1084908246994019,,,,,,,,,,,,,,,,,,,,,,,,,,,,,,,,,,,,,,,,,,,,,,,,,,,,,,,,,,,,,,,,,,,,,,,,,,,,,,,,,0.0,0.18893618881702423,0.014407504349946976,0.07645673304796219,0.0,0.7201995849609375,,
Subbiah,1,FAABE_FULL,1.1656522750854492,,,,,,,,,,,,,,,,,,,,,,,,,,,,,,,,,,,,,,,,,,,,,,,,,,,,,,,,,,,,,,,,,,,,,,,,,,,,,,,,,0.0,0.1848510056734085,0.046233996748924255,0.09332507103681564,0.0,0.675589919090271,,
Subbiah,2,ABE_BASE,,,,,,,,,,,,,,,,,,,,,,,,,,,,,,,,,,,,,,,,,,,,,,,,,,,,,,,,,,,,,,,,,,,,,,,,,,,,,,,,,,0.1666666716337204,0.1666666716337204,0.1666666716337204,0.1666666716337204,0.1666666716337204,0.1666666716337204,,
Subbiah,2,FAABE_NO_FIREFLY,,,,,,,,,,,,,,,,,,,,,,,,,,,,,,,,,,,,,,,,,,,,,,,,,,,,,,,,,,,,,,,,,,,,,,,,,,,,,,,,,,0.1666666716337204,0.1666666716337204,0.1666666716337204,0.1666666716337204,0.1666666716337204,0.1666666716337204,,
Subbiah,2,FAABE_NO_PEARSON,1.2162472009658813,,,,,,,,,,,,,,,,,,,,,,,,,,,,,,,,,,,,,,,,,,,,,,,,,,,,,,,,,,,,,,,,,,,,,,,,,,,,,,,,,0.0,0.03708122670650482,0.0,0.0473550483584404,0.005444644019007683,0.9101190567016602,,
Subbiah,2,FAABE_NO_IWM,1.7879629135131836,,,,,,,,,,,,,,,,,,,,,,,,,,,,,,,,,,,,,,,,,,,,,,,,,,,,,,,,,,,,,,,,,,,,,,,,,,,,,,,,,0.0,0.30935046076774597,0.017965126782655716,0.17111428081989288,0.3958551585674286,0.10571498423814774,,
Subbiah,2,FAABE_FULL,1.202207088470459,,,,,,,,,,,,,,,,,,,,,,,,,,,,,,,,,,,,,,,,,,,,,,,,,,,,,,,,,,,,,,,,,,,,,,,,,,,,,,,,,0.0,0.04552777111530304,0.0,0.027451468631625175,0.0,0.927020788192749,,
Subbiah,3,ABE_BASE,,,,,,,,,,,,,,,,,,,,,,,,,,,,,,,,,,,,,,,,,,,,,,,,,,,,,,,,,,,,,,,,,,,,,,,,,,,,,,,,,,0.1666666716337204,0.1666666716337204,0.1666666716337204,0.1666666716337204,0.1666666716337204,0.1666666716337204,,
Subbiah,3,FAABE_NO_FIREFLY,,,,,,,,,,,,,,,,,,,,,,,,,,,,,,,,,,,,,,,,,,,,,,,,,,,,,,,,,,,,,,,,,,,,,,,,,,,,,,,,,,0.20000000298023224,0.20000000298023224,0.20000000298023224,0.20000000298023224,0.20000000298023224,,,
Subbiah,3,FAABE_NO_PEARSON,1.1506130695343018,,,,,,,,,,,,,,,,,,,,,,,,,,,,,,,,,,,,,,,,,,,,,,,,,,,,,,,,,,,,,,,,,,,,,,,,,,,,,,,,,0.0,0.03686174377799034,0.0,0.19215461611747742,0.030117269605398178,0.7408664226531982,,
Subbiah,3,FAABE_NO_IWM,1.5786033868789673,,,,,,,,,,,,,,,,,,,,,,,,,,,,,,,,,,,,,,,,,,,,,,,,,,,,,,,,,,,,,,,,,,,,,,,,,,,,,,,,,0.44479867815971375,0.28330597281455994,0.0,0.11608832329511642,0.15580707788467407,,,
Subbiah,3,FAABE_FULL,1.6104919910430908,,,,,,,,,,,,,,,,,,,,,,,,,,,,,,,,,,,,,,,,,,,,,,,,,,,,,,,,,,,,,,,,,,,,,,,,,,,,,,,,,0.03116818331182003,0.058452967554330826,0.7356603145599365,0.17471860349178314,0.0,,,
Subbiah,4,ABE_BASE,,,,,,,,,,,,,,,,,,,,,,,,,,,,,,,,,,,,,,,,,,,,,,,,,,,,,,,,,,,,,,,,,,,,,,,,,,,,,,,,,,0.1666666716337204,0.1666666716337204,0.1666666716337204,0.1666666716337204,0.1666666716337204,0.1666666716337204,,
Subbiah,4,FAABE_NO_FIREFLY,,,,,,,,,,,,,,,,,,,,,,,,,,,,,,,,,,,,,,,,,,,,,,,,,,,,,,,,,,,,,,,,,,,,,,,,,,,,,,,,,,0.1666666716337204,0.1666666716337204,0.1666666716337204,0.1666666716337204,0.1666666716337204,0.1666666716337204,,
Subbiah,4,FAABE_NO_PEARSON,1.1946572065353394,,,,,,,,,,,,,,,,,,,,,,,,,,,,,,,,,,,,,,,,,,,,,,,,,,,,,,,,,,,,,,,,,,,,,,,,,,,,,,,,,0.0,0.11130836606025696,0.06398528069257736,0.1424442082643509,0.4837918281555176,0.198470339179039,,
Subbiah,4,FAABE_NO_IWM,1.0420340299606323,,,,,,,,,,,,,,,,,,,,,,,,,,,,,,,,,,,,,,,,,,,,,,,,,,,,,,,,,,,,,,,,,,,,,,,,,,,,,,,,,0.013514558784663677,0.15421830117702484,0.0,0.05523977428674698,0.0,0.7770273089408875,,
Subbiah,4,FAABE_FULL,1.1875063180923462,,,,,,,,,,,,,,,,,,,,,,,,,,,,,,,,,,,,,,,,,,,,,,,,,,,,,,,,,,,,,,,,,,,,,,,,,,,,,,,,,0.13536973297595978,0.10747741162776947,0.0,0.11935919523239136,0.2701019048690796,0.3676918148994446,,
Subbiah,5,ABE_BASE,,,,,,,,,,,,,,,,,,,,,,,,,,,,,,,,,,,,,,,,,,,,,,,,,,,,,,,,,,,,,,,,,,,,,,,,,,,,,,,,,,0.1666666716337204,0.1666666716337204,0.1666666716337204,0.1666666716337204,0.1666666716337204,0.1666666716337204,,
Subbiah,5,FAABE_NO_FIREFLY,,,,,,,,,,,,,,,,,,,,,,,,,,,,,,,,,,,,,,,,,,,,,,,,,,,,,,,,,,,,,,,,,,,,,,,,,,,,,,,,,,0.1666666716337204,0.1666666716337204,0.1666666716337204,0.1666666716337204,0.1666666716337204,0.1666666716337204,,
Subbiah,5,FAABE_NO_PEARSON,1.0542292594909668,,,,,,,,,,,,,,,,,,,,,,,,,,,,,,,,,,,,,,,,,,,,,,,,,,,,,,,,,,,,,,,,,,,,,,,,,,,,,,,,,0.0,0.04659881070256233,0.0,0.09249375015497208,0.0,0.8609074354171753,,
Subbiah,5,FAABE_NO_IWM,1.020216941833496,,,,,,,,,,,,,,,,,,,,,,,,,,,,,,,,,,,,,,,,,,,,,,,,,,,,,,,,,,,,,,,,,,,,,,,,,,,,,,,,,0.0,0.08871742337942123,0.0,0.04787091910839081,0.0,0.8634116649627686,,
Subbiah,5,FAABE_FULL,1.0655224323272705,,,,,,,,,,,,,,,,,,,,,,,,,,,,,,,,,,,,,,,,,,,,,,,,,,,,,,,,,,,,,,,,,,,,,,,,,,,,,,,,,0.0,0.04128585010766983,0.0,0.08015450835227966,0.0,0.8785596489906311,,
Subbiah,6,ABE_BASE,,,,,,,,,,,,,,,,,,,,,,,,,,,,,,,,,,,,,,,,,,,,,,,,,,,,,,,,,,,,,,,,,,,,,,,,,,,,,,,,,,0.1666666716337204,0.1666666716337204,0.1666666716337204,0.1666666716337204,0.1666666716337204,0.1666666716337204,,
Subbiah,6,FAABE_NO_FIREFLY,,,,,,,,,,,,,,,,,,,,,,,,,,,,,,,,,,,,,,,,,,,,,,,,,,,,,,,,,,,,,,,,,,,,,,,,,,,,,,,,,,0.20000000298023224,0.20000000298023224,0.20000000298023224,0.20000000298023224,,0.20000000298023224,,
Subbiah,6,FAABE_NO_PEARSON,1.339648723602295,,,,,,,,,,,,,,,,,,,,,,,,,,,,,,,,,,,,,,,,,,,,,,,,,,,,,,,,,,,,,,,,,,,,,,,,,,,,,,,,,0.0,0.37611091136932373,0.034895289689302444,0.08873219043016434,0.06791581958532333,0.43234583735466003,,
Subbiah,6,FAABE_NO_IWM,1.1628659963607788,,,,,,,,,,,,,,,,,,,,,,,,,,,,,,,,,,,,,,,,,,,,,,,,,,,,,,,,,,,,,,,,,,,,,,,,,,,,,,,,,0.0,0.10524392127990723,0.0,0.030105266720056534,,0.8646508455276489,,
Subbiah,6,FAABE_FULL,1.3365225791931152,,,,,,,,,,,,,,,,,,,,,,,,,,,,,,,,,,,,,,,,,,,,,,,,,,,,,,,,,,,,,,,,,,,,,,,,,,,,,,,,,0.0,0.1353318989276886,0.06431950628757477,0.46002197265625,,0.3403266370296478,,
Subbiah,7,ABE_BASE,,,,,,,,,,,,,,,,,,,,,,,,,,,,,,,,,,,,,,,,,,,,,,,,,,,,,,,,,,,,,,,,,,,,,,,,,,,,,,,,,,0.1666666716337204,0.1666666716337204,0.1666666716337204,0.1666666716337204,0.1666666716337204,0.1666666716337204,,
Subbiah,7,FAABE_NO_FIREFLY,,,,,,,,,,,,,,,,,,,,,,,,,,,,,,,,,,,,,,,,,,,,,,,,,,,,,,,,,,,,,,,,,,,,,,,,,,,,,,,,,,0.1666666716337204,0.1666666716337204,0.1666666716337204,0.1666666716337204,0.1666666716337204,0.1666666716337204,,
Subbiah,7,FAABE_NO_PEARSON,1.077536940574646,,,,,,,,,,,,,,,,,,,,,,,,,,,,,,,,,,,,,,,,,,,,,,,,,,,,,,,,,,,,,,,,,,,,,,,,,,,,,,,,,0.0,0.11591526865959167,0.0,0.042028047144412994,0.0,0.8420566320419312,,
Subbiah,7,FAABE_NO_IWM,1.04390287399292,,,,,,,,,,,,,,,,,,,,,,,,,,,,,,,,,,,,,,,,,,,,,,,,,,,,,,,,,,,,,,,,,,,,,,,,,,,,,,,,,0.0,0.09260974824428558,0.0,0.0425562858581543,0.0,0.8648339509963989,,
Subbiah,7,FAABE_FULL,1.5484081506729126,,,,,,,,,,,,,,,,,,,,,,,,,,,,,,,,,,,,,,,,,,,,,,,,,,,,,,,,,,,,,,,,,,,,,,,,,,,,,,,,,0.0,0.06614334136247635,0.36933809518814087,0.11820123344659805,0.0,0.4463173449039459,,
Subbiah,8,ABE_BASE,,,,,,,,,,,,,,,,,,,,,,,,,,,,,,,,,,,,,,,,,,,,,,,,,,,,,,,,,,,,,,,,,,,,,,,,,,,,,,,,,,0.1666666716337204,0.1666666716337204,0.1666666716337204,0.1666666716337204,0.1666666716337204,0.1666666716337204,,
Subbiah,8,FAABE_NO_FIREFLY,,,,,,,,,,,,,,,,,,,,,,,,,,,,,,,,,,,,,,,,,,,,,,,,,,,,,,,,,,,,,,,,,,,,,,,,,,,,,,,,,,0.1666666716337204,0.1666666716337204,0.1666666716337204,0.1666666716337204,0.1666666716337204,0.1666666716337204,,
Subbiah,8,FAABE_NO_PEARSON,1.5490764379501343,,,,,,,,,,,,,,,,,,,,,,,,,,,,,,,,,,,,,,,,,,,,,,,,,,,,,,,,,,,,,,,,,,,,,,,,,,,,,,,,,0.0,0.10843630880117416,0.6497175097465515,0.16376468539237976,0.0,0.07808155566453934,,
Subbiah,8,FAABE_NO_IWM,1.5064806938171387,,,,,,,,,,,,,,,,,,,,,,,,,,,,,,,,,,,,,,,,,,,,,,,,,,,,,,,,,,,,,,,,,,,,,,,,,,,,,,,,,0.0,0.11119752377271652,0.6652787923812866,0.1664828360080719,0.0,0.05704084038734436,,
Subbiah,8,FAABE_FULL,1.3237532377243042,,,,,,,,,,,,,,,,,,,,,,,,,,,,,,,,,,,,,,,,,,,,,,,,,,,,,,,,,,,,,,,,,,,,,,,,,,,,,,,,,0.0,0.05118921399116516,0.0,0.04866265505552292,0.0,0.9001481533050537,,
Subbiah,9,ABE_BASE,,,,,,,,,,,,,,,,,,,,,,,,,,,,,,,,,,,,,,,,,,,,,,,,,,,,,,,,,,,,,,,,,,,,,,,,,,,,,,,,,,0.1666666716337204,0.1666666716337204,0.1666666716337204,0.1666666716337204,0.1666666716337204,0.1666666716337204,,
Subbiah,9,FAABE_NO_FIREFLY,,,,,,,,,,,,,,,,,,,,,,,,,,,,,,,,,,,,,,,,,,,,,,,,,,,,,,,,,,,,,,,,,,,,,,,,,,,,,,,,,,0.1666666716337204,0.1666666716337204,0.1666666716337204,0.1666666716337204,0.1666666716337204,0.1666666716337204,,
Subbiah,9,FAABE_NO_PEARSON,1.3839406967163086,,,,,,,,,,,,,,,,,,,,,,,,,,,,,,,,,,,,,,,,,,,,,,,,,,,,,,,,,,,,,,,,,,,,,,,,,,,,,,,,,0.0,0.14925268292427063,0.6102426648139954,0.12266950309276581,0.016614405438303947,0.1012207642197609,,
Subbiah,9,FAABE_NO_IWM,1.1669985055923462,,,,,,,,,,,,,,,,,,,,,,,,,,,,,,,,,,,,,,,,,,,,,,,,,,,,,,,,,,,,,,,,,,,,,,,,,,,,,,,,,0.0,0.09570233523845673,0.0,0.044212110340595245,0.0,0.8600855469703674,,
Subbiah,9,FAABE_FULL,1.3999743461608887,,,,,,,,,,,,,,,,,,,,,,,,,,,,,,,,,,,,,,,,,,,,,,,,,,,,,,,,,,,,,,,,,,,,,,,,,,,,,,,,,0.04330398887395859,0.14507749676704407,0.599511444568634,0.1037403792142868,0.0,0.1083666980266571,,
Subbiah,10,ABE_BASE,,,,,,,,,,,,,,,,,,,,,,,,,,,,,,,,,,,,,,,,,,,,,,,,,,,,,,,,,,,,,,,,,,,,,,,,,,,,,,,,,,0.1666666716337204,0.1666666716337204,0.1666666716337204,0.1666666716337204,0.1666666716337204,0.1666666716337204,,
Subbiah,10,FAABE_NO_FIREFLY,,,,,,,,,,,,,,,,,,,,,,,,,,,,,,,,,,,,,,,,,,,,,,,,,,,,,,,,,,,,,,,,,,,,,,,,,,,,,,,,,,0.1666666716337204,0.1666666716337204,0.1666666716337204,0.1666666716337204,0.1666666716337204,0.1666666716337204,,
Subbiah,10,FAABE_NO_PEARSON,1.4186232089996338,,,,,,,,,,,,,,,,,,,,,,,,,,,,,,,,,,,,,,,,,,,,,,,,,,,,,,,,,,,,,,,,,,,,,,,,,,,,,,,,,0.0,0.11735445261001587,0.6578192114830017,0.150491863489151,0.0,0.074334517121315,,
Subbiah,10,FAABE_NO_IWM,1.3737200498580933,,,,,,,,,,,,,,,,,,,,,,,,,,,,,,,,,,,,,,,,,,,,,,,,,,,,,,,,,,,,,,,,,,,,,,,,,,,,,,,,,0.0,0.12907545268535614,0.6392004489898682,0.15705212950706482,0.0,0.07467196881771088,,
Subbiah,10,FAABE_FULL,1.593397617340088,,,,,,,,,,,,,,,,,,,,,,,,,,,,,,,,,,,,,,,,,,,,,,,,,,,,,,,,,,,,,,,,,,,,,,,,,,,,,,,,,0.0402560755610466,0.20862656831741333,0.10557342320680618,0.09571942687034607,0.0,0.5498245358467102,,
Valdes-Souto,1,ABE_BASE,,,,,,,,,,,,,,,,,,,,,,,,,,,,,,,,,,,,,,,,,,,,,,,,,,,,,,,,,,,,,,,,,,,,,,,,,,,,,,,,,,,,,,,,0.5,0.5
Valdes-Souto,1,FAABE_NO_FIREFLY,,,,,,,,,,,,,,,,,,,,,,,,,,,,,,,,,,,,,,,,,,,,,,,,,,,,,,,,,,,,,,,,,,,,,,,,,,,,,,,,,,,,,,,,1.0,
Valdes-Souto,1,FAABE_NO_PEARSON,0.5169616341590881,,,,,,,,,,,,,,,,,,,,,,,,,,,,,,,,,,,,,,,,,,,,,,,,,,,,,,,,,,,,,,,,,,,,,,,,,,,,,,,,,,,,,,,0.6351420879364014,0.36485788226127625
Valdes-Souto,1,FAABE_NO_IWM,2.606854200363159,,,,,,,,,,,,,,,,,,,,,,,,,,,,,,,,,,,,,,,,,,,,,,,,,,,,,,,,,,,,,,,,,,,,,,,,,,,,,,,,,,,,,,,1.0,
Valdes-Souto,1,FAABE_FULL,2.8331761360168457,,,,,,,,,,,,,,,,,,,,,,,,,,,,,,,,,,,,,,,,,,,,,,,,,,,,,,,,,,,,,,,,,,,,,,,,,,,,,,,,,,,,,,,1.0,
Valdes-Souto,2,ABE_BASE,,,,,,,,,,,,,,,,,,,,,,,,,,,,,,,,,,,,,,,,,,,,,,,,,,,,,,,,,,,,,,,,,,,,,,,,,,,,,,,,,,,,,,,,0.5,0.5
Valdes-Souto,2,FAABE_NO_FIREFLY,,,,,,,,,,,,,,,,,,,,,,,,,,,,,,,,,,,,,,,,,,,,,,,,,,,,,,,,,,,,,,,,,,,,,,,,,,,,,,,,,,,,,,,,1.0,
Valdes-Souto,2,FAABE_NO_PEARSON,0.4824484586715698,,,,,,,,,,,,,,,,,,,,,,,,,,,,,,,,,,,,,,,,,,,,,,,,,,,,,,,,,,,,,,,,,,,,,,,,,,,,,,,,,,,,,,,0.397599995136261,0.602400004863739
Valdes-Souto,2,FAABE_NO_IWM,2.2121448516845703,,,,,,,,,,,,,,,,,,,,,,,,,,,,,,,,,,,,,,,,,,,,,,,,,,,,,,,,,,,,,,,,,,,,,,,,,,,,,,,,,,,,,,,1.0,
Valdes-Souto,2,FAABE_FULL,2.513115882873535,,,,,,,,,,,,,,,,,,,,,,,,,,,,,,,,,,,,,,,,,,,,,,,,,,,,,,,,,,,,,,,,,,,,,,,,,,,,,,,,,,,,,,,1.0,
Valdes-Souto,3,ABE_BASE,,,,,,,,,,,,,,,,,,,,,,,,,,,,,,,,,,,,,,,,,,,,,,,,,,,,,,,,,,,,,,,,,,,,,,,,,,,,,,,,,,,,,,,,0.5,0.5
Valdes-Souto,3,FAABE_NO_FIREFLY,,,,,,,,,,,,,,,,,,,,,,,,,,,,,,,,,,,,,,,,,,,,,,,,,,,,,,,,,,,,,,,,,,,,,,,,,,,,,,,,,,,,,,,,1.0,
Valdes-Souto,3,FAABE_NO_PEARSON,0.49893346428871155,,,,,,,,,,,,,,,,,,,,,,,,,,,,,,,,,,,,,,,,,,,,,,,,,,,,,,,,,,,,,,,,,,,,,,,,,,,,,,,,,,,,,,,0.4689444899559021,0.5310555100440979
Valdes-Souto,3,FAABE_NO_IWM,2.823359966278076,,,,,,,,,,,,,,,,,,,,,,,,,,,,,,,,,,,,,,,,,,,,,,,,,,,,,,,,,,,,,,,,,,,,,,,,,,,,,,,,,,,,,,,1.0,
Valdes-Souto,3,FAABE_FULL,3.231212854385376,,,,,,,,,,,,,,,,,,,,,,,,,,,,,,,,,,,,,,,,,,,,,,,,,,,,,,,,,,,,,,,,,,,,,,,,,,,,,,,,,,,,,,,1.0,
Valdes-Souto,4,ABE_BASE,,,,,,,,,,,,,,,,,,,,,,,,,,,,,,,,,,,,,,,,,,,,,,,,,,,,,,,,,,,,,,,,,,,,,,,,,,,,,,,,,,,,,,,,0.5,0.5
Valdes-Souto,4,FAABE_NO_FIREFLY,,,,,,,,,,,,,,,,,,,,,,,,,,,,,,,,,,,,,,,,,,,,,,,,,,,,,,,,,,,,,,,,,,,,,,,,,,,,,,,,,,,,,,,,1.0,
Valdes-Souto,4,FAABE_NO_PEARSON,0.5382665395736694,,,,,,,,,,,,,,,,,,,,,,,,,,,,,,,,,,,,,,,,,,,,,,,,,,,,,,,,,,,,,,,,,,,,,,,,,,,,,,,,,,,,,,,0.5864996910095215,0.4135003685951233
Valdes-Souto,4,FAABE_NO_IWM,2.8763043880462646,,,,,,,,,,,,,,,,,,,,,,,,,,,,,,,,,,,,,,,,,,,,,,,,,,,,,,,,,,,,,,,,,,,,,,,,,,,,,,,,,,,,,,,1.0,
Valdes-Souto,4,FAABE_FULL,3.236502170562744,,,,,,,,,,,,,,,,,,,,,,,,,,,,,,,,,,,,,,,,,,,,,,,,,,,,,,,,,,,,,,,,,,,,,,,,,,,,,,,,,,,,,,,1.0,
Valdes-Souto,5,ABE_BASE,,,,,,,,,,,,,,,,,,,,,,,,,,,,,,,,,,,,,,,,,,,,,,,,,,,,,,,,,,,,,,,,,,,,,,,,,,,,,,,,,,,,,,,,0.5,0.5
Valdes-Souto,5,FAABE_NO_FIREFLY,,,,,,,,,,,,,,,,,,,,,,,,,,,,,,,,,,,,,,,,,,,,,,,,,,,,,,,,,,,,,,,,,,,,,,,,,,,,,,,,,,,,,,,,1.0,
Valdes-Souto,5,FAABE_NO_PEARSON,0.7553337812423706,,,,,,,,,,,,,,,,,,,,,,,,,,,,,,,,,,,,,,,,,,,,,,,,,,,,,,,,,,,,,,,,,,,,,,,,,,,,,,,,,,,,,,,0.5865226984024048,0.4134772717952728
Valdes-Souto,5,FAABE_NO_IWM,3.2753751277923584,,,,,,,,,,,,,,,,,,,,,,,,,,,,,,,,,,,,,,,,,,,,,,,,,,,,,,,,,,,,,,,,,,,,,,,,,,,,,,,,,,,,,,,1.0,
Valdes-Souto,5,FAABE_FULL,3.290559768676758,,,,,,,,,,,,,,,,,,,,,,,,,,,,,,,,,,,,,,,,,,,,,,,,,,,,,,,,,,,,,,,,,,,,,,,,,,,,,,,,,,,,,,,1.0,
Valdes-Souto,6,ABE_BASE,,,,,,,,,,,,,,,,,,,,,,,,,,,,,,,,,,,,,,,,,,,,,,,,,,,,,,,,,,,,,,,,,,,,,,,,,,,,,,,,,,,,,,,,0.5,0.5
Valdes-Souto,6,FAABE_NO_FIREFLY,,,,,,,,,,,,,,,,,,,,,,,,,,,,,,,,,,,,,,,,,,,,,,,,,,,,,,,,,,,,,,,,,,,,,,,,,,,,,,,,,,,,,,,,1.0,
Valdes-Souto,6,FAABE_NO_PEARSON,0.5262539386749268,,,,,,,,,,,,,,,,,,,,,,,,,,,,,,,,,,,,,,,,,,,,,,,,,,,,,,,,,,,,,,,,,,,,,,,,,,,,,,,,,,,,,,,0.6351258158683777,0.3648742139339447
Valdes-Souto,6,FAABE_NO_IWM,2.9224460124969482,,,,,,,,,,,,,,,,,,,,,,,,,,,,,,,,,,,,,,,,,,,,,,,,,,,,,,,,,,,,,,,,,,,,,,,,,,,,,,,,,,,,,,,1.0,
Valdes-Souto,6,FAABE_FULL,3.277672290802002,,,,,,,,,,,,,,,,,,,,,,,,,,,,,,,,,,,,,,,,,,,,,,,,,,,,,,,,,,,,,,,,,,,,,,,,,,,,,,,,,,,,,,,1.0,
Valdes-Souto,7,ABE_BASE,,,,,,,,,,,,,,,,,,,,,,,,,,,,,,,,,,,,,,,,,,,,,,,,,,,,,,,,,,,,,,,,,,,,,,,,,,,,,,,,,,,,,,,,0.5,0.5
Valdes-Souto,7,FAABE_NO_FIREFLY,,,,,,,,,,,,,,,,,,,,,,,,,,,,,,,,,,,,,,,,,,,,,,,,,,,,,,,,,,,,,,,,,,,,,,,,,,,,,,,,,,,,,,,,0.5,0.5
Valdes-Souto,7,FAABE_NO_PEARSON,0.4808708131313324,,,,,,,,,,,,,,,,,,,,,,,,,,,,,,,,,,,,,,,,,,,,,,,,,,,,,,,,,,,,,,,,,,,,,,,,,,,,,,,,,,,,,,,0.6702697277069092,0.32973024249076843
Valdes-Souto,7,FAABE_NO_IWM,0.48817163705825806,,,,,,,,,,,,,,,,,,,,,,,,,,,,,,,,,,,,,,,,,,,,,,,,,,,,,,,,,,,,,,,,,,,,,,,,,,,,,,,,,,,,,,,0.6629865765571594,0.33701348304748535
Valdes-Souto,7,FAABE_FULL,0.48087236285209656,,,,,,,,,,,,,,,,,,,,,,,,,,,,,,,,,,,,,,,,,,,,,,,,,,,,,,,,,,,,,,,,,,,,,,,,,,,,,,,,,,,,,,,0.6702596545219421,0.32974037528038025
Valdes-Souto,8,ABE_BASE,,,,,,,,,,,,,,,,,,,,,,,,,,,,,,,,,,,,,,,,,,,,,,,,,,,,,,,,,,,,,,,,,,,,,,,,,,,,,,,,,,,,,,,,0.5,0.5
Valdes-Souto,8,FAABE_NO_FIREFLY,,,,,,,,,,,,,,,,,,,,,,,,,,,,,,,,,,,,,,,,,,,,,,,,,,,,,,,,,,,,,,,,,,,,,,,,,,,,,,,,,,,,,,,,1.0,
Valdes-Souto,8,FAABE_NO_PEARSON,0.5474299788475037,,,,,,,,,,,,,,,,,,,,,,,,,,,,,,,,,,,,,,,,,,,,,,,,,,,,,,,,,,,,,,,,,,,,,,,,,,,,,,,,,,,,,,,0.6226809024810791,0.3773190677165985
Valdes-Souto,8,FAABE_NO_IWM,3.059199571609497,,,,,,,,,,,,,,,,,,,,,,,,,,,,,,,,,,,,,,,,,,,,,,,,,,,,,,,,,,,,,,,,,,,,,,,,,,,,,,,,,,,,,,,1.0,
Valdes-Souto,8,FAABE_FULL,3.3132174015045166,,,,,,,,,,,,,,,,,,,,,,,,,,,,,,,,,,,,,,,,,,,,,,,,,,,,,,,,,,,,,,,,,,,,,,,,,,,,,,,,,,,,,,,1.0,
Valdes-Souto,9,ABE_BASE,,,,,,,,,,,,,,,,,,,,,,,,,,,,,,,,,,,,,,,,,,,,,,,,,,,,,,,,,,,,,,,,,,,,,,,,,,,,,,,,,,,,,,,,0.5,0.5
Valdes-Souto,9,FAABE_NO_FIREFLY,,,,,,,,,,,,,,,,,,,,,,,,,,,,,,,,,,,,,,,,,,,,,,,,,,,,,,,,,,,,,,,,,,,,,,,,,,,,,,,,,,,,,,,,1.0,
Valdes-Souto,9,FAABE_NO_PEARSON,0.45715564489364624,,,,,,,,,,,,,,,,,,,,,,,,,,,,,,,,,,,,,,,,,,,,,,,,,,,,,,,,,,,,,,,,,,,,,,,,,,,,,,,,,,,,,,,0.6451842188835144,0.3548157513141632
Valdes-Souto,9,FAABE_NO_IWM,1.8216575384140015,,,,,,,,,,,,,,,,,,,,,,,,,,,,,,,,,,,,,,,,,,,,,,,,,,,,,,,,,,,,,,,,,,,,,,,,,,,,,,,,,,,,,,,1.0,
Valdes-Souto,9,FAABE_FULL,2.138270854949951,,,,,,,,,,,,,,,,,,,,,,,,,,,,,,,,,,,,,,,,,,,,,,,,,,,,,,,,,,,,,,,,,,,,,,,,,,,,,,,,,,,,,,,1.0,
Valdes-Souto,10,ABE_BASE,,,,,,,,,,,,,,,,,,,,,,,,,,,,,,,,,,,,,,,,,,,,,,,,,,,,,,,,,,,,,,,,,,,,,,,,,,,,,,,,,,,,,,,,0.5,0.5
Valdes-Souto,10,FAABE_NO_FIREFLY,,,,,,,,,,,,,,,,,,,,,,,,,,,,,,,,,,,,,,,,,,,,,,,,,,,,,,,,,,,,,,,,,,,,,,,,,,,,,,,,,,,,,,,,1.0,
Valdes-Souto,10,FAABE_NO_PEARSON,0.6556029915809631,,,,,,,,,,,,,,,,,,,,,,,,,,,,,,,,,,,,,,,,,,,,,,,,,,,,,,,,,,,,,,,,,,,,,,,,,,,,,,,,,,,,,,,0.6461377739906311,0.35386228561401367
Valdes-Souto,10,FAABE_NO_IWM,2.873488426208496,,,,,,,,,,,,,,,,,,,,,,,,,,,,,,,,,,,,,,,,,,,,,,,,,,,,,,,,,,,,,,,,,,,,,,,,,,,,,,,,,,,,,,,1.0,
Valdes-Souto,10,FAABE_FULL,3.068263292312622,,,,,,,,,,,,,,,,,,,,,,,,,,,,,,,,,,,,,,,,,,,,,,,,,,,,,,,,,,,,,,,,,,,,,,,,,,,,,,,,,,,,,,,1.0,
