Dataset,Fold,Method,Iteration,Best_Training_MMRE,Fitness_Evaluations
China,1,GA-ABE,0,1.2719833850860596,10
China,1,GA-ABE,1,1.2389347553253174,20
China,1,GA-ABE,2,1.2296727895736694,30
China,1,GA-ABE,3,1.2296727895736694,40
China,1,GA-ABE,4,1.2296727895736694,50
China,1,GA-ABE,5,1.2207999229431152,60
China,1,GA-ABE,6,1.2207999229431152,70
China,1,GA-ABE,7,1.2207999229431152,80
China,1,GA-ABE,8,1.2207999229431152,90
China,1,GA-ABE,9,1.2182316780090332,100
China,1,GA-ABE,10,1.2182316780090332,110
China,1,GA-ABE,11,1.2182316780090332,120
China,1,GA-ABE,12,1.2182316780090332,130
China,1,GA-ABE,13,1.2182316780090332,140
China,1,GA-ABE,14,1.2182316780090332,150
China,1,GA-ABE,15,1.2182316780090332,160
China,1,GA-ABE,16,1.2182316780090332,170
China,1,GA-ABE,17,1.2182316780090332,180
China,1,GA-ABE,18,1.2182316780090332,190
China,1,GA-ABE,19,1.2182316780090332,200
China,1,GA-ABE,20,1.2182316780090332,210
China,1,GA-ABE,21,1.2182316780090332,220
China,1,GA-ABE,22,1.2109880447387695,230
China,1,GA-ABE,23,1.2109880447387695,240
China,1,GA-ABE,24,1.2077703475952148,250
China,1,GA-ABE,25,1.2077703475952148,260
China,1,GA-ABE,26,1.2038190364837646,270
China,1,GA-ABE,27,1.1967856884002686,280
China,1,GA-ABE,28,1.1967856884002686,290
China,1,GA-ABE,29,1.1967856884002686,300
China,1,GA-ABE,30,1.1967856884002686,310
China,1,GA-ABE,31,1.1967856884002686,320
China,1,GA-ABE,32,1.1967856884002686,330
China,1,GA-ABE,33,1.1967856884002686,340
China,1,GA-ABE,34,1.1967856884002686,350
China,1,GA-ABE,35,1.1967856884002686,360
China,1,GA-ABE,36,1.1967856884002686,370
China,1,GA-ABE,37,1.1967856884002686,380
China,1,GA-ABE,38,1.1967856884002686,390
China,1,GA-ABE,39,1.1967856884002686,400
China,1,GA-ABE,40,1.1967856884002686,410
China,1,GA-ABE,41,1.1967856884002686,420
China,1,GA-ABE,42,1.1967856884002686,430
China,1,GA-ABE,43,1.1967856884002686,440
China,1,GA-ABE,44,1.1967856884002686,450
China,1,GA-ABE,45,1.1967856884002686,460
China,1,GA-ABE,46,1.1967856884002686,470
China,1,GA-ABE,47,1.1967856884002686,480
China,1,GA-ABE,48,1.1967856884002686,490
China,1,GA-ABE,49,1.1967856884002686,500
China,1,GA-ABE,50,1.1967856884002686,510
China,1,GA-ABE,51,1.1948360204696655,520
China,1,GA-ABE,52,1.1948360204696655,530
China,1,GA-ABE,53,1.1948360204696655,540
China,1,GA-ABE,54,1.1948360204696655,550
China,1,GA-ABE,55,1.1948360204696655,560
China,1,GA-ABE,56,1.1948360204696655,570
China,1,GA-ABE,57,1.1927531957626343,580
China,1,GA-ABE,58,1.1888588666915894,590
China,1,GA-ABE,59,1.1888588666915894,600
China,1,GA-ABE,60,1.1888588666915894,610
China,1,GA-ABE,61,1.1784871816635132,620
China,1,GA-ABE,62,1.1784871816635132,630
China,1,GA-ABE,63,1.1784871816635132,640
China,1,GA-ABE,64,1.1784871816635132,650
China,1,GA-ABE,65,1.1784871816635132,660
China,1,GA-ABE,66,1.1784871816635132,670
China,1,GA-ABE,67,1.1784871816635132,680
China,1,GA-ABE,68,1.1784871816635132,690
China,1,GA-ABE,69,1.1784871816635132,700
China,1,GA-ABE,70,1.1784871816635132,710
China,1,GA-ABE,71,1.1784871816635132,720
China,1,GA-ABE,72,1.1784871816635132,730
China,1,GA-ABE,73,1.1784871816635132,740
China,1,GA-ABE,74,1.1784871816635132,750
China,1,GA-ABE,75,1.1784871816635132,760
China,1,GA-ABE,76,1.1784871816635132,770
China,1,GA-ABE,77,1.1784871816635132,780
China,1,GA-ABE,78,1.1784871816635132,790
China,1,GA-ABE,79,1.1784871816635132,800
China,1,GA-ABE,80,1.1784871816635132,810
China,1,GA-ABE,81,1.1784871816635132,820
China,1,GA-ABE,82,1.1784871816635132,830
China,1,GA-ABE,83,1.1784871816635132,840
China,1,GA-ABE,84,1.1784871816635132,850
China,1,GA-ABE,85,1.1784871816635132,860
China,1,GA-ABE,86,1.1784871816635132,870
China,1,GA-ABE,87,1.1784871816635132,880
China,1,GA-ABE,88,1.1784871816635132,890
China,1,GA-ABE,89,1.1784871816635132,900
China,1,GA-ABE,90,1.1784871816635132,910
China,1,GA-ABE,91,1.1784871816635132,920
China,1,GA-ABE,92,1.1784871816635132,930
China,1,GA-ABE,93,1.1784871816635132,940
China,1,GA-ABE,94,1.1784871816635132,950
China,1,GA-ABE,95,1.1784871816635132,960
China,1,GA-ABE,96,1.1784871816635132,970
China,1,GA-ABE,97,1.1784871816635132,980
China,1,GA-ABE,98,1.1784871816635132,990
China,1,GA-ABE,99,1.1784871816635132,1000
China,1,PSO-ABE,0,1.20747971534729,10
China,1,PSO-ABE,1,1.20747971534729,20
China,1,PSO-ABE,2,1.20747971534729,30
China,1,PSO-ABE,3,1.2061749696731567,40
China,1,PSO-ABE,4,1.2061749696731567,50
China,1,PSO-ABE,5,1.2061749696731567,60
China,1,PSO-ABE,6,1.2061749696731567,70
China,1,PSO-ABE,7,1.2061749696731567,80
China,1,PSO-ABE,8,1.2061749696731567,90
China,1,PSO-ABE,9,1.2061749696731567,100
China,1,PSO-ABE,10,1.2013986110687256,110
China,1,PSO-ABE,11,1.2013986110687256,120
China,1,PSO-ABE,12,1.1943986415863037,130
China,1,PSO-ABE,13,1.1913397312164307,140
China,1,PSO-ABE,14,1.1913397312164307,150
China,1,PSO-ABE,15,1.1691012382507324,160
China,1,PSO-ABE,16,1.1595308780670166,170
China,1,PSO-ABE,17,1.158471941947937,180
China,1,PSO-ABE,18,1.158471941947937,190
China,1,PSO-ABE,19,1.158471941947937,200
China,1,PSO-ABE,20,1.158471941947937,210
China,1,PSO-ABE,21,1.158471941947937,220
China,1,PSO-ABE,22,1.158471941947937,230
China,1,PSO-ABE,23,1.1498727798461914,240
China,1,PSO-ABE,24,1.1498727798461914,250
China,1,PSO-ABE,25,1.1498727798461914,260
China,1,PSO-ABE,26,1.1498727798461914,270
China,1,PSO-ABE,27,1.1498727798461914,280
China,1,PSO-ABE,28,1.1498727798461914,290
China,1,PSO-ABE,29,1.1498727798461914,300
China,1,PSO-ABE,30,1.1498727798461914,310
China,1,PSO-ABE,31,1.1498727798461914,320
China,1,PSO-ABE,32,1.1498727798461914,330
China,1,PSO-ABE,33,1.1496866941452026,340
China,1,PSO-ABE,34,1.1496866941452026,350
China,1,PSO-ABE,35,1.1496866941452026,360
China,1,PSO-ABE,36,1.1496866941452026,370
China,1,PSO-ABE,37,1.1496866941452026,380
China,1,PSO-ABE,38,1.1496866941452026,390
China,1,PSO-ABE,39,1.1496866941452026,400
China,1,PSO-ABE,40,1.1496866941452026,410
China,1,PSO-ABE,41,1.1496866941452026,420
China,1,PSO-ABE,42,1.1496866941452026,430
China,1,PSO-ABE,43,1.1496866941452026,440
China,1,PSO-ABE,44,1.1496866941452026,450
China,1,PSO-ABE,45,1.1496866941452026,460
China,1,PSO-ABE,46,1.1472976207733154,470
China,1,PSO-ABE,47,1.1472976207733154,480
China,1,PSO-ABE,48,1.1472976207733154,490
China,1,PSO-ABE,49,1.1472976207733154,500
China,1,PSO-ABE,50,1.1472976207733154,510
China,1,PSO-ABE,51,1.143367052078247,520
China,1,PSO-ABE,52,1.137322187423706,530
China,1,PSO-ABE,53,1.137322187423706,540
China,1,PSO-ABE,54,1.137322187423706,550
China,1,PSO-ABE,55,1.137322187423706,560
China,1,PSO-ABE,56,1.137322187423706,570
China,1,PSO-ABE,57,1.137322187423706,580
China,1,PSO-ABE,58,1.137322187423706,590
China,1,PSO-ABE,59,1.137322187423706,600
China,1,PSO-ABE,60,1.1369023323059082,610
China,1,PSO-ABE,61,1.1365745067596436,620
China,1,PSO-ABE,62,1.1365745067596436,630
China,1,PSO-ABE,63,1.1355613470077515,640
China,1,PSO-ABE,64,1.1336084604263306,650
China,1,PSO-ABE,65,1.1335662603378296,660
China,1,PSO-ABE,66,1.1335662603378296,670
China,1,PSO-ABE,67,1.1335662603378296,680
China,1,PSO-ABE,68,1.1324104070663452,690
China,1,PSO-ABE,69,1.1324104070663452,700
China,1,PSO-ABE,70,1.1324104070663452,710
China,1,PSO-ABE,71,1.1324104070663452,720
China,1,PSO-ABE,72,1.1324104070663452,730
China,1,PSO-ABE,73,1.1324104070663452,740
China,1,PSO-ABE,74,1.1322789192199707,750
China,1,PSO-ABE,75,1.1322789192199707,760
China,1,PSO-ABE,76,1.1322789192199707,770
China,1,PSO-ABE,77,1.1322789192199707,780
China,1,PSO-ABE,78,1.1322789192199707,790
China,1,PSO-ABE,79,1.1322789192199707,800
China,1,PSO-ABE,80,1.1318068504333496,810
China,1,PSO-ABE,81,1.1318068504333496,820
China,1,PSO-ABE,82,1.1318068504333496,830
China,1,PSO-ABE,83,1.1318068504333496,840
China,1,PSO-ABE,84,1.1318068504333496,850
China,1,PSO-ABE,85,1.1318068504333496,860
China,1,PSO-ABE,86,1.1318068504333496,870
China,1,PSO-ABE,87,1.1318068504333496,880
China,1,PSO-ABE,88,1.1318068504333496,890
China,1,PSO-ABE,89,1.1311774253845215,900
China,1,PSO-ABE,90,1.1311774253845215,910
China,1,PSO-ABE,91,1.1311774253845215,920
China,1,PSO-ABE,92,1.1311774253845215,930
China,1,PSO-ABE,93,1.1311774253845215,940
China,1,PSO-ABE,94,1.1311774253845215,950
China,1,PSO-ABE,95,1.1311774253845215,960
China,1,PSO-ABE,96,1.1311774253845215,970
China,1,PSO-ABE,97,1.1311774253845215,980
China,1,PSO-ABE,98,1.1311750411987305,990
China,1,PSO-ABE,99,1.1311750411987305,1000
China,1,DE-ABE,0,1.28250253200531,10
China,1,DE-ABE,1,1.2220889329910278,20
China,1,DE-ABE,2,1.2220889329910278,30
China,1,DE-ABE,3,1.2220889329910278,40
China,1,DE-ABE,4,1.2130272388458252,50
China,1,DE-ABE,5,1.1717184782028198,60
China,1,DE-ABE,6,1.1717184782028198,70
China,1,DE-ABE,7,1.1717184782028198,80
China,1,DE-ABE,8,1.161495327949524,90
China,1,DE-ABE,9,1.161495327949524,100
China,1,DE-ABE,10,1.161495327949524,110
China,1,DE-ABE,11,1.161495327949524,120
China,1,DE-ABE,12,1.161495327949524,130
China,1,DE-ABE,13,1.1493234634399414,140
China,1,DE-ABE,14,1.1493234634399414,150
China,1,DE-ABE,15,1.1493234634399414,160
China,1,DE-ABE,16,1.1493234634399414,170
China,1,DE-ABE,17,1.1493234634399414,180
China,1,DE-ABE,18,1.1493234634399414,190
China,1,DE-ABE,19,1.1493234634399414,200
China,1,DE-ABE,20,1.1493234634399414,210
China,1,DE-ABE,21,1.1493234634399414,220
China,1,DE-ABE,22,1.1493234634399414,230
China,1,DE-ABE,23,1.1493234634399414,240
China,1,DE-ABE,24,1.1493234634399414,250
China,1,DE-ABE,25,1.1493234634399414,260
China,1,DE-ABE,26,1.1493234634399414,270
China,1,DE-ABE,27,1.1493234634399414,280
China,1,DE-ABE,28,1.1493234634399414,290
China,1,DE-ABE,29,1.1493234634399414,300
China,1,DE-ABE,30,1.1493234634399414,310
China,1,DE-ABE,31,1.1493234634399414,320
China,1,DE-ABE,32,1.1493234634399414,330
China,1,DE-ABE,33,1.1493234634399414,340
China,1,DE-ABE,34,1.1493234634399414,350
China,1,DE-ABE,35,1.1422089338302612,360
China,1,DE-ABE,36,1.1422089338302612,370
China,1,DE-ABE,37,1.1422089338302612,380
China,1,DE-ABE,38,1.1422089338302612,390
China,1,DE-ABE,39,1.1422089338302612,400
China,1,DE-ABE,40,1.1422089338302612,410
China,1,DE-ABE,41,1.1422089338302612,420
China,1,DE-ABE,42,1.1422089338302612,430
China,1,DE-ABE,43,1.1422089338302612,440
China,1,DE-ABE,44,1.1422089338302612,450
China,1,DE-ABE,45,1.1422089338302612,460
China,1,DE-ABE,46,1.1422089338302612,470
China,1,DE-ABE,47,1.1379139423370361,480
China,1,DE-ABE,48,1.1379139423370361,490
China,1,DE-ABE,49,1.1379139423370361,500
China,1,DE-ABE,50,1.1379139423370361,510
China,1,DE-ABE,51,1.1379139423370361,520
China,1,DE-ABE,52,1.1329691410064697,530
China,1,DE-ABE,53,1.1329691410064697,540
China,1,DE-ABE,54,1.1329691410064697,550
China,1,DE-ABE,55,1.1329691410064697,560
China,1,DE-ABE,56,1.1329691410064697,570
China,1,DE-ABE,57,1.1329691410064697,580
China,1,DE-ABE,58,1.1329691410064697,590
China,1,DE-ABE,59,1.1329691410064697,600
China,1,DE-ABE,60,1.1329691410064697,610
China,1,DE-ABE,61,1.1329691410064697,620
China,1,DE-ABE,62,1.1329691410064697,630
China,1,DE-ABE,63,1.1329691410064697,640
China,1,DE-ABE,64,1.1325857639312744,650
China,1,DE-ABE,65,1.1325857639312744,660
China,1,DE-ABE,66,1.1325857639312744,670
China,1,DE-ABE,67,1.1325857639312744,680
China,1,DE-ABE,68,1.1325857639312744,690
China,1,DE-ABE,69,1.1318368911743164,700
China,1,DE-ABE,70,1.1318368911743164,710
China,1,DE-ABE,71,1.1318368911743164,720
China,1,DE-ABE,72,1.1318368911743164,730
China,1,DE-ABE,73,1.1318368911743164,740
China,1,DE-ABE,74,1.1318368911743164,750
China,1,DE-ABE,75,1.1314979791641235,760
China,1,DE-ABE,76,1.1314979791641235,770
China,1,DE-ABE,77,1.1314979791641235,780
China,1,DE-ABE,78,1.1314979791641235,790
China,1,DE-ABE,79,1.1314979791641235,800
China,1,DE-ABE,80,1.1314979791641235,810
China,1,DE-ABE,81,1.1314979791641235,820
China,1,DE-ABE,82,1.1314979791641235,830
China,1,DE-ABE,83,1.1314979791641235,840
China,1,DE-ABE,84,1.1314979791641235,850
China,1,DE-ABE,85,1.1314979791641235,860
China,1,DE-ABE,86,1.1314979791641235,870
China,1,DE-ABE,87,1.1314979791641235,880
China,1,DE-ABE,88,1.1314979791641235,890
China,1,DE-ABE,89,1.1314979791641235,900
China,1,DE-ABE,90,1.1314979791641235,910
China,1,DE-ABE,91,1.1314979791641235,920
China,1,DE-ABE,92,1.1314979791641235,930
China,1,DE-ABE,93,1.1314979791641235,940
China,1,DE-ABE,94,1.1314979791641235,950
China,1,DE-ABE,95,1.1314979791641235,960
China,1,DE-ABE,96,1.1314979791641235,970
China,1,DE-ABE,97,1.1313302516937256,980
China,1,DE-ABE,98,1.1313302516937256,990
China,1,DE-ABE,99,1.1313302516937256,1000
China,1,GWO-ABE,0,1.2252675294876099,10
China,1,GWO-ABE,1,1.2664481401443481,20
China,1,GWO-ABE,2,1.2097573280334473,30
China,1,GWO-ABE,3,1.2204326391220093,40
China,1,GWO-ABE,4,1.2144240140914917,50
China,1,GWO-ABE,5,1.204899787902832,60
China,1,GWO-ABE,6,1.2335232496261597,70
China,1,GWO-ABE,7,1.1953468322753906,80
China,1,GWO-ABE,8,1.2231038808822632,90
China,1,GWO-ABE,9,1.2062960863113403,100
China,1,GWO-ABE,10,1.2145159244537354,110
China,1,GWO-ABE,11,1.1977442502975464,120
China,1,GWO-ABE,12,1.2054646015167236,130
China,1,GWO-ABE,13,1.1844810247421265,140
China,1,GWO-ABE,14,1.184140920639038,150
China,1,GWO-ABE,15,1.1654078960418701,160
China,1,GWO-ABE,16,1.16139817237854,170
China,1,GWO-ABE,17,1.207607626914978,180
China,1,GWO-ABE,18,1.1991602182388306,190
China,1,GWO-ABE,19,1.1777613162994385,200
China,1,GWO-ABE,20,1.1931289434432983,210
China,1,GWO-ABE,21,1.185070276260376,220
China,1,GWO-ABE,22,1.1834901571273804,230
China,1,GWO-ABE,23,1.1926590204238892,240
China,1,GWO-ABE,24,1.201366901397705,250
China,1,GWO-ABE,25,1.188032627105713,260
China,1,GWO-ABE,26,1.2266737222671509,270
China,1,GWO-ABE,27,1.2215795516967773,280
China,1,GWO-ABE,28,1.176155924797058,290
China,1,GWO-ABE,29,1.2055983543395996,300
China,1,GWO-ABE,30,1.206181526184082,310
China,1,GWO-ABE,31,1.2103317975997925,320
China,1,GWO-ABE,32,1.2169543504714966,330
China,1,GWO-ABE,33,1.2002103328704834,340
China,1,GWO-ABE,34,1.205298900604248,350
China,1,GWO-ABE,35,1.1776379346847534,360
China,1,GWO-ABE,36,1.1671632528305054,370
China,1,GWO-ABE,37,1.154693603515625,380
China,1,GWO-ABE,38,1.1714767217636108,390
China,1,GWO-ABE,39,1.195158839225769,400
China,1,GWO-ABE,40,1.1725351810455322,410
China,1,GWO-ABE,41,1.1957372426986694,420
China,1,GWO-ABE,42,1.2130460739135742,430
China,1,GWO-ABE,43,1.1752818822860718,440
China,1,GWO-ABE,44,1.1859089136123657,450
China,1,GWO-ABE,45,1.1717170476913452,460
China,1,GWO-ABE,46,1.1932611465454102,470
China,1,GWO-ABE,47,1.203001856803894,480
China,1,GWO-ABE,48,1.2014625072479248,490
China,1,GWO-ABE,49,1.1869410276412964,500
China,1,GWO-ABE,50,1.199702501296997,510
China,1,GWO-ABE,51,1.2003848552703857,520
China,1,GWO-ABE,52,1.1812115907669067,530
China,1,GWO-ABE,53,1.1893905401229858,540
China,1,GWO-ABE,54,1.204719066619873,550
China,1,GWO-ABE,55,1.2056525945663452,560
China,1,GWO-ABE,56,1.1860785484313965,570
China,1,GWO-ABE,57,1.182499647140503,580
China,1,GWO-ABE,58,1.179774522781372,590
China,1,GWO-ABE,59,1.186943769454956,600
China,1,GWO-ABE,60,1.1999720335006714,610
China,1,GWO-ABE,61,1.2013423442840576,620
China,1,GWO-ABE,62,1.182798981666565,630
China,1,GWO-ABE,63,1.1982707977294922,640
China,1,GWO-ABE,64,1.180418848991394,650
China,1,GWO-ABE,65,1.1893028020858765,660
China,1,GWO-ABE,66,1.206237554550171,670
China,1,GWO-ABE,67,1.1868654489517212,680
China,1,GWO-ABE,68,1.1825193166732788,690
China,1,GWO-ABE,69,1.1871588230133057,700
China,1,GWO-ABE,70,1.1904388666152954,710
China,1,GWO-ABE,71,1.1932862997055054,720
China,1,GWO-ABE,72,1.1920931339263916,730
China,1,GWO-ABE,73,1.193281650543213,740
China,1,GWO-ABE,74,1.1811585426330566,750
China,1,GWO-ABE,75,1.1918015480041504,760
China,1,GWO-ABE,76,1.18358314037323,770
China,1,GWO-ABE,77,1.201228141784668,780
China,1,GWO-ABE,78,1.1864489316940308,790
China,1,GWO-ABE,79,1.1868467330932617,800
China,1,GWO-ABE,80,1.17514967918396,810
China,1,GWO-ABE,81,1.175137996673584,820
China,1,GWO-ABE,82,1.1753963232040405,830
China,1,GWO-ABE,83,1.177830696105957,840
China,1,GWO-ABE,84,1.174015760421753,850
China,1,GWO-ABE,85,1.1708065271377563,860
China,1,GWO-ABE,86,1.1743943691253662,870
China,1,GWO-ABE,87,1.159023404121399,880
China,1,GWO-ABE,88,1.1674411296844482,890
China,1,GWO-ABE,89,1.1672401428222656,900
China,1,GWO-ABE,90,1.1700271368026733,910
China,1,GWO-ABE,91,1.1605767011642456,920
China,1,GWO-ABE,92,1.158045768737793,930
China,1,GWO-ABE,93,1.1600680351257324,940
China,1,GWO-ABE,94,1.1575379371643066,950
China,1,GWO-ABE,95,1.1545401811599731,960
China,1,GWO-ABE,96,1.1551464796066284,970
China,1,GWO-ABE,97,1.1542216539382935,980
China,1,GWO-ABE,98,1.1530369520187378,990
China,1,GWO-ABE,99,1.1542820930480957,1000
China,1,WOA-ABE,0,1.2647464275360107,10
China,1,WOA-ABE,1,1.2520983219146729,20
China,1,WOA-ABE,2,1.2396588325500488,30
China,1,WOA-ABE,3,1.2280933856964111,40
China,1,WOA-ABE,4,1.1866036653518677,50
China,1,WOA-ABE,5,1.1866036653518677,60
China,1,WOA-ABE,6,1.1710237264633179,70
China,1,WOA-ABE,7,1.151875376701355,80
China,1,WOA-ABE,8,1.151875376701355,90
China,1,WOA-ABE,9,1.151875376701355,100
China,1,WOA-ABE,10,1.151875376701355,110
China,1,WOA-ABE,11,1.151875376701355,120
China,1,WOA-ABE,12,1.151875376701355,130
China,1,WOA-ABE,13,1.151875376701355,140
China,1,WOA-ABE,14,1.1515781879425049,150
China,1,WOA-ABE,15,1.1468030214309692,160
China,1,WOA-ABE,16,1.1463663578033447,170
China,1,WOA-ABE,17,1.1463580131530762,180
China,1,WOA-ABE,18,1.1463580131530762,190
China,1,WOA-ABE,19,1.1463580131530762,200
China,1,WOA-ABE,20,1.1463569402694702,210
China,1,WOA-ABE,21,1.1463569402694702,220
China,1,WOA-ABE,22,1.1463569402694702,230
China,1,WOA-ABE,23,1.1463569402694702,240
China,1,WOA-ABE,24,1.1463569402694702,250
China,1,WOA-ABE,25,1.1463569402694702,260
China,1,WOA-ABE,26,1.1463569402694702,270
China,1,WOA-ABE,27,1.1463569402694702,280
China,1,WOA-ABE,28,1.1463569402694702,290
China,1,WOA-ABE,29,1.1463569402694702,300
China,1,WOA-ABE,30,1.1463569402694702,310
China,1,WOA-ABE,31,1.1463539600372314,320
China,1,WOA-ABE,32,1.1463539600372314,330
China,1,WOA-ABE,33,1.1463539600372314,340
China,1,WOA-ABE,34,1.1456128358840942,350
China,1,WOA-ABE,35,1.1456109285354614,360
China,1,WOA-ABE,36,1.1456109285354614,370
China,1,WOA-ABE,37,1.1456100940704346,380
China,1,WOA-ABE,38,1.1413248777389526,390
China,1,WOA-ABE,39,1.1413248777389526,400
China,1,WOA-ABE,40,1.1413248777389526,410
China,1,WOA-ABE,41,1.1413248777389526,420
China,1,WOA-ABE,42,1.1413248777389526,430
China,1,WOA-ABE,43,1.1413248777389526,440
China,1,WOA-ABE,44,1.1413229703903198,450
China,1,WOA-ABE,45,1.1413229703903198,460
China,1,WOA-ABE,46,1.1413229703903198,470
China,1,WOA-ABE,47,1.1413229703903198,480
China,1,WOA-ABE,48,1.1413229703903198,490
China,1,WOA-ABE,49,1.1413229703903198,500
China,1,WOA-ABE,50,1.1413229703903198,510
China,1,WOA-ABE,51,1.1407032012939453,520
China,1,WOA-ABE,52,1.1407032012939453,530
China,1,WOA-ABE,53,1.1407032012939453,540
China,1,WOA-ABE,54,1.1406916379928589,550
China,1,WOA-ABE,55,1.1406916379928589,560
China,1,WOA-ABE,56,1.1406916379928589,570
China,1,WOA-ABE,57,1.1406916379928589,580
China,1,WOA-ABE,58,1.1406916379928589,590
China,1,WOA-ABE,59,1.1406916379928589,600
China,1,WOA-ABE,60,1.1406916379928589,610
China,1,WOA-ABE,61,1.1406910419464111,620
China,1,WOA-ABE,62,1.1406910419464111,630
China,1,WOA-ABE,63,1.1406910419464111,640
China,1,WOA-ABE,64,1.1406910419464111,650
China,1,WOA-ABE,65,1.1406910419464111,660
China,1,WOA-ABE,66,1.1406898498535156,670
China,1,WOA-ABE,67,1.1406898498535156,680
China,1,WOA-ABE,68,1.1406325101852417,690
China,1,WOA-ABE,69,1.1406325101852417,700
China,1,WOA-ABE,70,1.1406325101852417,710
China,1,WOA-ABE,71,1.1406325101852417,720
China,1,WOA-ABE,72,1.1406325101852417,730
China,1,WOA-ABE,73,1.1406325101852417,740
China,1,WOA-ABE,74,1.1406195163726807,750
China,1,WOA-ABE,75,1.1406195163726807,760
China,1,WOA-ABE,76,1.1401681900024414,770
China,1,WOA-ABE,77,1.1397614479064941,780
China,1,WOA-ABE,78,1.1397614479064941,790
China,1,WOA-ABE,79,1.1397614479064941,800
China,1,WOA-ABE,80,1.1387498378753662,810
China,1,WOA-ABE,81,1.1387498378753662,820
China,1,WOA-ABE,82,1.1387498378753662,830
China,1,WOA-ABE,83,1.1387474536895752,840
China,1,WOA-ABE,84,1.1387474536895752,850
China,1,WOA-ABE,85,1.1387474536895752,860
China,1,WOA-ABE,86,1.137027382850647,870
China,1,WOA-ABE,87,1.137027382850647,880
China,1,WOA-ABE,88,1.1354783773422241,890
China,1,WOA-ABE,89,1.1323297023773193,900
China,1,WOA-ABE,90,1.1323083639144897,910
China,1,WOA-ABE,91,1.1320511102676392,920
China,1,WOA-ABE,92,1.1320487260818481,930
China,1,WOA-ABE,93,1.1320487260818481,940
China,1,WOA-ABE,94,1.1320487260818481,950
China,1,WOA-ABE,95,1.1320487260818481,960
China,1,WOA-ABE,96,1.1320487260818481,970
China,1,WOA-ABE,97,1.1320483684539795,980
China,1,WOA-ABE,98,1.1320483684539795,990
China,1,WOA-ABE,99,1.1320483684539795,1000
China,1,FAABE,0,1.2877938747406006,10
China,1,FAABE,1,1.2654204368591309,20
China,1,FAABE,2,1.24730384349823,30
China,1,FAABE,3,1.24730384349823,40
China,1,FAABE,4,1.24730384349823,50
China,1,FAABE,5,1.2172752618789673,60
China,1,FAABE,6,1.194200038909912,70
China,1,FAABE,7,1.194200038909912,80
China,1,FAABE,8,1.194200038909912,90
China,1,FAABE,9,1.194200038909912,100
China,1,FAABE,10,1.194200038909912,110
China,1,FAABE,11,1.194200038909912,120
China,1,FAABE,12,1.194200038909912,130
China,1,FAABE,13,1.194200038909912,140
China,1,FAABE,14,1.194200038909912,150
China,1,FAABE,15,1.194200038909912,160
China,1,FAABE,16,1.194200038909912,170
China,1,FAABE,17,1.194200038909912,180
China,1,FAABE,18,1.194200038909912,190
China,1,FAABE,19,1.194200038909912,200
China,1,FAABE,20,1.194200038909912,210
China,1,FAABE,21,1.194200038909912,220
China,1,FAABE,22,1.194200038909912,230
China,1,FAABE,23,1.194200038909912,240
China,1,FAABE,24,1.194200038909912,250
China,1,FAABE,25,1.194200038909912,260
China,1,FAABE,26,1.194200038909912,270
China,1,FAABE,27,1.194200038909912,280
China,1,FAABE,28,1.194200038909912,290
China,1,FAABE,29,1.194200038909912,300
China,1,FAABE,30,1.194200038909912,310
China,1,FAABE,31,1.194200038909912,320
China,1,FAABE,32,1.194200038909912,330
China,1,FAABE,33,1.194200038909912,340
China,1,FAABE,34,1.194200038909912,350
China,1,FAABE,35,1.194200038909912,360
China,1,FAABE,36,1.194200038909912,370
China,1,FAABE,37,1.194200038909912,380
China,1,FAABE,38,1.194200038909912,390
China,1,FAABE,39,1.194200038909912,400
China,1,FAABE,40,1.194200038909912,410
China,1,FAABE,41,1.194200038909912,420
China,1,FAABE,42,1.194200038909912,430
China,1,FAABE,43,1.194200038909912,440
China,1,FAABE,44,1.194200038909912,450
China,1,FAABE,45,1.194200038909912,460
China,1,FAABE,46,1.194200038909912,470
China,1,FAABE,47,1.194200038909912,480
China,1,FAABE,48,1.194200038909912,490
China,1,FAABE,49,1.194200038909912,500
China,1,FAABE,50,1.194200038909912,510
China,1,FAABE,51,1.194200038909912,520
China,1,FAABE,52,1.194200038909912,530
China,1,FAABE,53,1.194200038909912,540
China,1,FAABE,54,1.194200038909912,550
China,1,FAABE,55,1.194200038909912,560
China,1,FAABE,56,1.194200038909912,570
China,1,FAABE,57,1.1841371059417725,580
China,1,FAABE,58,1.1841371059417725,590
China,1,FAABE,59,1.1841371059417725,600
China,1,FAABE,60,1.1841371059417725,610
China,1,FAABE,61,1.1841371059417725,620
China,1,FAABE,62,1.1841371059417725,630
China,1,FAABE,63,1.1841371059417725,640
China,1,FAABE,64,1.1841371059417725,650
China,1,FAABE,65,1.1841371059417725,660
China,1,FAABE,66,1.1841371059417725,670
China,1,FAABE,67,1.1841371059417725,680
China,1,FAABE,68,1.1841371059417725,690
China,1,FAABE,69,1.1841371059417725,700
China,1,FAABE,70,1.1841371059417725,710
China,1,FAABE,71,1.1841371059417725,720
China,1,FAABE,72,1.1841371059417725,730
China,1,FAABE,73,1.1841371059417725,740
China,1,FAABE,74,1.1841371059417725,750
China,1,FAABE,75,1.1841371059417725,760
China,1,FAABE,76,1.1841371059417725,770
China,1,FAABE,77,1.1841371059417725,780
China,1,FAABE,78,1.1841371059417725,790
China,1,FAABE,79,1.1841371059417725,800
China,1,FAABE,80,1.1841371059417725,810
China,1,FAABE,81,1.1841371059417725,820
China,1,FAABE,82,1.1841371059417725,830
China,1,FAABE,83,1.1841371059417725,840
China,1,FAABE,84,1.1841371059417725,850
China,1,FAABE,85,1.1841371059417725,860
China,1,FAABE,86,1.1841371059417725,870
China,1,FAABE,87,1.1841371059417725,880
China,1,FAABE,88,1.1841371059417725,890
China,1,FAABE,89,1.1841371059417725,900
China,1,FAABE,90,1.1841371059417725,910
China,1,FAABE,91,1.1841371059417725,920
China,1,FAABE,92,1.1841371059417725,930
China,1,FAABE,93,1.1841371059417725,940
China,1,FAABE,94,1.1841371059417725,950
China,1,FAABE,95,1.1841371059417725,960
China,1,FAABE,96,1.159712553024292,970
China,1,FAABE,97,1.159712553024292,980
China,1,FAABE,98,1.159712553024292,990
China,1,FAABE,99,1.159712553024292,1000
China,2,GA-ABE,0,1.3108538389205933,10
China,2,GA-ABE,1,1.3108538389205933,20
China,2,GA-ABE,2,1.2987205982208252,30
China,2,GA-ABE,3,1.2987205982208252,40
China,2,GA-ABE,4,1.297916054725647,50
China,2,GA-ABE,5,1.2949765920639038,60
China,2,GA-ABE,6,1.2855150699615479,70
China,2,GA-ABE,7,1.2855150699615479,80
China,2,GA-ABE,8,1.2855150699615479,90
China,2,GA-ABE,9,1.2855150699615479,100
China,2,GA-ABE,10,1.2817872762680054,110
China,2,GA-ABE,11,1.2816979885101318,120
China,2,GA-ABE,12,1.2816979885101318,130
China,2,GA-ABE,13,1.2816979885101318,140
China,2,GA-ABE,14,1.2816979885101318,150
China,2,GA-ABE,15,1.2816979885101318,160
China,2,GA-ABE,16,1.2816979885101318,170
China,2,GA-ABE,17,1.2816979885101318,180
China,2,GA-ABE,18,1.2816979885101318,190
China,2,GA-ABE,19,1.2816979885101318,200
China,2,GA-ABE,20,1.2816979885101318,210
China,2,GA-ABE,21,1.2816979885101318,220
China,2,GA-ABE,22,1.2783790826797485,230
China,2,GA-ABE,23,1.2783790826797485,240
China,2,GA-ABE,24,1.2751333713531494,250
China,2,GA-ABE,25,1.2683675289154053,260
China,2,GA-ABE,26,1.2683675289154053,270
China,2,GA-ABE,27,1.2683675289154053,280
China,2,GA-ABE,28,1.2683675289154053,290
China,2,GA-ABE,29,1.2683675289154053,300
China,2,GA-ABE,30,1.2683675289154053,310
China,2,GA-ABE,31,1.2652379274368286,320
China,2,GA-ABE,32,1.2652379274368286,330
China,2,GA-ABE,33,1.2642064094543457,340
China,2,GA-ABE,34,1.2642064094543457,350
China,2,GA-ABE,35,1.2642064094543457,360
China,2,GA-ABE,36,1.2642064094543457,370
China,2,GA-ABE,37,1.2642064094543457,380
China,2,GA-ABE,38,1.2642056941986084,390
China,2,GA-ABE,39,1.2642056941986084,400
China,2,GA-ABE,40,1.2642056941986084,410
China,2,GA-ABE,41,1.2642056941986084,420
China,2,GA-ABE,42,1.2642056941986084,430
China,2,GA-ABE,43,1.2642056941986084,440
China,2,GA-ABE,44,1.2617055177688599,450
China,2,GA-ABE,45,1.2617055177688599,460
China,2,GA-ABE,46,1.2588876485824585,470
China,2,GA-ABE,47,1.2588876485824585,480
China,2,GA-ABE,48,1.2588876485824585,490
China,2,GA-ABE,49,1.2576112747192383,500
China,2,GA-ABE,50,1.2576112747192383,510
China,2,GA-ABE,51,1.2576112747192383,520
China,2,GA-ABE,52,1.2537306547164917,530
China,2,GA-ABE,53,1.2537306547164917,540
China,2,GA-ABE,54,1.2537306547164917,550
China,2,GA-ABE,55,1.2537306547164917,560
China,2,GA-ABE,56,1.2537306547164917,570
China,2,GA-ABE,57,1.2479625940322876,580
China,2,GA-ABE,58,1.2479625940322876,590
China,2,GA-ABE,59,1.241331934928894,600
China,2,GA-ABE,60,1.241331934928894,610
China,2,GA-ABE,61,1.2331618070602417,620
China,2,GA-ABE,62,1.2331618070602417,630
China,2,GA-ABE,63,1.212686538696289,640
China,2,GA-ABE,64,1.212686538696289,650
China,2,GA-ABE,65,1.212686538696289,660
China,2,GA-ABE,66,1.2109410762786865,670
China,2,GA-ABE,67,1.1958497762680054,680
China,2,GA-ABE,68,1.1958497762680054,690
China,2,GA-ABE,69,1.1958497762680054,700
China,2,GA-ABE,70,1.1958497762680054,710
China,2,GA-ABE,71,1.1958497762680054,720
China,2,GA-ABE,72,1.1958497762680054,730
China,2,GA-ABE,73,1.1958497762680054,740
China,2,GA-ABE,74,1.1958497762680054,750
China,2,GA-ABE,75,1.1958497762680054,760
China,2,GA-ABE,76,1.1958497762680054,770
China,2,GA-ABE,77,1.1903120279312134,780
China,2,GA-ABE,78,1.1903120279312134,790
China,2,GA-ABE,79,1.1903120279312134,800
China,2,GA-ABE,80,1.1903120279312134,810
China,2,GA-ABE,81,1.1903120279312134,820
China,2,GA-ABE,82,1.1903120279312134,830
China,2,GA-ABE,83,1.1903120279312134,840
China,2,GA-ABE,84,1.1903120279312134,850
China,2,GA-ABE,85,1.1903120279312134,860
China,2,GA-ABE,86,1.1903120279312134,870
China,2,GA-ABE,87,1.1903120279312134,880
China,2,GA-ABE,88,1.1903120279312134,890
China,2,GA-ABE,89,1.1903120279312134,900
China,2,GA-ABE,90,1.1870863437652588,910
China,2,GA-ABE,91,1.1870863437652588,920
China,2,GA-ABE,92,1.1870863437652588,930
China,2,GA-ABE,93,1.1870863437652588,940
China,2,GA-ABE,94,1.1870863437652588,950
China,2,GA-ABE,95,1.1870863437652588,960
China,2,GA-ABE,96,1.1870863437652588,970
China,2,GA-ABE,97,1.1804670095443726,980
China,2,GA-ABE,98,1.1804670095443726,990
China,2,GA-ABE,99,1.1804670095443726,1000
China,2,PSO-ABE,0,1.3448878526687622,10
China,2,PSO-ABE,1,1.311456322669983,20
China,2,PSO-ABE,2,1.3044214248657227,30
China,2,PSO-ABE,3,1.3044214248657227,40
China,2,PSO-ABE,4,1.3044214248657227,50
China,2,PSO-ABE,5,1.2759451866149902,60
China,2,PSO-ABE,6,1.2610141038894653,70
China,2,PSO-ABE,7,1.2389276027679443,80
China,2,PSO-ABE,8,1.2389276027679443,90
China,2,PSO-ABE,9,1.234750747680664,100
China,2,PSO-ABE,10,1.234750747680664,110
China,2,PSO-ABE,11,1.234750747680664,120
China,2,PSO-ABE,12,1.234750747680664,130
China,2,PSO-ABE,13,1.2343310117721558,140
China,2,PSO-ABE,14,1.2328603267669678,150
China,2,PSO-ABE,15,1.2328603267669678,160
China,2,PSO-ABE,16,1.2328603267669678,170
China,2,PSO-ABE,17,1.2141681909561157,180
China,2,PSO-ABE,18,1.2141681909561157,190
China,2,PSO-ABE,19,1.2141681909561157,200
China,2,PSO-ABE,20,1.2141681909561157,210
China,2,PSO-ABE,21,1.2141681909561157,220
China,2,PSO-ABE,22,1.213641881942749,230
China,2,PSO-ABE,23,1.213641881942749,240
China,2,PSO-ABE,24,1.2132033109664917,250
China,2,PSO-ABE,25,1.2132033109664917,260
China,2,PSO-ABE,26,1.2132033109664917,270
China,2,PSO-ABE,27,1.2132033109664917,280
China,2,PSO-ABE,28,1.2132033109664917,290
China,2,PSO-ABE,29,1.2132033109664917,300
China,2,PSO-ABE,30,1.2132033109664917,310
China,2,PSO-ABE,31,1.2132033109664917,320
China,2,PSO-ABE,32,1.2132033109664917,330
China,2,PSO-ABE,33,1.2132033109664917,340
China,2,PSO-ABE,34,1.2132033109664917,350
China,2,PSO-ABE,35,1.2132033109664917,360
China,2,PSO-ABE,36,1.2125134468078613,370
China,2,PSO-ABE,37,1.212511658668518,380
China,2,PSO-ABE,38,1.212510347366333,390
China,2,PSO-ABE,39,1.2125095129013062,400
China,2,PSO-ABE,40,1.2125049829483032,410
China,2,PSO-ABE,41,1.2124555110931396,420
China,2,PSO-ABE,42,1.2124181985855103,430
China,2,PSO-ABE,43,1.2099275588989258,440
China,2,PSO-ABE,44,1.2099275588989258,450
China,2,PSO-ABE,45,1.2099275588989258,460
China,2,PSO-ABE,46,1.2096484899520874,470
China,2,PSO-ABE,47,1.2096484899520874,480
China,2,PSO-ABE,48,1.2096484899520874,490
China,2,PSO-ABE,49,1.2095986604690552,500
China,2,PSO-ABE,50,1.2095986604690552,510
China,2,PSO-ABE,51,1.2095943689346313,520
China,2,PSO-ABE,52,1.2095943689346313,530
China,2,PSO-ABE,53,1.2095943689346313,540
China,2,PSO-ABE,54,1.2095906734466553,550
China,2,PSO-ABE,55,1.2095906734466553,560
China,2,PSO-ABE,56,1.2095803022384644,570
China,2,PSO-ABE,57,1.2095803022384644,580
China,2,PSO-ABE,58,1.2095803022384644,590
China,2,PSO-ABE,59,1.2095803022384644,600
China,2,PSO-ABE,60,1.2095420360565186,610
China,2,PSO-ABE,61,1.2095420360565186,620
China,2,PSO-ABE,62,1.2095420360565186,630
China,2,PSO-ABE,63,1.2095420360565186,640
China,2,PSO-ABE,64,1.2095420360565186,650
China,2,PSO-ABE,65,1.2095420360565186,660
China,2,PSO-ABE,66,1.2095420360565186,670
China,2,PSO-ABE,67,1.2095420360565186,680
China,2,PSO-ABE,68,1.2095420360565186,690
China,2,PSO-ABE,69,1.2095420360565186,700
China,2,PSO-ABE,70,1.2095420360565186,710
China,2,PSO-ABE,71,1.2095420360565186,720
China,2,PSO-ABE,72,1.209538459777832,730
China,2,PSO-ABE,73,1.209538459777832,740
China,2,PSO-ABE,74,1.209538459777832,750
China,2,PSO-ABE,75,1.209538459777832,760
China,2,PSO-ABE,76,1.209538459777832,770
China,2,PSO-ABE,77,1.2095304727554321,780
China,2,PSO-ABE,78,1.2095304727554321,790
China,2,PSO-ABE,79,1.2095304727554321,800
China,2,PSO-ABE,80,1.2095304727554321,810
China,2,PSO-ABE,81,1.2095304727554321,820
China,2,PSO-ABE,82,1.2095304727554321,830
China,2,PSO-ABE,83,1.2095251083374023,840
China,2,PSO-ABE,84,1.2095208168029785,850
China,2,PSO-ABE,85,1.2095208168029785,860
China,2,PSO-ABE,86,1.2095208168029785,870
China,2,PSO-ABE,87,1.2095208168029785,880
China,2,PSO-ABE,88,1.2095208168029785,890
China,2,PSO-ABE,89,1.2095208168029785,900
China,2,PSO-ABE,90,1.2095208168029785,910
China,2,PSO-ABE,91,1.2095208168029785,920
China,2,PSO-ABE,92,1.2095208168029785,930
China,2,PSO-ABE,93,1.2095208168029785,940
China,2,PSO-ABE,94,1.2095205783843994,950
China,2,PSO-ABE,95,1.2095205783843994,960
China,2,PSO-ABE,96,1.2095205783843994,970
China,2,PSO-ABE,97,1.2095199823379517,980
China,2,PSO-ABE,98,1.2095154523849487,990
China,2,PSO-ABE,99,1.2095154523849487,1000
China,2,DE-ABE,0,1.3041526079177856,10
China,2,DE-ABE,1,1.3041526079177856,20
China,2,DE-ABE,2,1.3041526079177856,30
China,2,DE-ABE,3,1.3041526079177856,40
China,2,DE-ABE,4,1.3041526079177856,50
China,2,DE-ABE,5,1.288861632347107,60
China,2,DE-ABE,6,1.2831785678863525,70
China,2,DE-ABE,7,1.2831785678863525,80
China,2,DE-ABE,8,1.2751259803771973,90
China,2,DE-ABE,9,1.2751259803771973,100
China,2,DE-ABE,10,1.2751259803771973,110
China,2,DE-ABE,11,1.2751259803771973,120
China,2,DE-ABE,12,1.273356556892395,130
China,2,DE-ABE,13,1.2338848114013672,140
China,2,DE-ABE,14,1.2338848114013672,150
China,2,DE-ABE,15,1.2338848114013672,160
China,2,DE-ABE,16,1.2338848114013672,170
China,2,DE-ABE,17,1.2338848114013672,180
China,2,DE-ABE,18,1.2338848114013672,190
China,2,DE-ABE,19,1.2338848114013672,200
China,2,DE-ABE,20,1.2338848114013672,210
China,2,DE-ABE,21,1.2338848114013672,220
China,2,DE-ABE,22,1.2314497232437134,230
China,2,DE-ABE,23,1.2314497232437134,240
China,2,DE-ABE,24,1.2314497232437134,250
China,2,DE-ABE,25,1.2314497232437134,260
China,2,DE-ABE,26,1.203159213066101,270
China,2,DE-ABE,27,1.203159213066101,280
China,2,DE-ABE,28,1.203159213066101,290
China,2,DE-ABE,29,1.203159213066101,300
China,2,DE-ABE,30,1.203159213066101,310
China,2,DE-ABE,31,1.203159213066101,320
China,2,DE-ABE,32,1.203159213066101,330
China,2,DE-ABE,33,1.203159213066101,340
China,2,DE-ABE,34,1.203159213066101,350
China,2,DE-ABE,35,1.203159213066101,360
China,2,DE-ABE,36,1.203159213066101,370
China,2,DE-ABE,37,1.203159213066101,380
China,2,DE-ABE,38,1.203159213066101,390
China,2,DE-ABE,39,1.1976897716522217,400
China,2,DE-ABE,40,1.1976897716522217,410
China,2,DE-ABE,41,1.1976897716522217,420
China,2,DE-ABE,42,1.1976897716522217,430
China,2,DE-ABE,43,1.1976897716522217,440
China,2,DE-ABE,44,1.192948341369629,450
China,2,DE-ABE,45,1.192948341369629,460
China,2,DE-ABE,46,1.192948341369629,470
China,2,DE-ABE,47,1.192948341369629,480
China,2,DE-ABE,48,1.192948341369629,490
China,2,DE-ABE,49,1.1884251832962036,500
China,2,DE-ABE,50,1.1884251832962036,510
China,2,DE-ABE,51,1.1846765279769897,520
China,2,DE-ABE,52,1.1846765279769897,530
China,2,DE-ABE,53,1.1846765279769897,540
China,2,DE-ABE,54,1.1815234422683716,550
China,2,DE-ABE,55,1.1815234422683716,560
China,2,DE-ABE,56,1.1815234422683716,570
China,2,DE-ABE,57,1.1815234422683716,580
China,2,DE-ABE,58,1.1815234422683716,590
China,2,DE-ABE,59,1.1815234422683716,600
China,2,DE-ABE,60,1.1815234422683716,610
China,2,DE-ABE,61,1.1815234422683716,620
China,2,DE-ABE,62,1.1815234422683716,630
China,2,DE-ABE,63,1.1815234422683716,640
China,2,DE-ABE,64,1.1815234422683716,650
China,2,DE-ABE,65,1.1814802885055542,660
China,2,DE-ABE,66,1.1814802885055542,670
China,2,DE-ABE,67,1.179907202720642,680
China,2,DE-ABE,68,1.179907202720642,690
China,2,DE-ABE,69,1.179907202720642,700
China,2,DE-ABE,70,1.1790701150894165,710
China,2,DE-ABE,71,1.1778327226638794,720
China,2,DE-ABE,72,1.1778327226638794,730
China,2,DE-ABE,73,1.1778327226638794,740
China,2,DE-ABE,74,1.1778327226638794,750
China,2,DE-ABE,75,1.1778327226638794,760
China,2,DE-ABE,76,1.1778327226638794,770
China,2,DE-ABE,77,1.1778327226638794,780
China,2,DE-ABE,78,1.1778327226638794,790
China,2,DE-ABE,79,1.1778327226638794,800
China,2,DE-ABE,80,1.1778327226638794,810
China,2,DE-ABE,81,1.1778327226638794,820
China,2,DE-ABE,82,1.1778327226638794,830
China,2,DE-ABE,83,1.1778327226638794,840
China,2,DE-ABE,84,1.1778327226638794,850
China,2,DE-ABE,85,1.1778327226638794,860
China,2,DE-ABE,86,1.1778327226638794,870
China,2,DE-ABE,87,1.1778327226638794,880
China,2,DE-ABE,88,1.1778327226638794,890
China,2,DE-ABE,89,1.1778327226638794,900
China,2,DE-ABE,90,1.1778327226638794,910
China,2,DE-ABE,91,1.1778327226638794,920
China,2,DE-ABE,92,1.1778327226638794,930
China,2,DE-ABE,93,1.1778327226638794,940
China,2,DE-ABE,94,1.1771268844604492,950
China,2,DE-ABE,95,1.1771268844604492,960
China,2,DE-ABE,96,1.1771268844604492,970
China,2,DE-ABE,97,1.1771268844604492,980
China,2,DE-ABE,98,1.177122950553894,990
China,2,DE-ABE,99,1.177114725112915,1000
China,2,GWO-ABE,0,1.3628383874893188,10
China,2,GWO-ABE,1,1.310133695602417,20
China,2,GWO-ABE,2,1.297340750694275,30
China,2,GWO-ABE,3,1.3227713108062744,40
China,2,GWO-ABE,4,1.3219311237335205,50
China,2,GWO-ABE,5,1.3041437864303589,60
China,2,GWO-ABE,6,1.3371353149414062,70
China,2,GWO-ABE,7,1.3404598236083984,80
China,2,GWO-ABE,8,1.3063217401504517,90
China,2,GWO-ABE,9,1.3420432806015015,100
China,2,GWO-ABE,10,1.302254557609558,110
China,2,GWO-ABE,11,1.33090078830719,120
China,2,GWO-ABE,12,1.322325587272644,130
China,2,GWO-ABE,13,1.3222659826278687,140
China,2,GWO-ABE,14,1.3334777355194092,150
China,2,GWO-ABE,15,1.3520021438598633,160
China,2,GWO-ABE,16,1.3439773321151733,170
China,2,GWO-ABE,17,1.3206180334091187,180
China,2,GWO-ABE,18,1.3241024017333984,190
China,2,GWO-ABE,19,1.322497010231018,200
China,2,GWO-ABE,20,1.3165291547775269,210
China,2,GWO-ABE,21,1.3126002550125122,220
China,2,GWO-ABE,22,1.3059773445129395,230
China,2,GWO-ABE,23,1.3246488571166992,240
China,2,GWO-ABE,24,1.3216338157653809,250
China,2,GWO-ABE,25,1.285630464553833,260
China,2,GWO-ABE,26,1.2722020149230957,270
China,2,GWO-ABE,27,1.2914615869522095,280
China,2,GWO-ABE,28,1.301611304283142,290
China,2,GWO-ABE,29,1.2818135023117065,300
China,2,GWO-ABE,30,1.2867696285247803,310
China,2,GWO-ABE,31,1.3116172552108765,320
China,2,GWO-ABE,32,1.2815145254135132,330
China,2,GWO-ABE,33,1.280992865562439,340
China,2,GWO-ABE,34,1.292702078819275,350
China,2,GWO-ABE,35,1.3002551794052124,360
China,2,GWO-ABE,36,1.2949199676513672,370
China,2,GWO-ABE,37,1.279470443725586,380
China,2,GWO-ABE,38,1.2761666774749756,390
China,2,GWO-ABE,39,1.3010644912719727,400
China,2,GWO-ABE,40,1.3001229763031006,410
China,2,GWO-ABE,41,1.2863081693649292,420
China,2,GWO-ABE,42,1.2911763191223145,430
China,2,GWO-ABE,43,1.2978862524032593,440
China,2,GWO-ABE,44,1.2780580520629883,450
China,2,GWO-ABE,45,1.2676594257354736,460
China,2,GWO-ABE,46,1.2740349769592285,470
China,2,GWO-ABE,47,1.2917990684509277,480
China,2,GWO-ABE,48,1.2611292600631714,490
China,2,GWO-ABE,49,1.2532492876052856,500
China,2,GWO-ABE,50,1.2710906267166138,510
China,2,GWO-ABE,51,1.2700812816619873,520
China,2,GWO-ABE,52,1.2494935989379883,530
China,2,GWO-ABE,53,1.2610498666763306,540
China,2,GWO-ABE,54,1.251024842262268,550
China,2,GWO-ABE,55,1.2568721771240234,560
China,2,GWO-ABE,56,1.2549008131027222,570
China,2,GWO-ABE,57,1.2522906064987183,580
China,2,GWO-ABE,58,1.2591207027435303,590
China,2,GWO-ABE,59,1.2529418468475342,600
China,2,GWO-ABE,60,1.2569808959960938,610
China,2,GWO-ABE,61,1.2342654466629028,620
China,2,GWO-ABE,62,1.2395745515823364,630
China,2,GWO-ABE,63,1.2607914209365845,640
China,2,GWO-ABE,64,1.2542654275894165,650
China,2,GWO-ABE,65,1.2357959747314453,660
China,2,GWO-ABE,66,1.22714364528656,670
China,2,GWO-ABE,67,1.2310595512390137,680
China,2,GWO-ABE,68,1.2402092218399048,690
China,2,GWO-ABE,69,1.2266100645065308,700
China,2,GWO-ABE,70,1.2308398485183716,710
China,2,GWO-ABE,71,1.2285739183425903,720
China,2,GWO-ABE,72,1.2190154790878296,730
China,2,GWO-ABE,73,1.2177858352661133,740
China,2,GWO-ABE,74,1.2142492532730103,750
China,2,GWO-ABE,75,1.2202235460281372,760
China,2,GWO-ABE,76,1.2292002439498901,770
China,2,GWO-ABE,77,1.2160096168518066,780
China,2,GWO-ABE,78,1.2247412204742432,790
China,2,GWO-ABE,79,1.214404582977295,800
China,2,GWO-ABE,80,1.2234296798706055,810
China,2,GWO-ABE,81,1.2169413566589355,820
China,2,GWO-ABE,82,1.2198694944381714,830
China,2,GWO-ABE,83,1.2268425226211548,840
China,2,GWO-ABE,84,1.2125694751739502,850
China,2,GWO-ABE,85,1.2102224826812744,860
China,2,GWO-ABE,86,1.214737057685852,870
China,2,GWO-ABE,87,1.2190978527069092,880
China,2,GWO-ABE,88,1.2112740278244019,890
China,2,GWO-ABE,89,1.2120459079742432,900
China,2,GWO-ABE,90,1.2158509492874146,910
China,2,GWO-ABE,91,1.2295503616333008,920
China,2,GWO-ABE,92,1.2318344116210938,930
China,2,GWO-ABE,93,1.2190295457839966,940
China,2,GWO-ABE,94,1.2179100513458252,950
China,2,GWO-ABE,95,1.211970329284668,960
China,2,GWO-ABE,96,1.2138826847076416,970
China,2,GWO-ABE,97,1.2130444049835205,980
China,2,GWO-ABE,98,1.211857795715332,990
China,2,GWO-ABE,99,1.2100814580917358,1000
China,2,WOA-ABE,0,1.3291574716567993,10
China,2,WOA-ABE,1,1.3291574716567993,20
China,2,WOA-ABE,2,1.2551177740097046,30
China,2,WOA-ABE,3,1.2551177740097046,40
China,2,WOA-ABE,4,1.2551177740097046,50
China,2,WOA-ABE,5,1.2451462745666504,60
China,2,WOA-ABE,6,1.2451462745666504,70
China,2,WOA-ABE,7,1.2451462745666504,80
China,2,WOA-ABE,8,1.2337981462478638,90
China,2,WOA-ABE,9,1.2337981462478638,100
China,2,WOA-ABE,10,1.2337981462478638,110
China,2,WOA-ABE,11,1.2336201667785645,120
China,2,WOA-ABE,12,1.2336201667785645,130
China,2,WOA-ABE,13,1.2336201667785645,140
China,2,WOA-ABE,14,1.2336201667785645,150
China,2,WOA-ABE,15,1.233613133430481,160
China,2,WOA-ABE,16,1.226572036743164,170
China,2,WOA-ABE,17,1.2195433378219604,180
China,2,WOA-ABE,18,1.2195433378219604,190
China,2,WOA-ABE,19,1.2156786918640137,200
China,2,WOA-ABE,20,1.2156786918640137,210
China,2,WOA-ABE,21,1.2156786918640137,220
China,2,WOA-ABE,22,1.2156786918640137,230
China,2,WOA-ABE,23,1.2156786918640137,240
China,2,WOA-ABE,24,1.2156786918640137,250
China,2,WOA-ABE,25,1.2156786918640137,260
China,2,WOA-ABE,26,1.2156786918640137,270
China,2,WOA-ABE,27,1.2156779766082764,280
China,2,WOA-ABE,28,1.2156779766082764,290
China,2,WOA-ABE,29,1.2156779766082764,300
China,2,WOA-ABE,30,1.2156779766082764,310
China,2,WOA-ABE,31,1.2156779766082764,320
China,2,WOA-ABE,32,1.2156779766082764,330
China,2,WOA-ABE,33,1.2156779766082764,340
China,2,WOA-ABE,34,1.2156778573989868,350
China,2,WOA-ABE,35,1.2156778573989868,360
China,2,WOA-ABE,36,1.2156778573989868,370
China,2,WOA-ABE,37,1.2156778573989868,380
China,2,WOA-ABE,38,1.2156778573989868,390
China,2,WOA-ABE,39,1.2156778573989868,400
China,2,WOA-ABE,40,1.2156778573989868,410
China,2,WOA-ABE,41,1.2156778573989868,420
China,2,WOA-ABE,42,1.2156778573989868,430
China,2,WOA-ABE,43,1.2156776189804077,440
China,2,WOA-ABE,44,1.2156776189804077,450
China,2,WOA-ABE,45,1.2156776189804077,460
China,2,WOA-ABE,46,1.2156776189804077,470
China,2,WOA-ABE,47,1.2156776189804077,480
China,2,WOA-ABE,48,1.2156776189804077,490
China,2,WOA-ABE,49,1.2156776189804077,500
China,2,WOA-ABE,50,1.2156776189804077,510
China,2,WOA-ABE,51,1.2156776189804077,520
China,2,WOA-ABE,52,1.2156776189804077,530
China,2,WOA-ABE,53,1.2156776189804077,540
China,2,WOA-ABE,54,1.2156776189804077,550
China,2,WOA-ABE,55,1.2156776189804077,560
China,2,WOA-ABE,56,1.215661883354187,570
China,2,WOA-ABE,57,1.215661883354187,580
China,2,WOA-ABE,58,1.215661883354187,590
China,2,WOA-ABE,59,1.215661883354187,600
China,2,WOA-ABE,60,1.215661883354187,610
China,2,WOA-ABE,61,1.215661883354187,620
China,2,WOA-ABE,62,1.2148338556289673,630
China,2,WOA-ABE,63,1.2148338556289673,640
China,2,WOA-ABE,64,1.214828610420227,650
China,2,WOA-ABE,65,1.2148195505142212,660
China,2,WOA-ABE,66,1.2148195505142212,670
China,2,WOA-ABE,67,1.2148165702819824,680
China,2,WOA-ABE,68,1.2148165702819824,690
China,2,WOA-ABE,69,1.2148164510726929,700
China,2,WOA-ABE,70,1.2148141860961914,710
China,2,WOA-ABE,71,1.2148135900497437,720
China,2,WOA-ABE,72,1.2148135900497437,730
China,2,WOA-ABE,73,1.2142819166183472,740
China,2,WOA-ABE,74,1.2142819166183472,750
China,2,WOA-ABE,75,1.2142819166183472,760
China,2,WOA-ABE,76,1.2142819166183472,770
China,2,WOA-ABE,77,1.2142819166183472,780
China,2,WOA-ABE,78,1.2142819166183472,790
China,2,WOA-ABE,79,1.2142819166183472,800
China,2,WOA-ABE,80,1.2142819166183472,810
China,2,WOA-ABE,81,1.214279055595398,820
China,2,WOA-ABE,82,1.214279055595398,830
China,2,WOA-ABE,83,1.214279055595398,840
China,2,WOA-ABE,84,1.214279055595398,850
China,2,WOA-ABE,85,1.214279055595398,860
China,2,WOA-ABE,86,1.214279055595398,870
China,2,WOA-ABE,87,1.214279055595398,880
China,2,WOA-ABE,88,1.214279055595398,890
China,2,WOA-ABE,89,1.214279055595398,900
China,2,WOA-ABE,90,1.214279055595398,910
China,2,WOA-ABE,91,1.214279055595398,920
China,2,WOA-ABE,92,1.214279055595398,930
China,2,WOA-ABE,93,1.214279055595398,940
China,2,WOA-ABE,94,1.214279055595398,950
China,2,WOA-ABE,95,1.2142716646194458,960
China,2,WOA-ABE,96,1.214266300201416,970
China,2,WOA-ABE,97,1.214266300201416,980
China,2,WOA-ABE,98,1.214266300201416,990
China,2,WOA-ABE,99,1.214266300201416,1000
China,2,FAABE,0,1.2811366319656372,10
China,2,FAABE,1,1.2811366319656372,20
China,2,FAABE,2,1.2811366319656372,30
China,2,FAABE,3,1.2811366319656372,40
China,2,FAABE,4,1.2811366319656372,50
China,2,FAABE,5,1.2811366319656372,60
China,2,FAABE,6,1.2811366319656372,70
China,2,FAABE,7,1.2811366319656372,80
China,2,FAABE,8,1.2811366319656372,90
China,2,FAABE,9,1.2811366319656372,100
China,2,FAABE,10,1.2811366319656372,110
China,2,FAABE,11,1.2811366319656372,120
China,2,FAABE,12,1.2811366319656372,130
China,2,FAABE,13,1.2811366319656372,140
China,2,FAABE,14,1.2811366319656372,150
China,2,FAABE,15,1.2811366319656372,160
China,2,FAABE,16,1.2623838186264038,170
China,2,FAABE,17,1.2623838186264038,180
China,2,FAABE,18,1.2623838186264038,190
China,2,FAABE,19,1.2623838186264038,200
China,2,FAABE,20,1.2623838186264038,210
China,2,FAABE,21,1.2623838186264038,220
China,2,FAABE,22,1.2623838186264038,230
China,2,FAABE,23,1.2623838186264038,240
China,2,FAABE,24,1.2623838186264038,250
China,2,FAABE,25,1.2623838186264038,260
China,2,FAABE,26,1.2623838186264038,270
China,2,FAABE,27,1.2623838186264038,280
China,2,FAABE,28,1.2623838186264038,290
China,2,FAABE,29,1.2623838186264038,300
China,2,FAABE,30,1.2623838186264038,310
China,2,FAABE,31,1.2623838186264038,320
China,2,FAABE,32,1.2623838186264038,330
China,2,FAABE,33,1.2623838186264038,340
China,2,FAABE,34,1.2623838186264038,350
China,2,FAABE,35,1.2623838186264038,360
China,2,FAABE,36,1.2623838186264038,370
China,2,FAABE,37,1.2623838186264038,380
China,2,FAABE,38,1.2623838186264038,390
China,2,FAABE,39,1.2623838186264038,400
China,2,FAABE,40,1.2623838186264038,410
China,2,FAABE,41,1.2623838186264038,420
China,2,FAABE,42,1.2623838186264038,430
China,2,FAABE,43,1.2623838186264038,440
China,2,FAABE,44,1.2623838186264038,450
China,2,FAABE,45,1.2623838186264038,460
China,2,FAABE,46,1.2623838186264038,470
China,2,FAABE,47,1.2623838186264038,480
China,2,FAABE,48,1.2623838186264038,490
China,2,FAABE,49,1.2623838186264038,500
China,2,FAABE,50,1.2623838186264038,510
China,2,FAABE,51,1.2623838186264038,520
China,2,FAABE,52,1.2623838186264038,530
China,2,FAABE,53,1.2623838186264038,540
China,2,FAABE,54,1.2623838186264038,550
China,2,FAABE,55,1.2623838186264038,560
China,2,FAABE,56,1.2623838186264038,570
China,2,FAABE,57,1.2623838186264038,580
China,2,FAABE,58,1.2623838186264038,590
China,2,FAABE,59,1.2623838186264038,600
China,2,FAABE,60,1.2623838186264038,610
China,2,FAABE,61,1.2623838186264038,620
China,2,FAABE,62,1.2623838186264038,630
China,2,FAABE,63,1.2623838186264038,640
China,2,FAABE,64,1.2623838186264038,650
China,2,FAABE,65,1.2623838186264038,660
China,2,FAABE,66,1.255788803100586,670
China,2,FAABE,67,1.255788803100586,680
China,2,FAABE,68,1.255788803100586,690
China,2,FAABE,69,1.255788803100586,700
China,2,FAABE,70,1.255788803100586,710
China,2,FAABE,71,1.255788803100586,720
China,2,FAABE,72,1.255788803100586,730
China,2,FAABE,73,1.255788803100586,740
China,2,FAABE,74,1.253906011581421,750
China,2,FAABE,75,1.253906011581421,760
China,2,FAABE,76,1.253906011581421,770
China,2,FAABE,77,1.253906011581421,780
China,2,FAABE,78,1.253906011581421,790
China,2,FAABE,79,1.253906011581421,800
China,2,FAABE,80,1.253906011581421,810
China,2,FAABE,81,1.253906011581421,820
China,2,FAABE,82,1.253906011581421,830
China,2,FAABE,83,1.253906011581421,840
China,2,FAABE,84,1.253906011581421,850
China,2,FAABE,85,1.253906011581421,860
China,2,FAABE,86,1.253906011581421,870
China,2,FAABE,87,1.2518634796142578,880
China,2,FAABE,88,1.2518634796142578,890
China,2,FAABE,89,1.2518634796142578,900
China,2,FAABE,90,1.2518634796142578,910
China,2,FAABE,91,1.2518634796142578,920
China,2,FAABE,92,1.2518634796142578,930
China,2,FAABE,93,1.2518634796142578,940
China,2,FAABE,94,1.2518634796142578,950
China,2,FAABE,95,1.2518634796142578,960
China,2,FAABE,96,1.2518634796142578,970
China,2,FAABE,97,1.2518634796142578,980
China,2,FAABE,98,1.2518634796142578,990
China,2,FAABE,99,1.2518634796142578,1000
China,3,GA-ABE,0,1.3797307014465332,10
China,3,GA-ABE,1,1.3375908136367798,20
China,3,GA-ABE,2,1.2947354316711426,30
China,3,GA-ABE,3,1.2923554182052612,40
China,3,GA-ABE,4,1.2923554182052612,50
China,3,GA-ABE,5,1.271631121635437,60
China,3,GA-ABE,6,1.271631121635437,70
China,3,GA-ABE,7,1.271631121635437,80
China,3,GA-ABE,8,1.2612786293029785,90
China,3,GA-ABE,9,1.2465959787368774,100
China,3,GA-ABE,10,1.2327346801757812,110
China,3,GA-ABE,11,1.2327346801757812,120
China,3,GA-ABE,12,1.2277714014053345,130
China,3,GA-ABE,13,1.2266507148742676,140
China,3,GA-ABE,14,1.2228648662567139,150
China,3,GA-ABE,15,1.2228648662567139,160
China,3,GA-ABE,16,1.2228648662567139,170
China,3,GA-ABE,17,1.220496654510498,180
China,3,GA-ABE,18,1.214573860168457,190
China,3,GA-ABE,19,1.214573860168457,200
China,3,GA-ABE,20,1.214573860168457,210
China,3,GA-ABE,21,1.214573860168457,220
China,3,GA-ABE,22,1.214573860168457,230
China,3,GA-ABE,23,1.214573860168457,240
China,3,GA-ABE,24,1.214573860168457,250
China,3,GA-ABE,25,1.214573860168457,260
China,3,GA-ABE,26,1.214573860168457,270
China,3,GA-ABE,27,1.214573860168457,280
China,3,GA-ABE,28,1.214573860168457,290
China,3,GA-ABE,29,1.214573860168457,300
China,3,GA-ABE,30,1.214573860168457,310
China,3,GA-ABE,31,1.214573860168457,320
China,3,GA-ABE,32,1.214573621749878,330
China,3,GA-ABE,33,1.214573621749878,340
China,3,GA-ABE,34,1.2107516527175903,350
China,3,GA-ABE,35,1.2107516527175903,360
China,3,GA-ABE,36,1.2107516527175903,370
China,3,GA-ABE,37,1.2107516527175903,380
China,3,GA-ABE,38,1.2107516527175903,390
China,3,GA-ABE,39,1.2107516527175903,400
China,3,GA-ABE,40,1.2107516527175903,410
China,3,GA-ABE,41,1.2107516527175903,420
China,3,GA-ABE,42,1.2107516527175903,430
China,3,GA-ABE,43,1.2107516527175903,440
China,3,GA-ABE,44,1.2107516527175903,450
China,3,GA-ABE,45,1.2107516527175903,460
China,3,GA-ABE,46,1.2107516527175903,470
China,3,GA-ABE,47,1.2107516527175903,480
China,3,GA-ABE,48,1.2107516527175903,490
China,3,GA-ABE,49,1.2107516527175903,500
China,3,GA-ABE,50,1.2107516527175903,510
China,3,GA-ABE,51,1.2107516527175903,520
China,3,GA-ABE,52,1.2107516527175903,530
China,3,GA-ABE,53,1.2107516527175903,540
China,3,GA-ABE,54,1.2107516527175903,550
China,3,GA-ABE,55,1.2107516527175903,560
China,3,GA-ABE,56,1.2107516527175903,570
China,3,GA-ABE,57,1.2107516527175903,580
China,3,GA-ABE,58,1.2107516527175903,590
China,3,GA-ABE,59,1.2107515335083008,600
China,3,GA-ABE,60,1.2107515335083008,610
China,3,GA-ABE,61,1.2107515335083008,620
China,3,GA-ABE,62,1.2107515335083008,630
China,3,GA-ABE,63,1.2107515335083008,640
China,3,GA-ABE,64,1.2107515335083008,650
China,3,GA-ABE,65,1.2107515335083008,660
China,3,GA-ABE,66,1.2107515335083008,670
China,3,GA-ABE,67,1.2107515335083008,680
China,3,GA-ABE,68,1.2107515335083008,690
China,3,GA-ABE,69,1.2107515335083008,700
China,3,GA-ABE,70,1.2107515335083008,710
China,3,GA-ABE,71,1.2107515335083008,720
China,3,GA-ABE,72,1.2107515335083008,730
China,3,GA-ABE,73,1.2107515335083008,740
China,3,GA-ABE,74,1.2107515335083008,750
China,3,GA-ABE,75,1.2107515335083008,760
China,3,GA-ABE,76,1.2107515335083008,770
China,3,GA-ABE,77,1.2107515335083008,780
China,3,GA-ABE,78,1.2107515335083008,790
China,3,GA-ABE,79,1.2107515335083008,800
China,3,GA-ABE,80,1.2107515335083008,810
China,3,GA-ABE,81,1.2107515335083008,820
China,3,GA-ABE,82,1.2107515335083008,830
China,3,GA-ABE,83,1.2107515335083008,840
China,3,GA-ABE,84,1.2107515335083008,850
China,3,GA-ABE,85,1.2107515335083008,860
China,3,GA-ABE,86,1.2107515335083008,870
China,3,GA-ABE,87,1.2107515335083008,880
China,3,GA-ABE,88,1.2107515335083008,890
China,3,GA-ABE,89,1.2107515335083008,900
China,3,GA-ABE,90,1.2107515335083008,910
China,3,GA-ABE,91,1.2107515335083008,920
China,3,GA-ABE,92,1.2107515335083008,930
China,3,GA-ABE,93,1.2107515335083008,940
China,3,GA-ABE,94,1.2104384899139404,950
China,3,GA-ABE,95,1.2104384899139404,960
China,3,GA-ABE,96,1.2104384899139404,970
China,3,GA-ABE,97,1.2104384899139404,980
China,3,GA-ABE,98,1.2104384899139404,990
China,3,GA-ABE,99,1.2104384899139404,1000
China,3,PSO-ABE,0,1.367218255996704,10
China,3,PSO-ABE,1,1.367218255996704,20
China,3,PSO-ABE,2,1.367218255996704,30
China,3,PSO-ABE,3,1.367218255996704,40
China,3,PSO-ABE,4,1.3594683408737183,50
China,3,PSO-ABE,5,1.3594683408737183,60
China,3,PSO-ABE,6,1.3594683408737183,70
China,3,PSO-ABE,7,1.3549715280532837,80
China,3,PSO-ABE,8,1.327485203742981,90
China,3,PSO-ABE,9,1.3099814653396606,100
China,3,PSO-ABE,10,1.3068604469299316,110
China,3,PSO-ABE,11,1.2756017446517944,120
China,3,PSO-ABE,12,1.274802565574646,130
China,3,PSO-ABE,13,1.274802565574646,140
China,3,PSO-ABE,14,1.274802565574646,150
China,3,PSO-ABE,15,1.2545758485794067,160
China,3,PSO-ABE,16,1.2545758485794067,170
China,3,PSO-ABE,17,1.2545758485794067,180
China,3,PSO-ABE,18,1.2545758485794067,190
China,3,PSO-ABE,19,1.2545758485794067,200
China,3,PSO-ABE,20,1.2545758485794067,210
China,3,PSO-ABE,21,1.2464344501495361,220
China,3,PSO-ABE,22,1.2464344501495361,230
China,3,PSO-ABE,23,1.2464344501495361,240
China,3,PSO-ABE,24,1.2464344501495361,250
China,3,PSO-ABE,25,1.2464344501495361,260
China,3,PSO-ABE,26,1.2464344501495361,270
China,3,PSO-ABE,27,1.2464344501495361,280
China,3,PSO-ABE,28,1.2464344501495361,290
China,3,PSO-ABE,29,1.2415906190872192,300
China,3,PSO-ABE,30,1.2415906190872192,310
China,3,PSO-ABE,31,1.2415906190872192,320
China,3,PSO-ABE,32,1.2415906190872192,330
China,3,PSO-ABE,33,1.2415906190872192,340
China,3,PSO-ABE,34,1.2372065782546997,350
China,3,PSO-ABE,35,1.2372065782546997,360
China,3,PSO-ABE,36,1.2372065782546997,370
China,3,PSO-ABE,37,1.2281557321548462,380
China,3,PSO-ABE,38,1.2281557321548462,390
China,3,PSO-ABE,39,1.2281557321548462,400
China,3,PSO-ABE,40,1.2281557321548462,410
China,3,PSO-ABE,41,1.2281557321548462,420
China,3,PSO-ABE,42,1.2281557321548462,430
China,3,PSO-ABE,43,1.2281557321548462,440
China,3,PSO-ABE,44,1.2281557321548462,450
China,3,PSO-ABE,45,1.2281557321548462,460
China,3,PSO-ABE,46,1.2281557321548462,470
China,3,PSO-ABE,47,1.2281557321548462,480
China,3,PSO-ABE,48,1.2281557321548462,490
China,3,PSO-ABE,49,1.2281557321548462,500
China,3,PSO-ABE,50,1.2281557321548462,510
China,3,PSO-ABE,51,1.2281557321548462,520
China,3,PSO-ABE,52,1.2281557321548462,530
China,3,PSO-ABE,53,1.2277865409851074,540
China,3,PSO-ABE,54,1.2277865409851074,550
China,3,PSO-ABE,55,1.227123737335205,560
China,3,PSO-ABE,56,1.227123737335205,570
China,3,PSO-ABE,57,1.227123737335205,580
China,3,PSO-ABE,58,1.227123737335205,590
China,3,PSO-ABE,59,1.2259687185287476,600
China,3,PSO-ABE,60,1.2259687185287476,610
China,3,PSO-ABE,61,1.2259687185287476,620
China,3,PSO-ABE,62,1.2259687185287476,630
China,3,PSO-ABE,63,1.2242013216018677,640
China,3,PSO-ABE,64,1.2164130210876465,650
China,3,PSO-ABE,65,1.2164130210876465,660
China,3,PSO-ABE,66,1.2164130210876465,670
China,3,PSO-ABE,67,1.2164130210876465,680
China,3,PSO-ABE,68,1.2164130210876465,690
China,3,PSO-ABE,69,1.2164130210876465,700
China,3,PSO-ABE,70,1.2164130210876465,710
China,3,PSO-ABE,71,1.2164130210876465,720
China,3,PSO-ABE,72,1.2164130210876465,730
China,3,PSO-ABE,73,1.2164130210876465,740
China,3,PSO-ABE,74,1.2164130210876465,750
China,3,PSO-ABE,75,1.2164130210876465,760
China,3,PSO-ABE,76,1.2164130210876465,770
China,3,PSO-ABE,77,1.2164130210876465,780
China,3,PSO-ABE,78,1.2164130210876465,790
China,3,PSO-ABE,79,1.2164130210876465,800
China,3,PSO-ABE,80,1.2164130210876465,810
China,3,PSO-ABE,81,1.2164130210876465,820
China,3,PSO-ABE,82,1.2164130210876465,830
China,3,PSO-ABE,83,1.2164130210876465,840
China,3,PSO-ABE,84,1.2164130210876465,850
China,3,PSO-ABE,85,1.2164130210876465,860
China,3,PSO-ABE,86,1.2164130210876465,870
China,3,PSO-ABE,87,1.2164130210876465,880
China,3,PSO-ABE,88,1.2164130210876465,890
China,3,PSO-ABE,89,1.2164130210876465,900
China,3,PSO-ABE,90,1.2164130210876465,910
China,3,PSO-ABE,91,1.2164130210876465,920
China,3,PSO-ABE,92,1.2164130210876465,930
China,3,PSO-ABE,93,1.2164130210876465,940
China,3,PSO-ABE,94,1.2164130210876465,950
China,3,PSO-ABE,95,1.2164130210876465,960
China,3,PSO-ABE,96,1.2164130210876465,970
China,3,PSO-ABE,97,1.2164130210876465,980
China,3,PSO-ABE,98,1.2164130210876465,990
China,3,PSO-ABE,99,1.2164130210876465,1000
China,3,DE-ABE,0,1.3063706159591675,10
China,3,DE-ABE,1,1.3063706159591675,20
China,3,DE-ABE,2,1.2864699363708496,30
China,3,DE-ABE,3,1.2563058137893677,40
China,3,DE-ABE,4,1.2563058137893677,50
China,3,DE-ABE,5,1.2563058137893677,60
China,3,DE-ABE,6,1.2563058137893677,70
China,3,DE-ABE,7,1.2563058137893677,80
China,3,DE-ABE,8,1.2557865381240845,90
China,3,DE-ABE,9,1.2557865381240845,100
China,3,DE-ABE,10,1.2542004585266113,110
China,3,DE-ABE,11,1.2542004585266113,120
China,3,DE-ABE,12,1.2542004585266113,130
China,3,DE-ABE,13,1.2542004585266113,140
China,3,DE-ABE,14,1.2433699369430542,150
China,3,DE-ABE,15,1.2433699369430542,160
China,3,DE-ABE,16,1.2433699369430542,170
China,3,DE-ABE,17,1.2433699369430542,180
China,3,DE-ABE,18,1.2417144775390625,190
China,3,DE-ABE,19,1.2417144775390625,200
China,3,DE-ABE,20,1.2408512830734253,210
China,3,DE-ABE,21,1.2408512830734253,220
China,3,DE-ABE,22,1.240007996559143,230
China,3,DE-ABE,23,1.2365769147872925,240
China,3,DE-ABE,24,1.2365769147872925,250
China,3,DE-ABE,25,1.2365769147872925,260
China,3,DE-ABE,26,1.2365769147872925,270
China,3,DE-ABE,27,1.2365769147872925,280
China,3,DE-ABE,28,1.234187126159668,290
China,3,DE-ABE,29,1.2324639558792114,300
China,3,DE-ABE,30,1.2324639558792114,310
China,3,DE-ABE,31,1.2311828136444092,320
China,3,DE-ABE,32,1.2311828136444092,330
China,3,DE-ABE,33,1.2301151752471924,340
China,3,DE-ABE,34,1.2301151752471924,350
China,3,DE-ABE,35,1.2295892238616943,360
China,3,DE-ABE,36,1.2295892238616943,370
China,3,DE-ABE,37,1.2292118072509766,380
China,3,DE-ABE,38,1.2292118072509766,390
China,3,DE-ABE,39,1.2292118072509766,400
China,3,DE-ABE,40,1.2292118072509766,410
China,3,DE-ABE,41,1.2292118072509766,420
China,3,DE-ABE,42,1.229171872138977,430
China,3,DE-ABE,43,1.229171872138977,440
China,3,DE-ABE,44,1.2288216352462769,450
China,3,DE-ABE,45,1.228725552558899,460
China,3,DE-ABE,46,1.228725552558899,470
China,3,DE-ABE,47,1.2286620140075684,480
China,3,DE-ABE,48,1.2259588241577148,490
China,3,DE-ABE,49,1.2259588241577148,500
China,3,DE-ABE,50,1.2243212461471558,510
China,3,DE-ABE,51,1.2243212461471558,520
China,3,DE-ABE,52,1.2242103815078735,530
China,3,DE-ABE,53,1.2242103815078735,540
China,3,DE-ABE,54,1.2242103815078735,550
China,3,DE-ABE,55,1.2223808765411377,560
China,3,DE-ABE,56,1.2223808765411377,570
China,3,DE-ABE,57,1.2223808765411377,580
China,3,DE-ABE,58,1.2223808765411377,590
China,3,DE-ABE,59,1.2223808765411377,600
China,3,DE-ABE,60,1.2223808765411377,610
China,3,DE-ABE,61,1.2223808765411377,620
China,3,DE-ABE,62,1.2223808765411377,630
China,3,DE-ABE,63,1.2217978239059448,640
China,3,DE-ABE,64,1.2217978239059448,650
China,3,DE-ABE,65,1.2217978239059448,660
China,3,DE-ABE,66,1.2217978239059448,670
China,3,DE-ABE,67,1.2217978239059448,680
China,3,DE-ABE,68,1.2217978239059448,690
China,3,DE-ABE,69,1.2217978239059448,700
China,3,DE-ABE,70,1.2217978239059448,710
China,3,DE-ABE,71,1.2217978239059448,720
China,3,DE-ABE,72,1.2217978239059448,730
China,3,DE-ABE,73,1.2217978239059448,740
China,3,DE-ABE,74,1.2217978239059448,750
China,3,DE-ABE,75,1.2217978239059448,760
China,3,DE-ABE,76,1.2217978239059448,770
China,3,DE-ABE,77,1.2217978239059448,780
China,3,DE-ABE,78,1.2217681407928467,790
China,3,DE-ABE,79,1.2217681407928467,800
China,3,DE-ABE,80,1.2217494249343872,810
China,3,DE-ABE,81,1.2217494249343872,820
China,3,DE-ABE,82,1.2217494249343872,830
China,3,DE-ABE,83,1.221723198890686,840
China,3,DE-ABE,84,1.2216752767562866,850
China,3,DE-ABE,85,1.2216399908065796,860
China,3,DE-ABE,86,1.2214100360870361,870
China,3,DE-ABE,87,1.2214100360870361,880
China,3,DE-ABE,88,1.2213685512542725,890
China,3,DE-ABE,89,1.2213685512542725,900
China,3,DE-ABE,90,1.2213387489318848,910
China,3,DE-ABE,91,1.2213387489318848,920
China,3,DE-ABE,92,1.2212270498275757,930
China,3,DE-ABE,93,1.2212270498275757,940
China,3,DE-ABE,94,1.2212270498275757,950
China,3,DE-ABE,95,1.2212270498275757,960
China,3,DE-ABE,96,1.2212270498275757,970
China,3,DE-ABE,97,1.2212270498275757,980
China,3,DE-ABE,98,1.2212270498275757,990
China,3,DE-ABE,99,1.2212270498275757,1000
China,3,GWO-ABE,0,1.3286311626434326,10
China,3,GWO-ABE,1,1.2708654403686523,20
China,3,GWO-ABE,2,1.3129501342773438,30
China,3,GWO-ABE,3,1.2635619640350342,40
China,3,GWO-ABE,4,1.2859245538711548,50
China,3,GWO-ABE,5,1.2848455905914307,60
China,3,GWO-ABE,6,1.3065106868743896,70
China,3,GWO-ABE,7,1.2646840810775757,80
China,3,GWO-ABE,8,1.281549334526062,90
China,3,GWO-ABE,9,1.28569757938385,100
China,3,GWO-ABE,10,1.2803528308868408,110
China,3,GWO-ABE,11,1.2890594005584717,120
China,3,GWO-ABE,12,1.2723838090896606,130
China,3,GWO-ABE,13,1.3213090896606445,140
China,3,GWO-ABE,14,1.2909159660339355,150
China,3,GWO-ABE,15,1.2914435863494873,160
China,3,GWO-ABE,16,1.283022403717041,170
China,3,GWO-ABE,17,1.2520750761032104,180
China,3,GWO-ABE,18,1.2766820192337036,190
China,3,GWO-ABE,19,1.290742039680481,200
China,3,GWO-ABE,20,1.2793270349502563,210
China,3,GWO-ABE,21,1.2753655910491943,220
China,3,GWO-ABE,22,1.2772797346115112,230
China,3,GWO-ABE,23,1.2723402976989746,240
China,3,GWO-ABE,24,1.2753539085388184,250
China,3,GWO-ABE,25,1.2638704776763916,260
China,3,GWO-ABE,26,1.2802714109420776,270
China,3,GWO-ABE,27,1.2588127851486206,280
China,3,GWO-ABE,28,1.2412763833999634,290
China,3,GWO-ABE,29,1.2446197271347046,300
China,3,GWO-ABE,30,1.2565088272094727,310
China,3,GWO-ABE,31,1.2416939735412598,320
China,3,GWO-ABE,32,1.2545620203018188,330
China,3,GWO-ABE,33,1.2319635152816772,340
China,3,GWO-ABE,34,1.2666078805923462,350
China,3,GWO-ABE,35,1.2712334394454956,360
China,3,GWO-ABE,36,1.2485789060592651,370
China,3,GWO-ABE,37,1.261919379234314,380
China,3,GWO-ABE,38,1.2762442827224731,390
China,3,GWO-ABE,39,1.2481411695480347,400
China,3,GWO-ABE,40,1.2585405111312866,410
China,3,GWO-ABE,41,1.2494351863861084,420
China,3,GWO-ABE,42,1.2423022985458374,430
China,3,GWO-ABE,43,1.2825714349746704,440
China,3,GWO-ABE,44,1.236501932144165,450
China,3,GWO-ABE,45,1.274227499961853,460
China,3,GWO-ABE,46,1.2557601928710938,470
China,3,GWO-ABE,47,1.2463327646255493,480
China,3,GWO-ABE,48,1.2125465869903564,490
China,3,GWO-ABE,49,1.2300312519073486,500
China,3,GWO-ABE,50,1.22496497631073,510
China,3,GWO-ABE,51,1.2293016910552979,520
China,3,GWO-ABE,52,1.2215825319290161,530
China,3,GWO-ABE,53,1.2211569547653198,540
China,3,GWO-ABE,54,1.2254630327224731,550
China,3,GWO-ABE,55,1.2137833833694458,560
China,3,GWO-ABE,56,1.2315706014633179,570
China,3,GWO-ABE,57,1.2132885456085205,580
China,3,GWO-ABE,58,1.2224348783493042,590
China,3,GWO-ABE,59,1.202231764793396,600
China,3,GWO-ABE,60,1.214784026145935,610
China,3,GWO-ABE,61,1.2020180225372314,620
China,3,GWO-ABE,62,1.2206145524978638,630
China,3,GWO-ABE,63,1.2255380153656006,640
China,3,GWO-ABE,64,1.2152314186096191,650
China,3,GWO-ABE,65,1.2258116006851196,660
China,3,GWO-ABE,66,1.2234801054000854,670
China,3,GWO-ABE,67,1.2273471355438232,680
China,3,GWO-ABE,68,1.2221132516860962,690
China,3,GWO-ABE,69,1.2273105382919312,700
China,3,GWO-ABE,70,1.2133677005767822,710
China,3,GWO-ABE,71,1.2219167947769165,720
China,3,GWO-ABE,72,1.2156776189804077,730
China,3,GWO-ABE,73,1.228058934211731,740
China,3,GWO-ABE,74,1.2284373044967651,750
China,3,GWO-ABE,75,1.2161473035812378,760
China,3,GWO-ABE,76,1.2143545150756836,770
China,3,GWO-ABE,77,1.2168128490447998,780
China,3,GWO-ABE,78,1.214252233505249,790
China,3,GWO-ABE,79,1.1995476484298706,800
China,3,GWO-ABE,80,1.2122441530227661,810
China,3,GWO-ABE,81,1.2042919397354126,820
China,3,GWO-ABE,82,1.1972284317016602,830
China,3,GWO-ABE,83,1.2099148035049438,840
China,3,GWO-ABE,84,1.2192010879516602,850
China,3,GWO-ABE,85,1.2027593851089478,860
China,3,GWO-ABE,86,1.2131788730621338,870
China,3,GWO-ABE,87,1.206037163734436,880
China,3,GWO-ABE,88,1.2031357288360596,890
China,3,GWO-ABE,89,1.2083648443222046,900
China,3,GWO-ABE,90,1.2021957635879517,910
China,3,GWO-ABE,91,1.2108633518218994,920
China,3,GWO-ABE,92,1.1919630765914917,930
China,3,GWO-ABE,93,1.198363184928894,940
China,3,GWO-ABE,94,1.2057915925979614,950
China,3,GWO-ABE,95,1.2100543975830078,960
China,3,GWO-ABE,96,1.1968430280685425,970
China,3,GWO-ABE,97,1.2049007415771484,980
China,3,GWO-ABE,98,1.1986476182937622,990
China,3,GWO-ABE,99,1.1966944932937622,1000
China,3,WOA-ABE,0,1.2627094984054565,10
China,3,WOA-ABE,1,1.2627094984054565,20
China,3,WOA-ABE,2,1.2627094984054565,30
China,3,WOA-ABE,3,1.255123496055603,40
China,3,WOA-ABE,4,1.255123496055603,50
China,3,WOA-ABE,5,1.2480770349502563,60
China,3,WOA-ABE,6,1.2480770349502563,70
China,3,WOA-ABE,7,1.243252158164978,80
China,3,WOA-ABE,8,1.243252158164978,90
China,3,WOA-ABE,9,1.2372597455978394,100
China,3,WOA-ABE,10,1.236209511756897,110
China,3,WOA-ABE,11,1.236209511756897,120
China,3,WOA-ABE,12,1.236209511756897,130
China,3,WOA-ABE,13,1.2307296991348267,140
China,3,WOA-ABE,14,1.2307296991348267,150
China,3,WOA-ABE,15,1.2307296991348267,160
China,3,WOA-ABE,16,1.2307296991348267,170
China,3,WOA-ABE,17,1.2307296991348267,180
China,3,WOA-ABE,18,1.2307296991348267,190
China,3,WOA-ABE,19,1.2307296991348267,200
China,3,WOA-ABE,20,1.2307296991348267,210
China,3,WOA-ABE,21,1.2307296991348267,220
China,3,WOA-ABE,22,1.2307296991348267,230
China,3,WOA-ABE,23,1.2307296991348267,240
China,3,WOA-ABE,24,1.2299120426177979,250
China,3,WOA-ABE,25,1.2276314496994019,260
China,3,WOA-ABE,26,1.2276314496994019,270
China,3,WOA-ABE,27,1.2276314496994019,280
China,3,WOA-ABE,28,1.2276314496994019,290
China,3,WOA-ABE,29,1.2276314496994019,300
China,3,WOA-ABE,30,1.22762930393219,310
China,3,WOA-ABE,31,1.22762930393219,320
China,3,WOA-ABE,32,1.2268773317337036,330
China,3,WOA-ABE,33,1.2268773317337036,340
China,3,WOA-ABE,34,1.2268773317337036,350
China,3,WOA-ABE,35,1.2268773317337036,360
China,3,WOA-ABE,36,1.2268773317337036,370
China,3,WOA-ABE,37,1.2268773317337036,380
China,3,WOA-ABE,38,1.2268773317337036,390
China,3,WOA-ABE,39,1.22686767578125,400
China,3,WOA-ABE,40,1.2220983505249023,410
China,3,WOA-ABE,41,1.2218509912490845,420
China,3,WOA-ABE,42,1.2218509912490845,430
China,3,WOA-ABE,43,1.221847414970398,440
China,3,WOA-ABE,44,1.221847414970398,450
China,3,WOA-ABE,45,1.2203961610794067,460
China,3,WOA-ABE,46,1.2203961610794067,470
China,3,WOA-ABE,47,1.2203785181045532,480
China,3,WOA-ABE,48,1.2180262804031372,490
China,3,WOA-ABE,49,1.2180262804031372,500
China,3,WOA-ABE,50,1.2180262804031372,510
China,3,WOA-ABE,51,1.2180262804031372,520
China,3,WOA-ABE,52,1.2180097103118896,530
China,3,WOA-ABE,53,1.2180097103118896,540
China,3,WOA-ABE,54,1.217822790145874,550
China,3,WOA-ABE,55,1.217822790145874,560
China,3,WOA-ABE,56,1.21710205078125,570
China,3,WOA-ABE,57,1.21710205078125,580
China,3,WOA-ABE,58,1.21710205078125,590
China,3,WOA-ABE,59,1.21710205078125,600
China,3,WOA-ABE,60,1.21710205078125,610
China,3,WOA-ABE,61,1.21710205078125,620
China,3,WOA-ABE,62,1.21710205078125,630
China,3,WOA-ABE,63,1.21710205078125,640
China,3,WOA-ABE,64,1.21710205078125,650
China,3,WOA-ABE,65,1.2170915603637695,660
China,3,WOA-ABE,66,1.2170915603637695,670
China,3,WOA-ABE,67,1.2170915603637695,680
China,3,WOA-ABE,68,1.2170915603637695,690
China,3,WOA-ABE,69,1.2170915603637695,700
China,3,WOA-ABE,70,1.2170915603637695,710
China,3,WOA-ABE,71,1.2170915603637695,720
China,3,WOA-ABE,72,1.21709144115448,730
China,3,WOA-ABE,73,1.21709144115448,740
China,3,WOA-ABE,74,1.21709144115448,750
China,3,WOA-ABE,75,1.21709144115448,760
China,3,WOA-ABE,76,1.21709144115448,770
China,3,WOA-ABE,77,1.21709144115448,780
China,3,WOA-ABE,78,1.21709144115448,790
China,3,WOA-ABE,79,1.21709144115448,800
China,3,WOA-ABE,80,1.21709144115448,810
China,3,WOA-ABE,81,1.21709144115448,820
China,3,WOA-ABE,82,1.217063307762146,830
China,3,WOA-ABE,83,1.217063307762146,840
China,3,WOA-ABE,84,1.217063307762146,850
China,3,WOA-ABE,85,1.217063307762146,860
China,3,WOA-ABE,86,1.217063307762146,870
China,3,WOA-ABE,87,1.2170603275299072,880
China,3,WOA-ABE,88,1.2170556783676147,890
China,3,WOA-ABE,89,1.217018485069275,900
China,3,WOA-ABE,90,1.217018485069275,910
China,3,WOA-ABE,91,1.217018485069275,920
China,3,WOA-ABE,92,1.2166078090667725,930
China,3,WOA-ABE,93,1.2166078090667725,940
China,3,WOA-ABE,94,1.2166078090667725,950
China,3,WOA-ABE,95,1.216218113899231,960
China,3,WOA-ABE,96,1.216218113899231,970
China,3,WOA-ABE,97,1.216218113899231,980
China,3,WOA-ABE,98,1.216218113899231,990
China,3,WOA-ABE,99,1.2162141799926758,1000
China,3,FAABE,0,1.3421481847763062,10
China,3,FAABE,1,1.280899167060852,20
China,3,FAABE,2,1.280899167060852,30
China,3,FAABE,3,1.280899167060852,40
China,3,FAABE,4,1.2752846479415894,50
China,3,FAABE,5,1.2752846479415894,60
China,3,FAABE,6,1.2752846479415894,70
China,3,FAABE,7,1.2752846479415894,80
China,3,FAABE,8,1.2752846479415894,90
China,3,FAABE,9,1.2752846479415894,100
China,3,FAABE,10,1.2752846479415894,110
China,3,FAABE,11,1.2752846479415894,120
China,3,FAABE,12,1.2752846479415894,130
China,3,FAABE,13,1.265712022781372,140
China,3,FAABE,14,1.265712022781372,150
China,3,FAABE,15,1.265712022781372,160
China,3,FAABE,16,1.265712022781372,170
China,3,FAABE,17,1.265712022781372,180
China,3,FAABE,18,1.265712022781372,190
China,3,FAABE,19,1.265712022781372,200
China,3,FAABE,20,1.265712022781372,210
China,3,FAABE,21,1.265712022781372,220
China,3,FAABE,22,1.265712022781372,230
China,3,FAABE,23,1.265712022781372,240
China,3,FAABE,24,1.265712022781372,250
China,3,FAABE,25,1.265712022781372,260
China,3,FAABE,26,1.265712022781372,270
China,3,FAABE,27,1.265712022781372,280
China,3,FAABE,28,1.265712022781372,290
China,3,FAABE,29,1.265712022781372,300
China,3,FAABE,30,1.265712022781372,310
China,3,FAABE,31,1.265712022781372,320
China,3,FAABE,32,1.265712022781372,330
China,3,FAABE,33,1.265712022781372,340
China,3,FAABE,34,1.265712022781372,350
China,3,FAABE,35,1.265712022781372,360
China,3,FAABE,36,1.265712022781372,370
China,3,FAABE,37,1.265712022781372,380
China,3,FAABE,38,1.265712022781372,390
China,3,FAABE,39,1.265712022781372,400
China,3,FAABE,40,1.265712022781372,410
China,3,FAABE,41,1.265712022781372,420
China,3,FAABE,42,1.265712022781372,430
China,3,FAABE,43,1.2620923519134521,440
China,3,FAABE,44,1.2620923519134521,450
China,3,FAABE,45,1.2620923519134521,460
China,3,FAABE,46,1.2620923519134521,470
China,3,FAABE,47,1.2620923519134521,480
China,3,FAABE,48,1.2620923519134521,490
China,3,FAABE,49,1.2620923519134521,500
China,3,FAABE,50,1.2620923519134521,510
China,3,FAABE,51,1.2620923519134521,520
China,3,FAABE,52,1.2554349899291992,530
China,3,FAABE,53,1.2554349899291992,540
China,3,FAABE,54,1.2554349899291992,550
China,3,FAABE,55,1.2554349899291992,560
China,3,FAABE,56,1.2554349899291992,570
China,3,FAABE,57,1.2554349899291992,580
China,3,FAABE,58,1.2554349899291992,590
China,3,FAABE,59,1.2554349899291992,600
China,3,FAABE,60,1.2554349899291992,610
China,3,FAABE,61,1.2554349899291992,620
China,3,FAABE,62,1.2554349899291992,630
China,3,FAABE,63,1.2554349899291992,640
China,3,FAABE,64,1.2554349899291992,650
China,3,FAABE,65,1.2554349899291992,660
China,3,FAABE,66,1.2554349899291992,670
China,3,FAABE,67,1.2554349899291992,680
China,3,FAABE,68,1.2554349899291992,690
China,3,FAABE,69,1.2554349899291992,700
China,3,FAABE,70,1.2554349899291992,710
China,3,FAABE,71,1.2539573907852173,720
China,3,FAABE,72,1.2539573907852173,730
China,3,FAABE,73,1.2539573907852173,740
China,3,FAABE,74,1.2539573907852173,750
China,3,FAABE,75,1.2539573907852173,760
China,3,FAABE,76,1.2539573907852173,770
China,3,FAABE,77,1.2539573907852173,780
China,3,FAABE,78,1.2539573907852173,790
China,3,FAABE,79,1.2539573907852173,800
China,3,FAABE,80,1.2539573907852173,810
China,3,FAABE,81,1.2539573907852173,820
China,3,FAABE,82,1.2539573907852173,830
China,3,FAABE,83,1.2539573907852173,840
China,3,FAABE,84,1.2539573907852173,850
China,3,FAABE,85,1.2539573907852173,860
China,3,FAABE,86,1.2539573907852173,870
China,3,FAABE,87,1.2539573907852173,880
China,3,FAABE,88,1.2539573907852173,890
China,3,FAABE,89,1.241773247718811,900
China,3,FAABE,90,1.241773247718811,910
China,3,FAABE,91,1.241773247718811,920
China,3,FAABE,92,1.241773247718811,930
China,3,FAABE,93,1.241773247718811,940
China,3,FAABE,94,1.241773247718811,950
China,3,FAABE,95,1.241773247718811,960
China,3,FAABE,96,1.241773247718811,970
China,3,FAABE,97,1.241773247718811,980
China,3,FAABE,98,1.241773247718811,990
China,3,FAABE,99,1.241773247718811,1000
China,4,GA-ABE,0,1.2533612251281738,10
China,4,GA-ABE,1,1.2533612251281738,20
China,4,GA-ABE,2,1.2533612251281738,30
China,4,GA-ABE,3,1.2533612251281738,40
China,4,GA-ABE,4,1.2176851034164429,50
China,4,GA-ABE,5,1.2176851034164429,60
China,4,GA-ABE,6,1.1976767778396606,70
China,4,GA-ABE,7,1.1976767778396606,80
China,4,GA-ABE,8,1.1910287141799927,90
China,4,GA-ABE,9,1.1910287141799927,100
China,4,GA-ABE,10,1.1783605813980103,110
China,4,GA-ABE,11,1.1578134298324585,120
China,4,GA-ABE,12,1.1564116477966309,130
China,4,GA-ABE,13,1.1263405084609985,140
China,4,GA-ABE,14,1.1263405084609985,150
China,4,GA-ABE,15,1.1084551811218262,160
China,4,GA-ABE,16,1.1084551811218262,170
China,4,GA-ABE,17,1.1084551811218262,180
China,4,GA-ABE,18,1.1084551811218262,190
China,4,GA-ABE,19,1.1084551811218262,200
China,4,GA-ABE,20,1.1084551811218262,210
China,4,GA-ABE,21,1.1084551811218262,220
China,4,GA-ABE,22,1.1081727743148804,230
China,4,GA-ABE,23,1.1081396341323853,240
China,4,GA-ABE,24,1.1081396341323853,250
China,4,GA-ABE,25,1.1081396341323853,260
China,4,GA-ABE,26,1.1081396341323853,270
China,4,GA-ABE,27,1.1081396341323853,280
China,4,GA-ABE,28,1.1081396341323853,290
China,4,GA-ABE,29,1.1081396341323853,300
China,4,GA-ABE,30,1.105502963066101,310
China,4,GA-ABE,31,1.105502963066101,320
China,4,GA-ABE,32,1.105502963066101,330
China,4,GA-ABE,33,1.1046714782714844,340
China,4,GA-ABE,34,1.1046714782714844,350
China,4,GA-ABE,35,1.1046714782714844,360
China,4,GA-ABE,36,1.1046714782714844,370
China,4,GA-ABE,37,1.1046714782714844,380
China,4,GA-ABE,38,1.1046714782714844,390
China,4,GA-ABE,39,1.1046714782714844,400
China,4,GA-ABE,40,1.1046714782714844,410
China,4,GA-ABE,41,1.1046714782714844,420
China,4,GA-ABE,42,1.1046714782714844,430
China,4,GA-ABE,43,1.1046714782714844,440
China,4,GA-ABE,44,1.1046714782714844,450
China,4,GA-ABE,45,1.1046714782714844,460
China,4,GA-ABE,46,1.1046714782714844,470
China,4,GA-ABE,47,1.1046714782714844,480
China,4,GA-ABE,48,1.1046714782714844,490
China,4,GA-ABE,49,1.1046714782714844,500
China,4,GA-ABE,50,1.1046714782714844,510
China,4,GA-ABE,51,1.1046714782714844,520
China,4,GA-ABE,52,1.1046714782714844,530
China,4,GA-ABE,53,1.1046714782714844,540
China,4,GA-ABE,54,1.1046714782714844,550
China,4,GA-ABE,55,1.1046714782714844,560
China,4,GA-ABE,56,1.1046714782714844,570
China,4,GA-ABE,57,1.1046714782714844,580
China,4,GA-ABE,58,1.1046714782714844,590
China,4,GA-ABE,59,1.1039385795593262,600
China,4,GA-ABE,60,1.1039385795593262,610
China,4,GA-ABE,61,1.1039385795593262,620
China,4,GA-ABE,62,1.1039385795593262,630
China,4,GA-ABE,63,1.1039385795593262,640
China,4,GA-ABE,64,1.1039385795593262,650
China,4,GA-ABE,65,1.1039385795593262,660
China,4,GA-ABE,66,1.1039385795593262,670
China,4,GA-ABE,67,1.1039385795593262,680
China,4,GA-ABE,68,1.1039385795593262,690
China,4,GA-ABE,69,1.1039385795593262,700
China,4,GA-ABE,70,1.1039385795593262,710
China,4,GA-ABE,71,1.1039385795593262,720
China,4,GA-ABE,72,1.1039385795593262,730
China,4,GA-ABE,73,1.1039385795593262,740
China,4,GA-ABE,74,1.1039385795593262,750
China,4,GA-ABE,75,1.1039385795593262,760
China,4,GA-ABE,76,1.1039385795593262,770
China,4,GA-ABE,77,1.1039385795593262,780
China,4,GA-ABE,78,1.1039385795593262,790
China,4,GA-ABE,79,1.1039156913757324,800
China,4,GA-ABE,80,1.1039156913757324,810
China,4,GA-ABE,81,1.1039156913757324,820
China,4,GA-ABE,82,1.1039156913757324,830
China,4,GA-ABE,83,1.1039156913757324,840
China,4,GA-ABE,84,1.1039156913757324,850
China,4,GA-ABE,85,1.1039156913757324,860
China,4,GA-ABE,86,1.1039156913757324,870
China,4,GA-ABE,87,1.1039156913757324,880
China,4,GA-ABE,88,1.1039156913757324,890
China,4,GA-ABE,89,1.1039156913757324,900
China,4,GA-ABE,90,1.1039156913757324,910
China,4,GA-ABE,91,1.1039156913757324,920
China,4,GA-ABE,92,1.1039156913757324,930
China,4,GA-ABE,93,1.1039156913757324,940
China,4,GA-ABE,94,1.1039156913757324,950
China,4,GA-ABE,95,1.1039156913757324,960
China,4,GA-ABE,96,1.1039156913757324,970
China,4,GA-ABE,97,1.1039156913757324,980
China,4,GA-ABE,98,1.1039156913757324,990
China,4,GA-ABE,99,1.1039156913757324,1000
China,4,PSO-ABE,0,1.3010928630828857,10
China,4,PSO-ABE,1,1.2875066995620728,20
China,4,PSO-ABE,2,1.2875066995620728,30
China,4,PSO-ABE,3,1.2875066995620728,40
China,4,PSO-ABE,4,1.2715058326721191,50
China,4,PSO-ABE,5,1.2715058326721191,60
China,4,PSO-ABE,6,1.2534574270248413,70
China,4,PSO-ABE,7,1.2389800548553467,80
China,4,PSO-ABE,8,1.2375069856643677,90
China,4,PSO-ABE,9,1.2375069856643677,100
China,4,PSO-ABE,10,1.2338253259658813,110
China,4,PSO-ABE,11,1.2289161682128906,120
China,4,PSO-ABE,12,1.2289161682128906,130
China,4,PSO-ABE,13,1.220790147781372,140
China,4,PSO-ABE,14,1.215595006942749,150
China,4,PSO-ABE,15,1.2034227848052979,160
China,4,PSO-ABE,16,1.2034227848052979,170
China,4,PSO-ABE,17,1.2034227848052979,180
China,4,PSO-ABE,18,1.2010611295700073,190
China,4,PSO-ABE,19,1.2005786895751953,200
China,4,PSO-ABE,20,1.196479082107544,210
China,4,PSO-ABE,21,1.196479082107544,220
China,4,PSO-ABE,22,1.1954189538955688,230
China,4,PSO-ABE,23,1.1954189538955688,240
China,4,PSO-ABE,24,1.1954189538955688,250
China,4,PSO-ABE,25,1.1954189538955688,260
China,4,PSO-ABE,26,1.1954189538955688,270
China,4,PSO-ABE,27,1.1941777467727661,280
China,4,PSO-ABE,28,1.1911656856536865,290
China,4,PSO-ABE,29,1.1911656856536865,300
China,4,PSO-ABE,30,1.1911656856536865,310
China,4,PSO-ABE,31,1.1911656856536865,320
China,4,PSO-ABE,32,1.1911656856536865,330
China,4,PSO-ABE,33,1.1911656856536865,340
China,4,PSO-ABE,34,1.1897166967391968,350
China,4,PSO-ABE,35,1.1887072324752808,360
China,4,PSO-ABE,36,1.1887072324752808,370
China,4,PSO-ABE,37,1.1887072324752808,380
China,4,PSO-ABE,38,1.1887072324752808,390
China,4,PSO-ABE,39,1.1885780096054077,400
China,4,PSO-ABE,40,1.1885780096054077,410
China,4,PSO-ABE,41,1.1885766983032227,420
China,4,PSO-ABE,42,1.1885735988616943,430
China,4,PSO-ABE,43,1.1885735988616943,440
China,4,PSO-ABE,44,1.1880419254302979,450
China,4,PSO-ABE,45,1.1880419254302979,460
China,4,PSO-ABE,46,1.1880230903625488,470
China,4,PSO-ABE,47,1.1880230903625488,480
China,4,PSO-ABE,48,1.1880230903625488,490
China,4,PSO-ABE,49,1.1880230903625488,500
China,4,PSO-ABE,50,1.1880230903625488,510
China,4,PSO-ABE,51,1.186859130859375,520
China,4,PSO-ABE,52,1.186859130859375,530
China,4,PSO-ABE,53,1.186859130859375,540
China,4,PSO-ABE,54,1.186859130859375,550
China,4,PSO-ABE,55,1.186859130859375,560
China,4,PSO-ABE,56,1.186859130859375,570
China,4,PSO-ABE,57,1.186859130859375,580
China,4,PSO-ABE,58,1.186859130859375,590
China,4,PSO-ABE,59,1.186859130859375,600
China,4,PSO-ABE,60,1.1868412494659424,610
China,4,PSO-ABE,61,1.1868412494659424,620
China,4,PSO-ABE,62,1.1868380308151245,630
China,4,PSO-ABE,63,1.1868380308151245,640
China,4,PSO-ABE,64,1.1868318319320679,650
China,4,PSO-ABE,65,1.1868318319320679,660
China,4,PSO-ABE,66,1.1868318319320679,670
China,4,PSO-ABE,67,1.1868318319320679,680
China,4,PSO-ABE,68,1.1868318319320679,690
China,4,PSO-ABE,69,1.1868010759353638,700
China,4,PSO-ABE,70,1.1868009567260742,710
China,4,PSO-ABE,71,1.1868009567260742,720
China,4,PSO-ABE,72,1.186800479888916,730
China,4,PSO-ABE,73,1.186800479888916,740
China,4,PSO-ABE,74,1.186800479888916,750
China,4,PSO-ABE,75,1.186800479888916,760
China,4,PSO-ABE,76,1.186800479888916,770
China,4,PSO-ABE,77,1.186800479888916,780
China,4,PSO-ABE,78,1.186800479888916,790
China,4,PSO-ABE,79,1.186800479888916,800
China,4,PSO-ABE,80,1.186800479888916,810
China,4,PSO-ABE,81,1.186800479888916,820
China,4,PSO-ABE,82,1.186800479888916,830
China,4,PSO-ABE,83,1.186800479888916,840
China,4,PSO-ABE,84,1.186800479888916,850
China,4,PSO-ABE,85,1.186800479888916,860
China,4,PSO-ABE,86,1.186800479888916,870
China,4,PSO-ABE,87,1.186800479888916,880
China,4,PSO-ABE,88,1.186800479888916,890
China,4,PSO-ABE,89,1.186800479888916,900
China,4,PSO-ABE,90,1.186800479888916,910
China,4,PSO-ABE,91,1.186800479888916,920
China,4,PSO-ABE,92,1.186800479888916,930
China,4,PSO-ABE,93,1.186800479888916,940
China,4,PSO-ABE,94,1.186800479888916,950
China,4,PSO-ABE,95,1.186800479888916,960
China,4,PSO-ABE,96,1.186800479888916,970
China,4,PSO-ABE,97,1.186800479888916,980
China,4,PSO-ABE,98,1.186800479888916,990
China,4,PSO-ABE,99,1.1868003606796265,1000
China,4,DE-ABE,0,1.2920429706573486,10
China,4,DE-ABE,1,1.2489172220230103,20
China,4,DE-ABE,2,1.2489172220230103,30
China,4,DE-ABE,3,1.2489172220230103,40
China,4,DE-ABE,4,1.2489172220230103,50
China,4,DE-ABE,5,1.2489172220230103,60
China,4,DE-ABE,6,1.2429890632629395,70
China,4,DE-ABE,7,1.2429890632629395,80
China,4,DE-ABE,8,1.2429890632629395,90
China,4,DE-ABE,9,1.2429890632629395,100
China,4,DE-ABE,10,1.2424907684326172,110
China,4,DE-ABE,11,1.2424907684326172,120
China,4,DE-ABE,12,1.2424907684326172,130
China,4,DE-ABE,13,1.239367961883545,140
China,4,DE-ABE,14,1.239367961883545,150
China,4,DE-ABE,15,1.239367961883545,160
China,4,DE-ABE,16,1.239367961883545,170
China,4,DE-ABE,17,1.239367961883545,180
China,4,DE-ABE,18,1.239367961883545,190
China,4,DE-ABE,19,1.2316064834594727,200
China,4,DE-ABE,20,1.2316064834594727,210
China,4,DE-ABE,21,1.2316064834594727,220
China,4,DE-ABE,22,1.230727195739746,230
China,4,DE-ABE,23,1.230727195739746,240
China,4,DE-ABE,24,1.230727195739746,250
China,4,DE-ABE,25,1.230727195739746,260
China,4,DE-ABE,26,1.230727195739746,270
China,4,DE-ABE,27,1.230727195739746,280
China,4,DE-ABE,28,1.2267683744430542,290
China,4,DE-ABE,29,1.2267683744430542,300
China,4,DE-ABE,30,1.2267683744430542,310
China,4,DE-ABE,31,1.2267683744430542,320
China,4,DE-ABE,32,1.2267683744430542,330
China,4,DE-ABE,33,1.2267683744430542,340
China,4,DE-ABE,34,1.2267683744430542,350
China,4,DE-ABE,35,1.2267683744430542,360
China,4,DE-ABE,36,1.2267683744430542,370
China,4,DE-ABE,37,1.2200212478637695,380
China,4,DE-ABE,38,1.2200212478637695,390
China,4,DE-ABE,39,1.2200212478637695,400
China,4,DE-ABE,40,1.2200212478637695,410
China,4,DE-ABE,41,1.2200212478637695,420
China,4,DE-ABE,42,1.2200212478637695,430
China,4,DE-ABE,43,1.1966965198516846,440
China,4,DE-ABE,44,1.1966965198516846,450
China,4,DE-ABE,45,1.1966965198516846,460
China,4,DE-ABE,46,1.1966965198516846,470
China,4,DE-ABE,47,1.1966965198516846,480
China,4,DE-ABE,48,1.1966965198516846,490
China,4,DE-ABE,49,1.1966965198516846,500
China,4,DE-ABE,50,1.1966965198516846,510
China,4,DE-ABE,51,1.1966965198516846,520
China,4,DE-ABE,52,1.1966965198516846,530
China,4,DE-ABE,53,1.1966965198516846,540
China,4,DE-ABE,54,1.193102478981018,550
China,4,DE-ABE,55,1.193102478981018,560
China,4,DE-ABE,56,1.193030595779419,570
China,4,DE-ABE,57,1.193030595779419,580
China,4,DE-ABE,58,1.1898404359817505,590
China,4,DE-ABE,59,1.1870055198669434,600
China,4,DE-ABE,60,1.1870055198669434,610
China,4,DE-ABE,61,1.1862833499908447,620
China,4,DE-ABE,62,1.1831295490264893,630
China,4,DE-ABE,63,1.1831295490264893,640
China,4,DE-ABE,64,1.1831295490264893,650
China,4,DE-ABE,65,1.174451231956482,660
China,4,DE-ABE,66,1.174451231956482,670
China,4,DE-ABE,67,1.174451231956482,680
China,4,DE-ABE,68,1.174451231956482,690
China,4,DE-ABE,69,1.174451231956482,700
China,4,DE-ABE,70,1.174451231956482,710
China,4,DE-ABE,71,1.174451231956482,720
China,4,DE-ABE,72,1.174451231956482,730
China,4,DE-ABE,73,1.174451231956482,740
China,4,DE-ABE,74,1.174451231956482,750
China,4,DE-ABE,75,1.174451231956482,760
China,4,DE-ABE,76,1.1737185716629028,770
China,4,DE-ABE,77,1.1737185716629028,780
China,4,DE-ABE,78,1.1737185716629028,790
China,4,DE-ABE,79,1.1737185716629028,800
China,4,DE-ABE,80,1.1737185716629028,810
China,4,DE-ABE,81,1.1735267639160156,820
China,4,DE-ABE,82,1.1735267639160156,830
China,4,DE-ABE,83,1.1735267639160156,840
China,4,DE-ABE,84,1.1735267639160156,850
China,4,DE-ABE,85,1.1735267639160156,860
China,4,DE-ABE,86,1.1735267639160156,870
China,4,DE-ABE,87,1.17319655418396,880
China,4,DE-ABE,88,1.17319655418396,890
China,4,DE-ABE,89,1.17319655418396,900
China,4,DE-ABE,90,1.1731913089752197,910
China,4,DE-ABE,91,1.1731913089752197,920
China,4,DE-ABE,92,1.1731913089752197,930
China,4,DE-ABE,93,1.1731913089752197,940
China,4,DE-ABE,94,1.1731913089752197,950
China,4,DE-ABE,95,1.1731913089752197,960
China,4,DE-ABE,96,1.1731913089752197,970
China,4,DE-ABE,97,1.173184871673584,980
China,4,DE-ABE,98,1.173184871673584,990
China,4,DE-ABE,99,1.173184871673584,1000
China,4,GWO-ABE,0,1.314494252204895,10
China,4,GWO-ABE,1,1.256824016571045,20
China,4,GWO-ABE,2,1.2456309795379639,30
China,4,GWO-ABE,3,1.2507271766662598,40
China,4,GWO-ABE,4,1.2456691265106201,50
China,4,GWO-ABE,5,1.2333370447158813,60
China,4,GWO-ABE,6,1.2251396179199219,70
China,4,GWO-ABE,7,1.2209652662277222,80
China,4,GWO-ABE,8,1.2154303789138794,90
China,4,GWO-ABE,9,1.148518443107605,100
China,4,GWO-ABE,10,1.171665906906128,110
China,4,GWO-ABE,11,1.1552788019180298,120
China,4,GWO-ABE,12,1.2098567485809326,130
China,4,GWO-ABE,13,1.1475874185562134,140
China,4,GWO-ABE,14,1.1829866170883179,150
China,4,GWO-ABE,15,1.2011728286743164,160
China,4,GWO-ABE,16,1.1756283044815063,170
China,4,GWO-ABE,17,1.1687350273132324,180
China,4,GWO-ABE,18,1.1785211563110352,190
China,4,GWO-ABE,19,1.160210132598877,200
China,4,GWO-ABE,20,1.1597087383270264,210
China,4,GWO-ABE,21,1.1702914237976074,220
China,4,GWO-ABE,22,1.2013328075408936,230
China,4,GWO-ABE,23,1.1856015920639038,240
China,4,GWO-ABE,24,1.1818841695785522,250
China,4,GWO-ABE,25,1.1696971654891968,260
China,4,GWO-ABE,26,1.1583994626998901,270
China,4,GWO-ABE,27,1.1739425659179688,280
China,4,GWO-ABE,28,1.164874792098999,290
China,4,GWO-ABE,29,1.164028525352478,300
China,4,GWO-ABE,30,1.1719563007354736,310
China,4,GWO-ABE,31,1.1791934967041016,320
China,4,GWO-ABE,32,1.1692041158676147,330
China,4,GWO-ABE,33,1.181717872619629,340
China,4,GWO-ABE,34,1.1756975650787354,350
China,4,GWO-ABE,35,1.1733044385910034,360
China,4,GWO-ABE,36,1.1575124263763428,370
China,4,GWO-ABE,37,1.165735125541687,380
China,4,GWO-ABE,38,1.1682970523834229,390
China,4,GWO-ABE,39,1.172066330909729,400
China,4,GWO-ABE,40,1.14316725730896,410
China,4,GWO-ABE,41,1.1644363403320312,420
China,4,GWO-ABE,42,1.1537421941757202,430
China,4,GWO-ABE,43,1.1723815202713013,440
China,4,GWO-ABE,44,1.1445677280426025,450
China,4,GWO-ABE,45,1.165870189666748,460
China,4,GWO-ABE,46,1.1117161512374878,470
China,4,GWO-ABE,47,1.1473044157028198,480
China,4,GWO-ABE,48,1.1715000867843628,490
China,4,GWO-ABE,49,1.1538100242614746,500
China,4,GWO-ABE,50,1.1753568649291992,510
China,4,GWO-ABE,51,1.1343237161636353,520
China,4,GWO-ABE,52,1.1220580339431763,530
China,4,GWO-ABE,53,1.1505695581436157,540
China,4,GWO-ABE,54,1.1357368230819702,550
China,4,GWO-ABE,55,1.1031804084777832,560
China,4,GWO-ABE,56,1.1179656982421875,570
China,4,GWO-ABE,57,1.130949854850769,580
China,4,GWO-ABE,58,1.1464650630950928,590
China,4,GWO-ABE,59,1.1427408456802368,600
China,4,GWO-ABE,60,1.1308562755584717,610
China,4,GWO-ABE,61,1.1035772562026978,620
China,4,GWO-ABE,62,1.1308714151382446,630
China,4,GWO-ABE,63,1.144636869430542,640
China,4,GWO-ABE,64,1.1119873523712158,650
China,4,GWO-ABE,65,1.1407432556152344,660
China,4,GWO-ABE,66,1.112558126449585,670
China,4,GWO-ABE,67,1.109457015991211,680
China,4,GWO-ABE,68,1.100661039352417,690
China,4,GWO-ABE,69,1.102475643157959,700
China,4,GWO-ABE,70,1.1182900667190552,710
China,4,GWO-ABE,71,1.1165181398391724,720
China,4,GWO-ABE,72,1.1095733642578125,730
China,4,GWO-ABE,73,1.122197151184082,740
China,4,GWO-ABE,74,1.1131577491760254,750
China,4,GWO-ABE,75,1.1238065958023071,760
China,4,GWO-ABE,76,1.1100807189941406,770
China,4,GWO-ABE,77,1.1315253973007202,780
China,4,GWO-ABE,78,1.1359423398971558,790
China,4,GWO-ABE,79,1.1136934757232666,800
China,4,GWO-ABE,80,1.1144124269485474,810
China,4,GWO-ABE,81,1.1145520210266113,820
China,4,GWO-ABE,82,1.124586820602417,830
China,4,GWO-ABE,83,1.1159144639968872,840
China,4,GWO-ABE,84,1.120213508605957,850
China,4,GWO-ABE,85,1.116803765296936,860
China,4,GWO-ABE,86,1.1090366840362549,870
China,4,GWO-ABE,87,1.1093792915344238,880
China,4,GWO-ABE,88,1.113258957862854,890
China,4,GWO-ABE,89,1.1070947647094727,900
China,4,GWO-ABE,90,1.1098970174789429,910
China,4,GWO-ABE,91,1.1052440404891968,920
China,4,GWO-ABE,92,1.0983097553253174,930
China,4,GWO-ABE,93,1.100641131401062,940
China,4,GWO-ABE,94,1.1038634777069092,950
China,4,GWO-ABE,95,1.1052885055541992,960
China,4,GWO-ABE,96,1.099764108657837,970
China,4,GWO-ABE,97,1.0987752676010132,980
China,4,GWO-ABE,98,1.0966044664382935,990
China,4,GWO-ABE,99,1.0974152088165283,1000
China,4,WOA-ABE,0,1.277413010597229,10
China,4,WOA-ABE,1,1.277413010597229,20
China,4,WOA-ABE,2,1.277413010597229,30
China,4,WOA-ABE,3,1.2594157457351685,40
China,4,WOA-ABE,4,1.2594157457351685,50
China,4,WOA-ABE,5,1.2461832761764526,60
China,4,WOA-ABE,6,1.2262994050979614,70
China,4,WOA-ABE,7,1.1860909461975098,80
China,4,WOA-ABE,8,1.180215835571289,90
China,4,WOA-ABE,9,1.180215835571289,100
China,4,WOA-ABE,10,1.1771944761276245,110
China,4,WOA-ABE,11,1.1771944761276245,120
China,4,WOA-ABE,12,1.1663568019866943,130
China,4,WOA-ABE,13,1.1663568019866943,140
China,4,WOA-ABE,14,1.1663568019866943,150
China,4,WOA-ABE,15,1.1656135320663452,160
China,4,WOA-ABE,16,1.1656135320663452,170
China,4,WOA-ABE,17,1.1656135320663452,180
China,4,WOA-ABE,18,1.1655980348587036,190
China,4,WOA-ABE,19,1.1655980348587036,200
China,4,WOA-ABE,20,1.1551390886306763,210
China,4,WOA-ABE,21,1.1551390886306763,220
China,4,WOA-ABE,22,1.1551390886306763,230
China,4,WOA-ABE,23,1.1431529521942139,240
China,4,WOA-ABE,24,1.1431529521942139,250
China,4,WOA-ABE,25,1.1341423988342285,260
China,4,WOA-ABE,26,1.1341423988342285,270
China,4,WOA-ABE,27,1.1341423988342285,280
China,4,WOA-ABE,28,1.1233044862747192,290
China,4,WOA-ABE,29,1.1233044862747192,300
China,4,WOA-ABE,30,1.1233044862747192,310
China,4,WOA-ABE,31,1.1186178922653198,320
China,4,WOA-ABE,32,1.1186178922653198,330
China,4,WOA-ABE,33,1.1186178922653198,340
China,4,WOA-ABE,34,1.1186178922653198,350
China,4,WOA-ABE,35,1.1186107397079468,360
China,4,WOA-ABE,36,1.11831533908844,370
China,4,WOA-ABE,37,1.1085896492004395,380
China,4,WOA-ABE,38,1.1085896492004395,390
China,4,WOA-ABE,39,1.1054894924163818,400
China,4,WOA-ABE,40,1.1054894924163818,410
China,4,WOA-ABE,41,1.1054894924163818,420
China,4,WOA-ABE,42,1.1054894924163818,430
China,4,WOA-ABE,43,1.1054894924163818,440
China,4,WOA-ABE,44,1.1054894924163818,450
China,4,WOA-ABE,45,1.099317193031311,460
China,4,WOA-ABE,46,1.099317193031311,470
China,4,WOA-ABE,47,1.099317193031311,480
China,4,WOA-ABE,48,1.0953127145767212,490
China,4,WOA-ABE,49,1.0953127145767212,500
China,4,WOA-ABE,50,1.0953127145767212,510
China,4,WOA-ABE,51,1.0953127145767212,520
China,4,WOA-ABE,52,1.094762921333313,530
China,4,WOA-ABE,53,1.094762921333313,540
China,4,WOA-ABE,54,1.094762921333313,550
China,4,WOA-ABE,55,1.0947628021240234,560
China,4,WOA-ABE,56,1.0946906805038452,570
China,4,WOA-ABE,57,1.0946906805038452,580
China,4,WOA-ABE,58,1.0946906805038452,590
China,4,WOA-ABE,59,1.0946906805038452,600
China,4,WOA-ABE,60,1.0946853160858154,610
China,4,WOA-ABE,61,1.0946853160858154,620
China,4,WOA-ABE,62,1.0946853160858154,630
China,4,WOA-ABE,63,1.0946853160858154,640
China,4,WOA-ABE,64,1.0946853160858154,650
China,4,WOA-ABE,65,1.0946853160858154,660
China,4,WOA-ABE,66,1.0946640968322754,670
China,4,WOA-ABE,67,1.0946640968322754,680
China,4,WOA-ABE,68,1.0946635007858276,690
China,4,WOA-ABE,69,1.0946635007858276,700
China,4,WOA-ABE,70,1.0946635007858276,710
China,4,WOA-ABE,71,1.0946635007858276,720
China,4,WOA-ABE,72,1.0946635007858276,730
China,4,WOA-ABE,73,1.0946635007858276,740
China,4,WOA-ABE,74,1.0946635007858276,750
China,4,WOA-ABE,75,1.0946635007858276,760
China,4,WOA-ABE,76,1.0946635007858276,770
China,4,WOA-ABE,77,1.0946635007858276,780
China,4,WOA-ABE,78,1.0946635007858276,790
China,4,WOA-ABE,79,1.094663381576538,800
China,4,WOA-ABE,80,1.094663381576538,810
China,4,WOA-ABE,81,1.094529628753662,820
China,4,WOA-ABE,82,1.094529628753662,830
China,4,WOA-ABE,83,1.094529628753662,840
China,4,WOA-ABE,84,1.0945271253585815,850
China,4,WOA-ABE,85,1.0945271253585815,860
China,4,WOA-ABE,86,1.0945271253585815,870
China,4,WOA-ABE,87,1.0945271253585815,880
China,4,WOA-ABE,88,1.0945168733596802,890
China,4,WOA-ABE,89,1.0945152044296265,900
China,4,WOA-ABE,90,1.0945152044296265,910
China,4,WOA-ABE,91,1.0945152044296265,920
China,4,WOA-ABE,92,1.0945152044296265,930
China,4,WOA-ABE,93,1.0945152044296265,940
China,4,WOA-ABE,94,1.0945152044296265,950
China,4,WOA-ABE,95,1.0945152044296265,960
China,4,WOA-ABE,96,1.094513177871704,970
China,4,WOA-ABE,97,1.094513177871704,980
China,4,WOA-ABE,98,1.0945112705230713,990
China,4,WOA-ABE,99,1.0945091247558594,1000
China,4,FAABE,0,1.2989325523376465,10
China,4,FAABE,1,1.2989325523376465,20
China,4,FAABE,2,1.2989325523376465,30
China,4,FAABE,3,1.250879168510437,40
China,4,FAABE,4,1.250879168510437,50
China,4,FAABE,5,1.243996262550354,60
China,4,FAABE,6,1.2256330251693726,70
China,4,FAABE,7,1.2256330251693726,80
China,4,FAABE,8,1.2256330251693726,90
China,4,FAABE,9,1.2256330251693726,100
China,4,FAABE,10,1.2256330251693726,110
China,4,FAABE,11,1.2256330251693726,120
China,4,FAABE,12,1.2256330251693726,130
China,4,FAABE,13,1.2205421924591064,140
China,4,FAABE,14,1.2205421924591064,150
China,4,FAABE,15,1.2205421924591064,160
China,4,FAABE,16,1.1923325061798096,170
China,4,FAABE,17,1.1923325061798096,180
China,4,FAABE,18,1.1923325061798096,190
China,4,FAABE,19,1.1923325061798096,200
China,4,FAABE,20,1.1923325061798096,210
China,4,FAABE,21,1.1923325061798096,220
China,4,FAABE,22,1.1923325061798096,230
China,4,FAABE,23,1.1923325061798096,240
China,4,FAABE,24,1.1923325061798096,250
China,4,FAABE,25,1.1923325061798096,260
China,4,FAABE,26,1.1923325061798096,270
China,4,FAABE,27,1.1923325061798096,280
China,4,FAABE,28,1.1923325061798096,290
China,4,FAABE,29,1.1923325061798096,300
China,4,FAABE,30,1.1923325061798096,310
China,4,FAABE,31,1.1923325061798096,320
China,4,FAABE,32,1.167401909828186,330
China,4,FAABE,33,1.167401909828186,340
China,4,FAABE,34,1.167401909828186,350
China,4,FAABE,35,1.167401909828186,360
China,4,FAABE,36,1.167401909828186,370
China,4,FAABE,37,1.167401909828186,380
China,4,FAABE,38,1.167401909828186,390
China,4,FAABE,39,1.167401909828186,400
China,4,FAABE,40,1.167401909828186,410
China,4,FAABE,41,1.167401909828186,420
China,4,FAABE,42,1.167401909828186,430
China,4,FAABE,43,1.167401909828186,440
China,4,FAABE,44,1.1518813371658325,450
China,4,FAABE,45,1.1518813371658325,460
China,4,FAABE,46,1.1518813371658325,470
China,4,FAABE,47,1.1518813371658325,480
China,4,FAABE,48,1.1518813371658325,490
China,4,FAABE,49,1.1518813371658325,500
China,4,FAABE,50,1.1518813371658325,510
China,4,FAABE,51,1.1518813371658325,520
China,4,FAABE,52,1.1518813371658325,530
China,4,FAABE,53,1.1518813371658325,540
China,4,FAABE,54,1.1518813371658325,550
China,4,FAABE,55,1.1518813371658325,560
China,4,FAABE,56,1.1518813371658325,570
China,4,FAABE,57,1.1518813371658325,580
China,4,FAABE,58,1.1518813371658325,590
China,4,FAABE,59,1.1518813371658325,600
China,4,FAABE,60,1.1518813371658325,610
China,4,FAABE,61,1.1518813371658325,620
China,4,FAABE,62,1.1518813371658325,630
China,4,FAABE,63,1.1518813371658325,640
China,4,FAABE,64,1.1518813371658325,650
China,4,FAABE,65,1.1518813371658325,660
China,4,FAABE,66,1.1518813371658325,670
China,4,FAABE,67,1.1518813371658325,680
China,4,FAABE,68,1.1518813371658325,690
China,4,FAABE,69,1.1518813371658325,700
China,4,FAABE,70,1.1518813371658325,710
China,4,FAABE,71,1.1518813371658325,720
China,4,FAABE,72,1.1518813371658325,730
China,4,FAABE,73,1.1518813371658325,740
China,4,FAABE,74,1.1518813371658325,750
China,4,FAABE,75,1.1518813371658325,760
China,4,FAABE,76,1.1518813371658325,770
China,4,FAABE,77,1.1518813371658325,780
China,4,FAABE,78,1.1518813371658325,790
China,4,FAABE,79,1.1518813371658325,800
China,4,FAABE,80,1.1518813371658325,810
China,4,FAABE,81,1.1518813371658325,820
China,4,FAABE,82,1.1518813371658325,830
China,4,FAABE,83,1.1518813371658325,840
China,4,FAABE,84,1.1518813371658325,850
China,4,FAABE,85,1.1518813371658325,860
China,4,FAABE,86,1.1518813371658325,870
China,4,FAABE,87,1.1518813371658325,880
China,4,FAABE,88,1.1401855945587158,890
China,4,FAABE,89,1.1401855945587158,900
China,4,FAABE,90,1.1401855945587158,910
China,4,FAABE,91,1.1401855945587158,920
China,4,FAABE,92,1.1401855945587158,930
China,4,FAABE,93,1.1401855945587158,940
China,4,FAABE,94,1.1401855945587158,950
China,4,FAABE,95,1.1401855945587158,960
China,4,FAABE,96,1.1401855945587158,970
China,4,FAABE,97,1.1401855945587158,980
China,4,FAABE,98,1.1401855945587158,990
China,4,FAABE,99,1.1401855945587158,1000
China,5,GA-ABE,0,1.3796576261520386,10
China,5,GA-ABE,1,1.3759684562683105,20
China,5,GA-ABE,2,1.3649048805236816,30
China,5,GA-ABE,3,1.3371672630310059,40
China,5,GA-ABE,4,1.3371672630310059,50
China,5,GA-ABE,5,1.3371672630310059,60
China,5,GA-ABE,6,1.3321261405944824,70
China,5,GA-ABE,7,1.3236724138259888,80
China,5,GA-ABE,8,1.3236724138259888,90
China,5,GA-ABE,9,1.3236724138259888,100
China,5,GA-ABE,10,1.3236724138259888,110
China,5,GA-ABE,11,1.3236724138259888,120
China,5,GA-ABE,12,1.3236724138259888,130
China,5,GA-ABE,13,1.3236724138259888,140
China,5,GA-ABE,14,1.3236724138259888,150
China,5,GA-ABE,15,1.3236724138259888,160
China,5,GA-ABE,16,1.3236724138259888,170
China,5,GA-ABE,17,1.3236724138259888,180
China,5,GA-ABE,18,1.3236724138259888,190
China,5,GA-ABE,19,1.3168668746948242,200
China,5,GA-ABE,20,1.3168668746948242,210
China,5,GA-ABE,21,1.3083877563476562,220
China,5,GA-ABE,22,1.3083877563476562,230
China,5,GA-ABE,23,1.3083877563476562,240
China,5,GA-ABE,24,1.3083877563476562,250
China,5,GA-ABE,25,1.3083877563476562,260
China,5,GA-ABE,26,1.2933909893035889,270
China,5,GA-ABE,27,1.2918747663497925,280
China,5,GA-ABE,28,1.2894724607467651,290
China,5,GA-ABE,29,1.286980390548706,300
China,5,GA-ABE,30,1.272359848022461,310
China,5,GA-ABE,31,1.272359848022461,320
China,5,GA-ABE,32,1.272359848022461,330
China,5,GA-ABE,33,1.272359848022461,340
China,5,GA-ABE,34,1.272359848022461,350
China,5,GA-ABE,35,1.272359848022461,360
China,5,GA-ABE,36,1.272359848022461,370
China,5,GA-ABE,37,1.272359848022461,380
China,5,GA-ABE,38,1.272359848022461,390
China,5,GA-ABE,39,1.272359848022461,400
China,5,GA-ABE,40,1.272359848022461,410
China,5,GA-ABE,41,1.272359848022461,420
China,5,GA-ABE,42,1.272359848022461,430
China,5,GA-ABE,43,1.272359848022461,440
China,5,GA-ABE,44,1.272359848022461,450
China,5,GA-ABE,45,1.272359848022461,460
China,5,GA-ABE,46,1.272359848022461,470
China,5,GA-ABE,47,1.272359848022461,480
China,5,GA-ABE,48,1.2674260139465332,490
China,5,GA-ABE,49,1.2674260139465332,500
China,5,GA-ABE,50,1.2674260139465332,510
China,5,GA-ABE,51,1.2674260139465332,520
China,5,GA-ABE,52,1.2674260139465332,530
China,5,GA-ABE,53,1.2674260139465332,540
China,5,GA-ABE,54,1.2667068243026733,550
China,5,GA-ABE,55,1.2667068243026733,560
China,5,GA-ABE,56,1.2667068243026733,570
China,5,GA-ABE,57,1.2667068243026733,580
China,5,GA-ABE,58,1.2667068243026733,590
China,5,GA-ABE,59,1.2667068243026733,600
China,5,GA-ABE,60,1.2667068243026733,610
China,5,GA-ABE,61,1.2667068243026733,620
China,5,GA-ABE,62,1.2667068243026733,630
China,5,GA-ABE,63,1.2667068243026733,640
China,5,GA-ABE,64,1.2667068243026733,650
China,5,GA-ABE,65,1.2667068243026733,660
China,5,GA-ABE,66,1.2667068243026733,670
China,5,GA-ABE,67,1.2667068243026733,680
China,5,GA-ABE,68,1.2667068243026733,690
China,5,GA-ABE,69,1.2663501501083374,700
China,5,GA-ABE,70,1.2663497924804688,710
China,5,GA-ABE,71,1.2663497924804688,720
China,5,GA-ABE,72,1.2663497924804688,730
China,5,GA-ABE,73,1.2663497924804688,740
China,5,GA-ABE,74,1.2663497924804688,750
China,5,GA-ABE,75,1.2663497924804688,760
China,5,GA-ABE,76,1.2663497924804688,770
China,5,GA-ABE,77,1.2663497924804688,780
China,5,GA-ABE,78,1.2663497924804688,790
China,5,GA-ABE,79,1.2663497924804688,800
China,5,GA-ABE,80,1.2663497924804688,810
China,5,GA-ABE,81,1.2663497924804688,820
China,5,GA-ABE,82,1.2663497924804688,830
China,5,GA-ABE,83,1.2663497924804688,840
China,5,GA-ABE,84,1.2663497924804688,850
China,5,GA-ABE,85,1.2663497924804688,860
China,5,GA-ABE,86,1.2663497924804688,870
China,5,GA-ABE,87,1.2663497924804688,880
China,5,GA-ABE,88,1.2663497924804688,890
China,5,GA-ABE,89,1.2663497924804688,900
China,5,GA-ABE,90,1.2663497924804688,910
China,5,GA-ABE,91,1.2663497924804688,920
China,5,GA-ABE,92,1.2663497924804688,930
China,5,GA-ABE,93,1.2663497924804688,940
China,5,GA-ABE,94,1.2663497924804688,950
China,5,GA-ABE,95,1.2663497924804688,960
China,5,GA-ABE,96,1.2663497924804688,970
China,5,GA-ABE,97,1.2663497924804688,980
China,5,GA-ABE,98,1.2663497924804688,990
China,5,GA-ABE,99,1.2663497924804688,1000
China,5,PSO-ABE,0,1.3665474653244019,10
China,5,PSO-ABE,1,1.3665474653244019,20
China,5,PSO-ABE,2,1.3584203720092773,30
China,5,PSO-ABE,3,1.3458577394485474,40
China,5,PSO-ABE,4,1.3458577394485474,50
China,5,PSO-ABE,5,1.3458577394485474,60
China,5,PSO-ABE,6,1.3458577394485474,70
China,5,PSO-ABE,7,1.3448359966278076,80
China,5,PSO-ABE,8,1.3448359966278076,90
China,5,PSO-ABE,9,1.3448359966278076,100
China,5,PSO-ABE,10,1.3448359966278076,110
China,5,PSO-ABE,11,1.3418247699737549,120
China,5,PSO-ABE,12,1.3216781616210938,130
China,5,PSO-ABE,13,1.3216781616210938,140
China,5,PSO-ABE,14,1.3119858503341675,150
China,5,PSO-ABE,15,1.3119858503341675,160
China,5,PSO-ABE,16,1.3119858503341675,170
China,5,PSO-ABE,17,1.3119858503341675,180
China,5,PSO-ABE,18,1.3119858503341675,190
China,5,PSO-ABE,19,1.3119858503341675,200
China,5,PSO-ABE,20,1.3119858503341675,210
China,5,PSO-ABE,21,1.3119858503341675,220
China,5,PSO-ABE,22,1.3071348667144775,230
China,5,PSO-ABE,23,1.3071348667144775,240
China,5,PSO-ABE,24,1.2961703538894653,250
China,5,PSO-ABE,25,1.2961703538894653,260
China,5,PSO-ABE,26,1.2961703538894653,270
China,5,PSO-ABE,27,1.2961703538894653,280
China,5,PSO-ABE,28,1.2961703538894653,290
China,5,PSO-ABE,29,1.2961703538894653,300
China,5,PSO-ABE,30,1.2961703538894653,310
China,5,PSO-ABE,31,1.2961703538894653,320
China,5,PSO-ABE,32,1.2961703538894653,330
China,5,PSO-ABE,33,1.2961703538894653,340
China,5,PSO-ABE,34,1.2961703538894653,350
China,5,PSO-ABE,35,1.2818853855133057,360
China,5,PSO-ABE,36,1.278874397277832,370
China,5,PSO-ABE,37,1.2682510614395142,380
China,5,PSO-ABE,38,1.2682510614395142,390
China,5,PSO-ABE,39,1.2682510614395142,400
China,5,PSO-ABE,40,1.2682510614395142,410
China,5,PSO-ABE,41,1.2682510614395142,420
China,5,PSO-ABE,42,1.2682510614395142,430
China,5,PSO-ABE,43,1.2682510614395142,440
China,5,PSO-ABE,44,1.2682510614395142,450
China,5,PSO-ABE,45,1.2682510614395142,460
China,5,PSO-ABE,46,1.2682510614395142,470
China,5,PSO-ABE,47,1.2682510614395142,480
China,5,PSO-ABE,48,1.2682510614395142,490
China,5,PSO-ABE,49,1.2682510614395142,500
China,5,PSO-ABE,50,1.2682510614395142,510
China,5,PSO-ABE,51,1.2682510614395142,520
China,5,PSO-ABE,52,1.2682510614395142,530
China,5,PSO-ABE,53,1.2682510614395142,540
China,5,PSO-ABE,54,1.2682510614395142,550
China,5,PSO-ABE,55,1.2682510614395142,560
China,5,PSO-ABE,56,1.2682510614395142,570
China,5,PSO-ABE,57,1.2682510614395142,580
China,5,PSO-ABE,58,1.2682510614395142,590
China,5,PSO-ABE,59,1.2682510614395142,600
China,5,PSO-ABE,60,1.2682510614395142,610
China,5,PSO-ABE,61,1.2682510614395142,620
China,5,PSO-ABE,62,1.2682510614395142,630
China,5,PSO-ABE,63,1.2682510614395142,640
China,5,PSO-ABE,64,1.2682510614395142,650
China,5,PSO-ABE,65,1.2682510614395142,660
China,5,PSO-ABE,66,1.2682510614395142,670
China,5,PSO-ABE,67,1.2682510614395142,680
China,5,PSO-ABE,68,1.2682510614395142,690
China,5,PSO-ABE,69,1.2682510614395142,700
China,5,PSO-ABE,70,1.2682510614395142,710
China,5,PSO-ABE,71,1.2682510614395142,720
China,5,PSO-ABE,72,1.2682510614395142,730
China,5,PSO-ABE,73,1.2682510614395142,740
China,5,PSO-ABE,74,1.2682510614395142,750
China,5,PSO-ABE,75,1.2682510614395142,760
China,5,PSO-ABE,76,1.2682510614395142,770
China,5,PSO-ABE,77,1.2682510614395142,780
China,5,PSO-ABE,78,1.2682510614395142,790
China,5,PSO-ABE,79,1.2682510614395142,800
China,5,PSO-ABE,80,1.2682510614395142,810
China,5,PSO-ABE,81,1.2682510614395142,820
China,5,PSO-ABE,82,1.2682510614395142,830
China,5,PSO-ABE,83,1.2682510614395142,840
China,5,PSO-ABE,84,1.266867756843567,850
China,5,PSO-ABE,85,1.266867756843567,860
China,5,PSO-ABE,86,1.2659279108047485,870
China,5,PSO-ABE,87,1.2632523775100708,880
China,5,PSO-ABE,88,1.2632523775100708,890
China,5,PSO-ABE,89,1.2632523775100708,900
China,5,PSO-ABE,90,1.2632523775100708,910
China,5,PSO-ABE,91,1.2601462602615356,920
China,5,PSO-ABE,92,1.2601462602615356,930
China,5,PSO-ABE,93,1.2601462602615356,940
China,5,PSO-ABE,94,1.2597843408584595,950
China,5,PSO-ABE,95,1.2597843408584595,960
China,5,PSO-ABE,96,1.2597843408584595,970
China,5,PSO-ABE,97,1.2597843408584595,980
China,5,PSO-ABE,98,1.2587742805480957,990
China,5,PSO-ABE,99,1.2587742805480957,1000
China,5,DE-ABE,0,1.3634593486785889,10
China,5,DE-ABE,1,1.3634593486785889,20
China,5,DE-ABE,2,1.3634593486785889,30
China,5,DE-ABE,3,1.3525128364562988,40
China,5,DE-ABE,4,1.3525128364562988,50
China,5,DE-ABE,5,1.3425571918487549,60
China,5,DE-ABE,6,1.3357945680618286,70
China,5,DE-ABE,7,1.328026294708252,80
China,5,DE-ABE,8,1.328026294708252,90
China,5,DE-ABE,9,1.328026294708252,100
China,5,DE-ABE,10,1.328026294708252,110
China,5,DE-ABE,11,1.328026294708252,120
China,5,DE-ABE,12,1.3218369483947754,130
China,5,DE-ABE,13,1.3218369483947754,140
China,5,DE-ABE,14,1.3218369483947754,150
China,5,DE-ABE,15,1.3218369483947754,160
China,5,DE-ABE,16,1.3218369483947754,170
China,5,DE-ABE,17,1.3218369483947754,180
China,5,DE-ABE,18,1.3218369483947754,190
China,5,DE-ABE,19,1.3212240934371948,200
China,5,DE-ABE,20,1.3212240934371948,210
China,5,DE-ABE,21,1.3212240934371948,220
China,5,DE-ABE,22,1.3212240934371948,230
China,5,DE-ABE,23,1.3212240934371948,240
China,5,DE-ABE,24,1.3212240934371948,250
China,5,DE-ABE,25,1.3130699396133423,260
China,5,DE-ABE,26,1.3130699396133423,270
China,5,DE-ABE,27,1.3130699396133423,280
China,5,DE-ABE,28,1.3130699396133423,290
China,5,DE-ABE,29,1.3130699396133423,300
China,5,DE-ABE,30,1.3130699396133423,310
China,5,DE-ABE,31,1.30856192111969,320
China,5,DE-ABE,32,1.30856192111969,330
China,5,DE-ABE,33,1.30856192111969,340
China,5,DE-ABE,34,1.3022186756134033,350
China,5,DE-ABE,35,1.3022186756134033,360
China,5,DE-ABE,36,1.3022186756134033,370
China,5,DE-ABE,37,1.3022186756134033,380
China,5,DE-ABE,38,1.3022186756134033,390
China,5,DE-ABE,39,1.3022186756134033,400
China,5,DE-ABE,40,1.3022186756134033,410
China,5,DE-ABE,41,1.3022186756134033,420
China,5,DE-ABE,42,1.3022186756134033,430
China,5,DE-ABE,43,1.3022186756134033,440
China,5,DE-ABE,44,1.3022186756134033,450
China,5,DE-ABE,45,1.3022186756134033,460
China,5,DE-ABE,46,1.3022186756134033,470
China,5,DE-ABE,47,1.3022186756134033,480
China,5,DE-ABE,48,1.3022186756134033,490
China,5,DE-ABE,49,1.3022186756134033,500
China,5,DE-ABE,50,1.3022186756134033,510
China,5,DE-ABE,51,1.300837755203247,520
China,5,DE-ABE,52,1.300837755203247,530
China,5,DE-ABE,53,1.300837755203247,540
China,5,DE-ABE,54,1.300837755203247,550
China,5,DE-ABE,55,1.300837755203247,560
China,5,DE-ABE,56,1.300837755203247,570
China,5,DE-ABE,57,1.300837755203247,580
China,5,DE-ABE,58,1.300837755203247,590
China,5,DE-ABE,59,1.300837755203247,600
China,5,DE-ABE,60,1.2979304790496826,610
China,5,DE-ABE,61,1.2979304790496826,620
China,5,DE-ABE,62,1.2965093851089478,630
China,5,DE-ABE,63,1.2965093851089478,640
China,5,DE-ABE,64,1.2965093851089478,650
China,5,DE-ABE,65,1.2952980995178223,660
China,5,DE-ABE,66,1.2952980995178223,670
China,5,DE-ABE,67,1.2952980995178223,680
China,5,DE-ABE,68,1.2952980995178223,690
China,5,DE-ABE,69,1.2952980995178223,700
China,5,DE-ABE,70,1.2952980995178223,710
China,5,DE-ABE,71,1.2950741052627563,720
China,5,DE-ABE,72,1.2920299768447876,730
China,5,DE-ABE,73,1.2920299768447876,740
China,5,DE-ABE,74,1.2920299768447876,750
China,5,DE-ABE,75,1.2920299768447876,760
China,5,DE-ABE,76,1.2920299768447876,770
China,5,DE-ABE,77,1.2920299768447876,780
China,5,DE-ABE,78,1.2918651103973389,790
China,5,DE-ABE,79,1.2918651103973389,800
China,5,DE-ABE,80,1.2918651103973389,810
China,5,DE-ABE,81,1.2918651103973389,820
China,5,DE-ABE,82,1.2918651103973389,830
China,5,DE-ABE,83,1.2918651103973389,840
China,5,DE-ABE,84,1.2918651103973389,850
China,5,DE-ABE,85,1.2917630672454834,860
China,5,DE-ABE,86,1.2917630672454834,870
China,5,DE-ABE,87,1.2917630672454834,880
China,5,DE-ABE,88,1.2917630672454834,890
China,5,DE-ABE,89,1.2917630672454834,900
China,5,DE-ABE,90,1.2917630672454834,910
China,5,DE-ABE,91,1.2915269136428833,920
China,5,DE-ABE,92,1.2915269136428833,930
China,5,DE-ABE,93,1.2908467054367065,940
China,5,DE-ABE,94,1.2908467054367065,950
China,5,DE-ABE,95,1.29080331325531,960
China,5,DE-ABE,96,1.29080331325531,970
China,5,DE-ABE,97,1.29080331325531,980
China,5,DE-ABE,98,1.2907800674438477,990
China,5,DE-ABE,99,1.2907800674438477,1000
China,5,GWO-ABE,0,1.367190957069397,10
China,5,GWO-ABE,1,1.3830479383468628,20
China,5,GWO-ABE,2,1.3522930145263672,30
China,5,GWO-ABE,3,1.3255254030227661,40
China,5,GWO-ABE,4,1.3340693712234497,50
China,5,GWO-ABE,5,1.3683496713638306,60
China,5,GWO-ABE,6,1.3575302362442017,70
China,5,GWO-ABE,7,1.3334518671035767,80
China,5,GWO-ABE,8,1.340783953666687,90
China,5,GWO-ABE,9,1.3536347150802612,100
China,5,GWO-ABE,10,1.330629825592041,110
China,5,GWO-ABE,11,1.319856882095337,120
China,5,GWO-ABE,12,1.3225210905075073,130
China,5,GWO-ABE,13,1.2729544639587402,140
China,5,GWO-ABE,14,1.3185430765151978,150
China,5,GWO-ABE,15,1.3230843544006348,160
China,5,GWO-ABE,16,1.3032852411270142,170
China,5,GWO-ABE,17,1.2842422723770142,180
China,5,GWO-ABE,18,1.27458918094635,190
China,5,GWO-ABE,19,1.3049947023391724,200
China,5,GWO-ABE,20,1.3237438201904297,210
China,5,GWO-ABE,21,1.2876018285751343,220
China,5,GWO-ABE,22,1.303074836730957,230
China,5,GWO-ABE,23,1.2988841533660889,240
China,5,GWO-ABE,24,1.2993266582489014,250
China,5,GWO-ABE,25,1.2763385772705078,260
China,5,GWO-ABE,26,1.2889882326126099,270
China,5,GWO-ABE,27,1.2580206394195557,280
China,5,GWO-ABE,28,1.2863783836364746,290
China,5,GWO-ABE,29,1.3086495399475098,300
China,5,GWO-ABE,30,1.3317046165466309,310
China,5,GWO-ABE,31,1.2846193313598633,320
China,5,GWO-ABE,32,1.3038482666015625,330
China,5,GWO-ABE,33,1.2746626138687134,340
China,5,GWO-ABE,34,1.3127838373184204,350
China,5,GWO-ABE,35,1.2949074506759644,360
China,5,GWO-ABE,36,1.2803767919540405,370
China,5,GWO-ABE,37,1.3069274425506592,380
China,5,GWO-ABE,38,1.3063225746154785,390
China,5,GWO-ABE,39,1.2701925039291382,400
China,5,GWO-ABE,40,1.301554799079895,410
China,5,GWO-ABE,41,1.282957673072815,420
China,5,GWO-ABE,42,1.2667410373687744,430
China,5,GWO-ABE,43,1.3042229413986206,440
China,5,GWO-ABE,44,1.3018759489059448,450
China,5,GWO-ABE,45,1.2986465692520142,460
China,5,GWO-ABE,46,1.2989907264709473,470
China,5,GWO-ABE,47,1.2697908878326416,480
China,5,GWO-ABE,48,1.2827439308166504,490
China,5,GWO-ABE,49,1.2881221771240234,500
China,5,GWO-ABE,50,1.2856464385986328,510
China,5,GWO-ABE,51,1.3196666240692139,520
China,5,GWO-ABE,52,1.2957608699798584,530
China,5,GWO-ABE,53,1.2857505083084106,540
China,5,GWO-ABE,54,1.2827122211456299,550
China,5,GWO-ABE,55,1.2945059537887573,560
China,5,GWO-ABE,56,1.278752088546753,570
China,5,GWO-ABE,57,1.2936444282531738,580
China,5,GWO-ABE,58,1.2731733322143555,590
China,5,GWO-ABE,59,1.2862355709075928,600
China,5,GWO-ABE,60,1.2692996263504028,610
China,5,GWO-ABE,61,1.2697999477386475,620
China,5,GWO-ABE,62,1.2878055572509766,630
China,5,GWO-ABE,63,1.2883676290512085,640
China,5,GWO-ABE,64,1.2909070253372192,650
China,5,GWO-ABE,65,1.2913905382156372,660
China,5,GWO-ABE,66,1.277744174003601,670
China,5,GWO-ABE,67,1.2812049388885498,680
China,5,GWO-ABE,68,1.2640533447265625,690
China,5,GWO-ABE,69,1.2874479293823242,700
China,5,GWO-ABE,70,1.2824733257293701,710
China,5,GWO-ABE,71,1.267099380493164,720
China,5,GWO-ABE,72,1.2560986280441284,730
China,5,GWO-ABE,73,1.266453742980957,740
China,5,GWO-ABE,74,1.2707568407058716,750
China,5,GWO-ABE,75,1.2669870853424072,760
China,5,GWO-ABE,76,1.2811530828475952,770
China,5,GWO-ABE,77,1.2734133005142212,780
China,5,GWO-ABE,78,1.263373851776123,790
China,5,GWO-ABE,79,1.2681338787078857,800
China,5,GWO-ABE,80,1.2700791358947754,810
China,5,GWO-ABE,81,1.267379641532898,820
China,5,GWO-ABE,82,1.2629704475402832,830
China,5,GWO-ABE,83,1.2747658491134644,840
China,5,GWO-ABE,84,1.2670310735702515,850
China,5,GWO-ABE,85,1.2502267360687256,860
China,5,GWO-ABE,86,1.267950177192688,870
China,5,GWO-ABE,87,1.2588986158370972,880
China,5,GWO-ABE,88,1.2643749713897705,890
China,5,GWO-ABE,89,1.2592599391937256,900
China,5,GWO-ABE,90,1.2521263360977173,910
China,5,GWO-ABE,91,1.2606511116027832,920
China,5,GWO-ABE,92,1.259376049041748,930
China,5,GWO-ABE,93,1.258371114730835,940
China,5,GWO-ABE,94,1.257783055305481,950
China,5,GWO-ABE,95,1.2579827308654785,960
China,5,GWO-ABE,96,1.2560856342315674,970
China,5,GWO-ABE,97,1.2575409412384033,980
China,5,GWO-ABE,98,1.255083680152893,990
China,5,GWO-ABE,99,1.2551391124725342,1000
China,5,WOA-ABE,0,1.3868011236190796,10
China,5,WOA-ABE,1,1.3784546852111816,20
China,5,WOA-ABE,2,1.3784546852111816,30
China,5,WOA-ABE,3,1.3784546852111816,40
China,5,WOA-ABE,4,1.3784546852111816,50
China,5,WOA-ABE,5,1.3656765222549438,60
China,5,WOA-ABE,6,1.3656765222549438,70
China,5,WOA-ABE,7,1.3656765222549438,80
China,5,WOA-ABE,8,1.3656765222549438,90
China,5,WOA-ABE,9,1.3656566143035889,100
China,5,WOA-ABE,10,1.3656566143035889,110
China,5,WOA-ABE,11,1.355031132698059,120
China,5,WOA-ABE,12,1.355031132698059,130
China,5,WOA-ABE,13,1.3453309535980225,140
China,5,WOA-ABE,14,1.3453309535980225,150
China,5,WOA-ABE,15,1.3453309535980225,160
China,5,WOA-ABE,16,1.3453309535980225,170
China,5,WOA-ABE,17,1.345120906829834,180
China,5,WOA-ABE,18,1.3451014757156372,190
China,5,WOA-ABE,19,1.3451014757156372,200
China,5,WOA-ABE,20,1.3451014757156372,210
China,5,WOA-ABE,21,1.3451014757156372,220
China,5,WOA-ABE,22,1.3451014757156372,230
China,5,WOA-ABE,23,1.3451014757156372,240
China,5,WOA-ABE,24,1.3451014757156372,250
China,5,WOA-ABE,25,1.3451014757156372,260
China,5,WOA-ABE,26,1.3451014757156372,270
China,5,WOA-ABE,27,1.3443620204925537,280
China,5,WOA-ABE,28,1.3443620204925537,290
China,5,WOA-ABE,29,1.3443620204925537,300
China,5,WOA-ABE,30,1.3429927825927734,310
China,5,WOA-ABE,31,1.3429927825927734,320
China,5,WOA-ABE,32,1.3419628143310547,330
China,5,WOA-ABE,33,1.3330429792404175,340
China,5,WOA-ABE,34,1.3246569633483887,350
China,5,WOA-ABE,35,1.3246569633483887,360
China,5,WOA-ABE,36,1.3246569633483887,370
China,5,WOA-ABE,37,1.3246536254882812,380
China,5,WOA-ABE,38,1.3246536254882812,390
China,5,WOA-ABE,39,1.3237899541854858,400
China,5,WOA-ABE,40,1.3227885961532593,410
China,5,WOA-ABE,41,1.3227791786193848,420
China,5,WOA-ABE,42,1.3227791786193848,430
China,5,WOA-ABE,43,1.3199995756149292,440
China,5,WOA-ABE,44,1.3199995756149292,450
China,5,WOA-ABE,45,1.3153408765792847,460
China,5,WOA-ABE,46,1.314485788345337,470
China,5,WOA-ABE,47,1.314139723777771,480
China,5,WOA-ABE,48,1.314139723777771,490
China,5,WOA-ABE,49,1.314139723777771,500
China,5,WOA-ABE,50,1.314139723777771,510
China,5,WOA-ABE,51,1.314139723777771,520
China,5,WOA-ABE,52,1.314139723777771,530
China,5,WOA-ABE,53,1.3101603984832764,540
China,5,WOA-ABE,54,1.3101603984832764,550
China,5,WOA-ABE,55,1.3101603984832764,560
China,5,WOA-ABE,56,1.3101603984832764,570
China,5,WOA-ABE,57,1.308914065361023,580
China,5,WOA-ABE,58,1.3054193258285522,590
China,5,WOA-ABE,59,1.3054193258285522,600
China,5,WOA-ABE,60,1.301323652267456,610
China,5,WOA-ABE,61,1.301323652267456,620
China,5,WOA-ABE,62,1.301323652267456,630
China,5,WOA-ABE,63,1.301323652267456,640
China,5,WOA-ABE,64,1.3010432720184326,650
China,5,WOA-ABE,65,1.3010432720184326,660
China,5,WOA-ABE,66,1.3010432720184326,670
China,5,WOA-ABE,67,1.3010432720184326,680
China,5,WOA-ABE,68,1.3010432720184326,690
China,5,WOA-ABE,69,1.3006880283355713,700
China,5,WOA-ABE,70,1.3006880283355713,710
China,5,WOA-ABE,71,1.3006880283355713,720
China,5,WOA-ABE,72,1.3006880283355713,730
China,5,WOA-ABE,73,1.3006880283355713,740
China,5,WOA-ABE,74,1.3006880283355713,750
China,5,WOA-ABE,75,1.3006880283355713,760
China,5,WOA-ABE,76,1.3006880283355713,770
China,5,WOA-ABE,77,1.3006880283355713,780
China,5,WOA-ABE,78,1.3006880283355713,790
China,5,WOA-ABE,79,1.300683856010437,800
China,5,WOA-ABE,80,1.300683856010437,810
China,5,WOA-ABE,81,1.300683856010437,820
China,5,WOA-ABE,82,1.300683856010437,830
China,5,WOA-ABE,83,1.2989444732666016,840
China,5,WOA-ABE,84,1.2989444732666016,850
China,5,WOA-ABE,85,1.2989444732666016,860
China,5,WOA-ABE,86,1.2989444732666016,870
China,5,WOA-ABE,87,1.2948380708694458,880
China,5,WOA-ABE,88,1.2930790185928345,890
China,5,WOA-ABE,89,1.2930718660354614,900
China,5,WOA-ABE,90,1.2930718660354614,910
China,5,WOA-ABE,91,1.2930718660354614,920
China,5,WOA-ABE,92,1.2930718660354614,930
China,5,WOA-ABE,93,1.2930718660354614,940
China,5,WOA-ABE,94,1.2930718660354614,950
China,5,WOA-ABE,95,1.290695309638977,960
China,5,WOA-ABE,96,1.290695309638977,970
China,5,WOA-ABE,97,1.290695309638977,980
China,5,WOA-ABE,98,1.290695309638977,990
China,5,WOA-ABE,99,1.2906901836395264,1000
China,5,FAABE,0,1.4025424718856812,10
China,5,FAABE,1,1.382486343383789,20
China,5,FAABE,2,1.3638614416122437,30
China,5,FAABE,3,1.3638614416122437,40
China,5,FAABE,4,1.3432421684265137,50
China,5,FAABE,5,1.3432421684265137,60
China,5,FAABE,6,1.3432421684265137,70
China,5,FAABE,7,1.3432421684265137,80
China,5,FAABE,8,1.3432421684265137,90
China,5,FAABE,9,1.33717942237854,100
China,5,FAABE,10,1.33717942237854,110
China,5,FAABE,11,1.3297399282455444,120
China,5,FAABE,12,1.3297399282455444,130
China,5,FAABE,13,1.3297399282455444,140
China,5,FAABE,14,1.3297399282455444,150
China,5,FAABE,15,1.3297399282455444,160
China,5,FAABE,16,1.3297399282455444,170
China,5,FAABE,17,1.3297399282455444,180
China,5,FAABE,18,1.3297399282455444,190
China,5,FAABE,19,1.3297399282455444,200
China,5,FAABE,20,1.3297399282455444,210
China,5,FAABE,21,1.3297399282455444,220
China,5,FAABE,22,1.3297399282455444,230
China,5,FAABE,23,1.3297399282455444,240
China,5,FAABE,24,1.3297399282455444,250
China,5,FAABE,25,1.3297399282455444,260
China,5,FAABE,26,1.3297399282455444,270
China,5,FAABE,27,1.3297399282455444,280
China,5,FAABE,28,1.3297399282455444,290
China,5,FAABE,29,1.3297399282455444,300
China,5,FAABE,30,1.3297399282455444,310
China,5,FAABE,31,1.3297399282455444,320
China,5,FAABE,32,1.3297399282455444,330
China,5,FAABE,33,1.3297399282455444,340
China,5,FAABE,34,1.3297399282455444,350
China,5,FAABE,35,1.3297399282455444,360
China,5,FAABE,36,1.3297399282455444,370
China,5,FAABE,37,1.3297399282455444,380
China,5,FAABE,38,1.3297399282455444,390
China,5,FAABE,39,1.3297399282455444,400
China,5,FAABE,40,1.3297399282455444,410
China,5,FAABE,41,1.3297399282455444,420
China,5,FAABE,42,1.3297399282455444,430
China,5,FAABE,43,1.3297399282455444,440
China,5,FAABE,44,1.3297399282455444,450
China,5,FAABE,45,1.3297399282455444,460
China,5,FAABE,46,1.3297399282455444,470
China,5,FAABE,47,1.3228920698165894,480
China,5,FAABE,48,1.3228920698165894,490
China,5,FAABE,49,1.3228920698165894,500
China,5,FAABE,50,1.3228920698165894,510
China,5,FAABE,51,1.3228920698165894,520
China,5,FAABE,52,1.3228920698165894,530
China,5,FAABE,53,1.3228920698165894,540
China,5,FAABE,54,1.3228920698165894,550
China,5,FAABE,55,1.3228920698165894,560
China,5,FAABE,56,1.3228920698165894,570
China,5,FAABE,57,1.3228920698165894,580
China,5,FAABE,58,1.3228920698165894,590
China,5,FAABE,59,1.3228920698165894,600
China,5,FAABE,60,1.3228920698165894,610
China,5,FAABE,61,1.3228920698165894,620
China,5,FAABE,62,1.3228920698165894,630
China,5,FAABE,63,1.3228920698165894,640
China,5,FAABE,64,1.3182612657546997,650
China,5,FAABE,65,1.3182612657546997,660
China,5,FAABE,66,1.3182612657546997,670
China,5,FAABE,67,1.3182612657546997,680
China,5,FAABE,68,1.3182612657546997,690
China,5,FAABE,69,1.3182612657546997,700
China,5,FAABE,70,1.3182612657546997,710
China,5,FAABE,71,1.3182612657546997,720
China,5,FAABE,72,1.3182612657546997,730
China,5,FAABE,73,1.3182612657546997,740
China,5,FAABE,74,1.3182612657546997,750
China,5,FAABE,75,1.3182612657546997,760
China,5,FAABE,76,1.3182612657546997,770
China,5,FAABE,77,1.3182612657546997,780
China,5,FAABE,78,1.3182612657546997,790
China,5,FAABE,79,1.3182612657546997,800
China,5,FAABE,80,1.3182612657546997,810
China,5,FAABE,81,1.3182612657546997,820
China,5,FAABE,82,1.3182612657546997,830
China,5,FAABE,83,1.3182612657546997,840
China,5,FAABE,84,1.3182612657546997,850
China,5,FAABE,85,1.3182612657546997,860
China,5,FAABE,86,1.3182612657546997,870
China,5,FAABE,87,1.3182612657546997,880
China,5,FAABE,88,1.3182612657546997,890
China,5,FAABE,89,1.3182612657546997,900
China,5,FAABE,90,1.3182612657546997,910
China,5,FAABE,91,1.3182612657546997,920
China,5,FAABE,92,1.3182612657546997,930
China,5,FAABE,93,1.3182612657546997,940
China,5,FAABE,94,1.3182612657546997,950
China,5,FAABE,95,1.3182612657546997,960
China,5,FAABE,96,1.3182612657546997,970
China,5,FAABE,97,1.3182612657546997,980
China,5,FAABE,98,1.3182612657546997,990
China,5,FAABE,99,1.3182612657546997,1000
China,6,GA-ABE,0,1.2693257331848145,10
China,6,GA-ABE,1,1.2205479145050049,20
China,6,GA-ABE,2,1.2144775390625,30
China,6,GA-ABE,3,1.2144775390625,40
China,6,GA-ABE,4,1.2099167108535767,50
China,6,GA-ABE,5,1.2099167108535767,60
China,6,GA-ABE,6,1.2099167108535767,70
China,6,GA-ABE,7,1.1792107820510864,80
China,6,GA-ABE,8,1.1792107820510864,90
China,6,GA-ABE,9,1.1399787664413452,100
China,6,GA-ABE,10,1.1399787664413452,110
China,6,GA-ABE,11,1.1399787664413452,120
China,6,GA-ABE,12,1.1399787664413452,130
China,6,GA-ABE,13,1.1399787664413452,140
China,6,GA-ABE,14,1.1399787664413452,150
China,6,GA-ABE,15,1.1399787664413452,160
China,6,GA-ABE,16,1.1399787664413452,170
China,6,GA-ABE,17,1.1399787664413452,180
China,6,GA-ABE,18,1.1399787664413452,190
China,6,GA-ABE,19,1.1399787664413452,200
China,6,GA-ABE,20,1.1399787664413452,210
China,6,GA-ABE,21,1.1399787664413452,220
China,6,GA-ABE,22,1.1399787664413452,230
China,6,GA-ABE,23,1.1376502513885498,240
China,6,GA-ABE,24,1.1300995349884033,250
China,6,GA-ABE,25,1.1266348361968994,260
China,6,GA-ABE,26,1.1266348361968994,270
China,6,GA-ABE,27,1.125506043434143,280
China,6,GA-ABE,28,1.125506043434143,290
China,6,GA-ABE,29,1.125506043434143,300
China,6,GA-ABE,30,1.1253578662872314,310
China,6,GA-ABE,31,1.1253578662872314,320
China,6,GA-ABE,32,1.1253578662872314,330
China,6,GA-ABE,33,1.1253578662872314,340
China,6,GA-ABE,34,1.1253578662872314,350
China,6,GA-ABE,35,1.1253578662872314,360
China,6,GA-ABE,36,1.1253578662872314,370
China,6,GA-ABE,37,1.1253578662872314,380
China,6,GA-ABE,38,1.1253578662872314,390
China,6,GA-ABE,39,1.1253578662872314,400
China,6,GA-ABE,40,1.1253578662872314,410
China,6,GA-ABE,41,1.1253578662872314,420
China,6,GA-ABE,42,1.1253578662872314,430
China,6,GA-ABE,43,1.1253578662872314,440
China,6,GA-ABE,44,1.1253578662872314,450
China,6,GA-ABE,45,1.1253578662872314,460
China,6,GA-ABE,46,1.1253578662872314,470
China,6,GA-ABE,47,1.1253578662872314,480
China,6,GA-ABE,48,1.1253578662872314,490
China,6,GA-ABE,49,1.1253578662872314,500
China,6,GA-ABE,50,1.1253578662872314,510
China,6,GA-ABE,51,1.1253578662872314,520
China,6,GA-ABE,52,1.1253578662872314,530
China,6,GA-ABE,53,1.1253578662872314,540
China,6,GA-ABE,54,1.1253578662872314,550
China,6,GA-ABE,55,1.1253578662872314,560
China,6,GA-ABE,56,1.1253578662872314,570
China,6,GA-ABE,57,1.1232545375823975,580
China,6,GA-ABE,58,1.1232545375823975,590
China,6,GA-ABE,59,1.1232545375823975,600
China,6,GA-ABE,60,1.1232545375823975,610
China,6,GA-ABE,61,1.123254418373108,620
China,6,GA-ABE,62,1.123254418373108,630
China,6,GA-ABE,63,1.123254418373108,640
China,6,GA-ABE,64,1.123254418373108,650
China,6,GA-ABE,65,1.123254418373108,660
China,6,GA-ABE,66,1.123254418373108,670
China,6,GA-ABE,67,1.123254418373108,680
China,6,GA-ABE,68,1.123254418373108,690
China,6,GA-ABE,69,1.123254418373108,700
China,6,GA-ABE,70,1.123254418373108,710
China,6,GA-ABE,71,1.123254418373108,720
China,6,GA-ABE,72,1.123254418373108,730
China,6,GA-ABE,73,1.123254418373108,740
China,6,GA-ABE,74,1.123254418373108,750
China,6,GA-ABE,75,1.123254418373108,760
China,6,GA-ABE,76,1.123254418373108,770
China,6,GA-ABE,77,1.123254418373108,780
China,6,GA-ABE,78,1.123254418373108,790
China,6,GA-ABE,79,1.1224762201309204,800
China,6,GA-ABE,80,1.1224762201309204,810
China,6,GA-ABE,81,1.1224762201309204,820
China,6,GA-ABE,82,1.1224762201309204,830
China,6,GA-ABE,83,1.1224762201309204,840
China,6,GA-ABE,84,1.1224762201309204,850
China,6,GA-ABE,85,1.1224762201309204,860
China,6,GA-ABE,86,1.116068720817566,870
China,6,GA-ABE,87,1.116068720817566,880
China,6,GA-ABE,88,1.116068720817566,890
China,6,GA-ABE,89,1.116068720817566,900
China,6,GA-ABE,90,1.116068720817566,910
China,6,GA-ABE,91,1.116068720817566,920
China,6,GA-ABE,92,1.116068720817566,930
China,6,GA-ABE,93,1.116068720817566,940
China,6,GA-ABE,94,1.116068720817566,950
China,6,GA-ABE,95,1.116068720817566,960
China,6,GA-ABE,96,1.116068720817566,970
China,6,GA-ABE,97,1.116068720817566,980
China,6,GA-ABE,98,1.116068720817566,990
China,6,GA-ABE,99,1.116068720817566,1000
China,6,PSO-ABE,0,1.2408512830734253,10
China,6,PSO-ABE,1,1.2408512830734253,20
China,6,PSO-ABE,2,1.2408512830734253,30
China,6,PSO-ABE,3,1.2408512830734253,40
China,6,PSO-ABE,4,1.2210631370544434,50
China,6,PSO-ABE,5,1.2095303535461426,60
China,6,PSO-ABE,6,1.206520438194275,70
China,6,PSO-ABE,7,1.2060716152191162,80
China,6,PSO-ABE,8,1.1623129844665527,90
China,6,PSO-ABE,9,1.1623129844665527,100
China,6,PSO-ABE,10,1.1623129844665527,110
China,6,PSO-ABE,11,1.1603970527648926,120
China,6,PSO-ABE,12,1.152957558631897,130
China,6,PSO-ABE,13,1.152957558631897,140
China,6,PSO-ABE,14,1.1386916637420654,150
China,6,PSO-ABE,15,1.1160622835159302,160
China,6,PSO-ABE,16,1.1160622835159302,170
China,6,PSO-ABE,17,1.113139271736145,180
China,6,PSO-ABE,18,1.113139271736145,190
China,6,PSO-ABE,19,1.113139271736145,200
China,6,PSO-ABE,20,1.113139271736145,210
China,6,PSO-ABE,21,1.1100190877914429,220
China,6,PSO-ABE,22,1.1100190877914429,230
China,6,PSO-ABE,23,1.1100190877914429,240
China,6,PSO-ABE,24,1.1100190877914429,250
China,6,PSO-ABE,25,1.1100190877914429,260
China,6,PSO-ABE,26,1.1100190877914429,270
China,6,PSO-ABE,27,1.1100190877914429,280
China,6,PSO-ABE,28,1.1100190877914429,290
China,6,PSO-ABE,29,1.1100190877914429,300
China,6,PSO-ABE,30,1.1100190877914429,310
China,6,PSO-ABE,31,1.1100190877914429,320
China,6,PSO-ABE,32,1.1100190877914429,330
China,6,PSO-ABE,33,1.1100190877914429,340
China,6,PSO-ABE,34,1.1100190877914429,350
China,6,PSO-ABE,35,1.1100190877914429,360
China,6,PSO-ABE,36,1.1100190877914429,370
China,6,PSO-ABE,37,1.1100190877914429,380
China,6,PSO-ABE,38,1.1100190877914429,390
China,6,PSO-ABE,39,1.1100190877914429,400
China,6,PSO-ABE,40,1.1100190877914429,410
China,6,PSO-ABE,41,1.1100190877914429,420
China,6,PSO-ABE,42,1.1100190877914429,430
China,6,PSO-ABE,43,1.1100190877914429,440
China,6,PSO-ABE,44,1.1100190877914429,450
China,6,PSO-ABE,45,1.1082319021224976,460
China,6,PSO-ABE,46,1.1082319021224976,470
China,6,PSO-ABE,47,1.1082319021224976,480
China,6,PSO-ABE,48,1.1082319021224976,490
China,6,PSO-ABE,49,1.1082319021224976,500
China,6,PSO-ABE,50,1.1082319021224976,510
China,6,PSO-ABE,51,1.1082319021224976,520
China,6,PSO-ABE,52,1.1082319021224976,530
China,6,PSO-ABE,53,1.1082319021224976,540
China,6,PSO-ABE,54,1.1082319021224976,550
China,6,PSO-ABE,55,1.1082319021224976,560
China,6,PSO-ABE,56,1.1035335063934326,570
China,6,PSO-ABE,57,1.1035335063934326,580
China,6,PSO-ABE,58,1.1035335063934326,590
China,6,PSO-ABE,59,1.1035335063934326,600
China,6,PSO-ABE,60,1.1035335063934326,610
China,6,PSO-ABE,61,1.1035335063934326,620
China,6,PSO-ABE,62,1.1035335063934326,630
China,6,PSO-ABE,63,1.1035335063934326,640
China,6,PSO-ABE,64,1.1035335063934326,650
China,6,PSO-ABE,65,1.1035335063934326,660
China,6,PSO-ABE,66,1.1035335063934326,670
China,6,PSO-ABE,67,1.1026912927627563,680
China,6,PSO-ABE,68,1.102449655532837,690
China,6,PSO-ABE,69,1.1021747589111328,700
China,6,PSO-ABE,70,1.1021747589111328,710
China,6,PSO-ABE,71,1.1021747589111328,720
China,6,PSO-ABE,72,1.102114200592041,730
China,6,PSO-ABE,73,1.102114200592041,740
China,6,PSO-ABE,74,1.102114200592041,750
China,6,PSO-ABE,75,1.102114200592041,760
China,6,PSO-ABE,76,1.102114200592041,770
China,6,PSO-ABE,77,1.101617455482483,780
China,6,PSO-ABE,78,1.101617455482483,790
China,6,PSO-ABE,79,1.101617455482483,800
China,6,PSO-ABE,80,1.0946193933486938,810
China,6,PSO-ABE,81,1.0946193933486938,820
China,6,PSO-ABE,82,1.0946193933486938,830
China,6,PSO-ABE,83,1.0946193933486938,840
China,6,PSO-ABE,84,1.0946193933486938,850
China,6,PSO-ABE,85,1.0946193933486938,860
China,6,PSO-ABE,86,1.0946193933486938,870
China,6,PSO-ABE,87,1.0946193933486938,880
China,6,PSO-ABE,88,1.0946193933486938,890
China,6,PSO-ABE,89,1.0946193933486938,900
China,6,PSO-ABE,90,1.0946193933486938,910
China,6,PSO-ABE,91,1.0908265113830566,920
China,6,PSO-ABE,92,1.0908265113830566,930
China,6,PSO-ABE,93,1.0908265113830566,940
China,6,PSO-ABE,94,1.0908265113830566,950
China,6,PSO-ABE,95,1.0908265113830566,960
China,6,PSO-ABE,96,1.0908265113830566,970
China,6,PSO-ABE,97,1.0891848802566528,980
China,6,PSO-ABE,98,1.0891848802566528,990
China,6,PSO-ABE,99,1.0891848802566528,1000
China,6,DE-ABE,0,1.27357017993927,10
China,6,DE-ABE,1,1.249427080154419,20
China,6,DE-ABE,2,1.2415106296539307,30
China,6,DE-ABE,3,1.22677481174469,40
China,6,DE-ABE,4,1.22677481174469,50
China,6,DE-ABE,5,1.17220938205719,60
China,6,DE-ABE,6,1.17220938205719,70
China,6,DE-ABE,7,1.17220938205719,80
China,6,DE-ABE,8,1.17220938205719,90
China,6,DE-ABE,9,1.17220938205719,100
China,6,DE-ABE,10,1.17220938205719,110
China,6,DE-ABE,11,1.17220938205719,120
China,6,DE-ABE,12,1.17220938205719,130
China,6,DE-ABE,13,1.17220938205719,140
China,6,DE-ABE,14,1.17220938205719,150
China,6,DE-ABE,15,1.1620908975601196,160
China,6,DE-ABE,16,1.1620908975601196,170
China,6,DE-ABE,17,1.1620908975601196,180
China,6,DE-ABE,18,1.1580866575241089,190
China,6,DE-ABE,19,1.1580866575241089,200
China,6,DE-ABE,20,1.1580866575241089,210
China,6,DE-ABE,21,1.1580866575241089,220
China,6,DE-ABE,22,1.1444861888885498,230
China,6,DE-ABE,23,1.1444861888885498,240
China,6,DE-ABE,24,1.1444861888885498,250
China,6,DE-ABE,25,1.1444861888885498,260
China,6,DE-ABE,26,1.1444861888885498,270
China,6,DE-ABE,27,1.1444861888885498,280
China,6,DE-ABE,28,1.1430199146270752,290
China,6,DE-ABE,29,1.1430199146270752,300
China,6,DE-ABE,30,1.1430199146270752,310
China,6,DE-ABE,31,1.1430199146270752,320
China,6,DE-ABE,32,1.1408017873764038,330
China,6,DE-ABE,33,1.1364099979400635,340
China,6,DE-ABE,34,1.1360279321670532,350
China,6,DE-ABE,35,1.1322824954986572,360
China,6,DE-ABE,36,1.1301957368850708,370
China,6,DE-ABE,37,1.1301957368850708,380
China,6,DE-ABE,38,1.1287274360656738,390
China,6,DE-ABE,39,1.1287274360656738,400
China,6,DE-ABE,40,1.1287274360656738,410
China,6,DE-ABE,41,1.1281510591506958,420
China,6,DE-ABE,42,1.1281510591506958,430
China,6,DE-ABE,43,1.1198031902313232,440
China,6,DE-ABE,44,1.1198031902313232,450
China,6,DE-ABE,45,1.1194758415222168,460
China,6,DE-ABE,46,1.1179672479629517,470
China,6,DE-ABE,47,1.1179672479629517,480
China,6,DE-ABE,48,1.1179672479629517,490
China,6,DE-ABE,49,1.117127776145935,500
China,6,DE-ABE,50,1.11618173122406,510
China,6,DE-ABE,51,1.11618173122406,520
China,6,DE-ABE,52,1.1160507202148438,530
China,6,DE-ABE,53,1.1160507202148438,540
China,6,DE-ABE,54,1.115828275680542,550
China,6,DE-ABE,55,1.115828275680542,560
China,6,DE-ABE,56,1.115828275680542,570
China,6,DE-ABE,57,1.11471688747406,580
China,6,DE-ABE,58,1.1146987676620483,590
China,6,DE-ABE,59,1.1146987676620483,600
China,6,DE-ABE,60,1.1146987676620483,610
China,6,DE-ABE,61,1.1146987676620483,620
China,6,DE-ABE,62,1.1146987676620483,630
China,6,DE-ABE,63,1.1145485639572144,640
China,6,DE-ABE,64,1.1145485639572144,650
China,6,DE-ABE,65,1.1145485639572144,660
China,6,DE-ABE,66,1.1145485639572144,670
China,6,DE-ABE,67,1.1145485639572144,680
China,6,DE-ABE,68,1.1145483255386353,690
China,6,DE-ABE,69,1.1145483255386353,700
China,6,DE-ABE,70,1.1145483255386353,710
China,6,DE-ABE,71,1.1145483255386353,720
China,6,DE-ABE,72,1.114544153213501,730
China,6,DE-ABE,73,1.114544153213501,740
China,6,DE-ABE,74,1.1145415306091309,750
China,6,DE-ABE,75,1.1145377159118652,760
China,6,DE-ABE,76,1.1145377159118652,770
China,6,DE-ABE,77,1.1145377159118652,780
China,6,DE-ABE,78,1.1145358085632324,790
China,6,DE-ABE,79,1.1145343780517578,800
China,6,DE-ABE,80,1.1145250797271729,810
China,6,DE-ABE,81,1.1145210266113281,820
China,6,DE-ABE,82,1.1145210266113281,830
China,6,DE-ABE,83,1.1145178079605103,840
China,6,DE-ABE,84,1.1145178079605103,850
China,6,DE-ABE,85,1.1145178079605103,860
China,6,DE-ABE,86,1.1145178079605103,870
China,6,DE-ABE,87,1.1145178079605103,880
China,6,DE-ABE,88,1.1145159006118774,890
China,6,DE-ABE,89,1.114514708518982,900
China,6,DE-ABE,90,1.1145124435424805,910
China,6,DE-ABE,91,1.1145124435424805,920
China,6,DE-ABE,92,1.1145124435424805,930
China,6,DE-ABE,93,1.1145124435424805,940
China,6,DE-ABE,94,1.1145119667053223,950
China,6,DE-ABE,95,1.114511489868164,960
China,6,DE-ABE,96,1.114511489868164,970
China,6,DE-ABE,97,1.1145079135894775,980
China,6,DE-ABE,98,1.1145079135894775,990
China,6,DE-ABE,99,1.114506721496582,1000
China,6,GWO-ABE,0,1.2417525053024292,10
China,6,GWO-ABE,1,1.1954923868179321,20
China,6,GWO-ABE,2,1.2260299921035767,30
China,6,GWO-ABE,3,1.2133238315582275,40
China,6,GWO-ABE,4,1.1909542083740234,50
China,6,GWO-ABE,5,1.196532964706421,60
China,6,GWO-ABE,6,1.17261803150177,70
China,6,GWO-ABE,7,1.1817317008972168,80
China,6,GWO-ABE,8,1.1860359907150269,90
China,6,GWO-ABE,9,1.1740968227386475,100
China,6,GWO-ABE,10,1.151089072227478,110
China,6,GWO-ABE,11,1.156403660774231,120
China,6,GWO-ABE,12,1.1552927494049072,130
China,6,GWO-ABE,13,1.1484317779541016,140
China,6,GWO-ABE,14,1.1318936347961426,150
China,6,GWO-ABE,15,1.1441895961761475,160
China,6,GWO-ABE,16,1.1412527561187744,170
China,6,GWO-ABE,17,1.130994439125061,180
China,6,GWO-ABE,18,1.1434820890426636,190
China,6,GWO-ABE,19,1.1760045289993286,200
China,6,GWO-ABE,20,1.1615025997161865,210
China,6,GWO-ABE,21,1.1424291133880615,220
China,6,GWO-ABE,22,1.1321837902069092,230
China,6,GWO-ABE,23,1.121415138244629,240
China,6,GWO-ABE,24,1.1653615236282349,250
China,6,GWO-ABE,25,1.1508533954620361,260
China,6,GWO-ABE,26,1.1854393482208252,270
China,6,GWO-ABE,27,1.1588646173477173,280
China,6,GWO-ABE,28,1.1720924377441406,290
China,6,GWO-ABE,29,1.1708680391311646,300
China,6,GWO-ABE,30,1.1621872186660767,310
China,6,GWO-ABE,31,1.1607519388198853,320
China,6,GWO-ABE,32,1.1619163751602173,330
China,6,GWO-ABE,33,1.1673105955123901,340
China,6,GWO-ABE,34,1.1279317140579224,350
China,6,GWO-ABE,35,1.1178382635116577,360
China,6,GWO-ABE,36,1.138931155204773,370
China,6,GWO-ABE,37,1.1260608434677124,380
China,6,GWO-ABE,38,1.124002456665039,390
China,6,GWO-ABE,39,1.1269336938858032,400
China,6,GWO-ABE,40,1.1366846561431885,410
China,6,GWO-ABE,41,1.1280871629714966,420
China,6,GWO-ABE,42,1.1339478492736816,430
China,6,GWO-ABE,43,1.111346960067749,440
China,6,GWO-ABE,44,1.1392338275909424,450
China,6,GWO-ABE,45,1.1452442407608032,460
China,6,GWO-ABE,46,1.1344237327575684,470
China,6,GWO-ABE,47,1.1302939653396606,480
China,6,GWO-ABE,48,1.0985877513885498,490
China,6,GWO-ABE,49,1.138749122619629,500
China,6,GWO-ABE,50,1.1316349506378174,510
China,6,GWO-ABE,51,1.1438064575195312,520
China,6,GWO-ABE,52,1.1389778852462769,530
China,6,GWO-ABE,53,1.1194911003112793,540
China,6,GWO-ABE,54,1.1104944944381714,550
China,6,GWO-ABE,55,1.1341038942337036,560
China,6,GWO-ABE,56,1.1285021305084229,570
China,6,GWO-ABE,57,1.1276649236679077,580
China,6,GWO-ABE,58,1.1093121767044067,590
China,6,GWO-ABE,59,1.1214232444763184,600
China,6,GWO-ABE,60,1.1331984996795654,610
China,6,GWO-ABE,61,1.1468327045440674,620
China,6,GWO-ABE,62,1.1158004999160767,630
China,6,GWO-ABE,63,1.1162681579589844,640
China,6,GWO-ABE,64,1.1213147640228271,650
China,6,GWO-ABE,65,1.1157397031784058,660
China,6,GWO-ABE,66,1.1027324199676514,670
China,6,GWO-ABE,67,1.1100801229476929,680
China,6,GWO-ABE,68,1.1129237413406372,690
China,6,GWO-ABE,69,1.1023916006088257,700
China,6,GWO-ABE,70,1.1301161050796509,710
China,6,GWO-ABE,71,1.1100167036056519,720
China,6,GWO-ABE,72,1.1157262325286865,730
China,6,GWO-ABE,73,1.1157374382019043,740
China,6,GWO-ABE,74,1.1074013710021973,750
China,6,GWO-ABE,75,1.1221482753753662,760
China,6,GWO-ABE,76,1.113608717918396,770
China,6,GWO-ABE,77,1.1177304983139038,780
China,6,GWO-ABE,78,1.1157037019729614,790
China,6,GWO-ABE,79,1.122801423072815,800
China,6,GWO-ABE,80,1.1129050254821777,810
China,6,GWO-ABE,81,1.107392430305481,820
China,6,GWO-ABE,82,1.1098557710647583,830
China,6,GWO-ABE,83,1.1095304489135742,840
China,6,GWO-ABE,84,1.1066409349441528,850
China,6,GWO-ABE,85,1.099305510520935,860
China,6,GWO-ABE,86,1.0924744606018066,870
China,6,GWO-ABE,87,1.1003718376159668,880
China,6,GWO-ABE,88,1.1031135320663452,890
China,6,GWO-ABE,89,1.1110457181930542,900
China,6,GWO-ABE,90,1.1113238334655762,910
China,6,GWO-ABE,91,1.097774624824524,920
China,6,GWO-ABE,92,1.1021699905395508,930
China,6,GWO-ABE,93,1.101111650466919,940
China,6,GWO-ABE,94,1.1072450876235962,950
China,6,GWO-ABE,95,1.1042592525482178,960
China,6,GWO-ABE,96,1.1027214527130127,970
China,6,GWO-ABE,97,1.0990967750549316,980
China,6,GWO-ABE,98,1.0963935852050781,990
China,6,GWO-ABE,99,1.0969511270523071,1000
China,6,WOA-ABE,0,1.2451566457748413,10
China,6,WOA-ABE,1,1.1803245544433594,20
China,6,WOA-ABE,2,1.1745500564575195,30
China,6,WOA-ABE,3,1.1745500564575195,40
China,6,WOA-ABE,4,1.1686865091323853,50
China,6,WOA-ABE,5,1.1686865091323853,60
China,6,WOA-ABE,6,1.1686865091323853,70
China,6,WOA-ABE,7,1.1620121002197266,80
China,6,WOA-ABE,8,1.1620121002197266,90
China,6,WOA-ABE,9,1.1620101928710938,100
China,6,WOA-ABE,10,1.1620101928710938,110
China,6,WOA-ABE,11,1.1582010984420776,120
China,6,WOA-ABE,12,1.1578521728515625,130
China,6,WOA-ABE,13,1.1578491926193237,140
China,6,WOA-ABE,14,1.1578491926193237,150
China,6,WOA-ABE,15,1.1578491926193237,160
China,6,WOA-ABE,16,1.1578491926193237,170
China,6,WOA-ABE,17,1.1578491926193237,180
China,6,WOA-ABE,18,1.1578280925750732,190
China,6,WOA-ABE,19,1.157718539237976,200
China,6,WOA-ABE,20,1.157718539237976,210
China,6,WOA-ABE,21,1.157718539237976,220
China,6,WOA-ABE,22,1.157718539237976,230
China,6,WOA-ABE,23,1.157718539237976,240
China,6,WOA-ABE,24,1.1565111875534058,250
China,6,WOA-ABE,25,1.1565111875534058,260
China,6,WOA-ABE,26,1.1535848379135132,270
China,6,WOA-ABE,27,1.1518794298171997,280
China,6,WOA-ABE,28,1.1518794298171997,290
China,6,WOA-ABE,29,1.1518794298171997,300
China,6,WOA-ABE,30,1.1518785953521729,310
China,6,WOA-ABE,31,1.1518739461898804,320
China,6,WOA-ABE,32,1.1518739461898804,330
China,6,WOA-ABE,33,1.1518666744232178,340
China,6,WOA-ABE,34,1.1518666744232178,350
China,6,WOA-ABE,35,1.1518666744232178,360
China,6,WOA-ABE,36,1.1518666744232178,370
China,6,WOA-ABE,37,1.1518666744232178,380
China,6,WOA-ABE,38,1.1518666744232178,390
China,6,WOA-ABE,39,1.1518666744232178,400
China,6,WOA-ABE,40,1.1518666744232178,410
China,6,WOA-ABE,41,1.1518666744232178,420
China,6,WOA-ABE,42,1.1518235206604004,430
China,6,WOA-ABE,43,1.1518235206604004,440
China,6,WOA-ABE,44,1.1518235206604004,450
China,6,WOA-ABE,45,1.1518235206604004,460
China,6,WOA-ABE,46,1.1518235206604004,470
China,6,WOA-ABE,47,1.1518235206604004,480
China,6,WOA-ABE,48,1.1518235206604004,490
China,6,WOA-ABE,49,1.1517834663391113,500
China,6,WOA-ABE,50,1.1511906385421753,510
China,6,WOA-ABE,51,1.1496964693069458,520
China,6,WOA-ABE,52,1.1496942043304443,530
China,6,WOA-ABE,53,1.1496942043304443,540
China,6,WOA-ABE,54,1.1435023546218872,550
China,6,WOA-ABE,55,1.1418840885162354,560
China,6,WOA-ABE,56,1.139712929725647,570
China,6,WOA-ABE,57,1.135637640953064,580
China,6,WOA-ABE,58,1.135637640953064,590
China,6,WOA-ABE,59,1.1352118253707886,600
China,6,WOA-ABE,60,1.1352118253707886,610
China,6,WOA-ABE,61,1.129916787147522,620
China,6,WOA-ABE,62,1.129916787147522,630
China,6,WOA-ABE,63,1.1281708478927612,640
China,6,WOA-ABE,64,1.1281708478927612,650
China,6,WOA-ABE,65,1.1281708478927612,660
China,6,WOA-ABE,66,1.1281708478927612,670
China,6,WOA-ABE,67,1.1281708478927612,680
China,6,WOA-ABE,68,1.1280901432037354,690
China,6,WOA-ABE,69,1.1212838888168335,700
China,6,WOA-ABE,70,1.1198166608810425,710
China,6,WOA-ABE,71,1.1195963621139526,720
China,6,WOA-ABE,72,1.1195963621139526,730
China,6,WOA-ABE,73,1.1195963621139526,740
China,6,WOA-ABE,74,1.1136072874069214,750
China,6,WOA-ABE,75,1.1136072874069214,760
China,6,WOA-ABE,76,1.1136072874069214,770
China,6,WOA-ABE,77,1.112198829650879,780
China,6,WOA-ABE,78,1.112198829650879,790
China,6,WOA-ABE,79,1.112198829650879,800
China,6,WOA-ABE,80,1.112198829650879,810
China,6,WOA-ABE,81,1.112198829650879,820
China,6,WOA-ABE,82,1.1121975183486938,830
China,6,WOA-ABE,83,1.1121975183486938,840
China,6,WOA-ABE,84,1.112190842628479,850
China,6,WOA-ABE,85,1.112190842628479,860
China,6,WOA-ABE,86,1.1118416786193848,870
China,6,WOA-ABE,87,1.1118416786193848,880
China,6,WOA-ABE,88,1.1118416786193848,890
China,6,WOA-ABE,89,1.11183762550354,900
China,6,WOA-ABE,90,1.11183762550354,910
China,6,WOA-ABE,91,1.1118344068527222,920
China,6,WOA-ABE,92,1.1118344068527222,930
China,6,WOA-ABE,93,1.1118344068527222,940
China,6,WOA-ABE,94,1.1118344068527222,950
China,6,WOA-ABE,95,1.1118344068527222,960
China,6,WOA-ABE,96,1.1117950677871704,970
China,6,WOA-ABE,97,1.1117913722991943,980
China,6,WOA-ABE,98,1.1117889881134033,990
China,6,WOA-ABE,99,1.1117833852767944,1000
China,6,FAABE,0,1.1970810890197754,10
China,6,FAABE,1,1.1970810890197754,20
China,6,FAABE,2,1.1970810890197754,30
China,6,FAABE,3,1.1970810890197754,40
China,6,FAABE,4,1.169648289680481,50
China,6,FAABE,5,1.169648289680481,60
China,6,FAABE,6,1.169648289680481,70
China,6,FAABE,7,1.169648289680481,80
China,6,FAABE,8,1.169648289680481,90
China,6,FAABE,9,1.169648289680481,100
China,6,FAABE,10,1.166117787361145,110
China,6,FAABE,11,1.166117787361145,120
China,6,FAABE,12,1.166117787361145,130
China,6,FAABE,13,1.166117787361145,140
China,6,FAABE,14,1.166117787361145,150
China,6,FAABE,15,1.1613976955413818,160
China,6,FAABE,16,1.1613976955413818,170
China,6,FAABE,17,1.1613976955413818,180
China,6,FAABE,18,1.1591684818267822,190
China,6,FAABE,19,1.1591684818267822,200
China,6,FAABE,20,1.1591684818267822,210
China,6,FAABE,21,1.1591684818267822,220
China,6,FAABE,22,1.1591684818267822,230
China,6,FAABE,23,1.1591684818267822,240
China,6,FAABE,24,1.1591684818267822,250
China,6,FAABE,25,1.1591684818267822,260
China,6,FAABE,26,1.1591684818267822,270
China,6,FAABE,27,1.1591684818267822,280
China,6,FAABE,28,1.1591684818267822,290
China,6,FAABE,29,1.1591684818267822,300
China,6,FAABE,30,1.1591684818267822,310
China,6,FAABE,31,1.147124171257019,320
China,6,FAABE,32,1.147124171257019,330
China,6,FAABE,33,1.147124171257019,340
China,6,FAABE,34,1.147124171257019,350
China,6,FAABE,35,1.147124171257019,360
China,6,FAABE,36,1.147124171257019,370
China,6,FAABE,37,1.147124171257019,380
China,6,FAABE,38,1.147124171257019,390
China,6,FAABE,39,1.147124171257019,400
China,6,FAABE,40,1.147124171257019,410
China,6,FAABE,41,1.147124171257019,420
China,6,FAABE,42,1.147124171257019,430
China,6,FAABE,43,1.147124171257019,440
China,6,FAABE,44,1.147124171257019,450
China,6,FAABE,45,1.147124171257019,460
China,6,FAABE,46,1.1404006481170654,470
China,6,FAABE,47,1.1404006481170654,480
China,6,FAABE,48,1.1404006481170654,490
China,6,FAABE,49,1.1404006481170654,500
China,6,FAABE,50,1.1404006481170654,510
China,6,FAABE,51,1.1404006481170654,520
China,6,FAABE,52,1.1404006481170654,530
China,6,FAABE,53,1.1404006481170654,540
China,6,FAABE,54,1.1404006481170654,550
China,6,FAABE,55,1.1381406784057617,560
China,6,FAABE,56,1.1381406784057617,570
China,6,FAABE,57,1.1381406784057617,580
China,6,FAABE,58,1.1381406784057617,590
China,6,FAABE,59,1.1381406784057617,600
China,6,FAABE,60,1.1381406784057617,610
China,6,FAABE,61,1.1381406784057617,620
China,6,FAABE,62,1.1381406784057617,630
China,6,FAABE,63,1.1381406784057617,640
China,6,FAABE,64,1.1381406784057617,650
China,6,FAABE,65,1.1381406784057617,660
China,6,FAABE,66,1.1381406784057617,670
China,6,FAABE,67,1.1381406784057617,680
China,6,FAABE,68,1.1381406784057617,690
China,6,FAABE,69,1.1381406784057617,700
China,6,FAABE,70,1.1381406784057617,710
China,6,FAABE,71,1.1381406784057617,720
China,6,FAABE,72,1.1381406784057617,730
China,6,FAABE,73,1.1381406784057617,740
China,6,FAABE,74,1.1381406784057617,750
China,6,FAABE,75,1.1381406784057617,760
China,6,FAABE,76,1.1381406784057617,770
China,6,FAABE,77,1.1381406784057617,780
China,6,FAABE,78,1.1381406784057617,790
China,6,FAABE,79,1.1381406784057617,800
China,6,FAABE,80,1.1381406784057617,810
China,6,FAABE,81,1.1381406784057617,820
China,6,FAABE,82,1.1381406784057617,830
China,6,FAABE,83,1.1381406784057617,840
China,6,FAABE,84,1.1381406784057617,850
China,6,FAABE,85,1.1381406784057617,860
China,6,FAABE,86,1.1381406784057617,870
China,6,FAABE,87,1.1381406784057617,880
China,6,FAABE,88,1.1381406784057617,890
China,6,FAABE,89,1.1381406784057617,900
China,6,FAABE,90,1.1381406784057617,910
China,6,FAABE,91,1.1381406784057617,920
China,6,FAABE,92,1.1381406784057617,930
China,6,FAABE,93,1.1381406784057617,940
China,6,FAABE,94,1.1381406784057617,950
China,6,FAABE,95,1.1381406784057617,960
China,6,FAABE,96,1.1381406784057617,970
China,6,FAABE,97,1.1347981691360474,980
China,6,FAABE,98,1.1347981691360474,990
China,6,FAABE,99,1.1347981691360474,1000
China,7,GA-ABE,0,1.2533162832260132,10
China,7,GA-ABE,1,1.2533162832260132,20
China,7,GA-ABE,2,1.2100332975387573,30
China,7,GA-ABE,3,1.2100332975387573,40
China,7,GA-ABE,4,1.1863130331039429,50
China,7,GA-ABE,5,1.1863130331039429,60
China,7,GA-ABE,6,1.186009168624878,70
China,7,GA-ABE,7,1.1788525581359863,80
China,7,GA-ABE,8,1.165894865989685,90
China,7,GA-ABE,9,1.1500089168548584,100
China,7,GA-ABE,10,1.1500089168548584,110
China,7,GA-ABE,11,1.1500089168548584,120
China,7,GA-ABE,12,1.1500089168548584,130
China,7,GA-ABE,13,1.1448988914489746,140
China,7,GA-ABE,14,1.1448988914489746,150
China,7,GA-ABE,15,1.144628643989563,160
China,7,GA-ABE,16,1.1394613981246948,170
China,7,GA-ABE,17,1.1394613981246948,180
China,7,GA-ABE,18,1.1394613981246948,190
China,7,GA-ABE,19,1.1394613981246948,200
China,7,GA-ABE,20,1.1394613981246948,210
China,7,GA-ABE,21,1.1394613981246948,220
China,7,GA-ABE,22,1.1394613981246948,230
China,7,GA-ABE,23,1.139164924621582,240
China,7,GA-ABE,24,1.139164924621582,250
China,7,GA-ABE,25,1.139164924621582,260
China,7,GA-ABE,26,1.139164924621582,270
China,7,GA-ABE,27,1.139164924621582,280
China,7,GA-ABE,28,1.1345810890197754,290
China,7,GA-ABE,29,1.1345810890197754,300
China,7,GA-ABE,30,1.129335880279541,310
China,7,GA-ABE,31,1.1241551637649536,320
China,7,GA-ABE,32,1.1241551637649536,330
China,7,GA-ABE,33,1.1241551637649536,340
China,7,GA-ABE,34,1.1241551637649536,350
China,7,GA-ABE,35,1.1168369054794312,360
China,7,GA-ABE,36,1.1168369054794312,370
China,7,GA-ABE,37,1.1168369054794312,380
China,7,GA-ABE,38,1.1168369054794312,390
China,7,GA-ABE,39,1.1164973974227905,400
China,7,GA-ABE,40,1.1164973974227905,410
China,7,GA-ABE,41,1.1164973974227905,420
China,7,GA-ABE,42,1.1164973974227905,430
China,7,GA-ABE,43,1.1164973974227905,440
China,7,GA-ABE,44,1.1164973974227905,450
China,7,GA-ABE,45,1.1164973974227905,460
China,7,GA-ABE,46,1.1164973974227905,470
China,7,GA-ABE,47,1.116497278213501,480
China,7,GA-ABE,48,1.116497278213501,490
China,7,GA-ABE,49,1.116497278213501,500
China,7,GA-ABE,50,1.116497278213501,510
China,7,GA-ABE,51,1.116497278213501,520
China,7,GA-ABE,52,1.116497278213501,530
China,7,GA-ABE,53,1.116497278213501,540
China,7,GA-ABE,54,1.116497278213501,550
China,7,GA-ABE,55,1.116497278213501,560
China,7,GA-ABE,56,1.116497278213501,570
China,7,GA-ABE,57,1.116497278213501,580
China,7,GA-ABE,58,1.116497278213501,590
China,7,GA-ABE,59,1.116497278213501,600
China,7,GA-ABE,60,1.116497278213501,610
China,7,GA-ABE,61,1.116497278213501,620
China,7,GA-ABE,62,1.116497278213501,630
China,7,GA-ABE,63,1.116497278213501,640
China,7,GA-ABE,64,1.116497278213501,650
China,7,GA-ABE,65,1.116497278213501,660
China,7,GA-ABE,66,1.116497278213501,670
China,7,GA-ABE,67,1.116497278213501,680
China,7,GA-ABE,68,1.116497278213501,690
China,7,GA-ABE,69,1.116497278213501,700
China,7,GA-ABE,70,1.116497278213501,710
China,7,GA-ABE,71,1.116497278213501,720
China,7,GA-ABE,72,1.116497278213501,730
China,7,GA-ABE,73,1.116497278213501,740
China,7,GA-ABE,74,1.116497278213501,750
China,7,GA-ABE,75,1.116497278213501,760
China,7,GA-ABE,76,1.116497278213501,770
China,7,GA-ABE,77,1.1157262325286865,780
China,7,GA-ABE,78,1.1157262325286865,790
China,7,GA-ABE,79,1.1157262325286865,800
China,7,GA-ABE,80,1.1157262325286865,810
China,7,GA-ABE,81,1.1157262325286865,820
China,7,GA-ABE,82,1.1157262325286865,830
China,7,GA-ABE,83,1.1157262325286865,840
China,7,GA-ABE,84,1.1157262325286865,850
China,7,GA-ABE,85,1.1157262325286865,860
China,7,GA-ABE,86,1.1157262325286865,870
China,7,GA-ABE,87,1.1157262325286865,880
China,7,GA-ABE,88,1.1157262325286865,890
China,7,GA-ABE,89,1.1157262325286865,900
China,7,GA-ABE,90,1.1157262325286865,910
China,7,GA-ABE,91,1.1157262325286865,920
China,7,GA-ABE,92,1.1157262325286865,930
China,7,GA-ABE,93,1.1157262325286865,940
China,7,GA-ABE,94,1.1157262325286865,950
China,7,GA-ABE,95,1.1157262325286865,960
China,7,GA-ABE,96,1.1157262325286865,970
China,7,GA-ABE,97,1.1157262325286865,980
China,7,GA-ABE,98,1.1157262325286865,990
China,7,GA-ABE,99,1.1157262325286865,1000
China,7,PSO-ABE,0,1.239618182182312,10
China,7,PSO-ABE,1,1.239618182182312,20
China,7,PSO-ABE,2,1.2321553230285645,30
China,7,PSO-ABE,3,1.2310553789138794,40
China,7,PSO-ABE,4,1.221279501914978,50
China,7,PSO-ABE,5,1.221279501914978,60
China,7,PSO-ABE,6,1.1948264837265015,70
China,7,PSO-ABE,7,1.1815305948257446,80
China,7,PSO-ABE,8,1.1760977506637573,90
China,7,PSO-ABE,9,1.163272738456726,100
China,7,PSO-ABE,10,1.163272738456726,110
China,7,PSO-ABE,11,1.1411094665527344,120
China,7,PSO-ABE,12,1.1411094665527344,130
China,7,PSO-ABE,13,1.1411094665527344,140
China,7,PSO-ABE,14,1.1411094665527344,150
China,7,PSO-ABE,15,1.1305195093154907,160
China,7,PSO-ABE,16,1.1305195093154907,170
China,7,PSO-ABE,17,1.1305195093154907,180
China,7,PSO-ABE,18,1.129894495010376,190
China,7,PSO-ABE,19,1.1217284202575684,200
China,7,PSO-ABE,20,1.1217284202575684,210
China,7,PSO-ABE,21,1.1217284202575684,220
China,7,PSO-ABE,22,1.1217284202575684,230
China,7,PSO-ABE,23,1.1217284202575684,240
China,7,PSO-ABE,24,1.1217284202575684,250
China,7,PSO-ABE,25,1.1217284202575684,260
China,7,PSO-ABE,26,1.1217284202575684,270
China,7,PSO-ABE,27,1.1217284202575684,280
China,7,PSO-ABE,28,1.1217284202575684,290
China,7,PSO-ABE,29,1.1217284202575684,300
China,7,PSO-ABE,30,1.1217284202575684,310
China,7,PSO-ABE,31,1.1163514852523804,320
China,7,PSO-ABE,32,1.1114797592163086,330
China,7,PSO-ABE,33,1.1114797592163086,340
China,7,PSO-ABE,34,1.1114797592163086,350
China,7,PSO-ABE,35,1.1081691980361938,360
China,7,PSO-ABE,36,1.1081691980361938,370
China,7,PSO-ABE,37,1.1081691980361938,380
China,7,PSO-ABE,38,1.1081691980361938,390
China,7,PSO-ABE,39,1.1081691980361938,400
China,7,PSO-ABE,40,1.1065665483474731,410
China,7,PSO-ABE,41,1.1065665483474731,420
China,7,PSO-ABE,42,1.1061298847198486,430
China,7,PSO-ABE,43,1.0891716480255127,440
China,7,PSO-ABE,44,1.0891716480255127,450
China,7,PSO-ABE,45,1.0887722969055176,460
China,7,PSO-ABE,46,1.0844300985336304,470
China,7,PSO-ABE,47,1.0844300985336304,480
China,7,PSO-ABE,48,1.0844300985336304,490
China,7,PSO-ABE,49,1.0844300985336304,500
China,7,PSO-ABE,50,1.0844300985336304,510
China,7,PSO-ABE,51,1.0780948400497437,520
China,7,PSO-ABE,52,1.0780948400497437,530
China,7,PSO-ABE,53,1.0780948400497437,540
China,7,PSO-ABE,54,1.0780948400497437,550
China,7,PSO-ABE,55,1.0780948400497437,560
China,7,PSO-ABE,56,1.0780948400497437,570
China,7,PSO-ABE,57,1.0780948400497437,580
China,7,PSO-ABE,58,1.0780948400497437,590
China,7,PSO-ABE,59,1.0780948400497437,600
China,7,PSO-ABE,60,1.0764260292053223,610
China,7,PSO-ABE,61,1.0764260292053223,620
China,7,PSO-ABE,62,1.0764260292053223,630
China,7,PSO-ABE,63,1.075985074043274,640
China,7,PSO-ABE,64,1.075985074043274,650
China,7,PSO-ABE,65,1.075985074043274,660
China,7,PSO-ABE,66,1.0720046758651733,670
China,7,PSO-ABE,67,1.0720046758651733,680
China,7,PSO-ABE,68,1.0720046758651733,690
China,7,PSO-ABE,69,1.0720046758651733,700
China,7,PSO-ABE,70,1.0720046758651733,710
China,7,PSO-ABE,71,1.0720046758651733,720
China,7,PSO-ABE,72,1.0720046758651733,730
China,7,PSO-ABE,73,1.0720046758651733,740
China,7,PSO-ABE,74,1.0720046758651733,750
China,7,PSO-ABE,75,1.0720046758651733,760
China,7,PSO-ABE,76,1.0720046758651733,770
China,7,PSO-ABE,77,1.0720046758651733,780
China,7,PSO-ABE,78,1.0720046758651733,790
China,7,PSO-ABE,79,1.0720046758651733,800
China,7,PSO-ABE,80,1.0720046758651733,810
China,7,PSO-ABE,81,1.0720046758651733,820
China,7,PSO-ABE,82,1.0717133283615112,830
China,7,PSO-ABE,83,1.0717133283615112,840
China,7,PSO-ABE,84,1.0717105865478516,850
China,7,PSO-ABE,85,1.0717105865478516,860
China,7,PSO-ABE,86,1.0717105865478516,870
China,7,PSO-ABE,87,1.0717105865478516,880
China,7,PSO-ABE,88,1.0717105865478516,890
China,7,PSO-ABE,89,1.0717048645019531,900
China,7,PSO-ABE,90,1.0717048645019531,910
China,7,PSO-ABE,91,1.0717048645019531,920
China,7,PSO-ABE,92,1.0717048645019531,930
China,7,PSO-ABE,93,1.0717048645019531,940
China,7,PSO-ABE,94,1.0717048645019531,950
China,7,PSO-ABE,95,1.0717048645019531,960
China,7,PSO-ABE,96,1.0717048645019531,970
China,7,PSO-ABE,97,1.0716856718063354,980
China,7,PSO-ABE,98,1.0716856718063354,990
China,7,PSO-ABE,99,1.0716856718063354,1000
China,7,DE-ABE,0,1.2323800325393677,10
China,7,DE-ABE,1,1.2037909030914307,20
China,7,DE-ABE,2,1.188335657119751,30
China,7,DE-ABE,3,1.188335657119751,40
China,7,DE-ABE,4,1.188335657119751,50
China,7,DE-ABE,5,1.188335657119751,60
China,7,DE-ABE,6,1.188335657119751,70
China,7,DE-ABE,7,1.163530707359314,80
China,7,DE-ABE,8,1.163530707359314,90
China,7,DE-ABE,9,1.163530707359314,100
China,7,DE-ABE,10,1.163530707359314,110
China,7,DE-ABE,11,1.163530707359314,120
China,7,DE-ABE,12,1.158916711807251,130
China,7,DE-ABE,13,1.158916711807251,140
China,7,DE-ABE,14,1.158916711807251,150
China,7,DE-ABE,15,1.158916711807251,160
China,7,DE-ABE,16,1.158916711807251,170
China,7,DE-ABE,17,1.158916711807251,180
China,7,DE-ABE,18,1.158916711807251,190
China,7,DE-ABE,19,1.158916711807251,200
China,7,DE-ABE,20,1.1540708541870117,210
China,7,DE-ABE,21,1.1540708541870117,220
China,7,DE-ABE,22,1.1540708541870117,230
China,7,DE-ABE,23,1.14629328250885,240
China,7,DE-ABE,24,1.14629328250885,250
China,7,DE-ABE,25,1.14629328250885,260
China,7,DE-ABE,26,1.14629328250885,270
China,7,DE-ABE,27,1.142180323600769,280
China,7,DE-ABE,28,1.142180323600769,290
China,7,DE-ABE,29,1.142180323600769,300
China,7,DE-ABE,30,1.142180323600769,310
China,7,DE-ABE,31,1.142180323600769,320
China,7,DE-ABE,32,1.1384292840957642,330
China,7,DE-ABE,33,1.138386845588684,340
China,7,DE-ABE,34,1.138386845588684,350
China,7,DE-ABE,35,1.138386845588684,360
China,7,DE-ABE,36,1.1364613771438599,370
China,7,DE-ABE,37,1.1364613771438599,380
China,7,DE-ABE,38,1.1364613771438599,390
China,7,DE-ABE,39,1.1360101699829102,400
China,7,DE-ABE,40,1.1360101699829102,410
China,7,DE-ABE,41,1.1360101699829102,420
China,7,DE-ABE,42,1.1318062543869019,430
China,7,DE-ABE,43,1.1317980289459229,440
China,7,DE-ABE,44,1.129326343536377,450
China,7,DE-ABE,45,1.129326343536377,460
China,7,DE-ABE,46,1.129326343536377,470
China,7,DE-ABE,47,1.129326343536377,480
China,7,DE-ABE,48,1.129326343536377,490
China,7,DE-ABE,49,1.129326343536377,500
China,7,DE-ABE,50,1.129326343536377,510
China,7,DE-ABE,51,1.129326343536377,520
China,7,DE-ABE,52,1.129326343536377,530
China,7,DE-ABE,53,1.129326343536377,540
China,7,DE-ABE,54,1.129326343536377,550
China,7,DE-ABE,55,1.129326343536377,560
China,7,DE-ABE,56,1.128528356552124,570
China,7,DE-ABE,57,1.1280900239944458,580
China,7,DE-ABE,58,1.1280900239944458,590
China,7,DE-ABE,59,1.1280900239944458,600
China,7,DE-ABE,60,1.1280900239944458,610
China,7,DE-ABE,61,1.1280900239944458,620
China,7,DE-ABE,62,1.1280900239944458,630
China,7,DE-ABE,63,1.1280900239944458,640
China,7,DE-ABE,64,1.1280803680419922,650
China,7,DE-ABE,65,1.1280803680419922,660
China,7,DE-ABE,66,1.1280803680419922,670
China,7,DE-ABE,67,1.1280803680419922,680
China,7,DE-ABE,68,1.1280803680419922,690
China,7,DE-ABE,69,1.1280580759048462,700
China,7,DE-ABE,70,1.1280580759048462,710
China,7,DE-ABE,71,1.1280550956726074,720
China,7,DE-ABE,72,1.1280550956726074,730
China,7,DE-ABE,73,1.1280550956726074,740
China,7,DE-ABE,74,1.1280533075332642,750
China,7,DE-ABE,75,1.1280462741851807,760
China,7,DE-ABE,76,1.1277828216552734,770
China,7,DE-ABE,77,1.1277793645858765,780
China,7,DE-ABE,78,1.1277791261672974,790
China,7,DE-ABE,79,1.1277791261672974,800
China,7,DE-ABE,80,1.12777578830719,810
China,7,DE-ABE,81,1.12777578830719,820
China,7,DE-ABE,82,1.12777578830719,830
China,7,DE-ABE,83,1.127771258354187,840
China,7,DE-ABE,84,1.127771258354187,850
China,7,DE-ABE,85,1.127771258354187,860
China,7,DE-ABE,86,1.1277692317962646,870
China,7,DE-ABE,87,1.1277676820755005,880
China,7,DE-ABE,88,1.1277669668197632,890
China,7,DE-ABE,89,1.1277669668197632,900
China,7,DE-ABE,90,1.1277669668197632,910
China,7,DE-ABE,91,1.1277663707733154,920
China,7,DE-ABE,92,1.1277663707733154,930
China,7,DE-ABE,93,1.1277661323547363,940
China,7,DE-ABE,94,1.1277657747268677,950
China,7,DE-ABE,95,1.127765417098999,960
China,7,DE-ABE,96,1.12776517868042,970
China,7,DE-ABE,97,1.1277648210525513,980
China,7,DE-ABE,98,1.1277647018432617,990
China,7,DE-ABE,99,1.1277645826339722,1000
China,7,GWO-ABE,0,1.2706882953643799,10
China,7,GWO-ABE,1,1.2433689832687378,20
China,7,GWO-ABE,2,1.2269419431686401,30
China,7,GWO-ABE,3,1.1866328716278076,40
China,7,GWO-ABE,4,1.223800778388977,50
China,7,GWO-ABE,5,1.234995722770691,60
China,7,GWO-ABE,6,1.2079317569732666,70
China,7,GWO-ABE,7,1.2103840112686157,80
China,7,GWO-ABE,8,1.22704017162323,90
China,7,GWO-ABE,9,1.2043280601501465,100
China,7,GWO-ABE,10,1.235348105430603,110
China,7,GWO-ABE,11,1.2060508728027344,120
China,7,GWO-ABE,12,1.1951203346252441,130
China,7,GWO-ABE,13,1.209354281425476,140
China,7,GWO-ABE,14,1.2063140869140625,150
China,7,GWO-ABE,15,1.1757701635360718,160
China,7,GWO-ABE,16,1.1739031076431274,170
China,7,GWO-ABE,17,1.1446967124938965,180
China,7,GWO-ABE,18,1.1379573345184326,190
China,7,GWO-ABE,19,1.1695976257324219,200
China,7,GWO-ABE,20,1.1390572786331177,210
China,7,GWO-ABE,21,1.1636273860931396,220
China,7,GWO-ABE,22,1.1693482398986816,230
China,7,GWO-ABE,23,1.187942385673523,240
China,7,GWO-ABE,24,1.1768110990524292,250
China,7,GWO-ABE,25,1.1725503206253052,260
China,7,GWO-ABE,26,1.1556535959243774,270
China,7,GWO-ABE,27,1.191516637802124,280
China,7,GWO-ABE,28,1.1712079048156738,290
China,7,GWO-ABE,29,1.1804914474487305,300
China,7,GWO-ABE,30,1.185128092765808,310
China,7,GWO-ABE,31,1.20285964012146,320
China,7,GWO-ABE,32,1.1525882482528687,330
China,7,GWO-ABE,33,1.1554243564605713,340
China,7,GWO-ABE,34,1.1904678344726562,350
China,7,GWO-ABE,35,1.1677007675170898,360
China,7,GWO-ABE,36,1.1531150341033936,370
China,7,GWO-ABE,37,1.1685149669647217,380
China,7,GWO-ABE,38,1.1703288555145264,390
China,7,GWO-ABE,39,1.1604710817337036,400
China,7,GWO-ABE,40,1.1538312435150146,410
China,7,GWO-ABE,41,1.1409181356430054,420
China,7,GWO-ABE,42,1.1567333936691284,430
China,7,GWO-ABE,43,1.1619582176208496,440
China,7,GWO-ABE,44,1.1419615745544434,450
China,7,GWO-ABE,45,1.136458158493042,460
China,7,GWO-ABE,46,1.1627801656723022,470
China,7,GWO-ABE,47,1.1366688013076782,480
China,7,GWO-ABE,48,1.1695469617843628,490
China,7,GWO-ABE,49,1.1377911567687988,500
China,7,GWO-ABE,50,1.1604020595550537,510
China,7,GWO-ABE,51,1.155771017074585,520
China,7,GWO-ABE,52,1.155099868774414,530
China,7,GWO-ABE,53,1.1431390047073364,540
China,7,GWO-ABE,54,1.141950011253357,550
China,7,GWO-ABE,55,1.1468592882156372,560
China,7,GWO-ABE,56,1.1505610942840576,570
China,7,GWO-ABE,57,1.1543771028518677,580
China,7,GWO-ABE,58,1.1403615474700928,590
China,7,GWO-ABE,59,1.1333643198013306,600
China,7,GWO-ABE,60,1.1392377614974976,610
China,7,GWO-ABE,61,1.1326351165771484,620
China,7,GWO-ABE,62,1.1326665878295898,630
China,7,GWO-ABE,63,1.1427265405654907,640
China,7,GWO-ABE,64,1.1298795938491821,650
China,7,GWO-ABE,65,1.1367465257644653,660
China,7,GWO-ABE,66,1.121563196182251,670
China,7,GWO-ABE,67,1.1340376138687134,680
China,7,GWO-ABE,68,1.133318305015564,690
China,7,GWO-ABE,69,1.1374092102050781,700
China,7,GWO-ABE,70,1.1285713911056519,710
China,7,GWO-ABE,71,1.1208010911941528,720
China,7,GWO-ABE,72,1.137162446975708,730
China,7,GWO-ABE,73,1.1417760848999023,740
China,7,GWO-ABE,74,1.129970669746399,750
China,7,GWO-ABE,75,1.1238421201705933,760
China,7,GWO-ABE,76,1.1308125257492065,770
China,7,GWO-ABE,77,1.1303941011428833,780
China,7,GWO-ABE,78,1.1277745962142944,790
China,7,GWO-ABE,79,1.1395113468170166,800
China,7,GWO-ABE,80,1.1328918933868408,810
China,7,GWO-ABE,81,1.1471490859985352,820
China,7,GWO-ABE,82,1.1371530294418335,830
China,7,GWO-ABE,83,1.131179690361023,840
China,7,GWO-ABE,84,1.1180857419967651,850
China,7,GWO-ABE,85,1.1184169054031372,860
China,7,GWO-ABE,86,1.1215507984161377,870
China,7,GWO-ABE,87,1.1261929273605347,880
China,7,GWO-ABE,88,1.1247119903564453,890
China,7,GWO-ABE,89,1.1238596439361572,900
China,7,GWO-ABE,90,1.1229099035263062,910
China,7,GWO-ABE,91,1.1155526638031006,920
China,7,GWO-ABE,92,1.1154652833938599,930
China,7,GWO-ABE,93,1.1181080341339111,940
China,7,GWO-ABE,94,1.1188106536865234,950
China,7,GWO-ABE,95,1.1175146102905273,960
China,7,GWO-ABE,96,1.1187094449996948,970
China,7,GWO-ABE,97,1.1185338497161865,980
China,7,GWO-ABE,98,1.119017243385315,990
China,7,GWO-ABE,99,1.1186619997024536,1000
China,7,WOA-ABE,0,1.2422486543655396,10
China,7,WOA-ABE,1,1.2379311323165894,20
China,7,WOA-ABE,2,1.2334463596343994,30
China,7,WOA-ABE,3,1.2334463596343994,40
China,7,WOA-ABE,4,1.2258349657058716,50
China,7,WOA-ABE,5,1.2258349657058716,60
China,7,WOA-ABE,6,1.2004609107971191,70
China,7,WOA-ABE,7,1.1927213668823242,80
China,7,WOA-ABE,8,1.1927213668823242,90
China,7,WOA-ABE,9,1.1902765035629272,100
China,7,WOA-ABE,10,1.1737115383148193,110
China,7,WOA-ABE,11,1.1737115383148193,120
China,7,WOA-ABE,12,1.1736968755722046,130
China,7,WOA-ABE,13,1.1736968755722046,140
China,7,WOA-ABE,14,1.1736968755722046,150
China,7,WOA-ABE,15,1.1736968755722046,160
China,7,WOA-ABE,16,1.1637729406356812,170
China,7,WOA-ABE,17,1.1637729406356812,180
China,7,WOA-ABE,18,1.1637729406356812,190
China,7,WOA-ABE,19,1.1606343984603882,200
China,7,WOA-ABE,20,1.1601307392120361,210
China,7,WOA-ABE,21,1.1601307392120361,220
China,7,WOA-ABE,22,1.1601307392120361,230
China,7,WOA-ABE,23,1.1601307392120361,240
China,7,WOA-ABE,24,1.1601307392120361,250
China,7,WOA-ABE,25,1.1601307392120361,260
China,7,WOA-ABE,26,1.1601307392120361,270
China,7,WOA-ABE,27,1.1601307392120361,280
China,7,WOA-ABE,28,1.1601307392120361,290
China,7,WOA-ABE,29,1.1601307392120361,300
China,7,WOA-ABE,30,1.1601307392120361,310
China,7,WOA-ABE,31,1.1601307392120361,320
China,7,WOA-ABE,32,1.160116195678711,330
China,7,WOA-ABE,33,1.160116195678711,340
China,7,WOA-ABE,34,1.160116195678711,350
China,7,WOA-ABE,35,1.160116195678711,360
China,7,WOA-ABE,36,1.160116195678711,370
China,7,WOA-ABE,37,1.160116195678711,380
China,7,WOA-ABE,38,1.160116195678711,390
China,7,WOA-ABE,39,1.1601160764694214,400
China,7,WOA-ABE,40,1.1599276065826416,410
China,7,WOA-ABE,41,1.1599276065826416,420
China,7,WOA-ABE,42,1.158739686012268,430
China,7,WOA-ABE,43,1.1531082391738892,440
China,7,WOA-ABE,44,1.1531082391738892,450
China,7,WOA-ABE,45,1.1531082391738892,460
China,7,WOA-ABE,46,1.1531082391738892,470
China,7,WOA-ABE,47,1.1527595520019531,480
China,7,WOA-ABE,48,1.1471284627914429,490
China,7,WOA-ABE,49,1.1471284627914429,500
China,7,WOA-ABE,50,1.1433109045028687,510
China,7,WOA-ABE,51,1.1433109045028687,520
China,7,WOA-ABE,52,1.1414904594421387,530
China,7,WOA-ABE,53,1.140249490737915,540
China,7,WOA-ABE,54,1.1393426656723022,550
China,7,WOA-ABE,55,1.1348644495010376,560
China,7,WOA-ABE,56,1.1348644495010376,570
China,7,WOA-ABE,57,1.1348644495010376,580
China,7,WOA-ABE,58,1.134864091873169,590
China,7,WOA-ABE,59,1.134864091873169,600
China,7,WOA-ABE,60,1.132533073425293,610
China,7,WOA-ABE,61,1.1323641538619995,620
China,7,WOA-ABE,62,1.1323641538619995,630
China,7,WOA-ABE,63,1.1313207149505615,640
China,7,WOA-ABE,64,1.1313207149505615,650
China,7,WOA-ABE,65,1.131078839302063,660
China,7,WOA-ABE,66,1.1299288272857666,670
China,7,WOA-ABE,67,1.1299248933792114,680
China,7,WOA-ABE,68,1.129909634590149,690
China,7,WOA-ABE,69,1.1299080848693848,700
China,7,WOA-ABE,70,1.1299079656600952,710
China,7,WOA-ABE,71,1.129907488822937,720
China,7,WOA-ABE,72,1.129907488822937,730
China,7,WOA-ABE,73,1.1289892196655273,740
China,7,WOA-ABE,74,1.1289892196655273,750
China,7,WOA-ABE,75,1.1289790868759155,760
China,7,WOA-ABE,76,1.1289790868759155,770
China,7,WOA-ABE,77,1.1289790868759155,780
China,7,WOA-ABE,78,1.1289790868759155,790
China,7,WOA-ABE,79,1.1289790868759155,800
China,7,WOA-ABE,80,1.1289790868759155,810
China,7,WOA-ABE,81,1.1277856826782227,820
China,7,WOA-ABE,82,1.1277856826782227,830
China,7,WOA-ABE,83,1.1271864175796509,840
China,7,WOA-ABE,84,1.1271864175796509,850
China,7,WOA-ABE,85,1.127185344696045,860
China,7,WOA-ABE,86,1.127185344696045,870
China,7,WOA-ABE,87,1.127185344696045,880
China,7,WOA-ABE,88,1.127185344696045,890
China,7,WOA-ABE,89,1.127185344696045,900
China,7,WOA-ABE,90,1.1270179748535156,910
China,7,WOA-ABE,91,1.1270179748535156,920
China,7,WOA-ABE,92,1.1270179748535156,930
China,7,WOA-ABE,93,1.1270179748535156,940
China,7,WOA-ABE,94,1.1270173788070679,950
China,7,WOA-ABE,95,1.1270173788070679,960
China,7,WOA-ABE,96,1.1270173788070679,970
China,7,WOA-ABE,97,1.1270173788070679,980
China,7,WOA-ABE,98,1.1270164251327515,990
China,7,WOA-ABE,99,1.12666654586792,1000
China,7,FAABE,0,1.222498893737793,10
China,7,FAABE,1,1.222498893737793,20
China,7,FAABE,2,1.222498893737793,30
China,7,FAABE,3,1.222498893737793,40
China,7,FAABE,4,1.222498893737793,50
China,7,FAABE,5,1.222498893737793,60
China,7,FAABE,6,1.192028284072876,70
China,7,FAABE,7,1.192028284072876,80
China,7,FAABE,8,1.192028284072876,90
China,7,FAABE,9,1.1705029010772705,100
China,7,FAABE,10,1.1705029010772705,110
China,7,FAABE,11,1.1705029010772705,120
China,7,FAABE,12,1.1705029010772705,130
China,7,FAABE,13,1.1705029010772705,140
China,7,FAABE,14,1.1705029010772705,150
China,7,FAABE,15,1.1705029010772705,160
China,7,FAABE,16,1.1705029010772705,170
China,7,FAABE,17,1.1705029010772705,180
China,7,FAABE,18,1.1705029010772705,190
China,7,FAABE,19,1.1705029010772705,200
China,7,FAABE,20,1.1705029010772705,210
China,7,FAABE,21,1.1705029010772705,220
China,7,FAABE,22,1.1705029010772705,230
China,7,FAABE,23,1.1508302688598633,240
China,7,FAABE,24,1.1508302688598633,250
China,7,FAABE,25,1.1508302688598633,260
China,7,FAABE,26,1.1508302688598633,270
China,7,FAABE,27,1.1508302688598633,280
China,7,FAABE,28,1.1508302688598633,290
China,7,FAABE,29,1.1508302688598633,300
China,7,FAABE,30,1.1508302688598633,310
China,7,FAABE,31,1.1508302688598633,320
China,7,FAABE,32,1.1508302688598633,330
China,7,FAABE,33,1.1508302688598633,340
China,7,FAABE,34,1.1508302688598633,350
China,7,FAABE,35,1.1508302688598633,360
China,7,FAABE,36,1.1508302688598633,370
China,7,FAABE,37,1.1508302688598633,380
China,7,FAABE,38,1.1508302688598633,390
China,7,FAABE,39,1.1508302688598633,400
China,7,FAABE,40,1.1508302688598633,410
China,7,FAABE,41,1.1508302688598633,420
China,7,FAABE,42,1.1508302688598633,430
China,7,FAABE,43,1.1508302688598633,440
China,7,FAABE,44,1.1477679014205933,450
China,7,FAABE,45,1.1477679014205933,460
China,7,FAABE,46,1.1477679014205933,470
China,7,FAABE,47,1.1477679014205933,480
China,7,FAABE,48,1.1477679014205933,490
China,7,FAABE,49,1.1477679014205933,500
China,7,FAABE,50,1.1477679014205933,510
China,7,FAABE,51,1.1477679014205933,520
China,7,FAABE,52,1.1452817916870117,530
China,7,FAABE,53,1.1452817916870117,540
China,7,FAABE,54,1.1452817916870117,550
China,7,FAABE,55,1.1452817916870117,560
China,7,FAABE,56,1.1452817916870117,570
China,7,FAABE,57,1.1452817916870117,580
China,7,FAABE,58,1.1452817916870117,590
China,7,FAABE,59,1.1452817916870117,600
China,7,FAABE,60,1.1452817916870117,610
China,7,FAABE,61,1.1452817916870117,620
China,7,FAABE,62,1.1452817916870117,630
China,7,FAABE,63,1.1452817916870117,640
China,7,FAABE,64,1.1452817916870117,650
China,7,FAABE,65,1.1452817916870117,660
China,7,FAABE,66,1.1452817916870117,670
China,7,FAABE,67,1.1452817916870117,680
China,7,FAABE,68,1.1452817916870117,690
China,7,FAABE,69,1.1452817916870117,700
China,7,FAABE,70,1.1452817916870117,710
China,7,FAABE,71,1.1452817916870117,720
China,7,FAABE,72,1.1452817916870117,730
China,7,FAABE,73,1.1452817916870117,740
China,7,FAABE,74,1.1452817916870117,750
China,7,FAABE,75,1.1452817916870117,760
China,7,FAABE,76,1.1452817916870117,770
China,7,FAABE,77,1.1452817916870117,780
China,7,FAABE,78,1.1452817916870117,790
China,7,FAABE,79,1.1452817916870117,800
China,7,FAABE,80,1.1381033658981323,810
China,7,FAABE,81,1.1381033658981323,820
China,7,FAABE,82,1.1381033658981323,830
China,7,FAABE,83,1.1381033658981323,840
China,7,FAABE,84,1.1381033658981323,850
China,7,FAABE,85,1.1381033658981323,860
China,7,FAABE,86,1.1381033658981323,870
China,7,FAABE,87,1.1381033658981323,880
China,7,FAABE,88,1.1381033658981323,890
China,7,FAABE,89,1.1381033658981323,900
China,7,FAABE,90,1.1381033658981323,910
China,7,FAABE,91,1.1381033658981323,920
China,7,FAABE,92,1.1381033658981323,930
China,7,FAABE,93,1.1381033658981323,940
China,7,FAABE,94,1.1381033658981323,950
China,7,FAABE,95,1.1364624500274658,960
China,7,FAABE,96,1.1364624500274658,970
China,7,FAABE,97,1.1364624500274658,980
China,7,FAABE,98,1.1364624500274658,990
China,7,FAABE,99,1.1364624500274658,1000
China,8,GA-ABE,0,1.3494155406951904,10
China,8,GA-ABE,1,1.3136651515960693,20
China,8,GA-ABE,2,1.3128831386566162,30
China,8,GA-ABE,3,1.3128831386566162,40
China,8,GA-ABE,4,1.3085176944732666,50
China,8,GA-ABE,5,1.3085176944732666,60
China,8,GA-ABE,6,1.2946078777313232,70
China,8,GA-ABE,7,1.2946078777313232,80
China,8,GA-ABE,8,1.2946078777313232,90
China,8,GA-ABE,9,1.2946078777313232,100
China,8,GA-ABE,10,1.2946078777313232,110
China,8,GA-ABE,11,1.2912019491195679,120
China,8,GA-ABE,12,1.2912019491195679,130
China,8,GA-ABE,13,1.288630723953247,140
China,8,GA-ABE,14,1.288630723953247,150
China,8,GA-ABE,15,1.2881556749343872,160
China,8,GA-ABE,16,1.2817021608352661,170
China,8,GA-ABE,17,1.2817021608352661,180
China,8,GA-ABE,18,1.2817021608352661,190
China,8,GA-ABE,19,1.2817021608352661,200
China,8,GA-ABE,20,1.2817021608352661,210
China,8,GA-ABE,21,1.2817021608352661,220
China,8,GA-ABE,22,1.2817021608352661,230
China,8,GA-ABE,23,1.278496503829956,240
China,8,GA-ABE,24,1.2763288021087646,250
China,8,GA-ABE,25,1.2763288021087646,260
China,8,GA-ABE,26,1.2763288021087646,270
China,8,GA-ABE,27,1.2763288021087646,280
China,8,GA-ABE,28,1.2763288021087646,290
China,8,GA-ABE,29,1.2731009721755981,300
China,8,GA-ABE,30,1.2731009721755981,310
China,8,GA-ABE,31,1.2636724710464478,320
China,8,GA-ABE,32,1.2594964504241943,330
China,8,GA-ABE,33,1.2594964504241943,340
China,8,GA-ABE,34,1.2594964504241943,350
China,8,GA-ABE,35,1.2021734714508057,360
China,8,GA-ABE,36,1.2021734714508057,370
China,8,GA-ABE,37,1.2021734714508057,380
China,8,GA-ABE,38,1.2021734714508057,390
China,8,GA-ABE,39,1.2021734714508057,400
China,8,GA-ABE,40,1.2021734714508057,410
China,8,GA-ABE,41,1.199663758277893,420
China,8,GA-ABE,42,1.199663758277893,430
China,8,GA-ABE,43,1.199663758277893,440
China,8,GA-ABE,44,1.199663758277893,450
China,8,GA-ABE,45,1.199663758277893,460
China,8,GA-ABE,46,1.1993398666381836,470
China,8,GA-ABE,47,1.1993398666381836,480
China,8,GA-ABE,48,1.1993398666381836,490
China,8,GA-ABE,49,1.1993398666381836,500
China,8,GA-ABE,50,1.1962412595748901,510
China,8,GA-ABE,51,1.1962412595748901,520
China,8,GA-ABE,52,1.1962412595748901,530
China,8,GA-ABE,53,1.1962412595748901,540
China,8,GA-ABE,54,1.1944422721862793,550
China,8,GA-ABE,55,1.1944422721862793,560
China,8,GA-ABE,56,1.1944422721862793,570
China,8,GA-ABE,57,1.1944422721862793,580
China,8,GA-ABE,58,1.1944422721862793,590
China,8,GA-ABE,59,1.1944422721862793,600
China,8,GA-ABE,60,1.1944422721862793,610
China,8,GA-ABE,61,1.1939423084259033,620
China,8,GA-ABE,62,1.1939423084259033,630
China,8,GA-ABE,63,1.1921520233154297,640
China,8,GA-ABE,64,1.1862608194351196,650
China,8,GA-ABE,65,1.1862608194351196,660
China,8,GA-ABE,66,1.1862608194351196,670
China,8,GA-ABE,67,1.1862608194351196,680
China,8,GA-ABE,68,1.1862608194351196,690
China,8,GA-ABE,69,1.1862608194351196,700
China,8,GA-ABE,70,1.1862608194351196,710
China,8,GA-ABE,71,1.1862608194351196,720
China,8,GA-ABE,72,1.1862608194351196,730
China,8,GA-ABE,73,1.1862608194351196,740
China,8,GA-ABE,74,1.1862608194351196,750
China,8,GA-ABE,75,1.1862608194351196,760
China,8,GA-ABE,76,1.1862608194351196,770
China,8,GA-ABE,77,1.1862608194351196,780
China,8,GA-ABE,78,1.1862608194351196,790
China,8,GA-ABE,79,1.1862608194351196,800
China,8,GA-ABE,80,1.1862608194351196,810
China,8,GA-ABE,81,1.1862608194351196,820
China,8,GA-ABE,82,1.1862608194351196,830
China,8,GA-ABE,83,1.1862608194351196,840
China,8,GA-ABE,84,1.1862608194351196,850
China,8,GA-ABE,85,1.1862608194351196,860
China,8,GA-ABE,86,1.1862592697143555,870
China,8,GA-ABE,87,1.1862574815750122,880
China,8,GA-ABE,88,1.1862574815750122,890
China,8,GA-ABE,89,1.184027910232544,900
China,8,GA-ABE,90,1.184027910232544,910
China,8,GA-ABE,91,1.184027910232544,920
China,8,GA-ABE,92,1.184027910232544,930
China,8,GA-ABE,93,1.184027910232544,940
China,8,GA-ABE,94,1.184027910232544,950
China,8,GA-ABE,95,1.1840157508850098,960
China,8,GA-ABE,96,1.1840157508850098,970
China,8,GA-ABE,97,1.1840157508850098,980
China,8,GA-ABE,98,1.1840157508850098,990
China,8,GA-ABE,99,1.1840157508850098,1000
China,8,PSO-ABE,0,1.3540260791778564,10
China,8,PSO-ABE,1,1.3540260791778564,20
China,8,PSO-ABE,2,1.3492172956466675,30
China,8,PSO-ABE,3,1.3447399139404297,40
China,8,PSO-ABE,4,1.3444968461990356,50
China,8,PSO-ABE,5,1.3444968461990356,60
China,8,PSO-ABE,6,1.293994426727295,70
China,8,PSO-ABE,7,1.293994426727295,80
China,8,PSO-ABE,8,1.2814387083053589,90
China,8,PSO-ABE,9,1.2814387083053589,100
China,8,PSO-ABE,10,1.2814387083053589,110
China,8,PSO-ABE,11,1.2814387083053589,120
China,8,PSO-ABE,12,1.2814387083053589,130
China,8,PSO-ABE,13,1.2814387083053589,140
China,8,PSO-ABE,14,1.2814387083053589,150
China,8,PSO-ABE,15,1.2814387083053589,160
China,8,PSO-ABE,16,1.2814387083053589,170
China,8,PSO-ABE,17,1.2814387083053589,180
China,8,PSO-ABE,18,1.2814387083053589,190
China,8,PSO-ABE,19,1.2814387083053589,200
China,8,PSO-ABE,20,1.2814387083053589,210
China,8,PSO-ABE,21,1.2814387083053589,220
China,8,PSO-ABE,22,1.2814387083053589,230
China,8,PSO-ABE,23,1.2814387083053589,240
China,8,PSO-ABE,24,1.2814387083053589,250
China,8,PSO-ABE,25,1.278828501701355,260
China,8,PSO-ABE,26,1.278828501701355,270
China,8,PSO-ABE,27,1.2751387357711792,280
China,8,PSO-ABE,28,1.2751387357711792,290
China,8,PSO-ABE,29,1.2751387357711792,300
China,8,PSO-ABE,30,1.2751387357711792,310
China,8,PSO-ABE,31,1.2751387357711792,320
China,8,PSO-ABE,32,1.2751387357711792,330
China,8,PSO-ABE,33,1.2751387357711792,340
China,8,PSO-ABE,34,1.2751387357711792,350
China,8,PSO-ABE,35,1.2751387357711792,360
China,8,PSO-ABE,36,1.2751387357711792,370
China,8,PSO-ABE,37,1.2751387357711792,380
China,8,PSO-ABE,38,1.2738170623779297,390
China,8,PSO-ABE,39,1.2738170623779297,400
China,8,PSO-ABE,40,1.2738170623779297,410
China,8,PSO-ABE,41,1.2738170623779297,420
China,8,PSO-ABE,42,1.2738170623779297,430
China,8,PSO-ABE,43,1.2738170623779297,440
China,8,PSO-ABE,44,1.2738170623779297,450
China,8,PSO-ABE,45,1.2718970775604248,460
China,8,PSO-ABE,46,1.2714359760284424,470
China,8,PSO-ABE,47,1.2714359760284424,480
China,8,PSO-ABE,48,1.2714359760284424,490
China,8,PSO-ABE,49,1.2714359760284424,500
China,8,PSO-ABE,50,1.2714359760284424,510
China,8,PSO-ABE,51,1.2714359760284424,520
China,8,PSO-ABE,52,1.2714359760284424,530
China,8,PSO-ABE,53,1.2713351249694824,540
China,8,PSO-ABE,54,1.2713351249694824,550
China,8,PSO-ABE,55,1.2713351249694824,560
China,8,PSO-ABE,56,1.2710179090499878,570
China,8,PSO-ABE,57,1.266491174697876,580
China,8,PSO-ABE,58,1.266491174697876,590
China,8,PSO-ABE,59,1.266491174697876,600
China,8,PSO-ABE,60,1.266491174697876,610
China,8,PSO-ABE,61,1.266491174697876,620
China,8,PSO-ABE,62,1.266491174697876,630
China,8,PSO-ABE,63,1.266491174697876,640
China,8,PSO-ABE,64,1.266491174697876,650
China,8,PSO-ABE,65,1.2642325162887573,660
China,8,PSO-ABE,66,1.2642325162887573,670
China,8,PSO-ABE,67,1.2642325162887573,680
China,8,PSO-ABE,68,1.2642325162887573,690
China,8,PSO-ABE,69,1.2614338397979736,700
China,8,PSO-ABE,70,1.2614338397979736,710
China,8,PSO-ABE,71,1.2537527084350586,720
China,8,PSO-ABE,72,1.2537527084350586,730
China,8,PSO-ABE,73,1.2533296346664429,740
China,8,PSO-ABE,74,1.2533296346664429,750
China,8,PSO-ABE,75,1.2533296346664429,760
China,8,PSO-ABE,76,1.2533296346664429,770
China,8,PSO-ABE,77,1.2442189455032349,780
China,8,PSO-ABE,78,1.2429906129837036,790
China,8,PSO-ABE,79,1.2429906129837036,800
China,8,PSO-ABE,80,1.2429906129837036,810
China,8,PSO-ABE,81,1.2356209754943848,820
China,8,PSO-ABE,82,1.2356209754943848,830
China,8,PSO-ABE,83,1.2356209754943848,840
China,8,PSO-ABE,84,1.2356209754943848,850
China,8,PSO-ABE,85,1.2356209754943848,860
China,8,PSO-ABE,86,1.2320960760116577,870
China,8,PSO-ABE,87,1.2312088012695312,880
China,8,PSO-ABE,88,1.2312088012695312,890
China,8,PSO-ABE,89,1.2291333675384521,900
China,8,PSO-ABE,90,1.2291333675384521,910
China,8,PSO-ABE,91,1.2291333675384521,920
China,8,PSO-ABE,92,1.229049563407898,930
China,8,PSO-ABE,93,1.229049563407898,940
China,8,PSO-ABE,94,1.229049563407898,950
China,8,PSO-ABE,95,1.229049563407898,960
China,8,PSO-ABE,96,1.229049563407898,970
China,8,PSO-ABE,97,1.229049563407898,980
China,8,PSO-ABE,98,1.229049563407898,990
China,8,PSO-ABE,99,1.2290363311767578,1000
China,8,DE-ABE,0,1.3660051822662354,10
China,8,DE-ABE,1,1.3612841367721558,20
China,8,DE-ABE,2,1.3542639017105103,30
China,8,DE-ABE,3,1.2958914041519165,40
China,8,DE-ABE,4,1.2958914041519165,50
China,8,DE-ABE,5,1.2958914041519165,60
China,8,DE-ABE,6,1.2958914041519165,70
China,8,DE-ABE,7,1.2958914041519165,80
China,8,DE-ABE,8,1.2958914041519165,90
China,8,DE-ABE,9,1.2958914041519165,100
China,8,DE-ABE,10,1.2958914041519165,110
China,8,DE-ABE,11,1.2958914041519165,120
China,8,DE-ABE,12,1.2958914041519165,130
China,8,DE-ABE,13,1.2902387380599976,140
China,8,DE-ABE,14,1.2902387380599976,150
China,8,DE-ABE,15,1.2902387380599976,160
China,8,DE-ABE,16,1.2902387380599976,170
China,8,DE-ABE,17,1.2902387380599976,180
China,8,DE-ABE,18,1.2902387380599976,190
China,8,DE-ABE,19,1.2902387380599976,200
China,8,DE-ABE,20,1.2902387380599976,210
China,8,DE-ABE,21,1.2833513021469116,220
China,8,DE-ABE,22,1.2833513021469116,230
China,8,DE-ABE,23,1.2833513021469116,240
China,8,DE-ABE,24,1.2833513021469116,250
China,8,DE-ABE,25,1.2833513021469116,260
China,8,DE-ABE,26,1.2833513021469116,270
China,8,DE-ABE,27,1.2805942296981812,280
China,8,DE-ABE,28,1.2773513793945312,290
China,8,DE-ABE,29,1.2773513793945312,300
China,8,DE-ABE,30,1.2773513793945312,310
China,8,DE-ABE,31,1.2730902433395386,320
China,8,DE-ABE,32,1.272814154624939,330
China,8,DE-ABE,33,1.2712116241455078,340
China,8,DE-ABE,34,1.2708338499069214,350
China,8,DE-ABE,35,1.2702734470367432,360
China,8,DE-ABE,36,1.2689917087554932,370
China,8,DE-ABE,37,1.2689917087554932,380
China,8,DE-ABE,38,1.2689917087554932,390
China,8,DE-ABE,39,1.2689917087554932,400
China,8,DE-ABE,40,1.2689917087554932,410
China,8,DE-ABE,41,1.2689917087554932,420
China,8,DE-ABE,42,1.2689917087554932,430
China,8,DE-ABE,43,1.2689917087554932,440
China,8,DE-ABE,44,1.2673677206039429,450
China,8,DE-ABE,45,1.2671148777008057,460
China,8,DE-ABE,46,1.2671148777008057,470
China,8,DE-ABE,47,1.2671148777008057,480
China,8,DE-ABE,48,1.2659776210784912,490
China,8,DE-ABE,49,1.2659776210784912,500
China,8,DE-ABE,50,1.2659776210784912,510
China,8,DE-ABE,51,1.2659776210784912,520
China,8,DE-ABE,52,1.2659776210784912,530
China,8,DE-ABE,53,1.2656317949295044,540
China,8,DE-ABE,54,1.2656317949295044,550
China,8,DE-ABE,55,1.2644758224487305,560
China,8,DE-ABE,56,1.2644758224487305,570
China,8,DE-ABE,57,1.2644758224487305,580
China,8,DE-ABE,58,1.2644758224487305,590
China,8,DE-ABE,59,1.2644758224487305,600
China,8,DE-ABE,60,1.2644758224487305,610
China,8,DE-ABE,61,1.2644758224487305,620
China,8,DE-ABE,62,1.2644758224487305,630
China,8,DE-ABE,63,1.2644758224487305,640
China,8,DE-ABE,64,1.2644758224487305,650
China,8,DE-ABE,65,1.2644758224487305,660
China,8,DE-ABE,66,1.2644758224487305,670
China,8,DE-ABE,67,1.2644758224487305,680
China,8,DE-ABE,68,1.2644758224487305,690
China,8,DE-ABE,69,1.263806939125061,700
China,8,DE-ABE,70,1.263806939125061,710
China,8,DE-ABE,71,1.263806939125061,720
China,8,DE-ABE,72,1.2634966373443604,730
China,8,DE-ABE,73,1.2634966373443604,740
China,8,DE-ABE,74,1.2634966373443604,750
China,8,DE-ABE,75,1.2633706331253052,760
China,8,DE-ABE,76,1.2629446983337402,770
China,8,DE-ABE,77,1.2629446983337402,780
China,8,DE-ABE,78,1.2629446983337402,790
China,8,DE-ABE,79,1.2629446983337402,800
China,8,DE-ABE,80,1.2624529600143433,810
China,8,DE-ABE,81,1.2624529600143433,820
China,8,DE-ABE,82,1.2624529600143433,830
China,8,DE-ABE,83,1.2620786428451538,840
China,8,DE-ABE,84,1.261918067932129,850
China,8,DE-ABE,85,1.261918067932129,860
China,8,DE-ABE,86,1.261918067932129,870
China,8,DE-ABE,87,1.2613030672073364,880
China,8,DE-ABE,88,1.2613030672073364,890
China,8,DE-ABE,89,1.2613030672073364,900
China,8,DE-ABE,90,1.2613030672073364,910
China,8,DE-ABE,91,1.2613030672073364,920
China,8,DE-ABE,92,1.2613030672073364,930
China,8,DE-ABE,93,1.2605674266815186,940
China,8,DE-ABE,94,1.2605674266815186,950
China,8,DE-ABE,95,1.2605674266815186,960
China,8,DE-ABE,96,1.2605674266815186,970
China,8,DE-ABE,97,1.2605674266815186,980
China,8,DE-ABE,98,1.2605674266815186,990
China,8,DE-ABE,99,1.2605526447296143,1000
China,8,GWO-ABE,0,1.3275611400604248,10
China,8,GWO-ABE,1,1.3213242292404175,20
China,8,GWO-ABE,2,1.337954044342041,30
China,8,GWO-ABE,3,1.3067940473556519,40
China,8,GWO-ABE,4,1.301516056060791,50
China,8,GWO-ABE,5,1.303792119026184,60
China,8,GWO-ABE,6,1.3003953695297241,70
China,8,GWO-ABE,7,1.3179073333740234,80
China,8,GWO-ABE,8,1.2925775051116943,90
China,8,GWO-ABE,9,1.2934714555740356,100
China,8,GWO-ABE,10,1.2685179710388184,110
China,8,GWO-ABE,11,1.291407585144043,120
China,8,GWO-ABE,12,1.247671365737915,130
China,8,GWO-ABE,13,1.280839204788208,140
China,8,GWO-ABE,14,1.291048288345337,150
China,8,GWO-ABE,15,1.2626904249191284,160
China,8,GWO-ABE,16,1.2574126720428467,170
China,8,GWO-ABE,17,1.2951170206069946,180
China,8,GWO-ABE,18,1.291947603225708,190
China,8,GWO-ABE,19,1.2627426385879517,200
China,8,GWO-ABE,20,1.2431390285491943,210
China,8,GWO-ABE,21,1.2468600273132324,220
China,8,GWO-ABE,22,1.2338415384292603,230
China,8,GWO-ABE,23,1.2609995603561401,240
China,8,GWO-ABE,24,1.2485920190811157,250
China,8,GWO-ABE,25,1.2488508224487305,260
China,8,GWO-ABE,26,1.2248278856277466,270
China,8,GWO-ABE,27,1.2500795125961304,280
China,8,GWO-ABE,28,1.2271008491516113,290
China,8,GWO-ABE,29,1.2275744676589966,300
China,8,GWO-ABE,30,1.2139182090759277,310
China,8,GWO-ABE,31,1.190624475479126,320
China,8,GWO-ABE,32,1.243843674659729,330
China,8,GWO-ABE,33,1.2317261695861816,340
China,8,GWO-ABE,34,1.2559298276901245,350
China,8,GWO-ABE,35,1.2247467041015625,360
China,8,GWO-ABE,36,1.2336983680725098,370
China,8,GWO-ABE,37,1.217159628868103,380
China,8,GWO-ABE,38,1.2056217193603516,390
China,8,GWO-ABE,39,1.2433538436889648,400
China,8,GWO-ABE,40,1.2495003938674927,410
China,8,GWO-ABE,41,1.2408596277236938,420
China,8,GWO-ABE,42,1.2034684419631958,430
China,8,GWO-ABE,43,1.1922738552093506,440
China,8,GWO-ABE,44,1.2244024276733398,450
China,8,GWO-ABE,45,1.2154903411865234,460
China,8,GWO-ABE,46,1.2166444063186646,470
China,8,GWO-ABE,47,1.2256674766540527,480
China,8,GWO-ABE,48,1.2157453298568726,490
China,8,GWO-ABE,49,1.2105331420898438,500
China,8,GWO-ABE,50,1.2153657674789429,510
China,8,GWO-ABE,51,1.2151950597763062,520
China,8,GWO-ABE,52,1.2010436058044434,530
China,8,GWO-ABE,53,1.2012991905212402,540
China,8,GWO-ABE,54,1.215714693069458,550
China,8,GWO-ABE,55,1.2223855257034302,560
China,8,GWO-ABE,56,1.2155927419662476,570
China,8,GWO-ABE,57,1.2144914865493774,580
China,8,GWO-ABE,58,1.213571548461914,590
China,8,GWO-ABE,59,1.2054553031921387,600
China,8,GWO-ABE,60,1.2026748657226562,610
China,8,GWO-ABE,61,1.1972131729125977,620
China,8,GWO-ABE,62,1.185374140739441,630
China,8,GWO-ABE,63,1.1879161596298218,640
China,8,GWO-ABE,64,1.1926993131637573,650
China,8,GWO-ABE,65,1.1944732666015625,660
China,8,GWO-ABE,66,1.2063570022583008,670
China,8,GWO-ABE,67,1.1982576847076416,680
China,8,GWO-ABE,68,1.2066890001296997,690
China,8,GWO-ABE,69,1.2128428220748901,700
China,8,GWO-ABE,70,1.2010773420333862,710
China,8,GWO-ABE,71,1.1979031562805176,720
China,8,GWO-ABE,72,1.1991339921951294,730
China,8,GWO-ABE,73,1.2012543678283691,740
China,8,GWO-ABE,74,1.1944434642791748,750
China,8,GWO-ABE,75,1.1864113807678223,760
China,8,GWO-ABE,76,1.1874257326126099,770
China,8,GWO-ABE,77,1.1836525201797485,780
China,8,GWO-ABE,78,1.1771596670150757,790
China,8,GWO-ABE,79,1.1931030750274658,800
China,8,GWO-ABE,80,1.1858352422714233,810
China,8,GWO-ABE,81,1.1833809614181519,820
China,8,GWO-ABE,82,1.1835075616836548,830
China,8,GWO-ABE,83,1.1829118728637695,840
China,8,GWO-ABE,84,1.1786832809448242,850
China,8,GWO-ABE,85,1.1814359426498413,860
China,8,GWO-ABE,86,1.1912721395492554,870
China,8,GWO-ABE,87,1.1783075332641602,880
China,8,GWO-ABE,88,1.1826915740966797,890
China,8,GWO-ABE,89,1.1787495613098145,900
China,8,GWO-ABE,90,1.1863304376602173,910
China,8,GWO-ABE,91,1.1801810264587402,920
China,8,GWO-ABE,92,1.1803114414215088,930
China,8,GWO-ABE,93,1.1711947917938232,940
China,8,GWO-ABE,94,1.1790554523468018,950
China,8,GWO-ABE,95,1.1735295057296753,960
China,8,GWO-ABE,96,1.169809341430664,970
China,8,GWO-ABE,97,1.169810175895691,980
China,8,GWO-ABE,98,1.1704835891723633,990
China,8,GWO-ABE,99,1.1697158813476562,1000
China,8,WOA-ABE,0,1.3802709579467773,10
China,8,WOA-ABE,1,1.3444830179214478,20
China,8,WOA-ABE,2,1.3444830179214478,30
China,8,WOA-ABE,3,1.3444830179214478,40
China,8,WOA-ABE,4,1.330759882926941,50
China,8,WOA-ABE,5,1.323594331741333,60
China,8,WOA-ABE,6,1.3098516464233398,70
China,8,WOA-ABE,7,1.2767821550369263,80
China,8,WOA-ABE,8,1.268606185913086,90
China,8,WOA-ABE,9,1.268606185913086,100
China,8,WOA-ABE,10,1.264878749847412,110
China,8,WOA-ABE,11,1.2573018074035645,120
China,8,WOA-ABE,12,1.2573018074035645,130
China,8,WOA-ABE,13,1.2573018074035645,140
China,8,WOA-ABE,14,1.256264328956604,150
China,8,WOA-ABE,15,1.256264328956604,160
China,8,WOA-ABE,16,1.256264328956604,170
China,8,WOA-ABE,17,1.256264328956604,180
China,8,WOA-ABE,18,1.256264328956604,190
China,8,WOA-ABE,19,1.256264328956604,200
China,8,WOA-ABE,20,1.256264328956604,210
China,8,WOA-ABE,21,1.256264328956604,220
China,8,WOA-ABE,22,1.250847578048706,230
China,8,WOA-ABE,23,1.250847578048706,240
China,8,WOA-ABE,24,1.250847578048706,250
China,8,WOA-ABE,25,1.250847578048706,260
China,8,WOA-ABE,26,1.250847578048706,270
China,8,WOA-ABE,27,1.250847578048706,280
China,8,WOA-ABE,28,1.245997667312622,290
China,8,WOA-ABE,29,1.2459967136383057,300
China,8,WOA-ABE,30,1.245995044708252,310
China,8,WOA-ABE,31,1.2459903955459595,320
China,8,WOA-ABE,32,1.2459903955459595,330
China,8,WOA-ABE,33,1.2459903955459595,340
China,8,WOA-ABE,34,1.2457823753356934,350
China,8,WOA-ABE,35,1.2457823753356934,360
China,8,WOA-ABE,36,1.2457823753356934,370
China,8,WOA-ABE,37,1.2457823753356934,380
China,8,WOA-ABE,38,1.2457823753356934,390
China,8,WOA-ABE,39,1.2457823753356934,400
China,8,WOA-ABE,40,1.2457823753356934,410
China,8,WOA-ABE,41,1.2457823753356934,420
China,8,WOA-ABE,42,1.2457823753356934,430
China,8,WOA-ABE,43,1.2457823753356934,440
China,8,WOA-ABE,44,1.2457823753356934,450
China,8,WOA-ABE,45,1.2457823753356934,460
China,8,WOA-ABE,46,1.2457823753356934,470
China,8,WOA-ABE,47,1.2457823753356934,480
China,8,WOA-ABE,48,1.2449121475219727,490
China,8,WOA-ABE,49,1.2449121475219727,500
China,8,WOA-ABE,50,1.2438971996307373,510
China,8,WOA-ABE,51,1.2438775300979614,520
China,8,WOA-ABE,52,1.2438733577728271,530
China,8,WOA-ABE,53,1.2438719272613525,540
China,8,WOA-ABE,54,1.2438719272613525,550
China,8,WOA-ABE,55,1.2438693046569824,560
China,8,WOA-ABE,56,1.2438693046569824,570
China,8,WOA-ABE,57,1.2434483766555786,580
China,8,WOA-ABE,58,1.2434483766555786,590
China,8,WOA-ABE,59,1.2434483766555786,600
China,8,WOA-ABE,60,1.2434483766555786,610
China,8,WOA-ABE,61,1.2401371002197266,620
China,8,WOA-ABE,62,1.2401371002197266,630
China,8,WOA-ABE,63,1.2401371002197266,640
China,8,WOA-ABE,64,1.2401371002197266,650
China,8,WOA-ABE,65,1.2401371002197266,660
China,8,WOA-ABE,66,1.2401371002197266,670
China,8,WOA-ABE,67,1.2401371002197266,680
China,8,WOA-ABE,68,1.2401371002197266,690
China,8,WOA-ABE,69,1.2400792837142944,700
China,8,WOA-ABE,70,1.2400792837142944,710
China,8,WOA-ABE,71,1.2400792837142944,720
China,8,WOA-ABE,72,1.2400764226913452,730
China,8,WOA-ABE,73,1.2400764226913452,740
China,8,WOA-ABE,74,1.2400761842727661,750
China,8,WOA-ABE,75,1.2400761842727661,760
China,8,WOA-ABE,76,1.2400761842727661,770
China,8,WOA-ABE,77,1.2400761842727661,780
China,8,WOA-ABE,78,1.2400761842727661,790
China,8,WOA-ABE,79,1.2400739192962646,800
China,8,WOA-ABE,80,1.2400739192962646,810
China,8,WOA-ABE,81,1.2400739192962646,820
China,8,WOA-ABE,82,1.2400739192962646,830
China,8,WOA-ABE,83,1.2400739192962646,840
China,8,WOA-ABE,84,1.2400739192962646,850
China,8,WOA-ABE,85,1.2400739192962646,860
China,8,WOA-ABE,86,1.2400739192962646,870
China,8,WOA-ABE,87,1.2400736808776855,880
China,8,WOA-ABE,88,1.2400726079940796,890
China,8,WOA-ABE,89,1.2400692701339722,900
China,8,WOA-ABE,90,1.2400692701339722,910
China,8,WOA-ABE,91,1.2400692701339722,920
China,8,WOA-ABE,92,1.2400692701339722,930
China,8,WOA-ABE,93,1.2400692701339722,940
China,8,WOA-ABE,94,1.2400692701339722,950
China,8,WOA-ABE,95,1.2400635480880737,960
China,8,WOA-ABE,96,1.2399311065673828,970
China,8,WOA-ABE,97,1.2398581504821777,980
China,8,WOA-ABE,98,1.238746166229248,990
China,8,WOA-ABE,99,1.237683653831482,1000
China,8,FAABE,0,1.4062764644622803,10
China,8,FAABE,1,1.3330678939819336,20
China,8,FAABE,2,1.3330678939819336,30
China,8,FAABE,3,1.3330678939819336,40
China,8,FAABE,4,1.3288694620132446,50
China,8,FAABE,5,1.3159852027893066,60
China,8,FAABE,6,1.3159852027893066,70
China,8,FAABE,7,1.3133416175842285,80
China,8,FAABE,8,1.2809020280838013,90
China,8,FAABE,9,1.2809020280838013,100
China,8,FAABE,10,1.2809020280838013,110
China,8,FAABE,11,1.2809020280838013,120
China,8,FAABE,12,1.2809020280838013,130
China,8,FAABE,13,1.2809020280838013,140
China,8,FAABE,14,1.26223623752594,150
China,8,FAABE,15,1.26223623752594,160
China,8,FAABE,16,1.26223623752594,170
China,8,FAABE,17,1.26223623752594,180
China,8,FAABE,18,1.26223623752594,190
China,8,FAABE,19,1.26223623752594,200
China,8,FAABE,20,1.26223623752594,210
China,8,FAABE,21,1.26223623752594,220
China,8,FAABE,22,1.26223623752594,230
China,8,FAABE,23,1.26223623752594,240
China,8,FAABE,24,1.26223623752594,250
China,8,FAABE,25,1.26223623752594,260
China,8,FAABE,26,1.26223623752594,270
China,8,FAABE,27,1.26223623752594,280
China,8,FAABE,28,1.26223623752594,290
China,8,FAABE,29,1.26223623752594,300
China,8,FAABE,30,1.26223623752594,310
China,8,FAABE,31,1.26223623752594,320
China,8,FAABE,32,1.26223623752594,330
China,8,FAABE,33,1.26223623752594,340
China,8,FAABE,34,1.26223623752594,350
China,8,FAABE,35,1.26223623752594,360
China,8,FAABE,36,1.26223623752594,370
China,8,FAABE,37,1.26223623752594,380
China,8,FAABE,38,1.26223623752594,390
China,8,FAABE,39,1.2485229969024658,400
China,8,FAABE,40,1.2485229969024658,410
China,8,FAABE,41,1.2485229969024658,420
China,8,FAABE,42,1.2485229969024658,430
China,8,FAABE,43,1.2485229969024658,440
China,8,FAABE,44,1.2485229969024658,450
China,8,FAABE,45,1.2485229969024658,460
China,8,FAABE,46,1.2485229969024658,470
China,8,FAABE,47,1.2485229969024658,480
China,8,FAABE,48,1.2485229969024658,490
China,8,FAABE,49,1.2485229969024658,500
China,8,FAABE,50,1.2485229969024658,510
China,8,FAABE,51,1.2485229969024658,520
China,8,FAABE,52,1.2485229969024658,530
China,8,FAABE,53,1.2485229969024658,540
China,8,FAABE,54,1.2485229969024658,550
China,8,FAABE,55,1.2485229969024658,560
China,8,FAABE,56,1.2485229969024658,570
China,8,FAABE,57,1.2485229969024658,580
China,8,FAABE,58,1.2485229969024658,590
China,8,FAABE,59,1.2485229969024658,600
China,8,FAABE,60,1.2485229969024658,610
China,8,FAABE,61,1.2485229969024658,620
China,8,FAABE,62,1.2485229969024658,630
China,8,FAABE,63,1.2485229969024658,640
China,8,FAABE,64,1.2485229969024658,650
China,8,FAABE,65,1.2445462942123413,660
China,8,FAABE,66,1.2445462942123413,670
China,8,FAABE,67,1.2445462942123413,680
China,8,FAABE,68,1.2445462942123413,690
China,8,FAABE,69,1.2445462942123413,700
China,8,FAABE,70,1.2445462942123413,710
China,8,FAABE,71,1.2445462942123413,720
China,8,FAABE,72,1.2445462942123413,730
China,8,FAABE,73,1.2445462942123413,740
China,8,FAABE,74,1.2445462942123413,750
China,8,FAABE,75,1.2445462942123413,760
China,8,FAABE,76,1.2445462942123413,770
China,8,FAABE,77,1.2445462942123413,780
China,8,FAABE,78,1.2445462942123413,790
China,8,FAABE,79,1.2445462942123413,800
China,8,FAABE,80,1.2445462942123413,810
China,8,FAABE,81,1.2445462942123413,820
China,8,FAABE,82,1.2445462942123413,830
China,8,FAABE,83,1.2445462942123413,840
China,8,FAABE,84,1.2445462942123413,850
China,8,FAABE,85,1.2445462942123413,860
China,8,FAABE,86,1.2445462942123413,870
China,8,FAABE,87,1.2445462942123413,880
China,8,FAABE,88,1.2445462942123413,890
China,8,FAABE,89,1.2445462942123413,900
China,8,FAABE,90,1.2445462942123413,910
China,8,FAABE,91,1.2445462942123413,920
China,8,FAABE,92,1.2445462942123413,930
China,8,FAABE,93,1.2445462942123413,940
China,8,FAABE,94,1.2445462942123413,950
China,8,FAABE,95,1.2445462942123413,960
China,8,FAABE,96,1.2445462942123413,970
China,8,FAABE,97,1.2445462942123413,980
China,8,FAABE,98,1.2445462942123413,990
China,8,FAABE,99,1.2445462942123413,1000
China,9,GA-ABE,0,1.383405089378357,10
China,9,GA-ABE,1,1.374786376953125,20
China,9,GA-ABE,2,1.367771029472351,30
China,9,GA-ABE,3,1.367771029472351,40
China,9,GA-ABE,4,1.367771029472351,50
China,9,GA-ABE,5,1.3638813495635986,60
China,9,GA-ABE,6,1.3454080820083618,70
China,9,GA-ABE,7,1.3454080820083618,80
China,9,GA-ABE,8,1.3454080820083618,90
China,9,GA-ABE,9,1.3454080820083618,100
China,9,GA-ABE,10,1.3454080820083618,110
China,9,GA-ABE,11,1.3454080820083618,120
China,9,GA-ABE,12,1.3454080820083618,130
China,9,GA-ABE,13,1.3454080820083618,140
China,9,GA-ABE,14,1.3454080820083618,150
China,9,GA-ABE,15,1.3454080820083618,160
China,9,GA-ABE,16,1.3406822681427002,170
China,9,GA-ABE,17,1.3406822681427002,180
China,9,GA-ABE,18,1.3406822681427002,190
China,9,GA-ABE,19,1.3273887634277344,200
China,9,GA-ABE,20,1.3273887634277344,210
China,9,GA-ABE,21,1.3273887634277344,220
China,9,GA-ABE,22,1.3273887634277344,230
China,9,GA-ABE,23,1.3273887634277344,240
China,9,GA-ABE,24,1.3273887634277344,250
China,9,GA-ABE,25,1.3273887634277344,260
China,9,GA-ABE,26,1.3273887634277344,270
China,9,GA-ABE,27,1.3265736103057861,280
China,9,GA-ABE,28,1.3265736103057861,290
China,9,GA-ABE,29,1.3110055923461914,300
China,9,GA-ABE,30,1.3110055923461914,310
China,9,GA-ABE,31,1.3103675842285156,320
China,9,GA-ABE,32,1.3103675842285156,330
China,9,GA-ABE,33,1.3103675842285156,340
China,9,GA-ABE,34,1.3023842573165894,350
China,9,GA-ABE,35,1.3023842573165894,360
China,9,GA-ABE,36,1.3023842573165894,370
China,9,GA-ABE,37,1.2956373691558838,380
China,9,GA-ABE,38,1.2956373691558838,390
China,9,GA-ABE,39,1.2918914556503296,400
China,9,GA-ABE,40,1.2918914556503296,410
China,9,GA-ABE,41,1.25600266456604,420
China,9,GA-ABE,42,1.2532894611358643,430
China,9,GA-ABE,43,1.2532894611358643,440
China,9,GA-ABE,44,1.2532894611358643,450
China,9,GA-ABE,45,1.2532894611358643,460
China,9,GA-ABE,46,1.2532894611358643,470
China,9,GA-ABE,47,1.2532894611358643,480
China,9,GA-ABE,48,1.2532894611358643,490
China,9,GA-ABE,49,1.2532894611358643,500
China,9,GA-ABE,50,1.248358964920044,510
China,9,GA-ABE,51,1.248358964920044,520
China,9,GA-ABE,52,1.248358964920044,530
China,9,GA-ABE,53,1.248358964920044,540
China,9,GA-ABE,54,1.248358964920044,550
China,9,GA-ABE,55,1.248358964920044,560
China,9,GA-ABE,56,1.248358964920044,570
China,9,GA-ABE,57,1.248358964920044,580
China,9,GA-ABE,58,1.248358964920044,590
China,9,GA-ABE,59,1.248358964920044,600
China,9,GA-ABE,60,1.248358964920044,610
China,9,GA-ABE,61,1.2424571514129639,620
China,9,GA-ABE,62,1.2424571514129639,630
China,9,GA-ABE,63,1.2424571514129639,640
China,9,GA-ABE,64,1.235059380531311,650
China,9,GA-ABE,65,1.235059380531311,660
China,9,GA-ABE,66,1.232750654220581,670
China,9,GA-ABE,67,1.232750654220581,680
China,9,GA-ABE,68,1.232750654220581,690
China,9,GA-ABE,69,1.232750654220581,700
China,9,GA-ABE,70,1.232750654220581,710
China,9,GA-ABE,71,1.232750654220581,720
China,9,GA-ABE,72,1.232750654220581,730
China,9,GA-ABE,73,1.232750654220581,740
China,9,GA-ABE,74,1.232750654220581,750
China,9,GA-ABE,75,1.232750654220581,760
China,9,GA-ABE,76,1.232750654220581,770
China,9,GA-ABE,77,1.232750654220581,780
China,9,GA-ABE,78,1.232750654220581,790
China,9,GA-ABE,79,1.232750654220581,800
China,9,GA-ABE,80,1.232750654220581,810
China,9,GA-ABE,81,1.232750654220581,820
China,9,GA-ABE,82,1.232750654220581,830
China,9,GA-ABE,83,1.232750654220581,840
China,9,GA-ABE,84,1.232750654220581,850
China,9,GA-ABE,85,1.232750654220581,860
China,9,GA-ABE,86,1.232750654220581,870
China,9,GA-ABE,87,1.232750654220581,880
China,9,GA-ABE,88,1.232750654220581,890
China,9,GA-ABE,89,1.232750654220581,900
China,9,GA-ABE,90,1.232750654220581,910
China,9,GA-ABE,91,1.232750654220581,920
China,9,GA-ABE,92,1.232750654220581,930
China,9,GA-ABE,93,1.232750654220581,940
China,9,GA-ABE,94,1.232750654220581,950
China,9,GA-ABE,95,1.232750654220581,960
China,9,GA-ABE,96,1.232750654220581,970
China,9,GA-ABE,97,1.232750654220581,980
China,9,GA-ABE,98,1.2315754890441895,990
China,9,GA-ABE,99,1.2315754890441895,1000
China,9,PSO-ABE,0,1.379417896270752,10
China,9,PSO-ABE,1,1.379417896270752,20
China,9,PSO-ABE,2,1.3688185214996338,30
China,9,PSO-ABE,3,1.3535281419754028,40
China,9,PSO-ABE,4,1.3535281419754028,50
China,9,PSO-ABE,5,1.3535281419754028,60
China,9,PSO-ABE,6,1.3535281419754028,70
China,9,PSO-ABE,7,1.3490409851074219,80
China,9,PSO-ABE,8,1.3445231914520264,90
China,9,PSO-ABE,9,1.3445231914520264,100
China,9,PSO-ABE,10,1.3388862609863281,110
China,9,PSO-ABE,11,1.3343397378921509,120
China,9,PSO-ABE,12,1.3097385168075562,130
China,9,PSO-ABE,13,1.3097385168075562,140
China,9,PSO-ABE,14,1.3097385168075562,150
China,9,PSO-ABE,15,1.3097385168075562,160
China,9,PSO-ABE,16,1.3097385168075562,170
China,9,PSO-ABE,17,1.3082274198532104,180
China,9,PSO-ABE,18,1.3082274198532104,190
China,9,PSO-ABE,19,1.3028233051300049,200
China,9,PSO-ABE,20,1.3001415729522705,210
China,9,PSO-ABE,21,1.3001415729522705,220
China,9,PSO-ABE,22,1.2869868278503418,230
China,9,PSO-ABE,23,1.2869868278503418,240
China,9,PSO-ABE,24,1.285029411315918,250
China,9,PSO-ABE,25,1.285029411315918,260
China,9,PSO-ABE,26,1.285029411315918,270
China,9,PSO-ABE,27,1.285029411315918,280
China,9,PSO-ABE,28,1.285029411315918,290
China,9,PSO-ABE,29,1.285029411315918,300
China,9,PSO-ABE,30,1.285029411315918,310
China,9,PSO-ABE,31,1.285029411315918,320
China,9,PSO-ABE,32,1.285029411315918,330
China,9,PSO-ABE,33,1.285029411315918,340
China,9,PSO-ABE,34,1.285029411315918,350
China,9,PSO-ABE,35,1.285029411315918,360
China,9,PSO-ABE,36,1.285029411315918,370
China,9,PSO-ABE,37,1.285029411315918,380
China,9,PSO-ABE,38,1.285029411315918,390
China,9,PSO-ABE,39,1.285029411315918,400
China,9,PSO-ABE,40,1.285029411315918,410
China,9,PSO-ABE,41,1.285029411315918,420
China,9,PSO-ABE,42,1.285029411315918,430
China,9,PSO-ABE,43,1.285029411315918,440
China,9,PSO-ABE,44,1.285029411315918,450
China,9,PSO-ABE,45,1.285029411315918,460
China,9,PSO-ABE,46,1.285029411315918,470
China,9,PSO-ABE,47,1.2834595441818237,480
China,9,PSO-ABE,48,1.2834595441818237,490
China,9,PSO-ABE,49,1.2834595441818237,500
China,9,PSO-ABE,50,1.2834595441818237,510
China,9,PSO-ABE,51,1.2819150686264038,520
China,9,PSO-ABE,52,1.2819150686264038,530
China,9,PSO-ABE,53,1.2819150686264038,540
China,9,PSO-ABE,54,1.2819150686264038,550
China,9,PSO-ABE,55,1.2819150686264038,560
China,9,PSO-ABE,56,1.2812975645065308,570
China,9,PSO-ABE,57,1.2812975645065308,580
China,9,PSO-ABE,58,1.2812975645065308,590
China,9,PSO-ABE,59,1.2807432413101196,600
China,9,PSO-ABE,60,1.2807432413101196,610
China,9,PSO-ABE,61,1.2807432413101196,620
China,9,PSO-ABE,62,1.2807432413101196,630
China,9,PSO-ABE,63,1.2807432413101196,640
China,9,PSO-ABE,64,1.2805205583572388,650
China,9,PSO-ABE,65,1.2805205583572388,660
China,9,PSO-ABE,66,1.2805205583572388,670
China,9,PSO-ABE,67,1.2805205583572388,680
China,9,PSO-ABE,68,1.2805205583572388,690
China,9,PSO-ABE,69,1.2805205583572388,700
China,9,PSO-ABE,70,1.2805205583572388,710
China,9,PSO-ABE,71,1.2805205583572388,720
China,9,PSO-ABE,72,1.2805205583572388,730
China,9,PSO-ABE,73,1.2805205583572388,740
China,9,PSO-ABE,74,1.2805205583572388,750
China,9,PSO-ABE,75,1.2805205583572388,760
China,9,PSO-ABE,76,1.2805205583572388,770
China,9,PSO-ABE,77,1.2805205583572388,780
China,9,PSO-ABE,78,1.2805205583572388,790
China,9,PSO-ABE,79,1.2805160284042358,800
China,9,PSO-ABE,80,1.2805160284042358,810
China,9,PSO-ABE,81,1.2805153131484985,820
China,9,PSO-ABE,82,1.2803878784179688,830
China,9,PSO-ABE,83,1.2803878784179688,840
China,9,PSO-ABE,84,1.280386209487915,850
China,9,PSO-ABE,85,1.280386209487915,860
China,9,PSO-ABE,86,1.280386209487915,870
China,9,PSO-ABE,87,1.280386209487915,880
China,9,PSO-ABE,88,1.280386209487915,890
China,9,PSO-ABE,89,1.280386209487915,900
China,9,PSO-ABE,90,1.280386209487915,910
China,9,PSO-ABE,91,1.280386209487915,920
China,9,PSO-ABE,92,1.280386209487915,930
China,9,PSO-ABE,93,1.280386209487915,940
China,9,PSO-ABE,94,1.2753520011901855,950
China,9,PSO-ABE,95,1.2753520011901855,960
China,9,PSO-ABE,96,1.2753520011901855,970
China,9,PSO-ABE,97,1.2753520011901855,980
China,9,PSO-ABE,98,1.2753520011901855,990
China,9,PSO-ABE,99,1.2753520011901855,1000
China,9,DE-ABE,0,1.401031494140625,10
China,9,DE-ABE,1,1.3819571733474731,20
China,9,DE-ABE,2,1.3559744358062744,30
China,9,DE-ABE,3,1.3559744358062744,40
China,9,DE-ABE,4,1.3557260036468506,50
China,9,DE-ABE,5,1.3557260036468506,60
China,9,DE-ABE,6,1.3557260036468506,70
China,9,DE-ABE,7,1.347651720046997,80
China,9,DE-ABE,8,1.3390079736709595,90
China,9,DE-ABE,9,1.3390079736709595,100
China,9,DE-ABE,10,1.3390079736709595,110
China,9,DE-ABE,11,1.3313883543014526,120
China,9,DE-ABE,12,1.3313883543014526,130
China,9,DE-ABE,13,1.3313883543014526,140
China,9,DE-ABE,14,1.3313883543014526,150
China,9,DE-ABE,15,1.3185611963272095,160
China,9,DE-ABE,16,1.3185611963272095,170
China,9,DE-ABE,17,1.3171993494033813,180
China,9,DE-ABE,18,1.3165473937988281,190
China,9,DE-ABE,19,1.3165473937988281,200
China,9,DE-ABE,20,1.3151782751083374,210
China,9,DE-ABE,21,1.3142279386520386,220
China,9,DE-ABE,22,1.3142279386520386,230
China,9,DE-ABE,23,1.3142279386520386,240
China,9,DE-ABE,24,1.3141900300979614,250
China,9,DE-ABE,25,1.3141900300979614,260
China,9,DE-ABE,26,1.3141900300979614,270
China,9,DE-ABE,27,1.3141900300979614,280
China,9,DE-ABE,28,1.3141900300979614,290
China,9,DE-ABE,29,1.3111881017684937,300
China,9,DE-ABE,30,1.3092784881591797,310
China,9,DE-ABE,31,1.3092784881591797,320
China,9,DE-ABE,32,1.3092784881591797,330
China,9,DE-ABE,33,1.3092784881591797,340
China,9,DE-ABE,34,1.3092784881591797,350
China,9,DE-ABE,35,1.3092784881591797,360
China,9,DE-ABE,36,1.3092784881591797,370
China,9,DE-ABE,37,1.3092784881591797,380
China,9,DE-ABE,38,1.3082259893417358,390
China,9,DE-ABE,39,1.3082259893417358,400
China,9,DE-ABE,40,1.3077155351638794,410
China,9,DE-ABE,41,1.3077155351638794,420
China,9,DE-ABE,42,1.3077155351638794,430
China,9,DE-ABE,43,1.3077155351638794,440
China,9,DE-ABE,44,1.3077155351638794,450
China,9,DE-ABE,45,1.3077155351638794,460
China,9,DE-ABE,46,1.3077155351638794,470
China,9,DE-ABE,47,1.3077155351638794,480
China,9,DE-ABE,48,1.3077155351638794,490
China,9,DE-ABE,49,1.3036742210388184,500
China,9,DE-ABE,50,1.3036742210388184,510
China,9,DE-ABE,51,1.3036742210388184,520
China,9,DE-ABE,52,1.3036742210388184,530
China,9,DE-ABE,53,1.3036742210388184,540
China,9,DE-ABE,54,1.2998759746551514,550
China,9,DE-ABE,55,1.2998759746551514,560
China,9,DE-ABE,56,1.2998759746551514,570
China,9,DE-ABE,57,1.2998759746551514,580
China,9,DE-ABE,58,1.2998759746551514,590
China,9,DE-ABE,59,1.2998759746551514,600
China,9,DE-ABE,60,1.2998759746551514,610
China,9,DE-ABE,61,1.2998759746551514,620
China,9,DE-ABE,62,1.2998759746551514,630
China,9,DE-ABE,63,1.2998759746551514,640
China,9,DE-ABE,64,1.2998759746551514,650
China,9,DE-ABE,65,1.2998759746551514,660
China,9,DE-ABE,66,1.2998759746551514,670
China,9,DE-ABE,67,1.2998759746551514,680
China,9,DE-ABE,68,1.2998759746551514,690
China,9,DE-ABE,69,1.2998759746551514,700
China,9,DE-ABE,70,1.2998759746551514,710
China,9,DE-ABE,71,1.2998759746551514,720
China,9,DE-ABE,72,1.2998759746551514,730
China,9,DE-ABE,73,1.2998759746551514,740
China,9,DE-ABE,74,1.2998759746551514,750
China,9,DE-ABE,75,1.2977209091186523,760
China,9,DE-ABE,76,1.2977209091186523,770
China,9,DE-ABE,77,1.2977209091186523,780
China,9,DE-ABE,78,1.2977209091186523,790
China,9,DE-ABE,79,1.2977209091186523,800
China,9,DE-ABE,80,1.2976230382919312,810
China,9,DE-ABE,81,1.2976230382919312,820
China,9,DE-ABE,82,1.2976230382919312,830
China,9,DE-ABE,83,1.2976230382919312,840
China,9,DE-ABE,84,1.2976230382919312,850
China,9,DE-ABE,85,1.2976230382919312,860
China,9,DE-ABE,86,1.2976230382919312,870
China,9,DE-ABE,87,1.2976230382919312,880
China,9,DE-ABE,88,1.2946112155914307,890
China,9,DE-ABE,89,1.2946112155914307,900
China,9,DE-ABE,90,1.2946112155914307,910
China,9,DE-ABE,91,1.2946112155914307,920
China,9,DE-ABE,92,1.2946112155914307,930
China,9,DE-ABE,93,1.29458487033844,940
China,9,DE-ABE,94,1.2944486141204834,950
China,9,DE-ABE,95,1.2936701774597168,960
China,9,DE-ABE,96,1.2936701774597168,970
China,9,DE-ABE,97,1.2932096719741821,980
China,9,DE-ABE,98,1.2932096719741821,990
China,9,DE-ABE,99,1.2932096719741821,1000
China,9,GWO-ABE,0,1.3909542560577393,10
China,9,GWO-ABE,1,1.372876763343811,20
China,9,GWO-ABE,2,1.3689583539962769,30
China,9,GWO-ABE,3,1.3572325706481934,40
China,9,GWO-ABE,4,1.3763221502304077,50
China,9,GWO-ABE,5,1.3537622690200806,60
China,9,GWO-ABE,6,1.3593251705169678,70
China,9,GWO-ABE,7,1.334757924079895,80
China,9,GWO-ABE,8,1.3643639087677002,90
China,9,GWO-ABE,9,1.3360998630523682,100
China,9,GWO-ABE,10,1.3166333436965942,110
China,9,GWO-ABE,11,1.3272528648376465,120
China,9,GWO-ABE,12,1.330973744392395,130
China,9,GWO-ABE,13,1.3482069969177246,140
China,9,GWO-ABE,14,1.3511465787887573,150
China,9,GWO-ABE,15,1.3305916786193848,160
China,9,GWO-ABE,16,1.3241968154907227,170
China,9,GWO-ABE,17,1.354300856590271,180
China,9,GWO-ABE,18,1.3555723428726196,190
China,9,GWO-ABE,19,1.35835862159729,200
China,9,GWO-ABE,20,1.3456861972808838,210
China,9,GWO-ABE,21,1.3305606842041016,220
China,9,GWO-ABE,22,1.3606137037277222,230
China,9,GWO-ABE,23,1.3524854183197021,240
China,9,GWO-ABE,24,1.3358407020568848,250
China,9,GWO-ABE,25,1.3216618299484253,260
China,9,GWO-ABE,26,1.3001359701156616,270
China,9,GWO-ABE,27,1.3243669271469116,280
China,9,GWO-ABE,28,1.3380271196365356,290
China,9,GWO-ABE,29,1.3123418092727661,300
China,9,GWO-ABE,30,1.316678762435913,310
China,9,GWO-ABE,31,1.3267607688903809,320
China,9,GWO-ABE,32,1.2936272621154785,330
China,9,GWO-ABE,33,1.3128398656845093,340
China,9,GWO-ABE,34,1.3033630847930908,350
China,9,GWO-ABE,35,1.2983534336090088,360
China,9,GWO-ABE,36,1.318174123764038,370
China,9,GWO-ABE,37,1.3042068481445312,380
China,9,GWO-ABE,38,1.300039291381836,390
China,9,GWO-ABE,39,1.3185217380523682,400
China,9,GWO-ABE,40,1.3047118186950684,410
China,9,GWO-ABE,41,1.323151707649231,420
China,9,GWO-ABE,42,1.2948867082595825,430
China,9,GWO-ABE,43,1.3232691287994385,440
China,9,GWO-ABE,44,1.303623080253601,450
China,9,GWO-ABE,45,1.3093271255493164,460
China,9,GWO-ABE,46,1.3170632123947144,470
China,9,GWO-ABE,47,1.2925357818603516,480
China,9,GWO-ABE,48,1.2987229824066162,490
China,9,GWO-ABE,49,1.316964030265808,500
China,9,GWO-ABE,50,1.3149070739746094,510
China,9,GWO-ABE,51,1.3143634796142578,520
China,9,GWO-ABE,52,1.3007166385650635,530
China,9,GWO-ABE,53,1.2863010168075562,540
China,9,GWO-ABE,54,1.2885898351669312,550
China,9,GWO-ABE,55,1.2840632200241089,560
China,9,GWO-ABE,56,1.297839641571045,570
China,9,GWO-ABE,57,1.298850417137146,580
China,9,GWO-ABE,58,1.3080599308013916,590
China,9,GWO-ABE,59,1.3033918142318726,600
China,9,GWO-ABE,60,1.2976980209350586,610
China,9,GWO-ABE,61,1.3097163438796997,620
China,9,GWO-ABE,62,1.30221426486969,630
China,9,GWO-ABE,63,1.3003864288330078,640
China,9,GWO-ABE,64,1.3060625791549683,650
China,9,GWO-ABE,65,1.301985502243042,660
China,9,GWO-ABE,66,1.2923003435134888,670
China,9,GWO-ABE,67,1.2882412672042847,680
China,9,GWO-ABE,68,1.29958975315094,690
China,9,GWO-ABE,69,1.2894079685211182,700
China,9,GWO-ABE,70,1.2959386110305786,710
China,9,GWO-ABE,71,1.3056262731552124,720
China,9,GWO-ABE,72,1.297216534614563,730
China,9,GWO-ABE,73,1.3029062747955322,740
China,9,GWO-ABE,74,1.2984800338745117,750
China,9,GWO-ABE,75,1.3099623918533325,760
China,9,GWO-ABE,76,1.2964574098587036,770
China,9,GWO-ABE,77,1.3089033365249634,780
China,9,GWO-ABE,78,1.3000249862670898,790
China,9,GWO-ABE,79,1.3042843341827393,800
China,9,GWO-ABE,80,1.2865359783172607,810
China,9,GWO-ABE,81,1.2933472394943237,820
China,9,GWO-ABE,82,1.2832753658294678,830
China,9,GWO-ABE,83,1.2767120599746704,840
China,9,GWO-ABE,84,1.28269362449646,850
China,9,GWO-ABE,85,1.2776882648468018,860
China,9,GWO-ABE,86,1.283278465270996,870
China,9,GWO-ABE,87,1.2828736305236816,880
China,9,GWO-ABE,88,1.2882252931594849,890
China,9,GWO-ABE,89,1.2879201173782349,900
China,9,GWO-ABE,90,1.2836369276046753,910
China,9,GWO-ABE,91,1.282581090927124,920
China,9,GWO-ABE,92,1.276659607887268,930
China,9,GWO-ABE,93,1.2861632108688354,940
China,9,GWO-ABE,94,1.2772492170333862,950
China,9,GWO-ABE,95,1.2726459503173828,960
China,9,GWO-ABE,96,1.272398591041565,970
China,9,GWO-ABE,97,1.269654393196106,980
China,9,GWO-ABE,98,1.271643877029419,990
China,9,GWO-ABE,99,1.2710076570510864,1000
China,9,WOA-ABE,0,1.3754280805587769,10
China,9,WOA-ABE,1,1.3754280805587769,20
China,9,WOA-ABE,2,1.325822114944458,30
China,9,WOA-ABE,3,1.325822114944458,40
China,9,WOA-ABE,4,1.325822114944458,50
China,9,WOA-ABE,5,1.3247675895690918,60
China,9,WOA-ABE,6,1.3226960897445679,70
China,9,WOA-ABE,7,1.3226960897445679,80
China,9,WOA-ABE,8,1.3226960897445679,90
China,9,WOA-ABE,9,1.3226960897445679,100
China,9,WOA-ABE,10,1.3226960897445679,110
China,9,WOA-ABE,11,1.3226960897445679,120
China,9,WOA-ABE,12,1.3226960897445679,130
China,9,WOA-ABE,13,1.3226960897445679,140
China,9,WOA-ABE,14,1.3226960897445679,150
China,9,WOA-ABE,15,1.3226960897445679,160
China,9,WOA-ABE,16,1.3226960897445679,170
China,9,WOA-ABE,17,1.3226960897445679,180
China,9,WOA-ABE,18,1.3226960897445679,190
China,9,WOA-ABE,19,1.3226960897445679,200
China,9,WOA-ABE,20,1.3226960897445679,210
China,9,WOA-ABE,21,1.3226960897445679,220
China,9,WOA-ABE,22,1.3226960897445679,230
China,9,WOA-ABE,23,1.3193230628967285,240
China,9,WOA-ABE,24,1.3193230628967285,250
China,9,WOA-ABE,25,1.3188176155090332,260
China,9,WOA-ABE,26,1.3167771100997925,270
China,9,WOA-ABE,27,1.3155288696289062,280
China,9,WOA-ABE,28,1.3155288696289062,290
China,9,WOA-ABE,29,1.3155288696289062,300
China,9,WOA-ABE,30,1.3133937120437622,310
China,9,WOA-ABE,31,1.3133937120437622,320
China,9,WOA-ABE,32,1.3131150007247925,330
China,9,WOA-ABE,33,1.3131150007247925,340
China,9,WOA-ABE,34,1.3131150007247925,350
China,9,WOA-ABE,35,1.3131150007247925,360
China,9,WOA-ABE,36,1.3130666017532349,370
China,9,WOA-ABE,37,1.3129602670669556,380
China,9,WOA-ABE,38,1.3129602670669556,390
China,9,WOA-ABE,39,1.3129602670669556,400
China,9,WOA-ABE,40,1.3129602670669556,410
China,9,WOA-ABE,41,1.3129602670669556,420
China,9,WOA-ABE,42,1.3129602670669556,430
China,9,WOA-ABE,43,1.3129602670669556,440
China,9,WOA-ABE,44,1.3129602670669556,450
China,9,WOA-ABE,45,1.3117380142211914,460
China,9,WOA-ABE,46,1.3117380142211914,470
China,9,WOA-ABE,47,1.3117380142211914,480
China,9,WOA-ABE,48,1.3117380142211914,490
China,9,WOA-ABE,49,1.3117380142211914,500
China,9,WOA-ABE,50,1.3117380142211914,510
China,9,WOA-ABE,51,1.3117380142211914,520
China,9,WOA-ABE,52,1.3117380142211914,530
China,9,WOA-ABE,53,1.3117380142211914,540
China,9,WOA-ABE,54,1.3117380142211914,550
China,9,WOA-ABE,55,1.3117380142211914,560
China,9,WOA-ABE,56,1.3117380142211914,570
China,9,WOA-ABE,57,1.3117380142211914,580
China,9,WOA-ABE,58,1.3117380142211914,590
China,9,WOA-ABE,59,1.3117314577102661,600
China,9,WOA-ABE,60,1.3116480112075806,610
China,9,WOA-ABE,61,1.3116480112075806,620
China,9,WOA-ABE,62,1.3116295337677002,630
China,9,WOA-ABE,63,1.31162428855896,640
China,9,WOA-ABE,64,1.31162428855896,650
China,9,WOA-ABE,65,1.31162428855896,660
China,9,WOA-ABE,66,1.3115538358688354,670
China,9,WOA-ABE,67,1.3115538358688354,680
China,9,WOA-ABE,68,1.3115538358688354,690
China,9,WOA-ABE,69,1.3115538358688354,700
China,9,WOA-ABE,70,1.3115538358688354,710
China,9,WOA-ABE,71,1.3115538358688354,720
China,9,WOA-ABE,72,1.3115538358688354,730
China,9,WOA-ABE,73,1.3115538358688354,740
China,9,WOA-ABE,74,1.3115538358688354,750
China,9,WOA-ABE,75,1.3115538358688354,760
China,9,WOA-ABE,76,1.3115237951278687,770
China,9,WOA-ABE,77,1.3115237951278687,780
China,9,WOA-ABE,78,1.3115237951278687,790
China,9,WOA-ABE,79,1.3115237951278687,800
China,9,WOA-ABE,80,1.3115237951278687,810
China,9,WOA-ABE,81,1.3113622665405273,820
China,9,WOA-ABE,82,1.3113622665405273,830
China,9,WOA-ABE,83,1.3113622665405273,840
China,9,WOA-ABE,84,1.3113622665405273,850
China,9,WOA-ABE,85,1.3113459348678589,860
China,9,WOA-ABE,86,1.3113459348678589,870
China,9,WOA-ABE,87,1.3113459348678589,880
China,9,WOA-ABE,88,1.3113459348678589,890
China,9,WOA-ABE,89,1.3113459348678589,900
China,9,WOA-ABE,90,1.3113459348678589,910
China,9,WOA-ABE,91,1.3113459348678589,920
China,9,WOA-ABE,92,1.3113459348678589,930
China,9,WOA-ABE,93,1.3113459348678589,940
China,9,WOA-ABE,94,1.3113459348678589,950
China,9,WOA-ABE,95,1.3113459348678589,960
China,9,WOA-ABE,96,1.3113459348678589,970
China,9,WOA-ABE,97,1.3113459348678589,980
China,9,WOA-ABE,98,1.3113459348678589,990
China,9,WOA-ABE,99,1.3113459348678589,1000
China,9,FAABE,0,1.358846664428711,10
China,9,FAABE,1,1.358846664428711,20
China,9,FAABE,2,1.3531914949417114,30
China,9,FAABE,3,1.3531914949417114,40
China,9,FAABE,4,1.3531914949417114,50
China,9,FAABE,5,1.3531914949417114,60
China,9,FAABE,6,1.3531914949417114,70
China,9,FAABE,7,1.3531914949417114,80
China,9,FAABE,8,1.3531914949417114,90
China,9,FAABE,9,1.3531914949417114,100
China,9,FAABE,10,1.3531914949417114,110
China,9,FAABE,11,1.34124755859375,120
China,9,FAABE,12,1.34124755859375,130
China,9,FAABE,13,1.34124755859375,140
China,9,FAABE,14,1.34124755859375,150
China,9,FAABE,15,1.34124755859375,160
China,9,FAABE,16,1.34124755859375,170
China,9,FAABE,17,1.34124755859375,180
China,9,FAABE,18,1.34124755859375,190
China,9,FAABE,19,1.34124755859375,200
China,9,FAABE,20,1.34124755859375,210
China,9,FAABE,21,1.34124755859375,220
China,9,FAABE,22,1.3221830129623413,230
China,9,FAABE,23,1.3221830129623413,240
China,9,FAABE,24,1.3221830129623413,250
China,9,FAABE,25,1.3221830129623413,260
China,9,FAABE,26,1.3221830129623413,270
China,9,FAABE,27,1.3221830129623413,280
China,9,FAABE,28,1.3221830129623413,290
China,9,FAABE,29,1.3221830129623413,300
China,9,FAABE,30,1.3221830129623413,310
China,9,FAABE,31,1.3221830129623413,320
China,9,FAABE,32,1.280837893486023,330
China,9,FAABE,33,1.280837893486023,340
China,9,FAABE,34,1.280837893486023,350
China,9,FAABE,35,1.280837893486023,360
China,9,FAABE,36,1.280837893486023,370
China,9,FAABE,37,1.280837893486023,380
China,9,FAABE,38,1.280837893486023,390
China,9,FAABE,39,1.280837893486023,400
China,9,FAABE,40,1.280837893486023,410
China,9,FAABE,41,1.280837893486023,420
China,9,FAABE,42,1.280837893486023,430
China,9,FAABE,43,1.280837893486023,440
China,9,FAABE,44,1.280837893486023,450
China,9,FAABE,45,1.280837893486023,460
China,9,FAABE,46,1.280837893486023,470
China,9,FAABE,47,1.280837893486023,480
China,9,FAABE,48,1.280837893486023,490
China,9,FAABE,49,1.280837893486023,500
China,9,FAABE,50,1.280837893486023,510
China,9,FAABE,51,1.280837893486023,520
China,9,FAABE,52,1.280837893486023,530
China,9,FAABE,53,1.280837893486023,540
China,9,FAABE,54,1.280837893486023,550
China,9,FAABE,55,1.280837893486023,560
China,9,FAABE,56,1.280837893486023,570
China,9,FAABE,57,1.280837893486023,580
China,9,FAABE,58,1.280837893486023,590
China,9,FAABE,59,1.280837893486023,600
China,9,FAABE,60,1.280837893486023,610
China,9,FAABE,61,1.280837893486023,620
China,9,FAABE,62,1.280837893486023,630
China,9,FAABE,63,1.280837893486023,640
China,9,FAABE,64,1.280837893486023,650
China,9,FAABE,65,1.280837893486023,660
China,9,FAABE,66,1.280837893486023,670
China,9,FAABE,67,1.280837893486023,680
China,9,FAABE,68,1.280837893486023,690
China,9,FAABE,69,1.280837893486023,700
China,9,FAABE,70,1.280837893486023,710
China,9,FAABE,71,1.280837893486023,720
China,9,FAABE,72,1.280837893486023,730
China,9,FAABE,73,1.280837893486023,740
China,9,FAABE,74,1.280837893486023,750
China,9,FAABE,75,1.280837893486023,760
China,9,FAABE,76,1.280837893486023,770
China,9,FAABE,77,1.280837893486023,780
China,9,FAABE,78,1.280837893486023,790
China,9,FAABE,79,1.280837893486023,800
China,9,FAABE,80,1.280837893486023,810
China,9,FAABE,81,1.280837893486023,820
China,9,FAABE,82,1.280837893486023,830
China,9,FAABE,83,1.280837893486023,840
China,9,FAABE,84,1.280837893486023,850
China,9,FAABE,85,1.280837893486023,860
China,9,FAABE,86,1.280837893486023,870
China,9,FAABE,87,1.280837893486023,880
China,9,FAABE,88,1.280837893486023,890
China,9,FAABE,89,1.280837893486023,900
China,9,FAABE,90,1.280837893486023,910
China,9,FAABE,91,1.280837893486023,920
China,9,FAABE,92,1.280837893486023,930
China,9,FAABE,93,1.280837893486023,940
China,9,FAABE,94,1.280837893486023,950
China,9,FAABE,95,1.280837893486023,960
China,9,FAABE,96,1.280837893486023,970
China,9,FAABE,97,1.280837893486023,980
China,9,FAABE,98,1.280837893486023,990
China,9,FAABE,99,1.280837893486023,1000
China,10,GA-ABE,0,1.3706402778625488,10
China,10,GA-ABE,1,1.3471698760986328,20
China,10,GA-ABE,2,1.3471698760986328,30
China,10,GA-ABE,3,1.3471698760986328,40
China,10,GA-ABE,4,1.3471698760986328,50
China,10,GA-ABE,5,1.3471698760986328,60
China,10,GA-ABE,6,1.3471698760986328,70
China,10,GA-ABE,7,1.3471698760986328,80
China,10,GA-ABE,8,1.344236135482788,90
China,10,GA-ABE,9,1.344236135482788,100
China,10,GA-ABE,10,1.3400964736938477,110
China,10,GA-ABE,11,1.3400964736938477,120
China,10,GA-ABE,12,1.3400964736938477,130
China,10,GA-ABE,13,1.3391863107681274,140
China,10,GA-ABE,14,1.3288706541061401,150
China,10,GA-ABE,15,1.3234338760375977,160
China,10,GA-ABE,16,1.3234338760375977,170
China,10,GA-ABE,17,1.3234338760375977,180
China,10,GA-ABE,18,1.3234338760375977,190
China,10,GA-ABE,19,1.3234338760375977,200
China,10,GA-ABE,20,1.3234338760375977,210
China,10,GA-ABE,21,1.3217686414718628,220
China,10,GA-ABE,22,1.3217686414718628,230
China,10,GA-ABE,23,1.3217686414718628,240
China,10,GA-ABE,24,1.3217686414718628,250
China,10,GA-ABE,25,1.310791015625,260
China,10,GA-ABE,26,1.2987912893295288,270
China,10,GA-ABE,27,1.293004035949707,280
China,10,GA-ABE,28,1.293004035949707,290
China,10,GA-ABE,29,1.293004035949707,300
China,10,GA-ABE,30,1.293004035949707,310
China,10,GA-ABE,31,1.2909611463546753,320
China,10,GA-ABE,32,1.2907713651657104,330
China,10,GA-ABE,33,1.2900211811065674,340
China,10,GA-ABE,34,1.2900211811065674,350
China,10,GA-ABE,35,1.2900211811065674,360
China,10,GA-ABE,36,1.2900211811065674,370
China,10,GA-ABE,37,1.2900210618972778,380
China,10,GA-ABE,38,1.2900210618972778,390
China,10,GA-ABE,39,1.2900210618972778,400
China,10,GA-ABE,40,1.2900210618972778,410
China,10,GA-ABE,41,1.2900210618972778,420
China,10,GA-ABE,42,1.2900210618972778,430
China,10,GA-ABE,43,1.2900210618972778,440
China,10,GA-ABE,44,1.2900210618972778,450
China,10,GA-ABE,45,1.2900210618972778,460
China,10,GA-ABE,46,1.2900210618972778,470
China,10,GA-ABE,47,1.2900210618972778,480
China,10,GA-ABE,48,1.2900210618972778,490
China,10,GA-ABE,49,1.2900210618972778,500
China,10,GA-ABE,50,1.2900210618972778,510
China,10,GA-ABE,51,1.2900210618972778,520
China,10,GA-ABE,52,1.2900210618972778,530
China,10,GA-ABE,53,1.2900210618972778,540
China,10,GA-ABE,54,1.2900210618972778,550
China,10,GA-ABE,55,1.2876980304718018,560
China,10,GA-ABE,56,1.2876980304718018,570
China,10,GA-ABE,57,1.2876980304718018,580
China,10,GA-ABE,58,1.2876980304718018,590
China,10,GA-ABE,59,1.2876980304718018,600
China,10,GA-ABE,60,1.2735172510147095,610
China,10,GA-ABE,61,1.27351713180542,620
China,10,GA-ABE,62,1.27351713180542,630
China,10,GA-ABE,63,1.27351713180542,640
China,10,GA-ABE,64,1.27351713180542,650
China,10,GA-ABE,65,1.27351713180542,660
China,10,GA-ABE,66,1.27351713180542,670
China,10,GA-ABE,67,1.27351713180542,680
China,10,GA-ABE,68,1.27351713180542,690
China,10,GA-ABE,69,1.27351713180542,700
China,10,GA-ABE,70,1.2725306749343872,710
China,10,GA-ABE,71,1.2725306749343872,720
China,10,GA-ABE,72,1.2725306749343872,730
China,10,GA-ABE,73,1.2725306749343872,740
China,10,GA-ABE,74,1.2725306749343872,750
China,10,GA-ABE,75,1.2725306749343872,760
China,10,GA-ABE,76,1.2725306749343872,770
China,10,GA-ABE,77,1.2705649137496948,780
China,10,GA-ABE,78,1.2705649137496948,790
China,10,GA-ABE,79,1.2705649137496948,800
China,10,GA-ABE,80,1.2705649137496948,810
China,10,GA-ABE,81,1.2705649137496948,820
China,10,GA-ABE,82,1.2705649137496948,830
China,10,GA-ABE,83,1.2705649137496948,840
China,10,GA-ABE,84,1.2705649137496948,850
China,10,GA-ABE,85,1.2705649137496948,860
China,10,GA-ABE,86,1.2705649137496948,870
China,10,GA-ABE,87,1.2647061347961426,880
China,10,GA-ABE,88,1.2647061347961426,890
China,10,GA-ABE,89,1.2647061347961426,900
China,10,GA-ABE,90,1.2647061347961426,910
China,10,GA-ABE,91,1.2647061347961426,920
China,10,GA-ABE,92,1.2647061347961426,930
China,10,GA-ABE,93,1.2647061347961426,940
China,10,GA-ABE,94,1.2647061347961426,950
China,10,GA-ABE,95,1.264182686805725,960
China,10,GA-ABE,96,1.261274814605713,970
China,10,GA-ABE,97,1.261274814605713,980
China,10,GA-ABE,98,1.261274814605713,990
China,10,GA-ABE,99,1.2612746953964233,1000
China,10,PSO-ABE,0,1.3087310791015625,10
China,10,PSO-ABE,1,1.2603002786636353,20
China,10,PSO-ABE,2,1.2603002786636353,30
China,10,PSO-ABE,3,1.2603002786636353,40
China,10,PSO-ABE,4,1.2603002786636353,50
China,10,PSO-ABE,5,1.2603002786636353,60
China,10,PSO-ABE,6,1.2603002786636353,70
China,10,PSO-ABE,7,1.2603002786636353,80
China,10,PSO-ABE,8,1.2603002786636353,90
China,10,PSO-ABE,9,1.2603002786636353,100
China,10,PSO-ABE,10,1.2603002786636353,110
China,10,PSO-ABE,11,1.2603002786636353,120
China,10,PSO-ABE,12,1.2603002786636353,130
China,10,PSO-ABE,13,1.2603002786636353,140
China,10,PSO-ABE,14,1.2603002786636353,150
China,10,PSO-ABE,15,1.2603002786636353,160
China,10,PSO-ABE,16,1.2603002786636353,170
China,10,PSO-ABE,17,1.2603002786636353,180
China,10,PSO-ABE,18,1.2603002786636353,190
China,10,PSO-ABE,19,1.2603002786636353,200
China,10,PSO-ABE,20,1.2603002786636353,210
China,10,PSO-ABE,21,1.2603002786636353,220
China,10,PSO-ABE,22,1.2603002786636353,230
China,10,PSO-ABE,23,1.246642827987671,240
China,10,PSO-ABE,24,1.246642827987671,250
China,10,PSO-ABE,25,1.2466034889221191,260
China,10,PSO-ABE,26,1.2466034889221191,270
China,10,PSO-ABE,27,1.2466034889221191,280
China,10,PSO-ABE,28,1.2466034889221191,290
China,10,PSO-ABE,29,1.2466034889221191,300
China,10,PSO-ABE,30,1.2466034889221191,310
China,10,PSO-ABE,31,1.2424341440200806,320
China,10,PSO-ABE,32,1.2424341440200806,330
China,10,PSO-ABE,33,1.2424341440200806,340
China,10,PSO-ABE,34,1.2424341440200806,350
China,10,PSO-ABE,35,1.2405779361724854,360
China,10,PSO-ABE,36,1.2405779361724854,370
China,10,PSO-ABE,37,1.2405779361724854,380
China,10,PSO-ABE,38,1.2405779361724854,390
China,10,PSO-ABE,39,1.2405779361724854,400
China,10,PSO-ABE,40,1.2405779361724854,410
China,10,PSO-ABE,41,1.2405779361724854,420
China,10,PSO-ABE,42,1.2405779361724854,430
China,10,PSO-ABE,43,1.24053156375885,440
China,10,PSO-ABE,44,1.24053156375885,450
China,10,PSO-ABE,45,1.2402498722076416,460
China,10,PSO-ABE,46,1.2390929460525513,470
China,10,PSO-ABE,47,1.2390929460525513,480
China,10,PSO-ABE,48,1.2390929460525513,490
China,10,PSO-ABE,49,1.2390929460525513,500
China,10,PSO-ABE,50,1.2390929460525513,510
China,10,PSO-ABE,51,1.2390929460525513,520
China,10,PSO-ABE,52,1.2390929460525513,530
China,10,PSO-ABE,53,1.2341105937957764,540
China,10,PSO-ABE,54,1.2329858541488647,550
China,10,PSO-ABE,55,1.2329858541488647,560
China,10,PSO-ABE,56,1.2329858541488647,570
China,10,PSO-ABE,57,1.2329858541488647,580
China,10,PSO-ABE,58,1.2329858541488647,590
China,10,PSO-ABE,59,1.2329858541488647,600
China,10,PSO-ABE,60,1.2329858541488647,610
China,10,PSO-ABE,61,1.2329858541488647,620
China,10,PSO-ABE,62,1.2329858541488647,630
China,10,PSO-ABE,63,1.2329858541488647,640
China,10,PSO-ABE,64,1.2329858541488647,650
China,10,PSO-ABE,65,1.2316842079162598,660
China,10,PSO-ABE,66,1.2316842079162598,670
China,10,PSO-ABE,67,1.2316842079162598,680
China,10,PSO-ABE,68,1.2316842079162598,690
China,10,PSO-ABE,69,1.2316842079162598,700
China,10,PSO-ABE,70,1.2316707372665405,710
China,10,PSO-ABE,71,1.2316707372665405,720
China,10,PSO-ABE,72,1.2316564321517944,730
China,10,PSO-ABE,73,1.2316564321517944,740
China,10,PSO-ABE,74,1.2316564321517944,750
China,10,PSO-ABE,75,1.227469801902771,760
China,10,PSO-ABE,76,1.227469801902771,770
China,10,PSO-ABE,77,1.227469801902771,780
China,10,PSO-ABE,78,1.227469801902771,790
China,10,PSO-ABE,79,1.227469801902771,800
China,10,PSO-ABE,80,1.227469801902771,810
China,10,PSO-ABE,81,1.227469801902771,820
China,10,PSO-ABE,82,1.225519061088562,830
China,10,PSO-ABE,83,1.225519061088562,840
China,10,PSO-ABE,84,1.225519061088562,850
China,10,PSO-ABE,85,1.225519061088562,860
China,10,PSO-ABE,86,1.2254501581192017,870
China,10,PSO-ABE,87,1.2254501581192017,880
China,10,PSO-ABE,88,1.2253944873809814,890
China,10,PSO-ABE,89,1.2253944873809814,900
China,10,PSO-ABE,90,1.2253944873809814,910
China,10,PSO-ABE,91,1.2253944873809814,920
China,10,PSO-ABE,92,1.2253944873809814,930
China,10,PSO-ABE,93,1.2253944873809814,940
China,10,PSO-ABE,94,1.2253806591033936,950
China,10,PSO-ABE,95,1.2253806591033936,960
China,10,PSO-ABE,96,1.225379228591919,970
China,10,PSO-ABE,97,1.225379228591919,980
China,10,PSO-ABE,98,1.225379228591919,990
China,10,PSO-ABE,99,1.225379228591919,1000
China,10,DE-ABE,0,1.348324179649353,10
China,10,DE-ABE,1,1.3378407955169678,20
China,10,DE-ABE,2,1.3378407955169678,30
China,10,DE-ABE,3,1.3317402601242065,40
China,10,DE-ABE,4,1.3317402601242065,50
China,10,DE-ABE,5,1.32729172706604,60
China,10,DE-ABE,6,1.2987061738967896,70
China,10,DE-ABE,7,1.2987061738967896,80
China,10,DE-ABE,8,1.2987061738967896,90
China,10,DE-ABE,9,1.2987061738967896,100
China,10,DE-ABE,10,1.2987061738967896,110
China,10,DE-ABE,11,1.2987061738967896,120
China,10,DE-ABE,12,1.2987061738967896,130
China,10,DE-ABE,13,1.2987061738967896,140
China,10,DE-ABE,14,1.2987061738967896,150
China,10,DE-ABE,15,1.2987061738967896,160
China,10,DE-ABE,16,1.2987061738967896,170
China,10,DE-ABE,17,1.2987061738967896,180
China,10,DE-ABE,18,1.2987061738967896,190
China,10,DE-ABE,19,1.2899373769760132,200
China,10,DE-ABE,20,1.2899373769760132,210
China,10,DE-ABE,21,1.2899373769760132,220
China,10,DE-ABE,22,1.2899373769760132,230
China,10,DE-ABE,23,1.2899373769760132,240
China,10,DE-ABE,24,1.2899373769760132,250
China,10,DE-ABE,25,1.2899373769760132,260
China,10,DE-ABE,26,1.2887495756149292,270
China,10,DE-ABE,27,1.2887495756149292,280
China,10,DE-ABE,28,1.2877156734466553,290
China,10,DE-ABE,29,1.2877156734466553,300
China,10,DE-ABE,30,1.2877156734466553,310
China,10,DE-ABE,31,1.2877156734466553,320
China,10,DE-ABE,32,1.2869417667388916,330
China,10,DE-ABE,33,1.28639817237854,340
China,10,DE-ABE,34,1.286254644393921,350
China,10,DE-ABE,35,1.2856730222702026,360
China,10,DE-ABE,36,1.2843081951141357,370
China,10,DE-ABE,37,1.2843081951141357,380
China,10,DE-ABE,38,1.2843081951141357,390
China,10,DE-ABE,39,1.2843081951141357,400
China,10,DE-ABE,40,1.2843081951141357,410
China,10,DE-ABE,41,1.2843081951141357,420
China,10,DE-ABE,42,1.2843081951141357,430
China,10,DE-ABE,43,1.2839055061340332,440
China,10,DE-ABE,44,1.2839055061340332,450
China,10,DE-ABE,45,1.2838999032974243,460
China,10,DE-ABE,46,1.2838999032974243,470
China,10,DE-ABE,47,1.2838999032974243,480
China,10,DE-ABE,48,1.2838999032974243,490
China,10,DE-ABE,49,1.2834340333938599,500
China,10,DE-ABE,50,1.2821999788284302,510
China,10,DE-ABE,51,1.2821999788284302,520
China,10,DE-ABE,52,1.2821999788284302,530
China,10,DE-ABE,53,1.2821999788284302,540
China,10,DE-ABE,54,1.2821999788284302,550
China,10,DE-ABE,55,1.2816928625106812,560
China,10,DE-ABE,56,1.2816928625106812,570
China,10,DE-ABE,57,1.2816928625106812,580
China,10,DE-ABE,58,1.2816928625106812,590
China,10,DE-ABE,59,1.2816928625106812,600
China,10,DE-ABE,60,1.2816928625106812,610
China,10,DE-ABE,61,1.2816928625106812,620
China,10,DE-ABE,62,1.2816928625106812,630
China,10,DE-ABE,63,1.2816928625106812,640
China,10,DE-ABE,64,1.2816928625106812,650
China,10,DE-ABE,65,1.2816928625106812,660
China,10,DE-ABE,66,1.2816928625106812,670
China,10,DE-ABE,67,1.2816928625106812,680
China,10,DE-ABE,68,1.2816928625106812,690
China,10,DE-ABE,69,1.2816928625106812,700
China,10,DE-ABE,70,1.2816928625106812,710
China,10,DE-ABE,71,1.2816928625106812,720
China,10,DE-ABE,72,1.2816928625106812,730
China,10,DE-ABE,73,1.2816928625106812,740
China,10,DE-ABE,74,1.2816928625106812,750
China,10,DE-ABE,75,1.2815942764282227,760
China,10,DE-ABE,76,1.2815942764282227,770
China,10,DE-ABE,77,1.2815942764282227,780
China,10,DE-ABE,78,1.2815942764282227,790
China,10,DE-ABE,79,1.2815942764282227,800
China,10,DE-ABE,80,1.2815942764282227,810
China,10,DE-ABE,81,1.2815942764282227,820
China,10,DE-ABE,82,1.2815942764282227,830
China,10,DE-ABE,83,1.2815942764282227,840
China,10,DE-ABE,84,1.2815942764282227,850
China,10,DE-ABE,85,1.2814663648605347,860
China,10,DE-ABE,86,1.2814663648605347,870
China,10,DE-ABE,87,1.2814663648605347,880
China,10,DE-ABE,88,1.2813395261764526,890
China,10,DE-ABE,89,1.2813395261764526,900
China,10,DE-ABE,90,1.2813395261764526,910
China,10,DE-ABE,91,1.2813395261764526,920
China,10,DE-ABE,92,1.2813395261764526,930
China,10,DE-ABE,93,1.2813395261764526,940
China,10,DE-ABE,94,1.2813395261764526,950
China,10,DE-ABE,95,1.2813395261764526,960
China,10,DE-ABE,96,1.2813395261764526,970
China,10,DE-ABE,97,1.2813395261764526,980
China,10,DE-ABE,98,1.2813395261764526,990
China,10,DE-ABE,99,1.2808489799499512,1000
China,10,GWO-ABE,0,1.36737060546875,10
China,10,GWO-ABE,1,1.328822374343872,20
China,10,GWO-ABE,2,1.3234421014785767,30
China,10,GWO-ABE,3,1.2954683303833008,40
China,10,GWO-ABE,4,1.2923600673675537,50
China,10,GWO-ABE,5,1.3149549961090088,60
China,10,GWO-ABE,6,1.2662990093231201,70
China,10,GWO-ABE,7,1.270241141319275,80
China,10,GWO-ABE,8,1.2623207569122314,90
China,10,GWO-ABE,9,1.3108806610107422,100
China,10,GWO-ABE,10,1.284583330154419,110
China,10,GWO-ABE,11,1.2809772491455078,120
China,10,GWO-ABE,12,1.2729758024215698,130
China,10,GWO-ABE,13,1.2994439601898193,140
China,10,GWO-ABE,14,1.2831695079803467,150
China,10,GWO-ABE,15,1.3179394006729126,160
China,10,GWO-ABE,16,1.2881978750228882,170
China,10,GWO-ABE,17,1.3148367404937744,180
China,10,GWO-ABE,18,1.3157618045806885,190
China,10,GWO-ABE,19,1.2848789691925049,200
China,10,GWO-ABE,20,1.2996426820755005,210
China,10,GWO-ABE,21,1.3175867795944214,220
China,10,GWO-ABE,22,1.3036006689071655,230
China,10,GWO-ABE,23,1.3016413450241089,240
China,10,GWO-ABE,24,1.3135823011398315,250
China,10,GWO-ABE,25,1.288122534751892,260
China,10,GWO-ABE,26,1.295960783958435,270
China,10,GWO-ABE,27,1.2797900438308716,280
China,10,GWO-ABE,28,1.261121153831482,290
China,10,GWO-ABE,29,1.2594623565673828,300
China,10,GWO-ABE,30,1.2785570621490479,310
China,10,GWO-ABE,31,1.2704983949661255,320
China,10,GWO-ABE,32,1.2738100290298462,330
China,10,GWO-ABE,33,1.2781507968902588,340
China,10,GWO-ABE,34,1.2998321056365967,350
China,10,GWO-ABE,35,1.295120120048523,360
China,10,GWO-ABE,36,1.292138934135437,370
China,10,GWO-ABE,37,1.2667325735092163,380
China,10,GWO-ABE,38,1.253564476966858,390
China,10,GWO-ABE,39,1.2633591890335083,400
China,10,GWO-ABE,40,1.2517096996307373,410
China,10,GWO-ABE,41,1.2620524168014526,420
China,10,GWO-ABE,42,1.2870063781738281,430
China,10,GWO-ABE,43,1.2917920351028442,440
China,10,GWO-ABE,44,1.3074246644973755,450
China,10,GWO-ABE,45,1.3015893697738647,460
China,10,GWO-ABE,46,1.289372444152832,470
China,10,GWO-ABE,47,1.301624059677124,480
China,10,GWO-ABE,48,1.3099945783615112,490
China,10,GWO-ABE,49,1.2706637382507324,500
China,10,GWO-ABE,50,1.2861443758010864,510
China,10,GWO-ABE,51,1.2563250064849854,520
China,10,GWO-ABE,52,1.2706987857818604,530
China,10,GWO-ABE,53,1.2611653804779053,540
China,10,GWO-ABE,54,1.2597014904022217,550
China,10,GWO-ABE,55,1.2823249101638794,560
China,10,GWO-ABE,56,1.2589263916015625,570
China,10,GWO-ABE,57,1.2645353078842163,580
China,10,GWO-ABE,58,1.2840379476547241,590
China,10,GWO-ABE,59,1.2857189178466797,600
China,10,GWO-ABE,60,1.2714464664459229,610
China,10,GWO-ABE,61,1.2688140869140625,620
China,10,GWO-ABE,62,1.2682240009307861,630
China,10,GWO-ABE,63,1.256453514099121,640
China,10,GWO-ABE,64,1.2867599725723267,650
China,10,GWO-ABE,65,1.26436448097229,660
China,10,GWO-ABE,66,1.2787659168243408,670
China,10,GWO-ABE,67,1.2810226678848267,680
China,10,GWO-ABE,68,1.2654304504394531,690
China,10,GWO-ABE,69,1.2684612274169922,700
China,10,GWO-ABE,70,1.2573003768920898,710
China,10,GWO-ABE,71,1.2522412538528442,720
China,10,GWO-ABE,72,1.249203085899353,730
China,10,GWO-ABE,73,1.2694501876831055,740
China,10,GWO-ABE,74,1.2791420221328735,750
China,10,GWO-ABE,75,1.253852128982544,760
China,10,GWO-ABE,76,1.2486029863357544,770
China,10,GWO-ABE,77,1.2548351287841797,780
China,10,GWO-ABE,78,1.247209906578064,790
China,10,GWO-ABE,79,1.2585644721984863,800
China,10,GWO-ABE,80,1.252501368522644,810
China,10,GWO-ABE,81,1.247349739074707,820
China,10,GWO-ABE,82,1.2498770952224731,830
China,10,GWO-ABE,83,1.2540690898895264,840
China,10,GWO-ABE,84,1.2433412075042725,850
China,10,GWO-ABE,85,1.241932988166809,860
China,10,GWO-ABE,86,1.2390384674072266,870
China,10,GWO-ABE,87,1.2385921478271484,880
China,10,GWO-ABE,88,1.247417688369751,890
China,10,GWO-ABE,89,1.239513874053955,900
China,10,GWO-ABE,90,1.2407948970794678,910
China,10,GWO-ABE,91,1.2462838888168335,920
China,10,GWO-ABE,92,1.2423686981201172,930
China,10,GWO-ABE,93,1.2412285804748535,940
China,10,GWO-ABE,94,1.2372546195983887,950
China,10,GWO-ABE,95,1.2384697198867798,960
China,10,GWO-ABE,96,1.2386665344238281,970
China,10,GWO-ABE,97,1.2358018159866333,980
China,10,GWO-ABE,98,1.235762596130371,990
China,10,GWO-ABE,99,1.2344393730163574,1000
China,10,WOA-ABE,0,1.3670295476913452,10
China,10,WOA-ABE,1,1.3464601039886475,20
China,10,WOA-ABE,2,1.3464601039886475,30
China,10,WOA-ABE,3,1.3459415435791016,40
China,10,WOA-ABE,4,1.327744722366333,50
China,10,WOA-ABE,5,1.327744722366333,60
China,10,WOA-ABE,6,1.308264136314392,70
China,10,WOA-ABE,7,1.3076423406600952,80
China,10,WOA-ABE,8,1.3076423406600952,90
China,10,WOA-ABE,9,1.3071019649505615,100
China,10,WOA-ABE,10,1.3071019649505615,110
China,10,WOA-ABE,11,1.3071019649505615,120
China,10,WOA-ABE,12,1.3071019649505615,130
China,10,WOA-ABE,13,1.3071019649505615,140
China,10,WOA-ABE,14,1.3051787614822388,150
China,10,WOA-ABE,15,1.3051787614822388,160
China,10,WOA-ABE,16,1.3051787614822388,170
China,10,WOA-ABE,17,1.3051786422729492,180
China,10,WOA-ABE,18,1.3051786422729492,190
China,10,WOA-ABE,19,1.3051786422729492,200
China,10,WOA-ABE,20,1.2877953052520752,210
China,10,WOA-ABE,21,1.2877953052520752,220
China,10,WOA-ABE,22,1.2877953052520752,230
China,10,WOA-ABE,23,1.2778456211090088,240
China,10,WOA-ABE,24,1.270790457725525,250
China,10,WOA-ABE,25,1.270790457725525,260
China,10,WOA-ABE,26,1.268018364906311,270
China,10,WOA-ABE,27,1.2621411085128784,280
China,10,WOA-ABE,28,1.2621411085128784,290
China,10,WOA-ABE,29,1.2621411085128784,300
China,10,WOA-ABE,30,1.2621411085128784,310
China,10,WOA-ABE,31,1.2621411085128784,320
China,10,WOA-ABE,32,1.2621411085128784,330
China,10,WOA-ABE,33,1.2596213817596436,340
China,10,WOA-ABE,34,1.2596213817596436,350
China,10,WOA-ABE,35,1.2596213817596436,360
China,10,WOA-ABE,36,1.2596213817596436,370
China,10,WOA-ABE,37,1.253997802734375,380
China,10,WOA-ABE,38,1.253997802734375,390
China,10,WOA-ABE,39,1.253997802734375,400
China,10,WOA-ABE,40,1.253997802734375,410
China,10,WOA-ABE,41,1.253997802734375,420
China,10,WOA-ABE,42,1.2539937496185303,430
China,10,WOA-ABE,43,1.2539937496185303,440
China,10,WOA-ABE,44,1.2539937496185303,450
China,10,WOA-ABE,45,1.2539935111999512,460
China,10,WOA-ABE,46,1.2539288997650146,470
China,10,WOA-ABE,47,1.2539275884628296,480
China,10,WOA-ABE,48,1.2539262771606445,490
China,10,WOA-ABE,49,1.2539258003234863,500
China,10,WOA-ABE,50,1.2539258003234863,510
China,10,WOA-ABE,51,1.2539258003234863,520
China,10,WOA-ABE,52,1.2539258003234863,530
China,10,WOA-ABE,53,1.2539258003234863,540
China,10,WOA-ABE,54,1.2539258003234863,550
China,10,WOA-ABE,55,1.2539258003234863,560
China,10,WOA-ABE,56,1.2539258003234863,570
China,10,WOA-ABE,57,1.2539258003234863,580
China,10,WOA-ABE,58,1.2539243698120117,590
China,10,WOA-ABE,59,1.2528406381607056,600
China,10,WOA-ABE,60,1.2521553039550781,610
China,10,WOA-ABE,61,1.2521553039550781,620
China,10,WOA-ABE,62,1.2521553039550781,630
China,10,WOA-ABE,63,1.2521553039550781,640
China,10,WOA-ABE,64,1.2521553039550781,650
China,10,WOA-ABE,65,1.2521553039550781,660
China,10,WOA-ABE,66,1.2521530389785767,670
China,10,WOA-ABE,67,1.2521530389785767,680
China,10,WOA-ABE,68,1.2521530389785767,690
China,10,WOA-ABE,69,1.2521530389785767,700
China,10,WOA-ABE,70,1.2521530389785767,710
China,10,WOA-ABE,71,1.2521495819091797,720
China,10,WOA-ABE,72,1.252144694328308,730
China,10,WOA-ABE,73,1.252144694328308,740
China,10,WOA-ABE,74,1.2521415948867798,750
China,10,WOA-ABE,75,1.2521415948867798,760
China,10,WOA-ABE,76,1.2521415948867798,770
China,10,WOA-ABE,77,1.2521415948867798,780
China,10,WOA-ABE,78,1.2521398067474365,790
China,10,WOA-ABE,79,1.2521398067474365,800
China,10,WOA-ABE,80,1.2521398067474365,810
China,10,WOA-ABE,81,1.2521398067474365,820
China,10,WOA-ABE,82,1.2521398067474365,830
China,10,WOA-ABE,83,1.2521398067474365,840
China,10,WOA-ABE,84,1.2521398067474365,850
China,10,WOA-ABE,85,1.2521398067474365,860
China,10,WOA-ABE,86,1.2521398067474365,870
China,10,WOA-ABE,87,1.2521398067474365,880
China,10,WOA-ABE,88,1.2521398067474365,890
China,10,WOA-ABE,89,1.2521398067474365,900
China,10,WOA-ABE,90,1.2521395683288574,910
China,10,WOA-ABE,91,1.2521395683288574,920
China,10,WOA-ABE,92,1.2521389722824097,930
China,10,WOA-ABE,93,1.2521389722824097,940
China,10,WOA-ABE,94,1.2521387338638306,950
China,10,WOA-ABE,95,1.252111792564392,960
China,10,WOA-ABE,96,1.252111792564392,970
China,10,WOA-ABE,97,1.252111792564392,980
China,10,WOA-ABE,98,1.2520313262939453,990
China,10,WOA-ABE,99,1.25202476978302,1000
China,10,FAABE,0,1.3455973863601685,10
China,10,FAABE,1,1.3455973863601685,20
China,10,FAABE,2,1.3455973863601685,30
China,10,FAABE,3,1.3455973863601685,40
China,10,FAABE,4,1.3455973863601685,50
China,10,FAABE,5,1.339792013168335,60
China,10,FAABE,6,1.339792013168335,70
China,10,FAABE,7,1.328425407409668,80
China,10,FAABE,8,1.3177303075790405,90
China,10,FAABE,9,1.3177303075790405,100
China,10,FAABE,10,1.3169132471084595,110
China,10,FAABE,11,1.3042491674423218,120
China,10,FAABE,12,1.3039939403533936,130
China,10,FAABE,13,1.3039939403533936,140
China,10,FAABE,14,1.3039939403533936,150
China,10,FAABE,15,1.2968904972076416,160
China,10,FAABE,16,1.2968904972076416,170
China,10,FAABE,17,1.2968904972076416,180
China,10,FAABE,18,1.291685938835144,190
China,10,FAABE,19,1.2642841339111328,200
China,10,FAABE,20,1.2642841339111328,210
China,10,FAABE,21,1.2642841339111328,220
China,10,FAABE,22,1.2642841339111328,230
China,10,FAABE,23,1.2642841339111328,240
China,10,FAABE,24,1.2642841339111328,250
China,10,FAABE,25,1.2642841339111328,260
China,10,FAABE,26,1.2642841339111328,270
China,10,FAABE,27,1.2642841339111328,280
China,10,FAABE,28,1.2642841339111328,290
China,10,FAABE,29,1.2642841339111328,300
China,10,FAABE,30,1.2642841339111328,310
China,10,FAABE,31,1.2642841339111328,320
China,10,FAABE,32,1.2642841339111328,330
China,10,FAABE,33,1.2642841339111328,340
China,10,FAABE,34,1.2642841339111328,350
China,10,FAABE,35,1.2642841339111328,360
China,10,FAABE,36,1.2642841339111328,370
China,10,FAABE,37,1.2642841339111328,380
China,10,FAABE,38,1.2642841339111328,390
China,10,FAABE,39,1.2642841339111328,400
China,10,FAABE,40,1.2642841339111328,410
China,10,FAABE,41,1.2642841339111328,420
China,10,FAABE,42,1.2642841339111328,430
China,10,FAABE,43,1.2642841339111328,440
China,10,FAABE,44,1.2642841339111328,450
China,10,FAABE,45,1.2642841339111328,460
China,10,FAABE,46,1.2642841339111328,470
China,10,FAABE,47,1.2642841339111328,480
China,10,FAABE,48,1.2642841339111328,490
China,10,FAABE,49,1.2642841339111328,500
China,10,FAABE,50,1.2642841339111328,510
China,10,FAABE,51,1.2642841339111328,520
China,10,FAABE,52,1.2642841339111328,530
China,10,FAABE,53,1.2642841339111328,540
China,10,FAABE,54,1.2642841339111328,550
China,10,FAABE,55,1.2642841339111328,560
China,10,FAABE,56,1.2642841339111328,570
China,10,FAABE,57,1.2642841339111328,580
China,10,FAABE,58,1.2642841339111328,590
China,10,FAABE,59,1.2642841339111328,600
China,10,FAABE,60,1.2642841339111328,610
China,10,FAABE,61,1.2642841339111328,620
China,10,FAABE,62,1.2642841339111328,630
China,10,FAABE,63,1.2642841339111328,640
China,10,FAABE,64,1.2642841339111328,650
China,10,FAABE,65,1.2642841339111328,660
China,10,FAABE,66,1.2642841339111328,670
China,10,FAABE,67,1.2642841339111328,680
China,10,FAABE,68,1.2642841339111328,690
China,10,FAABE,69,1.2642841339111328,700
China,10,FAABE,70,1.2642841339111328,710
China,10,FAABE,71,1.2642841339111328,720
China,10,FAABE,72,1.2642841339111328,730
China,10,FAABE,73,1.2642841339111328,740
China,10,FAABE,74,1.2642841339111328,750
China,10,FAABE,75,1.2642841339111328,760
China,10,FAABE,76,1.2642841339111328,770
China,10,FAABE,77,1.2642841339111328,780
China,10,FAABE,78,1.2642841339111328,790
China,10,FAABE,79,1.2642841339111328,800
China,10,FAABE,80,1.2642841339111328,810
China,10,FAABE,81,1.2642841339111328,820
China,10,FAABE,82,1.2642841339111328,830
China,10,FAABE,83,1.2642841339111328,840
China,10,FAABE,84,1.2642841339111328,850
China,10,FAABE,85,1.2642841339111328,860
China,10,FAABE,86,1.2642841339111328,870
China,10,FAABE,87,1.2642841339111328,880
China,10,FAABE,88,1.249142050743103,890
China,10,FAABE,89,1.249142050743103,900
China,10,FAABE,90,1.249142050743103,910
China,10,FAABE,91,1.249142050743103,920
China,10,FAABE,92,1.249142050743103,930
China,10,FAABE,93,1.249142050743103,940
China,10,FAABE,94,1.249142050743103,950
China,10,FAABE,95,1.249142050743103,960
China,10,FAABE,96,1.249142050743103,970
China,10,FAABE,97,1.249142050743103,980
China,10,FAABE,98,1.249142050743103,990
China,10,FAABE,99,1.249142050743103,1000
