Dataset,Project_Index,Fold,Actual,ABE_Prediction,ABE_Absolute_Error,ABE_MRE,GA-ABE_Prediction,GA-ABE_Absolute_Error,GA-ABE_MRE,PSO-ABE_Prediction,PSO-ABE_Absolute_Error,PSO-ABE_MRE,DE-ABE_Prediction,DE-ABE_Absolute_Error,DE-ABE_MRE,GWO-ABE_Prediction,GWO-ABE_Absolute_Error,GWO-ABE_MRE,WOA-ABE_Prediction,WOA-ABE_Absolute_Error,WOA-ABE_MRE,FAABE_Prediction,FAABE_Absolute_Error,FAABE_MRE
China,0,1,7490.0,13319.71484375,5829.71484375,0.778333089953271,2602.386474609375,4887.613525390625,0.6525518725488151,12138.458984375,4648.458984375,0.6206220272863818,5483.47607421875,2006.52392578125,0.26789371505757675,6667.70849609375,822.29150390625,0.10978524751752336,5987.54443359375,1502.45556640625,0.20059486867907209,5431.40966796875,2058.59033203125,0.27484517116572094
China,1,9,4150.0,1631.257568359375,2518.742431640625,0.6069258871423193,1443.592041015625,2706.407958984375,0.6521464961408132,1548.4815673828125,2601.5184326171875,0.6268719114740211,1717.7525634765625,2432.2474365234375,0.5860837196442018,1699.035888671875,2450.964111328125,0.5905937617658132,2794.616455078125,1355.383544921875,0.32659844455948794,2706.67236328125,1443.32763671875,0.3477897919804217
China,2,1,668.0,1700.7613525390625,1032.7613525390625,1.5460499289506924,1949.3955078125,1281.3955078125,1.9182567482223054,1108.252197265625,440.252197265625,0.6590601755473429,1107.8839111328125,439.8839111328125,0.6585088490012163,1728.6580810546875,1060.6580810546875,1.5878114985848615,1107.794921875,439.794921875,0.6583756315494012,1684.87841796875,1016.87841796875,1.5222730807915419
China,3,4,3238.0,5340.03369140625,2102.03369140625,0.649176556950664,1032.472412109375,2205.527587890625,0.6811388474029108,1378.3507080078125,1859.6492919921875,0.5743203495961049,5494.7998046875,2256.7998046875,0.696973380076436,1063.32763671875,2174.67236328125,0.6716097477706146,1038.71240234375,2199.28759765625,0.679211734915457,1028.744873046875,2209.255126953125,0.6822900330306131
China,4,8,2994.0,9967.4609375,6973.4609375,2.329145269706079,8983.2021484375,5989.2021484375,2.000401519184202,545.1214599609375,2448.8785400390625,0.8179287040878632,1733.53564453125,1260.46435546875,0.42099677871367736,8809.10546875,5815.10546875,1.9422529955744823,9250.6279296875,6256.6279296875,2.089722087403975,1067.736328125,1926.263671875,0.6433746399048096
China,5,3,1333.0,490.70355224609375,842.2964477539062,0.6318803058919027,459.2419738769531,873.7580261230469,0.6554823901898326,419.5098876953125,913.4901123046875,0.6852889064551294,1928.114990234375,595.114990234375,0.4464478546394411,596.4908447265625,736.5091552734375,0.5525199964541917,486.33782958984375,846.6621704101562,0.6351554166617827,423.8814697265625,909.1185302734375,0.6820094000550919
China,6,5,1607.0,1019.205810546875,587.794189453125,0.36577111975925636,1989.2568359375,382.2568359375,0.23786984190261357,1005.7545166015625,601.2454833984375,0.37414155780861075,1014.2713012695312,592.7286987304688,0.3688417540326501,1656.712890625,49.712890625,0.030935215074673304,1070.138671875,536.861328125,0.33407674432171747,1127.8111572265625,479.1888427734375,0.29818845225478374
China,7,4,1158.0,1959.5458984375,801.5458984375,0.6921812594451641,1989.966796875,831.966796875,0.7184514653497409,1428.6728515625,270.6728515625,0.23374166801597582,1875.7783203125,717.7783203125,0.619843109078152,1955.094482421875,797.094482421875,0.688337204163968,1960.43359375,802.43359375,0.6929478357081175,1978.19775390625,820.19775390625,0.7082882158085061
China,8,8,1243.0,1842.556884765625,599.556884765625,0.4823466490471641,1558.7264404296875,315.7264404296875,0.25400357234890386,801.7582397460938,441.24176025390625,0.3549813035027403,1616.4063720703125,373.4063720703125,0.30040737897852976,1544.9268798828125,301.9268798828125,0.2429017537271219,2187.42041015625,944.42041015625,0.7597911586132341,2181.0927734375,938.0927734375,0.7547005417839904
China,9,1,3372.0,1712.6522216796875,1659.3477783203125,0.4920960196679456,1889.772216796875,1482.227783203125,0.4395693307245329,1413.962646484375,1958.037353515625,0.5806753717424747,1413.49658203125,1958.50341796875,0.5808135877724644,1115.44677734375,2256.55322265625,0.6692032095659104,2103.793212890625,1268.206787109375,0.37609928443338525,1413.90380859375,1958.09619140625,0.5806928207017349
China,10,5,10200.0,1897.4371337890625,8302.562866210938,0.8139767515893076,1904.954833984375,8295.045166015625,0.8132397221583946,2672.42529296875,7527.57470703125,0.7379975202971814,2642.987548828125,7557.012451171875,0.7408835736443015,1425.5338134765625,8774.466186523438,0.8602417829924939,1699.360595703125,8500.639404296875,0.8333960200291054,1925.0081787109375,8274.991821289062,0.8112737079695159
China,11,1,1704.0,1659.6512451171875,44.3487548828125,0.026026264602589496,1873.1343994140625,169.1343994140625,0.09925727665144513,1393.5048828125,310.4951171875,0.1822154443588615,1035.597412109375,668.402587890625,0.39225503984191606,1058.5758056640625,645.4241943359375,0.3787700670985549,1003.1156005859375,700.8843994140625,0.4113171358063747,1397.153564453125,306.846435546875,0.180074199264598
China,12,7,2640.0,2634.994140625,5.005859375,0.0018961588541666667,1819.98583984375,820.01416015625,0.3106114243016099,844.4490966796875,1795.5509033203125,0.6801329179243608,2466.202880859375,173.797119140625,0.06583224209872159,920.66259765625,1719.33740234375,0.6512641675544507,1003.16796875,1636.83203125,0.6200121330492424,926.9714965820312,1713.0285034179688,0.648874433112867
China,13,9,3348.0,1552.3973388671875,1795.6026611328125,0.5363209860014374,2485.961181640625,862.038818359375,0.25747873905596624,2919.31689453125,428.68310546875,0.12804154882579152,3113.41552734375,234.58447265625,0.07006704679099462,3147.884765625,200.115234375,0.05977157538082437,1991.2763671875,1356.7236328125,0.4052340599798387,1305.4471435546875,2042.5528564453125,0.6100814983408939
China,14,8,676.0,1511.5433349609375,835.5433349609375,1.2360108505339311,5517.78173828125,4841.78173828125,7.1623990211261095,1775.97607421875,1099.97607421875,1.627183541743713,3603.048828125,2927.048828125,4.329953887758876,5414.81982421875,4738.81982421875,7.010088497365015,1752.78125,1076.78125,1.5928716715976332,1767.35693359375,1091.35693359375,1.614433333718565
China,15,2,911.0,477.83062744140625,433.16937255859375,0.47548778546497666,484.1737976074219,426.8262023925781,0.4685249202992076,471.917236328125,439.082763671875,0.4819788843818606,1489.6107177734375,578.6107177734375,0.6351379997513035,469.8489685058594,441.1510314941406,0.48424921129982507,465.1802673339844,445.8197326660156,0.48937402048958906,468.1988525390625,442.8011474609375,0.4860605350833562
China,16,3,2496.0,884.474365234375,1611.525634765625,0.6456432831593049,1025.30078125,1470.69921875,0.5892224434094552,910.2655029296875,1585.7344970703125,0.635310295300606,1033.3031005859375,1462.6968994140625,0.5860163859831982,933.006103515625,1562.993896484375,0.6261994777581631,719.9520874023438,1776.0479125976562,0.7115576572907276,1036.3397216796875,1459.6602783203125,0.5847997909937149
China,17,3,1171.0,1364.8294677734375,193.8294677734375,0.16552473763743594,1381.7537841796875,210.7537841796875,0.1799776124506298,935.3368530273438,235.66314697265625,0.20124948503215734,896.0692138671875,274.9307861328125,0.23478290873852475,917.7676391601562,253.23236083984375,0.2162530835523858,1375.5537109375,204.5537109375,0.17468292992100767,1370.4935302734375,199.4935302734375,0.1703616825563087
China,18,2,3532.0,4806.72802734375,1274.72802734375,0.36090827501238676,3365.11279296875,166.88720703125,0.047250058615869193,2928.2861328125,603.7138671875,0.17092691596475085,3278.3994140625,253.6005859375,0.07180084539566818,2923.32666015625,608.67333984375,0.17233107017093716,6616.86376953125,3084.86376953125,0.8734042382591308,2925.72412109375,606.27587890625,0.1716522873460504
China,19,2,436.0,1126.6817626953125,690.6817626953125,1.5841324832461297,1193.871826171875,757.871826171875,1.7382381334217316,959.302490234375,523.302490234375,1.2002350693448969,1637.205078125,1201.205078125,2.7550575186353212,940.1214599609375,504.1214599609375,1.156241880644352,1663.5927734375,1227.5927734375,2.8155797555905964,968.0714111328125,532.0714111328125,1.2203472732403957
China,20,10,909.0,1340.560302734375,431.560302734375,0.4747638093887514,1234.9344482421875,325.9344482421875,0.3585637494413504,955.9129028320312,46.91290283203125,0.05160935405063944,1235.39453125,326.39453125,0.3590698913641364,1478.27392578125,569.27392578125,0.6262639447538504,1229.025390625,320.025390625,0.3520631360011001,1002.6260986328125,93.6260986328125,0.10299900839693345
China,21,10,9094.0,2189.150390625,6904.849609375,0.7592753034280845,1682.0147705078125,7411.9852294921875,0.8150412612153274,3857.89306640625,5236.10693359375,0.5757759988557015,2217.6923828125,6876.3076171875,0.7561367513951507,4658.40771484375,4435.59228515625,0.4877493165995437,3900.177734375,5193.822265625,0.5711262662882121,3332.54443359375,5761.45556640625,0.633544707104272
China,22,3,344.0,1492.60302734375,1148.60302734375,3.338962288789971,902.7929077148438,558.7929077148438,1.6243979875431505,815.600830078125,471.600830078125,1.3709326455759447,807.301513671875,463.301513671875,1.3468067257903342,1131.1396484375,787.1396484375,2.288196652434593,1457.332763671875,1113.332763671875,3.2364324525345203,815.3560791015625,471.3560791015625,1.3702211601789607
China,23,3,296.0,945.580078125,649.580078125,2.1945272909628377,949.9063110351562,653.9063110351562,2.2091429426863387,935.0762939453125,639.0762939453125,2.1590415335990287,924.595703125,628.595703125,2.123634132179054,947.5548706054688,651.5548706054688,2.2011988871806376,944.357421875,648.357421875,2.1903966955236487,940.7264404296875,644.7264404296875,2.1781298663165116
China,24,3,3503.0,2548.1865234375,954.8134765625,0.2725702188302883,2564.029541015625,938.970458984375,0.26804751897926776,2106.26123046875,1396.73876953125,0.39872645433378534,2218.881103515625,1284.118896484375,0.3665769045059592,2529.47314453125,973.52685546875,0.27791231957429346,2677.768798828125,825.231201171875,0.2355784188329646,2217.125732421875,1285.874267578125,0.3670780095855338
China,25,3,246.0,314.5943603515625,68.5943603515625,0.2788388632177337,316.2502136230469,70.25021362304688,0.28556997407742635,808.717041015625,562.717041015625,2.2874676464049797,350.90478515625,104.90478515625,0.4264422160823171,320.16424560546875,74.16424560546875,0.3014806731929624,273.7907409667969,27.790740966796875,0.11297049173494665,353.81658935546875,107.81658935546875,0.43827881851816564
China,26,4,2082.0,2668.751708984375,586.751708984375,0.2818211858714577,5454.21240234375,3372.21240234375,1.6196985602035303,5195.0830078125,3113.0830078125,1.4952367952989913,5737.3935546875,3655.3935546875,1.7557125622898655,5285.59033203125,3203.59033203125,1.538708132579851,5159.3193359375,3077.3193359375,1.4780592391630643,5551.64990234375,3469.64990234375,1.6664985121727907
China,27,8,191.0,3093.1044921875,2902.1044921875,15.194264357002618,1882.7249755859375,1691.7249755859375,8.857198825057264,3080.2939453125,2889.2939453125,15.127193430955497,3483.835693359375,3292.835693359375,17.239977452143325,1902.2679443359375,1711.2679443359375,8.959518033172447,1841.579833984375,1650.579833984375,8.641779235520287,1460.85546875,1269.85546875,6.6484579515706805
China,28,7,2974.0,1171.024658203125,1802.975341796875,0.6062459118348604,948.3578491210938,2025.6421508789062,0.6811170648550459,2830.10009765625,143.89990234375,0.048385979268241425,846.6969604492188,2127.3030395507812,0.715300282296833,3177.0693359375,203.0693359375,0.06828155209734364,3172.029296875,198.029296875,0.06658685167283121,3093.529541015625,119.529541015625,0.04019150673020343
China,29,4,328.0,1808.134521484375,1480.134521484375,4.512605248427972,2125.788330078125,1797.788330078125,5.481061981945503,1780.253173828125,1452.253173828125,4.4276011397198936,4215.53857421875,3887.53857421875,11.852251750666921,2445.061279296875,2117.061279296875,6.4544551198075455,2444.10498046875,2116.10498046875,6.451539574599847,2006.49267578125,1678.49267578125,5.117355718845275
China,30,1,406.0,780.009765625,374.009765625,0.921206319273399,1290.216552734375,884.216552734375,2.1778732825969827,1074.439453125,668.439453125,1.6464025939039408,1069.4560546875,663.4560546875,1.6341282135160098,1095.8311767578125,689.8311767578125,1.6990915683689962,1078.94970703125,672.94970703125,1.6575115936730296,1070.722900390625,664.722900390625,1.6372485231296183
China,31,3,1785.0,3585.022705078125,1800.022705078125,1.0084160812762606,3797.783203125,2012.783203125,1.127609637605042,3659.328125,1874.328125,1.050043767507003,3884.634521484375,2099.634521484375,1.1762658383665967,3423.0498046875,1638.0498046875,0.9176749606092437,3860.09130859375,2075.09130859375,1.1625161392682073,3869.475341796875,2084.475341796875,1.1677733007265405
China,32,8,471.0,1819.632568359375,1348.632568359375,2.8633387863256368,1936.613525390625,1465.613525390625,3.1117059987062103,1915.17578125,1444.17578125,3.0661906183651806,1022.03076171875,551.03076171875,1.1699166915472399,1940.45703125,1469.45703125,3.119866308386412,1005.7555541992188,534.7555541992188,1.1353621108263667,1910.9361572265625,1439.9361572265625,3.057189293474655
China,33,1,700.0,1413.4971923828125,713.4971923828125,1.0192817034040178,2176.4248046875,1476.4248046875,2.1091782924107143,1542.38330078125,842.38330078125,1.2034047154017857,1095.23193359375,395.23193359375,0.5646170479910714,1098.9959716796875,398.9959716796875,0.5699942452566964,1423.600341796875,723.600341796875,1.0337147739955357,1084.5572509765625,384.5572509765625,0.5493675013950893
China,34,9,579.0,309.2041015625,269.7958984375,0.46596873650690845,498.2403564453125,80.7596435546875,0.13948124966267272,504.5334167480469,74.46658325195312,0.12861240630734563,1257.09814453125,678.09814453125,1.1711539629209844,504.036376953125,74.963623046875,0.12947085154900692,215.7804718017578,363.2195281982422,0.6273221557828017,234.74169921875,344.25830078125,0.5945739219019862
China,35,7,1211.0,494.58642578125,716.41357421875,0.5915884180171346,623.1371459960938,587.8628540039062,0.48543588274476157,507.17681884765625,703.8231811523438,0.5811917267979717,776.632080078125,434.367919921875,0.35868531785456237,516.8589477539062,694.1410522460938,0.5731965749348421,513.096435546875,697.903564453125,0.5763035214311519,508.95794677734375,702.0420532226562,0.5797209357742826
China,36,5,1139.0,1677.4453125,538.4453125,0.47273512949956104,1797.2401123046875,658.2401123046875,0.5779105463605685,1815.915771484375,676.915771484375,0.5943070864656497,1838.489013671875,699.489013671875,0.6141255607303556,922.6839599609375,216.3160400390625,0.18991750661901888,1645.1761474609375,506.1761474609375,0.444403992503018,1518.6292724609375,379.6292724609375,0.33330050259959393
China,37,4,14520.0,5445.09765625,9074.90234375,0.6249932743629476,7896.203125,6623.796875,0.45618435778236915,8032.904296875,6487.095703125,0.4467696765237603,5421.74365234375,9098.25634765625,0.6266016768358299,20347.31640625,5827.31640625,0.40133033100895316,7816.3173828125,6703.6826171875,0.4616861306602961,7838.95263671875,6681.04736328125,0.4601272288761191
China,38,5,239.0,271.7685546875,32.7685546875,0.1371069233786611,341.64703369140625,102.64703369140625,0.42948549661676255,293.83709716796875,54.83709716796875,0.22944392120489016,347.44329833984375,108.44329833984375,0.4537376499575052,336.3681640625,97.3681640625,0.40739817599372385,295.8616943359375,56.8616943359375,0.2379150390625,339.45458984375,100.45458984375,0.4203120913964435
China,39,2,1262.0,675.8355712890625,586.1644287109375,0.4644726059516145,1645.2734375,383.2734375,0.30370319928684625,440.1724853515625,821.8275146484375,0.6512103919559726,307.4326477050781,954.5673522949219,0.7563925137043755,424.2781982421875,837.7218017578125,0.6638049142296454,351.3277893066406,910.6722106933594,0.7216103095826937,442.7704162597656,819.2295837402344,0.6491518096198371
China,40,8,1754.0,1105.2291259765625,648.7708740234375,0.3698807719631913,2057.19482421875,303.19482421875,0.17285907880202395,1470.6259765625,283.3740234375,0.1615587362813569,1095.377197265625,658.622802734375,0.3754976070321408,2034.286376953125,280.286376953125,0.15979839050919328,2126.86962890625,372.86962890625,0.21258245661701825,2069.652099609375,315.652099609375,0.1799612882607611
China,41,7,1514.0,1935.151123046875,421.151123046875,0.2781711512859148,1777.324462890625,263.324462890625,0.17392632951824638,2292.14599609375,778.14599609375,0.5139669723208389,1979.771240234375,465.771240234375,0.307642827103286,2293.378662109375,779.378662109375,0.5147811506666942,2306.603759765625,792.603759765625,0.523516353874257,1991.216552734375,477.216552734375,0.3152024786884908
China,42,3,667.0,2347.27978515625,1680.27978515625,2.5191600976855324,2911.41650390625,2244.41650390625,3.3649422847170163,1807.54248046875,1140.54248046875,1.7099587413324588,2214.38232421875,1547.38232421875,2.3199135295633435,2474.70849609375,1807.70849609375,2.7102076403204647,2924.352294921875,2257.352294921875,3.3843362742456895,2215.354248046875,1548.354248046875,2.321370686726949
China,43,9,5864.0,4247.65966796875,1616.34033203125,0.2756378465264751,3007.74560546875,2856.25439453125,0.48708294586140005,2427.525390625,3436.474609375,0.5860290943681787,4510.7705078125,1353.2294921875,0.23076901299241132,4225.3740234375,1638.6259765625,0.27943826339742495,4284.7626953125,1579.2373046875,0.26931059084029674,4158.7216796875,1705.2783203125,0.2908046248827592
China,44,7,973.0,2244.0654296875,1271.0654296875,1.3063365156089415,1456.3299560546875,483.3299560546875,0.49674198977871276,2481.8388671875,1508.8388671875,1.550707982720966,591.8723754882812,381.12762451171875,0.3917036223142022,1808.9248046875,835.9248046875,0.8591210736767728,2584.794677734375,1611.794677734375,1.6565207376509508,2565.19921875,1592.19921875,1.6363815197841727
China,45,3,5333.0,17282.427734375,11949.427734375,2.240657741304144,17013.9375,11680.9375,2.190312675792237,20161.3359375,14828.3359375,2.7804867687042942,15571.4736328125,10238.4736328125,1.919833795764579,19723.7265625,14390.7265625,2.698429882336396,16706.755859375,11373.755859375,2.132712518165198,16332.8671875,10999.8671875,2.0626040104069006
China,46,3,1775.0,6280.0322265625,4505.0322265625,2.5380463248239438,6151.94677734375,4376.94677734375,2.465885508362676,2776.9287109375,1001.9287109375,0.5644668794014085,2792.7412109375,1017.7412109375,0.5733753301056338,2044.730224609375,269.730224609375,0.15196068992077466,6255.0126953125,4480.0126953125,2.5239508142605636,1602.330322265625,172.669677734375,0.09727869168133803
China,47,8,204.0,760.6336669921875,556.6336669921875,2.7285964068244484,751.5531616210938,547.5531616210938,2.6840841255935968,1039.340576171875,835.340576171875,4.094806745940564,1443.9871826171875,1239.9871826171875,6.078368542241115,759.116943359375,555.116943359375,2.7211614870557597,1357.6083984375,1153.6083984375,5.654943129595588,709.6773681640625,505.6773681640625,2.4788106282552085
China,48,10,3148.0,3837.3369140625,689.3369140625,0.21897614805034943,3819.2587890625,671.2587890625,0.21323341456877382,3953.7744140625,805.7744140625,0.2559639180630559,3830.687744140625,682.687744140625,0.21686395938393424,3482.072265625,334.072265625,0.10612206658989835,3514.027099609375,366.027099609375,0.11627290330666296,3553.5009765625,405.5009765625,0.128812254308291
China,49,9,8716.0,1954.549560546875,6761.450439453125,0.7757515419289955,1363.083984375,7352.916015625,0.8436112913750574,1476.860595703125,7239.139404296875,0.8305575268812385,1985.0234375,6730.9765625,0.7722552274552547,1661.077392578125,7054.922607421875,0.8094220522512477,1673.0152587890625,7042.9847412109375,0.8080524026171337,1479.3406982421875,7236.6593017578125,0.8302729809267798
China,50,10,1464.0,3177.6357421875,1713.6357421875,1.1705162173411885,4337.4814453125,2873.4814453125,1.9627605500768444,4676.21728515625,3212.21728515625,2.1941374898608266,4732.6484375,3268.6484375,2.2326833589480874,3889.2265625,2425.2265625,1.6565755208333333,3899.77392578125,2435.77392578125,1.6637800039489412,4728.18115234375,3264.18115234375,2.2296319346610316
China,51,7,1358.0,749.6712646484375,608.3287353515625,0.4479593043825939,907.7003173828125,450.2996826171875,0.3315903406606683,584.7115478515625,773.2884521484375,0.5694318498883929,798.5081787109375,559.4918212890625,0.41199692289327133,629.1884765625,728.8115234375,0.5366800614414581,541.213623046875,816.786376953125,0.6014627223513439,705.4306640625,652.5693359375,0.4805370662279087
China,52,9,281.0,1257.93408203125,976.93408203125,3.476633743883452,1216.8035888671875,935.8035888671875,3.3302618820896353,1266.2215576171875,985.2215576171875,3.5061265395629446,1497.271240234375,1216.271240234375,4.328367402969306,1483.828857421875,1202.828857421875,4.280529741714858,1225.6231689453125,944.6231689453125,3.3616482880616103,1158.7952880859375,877.7952880859375,3.12382664799266
China,53,9,2321.0,2389.59130859375,68.59130859375,0.0295524810830461,2625.0732421875,304.0732421875,0.13100958301917276,2895.352783203125,574.352783203125,0.24745919138437097,2912.2392578125,591.2392578125,0.25473470823459715,2794.39013671875,473.39013671875,0.20395955912052993,2927.4423828125,606.4423828125,0.2612849559726411,1610.6611328125,710.3388671875,0.3060486286891426
China,54,10,4054.0,9855.5615234375,5801.5615234375,1.431070923393562,9274.5693359375,5220.5693359375,1.287757606299334,9590.4931640625,5536.4931640625,1.3656865229557227,10053.107421875,5999.107421875,1.4797995613899853,9269.744140625,5215.744140625,1.286567375585841,8804.56640625,4750.56640625,1.1718220045017267,10133.0966796875,6079.0966796875,1.4995305080630241
China,55,1,2400.0,34972.21875,32572.21875,13.5717578125,35634.96875,33234.96875,13.847903645833334,36891.26171875,34491.26171875,14.371359049479167,36815.96875,34415.96875,14.339986979166667,36728.38671875,34328.38671875,14.303494466145834,36844.7578125,34444.7578125,14.351982421875,36892.28125,34492.28125,14.371783854166667
China,56,3,5650.0,10088.4990234375,4438.4990234375,0.7855750483960177,10404.5478515625,4754.5478515625,0.8415128940818584,4966.802734375,683.197265625,0.1209198700221239,9797.796875,4147.796875,0.7341233407079646,4903.6689453125,746.3310546875,0.1320939919800885,10335.451171875,4685.451171875,0.8292833932522123,10384.611328125,4734.611328125,0.8379843058628319
China,57,3,1525.0,1663.841796875,138.841796875,0.0910438012295082,1698.02783203125,173.02783203125,0.11346087346311476,1761.588623046875,236.588623046875,0.15514008068647542,1720.682373046875,195.682373046875,0.12831631019467213,1726.3404541015625,201.3404541015625,0.13202652727971312,1689.266357421875,164.266357421875,0.10771564421106557,1767.620361328125,242.620361328125,0.15909531890368853
China,58,10,477.0,1059.1787109375,582.1787109375,1.2205004422169812,688.32568359375,211.32568359375,0.4430307832154088,710.7368774414062,233.73687744140625,0.49001441811615565,691.6578369140625,214.6578369140625,0.45001642958922955,666.4517211914062,189.45172119140625,0.3971734196884827,672.8128662109375,195.8128662109375,0.41050915348204925,689.277099609375,212.277099609375,0.44502536605738996
China,59,5,503.0,1251.3287353515625,748.3287353515625,1.4877310841979374,987.2294311523438,484.22943115234375,0.962682765710425,332.8382263183594,170.16177368164062,0.33829378465534915,1076.81103515625,573.81103515625,1.1407774058772366,474.1297607421875,28.8702392578125,0.0573961019041998,530.5159912109375,27.5159912109375,0.054703759862698806,792.1263427734375,289.1263427734375,0.5748038623726391
China,60,4,8470.0,2645.36474609375,5824.63525390625,0.6876783062463105,1546.28662109375,6923.71337890625,0.8174395960928277,2383.19873046875,6086.80126953125,0.718630610334268,1652.544677734375,6817.455322265625,0.8048943709876771,2316.4755859375,6153.5244140625,0.7265081952848288,2322.35107421875,6147.64892578125,0.7258145130792503,1907.6055908203125,6562.3944091796875,0.774780921981073
China,61,8,778.0,1137.3126220703125,359.3126220703125,0.46184141654281813,1712.91748046875,934.91748046875,1.2016934196256426,1747.5556640625,969.5556640625,1.2462155065070695,1052.7413330078125,274.7413330078125,0.3531379601642834,1722.6334228515625,944.6334228515625,1.2141817774441677,1520.55322265625,742.55322265625,0.954438589532455,1814.90625,1036.90625,1.332784383033419
China,62,8,2597.0,1265.7191162109375,1331.2808837890625,0.5126225967612871,1724.349365234375,872.650634765625,0.3360225778843377,1142.0858154296875,1454.9141845703125,0.5602287965230314,1677.71923828125,919.28076171875,0.3539779598454948,1837.395751953125,759.604248046875,0.2924929719086927,1599.12939453125,997.87060546875,0.38423974026520985,1601.5364990234375,995.4635009765625,0.38331286136948883
China,63,1,950.0,1723.8311767578125,773.8311767578125,0.8145591334292763,727.547119140625,222.452880859375,0.23416092722039475,3488.4482421875,2538.4482421875,2.67205078125,2354.63427734375,1404.63427734375,1.4785623972039474,2075.470703125,1125.470703125,1.1847060032894736,1750.9345703125,800.9345703125,0.8430890213815789,1712.391357421875,762.391357421875,0.8025172183388158
China,64,8,5727.0,3169.611328125,2557.388671875,0.44654944506286015,2638.884033203125,3088.115966796875,0.5392205285135105,2620.270751953125,3106.729248046875,0.5424706212758643,3746.7744140625,1980.2255859375,0.3457701389798324,2594.9951171875,3132.0048828125,0.5468840375087306,2056.569580078125,3670.430419921875,0.6408993224937795,2731.48486328125,2995.51513671875,0.5230513596505587
China,65,7,2040.0,2450.318359375,410.318359375,0.2011364506740196,1962.51904296875,77.48095703125,0.03798086128982843,2275.46484375,235.46484375,0.11542394301470588,2769.317626953125,729.317626953125,0.3575086406632966,2264.1806640625,224.1806640625,0.10989248238357843,2283.7890625,243.7890625,0.11950444240196079,2275.8662109375,235.8662109375,0.11562069163602941
China,66,3,3677.0,365.8881530761719,3311.111846923828,0.9004927514070786,663.0882568359375,3013.9117431640625,0.8196659622420621,354.55364990234375,3322.4463500976562,0.9035752923844591,363.67047119140625,3313.3295288085938,0.9010958740300772,690.10400390625,2986.89599609375,0.8123187370393663,358.5545654296875,3318.4454345703125,0.9024872000463183,364.1863098144531,3312.813690185547,0.9009555861260666
China,67,4,570.0,864.8024291992188,294.80242919921875,0.5171972442091557,1320.7236328125,750.7236328125,1.3170590049342106,1198.401123046875,628.401123046875,1.1024581106085527,927.5563354492188,357.55633544921875,0.6272918165775767,1448.72265625,878.72265625,1.5416186951754387,1439.2464599609375,869.2464599609375,1.5249937894051535,894.58642578125,324.58642578125,0.5694498697916667
China,68,1,1223.0,1339.877685546875,116.877685546875,0.0955663822950736,1199.6082763671875,23.3917236328125,0.019126511555856502,1596.816162109375,373.816162109375,0.30565507940259606,1598.9736328125,375.9736328125,0.30741916010834014,1931.8885498046875,708.8885498046875,0.5796308665614779,1356.54150390625,133.54150390625,0.10919174481295993,1959.626953125,736.626953125,0.6023114906991006
China,69,2,976.0,199.00672912597656,776.9932708740234,0.7960996627807617,269.4776611328125,706.5223388671875,0.7238958390032659,419.1821594238281,556.8178405761719,0.5705100825575532,385.45794677734375,590.5420532226562,0.605063579121574,413.59295654296875,562.4070434570312,0.5762367248535156,271.1234130859375,704.8765869140625,0.7222096177398182,416.6859130859375,559.3140869140625,0.5730677120021133
China,70,2,387.0,1135.6795654296875,748.6795654296875,1.9345725204901485,557.0287475585938,170.02874755859375,0.43935076888525515,1134.9844970703125,747.9844970703125,1.9327764782178618,722.7437744140625,335.7437744140625,0.8675549726461563,1130.8748779296875,743.8748779296875,1.922157307311854,675.128173828125,288.128173828125,0.7445172450339147,1131.166015625,744.166015625,1.9229096010981912
China,71,10,4416.0,2178.178955078125,2237.821044921875,0.5067529540131057,1411.11376953125,3004.88623046875,0.6804543094358583,4652.3447265625,236.3447265625,0.053520092065783516,1428.59912109375,2987.40087890625,0.6764947642450747,1513.54833984375,2902.45166015625,0.6572580752165421,2208.72509765625,2207.27490234375,0.4998358021611753,1418.078369140625,2997.921630859375,0.6788771809011266
China,72,1,286.0,1899.22998046875,1613.22998046875,5.640664267373252,2543.597900390625,2257.597900390625,7.8936989524147725,2519.091552734375,2233.091552734375,7.808012422148164,2393.197998046875,2107.197998046875,7.367825167996067,1649.42724609375,1363.42724609375,4.76722813319493,1988.0103759765625,1702.0103759765625,5.951085230687282,1816.517578125,1530.517578125,5.351460063374126
China,73,1,305.0,1077.37060546875,772.37060546875,2.5323626408811477,1578.086181640625,1273.086181640625,4.174053054559426,969.6285400390625,664.6285400390625,2.1791099673411884,1096.138671875,791.138671875,2.5938972848360655,1013.9818115234375,708.9818115234375,2.324530529585041,981.2734375,676.2734375,2.2172899590163935,988.3951416015625,683.3951416015625,2.2406398085297132
China,74,5,129.0,2103.728271484375,1974.728271484375,15.3079710967781,929.435302734375,800.435302734375,6.204924827398256,1767.39013671875,1638.39013671875,12.700698734253876,986.8028564453125,857.8028564453125,6.649634546087694,1819.564453125,1690.564453125,13.105150799418604,2294.440673828125,2165.440673828125,16.786361812621124,2210.527587890625,2081.527587890625,16.13587277434593
China,75,2,4266.0,14173.125,9907.125,2.322345288326301,5136.3876953125,870.3876953125,0.20402899561943272,12226.505859375,7960.505859375,1.8660351287798875,3390.25439453125,875.74560546875,0.20528495205549696,12146.68359375,7880.68359375,1.8473238616385372,3184.12548828125,1081.87451171875,0.25360396430350446,12540.15625,8274.15625,1.939558427097984
China,76,1,440.0,225.94073486328125,214.05926513671875,0.48649832985617897,295.74346923828125,144.25653076171875,0.327855751731179,345.598388671875,94.401611328125,0.21454911665482954,347.4293518066406,92.57064819335938,0.21038783680308948,332.92218017578125,107.07781982421875,0.24335868141867897,342.8343505859375,97.1656494140625,0.2208310213955966,342.4416198730469,97.55838012695312,0.22172359119762075
China,77,1,1362.0,534.8038940429688,827.1961059570312,0.6073392848436353,488.8904113769531,873.1095886230469,0.641049624539682,612.3160400390625,749.6839599609375,0.5504287518068557,613.7705078125,748.2294921875,0.549360860636931,1112.233642578125,249.766357421875,0.1833820539073972,549.7508544921875,812.2491455078125,0.5963650113860591,615.2254028320312,746.7745971679688,0.5482926557767759
China,78,2,2533.0,597.0861206054688,1935.9138793945312,0.764277094115488,847.8698120117188,1685.1301879882812,0.6652705045354447,597.913818359375,1935.086181640625,0.7639503283223944,1653.100830078125,879.899169921875,0.3473743268542736,592.6651611328125,1940.3348388671875,0.7660224393474881,1069.3126220703125,1463.6873779296875,0.5778473659414479,602.2559204101562,1930.7440795898438,0.762236115116401
China,79,1,225.0,1402.864013671875,1177.864013671875,5.234951171875,1218.142822265625,993.142822265625,4.413968098958334,1622.3424072265625,1397.3424072265625,6.210410698784722,1632.530517578125,1407.530517578125,6.255691189236111,2158.501953125,1933.501953125,8.593342013888888,1650.3294677734375,1425.3294677734375,6.334797634548611,1154.793212890625,929.793212890625,4.132414279513889
China,80,9,11045.0,5060.2578125,5984.7421875,0.5418508091896785,7299.921875,3745.078125,0.3390745246717972,4308.1083984375,6736.8916015625,0.6099494433284292,5721.71044921875,5323.28955078125,0.4819637438461974,3570.1279296875,7474.8720703125,0.6767652395031688,8883.001953125,2161.998046875,0.19574450401765506,7677.294921875,3367.705078125,0.3049076575939339
China,81,5,32760.0,7092.85791015625,25667.14208984375,0.7834902957827763,10773.03125,21986.96875,0.6711528922466422,11897.63671875,20862.36328125,0.6368242759844323,10958.40234375,21801.59765625,0.6654944339514652,13416.3310546875,19343.6689453125,0.5904660850217491,9395.759765625,23364.240234375,0.7131941463484432,13297.5673828125,19462.4326171875,0.5940913497309982
China,82,2,2054.0,1496.1207275390625,557.8792724609375,0.27160626702090435,1660.718505859375,393.281494140625,0.191471029279759,1320.37841796875,733.62158203125,0.35716727460138753,1526.497314453125,527.502685546875,0.25681727631298684,1315.623046875,738.376953125,0.35948245040165533,2469.1689453125,415.1689453125,0.20212704250851996,589.30419921875,1464.69580078125,0.7130943528633155
China,83,4,252.0,1795.6435546875,1543.6435546875,6.125569661458333,1405.6812744140625,1153.6812744140625,4.578100295293899,1145.840576171875,893.840576171875,3.5469864133804565,1008.3726196289062,756.3726196289062,3.0014786493210566,1394.7060546875,1142.7060546875,4.534547836061508,1409.209716796875,1157.209716796875,4.59210205078125,1372.1982421875,1120.1982421875,4.445231119791667
China,84,1,2362.0,1394.9810791015625,967.0189208984375,0.409406825105181,1558.056884765625,803.943115234375,0.3403654171187024,2411.23095703125,49.23095703125,0.020842911528895003,2388.466064453125,26.466064453125,0.011204938379815834,2556.290771484375,194.290771484375,0.08225688885875318,2401.2470703125,39.2470703125,0.016616033155165116,2379.033447265625,17.033447265625,0.007211451001534717
China,85,7,2459.0,1914.6102294921875,544.3897705078125,0.22138664925083876,2379.9921875,79.0078125,0.032130057950386336,2069.046630859375,389.953369140625,0.15858209399781414,528.5530395507812,1930.4469604492188,0.7850536642737774,1946.43701171875,512.56298828125,0.20844367152551851,1918.0875244140625,540.9124755859375,0.21997253988854717,1961.09326171875,497.90673828125,0.20248342345719805
China,86,2,8706.0,3796.10302734375,4909.89697265625,0.5639670310884735,3432.91552734375,5273.08447265625,0.605683950454428,8115.357421875,590.642578125,0.06784316312026188,6638.53955078125,2067.46044921875,0.23747535598653227,3966.255859375,4739.744140625,0.5444227131432345,5513.08154296875,3192.91845703125,0.36674919102127845,8164.3896484375,541.6103515625,0.062211159150298644
China,87,10,770.0,2230.26416015625,1460.26416015625,1.896446961241883,1781.3812255859375,1011.3812255859375,1.3134821111505681,1882.572509765625,1112.572509765625,1.4448993633319804,1769.1134033203125,999.1134033203125,1.2975498744419642,3351.763427734375,2581.763427734375,3.3529395165381493,4034.9951171875,3264.9951171875,4.240253398944805,1661.4512939453125,891.4512939453125,1.1577289531757304
China,88,9,8111.0,2824.699951171875,5286.300048828125,0.6517445504658026,2873.892822265625,5237.107177734375,0.6456795928657841,2491.35791015625,5619.64208984375,0.6928420774064542,3188.738525390625,4922.261474609375,0.606862467588383,2486.665771484375,5624.334228515625,0.6934205681809426,2671.2080078125,5439.7919921875,0.6706684739474171,4003.482666015625,4107.517333984375,0.5064131838225095
China,89,6,762.0,391.68994140625,370.31005859375,0.48597120550360895,484.96600341796875,277.03399658203125,0.36356167530450295,485.31060791015625,276.68939208984375,0.36310943843811516,484.56683349609375,277.43316650390625,0.3640855203463337,484.0518493652344,277.9481506347656,0.3647613525390625,486.023193359375,275.976806640625,0.36217428692995407,486.8077392578125,275.1922607421875,0.361144699136729
China,90,2,136.0,318.44525146484375,182.44525146484375,1.3415092019473804,315.2832946777344,179.28329467773438,1.3182595196892233,386.8064880371094,250.80648803710938,1.8441653532140396,272.806884765625,136.806884765625,1.0059329762178308,388.4018249511719,252.40182495117188,1.8558957716997933,274.08648681640625,138.08648681640625,1.0153418148265165,388.10955810546875,252.10955810546875,1.8537467507755054
China,91,9,358.0,1641.48779296875,1283.48779296875,3.5851614328736034,1458.1025390625,1100.1025390625,3.072912120286313,1965.088134765625,1607.088134765625,4.489073002138618,999.395751953125,641.395751953125,1.79160824567912,952.3157348632812,594.3157348632812,1.6600998180538582,579.9640502929688,221.96405029296875,0.6200113136675105,1037.404296875,679.404296875,1.8977773655726258
China,92,4,481.0,796.1549072265625,315.1549072265625,0.6552077073317307,1526.762451171875,1045.762451171875,2.174142310128638,891.442138671875,410.442138671875,0.8533100596088877,808.6240234375,327.6240234375,0.6811310258575883,1454.369140625,973.369140625,2.023636466995842,1458.4683837890625,977.4683837890625,2.032158802056263,1533.8179931640625,1052.8179931640625,2.1888107965988826
China,93,1,3189.0,13735.3232421875,10546.3232421875,3.307094149321888,7179.94921875,3990.94921875,1.2514735712605833,11430.388671875,8241.388671875,2.5843175515443715,11212.7294921875,8023.7294921875,2.516064437813578,5981.7236328125,2792.7236328125,0.8757364794018501,11081.78125,7892.78125,2.4750019598620256,11239.9560546875,8050.9560546875,2.524602086763092
China,94,3,22500.0,5473.94677734375,17026.05322265625,0.7567134765625,5537.85205078125,16962.14794921875,0.7538732421875,5409.56005859375,17090.43994140625,0.7595751085069444,5822.35791015625,16677.64208984375,0.7412285373263889,5533.98974609375,16966.01025390625,0.7540449001736111,5501.333984375,16998.666015625,0.7554962673611111,5504.474609375,16995.525390625,0.7553566840277778
China,95,7,11719.0,3371.21875,8347.78125,0.7123288036521888,1912.82177734375,9806.17822265625,0.8367760237781594,2598.965087890625,9120.034912109375,0.7782263770039572,3984.14111328125,7734.85888671875,0.6600272110861635,1883.768310546875,9835.231689453125,0.8392552000557322,3235.33935546875,8483.66064453125,0.7239235979632435,3143.971923828125,8575.028076171875,0.7317201191374584
China,96,6,183.0,895.0250854492188,712.0250854492188,3.890847461471141,664.2478637695312,481.24786376953125,2.6297697473744877,654.7740478515625,471.7740478515625,2.578000261483948,883.5106201171875,700.5106201171875,3.8279268858862703,676.36083984375,493.36083984375,2.6959608734631146,648.9523315429688,465.95233154296875,2.5461876040599387,643.360595703125,460.360595703125,2.51563167050888
China,97,6,1482.0,1603.01708984375,121.01708984375,0.0816579553601552,1591.4345703125,109.4345703125,0.0738424900894062,2043.1331787109375,561.1331787109375,0.3786323742988782,1627.310546875,145.310546875,0.09805030153508772,1639.972900390625,157.972900390625,0.10659439972376855,1557.226318359375,75.226318359375,0.050759998892965584,1543.491455078125,61.491455078125,0.04149220990426788
China,98,8,1251.0,2133.210205078125,882.210205078125,0.7052040008618106,3897.29736328125,2646.29736328125,2.1153456141336933,2917.3173828125,1666.3173828125,1.331988315597522,4255.2822265625,3004.2822265625,2.4015045775879296,3893.24755859375,2642.24755859375,2.1121083601868507,3159.954345703125,1908.954345703125,1.5259427223845923,3057.677978515625,1806.677978515625,1.4441870331859512
China,99,10,943.0,3124.24755859375,2181.24755859375,2.313093911552227,3211.6748046875,2268.6748046875,2.405805731375928,1479.7135009765625,536.7135009765625,0.5691553562847959,3255.7744140625,2312.7744140625,2.452570958708908,3757.77880859375,2814.77880859375,2.9849192031747083,3669.89306640625,2726.89306640625,2.891721173283404,3619.258056640625,2676.258056640625,2.838025510753579
China,100,8,2684.0,2614.772216796875,69.227783203125,0.025792765723966094,2187.51611328125,496.48388671875,0.18497909341235097,2143.865966796875,540.134033203125,0.20124218822769188,2526.637451171875,157.362548828125,0.05862986170943554,2194.62841796875,489.37158203125,0.1823292034393629,2172.279541015625,511.720458984375,0.19065590871250931,2200.43115234375,483.56884765625,0.18016723087043593
China,101,1,729.0,1210.213134765625,481.213134765625,0.6601003220378944,723.6231689453125,5.3768310546875,0.007375625589420439,1193.88330078125,464.88330078125,0.6377000010716736,1188.070068359375,459.070068359375,0.6297257453489369,1114.935791015625,385.935791015625,0.5294043772505144,1206.5548095703125,477.5548095703125,0.6550820433063271,1196.761962890625,467.761962890625,0.641648783114712
China,102,10,3630.0,2002.1517333984375,1627.8482666015625,0.44844304865056817,3145.6064453125,484.3935546875,0.1334417506026171,2002.93798828125,1627.06201171875,0.4482264495092975,1991.977294921875,1638.022705078125,0.4512459242639463,3002.2900390625,627.7099609375,0.17292285425275483,2132.0087890625,1497.9912109375,0.4126697550792011,1976.5517578125,1653.4482421875,0.4554953835227273
China,103,5,34085.0,15038.427734375,19046.572265625,0.5587963111522664,13633.734375,20451.265625,0.6000077930174563,15045.185546875,19039.814453125,0.5585980476199208,13610.337890625,20474.662109375,0.6006942088712044,17842.13671875,16242.86328125,0.47653992317001614,18940.693359375,15144.306640625,0.4443100085264779,13688.494140625,20396.505859375,0.5984012280878686
China,104,1,2856.0,2375.35546875,480.64453125,0.16829290309873948,2480.888671875,375.111328125,0.13134150144432774,2008.22900390625,847.77099609375,0.2968385840664391,2007.3714599609375,848.6285400390625,0.2971388445514925,1986.73876953125,869.26123046875,0.3043631759344363,2008.337158203125,847.662841796875,0.2968007149148722,2005.0855712890625,850.9144287109375,0.2979392257391238
China,105,9,5757.0,3524.55029296875,2232.44970703125,0.3877800429097186,3578.3583984375,2178.6416015625,0.37843348993616466,3646.54931640625,2110.45068359375,0.3665886196966736,4573.89404296875,1183.10595703125,0.20550737485343928,3463.793212890625,2293.206787109375,0.3983336437570566,5467.197265625,289.802734375,0.05033919304759423,5557.00439453125,199.99560546875,0.03473955279985235
China,106,10,631.0,1451.88232421875,820.88232421875,1.3009228593007132,2051.52197265625,1420.52197265625,2.2512234114996037,1423.3243408203125,792.3243408203125,1.255664565483855,2070.275634765625,1439.275634765625,2.28094395366977,1300.1075439453125,669.1075439453125,1.0603923041922543,1298.46728515625,667.46728515625,1.0577928449385896,1743.97607421875,1112.97607421875,1.7638289607270206
China,107,7,2184.0,1520.4173583984375,663.5826416015625,0.30383820586152127,3076.07373046875,892.07373046875,0.4084586677970467,1376.34375,807.65625,0.36980597527472525,7594.611328125,5410.611328125,2.4773861392513736,1579.306396484375,604.693603515625,0.2768743605840774,1837.889404296875,346.110595703125,0.15847554748311585,1484.960205078125,699.039794921875,0.3200731661730197
China,108,4,21014.0,36111.1875,15097.1875,0.7184347339868659,37961.8828125,16947.8828125,0.8065043691110688,38976.3671875,17962.3671875,0.8547809644760636,35795.37109375,14781.37109375,0.7034058767369373,36460.61328125,15446.61328125,0.7350629714119159,36429.3125,15415.3125,0.7335734510326449,36531.65234375,15517.65234375,0.7384435302060531
China,109,4,417.0,566.6004028320312,149.60040283203125,0.3587539636259742,537.70166015625,120.70166015625,0.2894524224370504,608.3828735351562,191.38287353515625,0.45895173509629794,279.5266418457031,137.47335815429688,0.32967232171294214,541.0947875976562,124.09478759765625,0.29758941869941546,533.0930786132812,116.09307861328125,0.2784006681373651,531.5210571289062,114.52105712890625,0.27463083244342024
China,110,4,2683.0,947.1368408203125,1735.8631591796875,0.6469858960788996,1004.2155151367188,1678.7844848632812,0.6257116976754682,1250.53173828125,1432.46826171875,0.5339054274016959,899.149169921875,1783.850830078125,0.6648717219821562,1368.6475830078125,1314.3524169921875,0.4898816313798686,1356.538330078125,1326.461669921875,0.4943949571084141,1001.4002075195312,1681.5997924804688,0.6267610109878751
China,111,5,5532.0,1942.2027587890625,3589.7972412109375,0.648914902605014,1886.61669921875,3645.38330078125,0.6589629972489606,2095.33251953125,3436.66748046875,0.6212341794050524,2231.442626953125,3300.557373046875,0.5966300385117272,803.3222045898438,4728.677795410156,0.8547862970734195,2201.057861328125,3330.942138671875,0.6021225847201509,2173.45458984375,3358.54541015625,0.607112330107782
China,112,6,4815.0,2215.639404296875,2599.360595703125,0.5398464373215213,2198.21142578125,2616.78857421875,0.5434659551856179,2112.19775390625,2702.80224609375,0.5613296461253894,2166.227294921875,2648.772705078125,0.5501085576486241,2050.88134765625,2764.11865234375,0.5740641022520768,1081.7568359375,3733.2431640625,0.7753360673026999,1090.4163818359375,3724.5836181640625,0.7735376154027129
China,113,3,246.0,649.5142822265625,403.5142822265625,1.6403019602705793,2284.483154296875,2038.483154296875,8.286516887385671,1960.89306640625,1714.89306640625,6.971110026041667,1462.626708984375,1216.626708984375,4.9456370283917686,1971.1064453125,1725.1064453125,7.012627826473577,2293.16015625,2047.16015625,8.321789253048781,1461.178466796875,1215.178466796875,4.939749865027947
China,114,4,686.0,274.51910400390625,411.48089599609375,0.5998263790030521,236.00653076171875,449.99346923828125,0.6559671563240251,229.29196166992188,456.7080383300781,0.6657551579155658,404.2515563964844,281.7484436035156,0.4107120169147458,226.12440490722656,459.87559509277344,0.6703725875987951,226.94223022460938,459.0577697753906,0.6691804224131058,246.9043731689453,439.0956268310547,0.6400810886750068
China,115,7,470.0,2076.48583984375,1606.48583984375,3.4180549783909573,2807.943359375,2337.943359375,4.974347573138298,1935.4652099609375,1465.4652099609375,3.118011085023271,2255.333740234375,1785.333740234375,3.798582426030585,1922.00927734375,1452.00927734375,3.089381441156915,2386.3212890625,1916.3212890625,4.077279338430851,1968.435546875,1498.435546875,3.188160738031915
China,116,3,395.0,1445.023193359375,1050.023193359375,2.658286565466772,1399.151611328125,1004.151611328125,2.5421559780458862,1757.810546875,1362.810546875,3.450153283227848,1399.541748046875,1004.541748046875,2.543143665941456,873.6986694335938,478.69866943359375,1.2118953656546678,1425.123779296875,1030.123779296875,2.607908302017405,1376.919921875,981.919921875,2.485873219936709
China,117,2,1080.0,5180.55224609375,4100.55224609375,3.796807635271991,5091.298828125,4011.298828125,3.7141655815972223,5300.9599609375,4220.9599609375,3.908296260127315,5203.97607421875,4123.97607421875,3.818496365017361,5329.82763671875,4249.82763671875,3.935025589554398,1116.0155029296875,36.0155029296875,0.033347687897858795,5310.08837890625,4230.08837890625,3.9167484989872685
China,118,4,1396.0,2144.6650390625,748.6650390625,0.5362930079244269,1520.4591064453125,124.4591064453125,0.0891540877115419,1223.9390869140625,172.0609130859375,0.1232528030701558,1416.6890869140625,20.6890869140625,0.014820262832422994,1470.20263671875,74.20263671875,0.053153751231196276,1482.82275390625,86.82275390625,0.06219394978957737,1542.53466796875,146.53466796875,0.10496752719824498
China,119,5,2933.0,2898.52294921875,34.47705078125,0.011754875820405727,3572.38134765625,639.38134765625,0.217995686210791,4515.06298828125,1582.06298828125,0.5394009506584555,3525.8740234375,592.8740234375,0.20213911470763724,2978.74072265625,45.74072265625,0.015595200360126151,2857.982666015625,75.017333984375,0.025576997608037846,2896.5986328125,36.4013671875,0.012410967332935561
China,120,7,4551.0,3049.70703125,1501.29296875,0.329881997088552,1861.5384521484375,2689.4615478515625,0.5909605686336108,4123.51953125,427.48046875,0.09393110717424742,2321.230712890625,2229.769287109375,0.4899515023312184,4188.59228515625,362.40771484375,0.07963254556004175,4223.67041015625,327.32958984375,0.07192476155652604,3272.355224609375,1278.644775390625,0.28095908050771806
China,121,10,2999.0,1117.944091796875,1881.055908203125,0.6272277119716989,1376.56396484375,1622.43603515625,0.5409923424995832,1373.0301513671875,1625.9698486328125,0.5421706731019715,1378.15869140625,1620.84130859375,0.540460589727826,1404.9677734375,1594.0322265625,0.5315212492705902,1405.920166015625,1593.079833984375,0.5312036792211987,967.7244873046875,2031.2755126953125,0.6773176101018048
China,122,6,2540.0,8221.9873046875,5681.9873046875,2.2370028758612204,8083.2998046875,5543.2998046875,2.1824014979084647,6805.46484375,4265.46484375,1.6793168676181103,6769.98291015625,4229.98291015625,1.6653476024237204,8221.03515625,5681.03515625,2.2366280142716537,7682.17431640625,5142.17431640625,2.0244780773252953,4637.32275390625,2097.32275390625,0.82571761964813
China,123,6,26.0,796.4767456054688,770.4767456054688,29.63372098482572,816.39306640625,790.39306640625,30.399733323317307,1139.3994140625,1113.3994140625,42.82305438701923,788.526123046875,762.526123046875,29.327927809495193,1156.697021484375,1130.697021484375,43.48834698016827,1115.572509765625,1089.572509765625,41.90663499098558,1060.69384765625,1034.69384765625,39.79591721754808
China,124,2,448.0,499.28826904296875,51.28826904296875,0.11448274339948382,574.8509521484375,126.8509521484375,0.2831494467599051,727.9613647460938,279.96136474609375,0.6249137605939593,502.72967529296875,54.72967529296875,0.1221644537789481,717.6304321289062,269.63043212890625,0.60185364314488,678.3133544921875,230.3133544921875,0.5140923091343471,728.7535400390625,280.7535400390625,0.6266820090157645
China,125,6,906.0,825.799560546875,80.200439453125,0.08852145635002759,626.6771240234375,279.3228759765625,0.3083033951176187,828.482421875,77.517578125,0.08556024075607065,2162.531982421875,1256.531982421875,1.3869006428497517,826.1295166015625,79.8704833984375,0.0881572664441915,2031.5604248046875,1125.5604248046875,1.2423404247292356,526.5204467773438,379.47955322265625,0.41885160399851684
China,126,2,211.0,768.1273193359375,557.1273193359375,2.6404138357153437,458.4910888671875,247.4910888671875,1.17294354913359,799.2049560546875,588.2049560546875,2.7877012135293247,751.8875732421875,540.8875732421875,2.5634482144179502,1994.2276611328125,1783.2276611328125,8.451315929539396,776.7062377929688,565.7062377929688,2.681072217028288,799.5489501953125,588.5489501953125,2.7893315175133293
China,127,7,1724.0,4337.24853515625,2613.24853515625,1.515805414823811,6390.78173828125,4666.78173828125,2.7069499642002612,12329.3134765625,10605.3134765625,6.151573942321636,6678.37060546875,4954.37060546875,2.873764852360064,7842.3134765625,6118.3134765625,3.5489057288645594,8488.638671875,6764.638671875,3.9238043340342226,11839.0791015625,10115.0791015625,5.86721525612674
China,128,8,1584.0,377.4658203125,1206.5341796875,0.7617008710148359,677.5994262695312,906.4005737304688,0.572222584425801,407.8358459472656,1176.1641540527344,0.7425278750332919,709.6834106445312,874.3165893554688,0.5519675437850181,683.2767333984375,900.7232666015625,0.5686384258848248,666.0095825195312,917.9904174804688,0.5795394049750434,660.5457763671875,923.4542236328125,0.5829887775459675
China,129,6,148.0,2124.6689453125,1976.6689453125,13.355871252111486,2134.64599609375,1986.64599609375,13.423283757390204,2139.46630859375,1991.46630859375,13.455853436444256,1795.0750732421875,1647.0750732421875,11.12888563001478,2136.77490234375,1988.77490234375,13.437668259079391,2250.41943359375,2102.41943359375,14.205536713471284,2245.571533203125,2097.571533203125,14.172780629750845
China,130,10,25482.0,14707.181640625,10774.818359375,0.4228403720027863,16906.359375,8575.640625,0.3365371880150695,7628.06494140625,17853.93505859375,0.7006488917115513,16633.94921875,8848.05078125,0.3472274853327839,7088.40625,18393.59375,0.7218269268503257,7090.9306640625,18391.0693359375,0.7217278602910878,7622.6484375,17859.3515625,0.7008614536731811
China,131,2,683.0,2586.4755859375,1903.4755859375,2.7869335079612005,2545.46240234375,1862.46240234375,2.7268849229044654,2579.98681640625,1896.98681640625,2.7774331133327235,2913.716796875,2230.716796875,3.266056803623719,2539.5546875,1856.5546875,2.718235267203514,1262.1591796875,579.1591796875,0.8479636598645681,2582.355712890625,1899.355712890625,2.780901483002379
China,132,2,2521.0,1205.239501953125,1315.760498046875,0.5219200706254958,780.9135131835938,1740.0864868164062,0.6902366072258652,1214.1845703125,1306.8154296875,0.5183718483488695,834.033935546875,1686.966064453125,0.66916543611786,1224.3388671875,1296.6611328125,0.5143439638288377,583.0609741210938,1937.9390258789062,0.7687183759932195,890.47705078125,1630.52294921875,0.6467762591109679
China,133,7,2933.0,1155.8226318359375,1777.1773681640625,0.6059247760532092,2746.1923828125,186.8076171875,0.06369165263808388,2375.54736328125,557.45263671875,0.1900622695938459,1302.26171875,1630.73828125,0.5559966864132287,4217.4462890625,1284.4462890625,0.4379291814055575,5331.3134765625,2398.3134765625,0.8176997874403341,4297.6884765625,1364.6884765625,0.4652875815078418
China,134,9,494.0,297.0641174316406,196.93588256835938,0.3986556327294724,400.6327209472656,93.36727905273438,0.18900258917557566,501.501220703125,7.501220703125,0.015184657293775303,508.43536376953125,14.43536376953125,0.029221384148848683,506.41943359375,12.41943359375,0.025140553833502024,507.2685546875,13.2685546875,0.026859422444331985,418.673583984375,75.326416015625,0.15248262351341094
China,135,8,486.0,1484.1728515625,998.1728515625,2.053853604038066,1483.427001953125,997.427001953125,2.052318934059928,1843.619384765625,1357.619384765625,2.793455524209105,1331.9798583984375,845.9798583984375,1.7406992971161266,1487.400146484375,1001.400146484375,2.060494128568673,1538.00390625,1052.00390625,2.164617091049383,1739.4127197265625,1253.4127197265625,2.57903851795589
China,136,7,4955.0,3649.729248046875,1305.270751953125,0.26342497516712915,4419.423828125,535.576171875,0.10808802661453078,4289.13671875,665.86328125,0.1343820951059536,2074.89892578125,2880.10107421875,0.5812514781470737,4959.6181640625,4.6181640625,0.0009320210015136226,4759.6904296875,195.3095703125,0.03941666403884965,4854.1015625,100.8984375,0.02036295408678103
China,137,1,6138.0,1396.4530029296875,4741.5469970703125,0.7724905501906667,2783.17919921875,3354.82080078125,0.5465657870285516,1883.426025390625,4254.573974609375,0.6931531402100644,1882.431640625,4255.568359375,0.6933151448965461,1106.867919921875,5031.132080078125,0.8196696122642758,1904.68408203125,4233.31591796875,0.6896897878736966,1887.5306396484375,4250.4693603515625,0.692484418434598
China,138,8,1451.0,2219.84130859375,768.84130859375,0.5298699576800483,2785.52001953125,1334.52001953125,0.9197243415101654,2023.620361328125,572.620361328125,0.39463842958519985,761.268310546875,689.731689453125,0.47534920017444865,2492.127197265625,1041.127197265625,0.7175239126572192,2112.076416015625,661.076416015625,0.4556005623815472,2590.784423828125,1139.784423828125,0.7855164878208993
China,139,5,311.0,1246.162841796875,935.162841796875,3.0069544752311095,941.0363159179688,630.0363159179688,2.0258402441092245,627.0748291015625,316.0748291015625,1.0163177784616158,1247.321533203125,936.321533203125,3.0106801710711415,1768.1109619140625,1457.1109619140625,4.685244250527532,1575.3104248046875,1264.3104248046875,4.065306832169413,1356.360595703125,1045.360595703125,3.3612880890775725
China,140,1,2445.0,850.7198486328125,1594.2801513671875,0.6520573216225716,793.8750610351562,1651.1249389648438,0.6753067235030036,973.9129638671875,1471.0870361328125,0.6016715894203732,976.3408203125,1468.6591796875,0.600678601099182,1258.947998046875,1186.052001953125,0.48509284333461145,964.3475341796875,1480.6524658203125,0.6055838306013548,973.1724853515625,1471.8275146484375,0.6019744436189929
China,141,4,237.0,588.0113525390625,351.0113525390625,1.4810605592365507,586.0230712890625,349.0230712890625,1.4726711868736815,1008.3394775390625,771.3394775390625,3.2545969516416138,718.739501953125,481.739501953125,2.0326561263844938,586.43896484375,349.43896484375,1.4744260119989452,586.8773193359375,349.8773193359375,1.4762756090123945,715.708251953125,478.708251953125,2.019866041996308
China,142,7,3711.0,3296.48486328125,414.51513671875,0.11169903980564538,2372.01904296875,1338.98095703125,0.36081405471065753,3128.466552734375,582.533447265625,0.15697479042458232,3602.107177734375,108.892822265625,0.02934325579779709,3123.637939453125,587.362060546875,0.15827595272079628,2621.27734375,1089.72265625,0.29364663331985985,3124.716552734375,586.283447265625,0.15798529972126785
China,143,6,2941.0,4082.480712890625,1141.480712890625,0.3881267299866117,3977.874755859375,1036.874755859375,0.35255857050641787,3939.37109375,998.37109375,0.33946653986739206,3994.439697265625,1053.439697265625,0.3581909885296243,3986.06005859375,1045.06005859375,0.35534174042630057,2046.616455078125,894.383544921875,0.30410865179254504,2254.90576171875,686.09423828125,0.23328603817791568
China,144,4,2430.0,3550.99853515625,1120.99853515625,0.46131626961162553,1704.2113037109375,725.7886962890625,0.2986784758391204,1712.899658203125,717.100341796875,0.2951030213155864,2399.236083984375,30.763916015625,0.012660047743055555,1671.69775390625,758.30224609375,0.3120585374871399,3536.88916015625,1106.88916015625,0.4555099424511317,1726.30712890625,703.69287109375,0.2895855436599794
China,145,4,2532.0,2741.802490234375,209.802490234375,0.08286038318893167,3145.9697265625,613.9697265625,0.24248409421899683,3113.7451171875,581.7451171875,0.22975715528732227,2603.35791015625,71.35791015625,0.028182428971662718,3163.05908203125,631.05908203125,0.24923344472008294,3155.761474609375,623.761474609375,0.2463512932896426,3160.577880859375,628.577880859375,0.24825350744841035
China,146,6,26408.0,9527.474609375,16880.525390625,0.639220137482013,5245.52734375,21162.47265625,0.8013659745626326,7540.0087890625,18867.9912109375,0.7144801276483452,8124.79150390625,18283.20849609375,0.6923359775861008,7514.0009765625,18893.9990234375,0.7154649736230498,12771.3740234375,13636.6259765625,0.5163823832385073,17244.18359375,9163.81640625,0.3470091035387004
China,147,6,1244.0,388.324951171875,855.675048828125,0.687841679122287,384.8217468261719,859.1782531738281,0.6906577597860355,385.4295349121094,858.5704650878906,0.6901691841542529,1069.599609375,174.400390625,0.1401932400522508,748.2095336914062,495.79046630859375,0.3985453909233069,1055.18017578125,188.81982421875,0.1517844246131431,886.9970703125,357.0029296875,0.28697984701567525
China,148,3,562.0,1626.2884521484375,1064.2884521484375,1.8937516942143016,1584.31396484375,1022.31396484375,1.8190639943838969,1510.628662109375,948.628662109375,1.6879513560665036,1536.5179443359375,974.5179443359375,1.7340176945479315,2813.88037109375,2251.88037109375,4.006904574899911,2898.237548828125,2336.237548828125,4.157006314640792,1566.6015625,1004.6015625,1.7875472642348755
China,149,10,3303.0,3385.81201171875,82.81201171875,0.025071756499772932,3385.363525390625,82.363525390625,0.024935974989592793,2870.83740234375,432.16259765625,0.1308394180006812,3378.7529296875,75.7529296875,0.022934583617166212,3448.0673828125,145.0673828125,0.0439198858045716,3391.951416015625,88.951416015625,0.026930492284476235,3326.2119140625,23.2119140625,0.007027524693460491
China,150,5,499.0,2291.35205078125,1792.35205078125,3.5918878773171343,4319.43603515625,3820.43603515625,7.6561844391908815,969.809326171875,470.809326171875,0.9435056636710922,4340.861328125,3841.861328125,7.699120898046092,3994.024169921875,3495.024169921875,7.004056452749248,2204.402587890625,1705.402587890625,3.4176404566946395,2173.03564453125,1674.03564453125,3.354780850764028
China,151,10,2078.0,2492.27978515625,414.27978515625,0.19936467043130413,1965.667236328125,112.332763671875,0.054058115337764674,2065.224365234375,12.775634765625,0.0061480436793190565,3546.584228515625,1468.584228515625,0.7067296576109842,1278.92822265625,799.07177734375,0.38453887263895575,1953.70849609375,124.29150390625,0.05981304326576035,4727.0703125,2649.0703125,1.274817282242541
China,152,4,2326.0,1307.2022705078125,1018.7977294921875,0.43800418292871346,1052.515869140625,1273.484130859375,0.5474996263367906,1372.392333984375,953.607666015625,0.40997750043664016,1099.534423828125,1226.465576171875,0.5272852864023538,1297.8896484375,1028.1103515625,0.4420078897517197,1076.2242431640625,1249.7757568359375,0.5373068602046163,1073.8397216796875,1252.1602783203125,0.5383320199141498
China,153,2,2741.0,2508.7421875,232.2578125,0.08473469992703393,3978.99267578125,1237.99267578125,0.45165730601286025,2852.0380859375,111.0380859375,0.040510064187340385,3443.4921875,702.4921875,0.25629047336738414,2852.0615234375,111.0615234375,0.040518614898759575,3503.27880859375,762.27880859375,0.2781024474986319,2934.7509765625,193.7509765625,0.0706862373449471
China,154,3,3546.0,755.1934814453125,2790.8065185546875,0.7870294750577235,1061.7545166015625,2484.2454833984375,0.7005768424699486,801.693359375,2744.306640625,0.7739161423082346,414.161865234375,3131.838134765625,0.8832030836902496,817.7792358398438,2728.2207641601562,0.7693797981275117,1076.69287109375,2469.30712890625,0.6963641085466018,413.3200988769531,3132.679901123047,0.8834404684498158
China,155,1,140.0,349.46209716796875,209.46209716796875,1.4961578369140625,538.6319580078125,398.6319580078125,2.8473711286272323,1331.937255859375,1191.937255859375,8.513837541852679,1346.5615234375,1206.5615234375,8.618296595982143,339.81695556640625,199.81695556640625,1.4272639683314732,348.03094482421875,208.03094482421875,1.485935320172991,349.8528747558594,209.85287475585938,1.4989491053989956
China,156,8,1404.0,1582.6043701171875,178.6043701171875,0.12721108982705662,1378.528076171875,25.471923828125,0.01814239588897792,1128.84912109375,275.15087890625,0.19597640947738604,1379.9595947265625,24.0404052734375,0.017122795778801637,374.45538330078125,1029.5446166992188,0.7332938865379051,1541.0950927734375,137.0950927734375,0.09764607747395833,1648.47265625,244.47265625,0.17412582353988604
China,157,4,929.0,831.5452270507812,97.45477294921875,0.10490287723274354,4850.88916015625,3921.88916015625,4.2216244996299785,4052.282958984375,3123.282958984375,3.361983809455732,619.13330078125,309.86669921875,0.333548653626211,5066.30322265625,4137.30322265625,4.4535018543124325,5131.76416015625,4202.76416015625,4.52396572675592,3441.039306640625,2512.039306640625,2.704025087880113
China,158,5,528.0,894.4346923828125,366.4346923828125,0.6940050992098722,892.5712890625,364.5712890625,0.6904759262547349,1096.1260986328125,568.1260986328125,1.0759963989257812,1428.385009765625,900.385009765625,1.705274639707623,1797.267578125,1269.267578125,2.403915867660985,2114.42431640625,1586.42431640625,3.0045915083451704,1805.63818359375,1277.63818359375,2.419769287109375
China,159,7,3748.0,3543.74658203125,204.25341796875,0.054496643001267345,8299.40625,4551.40625,1.2143559898612593,7729.986328125,3981.986328125,1.0624296499799892,4865.8251953125,1117.8251953125,0.29824578316768946,10158.2626953125,6410.2626953125,1.7103155537119796,5898.74462890625,2150.74462890625,0.5738379479472385,8050.220703125,4302.220703125,1.1478710520610993
China,160,10,4900.0,7765.9189453125,2865.9189453125,0.5848814174107143,1843.373291015625,3056.626708984375,0.6238013691804847,3309.669677734375,1590.330322265625,0.32455720862563775,1822.13818359375,3077.86181640625,0.6281350645727041,1793.0587158203125,3106.9412841796875,0.6340696498325893,2237.37353515625,2662.62646484375,0.5433931560905613,1884.756103515625,3015.243896484375,0.6153558972417091
China,161,9,1853.0,1544.8262939453125,308.1737060546875,0.16631068864257287,2395.40869140625,542.40869140625,0.2927192074507555,1503.0531005859375,349.9468994140625,0.18885423605723825,718.5743408203125,1134.4256591796875,0.6122102855799717,2035.728759765625,182.728759765625,0.09861239059127092,2727.3896484375,874.3896484375,0.4718778458917971,2749.908203125,896.908203125,0.4840303308823529
China,162,8,2890.0,3493.94189453125,603.94189453125,0.20897643409385813,6709.94091796875,3819.94091796875,1.3217788643490485,3386.041015625,496.041015625,0.17164048983564015,3496.94287109375,606.94287109375,0.21001483428849482,6224.4404296875,3334.4404296875,1.1537856158088236,3133.63427734375,243.63427734375,0.08430251811202422,6409.734375,3519.734375,1.2179011678200693
China,163,6,1076.0,8281.103515625,7205.103515625,6.696192858387547,3746.6279296875,2670.6279296875,2.4819962171816914,3033.04345703125,1957.04345703125,1.8188136217762547,8955.2666015625,7879.2666015625,7.322738477288569,2223.294677734375,1147.294677734375,1.0662589941769285,2203.08056640625,1127.08056640625,1.0474726453589684,2697.69140625,1621.69140625,1.5071481470724908
China,164,7,2387.0,1639.95263671875,747.04736328125,0.3129649615757227,1435.51025390625,951.48974609375,0.3986132157912652,1646.348876953125,740.651123046875,0.31028534689856513,1902.2860107421875,484.7139892578125,0.20306409269284142,1641.59765625,745.40234375,0.31227580383326353,1670.156982421875,716.843017578125,0.30031127673989316,1640.69140625,746.30859375,0.3126554644951822
China,165,4,1586.0,4830.6533203125,3244.6533203125,2.0458091553042244,2978.314453125,1392.314453125,0.8778779654003783,2711.98681640625,1125.98681640625,0.709953856498266,4938.068359375,3352.068359375,2.113536166062421,2965.2451171875,1379.2451171875,0.869637526599937,3013.853271484375,1427.853271484375,0.9002857953873739,3143.424072265625,1557.424072265625,0.981982391088036
China,166,9,997.0,912.1282348632812,84.87176513671875,0.0851271465764481,990.337890625,6.662109375,0.006682155842527583,941.4765625,55.5234375,0.055690509027081246,1740.941650390625,743.941650390625,0.7461801909635155,999.6123657226562,2.61236572265625,0.0026202264018618357,977.7850341796875,19.2149658203125,0.019272784172830994,995.8688354492188,1.13116455078125,0.0011345682555478937
China,167,5,212.0,765.8753662109375,553.8753662109375,2.6126196519383846,646.063720703125,434.063720703125,2.0474703806751178,613.5831298828125,401.5831298828125,1.89426004661704,648.4095458984375,436.4095458984375,2.058535593860554,606.0478515625,394.0478515625,1.8587162809551887,466.82867431640625,254.82867431640625,1.2020220486622937,624.9505615234375,412.9505615234375,1.947880007186026
China,168,4,1278.0,2659.80859375,1381.80859375,1.0812273816510172,428.8240661621094,849.1759338378906,0.6644569122362212,7937.61376953125,6659.61376953125,5.210965390869522,2606.35009765625,1328.35009765625,1.039397572500978,424.00543212890625,853.9945678710938,0.6682273614014818,422.3894348144531,855.6105651855469,0.6694918350434639,433.085205078125,844.914794921875,0.6611226877322965
China,169,10,7060.0,10058.4267578125,2998.4267578125,0.4247063396334986,10349.919921875,3289.919921875,0.4659943232117564,9512.662109375,2452.662109375,0.34740256506728046,9472.66015625,2412.66015625,0.3417365660410765,9729.01171875,2669.01171875,0.3780469856586402,7574.4794921875,514.4794921875,0.07287244931834277,9656.546875,2596.546875,0.36778284348441925
China,170,7,702.0,1663.0477294921875,961.0477294921875,1.3690138596754808,1945.9295654296875,1243.9295654296875,1.7719794379340277,4047.5595703125,3345.5595703125,4.76575437366453,2412.14208984375,1710.14208984375,2.436099843082265,4124.15966796875,3422.15966796875,4.874871321892806,4390.546875,3688.546875,5.254340277777778,3823.126220703125,3121.126220703125,4.446048747440349
China,171,8,903.0,3262.459228515625,2359.459228515625,2.612911659485742,4298.27734375,3395.27734375,3.7599970584163898,5878.9296875,4975.9296875,5.510442621816169,2481.461181640625,1578.461181640625,1.7480190272875138,3653.919189453125,2750.919189453125,3.046422136714424,8773.7626953125,7870.7626953125,8.716237757821151,3561.7978515625,2658.7978515625,2.9444051512320044
China,172,3,6765.0,1554.6800537109375,5210.3199462890625,0.7701877230286862,1907.88525390625,4857.11474609375,0.7179770504203622,1085.78515625,5679.21484375,0.8394996073540281,1878.25927734375,4886.74072265625,0.7223563522034369,1073.726318359375,5691.273681640625,0.8412821406711937,2718.33251953125,4046.66748046875,0.5981770111557649,612.2010498046875,6152.7989501953125,0.9095046489571785
China,173,1,8227.0,2061.305419921875,6165.694580078125,0.7494462841957122,1344.562255859375,6882.437744140625,0.8365671258223685,2530.88037109375,5696.11962890625,0.6923689837007718,2148.853271484375,6078.146728515625,0.7388047561098365,6076.6865234375,2150.3134765625,0.261372733263948,2152.009033203125,6074.990966796875,0.7384211701466968,2123.47119140625,6103.52880859375,0.741889973087851
China,174,10,334.0,982.2401123046875,648.2401123046875,1.9408386595948728,2071.447509765625,1737.447509765625,5.201938651992889,969.7393798828125,635.7393798828125,1.9034113170144087,1572.1959228515625,1238.1959228515625,3.707173421711265,1598.355224609375,1264.355224609375,3.7854946844592066,1589.02001953125,1255.02001953125,3.757544968656437,972.79052734375,638.79052734375,1.9125464890531436
China,175,1,4164.0,9655.890625,5491.890625,1.3188978446205573,6994.64453125,2830.64453125,0.6797897529418828,10662.056640625,6498.056640625,1.5605323344440443,14076.892578125,9912.892578125,2.3806178141510568,9527.01171875,5363.01171875,1.2879470986431316,16820.671875,12656.671875,3.039546559798271,15286.462890625,11122.462890625,2.671100598132805
China,176,4,6844.0,2487.3056640625,4356.6943359375,0.6365713524163501,2221.444580078125,4622.555419921875,0.6754172150674861,1783.51611328125,5060.48388671875,0.7394044252949664,2170.337890625,4673.662109375,0.6828845864078025,4233.44140625,2610.55859375,0.38143755022647574,4237.97265625,2606.02734375,0.3807754739552893,2517.509033203125,4326.490966796875,0.6321582359434359
China,177,5,1661.0,3832.636962890625,2171.636962890625,1.3074274309997742,4190.1298828125,2529.1298828125,1.5226549565397351,3598.1328125,1937.1328125,1.166244920228778,4182.82177734375,2521.82177734375,1.5182551338613788,4233.1376953125,2572.1376953125,1.5485476792971102,1520.927490234375,140.072509765625,0.08433022863673992,4113.23583984375,2452.23583984375,1.4763611317542142
China,178,7,6068.0,11271.173828125,5203.173828125,0.8574775590186223,10711.6318359375,4643.6318359375,0.7652656288624753,10904.1064453125,4836.1064453125,0.7969852414819545,7606.83251953125,1538.83251953125,0.2535979761917024,10535.666015625,4467.666015625,0.7362666472684575,10592.8837890625,4524.8837890625,0.7456960759826137,11000.3681640625,4932.3681640625,0.8128490712034443
China,179,6,6063.0,896.739501953125,5166.260498046875,0.8520964040981156,986.8251953125,5076.1748046875,0.8372381337106218,1637.0341796875,4425.9658203125,0.7299960119268514,762.49951171875,5300.50048828125,0.8742372568499506,898.301025390625,5164.698974609375,0.851838854463034,3798.258056640625,2264.741943359375,0.3735348743789172,2798.9033203125,3264.0966796875,0.5383632986454725
China,180,3,665.0,1896.771240234375,1231.771240234375,1.8522875792998121,2365.736083984375,1700.736083984375,2.5574978706531954,2310.90869140625,1645.90869140625,2.475050663768797,2624.71630859375,1959.71630859375,2.9469418174342104,4153.421875,3488.421875,5.2457471804511275,2347.02197265625,1682.02197265625,2.5293563498590226,3203.884765625,2538.884765625,3.817871828007519
China,181,4,544.0,1315.6490478515625,771.6490478515625,1.4184725144330192,1857.1868896484375,1313.1868896484375,2.4139464883243336,2007.6669921875,1463.6669921875,2.690564323874081,2638.13623046875,2094.13623046875,3.8495151295381436,1289.7117919921875,745.7117919921875,1.3707937352797563,1280.0289306640625,736.0289306640625,1.35299435783835,1299.762939453125,755.762939453125,1.3892701092888327
China,182,1,893.0,1730.9649658203125,837.9649658203125,0.9383706224191629,1384.3328857421875,491.3328857421875,0.5502047992633678,1443.6927490234375,550.6927490234375,0.6166772105525616,2014.6890869140625,1121.6890869140625,1.2560908028152995,1749.1962890625,856.1962890625,0.9587864379199328,1808.28173828125,915.28173828125,1.0249515546262598,2407.169921875,1514.169921875,1.695599016657335
China,183,6,352.0,531.103271484375,179.103271484375,0.5088161121715199,532.6378173828125,180.6378173828125,0.5131756175648082,755.0333251953125,403.0333251953125,1.1449810374866833,548.0554809570312,196.05548095703125,0.5569757981733843,528.8382568359375,176.8382568359375,0.5023814114657316,544.28369140625,192.28369140625,0.5462604869495739,989.0863037109375,637.0863037109375,1.8099042719060725
China,184,5,3344.0,6583.419921875,3239.419921875,0.9687260531922847,4486.2216796875,1142.2216796875,0.3415734688060706,17259.21875,13915.21875,4.161249626196172,2976.64794921875,367.35205078125,0.10985408217142643,3081.22314453125,262.77685546875,0.07858159553491328,9041.73828125,5697.73828125,1.7038691032446172,5754.1611328125,2410.1611328125,0.7207419655539773
China,185,4,404.0,119.35006713867188,284.6499328613281,0.7045790417359608,404.019775390625,0.019775390625,4.894898669554456e-05,152.30300903320312,251.69699096679688,0.6230123538782101,428.9078063964844,24.907806396484375,0.06165298612991182,448.65496826171875,44.65496826171875,0.11053209965771968,365.2755126953125,38.7244873046875,0.09585269134823639,409.3187255859375,5.3187255859375,0.013165162341429455
China,186,7,5732.0,2319.637939453125,3412.362060546875,0.5953178751826369,3682.028076171875,2049.971923828125,0.35763641378718164,1845.6251220703125,3886.3748779296875,0.6780137609786615,2253.419189453125,3478.580810546875,0.6068703437799852,2685.60107421875,3046.39892578125,0.5314722480427861,2640.32861328125,3091.67138671875,0.539370444298456,2664.860107421875,3067.139892578125,0.5350907000310755
China,187,10,22920.0,3422.95556640625,19497.04443359375,0.8506563889002509,3001.54345703125,19918.45654296875,0.8690426065867692,3783.70849609375,19136.29150390625,0.8349167322821226,2997.19287109375,19922.80712890625,0.8692324227271487,3238.035888671875,19681.964111328125,0.8587244376670211,3257.94091796875,19662.05908203125,0.8578559808914158,3157.056640625,19762.943359375,0.8622575636725567
China,188,10,9409.0,5612.64404296875,3796.35595703125,0.4034813430790998,3973.134765625,5435.865234375,0.5777303894542459,6328.271484375,3080.728515625,0.3274235854633861,8138.68798828125,1270.31201171875,0.13501031052383355,4551.29638671875,4857.70361328125,0.5162826669445477,6348.00390625,3060.99609375,0.32532639959081733,7170.349609375,2238.650390625,0.23792649491178658
China,189,10,285.0,990.6652221679688,705.6652221679688,2.4760183233963815,342.29400634765625,57.29400634765625,0.20103160121984648,1013.2884521484375,728.2884521484375,2.5553980777138157,341.3097839355469,56.309783935546875,0.1975781892475329,963.4244995117188,678.4244995117188,2.3804368403919955,410.9052734375,125.9052734375,0.44177288925438596,1018.5501708984375,733.5501708984375,2.5738602487664473
China,190,9,1293.0,810.2144775390625,482.7855224609375,0.3733840080904389,1185.4962158203125,107.5037841796875,0.08314291119852088,1013.6249389648438,279.37506103515625,0.2160673325871278,670.5137329101562,622.4862670898438,0.48142789411434167,674.6900024414062,618.3099975585938,0.47819798728429525,826.1681518554688,466.83184814453125,0.3610455128728007,574.6878051757812,718.3121948242188,0.5555392071339665
China,191,10,15165.0,7328.46826171875,7836.53173828125,0.5167511861708705,7980.2734375,7184.7265625,0.47377029756017147,2940.93115234375,12224.06884765625,0.8060711406301516,7436.8583984375,7728.1416015625,0.5096037983226178,9247.0361328125,5917.9638671875,0.3902383031445763,7652.0390625,7512.9609375,0.49541450296735906,2825.05224609375,12339.94775390625,0.8137123477682987
China,192,1,3287.0,788.4537353515625,2498.5462646484375,0.7601296819739695,1589.340576171875,1697.659423828125,0.5164768554390402,3754.26220703125,467.26220703125,0.14215461120512626,3779.519287109375,492.519287109375,0.14983854186473228,3963.27197265625,676.27197265625,0.20574139721820808,3755.38427734375,468.38427734375,0.14249597728742014,3737.848876953125,450.848876953125,0.13716120381902192
China,193,3,764.0,1026.29541015625,262.29541015625,0.3433185996809555,1104.156494140625,340.156494140625,0.44523101327306935,982.0186767578125,218.0186767578125,0.28536476015420487,967.129638671875,203.129638671875,0.2658764904082134,1664.9451904296875,900.9451904296875,1.1792476314524705,1547.376220703125,783.376220703125,1.0253615454229386,1000.5357666015625,236.5357666015625,0.30960178874550065
China,194,6,2194.0,1270.123779296875,923.876220703125,0.42109216987380355,1248.2879638671875,945.7120361328125,0.4310446837433056,1251.0609130859375,942.9390869140625,0.42978080533913515,1243.72607421875,950.27392578125,0.4331239406477894,1265.3736572265625,928.6263427734375,0.4232572209541648,1332.810546875,861.189453125,0.39252026122379213,1726.662841796875,467.337158203125,0.21300690893487922
China,195,1,2014.0,2071.65576171875,57.65576171875,0.02862748844029295,2094.956298828125,80.956298828125,0.040196772009992554,1782.82861328125,231.17138671875,0.11478221783453327,1853.82275390625,160.17724609375,0.07953189974863456,2201.94580078125,187.94580078125,0.09331966275136544,2555.654052734375,541.654052734375,0.2689444154589747,1606.001220703125,407.998779296875,0.20258132040559831
China,196,5,827.0,1276.6512451171875,449.6512451171875,0.5437137184004686,1789.497314453125,962.497314453125,1.1638419763641172,1318.593994140625,491.593994140625,0.594430464498942,1815.678466796875,988.678466796875,1.1954999598511185,1841.875244140625,1014.875244140625,1.2271768369294136,1233.3154296875,406.3154296875,0.49131249055320436,1565.834716796875,738.834716796875,0.8933914350627267
China,197,7,2508.0,2971.623046875,463.623046875,0.18485767419258373,4951.9765625,2443.9765625,0.9744723135964912,2979.89111328125,471.89111328125,0.18815435138805822,2969.455078125,461.455078125,0.1839932528409091,3001.947998046875,493.947998046875,0.1969489625386264,2994.17138671875,486.17138671875,0.19384824031848086,3179.945068359375,671.945068359375,0.2679206811640251
China,198,5,201.0,625.1727294921875,424.1727294921875,2.1103120870258083,452.782958984375,251.782958984375,1.2526515372356966,1685.714111328125,1484.714111328125,7.386637369791667,422.4391784667969,221.43917846679688,1.1016874550586908,508.82476806640625,307.82476806640625,1.5314665077930658,695.92333984375,494.92333984375,2.46230517335199,622.53173828125,421.53173828125,2.0971728272699006
China,199,4,563.0,1475.9945068359375,912.9945068359375,1.6216598700460703,1592.76904296875,1029.76904296875,1.8290746766762878,2596.42138671875,2033.42138671875,3.6117609000333037,1805.9814453125,1242.9814453125,2.2077823184946714,2716.171142578125,2153.171142578125,3.8244602887710926,2742.391357421875,2179.391357421875,3.8710326064331704,1816.474853515625,1253.474853515625,2.2264206989620337
China,200,8,534.0,559.8743896484375,25.8743896484375,0.04845391319932116,853.349853515625,319.349853515625,0.5980334335498596,748.656005859375,214.656005859375,0.4019775390625,744.16455078125,210.16455078125,0.39356657449672283,1072.701171875,538.701171875,1.0088036926498127,1064.8365478515625,530.8365478515625,0.9940759323062968,938.3009643554688,404.30096435546875,0.7571179107780314
China,201,9,1039.0,916.106201171875,122.893798828125,0.1182808458403513,1964.563720703125,925.563720703125,0.8908216753639316,929.1212158203125,109.8787841796875,0.10575436398429981,832.2866821289062,206.71331787109375,0.19895410767189003,946.9291381835938,92.07086181640625,0.088614881440237,545.2325439453125,493.7674560546875,0.47523335520181664,1616.807373046875,577.807373046875,0.5561187421047883
China,202,6,43303.0,7323.5439453125,35979.4560546875,0.8308767534509733,6237.1591796875,37065.8408203125,0.8559647327047202,6222.1640625,37080.8359375,0.8563110162690807,7348.0791015625,35954.9208984375,0.8303101609227421,6043.39990234375,37259.60009765625,0.8604392327934843,7427.009765625,35875.990234375,0.8284874081328083,6161.19775390625,37141.80224609375,0.8577189166130234
China,203,2,3133.0,4900.3671875,1767.3671875,0.5641133697733801,5204.17724609375,2071.17724609375,0.6610843428323492,7931.3193359375,4798.3193359375,1.5315414414099904,7657.9052734375,4524.9052734375,1.4442723502832748,7818.15234375,4685.15234375,1.4954204735876158,7004.4580078125,3871.4580078125,1.2357031624042452,7797.7509765625,4664.7509765625,1.488908706212097
China,204,4,1801.0,635.278564453125,1165.721435546875,0.6472634289544004,563.8182373046875,1237.1817626953125,0.686941567293344,1145.773681640625,655.226318359375,0.36381250325340087,898.1476440429688,902.8523559570312,0.501306138787913,555.0447998046875,1245.9552001953125,0.6918129928902346,558.4629516601562,1242.5370483398438,0.6899150740365596,1113.667724609375,687.332275390625,0.38163924230462243
China,205,9,2639.0,999.307861328125,1639.692138671875,0.6213308596710402,929.2215576171875,1709.7784423828125,0.6478887617972007,1335.9571533203125,1303.0428466796875,0.49376386763156027,1264.983154296875,1374.016845703125,0.5206581453971675,1278.49609375,1360.50390625,0.5155376681508147,1320.8280029296875,1318.1719970703125,0.49949677797283537,1275.485595703125,1363.514404296875,0.5166784404307977
China,206,7,2360.0,3927.654296875,1567.654296875,0.6642602952860169,2008.439697265625,351.560302734375,0.1489662299721928,1355.5692138671875,1004.4307861328125,0.42560626531051376,2306.7763671875,53.2236328125,0.022552386784957627,1386.46337890625,973.53662109375,0.41251551741260595,1822.3037109375,537.6962890625,0.2278374106197034,1416.20703125,943.79296875,0.3999122748940678
China,207,8,2520.0,1652.599853515625,867.400146484375,0.34420640733506946,1250.3258056640625,1269.6741943359375,0.5038389660063244,2178.80078125,341.19921875,0.13539651537698413,1506.302734375,1013.697265625,0.4022608196924603,1111.699951171875,1408.300048828125,0.5588492257254464,2500.0087890625,19.9912109375,0.00793302021329365,860.5489501953125,1659.4510498046875,0.6585123213510665
China,208,4,1788.0,443.3382873535156,1344.6617126464844,0.7520479377217474,657.4154663085938,1130.5845336914062,0.6323179718632026,680.99365234375,1107.00634765625,0.6191310669218401,895.8558349609375,892.1441650390625,0.49896206098381574,656.55029296875,1131.44970703125,0.6328018495700504,657.36083984375,1130.63916015625,0.6323485235773211,2259.5068359375,471.5068359375,0.26370628408137586
China,209,1,1238.0,3034.97705078125,1796.97705078125,1.4515161961076333,3190.3271484375,1952.3271484375,1.5770009276554928,2183.323974609375,945.323974609375,0.763589640233744,2176.875732421875,938.875732421875,0.7583810439595113,2198.240234375,960.240234375,0.7756383153271406,2144.1103515625,906.1103515625,0.7319146620052503,2177.89697265625,939.89697265625,0.7592059552958401
China,210,5,442.0,622.1979370117188,180.19793701171875,0.40768764029800625,852.6314697265625,410.6314697265625,0.9290304744944853,1389.103759765625,947.103759765625,2.1427686872525453,847.6710205078125,405.6710205078125,0.9178077387054582,915.2735595703125,473.2735595703125,1.0707546596613404,1557.3489990234375,1115.3489990234375,2.5234140249399037,847.9725341796875,405.9725341796875,0.9184898963341346
China,211,4,3368.0,4742.759765625,1374.759765625,0.40818282827345603,3034.790283203125,333.209716796875,0.0989340014242503,2712.494873046875,655.505126953125,0.19462741299083283,1754.38623046875,1613.61376953125,0.4791014755140291,2671.72900390625,696.27099609375,0.20673129337700416,2639.903076171875,728.096923828125,0.21618079686108224,1730.9306640625,1637.0693359375,0.4860657173211104
China,212,8,281.0,2328.5810546875,2047.5810546875,7.286765319172598,373.59423828125,92.59423828125,0.3295168622108541,2356.588623046875,2075.588623046875,7.386436380949733,611.5338134765625,330.5338134765625,1.1762769162866993,374.1033935546875,93.1033935546875,0.3313288026857206,370.4056396484375,89.4056396484375,0.31816953611543597,464.85369873046875,183.85369873046875,0.6542836253753336
China,213,8,687.0,368.8544616699219,318.1455383300781,0.4630939422563,596.8804321289062,90.11956787109375,0.13117841029271288,544.031005859375,142.968994140625,0.20810625056859533,610.5437622070312,76.45623779296875,0.11129001134347707,598.9449462890625,88.0550537109375,0.1281732950668668,484.9606018066406,202.03939819335938,0.294089371460494,486.45556640625,200.54443359375,0.2919132948962882
China,214,10,220.0,615.0547485351562,395.05474853515625,1.7957034024325285,420.90045166015625,200.90045166015625,0.9131838711825284,785.6502685546875,565.6502685546875,2.5711375843394886,433.651123046875,213.651123046875,0.9711414683948864,641.0731201171875,421.0731201171875,1.9139687278053976,784.9251708984375,564.9251708984375,2.5678416859019886,767.3550415039062,547.3550415039062,2.487977461381392
China,215,8,11388.0,1467.8114013671875,9920.188598632812,0.8711089391142266,2689.0029296875,8698.9970703125,0.7638739963393484,3062.87841796875,8325.12158203125,0.731043342292874,3893.389892578125,7494.610107421875,0.6581146915544323,2684.952880859375,8703.047119140625,0.7642296381402024,3687.05419921875,7700.94580078125,0.6762333860889752,3083.26806640625,8304.73193359375,0.7292528919558966
China,216,8,9720.0,4015.93603515625,5704.06396484375,0.5868378564654064,3166.47607421875,6553.52392578125,0.674230856561857,3697.18359375,6022.81640625,0.6196313175154321,2476.594482421875,7243.405517578125,0.7452063289689429,3169.3984375,6550.6015625,0.6739302019032922,3557.158203125,6162.841796875,0.6340372219007202,3380.647216796875,6339.352783203125,0.6521967883953832
China,217,9,145.0,370.4964294433594,225.49642944335938,1.5551477892645473,1096.439208984375,951.439208984375,6.561649717133621,327.85772705078125,182.85772705078125,1.2610877727640086,325.6797790527344,180.67977905273438,1.2460674417429958,328.10150146484375,183.10150146484375,1.262768975619612,371.7757568359375,226.7757568359375,1.563970736799569,373.4757080078125,228.4757080078125,1.5756945379849139
China,218,2,140.0,396.2915344238281,256.2915344238281,1.830653817313058,235.8747100830078,95.87471008300781,0.6848193577357701,235.58218383789062,95.58218383789062,0.6827298845563616,377.58782958984375,237.58782958984375,1.697055925641741,235.75161743164062,95.75161743164062,0.6839401245117187,306.9581298828125,166.9581298828125,1.1925580705915177,233.3037109375,93.3037109375,0.666455078125
China,219,6,1265.0,4714.0791015625,3449.0791015625,2.726544744318182,1958.77001953125,693.77001953125,0.548434798048419,2070.427734375,805.427734375,0.6367017663043478,3405.4375,2140.4375,1.6920454545454546,2023.32763671875,758.32763671875,0.5994684875247036,2015.1854248046875,750.1854248046875,0.5930319563673419,2398.07666015625,1133.07666015625,0.8957127748270751
China,220,3,5242.0,2592.84423828125,2649.15576171875,0.5053711868978921,3035.49560546875,2206.50439453125,0.42092796538177224,2474.347412109375,2767.652587890625,0.5279764570565862,3763.2431640625,1478.7568359375,0.28209783211322015,2444.2333984375,2797.7666015625,0.5337212135754483,3031.09130859375,2210.90869140625,0.42176815936784623,3768.20263671875,1473.79736328125,0.2811517289739126
China,221,7,2791.0,2961.48876953125,170.48876953125,0.061085191519616625,2955.25390625,164.25390625,0.058851274184879974,2953.870361328125,162.870361328125,0.05835555762383554,2815.4189453125,24.4189453125,0.00874917424310283,2944.88720703125,153.88720703125,0.055136942684073806,2937.376953125,146.376953125,0.052446059879971335,2938.1376953125,147.1376953125,0.052718629635435325
China,222,5,742.0,863.07421875,121.07421875,0.16317280154986524,770.0597534179688,28.05975341796875,0.03781637926949966,1260.9609375,518.9609375,0.6994082715633423,769.1878662109375,27.1878662109375,0.0366413291252527,636.070556640625,105.929443359375,0.1427620530449798,856.070068359375,114.070068359375,0.15373324576735176,634.379638671875,107.620361328125,0.1450409182319744
China,223,6,584.0,754.3533935546875,170.3533935546875,0.2917010163607663,755.1296997070312,171.12969970703125,0.29303030771751926,1308.888916015625,724.888916015625,1.2412481438623715,750.737548828125,166.737548828125,0.2855095014180223,748.0073852539062,164.00738525390625,0.28083456379093535,503.33294677734375,80.66705322265625,0.1381285157922196,577.75830078125,6.24169921875,0.010687841127996575
China,224,7,893.0,976.1558227539062,83.15582275390625,0.09311962234479983,1001.3206787109375,108.3206787109375,0.12129975219589866,1447.4361572265625,554.4361572265625,0.6208691570286254,1003.300537109375,110.300537109375,0.12351683886828108,1457.10009765625,564.10009765625,0.6316910388087906,2036.5751953125,1143.5751953125,1.2805993228583428,1447.1192626953125,554.1192626953125,0.6205142919320409
China,225,3,5639.0,3525.50341796875,2113.49658203125,0.37479989041164213,1938.3140869140625,3700.6859130859375,0.6562663438705333,3513.58203125,2125.41796875,0.37691398630076256,3638.68408203125,2000.31591796875,0.3547288380863185,3470.01513671875,2168.98486328125,0.38463998284824436,1965.0352783203125,3673.9647216796875,0.651527703791397,3811.41357421875,1827.58642578125,0.32409761053045755
China,226,8,5533.0,1542.47314453125,3990.52685546875,0.7212229993617838,1230.84033203125,4302.15966796875,0.777545575269971,1252.0487060546875,4280.9512939453125,0.7737125056832301,1487.7886962890625,4045.2113037109375,0.7311063263529618,1227.32177734375,4305.67822265625,0.7781814969557654,926.203125,4606.796875,0.8326038089643955,1475.6016845703125,4057.3983154296875,0.7333089310373554
China,227,3,410.0,853.6427001953125,443.6427001953125,1.0820553663300305,791.8825073242188,381.88250732421875,0.9314207495712652,768.89892578125,358.89892578125,0.8753632336128049,767.10986328125,357.10986328125,0.8709996665396341,785.1839599609375,375.1839599609375,0.9150828291730183,803.7328491210938,393.73284912109375,0.9603240222465701,753.0423583984375,343.0423583984375,0.8366886790205793
China,228,5,1001.0,3722.6875,2721.6875,2.7189685314685317,1163.844970703125,162.844970703125,0.1626822884147103,3280.01806640625,2279.01806640625,2.276741325081169,3309.40625,2308.40625,2.30610014985015,1749.71240234375,748.71240234375,0.7479644379058441,937.6380615234375,63.3619384765625,0.06329863983672578,3948.84228515625,2947.84228515625,2.9448973877684814
China,229,3,2552.0,2474.3818359375,77.6181640625,0.030414641090321316,2417.28515625,134.71484375,0.05278794817789969,3278.40087890625,726.40087890625,0.28463984283160265,1390.7308349609375,1161.2691650390625,0.4550427762692251,3277.49365234375,725.49365234375,0.2842843465296826,2441.798583984375,110.201416015625,0.043182373046875,1371.12890625,1180.87109375,0.4627237828173981
China,230,8,8740.0,4992.05078125,3747.94921875,0.42882714173340963,5108.35400390625,3631.64599609375,0.4155201368528318,4126.6962890625,4613.3037109375,0.5278379531965103,3369.12109375,5370.87890625,0.6145170373283753,4169.63623046875,4570.36376953125,0.5229249164223398,5291.25390625,3448.74609375,0.39459337457093824,5194.9921875,3545.0078125,0.405607301201373
China,231,1,198.0,1958.5250244140625,1760.5250244140625,8.89154052734375,1890.4453125,1692.4453125,8.547703598484848,1572.513427734375,1374.513427734375,6.94198700875947,1598.91943359375,1400.91943359375,7.075350674715909,1792.989501953125,1594.989501953125,8.055502535116792,1614.76806640625,1416.76806640625,7.155394274779041,1625.385986328125,1427.385986328125,7.209020132970328
China,232,7,2347.0,589.4810791015625,1757.5189208984375,0.7488363531735993,409.5451965332031,1937.4548034667969,0.8255026857549198,420.523193359375,1926.476806640625,0.8208252265192266,481.0434875488281,1865.9565124511719,0.7950389912446407,459.07305908203125,1887.9269409179688,0.8044000600417421,389.48095703125,1957.51904296875,0.8340515734847678,469.06048583984375,1877.9395141601562,0.8001446587814897
China,233,7,817.0,1822.9234619140625,1005.9234619140625,1.231240467459073,923.81787109375,106.81787109375,0.13074402826652387,937.2264404296875,120.2264404296875,0.14715598583805078,1293.6689453125,476.6689453125,0.5834381215575275,1023.533203125,206.533203125,0.25279461826805383,942.314208984375,125.314208984375,0.15338336472995717,1046.58740234375,229.58740234375,0.28101273236689106
China,234,3,249.0,1664.1688232421875,1415.1688232421875,5.683408928683484,1106.9327392578125,857.9327392578125,3.44551300906752,831.1410522460938,582.1410522460938,2.337915872474272,1612.4415283203125,1363.4415283203125,5.47566878843499,407.0541687011719,158.05416870117188,0.6347556975950678,1161.71533203125,912.71533203125,3.665523421812249,1589.800537109375,1340.800537109375,5.384741112889056
China,235,10,7762.0,2188.908203125,5573.091796875,0.7179968818442412,2199.53271484375,5562.46728515625,0.7166280965158787,2358.435546875,5403.564453125,0.6961562037007215,2463.420654296875,5298.579345703125,0.6826306809718017,2203.31982421875,5558.68017578125,0.7161401927056493,2216.190185546875,5545.809814453125,0.7144820683397481,2458.914794921875,5303.085205078125,0.683211183339104
China,236,8,776.0,455.44134521484375,320.55865478515625,0.4130910499808715,809.5977172851562,33.59771728515625,0.04329602742932506,437.20245361328125,338.79754638671875,0.4365947762715448,647.3548583984375,128.6451416015625,0.16577982165149807,803.5289306640625,27.5289306640625,0.0354754261134826,810.630126953125,34.630126953125,0.0446264522591817,550.720947265625,225.279052734375,0.2903080576473905
China,237,1,13130.0,20553.201171875,7423.201171875,0.565361856197639,17311.396484375,4181.396484375,0.31846127070639757,7748.40234375,5381.59765625,0.4098703470106626,7800.4228515625,5329.5771484375,0.4059083890660701,5462.974609375,7667.025390625,0.5839318652418126,7811.927734375,5318.072265625,0.4050321603674791,6805.31982421875,6324.68017578125,0.48169689076780275
China,238,5,1644.0,1461.54443359375,182.45556640625,0.11098270462667274,1373.3375244140625,270.6624755859375,0.1646365423272126,753.3682250976562,890.6317749023438,0.5417468217167541,837.7105712890625,806.2894287109375,0.49044369143001065,915.9348754882812,728.0651245117188,0.44286199787817443,762.9462890625,881.0537109375,0.5359207487454379,794.222412109375,849.777587890625,0.5168963429991636
China,239,6,13528.0,754.2635498046875,12773.736450195312,0.9442442674597363,2281.483154296875,11246.516845703125,0.8313510382690069,2289.58544921875,11238.41455078125,0.8307521104953615,1113.636474609375,12414.363525390625,0.917679148831359,2287.837890625,11240.162109375,0.8308812913494235,2316.84814453125,11211.15185546875,0.8287368314214038,2335.29638671875,11192.70361328125,0.8273731233945335
China,240,7,617.0,949.806396484375,332.806396484375,0.5393944837672204,1271.337158203125,654.337158203125,1.0605140327441247,2924.12255859375,2307.12255859375,3.7392586038796596,1111.168701171875,494.168701171875,0.8009217198895867,2900.9599609375,2283.9599609375,3.701717926965154,2734.3720703125,2117.3720703125,3.4317213457252835,2877.1171875,2260.1171875,3.663074858184765
China,241,9,2391.0,681.66796875,1709.33203125,0.7149025643036386,2750.93603515625,359.93603515625,0.1505378649754287,555.9113159179688,1835.0886840820312,0.7674984040493648,683.012939453125,1707.987060546875,0.714340050416928,563.988037109375,1827.011962890625,0.7641204361734107,677.4357299804688,1713.5642700195312,0.7166726348889717,568.8250122070312,1822.1749877929688,0.7620974436607983
China,242,7,605.0,3375.231689453125,2770.231689453125,4.578895354467975,2282.15087890625,1677.15087890625,2.7721502130681817,919.9469604492188,314.94696044921875,0.5205734883458161,3638.43603515625,3033.43603515625,5.013943859762397,1211.9501953125,606.9501953125,1.0032234633264463,1447.788818359375,842.788818359375,1.3930393691890497,1732.017333984375,1127.017333984375,1.8628385685692148
China,243,9,2064.0,2232.49755859375,168.49755859375,0.0816364140473595,2219.091552734375,155.091552734375,0.07514125616975532,2493.0615234375,429.0615234375,0.20787864507630813,1720.32373046875,343.67626953125,0.16650982050932656,2240.734375,176.734375,0.08562711967054264,2231.103515625,167.103515625,0.08096100563226744,2272.958740234375,208.958740234375,0.10123969972595688
China,244,5,2551.0,5770.43359375,3219.43359375,1.2620280649745197,3860.244140625,1309.244140625,0.5132278089474716,11404.4296875,8853.4296875,3.4705722020776166,4032.746826171875,1481.746826171875,0.5808494026545963,2686.37548828125,135.37548828125,0.05306761594717758,4951.76416015625,2400.76416015625,0.9411070796378871,4125.1201171875,1574.1201171875,0.6170600224176793
China,245,2,1668.0,1913.08740234375,245.08740234375,0.14693489349145683,981.4537353515625,686.5462646484375,0.41159848000505844,1119.100341796875,548.899658203125,0.32907653369491907,2033.4483642578125,365.4483642578125,0.21909374355983963,1116.276123046875,551.723876953125,0.33076971040355213,391.248291015625,1276.751708984375,0.7654386744510642,1139.9244384765625,528.0755615234375,0.31659206326345174
China,246,6,1817.0,6694.27880859375,4877.27880859375,2.6842481059954597,8057.72705078125,6240.72705078125,3.4346323889825263,10752.46875,8935.46875,4.9177043203082,8787.8857421875,6970.8857421875,3.836480870769125,15352.2890625,13535.2890625,7.44925099752339,9172.2998046875,7355.2998046875,4.048046122557787,5124.5478515625,3307.5478515625,1.82033453580765
China,247,2,5103.0,5298.724609375,195.724609375,0.03835481273270625,7946.16015625,2843.16015625,0.5571546455516363,2709.8681640625,2393.1318359375,0.46896567429698216,5754.17529296875,651.17529296875,0.12760636742479914,2773.889892578125,2329.110107421875,0.45641977413714974,4100.716796875,1002.283203125,0.19641058262296687,1445.7706298828125,3657.2293701171875,0.7166822202855551
China,248,2,2836.0,1308.6322021484375,1527.3677978515625,0.5385641036147963,1021.1805419921875,1814.8194580078125,0.6399222348405544,2510.427734375,325.572265625,0.11479981157440057,2141.359375,694.640625,0.24493675070521861,2551.00537109375,284.99462890625,0.1004917591347849,2272.2685546875,563.7314453125,0.19877695532880818,2598.22412109375,237.77587890625,0.08384198833083568
China,249,5,14938.0,9780.033203125,5157.966796875,0.3452916586474093,9193.0595703125,5744.9404296875,0.38458564932972955,13017.201171875,1920.798828125,0.12858473879535412,4211.89111328125,10726.10888671875,0.7180418320202671,6679.63916015625,8258.36083984375,0.5528424715386095,7488.9580078125,7449.0419921875,0.4986639437801245,6760.68310546875,8177.31689453125,0.5474171170525672
China,250,5,1049.0,1178.1444091796875,129.1444091796875,0.12311192486147521,1453.249267578125,404.249267578125,0.385366317996306,1752.226806640625,703.226806640625,0.670378271344733,768.7847900390625,280.2152099609375,0.2671260342811606,1625.8907470703125,576.8907470703125,0.5499435148430052,1185.3870849609375,136.3870849609375,0.13001628690270495,981.298583984375,67.701416015625,0.06453900478133937
China,251,9,1061.0,1152.977783203125,91.977783203125,0.08668971084177662,283.4405212402344,777.5594787597656,0.7328553051458677,957.1431274414062,103.85687255859375,0.09788583653024858,910.279541015625,150.720458984375,0.1420550980060085,935.4279174804688,125.57208251953125,0.11835257541897384,903.717529296875,157.282470703125,0.1482398404364986,277.4388427734375,783.5611572265625,0.7385119295255066
China,252,10,13919.0,4291.4580078125,9627.5419921875,0.6916834537098571,3146.9033203125,10772.0966796875,0.7739131172991953,3582.77099609375,10336.22900390625,0.7425985346581112,3169.22998046875,10749.77001953125,0.7723090753309325,3937.293212890625,9981.706787109375,0.7171281548321988,3595.9931640625,10323.0068359375,0.7416485980269775,3959.056640625,9959.943359375,0.7155645778701775
China,253,6,3675.0,2015.6617431640625,1659.3382568359375,0.451520614105017,1730.9061279296875,1944.0938720703125,0.5290051352572279,1791.8427734375,1883.1572265625,0.5124237351190476,2320.54833984375,1354.45166015625,0.36855827487244897,1846.0780029296875,1828.9219970703125,0.4976658495429422,1908.7694091796875,1766.2305908203125,0.4806069634885204,1770.385986328125,1904.614013671875,0.5182623166454081
China,254,7,2542.0,2150.663330078125,391.336669921875,0.15394833592520654,2573.4794921875,31.4794921875,0.012383749877065304,1909.1798095703125,632.8201904296875,0.24894578695109656,1739.39892578125,802.60107421875,0.31573606381540126,1668.24072265625,873.75927734375,0.34372906268440206,1551.209228515625,990.790771484375,0.3897682027869296,1808.831298828125,733.168701171875,0.2884219910196204
China,255,3,2244.0,1916.8494873046875,327.1505126953125,0.14578899852732286,1712.989501953125,531.010498046875,0.2366356943167892,2096.282958984375,147.717041015625,0.06582755838485962,1832.345947265625,411.654052734375,0.18344654756433823,2137.5341796875,106.4658203125,0.047444661458333336,1783.9097900390625,460.0902099609375,0.20503128786138033,1737.61181640625,506.38818359375,0.2256631834196747
China,256,8,8046.0,4858.38134765625,3187.61865234375,0.3961743291503542,4005.89404296875,4040.10595703125,0.5021260200138268,3446.919189453125,4599.080810546875,0.5715984104582246,3454.9072265625,4591.0927734375,0.5706056143969053,4026.253662109375,4019.746337890625,0.4995956174360707,2580.671875,5465.328125,0.6792602690778027,2555.07373046875,5490.92626953125,0.6824417436653306
China,257,10,4945.0,508.6529846191406,4436.347015380859,0.8971379201983538,1699.3548583984375,3245.6451416015625,0.6563488658446032,986.445068359375,3958.554931640625,0.8005166696947674,1269.931396484375,3675.068603515625,0.7431887974753539,1835.758544921875,3109.241455078125,0.6287647027458291,1731.5177001953125,3213.4822998046875,0.6498447522355283,984.3905029296875,3960.6094970703125,0.800932153098142
China,258,7,1313.0,1656.7186279296875,343.7186279296875,0.261781133229008,1617.3448486328125,304.3448486328125,0.23179348715370335,2311.342041015625,998.342041015625,0.7603518971939262,1389.95361328125,76.95361328125,0.05860899716774562,2113.634033203125,800.634033203125,0.6097745873595773,3091.059326171875,1778.059326171875,1.3541959833753807,2084.037109375,771.037109375,0.5872331373762376
China,259,9,3214.0,5837.52783203125,2623.52783203125,0.816281217184583,5942.6572265625,2728.6572265625,0.8489910474681083,2825.819580078125,388.180419921875,0.120777977573701,2835.358154296875,378.641845703125,0.11781015734384723,2805.283203125,408.716796875,0.12716764059583074,5248.1640625,2034.1640625,0.6329073000933416,7168.5263671875,3954.5263671875,1.2304064614771313
China,260,8,483.0,453.33660888671875,29.66339111328125,0.06141488843329451,451.286865234375,31.713134765625,0.06565866411102485,505.96881103515625,22.96881103515625,0.04755447419287008,457.37835693359375,25.62164306640625,0.05304688005467133,448.42254638671875,34.57745361328125,0.07158893087635869,452.1279296875,30.8720703125,0.06391732983954451,454.3504943847656,28.649505615234375,0.05931574661539208
China,261,1,2306.0,1664.06103515625,641.93896484375,0.27837769507534693,2455.605224609375,149.605224609375,0.06487650676902645,1630.639892578125,675.360107421875,0.29287081848303337,956.1717529296875,1349.8282470703125,0.5853548339420263,3684.995849609375,1378.995849609375,0.5980034039936578,1644.49658203125,661.50341796875,0.28686184647387253,954.89208984375,1351.10791015625,0.5859097615595187
China,262,4,1634.0,3695.6337890625,2061.6337890625,1.2617097852279682,3427.2392578125,1793.2392578125,1.0974536461520807,2339.86376953125,705.86376953125,0.43198517107175644,3851.98974609375,2217.98974609375,1.3573988654184517,3453.96484375,1819.96484375,1.1138095738984088,3417.801513671875,1783.801513671875,1.091677792944844,3822.70166015625,2188.70166015625,1.3394747002180232
China,263,9,720.0,1175.5155029296875,455.5155029296875,0.6326604207356771,1236.9530029296875,516.9530029296875,0.7179902818467881,1522.902587890625,802.902587890625,1.1151424831814236,1451.9398193359375,731.9398193359375,1.0165830824110242,1479.444580078125,759.444580078125,1.0547841389973958,1441.240966796875,721.240966796875,1.0017235649956597,1446.78369140625,726.78369140625,1.0094217936197916
China,264,9,1073.0,374.8904724121094,698.1095275878906,0.6506146575842411,633.7586669921875,439.2413330078125,0.40935818546860436,367.2627868652344,705.7372131347656,0.657723404599036,360.2090148925781,712.7909851074219,0.6642972834179142,363.38104248046875,709.6189575195312,0.6613410601300385,630.0135498046875,442.9864501953125,0.41284850903570597,633.8507690429688,439.14923095703125,0.409272349447373
China,265,2,3566.0,6330.0126953125,2764.0126953125,0.7751017092856142,3910.0751953125,344.0751953125,0.09648771601584408,6255.85498046875,2689.85498046875,0.7543059395593803,3929.957763671875,363.957763671875,0.10206331005941531,6181.74609375,2615.74609375,0.733523862521032,4080.907470703125,514.907470703125,0.14439357002331044,2585.97705078125,980.02294921875,0.2748241585021733
China,266,1,780.0,9201.111328125,8421.111328125,10.79629657451923,6986.27099609375,6206.27099609375,7.95675768729968,6286.48046875,5506.48046875,7.059590344551282,6281.30078125,5501.30078125,7.0529497195512825,7286.1005859375,6506.1005859375,8.34115459735577,2462.87841796875,1682.87841796875,2.157536433293269,5263.7421875,4483.7421875,5.748387419871795
China,267,8,3995.0,2268.4130859375,1726.5869140625,0.432186962218398,1691.1666259765625,2303.8333740234375,0.5766791924964799,1830.4049072265625,2164.5950927734375,0.5418260557630632,2416.4765625,1578.5234375,0.3951247653316646,1685.640869140625,2309.359130859375,0.5780623606656758,1641.72509765625,2353.27490234375,0.5890550443914268,2426.021728515625,1568.978271484375,0.3927354872301314
China,268,2,49034.0,29577.9375,19456.0625,0.3967871782844557,25308.90234375,23725.09765625,0.48384993384692254,26554.40625,22479.59375,0.45844911184076353,22061.01953125,26972.98046875,0.5500872959324142,27886.43359375,21147.56640625,0.4312837297844353,21950.048828125,27083.951171875,0.5523504338188808,27804.55078125,21229.44921875,0.4329536488711914
China,269,9,392.0,2405.54443359375,2013.54443359375,5.136592942841199,2521.817626953125,2129.817626953125,5.433208232023278,2701.725830078125,2309.725830078125,5.892157729791135,2611.09130859375,2219.09130859375,5.660947215800383,2650.02294921875,2258.02294921875,5.760262625558036,2670.488525390625,2278.488525390625,5.812470728037309,2392.6240234375,2000.6240234375,5.103632712850765
China,270,10,17607.0,7893.197265625,9713.802734375,0.5517011833006759,17819.091796875,212.091796875,0.012045879302266143,6611.146484375,10995.853515625,0.6245160172445618,19130.6953125,1523.6953125,0.08653917830976317,26613.462890625,9006.462890625,0.5115273976614415,26541.984375,8934.984375,0.5074677330039189,6234.337890625,11372.662109375,0.6459170846467314
China,271,2,591.0,2385.6767578125,1794.6767578125,3.0366781012055837,2493.5478515625,1902.5478515625,3.2192011024746194,2287.6640625,1696.6640625,2.8708359771573604,6792.0400390625,6201.0400390625,10.492453534792725,2228.9716796875,1637.9716796875,2.771525684750423,6036.68115234375,5445.68115234375,9.21435051157995,2225.85595703125,1634.85595703125,2.766253734401438
China,272,6,812.0,1939.032470703125,1127.032470703125,1.3879710230334052,1042.823486328125,230.823486328125,0.28426537725138545,2465.28759765625,1653.28759765625,2.0360684700200125,1053.10205078125,241.10205078125,0.2969237078586823,748.90673828125,63.09326171875,0.07770106122998768,1418.6328125,606.6328125,0.7470847444581281,1482.113525390625,670.113525390625,0.8252629623037254
China,273,9,564.0,989.01220703125,425.01220703125,0.7535677429632093,542.7402954101562,21.25970458984375,0.03769451168412012,1016.536865234375,452.536865234375,0.8023703284297429,1024.6954345703125,460.6954345703125,0.8168358768977172,1028.802001953125,464.802001953125,0.8241170247395834,1023.5072631835938,459.50726318359375,0.8147291900418329,991.7213134765625,427.7213134765625,0.7583711231853945
China,274,3,8549.0,20019.970703125,11470.970703125,1.3417909349777752,23192.998046875,14643.998046875,1.7129486544478887,21866.716796875,13317.716796875,1.5578098955287167,20125.677734375,11576.677734375,1.3541557766259211,22345.89453125,13796.89453125,1.6138606306293133,19310.732421875,10761.732421875,1.258829386112411,22818.083984375,14269.083984375,1.6690939272868173
China,275,3,391.0,1214.1846923828125,823.1846923828125,2.1053316940736893,717.3032836914062,326.30328369140625,0.8345352524076887,1246.9774169921875,855.9774169921875,2.1892005549672313,1211.7373046875,820.7373046875,2.099072390505115,1436.847412109375,1045.847412109375,2.674801565497123,713.6976928710938,322.69769287109375,0.8253137925091911,701.2869873046875,310.2869873046875,0.7935728575567456
China,276,10,1817.0,996.8223876953125,820.1776123046875,0.451391090976713,1343.9718017578125,473.0281982421875,0.2603347266054967,779.2371826171875,1037.7628173828125,0.5711407910747455,1327.17041015625,489.82958984375,0.2695815023906164,1381.8466796875,435.1533203125,0.23948999466840948,1394.2261962890625,422.7738037109375,0.2326768319818038,798.7808837890625,1018.2191162109375,0.5603847640126238
China,277,3,540.0,388.50347900390625,151.49652099609375,0.28054911295572915,387.9815979003906,152.01840209960938,0.2815155594437211,784.0883178710938,244.08831787109375,0.4520154034649884,390.6953125,149.3046875,0.276490162037037,801.153076171875,261.153076171875,0.48361680772569443,387.7499694824219,152.25003051757812,0.281944500958478,352.5325927734375,187.4674072265625,0.347161865234375
China,278,2,7443.0,6223.7919921875,1219.2080078125,0.1638059932570872,4858.501953125,2584.498046875,0.3472387541146043,4827.09375,2615.90625,0.3514585852478839,6167.56103515625,1275.43896484375,0.17136087126746608,4702.4072265625,2740.5927734375,0.3682107716562542,3536.480224609375,3906.519775390625,0.5248582259022739,4813.85791015625,2629.14208984375,0.3532368789256684
China,279,8,8663.0,3663.28564453125,4999.71435546875,0.5771342901383758,3924.339599609375,4738.660400390625,0.5469999307850196,3896.11328125,4766.88671875,0.5502581921678402,1299.279541015625,7363.720458984375,0.8500196766690956,3909.353515625,4753.646484375,0.5487298262005079,3770.293212890625,4892.706787109375,0.5647820370667638,3954.51220703125,4708.48779296875,0.5435170025359287
China,280,3,4622.0,1209.596435546875,3412.403564453125,0.7382958815346441,1221.82763671875,3400.17236328125,0.7356495809782021,1294.2958984375,3327.7041015625,0.7199705974821505,1254.785400390625,3367.214599609375,0.7285189527497566,2195.17236328125,2426.82763671875,0.5250600685241779,1204.848876953125,3417.151123046875,0.7393230469595142,1252.4927978515625,3369.5072021484375,0.7290149723384763
China,281,5,915.0,1764.6248779296875,849.6248779296875,0.9285517791581284,1216.565673828125,301.565673828125,0.3295799713968579,1790.4571533203125,875.4571533203125,0.9567837741205601,1206.59619140625,291.59619140625,0.31868436219262297,1226.9425048828125,311.9425048828125,0.34092077036372953,1809.47216796875,894.47216796875,0.9775652108948087,1952.2451171875,1037.2451171875,1.1336012209699453
China,282,7,25401.0,2508.11279296875,22892.88720703125,0.9012592892811798,2192.21728515625,23208.78271484375,0.91369563067768,3733.63916015625,21667.36083984375,0.8530121192017539,3179.17333984375,22221.82666015625,0.874840622816277,3802.3779296875,21598.6220703125,0.8503059749739184,3732.785400390625,21668.214599609375,0.8530457304676735,3764.683349609375,21636.316650390625,0.8517899551352555
China,283,7,569.0,752.9558715820312,183.95587158203125,0.32329678661165423,1077.511962890625,508.511962890625,0.8936941351329086,729.5051879882812,160.50518798828125,0.28208293143810415,747.3875732421875,178.3875732421875,0.31351067353635764,816.3408203125,247.3408203125,0.43469388455623903,712.979248046875,143.979248046875,0.2530391002581283,520.5862426757812,48.41375732421875,0.08508568949774824
China,284,5,1512.0,1656.187744140625,144.187744140625,0.09536226464327051,1444.334228515625,67.665771484375,0.044752494367972885,2214.5615234375,702.5615234375,0.4646570922205688,1105.637939453125,406.362060546875,0.268757976552166,965.7560424804688,546.2439575195312,0.36127245867693863,1138.6396484375,373.3603515625,0.24693144944609788,1698.40966796875,186.40966796875,0.12328681743964948
China,285,7,5053.0,14706.0546875,9653.0546875,1.91036110973679,11079.423828125,6026.423828125,1.1926427524490402,9223.0810546875,4170.0810546875,0.825268366255195,6547.77978515625,1494.77978515625,0.2958202622513853,9194.291015625,4141.291015625,0.819570753141698,4980.212890625,72.787109375,0.014404731718780922,9227.033203125,4174.033203125,0.826050505269147
China,286,6,1939.0,799.914794921875,1139.085205078125,0.5874601367086771,887.3267822265625,1051.6732177734375,0.5423791736840833,570.4556884765625,1368.5443115234375,0.7057990260564402,803.5629272460938,1135.4370727539062,0.5855786863093895,770.3526611328125,1168.6473388671875,0.6027062088020565,797.3264770507812,1141.6735229492188,0.5887950092569463,816.0726928710938,1122.9273071289062,0.5791270279158877
China,287,1,114.0,524.57861328125,410.57861328125,3.6015667831688596,315.7664794921875,201.7664794921875,1.7698813990542763,594.32275390625,480.32275390625,4.213357490405702,599.86328125,485.86328125,4.26195860745614,587.1370849609375,473.1370849609375,4.15032530667489,596.21875,482.21875,4.229989035087719,564.4254150390625,450.4254150390625,3.951100131921601
China,288,8,1532.0,2761.7890625,1229.7890625,0.802734375,5937.0673828125,4405.0673828125,2.8753703543162534,2789.88671875,1257.88671875,0.8210748816906005,2741.472412109375,1209.472412109375,0.7894728538572944,6835.07373046875,5303.07373046875,3.461536377590568,2786.00341796875,1254.00341796875,0.8185400900579308,2885.66357421875,1353.66357421875,0.8835924113699413
China,289,1,4723.0,2902.139404296875,1820.860595703125,0.38553050935912025,3352.580322265625,1370.419677734375,0.2901587291413032,1270.2899169921875,3452.7100830078125,0.7310417283522788,1264.980224609375,3458.019775390625,0.7321659486323576,1287.8299560546875,3435.1700439453125,0.7273279788154378,2756.256591796875,1966.743408203125,0.41641825284842793,1286.2176513671875,3436.7823486328125,0.7276693518172375
China,290,6,2971.0,2025.086181640625,945.913818359375,0.31838230170291987,2734.189453125,236.810546875,0.07970735337428475,1756.108642578125,1214.891357421875,0.4089166467256395,2763.8486328125,207.1513671875,0.06972445883120161,1757.4425048828125,1213.5574951171875,0.40846768600376554,2722.3046875,248.6953125,0.08370761107371255,3159.966796875,188.966796875,0.0636037687226523
China,291,4,5841.0,3878.4130859375,1962.5869140625,0.3360018685263653,2915.4580078125,2925.5419921875,0.500863207017206,3103.06787109375,2737.93212890625,0.46874373033834105,943.4290771484375,4897.5709228515625,0.8384815824091016,3300.4755859375,2540.5244140625,0.4349468265814929,3336.95166015625,2504.04833984375,0.4287019927826999,2152.237548828125,3688.762451171875,0.631529267449388
China,292,8,941.0,2005.239013671875,1064.239013671875,1.1309660081528958,1487.03759765625,546.03759765625,0.5802737488376727,1864.2947998046875,923.2947998046875,0.9811846969231536,3207.7412109375,2266.7412109375,2.408864198658342,2109.3486328125,1168.3486328125,1.2416032229675877,1897.6165771484375,956.6165771484375,1.016595724918637,1904.32373046875,963.32373046875,1.0237234117627525
China,293,10,1035.0,1912.328125,877.328125,0.8476600241545894,1947.404296875,912.404296875,0.881550045289855,1614.99365234375,579.99365234375,0.560380340428744,1946.338134765625,911.338134765625,0.8805199369716183,1649.2939453125,614.2939453125,0.5935207201086956,1658.6324462890625,623.6324462890625,0.6025434263662439,1575.4447021484375,540.4447021484375,0.5221687943463165
China,294,4,5597.0,14234.9931640625,8637.9931640625,1.5433255608473289,12052.138671875,6455.138671875,1.1533211848981597,10648.41015625,5051.41015625,0.9025210213060568,11381.546875,5784.546875,1.033508464355905,14669.4072265625,9072.4072265625,1.6209410803220474,14665.109375,9068.109375,1.6201731954618546,12938.4365234375,7341.4365234375,1.3116734899834732
China,295,9,2988.0,1679.7574462890625,1308.2425537109375,0.4378321799568064,1430.393310546875,1557.606689453125,0.5212873793350485,1443.714599609375,1544.285400390625,0.5168291165965947,1135.3212890625,1852.6787109375,0.6200397292294176,1129.587158203125,1858.412841796875,0.6219587823952059,1206.98828125,1781.01171875,0.5960547920850067,768.8773803710938,2219.1226196289062,0.7426782528878535
China,296,5,3219.0,559.8082275390625,2659.1917724609375,0.8260925046476972,742.6298828125,2476.3701171875,0.7692979550132029,1354.79833984375,1864.20166015625,0.5791244672743865,801.0721435546875,2417.9278564453125,0.751142546270678,557.9602661132812,2661.0397338867188,0.8266665839971167,548.0265502929688,2670.9734497070312,0.8297525472839489,552.2540283203125,2666.7459716796875,0.8284392580551996
China,297,6,4630.0,7415.384765625,2785.384765625,0.6015949817764579,14763.443359375,10133.443359375,2.1886486737311017,14604.107421875,9974.107421875,2.1542348643358533,4702.8916015625,72.8916015625,0.01574332647138229,14703.6103515625,10073.6103515625,2.17572577787527,9044.1865234375,4414.1865234375,0.9533880180210583,11370.9765625,6740.9765625,1.4559344627429807
China,298,5,4112.0,4485.16259765625,373.16259765625,0.09074965896309582,2404.5634765625,1707.4365234375,0.4152326175674854,2422.548583984375,1689.451416015625,0.410858807396796,2407.38037109375,1704.61962890625,0.4145475751231153,1919.430419921875,2192.569580078125,0.5332124465170538,4299.39111328125,187.39111328125,0.04557176879407831,4606.1572265625,494.1572265625,0.1201744228021644
China,299,6,580.0,367.7460632324219,212.25393676757812,0.3659550633923761,418.54180908203125,161.45819091796875,0.27837619123787716,421.392822265625,158.607177734375,0.2734606512661638,418.4957580566406,161.50424194335938,0.27845558955751615,422.33843994140625,157.66156005859375,0.27183027596309267,499.74249267578125,80.25750732421875,0.13837501262796337,498.37213134765625,81.62786865234375,0.14073770457300647
China,300,8,10942.0,2687.811767578125,8254.188232421875,0.7543582738459034,3324.28271484375,7617.71728515625,0.6961905762343493,5985.634765625,4956.365234375,0.4529670292793822,2640.29736328125,8301.70263671875,0.7587006613707503,3331.97314453125,7610.02685546875,0.6954877404010921,4145.79638671875,6796.20361328125,0.6211116444234372,4180.0595703125,6761.9404296875,0.6179802988199141
China,301,6,937.0,1242.995361328125,305.995361328125,0.3265692223352455,937.1637573242188,0.16375732421875,0.00017476768860058697,934.953369140625,2.046630859375,0.002184237843516542,920.6651000976562,16.33489990234375,0.01743319093099653,920.1292724609375,16.8707275390625,0.018005045399212913,917.8134765625,19.1865234375,0.020476545824439703,933.4591674804688,3.54083251953125,0.0037789034359991995
China,302,2,2515.0,1362.404052734375,1152.595947265625,0.4582886470241054,1744.7569580078125,770.2430419921875,0.3062596588438121,680.7485961914062,1834.2514038085938,0.7293246138403952,2266.0078125,248.9921875,0.09900285785288271,1155.117919921875,1359.882080078125,0.5407085805479622,2153.43896484375,361.56103515625,0.14376184300447317,676.1116943359375,1838.8883056640625,0.7311683123912773
China,303,9,2600.0,3754.6181640625,1154.6181640625,0.4440839092548077,2332.926025390625,267.073974609375,0.10272075946514424,2906.496826171875,306.496826171875,0.11788339468149038,4314.9619140625,1714.9619140625,0.6596007361778846,2921.56201171875,321.56201171875,0.12367769681490384,2484.496826171875,115.503173828125,0.044424297626201925,2932.03564453125,332.03564453125,0.12770601712740384
China,304,6,25217.0,4436.611328125,20780.388671875,0.8240626827883967,30131.294921875,4914.294921875,0.19488023642284966,30178.568359375,4961.568359375,0.19675490182714042,14252.6640625,10964.3359375,0.43479937889122416,30083.908203125,4866.908203125,0.19300107876135147,5949.74755859375,19267.25244140625,0.7640580735775965,5620.21826171875,19596.78173828125,0.7771258174359064
China,305,6,176.0,542.12646484375,366.12646484375,2.080264004794034,1227.0843505859375,1051.0843505859375,5.972070173783735,1195.2620849609375,1019.2620849609375,5.791261846368963,1218.12646484375,1042.12646484375,5.921173095703125,1199.6356201171875,1023.6356201171875,5.816111477938565,505.3297119140625,329.3297119140625,1.8711915449662642,502.72088623046875,326.72088623046875,1.856368671764027
China,306,9,341.0,670.0829467773438,329.08294677734375,0.9650526298455828,659.4616088867188,318.46160888671875,0.9339050113980022,664.584716796875,323.584716796875,0.9489287882606305,678.048583984375,337.048583984375,0.9884122697489003,673.93359375,332.93359375,0.9763448497067448,677.498779296875,336.498779296875,0.9867999392870235,532.2180786132812,191.21807861328125,0.5607568287779509
China,307,5,16357.0,15633.3984375,723.6015625,0.0442380364675674,7812.57763671875,8544.42236328125,0.5223709948817784,16824.51953125,467.51953125,0.028582229702879502,17659.2578125,1302.2578125,0.07961471006296998,19547.12890625,3190.12890625,0.19503141812373906,20009.796875,3652.796875,0.223317043161949,20518.232421875,4161.232421875,0.2544007105138473
China,308,10,3006.0,6774.91552734375,3768.91552734375,1.25379758062001,7142.00244140625,4136.00244140625,1.3759156491704092,5442.88427734375,2436.88427734375,0.8106734122900033,5309.44140625,2303.44140625,0.7662812396041251,5331.70947265625,2325.70947265625,0.7736891126600964,7675.54296875,4669.54296875,1.553407507900865,7396.666015625,4390.666015625,1.460634070400865
China,309,9,1694.0,3496.48486328125,1802.48486328125,1.0640406512876328,1386.437744140625,307.562255859375,0.18155977323457792,4057.30908203125,2363.30908203125,1.3951057154847992,2348.02880859375,654.02880859375,0.38608548323125735,2847.00439453125,1153.00439453125,0.6806401384481995,3430.53955078125,1736.53955078125,1.0251118953844451,2669.921875,975.921875,0.5761050029515938
China,310,7,1134.0,3796.38037109375,2662.38037109375,2.3477781050209434,2054.781494140625,920.781494140625,0.8119766262263007,3932.818359375,2798.818359375,2.4680937913359786,3615.2197265625,2481.2197265625,2.1880244502314814,2376.940185546875,1242.940185546875,1.0960671830219357,3050.870849609375,1916.870849609375,1.690362301242835,4013.700439453125,2879.700439453125,2.539418376942791
China,311,4,1186.0,1008.648193359375,177.351806640625,0.14953777962953205,1475.020263671875,289.020263671875,0.243693308323672,2999.53955078125,1813.53955078125,1.5291227240988616,1466.8057861328125,280.8057861328125,0.23676710466510328,2880.951416015625,1694.951416015625,1.4291327285123314,2919.468505859375,1733.468505859375,1.4616091954969435,1493.18115234375,307.18115234375,0.2590060306439713
China,312,3,1383.0,1834.2857666015625,451.2857666015625,0.32630930339953906,2177.4072265625,794.4072265625,0.5744086959960232,6571.29833984375,5188.29833984375,3.7514810844857194,2144.190185546875,761.190185546875,0.5503905896940527,7065.029296875,5682.029296875,4.108481053416486,2167.92138671875,784.92138671875,0.5675498096303326,1802.19873046875,419.19873046875,0.3031082649810195
China,313,10,1727.0,1922.8408203125,195.8408203125,0.11339943272292993,1921.192626953125,194.192626953125,0.11244506482520267,1917.2681884765625,190.2681884765625,0.11017266269633035,1911.98388671875,184.98388671875,0.1071128469709033,1893.9991455078125,166.9991455078125,0.09669898408095687,1910.7706298828125,183.7706298828125,0.10641032419386942,1903.6898193359375,176.6898193359375,0.10231026018294007
China,314,5,4504.0,6147.26025390625,1643.26025390625,0.3648446389667518,3057.193359375,1446.806640625,0.32122705164853466,3625.834716796875,878.165283203125,0.19497453001845583,1808.62548828125,2695.37451171875,0.5984401669002554,2788.673828125,1715.326171875,0.380845064803508,2131.7724609375,2372.2275390625,0.5266935033442496,2730.658203125,1773.341796875,0.39372597621558614
China,315,9,4800.0,2244.97314453125,2555.02685546875,0.5322972615559896,1764.4002685546875,3035.5997314453125,0.6324166107177734,3279.024658203125,1520.975341796875,0.316869862874349,3712.341064453125,1087.658935546875,0.22659561157226563,3604.366455078125,1195.633544921875,0.24909032185872396,1788.38427734375,3011.61572265625,0.627419942220052,1551.3829345703125,3248.6170654296875,0.6767952219645182
China,316,1,2553.0,2774.63623046875,221.63623046875,0.08681403465285938,3447.4287109375,894.4287109375,0.350344187597924,2165.9599609375,387.0400390625,0.15160205212005484,2173.307373046875,379.692626953125,0.14872409986413043,3517.2529296875,964.2529296875,0.3776940578486095,2172.4404296875,380.5595703125,0.14906367814825694,3665.64306640625,1112.64306640625,0.4358178873506659
China,317,4,16921.0,18466.40625,1545.40625,0.09133066899119438,11656.876953125,5264.123046875,0.3110999968604101,17979.37890625,1058.37890625,0.06254824810885881,22649.8046875,5728.8046875,0.3385618277584067,17867.0234375,946.0234375,0.05590824640978666,17670.2890625,749.2890625,0.04428160643578985,19035.3203125,2114.3203125,0.12495244444772767
China,318,6,7459.0,2531.71337890625,4927.28662109375,0.6605827350977007,2558.43212890625,4900.56787109375,0.6570006530491688,1350.47509765625,6108.52490234375,0.8189468966810229,2349.5546875,5109.4453125,0.685004063882558,1360.195068359375,6098.804931640625,0.8176437768656154,1801.2095947265625,5657.7904052734375,0.7585186225061586,1188.3436279296875,6270.6563720703125,0.8406832513836053
China,319,9,3877.0,963.8075561523438,2913.1924438476562,0.7514037771079846,798.45849609375,3078.54150390625,0.7940524900454604,955.0352783203125,2921.9647216796875,0.7536664229248614,982.6573486328125,2894.3426513671875,0.7465418239275696,972.8743896484375,2904.1256103515625,0.7490651561391701,957.8140869140625,2919.1859130859375,0.7529496809610362,2097.59033203125,1779.40966796875,0.4589656094838148
China,320,2,2088.0,6138.326171875,4050.326171875,1.9398113849976053,4729.154296875,2641.154296875,1.2649206402658046,6531.56787109375,4443.56787109375,2.128145532133022,1679.9610595703125,408.0389404296875,0.1954209484816511,6637.62109375,4549.62109375,2.1789373054358236,1624.730712890625,463.269287109375,0.22187226394127155,6440.052734375,4352.052734375,2.0843164436661876
China,321,2,4695.0,1032.8421630859375,3662.1578369140625,0.7800123188315362,1154.0426025390625,3540.9573974609375,0.7541975287456736,1133.052734375,3561.947265625,0.7586682141906284,1374.719482421875,3320.280517578125,0.707194998419196,5651.78125,956.78125,0.20378727369542066,1136.1348876953125,3558.8651123046875,0.7580117385100505,1222.3616943359375,3472.6383056640625,0.739646071493943
China,322,1,3201.0,1874.2823486328125,1326.7176513671875,0.4144697442571657,1807.039306640625,1393.960693359375,0.4354766302278585,1894.259521484375,1306.740478515625,0.40822882802737426,1926.24267578125,1274.75732421875,0.39823721468876916,3190.8447265625,10.1552734375,0.0031725315331146515,1931.1846923828125,1269.8153076171875,0.3966933169688183,1948.360595703125,1252.639404296875,0.3913275239915261
China,323,3,11490.0,8966.67578125,2523.32421875,0.21961046290252392,8948.77734375,2541.22265625,0.2211682033289817,7596.794921875,3893.205078125,0.33883421045474327,7727.7939453125,3762.2060546875,0.32743307699630114,6386.19140625,5103.80859375,0.44419570006527415,9220.650390625,2269.349609375,0.19750649341818974,9197.4111328125,2292.5888671875,0.1995290571964752
China,324,7,752.0,2944.8154296875,2192.8154296875,2.9159779650099735,8628.7587890625,7876.7587890625,10.474413283327793,4610.49365234375,3858.49365234375,5.1309756015209445,6513.60546875,5761.60546875,7.66170939993351,5083.6552734375,4331.6552734375,5.7601798848902925,8799.255859375,8047.255859375,10.70113811087101,4588.97412109375,3836.97412109375,5.102359203582115
China,325,3,29399.0,19082.78125,10316.21875,0.35090372971869793,18571.138671875,10827.861328125,0.36830713045086566,8005.35888671875,21393.64111328125,0.7276996194864196,15057.62890625,14341.37109375,0.4878183303428688,9263.7392578125,20135.2607421875,0.6848961101461785,18677.41015625,10721.58984375,0.3646923311592231,15021.7275390625,14377.2724609375,0.4890395068178339
China,326,8,2299.0,1616.80419921875,682.19580078125,0.2967358855072858,1194.6199951171875,1104.3800048828125,0.48037407780896585,1950.224853515625,348.775146484375,0.15170732774439974,873.5419921875,1425.4580078125,0.62003393119291,1189.231201171875,1109.768798828125,0.48271805081693125,437.0904541015625,1861.9095458984375,0.8098780103951446,1181.646484375,1117.353515625,0.48601718817964334
China,327,8,883.0,1888.7080078125,1005.7080078125,1.1389671662655718,1428.80615234375,545.80615234375,0.618127012846829,1875.6282958984375,992.6282958984375,1.1241543554908693,1915.64208984375,1032.64208984375,1.1694700904232729,1429.0509033203125,546.0509033203125,0.618404194020739,1388.2236328125,505.2236328125,0.5721671945781427,1416.371826171875,533.371826171875,0.6040451032524066
China,328,9,8702.0,4704.50390625,3997.49609375,0.4593767057860262,4564.8974609375,4137.1025390625,0.4754197355852103,4335.44775390625,4366.55224609375,0.5017872036421225,2420.32666015625,6281.67333984375,0.7218654722872615,4302.40625,4399.59375,0.5055842047805102,4656.462890625,4045.537109375,0.46489739248161344,4758.4716796875,3943.5283203125,0.4531749391303723
China,329,6,3703.0,5282.279296875,1579.279296875,0.42648644258034024,3442.07275390625,260.92724609375,0.07046374455677828,2771.44482421875,931.55517578125,0.2515676953230489,3941.75146484375,238.75146484375,0.06447514578551175,2669.708984375,1033.291015625,0.279041592121253,2698.07568359375,1004.92431640625,0.27138112784397783,2672.491455078125,1030.508544921875,0.2782901822635363
China,330,10,705.0,1177.8802490234375,472.8802490234375,0.6707521262743794,1762.8875732421875,1057.8875732421875,1.5005497492796986,2673.4345703125,1968.4345703125,2.792105773492908,1559.2606201171875,854.2606201171875,1.2117171916555851,1440.3052978515625,735.3052978515625,1.0429862380873227,556.8751831054688,148.12481689453125,0.21010612325465425,3460.07666015625,2755.07666015625,3.90791015625
China,331,2,1434.0,2239.209228515625,805.209228515625,0.5615127116566423,1442.8450927734375,8.8450927734375,0.006168126062369247,3414.73876953125,1980.73876953125,1.381268319059449,2211.09521484375,777.09521484375,0.5419074022620293,3405.63720703125,1971.63720703125,1.3749213438153767,2286.0947265625,852.0947265625,0.5942083169891911,3422.84521484375,1988.84521484375,1.386921349263424
China,332,1,2450.0,1310.0059814453125,1139.9940185546875,0.46530368104272957,2128.430419921875,321.569580078125,0.1312528898278061,1276.7662353515625,1173.2337646484375,0.478870924346301,920.2706298828125,1529.7293701171875,0.6243793347417091,3636.486083984375,1186.486083984375,0.48428003427933675,1288.6710205078125,1161.3289794921875,0.47401182836415817,5169.029296875,2719.029296875,1.1098078762755101
China,333,1,3500.0,5270.33544921875,1770.33544921875,0.5058101283482143,4872.14794921875,1372.14794921875,0.3920422712053571,3129.57421875,370.42578125,0.1058359375,3128.69580078125,371.30419921875,0.1060869140625,5067.0283203125,1567.0283203125,0.44772237723214287,5929.3916015625,2429.3916015625,0.6941118861607143,5954.7958984375,2454.7958984375,0.7013702566964286
China,334,3,1896.0,2366.133056640625,470.133056640625,0.24796047291172205,2385.83984375,489.83984375,0.25835434796940926,2383.431884765625,487.431884765625,0.25708432740803006,2395.380615234375,499.380615234375,0.2633864004400712,2381.290283203125,485.290283203125,0.2559547907189478,2396.20166015625,500.20166015625,0.2638194410106804,2387.414794921875,491.414794921875,0.25918501841871044
China,335,5,6821.0,6024.2890625,796.7109375,0.1168026590675854,2075.368408203125,4745.631591796875,0.6957383949269719,4868.64599609375,1952.35400390625,0.28622694676825244,1774.7625732421875,5046.2374267578125,0.7398090348567384,6071.18505859375,749.81494140625,0.10992742140540243,6097.1943359375,723.8056640625,0.10611430348372673,5016.5048828125,1804.4951171875,0.26454993654706055
China,336,7,1393.0,1443.3525390625,50.3525390625,0.03614683349784637,2622.757568359375,1229.757568359375,0.8828123247375269,1691.0069580078125,298.0069580078125,0.21393177172132985,1455.64892578125,62.64892578125,0.04497410321697774,1754.841064453125,361.841064453125,0.2597566866138729,1479.336669921875,86.336669921875,0.0619789446675341,1699.71142578125,306.71142578125,0.2201804923052764
China,337,8,2604.0,1779.1773681640625,824.8226318359375,0.31675216276341683,1735.653076171875,868.346923828125,0.33346656060987906,1546.01171875,1057.98828125,0.4062935027841782,2197.350341796875,406.649658203125,0.15616346321164554,1835.895751953125,768.104248046875,0.29497090938820086,1598.7603759765625,1005.2396240234375,0.3860367219752064,1725.7088623046875,878.2911376953125,0.33728538313952094
China,338,6,3638.0,3173.61572265625,464.38427734375,0.12764823456397745,2715.29541015625,922.70458984375,0.25362962887403795,2751.073486328125,886.926513671875,0.24379508347220313,3447.564208984375,190.435791015625,0.05234628670028175,2717.99462890625,920.00537109375,0.2528876775958631,2748.745849609375,889.254150390625,0.2444348956543774,2717.4814453125,920.5185546875,0.25302873960623967
China,339,9,3234.0,1418.7357177734375,1815.2642822265625,0.5613062097175517,1721.454833984375,1512.545166015625,0.467701040821158,1491.7762451171875,1742.2237548828125,0.5387210126415624,1091.2720947265625,2142.7279052734375,0.6625627412719349,1094.984375,2139.015625,0.6614148500309215,1395.4656982421875,1838.5343017578125,0.5685016393808944,1135.765380859375,2098.234619140625,0.6488047678233225
China,340,4,252.0,233.24232482910156,18.757675170898438,0.07443521893213666,543.56787109375,291.56787109375,1.1570153614831349,282.0040588378906,30.004058837890625,0.11906372554718501,227.19808959960938,24.801910400390625,0.09842027936662946,541.1630859375,289.1630859375,1.1474725632440477,541.3544921875,289.3544921875,1.1482321118551588,533.5263061523438,281.52630615234375,1.1171678815569197
China,341,7,1028.0,739.5557250976562,288.44427490234375,0.2805878160528636,1004.25439453125,23.74560546875,0.023098838004620623,782.3999633789062,245.60003662109375,0.23891054146020793,1335.1492919921875,307.1492919921875,0.298783357969054,758.7823486328125,269.2176513671875,0.261884874870805,754.390380859375,273.609619140625,0.26615721706286477,761.1121826171875,266.8878173828125,0.25961849939962306
China,342,2,691.0,322.3111572265625,368.6888427734375,0.5335583831742945,361.6910705566406,329.3089294433594,0.4765686388471192,430.27093505859375,260.72906494140625,0.37732136749841716,452.21197509765625,238.78802490234375,0.34556877699326155,421.6826171875,269.3173828125,0.3897501922033285,348.4083251953125,342.5916748046875,0.49579113575208034,318.03466796875,372.96533203125,0.5397472243578147
China,343,10,7824.0,2453.181884765625,5370.818115234375,0.6864542580821031,4714.29833984375,3109.70166015625,0.3974567561549399,15732.6005859375,7908.6005859375,1.0108129583253451,3028.50927734375,4795.49072265625,0.612920593386535,1868.001220703125,5955.998779296875,0.7612472877424431,1684.435546875,6139.564453125,0.7847091581192485,3061.498779296875,4762.501220703125,0.6087041437503994
China,344,10,247.0,837.3162231445312,590.3162231445312,2.3899442232572117,719.988037109375,472.988037109375,1.9149313243294535,610.9829711914062,363.98297119140625,1.4736152679814019,719.976806640625,472.976806640625,1.9148858568446356,506.3427429199219,259.3427429199219,1.0499706191089955,531.8438720703125,284.8438720703125,1.153214056964828,583.4005737304688,336.40057373046875,1.3619456426334766
China,345,9,2738.0,1779.760009765625,958.239990234375,0.34997808262760227,1448.4678955078125,1289.5321044921875,0.47097593297742424,1426.3109130859375,1311.6890869140625,0.4790683297713888,1420.5643310546875,1317.4356689453125,0.48116715447235664,1444.2283935546875,1293.7716064453125,0.47252432667834643,1760.8125,977.1875,0.3568982834185537,1416.85693359375,1321.14306640625,0.48252120759906864
China,346,2,1121.0,1371.96435546875,250.96435546875,0.2238754286072703,354.87030029296875,766.1296997070312,0.6834341656619369,1288.3055419921875,167.3055419921875,0.14924669223210305,423.9140930175781,697.0859069824219,0.6218429143464959,535.959228515625,585.040771484375,0.5218918568103256,522.7060546875,598.2939453125,0.5337144918041927,530.1845703125,590.8154296875,0.5270432022190009
China,347,4,16042.0,1631.834716796875,14410.165283203125,0.8982773521507995,1758.9527587890625,14283.047241210938,0.8903532752282095,1534.343505859375,14507.656494140625,0.9043546000586351,1739.0196533203125,14302.980346679688,0.8915958326068874,2579.7646484375,13462.2353515625,0.8391868440071375,1792.6082763671875,14249.391723632812,0.8882553125316552,1600.584716796875,14441.415283203125,0.9002253636206909
China,348,10,2435.0,8082.6884765625,5647.6884765625,2.3193792511550306,8128.47998046875,5693.47998046875,2.3381847969070844,4662.6298828125,2227.6298828125,0.914837734214579,12310.6640625,9875.6640625,4.055714194045175,11949.5263671875,9514.5263671875,3.9074030255390144,11898.4296875,9463.4296875,3.8864187628336757,8537.833984375,6102.833984375,2.506297324178645
China,349,6,1440.0,2327.993896484375,887.993896484375,0.6166624281141493,3783.28125,2343.28125,1.6272786458333333,3271.150634765625,1831.150634765625,1.2716323852539062,2892.357421875,1452.357421875,1.00858154296875,6690.658203125,5250.658203125,3.6462904188368057,2817.8671875,1377.8671875,0.9568522135416667,2744.01220703125,1304.01220703125,0.9055640326605903
China,350,9,6416.0,6555.07861328125,139.07861328125,0.02167684122213996,6581.9853515625,165.9853515625,0.0258705348445293,6577.09326171875,161.09326171875,0.025108052013520885,6588.28125,172.28125,0.02685181577306733,6631.7705078125,215.7705078125,0.03363006667900561,6552.89111328125,136.89111328125,0.021335896708424253,5784.8818359375,631.1181640625,0.09836629739128741
China,351,2,1213.0,1021.1012573242188,191.89874267578125,0.15820176642686007,2210.08203125,997.08203125,0.8219967281533388,949.7425537109375,263.2574462890625,0.21703004640483306,2302.15234375,1089.15234375,0.8978997063066777,955.6357421875,257.3642578125,0.21217168822135202,1816.2894287109375,603.2894287109375,0.4973531976182502,950.7890625,262.2109375,0.216167302143446
China,352,1,10222.0,11970.390625,1748.390625,0.17104193161807865,10508.64453125,286.64453125,0.028041922446683624,20713.033203125,10491.033203125,1.026319037676091,11974.6826171875,1752.6826171875,0.1714618095468108,8838.666015625,1383.333984375,0.1353290925821757,17855.640625,7633.640625,0.7467854260418705,11926.697265625,1704.697265625,0.166767488321757
China,353,5,241.0,810.0228271484375,569.0228271484375,2.3610905690806536,689.5072021484375,448.5072021484375,1.8610257350557573,865.2734985351562,624.2734985351562,2.590346466950856,365.5809631347656,124.58096313476562,0.5169334569907287,456.6605224609375,215.6605224609375,0.8948569396719398,803.4639892578125,562.4639892578125,2.3338754740988072,465.68994140625,224.68994140625,0.9323234083246889
China,354,6,1200.0,6313.791015625,5113.791015625,4.261492513020833,4943.16845703125,3743.16845703125,3.119307047526042,3411.78369140625,2211.78369140625,1.843153076171875,3900.69970703125,2700.69970703125,2.2505830891927086,3554.92431640625,2354.92431640625,1.9624369303385416,7031.3017578125,5831.3017578125,4.859418131510417,5072.4755859375,3872.4755859375,3.22706298828125
China,355,1,1708.0,5025.251953125,3317.251953125,1.9421849842652226,4896.05615234375,3188.05615234375,1.866543414721165,4378.0986328125,2670.0986328125,1.5632895976653982,5182.29638671875,3474.29638671875,2.0341313739571136,5135.49658203125,3427.49658203125,2.0067310199246196,5239.404296875,3531.404296875,2.067566918545082,5167.28515625,3459.28515625,2.0253425973360657
China,356,4,2108.0,1330.5477294921875,777.4522705078125,0.3688103750037061,1565.105224609375,542.894775390625,0.2575402160297083,832.8671875,1275.1328125,0.6049017137096774,743.6356201171875,1364.3643798828125,0.6472316792612962,1628.3553466796875,479.6446533203125,0.2275354142885733,1621.7528076171875,486.2471923828125,0.23066754856869665,1260.4013671875,847.5986328125,0.40208663795659394
China,357,4,454.0,1273.6219482421875,819.6219482421875,1.8053346877581222,655.95166015625,201.95166015625,0.4448274452780837,1014.0726318359375,560.0726318359375,1.2336401582289371,1077.6004638671875,623.6004638671875,1.3735693036722192,458.645263671875,4.645263671875,0.010231858308094713,447.4552001953125,6.5447998046875,0.01441585860063326,656.8550415039062,202.85504150390625,0.4468172720350358
China,358,6,4086.0,13905.28125,9819.28125,2.4031525330396475,8094.3681640625,4008.3681640625,0.9810005296286098,8106.8125,4020.8125,0.9840461331375429,6033.55712890625,1947.55712890625,0.4766414901875306,7375.6181640625,3289.6181640625,0.8050949985468674,6815.02490234375,2729.02490234375,0.6678964518707171,2035.1865234375,2050.8134765625,0.5019122556442731
China,359,10,2027.0,1478.1253662109375,548.8746337890625,0.27078176309277874,1512.7427978515625,514.2572021484375,0.2537036024412617,1619.064208984375,407.935791015625,0.2012510069144672,1496.77685546875,530.22314453125,0.26158023903860383,1680.4267578125,346.5732421875,0.170978412524667,1660.0264892578125,366.9735107421875,0.18104267920186853,1624.228271484375,402.771728515625,0.19870336877929207
China,360,5,293.0,281.2371520996094,11.762847900390625,0.04014623856788609,285.1562194824219,7.843780517578125,0.0267705819712564,490.4414978027344,197.44149780273438,0.6738617672448273,308.58721923828125,15.58721923828125,0.05319870047194966,307.74688720703125,14.74688720703125,0.050330673061540106,161.1220703125,131.8779296875,0.450095323165529,272.40887451171875,20.59112548828125,0.07027687879959471
China,361,2,4301.0,7216.89794921875,2915.89794921875,0.6779581374607649,8738.951171875,4437.951171875,1.0318417046907695,12190.9013671875,7889.9013671875,1.834434170469077,6432.9638671875,2131.9638671875,0.49569027370088353,8574.47265625,4273.47265625,0.993599780574285,7666.26904296875,3365.26904296875,0.7824387451682748,12161.3291015625,7860.3291015625,1.827558498387003
China,362,7,16788.0,4915.50830078125,11872.49169921875,0.707201078104524,4665.22607421875,12122.77392578125,0.7221094785430814,1868.6038818359375,14919.396118164062,0.8886940742294533,4228.189453125,12559.810546875,0.7481421579029665,4982.171875,11805.828125,0.7032301718489398,1764.2008056640625,15023.799194335938,0.8949129851284213,1718.814208984375,15069.185791015625,0.8976164993457008
China,363,10,566.0,240.468505859375,325.531494140625,0.5751439825806095,420.4063720703125,145.5936279296875,0.2572325581796599,240.6693115234375,325.3306884765625,0.5747892022554107,417.36181640625,148.63818359375,0.2626116317910777,240.96107482910156,325.03892517089844,0.5742737193832128,239.48114013671875,326.51885986328125,0.5768884449881294,241.3166046142578,324.6833953857422,0.5736455748864703
China,364,4,2672.0,2130.19384765625,541.80615234375,0.20277176360170285,4693.24462890625,2021.24462890625,0.7564538281834768,2434.9091796875,237.0908203125,0.08873159442833084,1538.9619140625,1133.0380859375,0.4240411998269087,3899.93017578125,1227.93017578125,0.45955470650495883,1948.6328125,723.3671875,0.27072125280688625,2389.94580078125,282.05419921875,0.10555920629444236
China,365,6,1869.0,1676.272705078125,192.727294921875,0.10311786780196629,549.8631591796875,1319.1368408203125,0.7057982026860955,1557.12841796875,311.87158203125,0.16686547995251472,4100.35107421875,2231.35107421875,1.1938743040228732,1613.12060546875,255.87939453125,0.13690711317883894,2544.411376953125,675.411376953125,0.361375803613229,503.59368896484375,1365.4063110351562,0.730554473534059
China,366,9,803.0,664.751220703125,138.248779296875,0.1721653540434309,654.031005859375,148.968994140625,0.18551555932830013,635.231201171875,167.768798828125,0.2089275203339041,638.95849609375,164.04150390625,0.20428580810242838,645.4910278320312,157.50897216796875,0.19615065027144302,658.5250854492188,144.47491455078125,0.17991894713671389,611.7620849609375,191.2379150390625,0.23815431511713886
China,367,6,4019.0,1062.585693359375,2956.414306640625,0.7356094318588268,1006.5150756835938,3012.4849243164062,0.7495608171974139,1192.647216796875,2826.352783203125,0.7032477688985133,1087.2025146484375,2931.7974853515625,0.729484320814024,1192.472412109375,2826.527587890625,0.7032912634711682,1748.38525390625,2270.61474609375,0.5649700786498507,1808.0921630859375,2210.9078369140625,0.5501139181174577
China,368,4,4867.0,11936.4677734375,7069.4677734375,1.452530875988802,11816.8505859375,6949.8505859375,1.4279536852141976,8922.994140625,4055.994140625,0.8333663736644751,12792.212890625,7925.212890625,1.6283568708906924,14998.69140625,10131.69140625,2.0817118155434557,15032.1591796875,10165.1591796875,2.0885882842998766,11596.3583984375,6729.3583984375,1.3826501743245325
China,369,7,3132.0,2229.0078125,902.9921875,0.2883116818326948,2631.135986328125,500.864013671875,0.1599182674558988,2807.36572265625,324.63427734375,0.10365079097820881,4305.6005859375,1173.6005859375,0.3747128307590996,2855.9248046875,276.0751953125,0.08814661408445083,2850.9521484375,281.0478515625,0.08973430765086207,2817.70751953125,314.29248046875,0.10034881241020115
China,370,1,89.0,916.1878051757812,827.1878051757812,9.29424500197507,1088.9228515625,999.9228515625,11.235088219803371,1123.1484375,1034.1484375,11.61964536516854,949.4949951171875,860.4949951171875,9.668483091204354,943.082763671875,854.082763671875,9.596435546875,949.929931640625,860.929931640625,9.673370018433989,951.3215942382812,862.3215942382812,9.689006676834621
China,371,7,1126.0,969.8831787109375,156.1168212890625,0.13864726579845693,974.9495849609375,151.0504150390625,0.13414779310751554,960.1809692382812,165.81903076171875,0.1472637928612067,748.7284545898438,377.27154541015625,0.3350546584459647,1297.569580078125,171.569580078125,0.1523708526448712,940.947509765625,185.052490234375,0.16434501797013765,937.138671875,188.861328125,0.16772764487122557
China,372,10,1538.0,2819.483642578125,1281.483642578125,0.8332143319753739,2727.83349609375,1189.83349609375,0.7736238596188232,3150.77783203125,1612.77783203125,1.0486201768733745,2733.86767578125,1195.86767578125,0.7775472534338427,2745.515380859375,1207.515380859375,0.7851205337187094,2212.25439453125,674.25439453125,0.4383968755079649,3488.686279296875,1950.686279296875,1.2683265795168237
China,373,6,7263.0,10988.8720703125,3725.8720703125,0.5129935385257469,8197.41796875,934.41796875,0.12865454615861213,11401.86328125,4138.86328125,0.5698558834159438,7538.88818359375,275.88818359375,0.03798543075777915,7098.365234375,164.634765625,0.02266759818601129,11749.4775390625,4486.4775390625,0.6177168579185598,7896.72705078125,633.72705078125,0.08725417193738813
China,374,4,3853.0,406.11505126953125,3446.8849487304688,0.8945977027590108,490.3318176269531,3362.668182373047,0.8727402497723973,482.9358215332031,3370.064178466797,0.8746597919716577,617.298583984375,3235.701416015625,0.8397875463315922,489.5475158691406,3363.4524841308594,0.8729438058995223,490.74761962890625,3362.2523803710938,0.8726323333431336,490.2860107421875,3362.7139892578125,0.872752138400678
China,375,6,28855.0,12691.818359375,16163.181640625,0.5601518503075723,16796.353515625,12058.646484375,0.4179049206160111,15389.916015625,13465.083984375,0.46664647320655,4398.18603515625,24456.81396484375,0.8475762940510744,14681.4375,14173.5625,0.491199532143476,9649.666015625,19205.333984375,0.665580800012996,11931.51953125,16923.48046875,0.5865007960058916
China,376,3,1248.0,1767.5234375,519.5234375,0.4162848056891026,2706.360595703125,1458.360595703125,1.1685581696339142,1756.75,508.75,0.4076522435897436,1805.909423828125,557.909423828125,0.44704280755458736,1811.4385986328125,563.4385986328125,0.4514732360839844,2682.42431640625,1434.42431640625,1.1493784586588542,2648.251953125,1400.251953125,1.1219967573116987
China,377,7,15039.0,8190.71728515625,6848.28271484375,0.455368223608202,8766.9833984375,6272.0166015625,0.4170501098186382,7955.0634765625,7083.9365234375,0.4710377367802048,3008.1357421875,12030.8642578125,0.7999776752318971,3627.904296875,11411.095703125,0.7587669195508345,7761.21484375,7277.78515625,0.4839274656725846,7842.158203125,7196.841796875,0.4785452355126671
China,378,4,4947.0,1495.2529296875,3451.7470703125,0.6977455165378007,1876.26171875,3070.73828125,0.6207273663331312,2425.423828125,2521.576171875,0.5097182478016979,2198.7275390625,2748.2724609375,0.5555432506443299,2483.994140625,2463.005859375,0.4978786859460279,2508.351806640625,2438.648193359375,0.49295496126124416,2500.31396484375,2446.68603515625,0.49457975240676166
China,379,8,2019.0,1715.302001953125,303.697998046875,0.15042000893852153,908.7874755859375,1110.2125244140625,0.5498823796008234,954.298095703125,1064.701904296875,0.5273412106472882,813.2200927734375,1205.7799072265625,0.5972163978338596,1015.0392456054688,1003.9607543945312,0.49725644100769256,1417.7572021484375,601.2427978515625,0.297792371397505,654.0498046875,1364.9501953125,0.6760525979754829
China,380,4,5400.0,9432.015625,4032.015625,0.7466695601851852,6037.8115234375,637.8115234375,0.11811324508101852,15962.9873046875,10562.9873046875,1.9561087601273148,8963.99609375,3563.99609375,0.6599992766203704,5276.3798828125,123.6201171875,0.02289261429398148,5268.677734375,131.322265625,0.024318938078703705,6027.0224609375,627.0224609375,0.11611527054398148
China,381,5,33028.0,31464.052734375,1563.947265625,0.047352163789057766,17650.7421875,15377.2578125,0.46558246979835294,28587.509765625,4440.490234375,0.13444623453963303,31156.34375,1871.65625,0.05666877346493884,23492.609375,9535.390625,0.28870626816640427,31255.5078125,1772.4921875,0.05366634938536999,30925.3671875,2102.6328125,0.06366212948104638
China,382,7,5078.0,2520.961181640625,2557.038818359375,0.5035523470577737,2631.453857421875,2446.546142578125,0.48179325375701554,3641.0361328125,1436.9638671875,0.28297831177382826,4730.83447265625,347.16552734375,0.0683665867159807,3441.258056640625,1636.741943359375,0.32232019365092063,3658.63671875,1419.36328125,0.27951226491729025,3446.142822265625,1631.857177734375,0.3213582468953082
China,383,5,701.0,753.4642944335938,52.46429443359375,0.07484207479827924,911.6804809570312,210.68048095703125,0.3005427688402728,763.6097412109375,62.6097412109375,0.08931489473742868,869.5765380859375,168.5765380859375,0.2404800828615371,1412.359130859375,711.359130859375,1.0147776474456134,630.4153442382812,70.58465576171875,0.10069137769146755,590.4174194335938,110.58258056640625,0.1577497582972985
China,384,2,736.0,1914.611083984375,1178.611083984375,1.601373755413553,2994.8359375,2258.8359375,3.0690705672554346,1796.900390625,1060.900390625,1.4414407481317935,3475.346435546875,2739.346435546875,3.7219380917756455,2482.2578125,1746.2578125,2.372632897418478,3027.560546875,2291.560546875,3.113533351732337,1747.62646484375,1011.62646484375,1.374492479407269
China,385,10,976.0,587.817138671875,388.182861328125,0.39772834152471825,593.330322265625,382.669677734375,0.39207958784259733,598.49609375,377.50390625,0.38678678919057374,592.8018798828125,383.1981201171875,0.3926210247102331,575.7620849609375,400.2379150390625,0.410079830982646,588.4064331054688,387.59356689453125,0.3971245562443968,589.0050048828125,386.9949951171875,0.3965112654889216
China,386,7,1167.0,658.7362060546875,508.2637939453125,0.43553024331217866,3155.21875,1988.21875,1.7037007283633248,1518.4349365234375,351.4349365234375,0.3011439044759533,3920.876953125,2753.876953125,2.359791733611825,1481.469482421875,314.469482421875,0.2694682797102613,1833.64794921875,666.64794921875,0.5712493138121251,1864.0498046875,697.0498046875,0.5973006038453299
China,387,9,3762.0,3383.46630859375,378.53369140625,0.10062033264387293,3852.388427734375,90.388427734375,0.024026695304193248,3854.203369140625,92.203369140625,0.024509135869384635,2134.3955078125,1627.6044921875,0.43264340568514087,3945.091552734375,183.091552734375,0.04866867430472488,3365.576416015625,396.423583984375,0.10537575331854732,3881.38720703125,119.38720703125,0.031735036425106326
China,388,8,619.0,1637.7899169921875,1018.7899169921875,1.6458641631537763,1657.905517578125,1038.905517578125,1.6783610946334815,1425.3031005859375,806.3031005859375,1.30258982324061,1627.59423828125,1008.59423828125,1.6293929536046041,1659.68310546875,1040.68310546875,1.6812328036651858,1787.6282958984375,1168.6282958984375,1.8879293956356018,1626.60986328125,1007.60986328125,1.6278026870456381
China,389,9,1101.0,654.27099609375,446.72900390625,0.4057484140837875,654.8828735351562,446.11712646484375,0.4051926670888681,658.5144653320312,442.48553466796875,0.401894218590344,1955.392822265625,854.392822265625,0.7760152790786785,1483.2471923828125,382.2471923828125,0.3471818277773047,787.0469970703125,313.9530029296875,0.28515259121679154,1042.3740234375,58.6259765625,0.053247935115803814
China,390,2,1210.0,9830.361328125,8620.361328125,7.1242655604338845,9749.220703125,8539.220703125,7.057207192665289,11905.99609375,10695.99609375,8.839666193181818,9245.166015625,8035.166015625,6.640633070764463,11937.1376953125,10727.1376953125,8.865403053977273,9934.6923828125,8724.6923828125,7.210489572572314,11848.283203125,10638.283203125,8.791969589359503
China,391,6,5876.0,2948.563232421875,2927.436767578125,0.4982023089819818,2312.93505859375,3563.06494140625,0.6063759260391848,2019.2974853515625,3856.7025146484375,0.6563482836365618,1543.6767578125,4332.3232421875,0.7372912256956263,1254.425048828125,4621.574951171875,0.786517180253893,2359.97802734375,3516.02197265625,0.598369974924481,2331.76904296875,3544.23095703125,0.6031706870373128
China,392,5,2395.0,2404.416015625,9.416015625,0.003931530532359081,4474.0859375,2079.0859375,0.8680943371607516,1800.7825927734375,594.2174072265625,0.24810747692132046,2432.764404296875,37.764404296875,0.015768018495563675,950.3076171875,1444.6923828125,0.6032118508611691,2336.751953125,58.248046875,0.02432068763048017,2472.4619140625,77.4619140625,0.03234317914926931
China,393,4,1050.0,1618.89111328125,568.89111328125,0.5418010602678571,1155.38720703125,105.38720703125,0.10036876860119047,1241.1875,191.1875,0.18208333333333335,2680.1748046875,1630.1748046875,1.5525474330357143,1987.250732421875,937.250732421875,0.8926197451636905,1974.96533203125,924.96533203125,0.8809193638392857,1588.4127197265625,538.4127197265625,0.5127740187872024
China,394,6,1741.0,631.4525146484375,1109.5474853515625,0.6373047015230112,653.2573852539062,1087.7426147460938,0.6247803645870728,508.02197265625,1232.97802734375,0.7082010495943424,1309.8916015625,431.1083984375,0.24762113637995406,648.5780639648438,1092.4219360351562,0.6274680850288089,1282.6156005859375,458.3843994140625,0.2632879950683874,1446.781494140625,294.218505859375,0.1689939723488656
China,395,6,1579.0,1413.5218505859375,165.4781494140625,0.10479933465108454,1297.5928955078125,281.4071044921875,0.178218558893089,1435.7178955078125,143.2821044921875,0.0907423081014487,1812.063232421875,233.063232421875,0.1476017938073939,1314.247802734375,264.752197265625,0.16767080257481,1595.576416015625,16.576416015625,0.010498046875,1902.3447265625,323.3447265625,0.20477816755066497
China,396,5,3193.0,4669.755859375,1476.755859375,0.46249792025524583,3555.840087890625,362.840087890625,0.11363610644867679,8054.328125,4861.328125,1.5224954979642968,3610.56787109375,417.56787109375,0.13077603228742563,4973.60498046875,1780.60498046875,0.5576589353174913,4810.8046875,1617.8046875,0.5066723105230191,4890.65380859375,1697.65380859375,0.5316798648899937
China,397,7,36046.0,6763.4521484375,29282.5478515625,0.8123660836587278,12220.568359375,23825.431640625,0.6609729690014149,10391.7939453125,25654.2060546875,0.7117074309129306,7261.8486328125,28784.1513671875,0.7985394042941658,13595.982421875,22450.017578125,0.6228157792300116,12839.607421875,23206.392578125,0.6437993835134272,13684.3125,22361.6875,0.6203652971203463
China,398,5,3437.0,2315.8310546875,1121.1689453125,0.32620568673625255,1366.8489990234375,2070.1510009765625,0.6023133549539024,1702.534912109375,1734.465087890625,0.5046450648503419,868.4088745117188,2568.5911254882812,0.7473352125365962,654.203857421875,2782.796142578125,0.8096584645266585,1394.15771484375,2042.84228515625,0.5943678455502619,1453.0191650390625,1983.9808349609375,0.577242023555699
China,399,4,1829.0,9142.90234375,7313.90234375,3.9988531130399125,1343.845458984375,485.154541015625,0.2652567200741525,939.7939453125,889.2060546875,0.4861706149193548,2074.701416015625,245.701416015625,0.13433647677180152,1140.5770263671875,688.4229736328125,0.37639309657343495,2288.810546875,459.810546875,0.25139997095407324,560.8506469726562,1268.1493530273438,0.6933566719668364
China,400,5,408.0,1724.668701171875,1316.668701171875,3.2271291695389093,1694.90673828125,1286.90673828125,3.154183182061887,1567.833740234375,1159.833740234375,2.8427297554764093,2084.98291015625,1676.98291015625,4.110252230775123,1692.2049560546875,1284.2049560546875,3.147561166800705,2377.57958984375,1969.57958984375,4.827400955499387,1602.843505859375,1194.843505859375,2.9285380045572915
China,401,9,801.0,711.2861328125,89.7138671875,0.11200233107053682,933.9866943359375,132.9866943359375,0.16602583562539014,613.896728515625,187.103271484375,0.2335871054736267,616.4227294921875,184.5772705078125,0.23043354620201312,457.0755920410156,343.9244079589844,0.42936879895004293,450.58062744140625,350.41937255859375,0.43747736898700845,415.4190673828125,385.5809326171875,0.48137444771184457
China,402,8,597.0,1689.30615234375,1092.30615234375,1.8296585466394473,974.933349609375,377.933349609375,0.6330541869503769,843.954345703125,246.954345703125,0.4136588705244975,1853.7333984375,1256.7333984375,2.1050810694095476,1713.4150390625,1116.4150390625,1.8700419414782246,1861.321533203125,1264.321533203125,2.117791512903057,639.409912109375,42.409912109375,0.07103837874267169
China,403,3,763.0,2474.447509765625,1711.447509765625,2.2430504715145805,2160.33544921875,1397.33544921875,1.8313701824623199,3241.135986328125,2478.135986328125,3.247884647874345,2256.3974609375,1493.3974609375,1.9572705910058978,2634.868408203125,1871.868408203125,2.4533006660591417,2155.1357421875,1392.1357421875,1.8245553632863696,2239.987060546875,1476.987060546875,1.9357628578596002
China,404,3,1238.0,1807.1463623046875,569.1463623046875,0.459730502669376,1852.614013671875,614.614013671875,0.4964572000580573,1903.4239501953125,665.4239501953125,0.5374991520155997,2010.098876953125,772.098876953125,0.6236662980235258,1087.24951171875,150.75048828125,0.12176937664075121,2311.505615234375,1073.505615234375,0.8671289299146809,1773.06201171875,535.06201171875,0.4321987170587641
China,405,3,1249.0,2554.501953125,1305.501953125,1.0452377527021617,1938.553955078125,689.553955078125,0.5520848319280425,3096.2041015625,1847.2041015625,1.4789464384007205,1452.74072265625,203.74072265625,0.163123076586269,3555.116455078125,2306.116455078125,1.8463702602707166,3329.8876953125,2080.8876953125,1.666042990642514,1719.80615234375,470.80615234375,0.3769464790582466
China,406,6,13752.0,1165.890869140625,12586.109130859375,0.9152202683870982,1080.1290283203125,12671.870971679688,0.9214565860732757,2118.863037109375,11633.136962890625,0.845923281187509,1799.7203369140625,11952.279663085938,0.8691302838195126,1086.0123291015625,12665.987670898438,0.9210287718803402,2055.4189453125,11696.5810546875,0.8505367259080497,1954.112548828125,11797.887451171875,0.8579033923190718
China,407,1,9296.0,6549.3154296875,2746.6845703125,0.2954695105757853,8588.4453125,707.5546875,0.07611388634896729,5499.51513671875,3796.48486328125,0.4083998346903238,5515.8427734375,3780.1572265625,0.4066434193806476,6351.2041015625,2944.7958984375,0.3167809701417276,5512.2841796875,3783.7158203125,0.4070262285189867,5543.287109375,3752.712890625,0.40369114572127796
China,408,2,329.0,636.7868041992188,307.78680419921875,0.9355222012134309,455.94512939453125,126.94512939453125,0.3858514571262348,340.0087890625,11.0087890625,0.03346136493161094,820.9755859375,491.9755859375,1.495366522606383,339.35394287109375,10.35394287109375,0.031470950975968845,893.8267822265625,564.8267822265625,1.7167987301719225,333.95526123046875,4.95526123046875,0.015061584287139058
China,409,3,3088.0,2538.263671875,549.736328125,0.17802342232027202,899.0872192382812,2188.9127807617188,0.7088448124228364,2722.94921875,365.05078125,0.11821592657059586,2639.327392578125,448.672607421875,0.14529553349153984,2619.072998046875,468.927001953125,0.15185459907808452,2508.843017578125,579.156982421875,0.18755083627651392,2476.00048828125,611.99951171875,0.19818637037524287
China,410,7,380.0,235.9873046875,144.0126953125,0.3789807771381579,633.14599609375,253.14599609375,0.6661736739309211,224.95411682128906,155.04588317871094,0.4080154820492393,231.51625061035156,148.48374938964844,0.3907467089201275,224.33087158203125,155.66912841796875,0.4096556010999178,172.2142333984375,207.7857666015625,0.5468046489514803,219.89779663085938,160.10220336914062,0.42132158781352796
China,411,8,2333.0,3768.5869140625,1435.5869140625,0.6153394402325332,1101.1214599609375,1231.8785400390625,0.5280233776421185,2019.2135009765625,313.7864990234375,0.1344991423160898,3910.681640625,1577.681640625,0.6762458811080154,1323.3514404296875,1009.6485595703125,0.43276834958007393,2481.37890625,148.37890625,0.06360004554222032,1060.984375,1272.015625,0.5452274432061723
China,412,7,2109.0,4136.88134765625,2027.88134765625,0.9615369121177099,2001.16796875,107.83203125,0.05112946005215742,4463.96435546875,2354.96435546875,1.1166260575954243,5881.8564453125,3772.8564453125,1.7889314581851588,2492.6005859375,383.6005859375,0.1818874281353722,3948.99658203125,1839.99658203125,0.8724497781087008,2555.915771484375,446.915771484375,0.2119088532405761
China,413,10,10080.0,11945.5146484375,1865.5146484375,0.18507089766245038,12383.6650390625,2303.6650390625,0.22853819831969246,11450.783203125,1370.783203125,0.13599039713541666,12360.736328125,2280.736328125,0.2262635246155754,13274.1416015625,3194.1416015625,0.3168791271391369,12825.48046875,2745.48046875,0.2723690941220238,11607.02734375,1527.02734375,0.15149080791170635
China,414,5,553.0,883.5909423828125,330.5909423828125,0.5978136390285941,1581.168701171875,1028.168701171875,1.8592562408171338,865.1348876953125,312.1348876953125,0.564439218255538,1400.4588623046875,847.4588623046875,1.5324753387064873,1087.5595703125,534.5595703125,0.9666538341998192,724.4842529296875,171.4842529296875,0.3100981065636302,717.517822265625,164.517822265625,0.2975005827588155
China,415,6,354.0,1863.1751708984375,1509.1751708984375,4.263206697453214,2295.5849609375,1941.5849609375,5.484703279484464,2024.44287109375,1670.44287109375,4.7187651725812145,1430.7225341796875,1076.7225341796875,3.041589079603637,2287.577880859375,1933.577880859375,5.462084409207274,3336.4189453125,2982.4189453125,8.424912274894067,3318.867431640625,2964.867431640625,8.375331727798375
China,416,3,190.0,617.90673828125,427.90673828125,2.2521407277960526,615.9151000976562,425.91510009765625,2.241658421566612,563.9609985351562,373.96099853515625,1.9682157817639803,619.8222045898438,429.82220458984375,2.26222212942023,1229.8349609375,1039.8349609375,5.472815583881579,610.3265380859375,420.3265380859375,2.212244937294408,628.3406982421875,438.3406982421875,2.307056306537829
China,417,6,5482.0,3661.1884765625,1820.8115234375,0.3321436562271981,3658.062744140625,1823.937255859375,0.33271383726001,3469.64599609375,2012.35400390625,0.36708391169395294,3661.769775390625,1820.230224609375,0.3320376184986091,3356.2529296875,2125.7470703125,0.38776852796652683,3589.37451171875,1892.62548828125,0.34524361333112913,5268.4501953125,213.5498046875,0.03895472540815396
China,418,5,3191.0,5890.400390625,2699.400390625,0.8459418334769665,6268.6494140625,3077.6494140625,0.964478036371827,1961.813232421875,1229.186767578125,0.38520425182642587,9655.06640625,6464.06640625,2.0257180840645566,4979.1064453125,1788.1064453125,0.5603592746200251,2920.556884765625,270.443115234375,0.08475183805527264,2212.31689453125,978.68310546875,0.30670106721051393
China,419,9,3986.0,2294.87890625,1691.12109375,0.4242652016432514,2950.733642578125,1035.266357421875,0.25972562905716884,6513.15087890625,2527.15087890625,0.6340067433282113,2294.499755859375,1691.500244140625,0.4243603221627258,2292.615234375,1693.384765625,0.42483310728173607,2274.29150390625,1711.70849609375,0.42943012947660564,2247.427490234375,1738.572509765625,0.43616972146653915
China,420,2,560.0,2371.360107421875,1811.360107421875,3.2345716203962054,2196.341552734375,1636.341552734375,2.9220384870256697,2808.646484375,2248.646484375,4.015440150669643,3719.3671875,3159.3671875,5.641727120535714,3256.856201171875,2696.856201171875,4.815814644949777,2460.31005859375,1900.31005859375,3.3934108189174106,2255.31201171875,1695.31201171875,3.0273428780691964
China,421,5,80.0,1351.57080078125,1271.57080078125,15.894635009765626,680.313232421875,600.313232421875,7.503915405273437,909.2520141601562,829.2520141601562,10.365650177001953,682.759765625,602.759765625,7.5344970703125,665.8336181640625,585.8336181640625,7.322920227050782,1106.168701171875,1026.168701171875,12.827108764648438,990.9791259765625,910.9791259765625,11.387239074707031
China,422,3,7816.0,3212.810546875,4603.189453125,0.5889444029074974,9477.8798828125,1661.8798828125,0.21262536883476202,9117.6318359375,1301.6318359375,0.16653426764809365,9528.6611328125,1712.6611328125,0.21912245813875383,3667.20068359375,4148.79931640625,0.5308085102873913,9336.3759765625,1520.3759765625,0.19452097960113868,9689.0048828125,1873.0048828125,0.23963726750415815
China,423,6,2002.0,1392.238037109375,609.761962890625,0.3045764050402722,1051.763427734375,950.236572265625,0.4746436424903222,1472.445068359375,529.554931640625,0.26451295286744503,1503.0426025390625,498.9573974609375,0.24922946926120754,1181.114013671875,820.885986328125,0.41003296020385865,1736.6572265625,265.3427734375,0.13253884787087913,1761.02587890625,240.97412109375,0.12036669385302198
China,424,8,1557.0,3223.24609375,1666.24609375,1.0701644789659601,1715.593505859375,158.593505859375,0.1018583852661368,1593.159912109375,36.159912109375,0.023224092555796404,3061.03369140625,1504.03369140625,0.965981818501124,1429.2242431640625,127.7757568359375,0.08206535442256743,1783.781494140625,226.781494140625,0.14565285429712588,1305.0860595703125,251.9139404296875,0.1617944382978083
China,425,1,1417.0,3091.954345703125,1674.954345703125,1.1820425869464537,1519.8634033203125,102.8634033203125,0.07259238060713656,3384.376953125,1967.376953125,1.3884099880910374,3561.64404296875,2144.64404296875,1.513510263210127,3067.3125,1650.3125,1.1646524347212421,3356.072509765625,1939.072509765625,1.3684350809919725,4130.4912109375,2713.4912109375,1.9149549830187014
China,426,8,1246.0,1303.72021484375,57.72021484375,0.04632440998695827,1161.357666015625,84.642333984375,0.06793124717847111,923.0471801757812,322.95281982421875,0.2591916692008176,1197.21240234375,48.78759765625,0.03915537532604334,1156.2186279296875,89.7813720703125,0.07205567581887039,1196.74072265625,49.25927734375,0.03953393045244783,1164.7684326171875,81.2315673828125,0.06519387430402288
China,427,9,4158.0,7070.83203125,2912.83203125,0.700536804052429,8539.40234375,4381.40234375,1.0537283174001923,4713.1728515625,555.1728515625,0.13351920431998557,6108.494140625,1950.494140625,0.4690943099146224,6048.611328125,1890.611328125,0.4546924791065416,7106.60888671875,2948.60888671875,0.7091411463970058,5091.3984375,933.3984375,0.2244825487012987
China,428,5,646.0,3136.035888671875,2490.035888671875,3.854544719306308,4255.98876953125,3609.98876953125,5.588217909491099,1144.9892578125,498.9892578125,0.7724291916602167,1336.1278076171875,690.1278076171875,1.0683092997170085,3116.6796875,2470.6796875,3.824581559597523,1073.630859375,427.630859375,0.6619672745743034,1252.337890625,606.337890625,0.9386035458591331
China,429,8,2310.0,2385.996826171875,75.996826171875,0.032899058948863635,2782.89111328125,472.89111328125,0.20471476765422078,4310.0771484375,2000.0771484375,0.8658342633928572,2270.88037109375,39.11962890625,0.016934904288419914,2860.76171875,550.76171875,0.23842498647186147,2877.541015625,567.541015625,0.24568875135281384,2792.72900390625,482.72900390625,0.2089735947646104
China,430,2,992.0,316.34228515625,675.65771484375,0.6811065673828125,279.7786865234375,712.2213134765625,0.7179650337465348,309.6033935546875,682.3966064453125,0.6878998048843876,316.2653503417969,675.7346496582031,0.6811841226393177,303.02301025390625,688.9769897460938,0.6945332557924332,410.37030029296875,581.6296997070312,0.5863202618014428,308.0036926269531,683.9963073730469,0.6895124066260553
China,431,6,7091.0,2893.876953125,4197.123046875,0.5918943797595544,980.1400756835938,6110.859924316406,0.8617768896229595,2350.97802734375,4740.02197265625,0.6684560672198914,2336.2890625,4754.7109375,0.6705275613453674,2854.2548828125,4236.7451171875,0.5974820359875194,2033.7315673828125,5057.2684326171875,0.7131953790180775,2039.3623046875,5051.6376953125,0.712401310860598
China,432,2,3431.0,4302.26513671875,871.26513671875,0.2539391246629991,2805.150146484375,625.849853515625,0.1824103332893107,3175.3154296875,255.6845703125,0.07452188000947246,4339.18212890625,908.18212890625,0.26469895916824543,4492.0400390625,1061.0400390625,0.30925095863086566,4047.95654296875,616.95654296875,0.1798182870792043,3146.610107421875,284.389892578125,0.08288833942819149
China,433,8,1007.0,1446.785400390625,439.785400390625,0.4367283022747021,1410.615966796875,403.615966796875,0.4008102947337388,377.1795349121094,629.8204650878906,0.6254423685083323,1612.11865234375,605.11865234375,0.6009122664784012,834.7805786132812,172.21942138671875,0.1710222655280226,1438.174560546875,431.174560546875,0.42817731931169317,1410.728759765625,403.728759765625,0.400922303640144
China,434,7,54620.0,27102.556640625,27517.443359375,0.5037979377402966,19118.95703125,35501.04296875,0.6499641700613329,13413.58203125,41206.41796875,0.7544199554879165,17795.33984375,36824.66015625,0.6741973664637495,13395.5185546875,41224.4814453125,0.7547506672521512,12934.828125,41685.171875,0.7631851313621384,13406.5009765625,41213.4990234375,0.7545495976462376
China,435,10,871.0,1050.394287109375,179.394287109375,0.20596359025186567,255.64752197265625,615.3524780273438,0.7064896418224383,492.14788818359375,378.85211181640625,0.4349622408913964,966.7447509765625,95.7447509765625,0.10992508722911883,253.21522521972656,617.7847747802734,0.7092821754078914,251.11758422851562,619.8824157714844,0.7116904888306365,967.6253662109375,96.6253662109375,0.11093612653379736
China,436,3,19699.0,10282.1767578125,9416.8232421875,0.47803559785712474,8265.37109375,11433.62890625,0.5804167169018732,16119.4853515625,3579.5146484375,0.18171047507170415,13383.201171875,6315.798828125,0.3206152001687903,7374.7294921875,12324.2705078125,0.6256292455359409,10193.607421875,9505.392578125,0.48253173146479517,16145.8291015625,3553.1708984375,0.18037316099484746
China,437,2,1930.0,1370.6517333984375,559.3482666015625,0.2898177547158355,1610.1373291015625,319.8626708984375,0.16573195383338732,1046.388671875,883.611328125,0.45782970369170983,2854.817626953125,924.817626953125,0.47918011759229273,1348.6302490234375,581.3697509765625,0.30122785024692356,1690.869384765625,239.130615234375,0.12390187317843264,1618.566650390625,311.433349609375,0.1613644298494171
China,438,1,7505.0,9001.296875,1496.296875,0.1993733344437042,4631.3359375,2873.6640625,0.38289994170552966,8958.15625,1453.15625,0.1936250832778148,9099.94140625,1594.94140625,0.21251717604930045,5200.0419921875,2304.9580078125,0.3071229857178548,8934.77734375,1429.77734375,0.1905099725183211,8928.048828125,1423.048828125,0.189613434793471
China,439,1,300.0,2261.548095703125,1961.548095703125,6.53849365234375,295.1203308105469,4.879669189453125,0.01626556396484375,2066.54443359375,1766.54443359375,5.8884814453125,2085.642578125,1785.642578125,5.952141927083333,2344.78564453125,2044.78564453125,6.8159521484375,2283.096923828125,1983.096923828125,6.610323079427084,2121.45703125,1821.45703125,6.0715234375
China,440,9,349.0,659.5462036132812,310.54620361328125,0.8898172023303188,434.51019287109375,85.51019287109375,0.24501487928680157,640.5579833984375,291.5579833984375,0.8354096945513968,667.4363403320312,318.43634033203125,0.9124250439313216,660.5269775390625,311.5269775390625,0.8926274428053367,659.6700439453125,310.6700439453125,0.8901720456885746,535.0091552734375,186.0091552734375,0.5329775222734598
China,441,5,2038.0,3261.21044921875,1223.21044921875,0.6002013980464916,2575.0517578125,537.0517578125,0.2635190175723749,1209.112060546875,828.887939453125,0.4067163589073234,3332.90283203125,1294.90283203125,0.6353792110065015,709.0499877929688,1328.9500122070312,0.6520853838111046,1287.00634765625,750.99365234375,0.36849541331881747,1148.8389892578125,889.1610107421875,0.436290976811672
China,442,1,601.0,927.731201171875,326.731201171875,0.5436459254107737,1128.3177490234375,527.3177490234375,0.8774005807378328,746.6470947265625,145.6470947265625,0.24234125578462978,999.8361206054688,398.83612060546875,0.6636208329541909,1242.592041015625,641.592041015625,1.0675408336366472,744.7564086914062,143.75640869140625,0.23919535555974417,938.009765625,337.009765625,0.5607483621048253
China,443,10,667.0,979.6033935546875,312.6033935546875,0.46867075495455396,2393.272216796875,1726.272216796875,2.5881142680612816,661.7842407226562,5.21575927734375,0.00781972905148988,935.5601196289062,268.56011962890625,0.4026388600133527,977.645751953125,310.645751953125,0.46573576004966266,970.7760620117188,303.77606201171875,0.455436374830163,604.802490234375,62.197509765625,0.09324963982852325
China,444,4,3585.0,1157.33203125,2427.66796875,0.6771737709205021,638.854736328125,2946.145263671875,0.821797842028417,1200.929931640625,2384.070068359375,0.6650125713694212,1164.39208984375,2420.60791015625,0.6752044379794282,545.4005737304688,3039.5994262695312,0.8478659487502179,545.9765014648438,3039.0234985351562,0.8477052994519264,641.6009521484375,2943.3990478515625,0.8210318125108961
China,445,10,1916.0,1554.246337890625,361.753662109375,0.18880671300071764,1448.001708984375,467.998291015625,0.2442579806970903,650.5634765625,1265.4365234375,0.6604574756980689,1449.761962890625,466.238037109375,0.2433392678023878,694.2848510742188,1221.7151489257812,0.6376383867044787,682.7191162109375,1233.2808837890625,0.6436747827709094,670.8726806640625,1245.1273193359375,0.6498576823256459
China,446,6,3655.0,5393.1474609375,1738.1474609375,0.4755533408857729,15653.908203125,11998.908203125,3.282875021374829,18095.76953125,14440.76953125,3.9509629360465115,6026.939453125,2371.939453125,0.6489574427154583,15490.8740234375,11835.8740234375,3.2382692266586868,8395.05859375,4740.05859375,1.2968696562927498,8522.53125,4867.53125,1.3317458960328317
China,447,8,5432.0,2570.560546875,2861.439453125,0.5267745679537923,9474.0888671875,4042.0888671875,0.7441253437384941,2947.386962890625,2484.613037109375,0.4574029891585742,2566.478759765625,2865.521240234375,0.5275260015159011,4879.74853515625,552.25146484375,0.1016663226884665,10315.435546875,4883.435546875,0.8990124349917158,10091.5146484375,4659.5146484375,0.8577898837329713
China,448,3,170.0,526.3605346679688,356.36053466796875,2.0962384392233457,510.7554016113281,340.7554016113281,2.0044435388901656,513.9658203125,343.9658203125,2.023328354779412,755.08642578125,585.08642578125,3.4416848575367647,494.9921875,324.9921875,1.91171875,517.0889892578125,347.0889892578125,2.041699936810662,508.9824523925781,338.9824523925781,1.994014425838695
China,449,2,1823.0,3519.3896484375,1696.3896484375,0.9305483535038398,3756.286376953125,1933.286376953125,1.0604971897713247,2624.657470703125,801.657470703125,0.43974628124142895,4176.349609375,2353.349609375,1.2909213435957214,1923.2215576171875,100.2215576171875,0.05497616983937877,2610.1640625,787.1640625,0.431795975041141,2621.6103515625,798.6103515625,0.4380747951522216
China,450,2,3612.0,2773.05419921875,838.94580078125,0.23226627928606036,2037.293701171875,1574.706298828125,0.4359651990111088,2184.6689453125,1427.3310546875,0.39516363640296237,3703.12939453125,91.12939453125,0.025229621963247507,1880.14208984375,1731.85791015625,0.47947339705322534,7765.0361328125,4153.0361328125,1.1497885196047897,2161.340576171875,1450.659423828125,0.40162221036216084
China,451,5,3981.0,5739.3173828125,1758.3173828125,0.44167731293958806,5587.521484375,1606.521484375,0.40354722039060537,18482.82421875,14501.82421875,3.642759160700829,5134.2724609375,1153.2724609375,0.28969416250627983,6217.17431640625,2236.17431640625,0.5617117097227455,4008.40234375,27.40234375,0.006883281524742527,5628.37841796875,1647.37841796875,0.4138102029562296
China,452,4,1984.0,1883.26171875,100.73828125,0.050775343371975805,1915.98876953125,68.01123046875,0.03427985406691028,3121.350830078125,1137.350830078125,0.5732615070958291,1046.83935546875,937.16064453125,0.47235919583228325,1926.93310546875,57.06689453125,0.028763555711315524,1928.557373046875,55.442626953125,0.0279448724562122,1626.185302734375,357.814697265625,0.18035014983146422
China,453,8,3646.0,1946.59326171875,1699.40673828125,0.46610168356589415,1867.246826171875,1778.753173828125,0.4878642824542307,3353.453857421875,292.546142578125,0.0802375596758434,1531.6148681640625,2114.3851318359375,0.5799191255721167,1863.759521484375,1782.240478515625,0.48882075658684176,1616.07177734375,2029.92822265625,0.5567548608492183,1512.793701171875,2133.206298828125,0.5850812668206596
China,454,1,3800.0,8551.70703125,4751.70703125,1.25044921875,4354.96484375,554.96484375,0.14604337993421052,3389.229736328125,410.770263671875,0.10809743780838815,4149.46923828125,349.46923828125,0.09196558902138158,8751.3173828125,4951.3173828125,1.3029782586348684,4296.9326171875,496.9326171875,0.1307717413651316,4331.37158203125,531.37158203125,0.13983462685032894
China,455,10,498.0,285.767333984375,212.232666015625,0.4261700120795683,291.4713134765625,206.5286865234375,0.4147162379988705,565.7030029296875,67.7030029296875,0.1359498050796938,290.9018249511719,207.09817504882812,0.4158597892546749,480.9854431152344,17.014556884765625,0.03416577687703941,571.9174194335938,73.91741943359375,0.14842855307950553,1144.0797119140625,646.0797119140625,1.2973488191045432
China,456,9,27000.0,13441.427734375,13558.572265625,0.5021693431712962,12174.1181640625,14825.8818359375,0.5491067346643519,13129.9111328125,13870.0888671875,0.5137069950810185,13266.7666015625,13733.2333984375,0.5086382740162037,13133.1123046875,13866.8876953125,0.5135884331597222,13234.7734375,13765.2265625,0.5098232060185185,13206.58984375,13793.41015625,0.510867042824074
China,457,9,1694.0,559.7300415039062,1134.2699584960938,0.6695808491712478,1339.98193359375,354.01806640625,0.20898351027523612,1012.5337524414062,681.4662475585938,0.40228231851156654,668.3743896484375,1025.6256103515625,0.6054460509749483,659.082275390625,1034.917724609375,0.6109313604541765,417.185302734375,1276.814697265625,0.7537276843362604,1410.232666015625,283.767333984375,0.16751318417023317
China,458,10,2952.0,2312.274169921875,639.725830078125,0.21670929203188516,1796.3846435546875,1155.6153564453125,0.39146861668201643,2429.97412109375,522.02587890625,0.1768380348598408,1796.439697265625,1155.560302734375,0.39144996705094004,1443.271728515625,1508.728271484375,0.5110868128334604,1460.7420654296875,1491.2579345703125,0.5051686770224636,2049.272216796875,902.727783203125,0.3058020945810044
China,459,10,374.0,502.9229431152344,128.92294311523438,0.3447137516450117,524.1568603515625,150.1568603515625,0.4014889314212901,698.724609375,324.724609375,0.8682476186497327,521.6793823242188,147.67938232421875,0.39486465862090575,403.83013916015625,29.83013916015625,0.07975973037474933,406.4200439453125,32.4200439453125,0.08668460947944519,651.2705688476562,277.27056884765625,0.7413651573466745
China,460,1,300.0,2768.11328125,2468.11328125,8.227044270833334,2462.54296875,2162.54296875,7.2084765625,1412.3990478515625,1112.3990478515625,3.707996826171875,2219.95654296875,1919.95654296875,6.399855143229167,3316.501953125,3016.501953125,10.055006510416666,2231.234619140625,1931.234619140625,6.43744873046875,2232.052001953125,1932.052001953125,6.44017333984375
China,461,4,7575.0,28146.41015625,20571.41015625,2.71569771039604,18675.685546875,11100.685546875,1.465437035891089,12283.173828125,4708.173828125,0.6215410994224423,28630.4375,21055.4375,2.779595709570957,19907.25390625,12332.25390625,1.6280203176567656,19863.44921875,12288.44921875,1.6222375206270627,28243.66796875,20668.66796875,2.7285370255775576
China,462,8,3322.0,6154.0498046875,2832.0498046875,0.852513487262944,4324.1796875,1002.1796875,0.3016796169476219,8854.88671875,5532.88671875,1.66552881359121,5598.7490234375,2276.7490234375,0.6853549137379591,3903.337158203125,581.337158203125,0.1749961343176174,5175.474609375,1853.474609375,0.5579393766932571,6419.2939453125,3097.2939453125,0.9323582014787778
China,463,2,5196.0,1187.3248291015625,4008.6751708984375,0.7714925271167123,2322.508056640625,2873.491943359375,0.5530200044956457,1384.5894775390625,3811.4105224609375,0.7335278141764698,2257.3427734375,2938.6572265625,0.5655614369827752,1377.885498046875,3818.114501953125,0.7348180334782766,2755.12353515625,2440.87646484375,0.4697606745272806,1353.715576171875,3842.284423828125,0.7394696735619948
China,464,5,2566.0,5935.287109375,3369.287109375,1.313050315422837,4963.66455078125,2397.66455078125,0.9343977204915238,5909.951171875,3343.951171875,1.3031766063425565,4863.81787109375,2297.81787109375,0.8954863098572681,4324.97216796875,1758.97216796875,0.685491881515491,4356.0625,1790.0625,0.6976081449727202,4293.28173828125,1727.28173828125,0.6731417530324435
China,465,4,1686.0,1445.451171875,240.548828125,0.1426742752817319,1377.5845947265625,308.4154052734375,0.18292728663904953,968.60498046875,717.39501953125,0.4255011978239917,1260.24462890625,425.75537109375,0.25252394489546265,730.0797119140625,955.9202880859375,0.5669752598374481,735.34814453125,950.65185546875,0.5638504480834816,719.0712280273438,966.9287719726562,0.5735046097109467
China,466,10,25054.0,5394.0908203125,19659.9091796875,0.7847014121372835,4367.92138671875,20686.07861328125,0.82565971953705,4420.8916015625,20633.1083984375,0.8235454777056558,4375.4365234375,20678.5634765625,0.8253597619766305,3643.050048828125,21410.949951171875,0.8545920791558983,3626.122314453125,21427.877685546875,0.8552677291269608,4415.3525390625,20638.6474609375,0.8237665626621498
China,467,7,117.0,4668.30419921875,4551.30419921875,38.900035890758545,5776.9169921875,5659.9169921875,48.37535890758547,6555.060546875,6438.060546875,55.02615852029915,8861.962890625,8744.962890625,74.74327256944444,6323.607421875,6206.607421875,53.04792668269231,6211.0087890625,6094.0087890625,52.08554520566239,6519.62060546875,6402.62060546875,54.72325303819444
China,468,5,500.0,363.85467529296875,136.14532470703125,0.2722906494140625,476.1954040527344,23.804595947265625,0.04760919189453125,316.271484375,183.728515625,0.36745703125,474.6308288574219,25.369171142578125,0.05073834228515625,545.4330444335938,45.43304443359375,0.0908660888671875,415.9951171875,84.0048828125,0.168009765625,541.5802001953125,41.5802001953125,0.083160400390625
China,469,2,12551.0,6135.3134765625,6415.6865234375,0.5111693509232332,6677.486328125,5873.513671875,0.4679717689327544,4176.56591796875,8374.43408203125,0.6672324182958529,4917.9990234375,7633.0009765625,0.6081587902607362,2864.7236328125,9686.2763671875,0.7717533556838101,6159.17529296875,6391.82470703125,0.5092681624596646,4683.7646484375,7867.2353515625,0.6268213968259502
China,470,4,399.0,1014.8479614257812,615.8479614257812,1.5434786000646146,1489.6387939453125,1090.6387939453125,2.7334305612664473,854.009033203125,455.009033203125,1.1403735167998121,905.8713989257812,506.87139892578125,1.2703543832726347,1467.578369140625,1068.578369140625,2.6781412760416665,1476.88623046875,1077.88623046875,2.701469249295113,1533.681884765625,1134.681884765625,2.8438142475328947
China,471,3,784.0,4758.6796875,3974.6796875,5.069744499362245,4388.412109375,3604.412109375,4.597464425223214,4250.98095703125,3466.98095703125,4.422169588050064,4871.2373046875,4087.2373046875,5.213312888632015,4163.83154296875,3379.83154296875,4.31100962113361,4404.5859375,3620.5859375,4.618094308035714,4436.1494140625,3652.1494140625,4.658353844467475
China,472,9,2112.0,2254.091552734375,142.091552734375,0.0672781973174124,2544.1240234375,432.1240234375,0.2046041777639678,2309.9951171875,197.9951171875,0.09374768806226326,1919.7060546875,192.2939453125,0.0910482695608428,2281.311767578125,169.311767578125,0.0801665566184304,2244.036865234375,132.036865234375,0.0625174551299124,2295.80908203125,183.80908203125,0.08703081535570549
China,473,6,600.0,1174.516357421875,574.516357421875,0.9575272623697917,1074.5406494140625,474.5406494140625,0.7909010823567708,2140.69970703125,1540.69970703125,2.5678328450520835,1463.57080078125,863.57080078125,1.43928466796875,2113.649169921875,1513.649169921875,2.5227486165364583,2032.031982421875,1432.031982421875,2.386719970703125,1146.6669921875,546.6669921875,0.9111116536458334
China,474,3,450.0,448.01995849609375,1.98004150390625,0.004400092230902777,788.7310791015625,338.7310791015625,0.7527357313368056,608.3123779296875,158.3123779296875,0.35180528428819446,598.23779296875,148.23779296875,0.3294173177083333,606.4253540039062,156.42535400390625,0.34761189778645835,445.8861083984375,4.1138916015625,0.009141981336805556,446.5135498046875,3.4864501953125,0.007747667100694445
China,475,8,5800.0,14069.740234375,8269.740234375,1.425817281788793,6678.8642578125,878.8642578125,0.1515283203125,5464.6728515625,335.3271484375,0.05781502559267242,11899.115234375,6099.115234375,1.0515715921336206,5406.576171875,393.423828125,0.06783169450431034,5030.90869140625,769.09130859375,0.1326019497575431,4431.4814453125,1368.5185546875,0.23595147494612068
China,476,5,2565.0,2743.9296875,178.9296875,0.06975816276803119,2802.830078125,237.830078125,0.09272127802144249,2448.06591796875,116.93408203125,0.045588336074561406,3309.4794921875,744.4794921875,0.29024541605750487,8007.2861328125,5442.2861328125,2.121748979653996,4387.578125,1822.578125,0.7105567738791423,3559.583984375,994.583984375,0.3877520406920078
China,477,2,2385.0,1563.767822265625,821.232177734375,0.34433214999344863,1789.3558349609375,595.6441650390625,0.24974598114845387,1780.259033203125,604.740966796875,0.253560153793239,1628.716552734375,756.283447265625,0.31709997788915095,1813.8458251953125,571.1541748046875,0.23947764142754194,531.7916259765625,1853.2083740234375,0.7770265719175838,1752.8797607421875,632.1202392578125,0.2650399326028564
China,478,3,10398.0,10879.6728515625,481.6728515625,0.04632360565132718,17130.61328125,6732.61328125,0.647491179193114,10916.78515625,518.78515625,0.04989278286689748,6010.03515625,4387.96484375,0.42200085052413927,20868.41015625,10470.41015625,1.0069638542267745,12567.544921875,2169.544921875,0.2086502136829198,16688.8828125,6290.8828125,0.6050089259953837
China,479,9,3434.0,2408.998779296875,1025.001220703125,0.2984860864016089,2406.670654296875,1027.329345703125,0.29916404941849883,2443.224609375,990.775390625,0.2885193333211998,3088.319580078125,345.680419921875,0.10066407103141381,2466.8779296875,967.1220703125,0.2816313541970006,2439.7490234375,994.2509765625,0.2895314433787129,3083.45068359375,350.54931640625,0.10208192091038149
China,480,6,400.0,2789.63720703125,2389.63720703125,5.974093017578125,2116.519287109375,1716.519287109375,4.291298217773438,2773.1435546875,2373.1435546875,5.93285888671875,548.2523193359375,148.2523193359375,0.37063079833984375,2741.59912109375,2341.59912109375,5.853997802734375,580.5088500976562,180.50885009765625,0.4512721252441406,582.3421630859375,182.3421630859375,0.45585540771484373
China,481,9,338.0,405.0061950683594,67.00619506835938,0.19824318067561944,1127.9920654296875,789.9920654296875,2.3372546314487797,399.0837097167969,61.083709716796875,0.18072103466507952,542.1022338867188,204.10223388671875,0.6038527629784578,397.35943603515625,59.35943603515625,0.17561963324010724,554.3717041015625,216.3717041015625,0.6401529707146819,1352.520751953125,1014.520751953125,3.001540686251849
China,482,1,2835.0,1278.830810546875,1556.169189453125,0.5489132943397266,1357.5350341796875,1477.4649658203125,0.5211516634286817,1255.4078369140625,1579.5921630859375,0.5571753661678792,1260.628662109375,1574.371337890625,0.555333805252425,1261.4947509765625,1573.5052490234375,0.5550283065338404,1273.860107421875,1561.139892578125,0.5506666287753528,1261.5762939453125,1573.4237060546875,0.5549995435819004
China,483,3,594.0,1904.262451171875,1310.262451171875,2.205829042376894,2222.41455078125,1628.41455078125,2.741438637678872,2826.786376953125,2232.786376953125,3.7588996245002106,2831.706787109375,2237.706787109375,3.767183143281776,2077.915771484375,1483.915771484375,2.498174699468645,2186.82373046875,1592.82373046875,2.6815214317655722,2837.690185546875,2243.690185546875,3.7772562046243685
China,484,2,1017.0,2267.384521484375,1250.384521484375,1.2294833052943708,2171.200439453125,1154.200439453125,1.1349070201112341,3075.664794921875,2058.664794921875,2.0242525023813913,2245.29052734375,1228.29052734375,1.2077586306231562,3713.4443359375,2696.4443359375,2.6513710284537857,2125.7958984375,1108.7958984375,1.0902614537241888,3247.3642578125,2230.3642578125,2.193081866088987
China,485,8,789.0,572.8468017578125,216.1531982421875,0.2739584261624683,624.2672729492188,164.73272705078125,0.20878672630010298,556.6539306640625,232.3460693359375,0.29448171018496516,609.7578735351562,179.24212646484375,0.2271763326550618,620.7957153320312,168.20428466796875,0.21318667258297688,572.200927734375,216.799072265625,0.2747770244177757,594.207275390625,194.792724609375,0.24688558252138784
China,486,3,774.0,500.85662841796875,273.14337158203125,0.3528984128966812,500.57879638671875,273.42120361328125,0.3532573690094073,499.81414794921875,274.18585205078125,0.35424528688731427,501.2049560546875,272.7950439453125,0.35244837719032623,498.36260986328125,275.63739013671875,0.3561206590913679,500.9122009277344,273.0877990722656,0.35282661378845687,501.3194274902344,272.6805725097656,0.35230048127876695
China,487,9,640.0,291.62005615234375,348.37994384765625,0.5443436622619628,951.4983520507812,311.49835205078125,0.4867161750793457,286.2353515625,353.7646484375,0.5527572631835938,290.86285400390625,349.13714599609375,0.5455267906188965,288.8218994140625,351.1781005859375,0.5487157821655273,296.1793212890625,343.8206787109375,0.5372198104858399,298.82794189453125,341.17205810546875,0.533081340789795
China,488,5,500.0,869.0079345703125,369.0079345703125,0.738015869140625,1135.656494140625,635.656494140625,1.27131298828125,3048.226318359375,2548.226318359375,5.09645263671875,1196.8338623046875,696.8338623046875,1.393667724609375,2820.388427734375,2320.388427734375,4.64077685546875,1411.302734375,911.302734375,1.82260546875,1988.1829833984375,1488.1829833984375,2.976365966796875
China,489,1,601.0,3754.3994140625,3153.3994140625,5.246920822067388,2979.74072265625,2378.74072265625,3.95797125233985,3130.09912109375,2529.09912109375,4.208151615796589,3140.4248046875,2539.4248046875,4.225332453722961,3846.61669921875,3245.61669921875,5.400360564423877,2569.84228515625,1968.84228515625,3.2759439020902663,2556.9580078125,1955.9580078125,3.254505836626456
China,490,2,16179.0,8037.30517578125,8141.69482421875,0.5032260846911892,8265.576171875,7913.423828125,0.4891169928997466,7775.39990234375,8403.60009765625,0.5194140612928024,3446.5888671875,12732.4111328125,0.7869714526739909,7572.57958984375,8606.42041015625,0.5319500840692409,4256.4140625,11922.5859375,0.736917358149453,7604.4287109375,8574.5712890625,0.5299815371198776
China,491,9,2446.0,930.2111206054688,1515.7888793945312,0.6197010954188599,868.9181518554688,1577.0818481445312,0.6447595454393014,899.0748291015625,1546.9251708984375,0.6324305686420432,927.7339477539062,1518.2660522460938,0.620713839838959,919.2264404296875,1526.7735595703125,0.6241919703885169,708.08935546875,1737.91064453125,0.7105113019342805,676.7490234375,1769.2509765625,0.7233241931980785
China,492,2,338.0,1039.62841796875,701.62841796875,2.0758237218010356,1045.978515625,707.978515625,2.0946109929733727,1034.0748291015625,696.0748291015625,2.059392985507581,1034.105224609375,696.105224609375,2.059482913045488,1040.6636962890625,702.6636962890625,2.0788866754114275,779.4378051757812,441.43780517578125,1.3060290093958025,1036.6795654296875,698.6795654296875,2.0670993060049927
China,493,1,1786.0,1563.456298828125,222.543701171875,0.12460453593050112,1557.594482421875,228.405517578125,0.1278866279832727,1886.9603271484375,100.9603271484375,0.05652873860494821,2019.957275390625,233.957275390625,0.13099511500034994,1975.9324951171875,189.9324951171875,0.10634518203649916,1934.102783203125,148.102783203125,0.08292429070723684,1950.705810546875,164.705810546875,0.09222049862646976
China,494,2,899.0,270.958984375,628.041015625,0.6985995724416018,287.8488464355469,611.1511535644531,0.6798121841651315,411.860107421875,487.139892578125,0.5418686235574249,679.0294799804688,219.97052001953125,0.24468355953229282,394.6853942871094,504.3146057128906,0.5609728650866415,594.2255859375,304.7744140625,0.339014921092881,415.5841064453125,483.4158935546875,0.5377262442210095
China,495,10,16560.0,8782.064453125,7777.935546875,0.46968209824124396,4104.76611328125,12455.23388671875,0.7521276501641757,12895.115234375,3664.884765625,0.2213094665232488,4112.41650390625,12447.58349609375,0.7516656700539704,7233.14501953125,9326.85498046875,0.5632158804630888,7241.47412109375,9318.52587890625,0.5627129153928895,6806.0712890625,9753.9287109375,0.5890053569406702
China,496,7,526.0,1052.1107177734375,526.1107177734375,1.0002104900635693,1002.3756103515625,476.3756103515625,0.9056570539003089,1920.106201171875,1394.106201171875,2.650392017437025,1267.521484375,741.521484375,1.409736662309886,2059.3173828125,1533.3173828125,2.9150520585788975,2049.39208984375,1523.39208984375,2.8961826803113118,1851.3447265625,1325.3447265625,2.5196667805370723
China,497,4,440.0,2250.55810546875,1810.55810546875,4.11490478515625,4155.11865234375,3715.11865234375,8.443451482599432,4265.5537109375,3825.5537109375,8.694440252130681,2202.095703125,1762.095703125,4.004762961647727,4190.642578125,3750.642578125,8.524187677556819,4217.94384765625,3777.94384765625,8.586236017400568,2236.12646484375,1796.12646484375,4.082105601917614
China,498,10,2185.0,1245.2545166015625,939.7454833984375,0.43008946608624143,802.6884155273438,1382.3115844726562,0.6326368807655177,1236.473876953125,948.526123046875,0.43410806546767733,1472.3729248046875,712.6270751953125,0.32614511450586386,800.330810546875,1384.669189453125,0.6337158761799199,1472.406494140625,712.593505859375,0.32612975096538904,1691.411376953125,493.588623046875,0.22589868331664759
