Dataset,Project_Index,Fold,Actual,ABE_BASE_Prediction,ABE_BASE_Absolute_Error,ABE_BASE_MRE,FAABE_NO_PEARSON_Prediction,FAABE_NO_PEARSON_Absolute_Error,FAABE_NO_PEARSON_MRE,FAABE_NO_FIREFLY_Prediction,FAABE_NO_FIREFLY_Absolute_Error,FAABE_NO_FIREFLY_MRE,FAABE_NO_IWM_Prediction,FAABE_NO_IWM_Absolute_Error,FAABE_NO_IWM_MRE,FAABE_FULL_Prediction,FAABE_FULL_Absolute_Error,FAABE_FULL_MRE
China,0,1,7490.0,14452.353515625,6962.353515625,0.9295532063584779,14300.4931640625,6810.4931640625,0.9092781260430574,13319.71484375,5829.71484375,0.778333089953271,13334.333984375,5844.333984375,0.7802849111315087,6040.3408203125,1449.6591796875,0.19354595189419227
China,1,9,4150.0,1222.027099609375,2927.972900390625,0.7055356386483433,540.7174072265625,3609.2825927734375,0.8697066488610693,1631.257568359375,2518.742431640625,0.6069258871423193,1584.3333740234375,2565.6666259765625,0.6182329219220632,2846.214599609375,1303.785400390625,0.31416515672063255
China,2,1,668.0,1762.21142578125,1094.21142578125,1.6380410565587575,1503.249755859375,835.249755859375,1.2503738860170284,1700.7613525390625,1032.7613525390625,1.5460499289506924,1110.666748046875,442.666748046875,0.662674772525262,1108.9439697265625,440.9439697265625,0.6600957630637163
China,3,4,3238.0,1508.01025390625,1729.98974609375,0.5342772532716955,1032.1826171875,2205.8173828125,0.6812283455257875,5340.03369140625,2102.03369140625,0.649176556950664,991.3333740234375,2246.6666259765625,0.693843924019939,1023.944580078125,2214.055419921875,0.6837725200499922
China,4,8,2994.0,8356.1513671875,5362.1513671875,1.790965720503507,3558.73974609375,564.73974609375,0.18862382969063127,9967.4609375,6973.4609375,2.329145269706079,9134.333984375,6140.333984375,2.0508797543002673,1075.032958984375,1918.967041015625,0.6409375554494405
China,5,3,1333.0,498.586669921875,834.413330078125,0.6259664891808889,425.6553955078125,907.3446044921875,0.6806786230248969,490.70355224609375,842.2964477539062,0.6318803058919027,551.6666870117188,781.3333129882812,0.5861465213715539,2278.984375,945.984375,0.7096656976744186
China,6,5,1607.0,1046.8341064453125,560.1658935546875,0.3485786518697495,1137.0015869140625,469.9984130859375,0.29246945431607807,1019.205810546875,587.794189453125,0.36577111975925636,385.66668701171875,1221.3333129882812,0.7600082843735415,2032.4468994140625,425.4468994140625,0.26474604817303204
China,7,4,1158.0,827.6281127929688,330.37188720703125,0.28529523938431023,1597.328125,439.328125,0.37938525474956825,1959.5458984375,801.5458984375,0.6921812594451641,1537.3333740234375,379.3333740234375,0.32757631608241583,1901.68701171875,743.68701171875,0.6422167631422712
China,8,8,1243.0,1048.7021484375,194.2978515625,0.1563136376206758,1502.8988037109375,259.8988037109375,0.20908994667010258,1842.556884765625,599.556884765625,0.4823466490471641,1480.3333740234375,237.3333740234375,0.19093594048546864,1243.9390869140625,0.9390869140625,0.0007555003331154465
China,9,1,3372.0,1701.8240966796875,1670.1759033203125,0.4953072073903655,1650.0755615234375,1721.9244384765625,0.51065374806541,1712.6522216796875,1659.3477783203125,0.4920960196679456,2151.0,1221.0,0.3620996441281139,2101.33251953125,1270.66748046875,0.3768290274225237
China,10,5,10200.0,3134.481689453125,7065.518310546875,0.6926978735830269,3700.857421875,6499.142578125,0.6371708409926471,1897.4371337890625,8302.562866210938,0.8139767515893076,991.6666870117188,9208.333312988281,0.9027777757831649,1869.9326171875,8330.0673828125,0.8166732728247549
China,11,1,1704.0,1647.1536865234375,56.8463134765625,0.03336051260361649,2793.808349609375,1089.808349609375,0.6395588906158304,1659.6512451171875,44.3487548828125,0.026026264602589496,952.3333740234375,751.6666259765625,0.44111891195807656,999.732421875,704.267578125,0.4133025693221831
China,12,7,2640.0,2839.564208984375,199.564208984375,0.07559250340317235,1226.41259765625,1413.58740234375,0.5354497736150569,2634.994140625,5.005859375,0.0018961588541666667,1557.666748046875,1082.333251953125,0.409974716648911,2369.47998046875,270.52001953125,0.10246970436789772
China,13,9,3348.0,2148.7470703125,1199.2529296875,0.35819979978718636,4279.736328125,931.736328125,0.2782963943025687,1552.3973388671875,1795.6026611328125,0.5363209860014374,4046.666748046875,698.666748046875,0.20868182438676075,1556.201904296875,1791.798095703125,0.5351846163987829
China,14,8,676.0,1652.4007568359375,976.4007568359375,1.4443798178046412,1852.142822265625,1176.142822265625,1.7398562459550666,1511.5433349609375,835.5433349609375,1.2360108505339311,1758.0,1082.0,1.6005917159763314,5484.54248046875,4808.54248046875,7.113228521403476
China,15,2,911.0,1615.0946044921875,704.0946044921875,0.7728810148103046,1571.28369140625,660.28369140625,0.7247900015436334,477.83062744140625,433.16937255859375,0.47548778546497666,434.3333435058594,476.6666564941406,0.5232345296313289,474.4588623046875,436.5411376953125,0.4791889546600576
China,16,3,2496.0,730.3469848632812,1765.6530151367188,0.7073930349105444,1055.989501953125,1440.010498046875,0.5769272828713442,884.474365234375,1611.525634765625,0.6456432831593049,1033.666748046875,1462.333251953125,0.5858706938914764,935.9381103515625,1560.0618896484375,0.6250247955322266
China,17,3,1171.0,1903.0908203125,732.0908203125,0.6251843042805295,1903.8671875,732.8671875,0.6258472993168233,1364.8294677734375,193.8294677734375,0.16552473763743594,2014.0,843.0,0.7198975234842016,1839.3924560546875,668.3924560546875,0.5707877506871798
China,18,2,3532.0,5311.43359375,1779.43359375,0.503803395738958,2353.203369140625,1178.796630859375,0.33374763048113676,4806.72802734375,1274.72802734375,0.36090827501238676,6751.6669921875,3219.6669921875,0.9115704960893262,3361.00537109375,170.99462890625,0.048412975341520385
China,19,2,436.0,1161.70849609375,725.70849609375,1.6644690277379588,2126.818359375,1690.818359375,3.8780237600344036,1126.6817626953125,690.6817626953125,1.5841324832461297,572.3333740234375,136.3333740234375,0.31269122482439793,611.0886840820312,175.08868408203125,0.4015795506468607
China,20,10,909.0,1377.1318359375,468.1318359375,0.5149965191831684,1451.2587890625,542.2587890625,0.5965443224009901,1340.560302734375,431.560302734375,0.4747638093887514,1002.6666870117188,93.66668701171875,0.10304366007889851,954.701171875,45.701171875,0.05027631669416942
China,21,10,9094.0,7477.0546875,1616.9453125,0.1778035311744007,6706.0849609375,2387.9150390625,0.2625813766288212,2189.150390625,6904.849609375,0.7592753034280845,3322.0,5772.0,0.6347042005718055,4675.39892578125,4418.60107421875,0.4858809186517209
China,22,3,344.0,1514.1806640625,1170.1806640625,3.401687976925872,1553.6644287109375,1209.6644287109375,3.516466362531795,1492.60302734375,1148.60302734375,3.338962288789971,1652.666748046875,1308.666748046875,3.804263802461846,1311.36083984375,967.36083984375,2.812095464662064
China,23,3,296.0,1198.7310791015625,902.7310791015625,3.0497671591269,2570.808349609375,2274.808349609375,7.685163343274915,945.580078125,649.580078125,2.1945272909628377,923.0,627.0,2.1182432432432434,1054.8255615234375,758.8255615234375,2.5635998700116134
China,24,3,3503.0,2542.4189453125,960.5810546875,0.2742166870361119,2550.360595703125,952.639404296875,0.27194958729571084,2548.1865234375,954.8134765625,0.2725702188302883,2548.666748046875,954.333251953125,0.27243312930434627,3268.29833984375,234.70166015625,0.06700018845453896
China,25,3,246.0,395.71990966796875,149.71990966796875,0.6086175189754828,305.5697021484375,59.5697021484375,0.2421532607660061,314.5943603515625,68.5943603515625,0.2788388632177337,319.0,73.0,0.2967479674796748,265.69415283203125,19.69415283203125,0.08005753183752541
China,26,4,2082.0,2668.7880859375,586.7880859375,0.2818386579911143,5473.9267578125,3391.9267578125,1.6291675109570125,2668.751708984375,586.751708984375,0.2818211858714577,4608.33349609375,2526.33349609375,1.2134166647904658,5622.677734375,3540.677734375,1.7006137052713737
China,27,8,191.0,1436.375,1245.375,6.520287958115183,1439.543212890625,1248.543212890625,6.53687546016034,3093.1044921875,2902.1044921875,15.194264357002618,1600.666748046875,1409.666748046875,7.38045417825589,1894.71142578125,1703.71142578125,8.919955108802355
China,28,7,2974.0,933.722900390625,2040.277099609375,0.6860380294584314,2122.27099609375,851.72900390625,0.28639172962550435,1171.024658203125,1802.975341796875,0.6062459118348604,806.3333740234375,2167.6666259765625,0.7288724364413458,788.7369384765625,2185.2630615234375,0.7347891935183045
China,29,4,328.0,3629.497314453125,3301.497314453125,10.065540592844894,1979.997802734375,1651.997802734375,5.036578666873094,1808.134521484375,1480.134521484375,4.512605248427972,2073.33349609375,1745.33349609375,5.321138707602897,1246.257080078125,918.257080078125,2.799564268530869
China,30,1,406.0,1565.152587890625,1159.152587890625,2.8550556351985836,1666.811279296875,1260.811279296875,3.1054465007312193,780.009765625,374.009765625,0.921206319273399,1075.666748046875,669.666748046875,1.6494254878001848,767.1426391601562,361.14263916015625,0.8895138895570351
China,31,3,1785.0,3656.668212890625,1871.668212890625,1.0485536206670167,1114.1572265625,670.8427734375,0.37582228203781515,3585.022705078125,1800.022705078125,1.0084160812762606,3472.666748046875,1687.666748046875,0.9454715675332633,1253.51025390625,531.48974609375,0.29775335915616247
China,32,8,471.0,587.2669677734375,116.2669677734375,0.24685131162088642,1010.2804565429688,539.2804565429688,1.1449691221719083,1819.632568359375,1348.632568359375,2.8633387863256368,1092.3333740234375,621.3333740234375,1.3191791380540074,1989.9005126953125,1518.9005126953125,3.2248418528562897
China,33,1,700.0,1475.9638671875,775.9638671875,1.108519810267857,2279.147705078125,1579.147705078125,2.25592529296875,1413.4971923828125,713.4971923828125,1.0192817034040178,1381.0,681.0,0.9728571428571429,1428.409912109375,728.409912109375,1.0405855887276785
China,34,9,579.0,1117.084228515625,538.084228515625,0.9293337280062608,1605.8046875,1026.8046875,1.7734105138169258,309.2041015625,269.7958984375,0.46596873650690845,211.33334350585938,367.6666564941406,0.6350028609570649,232.68077087402344,346.31922912597656,0.5981333836372652
China,35,7,1211.0,458.2330627441406,752.7669372558594,0.6216077103681745,507.420166015625,703.579833984375,0.5809907795081544,494.58642578125,716.41357421875,0.5915884180171346,484.66668701171875,726.3333129882812,0.5997797795113801,502.1869812011719,708.8130187988281,0.585312154251716
China,36,5,1139.0,1493.7867431640625,354.7867431640625,0.3114896779315737,1570.487548828125,431.487548828125,0.37883015700449957,1677.4453125,538.4453125,0.47273512949956104,2211.666748046875,1072.666748046875,0.9417618507874231,1770.233642578125,631.233642578125,0.5541998617893986
China,37,4,14520.0,7279.46044921875,7240.53955078125,0.4986597486763946,7945.2431640625,6574.7568359375,0.4528069446237948,5445.09765625,9074.90234375,0.6249932743629476,10882.333984375,3637.666015625,0.2505279625086088,3081.43310546875,11438.56689453125,0.7877800891550447
China,38,5,239.0,382.4388427734375,143.4388427734375,0.6001625220645921,398.3474426269531,159.34744262695312,0.6667257013680047,271.7685546875,32.7685546875,0.1371069233786611,1430.3333740234375,1191.3333740234375,4.984658468717312,339.4437561035156,100.44375610351562,0.42026676193939594
China,39,2,1262.0,312.821533203125,949.178466796875,0.7521223984127378,894.8003540039062,367.19964599609375,0.29096643898264163,675.8355712890625,586.1644287109375,0.4644726059516145,316.3333435058594,945.6666564941406,0.7493396644169101,1126.370361328125,135.629638671875,0.10747197993017037
China,40,8,1754.0,2715.67333984375,961.67333984375,0.548274424084236,3447.356689453125,1693.356689453125,0.9654257066437428,1105.2291259765625,648.7708740234375,0.3698807719631913,2182.666748046875,428.666748046875,0.24439381302558438,2036.9971923828125,282.9971923828125,0.16134389531517246
China,41,7,1514.0,1181.6007080078125,332.3992919921875,0.21955039101201287,636.8740234375,877.1259765625,0.5793434455498679,1935.151123046875,421.151123046875,0.2781711512859148,2109.33349609375,595.33349609375,0.39321895382678335,2024.009521484375,510.009521484375,0.33686229952732827
China,42,3,667.0,2774.75634765625,2107.75634765625,3.160054494237256,2956.780517578125,2289.780517578125,3.4329542992175788,2347.27978515625,1680.27978515625,2.5191600976855324,2944.33349609375,2277.33349609375,3.414293097591829,2960.947021484375,2293.947021484375,3.439200931760682
China,43,9,5864.0,4247.7890625,1616.2109375,0.2756157806105048,2744.1728515625,3119.8271484375,0.5320305505520976,4247.65966796875,1616.34033203125,0.2756378465264751,4298.6669921875,1565.3330078125,0.26693946245097205,2416.0205078125,3447.9794921875,0.5879910457345668
China,44,7,973.0,2179.19384765625,1206.19384765625,1.2396647971801131,1326.4453125,353.4453125,0.36325314748201437,2244.0654296875,1271.0654296875,1.3063365156089415,2018.666748046875,1045.666748046875,1.0746831942927801,2037.3746337890625,1064.3746337890625,1.0939102094440518
China,45,3,5333.0,7109.8798828125,1776.8798828125,0.3331858021399775,21297.6015625,15964.6015625,2.993549889836865,17282.427734375,11949.427734375,2.240657741304144,16874.66796875,11541.66796875,2.1641980065160324,4126.7578125,1206.2421875,0.22618454669041815
China,46,3,1775.0,1618.2313232421875,156.7686767578125,0.08832038127200705,2068.3955078125,293.3955078125,0.16529324383802818,6280.0322265625,4505.0322265625,2.5380463248239438,6249.6669921875,4474.6669921875,2.520939150528169,6391.61328125,4616.61328125,2.6009088908450706
China,47,8,204.0,1014.2966918945312,810.2966918945312,3.9720426073261335,667.7323608398438,463.73236083984375,2.273197847254136,760.6336669921875,556.6336669921875,2.7285964068244484,1206.3333740234375,1002.3333740234375,4.913398892271752,734.566650390625,530.566650390625,2.6008169136795343
China,48,10,3148.0,2902.45361328125,245.54638671875,0.07800075816986976,825.1179809570312,2322.8820190429688,0.7378913656426204,3837.3369140625,689.3369140625,0.21897614805034943,3671.666748046875,523.666748046875,0.16634903051044314,3892.40185546875,744.40185546875,0.23646818788715057
China,49,9,8716.0,2487.548095703125,6228.451904296875,0.7145998054493891,1044.8372802734375,7671.1627197265625,0.8801242220888668,1954.549560546875,6761.450439453125,0.7757515419289955,1280.3333740234375,7435.6666259765625,0.8531053953621572,1474.7275390625,7241.2724609375,0.8308022557294057
China,50,10,1464.0,4831.42578125,3367.42578125,2.3001542221653004,1677.230712890625,213.230712890625,0.14564939405097335,3177.6357421875,1713.6357421875,1.1705162173411885,4724.0,3260.0,2.226775956284153,3896.33154296875,2432.33154296875,1.6614286495688184
China,51,7,1358.0,777.9983520507812,580.0016479492188,0.42709988803329807,708.1760864257812,649.8239135742188,0.4785154002755661,749.6712646484375,608.3287353515625,0.4479593043825939,641.0,717.0,0.5279823269513991,614.8707275390625,743.1292724609375,0.5472233228725607
China,52,9,281.0,1035.4033203125,754.4033203125,2.684709324955516,1082.4737548828125,801.4737548828125,2.8522197682662367,1257.93408203125,976.93408203125,3.476633743883452,1461.0,1180.0,4.199288256227758,1187.5068359375,906.5068359375,3.226002974866548
China,53,9,2321.0,2744.032958984375,423.032958984375,0.1822632309282098,2633.677734375,312.677734375,0.1347168179125377,2389.59130859375,68.59130859375,0.0295524810830461,2816.33349609375,495.33349609375,0.2134138285625808,1621.86767578125,699.13232421875,0.30122030341178374
China,54,10,4054.0,3398.549072265625,655.450927734375,0.16168005124182905,1732.2088623046875,2321.7911376953125,0.5727161168464017,9855.5615234375,5801.5615234375,1.431070923393562,9680.333984375,5626.333984375,1.3878475541132216,9908.390625,5854.390625,1.4441022755303403
China,55,1,2400.0,39812.6796875,37412.6796875,15.588616536458334,30014.69921875,27614.69921875,11.506124674479167,34972.21875,32572.21875,13.5717578125,36854.0,34454.0,14.355833333333333,36800.65625,34400.65625,14.333606770833333
China,56,3,5650.0,3380.8330078125,2269.1669921875,0.40162247649336286,10516.93359375,4866.93359375,0.8614041758849558,10088.4990234375,4438.4990234375,0.7855750483960177,10572.333984375,4922.333984375,0.8712095547566372,10159.6083984375,4509.6083984375,0.7981607784845133
China,57,3,1525.0,1111.2049560546875,413.7950439453125,0.2713410124231557,1425.16015625,99.83984375,0.06546875,1663.841796875,138.841796875,0.0910438012295082,1873.3333740234375,348.3333740234375,0.2284153272284836,1877.220703125,352.220703125,0.23096439549180328
China,58,10,477.0,1067.095947265625,590.095947265625,1.2370984219405137,552.2208862304688,75.22088623046875,0.15769577826094078,1059.1787109375,582.1787109375,1.2205004422169812,688.3333740234375,211.3333740234375,0.4430469057095126,403.9061279296875,73.0938720703125,0.15323662907822327
China,59,5,503.0,544.5506591796875,41.5506591796875,0.08260568425385188,1088.175048828125,585.175048828125,1.1633698783859343,1251.3287353515625,748.3287353515625,1.4877310841979374,520.0,17.0,0.033797216699801194,248.26718139648438,254.73281860351562,0.5064270747584804
China,60,4,8470.0,2943.65673828125,5526.34326171875,0.6524608337330283,2239.556396484375,6230.443603515625,0.7355895635791765,2645.36474609375,5824.63525390625,0.6876783062463105,1790.666748046875,6679.333251953125,0.7885871607972993,1387.57958984375,7082.42041015625,0.8361771440562279
China,61,8,778.0,1192.710693359375,414.710693359375,0.5330471637009961,1480.313232421875,702.313232421875,0.9027162370461118,1137.3126220703125,359.3126220703125,0.46184141654281813,1832.3333740234375,1054.3333740234375,1.355184285377169,1719.13916015625,941.13916015625,1.2096904372188304
China,62,8,2597.0,633.5362548828125,1963.4637451171875,0.7560507297332258,8258.9794921875,5661.9794921875,2.18020003549769,1265.7191162109375,1331.2808837890625,0.5126225967612871,1621.0,976.0,0.3758182518290335,1722.826904296875,874.173095703125,0.336608816212216
China,63,1,950.0,933.35595703125,16.64404296875,0.017520045230263157,2155.46728515625,1205.46728515625,1.2689129317434211,1723.8311767578125,773.8311767578125,0.8145591334292763,3533.0,2583.0,2.718947368421053,3518.62841796875,2568.62841796875,2.7038193873355265
China,64,8,5727.0,5033.72900390625,693.27099609375,0.12105308121071241,4315.2578125,1411.7421875,0.2465064060590187,3169.611328125,2557.388671875,0.44654944506286015,5411.6669921875,315.3330078125,0.05506076616247599,2611.21533203125,3115.78466796875,0.5440518016358914
China,65,7,2040.0,2097.81689453125,57.81689453125,0.02834161496629902,2207.28857421875,167.28857421875,0.08200420304840686,2450.318359375,410.318359375,0.2011364506740196,2018.3333740234375,21.6666259765625,0.010620895086550244,2281.704833984375,241.704833984375,0.11848276175704657
China,66,3,3677.0,396.57220458984375,3280.4277954101562,0.8921478910552505,713.438720703125,2963.561279296875,0.8059726079132105,365.8881530761719,3311.111846923828,0.9004927514070786,364.0,3313.0,0.9010062550992657,732.175537109375,2944.824462890625,0.8008769276286715
China,67,4,570.0,819.1682739257812,249.16827392578125,0.4371373226768092,1283.4361572265625,713.4361572265625,1.2516423810992325,864.8024291992188,294.80242919921875,0.5171972442091557,824.6666870117188,254.66668701171875,0.446783661424068,1706.3924560546875,1136.3924560546875,1.9936709755345394
China,68,1,1223.0,664.3634643554688,558.6365356445312,0.45677558106666494,1117.44482421875,105.55517578125,0.08630840211058871,1339.877685546875,116.877685546875,0.0955663822950736,1311.666748046875,88.666748046875,0.0724993851568888,1958.0556640625,735.0556640625,0.6010267081459526
China,69,2,976.0,405.93994140625,570.06005859375,0.5840779288870389,451.14361572265625,524.8563842773438,0.5377626888087539,199.00672912597656,776.9932708740234,0.7960996627807617,200.0,776.0,0.7950819672131147,267.9609680175781,708.0390319824219,0.7254498278508421
China,70,2,387.0,1065.969482421875,678.969482421875,1.7544431070332687,724.2432250976562,337.24322509765625,0.871429522216166,1135.6795654296875,748.6795654296875,1.9345725204901485,546.3333740234375,159.3333740234375,0.4117141447634044,633.9715576171875,246.9715576171875,0.6381693995276163
China,71,10,4416.0,6881.28662109375,2465.28662109375,0.5582623689070992,1628.59228515625,2787.40771484375,0.6312064571657042,2178.178955078125,2237.821044921875,0.5067529540131057,1407.3333740234375,3008.6666259765625,0.6813103772591853,4473.619140625,57.619140625,0.013047812641530798
China,72,1,286.0,1855.158447265625,1569.158447265625,5.486567997432255,1591.06884765625,1305.06884765625,4.5631777890078675,1899.22998046875,1613.22998046875,5.640664267373252,2304.0,2018.0,7.055944055944056,2383.255126953125,2097.255126953125,7.333059884451486
China,73,1,305.0,1079.0185546875,774.0185546875,2.5377657530737703,925.17919921875,620.17919921875,2.033374423668033,1077.37060546875,772.37060546875,2.5323626408811477,1051.0,746.0,2.445901639344262,986.6734619140625,681.6734619140625,2.234994957095287
China,74,5,129.0,966.8807373046875,837.8807373046875,6.495199513989825,2011.7735595703125,1882.7735595703125,14.595143872638081,2103.728271484375,1974.728271484375,15.3079710967781,1936.666748046875,1807.666748046875,14.012920527495154,1070.36181640625,941.36181640625,7.297378421753876
China,75,2,4266.0,4661.1875,395.1875,0.09263654477262072,12797.9013671875,8531.9013671875,1.9999768793219643,14173.125,9907.125,2.322345288326301,12029.0,7763.0,1.8197374589779653,3382.0712890625,883.9287109375,0.2072031671208392
China,76,1,440.0,301.0867614746094,138.91323852539062,0.3157119057395241,1228.8048095703125,788.8048095703125,1.7927382035688921,225.94073486328125,214.05926513671875,0.48649832985617897,356.66668701171875,83.33331298828125,0.18939389315518465,347.8067321777344,92.19326782226562,0.2095301541415128
China,77,1,1362.0,531.8086547851562,830.1913452148438,0.6095384326100174,522.0328369140625,839.9671630859375,0.6167159787708792,534.8038940429688,827.1961059570312,0.6073392848436353,556.0,806.0,0.591776798825257,552.4890747070312,809.5109252929688,0.5943545706996833
China,78,2,2533.0,749.39501953125,1783.60498046875,0.7041472485072049,1478.8594970703125,1054.1405029296875,0.4161628515316571,597.0861206054688,1935.9138793945312,0.764277094115488,831.0,1702.0,0.6719305171733123,853.8069458007812,1679.1930541992188,0.6629265906826761
China,79,1,225.0,1402.6484375,1177.6484375,5.233993055555556,2379.982421875,2154.982421875,9.577699652777778,1402.864013671875,1177.864013671875,5.234951171875,1828.666748046875,1603.666748046875,7.127407769097222,1427.6368408203125,1202.6368408203125,5.345052625868056
China,80,9,11045.0,4981.98779296875,6063.01220703125,0.5489372754215709,4233.78125,6811.21875,0.6166789271163422,5060.2578125,5984.7421875,0.5418508091896785,2861.0,8184.0,0.7409687641466727,7292.61328125,3752.38671875,0.3397362352874604
China,81,5,32760.0,26695.25390625,6064.74609375,0.1851265596382784,19501.9765625,13258.0234375,0.4047015701312576,7092.85791015625,25667.14208984375,0.7834902957827763,6892.0,25868.0,0.7896214896214896,8722.7919921875,24037.2080078125,0.7337365081749847
China,82,2,2054.0,2272.0556640625,218.0556640625,0.10616147227969815,1057.353271484375,996.646728515625,0.48522236052367335,1496.1207275390625,557.8792724609375,0.27160626702090435,596.3333740234375,1457.6666259765625,0.7096721645455514,2412.74951171875,358.74951171875,0.17465896383580817
China,83,4,252.0,1815.6893310546875,1563.6893310546875,6.205116393074157,1389.587890625,1137.587890625,4.514237661210317,1795.6435546875,1543.6435546875,6.125569661458333,1295.3333740234375,1043.3333740234375,4.140211801680308,1398.65966796875,1146.65966796875,4.55023677765377
China,84,1,2362.0,1453.3028564453125,908.6971435546875,0.384715132749656,2198.02783203125,163.97216796875,0.06942090091818374,1394.9810791015625,967.0189208984375,0.409406825105181,1898.3333740234375,463.6666259765625,0.19630255121785034,2415.336669921875,53.336669921875,0.022581147299693058
China,85,7,2459.0,1910.6810302734375,548.3189697265625,0.22298453425236375,1963.520263671875,495.479736328125,0.20149643608301138,1914.6102294921875,544.3897705078125,0.22138664925083876,2889.666748046875,430.666748046875,0.1751389784655856,2284.7255859375,174.2744140625,0.07087206753253356
China,86,2,8706.0,3528.885986328125,5177.114013671875,0.59466046561818,11125.865234375,2419.865234375,0.2779537370060878,3796.10302734375,4909.89697265625,0.5639670310884735,4034.666748046875,4671.333251953125,0.5365648118485097,3421.41796875,5284.58203125,0.6070045981219848
China,87,10,770.0,2230.556884765625,1460.556884765625,1.8968271230722402,1575.1162109375,805.1162109375,1.04560546875,2230.26416015625,1460.26416015625,1.896446961241883,1703.0,933.0,1.2116883116883117,1878.34912109375,1108.34912109375,1.4394144429788962
China,88,9,8111.0,2124.902587890625,5986.097412109375,0.7380221196041641,1897.22900390625,6213.77099609375,0.7660918500916964,2824.699951171875,5286.300048828125,0.6517445504658026,3192.666748046875,4918.333251953125,0.6063781595306528,4000.8505859375,4110.1494140625,0.5067376912911479
China,89,6,762.0,505.2666320800781,256.7333679199219,0.3369204303411048,501.14874267578125,260.85125732421875,0.3423244846774524,391.68994140625,370.31005859375,0.48597120550360895,485.0,277.0,0.36351706036745407,486.62091064453125,275.37908935546875,0.3613898810439222
China,90,2,136.0,373.0809326171875,237.0809326171875,1.743242151596967,392.31817626953125,256.31817626953125,1.8846924725700827,318.44525146484375,182.44525146484375,1.3415092019473804,314.0,178.0,1.3088235294117647,318.01849365234375,182.01849365234375,1.3383712768554688
China,91,9,358.0,1674.83544921875,1316.83544921875,3.6783113106668996,203.0669708251953,154.9330291748047,0.4327738245106276,1641.48779296875,1283.48779296875,3.5851614328736034,563.0,205.0,0.5726256983240223,1017.2542724609375,659.2542724609375,1.841492381175803
China,92,4,481.0,586.252197265625,105.252197265625,0.2188195369347713,1563.6351318359375,1082.6351318359375,2.250800689887604,796.1549072265625,315.1549072265625,0.6552077073317307,1661.3333740234375,1180.3333740234375,2.453915538510265,1490.9912109375,1009.9912109375,2.0997738273128896
China,93,1,3189.0,7426.18896484375,4237.18896484375,1.3286889196750549,13172.34375,9983.34375,3.1305562088428975,13735.3232421875,10546.3232421875,3.307094149321888,10976.0,7787.0,2.4418312950768266,11436.9541015625,8247.9541015625,2.586376325356695
China,94,3,22500.0,18886.73828125,3613.26171875,0.16058940972222221,5614.408203125,16885.591796875,0.7504707465277778,5473.94677734375,17026.05322265625,0.7567134765625,5439.0,17061.0,0.7582666666666666,5506.126953125,16993.873046875,0.7552832465277778
China,95,7,11719.0,3364.1611328125,8354.8388671875,0.7129310408044628,2245.59716796875,9473.40283203125,0.8083797962310137,3371.21875,8347.78125,0.7123288036521888,3510.666748046875,8208.333251953125,0.7004294950041066,2613.181640625,9105.818359375,0.7770132570505163
China,96,6,183.0,906.59375,723.59375,3.954064207650273,905.2540283203125,722.2540283203125,3.946743324154713,895.0250854492188,712.0250854492188,3.890847461471141,631.6666870117188,448.66668701171875,2.451730530118682,643.71435546875,460.71435546875,2.5175647839822406
China,97,6,1482.0,1623.7542724609375,141.7542724609375,0.0956506561814693,1590.074462890625,108.074462890625,0.07292473879259447,1603.01708984375,121.01708984375,0.0816579553601552,1596.3333740234375,114.3333740234375,0.07714802565684042,1527.8927001953125,45.8927001953125,0.030966734274839744
China,98,8,1251.0,1890.24267578125,639.24267578125,0.5109853523431255,1757.693603515625,506.693603515625,0.4050308581259992,2133.210205078125,882.210205078125,0.7052040008618106,4255.33349609375,3004.33349609375,2.4015455604266585,1862.60791015625,611.60791015625,0.48889521195543567
China,99,10,943.0,1448.3017578125,505.3017578125,0.5358449181468717,2636.23779296875,1693.23779296875,1.7955862067537116,3124.24755859375,2181.24755859375,2.313093911552227,7740.6669921875,6797.6669921875,7.208554604652704,2999.895751953125,2056.895751953125,2.18122561182728
China,100,8,2684.0,1755.416748046875,928.583251953125,0.3459699150346964,2405.18798828125,278.81201171875,0.10387928901592772,2614.772216796875,69.227783203125,0.025792765723966094,1378.666748046875,1305.333251953125,0.48633876749371274,2113.436767578125,570.563232421875,0.21257944576075818
China,101,1,729.0,789.767333984375,60.767333984375,0.08335711108967764,699.500244140625,29.499755859375,0.04046605742026749,1210.213134765625,481.213134765625,0.6601003220378944,1279.3333740234375,550.3333740234375,0.7549154650527263,1193.216552734375,464.216552734375,0.6367853946973594
China,102,10,3630.0,1721.704345703125,1908.295654296875,0.5257012821754476,1749.3717041015625,1880.6282958984375,0.5180794203576963,2002.1517333984375,1627.8482666015625,0.44844304865056817,1983.3333740234375,1646.6666259765625,0.4536271696905131,1800.52099609375,1829.47900390625,0.5039887063102617
China,103,5,34085.0,8321.41796875,25763.58203125,0.7558627557943377,9814.029296875,24270.970703125,0.7120718997542907,15038.427734375,19046.572265625,0.5587963111522664,21350.333984375,12734.666015625,0.373614963051929,10373.095703125,23711.904296875,0.6956697754694147
China,104,1,2856.0,2227.789306640625,628.210693359375,0.21996172736672795,2259.78173828125,596.21826171875,0.2087598955597864,2375.35546875,480.64453125,0.16829290309873948,2024.0,832.0,0.2913165266106443,2228.751220703125,627.248779296875,0.21962492272299544
China,105,9,5757.0,5512.79931640625,244.20068359375,0.04241804474444155,5009.4423828125,747.5576171875,0.12985193975812054,3524.55029296875,2232.44970703125,0.3877800429097186,5387.0,370.0,0.06426958485322216,5401.828125,355.171875,0.06169391610213653
China,106,10,631.0,1674.8515625,1043.8515625,1.6542813985736926,1618.440673828125,987.440673828125,1.564882208919374,1451.88232421875,820.88232421875,1.3009228593007132,1680.666748046875,1049.666748046875,1.6634972235291206,1454.9276123046875,823.9276123046875,1.3057489893893621
China,107,7,2184.0,1635.1959228515625,548.8040771484375,0.25128391810825895,1055.5179443359375,1128.4820556640625,0.5167042379414205,1520.4173583984375,663.5826416015625,0.30383820586152127,1389.0,795.0,0.364010989010989,1573.995849609375,610.004150390625,0.27930592966603707
China,108,4,21014.0,28429.751953125,7415.751953125,0.35289578153254975,36959.77734375,15945.77734375,0.7588168527529267,36111.1875,15097.1875,0.7184347339868659,36156.66796875,15142.66796875,0.7205990277315123,31609.91015625,10595.91015625,0.5042309963000856
China,109,4,417.0,655.4427490234375,238.4427490234375,0.5718051535334233,551.1348266601562,134.13482666015625,0.32166625098358814,566.6004028320312,149.60040283203125,0.3587539636259742,576.3333740234375,159.3333740234375,0.38209442211855515,534.9425659179688,117.94256591796875,0.28283588949153177
China,110,4,2683.0,948.480224609375,1734.519775390625,0.6464851939584886,1495.3338623046875,1187.6661376953125,0.44266348777313175,947.1368408203125,1735.8631591796875,0.6469858960788996,997.3333740234375,1685.6666259765625,0.6282767894060985,954.8848876953125,1728.1151123046875,0.6440980664572075
China,111,5,5532.0,2192.63623046875,3339.36376953125,0.6036449330316793,2118.22021484375,3413.77978515625,0.6170968519805224,1942.2027587890625,3589.7972412109375,0.648914902605014,611.3333740234375,4920.6666259765625,0.8894914363659729,1164.4593505859375,4367.5406494140625,0.7895048173199679
China,112,6,4815.0,2452.0263671875,2362.9736328125,0.4907525717159917,2773.86279296875,2041.13720703125,0.4239121925298546,2215.639404296875,2599.360595703125,0.5398464373215213,2468.0,2347.0,0.4874350986500519,1832.13525390625,2982.86474609375,0.6194942359488578
China,113,3,246.0,652.0916137695312,406.09161376953125,1.6507789177623222,1102.44140625,856.44140625,3.481469131097561,649.5142822265625,403.5142822265625,1.6403019602705793,1819.0,1573.0,6.394308943089431,2046.2154541015625,1800.2154541015625,7.317949000412856
China,114,4,686.0,309.22222900390625,376.77777099609375,0.5492387332304574,696.7388916015625,10.7388916015625,0.0156543609352223,274.51910400390625,411.48089599609375,0.5998263790030521,244.33334350585938,441.6666564941406,0.6438289453267356,253.47055053710938,432.5294494628906,0.6305094015494033
China,115,7,470.0,1141.7183837890625,671.7183837890625,1.4291880506150265,2527.294677734375,2057.294677734375,4.377222718583776,2076.48583984375,1606.48583984375,3.4180549783909573,1177.666748046875,707.666748046875,1.5056739320146277,1050.0501708984375,580.0501708984375,1.2341492997839096
China,116,3,395.0,1434.751220703125,1039.751220703125,2.6322815714003163,939.6107177734375,544.6107177734375,1.378761310818829,1445.023193359375,1050.023193359375,2.658286565466772,1414.666748046875,1019.666748046875,2.5814348051819622,1630.68310546875,1235.68310546875,3.128311659414557
China,117,2,1080.0,5027.30859375,3947.30859375,3.654915364583333,978.6787109375,101.3212890625,0.0938160083912037,5180.55224609375,4100.55224609375,3.796807635271991,5117.6669921875,4037.6669921875,3.7385805483217593,4941.1474609375,3861.1474609375,3.5751365379050926
China,118,4,1396.0,1431.5113525390625,35.5113525390625,0.025437931618239613,1535.54248046875,139.54248046875,0.09995879689738539,2144.6650390625,748.6650390625,0.5362930079244269,647.0,749.0,0.5365329512893983,702.7964477539062,693.2035522460938,0.49656414917341957
China,119,5,2933.0,3314.501953125,381.501953125,0.13007226495908625,4513.21044921875,1580.21044921875,0.5387693314758779,2898.52294921875,34.47705078125,0.011754875820405727,3656.666748046875,723.666748046875,0.24673261099450222,3557.98583984375,624.98583984375,0.2130875689886635
China,120,7,4551.0,2161.638671875,2389.361328125,0.5250189690452648,1328.0469970703125,3222.9530029296875,0.7081856741221023,3049.70703125,1501.29296875,0.329881997088552,2999.0,1552.0,0.3410239507800483,4095.521484375,455.478515625,0.1000831719676994
China,121,10,2999.0,1551.2989501953125,1447.7010498046875,0.48272792591019925,1604.586669921875,1394.413330078125,0.464959429835987,1117.944091796875,1881.055908203125,0.6272277119716989,887.3333740234375,2111.6666259765625,0.7041235831865831,1429.5771484375,1569.4228515625,0.5233153889838279
China,122,6,2540.0,8636.193359375,6096.193359375,2.400076125738189,9493.916015625,6953.916015625,2.7377622108759843,8221.9873046875,5681.9873046875,2.2370028758612204,7711.33349609375,5171.33349609375,2.035958069328248,7190.1484375,4650.1484375,1.8307671013779527
China,123,6,26.0,1074.3792724609375,1048.3792724609375,40.32227971003606,1092.737060546875,1066.737060546875,41.02834848257211,796.4767456054688,770.4767456054688,29.63372098482572,1128.666748046875,1102.666748046875,42.41025954026442,1184.6112060546875,1158.6112060546875,44.56196946364183
China,124,2,448.0,501.0337219238281,53.033721923828125,0.1183788435799735,784.7164916992188,336.71649169921875,0.7515993118286133,499.28826904296875,51.28826904296875,0.11448274339948382,654.3333740234375,206.3333740234375,0.46056556701660156,670.14794921875,222.14794921875,0.49586595807756695
China,125,6,906.0,825.81103515625,80.18896484375,0.0885087912182671,827.52685546875,78.47314453125,0.08661494981374172,825.799560546875,80.200439453125,0.08852145635002759,1138.3333740234375,232.3333740234375,0.25643860267487584,1112.81982421875,206.81982421875,0.2282779516763245
China,126,2,211.0,795.1337890625,584.1337890625,2.768406583234597,1112.0234375,901.0234375,4.270253258293839,768.1273193359375,557.1273193359375,2.6404138357153437,618.0,407.0,1.9289099526066351,747.3487548828125,536.3487548828125,2.5419372269327605
China,127,7,1724.0,7417.32666015625,5693.32666015625,3.3023936543829757,2541.060546875,817.060546875,0.4739330318300464,4337.24853515625,2613.24853515625,1.515805414823811,6493.0,4769.0,2.7662412993039442,8441.705078125,6717.705078125,3.8965806717662415
China,128,8,1584.0,384.2850341796875,1199.7149658203125,0.7573958117552478,388.9655456542969,1195.0344543457031,0.7544409434000651,377.4658203125,1206.5341796875,0.7617008710148359,671.6666870117188,912.3333129882812,0.575968000623915,785.4779052734375,798.5220947265625,0.504117484044547
China,129,6,148.0,3024.542236328125,2876.542236328125,19.43609619140625,2108.37841796875,1960.37841796875,13.245800121410474,2124.6689453125,1976.6689453125,13.355871252111486,2484.0,2336.0,15.783783783783784,2483.857177734375,2335.857177734375,15.782818768475506
China,130,10,25482.0,15408.283203125,10073.716796875,0.39532677171630953,14645.8427734375,10836.1572265625,0.4252475169359744,14707.181640625,10774.818359375,0.4228403720027863,7627.0,17855.0,0.70069068361981,7076.0859375,18405.9140625,0.7223104176477514
China,131,2,683.0,2919.659423828125,2236.659423828125,3.2747575751509883,1870.25927734375,1187.25927734375,1.7383005524798683,2586.4755859375,1903.4755859375,2.7869335079612005,2581.33349609375,1898.33349609375,2.77940482590593,2022.5146484375,1339.5146484375,1.961222032851391
China,132,2,2521.0,703.5562744140625,1817.4437255859375,0.7209217475549137,1482.4542236328125,1038.5457763671875,0.41195786448519933,1205.239501953125,1315.760498046875,0.5219200706254958,874.0,1647.0,0.653312177707259,965.11181640625,1555.88818359375,0.6171710367289766
China,133,7,2933.0,1609.8614501953125,1323.1385498046875,0.4511212239361362,2632.925537109375,300.074462890625,0.1023097384557194,1155.8226318359375,1777.1773681640625,0.6059247760532092,2380.0,553.0,0.18854415274463007,2414.77783203125,518.22216796875,0.1766867262082339
China,134,9,494.0,563.072265625,69.072265625,0.13982240005060728,346.685791015625,147.314208984375,0.29820690077808704,297.0641174316406,196.93588256835938,0.3986556327294724,286.66668701171875,207.33331298828125,0.4197030627293143,413.09881591796875,80.90118408203125,0.16376757911342357
China,135,8,486.0,1480.5810546875,994.5810546875,2.046463075488683,850.893310546875,364.893310546875,0.7508092809606481,1484.1728515625,998.1728515625,2.053853604038066,1617.0,1131.0,2.3271604938271606,1772.1162109375,1286.1162109375,2.6463296521347734
China,136,7,4955.0,2420.46630859375,2534.53369140625,0.5115103312626135,4714.81787109375,240.18212890625,0.04847267990035318,3649.729248046875,1305.270751953125,0.26342497516712915,2231.666748046875,2723.333251953125,0.5496131689108223,3855.98095703125,1099.01904296875,0.22180000867179617
China,137,1,6138.0,2019.4241943359375,4118.5758056640625,0.6709963841094921,2380.427490234375,3757.572509765625,0.612181901232588,1396.4530029296875,4741.5469970703125,0.7724905501906667,1915.3333740234375,4222.6666259765625,0.6879548103578629,1893.0302734375,4244.9697265625,0.6915884207498371
China,138,8,1451.0,1031.8363037109375,419.1636962890625,0.28887918421024295,2460.5732421875,1009.5732421875,0.6957775618108202,2219.84130859375,768.84130859375,0.5298699576800483,1965.666748046875,514.666748046875,0.3546979655733115,2443.22607421875,992.22607421875,0.6838222427420745
China,139,5,311.0,1253.825439453125,942.825439453125,3.031593052903939,5491.521484375,5180.521484375,16.657625351688104,1246.162841796875,935.162841796875,3.0069544752311095,1649.0,1338.0,4.302250803858521,1664.518798828125,1353.518798828125,4.352150478547026
China,140,1,2445.0,707.0497436523438,1737.9502563476562,0.7108181007556876,522.9717407226562,1922.0282592773438,0.786105627516296,850.7198486328125,1594.2801513671875,0.6520573216225716,930.6666870117188,1514.3333129882812,0.6193592282160659,1019.32177734375,1425.67822265625,0.5830994775690184
China,141,4,237.0,588.4556884765625,351.4556884765625,1.4829353944158756,725.8897094726562,488.88970947265625,2.0628257783656383,588.0113525390625,351.0113525390625,1.4810605592365507,585.6666870117188,348.66668701171875,1.4711674557456487,717.3496704101562,480.34967041015625,2.0267918582707014
China,142,7,3711.0,3148.53173828125,562.46826171875,0.1515678420152924,2256.875,1454.125,0.3918418216114255,3296.48486328125,414.51513671875,0.11169903980564538,2871.666748046875,839.333251953125,0.22617441443091485,3128.27294921875,582.72705078125,0.15702696059855833
China,143,6,2941.0,3961.353515625,1020.353515625,0.3469410117732064,5106.8779296875,2165.8779296875,0.7364426826547092,4082.480712890625,1141.480712890625,0.3881267299866117,1954.666748046875,986.333251953125,0.3353734280697467,2051.2705078125,889.7294921875,0.30252617891448486
China,144,4,2430.0,2069.501953125,360.498046875,0.14835310570987653,1682.836669921875,747.163330078125,0.30747462143132714,3550.99853515625,1120.99853515625,0.46131626961162553,1699.3333740234375,730.6666259765625,0.3006858543113426,1594.6292724609375,835.3707275390625,0.34377396195023147
China,145,4,2532.0,2262.0390625,269.9609375,0.10661964356240126,3171.742919921875,639.742919921875,0.25266308053786535,2741.802490234375,209.802490234375,0.08286038318893167,3120.666748046875,588.666748046875,0.23249081676416863,2757.1923828125,225.1923828125,0.08893853981536334
China,146,6,26408.0,8702.5927734375,17705.4072265625,0.6704561960982467,12922.505859375,13485.494140625,0.5106594267125493,9527.474609375,16880.525390625,0.639220137482013,12758.0,13650.0,0.5168888215692214,10522.689453125,15885.310546875,0.6015340255557028
China,147,6,1244.0,568.2896118164062,675.7103881835938,0.5431755532022458,334.07354736328125,909.9264526367188,0.7314521323446292,388.324951171875,855.675048828125,0.687841679122287,1447.3333740234375,203.3333740234375,0.16345126529215234,1375.44189453125,131.44189453125,0.10566068692222669
China,148,3,562.0,2784.591552734375,2222.591552734375,3.954789239740881,3795.7099609375,3233.7099609375,5.753932314835409,1626.2884521484375,1064.2884521484375,1.8937516942143016,2043.3333740234375,1481.3333740234375,2.635824508938501,1404.093017578125,842.093017578125,1.4983861522742439
China,149,10,3303.0,2151.60986328125,1151.39013671875,0.3485892027607478,3183.39599609375,119.60400390625,0.036210718712155615,3385.81201171875,82.81201171875,0.025071756499772932,3313.33349609375,10.33349609375,0.0031285183450650922,3394.836181640625,91.836181640625,0.027803869706516802
China,150,5,499.0,2224.11572265625,1725.11572265625,3.4571457367860723,2071.185302734375,1572.185302734375,3.150671949367485,2291.35205078125,1792.35205078125,3.5918878773171343,2775.666748046875,2276.666748046875,4.5624584129195895,3956.2958984375,3457.2958984375,6.928448694263527
China,151,10,2078.0,2576.3154296875,498.3154296875,0.23980530783806545,3811.470458984375,1733.470458984375,0.8342013758346367,2492.27978515625,414.27978515625,0.19936467043130413,4787.6669921875,2709.6669921875,1.3039783408024543,2239.646484375,161.646484375,0.07778945350096246
China,152,4,2326.0,1145.218994140625,1180.781005859375,0.5076444565173581,1079.9033203125,1246.0966796875,0.5357251417401118,1307.2022705078125,1018.7977294921875,0.43800418292871346,1064.666748046875,1261.333251953125,0.5422756887158748,1059.577880859375,1266.422119140625,0.5444635077990649
China,153,2,2741.0,3820.095947265625,1079.095947265625,0.3936869563172656,3366.298095703125,625.298095703125,0.22812772553926486,2508.7421875,232.2578125,0.08473469992703393,3610.0,869.0,0.3170375775264502,2202.219970703125,538.780029296875,0.1965633087547884
China,154,3,3546.0,1175.19677734375,2370.80322265625,0.6685852291754795,1124.7017822265625,2421.2982177734375,0.6828252165181719,755.1934814453125,2790.8065185546875,0.7870294750577235,363.3333435058594,3182.6666564941406,0.8975371281709364,1230.3775634765625,2315.6224365234375,0.6530238117663388
China,155,1,140.0,349.97564697265625,209.97564697265625,1.4998260498046876,328.0226135253906,188.02261352539062,1.3430186680385046,349.46209716796875,209.46209716796875,1.4961578369140625,352.3333435058594,212.33334350585938,1.516666739327567,354.8145751953125,214.8145751953125,1.5343898228236608
China,156,8,1404.0,1468.1474609375,64.1474609375,0.04568907474180912,713.168212890625,690.831787109375,0.49204543241408477,1582.6043701171875,178.6043701171875,0.12721108982705662,1387.0,17.0,0.012108262108262107,643.5479125976562,760.4520874023438,0.5416325408848602
China,157,4,929.0,841.8370361328125,87.1629638671875,0.09382450362452906,6602.73828125,5673.73828125,6.107360905543596,831.5452270507812,97.45477294921875,0.10490287723274354,3700.666748046875,2771.666748046875,2.9834948848728473,4659.060546875,3730.060546875,4.015135141953714
China,158,5,528.0,1020.5701904296875,492.5701904296875,0.9328980879350142,1130.853759765625,602.853759765625,1.1417684844045928,894.4346923828125,366.4346923828125,0.6940050992098722,1074.666748046875,546.666748046875,1.0353536894827178,1051.0023193359375,523.0023193359375,0.9905346957120028
China,159,7,3748.0,6092.3671875,2344.3671875,0.6254981823639274,7446.91455078125,3698.91455078125,0.9869035621081244,3543.74658203125,204.25341796875,0.054496643001267345,4468.0,720.0,0.192102454642476,7744.40283203125,3996.40283203125,1.0662761024629803
China,160,10,4900.0,13249.845703125,8349.845703125,1.704050143494898,1703.7608642578125,3196.2391357421875,0.652293701171875,7765.9189453125,2865.9189453125,0.5848814174107143,1925.3333740234375,2974.6666259765625,0.6070748216278699,1903.30615234375,2996.69384765625,0.6115701729910714
China,161,9,1853.0,856.5526733398438,996.4473266601562,0.5377481525419084,1920.23291015625,67.23291015625,0.036283275853345925,1544.8262939453125,308.1737060546875,0.16631068864257287,3015.666748046875,1162.666748046875,0.6274510243102401,3037.20703125,1184.20703125,0.6390755700215867
China,162,8,2890.0,2369.38623046875,520.61376953125,0.1801431728481834,1176.72314453125,1713.27685546875,0.5928293617538928,3493.94189453125,603.94189453125,0.20897643409385813,3156.666748046875,266.666748046875,0.09227223115808823,5885.37060546875,2995.37060546875,1.0364604171172145
China,163,6,1076.0,8282.158203125,7206.158203125,6.697173051231412,3087.0849609375,2011.0849609375,1.8690380677857807,8281.103515625,7205.103515625,6.696192858387547,2671.666748046875,1595.666748046875,1.4829616617536012,5308.58837890625,4232.58837890625,3.933632322403578
China,164,7,2387.0,1417.39794921875,969.60205078125,0.4062011105074361,703.013916015625,1683.986083984375,0.7054822304082007,1639.95263671875,747.04736328125,0.3129649615757227,1642.3333740234375,744.6666259765625,0.31196758524363744,1637.386962890625,749.613037109375,0.3140398144572162
China,165,4,1586.0,5068.029296875,3482.029296875,2.1954787496059267,3047.893798828125,1461.893798828125,0.9217489273821722,4830.6533203125,3244.6533203125,2.0458091553042244,2896.33349609375,1310.33349609375,0.8261875763516708,3065.357421875,1479.357421875,0.9327600390132409
China,166,9,997.0,844.563720703125,152.436279296875,0.15289496418944332,445.5052490234375,551.4947509765625,0.5531542136174148,912.1282348632812,84.87176513671875,0.0851271465764481,985.0,12.0,0.012036108324974924,1063.3095703125,66.3095703125,0.06650909760531595
China,167,5,212.0,750.3975830078125,538.3975830078125,2.539611240602889,959.5794067382812,747.5794067382812,3.5263179563126474,765.8753662109375,553.8753662109375,2.6126196519383846,622.0,410.0,1.9339622641509433,638.5943603515625,426.5943603515625,2.012237548828125
China,168,4,1278.0,2347.68603515625,1069.68603515625,0.8370000275088029,426.01171875,851.98828125,0.6666574970657277,2659.80859375,1381.80859375,1.0812273816510172,421.66668701171875,856.3333129882812,0.6700573654055408,2424.337890625,1146.337890625,0.896978005183881
China,169,10,7060.0,7298.998046875,238.998046875,0.033852414571529744,9655.1005859375,2595.1005859375,0.3675779866766997,10058.4267578125,2998.4267578125,0.4247063396334986,9627.333984375,2567.333984375,0.36364504027974504,9773.2333984375,2713.2333984375,0.38431067966536825
China,170,7,702.0,1602.8055419921875,900.8055419921875,1.283198777766649,2109.454833984375,1407.454833984375,2.004921415932158,1663.0477294921875,961.0477294921875,1.3690138596754808,2981.666748046875,2279.666748046875,3.2473885299813032,2820.3896484375,2118.3896484375,3.0176490718482905
China,171,8,903.0,3262.4814453125,2359.4814453125,2.6129362628045403,3377.69970703125,2474.69970703125,2.740531237022425,3262.459228515625,2359.459228515625,2.612911659485742,2363.666748046875,1460.666748046875,1.6175711495535714,4110.78271484375,3207.78271484375,3.552361810458195
China,172,3,6765.0,1582.26416015625,5182.73583984375,0.7661102497921286,1471.8939208984375,5293.1060791015625,0.7824251410349686,1554.6800537109375,5210.3199462890625,0.7701877230286862,2069.0,4696.0,0.6941611234294162,2076.634765625,4688.365234375,0.693032554970436
China,173,1,8227.0,4659.1337890625,3567.8662109375,0.4336776724124833,4668.46142578125,3558.53857421875,0.4325438889289838,2061.305419921875,6165.694580078125,0.7494462841957122,2524.666748046875,5702.333251953125,0.6931242557375866,2129.4169921875,6097.5830078125,0.7411672551127385
China,174,10,334.0,971.4035034179688,637.4035034179688,1.9083937228082897,1390.693359375,1056.693359375,3.163752572979042,982.2401123046875,648.2401123046875,1.9408386595948728,990.3333740234375,656.3333740234375,1.9650699821061004,972.628173828125,638.628173828125,1.912060400683009
China,175,1,4164.0,10961.6953125,6797.6953125,1.6324916696685878,9267.25,5103.25,1.2255643611911624,9655.890625,5491.890625,1.3188978446205573,9891.333984375,5727.333984375,1.3754404381304035,10067.3359375,5903.3359375,1.4177079580931797
China,176,4,6844.0,2031.433837890625,4812.566162109375,0.7031803276021881,3407.12646484375,3436.87353515625,0.502173222553514,2487.3056640625,4356.6943359375,0.6365713524163501,2366.0,4478.0,0.6542957334891876,2225.68310546875,4618.31689453125,0.6747979097795515
China,177,5,1661.0,2216.15869140625,555.15869140625,0.33423160229154125,3607.9765625,1946.9765625,1.172171319987959,3832.636962890625,2171.636962890625,1.3074274309997742,4213.0,2552.0,1.5364238410596027,4155.10107421875,2494.10107421875,1.5015659688252558
China,178,7,6068.0,11141.107421875,5073.107421875,0.8360427524513843,10280.62890625,4212.62890625,0.6942368006344759,11271.173828125,5203.173828125,0.8574775590186223,10917.6669921875,4849.6669921875,0.799220005304466,11109.302734375,5041.302734375,0.8308013734962096
China,179,6,6063.0,2669.1572265625,3393.8427734375,0.5597629512514432,1065.56787109375,4997.43212890625,0.8242507222342487,896.739501953125,5166.260498046875,0.8520964040981156,4008.33349609375,2054.66650390625,0.33888611312984496,969.1190795898438,5093.880920410156,0.8401584892644164
China,180,3,665.0,2272.75634765625,1607.75634765625,2.417678718280075,4135.1279296875,3470.1279296875,5.21823748825188,1896.771240234375,1231.771240234375,1.8522875792998121,2420.33349609375,1755.33349609375,2.6395992422462404,2613.340576171875,1948.340576171875,2.9298354528900377
China,181,4,544.0,2574.35888671875,2030.35888671875,3.7322773652918197,1878.9833984375,1334.9833984375,2.454013600068934,1315.6490478515625,771.6490478515625,1.4184725144330192,1272.3333740234375,728.3333740234375,1.3388481140136719,1870.208740234375,1326.208740234375,2.4378837136661304
China,182,1,893.0,1440.084716796875,547.084716796875,0.6126368609147537,3188.43212890625,2295.43212890625,2.5704727087416015,1730.9649658203125,837.9649658203125,0.9383706224191629,1392.666748046875,499.666748046875,0.5595372318554032,1428.495361328125,535.495361328125,0.5996588592700168
China,183,6,352.0,525.8250732421875,173.8250732421875,0.493821230801669,517.2327270507812,165.23272705078125,0.4694111563942649,531.103271484375,179.103271484375,0.5088161121715199,632.6666870117188,280.66668701171875,0.7973485426469282,979.4857177734375,627.4857177734375,1.7826298800381748
China,184,5,3344.0,7780.50244140625,4436.50244140625,1.3267052755401465,5785.22021484375,2441.22021484375,0.730029968553753,6583.419921875,3239.419921875,0.9687260531922847,3987.666748046875,643.666748046875,0.19248407537286932,3943.46630859375,599.46630859375,0.17926624060817883
China,185,4,404.0,1024.570556640625,620.570556640625,1.5360657342589727,407.23577880859375,3.23577880859375,0.008009353486618192,119.35006713867188,284.6499328613281,0.7045790417359608,431.0,27.0,0.06683168316831684,408.71929931640625,4.71929931640625,0.01168143395150062
China,186,7,5732.0,1800.442138671875,3931.557861328125,0.6858963470565466,1545.5694580078125,4186.4305419921875,0.7303612250509748,2319.637939453125,3412.362060546875,0.5953178751826369,2389.33349609375,3342.66650390625,0.5831588457617324,2640.25439453125,3091.74560546875,0.5393833924404658
China,187,10,22920.0,7625.77734375,15294.22265625,0.6672872014070681,3308.030517578125,19611.969482421875,0.8556705707862947,3422.95556640625,19497.04443359375,0.8506563889002509,3409.0,19511.0,0.8512652705061082,3281.57373046875,19638.42626953125,0.8568248808696007
China,188,10,9409.0,7258.240234375,2150.759765625,0.22858537205069615,5294.0166015625,4114.9833984375,0.43734545631177596,5612.64404296875,3796.35595703125,0.4034813430790998,5969.6669921875,3439.3330078125,0.36553650842942925,6326.99560546875,3082.00439453125,0.327559187430253
China,189,10,285.0,464.6427001953125,179.6427001953125,0.6303252638432018,347.74615478515625,62.74615478515625,0.22016194661458333,990.6652221679688,705.6652221679688,2.4760183233963815,1027.0,742.0,2.6035087719298247,983.3812255859375,698.3812255859375,2.4504604406524124
China,190,9,1293.0,1372.82861328125,79.82861328125,0.06173906672950503,909.479248046875,383.520751953125,0.29661311055926143,810.2144775390625,482.7855224609375,0.3733840080904389,590.6666870117188,702.3333129882812,0.5431812165415941,563.276611328125,729.723388671875,0.5643645697384957
China,191,10,15165.0,20382.90625,5217.90625,0.34407558522914605,7443.11328125,7721.88671875,0.5091913431421036,7328.46826171875,7836.53173828125,0.5167511861708705,2931.666748046875,12233.333251953125,0.8066820476065364,7709.55322265625,7455.44677734375,0.491621943774728
China,192,1,3287.0,788.4246215820312,2498.5753784179688,0.7601385392205564,2309.65966796875,977.34033203125,0.297335056900289,788.4537353515625,2498.5462646484375,0.7601296819739695,3877.0,590.0,0.1794949802251293,3716.22705078125,429.22705078125,0.13058322202045938
China,193,3,764.0,1565.4857177734375,801.4857177734375,1.0490650756196827,1000.8388671875,236.8388671875,0.30999851726112565,1026.29541015625,262.29541015625,0.3433185996809555,1738.0,974.0,1.274869109947644,1101.293212890625,337.293212890625,0.4414832629458442
China,194,6,2194.0,1274.979248046875,919.020751953125,0.4188791029868391,1273.01806640625,920.98193359375,0.4197729870527575,1270.123779296875,923.876220703125,0.42109216987380355,1711.3333740234375,482.6666259765625,0.2199939042737295,1691.5513916015625,502.4486083984375,0.22901030464833066
China,195,1,2014.0,1161.6376953125,852.3623046875,0.42321862198982124,2347.64990234375,333.64990234375,0.16566529411308342,2071.65576171875,57.65576171875,0.02862748844029295,1791.3333740234375,222.6666259765625,0.11055939720782647,2114.58984375,100.58984375,0.04994530474180735
China,196,5,827.0,1214.6129150390625,387.6129150390625,0.468697599805396,673.6679077148438,153.33209228515625,0.18540760856729896,1276.6512451171875,449.6512451171875,0.5437137184004686,1770.3333740234375,943.3333740234375,1.140669134248413,1810.2994384765625,983.2994384765625,1.1889956934420345
China,197,7,2508.0,2970.18896484375,462.18896484375,0.18428587114982056,2970.96923828125,462.96923828125,0.184596984960626,2971.623046875,463.623046875,0.18485767419258373,2966.33349609375,458.33349609375,0.18274860290819378,2965.279052734375,457.279052734375,0.1823281709467205
China,198,5,201.0,772.4866943359375,571.4866943359375,2.843217384755908,1304.253173828125,1103.253173828125,5.48882176033893,625.1727294921875,424.1727294921875,2.1103120870258083,786.3333740234375,585.3333740234375,2.9121063384250623,405.1234130859375,204.1234130859375,1.0155393685867538
China,199,4,563.0,2325.090087890625,1762.090087890625,3.1298225362178065,2173.19921875,1610.19921875,2.8600341363232684,1475.9945068359375,912.9945068359375,1.6216598700460703,1572.666748046875,1009.666748046875,1.7933690018594584,1821.8779296875,1258.8779296875,2.236017637100355
China,200,8,534.0,682.8886108398438,148.88861083984375,0.27881762329558757,1435.788330078125,901.788330078125,1.6887421911575375,559.8743896484375,25.8743896484375,0.04845391319932116,1057.666748046875,523.666748046875,0.9806493409117509,987.9525146484375,453.9525146484375,0.8500983420382725
China,201,9,1039.0,940.7661743164062,98.23382568359375,0.09454651172626925,507.8643493652344,531.1356506347656,0.5111988937774452,916.106201171875,122.893798828125,0.1182808458403513,1193.666748046875,154.666748046875,0.1488611627015159,1062.188232421875,23.188232421875,0.02231783678717517
China,202,6,43303.0,7315.00390625,35987.99609375,0.8310739693266056,6014.669921875,37288.330078125,0.861102696767545,7323.5439453125,35979.4560546875,0.8308767534509733,7309.33349609375,35993.66650390625,0.8312049166086934,6055.83251953125,37247.16748046875,0.8601521252677355
China,203,2,3133.0,2304.616455078125,828.383544921875,0.26440585538521383,5680.8603515625,2547.8603515625,0.813233434906639,4900.3671875,1767.3671875,0.5641133697733801,2256.666748046875,876.333251953125,0.27971058153626716,5190.22265625,2057.22265625,0.65663027649218
China,204,4,1801.0,4850.404296875,3049.404296875,1.6931728466823988,1109.86572265625,691.13427734375,0.38375029280608,635.278564453125,1165.721435546875,0.6472634289544004,567.6666870117188,1233.3333129882812,0.6848047268119274,569.5775146484375,1231.4224853515625,0.683743745336792
China,205,9,2639.0,1562.0833740234375,1076.9166259765625,0.4080775392105201,3618.978515625,979.978515625,0.3713446440413035,999.307861328125,1639.692138671875,0.6213308596710402,885.0,1754.0,0.6646456991284577,1289.6922607421875,1349.3077392578125,0.511295088767644
China,206,7,2360.0,1865.69189453125,494.30810546875,0.20945258706302966,1820.184814453125,539.815185546875,0.22873524811308263,3927.654296875,1567.654296875,0.6642602952860169,1960.666748046875,399.333251953125,0.16920900506488348,1321.7484130859375,1038.2515869140625,0.43993711309917904
China,207,8,2520.0,2432.762939453125,87.237060546875,0.03461788116939484,2893.065673828125,373.065673828125,0.14804193405877977,1652.599853515625,867.400146484375,0.34420640733506946,926.3333740234375,1593.6666259765625,0.6324073912605407,2544.68212890625,24.68212890625,0.009794495597718254
China,208,4,1788.0,615.2134399414062,1172.7865600585938,0.6559208948873567,2247.41064453125,459.41064453125,0.2569410763597595,443.3382873535156,1344.6617126464844,0.7520479377217474,660.0,1128.0,0.6308724832214765,2620.779541015625,832.779541015625,0.4657603696955397
China,209,1,1238.0,3021.977783203125,1783.977783203125,1.441015979970214,2352.890869140625,1114.890869140625,0.9005580526176292,3034.97705078125,1796.97705078125,1.4515161961076333,2220.33349609375,982.33349609375,0.7934842456330775,2150.09619140625,912.09619140625,0.7367497507320274
China,210,5,442.0,802.3600463867188,360.36004638671875,0.8152942225943863,1346.809814453125,904.809814453125,2.047081028174491,622.1979370117188,180.19793701171875,0.40768764029800625,922.3333740234375,480.3333740234375,1.0867270905507636,1098.0296630859375,656.0296630859375,1.484230006981759
China,211,4,3368.0,1138.533935546875,2229.466064453125,0.6619554823198115,1558.444580078125,1809.555419921875,0.537278925154951,4742.759765625,1374.759765625,0.40818282827345603,3217.666748046875,150.333251953125,0.04463576364403949,2304.1455078125,1063.8544921875,0.31587128627894895
China,212,8,281.0,2050.6181640625,1769.6181640625,6.297573537588968,2984.89599609375,2703.89599609375,9.622405680048933,2328.5810546875,2047.5810546875,7.286765319172598,377.66668701171875,96.66668701171875,0.3440095623192838,740.4352416992188,459.43524169921875,1.6350008601395685
China,213,8,687.0,406.8492431640625,280.1507568359375,0.40778858345842434,560.2355346679688,126.76446533203125,0.1845188723901474,368.8544616699219,318.1455383300781,0.4630939422563,484.66668701171875,202.33331298828125,0.2945171950338883,595.5440673828125,91.4559326171875,0.13312362826373728
China,214,10,220.0,523.2155151367188,303.21551513671875,1.3782523415305399,468.2987060546875,248.2987060546875,1.1286304820667614,615.0547485351562,395.05474853515625,1.7957034024325285,642.6666870117188,422.66668701171875,1.9212122136896306,648.6654052734375,428.6654052734375,1.9484791148792613
China,215,8,11388.0,818.211669921875,10569.788330078125,0.9281514164100918,812.0665893554688,10575.933410644531,0.9286910265757403,1467.8114013671875,9920.188598632812,0.8711089391142266,2246.33349609375,9141.66650390625,0.8027455658505663,2665.56640625,8722.43359375,0.7659319980461889
China,216,8,9720.0,3423.576171875,6296.423828125,0.6477802292309671,3466.866455078125,6253.133544921875,0.6433264963911394,4015.93603515625,5704.06396484375,0.5868378564654064,5333.33349609375,4386.66650390625,0.4513031382619599,3806.240234375,5913.759765625,0.6084114985210906
China,217,9,145.0,825.0748901367188,680.0748901367188,4.690171656115302,371.08050537109375,226.08050537109375,1.5591758991109914,370.4964294433594,225.49642944335938,1.5551477892645473,368.3333435058594,223.33334350585938,1.5402299552128234,375.4848327636719,230.48483276367188,1.589550570783944
China,218,2,140.0,582.70166015625,442.70166015625,3.1621547154017855,433.9927978515625,293.9927978515625,2.0999485560825892,396.2915344238281,256.2915344238281,1.830653817313058,384.3333435058594,244.33334350585938,1.7452381678989954,237.33212280273438,97.33212280273438,0.6952294485909598
China,219,6,1265.0,1364.2833251953125,99.2833251953125,0.07848484205163044,2139.329833984375,874.329833984375,0.69116982923666,4714.0791015625,3449.0791015625,2.726544744318182,2189.33349609375,924.33349609375,0.7306984158843873,2414.381591796875,1149.381591796875,0.9086020488512846
China,220,3,5242.0,2477.2958984375,2764.7041015625,0.5274139835105875,1386.024658203125,3855.975341796875,0.7355923963748331,2592.84423828125,2649.15576171875,0.5053711868978921,3034.33349609375,2207.66650390625,0.421149657364794,4094.300048828125,1147.699951171875,0.21894314215411578
China,221,7,2791.0,2549.35498046875,241.64501953125,0.08658008582273378,3298.1123046875,507.1123046875,0.1816955588274812,2961.48876953125,170.48876953125,0.061085191519616625,3034.33349609375,243.33349609375,0.08718505771900753,2953.874267578125,162.874267578125,0.058356957211796845
China,222,5,742.0,694.7431640625,47.2568359375,0.06368845813679246,2897.080322265625,2155.080322265625,2.9044209194954513,863.07421875,121.07421875,0.16317280154986524,799.6666870117188,57.66668701171875,0.07771790702387972,635.605712890625,106.394287109375,0.14338852710158356
China,223,6,584.0,1163.149658203125,579.149658203125,0.9916946202108304,1148.583251953125,564.583251953125,0.966752143755351,754.3533935546875,170.3533935546875,0.2917010163607663,681.0,97.0,0.1660958904109589,659.8045043945312,75.80450439453125,0.12980223355227954
China,224,7,893.0,1210.5399169921875,317.5399169921875,0.35558781298117303,1206.3446044921875,313.3446044921875,0.35088981466090424,976.1558227539062,83.15582275390625,0.09311962234479983,1456.3333740234375,563.3333740234375,0.6308324457149356,1374.982421875,481.982421875,0.5397339550671892
China,225,3,5639.0,2025.5557861328125,3613.4442138671875,0.6407952143761638,2861.919189453125,2777.080810546875,0.4924775333475572,3525.50341796875,2113.49658203125,0.37479989041164213,1849.3333740234375,3789.6666259765625,0.672045863801483,2563.11181640625,3075.88818359375,0.5454669593179199
China,226,8,5533.0,1543.41455078125,3989.58544921875,0.7210528554525122,1254.8243408203125,4278.1756591796875,0.7732108547225172,1542.47314453125,3990.52685546875,0.7212229993617838,936.0,4597.0,0.8308331827218507,1229.8880615234375,4303.1119384765625,0.7777176827176148
China,227,3,410.0,808.5726318359375,398.5726318359375,0.9721283703315549,782.1925048828125,372.1925048828125,0.9077865972751524,853.6427001953125,443.6427001953125,1.0820553663300305,698.0,288.0,0.7024390243902439,834.8460083007812,424.84600830078125,1.0362097763433689
China,228,5,1001.0,4404.71142578125,3403.71142578125,3.400311114666583,7687.42626953125,6686.42626953125,6.679746523008242,3722.6875,2721.6875,2.7189685314685317,1784.3333740234375,783.3333740234375,0.7825508232002373,1697.684814453125,696.684814453125,0.6959888256274975
China,229,3,2552.0,9719.2705078125,7167.2705078125,2.8084915782964344,4862.4609375,2310.4609375,0.9053530319357367,2474.3818359375,77.6181640625,0.030414641090321316,2488.666748046875,63.333251953125,0.024817104997306036,2708.89111328125,156.89111328125,0.06147770896600705
China,230,8,8740.0,3669.1064453125,5070.8935546875,0.5801937705592105,4771.82275390625,3968.17724609375,0.45402485653246566,4992.05078125,3747.94921875,0.42882714173340963,4550.33349609375,4189.66650390625,0.4793668768771453,5040.6259765625,3699.3740234375,0.4232693390660755
China,231,1,198.0,1951.2353515625,1753.2353515625,8.854723997790405,1939.00634765625,1741.00634765625,8.792961351799242,1958.5250244140625,1760.5250244140625,8.89154052734375,1498.0,1300.0,6.565656565656566,1662.9853515625,1464.9853515625,7.3989159169823235
China,232,7,2347.0,644.6729736328125,1702.3270263671875,0.7253204202672294,494.95184326171875,1852.0481567382812,0.7891129768803925,589.4810791015625,1757.5189208984375,0.7488363531735993,824.0,1523.0,0.6489135066041756,805.7156372070312,1541.2843627929688,0.6567040318674771
China,233,7,817.0,2071.1220703125,1254.1220703125,1.5350331337974297,1440.328369140625,623.328369140625,0.7629478202455631,1822.9234619140625,1005.9234619140625,1.231240467459073,977.0,160.0,0.19583843329253367,898.2122192382812,81.21221923828125,0.09940296112396727
China,234,3,249.0,1268.6517333984375,1019.6517333984375,4.094986881118223,1218.4237060546875,969.4237060546875,3.8932678958019578,1664.1688232421875,1415.1688232421875,5.683408928683484,1168.3333740234375,919.3333740234375,3.6921019037085845,1042.7847900390625,793.7847900390625,3.1878907230484437
China,235,10,7762.0,2188.86083984375,5573.13916015625,0.7180029837872005,3939.529052734375,3822.470947265625,0.4924595397147159,2188.908203125,5573.091796875,0.7179968818442412,5141.6669921875,2620.3330078125,0.33758477297249423,2395.526611328125,5366.473388671875,0.6913776589373711
China,236,8,776.0,390.7164306640625,385.2835693359375,0.496499445020538,390.30889892578125,385.69110107421875,0.4970246147863644,455.44134521484375,320.55865478515625,0.4130910499808715,819.6666870117188,43.66668701171875,0.05627150388108086,806.3724365234375,30.3724365234375,0.03913973778793492
China,237,1,13130.0,9245.79296875,3884.20703125,0.29582688737623763,10289.267578125,2840.732421875,0.21635433525323686,20553.201171875,7423.201171875,0.565361856197639,11876.0,1254.0,0.09550647372429551,7769.115234375,5360.884765625,0.40829282297220104
China,238,5,1644.0,2265.90869140625,621.90869140625,0.3782899582763078,308.9177551269531,1335.0822448730469,0.8120938229154786,1461.54443359375,182.45556640625,0.11098270462667274,1392.0,252.0,0.15328467153284672,1580.5166015625,63.4833984375,0.038615205862226276
China,239,6,13528.0,742.7122192382812,12785.287780761719,0.945098150558968,2268.356689453125,11259.643310546875,0.8323213564863154,754.2635498046875,12773.736450195312,0.9442442674597363,2332.0,11196.0,0.8276167947959787,2306.64306640625,11221.35693359375,0.8294911985211229
China,240,7,617.0,1637.4639892578125,1020.4639892578125,1.6539124623303283,2489.156005859375,1872.156005859375,3.034288502203201,949.806396484375,332.806396484375,0.5393944837672204,3146.33349609375,2529.33349609375,4.099405990427472,3251.87548828125,2634.87548828125,4.2704627038594
China,241,9,2391.0,681.644287109375,1709.355712890625,0.7149124687957444,3031.4658203125,640.4658203125,0.26786525316290255,681.66796875,1709.33203125,0.7149025643036386,560.3333740234375,1830.6666259765625,0.7656489443649362,561.3651733398438,1829.6348266601562,0.7652174097282126
China,242,7,605.0,3380.45849609375,2775.45849609375,4.58753470428719,1238.67626953125,633.67626953125,1.0473987926136363,3375.231689453125,2770.231689453125,4.578895354467975,2272.33349609375,1667.33349609375,2.7559231340392563,1359.477783203125,754.477783203125,1.247070716038223
China,243,9,2064.0,2512.3671875,448.3671875,0.21723216448643412,2119.34765625,55.34765625,0.02681572492732558,2232.49755859375,168.49755859375,0.0816364140473595,2264.0,200.0,0.09689922480620156,2244.542724609375,180.542724609375,0.08747225029523982
China,244,5,2551.0,4743.828125,2192.828125,0.8595955017640141,9876.7041015625,7325.7041015625,2.8716989814043514,5770.43359375,3219.43359375,1.2620280649745197,4104.0,1553.0,0.6087808702469619,4082.962158203125,1531.962158203125,0.6005339702873873
China,245,2,1668.0,1952.734130859375,284.734130859375,0.17070391538331833,2981.209716796875,1313.209716796875,0.7872959932834982,1913.08740234375,245.08740234375,0.14693489349145683,1588.0,80.0,0.047961630695443645,946.489501953125,721.510498046875,0.4325602506276229
China,246,6,1817.0,6561.90673828125,4744.90673828125,2.611396113528481,3292.220947265625,1475.220947265625,0.8118992555121767,6694.27880859375,4877.27880859375,2.6842481059954597,13275.333984375,11458.333984375,6.306182710167859,15421.001953125,13604.001953125,7.487067668203082
China,247,2,5103.0,2838.667724609375,2264.332275390625,0.44372570554392027,2585.27734375,2517.72265625,0.4933808850186165,5298.724609375,195.724609375,0.03835481273270625,2754.0,2349.0,0.4603174603174603,5166.93017578125,63.93017578125,0.012527959196796003
China,248,2,2836.0,1498.312255859375,1337.687744140625,0.47168115096636987,2628.73193359375,207.26806640625,0.0730846496495945,1308.6322021484375,1527.3677978515625,0.5385641036147963,1668.0,1168.0,0.4118476727785614,1029.3690185546875,1806.6309814453125,0.6370349017790241
China,249,5,14938.0,20899.646484375,5961.646484375,0.3990926820441157,14657.4697265625,280.5302734375,0.01877964074424287,9780.033203125,5157.966796875,0.3452916586474093,6730.0,8208.0,0.5494711474092917,7284.349609375,7653.650390625,0.512361118665484
China,250,5,1049.0,1238.750244140625,189.750244140625,0.18088679136379884,1344.381591796875,295.381591796875,0.28158397692743087,1178.1444091796875,129.1444091796875,0.12311192486147521,1625.666748046875,576.666748046875,0.5497299790723308,1640.796630859375,591.796630859375,0.5641531276066492
China,251,9,1061.0,917.8460083007812,143.15399169921875,0.13492364910388194,1421.3597412109375,360.3597412109375,0.3396416034033341,1152.977783203125,91.977783203125,0.08668971084177662,944.6666870117188,116.33331298828125,0.10964496982872879,586.85595703125,474.14404296875,0.44688411212888784
China,252,10,13919.0,2985.458740234375,10933.541259765625,0.7855119807289047,4081.37060546875,9837.62939453125,0.7067770238186113,4291.4580078125,9627.5419921875,0.6916834537098571,3893.33349609375,10025.66650390625,0.720286407350115,3903.26513671875,10015.73486328125,0.7195728761607335
China,253,6,3675.0,2408.827392578125,1266.172607421875,0.34453676392431976,1824.505859375,1850.494140625,0.5035358205782313,2015.6617431640625,1659.3382568359375,0.451520614105017,1878.3333740234375,1796.6666259765625,0.4888888778167517,1793.439453125,1881.560546875,0.5119892644557823
China,254,7,2542.0,1692.64990234375,849.35009765625,0.33412671032897323,1263.662353515625,1278.337646484375,0.5028865643132868,2150.663330078125,391.336669921875,0.15394833592520654,2445.666748046875,96.333251953125,0.0378966372750295,1917.72607421875,624.27392578125,0.24558376309254523
China,255,3,2244.0,1778.9873046875,465.0126953125,0.20722490878453653,1035.7919921875,1208.2080078125,0.5384171157809715,1916.8494873046875,327.1505126953125,0.14578899852732286,1722.0,522.0,0.232620320855615,1225.700927734375,1018.299072265625,0.45378746535901293
China,256,8,8046.0,3629.030029296875,4416.969970703125,0.5489646993168189,4988.6015625,3057.3984375,0.3799898629753915,4858.38134765625,3187.61865234375,0.3961743291503542,3183.666748046875,4862.333251953125,0.6043168346946464,3355.506591796875,4690.493408203125,0.5829596579919369
China,257,10,4945.0,1153.6177978515625,3791.3822021484375,0.766710253215053,980.7757568359375,3964.2242431640625,0.8016631432081016,508.6529846191406,4436.347015380859,0.8971379201983538,990.3333740234375,3954.6666259765625,0.7997303591459176,1207.3570556640625,3737.6429443359375,0.7558428603308266
China,258,7,1313.0,1655.45458984375,342.45458984375,0.2608184233387281,2080.804931640625,767.804931640625,0.5847714635496002,1656.7186279296875,343.7186279296875,0.261781133229008,3099.666748046875,1786.666748046875,1.3607515217417174,2288.292236328125,975.292236328125,0.7427968288866146
China,259,9,3214.0,3630.29296875,416.29296875,0.12952488137834475,6005.1220703125,2791.1220703125,0.8684262819889546,5837.52783203125,2623.52783203125,0.816281217184583,5215.6669921875,2001.6669921875,0.6227962016762602,6236.2734375,3022.2734375,0.9403464335718731
China,260,8,483.0,441.4330139160156,41.566986083984375,0.08606001259624094,682.3994140625,199.3994140625,0.41283522580227744,453.33660888671875,29.66339111328125,0.06141488843329451,456.0,27.0,0.055900621118012424,1151.5894775390625,668.5894775390625,1.3842432247185559
China,261,1,2306.0,1630.91015625,675.08984375,0.2927536182784042,3143.3017578125,837.3017578125,0.36309703287619255,1664.06103515625,641.93896484375,0.27837769507534693,1644.3333740234375,661.6666259765625,0.28693262184586404,1630.20947265625,675.79052734375,0.29305747066077625
China,262,4,1634.0,3654.9267578125,2020.9267578125,1.2367972814029988,3776.76611328125,2142.76611328125,1.3113623704291615,3695.6337890625,2061.6337890625,1.2617097852279682,3917.33349609375,2283.33349609375,1.397388920498011,3808.353515625,2174.353515625,1.3306937060128519
China,263,9,720.0,1235.2791748046875,515.2791748046875,0.715665520562066,1380.3719482421875,660.3719482421875,0.9171832614474826,1175.5155029296875,455.5155029296875,0.6326604207356771,1515.666748046875,795.666748046875,1.1050927056206596,1463.069091796875,743.069091796875,1.0320404052734375
China,264,9,1073.0,9172.0810546875,8099.0810546875,7.548071812383504,5307.1474609375,4234.1474609375,3.9460833745922645,374.8904724121094,698.1095275878906,0.6506146575842411,1941.0,868.0,0.8089468779123952,610.1456909179688,462.85430908203125,0.43136468693572344
China,265,2,3566.0,5992.3583984375,2426.3583984375,0.6804145817267246,3045.8740234375,520.1259765625,0.14585697604108244,6330.0126953125,2764.0126953125,0.7751017092856142,3036.666748046875,529.333251953125,0.148438937732228,3925.509765625,359.509765625,0.10081597465647785
China,266,1,780.0,3811.290283203125,3031.290283203125,3.88626959385016,1947.75390625,1167.75390625,1.497120392628205,9201.111328125,8421.111328125,10.79629657451923,5864.33349609375,5084.33349609375,6.518376277043269,5780.0458984375,5000.0458984375,6.410315254407052
China,267,8,3995.0,1737.4710693359375,2257.5289306640625,0.5650885934077754,1572.782470703125,2422.217529296875,0.6063122726650501,2268.4130859375,1726.5869140625,0.432186962218398,1648.0,2347.0,0.5874843554443053,1475.9222412109375,2519.0777587890625,0.6305576367431946
China,268,2,49034.0,24086.341796875,24947.658203125,0.5087828486993718,31736.25390625,17297.74609375,0.35277044690928744,29577.9375,19456.0625,0.3967871782844557,19654.0,29380.0,0.5991760819023535,24066.291015625,24967.708984375,0.5091917645791696
China,269,9,392.0,2359.57470703125,1967.57470703125,5.019323232222576,1634.4166259765625,1242.4166259765625,3.1694301683075574,2405.54443359375,2013.54443359375,5.136592942841199,2641.666748046875,2249.666748046875,5.738945785833865,2416.19091796875,2024.19091796875,5.163752341757015
China,270,10,17607.0,7893.123046875,9713.876953125,0.5517053985985687,17422.341796875,184.658203125,0.010487772086386097,7893.197265625,9713.802734375,0.5517011833006759,10941.0,6666.0,0.37859942068495483,4825.720703125,12781.279296875,0.7259203326446868
China,271,2,591.0,2350.599853515625,1759.599853515625,2.9773263172853217,6492.6982421875,5901.6982421875,9.98595303246616,2385.6767578125,1794.6767578125,3.0366781012055837,3041.666748046875,2450.666748046875,4.146644243734137,2449.49560546875,1858.49560546875,3.1446626150063453
China,272,6,812.0,1932.064208984375,1120.064208984375,1.3793894199314962,978.0640258789062,166.06402587890625,0.20451234714151015,1939.032470703125,1127.032470703125,1.3879710230334052,1185.0,373.0,0.45935960591133007,1282.568603515625,470.568603515625,0.5795179846251539
China,273,9,564.0,1622.3485107421875,1058.3485107421875,1.8765044516705451,751.0270385742188,187.02703857421875,0.33160822442237364,989.01220703125,425.01220703125,0.7535677429632093,1013.0,449.0,0.7960992907801419,1020.7832641601562,456.78326416015625,0.8098994045392841
China,274,3,8549.0,5844.36181640625,2704.63818359375,0.31636895351429994,23540.4296875,14991.4296875,1.7535886872733653,20019.970703125,11470.970703125,1.3417909349777752,20604.0,12055.0,1.4101064451982688,19045.0078125,10496.0078125,1.227746849046672
China,275,3,391.0,1174.8968505859375,783.8968505859375,2.0048512802709397,638.8623046875,247.8623046875,0.6339189378196931,1214.1846923828125,823.1846923828125,2.1053316940736893,709.3333740234375,318.3333740234375,0.8141518517223465,1086.525390625,695.525390625,1.7788373161764706
China,276,10,1817.0,551.2989501953125,1265.7010498046875,0.6965883598264653,332.89581298828125,1484.1041870117188,0.8167882151963229,996.8223876953125,820.1776123046875,0.451391090976713,790.0,1027.0,0.5652173913043478,1377.763427734375,439.236572265625,0.24173724395466428
China,277,3,540.0,645.3721923828125,105.3721923828125,0.19513368959780092,483.1414794921875,56.8585205078125,0.10529355649594907,388.50347900390625,151.49652099609375,0.28054911295572915,303.3333435058594,236.66665649414062,0.4382715861002604,493.34796142578125,46.65203857421875,0.08639266402633101
China,278,2,7443.0,6154.9091796875,1288.0908203125,0.1730607040591831,8314.439453125,871.439453125,0.11708174837095257,6223.7919921875,1219.2080078125,0.1638059932570872,5620.0,1823.0,0.24492812038156658,4439.77783203125,3003.22216796875,0.40349619346617627
China,279,8,8663.0,3681.183349609375,4981.816650390625,0.5750682962473306,3814.24951171875,4848.75048828125,0.5597080097288757,3663.28564453125,4999.71435546875,0.5771342901383758,3842.0,4821.0,0.5565046750548309,4753.697265625,3909.302734375,0.4512643119444765
China,280,3,4622.0,1654.24169921875,2967.75830078125,0.6420939638211273,2362.92138671875,2259.07861328125,0.4887664676073669,1209.596435546875,3412.403564453125,0.7382958815346441,1176.3333740234375,3445.6666259765625,0.7454925629546868,1315.159423828125,3306.840576171875,0.715456636990886
China,281,5,915.0,1051.790771484375,136.790771484375,0.14949811091188525,1746.02880859375,831.02880859375,0.908228206113388,1764.6248779296875,849.6248779296875,0.9285517791581284,1664.0,749.0,0.8185792349726776,843.6271362304688,71.37286376953125,0.0780031298027664
China,282,7,25401.0,728.3980712890625,24672.601928710938,0.9713240395539915,1915.12255859375,23485.87744140625,0.9246044424001516,2508.11279296875,22892.88720703125,0.9012592892811798,5137.33349609375,20263.66650390625,0.7977507383136982,3723.525634765625,21677.474365234375,0.8534102738173448
China,283,7,569.0,758.9641723632812,189.96417236328125,0.333856190445134,645.5465698242188,76.54656982421875,0.13452824222182558,752.9558715820312,183.95587158203125,0.32329678661165423,861.3333740234375,292.3333740234375,0.5137669139251977,496.8800048828125,72.1199951171875,0.126748673316674
China,284,5,1512.0,1600.2615966796875,88.2615966796875,0.058374071878100196,742.0574951171875,769.9425048828125,0.5092212333881035,1656.187744140625,144.187744140625,0.09536226464327051,886.3333740234375,625.6666259765625,0.41380067855592756,1552.53759765625,40.53759765625,0.026810580460482805
China,285,7,5053.0,14765.46875,9712.46875,1.922119285572927,2542.38671875,2510.61328125,0.496855982831981,14706.0546875,9653.0546875,1.91036110973679,7461.33349609375,2408.33349609375,0.4766145846217594,4856.86669921875,196.13330078125,0.038815218836582226
China,286,6,1939.0,1071.895263671875,867.104736328125,0.44719171548639763,788.8359375,1150.1640625,0.5931738331614235,799.914794921875,1139.085205078125,0.5874601367086771,819.6666870117188,1119.3333129882812,0.5772734981889022,770.1728515625,1168.8271484375,0.6027989419481692
China,287,1,114.0,385.4590759277344,271.4590759277344,2.3812199642783716,313.7560729980469,199.75607299804688,1.7522462543688322,524.57861328125,410.57861328125,3.6015667831688596,580.6666870117188,466.66668701171875,4.093567429927358,589.545654296875,475.545654296875,4.1714531078673245
China,288,8,1532.0,5418.283203125,3886.283203125,2.5367383832408614,6204.19677734375,4672.19677734375,3.049736799832735,2761.7890625,1229.7890625,0.802734375,2798.666748046875,1266.666748046875,0.8268059713099706,7087.22802734375,5555.22802734375,3.6261279551852152
China,289,1,4723.0,2465.4853515625,2257.5146484375,0.47798319890694474,2586.558349609375,2136.441650390625,0.45234843328194474,2902.139404296875,1820.860595703125,0.38553050935912025,2797.0,1926.0,0.4077916578445903,2660.79443359375,2062.20556640625,0.436630439637148
China,290,6,2971.0,1899.0555419921875,1071.9444580078125,0.36080257758593487,1930.1248779296875,1040.8751220703125,0.3503450427702163,2025.086181640625,945.913818359375,0.31838230170291987,1598.3333740234375,1372.6666259765625,0.46202175226407355,1513.090087890625,1457.909912109375,0.4907135348735695
China,291,4,5841.0,3240.4189453125,2600.5810546875,0.44522873732023627,2897.181884765625,2943.818115234375,0.5039921443647278,3878.4130859375,1962.5869140625,0.3360018685263653,3284.0,2557.0,0.43776750556411576,884.36279296875,4956.63720703125,0.8485939405977144
China,292,8,941.0,2677.044921875,1736.044921875,1.8448936470510096,4948.36474609375,4007.36474609375,4.258623534637354,2005.239013671875,1064.239013671875,1.1309660081528958,2211.0,1270.0,1.3496280552603612,1504.6077880859375,563.6077880859375,0.5989455771370218
China,293,10,1035.0,818.095703125,216.904296875,0.20956936896135267,1454.4677734375,419.4677734375,0.4052828728864734,1912.328125,877.328125,0.8476600241545894,988.3333740234375,46.6666259765625,0.045088527513586954,1627.773193359375,592.773193359375,0.5727277230525363
China,294,4,5597.0,4369.021484375,1227.978515625,0.21939941319010184,11899.00390625,6302.00390625,1.1259610338127568,14234.9931640625,8637.9931640625,1.5433255608473289,15793.6669921875,10196.6669921875,1.8218093607624621,11845.22265625,6248.22265625,1.116352091522244
China,295,9,2988.0,1441.8365478515625,1546.1634521484375,0.5174576479747114,1046.4202880859375,1941.5797119140625,0.6497924069324171,1679.7574462890625,1308.2425537109375,0.4378321799568064,1702.666748046875,1285.333251953125,0.4301650776282212,1675.6741943359375,1312.3258056640625,0.43919873014192184
China,296,5,3219.0,545.510498046875,2673.489501953125,0.8305341727098866,1263.455078125,1955.544921875,0.607500752368748,559.8082275390625,2659.1917724609375,0.8260925046476972,748.6666870117188,2470.3333129882812,0.7674225886884999,738.8717041015625,2480.1282958984375,0.7704654538361099
China,297,6,4630.0,5610.08251953125,980.08251953125,0.21168088974757018,14665.080078125,10035.080078125,2.167403904562635,7415.384765625,2785.384765625,0.6015949817764579,15893.0,11263.0,2.4326133909287257,14752.51171875,10122.51171875,2.1862876282397408
China,298,5,4112.0,5207.15576171875,1095.15576171875,0.266331654114482,5285.04443359375,1173.04443359375,0.28527345174945284,4485.16259765625,373.16259765625,0.09074965896309582,1137.0,2975.0,0.7234922178988327,1950.6456298828125,2161.3543701171875,0.52562119895846
China,299,6,580.0,460.7326354980469,119.26736450195312,0.20563338707233297,374.0066833496094,205.99331665039062,0.35516089077653556,367.7460632324219,212.25393676757812,0.3659550633923761,640.0,60.0,0.10344827586206896,393.8802185058594,186.11978149414062,0.32089617498989764
China,300,8,10942.0,3863.51025390625,7078.48974609375,0.6469100480802185,8019.8359375,2922.1640625,0.2670594098428075,2687.811767578125,8254.188232421875,0.7543582738459034,4212.0,6730.0,0.6150612319502833,9803.154296875,1138.845703125,0.10408021414046792
China,301,6,937.0,1243.39794921875,306.39794921875,0.3269988785685699,1623.52099609375,686.52099609375,0.7326798250733725,1242.995361328125,305.995361328125,0.3265692223352455,908.6666870117188,28.33331298828125,0.030238327628902082,920.7443237304688,16.25567626953125,0.01734864062916889
China,302,2,2515.0,2556.86669921875,41.86669921875,0.01664679889413519,2485.14697265625,29.85302734375,0.011869990991550696,1362.404052734375,1152.595947265625,0.4582886470241054,1184.3333740234375,1330.6666259765625,0.5290920978038022,1171.8804931640625,1343.1195068359375,0.5340435414854622
China,303,9,2600.0,1048.216064453125,1551.783935546875,0.5968399752103365,968.3076171875,1631.6923828125,0.6275739933894231,3754.6181640625,1154.6181640625,0.4440839092548077,7824.0,5224.0,2.0092307692307694,7229.64111328125,4629.64111328125,1.7806311974158653
China,304,6,25217.0,4426.57861328125,20790.42138671875,0.8244605379989194,15087.62890625,10129.37109375,0.40168819025855573,4436.611328125,20780.388671875,0.8240626827883967,5954.33349609375,19262.66650390625,0.7638762146134056,20552.27734375,4664.72265625,0.1849832516258873
China,305,6,176.0,747.33154296875,571.33154296875,3.2462019486860796,1400.93798828125,1224.93798828125,6.959874933416193,542.12646484375,366.12646484375,2.080264004794034,484.66668701171875,308.66668701171875,1.7537879943847656,489.82000732421875,313.82000732421875,1.783068223433061
China,306,9,341.0,587.6800537109375,246.6800537109375,0.7234019170408724,551.724365234375,210.724365234375,0.6179600153500733,670.0829467773438,329.08294677734375,0.9650526298455828,599.6666870117188,258.66668701171875,0.7585533343452163,621.3717651367188,280.37176513671875,0.82220458984375
China,307,5,16357.0,8688.6044921875,7668.3955078125,0.46881430016583114,15567.328125,789.671875,0.04827730482362291,15633.3984375,723.6015625,0.0442380364675674,13481.0,2876.0,0.17582686311670845,4907.74462890625,11449.25537109375,0.6999605900283518
China,308,10,3006.0,6586.912109375,3580.912109375,1.1912548600715236,5691.17138671875,2685.17138671875,0.8932705877307884,6774.91552734375,3768.91552734375,1.25379758062001,7692.33349609375,4686.33349609375,1.55899317900657,5339.1123046875,2333.1123046875,0.7761517979665669
China,309,9,1694.0,3454.97021484375,1760.97021484375,1.0395337749963105,826.45361328125,867.54638671875,0.5121289177796635,3496.48486328125,1802.48486328125,1.0640406512876328,4855.0,3161.0,1.8659976387249115,4404.298828125,2710.298828125,1.5999402763429753
China,310,7,1134.0,3853.046142578125,2719.046142578125,2.397747921144731,2377.001708984375,1243.001708984375,1.0961214364941578,3796.38037109375,2662.38037109375,2.3477781050209434,3663.0,2529.0,2.2301587301587302,4001.37109375,2867.37109375,2.5285459380511464
China,311,4,1186.0,1517.8818359375,331.8818359375,0.2798329139439292,2968.6640625,1782.6640625,1.503089428752108,1008.648193359375,177.351806640625,0.14953777962953205,2199.0,1013.0,0.8541315345699831,2189.734375,1003.734375,0.8463190345699831
China,312,3,1383.0,2185.218505859375,802.218505859375,0.5800567649019343,2220.68603515625,837.68603515625,0.6057021223110991,1834.2857666015625,451.2857666015625,0.32630930339953906,2188.666748046875,805.666748046875,0.582550070894342,2212.335693359375,829.335693359375,0.5996642757479211
China,313,10,1727.0,3660.42822265625,1933.42822265625,1.1195299494245803,3293.64892578125,1566.64892578125,0.9071505071113202,1922.8408203125,195.8408203125,0.11339943272292993,1912.666748046875,185.666748046875,0.10750825017190214,1919.0177001953125,192.0177001953125,0.11118569785484221
China,314,5,4504.0,3271.46875,1232.53125,0.27365258658969804,3916.36962890625,587.63037109375,0.13046855486095693,6147.26025390625,1643.26025390625,0.3648446389667518,2779.666748046875,1724.333251953125,0.38284486055797623,2519.61279296875,1984.38720703125,0.4405833052911301
China,315,9,4800.0,2627.04150390625,2172.95849609375,0.4526996866861979,2312.01171875,2487.98828125,0.5183308919270834,2244.97314453125,2555.02685546875,0.5322972615559896,1576.666748046875,3223.333251953125,0.6715277608235677,1920.24853515625,2879.75146484375,0.5999482218424479
China,316,1,2553.0,2267.419921875,285.580078125,0.11186058680963572,1218.941162109375,1334.058837890625,0.52254556909151,2774.63623046875,221.63623046875,0.08681403465285938,2154.0,399.0,0.1562867215041128,2168.625732421875,384.374267578125,0.1505578799757638
China,317,4,16921.0,19415.888671875,2494.888671875,0.14744333502009338,11684.208984375,5236.791015625,0.30948472404851957,18466.40625,1545.40625,0.09133066899119438,20283.66796875,3362.66796875,0.19872749652798297,11490.4072265625,5430.5927734375,0.3209380517367472
China,318,6,7459.0,1486.6683349609375,5972.3316650390625,0.8006879829788259,1556.5416259765625,5902.4583740234375,0.7913203343643166,2531.71337890625,4927.28662109375,0.6605827350977007,1222.3333740234375,6236.6666259765625,0.8361263743097684,1231.372802734375,6227.627197265625,0.834914492192737
China,319,9,3877.0,1610.936279296875,2266.063720703125,0.5844889658764831,1406.6834716796875,2470.3165283203125,0.6371721765076895,963.8075561523438,2913.1924438476562,0.7514037771079846,1149.666748046875,2727.333251953125,0.7034648573518506,964.9308471679688,2912.0691528320312,0.7511140450946688
China,320,2,2088.0,2138.1806640625,50.1806640625,0.024032885087404216,2345.23095703125,257.23095703125,0.12319490279274425,6138.326171875,4050.326171875,1.9398113849976053,4950.33349609375,2862.33349609375,1.3708493755238267,1592.8714599609375,495.1285400390625,0.23713052683863148
China,321,2,4695.0,3209.926025390625,1485.073974609375,0.3163096857527955,649.4298095703125,4045.5701904296875,0.8616762918913072,1032.8421630859375,3662.1578369140625,0.7800123188315362,1848.0,2847.0,0.6063897763578274,1146.128662109375,3548.871337890625,0.755883139060836
China,322,1,3201.0,2079.269775390625,1121.730224609375,0.35043118544497814,2042.2122802734375,1158.7877197265625,0.3620080349036434,1874.2823486328125,1326.7176513671875,0.4144697442571657,1889.3333740234375,1311.6666259765625,0.40976776819011634,1875.140380859375,1325.859619140625,0.41420169295239767
China,323,3,11490.0,7865.22314453125,3624.77685546875,0.3154723111809182,6792.54296875,4697.45703125,0.4088300288294169,8966.67578125,2523.32421875,0.21961046290252392,8368.6669921875,3121.3330078125,0.2716564845789817,5360.185546875,6129.814453125,0.5334912491840731
China,324,7,752.0,2382.181396484375,1630.181396484375,2.1677944102185838,7607.90576171875,6855.90576171875,9.11689595973238,2944.8154296875,2192.8154296875,2.9159779650099735,11296.333984375,10544.333984375,14.021720723902925,4576.255859375,3824.255859375,5.085446621509308
China,325,3,29399.0,4222.60986328125,25176.39013671875,0.8563689287635209,16435.9765625,12963.0234375,0.44093416230143884,19082.78125,10316.21875,0.35090372971869793,7960.0,21439.0,0.7292424912411987,19593.626953125,9805.373046875,0.33352743450032313
China,326,8,2299.0,2029.81591796875,269.18408203125,0.11708746499836886,2110.83251953125,188.16748046875,0.08184753391420183,1616.80419921875,682.19580078125,0.2967358855072858,715.6666870117188,1583.3333129882812,0.6887052253102571,1122.596435546875,1176.403564453125,0.5117022898882666
China,327,8,883.0,2480.34912109375,1597.34912109375,1.8090024021446773,2091.02099609375,1208.02099609375,1.3680871982941676,1888.7080078125,1005.7080078125,1.1389671662655718,1434.3333740234375,551.3333740234375,0.6243866070480606,1427.3311767578125,544.3311767578125,0.6164565988197197
China,328,9,8702.0,4719.62109375,3982.37890625,0.45763949738565846,2063.135986328125,6638.864013671875,0.7629124354943547,4704.50390625,3997.49609375,0.4593767057860262,4672.6669921875,4029.3330078125,0.4630352801439324,4774.97802734375,3927.02197265625,0.4512780938469605
China,329,6,3703.0,5540.14453125,1837.14453125,0.4961232868620038,3973.1044921875,270.1044921875,0.07294207188428302,5282.279296875,1579.279296875,0.42648644258034024,3688.0,15.0,0.004050769646232784,3734.8671875,31.8671875,0.008605775722387254
China,330,10,705.0,1165.0064697265625,460.0064697265625,0.652491446420656,853.8486938476562,148.84869384765625,0.2111328990746897,1177.8802490234375,472.8802490234375,0.6707521262743794,3436.666748046875,2731.666748046875,3.874704607158688,2643.59814453125,1938.59814453125,2.7497846021719856
China,331,2,1434.0,1685.466552734375,251.466552734375,0.17536021808533822,1587.3194580078125,153.3194580078125,0.10691733473348151,2239.209228515625,805.209228515625,0.5615127116566423,1440.3333740234375,6.3333740234375,0.004416578816902023,1528.0535888671875,94.0535888671875,0.06558827675536087
China,332,1,2450.0,3759.570556640625,1309.570556640625,0.5345185945471939,1770.40576171875,679.59423828125,0.27738540338010204,1310.0059814453125,1139.9940185546875,0.46530368104272957,1290.3333740234375,1159.6666259765625,0.4733333167251276,1274.0372314453125,1175.9627685546875,0.4799848034917092
China,333,1,3500.0,5562.1259765625,2062.1259765625,0.5891788504464286,4918.9462890625,1418.9462890625,0.40541322544642855,5270.33544921875,1770.33544921875,0.5058101283482143,6101.33349609375,2601.33349609375,0.7432381417410714,6001.2724609375,2501.2724609375,0.7146492745535714
China,334,3,1896.0,2385.251953125,489.251953125,0.2580442790743671,2383.654296875,487.654296875,0.2572016333728903,2366.133056640625,470.133056640625,0.24796047291172205,2320.0,424.0,0.22362869198312235,2777.67431640625,881.67431640625,0.465018099370385
China,335,5,6821.0,1830.9638671875,4990.0361328125,0.7315695840510922,3027.7333984375,3793.2666015625,0.5561159069876118,6024.2890625,796.7109375,0.1168026590675854,6131.33349609375,689.66650390625,0.10110929539748571,2049.508056640625,4771.491943359375,0.6995296794252126
China,336,7,1393.0,1473.6722412109375,80.6722412109375,0.05791259239837581,1967.30029296875,574.30029296875,0.4122758743494257,1443.3525390625,50.3525390625,0.03614683349784637,1332.3333740234375,60.6666259765625,0.04355105956680725,1488.9505615234375,95.9505615234375,0.06888051796370244
China,337,8,2604.0,1764.219482421875,839.780517578125,0.3224963585169451,1799.901611328125,804.098388671875,0.30879354403681836,1779.1773681640625,824.8226318359375,0.31675216276341683,1519.666748046875,1084.333251953125,0.4164106190296179,1221.259521484375,1382.740478515625,0.5310063281550019
China,338,6,3638.0,3183.720703125,454.279296875,0.12487061486393623,2705.8486328125,932.1513671875,0.2562263241307037,3173.61572265625,464.38427734375,0.12764823456397745,2752.0,886.0,0.24354040681693237,2724.87060546875,913.12939453125,0.2509976345605415
China,339,9,3234.0,1502.20361328125,1731.79638671875,0.5354967182185374,715.98876953125,2518.01123046875,0.7786058226557668,1418.7357177734375,1815.2642822265625,0.5613062097175517,1193.666748046875,2040.333251953125,0.6309008200226113,1361.5465087890625,1872.4534912109375,0.5789899478079584
China,340,4,252.0,234.09848022460938,17.901519775390625,0.07103777688647074,536.8075561523438,284.80755615234375,1.130188714890253,233.24232482910156,18.757675170898438,0.07443521893213666,551.6666870117188,299.66668701171875,1.1891535198877727,539.781494140625,287.781494140625,1.1419900561135912
China,341,7,1028.0,764.9231567382812,263.07684326171875,0.2559113261300766,839.8310546875,188.1689453125,0.18304372112110895,739.5557250976562,288.44427490234375,0.2805878160528636,679.0,349.0,0.33949416342412453,664.4889526367188,363.51104736328125,0.35360996825221913
China,342,2,691.0,332.39202880859375,358.60797119140625,0.5189695675707761,344.0612487792969,346.9387512207031,0.502082129118239,322.3111572265625,368.6888427734375,0.5335583831742945,232.0,459.0,0.6642547033285094,342.7179260253906,348.2820739746094,0.5040261562584796
China,343,10,7824.0,21432.62109375,13608.62109375,1.7393431868289877,3010.790771484375,4813.209228515625,0.6151852285935103,2453.181884765625,5370.818115234375,0.6864542580821031,3089.33349609375,4734.66650390625,0.6051465367978336,16558.421875,8734.421875,1.116362714084867
China,344,10,247.0,797.8380126953125,550.8380126953125,2.230113411721913,1316.4503173828125,1069.4503173828125,4.329758369970901,837.3162231445312,590.3162231445312,2.3899442232572117,599.0,352.0,1.4251012145748987,643.0494995117188,396.04949951171875,1.6034392692782136
China,345,9,2738.0,1731.88623046875,1006.11376953125,0.36746302758628563,1825.184814453125,912.815185546875,0.33338757689805515,1779.760009765625,958.239990234375,0.34997808262760227,1737.0,1001.0,0.36559532505478454,1785.817138671875,952.182861328125,0.3477658368619887
China,346,2,1121.0,1381.718994140625,260.718994140625,0.23257715802018286,1032.2001953125,88.7998046875,0.07921481238849241,1371.96435546875,250.96435546875,0.2238754286072703,503.66668701171875,617.3333129882812,0.5506987627014106,457.24908447265625,663.7509155273438,0.5921060798638214
China,347,4,16042.0,1878.7353515625,14163.2646484375,0.8828864635604975,2066.9072265625,13975.0927734375,0.8711565124945456,1631.834716796875,14410.165283203125,0.8982773521507995,1765.3333740234375,14276.666625976562,0.8899555308550406,2607.1865234375,13434.8134765625,0.8374774639423077
China,348,10,2435.0,5791.3662109375,3356.3662109375,1.3783844808778234,4148.04052734375,1713.04052734375,0.7035074034265913,8082.6884765625,5647.6884765625,2.3193792511550306,4275.0,1840.0,0.75564681724846,9016.84375,6581.84375,2.7030159137577003
China,349,6,1440.0,2318.46337890625,878.46337890625,0.6100440131293403,2980.67919921875,1540.67919921875,1.0699161105685764,2327.993896484375,887.993896484375,0.6166624281141493,2712.0,1272.0,0.8833333333333333,6676.3447265625,5236.3447265625,3.6363505045572917
China,350,9,6416.0,2179.804931640625,4236.195068359375,0.660254842325339,3613.43896484375,2802.56103515625,0.4368081413896898,6555.07861328125,139.07861328125,0.02167684122213996,6382.6669921875,33.3330078125,0.0051952942351153365,6547.6513671875,131.6513671875,0.02051922805291459
China,351,2,1213.0,2208.67138671875,995.67138671875,0.8208337895455482,3745.1064453125,2532.1064453125,2.087474398443941,1021.1012573242188,191.89874267578125,0.15820176642686007,815.6666870117188,397.33331298828125,0.3275625004025402,1784.43994140625,571.43994140625,0.47109640676525144
China,352,1,10222.0,11187.0576171875,965.0576171875,0.09440986276535902,10711.9462890625,489.9462890625,0.04793057024677167,11970.390625,1748.390625,0.17104193161807865,21441.333984375,11219.333984375,1.0975674021106436,12038.748046875,1816.748046875,0.17772921609029543
China,353,5,241.0,813.94775390625,572.94775390625,2.3773765722251037,809.9112548828125,568.9112548828125,2.3606276136216287,810.0228271484375,569.0228271484375,2.3610905690806536,464.3333435058594,223.33334350585938,0.9266943713936073,451.6568908691406,210.65689086914062,0.8740949828595047
China,354,6,1200.0,8044.92431640625,6844.92431640625,5.704103597005209,14878.2041015625,13678.2041015625,11.39850341796875,6313.791015625,5113.791015625,4.261492513020833,6840.0,5640.0,4.7,5155.1220703125,3955.1220703125,3.29593505859375
China,355,1,1708.0,7786.876953125,6078.876953125,3.5590614479654565,7718.5009765625,6010.5009765625,3.5190286748024007,5025.251953125,3317.251953125,1.9421849842652226,6777.0,5069.0,2.967798594847775,5187.37109375,3479.37109375,2.037102513905152
China,356,4,2108.0,1305.022216796875,802.977783203125,0.3809192519938923,723.6181640625,1384.3818359375,0.6567276261563093,1330.5477294921875,777.4522705078125,0.3688103750037061,1602.3333740234375,505.6666259765625,0.23987980359419472,1438.5198974609375,669.4801025390625,0.3175901814701435
China,357,4,454.0,1289.364013671875,835.364013671875,1.8400088406869493,455.609130859375,1.609130859375,0.0035443410999449337,1273.6219482421875,819.6219482421875,1.8053346877581222,634.0,180.0,0.3964757709251101,663.7047729492188,209.70477294921875,0.46190478623175935
China,358,6,4086.0,13966.814453125,9880.814453125,2.4182120541177192,8142.8798828125,4056.8798828125,0.9928731969683064,13905.28125,9819.28125,2.4031525330396475,6719.6669921875,2633.6669921875,0.6445587352392316,6738.3759765625,2652.3759765625,0.6491375370931228
China,359,10,2027.0,1060.545166015625,966.454833984375,0.476790741975518,766.50830078125,1260.49169921875,0.6218508629594228,1478.1253662109375,548.8746337890625,0.27078176309277874,1518.0,509.0,0.25111001480019735,1659.11474609375,367.88525390625,0.18149247849346326
China,360,5,293.0,666.5254516601562,373.52545166015625,1.2748308930380758,279.815673828125,13.184326171875,0.044997700245307165,281.2371520996094,11.762847900390625,0.04014623856788609,606.6666870117188,313.66668701171875,1.0705347679580846,573.2119140625,280.2119140625,0.9563546555034129
China,361,2,4301.0,3380.9111328125,920.0888671875,0.21392440529818646,1936.1103515625,2364.8896484375,0.5498464655748663,7216.89794921875,2915.89794921875,0.6779581374607649,8213.333984375,3912.333984375,0.9096335699546617,7925.69921875,3624.69921875,0.8427573166124157
China,362,7,16788.0,4235.71923828125,12552.28076171875,0.7476936360328061,2611.750732421875,14176.249267578125,0.8444275236822805,4915.50830078125,11872.49169921875,0.707201078104524,2487.666748046875,14300.333251953125,0.8518187545838173,2933.75244140625,13854.24755859375,0.8252470549555486
China,363,10,566.0,242.45904541015625,323.54095458984375,0.5716271282506074,341.82806396484375,224.17193603515625,0.39606349122819123,240.468505859375,325.531494140625,0.5751439825806095,239.0,327.0,0.5777385159010601,389.4729309082031,176.52706909179688,0.3118852810809132
China,364,4,2672.0,2753.635986328125,81.635986328125,0.03055239009286115,4649.97607421875,1977.97607421875,0.7402605068183945,2130.19384765625,541.80615234375,0.20277176360170285,3263.0,591.0,0.22118263473053892,4188.34716796875,1516.34716796875,0.5674951975930951
China,365,6,1869.0,3074.308837890625,1205.308837890625,0.6448950443502541,1804.4132080078125,64.5867919921875,0.03455687104985955,1676.272705078125,192.727294921875,0.10311786780196629,485.0,1384.0,0.7405029427501337,507.4693298339844,1361.5306701660156,0.7284808294093181
China,366,9,803.0,675.2159423828125,127.7840576171875,0.15913332206374534,636.26171875,166.73828125,0.20764418586550437,664.751220703125,138.248779296875,0.1721653540434309,620.6666870117188,182.33331298828125,0.22706514693434776,777.479736328125,25.520263671875,0.031781150276307596
China,367,6,4019.0,1121.568115234375,2897.431884765625,0.7209335368911732,1377.08056640625,2641.91943359375,0.6573574106976238,1062.585693359375,2956.414306640625,0.7356094318588268,1765.0,2254.0,0.5608360288629012,1706.0184326171875,2312.9815673828125,0.5755117112174204
China,368,4,4867.0,11936.748046875,7069.748046875,1.4525884624768852,11367.642578125,6500.642578125,1.3356569916016026,11936.4677734375,7069.4677734375,1.452530875988802,11406.333984375,6539.333984375,1.3436067360540374,11061.6064453125,6194.6064453125,1.2727771615599959
China,369,7,3132.0,2249.265869140625,882.734130859375,0.2818435922284084,2856.51513671875,275.48486328125,0.08795813003871328,2229.0078125,902.9921875,0.2883116818326948,2738.0,394.0,0.12579821200510855,2709.99658203125,422.00341796875,0.13473927776780012
China,370,1,89.0,933.2304077148438,844.2304077148438,9.485734918144312,1270.68994140625,1181.68994140625,13.277415071980338,916.1878051757812,827.1878051757812,9.29424500197507,969.0,880.0,9.887640449438202,930.9493408203125,841.9493408203125,9.460104953037218
China,371,7,1126.0,1375.7142333984375,249.7142333984375,0.22177107761850579,953.8764038085938,172.12359619140625,0.15286287405986346,969.8831787109375,156.1168212890625,0.13864726579845693,834.6666870117188,291.33331298828125,0.2587329600251166,967.687744140625,158.312255859375,0.1405970300704929
China,372,10,1538.0,3936.9453125,2398.9453125,1.5597823878413524,5259.037109375,3721.037109375,2.419399941076073,2819.483642578125,1281.483642578125,0.8332143319753739,3416.0,1878.0,1.2210663198959688,3100.80078125,1562.80078125,1.0161253454161248
China,373,6,7263.0,10989.0927734375,3726.0927734375,0.5130239258484786,17706.716796875,10443.716796875,1.4379342966921382,10988.8720703125,3725.8720703125,0.5129935385257469,11794.0,4531.0,0.6238468952223599,11529.2353515625,4266.2353515625,0.5873929989759741
China,374,4,3853.0,617.3680419921875,3235.6319580078125,0.8397695193376103,490.7621765136719,3362.237823486328,0.8726285552780504,406.11505126953125,3446.8849487304688,0.8945977027590108,1522.0,2331.0,0.6049831300285492,491.34796142578125,3361.6520385742188,0.8724765218204564
China,375,6,28855.0,12691.7880859375,16163.2119140625,0.5601528994649974,17624.146484375,11230.853515625,0.3892168953604228,12691.818359375,16163.181640625,0.5601518503075723,9281.0,19574.0,0.6783573037601802,17024.55859375,11830.44140625,0.40999623657078493
China,376,3,1248.0,1761.9346923828125,513.9346923828125,0.41180664453751004,3007.83740234375,1759.83740234375,1.4101261236728766,1767.5234375,519.5234375,0.4162848056891026,2629.666748046875,1381.666748046875,1.1071047660632012,2172.179443359375,924.179443359375,0.7405284001277044
China,377,7,15039.0,14044.34375,994.65625,0.06613845667930049,5994.8935546875,9044.1064453125,0.6013768498778177,8190.71728515625,6848.28271484375,0.455368223608202,3784.33349609375,11254.66650390625,0.7483653503495079,4957.2705078125,10081.7294921875,0.6703723314174812
China,378,4,4947.0,1498.5731201171875,3448.4268798828125,0.6970743642374798,1557.566162109375,3389.433837890625,0.6851493506954973,1495.2529296875,3451.7470703125,0.6977455165378007,1872.666748046875,3074.333251953125,0.6214540634633363,1538.33203125,3408.66796875,0.6890373900849
China,379,8,2019.0,2074.349609375,55.349609375,0.02741436818969787,671.2197265625,1347.7802734375,0.6675484266654285,1715.302001953125,303.697998046875,0.15042000893852153,1425.0,594.0,0.29420505200594355,707.2561645507812,1311.7438354492188,0.64969976991046
China,380,4,5400.0,5313.4990234375,86.5009765625,0.016018699363425926,5263.3212890625,136.6787109375,0.025310872395833333,9432.015625,4032.015625,0.7466695601851852,6086.6669921875,686.6669921875,0.1271605541087963,6024.990234375,624.990234375,0.11573893229166667
China,381,5,33028.0,27370.1328125,5657.8671875,0.17130517099128012,19196.75,13831.25,0.41877346493883977,31464.052734375,1563.947265625,0.047352163789057766,23442.333984375,9585.666015625,0.29022847328403173,23465.388671875,9562.611328125,0.28953043866189293
China,382,7,5078.0,2520.955078125,2557.044921875,0.5035535490104371,2898.6865234375,2179.3134765625,0.42916767951211104,2520.961181640625,2557.038818359375,0.5035523470577737,5411.6669921875,333.6669921875,0.06570834820549429,3878.99169921875,1199.00830078125,0.23611821598685506
China,383,5,701.0,617.5989990234375,83.4010009765625,0.11897432378967546,907.7348022460938,206.73480224609375,0.29491412588601107,753.4642944335938,52.46429443359375,0.07484207479827924,776.6666870117188,75.66668701171875,0.10794106563725928,1224.791259765625,523.791259765625,0.7472057913917618
China,384,2,736.0,1975.45556640625,1239.45556640625,1.6840428891389265,3899.177490234375,3163.177490234375,4.297795503035836,1914.611083984375,1178.611083984375,1.601373755413553,1672.3333740234375,936.3333740234375,1.2721920842709749,3471.025390625,2735.025390625,3.716067106827446
China,385,10,976.0,1365.591552734375,389.591552734375,0.39917167288358096,804.6055908203125,171.3944091796875,0.17560902579886015,587.817138671875,388.182861328125,0.39772834152471825,585.3333740234375,390.6666259765625,0.40027318235303533,582.1046752929688,393.89532470703125,0.4035812753145812
China,386,7,1167.0,2438.4169921875,1271.4169921875,1.0894747148136248,1332.7001953125,165.7001953125,0.14198817079048842,658.7362060546875,508.2637939453125,0.43553024331217866,853.0,314.0,0.26906598114824337,415.534912109375,751.465087890625,0.6439289527768852
China,387,9,3762.0,8901.390625,5139.390625,1.3661325425305688,890.2540893554688,2871.7459106445312,0.7633561697619701,3383.46630859375,378.53369140625,0.10062033264387293,3877.33349609375,115.33349609375,0.030657494974415205,4450.1328125,688.1328125,0.18291674973418395
China,388,8,619.0,373.7799377441406,245.22006225585938,0.3961551894278827,583.5849609375,35.4150390625,0.05721331027867528,1637.7899169921875,1018.7899169921875,1.6458641631537763,1463.3333740234375,844.3333740234375,1.3640280678892367,1620.312255859375,1001.312255859375,1.617628846299475
China,389,9,1101.0,620.5714111328125,480.4285888671875,0.4363565748112511,389.3822021484375,711.6177978515625,0.6463376910550068,654.27099609375,446.72900390625,0.4057484140837875,2159.0,1058.0,0.96094459582198,1865.709716796875,764.709716796875,0.6945592341479337
China,390,2,1210.0,10149.171875,8939.171875,7.387745351239669,14528.8583984375,13318.8583984375,11.007320990444216,9830.361328125,8620.361328125,7.1242655604338845,12747.0,11537.0,9.534710743801654,9823.5859375,8613.5859375,7.118666064049587
China,391,6,5876.0,2945.73974609375,2930.26025390625,0.49868282061032165,2944.405029296875,2931.594970703125,0.4989099677847388,2948.563232421875,2927.436767578125,0.4982023089819818,1544.666748046875,4331.333251953125,0.73712274539706,2329.781005859375,3546.218994140625,0.60350901874415
China,392,5,2395.0,2712.8603515625,317.8603515625,0.13271830962943632,3121.90478515625,726.90478515625,0.30350930486691025,2404.416015625,9.416015625,0.003931530532359081,2408.666748046875,13.666748046875,0.005706366616649269,1524.694580078125,870.305419921875,0.3633843089444154
China,393,4,1050.0,1285.57568359375,235.57568359375,0.22435779389880953,1161.167724609375,111.167724609375,0.1058740234375,1618.89111328125,568.89111328125,0.5418010602678571,1162.3333740234375,112.3333740234375,0.10698416573660714,1152.0458984375,102.0458984375,0.0971865699404762
China,394,6,1741.0,1204.78076171875,536.21923828125,0.3079949674217404,1260.863037109375,480.136962890625,0.2757822877028288,631.4525146484375,1109.5474853515625,0.6373047015230112,955.0,786.0,0.4514646754738656,1125.9599609375,615.0400390625,0.3532682590824239
China,395,6,1579.0,1791.12158203125,212.12158203125,0.1343391906467701,1467.1488037109375,111.8511962890625,0.07083672975874762,1413.5218505859375,165.4781494140625,0.10479933465108454,1282.666748046875,296.333251953125,0.18767147052129513,1634.97509765625,55.97509765625,0.03544971352517416
China,396,5,3193.0,2297.91796875,895.08203125,0.2803263486533041,7276.61767578125,4083.61767578125,1.2789281790733635,4669.755859375,1476.755859375,0.46249792025524583,4888.6669921875,1695.6669921875,0.5310576236102411,4840.279296875,1647.279296875,0.5159033187832759
China,397,7,36046.0,6756.40869140625,29289.59130859375,0.8125614855627185,5177.4326171875,30868.5673828125,0.8563659596851939,6763.4521484375,29282.5478515625,0.8123660836587278,6204.0,29842.0,0.8278865893580425,7224.3798828125,28821.6201171875,0.7995788746931005
China,398,5,3437.0,1265.826171875,2171.173828125,0.6317060890675007,1735.233642578125,1701.766357421875,0.49513132307881147,2315.8310546875,1121.1689453125,0.32620568673625255,1217.666748046875,2219.333251953125,0.6457181413887475,853.778076171875,2583.221923828125,0.7515920639593032
China,399,4,1829.0,5775.46728515625,3946.46728515625,2.1577185812773374,1169.8037109375,659.1962890625,0.36041349866730454,9142.90234375,7313.90234375,3.9988531130399125,2022.3333740234375,193.3333740234375,0.10570441444693138,602.169677734375,1226.830322265625,0.6707656217964051
China,400,5,408.0,2344.40185546875,1936.40185546875,4.746082979090073,2613.10400390625,2205.10400390625,5.404666676240809,1724.668701171875,1316.668701171875,3.2271291695389093,1667.666748046875,1259.666748046875,3.0874185001148895,1698.919189453125,1290.919189453125,3.1640176212086395
China,401,9,801.0,717.975341796875,83.024658203125,0.10365125868055555,550.1551513671875,250.8448486328125,0.3131646050347222,711.2861328125,89.7138671875,0.11200233107053682,376.3333435058594,424.6666564941406,0.5301706073584777,400.4668884277344,400.5331115722656,0.5000413377930907
China,402,8,597.0,2876.6162109375,2279.6162109375,3.8184526146356785,1009.3076171875,412.3076171875,0.6906325246021775,1689.30615234375,1092.30615234375,1.8296585466394473,1705.3333740234375,1108.3333740234375,1.8565048141096105,1132.0921630859375,535.0921630859375,0.8963017807134631
China,403,3,763.0,3229.96484375,2466.96484375,3.2332435697903015,6084.9013671875,5321.9013671875,6.97496902645806,2474.447509765625,1711.447509765625,2.2430504715145805,1587.0,824.0,1.0799475753604193,1662.203125,899.203125,1.17850999344692
China,404,3,1238.0,1860.849365234375,622.849365234375,0.5031093418694467,657.882568359375,580.117431640625,0.4685924326660945,1807.1463623046875,569.1463623046875,0.459730502669376,2300.33349609375,1062.33349609375,0.8581046010450323,2981.65771484375,1743.65771484375,1.408447265625
China,405,3,1249.0,3100.34326171875,1851.34326171875,1.4822604177091674,3121.22802734375,1872.22802734375,1.4989816071607285,2554.501953125,1305.501953125,1.0452377527021617,2560.666748046875,1311.666748046875,1.0501735372673138,1887.73193359375,638.73193359375,0.511394662605084
China,406,6,13752.0,1167.00146484375,12584.99853515625,0.9151395095372491,1776.51220703125,11975.48779296875,0.8708179023392052,1165.890869140625,12586.109130859375,0.9152202683870982,1158.3333740234375,12593.666625976562,0.9157698244601922,696.0138549804688,13055.986145019531,0.9493881722672725
China,407,1,9296.0,7400.701171875,1895.298828125,0.203883264643395,7607.55859375,1688.44140625,0.1816309602248279,6549.3154296875,2746.6845703125,0.2954695105757853,6398.33349609375,2897.66650390625,0.3117111127265759,6421.91845703125,2874.08154296875,0.3091740041919912
China,408,2,329.0,641.5802001953125,312.5802001953125,0.9500917939067249,1218.296875,889.296875,2.7030300151975686,636.7868041992188,307.78680419921875,0.9355222012134309,469.3333435058594,140.33334350585938,0.42654511703908626,1094.126708984375,765.126708984375,2.3256130972169453
China,409,3,3088.0,4482.66650390625,1394.66650390625,0.45164070722352656,1526.4747314453125,1561.5252685546875,0.5056752812677097,2538.263671875,549.736328125,0.17802342232027202,829.3333740234375,2258.6666259765625,0.7314334928680578,1660.7918701171875,1427.2081298828125,0.4621787985371802
China,410,7,380.0,405.08477783203125,25.08477783203125,0.0660125732421875,418.61895751953125,38.61895751953125,0.10162883557771382,235.9873046875,144.0126953125,0.3789807771381579,232.6666717529297,147.3333282470703,0.38771928486071133,231.99365234375,148.00634765625,0.38949038856907897
China,411,8,2333.0,2128.9501953125,204.0498046875,0.08746241092477497,1602.5179443359375,730.4820556640625,0.3131084679228729,3768.5869140625,1435.5869140625,0.6153394402325332,2113.666748046875,219.333251953125,0.0940133956078547,1097.07763671875,1235.92236328125,0.5297566923623017
China,412,7,2109.0,3800.231201171875,1691.231201171875,0.8019114277723447,1655.54345703125,453.45654296875,0.21501021477892365,4136.88134765625,2027.88134765625,0.9615369121177099,5501.0,3392.0,1.6083451872925558,4620.55908203125,2511.55908203125,1.1908767577198909
China,413,10,10080.0,3501.13720703125,6578.86279296875,0.6526649596199157,10648.2705078125,568.2705078125,0.05637604244171627,11945.5146484375,1865.5146484375,0.18507089766245038,10958.0,878.0,0.0871031746031746,12247.7734375,2167.7734375,0.21505688864087302
China,414,5,553.0,869.50830078125,316.50830078125,0.5723477410149186,877.2254028320312,324.22540283203125,0.5863027175986099,883.5909423828125,330.5909423828125,0.5978136390285941,1206.0,653.0,1.1808318264014466,1572.341796875,1019.341796875,1.843294388562387
China,415,6,354.0,1707.3780517578125,1353.3780517578125,3.8231018411237643,2027.4339599609375,1673.4339599609375,4.72721457616084,1863.1751708984375,1509.1751708984375,4.263206697453214,3483.0,3129.0,8.838983050847459,4217.21240234375,3863.21240234375,10.913029385151836
China,416,3,190.0,507.3034973144531,317.3034973144531,1.6700184069181743,1167.342041015625,977.342041015625,5.1439054790296055,617.90673828125,427.90673828125,2.2521407277960526,633.6666870117188,443.66668701171875,2.335087826377467,257.22259521484375,67.22259521484375,0.3538031327097039
China,417,6,5482.0,3665.62353515625,1816.37646484375,0.33133463422906784,3355.081787109375,2126.918212890625,0.38798216214714065,3661.1884765625,1820.8115234375,0.3321436562271981,3554.666748046875,1927.333251953125,0.3515748361826204,3488.231689453125,1993.768310546875,0.36369359915119936
China,418,5,3191.0,4170.7177734375,979.7177734375,0.30702531289172674,2467.20947265625,723.79052734375,0.2268224780143372,5890.400390625,2699.400390625,0.8459418334769665,6985.6669921875,3794.6669921875,1.1891779981784707,8995.953125,5804.953125,1.8191642510184896
China,419,9,3986.0,8826.072265625,4840.072265625,1.214268004421726,14529.798828125,10543.798828125,2.645207934803061,2294.87890625,1691.12109375,0.4242652016432514,2929.666748046875,1056.333251953125,0.2650108509666646,1500.575927734375,2485.424072265625,0.623538402475069
China,420,2,560.0,2392.677734375,1832.677734375,3.2726388113839286,3072.664794921875,2512.664794921875,4.486901419503348,2371.360107421875,1811.360107421875,3.2345716203962054,1908.0,1348.0,2.407142857142857,3895.937255859375,3335.937255859375,5.957030814034598
China,421,5,80.0,1395.973388671875,1315.973388671875,16.449667358398436,1243.134521484375,1163.134521484375,14.539181518554688,1351.57080078125,1271.57080078125,15.894635009765626,828.6666870117188,748.6666870117188,9.358333587646484,682.4801025390625,602.4801025390625,7.531001281738281
China,422,3,7816.0,3671.046142578125,4144.953857421875,0.5303165119526452,9727.84375,1911.84375,0.2446064163254862,3212.810546875,4603.189453125,0.5889444029074974,9909.0,2093.0,0.2677840327533265,11168.037109375,3352.037109375,0.4288686168596469
China,423,6,2002.0,1335.166259765625,666.833740234375,0.33308378633085667,1452.0938720703125,549.9061279296875,0.2746783855792645,1392.238037109375,609.761962890625,0.3045764050402722,1150.666748046875,851.333251953125,0.42524138459197053,1203.89013671875,798.10986328125,0.3986562753652597
China,424,8,1557.0,3319.623046875,1762.623046875,1.1320636139210019,3358.15478515625,1801.15478515625,1.1568110373514773,3223.24609375,1666.24609375,1.0701644789659601,1866.0,309.0,0.19845857418111754,470.85821533203125,1086.1417846679688,0.6975862457726196
China,425,1,1417.0,1137.7978515625,279.2021484375,0.19703750771877204,940.352783203125,476.647216796875,0.3363777112186838,3091.954345703125,1674.954345703125,1.1820425869464537,3312.0,1895.0,1.3373323923782638,4151.17578125,2734.17578125,1.9295524214890614
China,426,8,1246.0,1298.298583984375,52.298583984375,0.041973181367877206,938.6685180664062,307.33148193359375,0.246654479882499,1303.72021484375,57.72021484375,0.04632440998695827,1144.0,102.0,0.08186195826645265,1132.9619140625,113.0380859375,0.09072077523073836
China,427,9,4158.0,6092.4150390625,1934.4150390625,0.46522728212181336,8793.091796875,4635.091796875,1.1147406918891294,7070.83203125,2912.83203125,0.700536804052429,5751.0,1593.0,0.38311688311688313,6649.3525390625,2491.3525390625,0.599170884815416
China,428,5,646.0,1737.407958984375,1091.407958984375,1.6894860046197755,852.1285400390625,206.1285400390625,0.3190844273050503,3136.035888671875,2490.035888671875,3.854544719306308,3036.666748046875,2390.666748046875,3.700722520196401,4295.8359375,3649.8359375,5.649900832043343
China,429,8,2310.0,1243.29541015625,1066.70458984375,0.4617768787202381,2861.056396484375,551.056396484375,0.23855255259063854,2385.996826171875,75.996826171875,0.032899058948863635,3028.666748046875,718.666748046875,0.3111111463406385,2875.5400390625,565.5400390625,0.24482252773268398
China,430,2,992.0,319.1426086425781,672.8573913574219,0.6782836606425624,458.0489196777344,533.9510803222656,0.5382571374216387,316.34228515625,675.65771484375,0.6811065673828125,343.0,649.0,0.6542338709677419,283.95269775390625,708.0473022460938,0.7137573611351752
China,431,6,7091.0,3523.59912109375,3567.40087890625,0.5030885458900367,1399.591796875,5691.408203125,0.802624200130447,2893.876953125,4197.123046875,0.5918943797595544,2077.666748046875,5013.333251953125,0.7069994714360633,1227.8651123046875,5863.1348876953125,0.8268417554217053
China,432,2,3431.0,2777.609375,653.390625,0.19043737248615564,3656.39892578125,225.39892578125,0.06569481952236957,4302.26513671875,871.26513671875,0.2539391246629991,3653.0,222.0,0.06470416788108423,4394.3359375,963.3359375,0.2807741001165841
China,433,8,1007.0,374.0863037109375,632.9136962890625,0.6285140976058218,375.5047607421875,631.4952392578125,0.6271055007525447,1446.785400390625,439.785400390625,0.4367283022747021,830.3333740234375,176.6666259765625,0.17543855608397468,860.781494140625,146.218505859375,0.1452020912208292
China,434,7,54620.0,27102.55859375,27517.44140625,0.5037979019818748,12116.0908203125,42503.9091796875,0.7781748293608111,27102.556640625,27517.443359375,0.5037979377402966,10978.0,43642.0,0.7990113511534237,11544.2421875,43075.7578125,0.7886444125320395
China,435,10,871.0,1334.263671875,463.263671875,0.5318756278702641,1244.0989990234375,373.0989990234375,0.42835705972840127,1050.394287109375,179.394287109375,0.20596359025186567,734.6666870117188,136.33331298828125,0.1565250436145594,478.1506042480469,392.8493957519531,0.45103260132256384
China,436,3,19699.0,10275.404296875,9423.595703125,0.4783793950517793,7055.4248046875,12643.5751953125,0.6418384281086603,10282.1767578125,9416.8232421875,0.47803559785712474,2729.0,16970.0,0.8614650489872583,9489.205078125,10209.794921875,0.5182900107556221
China,437,2,1930.0,2162.71875,232.71875,0.12057966321243524,1779.1328125,150.8671875,0.07816952720207254,1370.6517333984375,559.3482666015625,0.2898177547158355,2353.666748046875,423.666748046875,0.2195164497652202,2157.817626953125,227.817626953125,0.11804022121923576
China,438,1,7505.0,4746.1416015625,2758.8583984375,0.3676027179796802,4789.3818359375,2715.6181640625,0.36184119441205864,9001.296875,1496.296875,0.1993733344437042,9086.6669921875,1581.6669921875,0.21074843333610926,8923.5390625,1418.5390625,0.1890125333111259
China,439,1,300.0,2261.583251953125,1961.583251953125,6.53861083984375,2516.9560546875,2216.9560546875,7.389853515625,2261.548095703125,1961.548095703125,6.53849365234375,2279.33349609375,1979.33349609375,6.5977783203125,2070.8359375,1770.8359375,5.902786458333333
China,440,9,349.0,587.229248046875,238.229248046875,0.6826052952632522,457.9681091308594,108.96810913085938,0.31222953905690365,659.5462036132812,310.54620361328125,0.8898172023303188,646.3333740234375,297.3333740234375,0.8519580917577005,1490.5174560546875,1141.5174560546875,3.270823656317156
China,441,5,2038.0,3391.143310546875,1353.143310546875,0.6639564821132851,1494.72314453125,543.27685546875,0.26657353065198724,3261.21044921875,1223.21044921875,0.6002013980464916,876.0,1162.0,0.5701668302257115,2692.998779296875,654.998779296875,0.32139292409071396
China,442,1,601.0,591.449462890625,9.550537109375,0.01589107672108985,795.8472900390625,194.8472900390625,0.32420514149594426,927.731201171875,326.731201171875,0.5436459254107737,1013.6666870117188,412.66668701171875,0.6866334226484505,999.6537475585938,398.65374755859375,0.663317383624948
China,443,10,667.0,2385.827392578125,1718.827392578125,2.5769526125609072,1809.66552734375,1142.66552734375,1.7131417201555472,979.6033935546875,312.6033935546875,0.46867075495455396,625.3333740234375,41.6666259765625,0.06246870461253748,973.3771362304688,306.37713623046875,0.45933603632753933
China,444,4,3585.0,1153.944091796875,2431.055908203125,0.67811880284606,541.4432373046875,3043.5567626953125,0.8489698082832113,1157.33203125,2427.66796875,0.6771737709205021,635.6666870117188,2949.3333129882812,0.8226871165936628,640.2652587890625,2944.7347412109375,0.821404390853818
China,445,10,1916.0,1572.797607421875,343.202392578125,0.17912442201363518,1757.5848388671875,158.4151611328125,0.08268014672902531,1554.246337890625,361.753662109375,0.18880671300071764,618.3333740234375,1297.6666259765625,0.6772790323468489,665.057861328125,1250.942138671875,0.6528925567180976
China,446,6,3655.0,5393.1435546875,1738.1435546875,0.47555227214432283,15812.078125,12157.078125,3.3261499658002736,5393.1474609375,1738.1474609375,0.4755533408857729,8530.0,4875.0,1.3337893296853625,17824.75390625,14169.75390625,3.8768136542407663
China,447,8,5432.0,2571.08203125,2860.91796875,0.5266785656756259,2743.77685546875,2688.22314453125,0.49488644045126107,2570.560546875,2861.439453125,0.5267745679537923,9655.6669921875,4223.6669921875,0.7775528336133101,8981.2744140625,3549.2744140625,0.6534010335166606
China,448,3,170.0,1436.92138671875,1266.92138671875,7.452478745404412,758.246826171875,588.246826171875,3.460275448069853,526.3605346679688,356.36053466796875,2.0962384392233457,673.3333740234375,503.3333740234375,2.960784553079044,376.8590087890625,206.8590087890625,1.2168176987591912
China,449,2,1823.0,4491.55859375,2668.55859375,1.4638280821448162,5441.296875,3618.296875,1.9848035518376304,3519.3896484375,1696.3896484375,0.9305483535038398,3732.0,1909.0,1.047174986286341,3587.3466796875,1764.3466796875,0.9678259351001097
China,450,2,3612.0,1783.707763671875,1828.292236328125,0.506171715483977,2147.82373046875,1464.17626953125,0.40536441570632614,2773.05419921875,838.94580078125,0.23226627928606036,6228.0,2616.0,0.7242524916943521,1906.9439697265625,1705.0560302734375,0.47205316452752977
China,451,5,3981.0,2894.080078125,1086.919921875,0.2730268580444612,2283.92138671875,1697.07861328125,0.4262945524444235,5739.3173828125,1758.3173828125,0.44167731293958806,3682.0,299.0,0.07510675709620698,10684.3076171875,6703.3076171875,1.6838250733955036
China,452,4,1984.0,1728.53369140625,255.46630859375,0.1287632603799143,1906.4588623046875,77.5411376953125,0.03908323472545993,1883.26171875,100.73828125,0.050775343371975805,1911.3333740234375,72.6666259765625,0.03662632357689642,1622.43896484375,361.56103515625,0.1822384249779486
China,453,8,3646.0,2034.94677734375,1611.05322265625,0.4418686842172929,1704.70166015625,1941.29833984375,0.5324460613943363,1946.59326171875,1699.40673828125,0.46610168356589415,1850.0,1796.0,0.4925946242457488,3032.0322265625,613.9677734375,0.16839489123354362
China,454,1,3800.0,2692.44677734375,1107.55322265625,0.29146137438322367,3786.3544921875,13.6455078125,0.0035909231085526315,8551.70703125,4751.70703125,1.25044921875,7777.33349609375,3977.33349609375,1.0466667094983553,3416.7607421875,383.2392578125,0.10085243626644737
China,455,10,498.0,1223.0125732421875,725.0125732421875,1.4558485406469628,260.3616027832031,237.63839721679688,0.4771855365799134,285.767333984375,212.232666015625,0.4261700120795683,1165.666748046875,667.666748046875,1.3406962812186245,1131.4267578125,633.4267578125,1.271941280747992
China,456,9,27000.0,13045.8076171875,13954.1923828125,0.5168219401041667,14621.802734375,12378.197265625,0.4584517505787037,13441.427734375,13558.572265625,0.5021693431712962,8904.0,18096.0,0.6702222222222223,13068.51171875,13931.48828125,0.5159810474537037
China,457,9,1694.0,1426.8740234375,267.1259765625,0.15768947849025974,2136.876953125,442.876953125,0.2614385791765053,559.7300415039062,1134.2699584960938,0.6695808491712478,551.0,1143.0,0.6747343565525383,673.1500854492188,1020.8499145507812,0.6026268680937316
China,458,10,2952.0,2336.582763671875,615.417236328125,0.20847467355288787,2288.868896484375,663.131103515625,0.22463790769499492,2312.274169921875,639.725830078125,0.21670929203188516,1779.666748046875,1172.333251953125,0.39713186041772525,1245.8353271484375,1706.1646728515625,0.577969062619093
China,459,10,374.0,503.6214904785156,129.62149047851562,0.3465815253436247,1102.5474853515625,728.5474853515625,1.9479879287474933,502.9229431152344,128.92294311523438,0.3447137516450117,398.0,24.0,0.06417112299465241,647.005615234375,273.005615234375,0.7299615380598262
China,460,1,300.0,2976.487548828125,2676.487548828125,8.921625162760417,2458.70166015625,2158.70166015625,7.195672200520833,2768.11328125,2468.11328125,8.227044270833334,1372.0,1072.0,3.5733333333333333,2233.52783203125,1933.52783203125,6.4450927734375
China,461,4,7575.0,34718.31640625,27143.31640625,3.5832760932343235,19881.369140625,12306.369140625,1.624603186881188,28146.41015625,20571.41015625,2.71569771039604,19902.0,12327.0,1.6273267326732672,19963.1328125,12388.1328125,1.6353970709570957
China,462,8,3322.0,7301.9189453125,3979.9189453125,1.198049050364991,7423.20166015625,4101.20166015625,1.2345579952306593,6154.0498046875,2832.0498046875,0.852513487262944,6453.6669921875,3131.6669921875,0.9427052956614991,3938.64404296875,616.64404296875,0.18562433563177302
China,463,2,5196.0,6058.89794921875,862.89794921875,0.1660696592029927,6244.18505859375,1048.18505859375,0.2017292260573037,1187.3248291015625,4008.6751708984375,0.7714925271167123,5580.6669921875,384.6669921875,0.07403136878127406,1577.273681640625,3618.726318359375,0.6964446340183554
China,464,5,2566.0,3972.36962890625,1406.36962890625,0.548078577126364,5670.16748046875,3104.16748046875,1.2097301170961614,5935.287109375,3369.287109375,1.313050315422837,4022.666748046875,1456.666748046875,0.5676799485763347,4861.4775390625,2295.4775390625,0.8945742552854637
China,465,4,1686.0,1648.501953125,37.498046875,0.022240834445432976,729.2799682617188,956.7200317382812,0.5674496036407362,1445.451171875,240.548828125,0.1426742752817319,1064.0,622.0,0.36892052194543296,1032.240234375,653.759765625,0.3877578681049822
China,466,10,25054.0,5394.12890625,19659.87109375,0.784699891983316,2959.50537109375,22094.49462890625,0.8818749352960106,5394.0908203125,19659.9091796875,0.7847014121372835,4381.0,20673.0,0.8251377025624651,4395.09375,20658.90625,0.8245751676379022
China,467,7,117.0,4684.97412109375,4567.97412109375,39.042513855502136,8790.0498046875,8673.0498046875,74.12863080929488,4668.30419921875,4551.30419921875,38.900035890758545,5791.0,5674.0,48.495726495726494,5925.21728515625,5808.21728515625,49.64288277911325
China,468,5,500.0,363.8529357910156,136.14706420898438,0.27229412841796874,375.1440124511719,124.85598754882812,0.24971197509765625,363.85467529296875,136.14532470703125,0.2722906494140625,597.6666870117188,97.66668701171875,0.1953333740234375,649.0325317382812,149.03253173828125,0.2980650634765625
China,469,2,12551.0,6734.2626953125,5816.7373046875,0.4634481160614692,5055.390625,7495.609375,0.5972121245319099,6135.3134765625,6415.6865234375,0.5111693509232332,7576.33349609375,4974.66650390625,0.3963561870692574,6231.0126953125,6319.9873046875,0.503544522722293
China,470,4,399.0,1732.656005859375,1333.656005859375,3.342496255286654,1519.2552490234375,1120.2552490234375,2.807657265722901,1014.8479614257812,615.8479614257812,1.5434786000646146,1654.3333740234375,1255.3333740234375,3.146198932389568,1538.0003662109375,1139.0003662109375,2.8546375093005953
China,471,3,784.0,3298.4228515625,2514.4228515625,3.207172004544005,4660.0,3876.0,4.9438775510204085,4758.6796875,3974.6796875,5.069744499362245,4509.33349609375,3725.33349609375,4.751700887874681,4277.5361328125,3493.5361328125,4.45604098573023
China,472,9,2112.0,2555.583251953125,443.583251953125,0.21002994884144177,2046.80126953125,65.19873046875,0.03087061101740057,2254.091552734375,142.091552734375,0.0672781973174124,1825.0,287.0,0.13589015151515152,2263.987548828125,151.987548828125,0.07196380152846828
China,473,6,600.0,1179.049072265625,579.049072265625,0.965081787109375,1057.96875,457.96875,0.76328125,1174.516357421875,574.516357421875,0.9575272623697917,2244.666748046875,1644.666748046875,2.741111246744792,1758.7481689453125,1158.7481689453125,1.9312469482421875
China,474,3,450.0,448.8029479980469,1.197052001953125,0.0026601155598958335,793.4885864257812,343.48858642578125,0.7633079698350694,448.01995849609375,1.98004150390625,0.004400092230902777,449.3333435058594,0.666656494140625,0.0014814588758680556,702.5402221679688,252.54022216796875,0.5612004937065972
China,475,8,5800.0,3954.091796875,1845.908203125,0.3182600350215517,5369.25634765625,430.74365234375,0.07426614695581897,14069.740234375,8269.740234375,1.425817281788793,4990.0,810.0,0.1396551724137931,6469.931640625,669.931640625,0.11550545528017242
China,476,5,2565.0,13362.921875,10797.921875,4.2097161306042885,2832.66162109375,267.66162109375,0.10435150919834307,2743.9296875,178.9296875,0.06975816276803119,4870.0,2305.0,0.898635477582846,3796.24560546875,1231.24560546875,0.48001777990984407
China,477,2,2385.0,1099.27880859375,1285.72119140625,0.5390864534198113,1160.8704833984375,1224.1295166015625,0.5132618518245545,1563.767822265625,821.232177734375,0.34433214999344863,627.0,1758.0,0.7371069182389937,1432.0809326171875,952.9190673828125,0.39954677877686057
China,478,3,10398.0,8755.59375,1642.40625,0.15795405366416618,18461.232421875,8063.232421875,0.7754599367065782,10879.6728515625,481.6728515625,0.04632360565132718,18745.333984375,8347.333984375,0.8027826490070206,16331.708984375,5933.708984375,0.5706586828596846
China,479,9,3434.0,2519.86376953125,914.13623046875,0.26620158138286254,1919.353759765625,1514.646240234375,0.4410734537665623,2408.998779296875,1025.001220703125,0.2984860864016089,2413.666748046875,1020.333251953125,0.2971267478023078,2504.236572265625,929.763427734375,0.27075230860057514
China,480,6,400.0,3558.3515625,3158.3515625,7.89587890625,3670.00537109375,3270.00537109375,8.175013427734376,2789.63720703125,2389.63720703125,5.974093017578125,2040.666748046875,1640.666748046875,4.101666870117188,1852.71044921875,1452.71044921875,3.631776123046875
China,481,9,338.0,520.2479248046875,182.2479248046875,0.5391950438008506,722.746826171875,384.746826171875,1.1383042194434172,405.0061950683594,67.00619506835938,0.19824318067561944,315.0,23.0,0.06804733727810651,1359.5306396484375,1021.5306396484375,3.022279998959874
China,482,1,2835.0,1280.613037109375,1554.386962890625,0.5482846429949294,3073.332275390625,238.332275390625,0.08406782200727514,1278.830810546875,1556.169189453125,0.5489132943397266,1319.666748046875,1515.333251953125,0.5345090835813492,1302.658447265625,1532.341552734375,0.5405084842096561
China,483,3,594.0,1896.5755615234375,1302.5755615234375,2.1928881507128577,1918.72998046875,1324.72998046875,2.230185152304293,1904.262451171875,1310.262451171875,2.205829042376894,2035.3333740234375,1441.3333740234375,2.4264871616556185,1929.9603271484375,1335.9603271484375,2.2490914598458542
China,484,2,1017.0,2263.17578125,1246.17578125,1.225344917649951,6409.47509765625,5392.47509765625,5.302335395925517,2267.384521484375,1250.384521484375,1.2294833052943708,2149.666748046875,1132.666748046875,1.113733282248648,2237.11962890625,1220.11962890625,1.1997243155420354
China,485,8,789.0,600.207763671875,188.792236328125,0.2392804009228454,690.91650390625,98.08349609375,0.12431368326204056,572.8468017578125,216.1531982421875,0.2739584261624683,1646.3333740234375,857.3333740234375,1.0866075716393377,644.4737548828125,144.5262451171875,0.18317648303826045
China,486,3,774.0,550.1097412109375,223.8902587890625,0.2892639002442668,497.0633544921875,276.9366455078125,0.35779928360182495,500.85662841796875,273.14337158203125,0.3528984128966812,502.66668701171875,271.33331298828125,0.35055983590217216,368.075439453125,405.924560546875,0.5244503366238695
China,487,9,640.0,485.0041809082031,154.99581909179688,0.2421809673309326,897.4689331054688,257.46893310546875,0.4022952079772949,291.62005615234375,348.37994384765625,0.5443436622619628,287.0,353.0,0.5515625,293.9263916015625,346.0736083984375,0.5407400131225586
China,488,5,500.0,1416.80615234375,916.80615234375,1.8336123046875,2120.856689453125,1620.856689453125,3.24171337890625,869.0079345703125,369.0079345703125,0.738015869140625,2785.33349609375,2285.33349609375,4.5706669921875,1528.2744140625,1028.2744140625,2.056548828125
China,489,1,601.0,3072.45263671875,2471.45263671875,4.11223400452371,3037.490234375,2436.490234375,4.054060290141431,3754.3994140625,3153.3994140625,5.246920822067388,3157.33349609375,2556.33349609375,4.2534667156302,2587.867919921875,1986.867919921875,3.3059366388051163
China,490,2,16179.0,1914.816650390625,14264.183349609375,0.8816480221033052,3261.1875,12917.8125,0.7984308362692379,8037.30517578125,8141.69482421875,0.5032260846911892,2968.33349609375,13210.66650390625,0.8165317080107701,8095.80908203125,8083.19091796875,0.499610044994669
China,491,9,2446.0,782.6200561523438,1663.3799438476562,0.6800408601176027,1012.2432250976562,1433.7567749023438,0.5861638491015305,930.2111206054688,1515.7888793945312,0.6197010954188599,749.6666870117188,1696.3333129882812,0.6935132105430422,854.9732055664062,1591.0267944335938,0.6504606682067022
China,492,2,338.0,537.5131225585938,199.51312255859375,0.5902755105283839,797.8525390625,459.8525390625,1.3605104705991125,1039.62841796875,701.62841796875,2.0758237218010356,1053.3333740234375,715.3333740234375,2.1163709290634247,1036.8887939453125,698.8887939453125,2.0677183252819895
China,493,1,1786.0,1641.0460205078125,144.9539794921875,0.08116124271679032,2713.239013671875,927.239013671875,0.519170780331397,1563.456298828125,222.543701171875,0.12460453593050112,1913.666748046875,127.666748046875,0.0714819417955627,1580.1063232421875,205.8936767578125,0.11528201386215706
China,494,2,899.0,415.0675354003906,483.9324645996094,0.5383008505001217,568.5540771484375,330.4459228515625,0.36757054822198276,270.958984375,628.041015625,0.6985995724416018,268.0,631.0,0.7018909899888766,599.4568481445312,299.54315185546875,0.3331959419971844
China,495,10,16560.0,7820.78955078125,8739.21044921875,0.5277300995905042,4369.3408203125,12190.6591796875,0.7361509166477959,8782.064453125,7777.935546875,0.46968209824124396,6816.33349609375,9743.66650390625,0.588385658448445,7207.4951171875,9352.5048828125,0.5647647876094505
China,496,7,526.0,809.7886962890625,283.7886962890625,0.5395222362909934,1174.65234375,648.65234375,1.233179360741445,1052.1107177734375,526.1107177734375,1.0002104900635693,1926.3333740234375,1400.3333740234375,2.662230749093988,1985.9140625,1459.9140625,2.7755020199619773
China,497,4,440.0,4721.2021484375,4281.2021484375,9.7300048828125,4170.12255859375,3730.12255859375,8.47755126953125,2250.55810546875,1810.55810546875,4.11490478515625,4407.0,3967.0,9.01590909090909,2266.335205078125,1826.335205078125,4.150761829723011
China,498,10,2185.0,1094.3565673828125,1090.6434326171875,0.49915031241061214,1701.704345703125,483.295654296875,0.22118794246996568,1245.2545166015625,939.7454833984375,0.43008946608624143,1711.3333740234375,473.6666259765625,0.2167810645201659,795.1298217773438,1389.8701782226562,0.63609619140625
