Dataset,Fold,Variant,Iteration,Best_Training_MMRE
China,1,FAABE_NO_PEARSON,0,1.2380191087722778
China,1,FAABE_NO_PEARSON,1,1.2380191087722778
China,1,FAABE_NO_PEARSON,2,1.1824522018432617
China,1,FAABE_NO_PEARSON,3,1.1824522018432617
China,1,FAABE_NO_PEARSON,4,1.1743614673614502
China,1,FAABE_NO_PEARSON,5,1.1743614673614502
China,1,FAABE_NO_PEARSON,6,1.1743614673614502
China,1,FAABE_NO_PEARSON,7,1.1618807315826416
China,1,FAABE_NO_PEARSON,8,1.1618807315826416
China,1,FAABE_NO_PEARSON,9,1.1618807315826416
China,1,FAABE_NO_PEARSON,10,1.1618807315826416
China,1,FAABE_NO_PEARSON,11,1.1618807315826416
China,1,FAABE_NO_PEARSON,12,1.1618807315826416
China,1,FAABE_NO_PEARSON,13,1.1618807315826416
China,1,FAABE_NO_PEARSON,14,1.139102578163147
China,1,FAABE_NO_PEARSON,15,1.139102578163147
China,1,FAABE_NO_PEARSON,16,1.139102578163147
China,1,FAABE_NO_PEARSON,17,1.139102578163147
China,1,FAABE_NO_PEARSON,18,1.139102578163147
China,1,FAABE_NO_PEARSON,19,1.139102578163147
China,1,FAABE_NO_PEARSON,20,1.139102578163147
China,1,FAABE_NO_PEARSON,21,1.139102578163147
China,1,FAABE_NO_PEARSON,22,1.139102578163147
China,1,FAABE_NO_PEARSON,23,1.139102578163147
China,1,FAABE_NO_PEARSON,24,1.139102578163147
China,1,FAABE_NO_PEARSON,25,1.139102578163147
China,1,FAABE_NO_PEARSON,26,1.139102578163147
China,1,FAABE_NO_PEARSON,27,1.139102578163147
China,1,FAABE_NO_PEARSON,28,1.139102578163147
China,1,FAABE_NO_PEARSON,29,1.139102578163147
China,1,FAABE_NO_PEARSON,30,1.139102578163147
China,1,FAABE_NO_PEARSON,31,1.139102578163147
China,1,FAABE_NO_PEARSON,32,1.139102578163147
China,1,FAABE_NO_PEARSON,33,1.139102578163147
China,1,FAABE_NO_PEARSON,34,1.139102578163147
China,1,FAABE_NO_PEARSON,35,1.139102578163147
China,1,FAABE_NO_PEARSON,36,1.139102578163147
China,1,FAABE_NO_PEARSON,37,1.139102578163147
China,1,FAABE_NO_PEARSON,38,1.139102578163147
China,1,FAABE_NO_PEARSON,39,1.139102578163147
China,1,FAABE_NO_PEARSON,40,1.139102578163147
China,1,FAABE_NO_PEARSON,41,1.139102578163147
China,1,FAABE_NO_PEARSON,42,1.139102578163147
China,1,FAABE_NO_PEARSON,43,1.139102578163147
China,1,FAABE_NO_PEARSON,44,1.139102578163147
China,1,FAABE_NO_PEARSON,45,1.139102578163147
China,1,FAABE_NO_PEARSON,46,1.139102578163147
China,1,FAABE_NO_PEARSON,47,1.139102578163147
China,1,FAABE_NO_PEARSON,48,1.139102578163147
China,1,FAABE_NO_PEARSON,49,1.139102578163147
China,1,FAABE_NO_PEARSON,50,1.139102578163147
China,1,FAABE_NO_PEARSON,51,1.139102578163147
China,1,FAABE_NO_PEARSON,52,1.139102578163147
China,1,FAABE_NO_PEARSON,53,1.139102578163147
China,1,FAABE_NO_PEARSON,54,1.139102578163147
China,1,FAABE_NO_PEARSON,55,1.139102578163147
China,1,FAABE_NO_PEARSON,56,1.139102578163147
China,1,FAABE_NO_PEARSON,57,1.139102578163147
China,1,FAABE_NO_PEARSON,58,1.139102578163147
China,1,FAABE_NO_PEARSON,59,1.139102578163147
China,1,FAABE_NO_PEARSON,60,1.139102578163147
China,1,FAABE_NO_PEARSON,61,1.139102578163147
China,1,FAABE_NO_PEARSON,62,1.139102578163147
China,1,FAABE_NO_PEARSON,63,1.139102578163147
China,1,FAABE_NO_PEARSON,64,1.139102578163147
China,1,FAABE_NO_PEARSON,65,1.139102578163147
China,1,FAABE_NO_PEARSON,66,1.139102578163147
China,1,FAABE_NO_PEARSON,67,1.139102578163147
China,1,FAABE_NO_PEARSON,68,1.139102578163147
China,1,FAABE_NO_PEARSON,69,1.139102578163147
China,1,FAABE_NO_PEARSON,70,1.139102578163147
China,1,FAABE_NO_PEARSON,71,1.139102578163147
China,1,FAABE_NO_PEARSON,72,1.139102578163147
China,1,FAABE_NO_PEARSON,73,1.139102578163147
China,1,FAABE_NO_PEARSON,74,1.139102578163147
China,1,FAABE_NO_PEARSON,75,1.139102578163147
China,1,FAABE_NO_PEARSON,76,1.139102578163147
China,1,FAABE_NO_PEARSON,77,1.139102578163147
China,1,FAABE_NO_PEARSON,78,1.139102578163147
China,1,FAABE_NO_PEARSON,79,1.139102578163147
China,1,FAABE_NO_PEARSON,80,1.139102578163147
China,1,FAABE_NO_PEARSON,81,1.139102578163147
China,1,FAABE_NO_PEARSON,82,1.139102578163147
China,1,FAABE_NO_PEARSON,83,1.139102578163147
China,1,FAABE_NO_PEARSON,84,1.139102578163147
China,1,FAABE_NO_PEARSON,85,1.139102578163147
China,1,FAABE_NO_PEARSON,86,1.139102578163147
China,1,FAABE_NO_PEARSON,87,1.139102578163147
China,1,FAABE_NO_PEARSON,88,1.139102578163147
China,1,FAABE_NO_PEARSON,89,1.139102578163147
China,1,FAABE_NO_PEARSON,90,1.139102578163147
China,1,FAABE_NO_PEARSON,91,1.139102578163147
China,1,FAABE_NO_PEARSON,92,1.139102578163147
China,1,FAABE_NO_PEARSON,93,1.139102578163147
China,1,FAABE_NO_PEARSON,94,1.139102578163147
China,1,FAABE_NO_PEARSON,95,1.139102578163147
China,1,FAABE_NO_PEARSON,96,1.139102578163147
China,1,FAABE_NO_PEARSON,97,1.139102578163147
China,1,FAABE_NO_PEARSON,98,1.139102578163147
China,1,FAABE_NO_PEARSON,99,1.139102578163147
China,1,FAABE_NO_PEARSON,100,1.139102578163147
China,1,FAABE_NO_IWM,0,1.2011134624481201
China,1,FAABE_NO_IWM,1,1.2011134624481201
China,1,FAABE_NO_IWM,2,1.2011134624481201
China,1,FAABE_NO_IWM,3,1.2011134624481201
China,1,FAABE_NO_IWM,4,1.1999536752700806
China,1,FAABE_NO_IWM,5,1.1999536752700806
China,1,FAABE_NO_IWM,6,1.1673611402511597
China,1,FAABE_NO_IWM,7,1.1673611402511597
China,1,FAABE_NO_IWM,8,1.1673611402511597
China,1,FAABE_NO_IWM,9,1.1673611402511597
China,1,FAABE_NO_IWM,10,1.1673611402511597
China,1,FAABE_NO_IWM,11,1.1673611402511597
China,1,FAABE_NO_IWM,12,1.1673611402511597
China,1,FAABE_NO_IWM,13,1.1673611402511597
China,1,FAABE_NO_IWM,14,1.1673611402511597
China,1,FAABE_NO_IWM,15,1.1673611402511597
China,1,FAABE_NO_IWM,16,1.1673611402511597
China,1,FAABE_NO_IWM,17,1.1673611402511597
China,1,FAABE_NO_IWM,18,1.1672911643981934
China,1,FAABE_NO_IWM,19,1.1672911643981934
China,1,FAABE_NO_IWM,20,1.1616333723068237
China,1,FAABE_NO_IWM,21,1.1616333723068237
China,1,FAABE_NO_IWM,22,1.1616333723068237
China,1,FAABE_NO_IWM,23,1.1616333723068237
China,1,FAABE_NO_IWM,24,1.1616333723068237
China,1,FAABE_NO_IWM,25,1.1616333723068237
China,1,FAABE_NO_IWM,26,1.1616333723068237
China,1,FAABE_NO_IWM,27,1.1616333723068237
China,1,FAABE_NO_IWM,28,1.1616333723068237
China,1,FAABE_NO_IWM,29,1.1616333723068237
China,1,FAABE_NO_IWM,30,1.1616333723068237
China,1,FAABE_NO_IWM,31,1.1616333723068237
China,1,FAABE_NO_IWM,32,1.1616333723068237
China,1,FAABE_NO_IWM,33,1.1616333723068237
China,1,FAABE_NO_IWM,34,1.1616333723068237
China,1,FAABE_NO_IWM,35,1.1616333723068237
China,1,FAABE_NO_IWM,36,1.1616333723068237
China,1,FAABE_NO_IWM,37,1.1616333723068237
China,1,FAABE_NO_IWM,38,1.1616333723068237
China,1,FAABE_NO_IWM,39,1.1616333723068237
China,1,FAABE_NO_IWM,40,1.1616333723068237
China,1,FAABE_NO_IWM,41,1.1616333723068237
China,1,FAABE_NO_IWM,42,1.1616333723068237
China,1,FAABE_NO_IWM,43,1.1616333723068237
China,1,FAABE_NO_IWM,44,1.1616333723068237
China,1,FAABE_NO_IWM,45,1.1616333723068237
China,1,FAABE_NO_IWM,46,1.1616333723068237
China,1,FAABE_NO_IWM,47,1.1616333723068237
China,1,FAABE_NO_IWM,48,1.1616333723068237
China,1,FAABE_NO_IWM,49,1.1616333723068237
China,1,FAABE_NO_IWM,50,1.1616333723068237
China,1,FAABE_NO_IWM,51,1.1616333723068237
China,1,FAABE_NO_IWM,52,1.1616333723068237
China,1,FAABE_NO_IWM,53,1.1616333723068237
China,1,FAABE_NO_IWM,54,1.1616333723068237
China,1,FAABE_NO_IWM,55,1.1616333723068237
China,1,FAABE_NO_IWM,56,1.1616333723068237
China,1,FAABE_NO_IWM,57,1.1616333723068237
China,1,FAABE_NO_IWM,58,1.1616333723068237
China,1,FAABE_NO_IWM,59,1.1616333723068237
China,1,FAABE_NO_IWM,60,1.1616333723068237
China,1,FAABE_NO_IWM,61,1.1616333723068237
China,1,FAABE_NO_IWM,62,1.1616333723068237
China,1,FAABE_NO_IWM,63,1.1616333723068237
China,1,FAABE_NO_IWM,64,1.1616333723068237
China,1,FAABE_NO_IWM,65,1.1451324224472046
China,1,FAABE_NO_IWM,66,1.1451324224472046
China,1,FAABE_NO_IWM,67,1.1451324224472046
China,1,FAABE_NO_IWM,68,1.1451324224472046
China,1,FAABE_NO_IWM,69,1.1451324224472046
China,1,FAABE_NO_IWM,70,1.143610954284668
China,1,FAABE_NO_IWM,71,1.143610954284668
China,1,FAABE_NO_IWM,72,1.143610954284668
China,1,FAABE_NO_IWM,73,1.143610954284668
China,1,FAABE_NO_IWM,74,1.143610954284668
China,1,FAABE_NO_IWM,75,1.143610954284668
China,1,FAABE_NO_IWM,76,1.143610954284668
China,1,FAABE_NO_IWM,77,1.143610954284668
China,1,FAABE_NO_IWM,78,1.143610954284668
China,1,FAABE_NO_IWM,79,1.143610954284668
China,1,FAABE_NO_IWM,80,1.143610954284668
China,1,FAABE_NO_IWM,81,1.143610954284668
China,1,FAABE_NO_IWM,82,1.143610954284668
China,1,FAABE_NO_IWM,83,1.143610954284668
China,1,FAABE_NO_IWM,84,1.143610954284668
China,1,FAABE_NO_IWM,85,1.143610954284668
China,1,FAABE_NO_IWM,86,1.143610954284668
China,1,FAABE_NO_IWM,87,1.143610954284668
China,1,FAABE_NO_IWM,88,1.143610954284668
China,1,FAABE_NO_IWM,89,1.143610954284668
China,1,FAABE_NO_IWM,90,1.143610954284668
China,1,FAABE_NO_IWM,91,1.143610954284668
China,1,FAABE_NO_IWM,92,1.143610954284668
China,1,FAABE_NO_IWM,93,1.143610954284668
China,1,FAABE_NO_IWM,94,1.143610954284668
China,1,FAABE_NO_IWM,95,1.143610954284668
China,1,FAABE_NO_IWM,96,1.143610954284668
China,1,FAABE_NO_IWM,97,1.143610954284668
China,1,FAABE_NO_IWM,98,1.143610954284668
China,1,FAABE_NO_IWM,99,1.143610954284668
China,1,FAABE_NO_IWM,100,1.143610954284668
China,1,FAABE_FULL,0,1.28250253200531
China,1,FAABE_FULL,1,1.2437788248062134
China,1,FAABE_FULL,2,1.2313205003738403
China,1,FAABE_FULL,3,1.2301726341247559
China,1,FAABE_FULL,4,1.2301726341247559
China,1,FAABE_FULL,5,1.228184700012207
China,1,FAABE_FULL,6,1.228184700012207
China,1,FAABE_FULL,7,1.228184700012207
China,1,FAABE_FULL,8,1.228184700012207
China,1,FAABE_FULL,9,1.2162636518478394
China,1,FAABE_FULL,10,1.2162636518478394
China,1,FAABE_FULL,11,1.2162636518478394
China,1,FAABE_FULL,12,1.1988016366958618
China,1,FAABE_FULL,13,1.1988016366958618
China,1,FAABE_FULL,14,1.1895067691802979
China,1,FAABE_FULL,15,1.1895067691802979
China,1,FAABE_FULL,16,1.1895067691802979
China,1,FAABE_FULL,17,1.1895067691802979
China,1,FAABE_FULL,18,1.1895067691802979
China,1,FAABE_FULL,19,1.1895067691802979
China,1,FAABE_FULL,20,1.1895067691802979
China,1,FAABE_FULL,21,1.1895067691802979
China,1,FAABE_FULL,22,1.1895067691802979
China,1,FAABE_FULL,23,1.1895067691802979
China,1,FAABE_FULL,24,1.1895067691802979
China,1,FAABE_FULL,25,1.1895067691802979
China,1,FAABE_FULL,26,1.1895067691802979
China,1,FAABE_FULL,27,1.1895067691802979
China,1,FAABE_FULL,28,1.1895067691802979
China,1,FAABE_FULL,29,1.1895067691802979
China,1,FAABE_FULL,30,1.1895067691802979
China,1,FAABE_FULL,31,1.1895067691802979
China,1,FAABE_FULL,32,1.1895067691802979
China,1,FAABE_FULL,33,1.1895067691802979
China,1,FAABE_FULL,34,1.1895067691802979
China,1,FAABE_FULL,35,1.1895067691802979
China,1,FAABE_FULL,36,1.1885219812393188
China,1,FAABE_FULL,37,1.1885219812393188
China,1,FAABE_FULL,38,1.1885219812393188
China,1,FAABE_FULL,39,1.1885219812393188
China,1,FAABE_FULL,40,1.1885219812393188
China,1,FAABE_FULL,41,1.1885219812393188
China,1,FAABE_FULL,42,1.1781294345855713
China,1,FAABE_FULL,43,1.1781294345855713
China,1,FAABE_FULL,44,1.1781294345855713
China,1,FAABE_FULL,45,1.1777275800704956
China,1,FAABE_FULL,46,1.1777275800704956
China,1,FAABE_FULL,47,1.1777275800704956
China,1,FAABE_FULL,48,1.1777275800704956
China,1,FAABE_FULL,49,1.1777275800704956
China,1,FAABE_FULL,50,1.1777275800704956
China,1,FAABE_FULL,51,1.1777275800704956
China,1,FAABE_FULL,52,1.1777275800704956
China,1,FAABE_FULL,53,1.1739486455917358
China,1,FAABE_FULL,54,1.1739486455917358
China,1,FAABE_FULL,55,1.1739486455917358
China,1,FAABE_FULL,56,1.1739486455917358
China,1,FAABE_FULL,57,1.1653211116790771
China,1,FAABE_FULL,58,1.1653211116790771
China,1,FAABE_FULL,59,1.1653211116790771
China,1,FAABE_FULL,60,1.1653211116790771
China,1,FAABE_FULL,61,1.1653211116790771
China,1,FAABE_FULL,62,1.1653211116790771
China,1,FAABE_FULL,63,1.1653211116790771
China,1,FAABE_FULL,64,1.1653211116790771
China,1,FAABE_FULL,65,1.1653211116790771
China,1,FAABE_FULL,66,1.1653211116790771
China,1,FAABE_FULL,67,1.1578092575073242
China,1,FAABE_FULL,68,1.1578092575073242
China,1,FAABE_FULL,69,1.1578092575073242
China,1,FAABE_FULL,70,1.1578092575073242
China,1,FAABE_FULL,71,1.1578092575073242
China,1,FAABE_FULL,72,1.1578092575073242
China,1,FAABE_FULL,73,1.1578092575073242
China,1,FAABE_FULL,74,1.1578092575073242
China,1,FAABE_FULL,75,1.1578092575073242
China,1,FAABE_FULL,76,1.1578092575073242
China,1,FAABE_FULL,77,1.1578092575073242
China,1,FAABE_FULL,78,1.1578092575073242
China,1,FAABE_FULL,79,1.1578092575073242
China,1,FAABE_FULL,80,1.1578092575073242
China,1,FAABE_FULL,81,1.1578092575073242
China,1,FAABE_FULL,82,1.1578092575073242
China,1,FAABE_FULL,83,1.1578092575073242
China,1,FAABE_FULL,84,1.1578092575073242
China,1,FAABE_FULL,85,1.1578092575073242
China,1,FAABE_FULL,86,1.1578092575073242
China,1,FAABE_FULL,87,1.1578092575073242
China,1,FAABE_FULL,88,1.1578092575073242
China,1,FAABE_FULL,89,1.1578092575073242
China,1,FAABE_FULL,90,1.1578092575073242
China,1,FAABE_FULL,91,1.1578092575073242
China,1,FAABE_FULL,92,1.1578092575073242
China,1,FAABE_FULL,93,1.1578092575073242
China,1,FAABE_FULL,94,1.1578092575073242
China,1,FAABE_FULL,95,1.1578092575073242
China,1,FAABE_FULL,96,1.1578092575073242
China,1,FAABE_FULL,97,1.1578092575073242
China,1,FAABE_FULL,98,1.1578092575073242
China,1,FAABE_FULL,99,1.1578092575073242
China,1,FAABE_FULL,100,1.1578092575073242
China,2,FAABE_NO_PEARSON,0,1.2716882228851318
China,2,FAABE_NO_PEARSON,1,1.2716882228851318
China,2,FAABE_NO_PEARSON,2,1.2716882228851318
China,2,FAABE_NO_PEARSON,3,1.2716882228851318
China,2,FAABE_NO_PEARSON,4,1.2563413381576538
China,2,FAABE_NO_PEARSON,5,1.2197067737579346
China,2,FAABE_NO_PEARSON,6,1.2197067737579346
China,2,FAABE_NO_PEARSON,7,1.2197067737579346
China,2,FAABE_NO_PEARSON,8,1.2197067737579346
China,2,FAABE_NO_PEARSON,9,1.2197067737579346
China,2,FAABE_NO_PEARSON,10,1.2197067737579346
China,2,FAABE_NO_PEARSON,11,1.2197067737579346
China,2,FAABE_NO_PEARSON,12,1.2047173976898193
China,2,FAABE_NO_PEARSON,13,1.2047173976898193
China,2,FAABE_NO_PEARSON,14,1.2047173976898193
China,2,FAABE_NO_PEARSON,15,1.2047173976898193
China,2,FAABE_NO_PEARSON,16,1.2047173976898193
China,2,FAABE_NO_PEARSON,17,1.2047173976898193
China,2,FAABE_NO_PEARSON,18,1.2047173976898193
China,2,FAABE_NO_PEARSON,19,1.2047173976898193
China,2,FAABE_NO_PEARSON,20,1.2047173976898193
China,2,FAABE_NO_PEARSON,21,1.2047173976898193
China,2,FAABE_NO_PEARSON,22,1.2047173976898193
China,2,FAABE_NO_PEARSON,23,1.2047173976898193
China,2,FAABE_NO_PEARSON,24,1.2047173976898193
China,2,FAABE_NO_PEARSON,25,1.2047173976898193
China,2,FAABE_NO_PEARSON,26,1.2047173976898193
China,2,FAABE_NO_PEARSON,27,1.2047173976898193
China,2,FAABE_NO_PEARSON,28,1.2047173976898193
China,2,FAABE_NO_PEARSON,29,1.2047173976898193
China,2,FAABE_NO_PEARSON,30,1.2047173976898193
China,2,FAABE_NO_PEARSON,31,1.2047173976898193
China,2,FAABE_NO_PEARSON,32,1.2047173976898193
China,2,FAABE_NO_PEARSON,33,1.2047173976898193
China,2,FAABE_NO_PEARSON,34,1.2047173976898193
China,2,FAABE_NO_PEARSON,35,1.2047173976898193
China,2,FAABE_NO_PEARSON,36,1.2047173976898193
China,2,FAABE_NO_PEARSON,37,1.2047173976898193
China,2,FAABE_NO_PEARSON,38,1.2047173976898193
China,2,FAABE_NO_PEARSON,39,1.2047173976898193
China,2,FAABE_NO_PEARSON,40,1.2047173976898193
China,2,FAABE_NO_PEARSON,41,1.2047173976898193
China,2,FAABE_NO_PEARSON,42,1.2047173976898193
China,2,FAABE_NO_PEARSON,43,1.2047173976898193
China,2,FAABE_NO_PEARSON,44,1.2047173976898193
China,2,FAABE_NO_PEARSON,45,1.2047173976898193
China,2,FAABE_NO_PEARSON,46,1.2047173976898193
China,2,FAABE_NO_PEARSON,47,1.2047173976898193
China,2,FAABE_NO_PEARSON,48,1.2047173976898193
China,2,FAABE_NO_PEARSON,49,1.2047173976898193
China,2,FAABE_NO_PEARSON,50,1.2047173976898193
China,2,FAABE_NO_PEARSON,51,1.2047173976898193
China,2,FAABE_NO_PEARSON,52,1.2047173976898193
China,2,FAABE_NO_PEARSON,53,1.180120587348938
China,2,FAABE_NO_PEARSON,54,1.180120587348938
China,2,FAABE_NO_PEARSON,55,1.180120587348938
China,2,FAABE_NO_PEARSON,56,1.180120587348938
China,2,FAABE_NO_PEARSON,57,1.180120587348938
China,2,FAABE_NO_PEARSON,58,1.180120587348938
China,2,FAABE_NO_PEARSON,59,1.180120587348938
China,2,FAABE_NO_PEARSON,60,1.180120587348938
China,2,FAABE_NO_PEARSON,61,1.180120587348938
China,2,FAABE_NO_PEARSON,62,1.180120587348938
China,2,FAABE_NO_PEARSON,63,1.180120587348938
China,2,FAABE_NO_PEARSON,64,1.180120587348938
China,2,FAABE_NO_PEARSON,65,1.180120587348938
China,2,FAABE_NO_PEARSON,66,1.180120587348938
China,2,FAABE_NO_PEARSON,67,1.180120587348938
China,2,FAABE_NO_PEARSON,68,1.180120587348938
China,2,FAABE_NO_PEARSON,69,1.180120587348938
China,2,FAABE_NO_PEARSON,70,1.180120587348938
China,2,FAABE_NO_PEARSON,71,1.180120587348938
China,2,FAABE_NO_PEARSON,72,1.180120587348938
China,2,FAABE_NO_PEARSON,73,1.180120587348938
China,2,FAABE_NO_PEARSON,74,1.180120587348938
China,2,FAABE_NO_PEARSON,75,1.180120587348938
China,2,FAABE_NO_PEARSON,76,1.180120587348938
China,2,FAABE_NO_PEARSON,77,1.180120587348938
China,2,FAABE_NO_PEARSON,78,1.180120587348938
China,2,FAABE_NO_PEARSON,79,1.180120587348938
China,2,FAABE_NO_PEARSON,80,1.180120587348938
China,2,FAABE_NO_PEARSON,81,1.180120587348938
China,2,FAABE_NO_PEARSON,82,1.180120587348938
China,2,FAABE_NO_PEARSON,83,1.180120587348938
China,2,FAABE_NO_PEARSON,84,1.180120587348938
China,2,FAABE_NO_PEARSON,85,1.180120587348938
China,2,FAABE_NO_PEARSON,86,1.180120587348938
China,2,FAABE_NO_PEARSON,87,1.180120587348938
China,2,FAABE_NO_PEARSON,88,1.180120587348938
China,2,FAABE_NO_PEARSON,89,1.180120587348938
China,2,FAABE_NO_PEARSON,90,1.180120587348938
China,2,FAABE_NO_PEARSON,91,1.180120587348938
China,2,FAABE_NO_PEARSON,92,1.180120587348938
China,2,FAABE_NO_PEARSON,93,1.180120587348938
China,2,FAABE_NO_PEARSON,94,1.180120587348938
China,2,FAABE_NO_PEARSON,95,1.180120587348938
China,2,FAABE_NO_PEARSON,96,1.180120587348938
China,2,FAABE_NO_PEARSON,97,1.180120587348938
China,2,FAABE_NO_PEARSON,98,1.180120587348938
China,2,FAABE_NO_PEARSON,99,1.180120587348938
China,2,FAABE_NO_PEARSON,100,1.180120587348938
China,2,FAABE_NO_IWM,0,1.3300235271453857
China,2,FAABE_NO_IWM,1,1.2963676452636719
China,2,FAABE_NO_IWM,2,1.276716947555542
China,2,FAABE_NO_IWM,3,1.2258899211883545
China,2,FAABE_NO_IWM,4,1.2258899211883545
China,2,FAABE_NO_IWM,5,1.2258899211883545
China,2,FAABE_NO_IWM,6,1.2258899211883545
China,2,FAABE_NO_IWM,7,1.2258899211883545
China,2,FAABE_NO_IWM,8,1.2258899211883545
China,2,FAABE_NO_IWM,9,1.2258899211883545
China,2,FAABE_NO_IWM,10,1.2258899211883545
China,2,FAABE_NO_IWM,11,1.2258899211883545
China,2,FAABE_NO_IWM,12,1.2258899211883545
China,2,FAABE_NO_IWM,13,1.2258899211883545
China,2,FAABE_NO_IWM,14,1.2258899211883545
China,2,FAABE_NO_IWM,15,1.2258899211883545
China,2,FAABE_NO_IWM,16,1.2258899211883545
China,2,FAABE_NO_IWM,17,1.2258899211883545
China,2,FAABE_NO_IWM,18,1.2258899211883545
China,2,FAABE_NO_IWM,19,1.2258899211883545
China,2,FAABE_NO_IWM,20,1.2258899211883545
China,2,FAABE_NO_IWM,21,1.2258899211883545
China,2,FAABE_NO_IWM,22,1.2258899211883545
China,2,FAABE_NO_IWM,23,1.2258899211883545
China,2,FAABE_NO_IWM,24,1.2258899211883545
China,2,FAABE_NO_IWM,25,1.2258899211883545
China,2,FAABE_NO_IWM,26,1.2258899211883545
China,2,FAABE_NO_IWM,27,1.2258899211883545
China,2,FAABE_NO_IWM,28,1.2258899211883545
China,2,FAABE_NO_IWM,29,1.2231618165969849
China,2,FAABE_NO_IWM,30,1.2231618165969849
China,2,FAABE_NO_IWM,31,1.2231618165969849
China,2,FAABE_NO_IWM,32,1.2231618165969849
China,2,FAABE_NO_IWM,33,1.2231618165969849
China,2,FAABE_NO_IWM,34,1.2231618165969849
China,2,FAABE_NO_IWM,35,1.2231618165969849
China,2,FAABE_NO_IWM,36,1.2231618165969849
China,2,FAABE_NO_IWM,37,1.2231618165969849
China,2,FAABE_NO_IWM,38,1.2231618165969849
China,2,FAABE_NO_IWM,39,1.2231618165969849
China,2,FAABE_NO_IWM,40,1.2231618165969849
China,2,FAABE_NO_IWM,41,1.2231618165969849
China,2,FAABE_NO_IWM,42,1.2231618165969849
China,2,FAABE_NO_IWM,43,1.2231618165969849
China,2,FAABE_NO_IWM,44,1.2231618165969849
China,2,FAABE_NO_IWM,45,1.2231618165969849
China,2,FAABE_NO_IWM,46,1.2231618165969849
China,2,FAABE_NO_IWM,47,1.2231618165969849
China,2,FAABE_NO_IWM,48,1.213626742362976
China,2,FAABE_NO_IWM,49,1.213626742362976
China,2,FAABE_NO_IWM,50,1.213626742362976
China,2,FAABE_NO_IWM,51,1.213626742362976
China,2,FAABE_NO_IWM,52,1.213626742362976
China,2,FAABE_NO_IWM,53,1.213626742362976
China,2,FAABE_NO_IWM,54,1.213626742362976
China,2,FAABE_NO_IWM,55,1.213626742362976
China,2,FAABE_NO_IWM,56,1.213626742362976
China,2,FAABE_NO_IWM,57,1.213626742362976
China,2,FAABE_NO_IWM,58,1.213626742362976
China,2,FAABE_NO_IWM,59,1.213626742362976
China,2,FAABE_NO_IWM,60,1.213626742362976
China,2,FAABE_NO_IWM,61,1.213626742362976
China,2,FAABE_NO_IWM,62,1.213626742362976
China,2,FAABE_NO_IWM,63,1.213626742362976
China,2,FAABE_NO_IWM,64,1.213626742362976
China,2,FAABE_NO_IWM,65,1.213626742362976
China,2,FAABE_NO_IWM,66,1.213626742362976
China,2,FAABE_NO_IWM,67,1.213626742362976
China,2,FAABE_NO_IWM,68,1.213626742362976
China,2,FAABE_NO_IWM,69,1.213626742362976
China,2,FAABE_NO_IWM,70,1.213626742362976
China,2,FAABE_NO_IWM,71,1.213626742362976
China,2,FAABE_NO_IWM,72,1.213626742362976
China,2,FAABE_NO_IWM,73,1.213626742362976
China,2,FAABE_NO_IWM,74,1.213626742362976
China,2,FAABE_NO_IWM,75,1.2125731706619263
China,2,FAABE_NO_IWM,76,1.2125731706619263
China,2,FAABE_NO_IWM,77,1.2125731706619263
China,2,FAABE_NO_IWM,78,1.2125731706619263
China,2,FAABE_NO_IWM,79,1.2125731706619263
China,2,FAABE_NO_IWM,80,1.2125731706619263
China,2,FAABE_NO_IWM,81,1.2125731706619263
China,2,FAABE_NO_IWM,82,1.2125731706619263
China,2,FAABE_NO_IWM,83,1.2125731706619263
China,2,FAABE_NO_IWM,84,1.2125731706619263
China,2,FAABE_NO_IWM,85,1.2125731706619263
China,2,FAABE_NO_IWM,86,1.2125731706619263
China,2,FAABE_NO_IWM,87,1.2053989171981812
China,2,FAABE_NO_IWM,88,1.2053989171981812
China,2,FAABE_NO_IWM,89,1.2053989171981812
China,2,FAABE_NO_IWM,90,1.1944435834884644
China,2,FAABE_NO_IWM,91,1.1944435834884644
China,2,FAABE_NO_IWM,92,1.1944435834884644
China,2,FAABE_NO_IWM,93,1.1944435834884644
China,2,FAABE_NO_IWM,94,1.1944435834884644
China,2,FAABE_NO_IWM,95,1.1944435834884644
China,2,FAABE_NO_IWM,96,1.1944435834884644
China,2,FAABE_NO_IWM,97,1.1944435834884644
China,2,FAABE_NO_IWM,98,1.1944435834884644
China,2,FAABE_NO_IWM,99,1.1944435834884644
China,2,FAABE_NO_IWM,100,1.1944435834884644
China,2,FAABE_FULL,0,1.3041526079177856
China,2,FAABE_FULL,1,1.302198052406311
China,2,FAABE_FULL,2,1.2780678272247314
China,2,FAABE_FULL,3,1.2780678272247314
China,2,FAABE_FULL,4,1.2760684490203857
China,2,FAABE_FULL,5,1.2760684490203857
China,2,FAABE_FULL,6,1.2760684490203857
China,2,FAABE_FULL,7,1.2635822296142578
China,2,FAABE_FULL,8,1.2635822296142578
China,2,FAABE_FULL,9,1.262189507484436
China,2,FAABE_FULL,10,1.262189507484436
China,2,FAABE_FULL,11,1.2570419311523438
China,2,FAABE_FULL,12,1.2450549602508545
China,2,FAABE_FULL,13,1.2450549602508545
China,2,FAABE_FULL,14,1.2450549602508545
China,2,FAABE_FULL,15,1.2450549602508545
China,2,FAABE_FULL,16,1.2450549602508545
China,2,FAABE_FULL,17,1.2450549602508545
China,2,FAABE_FULL,18,1.2450549602508545
China,2,FAABE_FULL,19,1.2450549602508545
China,2,FAABE_FULL,20,1.2450549602508545
China,2,FAABE_FULL,21,1.2450549602508545
China,2,FAABE_FULL,22,1.2450549602508545
China,2,FAABE_FULL,23,1.2450549602508545
China,2,FAABE_FULL,24,1.2450549602508545
China,2,FAABE_FULL,25,1.2450549602508545
China,2,FAABE_FULL,26,1.2450549602508545
China,2,FAABE_FULL,27,1.2450549602508545
China,2,FAABE_FULL,28,1.2450549602508545
China,2,FAABE_FULL,29,1.2450549602508545
China,2,FAABE_FULL,30,1.2157162427902222
China,2,FAABE_FULL,31,1.2157162427902222
China,2,FAABE_FULL,32,1.2157162427902222
China,2,FAABE_FULL,33,1.2157162427902222
China,2,FAABE_FULL,34,1.2157162427902222
China,2,FAABE_FULL,35,1.2157162427902222
China,2,FAABE_FULL,36,1.2157162427902222
China,2,FAABE_FULL,37,1.2157162427902222
China,2,FAABE_FULL,38,1.2157162427902222
China,2,FAABE_FULL,39,1.2157162427902222
China,2,FAABE_FULL,40,1.2157162427902222
China,2,FAABE_FULL,41,1.2157162427902222
China,2,FAABE_FULL,42,1.2157162427902222
China,2,FAABE_FULL,43,1.2157162427902222
China,2,FAABE_FULL,44,1.2157162427902222
China,2,FAABE_FULL,45,1.2157162427902222
China,2,FAABE_FULL,46,1.2157162427902222
China,2,FAABE_FULL,47,1.2157162427902222
China,2,FAABE_FULL,48,1.2157162427902222
China,2,FAABE_FULL,49,1.2157162427902222
China,2,FAABE_FULL,50,1.2157162427902222
China,2,FAABE_FULL,51,1.2157162427902222
China,2,FAABE_FULL,52,1.2157162427902222
China,2,FAABE_FULL,53,1.2157162427902222
China,2,FAABE_FULL,54,1.2157162427902222
China,2,FAABE_FULL,55,1.2157162427902222
China,2,FAABE_FULL,56,1.2157162427902222
China,2,FAABE_FULL,57,1.2157162427902222
China,2,FAABE_FULL,58,1.2157162427902222
China,2,FAABE_FULL,59,1.2157162427902222
China,2,FAABE_FULL,60,1.2157162427902222
China,2,FAABE_FULL,61,1.2157162427902222
China,2,FAABE_FULL,62,1.2157162427902222
China,2,FAABE_FULL,63,1.2157162427902222
China,2,FAABE_FULL,64,1.2157162427902222
China,2,FAABE_FULL,65,1.2157162427902222
China,2,FAABE_FULL,66,1.2157162427902222
China,2,FAABE_FULL,67,1.2157162427902222
China,2,FAABE_FULL,68,1.2157162427902222
China,2,FAABE_FULL,69,1.2157162427902222
China,2,FAABE_FULL,70,1.2157162427902222
China,2,FAABE_FULL,71,1.2157162427902222
China,2,FAABE_FULL,72,1.2157162427902222
China,2,FAABE_FULL,73,1.2157162427902222
China,2,FAABE_FULL,74,1.2157162427902222
China,2,FAABE_FULL,75,1.2157162427902222
China,2,FAABE_FULL,76,1.2157162427902222
China,2,FAABE_FULL,77,1.2157162427902222
China,2,FAABE_FULL,78,1.2157162427902222
China,2,FAABE_FULL,79,1.2157162427902222
China,2,FAABE_FULL,80,1.2157162427902222
China,2,FAABE_FULL,81,1.2157162427902222
China,2,FAABE_FULL,82,1.2157162427902222
China,2,FAABE_FULL,83,1.2157162427902222
China,2,FAABE_FULL,84,1.2157162427902222
China,2,FAABE_FULL,85,1.2157162427902222
China,2,FAABE_FULL,86,1.2157162427902222
China,2,FAABE_FULL,87,1.2157162427902222
China,2,FAABE_FULL,88,1.2157162427902222
China,2,FAABE_FULL,89,1.2157162427902222
China,2,FAABE_FULL,90,1.2157162427902222
China,2,FAABE_FULL,91,1.2157162427902222
China,2,FAABE_FULL,92,1.2157162427902222
China,2,FAABE_FULL,93,1.2157162427902222
China,2,FAABE_FULL,94,1.2157162427902222
China,2,FAABE_FULL,95,1.2157162427902222
China,2,FAABE_FULL,96,1.2157162427902222
China,2,FAABE_FULL,97,1.2157162427902222
China,2,FAABE_FULL,98,1.2157162427902222
China,2,FAABE_FULL,99,1.2157162427902222
China,2,FAABE_FULL,100,1.2157162427902222
China,3,FAABE_NO_PEARSON,0,1.3848330974578857
China,3,FAABE_NO_PEARSON,1,1.3125478029251099
China,3,FAABE_NO_PEARSON,2,1.2454886436462402
China,3,FAABE_NO_PEARSON,3,1.2454886436462402
China,3,FAABE_NO_PEARSON,4,1.2071261405944824
China,3,FAABE_NO_PEARSON,5,1.2071261405944824
China,3,FAABE_NO_PEARSON,6,1.2071261405944824
China,3,FAABE_NO_PEARSON,7,1.2071261405944824
China,3,FAABE_NO_PEARSON,8,1.2071261405944824
China,3,FAABE_NO_PEARSON,9,1.2071261405944824
China,3,FAABE_NO_PEARSON,10,1.2071261405944824
China,3,FAABE_NO_PEARSON,11,1.2071261405944824
China,3,FAABE_NO_PEARSON,12,1.2071261405944824
China,3,FAABE_NO_PEARSON,13,1.2071261405944824
China,3,FAABE_NO_PEARSON,14,1.2071261405944824
China,3,FAABE_NO_PEARSON,15,1.2071261405944824
China,3,FAABE_NO_PEARSON,16,1.2071261405944824
China,3,FAABE_NO_PEARSON,17,1.2071261405944824
China,3,FAABE_NO_PEARSON,18,1.2071261405944824
China,3,FAABE_NO_PEARSON,19,1.2071261405944824
China,3,FAABE_NO_PEARSON,20,1.2071261405944824
China,3,FAABE_NO_PEARSON,21,1.2071261405944824
China,3,FAABE_NO_PEARSON,22,1.2071261405944824
China,3,FAABE_NO_PEARSON,23,1.2071261405944824
China,3,FAABE_NO_PEARSON,24,1.2071261405944824
China,3,FAABE_NO_PEARSON,25,1.2071261405944824
China,3,FAABE_NO_PEARSON,26,1.2071261405944824
China,3,FAABE_NO_PEARSON,27,1.2071261405944824
China,3,FAABE_NO_PEARSON,28,1.2071261405944824
China,3,FAABE_NO_PEARSON,29,1.2071261405944824
China,3,FAABE_NO_PEARSON,30,1.2071261405944824
China,3,FAABE_NO_PEARSON,31,1.2071261405944824
China,3,FAABE_NO_PEARSON,32,1.2071261405944824
China,3,FAABE_NO_PEARSON,33,1.2071261405944824
China,3,FAABE_NO_PEARSON,34,1.2071261405944824
China,3,FAABE_NO_PEARSON,35,1.2071261405944824
China,3,FAABE_NO_PEARSON,36,1.2071261405944824
China,3,FAABE_NO_PEARSON,37,1.2071261405944824
China,3,FAABE_NO_PEARSON,38,1.2071261405944824
China,3,FAABE_NO_PEARSON,39,1.2071261405944824
China,3,FAABE_NO_PEARSON,40,1.2071261405944824
China,3,FAABE_NO_PEARSON,41,1.2071261405944824
China,3,FAABE_NO_PEARSON,42,1.2071261405944824
China,3,FAABE_NO_PEARSON,43,1.2071261405944824
China,3,FAABE_NO_PEARSON,44,1.2071261405944824
China,3,FAABE_NO_PEARSON,45,1.2071261405944824
China,3,FAABE_NO_PEARSON,46,1.2071261405944824
China,3,FAABE_NO_PEARSON,47,1.2071261405944824
China,3,FAABE_NO_PEARSON,48,1.2071261405944824
China,3,FAABE_NO_PEARSON,49,1.2071261405944824
China,3,FAABE_NO_PEARSON,50,1.2071261405944824
China,3,FAABE_NO_PEARSON,51,1.2071261405944824
China,3,FAABE_NO_PEARSON,52,1.2071261405944824
China,3,FAABE_NO_PEARSON,53,1.2071261405944824
China,3,FAABE_NO_PEARSON,54,1.2071261405944824
China,3,FAABE_NO_PEARSON,55,1.2071261405944824
China,3,FAABE_NO_PEARSON,56,1.2071261405944824
China,3,FAABE_NO_PEARSON,57,1.2071261405944824
China,3,FAABE_NO_PEARSON,58,1.2071261405944824
China,3,FAABE_NO_PEARSON,59,1.2071261405944824
China,3,FAABE_NO_PEARSON,60,1.2071261405944824
China,3,FAABE_NO_PEARSON,61,1.2071261405944824
China,3,FAABE_NO_PEARSON,62,1.2071261405944824
China,3,FAABE_NO_PEARSON,63,1.1897305250167847
China,3,FAABE_NO_PEARSON,64,1.1897305250167847
China,3,FAABE_NO_PEARSON,65,1.1897305250167847
China,3,FAABE_NO_PEARSON,66,1.1897305250167847
China,3,FAABE_NO_PEARSON,67,1.1897305250167847
China,3,FAABE_NO_PEARSON,68,1.1897305250167847
China,3,FAABE_NO_PEARSON,69,1.1897305250167847
China,3,FAABE_NO_PEARSON,70,1.1897305250167847
China,3,FAABE_NO_PEARSON,71,1.1897305250167847
China,3,FAABE_NO_PEARSON,72,1.1897305250167847
China,3,FAABE_NO_PEARSON,73,1.1897305250167847
China,3,FAABE_NO_PEARSON,74,1.1897305250167847
China,3,FAABE_NO_PEARSON,75,1.1897305250167847
China,3,FAABE_NO_PEARSON,76,1.1897305250167847
China,3,FAABE_NO_PEARSON,77,1.1897305250167847
China,3,FAABE_NO_PEARSON,78,1.1897305250167847
China,3,FAABE_NO_PEARSON,79,1.1897305250167847
China,3,FAABE_NO_PEARSON,80,1.1897305250167847
China,3,FAABE_NO_PEARSON,81,1.1897305250167847
China,3,FAABE_NO_PEARSON,82,1.1897305250167847
China,3,FAABE_NO_PEARSON,83,1.1897305250167847
China,3,FAABE_NO_PEARSON,84,1.1897305250167847
China,3,FAABE_NO_PEARSON,85,1.1897305250167847
China,3,FAABE_NO_PEARSON,86,1.1897305250167847
China,3,FAABE_NO_PEARSON,87,1.1897305250167847
China,3,FAABE_NO_PEARSON,88,1.1897305250167847
China,3,FAABE_NO_PEARSON,89,1.1897305250167847
China,3,FAABE_NO_PEARSON,90,1.1897305250167847
China,3,FAABE_NO_PEARSON,91,1.1897305250167847
China,3,FAABE_NO_PEARSON,92,1.1897305250167847
China,3,FAABE_NO_PEARSON,93,1.1897305250167847
China,3,FAABE_NO_PEARSON,94,1.1897305250167847
China,3,FAABE_NO_PEARSON,95,1.1897305250167847
China,3,FAABE_NO_PEARSON,96,1.1897305250167847
China,3,FAABE_NO_PEARSON,97,1.1897305250167847
China,3,FAABE_NO_PEARSON,98,1.1897305250167847
China,3,FAABE_NO_PEARSON,99,1.1897305250167847
China,3,FAABE_NO_PEARSON,100,1.1897305250167847
China,3,FAABE_NO_IWM,0,1.3653509616851807
China,3,FAABE_NO_IWM,1,1.2894173860549927
China,3,FAABE_NO_IWM,2,1.2574436664581299
China,3,FAABE_NO_IWM,3,1.2574436664581299
China,3,FAABE_NO_IWM,4,1.2574436664581299
China,3,FAABE_NO_IWM,5,1.2217904329299927
China,3,FAABE_NO_IWM,6,1.2217904329299927
China,3,FAABE_NO_IWM,7,1.2217904329299927
China,3,FAABE_NO_IWM,8,1.2217904329299927
China,3,FAABE_NO_IWM,9,1.2217904329299927
China,3,FAABE_NO_IWM,10,1.2217904329299927
China,3,FAABE_NO_IWM,11,1.2217904329299927
China,3,FAABE_NO_IWM,12,1.2217904329299927
China,3,FAABE_NO_IWM,13,1.2217904329299927
China,3,FAABE_NO_IWM,14,1.2217904329299927
China,3,FAABE_NO_IWM,15,1.2217904329299927
China,3,FAABE_NO_IWM,16,1.2217904329299927
China,3,FAABE_NO_IWM,17,1.2217904329299927
China,3,FAABE_NO_IWM,18,1.2215650081634521
China,3,FAABE_NO_IWM,19,1.2215650081634521
China,3,FAABE_NO_IWM,20,1.2215650081634521
China,3,FAABE_NO_IWM,21,1.2215650081634521
China,3,FAABE_NO_IWM,22,1.2215650081634521
China,3,FAABE_NO_IWM,23,1.2215650081634521
China,3,FAABE_NO_IWM,24,1.2215650081634521
China,3,FAABE_NO_IWM,25,1.2215650081634521
China,3,FAABE_NO_IWM,26,1.2215650081634521
China,3,FAABE_NO_IWM,27,1.2215650081634521
China,3,FAABE_NO_IWM,28,1.2215650081634521
China,3,FAABE_NO_IWM,29,1.2215650081634521
China,3,FAABE_NO_IWM,30,1.2215650081634521
China,3,FAABE_NO_IWM,31,1.2215650081634521
China,3,FAABE_NO_IWM,32,1.2215650081634521
China,3,FAABE_NO_IWM,33,1.2215650081634521
China,3,FAABE_NO_IWM,34,1.2215650081634521
China,3,FAABE_NO_IWM,35,1.2215650081634521
China,3,FAABE_NO_IWM,36,1.2215650081634521
China,3,FAABE_NO_IWM,37,1.2215650081634521
China,3,FAABE_NO_IWM,38,1.2215650081634521
China,3,FAABE_NO_IWM,39,1.2173010110855103
China,3,FAABE_NO_IWM,40,1.2173010110855103
China,3,FAABE_NO_IWM,41,1.2173010110855103
China,3,FAABE_NO_IWM,42,1.2173010110855103
China,3,FAABE_NO_IWM,43,1.2173010110855103
China,3,FAABE_NO_IWM,44,1.2173010110855103
China,3,FAABE_NO_IWM,45,1.2173010110855103
China,3,FAABE_NO_IWM,46,1.2173010110855103
China,3,FAABE_NO_IWM,47,1.2173010110855103
China,3,FAABE_NO_IWM,48,1.2173010110855103
China,3,FAABE_NO_IWM,49,1.2173010110855103
China,3,FAABE_NO_IWM,50,1.2173010110855103
China,3,FAABE_NO_IWM,51,1.2173010110855103
China,3,FAABE_NO_IWM,52,1.2173010110855103
China,3,FAABE_NO_IWM,53,1.2173010110855103
China,3,FAABE_NO_IWM,54,1.2173010110855103
China,3,FAABE_NO_IWM,55,1.2173010110855103
China,3,FAABE_NO_IWM,56,1.2173010110855103
China,3,FAABE_NO_IWM,57,1.2173010110855103
China,3,FAABE_NO_IWM,58,1.2173010110855103
China,3,FAABE_NO_IWM,59,1.2173010110855103
China,3,FAABE_NO_IWM,60,1.2173010110855103
China,3,FAABE_NO_IWM,61,1.2173010110855103
China,3,FAABE_NO_IWM,62,1.2173010110855103
China,3,FAABE_NO_IWM,63,1.2173010110855103
China,3,FAABE_NO_IWM,64,1.2097793817520142
China,3,FAABE_NO_IWM,65,1.2097793817520142
China,3,FAABE_NO_IWM,66,1.2097793817520142
China,3,FAABE_NO_IWM,67,1.2097793817520142
China,3,FAABE_NO_IWM,68,1.2097793817520142
China,3,FAABE_NO_IWM,69,1.2097793817520142
China,3,FAABE_NO_IWM,70,1.2097793817520142
China,3,FAABE_NO_IWM,71,1.2097793817520142
China,3,FAABE_NO_IWM,72,1.2097793817520142
China,3,FAABE_NO_IWM,73,1.2097793817520142
China,3,FAABE_NO_IWM,74,1.2097793817520142
China,3,FAABE_NO_IWM,75,1.2097793817520142
China,3,FAABE_NO_IWM,76,1.2097793817520142
China,3,FAABE_NO_IWM,77,1.2097793817520142
China,3,FAABE_NO_IWM,78,1.2097793817520142
China,3,FAABE_NO_IWM,79,1.2097793817520142
China,3,FAABE_NO_IWM,80,1.2097793817520142
China,3,FAABE_NO_IWM,81,1.2097793817520142
China,3,FAABE_NO_IWM,82,1.2097793817520142
China,3,FAABE_NO_IWM,83,1.2097793817520142
China,3,FAABE_NO_IWM,84,1.2097793817520142
China,3,FAABE_NO_IWM,85,1.2097793817520142
China,3,FAABE_NO_IWM,86,1.2097793817520142
China,3,FAABE_NO_IWM,87,1.2097793817520142
China,3,FAABE_NO_IWM,88,1.2097793817520142
China,3,FAABE_NO_IWM,89,1.2097793817520142
China,3,FAABE_NO_IWM,90,1.2097793817520142
China,3,FAABE_NO_IWM,91,1.2097793817520142
China,3,FAABE_NO_IWM,92,1.2097793817520142
China,3,FAABE_NO_IWM,93,1.2097793817520142
China,3,FAABE_NO_IWM,94,1.2097793817520142
China,3,FAABE_NO_IWM,95,1.2097793817520142
China,3,FAABE_NO_IWM,96,1.2097793817520142
China,3,FAABE_NO_IWM,97,1.2097793817520142
China,3,FAABE_NO_IWM,98,1.2097793817520142
China,3,FAABE_NO_IWM,99,1.2097793817520142
China,3,FAABE_NO_IWM,100,1.2097793817520142
China,3,FAABE_FULL,0,1.3063706159591675
China,3,FAABE_FULL,1,1.2813279628753662
China,3,FAABE_FULL,2,1.2784035205841064
China,3,FAABE_FULL,3,1.2784035205841064
China,3,FAABE_FULL,4,1.2654000520706177
China,3,FAABE_FULL,5,1.2563501596450806
China,3,FAABE_FULL,6,1.247300386428833
China,3,FAABE_FULL,7,1.247300386428833
China,3,FAABE_FULL,8,1.247300386428833
China,3,FAABE_FULL,9,1.247300386428833
China,3,FAABE_FULL,10,1.247300386428833
China,3,FAABE_FULL,11,1.247300386428833
China,3,FAABE_FULL,12,1.247300386428833
China,3,FAABE_FULL,13,1.247300386428833
China,3,FAABE_FULL,14,1.247300386428833
China,3,FAABE_FULL,15,1.247300386428833
China,3,FAABE_FULL,16,1.247300386428833
China,3,FAABE_FULL,17,1.247300386428833
China,3,FAABE_FULL,18,1.247300386428833
China,3,FAABE_FULL,19,1.247300386428833
China,3,FAABE_FULL,20,1.247300386428833
China,3,FAABE_FULL,21,1.247300386428833
China,3,FAABE_FULL,22,1.247300386428833
China,3,FAABE_FULL,23,1.247300386428833
China,3,FAABE_FULL,24,1.247300386428833
China,3,FAABE_FULL,25,1.247300386428833
China,3,FAABE_FULL,26,1.247300386428833
China,3,FAABE_FULL,27,1.247300386428833
China,3,FAABE_FULL,28,1.247300386428833
China,3,FAABE_FULL,29,1.247300386428833
China,3,FAABE_FULL,30,1.247300386428833
China,3,FAABE_FULL,31,1.247300386428833
China,3,FAABE_FULL,32,1.247300386428833
China,3,FAABE_FULL,33,1.247300386428833
China,3,FAABE_FULL,34,1.247300386428833
China,3,FAABE_FULL,35,1.247300386428833
China,3,FAABE_FULL,36,1.247300386428833
China,3,FAABE_FULL,37,1.247300386428833
China,3,FAABE_FULL,38,1.247300386428833
China,3,FAABE_FULL,39,1.247300386428833
China,3,FAABE_FULL,40,1.247300386428833
China,3,FAABE_FULL,41,1.247300386428833
China,3,FAABE_FULL,42,1.247300386428833
China,3,FAABE_FULL,43,1.247300386428833
China,3,FAABE_FULL,44,1.247300386428833
China,3,FAABE_FULL,45,1.247300386428833
China,3,FAABE_FULL,46,1.247300386428833
China,3,FAABE_FULL,47,1.247300386428833
China,3,FAABE_FULL,48,1.247300386428833
China,3,FAABE_FULL,49,1.247300386428833
China,3,FAABE_FULL,50,1.247300386428833
China,3,FAABE_FULL,51,1.247300386428833
China,3,FAABE_FULL,52,1.247300386428833
China,3,FAABE_FULL,53,1.247300386428833
China,3,FAABE_FULL,54,1.247300386428833
China,3,FAABE_FULL,55,1.247300386428833
China,3,FAABE_FULL,56,1.247300386428833
China,3,FAABE_FULL,57,1.247300386428833
China,3,FAABE_FULL,58,1.247300386428833
China,3,FAABE_FULL,59,1.247300386428833
China,3,FAABE_FULL,60,1.238224983215332
China,3,FAABE_FULL,61,1.238224983215332
China,3,FAABE_FULL,62,1.238224983215332
China,3,FAABE_FULL,63,1.238224983215332
China,3,FAABE_FULL,64,1.238224983215332
China,3,FAABE_FULL,65,1.238224983215332
China,3,FAABE_FULL,66,1.238224983215332
China,3,FAABE_FULL,67,1.238224983215332
China,3,FAABE_FULL,68,1.238224983215332
China,3,FAABE_FULL,69,1.238224983215332
China,3,FAABE_FULL,70,1.238224983215332
China,3,FAABE_FULL,71,1.238224983215332
China,3,FAABE_FULL,72,1.238224983215332
China,3,FAABE_FULL,73,1.238224983215332
China,3,FAABE_FULL,74,1.238224983215332
China,3,FAABE_FULL,75,1.2115581035614014
China,3,FAABE_FULL,76,1.2115581035614014
China,3,FAABE_FULL,77,1.2115581035614014
China,3,FAABE_FULL,78,1.2115581035614014
China,3,FAABE_FULL,79,1.2115581035614014
China,3,FAABE_FULL,80,1.2115581035614014
China,3,FAABE_FULL,81,1.2115581035614014
China,3,FAABE_FULL,82,1.2115581035614014
China,3,FAABE_FULL,83,1.2115581035614014
China,3,FAABE_FULL,84,1.2115581035614014
China,3,FAABE_FULL,85,1.2115581035614014
China,3,FAABE_FULL,86,1.2115581035614014
China,3,FAABE_FULL,87,1.2115581035614014
China,3,FAABE_FULL,88,1.2115581035614014
China,3,FAABE_FULL,89,1.2115581035614014
China,3,FAABE_FULL,90,1.2115581035614014
China,3,FAABE_FULL,91,1.2115581035614014
China,3,FAABE_FULL,92,1.2115581035614014
China,3,FAABE_FULL,93,1.2115581035614014
China,3,FAABE_FULL,94,1.2115581035614014
China,3,FAABE_FULL,95,1.2115581035614014
China,3,FAABE_FULL,96,1.2115581035614014
China,3,FAABE_FULL,97,1.2115581035614014
China,3,FAABE_FULL,98,1.2115581035614014
China,3,FAABE_FULL,99,1.2115581035614014
China,3,FAABE_FULL,100,1.2115581035614014
China,4,FAABE_NO_PEARSON,0,1.3390322923660278
China,4,FAABE_NO_PEARSON,1,1.25423264503479
China,4,FAABE_NO_PEARSON,2,1.25423264503479
China,4,FAABE_NO_PEARSON,3,1.25423264503479
China,4,FAABE_NO_PEARSON,4,1.25423264503479
China,4,FAABE_NO_PEARSON,5,1.25423264503479
China,4,FAABE_NO_PEARSON,6,1.25423264503479
China,4,FAABE_NO_PEARSON,7,1.25423264503479
China,4,FAABE_NO_PEARSON,8,1.2452532052993774
China,4,FAABE_NO_PEARSON,9,1.2452532052993774
China,4,FAABE_NO_PEARSON,10,1.243476390838623
China,4,FAABE_NO_PEARSON,11,1.2263681888580322
China,4,FAABE_NO_PEARSON,12,1.1910905838012695
China,4,FAABE_NO_PEARSON,13,1.1910905838012695
China,4,FAABE_NO_PEARSON,14,1.1910905838012695
China,4,FAABE_NO_PEARSON,15,1.1910905838012695
China,4,FAABE_NO_PEARSON,16,1.1910905838012695
China,4,FAABE_NO_PEARSON,17,1.1813006401062012
China,4,FAABE_NO_PEARSON,18,1.1813006401062012
China,4,FAABE_NO_PEARSON,19,1.1813006401062012
China,4,FAABE_NO_PEARSON,20,1.1813006401062012
China,4,FAABE_NO_PEARSON,21,1.1813006401062012
China,4,FAABE_NO_PEARSON,22,1.1813006401062012
China,4,FAABE_NO_PEARSON,23,1.1590038537979126
China,4,FAABE_NO_PEARSON,24,1.1590038537979126
China,4,FAABE_NO_PEARSON,25,1.1590038537979126
China,4,FAABE_NO_PEARSON,26,1.1590038537979126
China,4,FAABE_NO_PEARSON,27,1.1590038537979126
China,4,FAABE_NO_PEARSON,28,1.1590038537979126
China,4,FAABE_NO_PEARSON,29,1.1590038537979126
China,4,FAABE_NO_PEARSON,30,1.1590038537979126
China,4,FAABE_NO_PEARSON,31,1.1590038537979126
China,4,FAABE_NO_PEARSON,32,1.1590038537979126
China,4,FAABE_NO_PEARSON,33,1.1590038537979126
China,4,FAABE_NO_PEARSON,34,1.1590038537979126
China,4,FAABE_NO_PEARSON,35,1.1590038537979126
China,4,FAABE_NO_PEARSON,36,1.1590038537979126
China,4,FAABE_NO_PEARSON,37,1.1590038537979126
China,4,FAABE_NO_PEARSON,38,1.1590038537979126
China,4,FAABE_NO_PEARSON,39,1.1590038537979126
China,4,FAABE_NO_PEARSON,40,1.1590038537979126
China,4,FAABE_NO_PEARSON,41,1.1590038537979126
China,4,FAABE_NO_PEARSON,42,1.1590038537979126
China,4,FAABE_NO_PEARSON,43,1.1590038537979126
China,4,FAABE_NO_PEARSON,44,1.1590038537979126
China,4,FAABE_NO_PEARSON,45,1.1590038537979126
China,4,FAABE_NO_PEARSON,46,1.1590038537979126
China,4,FAABE_NO_PEARSON,47,1.1590038537979126
China,4,FAABE_NO_PEARSON,48,1.1590038537979126
China,4,FAABE_NO_PEARSON,49,1.1590038537979126
China,4,FAABE_NO_PEARSON,50,1.1590038537979126
China,4,FAABE_NO_PEARSON,51,1.1590038537979126
China,4,FAABE_NO_PEARSON,52,1.1590038537979126
China,4,FAABE_NO_PEARSON,53,1.1590038537979126
China,4,FAABE_NO_PEARSON,54,1.1590038537979126
China,4,FAABE_NO_PEARSON,55,1.1590038537979126
China,4,FAABE_NO_PEARSON,56,1.1590038537979126
China,4,FAABE_NO_PEARSON,57,1.1590038537979126
China,4,FAABE_NO_PEARSON,58,1.1590038537979126
China,4,FAABE_NO_PEARSON,59,1.1590038537979126
China,4,FAABE_NO_PEARSON,60,1.1590038537979126
China,4,FAABE_NO_PEARSON,61,1.1590038537979126
China,4,FAABE_NO_PEARSON,62,1.1590038537979126
China,4,FAABE_NO_PEARSON,63,1.1590038537979126
China,4,FAABE_NO_PEARSON,64,1.1590038537979126
China,4,FAABE_NO_PEARSON,65,1.1590038537979126
China,4,FAABE_NO_PEARSON,66,1.1590038537979126
China,4,FAABE_NO_PEARSON,67,1.1590038537979126
China,4,FAABE_NO_PEARSON,68,1.1590038537979126
China,4,FAABE_NO_PEARSON,69,1.1590038537979126
China,4,FAABE_NO_PEARSON,70,1.1590038537979126
China,4,FAABE_NO_PEARSON,71,1.1590038537979126
China,4,FAABE_NO_PEARSON,72,1.1590038537979126
China,4,FAABE_NO_PEARSON,73,1.1590038537979126
China,4,FAABE_NO_PEARSON,74,1.1590038537979126
China,4,FAABE_NO_PEARSON,75,1.1590038537979126
China,4,FAABE_NO_PEARSON,76,1.1590038537979126
China,4,FAABE_NO_PEARSON,77,1.1590038537979126
China,4,FAABE_NO_PEARSON,78,1.1590038537979126
China,4,FAABE_NO_PEARSON,79,1.1590038537979126
China,4,FAABE_NO_PEARSON,80,1.1590038537979126
China,4,FAABE_NO_PEARSON,81,1.1590038537979126
China,4,FAABE_NO_PEARSON,82,1.1590038537979126
China,4,FAABE_NO_PEARSON,83,1.1590038537979126
China,4,FAABE_NO_PEARSON,84,1.1590038537979126
China,4,FAABE_NO_PEARSON,85,1.1590038537979126
China,4,FAABE_NO_PEARSON,86,1.1590038537979126
China,4,FAABE_NO_PEARSON,87,1.1590038537979126
China,4,FAABE_NO_PEARSON,88,1.1590038537979126
China,4,FAABE_NO_PEARSON,89,1.1590038537979126
China,4,FAABE_NO_PEARSON,90,1.1590038537979126
China,4,FAABE_NO_PEARSON,91,1.1590038537979126
China,4,FAABE_NO_PEARSON,92,1.1590038537979126
China,4,FAABE_NO_PEARSON,93,1.1590038537979126
China,4,FAABE_NO_PEARSON,94,1.1590038537979126
China,4,FAABE_NO_PEARSON,95,1.1590038537979126
China,4,FAABE_NO_PEARSON,96,1.1590038537979126
China,4,FAABE_NO_PEARSON,97,1.1590038537979126
China,4,FAABE_NO_PEARSON,98,1.1590038537979126
China,4,FAABE_NO_PEARSON,99,1.1590038537979126
China,4,FAABE_NO_PEARSON,100,1.1590038537979126
China,4,FAABE_NO_IWM,0,1.2946600914001465
China,4,FAABE_NO_IWM,1,1.2840149402618408
China,4,FAABE_NO_IWM,2,1.248347282409668
China,4,FAABE_NO_IWM,3,1.2348096370697021
China,4,FAABE_NO_IWM,4,1.2172964811325073
China,4,FAABE_NO_IWM,5,1.175291657447815
China,4,FAABE_NO_IWM,6,1.175291657447815
China,4,FAABE_NO_IWM,7,1.1197012662887573
China,4,FAABE_NO_IWM,8,1.1197012662887573
China,4,FAABE_NO_IWM,9,1.1197012662887573
China,4,FAABE_NO_IWM,10,1.1197012662887573
China,4,FAABE_NO_IWM,11,1.1197012662887573
China,4,FAABE_NO_IWM,12,1.1197012662887573
China,4,FAABE_NO_IWM,13,1.1197012662887573
China,4,FAABE_NO_IWM,14,1.1197012662887573
China,4,FAABE_NO_IWM,15,1.1197012662887573
China,4,FAABE_NO_IWM,16,1.1197012662887573
China,4,FAABE_NO_IWM,17,1.1197012662887573
China,4,FAABE_NO_IWM,18,1.1197012662887573
China,4,FAABE_NO_IWM,19,1.1197012662887573
China,4,FAABE_NO_IWM,20,1.1197012662887573
China,4,FAABE_NO_IWM,21,1.1197012662887573
China,4,FAABE_NO_IWM,22,1.1197012662887573
China,4,FAABE_NO_IWM,23,1.1197012662887573
China,4,FAABE_NO_IWM,24,1.1197012662887573
China,4,FAABE_NO_IWM,25,1.1197012662887573
China,4,FAABE_NO_IWM,26,1.1197012662887573
China,4,FAABE_NO_IWM,27,1.1197012662887573
China,4,FAABE_NO_IWM,28,1.1197012662887573
China,4,FAABE_NO_IWM,29,1.1197012662887573
China,4,FAABE_NO_IWM,30,1.1197012662887573
China,4,FAABE_NO_IWM,31,1.1197012662887573
China,4,FAABE_NO_IWM,32,1.1197012662887573
China,4,FAABE_NO_IWM,33,1.1197012662887573
China,4,FAABE_NO_IWM,34,1.1197012662887573
China,4,FAABE_NO_IWM,35,1.1197012662887573
China,4,FAABE_NO_IWM,36,1.1197012662887573
China,4,FAABE_NO_IWM,37,1.1197012662887573
China,4,FAABE_NO_IWM,38,1.1197012662887573
China,4,FAABE_NO_IWM,39,1.1197012662887573
China,4,FAABE_NO_IWM,40,1.1197012662887573
China,4,FAABE_NO_IWM,41,1.1197012662887573
China,4,FAABE_NO_IWM,42,1.1197012662887573
China,4,FAABE_NO_IWM,43,1.1197012662887573
China,4,FAABE_NO_IWM,44,1.1197012662887573
China,4,FAABE_NO_IWM,45,1.1197012662887573
China,4,FAABE_NO_IWM,46,1.1197012662887573
China,4,FAABE_NO_IWM,47,1.1197012662887573
China,4,FAABE_NO_IWM,48,1.1197012662887573
China,4,FAABE_NO_IWM,49,1.1197012662887573
China,4,FAABE_NO_IWM,50,1.1197012662887573
China,4,FAABE_NO_IWM,51,1.1197012662887573
China,4,FAABE_NO_IWM,52,1.1197012662887573
China,4,FAABE_NO_IWM,53,1.1197012662887573
China,4,FAABE_NO_IWM,54,1.1197012662887573
China,4,FAABE_NO_IWM,55,1.1197012662887573
China,4,FAABE_NO_IWM,56,1.1197012662887573
China,4,FAABE_NO_IWM,57,1.1197012662887573
China,4,FAABE_NO_IWM,58,1.1197012662887573
China,4,FAABE_NO_IWM,59,1.1197012662887573
China,4,FAABE_NO_IWM,60,1.1197012662887573
China,4,FAABE_NO_IWM,61,1.1197012662887573
China,4,FAABE_NO_IWM,62,1.1197012662887573
China,4,FAABE_NO_IWM,63,1.1197012662887573
China,4,FAABE_NO_IWM,64,1.1197012662887573
China,4,FAABE_NO_IWM,65,1.1197012662887573
China,4,FAABE_NO_IWM,66,1.1197012662887573
China,4,FAABE_NO_IWM,67,1.1197012662887573
China,4,FAABE_NO_IWM,68,1.1197012662887573
China,4,FAABE_NO_IWM,69,1.1197012662887573
China,4,FAABE_NO_IWM,70,1.1197012662887573
China,4,FAABE_NO_IWM,71,1.1197012662887573
China,4,FAABE_NO_IWM,72,1.1197012662887573
China,4,FAABE_NO_IWM,73,1.1197012662887573
China,4,FAABE_NO_IWM,74,1.1197012662887573
China,4,FAABE_NO_IWM,75,1.1197012662887573
China,4,FAABE_NO_IWM,76,1.1197012662887573
China,4,FAABE_NO_IWM,77,1.1197012662887573
China,4,FAABE_NO_IWM,78,1.1197012662887573
China,4,FAABE_NO_IWM,79,1.1197012662887573
China,4,FAABE_NO_IWM,80,1.1197012662887573
China,4,FAABE_NO_IWM,81,1.1197012662887573
China,4,FAABE_NO_IWM,82,1.1197012662887573
China,4,FAABE_NO_IWM,83,1.1197012662887573
China,4,FAABE_NO_IWM,84,1.1197012662887573
China,4,FAABE_NO_IWM,85,1.1197012662887573
China,4,FAABE_NO_IWM,86,1.1197012662887573
China,4,FAABE_NO_IWM,87,1.1197012662887573
China,4,FAABE_NO_IWM,88,1.1197012662887573
China,4,FAABE_NO_IWM,89,1.1197012662887573
China,4,FAABE_NO_IWM,90,1.1197012662887573
China,4,FAABE_NO_IWM,91,1.1197012662887573
China,4,FAABE_NO_IWM,92,1.1197012662887573
China,4,FAABE_NO_IWM,93,1.1197012662887573
China,4,FAABE_NO_IWM,94,1.1197012662887573
China,4,FAABE_NO_IWM,95,1.1197012662887573
China,4,FAABE_NO_IWM,96,1.1197012662887573
China,4,FAABE_NO_IWM,97,1.1197012662887573
China,4,FAABE_NO_IWM,98,1.1197012662887573
China,4,FAABE_NO_IWM,99,1.1197012662887573
China,4,FAABE_NO_IWM,100,1.1197012662887573
China,4,FAABE_FULL,0,1.2920429706573486
China,4,FAABE_FULL,1,1.2377595901489258
China,4,FAABE_FULL,2,1.1686822175979614
China,4,FAABE_FULL,3,1.1686822175979614
China,4,FAABE_FULL,4,1.1686822175979614
China,4,FAABE_FULL,5,1.1686822175979614
China,4,FAABE_FULL,6,1.1686822175979614
China,4,FAABE_FULL,7,1.1686822175979614
China,4,FAABE_FULL,8,1.1686822175979614
China,4,FAABE_FULL,9,1.1686822175979614
China,4,FAABE_FULL,10,1.1686822175979614
China,4,FAABE_FULL,11,1.1686822175979614
China,4,FAABE_FULL,12,1.1686822175979614
China,4,FAABE_FULL,13,1.1645530462265015
China,4,FAABE_FULL,14,1.1645530462265015
China,4,FAABE_FULL,15,1.158157467842102
China,4,FAABE_FULL,16,1.158157467842102
China,4,FAABE_FULL,17,1.158157467842102
China,4,FAABE_FULL,18,1.158157467842102
China,4,FAABE_FULL,19,1.158157467842102
China,4,FAABE_FULL,20,1.158157467842102
China,4,FAABE_FULL,21,1.158157467842102
China,4,FAABE_FULL,22,1.158157467842102
China,4,FAABE_FULL,23,1.156551480293274
China,4,FAABE_FULL,24,1.1380615234375
China,4,FAABE_FULL,25,1.1380615234375
China,4,FAABE_FULL,26,1.1380615234375
China,4,FAABE_FULL,27,1.1241611242294312
China,4,FAABE_FULL,28,1.1241611242294312
China,4,FAABE_FULL,29,1.1241611242294312
China,4,FAABE_FULL,30,1.1241611242294312
China,4,FAABE_FULL,31,1.1241611242294312
China,4,FAABE_FULL,32,1.1241611242294312
China,4,FAABE_FULL,33,1.1241611242294312
China,4,FAABE_FULL,34,1.1241611242294312
China,4,FAABE_FULL,35,1.1241611242294312
China,4,FAABE_FULL,36,1.1241611242294312
China,4,FAABE_FULL,37,1.1241611242294312
China,4,FAABE_FULL,38,1.1241611242294312
China,4,FAABE_FULL,39,1.1241611242294312
China,4,FAABE_FULL,40,1.1241611242294312
China,4,FAABE_FULL,41,1.1241611242294312
China,4,FAABE_FULL,42,1.1241611242294312
China,4,FAABE_FULL,43,1.1241611242294312
China,4,FAABE_FULL,44,1.1241611242294312
China,4,FAABE_FULL,45,1.1241611242294312
China,4,FAABE_FULL,46,1.1241611242294312
China,4,FAABE_FULL,47,1.1241611242294312
China,4,FAABE_FULL,48,1.1241611242294312
China,4,FAABE_FULL,49,1.1241611242294312
China,4,FAABE_FULL,50,1.1241611242294312
China,4,FAABE_FULL,51,1.1241611242294312
China,4,FAABE_FULL,52,1.1241611242294312
China,4,FAABE_FULL,53,1.1241611242294312
China,4,FAABE_FULL,54,1.1241611242294312
China,4,FAABE_FULL,55,1.1241611242294312
China,4,FAABE_FULL,56,1.1241611242294312
China,4,FAABE_FULL,57,1.1241611242294312
China,4,FAABE_FULL,58,1.1241611242294312
China,4,FAABE_FULL,59,1.1241611242294312
China,4,FAABE_FULL,60,1.1241611242294312
China,4,FAABE_FULL,61,1.1241611242294312
China,4,FAABE_FULL,62,1.123847246170044
China,4,FAABE_FULL,63,1.123847246170044
China,4,FAABE_FULL,64,1.123847246170044
China,4,FAABE_FULL,65,1.123847246170044
China,4,FAABE_FULL,66,1.123847246170044
China,4,FAABE_FULL,67,1.123847246170044
China,4,FAABE_FULL,68,1.123847246170044
China,4,FAABE_FULL,69,1.123847246170044
China,4,FAABE_FULL,70,1.123847246170044
China,4,FAABE_FULL,71,1.123847246170044
China,4,FAABE_FULL,72,1.123847246170044
China,4,FAABE_FULL,73,1.123847246170044
China,4,FAABE_FULL,74,1.123847246170044
China,4,FAABE_FULL,75,1.123847246170044
China,4,FAABE_FULL,76,1.123847246170044
China,4,FAABE_FULL,77,1.123847246170044
China,4,FAABE_FULL,78,1.123847246170044
China,4,FAABE_FULL,79,1.123847246170044
China,4,FAABE_FULL,80,1.123847246170044
China,4,FAABE_FULL,81,1.123847246170044
China,4,FAABE_FULL,82,1.123847246170044
China,4,FAABE_FULL,83,1.123847246170044
China,4,FAABE_FULL,84,1.123847246170044
China,4,FAABE_FULL,85,1.123847246170044
China,4,FAABE_FULL,86,1.123847246170044
China,4,FAABE_FULL,87,1.123847246170044
China,4,FAABE_FULL,88,1.123847246170044
China,4,FAABE_FULL,89,1.123847246170044
China,4,FAABE_FULL,90,1.123847246170044
China,4,FAABE_FULL,91,1.123847246170044
China,4,FAABE_FULL,92,1.123847246170044
China,4,FAABE_FULL,93,1.123847246170044
China,4,FAABE_FULL,94,1.123847246170044
China,4,FAABE_FULL,95,1.1079490184783936
China,4,FAABE_FULL,96,1.1079490184783936
China,4,FAABE_FULL,97,1.1079490184783936
China,4,FAABE_FULL,98,1.1079490184783936
China,4,FAABE_FULL,99,1.1079490184783936
China,4,FAABE_FULL,100,1.1079490184783936
China,5,FAABE_NO_PEARSON,0,1.3012880086898804
China,5,FAABE_NO_PEARSON,1,1.288283109664917
China,5,FAABE_NO_PEARSON,2,1.2339696884155273
China,5,FAABE_NO_PEARSON,3,1.2339696884155273
China,5,FAABE_NO_PEARSON,4,1.2154139280319214
China,5,FAABE_NO_PEARSON,5,1.2154139280319214
China,5,FAABE_NO_PEARSON,6,1.2154139280319214
China,5,FAABE_NO_PEARSON,7,1.2154139280319214
China,5,FAABE_NO_PEARSON,8,1.2128849029541016
China,5,FAABE_NO_PEARSON,9,1.2128849029541016
China,5,FAABE_NO_PEARSON,10,1.2128849029541016
China,5,FAABE_NO_PEARSON,11,1.2128849029541016
China,5,FAABE_NO_PEARSON,12,1.2128849029541016
China,5,FAABE_NO_PEARSON,13,1.2115191221237183
China,5,FAABE_NO_PEARSON,14,1.2115191221237183
China,5,FAABE_NO_PEARSON,15,1.2115191221237183
China,5,FAABE_NO_PEARSON,16,1.2115191221237183
China,5,FAABE_NO_PEARSON,17,1.2115191221237183
China,5,FAABE_NO_PEARSON,18,1.2115191221237183
China,5,FAABE_NO_PEARSON,19,1.2115191221237183
China,5,FAABE_NO_PEARSON,20,1.2115191221237183
China,5,FAABE_NO_PEARSON,21,1.2115191221237183
China,5,FAABE_NO_PEARSON,22,1.2115191221237183
China,5,FAABE_NO_PEARSON,23,1.2115191221237183
China,5,FAABE_NO_PEARSON,24,1.2115191221237183
China,5,FAABE_NO_PEARSON,25,1.2052322626113892
China,5,FAABE_NO_PEARSON,26,1.2052322626113892
China,5,FAABE_NO_PEARSON,27,1.2052322626113892
China,5,FAABE_NO_PEARSON,28,1.2052322626113892
China,5,FAABE_NO_PEARSON,29,1.2052322626113892
China,5,FAABE_NO_PEARSON,30,1.2052322626113892
China,5,FAABE_NO_PEARSON,31,1.2052322626113892
China,5,FAABE_NO_PEARSON,32,1.2052322626113892
China,5,FAABE_NO_PEARSON,33,1.2052322626113892
China,5,FAABE_NO_PEARSON,34,1.2052322626113892
China,5,FAABE_NO_PEARSON,35,1.2052322626113892
China,5,FAABE_NO_PEARSON,36,1.2052322626113892
China,5,FAABE_NO_PEARSON,37,1.2052322626113892
China,5,FAABE_NO_PEARSON,38,1.2052322626113892
China,5,FAABE_NO_PEARSON,39,1.2052322626113892
China,5,FAABE_NO_PEARSON,40,1.2052322626113892
China,5,FAABE_NO_PEARSON,41,1.2052322626113892
China,5,FAABE_NO_PEARSON,42,1.2052322626113892
China,5,FAABE_NO_PEARSON,43,1.2052322626113892
China,5,FAABE_NO_PEARSON,44,1.2052322626113892
China,5,FAABE_NO_PEARSON,45,1.2052322626113892
China,5,FAABE_NO_PEARSON,46,1.2052322626113892
China,5,FAABE_NO_PEARSON,47,1.2052322626113892
China,5,FAABE_NO_PEARSON,48,1.2052322626113892
China,5,FAABE_NO_PEARSON,49,1.2052322626113892
China,5,FAABE_NO_PEARSON,50,1.2052322626113892
China,5,FAABE_NO_PEARSON,51,1.2052322626113892
China,5,FAABE_NO_PEARSON,52,1.2052322626113892
China,5,FAABE_NO_PEARSON,53,1.2052322626113892
China,5,FAABE_NO_PEARSON,54,1.2052322626113892
China,5,FAABE_NO_PEARSON,55,1.2052322626113892
China,5,FAABE_NO_PEARSON,56,1.2052322626113892
China,5,FAABE_NO_PEARSON,57,1.2052322626113892
China,5,FAABE_NO_PEARSON,58,1.2052322626113892
China,5,FAABE_NO_PEARSON,59,1.2052322626113892
China,5,FAABE_NO_PEARSON,60,1.2052322626113892
China,5,FAABE_NO_PEARSON,61,1.2052322626113892
China,5,FAABE_NO_PEARSON,62,1.2052322626113892
China,5,FAABE_NO_PEARSON,63,1.2052322626113892
China,5,FAABE_NO_PEARSON,64,1.2052322626113892
China,5,FAABE_NO_PEARSON,65,1.2052322626113892
China,5,FAABE_NO_PEARSON,66,1.2052322626113892
China,5,FAABE_NO_PEARSON,67,1.2052322626113892
China,5,FAABE_NO_PEARSON,68,1.2052322626113892
China,5,FAABE_NO_PEARSON,69,1.2052322626113892
China,5,FAABE_NO_PEARSON,70,1.2052322626113892
China,5,FAABE_NO_PEARSON,71,1.2052322626113892
China,5,FAABE_NO_PEARSON,72,1.2052322626113892
China,5,FAABE_NO_PEARSON,73,1.2052322626113892
China,5,FAABE_NO_PEARSON,74,1.2052322626113892
China,5,FAABE_NO_PEARSON,75,1.2052322626113892
China,5,FAABE_NO_PEARSON,76,1.2052322626113892
China,5,FAABE_NO_PEARSON,77,1.2052322626113892
China,5,FAABE_NO_PEARSON,78,1.2052322626113892
China,5,FAABE_NO_PEARSON,79,1.143752098083496
China,5,FAABE_NO_PEARSON,80,1.143752098083496
China,5,FAABE_NO_PEARSON,81,1.143752098083496
China,5,FAABE_NO_PEARSON,82,1.143752098083496
China,5,FAABE_NO_PEARSON,83,1.143752098083496
China,5,FAABE_NO_PEARSON,84,1.143752098083496
China,5,FAABE_NO_PEARSON,85,1.143752098083496
China,5,FAABE_NO_PEARSON,86,1.143752098083496
China,5,FAABE_NO_PEARSON,87,1.143752098083496
China,5,FAABE_NO_PEARSON,88,1.143752098083496
China,5,FAABE_NO_PEARSON,89,1.143752098083496
China,5,FAABE_NO_PEARSON,90,1.143752098083496
China,5,FAABE_NO_PEARSON,91,1.143752098083496
China,5,FAABE_NO_PEARSON,92,1.143752098083496
China,5,FAABE_NO_PEARSON,93,1.143752098083496
China,5,FAABE_NO_PEARSON,94,1.143752098083496
China,5,FAABE_NO_PEARSON,95,1.143752098083496
China,5,FAABE_NO_PEARSON,96,1.143752098083496
China,5,FAABE_NO_PEARSON,97,1.143752098083496
China,5,FAABE_NO_PEARSON,98,1.143752098083496
China,5,FAABE_NO_PEARSON,99,1.143752098083496
China,5,FAABE_NO_PEARSON,100,1.143752098083496
China,5,FAABE_NO_IWM,0,1.3676375150680542
China,5,FAABE_NO_IWM,1,1.3303667306900024
China,5,FAABE_NO_IWM,2,1.2966973781585693
China,5,FAABE_NO_IWM,3,1.2966973781585693
China,5,FAABE_NO_IWM,4,1.2966973781585693
China,5,FAABE_NO_IWM,5,1.2966973781585693
China,5,FAABE_NO_IWM,6,1.2966973781585693
China,5,FAABE_NO_IWM,7,1.2966973781585693
China,5,FAABE_NO_IWM,8,1.2966973781585693
China,5,FAABE_NO_IWM,9,1.2966973781585693
China,5,FAABE_NO_IWM,10,1.2966973781585693
China,5,FAABE_NO_IWM,11,1.2966973781585693
China,5,FAABE_NO_IWM,12,1.2966973781585693
China,5,FAABE_NO_IWM,13,1.2917978763580322
China,5,FAABE_NO_IWM,14,1.2917978763580322
China,5,FAABE_NO_IWM,15,1.2917978763580322
China,5,FAABE_NO_IWM,16,1.2917978763580322
China,5,FAABE_NO_IWM,17,1.2917978763580322
China,5,FAABE_NO_IWM,18,1.2917978763580322
China,5,FAABE_NO_IWM,19,1.2917978763580322
China,5,FAABE_NO_IWM,20,1.2917978763580322
China,5,FAABE_NO_IWM,21,1.2917978763580322
China,5,FAABE_NO_IWM,22,1.2917978763580322
China,5,FAABE_NO_IWM,23,1.2917978763580322
China,5,FAABE_NO_IWM,24,1.2917978763580322
China,5,FAABE_NO_IWM,25,1.2917978763580322
China,5,FAABE_NO_IWM,26,1.2917978763580322
China,5,FAABE_NO_IWM,27,1.2917978763580322
China,5,FAABE_NO_IWM,28,1.2917978763580322
China,5,FAABE_NO_IWM,29,1.2917978763580322
China,5,FAABE_NO_IWM,30,1.2917978763580322
China,5,FAABE_NO_IWM,31,1.2917978763580322
China,5,FAABE_NO_IWM,32,1.2917978763580322
China,5,FAABE_NO_IWM,33,1.2917978763580322
China,5,FAABE_NO_IWM,34,1.2917978763580322
China,5,FAABE_NO_IWM,35,1.2917978763580322
China,5,FAABE_NO_IWM,36,1.2917978763580322
China,5,FAABE_NO_IWM,37,1.2917978763580322
China,5,FAABE_NO_IWM,38,1.2917978763580322
China,5,FAABE_NO_IWM,39,1.2917978763580322
China,5,FAABE_NO_IWM,40,1.2917978763580322
China,5,FAABE_NO_IWM,41,1.2917978763580322
China,5,FAABE_NO_IWM,42,1.2917978763580322
China,5,FAABE_NO_IWM,43,1.2917978763580322
China,5,FAABE_NO_IWM,44,1.2917978763580322
China,5,FAABE_NO_IWM,45,1.2917978763580322
China,5,FAABE_NO_IWM,46,1.2917978763580322
China,5,FAABE_NO_IWM,47,1.2917978763580322
China,5,FAABE_NO_IWM,48,1.2917978763580322
China,5,FAABE_NO_IWM,49,1.2917978763580322
China,5,FAABE_NO_IWM,50,1.2917978763580322
China,5,FAABE_NO_IWM,51,1.2917978763580322
China,5,FAABE_NO_IWM,52,1.2917978763580322
China,5,FAABE_NO_IWM,53,1.2917978763580322
China,5,FAABE_NO_IWM,54,1.2917978763580322
China,5,FAABE_NO_IWM,55,1.2917978763580322
China,5,FAABE_NO_IWM,56,1.2917978763580322
China,5,FAABE_NO_IWM,57,1.2917978763580322
China,5,FAABE_NO_IWM,58,1.2917978763580322
China,5,FAABE_NO_IWM,59,1.2917978763580322
China,5,FAABE_NO_IWM,60,1.2917978763580322
China,5,FAABE_NO_IWM,61,1.2802672386169434
China,5,FAABE_NO_IWM,62,1.2802672386169434
China,5,FAABE_NO_IWM,63,1.2802672386169434
China,5,FAABE_NO_IWM,64,1.2802672386169434
China,5,FAABE_NO_IWM,65,1.2802672386169434
China,5,FAABE_NO_IWM,66,1.2802672386169434
China,5,FAABE_NO_IWM,67,1.2802672386169434
China,5,FAABE_NO_IWM,68,1.2802672386169434
China,5,FAABE_NO_IWM,69,1.2802672386169434
China,5,FAABE_NO_IWM,70,1.2802672386169434
China,5,FAABE_NO_IWM,71,1.2802672386169434
China,5,FAABE_NO_IWM,72,1.2802672386169434
China,5,FAABE_NO_IWM,73,1.2802672386169434
China,5,FAABE_NO_IWM,74,1.2802672386169434
China,5,FAABE_NO_IWM,75,1.2802672386169434
China,5,FAABE_NO_IWM,76,1.2802672386169434
China,5,FAABE_NO_IWM,77,1.2802672386169434
China,5,FAABE_NO_IWM,78,1.2802672386169434
China,5,FAABE_NO_IWM,79,1.2802672386169434
China,5,FAABE_NO_IWM,80,1.2802672386169434
China,5,FAABE_NO_IWM,81,1.2802672386169434
China,5,FAABE_NO_IWM,82,1.2802672386169434
China,5,FAABE_NO_IWM,83,1.2802672386169434
China,5,FAABE_NO_IWM,84,1.2802672386169434
China,5,FAABE_NO_IWM,85,1.2802672386169434
China,5,FAABE_NO_IWM,86,1.2802672386169434
China,5,FAABE_NO_IWM,87,1.2802672386169434
China,5,FAABE_NO_IWM,88,1.2802672386169434
China,5,FAABE_NO_IWM,89,1.2802672386169434
China,5,FAABE_NO_IWM,90,1.2802672386169434
China,5,FAABE_NO_IWM,91,1.2802672386169434
China,5,FAABE_NO_IWM,92,1.2802672386169434
China,5,FAABE_NO_IWM,93,1.2802672386169434
China,5,FAABE_NO_IWM,94,1.2802672386169434
China,5,FAABE_NO_IWM,95,1.2802672386169434
China,5,FAABE_NO_IWM,96,1.2802672386169434
China,5,FAABE_NO_IWM,97,1.2802672386169434
China,5,FAABE_NO_IWM,98,1.2799768447875977
China,5,FAABE_NO_IWM,99,1.2799768447875977
China,5,FAABE_NO_IWM,100,1.2799768447875977
China,5,FAABE_FULL,0,1.3634593486785889
China,5,FAABE_FULL,1,1.3425143957138062
China,5,FAABE_FULL,2,1.3425143957138062
China,5,FAABE_FULL,3,1.320283055305481
China,5,FAABE_FULL,4,1.320283055305481
China,5,FAABE_FULL,5,1.2795318365097046
China,5,FAABE_FULL,6,1.2795318365097046
China,5,FAABE_FULL,7,1.2795318365097046
China,5,FAABE_FULL,8,1.2795318365097046
China,5,FAABE_FULL,9,1.2795318365097046
China,5,FAABE_FULL,10,1.2795318365097046
China,5,FAABE_FULL,11,1.2795318365097046
China,5,FAABE_FULL,12,1.2795318365097046
China,5,FAABE_FULL,13,1.2795318365097046
China,5,FAABE_FULL,14,1.2795318365097046
China,5,FAABE_FULL,15,1.2795318365097046
China,5,FAABE_FULL,16,1.2795318365097046
China,5,FAABE_FULL,17,1.2795318365097046
China,5,FAABE_FULL,18,1.2795318365097046
China,5,FAABE_FULL,19,1.2795318365097046
China,5,FAABE_FULL,20,1.2795318365097046
China,5,FAABE_FULL,21,1.2795318365097046
China,5,FAABE_FULL,22,1.2795318365097046
China,5,FAABE_FULL,23,1.2795318365097046
China,5,FAABE_FULL,24,1.2795318365097046
China,5,FAABE_FULL,25,1.2795318365097046
China,5,FAABE_FULL,26,1.2795318365097046
China,5,FAABE_FULL,27,1.2795318365097046
China,5,FAABE_FULL,28,1.2795318365097046
China,5,FAABE_FULL,29,1.2795318365097046
China,5,FAABE_FULL,30,1.2795318365097046
China,5,FAABE_FULL,31,1.2795318365097046
China,5,FAABE_FULL,32,1.2795318365097046
China,5,FAABE_FULL,33,1.2795318365097046
China,5,FAABE_FULL,34,1.2795318365097046
China,5,FAABE_FULL,35,1.2795318365097046
China,5,FAABE_FULL,36,1.2795318365097046
China,5,FAABE_FULL,37,1.2795318365097046
China,5,FAABE_FULL,38,1.2795318365097046
China,5,FAABE_FULL,39,1.2795318365097046
China,5,FAABE_FULL,40,1.2795318365097046
China,5,FAABE_FULL,41,1.2795318365097046
China,5,FAABE_FULL,42,1.2795318365097046
China,5,FAABE_FULL,43,1.2795318365097046
China,5,FAABE_FULL,44,1.2795318365097046
China,5,FAABE_FULL,45,1.2795318365097046
China,5,FAABE_FULL,46,1.2795318365097046
China,5,FAABE_FULL,47,1.2795318365097046
China,5,FAABE_FULL,48,1.2795318365097046
China,5,FAABE_FULL,49,1.2795318365097046
China,5,FAABE_FULL,50,1.2795318365097046
China,5,FAABE_FULL,51,1.2795318365097046
China,5,FAABE_FULL,52,1.2795318365097046
China,5,FAABE_FULL,53,1.2795318365097046
China,5,FAABE_FULL,54,1.2767682075500488
China,5,FAABE_FULL,55,1.2767682075500488
China,5,FAABE_FULL,56,1.2767682075500488
China,5,FAABE_FULL,57,1.2767682075500488
China,5,FAABE_FULL,58,1.2767682075500488
China,5,FAABE_FULL,59,1.2767682075500488
China,5,FAABE_FULL,60,1.2767682075500488
China,5,FAABE_FULL,61,1.2767682075500488
China,5,FAABE_FULL,62,1.2767682075500488
China,5,FAABE_FULL,63,1.2767682075500488
China,5,FAABE_FULL,64,1.2767682075500488
China,5,FAABE_FULL,65,1.2767682075500488
China,5,FAABE_FULL,66,1.2767682075500488
China,5,FAABE_FULL,67,1.2767682075500488
China,5,FAABE_FULL,68,1.2767682075500488
China,5,FAABE_FULL,69,1.2767682075500488
China,5,FAABE_FULL,70,1.2767682075500488
China,5,FAABE_FULL,71,1.2767682075500488
China,5,FAABE_FULL,72,1.2767682075500488
China,5,FAABE_FULL,73,1.2767682075500488
China,5,FAABE_FULL,74,1.2767682075500488
China,5,FAABE_FULL,75,1.2767682075500488
China,5,FAABE_FULL,76,1.2767682075500488
China,5,FAABE_FULL,77,1.2767682075500488
China,5,FAABE_FULL,78,1.2767682075500488
China,5,FAABE_FULL,79,1.2767682075500488
China,5,FAABE_FULL,80,1.2767682075500488
China,5,FAABE_FULL,81,1.2767682075500488
China,5,FAABE_FULL,82,1.2767682075500488
China,5,FAABE_FULL,83,1.2767682075500488
China,5,FAABE_FULL,84,1.2767682075500488
China,5,FAABE_FULL,85,1.2767682075500488
China,5,FAABE_FULL,86,1.2767682075500488
China,5,FAABE_FULL,87,1.2767682075500488
China,5,FAABE_FULL,88,1.2767682075500488
China,5,FAABE_FULL,89,1.2767682075500488
China,5,FAABE_FULL,90,1.2767682075500488
China,5,FAABE_FULL,91,1.2767682075500488
China,5,FAABE_FULL,92,1.2767682075500488
China,5,FAABE_FULL,93,1.2767682075500488
China,5,FAABE_FULL,94,1.2767682075500488
China,5,FAABE_FULL,95,1.2767682075500488
China,5,FAABE_FULL,96,1.2767682075500488
China,5,FAABE_FULL,97,1.2767682075500488
China,5,FAABE_FULL,98,1.2767682075500488
China,5,FAABE_FULL,99,1.2767682075500488
China,5,FAABE_FULL,100,1.2767682075500488
China,6,FAABE_NO_PEARSON,0,1.1733795404434204
China,6,FAABE_NO_PEARSON,1,1.1733795404434204
China,6,FAABE_NO_PEARSON,2,1.1362074613571167
China,6,FAABE_NO_PEARSON,3,1.1362074613571167
China,6,FAABE_NO_PEARSON,4,1.1362074613571167
China,6,FAABE_NO_PEARSON,5,1.1362074613571167
China,6,FAABE_NO_PEARSON,6,1.1362074613571167
China,6,FAABE_NO_PEARSON,7,1.1052354574203491
China,6,FAABE_NO_PEARSON,8,1.1052354574203491
China,6,FAABE_NO_PEARSON,9,1.1052354574203491
China,6,FAABE_NO_PEARSON,10,1.1052354574203491
China,6,FAABE_NO_PEARSON,11,1.1052354574203491
China,6,FAABE_NO_PEARSON,12,1.1052354574203491
China,6,FAABE_NO_PEARSON,13,1.1052354574203491
China,6,FAABE_NO_PEARSON,14,1.1052354574203491
China,6,FAABE_NO_PEARSON,15,1.1052354574203491
China,6,FAABE_NO_PEARSON,16,1.1052354574203491
China,6,FAABE_NO_PEARSON,17,1.1052354574203491
China,6,FAABE_NO_PEARSON,18,1.1052354574203491
China,6,FAABE_NO_PEARSON,19,1.0978727340698242
China,6,FAABE_NO_PEARSON,20,1.0978727340698242
China,6,FAABE_NO_PEARSON,21,1.0978727340698242
China,6,FAABE_NO_PEARSON,22,1.0978727340698242
China,6,FAABE_NO_PEARSON,23,1.0978727340698242
China,6,FAABE_NO_PEARSON,24,1.0978727340698242
China,6,FAABE_NO_PEARSON,25,1.0978727340698242
China,6,FAABE_NO_PEARSON,26,1.0978727340698242
China,6,FAABE_NO_PEARSON,27,1.0978727340698242
China,6,FAABE_NO_PEARSON,28,1.0978727340698242
China,6,FAABE_NO_PEARSON,29,1.0978727340698242
China,6,FAABE_NO_PEARSON,30,1.0978727340698242
China,6,FAABE_NO_PEARSON,31,1.0978727340698242
China,6,FAABE_NO_PEARSON,32,1.0978727340698242
China,6,FAABE_NO_PEARSON,33,1.0978727340698242
China,6,FAABE_NO_PEARSON,34,1.0978727340698242
China,6,FAABE_NO_PEARSON,35,1.0978727340698242
China,6,FAABE_NO_PEARSON,36,1.0978727340698242
China,6,FAABE_NO_PEARSON,37,1.0978727340698242
China,6,FAABE_NO_PEARSON,38,1.0978727340698242
China,6,FAABE_NO_PEARSON,39,1.0978727340698242
China,6,FAABE_NO_PEARSON,40,1.0978727340698242
China,6,FAABE_NO_PEARSON,41,1.0978727340698242
China,6,FAABE_NO_PEARSON,42,1.0978727340698242
China,6,FAABE_NO_PEARSON,43,1.0978727340698242
China,6,FAABE_NO_PEARSON,44,1.0978727340698242
China,6,FAABE_NO_PEARSON,45,1.0978727340698242
China,6,FAABE_NO_PEARSON,46,1.0978727340698242
China,6,FAABE_NO_PEARSON,47,1.0978727340698242
China,6,FAABE_NO_PEARSON,48,1.0978727340698242
China,6,FAABE_NO_PEARSON,49,1.0978727340698242
China,6,FAABE_NO_PEARSON,50,1.0978727340698242
China,6,FAABE_NO_PEARSON,51,1.0978727340698242
China,6,FAABE_NO_PEARSON,52,1.0978727340698242
China,6,FAABE_NO_PEARSON,53,1.0978727340698242
China,6,FAABE_NO_PEARSON,54,1.0978727340698242
China,6,FAABE_NO_PEARSON,55,1.0978727340698242
China,6,FAABE_NO_PEARSON,56,1.0978727340698242
China,6,FAABE_NO_PEARSON,57,1.0978727340698242
China,6,FAABE_NO_PEARSON,58,1.0978727340698242
China,6,FAABE_NO_PEARSON,59,1.0978727340698242
China,6,FAABE_NO_PEARSON,60,1.0978727340698242
China,6,FAABE_NO_PEARSON,61,1.0978727340698242
China,6,FAABE_NO_PEARSON,62,1.0978727340698242
China,6,FAABE_NO_PEARSON,63,1.0978727340698242
China,6,FAABE_NO_PEARSON,64,1.0978727340698242
China,6,FAABE_NO_PEARSON,65,1.0978727340698242
China,6,FAABE_NO_PEARSON,66,1.0978727340698242
China,6,FAABE_NO_PEARSON,67,1.0978727340698242
China,6,FAABE_NO_PEARSON,68,1.0978727340698242
China,6,FAABE_NO_PEARSON,69,1.0978727340698242
China,6,FAABE_NO_PEARSON,70,1.0978727340698242
China,6,FAABE_NO_PEARSON,71,1.0978727340698242
China,6,FAABE_NO_PEARSON,72,1.0978727340698242
China,6,FAABE_NO_PEARSON,73,1.0978727340698242
China,6,FAABE_NO_PEARSON,74,1.0978727340698242
China,6,FAABE_NO_PEARSON,75,1.0978727340698242
China,6,FAABE_NO_PEARSON,76,1.0978727340698242
China,6,FAABE_NO_PEARSON,77,1.0978727340698242
China,6,FAABE_NO_PEARSON,78,1.0978727340698242
China,6,FAABE_NO_PEARSON,79,1.0978727340698242
China,6,FAABE_NO_PEARSON,80,1.0978727340698242
China,6,FAABE_NO_PEARSON,81,1.0978727340698242
China,6,FAABE_NO_PEARSON,82,1.0978727340698242
China,6,FAABE_NO_PEARSON,83,1.0978727340698242
China,6,FAABE_NO_PEARSON,84,1.0978727340698242
China,6,FAABE_NO_PEARSON,85,1.0978727340698242
China,6,FAABE_NO_PEARSON,86,1.0978727340698242
China,6,FAABE_NO_PEARSON,87,1.0978727340698242
China,6,FAABE_NO_PEARSON,88,1.0978727340698242
China,6,FAABE_NO_PEARSON,89,1.0978727340698242
China,6,FAABE_NO_PEARSON,90,1.0978727340698242
China,6,FAABE_NO_PEARSON,91,1.0978727340698242
China,6,FAABE_NO_PEARSON,92,1.0978727340698242
China,6,FAABE_NO_PEARSON,93,1.0873430967330933
China,6,FAABE_NO_PEARSON,94,1.0873430967330933
China,6,FAABE_NO_PEARSON,95,1.0873430967330933
China,6,FAABE_NO_PEARSON,96,1.0873430967330933
China,6,FAABE_NO_PEARSON,97,1.0873430967330933
China,6,FAABE_NO_PEARSON,98,1.0873430967330933
China,6,FAABE_NO_PEARSON,99,1.0873430967330933
China,6,FAABE_NO_PEARSON,100,1.0873430967330933
China,6,FAABE_NO_IWM,0,1.2311625480651855
China,6,FAABE_NO_IWM,1,1.2311625480651855
China,6,FAABE_NO_IWM,2,1.1844584941864014
China,6,FAABE_NO_IWM,3,1.1844584941864014
China,6,FAABE_NO_IWM,4,1.1780318021774292
China,6,FAABE_NO_IWM,5,1.1406610012054443
China,6,FAABE_NO_IWM,6,1.1406610012054443
China,6,FAABE_NO_IWM,7,1.1406610012054443
China,6,FAABE_NO_IWM,8,1.1336067914962769
China,6,FAABE_NO_IWM,9,1.1336067914962769
China,6,FAABE_NO_IWM,10,1.1336067914962769
China,6,FAABE_NO_IWM,11,1.1336067914962769
China,6,FAABE_NO_IWM,12,1.1336067914962769
China,6,FAABE_NO_IWM,13,1.1336067914962769
China,6,FAABE_NO_IWM,14,1.1336067914962769
China,6,FAABE_NO_IWM,15,1.1336067914962769
China,6,FAABE_NO_IWM,16,1.1336067914962769
China,6,FAABE_NO_IWM,17,1.1336067914962769
China,6,FAABE_NO_IWM,18,1.1336067914962769
China,6,FAABE_NO_IWM,19,1.1336067914962769
China,6,FAABE_NO_IWM,20,1.1336067914962769
China,6,FAABE_NO_IWM,21,1.1336067914962769
China,6,FAABE_NO_IWM,22,1.1336067914962769
China,6,FAABE_NO_IWM,23,1.1336067914962769
China,6,FAABE_NO_IWM,24,1.1184507608413696
China,6,FAABE_NO_IWM,25,1.1184507608413696
China,6,FAABE_NO_IWM,26,1.1184507608413696
China,6,FAABE_NO_IWM,27,1.1184507608413696
China,6,FAABE_NO_IWM,28,1.1184507608413696
China,6,FAABE_NO_IWM,29,1.1184507608413696
China,6,FAABE_NO_IWM,30,1.1184507608413696
China,6,FAABE_NO_IWM,31,1.1184507608413696
China,6,FAABE_NO_IWM,32,1.1184507608413696
China,6,FAABE_NO_IWM,33,1.1184507608413696
China,6,FAABE_NO_IWM,34,1.1184507608413696
China,6,FAABE_NO_IWM,35,1.1184507608413696
China,6,FAABE_NO_IWM,36,1.1184507608413696
China,6,FAABE_NO_IWM,37,1.1184507608413696
China,6,FAABE_NO_IWM,38,1.1184507608413696
China,6,FAABE_NO_IWM,39,1.1184507608413696
China,6,FAABE_NO_IWM,40,1.1184507608413696
China,6,FAABE_NO_IWM,41,1.1184507608413696
China,6,FAABE_NO_IWM,42,1.1184507608413696
China,6,FAABE_NO_IWM,43,1.1184507608413696
China,6,FAABE_NO_IWM,44,1.1184507608413696
China,6,FAABE_NO_IWM,45,1.1184507608413696
China,6,FAABE_NO_IWM,46,1.1184507608413696
China,6,FAABE_NO_IWM,47,1.1184507608413696
China,6,FAABE_NO_IWM,48,1.1184507608413696
China,6,FAABE_NO_IWM,49,1.1184507608413696
China,6,FAABE_NO_IWM,50,1.1184507608413696
China,6,FAABE_NO_IWM,51,1.1184507608413696
China,6,FAABE_NO_IWM,52,1.1184507608413696
China,6,FAABE_NO_IWM,53,1.1184507608413696
China,6,FAABE_NO_IWM,54,1.1184507608413696
China,6,FAABE_NO_IWM,55,1.1184507608413696
China,6,FAABE_NO_IWM,56,1.1184507608413696
China,6,FAABE_NO_IWM,57,1.1184507608413696
China,6,FAABE_NO_IWM,58,1.1184507608413696
China,6,FAABE_NO_IWM,59,1.1184507608413696
China,6,FAABE_NO_IWM,60,1.1184507608413696
China,6,FAABE_NO_IWM,61,1.1184507608413696
China,6,FAABE_NO_IWM,62,1.1184507608413696
China,6,FAABE_NO_IWM,63,1.1184507608413696
China,6,FAABE_NO_IWM,64,1.1184507608413696
China,6,FAABE_NO_IWM,65,1.1184507608413696
China,6,FAABE_NO_IWM,66,1.1184507608413696
China,6,FAABE_NO_IWM,67,1.1184507608413696
China,6,FAABE_NO_IWM,68,1.1184507608413696
China,6,FAABE_NO_IWM,69,1.1152809858322144
China,6,FAABE_NO_IWM,70,1.1152809858322144
China,6,FAABE_NO_IWM,71,1.1152809858322144
China,6,FAABE_NO_IWM,72,1.1152809858322144
China,6,FAABE_NO_IWM,73,1.1152809858322144
China,6,FAABE_NO_IWM,74,1.1152809858322144
China,6,FAABE_NO_IWM,75,1.1152809858322144
China,6,FAABE_NO_IWM,76,1.1152809858322144
China,6,FAABE_NO_IWM,77,1.1152809858322144
China,6,FAABE_NO_IWM,78,1.1152809858322144
China,6,FAABE_NO_IWM,79,1.1152809858322144
China,6,FAABE_NO_IWM,80,1.1152809858322144
China,6,FAABE_NO_IWM,81,1.1152809858322144
China,6,FAABE_NO_IWM,82,1.1152809858322144
China,6,FAABE_NO_IWM,83,1.1152809858322144
China,6,FAABE_NO_IWM,84,1.1152809858322144
China,6,FAABE_NO_IWM,85,1.1152809858322144
China,6,FAABE_NO_IWM,86,1.1152809858322144
China,6,FAABE_NO_IWM,87,1.1152809858322144
China,6,FAABE_NO_IWM,88,1.1152809858322144
China,6,FAABE_NO_IWM,89,1.1152809858322144
China,6,FAABE_NO_IWM,90,1.1152809858322144
China,6,FAABE_NO_IWM,91,1.1152809858322144
China,6,FAABE_NO_IWM,92,1.1152809858322144
China,6,FAABE_NO_IWM,93,1.1152809858322144
China,6,FAABE_NO_IWM,94,1.1152809858322144
China,6,FAABE_NO_IWM,95,1.1152809858322144
China,6,FAABE_NO_IWM,96,1.1152809858322144
China,6,FAABE_NO_IWM,97,1.1152809858322144
China,6,FAABE_NO_IWM,98,1.1152809858322144
China,6,FAABE_NO_IWM,99,1.1152809858322144
China,6,FAABE_NO_IWM,100,1.1152809858322144
China,6,FAABE_FULL,0,1.27357017993927
China,6,FAABE_FULL,1,1.2085192203521729
China,6,FAABE_FULL,2,1.1571931838989258
China,6,FAABE_FULL,3,1.1571931838989258
China,6,FAABE_FULL,4,1.1571931838989258
China,6,FAABE_FULL,5,1.1571931838989258
China,6,FAABE_FULL,6,1.1571931838989258
China,6,FAABE_FULL,7,1.1552737951278687
China,6,FAABE_FULL,8,1.1552737951278687
China,6,FAABE_FULL,9,1.1552737951278687
China,6,FAABE_FULL,10,1.1552737951278687
China,6,FAABE_FULL,11,1.1552737951278687
China,6,FAABE_FULL,12,1.1552737951278687
China,6,FAABE_FULL,13,1.1552737951278687
China,6,FAABE_FULL,14,1.1552737951278687
China,6,FAABE_FULL,15,1.1552737951278687
China,6,FAABE_FULL,16,1.1552737951278687
China,6,FAABE_FULL,17,1.1552737951278687
China,6,FAABE_FULL,18,1.1552737951278687
China,6,FAABE_FULL,19,1.1552737951278687
China,6,FAABE_FULL,20,1.1552737951278687
China,6,FAABE_FULL,21,1.1541647911071777
China,6,FAABE_FULL,22,1.1541647911071777
China,6,FAABE_FULL,23,1.1459574699401855
China,6,FAABE_FULL,24,1.144357681274414
China,6,FAABE_FULL,25,1.144357681274414
China,6,FAABE_FULL,26,1.1251722574234009
China,6,FAABE_FULL,27,1.1251722574234009
China,6,FAABE_FULL,28,1.1251722574234009
China,6,FAABE_FULL,29,1.1251722574234009
China,6,FAABE_FULL,30,1.1251722574234009
China,6,FAABE_FULL,31,1.1251722574234009
China,6,FAABE_FULL,32,1.1251722574234009
China,6,FAABE_FULL,33,1.1251722574234009
China,6,FAABE_FULL,34,1.1251722574234009
China,6,FAABE_FULL,35,1.1251722574234009
China,6,FAABE_FULL,36,1.1251722574234009
China,6,FAABE_FULL,37,1.1251722574234009
China,6,FAABE_FULL,38,1.1251722574234009
China,6,FAABE_FULL,39,1.1251722574234009
China,6,FAABE_FULL,40,1.1251722574234009
China,6,FAABE_FULL,41,1.1251722574234009
China,6,FAABE_FULL,42,1.1251722574234009
China,6,FAABE_FULL,43,1.1251722574234009
China,6,FAABE_FULL,44,1.1251722574234009
China,6,FAABE_FULL,45,1.1251722574234009
China,6,FAABE_FULL,46,1.1251722574234009
China,6,FAABE_FULL,47,1.1251722574234009
China,6,FAABE_FULL,48,1.1251722574234009
China,6,FAABE_FULL,49,1.1251722574234009
China,6,FAABE_FULL,50,1.1251722574234009
China,6,FAABE_FULL,51,1.1251722574234009
China,6,FAABE_FULL,52,1.1251722574234009
China,6,FAABE_FULL,53,1.1251722574234009
China,6,FAABE_FULL,54,1.1251722574234009
China,6,FAABE_FULL,55,1.1251722574234009
China,6,FAABE_FULL,56,1.1251722574234009
China,6,FAABE_FULL,57,1.1251722574234009
China,6,FAABE_FULL,58,1.1251722574234009
China,6,FAABE_FULL,59,1.1251722574234009
China,6,FAABE_FULL,60,1.1251722574234009
China,6,FAABE_FULL,61,1.1251722574234009
China,6,FAABE_FULL,62,1.1251722574234009
China,6,FAABE_FULL,63,1.1251722574234009
China,6,FAABE_FULL,64,1.1251722574234009
China,6,FAABE_FULL,65,1.1251722574234009
China,6,FAABE_FULL,66,1.1251722574234009
China,6,FAABE_FULL,67,1.1251722574234009
China,6,FAABE_FULL,68,1.1251722574234009
China,6,FAABE_FULL,69,1.1251722574234009
China,6,FAABE_FULL,70,1.1251722574234009
China,6,FAABE_FULL,71,1.1251722574234009
China,6,FAABE_FULL,72,1.1251722574234009
China,6,FAABE_FULL,73,1.1251722574234009
China,6,FAABE_FULL,74,1.1251722574234009
China,6,FAABE_FULL,75,1.1251722574234009
China,6,FAABE_FULL,76,1.1251722574234009
China,6,FAABE_FULL,77,1.1251722574234009
China,6,FAABE_FULL,78,1.1251722574234009
China,6,FAABE_FULL,79,1.1251722574234009
China,6,FAABE_FULL,80,1.1251722574234009
China,6,FAABE_FULL,81,1.1251722574234009
China,6,FAABE_FULL,82,1.1251722574234009
China,6,FAABE_FULL,83,1.1251722574234009
China,6,FAABE_FULL,84,1.1251722574234009
China,6,FAABE_FULL,85,1.1251722574234009
China,6,FAABE_FULL,86,1.1251722574234009
China,6,FAABE_FULL,87,1.1251722574234009
China,6,FAABE_FULL,88,1.1251722574234009
China,6,FAABE_FULL,89,1.1251722574234009
China,6,FAABE_FULL,90,1.1091861724853516
China,6,FAABE_FULL,91,1.1061421632766724
China,6,FAABE_FULL,92,1.1061421632766724
China,6,FAABE_FULL,93,1.1061421632766724
China,6,FAABE_FULL,94,1.1061421632766724
China,6,FAABE_FULL,95,1.1061421632766724
China,6,FAABE_FULL,96,1.1061421632766724
China,6,FAABE_FULL,97,1.1061421632766724
China,6,FAABE_FULL,98,1.1061421632766724
China,6,FAABE_FULL,99,1.1061421632766724
China,6,FAABE_FULL,100,1.1061421632766724
China,7,FAABE_NO_PEARSON,0,1.2296360731124878
China,7,FAABE_NO_PEARSON,1,1.195111870765686
China,7,FAABE_NO_PEARSON,2,1.1506818532943726
China,7,FAABE_NO_PEARSON,3,1.1506818532943726
China,7,FAABE_NO_PEARSON,4,1.1506818532943726
China,7,FAABE_NO_PEARSON,5,1.1506818532943726
China,7,FAABE_NO_PEARSON,6,1.1420902013778687
China,7,FAABE_NO_PEARSON,7,1.1420902013778687
China,7,FAABE_NO_PEARSON,8,1.1420902013778687
China,7,FAABE_NO_PEARSON,9,1.1420902013778687
China,7,FAABE_NO_PEARSON,10,1.1420902013778687
China,7,FAABE_NO_PEARSON,11,1.1420902013778687
China,7,FAABE_NO_PEARSON,12,1.1420902013778687
China,7,FAABE_NO_PEARSON,13,1.1420902013778687
China,7,FAABE_NO_PEARSON,14,1.1420902013778687
China,7,FAABE_NO_PEARSON,15,1.115760087966919
China,7,FAABE_NO_PEARSON,16,1.115760087966919
China,7,FAABE_NO_PEARSON,17,1.115760087966919
China,7,FAABE_NO_PEARSON,18,1.115760087966919
China,7,FAABE_NO_PEARSON,19,1.115760087966919
China,7,FAABE_NO_PEARSON,20,1.115760087966919
China,7,FAABE_NO_PEARSON,21,1.115760087966919
China,7,FAABE_NO_PEARSON,22,1.115760087966919
China,7,FAABE_NO_PEARSON,23,1.115760087966919
China,7,FAABE_NO_PEARSON,24,1.115760087966919
China,7,FAABE_NO_PEARSON,25,1.115760087966919
China,7,FAABE_NO_PEARSON,26,1.115760087966919
China,7,FAABE_NO_PEARSON,27,1.115760087966919
China,7,FAABE_NO_PEARSON,28,1.115760087966919
China,7,FAABE_NO_PEARSON,29,1.115760087966919
China,7,FAABE_NO_PEARSON,30,1.115760087966919
China,7,FAABE_NO_PEARSON,31,1.115760087966919
China,7,FAABE_NO_PEARSON,32,1.115760087966919
China,7,FAABE_NO_PEARSON,33,1.115760087966919
China,7,FAABE_NO_PEARSON,34,1.115760087966919
China,7,FAABE_NO_PEARSON,35,1.115760087966919
China,7,FAABE_NO_PEARSON,36,1.115760087966919
China,7,FAABE_NO_PEARSON,37,1.115760087966919
China,7,FAABE_NO_PEARSON,38,1.115760087966919
China,7,FAABE_NO_PEARSON,39,1.115760087966919
China,7,FAABE_NO_PEARSON,40,1.115760087966919
China,7,FAABE_NO_PEARSON,41,1.115760087966919
China,7,FAABE_NO_PEARSON,42,1.115760087966919
China,7,FAABE_NO_PEARSON,43,1.115760087966919
China,7,FAABE_NO_PEARSON,44,1.115760087966919
China,7,FAABE_NO_PEARSON,45,1.115760087966919
China,7,FAABE_NO_PEARSON,46,1.115760087966919
China,7,FAABE_NO_PEARSON,47,1.115760087966919
China,7,FAABE_NO_PEARSON,48,1.115760087966919
China,7,FAABE_NO_PEARSON,49,1.115760087966919
China,7,FAABE_NO_PEARSON,50,1.115760087966919
China,7,FAABE_NO_PEARSON,51,1.115760087966919
China,7,FAABE_NO_PEARSON,52,1.115760087966919
China,7,FAABE_NO_PEARSON,53,1.115760087966919
China,7,FAABE_NO_PEARSON,54,1.115760087966919
China,7,FAABE_NO_PEARSON,55,1.115760087966919
China,7,FAABE_NO_PEARSON,56,1.115760087966919
China,7,FAABE_NO_PEARSON,57,1.115760087966919
China,7,FAABE_NO_PEARSON,58,1.115760087966919
China,7,FAABE_NO_PEARSON,59,1.115760087966919
China,7,FAABE_NO_PEARSON,60,1.115760087966919
China,7,FAABE_NO_PEARSON,61,1.115760087966919
China,7,FAABE_NO_PEARSON,62,1.115760087966919
China,7,FAABE_NO_PEARSON,63,1.115760087966919
China,7,FAABE_NO_PEARSON,64,1.115760087966919
China,7,FAABE_NO_PEARSON,65,1.115760087966919
China,7,FAABE_NO_PEARSON,66,1.115760087966919
China,7,FAABE_NO_PEARSON,67,1.115760087966919
China,7,FAABE_NO_PEARSON,68,1.115760087966919
China,7,FAABE_NO_PEARSON,69,1.115760087966919
China,7,FAABE_NO_PEARSON,70,1.115760087966919
China,7,FAABE_NO_PEARSON,71,1.115760087966919
China,7,FAABE_NO_PEARSON,72,1.115760087966919
China,7,FAABE_NO_PEARSON,73,1.115760087966919
China,7,FAABE_NO_PEARSON,74,1.115760087966919
China,7,FAABE_NO_PEARSON,75,1.115760087966919
China,7,FAABE_NO_PEARSON,76,1.115760087966919
China,7,FAABE_NO_PEARSON,77,1.115760087966919
China,7,FAABE_NO_PEARSON,78,1.115760087966919
China,7,FAABE_NO_PEARSON,79,1.115760087966919
China,7,FAABE_NO_PEARSON,80,1.115760087966919
China,7,FAABE_NO_PEARSON,81,1.115760087966919
China,7,FAABE_NO_PEARSON,82,1.115760087966919
China,7,FAABE_NO_PEARSON,83,1.115760087966919
China,7,FAABE_NO_PEARSON,84,1.115760087966919
China,7,FAABE_NO_PEARSON,85,1.115760087966919
China,7,FAABE_NO_PEARSON,86,1.115760087966919
China,7,FAABE_NO_PEARSON,87,1.115760087966919
China,7,FAABE_NO_PEARSON,88,1.115760087966919
China,7,FAABE_NO_PEARSON,89,1.115760087966919
China,7,FAABE_NO_PEARSON,90,1.115760087966919
China,7,FAABE_NO_PEARSON,91,1.115760087966919
China,7,FAABE_NO_PEARSON,92,1.115760087966919
China,7,FAABE_NO_PEARSON,93,1.115760087966919
China,7,FAABE_NO_PEARSON,94,1.115760087966919
China,7,FAABE_NO_PEARSON,95,1.115760087966919
China,7,FAABE_NO_PEARSON,96,1.115760087966919
China,7,FAABE_NO_PEARSON,97,1.115760087966919
China,7,FAABE_NO_PEARSON,98,1.115760087966919
China,7,FAABE_NO_PEARSON,99,1.115760087966919
China,7,FAABE_NO_PEARSON,100,1.115760087966919
China,7,FAABE_NO_IWM,0,1.2467787265777588
China,7,FAABE_NO_IWM,1,1.2414042949676514
China,7,FAABE_NO_IWM,2,1.1908236742019653
China,7,FAABE_NO_IWM,3,1.1740257740020752
China,7,FAABE_NO_IWM,4,1.1740257740020752
China,7,FAABE_NO_IWM,5,1.1740257740020752
China,7,FAABE_NO_IWM,6,1.1740257740020752
China,7,FAABE_NO_IWM,7,1.1740257740020752
China,7,FAABE_NO_IWM,8,1.1740257740020752
China,7,FAABE_NO_IWM,9,1.1740257740020752
China,7,FAABE_NO_IWM,10,1.1740257740020752
China,7,FAABE_NO_IWM,11,1.1740257740020752
China,7,FAABE_NO_IWM,12,1.1740257740020752
China,7,FAABE_NO_IWM,13,1.1740257740020752
China,7,FAABE_NO_IWM,14,1.1740257740020752
China,7,FAABE_NO_IWM,15,1.1740257740020752
China,7,FAABE_NO_IWM,16,1.1740257740020752
China,7,FAABE_NO_IWM,17,1.1732563972473145
China,7,FAABE_NO_IWM,18,1.1732563972473145
China,7,FAABE_NO_IWM,19,1.141999363899231
China,7,FAABE_NO_IWM,20,1.141999363899231
China,7,FAABE_NO_IWM,21,1.141999363899231
China,7,FAABE_NO_IWM,22,1.141999363899231
China,7,FAABE_NO_IWM,23,1.141999363899231
China,7,FAABE_NO_IWM,24,1.141999363899231
China,7,FAABE_NO_IWM,25,1.141999363899231
China,7,FAABE_NO_IWM,26,1.141999363899231
China,7,FAABE_NO_IWM,27,1.141999363899231
China,7,FAABE_NO_IWM,28,1.141999363899231
China,7,FAABE_NO_IWM,29,1.141999363899231
China,7,FAABE_NO_IWM,30,1.141999363899231
China,7,FAABE_NO_IWM,31,1.141999363899231
China,7,FAABE_NO_IWM,32,1.141999363899231
China,7,FAABE_NO_IWM,33,1.1238644123077393
China,7,FAABE_NO_IWM,34,1.1238644123077393
China,7,FAABE_NO_IWM,35,1.1238644123077393
China,7,FAABE_NO_IWM,36,1.1238644123077393
China,7,FAABE_NO_IWM,37,1.1238644123077393
China,7,FAABE_NO_IWM,38,1.1238644123077393
China,7,FAABE_NO_IWM,39,1.1238644123077393
China,7,FAABE_NO_IWM,40,1.1238644123077393
China,7,FAABE_NO_IWM,41,1.1238644123077393
China,7,FAABE_NO_IWM,42,1.1238644123077393
China,7,FAABE_NO_IWM,43,1.1238644123077393
China,7,FAABE_NO_IWM,44,1.1238644123077393
China,7,FAABE_NO_IWM,45,1.1238644123077393
China,7,FAABE_NO_IWM,46,1.1238644123077393
China,7,FAABE_NO_IWM,47,1.1238644123077393
China,7,FAABE_NO_IWM,48,1.1238644123077393
China,7,FAABE_NO_IWM,49,1.1238644123077393
China,7,FAABE_NO_IWM,50,1.1238644123077393
China,7,FAABE_NO_IWM,51,1.1238644123077393
China,7,FAABE_NO_IWM,52,1.1238644123077393
China,7,FAABE_NO_IWM,53,1.1238644123077393
China,7,FAABE_NO_IWM,54,1.1238644123077393
China,7,FAABE_NO_IWM,55,1.1238644123077393
China,7,FAABE_NO_IWM,56,1.1238644123077393
China,7,FAABE_NO_IWM,57,1.1238644123077393
China,7,FAABE_NO_IWM,58,1.1238644123077393
China,7,FAABE_NO_IWM,59,1.1238644123077393
China,7,FAABE_NO_IWM,60,1.1238644123077393
China,7,FAABE_NO_IWM,61,1.1238644123077393
China,7,FAABE_NO_IWM,62,1.1238644123077393
China,7,FAABE_NO_IWM,63,1.1238644123077393
China,7,FAABE_NO_IWM,64,1.1238644123077393
China,7,FAABE_NO_IWM,65,1.1238644123077393
China,7,FAABE_NO_IWM,66,1.1238644123077393
China,7,FAABE_NO_IWM,67,1.1238644123077393
China,7,FAABE_NO_IWM,68,1.1238644123077393
China,7,FAABE_NO_IWM,69,1.1238644123077393
China,7,FAABE_NO_IWM,70,1.1238644123077393
China,7,FAABE_NO_IWM,71,1.1238644123077393
China,7,FAABE_NO_IWM,72,1.11555016040802
China,7,FAABE_NO_IWM,73,1.11555016040802
China,7,FAABE_NO_IWM,74,1.11555016040802
China,7,FAABE_NO_IWM,75,1.11555016040802
China,7,FAABE_NO_IWM,76,1.11555016040802
China,7,FAABE_NO_IWM,77,1.11555016040802
China,7,FAABE_NO_IWM,78,1.11555016040802
China,7,FAABE_NO_IWM,79,1.11555016040802
China,7,FAABE_NO_IWM,80,1.11555016040802
China,7,FAABE_NO_IWM,81,1.11555016040802
China,7,FAABE_NO_IWM,82,1.11555016040802
China,7,FAABE_NO_IWM,83,1.11555016040802
China,7,FAABE_NO_IWM,84,1.11555016040802
China,7,FAABE_NO_IWM,85,1.11555016040802
China,7,FAABE_NO_IWM,86,1.11555016040802
China,7,FAABE_NO_IWM,87,1.11555016040802
China,7,FAABE_NO_IWM,88,1.11555016040802
China,7,FAABE_NO_IWM,89,1.11555016040802
China,7,FAABE_NO_IWM,90,1.11555016040802
China,7,FAABE_NO_IWM,91,1.11555016040802
China,7,FAABE_NO_IWM,92,1.11555016040802
China,7,FAABE_NO_IWM,93,1.11555016040802
China,7,FAABE_NO_IWM,94,1.11555016040802
China,7,FAABE_NO_IWM,95,1.11555016040802
China,7,FAABE_NO_IWM,96,1.11555016040802
China,7,FAABE_NO_IWM,97,1.11555016040802
China,7,FAABE_NO_IWM,98,1.11555016040802
China,7,FAABE_NO_IWM,99,1.11555016040802
China,7,FAABE_NO_IWM,100,1.11555016040802
China,7,FAABE_FULL,0,1.2323800325393677
China,7,FAABE_FULL,1,1.1786006689071655
China,7,FAABE_FULL,2,1.1766599416732788
China,7,FAABE_FULL,3,1.1621448993682861
China,7,FAABE_FULL,4,1.1621448993682861
China,7,FAABE_FULL,5,1.1621448993682861
China,7,FAABE_FULL,6,1.1536531448364258
China,7,FAABE_FULL,7,1.1536531448364258
China,7,FAABE_FULL,8,1.1383880376815796
China,7,FAABE_FULL,9,1.110065221786499
China,7,FAABE_FULL,10,1.110065221786499
China,7,FAABE_FULL,11,1.110065221786499
China,7,FAABE_FULL,12,1.110065221786499
China,7,FAABE_FULL,13,1.110065221786499
China,7,FAABE_FULL,14,1.110065221786499
China,7,FAABE_FULL,15,1.110065221786499
China,7,FAABE_FULL,16,1.110065221786499
China,7,FAABE_FULL,17,1.110065221786499
China,7,FAABE_FULL,18,1.110065221786499
China,7,FAABE_FULL,19,1.110065221786499
China,7,FAABE_FULL,20,1.110065221786499
China,7,FAABE_FULL,21,1.110065221786499
China,7,FAABE_FULL,22,1.110065221786499
China,7,FAABE_FULL,23,1.110065221786499
China,7,FAABE_FULL,24,1.110065221786499
China,7,FAABE_FULL,25,1.110065221786499
China,7,FAABE_FULL,26,1.110065221786499
China,7,FAABE_FULL,27,1.110065221786499
China,7,FAABE_FULL,28,1.110065221786499
China,7,FAABE_FULL,29,1.110065221786499
China,7,FAABE_FULL,30,1.110065221786499
China,7,FAABE_FULL,31,1.110065221786499
China,7,FAABE_FULL,32,1.110065221786499
China,7,FAABE_FULL,33,1.110065221786499
China,7,FAABE_FULL,34,1.110065221786499
China,7,FAABE_FULL,35,1.110065221786499
China,7,FAABE_FULL,36,1.110065221786499
China,7,FAABE_FULL,37,1.110065221786499
China,7,FAABE_FULL,38,1.110065221786499
China,7,FAABE_FULL,39,1.110065221786499
China,7,FAABE_FULL,40,1.110065221786499
China,7,FAABE_FULL,41,1.110065221786499
China,7,FAABE_FULL,42,1.110065221786499
China,7,FAABE_FULL,43,1.110065221786499
China,7,FAABE_FULL,44,1.110065221786499
China,7,FAABE_FULL,45,1.110065221786499
China,7,FAABE_FULL,46,1.110065221786499
China,7,FAABE_FULL,47,1.110065221786499
China,7,FAABE_FULL,48,1.110065221786499
China,7,FAABE_FULL,49,1.110065221786499
China,7,FAABE_FULL,50,1.110065221786499
China,7,FAABE_FULL,51,1.110065221786499
China,7,FAABE_FULL,52,1.110065221786499
China,7,FAABE_FULL,53,1.110065221786499
China,7,FAABE_FULL,54,1.110065221786499
China,7,FAABE_FULL,55,1.110065221786499
China,7,FAABE_FULL,56,1.110065221786499
China,7,FAABE_FULL,57,1.110065221786499
China,7,FAABE_FULL,58,1.110065221786499
China,7,FAABE_FULL,59,1.110065221786499
China,7,FAABE_FULL,60,1.110065221786499
China,7,FAABE_FULL,61,1.110065221786499
China,7,FAABE_FULL,62,1.110065221786499
China,7,FAABE_FULL,63,1.110065221786499
China,7,FAABE_FULL,64,1.110065221786499
China,7,FAABE_FULL,65,1.110065221786499
China,7,FAABE_FULL,66,1.110065221786499
China,7,FAABE_FULL,67,1.110065221786499
China,7,FAABE_FULL,68,1.110065221786499
China,7,FAABE_FULL,69,1.110065221786499
China,7,FAABE_FULL,70,1.110065221786499
China,7,FAABE_FULL,71,1.110065221786499
China,7,FAABE_FULL,72,1.110065221786499
China,7,FAABE_FULL,73,1.110065221786499
China,7,FAABE_FULL,74,1.110065221786499
China,7,FAABE_FULL,75,1.110065221786499
China,7,FAABE_FULL,76,1.110065221786499
China,7,FAABE_FULL,77,1.110065221786499
China,7,FAABE_FULL,78,1.110065221786499
China,7,FAABE_FULL,79,1.110065221786499
China,7,FAABE_FULL,80,1.110065221786499
China,7,FAABE_FULL,81,1.110065221786499
China,7,FAABE_FULL,82,1.110065221786499
China,7,FAABE_FULL,83,1.110065221786499
China,7,FAABE_FULL,84,1.110065221786499
China,7,FAABE_FULL,85,1.110065221786499
China,7,FAABE_FULL,86,1.110065221786499
China,7,FAABE_FULL,87,1.110065221786499
China,7,FAABE_FULL,88,1.110065221786499
China,7,FAABE_FULL,89,1.110065221786499
China,7,FAABE_FULL,90,1.110065221786499
China,7,FAABE_FULL,91,1.110065221786499
China,7,FAABE_FULL,92,1.110065221786499
China,7,FAABE_FULL,93,1.110065221786499
China,7,FAABE_FULL,94,1.110065221786499
China,7,FAABE_FULL,95,1.110065221786499
China,7,FAABE_FULL,96,1.110065221786499
China,7,FAABE_FULL,97,1.110065221786499
China,7,FAABE_FULL,98,1.110065221786499
China,7,FAABE_FULL,99,1.110065221786499
China,7,FAABE_FULL,100,1.110065221786499
China,8,FAABE_NO_PEARSON,0,1.3574398756027222
China,8,FAABE_NO_PEARSON,1,1.330694317817688
China,8,FAABE_NO_PEARSON,2,1.3091543912887573
China,8,FAABE_NO_PEARSON,3,1.2735806703567505
China,8,FAABE_NO_PEARSON,4,1.2735806703567505
China,8,FAABE_NO_PEARSON,5,1.2735806703567505
China,8,FAABE_NO_PEARSON,6,1.2735806703567505
China,8,FAABE_NO_PEARSON,7,1.2735806703567505
China,8,FAABE_NO_PEARSON,8,1.2735806703567505
China,8,FAABE_NO_PEARSON,9,1.2735806703567505
China,8,FAABE_NO_PEARSON,10,1.2735806703567505
China,8,FAABE_NO_PEARSON,11,1.2735806703567505
China,8,FAABE_NO_PEARSON,12,1.2735806703567505
China,8,FAABE_NO_PEARSON,13,1.2735806703567505
China,8,FAABE_NO_PEARSON,14,1.2735806703567505
China,8,FAABE_NO_PEARSON,15,1.2735806703567505
China,8,FAABE_NO_PEARSON,16,1.2735806703567505
China,8,FAABE_NO_PEARSON,17,1.2735806703567505
China,8,FAABE_NO_PEARSON,18,1.2625082731246948
China,8,FAABE_NO_PEARSON,19,1.2625082731246948
China,8,FAABE_NO_PEARSON,20,1.2625082731246948
China,8,FAABE_NO_PEARSON,21,1.2612390518188477
China,8,FAABE_NO_PEARSON,22,1.2612390518188477
China,8,FAABE_NO_PEARSON,23,1.2612390518188477
China,8,FAABE_NO_PEARSON,24,1.2612390518188477
China,8,FAABE_NO_PEARSON,25,1.2612390518188477
China,8,FAABE_NO_PEARSON,26,1.2612390518188477
China,8,FAABE_NO_PEARSON,27,1.2612390518188477
China,8,FAABE_NO_PEARSON,28,1.2612390518188477
China,8,FAABE_NO_PEARSON,29,1.2612390518188477
China,8,FAABE_NO_PEARSON,30,1.2612390518188477
China,8,FAABE_NO_PEARSON,31,1.2612390518188477
China,8,FAABE_NO_PEARSON,32,1.2612390518188477
China,8,FAABE_NO_PEARSON,33,1.2573744058609009
China,8,FAABE_NO_PEARSON,34,1.2573744058609009
China,8,FAABE_NO_PEARSON,35,1.2573744058609009
China,8,FAABE_NO_PEARSON,36,1.2573744058609009
China,8,FAABE_NO_PEARSON,37,1.2573744058609009
China,8,FAABE_NO_PEARSON,38,1.2573744058609009
China,8,FAABE_NO_PEARSON,39,1.2573744058609009
China,8,FAABE_NO_PEARSON,40,1.2573744058609009
China,8,FAABE_NO_PEARSON,41,1.2573744058609009
China,8,FAABE_NO_PEARSON,42,1.2573744058609009
China,8,FAABE_NO_PEARSON,43,1.2573744058609009
China,8,FAABE_NO_PEARSON,44,1.2573744058609009
China,8,FAABE_NO_PEARSON,45,1.2573744058609009
China,8,FAABE_NO_PEARSON,46,1.2573744058609009
China,8,FAABE_NO_PEARSON,47,1.2547537088394165
China,8,FAABE_NO_PEARSON,48,1.2547537088394165
China,8,FAABE_NO_PEARSON,49,1.2547537088394165
China,8,FAABE_NO_PEARSON,50,1.2547537088394165
China,8,FAABE_NO_PEARSON,51,1.2547537088394165
China,8,FAABE_NO_PEARSON,52,1.239678978919983
China,8,FAABE_NO_PEARSON,53,1.239678978919983
China,8,FAABE_NO_PEARSON,54,1.239678978919983
China,8,FAABE_NO_PEARSON,55,1.2367832660675049
China,8,FAABE_NO_PEARSON,56,1.2367832660675049
China,8,FAABE_NO_PEARSON,57,1.2298178672790527
China,8,FAABE_NO_PEARSON,58,1.2298178672790527
China,8,FAABE_NO_PEARSON,59,1.2298178672790527
China,8,FAABE_NO_PEARSON,60,1.223907709121704
China,8,FAABE_NO_PEARSON,61,1.223907709121704
China,8,FAABE_NO_PEARSON,62,1.223907709121704
China,8,FAABE_NO_PEARSON,63,1.223907709121704
China,8,FAABE_NO_PEARSON,64,1.223907709121704
China,8,FAABE_NO_PEARSON,65,1.223907709121704
China,8,FAABE_NO_PEARSON,66,1.223907709121704
China,8,FAABE_NO_PEARSON,67,1.223907709121704
China,8,FAABE_NO_PEARSON,68,1.223907709121704
China,8,FAABE_NO_PEARSON,69,1.2163376808166504
China,8,FAABE_NO_PEARSON,70,1.2163376808166504
China,8,FAABE_NO_PEARSON,71,1.2163376808166504
China,8,FAABE_NO_PEARSON,72,1.2163376808166504
China,8,FAABE_NO_PEARSON,73,1.2163376808166504
China,8,FAABE_NO_PEARSON,74,1.2163376808166504
China,8,FAABE_NO_PEARSON,75,1.2163376808166504
China,8,FAABE_NO_PEARSON,76,1.2163376808166504
China,8,FAABE_NO_PEARSON,77,1.2163376808166504
China,8,FAABE_NO_PEARSON,78,1.2163376808166504
China,8,FAABE_NO_PEARSON,79,1.2163376808166504
China,8,FAABE_NO_PEARSON,80,1.2163376808166504
China,8,FAABE_NO_PEARSON,81,1.2163376808166504
China,8,FAABE_NO_PEARSON,82,1.2163376808166504
China,8,FAABE_NO_PEARSON,83,1.2163376808166504
China,8,FAABE_NO_PEARSON,84,1.2163376808166504
China,8,FAABE_NO_PEARSON,85,1.2163376808166504
China,8,FAABE_NO_PEARSON,86,1.2163376808166504
China,8,FAABE_NO_PEARSON,87,1.2163376808166504
China,8,FAABE_NO_PEARSON,88,1.2163376808166504
China,8,FAABE_NO_PEARSON,89,1.2163376808166504
China,8,FAABE_NO_PEARSON,90,1.2163376808166504
China,8,FAABE_NO_PEARSON,91,1.2163376808166504
China,8,FAABE_NO_PEARSON,92,1.2163376808166504
China,8,FAABE_NO_PEARSON,93,1.2163376808166504
China,8,FAABE_NO_PEARSON,94,1.2163376808166504
China,8,FAABE_NO_PEARSON,95,1.2163376808166504
China,8,FAABE_NO_PEARSON,96,1.2163376808166504
China,8,FAABE_NO_PEARSON,97,1.2163376808166504
China,8,FAABE_NO_PEARSON,98,1.2163376808166504
China,8,FAABE_NO_PEARSON,99,1.2163376808166504
China,8,FAABE_NO_PEARSON,100,1.2163376808166504
China,8,FAABE_NO_IWM,0,1.3527886867523193
China,8,FAABE_NO_IWM,1,1.2675341367721558
China,8,FAABE_NO_IWM,2,1.2675341367721558
China,8,FAABE_NO_IWM,3,1.2464624643325806
China,8,FAABE_NO_IWM,4,1.2464624643325806
China,8,FAABE_NO_IWM,5,1.2464624643325806
China,8,FAABE_NO_IWM,6,1.2464624643325806
China,8,FAABE_NO_IWM,7,1.2464624643325806
China,8,FAABE_NO_IWM,8,1.2464624643325806
China,8,FAABE_NO_IWM,9,1.2464624643325806
China,8,FAABE_NO_IWM,10,1.2464624643325806
China,8,FAABE_NO_IWM,11,1.2464624643325806
China,8,FAABE_NO_IWM,12,1.2464624643325806
China,8,FAABE_NO_IWM,13,1.2464624643325806
China,8,FAABE_NO_IWM,14,1.2464624643325806
China,8,FAABE_NO_IWM,15,1.2464624643325806
China,8,FAABE_NO_IWM,16,1.2464624643325806
China,8,FAABE_NO_IWM,17,1.2464624643325806
China,8,FAABE_NO_IWM,18,1.2462016344070435
China,8,FAABE_NO_IWM,19,1.2462016344070435
China,8,FAABE_NO_IWM,20,1.2462016344070435
China,8,FAABE_NO_IWM,21,1.2462016344070435
China,8,FAABE_NO_IWM,22,1.2462016344070435
China,8,FAABE_NO_IWM,23,1.2462016344070435
China,8,FAABE_NO_IWM,24,1.2462016344070435
China,8,FAABE_NO_IWM,25,1.2462016344070435
China,8,FAABE_NO_IWM,26,1.2462016344070435
China,8,FAABE_NO_IWM,27,1.2462016344070435
China,8,FAABE_NO_IWM,28,1.2462016344070435
China,8,FAABE_NO_IWM,29,1.2462016344070435
China,8,FAABE_NO_IWM,30,1.2462016344070435
China,8,FAABE_NO_IWM,31,1.2449958324432373
China,8,FAABE_NO_IWM,32,1.2449958324432373
China,8,FAABE_NO_IWM,33,1.2449958324432373
China,8,FAABE_NO_IWM,34,1.2449958324432373
China,8,FAABE_NO_IWM,35,1.2449958324432373
China,8,FAABE_NO_IWM,36,1.2449958324432373
China,8,FAABE_NO_IWM,37,1.2449958324432373
China,8,FAABE_NO_IWM,38,1.2449958324432373
China,8,FAABE_NO_IWM,39,1.2449958324432373
China,8,FAABE_NO_IWM,40,1.2449958324432373
China,8,FAABE_NO_IWM,41,1.2449958324432373
China,8,FAABE_NO_IWM,42,1.2417874336242676
China,8,FAABE_NO_IWM,43,1.2417874336242676
China,8,FAABE_NO_IWM,44,1.2417874336242676
China,8,FAABE_NO_IWM,45,1.212104082107544
China,8,FAABE_NO_IWM,46,1.212104082107544
China,8,FAABE_NO_IWM,47,1.212104082107544
China,8,FAABE_NO_IWM,48,1.212104082107544
China,8,FAABE_NO_IWM,49,1.212104082107544
China,8,FAABE_NO_IWM,50,1.212104082107544
China,8,FAABE_NO_IWM,51,1.212104082107544
China,8,FAABE_NO_IWM,52,1.212104082107544
China,8,FAABE_NO_IWM,53,1.212104082107544
China,8,FAABE_NO_IWM,54,1.212104082107544
China,8,FAABE_NO_IWM,55,1.212104082107544
China,8,FAABE_NO_IWM,56,1.212104082107544
China,8,FAABE_NO_IWM,57,1.212104082107544
China,8,FAABE_NO_IWM,58,1.212104082107544
China,8,FAABE_NO_IWM,59,1.212104082107544
China,8,FAABE_NO_IWM,60,1.212104082107544
China,8,FAABE_NO_IWM,61,1.212104082107544
China,8,FAABE_NO_IWM,62,1.212104082107544
China,8,FAABE_NO_IWM,63,1.212104082107544
China,8,FAABE_NO_IWM,64,1.212104082107544
China,8,FAABE_NO_IWM,65,1.212104082107544
China,8,FAABE_NO_IWM,66,1.212104082107544
China,8,FAABE_NO_IWM,67,1.212104082107544
China,8,FAABE_NO_IWM,68,1.212104082107544
China,8,FAABE_NO_IWM,69,1.212104082107544
China,8,FAABE_NO_IWM,70,1.212104082107544
China,8,FAABE_NO_IWM,71,1.212104082107544
China,8,FAABE_NO_IWM,72,1.212104082107544
China,8,FAABE_NO_IWM,73,1.212104082107544
China,8,FAABE_NO_IWM,74,1.212104082107544
China,8,FAABE_NO_IWM,75,1.212104082107544
China,8,FAABE_NO_IWM,76,1.212104082107544
China,8,FAABE_NO_IWM,77,1.212104082107544
China,8,FAABE_NO_IWM,78,1.212104082107544
China,8,FAABE_NO_IWM,79,1.212104082107544
China,8,FAABE_NO_IWM,80,1.212104082107544
China,8,FAABE_NO_IWM,81,1.212104082107544
China,8,FAABE_NO_IWM,82,1.212104082107544
China,8,FAABE_NO_IWM,83,1.212104082107544
China,8,FAABE_NO_IWM,84,1.212104082107544
China,8,FAABE_NO_IWM,85,1.212104082107544
China,8,FAABE_NO_IWM,86,1.212104082107544
China,8,FAABE_NO_IWM,87,1.212104082107544
China,8,FAABE_NO_IWM,88,1.212104082107544
China,8,FAABE_NO_IWM,89,1.212104082107544
China,8,FAABE_NO_IWM,90,1.212104082107544
China,8,FAABE_NO_IWM,91,1.212104082107544
China,8,FAABE_NO_IWM,92,1.212104082107544
China,8,FAABE_NO_IWM,93,1.212104082107544
China,8,FAABE_NO_IWM,94,1.212104082107544
China,8,FAABE_NO_IWM,95,1.212104082107544
China,8,FAABE_NO_IWM,96,1.212104082107544
China,8,FAABE_NO_IWM,97,1.212104082107544
China,8,FAABE_NO_IWM,98,1.212104082107544
China,8,FAABE_NO_IWM,99,1.212104082107544
China,8,FAABE_NO_IWM,100,1.212104082107544
China,8,FAABE_FULL,0,1.3660051822662354
China,8,FAABE_FULL,1,1.3126603364944458
China,8,FAABE_FULL,2,1.28192138671875
China,8,FAABE_FULL,3,1.28192138671875
China,8,FAABE_FULL,4,1.2640936374664307
China,8,FAABE_FULL,5,1.2640936374664307
China,8,FAABE_FULL,6,1.2640936374664307
China,8,FAABE_FULL,7,1.2607477903366089
China,8,FAABE_FULL,8,1.2607477903366089
China,8,FAABE_FULL,9,1.2607477903366089
China,8,FAABE_FULL,10,1.2607477903366089
China,8,FAABE_FULL,11,1.257578730583191
China,8,FAABE_FULL,12,1.257578730583191
China,8,FAABE_FULL,13,1.257578730583191
China,8,FAABE_FULL,14,1.257578730583191
China,8,FAABE_FULL,15,1.257578730583191
China,8,FAABE_FULL,16,1.257578730583191
China,8,FAABE_FULL,17,1.257578730583191
China,8,FAABE_FULL,18,1.257578730583191
China,8,FAABE_FULL,19,1.257578730583191
China,8,FAABE_FULL,20,1.257578730583191
China,8,FAABE_FULL,21,1.257578730583191
China,8,FAABE_FULL,22,1.257578730583191
China,8,FAABE_FULL,23,1.257578730583191
China,8,FAABE_FULL,24,1.257578730583191
China,8,FAABE_FULL,25,1.257578730583191
China,8,FAABE_FULL,26,1.257578730583191
China,8,FAABE_FULL,27,1.257578730583191
China,8,FAABE_FULL,28,1.257578730583191
China,8,FAABE_FULL,29,1.257578730583191
China,8,FAABE_FULL,30,1.257578730583191
China,8,FAABE_FULL,31,1.257578730583191
China,8,FAABE_FULL,32,1.257578730583191
China,8,FAABE_FULL,33,1.257578730583191
China,8,FAABE_FULL,34,1.257578730583191
China,8,FAABE_FULL,35,1.257578730583191
China,8,FAABE_FULL,36,1.257578730583191
China,8,FAABE_FULL,37,1.2485861778259277
China,8,FAABE_FULL,38,1.2485861778259277
China,8,FAABE_FULL,39,1.2485861778259277
China,8,FAABE_FULL,40,1.2485861778259277
China,8,FAABE_FULL,41,1.233575701713562
China,8,FAABE_FULL,42,1.233575701713562
China,8,FAABE_FULL,43,1.233575701713562
China,8,FAABE_FULL,44,1.233575701713562
China,8,FAABE_FULL,45,1.233575701713562
China,8,FAABE_FULL,46,1.233575701713562
China,8,FAABE_FULL,47,1.233575701713562
China,8,FAABE_FULL,48,1.233575701713562
China,8,FAABE_FULL,49,1.233575701713562
China,8,FAABE_FULL,50,1.233575701713562
China,8,FAABE_FULL,51,1.233575701713562
China,8,FAABE_FULL,52,1.233575701713562
China,8,FAABE_FULL,53,1.233575701713562
China,8,FAABE_FULL,54,1.233575701713562
China,8,FAABE_FULL,55,1.233575701713562
China,8,FAABE_FULL,56,1.233575701713562
China,8,FAABE_FULL,57,1.233575701713562
China,8,FAABE_FULL,58,1.233575701713562
China,8,FAABE_FULL,59,1.233575701713562
China,8,FAABE_FULL,60,1.233575701713562
China,8,FAABE_FULL,61,1.233575701713562
China,8,FAABE_FULL,62,1.233575701713562
China,8,FAABE_FULL,63,1.233575701713562
China,8,FAABE_FULL,64,1.233575701713562
China,8,FAABE_FULL,65,1.233575701713562
China,8,FAABE_FULL,66,1.233575701713562
China,8,FAABE_FULL,67,1.233575701713562
China,8,FAABE_FULL,68,1.233575701713562
China,8,FAABE_FULL,69,1.233575701713562
China,8,FAABE_FULL,70,1.233575701713562
China,8,FAABE_FULL,71,1.233575701713562
China,8,FAABE_FULL,72,1.233575701713562
China,8,FAABE_FULL,73,1.233575701713562
China,8,FAABE_FULL,74,1.233575701713562
China,8,FAABE_FULL,75,1.233575701713562
China,8,FAABE_FULL,76,1.233575701713562
China,8,FAABE_FULL,77,1.233575701713562
China,8,FAABE_FULL,78,1.233575701713562
China,8,FAABE_FULL,79,1.233575701713562
China,8,FAABE_FULL,80,1.233575701713562
China,8,FAABE_FULL,81,1.233575701713562
China,8,FAABE_FULL,82,1.233575701713562
China,8,FAABE_FULL,83,1.233575701713562
China,8,FAABE_FULL,84,1.233575701713562
China,8,FAABE_FULL,85,1.233575701713562
China,8,FAABE_FULL,86,1.233575701713562
China,8,FAABE_FULL,87,1.233575701713562
China,8,FAABE_FULL,88,1.233575701713562
China,8,FAABE_FULL,89,1.233575701713562
China,8,FAABE_FULL,90,1.233575701713562
China,8,FAABE_FULL,91,1.233575701713562
China,8,FAABE_FULL,92,1.233575701713562
China,8,FAABE_FULL,93,1.233575701713562
China,8,FAABE_FULL,94,1.233575701713562
China,8,FAABE_FULL,95,1.233575701713562
China,8,FAABE_FULL,96,1.233575701713562
China,8,FAABE_FULL,97,1.233575701713562
China,8,FAABE_FULL,98,1.233575701713562
China,8,FAABE_FULL,99,1.233575701713562
China,8,FAABE_FULL,100,1.233575701713562
China,9,FAABE_NO_PEARSON,0,1.3586077690124512
China,9,FAABE_NO_PEARSON,1,1.3186181783676147
China,9,FAABE_NO_PEARSON,2,1.3186181783676147
China,9,FAABE_NO_PEARSON,3,1.3186181783676147
China,9,FAABE_NO_PEARSON,4,1.3186181783676147
China,9,FAABE_NO_PEARSON,5,1.3186181783676147
China,9,FAABE_NO_PEARSON,6,1.314353346824646
China,9,FAABE_NO_PEARSON,7,1.2764304876327515
China,9,FAABE_NO_PEARSON,8,1.2764304876327515
China,9,FAABE_NO_PEARSON,9,1.250858187675476
China,9,FAABE_NO_PEARSON,10,1.250858187675476
China,9,FAABE_NO_PEARSON,11,1.250858187675476
China,9,FAABE_NO_PEARSON,12,1.250858187675476
China,9,FAABE_NO_PEARSON,13,1.2342567443847656
China,9,FAABE_NO_PEARSON,14,1.2342567443847656
China,9,FAABE_NO_PEARSON,15,1.2342567443847656
China,9,FAABE_NO_PEARSON,16,1.2342567443847656
China,9,FAABE_NO_PEARSON,17,1.2342567443847656
China,9,FAABE_NO_PEARSON,18,1.2342567443847656
China,9,FAABE_NO_PEARSON,19,1.2342567443847656
China,9,FAABE_NO_PEARSON,20,1.2342567443847656
China,9,FAABE_NO_PEARSON,21,1.2342567443847656
China,9,FAABE_NO_PEARSON,22,1.2342567443847656
China,9,FAABE_NO_PEARSON,23,1.2342567443847656
China,9,FAABE_NO_PEARSON,24,1.2342567443847656
China,9,FAABE_NO_PEARSON,25,1.2342567443847656
China,9,FAABE_NO_PEARSON,26,1.2342567443847656
China,9,FAABE_NO_PEARSON,27,1.2342567443847656
China,9,FAABE_NO_PEARSON,28,1.2342567443847656
China,9,FAABE_NO_PEARSON,29,1.2342567443847656
China,9,FAABE_NO_PEARSON,30,1.2342567443847656
China,9,FAABE_NO_PEARSON,31,1.2342567443847656
China,9,FAABE_NO_PEARSON,32,1.2342567443847656
China,9,FAABE_NO_PEARSON,33,1.2342567443847656
China,9,FAABE_NO_PEARSON,34,1.2342567443847656
China,9,FAABE_NO_PEARSON,35,1.2342567443847656
China,9,FAABE_NO_PEARSON,36,1.2342567443847656
China,9,FAABE_NO_PEARSON,37,1.2278555631637573
China,9,FAABE_NO_PEARSON,38,1.2278555631637573
China,9,FAABE_NO_PEARSON,39,1.2278555631637573
China,9,FAABE_NO_PEARSON,40,1.2278555631637573
China,9,FAABE_NO_PEARSON,41,1.2278555631637573
China,9,FAABE_NO_PEARSON,42,1.2278555631637573
China,9,FAABE_NO_PEARSON,43,1.2278555631637573
China,9,FAABE_NO_PEARSON,44,1.2278555631637573
China,9,FAABE_NO_PEARSON,45,1.2278555631637573
China,9,FAABE_NO_PEARSON,46,1.2278555631637573
China,9,FAABE_NO_PEARSON,47,1.2278555631637573
China,9,FAABE_NO_PEARSON,48,1.2278555631637573
China,9,FAABE_NO_PEARSON,49,1.2278555631637573
China,9,FAABE_NO_PEARSON,50,1.2278555631637573
China,9,FAABE_NO_PEARSON,51,1.2278555631637573
China,9,FAABE_NO_PEARSON,52,1.2278555631637573
China,9,FAABE_NO_PEARSON,53,1.2278555631637573
China,9,FAABE_NO_PEARSON,54,1.2278555631637573
China,9,FAABE_NO_PEARSON,55,1.2278555631637573
China,9,FAABE_NO_PEARSON,56,1.2278555631637573
China,9,FAABE_NO_PEARSON,57,1.2278555631637573
China,9,FAABE_NO_PEARSON,58,1.2278555631637573
China,9,FAABE_NO_PEARSON,59,1.2278555631637573
China,9,FAABE_NO_PEARSON,60,1.2278555631637573
China,9,FAABE_NO_PEARSON,61,1.2278555631637573
China,9,FAABE_NO_PEARSON,62,1.2278555631637573
China,9,FAABE_NO_PEARSON,63,1.2278555631637573
China,9,FAABE_NO_PEARSON,64,1.2278555631637573
China,9,FAABE_NO_PEARSON,65,1.2278555631637573
China,9,FAABE_NO_PEARSON,66,1.2278555631637573
China,9,FAABE_NO_PEARSON,67,1.2278555631637573
China,9,FAABE_NO_PEARSON,68,1.2278555631637573
China,9,FAABE_NO_PEARSON,69,1.2278555631637573
China,9,FAABE_NO_PEARSON,70,1.2278555631637573
China,9,FAABE_NO_PEARSON,71,1.2278555631637573
China,9,FAABE_NO_PEARSON,72,1.2278555631637573
China,9,FAABE_NO_PEARSON,73,1.2278555631637573
China,9,FAABE_NO_PEARSON,74,1.2278555631637573
China,9,FAABE_NO_PEARSON,75,1.2278555631637573
China,9,FAABE_NO_PEARSON,76,1.2278555631637573
China,9,FAABE_NO_PEARSON,77,1.2278555631637573
China,9,FAABE_NO_PEARSON,78,1.2278555631637573
China,9,FAABE_NO_PEARSON,79,1.2278555631637573
China,9,FAABE_NO_PEARSON,80,1.2278555631637573
China,9,FAABE_NO_PEARSON,81,1.2278555631637573
China,9,FAABE_NO_PEARSON,82,1.2278555631637573
China,9,FAABE_NO_PEARSON,83,1.2278555631637573
China,9,FAABE_NO_PEARSON,84,1.2278555631637573
China,9,FAABE_NO_PEARSON,85,1.2278555631637573
China,9,FAABE_NO_PEARSON,86,1.2278555631637573
China,9,FAABE_NO_PEARSON,87,1.2278555631637573
China,9,FAABE_NO_PEARSON,88,1.2278555631637573
China,9,FAABE_NO_PEARSON,89,1.2278555631637573
China,9,FAABE_NO_PEARSON,90,1.2278555631637573
China,9,FAABE_NO_PEARSON,91,1.2278555631637573
China,9,FAABE_NO_PEARSON,92,1.2278555631637573
China,9,FAABE_NO_PEARSON,93,1.2278555631637573
China,9,FAABE_NO_PEARSON,94,1.2278555631637573
China,9,FAABE_NO_PEARSON,95,1.2278555631637573
China,9,FAABE_NO_PEARSON,96,1.2278555631637573
China,9,FAABE_NO_PEARSON,97,1.2278555631637573
China,9,FAABE_NO_PEARSON,98,1.2278555631637573
China,9,FAABE_NO_PEARSON,99,1.2278555631637573
China,9,FAABE_NO_PEARSON,100,1.2278555631637573
China,9,FAABE_NO_IWM,0,1.3695381879806519
China,9,FAABE_NO_IWM,1,1.343562126159668
China,9,FAABE_NO_IWM,2,1.343562126159668
China,9,FAABE_NO_IWM,3,1.3110899925231934
China,9,FAABE_NO_IWM,4,1.3102104663848877
China,9,FAABE_NO_IWM,5,1.2724661827087402
China,9,FAABE_NO_IWM,6,1.2724661827087402
China,9,FAABE_NO_IWM,7,1.2724661827087402
China,9,FAABE_NO_IWM,8,1.2724661827087402
China,9,FAABE_NO_IWM,9,1.2724661827087402
China,9,FAABE_NO_IWM,10,1.2724661827087402
China,9,FAABE_NO_IWM,11,1.2724661827087402
China,9,FAABE_NO_IWM,12,1.2724661827087402
China,9,FAABE_NO_IWM,13,1.2724661827087402
China,9,FAABE_NO_IWM,14,1.2602496147155762
China,9,FAABE_NO_IWM,15,1.2602496147155762
China,9,FAABE_NO_IWM,16,1.2602496147155762
China,9,FAABE_NO_IWM,17,1.2602496147155762
China,9,FAABE_NO_IWM,18,1.2602496147155762
China,9,FAABE_NO_IWM,19,1.2474210262298584
China,9,FAABE_NO_IWM,20,1.2474210262298584
China,9,FAABE_NO_IWM,21,1.2474210262298584
China,9,FAABE_NO_IWM,22,1.2474210262298584
China,9,FAABE_NO_IWM,23,1.2474210262298584
China,9,FAABE_NO_IWM,24,1.2474210262298584
China,9,FAABE_NO_IWM,25,1.2474210262298584
China,9,FAABE_NO_IWM,26,1.2423059940338135
China,9,FAABE_NO_IWM,27,1.2423059940338135
China,9,FAABE_NO_IWM,28,1.2423059940338135
China,9,FAABE_NO_IWM,29,1.2423059940338135
China,9,FAABE_NO_IWM,30,1.2423059940338135
China,9,FAABE_NO_IWM,31,1.2423059940338135
China,9,FAABE_NO_IWM,32,1.2423059940338135
China,9,FAABE_NO_IWM,33,1.2423059940338135
China,9,FAABE_NO_IWM,34,1.2423059940338135
China,9,FAABE_NO_IWM,35,1.2423059940338135
China,9,FAABE_NO_IWM,36,1.2423059940338135
China,9,FAABE_NO_IWM,37,1.2423059940338135
China,9,FAABE_NO_IWM,38,1.2423059940338135
China,9,FAABE_NO_IWM,39,1.2423059940338135
China,9,FAABE_NO_IWM,40,1.2423059940338135
China,9,FAABE_NO_IWM,41,1.2423059940338135
China,9,FAABE_NO_IWM,42,1.2423059940338135
China,9,FAABE_NO_IWM,43,1.2423059940338135
China,9,FAABE_NO_IWM,44,1.2423059940338135
China,9,FAABE_NO_IWM,45,1.2423059940338135
China,9,FAABE_NO_IWM,46,1.2423059940338135
China,9,FAABE_NO_IWM,47,1.2423059940338135
China,9,FAABE_NO_IWM,48,1.2423059940338135
China,9,FAABE_NO_IWM,49,1.2423059940338135
China,9,FAABE_NO_IWM,50,1.2423059940338135
China,9,FAABE_NO_IWM,51,1.2423059940338135
China,9,FAABE_NO_IWM,52,1.2423059940338135
China,9,FAABE_NO_IWM,53,1.2423059940338135
China,9,FAABE_NO_IWM,54,1.2379083633422852
China,9,FAABE_NO_IWM,55,1.2379083633422852
China,9,FAABE_NO_IWM,56,1.2379083633422852
China,9,FAABE_NO_IWM,57,1.2379083633422852
China,9,FAABE_NO_IWM,58,1.2379083633422852
China,9,FAABE_NO_IWM,59,1.2379083633422852
China,9,FAABE_NO_IWM,60,1.2379083633422852
China,9,FAABE_NO_IWM,61,1.2379083633422852
China,9,FAABE_NO_IWM,62,1.2379083633422852
China,9,FAABE_NO_IWM,63,1.2379083633422852
China,9,FAABE_NO_IWM,64,1.2379083633422852
China,9,FAABE_NO_IWM,65,1.2379083633422852
China,9,FAABE_NO_IWM,66,1.2379083633422852
China,9,FAABE_NO_IWM,67,1.2379083633422852
China,9,FAABE_NO_IWM,68,1.2379083633422852
China,9,FAABE_NO_IWM,69,1.2379083633422852
China,9,FAABE_NO_IWM,70,1.2379083633422852
China,9,FAABE_NO_IWM,71,1.2379083633422852
China,9,FAABE_NO_IWM,72,1.2379083633422852
China,9,FAABE_NO_IWM,73,1.2379083633422852
China,9,FAABE_NO_IWM,74,1.2379083633422852
China,9,FAABE_NO_IWM,75,1.2379083633422852
China,9,FAABE_NO_IWM,76,1.2379083633422852
China,9,FAABE_NO_IWM,77,1.2379083633422852
China,9,FAABE_NO_IWM,78,1.2379083633422852
China,9,FAABE_NO_IWM,79,1.2379083633422852
China,9,FAABE_NO_IWM,80,1.2379083633422852
China,9,FAABE_NO_IWM,81,1.2379083633422852
China,9,FAABE_NO_IWM,82,1.2379083633422852
China,9,FAABE_NO_IWM,83,1.2379083633422852
China,9,FAABE_NO_IWM,84,1.2379083633422852
China,9,FAABE_NO_IWM,85,1.2379083633422852
China,9,FAABE_NO_IWM,86,1.2379083633422852
China,9,FAABE_NO_IWM,87,1.2379083633422852
China,9,FAABE_NO_IWM,88,1.2379083633422852
China,9,FAABE_NO_IWM,89,1.2379083633422852
China,9,FAABE_NO_IWM,90,1.2379083633422852
China,9,FAABE_NO_IWM,91,1.2379083633422852
China,9,FAABE_NO_IWM,92,1.2379083633422852
China,9,FAABE_NO_IWM,93,1.2379083633422852
China,9,FAABE_NO_IWM,94,1.2379083633422852
China,9,FAABE_NO_IWM,95,1.2379083633422852
China,9,FAABE_NO_IWM,96,1.2379083633422852
China,9,FAABE_NO_IWM,97,1.2379083633422852
China,9,FAABE_NO_IWM,98,1.2379083633422852
China,9,FAABE_NO_IWM,99,1.2379083633422852
China,9,FAABE_NO_IWM,100,1.2379083633422852
China,9,FAABE_FULL,0,1.401031494140625
China,9,FAABE_FULL,1,1.3335075378417969
China,9,FAABE_FULL,2,1.3104090690612793
China,9,FAABE_FULL,3,1.3104090690612793
China,9,FAABE_FULL,4,1.3104090690612793
China,9,FAABE_FULL,5,1.3104090690612793
China,9,FAABE_FULL,6,1.3104090690612793
China,9,FAABE_FULL,7,1.3104090690612793
China,9,FAABE_FULL,8,1.3104090690612793
China,9,FAABE_FULL,9,1.3104090690612793
China,9,FAABE_FULL,10,1.3104090690612793
China,9,FAABE_FULL,11,1.2839646339416504
China,9,FAABE_FULL,12,1.2839646339416504
China,9,FAABE_FULL,13,1.2839646339416504
China,9,FAABE_FULL,14,1.2839646339416504
China,9,FAABE_FULL,15,1.2834141254425049
China,9,FAABE_FULL,16,1.2834141254425049
China,9,FAABE_FULL,17,1.2710741758346558
China,9,FAABE_FULL,18,1.2710741758346558
China,9,FAABE_FULL,19,1.2710741758346558
China,9,FAABE_FULL,20,1.2710741758346558
China,9,FAABE_FULL,21,1.2710741758346558
China,9,FAABE_FULL,22,1.2710741758346558
China,9,FAABE_FULL,23,1.2597558498382568
China,9,FAABE_FULL,24,1.2597558498382568
China,9,FAABE_FULL,25,1.2597558498382568
China,9,FAABE_FULL,26,1.2597558498382568
China,9,FAABE_FULL,27,1.2597558498382568
China,9,FAABE_FULL,28,1.2597558498382568
China,9,FAABE_FULL,29,1.2597558498382568
China,9,FAABE_FULL,30,1.2597558498382568
China,9,FAABE_FULL,31,1.2597558498382568
China,9,FAABE_FULL,32,1.2597558498382568
China,9,FAABE_FULL,33,1.2597558498382568
China,9,FAABE_FULL,34,1.2597558498382568
China,9,FAABE_FULL,35,1.2597558498382568
China,9,FAABE_FULL,36,1.2597558498382568
China,9,FAABE_FULL,37,1.2597558498382568
China,9,FAABE_FULL,38,1.2597558498382568
China,9,FAABE_FULL,39,1.2597558498382568
China,9,FAABE_FULL,40,1.2597558498382568
China,9,FAABE_FULL,41,1.2597558498382568
China,9,FAABE_FULL,42,1.2597558498382568
China,9,FAABE_FULL,43,1.2597558498382568
China,9,FAABE_FULL,44,1.2597558498382568
China,9,FAABE_FULL,45,1.2597558498382568
China,9,FAABE_FULL,46,1.2597558498382568
China,9,FAABE_FULL,47,1.2597558498382568
China,9,FAABE_FULL,48,1.2597558498382568
China,9,FAABE_FULL,49,1.2597558498382568
China,9,FAABE_FULL,50,1.2597558498382568
China,9,FAABE_FULL,51,1.2597558498382568
China,9,FAABE_FULL,52,1.2597558498382568
China,9,FAABE_FULL,53,1.2597558498382568
China,9,FAABE_FULL,54,1.2597558498382568
China,9,FAABE_FULL,55,1.2597558498382568
China,9,FAABE_FULL,56,1.2597558498382568
China,9,FAABE_FULL,57,1.2597558498382568
China,9,FAABE_FULL,58,1.2597558498382568
China,9,FAABE_FULL,59,1.2597558498382568
China,9,FAABE_FULL,60,1.2597558498382568
China,9,FAABE_FULL,61,1.2597558498382568
China,9,FAABE_FULL,62,1.2597558498382568
China,9,FAABE_FULL,63,1.2597558498382568
China,9,FAABE_FULL,64,1.2597558498382568
China,9,FAABE_FULL,65,1.2597558498382568
China,9,FAABE_FULL,66,1.2597558498382568
China,9,FAABE_FULL,67,1.2597558498382568
China,9,FAABE_FULL,68,1.2597558498382568
China,9,FAABE_FULL,69,1.2597558498382568
China,9,FAABE_FULL,70,1.2597558498382568
China,9,FAABE_FULL,71,1.2597558498382568
China,9,FAABE_FULL,72,1.2597558498382568
China,9,FAABE_FULL,73,1.2597558498382568
China,9,FAABE_FULL,74,1.2597558498382568
China,9,FAABE_FULL,75,1.2597558498382568
China,9,FAABE_FULL,76,1.2597558498382568
China,9,FAABE_FULL,77,1.2597558498382568
China,9,FAABE_FULL,78,1.2597558498382568
China,9,FAABE_FULL,79,1.2597558498382568
China,9,FAABE_FULL,80,1.2597558498382568
China,9,FAABE_FULL,81,1.2597558498382568
China,9,FAABE_FULL,82,1.2597558498382568
China,9,FAABE_FULL,83,1.2597558498382568
China,9,FAABE_FULL,84,1.2597558498382568
China,9,FAABE_FULL,85,1.2597558498382568
China,9,FAABE_FULL,86,1.2597558498382568
China,9,FAABE_FULL,87,1.2597558498382568
China,9,FAABE_FULL,88,1.2597558498382568
China,9,FAABE_FULL,89,1.2597558498382568
China,9,FAABE_FULL,90,1.2597558498382568
China,9,FAABE_FULL,91,1.2597558498382568
China,9,FAABE_FULL,92,1.2597558498382568
China,9,FAABE_FULL,93,1.2597558498382568
China,9,FAABE_FULL,94,1.2597558498382568
China,9,FAABE_FULL,95,1.2597558498382568
China,9,FAABE_FULL,96,1.2597558498382568
China,9,FAABE_FULL,97,1.2597558498382568
China,9,FAABE_FULL,98,1.2597558498382568
China,9,FAABE_FULL,99,1.2597558498382568
China,9,FAABE_FULL,100,1.2597558498382568
China,10,FAABE_NO_PEARSON,0,1.3805218935012817
China,10,FAABE_NO_PEARSON,1,1.3260550498962402
China,10,FAABE_NO_PEARSON,2,1.3156239986419678
China,10,FAABE_NO_PEARSON,3,1.2797633409500122
China,10,FAABE_NO_PEARSON,4,1.2797633409500122
China,10,FAABE_NO_PEARSON,5,1.2797633409500122
China,10,FAABE_NO_PEARSON,6,1.2797633409500122
China,10,FAABE_NO_PEARSON,7,1.2797633409500122
China,10,FAABE_NO_PEARSON,8,1.2350242137908936
China,10,FAABE_NO_PEARSON,9,1.2350242137908936
China,10,FAABE_NO_PEARSON,10,1.2350242137908936
China,10,FAABE_NO_PEARSON,11,1.2350242137908936
China,10,FAABE_NO_PEARSON,12,1.2350242137908936
China,10,FAABE_NO_PEARSON,13,1.2350242137908936
China,10,FAABE_NO_PEARSON,14,1.2350242137908936
China,10,FAABE_NO_PEARSON,15,1.2350242137908936
China,10,FAABE_NO_PEARSON,16,1.2350242137908936
China,10,FAABE_NO_PEARSON,17,1.2350242137908936
China,10,FAABE_NO_PEARSON,18,1.2350242137908936
China,10,FAABE_NO_PEARSON,19,1.2350242137908936
China,10,FAABE_NO_PEARSON,20,1.2350242137908936
China,10,FAABE_NO_PEARSON,21,1.2350242137908936
China,10,FAABE_NO_PEARSON,22,1.2350242137908936
China,10,FAABE_NO_PEARSON,23,1.2350242137908936
China,10,FAABE_NO_PEARSON,24,1.2350242137908936
China,10,FAABE_NO_PEARSON,25,1.2350242137908936
China,10,FAABE_NO_PEARSON,26,1.2350242137908936
China,10,FAABE_NO_PEARSON,27,1.2350242137908936
China,10,FAABE_NO_PEARSON,28,1.2350242137908936
China,10,FAABE_NO_PEARSON,29,1.2350242137908936
China,10,FAABE_NO_PEARSON,30,1.2350242137908936
China,10,FAABE_NO_PEARSON,31,1.2350242137908936
China,10,FAABE_NO_PEARSON,32,1.2350242137908936
China,10,FAABE_NO_PEARSON,33,1.2350242137908936
China,10,FAABE_NO_PEARSON,34,1.2350242137908936
China,10,FAABE_NO_PEARSON,35,1.2350242137908936
China,10,FAABE_NO_PEARSON,36,1.2350242137908936
China,10,FAABE_NO_PEARSON,37,1.2350242137908936
China,10,FAABE_NO_PEARSON,38,1.2350242137908936
China,10,FAABE_NO_PEARSON,39,1.2350242137908936
China,10,FAABE_NO_PEARSON,40,1.2350242137908936
China,10,FAABE_NO_PEARSON,41,1.2350242137908936
China,10,FAABE_NO_PEARSON,42,1.2350242137908936
China,10,FAABE_NO_PEARSON,43,1.2350242137908936
China,10,FAABE_NO_PEARSON,44,1.2350242137908936
China,10,FAABE_NO_PEARSON,45,1.2350242137908936
China,10,FAABE_NO_PEARSON,46,1.2350242137908936
China,10,FAABE_NO_PEARSON,47,1.2350242137908936
China,10,FAABE_NO_PEARSON,48,1.2350242137908936
China,10,FAABE_NO_PEARSON,49,1.2350242137908936
China,10,FAABE_NO_PEARSON,50,1.2350242137908936
China,10,FAABE_NO_PEARSON,51,1.2350242137908936
China,10,FAABE_NO_PEARSON,52,1.2350242137908936
China,10,FAABE_NO_PEARSON,53,1.2350242137908936
China,10,FAABE_NO_PEARSON,54,1.2350242137908936
China,10,FAABE_NO_PEARSON,55,1.2350242137908936
China,10,FAABE_NO_PEARSON,56,1.2350242137908936
China,10,FAABE_NO_PEARSON,57,1.2350242137908936
China,10,FAABE_NO_PEARSON,58,1.2350242137908936
China,10,FAABE_NO_PEARSON,59,1.2350242137908936
China,10,FAABE_NO_PEARSON,60,1.2350242137908936
China,10,FAABE_NO_PEARSON,61,1.2350242137908936
China,10,FAABE_NO_PEARSON,62,1.2350242137908936
China,10,FAABE_NO_PEARSON,63,1.2350242137908936
China,10,FAABE_NO_PEARSON,64,1.2350242137908936
China,10,FAABE_NO_PEARSON,65,1.2350242137908936
China,10,FAABE_NO_PEARSON,66,1.2350242137908936
China,10,FAABE_NO_PEARSON,67,1.2350242137908936
China,10,FAABE_NO_PEARSON,68,1.2350242137908936
China,10,FAABE_NO_PEARSON,69,1.2350242137908936
China,10,FAABE_NO_PEARSON,70,1.2350242137908936
China,10,FAABE_NO_PEARSON,71,1.2350242137908936
China,10,FAABE_NO_PEARSON,72,1.2350242137908936
China,10,FAABE_NO_PEARSON,73,1.2350242137908936
China,10,FAABE_NO_PEARSON,74,1.2350242137908936
China,10,FAABE_NO_PEARSON,75,1.2350242137908936
China,10,FAABE_NO_PEARSON,76,1.2350242137908936
China,10,FAABE_NO_PEARSON,77,1.2350242137908936
China,10,FAABE_NO_PEARSON,78,1.2350242137908936
China,10,FAABE_NO_PEARSON,79,1.2350242137908936
China,10,FAABE_NO_PEARSON,80,1.2350242137908936
China,10,FAABE_NO_PEARSON,81,1.2350242137908936
China,10,FAABE_NO_PEARSON,82,1.2350242137908936
China,10,FAABE_NO_PEARSON,83,1.2140538692474365
China,10,FAABE_NO_PEARSON,84,1.2140538692474365
China,10,FAABE_NO_PEARSON,85,1.2140538692474365
China,10,FAABE_NO_PEARSON,86,1.2140538692474365
China,10,FAABE_NO_PEARSON,87,1.2140538692474365
China,10,FAABE_NO_PEARSON,88,1.2140538692474365
China,10,FAABE_NO_PEARSON,89,1.2140538692474365
China,10,FAABE_NO_PEARSON,90,1.2140538692474365
China,10,FAABE_NO_PEARSON,91,1.2140538692474365
China,10,FAABE_NO_PEARSON,92,1.2140538692474365
China,10,FAABE_NO_PEARSON,93,1.2140538692474365
China,10,FAABE_NO_PEARSON,94,1.2140538692474365
China,10,FAABE_NO_PEARSON,95,1.2140538692474365
China,10,FAABE_NO_PEARSON,96,1.2140538692474365
China,10,FAABE_NO_PEARSON,97,1.2140538692474365
China,10,FAABE_NO_PEARSON,98,1.2140538692474365
China,10,FAABE_NO_PEARSON,99,1.2140538692474365
China,10,FAABE_NO_PEARSON,100,1.2140538692474365
China,10,FAABE_NO_IWM,0,1.3035674095153809
China,10,FAABE_NO_IWM,1,1.3035674095153809
China,10,FAABE_NO_IWM,2,1.2713899612426758
China,10,FAABE_NO_IWM,3,1.2713899612426758
China,10,FAABE_NO_IWM,4,1.2713899612426758
China,10,FAABE_NO_IWM,5,1.2536485195159912
China,10,FAABE_NO_IWM,6,1.2536485195159912
China,10,FAABE_NO_IWM,7,1.2486847639083862
China,10,FAABE_NO_IWM,8,1.2486847639083862
China,10,FAABE_NO_IWM,9,1.24787437915802
China,10,FAABE_NO_IWM,10,1.24787437915802
China,10,FAABE_NO_IWM,11,1.24787437915802
China,10,FAABE_NO_IWM,12,1.24787437915802
China,10,FAABE_NO_IWM,13,1.24787437915802
China,10,FAABE_NO_IWM,14,1.24787437915802
China,10,FAABE_NO_IWM,15,1.24787437915802
China,10,FAABE_NO_IWM,16,1.2405322790145874
China,10,FAABE_NO_IWM,17,1.2405322790145874
China,10,FAABE_NO_IWM,18,1.2405322790145874
China,10,FAABE_NO_IWM,19,1.2405322790145874
China,10,FAABE_NO_IWM,20,1.2405322790145874
China,10,FAABE_NO_IWM,21,1.2405322790145874
China,10,FAABE_NO_IWM,22,1.2405322790145874
China,10,FAABE_NO_IWM,23,1.2405322790145874
China,10,FAABE_NO_IWM,24,1.2405322790145874
China,10,FAABE_NO_IWM,25,1.2405322790145874
China,10,FAABE_NO_IWM,26,1.2405322790145874
China,10,FAABE_NO_IWM,27,1.2405322790145874
China,10,FAABE_NO_IWM,28,1.2405322790145874
China,10,FAABE_NO_IWM,29,1.2405322790145874
China,10,FAABE_NO_IWM,30,1.2405322790145874
China,10,FAABE_NO_IWM,31,1.2405322790145874
China,10,FAABE_NO_IWM,32,1.2405322790145874
China,10,FAABE_NO_IWM,33,1.2405322790145874
China,10,FAABE_NO_IWM,34,1.2405322790145874
China,10,FAABE_NO_IWM,35,1.2405322790145874
China,10,FAABE_NO_IWM,36,1.2405322790145874
China,10,FAABE_NO_IWM,37,1.2405322790145874
China,10,FAABE_NO_IWM,38,1.2405322790145874
China,10,FAABE_NO_IWM,39,1.2405322790145874
China,10,FAABE_NO_IWM,40,1.2405322790145874
China,10,FAABE_NO_IWM,41,1.2405322790145874
China,10,FAABE_NO_IWM,42,1.2405322790145874
China,10,FAABE_NO_IWM,43,1.2405322790145874
China,10,FAABE_NO_IWM,44,1.2405322790145874
China,10,FAABE_NO_IWM,45,1.2405322790145874
China,10,FAABE_NO_IWM,46,1.2405322790145874
China,10,FAABE_NO_IWM,47,1.2405322790145874
China,10,FAABE_NO_IWM,48,1.2405322790145874
China,10,FAABE_NO_IWM,49,1.2405322790145874
China,10,FAABE_NO_IWM,50,1.2405322790145874
China,10,FAABE_NO_IWM,51,1.2405322790145874
China,10,FAABE_NO_IWM,52,1.2405322790145874
China,10,FAABE_NO_IWM,53,1.2405322790145874
China,10,FAABE_NO_IWM,54,1.2405322790145874
China,10,FAABE_NO_IWM,55,1.2405322790145874
China,10,FAABE_NO_IWM,56,1.2405322790145874
China,10,FAABE_NO_IWM,57,1.2405322790145874
China,10,FAABE_NO_IWM,58,1.2300057411193848
China,10,FAABE_NO_IWM,59,1.2300057411193848
China,10,FAABE_NO_IWM,60,1.2300057411193848
China,10,FAABE_NO_IWM,61,1.2300057411193848
China,10,FAABE_NO_IWM,62,1.2300057411193848
China,10,FAABE_NO_IWM,63,1.2300057411193848
China,10,FAABE_NO_IWM,64,1.2300057411193848
China,10,FAABE_NO_IWM,65,1.2300057411193848
China,10,FAABE_NO_IWM,66,1.2300057411193848
China,10,FAABE_NO_IWM,67,1.2300057411193848
China,10,FAABE_NO_IWM,68,1.2300057411193848
China,10,FAABE_NO_IWM,69,1.2300057411193848
China,10,FAABE_NO_IWM,70,1.2300057411193848
China,10,FAABE_NO_IWM,71,1.2300057411193848
China,10,FAABE_NO_IWM,72,1.2300057411193848
China,10,FAABE_NO_IWM,73,1.2300057411193848
China,10,FAABE_NO_IWM,74,1.2300057411193848
China,10,FAABE_NO_IWM,75,1.2300057411193848
China,10,FAABE_NO_IWM,76,1.2300057411193848
China,10,FAABE_NO_IWM,77,1.2300057411193848
China,10,FAABE_NO_IWM,78,1.2300057411193848
China,10,FAABE_NO_IWM,79,1.2300057411193848
China,10,FAABE_NO_IWM,80,1.2300057411193848
China,10,FAABE_NO_IWM,81,1.2300057411193848
China,10,FAABE_NO_IWM,82,1.2300057411193848
China,10,FAABE_NO_IWM,83,1.2300057411193848
China,10,FAABE_NO_IWM,84,1.2300057411193848
China,10,FAABE_NO_IWM,85,1.2300057411193848
China,10,FAABE_NO_IWM,86,1.2300057411193848
China,10,FAABE_NO_IWM,87,1.2300057411193848
China,10,FAABE_NO_IWM,88,1.2300057411193848
China,10,FAABE_NO_IWM,89,1.2300057411193848
China,10,FAABE_NO_IWM,90,1.2300057411193848
China,10,FAABE_NO_IWM,91,1.2300057411193848
China,10,FAABE_NO_IWM,92,1.2300057411193848
China,10,FAABE_NO_IWM,93,1.2300057411193848
China,10,FAABE_NO_IWM,94,1.2300057411193848
China,10,FAABE_NO_IWM,95,1.2300057411193848
China,10,FAABE_NO_IWM,96,1.2300057411193848
China,10,FAABE_NO_IWM,97,1.2300057411193848
China,10,FAABE_NO_IWM,98,1.2300057411193848
China,10,FAABE_NO_IWM,99,1.2300057411193848
China,10,FAABE_NO_IWM,100,1.2300057411193848
China,10,FAABE_FULL,0,1.348324179649353
China,10,FAABE_FULL,1,1.3225995302200317
China,10,FAABE_FULL,2,1.3075577020645142
China,10,FAABE_FULL,3,1.3075577020645142
China,10,FAABE_FULL,4,1.3075577020645142
China,10,FAABE_FULL,5,1.302430510520935
China,10,FAABE_FULL,6,1.2775225639343262
China,10,FAABE_FULL,7,1.2775225639343262
China,10,FAABE_FULL,8,1.2775225639343262
China,10,FAABE_FULL,9,1.2709267139434814
China,10,FAABE_FULL,10,1.2709267139434814
China,10,FAABE_FULL,11,1.2709267139434814
China,10,FAABE_FULL,12,1.2709267139434814
China,10,FAABE_FULL,13,1.2709267139434814
China,10,FAABE_FULL,14,1.2488048076629639
China,10,FAABE_FULL,15,1.2488048076629639
China,10,FAABE_FULL,16,1.2488048076629639
China,10,FAABE_FULL,17,1.2488048076629639
China,10,FAABE_FULL,18,1.2488048076629639
China,10,FAABE_FULL,19,1.2488048076629639
China,10,FAABE_FULL,20,1.2488048076629639
China,10,FAABE_FULL,21,1.2488048076629639
China,10,FAABE_FULL,22,1.2488048076629639
China,10,FAABE_FULL,23,1.2488048076629639
China,10,FAABE_FULL,24,1.2488048076629639
China,10,FAABE_FULL,25,1.2488048076629639
China,10,FAABE_FULL,26,1.2488048076629639
China,10,FAABE_FULL,27,1.2488048076629639
China,10,FAABE_FULL,28,1.2488048076629639
China,10,FAABE_FULL,29,1.2488048076629639
China,10,FAABE_FULL,30,1.2488048076629639
China,10,FAABE_FULL,31,1.2488048076629639
China,10,FAABE_FULL,32,1.2488048076629639
China,10,FAABE_FULL,33,1.2488048076629639
China,10,FAABE_FULL,34,1.2488048076629639
China,10,FAABE_FULL,35,1.2488048076629639
China,10,FAABE_FULL,36,1.2488048076629639
China,10,FAABE_FULL,37,1.2488048076629639
China,10,FAABE_FULL,38,1.2488048076629639
China,10,FAABE_FULL,39,1.2488048076629639
China,10,FAABE_FULL,40,1.2488048076629639
China,10,FAABE_FULL,41,1.2488048076629639
China,10,FAABE_FULL,42,1.2488048076629639
China,10,FAABE_FULL,43,1.2488048076629639
China,10,FAABE_FULL,44,1.2488048076629639
China,10,FAABE_FULL,45,1.2488048076629639
China,10,FAABE_FULL,46,1.2488048076629639
China,10,FAABE_FULL,47,1.2488048076629639
China,10,FAABE_FULL,48,1.2488048076629639
China,10,FAABE_FULL,49,1.2488048076629639
China,10,FAABE_FULL,50,1.2488048076629639
China,10,FAABE_FULL,51,1.2488048076629639
China,10,FAABE_FULL,52,1.2488048076629639
China,10,FAABE_FULL,53,1.2488048076629639
China,10,FAABE_FULL,54,1.2488048076629639
China,10,FAABE_FULL,55,1.2488048076629639
China,10,FAABE_FULL,56,1.2488048076629639
China,10,FAABE_FULL,57,1.2488048076629639
China,10,FAABE_FULL,58,1.2488048076629639
China,10,FAABE_FULL,59,1.2488048076629639
China,10,FAABE_FULL,60,1.2488048076629639
China,10,FAABE_FULL,61,1.2488048076629639
China,10,FAABE_FULL,62,1.2488048076629639
China,10,FAABE_FULL,63,1.2488048076629639
China,10,FAABE_FULL,64,1.2488048076629639
China,10,FAABE_FULL,65,1.2488048076629639
China,10,FAABE_FULL,66,1.2488048076629639
China,10,FAABE_FULL,67,1.2488048076629639
China,10,FAABE_FULL,68,1.2488048076629639
China,10,FAABE_FULL,69,1.2488048076629639
China,10,FAABE_FULL,70,1.2488048076629639
China,10,FAABE_FULL,71,1.2488048076629639
China,10,FAABE_FULL,72,1.2488048076629639
China,10,FAABE_FULL,73,1.2488048076629639
China,10,FAABE_FULL,74,1.2488048076629639
China,10,FAABE_FULL,75,1.2488048076629639
China,10,FAABE_FULL,76,1.2488048076629639
China,10,FAABE_FULL,77,1.2488048076629639
China,10,FAABE_FULL,78,1.2488048076629639
China,10,FAABE_FULL,79,1.2488048076629639
China,10,FAABE_FULL,80,1.2488048076629639
China,10,FAABE_FULL,81,1.2488048076629639
China,10,FAABE_FULL,82,1.2488048076629639
China,10,FAABE_FULL,83,1.2488048076629639
China,10,FAABE_FULL,84,1.2488048076629639
China,10,FAABE_FULL,85,1.2488048076629639
China,10,FAABE_FULL,86,1.2488048076629639
China,10,FAABE_FULL,87,1.2488048076629639
China,10,FAABE_FULL,88,1.2488048076629639
China,10,FAABE_FULL,89,1.2488048076629639
China,10,FAABE_FULL,90,1.2488048076629639
China,10,FAABE_FULL,91,1.2488048076629639
China,10,FAABE_FULL,92,1.2488048076629639
China,10,FAABE_FULL,93,1.2488048076629639
China,10,FAABE_FULL,94,1.2488048076629639
China,10,FAABE_FULL,95,1.2488048076629639
China,10,FAABE_FULL,96,1.2488048076629639
China,10,FAABE_FULL,97,1.2488048076629639
China,10,FAABE_FULL,98,1.2488048076629639
China,10,FAABE_FULL,99,1.2488048076629639
China,10,FAABE_FULL,100,1.2488048076629639
