Dataset,Fold,Method,Iteration,Best_Training_MMRE,Fitness_Evaluations
Miyazaki94,1,GA-ABE,0,0.4240185022354126,10
Miyazaki94,1,GA-ABE,1,0.4240185022354126,20
Miyazaki94,1,GA-ABE,2,0.4240185022354126,30
Miyazaki94,1,GA-ABE,3,0.4240185022354126,40
Miyazaki94,1,GA-ABE,4,0.42270949482917786,50
Miyazaki94,1,GA-ABE,5,0.4146832227706909,60
Miyazaki94,1,GA-ABE,6,0.4102635979652405,70
Miyazaki94,1,GA-ABE,7,0.4100528955459595,80
Miyazaki94,1,GA-ABE,8,0.3743748366832733,90
Miyazaki94,1,GA-ABE,9,0.36998414993286133,100
Miyazaki94,1,GA-ABE,10,0.36998414993286133,110
Miyazaki94,1,GA-ABE,11,0.36998414993286133,120
Miyazaki94,1,GA-ABE,12,0.36998414993286133,130
Miyazaki94,1,GA-ABE,13,0.36128655076026917,140
Miyazaki94,1,GA-ABE,14,0.36128655076026917,150
Miyazaki94,1,GA-ABE,15,0.3612865209579468,160
Miyazaki94,1,GA-ABE,16,0.3612865209579468,170
Miyazaki94,1,GA-ABE,17,0.3612865209579468,180
Miyazaki94,1,GA-ABE,18,0.3612825572490692,190
Miyazaki94,1,GA-ABE,19,0.3612825572490692,200
Miyazaki94,1,GA-ABE,20,0.3612825572490692,210
Miyazaki94,1,GA-ABE,21,0.3612825572490692,220
Miyazaki94,1,GA-ABE,22,0.3612825572490692,230
Miyazaki94,1,GA-ABE,23,0.3612825572490692,240
Miyazaki94,1,GA-ABE,24,0.3612825572490692,250
Miyazaki94,1,GA-ABE,25,0.3612825572490692,260
Miyazaki94,1,GA-ABE,26,0.3612825572490692,270
Miyazaki94,1,GA-ABE,27,0.3612825572490692,280
Miyazaki94,1,GA-ABE,28,0.3612825572490692,290
Miyazaki94,1,GA-ABE,29,0.3612825572490692,300
Miyazaki94,1,GA-ABE,30,0.3612825572490692,310
Miyazaki94,1,GA-ABE,31,0.3612825572490692,320
Miyazaki94,1,GA-ABE,32,0.3593445122241974,330
Miyazaki94,1,GA-ABE,33,0.3593445122241974,340
Miyazaki94,1,GA-ABE,34,0.35628366470336914,350
Miyazaki94,1,GA-ABE,35,0.35628366470336914,360
Miyazaki94,1,GA-ABE,36,0.35628366470336914,370
Miyazaki94,1,GA-ABE,37,0.35277241468429565,380
Miyazaki94,1,GA-ABE,38,0.35277241468429565,390
Miyazaki94,1,GA-ABE,39,0.35046398639678955,400
Miyazaki94,1,GA-ABE,40,0.35046398639678955,410
Miyazaki94,1,GA-ABE,41,0.35046395659446716,420
Miyazaki94,1,GA-ABE,42,0.35046395659446716,430
Miyazaki94,1,GA-ABE,43,0.35046395659446716,440
Miyazaki94,1,GA-ABE,44,0.35046395659446716,450
Miyazaki94,1,GA-ABE,45,0.35046395659446716,460
Miyazaki94,1,GA-ABE,46,0.35046395659446716,470
Miyazaki94,1,GA-ABE,47,0.35046395659446716,480
Miyazaki94,1,GA-ABE,48,0.35046395659446716,490
Miyazaki94,1,GA-ABE,49,0.35046395659446716,500
Miyazaki94,1,GA-ABE,50,0.35046395659446716,510
Miyazaki94,1,GA-ABE,51,0.35046395659446716,520
Miyazaki94,1,GA-ABE,52,0.35046395659446716,530
Miyazaki94,1,GA-ABE,53,0.35046395659446716,540
Miyazaki94,1,GA-ABE,54,0.35046395659446716,550
Miyazaki94,1,GA-ABE,55,0.35046395659446716,560
Miyazaki94,1,GA-ABE,56,0.35046395659446716,570
Miyazaki94,1,GA-ABE,57,0.35046395659446716,580
Miyazaki94,1,GA-ABE,58,0.35046395659446716,590
Miyazaki94,1,GA-ABE,59,0.35046395659446716,600
Miyazaki94,1,GA-ABE,60,0.35046395659446716,610
Miyazaki94,1,GA-ABE,61,0.3504277467727661,620
Miyazaki94,1,GA-ABE,62,0.3504277467727661,630
Miyazaki94,1,GA-ABE,63,0.3504277467727661,640
Miyazaki94,1,GA-ABE,64,0.3504277467727661,650
Miyazaki94,1,GA-ABE,65,0.3504277467727661,660
Miyazaki94,1,GA-ABE,66,0.3504277467727661,670
Miyazaki94,1,GA-ABE,67,0.3504177927970886,680
Miyazaki94,1,GA-ABE,68,0.3504177927970886,690
Miyazaki94,1,GA-ABE,69,0.35039475560188293,700
Miyazaki94,1,GA-ABE,70,0.35039475560188293,710
Miyazaki94,1,GA-ABE,71,0.35039475560188293,720
Miyazaki94,1,GA-ABE,72,0.3503930866718292,730
Miyazaki94,1,GA-ABE,73,0.35039079189300537,740
Miyazaki94,1,GA-ABE,74,0.35039079189300537,750
Miyazaki94,1,GA-ABE,75,0.35039079189300537,760
Miyazaki94,1,GA-ABE,76,0.35039079189300537,770
Miyazaki94,1,GA-ABE,77,0.350390762090683,780
Miyazaki94,1,GA-ABE,78,0.350390762090683,790
Miyazaki94,1,GA-ABE,79,0.35034817457199097,800
Miyazaki94,1,GA-ABE,80,0.35034817457199097,810
Miyazaki94,1,GA-ABE,81,0.35034817457199097,820
Miyazaki94,1,GA-ABE,82,0.3503478169441223,830
Miyazaki94,1,GA-ABE,83,0.35034769773483276,840
Miyazaki94,1,GA-ABE,84,0.35034769773483276,850
Miyazaki94,1,GA-ABE,85,0.35034769773483276,860
Miyazaki94,1,GA-ABE,86,0.35034769773483276,870
Miyazaki94,1,GA-ABE,87,0.35034769773483276,880
Miyazaki94,1,GA-ABE,88,0.35034769773483276,890
Miyazaki94,1,GA-ABE,89,0.35034769773483276,900
Miyazaki94,1,GA-ABE,90,0.35034769773483276,910
Miyazaki94,1,GA-ABE,91,0.35034769773483276,920
Miyazaki94,1,GA-ABE,92,0.35034769773483276,930
Miyazaki94,1,GA-ABE,93,0.35034769773483276,940
Miyazaki94,1,GA-ABE,94,0.35034769773483276,950
Miyazaki94,1,GA-ABE,95,0.3503406345844269,960
Miyazaki94,1,GA-ABE,96,0.3503406345844269,970
Miyazaki94,1,GA-ABE,97,0.3503406345844269,980
Miyazaki94,1,GA-ABE,98,0.3502901494503021,990
Miyazaki94,1,GA-ABE,99,0.3502901494503021,1000
Miyazaki94,1,PSO-ABE,0,0.42572394013404846,10
Miyazaki94,1,PSO-ABE,1,0.42572394013404846,20
Miyazaki94,1,PSO-ABE,2,0.4227500855922699,30
Miyazaki94,1,PSO-ABE,3,0.41587668657302856,40
Miyazaki94,1,PSO-ABE,4,0.3998104929924011,50
Miyazaki94,1,PSO-ABE,5,0.39913466572761536,60
Miyazaki94,1,PSO-ABE,6,0.39733242988586426,70
Miyazaki94,1,PSO-ABE,7,0.39322391152381897,80
Miyazaki94,1,PSO-ABE,8,0.39322391152381897,90
Miyazaki94,1,PSO-ABE,9,0.39322391152381897,100
Miyazaki94,1,PSO-ABE,10,0.39322391152381897,110
Miyazaki94,1,PSO-ABE,11,0.39322391152381897,120
Miyazaki94,1,PSO-ABE,12,0.39322391152381897,130
Miyazaki94,1,PSO-ABE,13,0.39223891496658325,140
Miyazaki94,1,PSO-ABE,14,0.3920174539089203,150
Miyazaki94,1,PSO-ABE,15,0.3905111849308014,160
Miyazaki94,1,PSO-ABE,16,0.3905111849308014,170
Miyazaki94,1,PSO-ABE,17,0.3905111849308014,180
Miyazaki94,1,PSO-ABE,18,0.389525443315506,190
Miyazaki94,1,PSO-ABE,19,0.389477401971817,200
Miyazaki94,1,PSO-ABE,20,0.389477401971817,210
Miyazaki94,1,PSO-ABE,21,0.389477401971817,220
Miyazaki94,1,PSO-ABE,22,0.389477401971817,230
Miyazaki94,1,PSO-ABE,23,0.389477401971817,240
Miyazaki94,1,PSO-ABE,24,0.389477401971817,250
Miyazaki94,1,PSO-ABE,25,0.38933733105659485,260
Miyazaki94,1,PSO-ABE,26,0.38927730917930603,270
Miyazaki94,1,PSO-ABE,27,0.3860657215118408,280
Miyazaki94,1,PSO-ABE,28,0.3860657215118408,290
Miyazaki94,1,PSO-ABE,29,0.38237470388412476,300
Miyazaki94,1,PSO-ABE,30,0.37873324751853943,310
Miyazaki94,1,PSO-ABE,31,0.37873324751853943,320
Miyazaki94,1,PSO-ABE,32,0.3778780996799469,330
Miyazaki94,1,PSO-ABE,33,0.3690662384033203,340
Miyazaki94,1,PSO-ABE,34,0.36827147006988525,350
Miyazaki94,1,PSO-ABE,35,0.36827147006988525,360
Miyazaki94,1,PSO-ABE,36,0.36827147006988525,370
Miyazaki94,1,PSO-ABE,37,0.36827147006988525,380
Miyazaki94,1,PSO-ABE,38,0.3605639338493347,390
Miyazaki94,1,PSO-ABE,39,0.3535236418247223,400
Miyazaki94,1,PSO-ABE,40,0.34962740540504456,410
Miyazaki94,1,PSO-ABE,41,0.34962740540504456,420
Miyazaki94,1,PSO-ABE,42,0.34356674551963806,430
Miyazaki94,1,PSO-ABE,43,0.34356674551963806,440
Miyazaki94,1,PSO-ABE,44,0.34356674551963806,450
Miyazaki94,1,PSO-ABE,45,0.34356674551963806,460
Miyazaki94,1,PSO-ABE,46,0.342315137386322,470
Miyazaki94,1,PSO-ABE,47,0.342315137386322,480
Miyazaki94,1,PSO-ABE,48,0.34195011854171753,490
Miyazaki94,1,PSO-ABE,49,0.34195011854171753,500
Miyazaki94,1,PSO-ABE,50,0.3408784568309784,510
Miyazaki94,1,PSO-ABE,51,0.3408784568309784,520
Miyazaki94,1,PSO-ABE,52,0.3408784568309784,530
Miyazaki94,1,PSO-ABE,53,0.3408784568309784,540
Miyazaki94,1,PSO-ABE,54,0.33747443556785583,550
Miyazaki94,1,PSO-ABE,55,0.33747443556785583,560
Miyazaki94,1,PSO-ABE,56,0.33747443556785583,570
Miyazaki94,1,PSO-ABE,57,0.33747443556785583,580
Miyazaki94,1,PSO-ABE,58,0.33668574690818787,590
Miyazaki94,1,PSO-ABE,59,0.33668574690818787,600
Miyazaki94,1,PSO-ABE,60,0.33668574690818787,610
Miyazaki94,1,PSO-ABE,61,0.33668574690818787,620
Miyazaki94,1,PSO-ABE,62,0.3366720378398895,630
Miyazaki94,1,PSO-ABE,63,0.3366720378398895,640
Miyazaki94,1,PSO-ABE,64,0.3366720378398895,650
Miyazaki94,1,PSO-ABE,65,0.3366720378398895,660
Miyazaki94,1,PSO-ABE,66,0.3366720378398895,670
Miyazaki94,1,PSO-ABE,67,0.3366720378398895,680
Miyazaki94,1,PSO-ABE,68,0.3366720378398895,690
Miyazaki94,1,PSO-ABE,69,0.3366720378398895,700
Miyazaki94,1,PSO-ABE,70,0.3366720378398895,710
Miyazaki94,1,PSO-ABE,71,0.33664393424987793,720
Miyazaki94,1,PSO-ABE,72,0.33664393424987793,730
Miyazaki94,1,PSO-ABE,73,0.33664393424987793,740
Miyazaki94,1,PSO-ABE,74,0.33664393424987793,750
Miyazaki94,1,PSO-ABE,75,0.33661872148513794,760
Miyazaki94,1,PSO-ABE,76,0.33661872148513794,770
Miyazaki94,1,PSO-ABE,77,0.33661872148513794,780
Miyazaki94,1,PSO-ABE,78,0.33661872148513794,790
Miyazaki94,1,PSO-ABE,79,0.3366023898124695,800
Miyazaki94,1,PSO-ABE,80,0.33656635880470276,810
Miyazaki94,1,PSO-ABE,81,0.3365500867366791,820
Miyazaki94,1,PSO-ABE,82,0.33653053641319275,830
Miyazaki94,1,PSO-ABE,83,0.33653053641319275,840
Miyazaki94,1,PSO-ABE,84,0.33653053641319275,850
Miyazaki94,1,PSO-ABE,85,0.33653053641319275,860
Miyazaki94,1,PSO-ABE,86,0.33652716875076294,870
Miyazaki94,1,PSO-ABE,87,0.33652716875076294,880
Miyazaki94,1,PSO-ABE,88,0.3365074694156647,890
Miyazaki94,1,PSO-ABE,89,0.3364918828010559,900
Miyazaki94,1,PSO-ABE,90,0.3364174962043762,910
Miyazaki94,1,PSO-ABE,91,0.33635959029197693,920
Miyazaki94,1,PSO-ABE,92,0.33635959029197693,930
Miyazaki94,1,PSO-ABE,93,0.33635959029197693,940
Miyazaki94,1,PSO-ABE,94,0.33635959029197693,950
Miyazaki94,1,PSO-ABE,95,0.33635959029197693,960
Miyazaki94,1,PSO-ABE,96,0.33635959029197693,970
Miyazaki94,1,PSO-ABE,97,0.33635959029197693,980
Miyazaki94,1,PSO-ABE,98,0.33635959029197693,990
Miyazaki94,1,PSO-ABE,99,0.33635959029197693,1000
Miyazaki94,1,DE-ABE,0,0.49435707926750183,10
Miyazaki94,1,DE-ABE,1,0.49168524146080017,20
Miyazaki94,1,DE-ABE,2,0.48837506771087646,30
Miyazaki94,1,DE-ABE,3,0.48837506771087646,40
Miyazaki94,1,DE-ABE,4,0.47943735122680664,50
Miyazaki94,1,DE-ABE,5,0.4576224684715271,60
Miyazaki94,1,DE-ABE,6,0.4576224684715271,70
Miyazaki94,1,DE-ABE,7,0.43386805057525635,80
Miyazaki94,1,DE-ABE,8,0.43386805057525635,90
Miyazaki94,1,DE-ABE,9,0.43386805057525635,100
Miyazaki94,1,DE-ABE,10,0.429461270570755,110
Miyazaki94,1,DE-ABE,11,0.42437291145324707,120
Miyazaki94,1,DE-ABE,12,0.42437291145324707,130
Miyazaki94,1,DE-ABE,13,0.42437291145324707,140
Miyazaki94,1,DE-ABE,14,0.4241005778312683,150
Miyazaki94,1,DE-ABE,15,0.4241005778312683,160
Miyazaki94,1,DE-ABE,16,0.4241005778312683,170
Miyazaki94,1,DE-ABE,17,0.4163918197154999,180
Miyazaki94,1,DE-ABE,18,0.404580682516098,190
Miyazaki94,1,DE-ABE,19,0.4043933153152466,200
Miyazaki94,1,DE-ABE,20,0.4043775200843811,210
Miyazaki94,1,DE-ABE,21,0.4043775200843811,220
Miyazaki94,1,DE-ABE,22,0.4043775200843811,230
Miyazaki94,1,DE-ABE,23,0.4003179967403412,240
Miyazaki94,1,DE-ABE,24,0.4003179967403412,250
Miyazaki94,1,DE-ABE,25,0.4003129005432129,260
Miyazaki94,1,DE-ABE,26,0.4001941978931427,270
Miyazaki94,1,DE-ABE,27,0.4001941978931427,280
Miyazaki94,1,DE-ABE,28,0.4001520276069641,290
Miyazaki94,1,DE-ABE,29,0.4001520276069641,300
Miyazaki94,1,DE-ABE,30,0.4001077711582184,310
Miyazaki94,1,DE-ABE,31,0.40005555748939514,320
Miyazaki94,1,DE-ABE,32,0.40003395080566406,330
Miyazaki94,1,DE-ABE,33,0.3999863564968109,340
Miyazaki94,1,DE-ABE,34,0.3999863564968109,350
Miyazaki94,1,DE-ABE,35,0.3999839723110199,360
Miyazaki94,1,DE-ABE,36,0.39993107318878174,370
Miyazaki94,1,DE-ABE,37,0.39993107318878174,380
Miyazaki94,1,DE-ABE,38,0.3999185860157013,390
Miyazaki94,1,DE-ABE,39,0.3999078571796417,400
Miyazaki94,1,DE-ABE,40,0.3999078571796417,410
Miyazaki94,1,DE-ABE,41,0.39989832043647766,420
Miyazaki94,1,DE-ABE,42,0.39989832043647766,430
Miyazaki94,1,DE-ABE,43,0.3998807370662689,440
Miyazaki94,1,DE-ABE,44,0.3998214304447174,450
Miyazaki94,1,DE-ABE,45,0.3998214304447174,460
Miyazaki94,1,DE-ABE,46,0.3997919261455536,470
Miyazaki94,1,DE-ABE,47,0.3997539281845093,480
Miyazaki94,1,DE-ABE,48,0.39974331855773926,490
Miyazaki94,1,DE-ABE,49,0.39974331855773926,500
Miyazaki94,1,DE-ABE,50,0.39974331855773926,510
Miyazaki94,1,DE-ABE,51,0.3997289836406708,520
Miyazaki94,1,DE-ABE,52,0.3997289836406708,530
Miyazaki94,1,DE-ABE,53,0.3997289836406708,540
Miyazaki94,1,DE-ABE,54,0.3997264802455902,550
Miyazaki94,1,DE-ABE,55,0.3997264802455902,560
Miyazaki94,1,DE-ABE,56,0.39972221851348877,570
Miyazaki94,1,DE-ABE,57,0.39972057938575745,580
Miyazaki94,1,DE-ABE,58,0.39972057938575745,590
Miyazaki94,1,DE-ABE,59,0.399719774723053,600
Miyazaki94,1,DE-ABE,60,0.3997190296649933,610
Miyazaki94,1,DE-ABE,61,0.39971572160720825,620
Miyazaki94,1,DE-ABE,62,0.39971572160720825,630
Miyazaki94,1,DE-ABE,63,0.39971551299095154,640
Miyazaki94,1,DE-ABE,64,0.39971381425857544,650
Miyazaki94,1,DE-ABE,65,0.399711549282074,660
Miyazaki94,1,DE-ABE,66,0.399711549282074,670
Miyazaki94,1,DE-ABE,67,0.399711549282074,680
Miyazaki94,1,DE-ABE,68,0.39971116185188293,690
Miyazaki94,1,DE-ABE,69,0.39971017837524414,700
Miyazaki94,1,DE-ABE,70,0.39971017837524414,710
Miyazaki94,1,DE-ABE,71,0.39970895648002625,720
Miyazaki94,1,DE-ABE,72,0.39970895648002625,730
Miyazaki94,1,DE-ABE,73,0.3997059166431427,740
Miyazaki94,1,DE-ABE,74,0.3997049927711487,750
Miyazaki94,1,DE-ABE,75,0.3997034430503845,760
Miyazaki94,1,DE-ABE,76,0.3997034430503845,770
Miyazaki94,1,DE-ABE,77,0.39970219135284424,780
Miyazaki94,1,DE-ABE,78,0.3997019827365875,790
Miyazaki94,1,DE-ABE,79,0.39969897270202637,800
Miyazaki94,1,DE-ABE,80,0.39969897270202637,810
Miyazaki94,1,DE-ABE,81,0.3996988832950592,820
Miyazaki94,1,DE-ABE,82,0.39969804883003235,830
Miyazaki94,1,DE-ABE,83,0.3996979892253876,840
Miyazaki94,1,DE-ABE,84,0.3996979594230652,850
Miyazaki94,1,DE-ABE,85,0.399697870016098,860
Miyazaki94,1,DE-ABE,86,0.39969751238822937,870
Miyazaki94,1,DE-ABE,87,0.39969736337661743,880
Miyazaki94,1,DE-ABE,88,0.39969736337661743,890
Miyazaki94,1,DE-ABE,89,0.39969655871391296,900
Miyazaki94,1,DE-ABE,90,0.39969655871391296,910
Miyazaki94,1,DE-ABE,91,0.39969614148139954,920
Miyazaki94,1,DE-ABE,92,0.3996955454349518,930
Miyazaki94,1,DE-ABE,93,0.3996952772140503,940
Miyazaki94,1,DE-ABE,94,0.3996940553188324,950
Miyazaki94,1,DE-ABE,95,0.3996940553188324,960
Miyazaki94,1,DE-ABE,96,0.3996936082839966,970
Miyazaki94,1,DE-ABE,97,0.3996936082839966,980
Miyazaki94,1,DE-ABE,98,0.39969223737716675,990
Miyazaki94,1,DE-ABE,99,0.39969223737716675,1000
Miyazaki94,1,GWO-ABE,0,0.4715837836265564,10
Miyazaki94,1,GWO-ABE,1,0.4865516722202301,20
Miyazaki94,1,GWO-ABE,2,0.49596452713012695,30
Miyazaki94,1,GWO-ABE,3,0.45677751302719116,40
Miyazaki94,1,GWO-ABE,4,0.4293912947177887,50
Miyazaki94,1,GWO-ABE,5,0.3651650547981262,60
Miyazaki94,1,GWO-ABE,6,0.3604578971862793,70
Miyazaki94,1,GWO-ABE,7,0.357834130525589,80
Miyazaki94,1,GWO-ABE,8,0.363508015871048,90
Miyazaki94,1,GWO-ABE,9,0.3398101031780243,100
Miyazaki94,1,GWO-ABE,10,0.3484431207180023,110
Miyazaki94,1,GWO-ABE,11,0.342564195394516,120
Miyazaki94,1,GWO-ABE,12,0.35139378905296326,130
Miyazaki94,1,GWO-ABE,13,0.3605363667011261,140
Miyazaki94,1,GWO-ABE,14,0.35259300470352173,150
Miyazaki94,1,GWO-ABE,15,0.36381465196609497,160
Miyazaki94,1,GWO-ABE,16,0.351128488779068,170
Miyazaki94,1,GWO-ABE,17,0.339853972196579,180
Miyazaki94,1,GWO-ABE,18,0.34110817313194275,190
Miyazaki94,1,GWO-ABE,19,0.34845227003097534,200
Miyazaki94,1,GWO-ABE,20,0.34564051032066345,210
Miyazaki94,1,GWO-ABE,21,0.34687140583992004,220
Miyazaki94,1,GWO-ABE,22,0.33926844596862793,230
Miyazaki94,1,GWO-ABE,23,0.3457418978214264,240
Miyazaki94,1,GWO-ABE,24,0.34384843707084656,250
Miyazaki94,1,GWO-ABE,25,0.341204434633255,260
Miyazaki94,1,GWO-ABE,26,0.340612530708313,270
Miyazaki94,1,GWO-ABE,27,0.3325274884700775,280
Miyazaki94,1,GWO-ABE,28,0.3398827016353607,290
Miyazaki94,1,GWO-ABE,29,0.32781267166137695,300
Miyazaki94,1,GWO-ABE,30,0.3394559323787689,310
Miyazaki94,1,GWO-ABE,31,0.32483580708503723,320
Miyazaki94,1,GWO-ABE,32,0.34164831042289734,330
Miyazaki94,1,GWO-ABE,33,0.32939934730529785,340
Miyazaki94,1,GWO-ABE,34,0.3359852135181427,350
Miyazaki94,1,GWO-ABE,35,0.32984521985054016,360
Miyazaki94,1,GWO-ABE,36,0.33348914980888367,370
Miyazaki94,1,GWO-ABE,37,0.32479140162467957,380
Miyazaki94,1,GWO-ABE,38,0.3246251344680786,390
Miyazaki94,1,GWO-ABE,39,0.32828181982040405,400
Miyazaki94,1,GWO-ABE,40,0.3300383985042572,410
Miyazaki94,1,GWO-ABE,41,0.3243999481201172,420
Miyazaki94,1,GWO-ABE,42,0.32352694869041443,430
Miyazaki94,1,GWO-ABE,43,0.3267972469329834,440
Miyazaki94,1,GWO-ABE,44,0.33304861187934875,450
Miyazaki94,1,GWO-ABE,45,0.32977166771888733,460
Miyazaki94,1,GWO-ABE,46,0.32567062973976135,470
Miyazaki94,1,GWO-ABE,47,0.3274678885936737,480
Miyazaki94,1,GWO-ABE,48,0.3376361131668091,490
Miyazaki94,1,GWO-ABE,49,0.3343714475631714,500
Miyazaki94,1,GWO-ABE,50,0.3249754011631012,510
Miyazaki94,1,GWO-ABE,51,0.3292704224586487,520
Miyazaki94,1,GWO-ABE,52,0.3275400400161743,530
Miyazaki94,1,GWO-ABE,53,0.32531413435935974,540
Miyazaki94,1,GWO-ABE,54,0.32514718174934387,550
Miyazaki94,1,GWO-ABE,55,0.32952582836151123,560
Miyazaki94,1,GWO-ABE,56,0.3247787058353424,570
Miyazaki94,1,GWO-ABE,57,0.3250383734703064,580
Miyazaki94,1,GWO-ABE,58,0.3335358500480652,590
Miyazaki94,1,GWO-ABE,59,0.33280542492866516,600
Miyazaki94,1,GWO-ABE,60,0.32280102372169495,610
Miyazaki94,1,GWO-ABE,61,0.3280602693557739,620
Miyazaki94,1,GWO-ABE,62,0.33368271589279175,630
Miyazaki94,1,GWO-ABE,63,0.3268645405769348,640
Miyazaki94,1,GWO-ABE,64,0.332459956407547,650
Miyazaki94,1,GWO-ABE,65,0.3329291343688965,660
Miyazaki94,1,GWO-ABE,66,0.33351460099220276,670
Miyazaki94,1,GWO-ABE,67,0.3298254907131195,680
Miyazaki94,1,GWO-ABE,68,0.3247602581977844,690
Miyazaki94,1,GWO-ABE,69,0.32746413350105286,700
Miyazaki94,1,GWO-ABE,70,0.322629451751709,710
Miyazaki94,1,GWO-ABE,71,0.3248401880264282,720
Miyazaki94,1,GWO-ABE,72,0.3227457106113434,730
Miyazaki94,1,GWO-ABE,73,0.3274601399898529,740
Miyazaki94,1,GWO-ABE,74,0.3248243033885956,750
Miyazaki94,1,GWO-ABE,75,0.32269540429115295,760
Miyazaki94,1,GWO-ABE,76,0.3225538432598114,770
Miyazaki94,1,GWO-ABE,77,0.32784295082092285,780
Miyazaki94,1,GWO-ABE,78,0.32772085070610046,790
Miyazaki94,1,GWO-ABE,79,0.3225749135017395,800
Miyazaki94,1,GWO-ABE,80,0.3278748393058777,810
Miyazaki94,1,GWO-ABE,81,0.32783496379852295,820
Miyazaki94,1,GWO-ABE,82,0.32492661476135254,830
Miyazaki94,1,GWO-ABE,83,0.32955071330070496,840
Miyazaki94,1,GWO-ABE,84,0.3295511305332184,850
Miyazaki94,1,GWO-ABE,85,0.3294869661331177,860
Miyazaki94,1,GWO-ABE,86,0.32755646109580994,870
Miyazaki94,1,GWO-ABE,87,0.32756948471069336,880
Miyazaki94,1,GWO-ABE,88,0.32747194170951843,890
Miyazaki94,1,GWO-ABE,89,0.3275398910045624,900
Miyazaki94,1,GWO-ABE,90,0.32736238837242126,910
Miyazaki94,1,GWO-ABE,91,0.32747969031333923,920
Miyazaki94,1,GWO-ABE,92,0.3277990520000458,930
Miyazaki94,1,GWO-ABE,93,0.3276236653327942,940
Miyazaki94,1,GWO-ABE,94,0.3275222182273865,950
Miyazaki94,1,GWO-ABE,95,0.32748308777809143,960
Miyazaki94,1,GWO-ABE,96,0.3273885250091553,970
Miyazaki94,1,GWO-ABE,97,0.3272944688796997,980
Miyazaki94,1,GWO-ABE,98,0.32726868987083435,990
Miyazaki94,1,GWO-ABE,99,0.3273131251335144,1000
Miyazaki94,1,WOA-ABE,0,0.5098497271537781,10
Miyazaki94,1,WOA-ABE,1,0.5028875470161438,20
Miyazaki94,1,WOA-ABE,2,0.4439396560192108,30
Miyazaki94,1,WOA-ABE,3,0.44087138772010803,40
Miyazaki94,1,WOA-ABE,4,0.39528611302375793,50
Miyazaki94,1,WOA-ABE,5,0.39528611302375793,60
Miyazaki94,1,WOA-ABE,6,0.37266796827316284,70
Miyazaki94,1,WOA-ABE,7,0.3450177311897278,80
Miyazaki94,1,WOA-ABE,8,0.3450177311897278,90
Miyazaki94,1,WOA-ABE,9,0.34343090653419495,100
Miyazaki94,1,WOA-ABE,10,0.32877784967422485,110
Miyazaki94,1,WOA-ABE,11,0.32500120997428894,120
Miyazaki94,1,WOA-ABE,12,0.314375638961792,130
Miyazaki94,1,WOA-ABE,13,0.3142666816711426,140
Miyazaki94,1,WOA-ABE,14,0.3142666816711426,150
Miyazaki94,1,WOA-ABE,15,0.31418678164482117,160
Miyazaki94,1,WOA-ABE,16,0.3141815662384033,170
Miyazaki94,1,WOA-ABE,17,0.31416359543800354,180
Miyazaki94,1,WOA-ABE,18,0.3141520619392395,190
Miyazaki94,1,WOA-ABE,19,0.3115922212600708,200
Miyazaki94,1,WOA-ABE,20,0.3115922212600708,210
Miyazaki94,1,WOA-ABE,21,0.3115922212600708,220
Miyazaki94,1,WOA-ABE,22,0.3115922212600708,230
Miyazaki94,1,WOA-ABE,23,0.3115922212600708,240
Miyazaki94,1,WOA-ABE,24,0.3114994466304779,250
Miyazaki94,1,WOA-ABE,25,0.31148195266723633,260
Miyazaki94,1,WOA-ABE,26,0.31148195266723633,270
Miyazaki94,1,WOA-ABE,27,0.3114747107028961,280
Miyazaki94,1,WOA-ABE,28,0.3113745152950287,290
Miyazaki94,1,WOA-ABE,29,0.3113745152950287,300
Miyazaki94,1,WOA-ABE,30,0.3113521933555603,310
Miyazaki94,1,WOA-ABE,31,0.3113521933555603,320
Miyazaki94,1,WOA-ABE,32,0.31132394075393677,330
Miyazaki94,1,WOA-ABE,33,0.31132394075393677,340
Miyazaki94,1,WOA-ABE,34,0.31132328510284424,350
Miyazaki94,1,WOA-ABE,35,0.31132328510284424,360
Miyazaki94,1,WOA-ABE,36,0.31132328510284424,370
Miyazaki94,1,WOA-ABE,37,0.31132328510284424,380
Miyazaki94,1,WOA-ABE,38,0.31132328510284424,390
Miyazaki94,1,WOA-ABE,39,0.3112119734287262,400
Miyazaki94,1,WOA-ABE,40,0.3112119734287262,410
Miyazaki94,1,WOA-ABE,41,0.3112119734287262,420
Miyazaki94,1,WOA-ABE,42,0.3112119734287262,430
Miyazaki94,1,WOA-ABE,43,0.3112119734287262,440
Miyazaki94,1,WOA-ABE,44,0.3112119734287262,450
Miyazaki94,1,WOA-ABE,45,0.3112119734287262,460
Miyazaki94,1,WOA-ABE,46,0.3112119734287262,470
Miyazaki94,1,WOA-ABE,47,0.3112119734287262,480
Miyazaki94,1,WOA-ABE,48,0.3112119734287262,490
Miyazaki94,1,WOA-ABE,49,0.3112114369869232,500
Miyazaki94,1,WOA-ABE,50,0.3112114369869232,510
Miyazaki94,1,WOA-ABE,51,0.31121066212654114,520
Miyazaki94,1,WOA-ABE,52,0.311189204454422,530
Miyazaki94,1,WOA-ABE,53,0.311189204454422,540
Miyazaki94,1,WOA-ABE,54,0.31118860840797424,550
Miyazaki94,1,WOA-ABE,55,0.31118860840797424,560
Miyazaki94,1,WOA-ABE,56,0.31118860840797424,570
Miyazaki94,1,WOA-ABE,57,0.31118860840797424,580
Miyazaki94,1,WOA-ABE,58,0.3111467659473419,590
Miyazaki94,1,WOA-ABE,59,0.3111467659473419,600
Miyazaki94,1,WOA-ABE,60,0.3111467659473419,610
Miyazaki94,1,WOA-ABE,61,0.3111467659473419,620
Miyazaki94,1,WOA-ABE,62,0.3111467659473419,630
Miyazaki94,1,WOA-ABE,63,0.31113290786743164,640
Miyazaki94,1,WOA-ABE,64,0.31113290786743164,650
Miyazaki94,1,WOA-ABE,65,0.31113290786743164,660
Miyazaki94,1,WOA-ABE,66,0.31113290786743164,670
Miyazaki94,1,WOA-ABE,67,0.31113290786743164,680
Miyazaki94,1,WOA-ABE,68,0.31113290786743164,690
Miyazaki94,1,WOA-ABE,69,0.31113290786743164,700
Miyazaki94,1,WOA-ABE,70,0.31113290786743164,710
Miyazaki94,1,WOA-ABE,71,0.31112584471702576,720
Miyazaki94,1,WOA-ABE,72,0.31112584471702576,730
Miyazaki94,1,WOA-ABE,73,0.31112584471702576,740
Miyazaki94,1,WOA-ABE,74,0.311115026473999,750
Miyazaki94,1,WOA-ABE,75,0.311115026473999,760
Miyazaki94,1,WOA-ABE,76,0.311115026473999,770
Miyazaki94,1,WOA-ABE,77,0.31111398339271545,780
Miyazaki94,1,WOA-ABE,78,0.31111398339271545,790
Miyazaki94,1,WOA-ABE,79,0.31111398339271545,800
Miyazaki94,1,WOA-ABE,80,0.31111398339271545,810
Miyazaki94,1,WOA-ABE,81,0.31111398339271545,820
Miyazaki94,1,WOA-ABE,82,0.31111398339271545,830
Miyazaki94,1,WOA-ABE,83,0.3111127018928528,840
Miyazaki94,1,WOA-ABE,84,0.3111127018928528,850
Miyazaki94,1,WOA-ABE,85,0.3111127018928528,860
Miyazaki94,1,WOA-ABE,86,0.3111127018928528,870
Miyazaki94,1,WOA-ABE,87,0.3111127018928528,880
Miyazaki94,1,WOA-ABE,88,0.3111127018928528,890
Miyazaki94,1,WOA-ABE,89,0.3111116588115692,900
Miyazaki94,1,WOA-ABE,90,0.31111106276512146,910
Miyazaki94,1,WOA-ABE,91,0.31111106276512146,920
Miyazaki94,1,WOA-ABE,92,0.31110960245132446,930
Miyazaki94,1,WOA-ABE,93,0.31110960245132446,940
Miyazaki94,1,WOA-ABE,94,0.31110960245132446,950
Miyazaki94,1,WOA-ABE,95,0.31110942363739014,960
Miyazaki94,1,WOA-ABE,96,0.31110942363739014,970
Miyazaki94,1,WOA-ABE,97,0.31110936403274536,980
Miyazaki94,1,WOA-ABE,98,0.31110936403274536,990
Miyazaki94,1,WOA-ABE,99,0.31110936403274536,1000
Miyazaki94,1,FAABE,0,0.5041404366493225,10
Miyazaki94,1,FAABE,1,0.4993288815021515,20
Miyazaki94,1,FAABE,2,0.4817808270454407,30
Miyazaki94,1,FAABE,3,0.44157180190086365,40
Miyazaki94,1,FAABE,4,0.38063013553619385,50
Miyazaki94,1,FAABE,5,0.38063013553619385,60
Miyazaki94,1,FAABE,6,0.38063013553619385,70
Miyazaki94,1,FAABE,7,0.38063013553619385,80
Miyazaki94,1,FAABE,8,0.38063013553619385,90
Miyazaki94,1,FAABE,9,0.38063013553619385,100
Miyazaki94,1,FAABE,10,0.38063013553619385,110
Miyazaki94,1,FAABE,11,0.37547218799591064,120
Miyazaki94,1,FAABE,12,0.37547218799591064,130
Miyazaki94,1,FAABE,13,0.37547218799591064,140
Miyazaki94,1,FAABE,14,0.37547218799591064,150
Miyazaki94,1,FAABE,15,0.37547218799591064,160
Miyazaki94,1,FAABE,16,0.37547218799591064,170
Miyazaki94,1,FAABE,17,0.37547218799591064,180
Miyazaki94,1,FAABE,18,0.37547218799591064,190
Miyazaki94,1,FAABE,19,0.37547218799591064,200
Miyazaki94,1,FAABE,20,0.37547218799591064,210
Miyazaki94,1,FAABE,21,0.37547218799591064,220
Miyazaki94,1,FAABE,22,0.37547218799591064,230
Miyazaki94,1,FAABE,23,0.37547218799591064,240
Miyazaki94,1,FAABE,24,0.36572498083114624,250
Miyazaki94,1,FAABE,25,0.36572498083114624,260
Miyazaki94,1,FAABE,26,0.36572498083114624,270
Miyazaki94,1,FAABE,27,0.36572498083114624,280
Miyazaki94,1,FAABE,28,0.36572498083114624,290
Miyazaki94,1,FAABE,29,0.36572498083114624,300
Miyazaki94,1,FAABE,30,0.36572498083114624,310
Miyazaki94,1,FAABE,31,0.36572498083114624,320
Miyazaki94,1,FAABE,32,0.36572498083114624,330
Miyazaki94,1,FAABE,33,0.36572498083114624,340
Miyazaki94,1,FAABE,34,0.36572498083114624,350
Miyazaki94,1,FAABE,35,0.36572498083114624,360
Miyazaki94,1,FAABE,36,0.36572498083114624,370
Miyazaki94,1,FAABE,37,0.36572498083114624,380
Miyazaki94,1,FAABE,38,0.36572498083114624,390
Miyazaki94,1,FAABE,39,0.36572498083114624,400
Miyazaki94,1,FAABE,40,0.358190655708313,410
Miyazaki94,1,FAABE,41,0.3423685133457184,420
Miyazaki94,1,FAABE,42,0.3386494517326355,430
Miyazaki94,1,FAABE,43,0.3386494517326355,440
Miyazaki94,1,FAABE,44,0.3386494517326355,450
Miyazaki94,1,FAABE,45,0.3386494517326355,460
Miyazaki94,1,FAABE,46,0.3312595784664154,470
Miyazaki94,1,FAABE,47,0.3312595784664154,480
Miyazaki94,1,FAABE,48,0.3312595784664154,490
Miyazaki94,1,FAABE,49,0.3312595784664154,500
Miyazaki94,1,FAABE,50,0.3312595784664154,510
Miyazaki94,1,FAABE,51,0.3312595784664154,520
Miyazaki94,1,FAABE,52,0.3312595784664154,530
Miyazaki94,1,FAABE,53,0.3312595784664154,540
Miyazaki94,1,FAABE,54,0.3312595784664154,550
Miyazaki94,1,FAABE,55,0.3312595784664154,560
Miyazaki94,1,FAABE,56,0.3312595784664154,570
Miyazaki94,1,FAABE,57,0.3312595784664154,580
Miyazaki94,1,FAABE,58,0.3312595784664154,590
Miyazaki94,1,FAABE,59,0.3312595784664154,600
Miyazaki94,1,FAABE,60,0.3312595784664154,610
Miyazaki94,1,FAABE,61,0.3312595784664154,620
Miyazaki94,1,FAABE,62,0.3312595784664154,630
Miyazaki94,1,FAABE,63,0.3312595784664154,640
Miyazaki94,1,FAABE,64,0.3312595784664154,650
Miyazaki94,1,FAABE,65,0.3312595784664154,660
Miyazaki94,1,FAABE,66,0.3312595784664154,670
Miyazaki94,1,FAABE,67,0.3312595784664154,680
Miyazaki94,1,FAABE,68,0.3312595784664154,690
Miyazaki94,1,FAABE,69,0.3312595784664154,700
Miyazaki94,1,FAABE,70,0.3312595784664154,710
Miyazaki94,1,FAABE,71,0.3312595784664154,720
Miyazaki94,1,FAABE,72,0.3312595784664154,730
Miyazaki94,1,FAABE,73,0.3312595784664154,740
Miyazaki94,1,FAABE,74,0.3312595784664154,750
Miyazaki94,1,FAABE,75,0.3312595784664154,760
Miyazaki94,1,FAABE,76,0.3312595784664154,770
Miyazaki94,1,FAABE,77,0.3312595784664154,780
Miyazaki94,1,FAABE,78,0.3312595784664154,790
Miyazaki94,1,FAABE,79,0.3312595784664154,800
Miyazaki94,1,FAABE,80,0.3312595784664154,810
Miyazaki94,1,FAABE,81,0.3312595784664154,820
Miyazaki94,1,FAABE,82,0.3312595784664154,830
Miyazaki94,1,FAABE,83,0.3312595784664154,840
Miyazaki94,1,FAABE,84,0.3312595784664154,850
Miyazaki94,1,FAABE,85,0.3312595784664154,860
Miyazaki94,1,FAABE,86,0.3312595784664154,870
Miyazaki94,1,FAABE,87,0.3312595784664154,880
Miyazaki94,1,FAABE,88,0.3312595784664154,890
Miyazaki94,1,FAABE,89,0.3312595784664154,900
Miyazaki94,1,FAABE,90,0.3312595784664154,910
Miyazaki94,1,FAABE,91,0.3312595784664154,920
Miyazaki94,1,FAABE,92,0.3312595784664154,930
Miyazaki94,1,FAABE,93,0.3312595784664154,940
Miyazaki94,1,FAABE,94,0.3312595784664154,950
Miyazaki94,1,FAABE,95,0.3312595784664154,960
Miyazaki94,1,FAABE,96,0.3312595784664154,970
Miyazaki94,1,FAABE,97,0.3312595784664154,980
Miyazaki94,1,FAABE,98,0.3312595784664154,990
Miyazaki94,1,FAABE,99,0.3312595784664154,1000
Miyazaki94,2,GA-ABE,0,0.5732837915420532,10
Miyazaki94,2,GA-ABE,1,0.5573915839195251,20
Miyazaki94,2,GA-ABE,2,0.5294244289398193,30
Miyazaki94,2,GA-ABE,3,0.5267696380615234,40
Miyazaki94,2,GA-ABE,4,0.5267696380615234,50
Miyazaki94,2,GA-ABE,5,0.5267696380615234,60
Miyazaki94,2,GA-ABE,6,0.5267696380615234,70
Miyazaki94,2,GA-ABE,7,0.5267696380615234,80
Miyazaki94,2,GA-ABE,8,0.5267696380615234,90
Miyazaki94,2,GA-ABE,9,0.5267696380615234,100
Miyazaki94,2,GA-ABE,10,0.5267696380615234,110
Miyazaki94,2,GA-ABE,11,0.5267696380615234,120
Miyazaki94,2,GA-ABE,12,0.5209031105041504,130
Miyazaki94,2,GA-ABE,13,0.5209031105041504,140
Miyazaki94,2,GA-ABE,14,0.5209031105041504,150
Miyazaki94,2,GA-ABE,15,0.47525352239608765,160
Miyazaki94,2,GA-ABE,16,0.47425371408462524,170
Miyazaki94,2,GA-ABE,17,0.47128039598464966,180
Miyazaki94,2,GA-ABE,18,0.46988993883132935,190
Miyazaki94,2,GA-ABE,19,0.46988993883132935,200
Miyazaki94,2,GA-ABE,20,0.46988993883132935,210
Miyazaki94,2,GA-ABE,21,0.46988993883132935,220
Miyazaki94,2,GA-ABE,22,0.4438767433166504,230
Miyazaki94,2,GA-ABE,23,0.4433092474937439,240
Miyazaki94,2,GA-ABE,24,0.4390996992588043,250
Miyazaki94,2,GA-ABE,25,0.4390996992588043,260
Miyazaki94,2,GA-ABE,26,0.4390996992588043,270
Miyazaki94,2,GA-ABE,27,0.43753543496131897,280
Miyazaki94,2,GA-ABE,28,0.43753543496131897,290
Miyazaki94,2,GA-ABE,29,0.41972270607948303,300
Miyazaki94,2,GA-ABE,30,0.41972270607948303,310
Miyazaki94,2,GA-ABE,31,0.40221625566482544,320
Miyazaki94,2,GA-ABE,32,0.40221625566482544,330
Miyazaki94,2,GA-ABE,33,0.40221625566482544,340
Miyazaki94,2,GA-ABE,34,0.39718419313430786,350
Miyazaki94,2,GA-ABE,35,0.39718419313430786,360
Miyazaki94,2,GA-ABE,36,0.39718419313430786,370
Miyazaki94,2,GA-ABE,37,0.39523524045944214,380
Miyazaki94,2,GA-ABE,38,0.3944699466228485,390
Miyazaki94,2,GA-ABE,39,0.3944699466228485,400
Miyazaki94,2,GA-ABE,40,0.3944699466228485,410
Miyazaki94,2,GA-ABE,41,0.39439791440963745,420
Miyazaki94,2,GA-ABE,42,0.39439791440963745,430
Miyazaki94,2,GA-ABE,43,0.39439791440963745,440
Miyazaki94,2,GA-ABE,44,0.39439791440963745,450
Miyazaki94,2,GA-ABE,45,0.39439791440963745,460
Miyazaki94,2,GA-ABE,46,0.39439791440963745,470
Miyazaki94,2,GA-ABE,47,0.39439791440963745,480
Miyazaki94,2,GA-ABE,48,0.39429447054862976,490
Miyazaki94,2,GA-ABE,49,0.39320990443229675,500
Miyazaki94,2,GA-ABE,50,0.39320990443229675,510
Miyazaki94,2,GA-ABE,51,0.3893478214740753,520
Miyazaki94,2,GA-ABE,52,0.3893478214740753,530
Miyazaki94,2,GA-ABE,53,0.3893478214740753,540
Miyazaki94,2,GA-ABE,54,0.3893478214740753,550
Miyazaki94,2,GA-ABE,55,0.3893478214740753,560
Miyazaki94,2,GA-ABE,56,0.3893478214740753,570
Miyazaki94,2,GA-ABE,57,0.3893478214740753,580
Miyazaki94,2,GA-ABE,58,0.3893478214740753,590
Miyazaki94,2,GA-ABE,59,0.3893478214740753,600
Miyazaki94,2,GA-ABE,60,0.38518786430358887,610
Miyazaki94,2,GA-ABE,61,0.38518786430358887,620
Miyazaki94,2,GA-ABE,62,0.3851878046989441,630
Miyazaki94,2,GA-ABE,63,0.3851878046989441,640
Miyazaki94,2,GA-ABE,64,0.3851062059402466,650
Miyazaki94,2,GA-ABE,65,0.3850520849227905,660
Miyazaki94,2,GA-ABE,66,0.3850520849227905,670
Miyazaki94,2,GA-ABE,67,0.3850520849227905,680
Miyazaki94,2,GA-ABE,68,0.3850520849227905,690
Miyazaki94,2,GA-ABE,69,0.3850520849227905,700
Miyazaki94,2,GA-ABE,70,0.38505202531814575,710
Miyazaki94,2,GA-ABE,71,0.38505202531814575,720
Miyazaki94,2,GA-ABE,72,0.38505202531814575,730
Miyazaki94,2,GA-ABE,73,0.38505202531814575,740
Miyazaki94,2,GA-ABE,74,0.38505202531814575,750
Miyazaki94,2,GA-ABE,75,0.38505202531814575,760
Miyazaki94,2,GA-ABE,76,0.38505202531814575,770
Miyazaki94,2,GA-ABE,77,0.38505202531814575,780
Miyazaki94,2,GA-ABE,78,0.38505202531814575,790
Miyazaki94,2,GA-ABE,79,0.38505199551582336,800
Miyazaki94,2,GA-ABE,80,0.38505199551582336,810
Miyazaki94,2,GA-ABE,81,0.384948194026947,820
Miyazaki94,2,GA-ABE,82,0.384948194026947,830
Miyazaki94,2,GA-ABE,83,0.384948194026947,840
Miyazaki94,2,GA-ABE,84,0.384948194026947,850
Miyazaki94,2,GA-ABE,85,0.384948194026947,860
Miyazaki94,2,GA-ABE,86,0.3837391138076782,870
Miyazaki94,2,GA-ABE,87,0.3825610876083374,880
Miyazaki94,2,GA-ABE,88,0.3825610876083374,890
Miyazaki94,2,GA-ABE,89,0.38253840804100037,900
Miyazaki94,2,GA-ABE,90,0.38253840804100037,910
Miyazaki94,2,GA-ABE,91,0.3823274075984955,920
Miyazaki94,2,GA-ABE,92,0.3823274075984955,930
Miyazaki94,2,GA-ABE,93,0.3823274075984955,940
Miyazaki94,2,GA-ABE,94,0.3823069632053375,950
Miyazaki94,2,GA-ABE,95,0.3823069632053375,960
Miyazaki94,2,GA-ABE,96,0.3823069632053375,970
Miyazaki94,2,GA-ABE,97,0.3823069632053375,980
Miyazaki94,2,GA-ABE,98,0.3823069632053375,990
Miyazaki94,2,GA-ABE,99,0.38222238421440125,1000
Miyazaki94,2,PSO-ABE,0,0.5089977383613586,10
Miyazaki94,2,PSO-ABE,1,0.4805886149406433,20
Miyazaki94,2,PSO-ABE,2,0.4112617075443268,30
Miyazaki94,2,PSO-ABE,3,0.3991462290287018,40
Miyazaki94,2,PSO-ABE,4,0.3991462290287018,50
Miyazaki94,2,PSO-ABE,5,0.3991462290287018,60
Miyazaki94,2,PSO-ABE,6,0.3835391402244568,70
Miyazaki94,2,PSO-ABE,7,0.3835391402244568,80
Miyazaki94,2,PSO-ABE,8,0.3835391402244568,90
Miyazaki94,2,PSO-ABE,9,0.37485793232917786,100
Miyazaki94,2,PSO-ABE,10,0.37485793232917786,110
Miyazaki94,2,PSO-ABE,11,0.37485793232917786,120
Miyazaki94,2,PSO-ABE,12,0.37485793232917786,130
Miyazaki94,2,PSO-ABE,13,0.37485793232917786,140
Miyazaki94,2,PSO-ABE,14,0.37485793232917786,150
Miyazaki94,2,PSO-ABE,15,0.37485793232917786,160
Miyazaki94,2,PSO-ABE,16,0.37485793232917786,170
Miyazaki94,2,PSO-ABE,17,0.37485793232917786,180
Miyazaki94,2,PSO-ABE,18,0.37485793232917786,190
Miyazaki94,2,PSO-ABE,19,0.37485793232917786,200
Miyazaki94,2,PSO-ABE,20,0.37475940585136414,210
Miyazaki94,2,PSO-ABE,21,0.37475940585136414,220
Miyazaki94,2,PSO-ABE,22,0.37475940585136414,230
Miyazaki94,2,PSO-ABE,23,0.37475940585136414,240
Miyazaki94,2,PSO-ABE,24,0.37475940585136414,250
Miyazaki94,2,PSO-ABE,25,0.37475940585136414,260
Miyazaki94,2,PSO-ABE,26,0.37475940585136414,270
Miyazaki94,2,PSO-ABE,27,0.37475940585136414,280
Miyazaki94,2,PSO-ABE,28,0.37475940585136414,290
Miyazaki94,2,PSO-ABE,29,0.3743123710155487,300
Miyazaki94,2,PSO-ABE,30,0.3743123710155487,310
Miyazaki94,2,PSO-ABE,31,0.3743123710155487,320
Miyazaki94,2,PSO-ABE,32,0.3743123710155487,330
Miyazaki94,2,PSO-ABE,33,0.3743123710155487,340
Miyazaki94,2,PSO-ABE,34,0.37428611516952515,350
Miyazaki94,2,PSO-ABE,35,0.37428611516952515,360
Miyazaki94,2,PSO-ABE,36,0.374283105134964,370
Miyazaki94,2,PSO-ABE,37,0.37428101897239685,380
Miyazaki94,2,PSO-ABE,38,0.37341442704200745,390
Miyazaki94,2,PSO-ABE,39,0.37341442704200745,400
Miyazaki94,2,PSO-ABE,40,0.3733963072299957,410
Miyazaki94,2,PSO-ABE,41,0.3733963072299957,420
Miyazaki94,2,PSO-ABE,42,0.3733792006969452,430
Miyazaki94,2,PSO-ABE,43,0.37337803840637207,440
Miyazaki94,2,PSO-ABE,44,0.373372882604599,450
Miyazaki94,2,PSO-ABE,45,0.373372882604599,460
Miyazaki94,2,PSO-ABE,46,0.373372882604599,470
Miyazaki94,2,PSO-ABE,47,0.373372882604599,480
Miyazaki94,2,PSO-ABE,48,0.373372882604599,490
Miyazaki94,2,PSO-ABE,49,0.37336933612823486,500
Miyazaki94,2,PSO-ABE,50,0.37336933612823486,510
Miyazaki94,2,PSO-ABE,51,0.3733685612678528,520
Miyazaki94,2,PSO-ABE,52,0.3733685612678528,530
Miyazaki94,2,PSO-ABE,53,0.3733685612678528,540
Miyazaki94,2,PSO-ABE,54,0.37336647510528564,550
Miyazaki94,2,PSO-ABE,55,0.3733651340007782,560
Miyazaki94,2,PSO-ABE,56,0.3733651340007782,570
Miyazaki94,2,PSO-ABE,57,0.3733651340007782,580
Miyazaki94,2,PSO-ABE,58,0.37336456775665283,590
Miyazaki94,2,PSO-ABE,59,0.37336456775665283,600
Miyazaki94,2,PSO-ABE,60,0.37336456775665283,610
Miyazaki94,2,PSO-ABE,61,0.37336456775665283,620
Miyazaki94,2,PSO-ABE,62,0.3733644187450409,630
Miyazaki94,2,PSO-ABE,63,0.3733636736869812,640
Miyazaki94,2,PSO-ABE,64,0.373363196849823,650
Miyazaki94,2,PSO-ABE,65,0.373363196849823,660
Miyazaki94,2,PSO-ABE,66,0.3733631372451782,670
Miyazaki94,2,PSO-ABE,67,0.3733631372451782,680
Miyazaki94,2,PSO-ABE,68,0.3733631372451782,690
Miyazaki94,2,PSO-ABE,69,0.37336304783821106,700
Miyazaki94,2,PSO-ABE,70,0.3733629584312439,710
Miyazaki94,2,PSO-ABE,71,0.3733629584312439,720
Miyazaki94,2,PSO-ABE,72,0.37336277961730957,730
Miyazaki94,2,PSO-ABE,73,0.37336277961730957,740
Miyazaki94,2,PSO-ABE,74,0.37336277961730957,750
Miyazaki94,2,PSO-ABE,75,0.37336277961730957,760
Miyazaki94,2,PSO-ABE,76,0.37336277961730957,770
Miyazaki94,2,PSO-ABE,77,0.37336277961730957,780
Miyazaki94,2,PSO-ABE,78,0.37336277961730957,790
Miyazaki94,2,PSO-ABE,79,0.37336277961730957,800
Miyazaki94,2,PSO-ABE,80,0.37336277961730957,810
Miyazaki94,2,PSO-ABE,81,0.37336277961730957,820
Miyazaki94,2,PSO-ABE,82,0.37336277961730957,830
Miyazaki94,2,PSO-ABE,83,0.37336277961730957,840
Miyazaki94,2,PSO-ABE,84,0.37336277961730957,850
Miyazaki94,2,PSO-ABE,85,0.37336277961730957,860
Miyazaki94,2,PSO-ABE,86,0.37336277961730957,870
Miyazaki94,2,PSO-ABE,87,0.37336277961730957,880
Miyazaki94,2,PSO-ABE,88,0.37336277961730957,890
Miyazaki94,2,PSO-ABE,89,0.37336277961730957,900
Miyazaki94,2,PSO-ABE,90,0.37336277961730957,910
Miyazaki94,2,PSO-ABE,91,0.37336277961730957,920
Miyazaki94,2,PSO-ABE,92,0.37336277961730957,930
Miyazaki94,2,PSO-ABE,93,0.37336277961730957,940
Miyazaki94,2,PSO-ABE,94,0.37336277961730957,950
Miyazaki94,2,PSO-ABE,95,0.37336277961730957,960
Miyazaki94,2,PSO-ABE,96,0.37336277961730957,970
Miyazaki94,2,PSO-ABE,97,0.37336277961730957,980
Miyazaki94,2,PSO-ABE,98,0.37336277961730957,990
Miyazaki94,2,PSO-ABE,99,0.37336277961730957,1000
Miyazaki94,2,DE-ABE,0,0.5217311978340149,10
Miyazaki94,2,DE-ABE,1,0.5217311978340149,20
Miyazaki94,2,DE-ABE,2,0.47277912497520447,30
Miyazaki94,2,DE-ABE,3,0.47277912497520447,40
Miyazaki94,2,DE-ABE,4,0.47277912497520447,50
Miyazaki94,2,DE-ABE,5,0.44774606823921204,60
Miyazaki94,2,DE-ABE,6,0.44774606823921204,70
Miyazaki94,2,DE-ABE,7,0.39601433277130127,80
Miyazaki94,2,DE-ABE,8,0.39601433277130127,90
Miyazaki94,2,DE-ABE,9,0.39601433277130127,100
Miyazaki94,2,DE-ABE,10,0.39601433277130127,110
Miyazaki94,2,DE-ABE,11,0.39601433277130127,120
Miyazaki94,2,DE-ABE,12,0.39601433277130127,130
Miyazaki94,2,DE-ABE,13,0.39601433277130127,140
Miyazaki94,2,DE-ABE,14,0.39601433277130127,150
Miyazaki94,2,DE-ABE,15,0.3951546847820282,160
Miyazaki94,2,DE-ABE,16,0.3951546847820282,170
Miyazaki94,2,DE-ABE,17,0.3951546847820282,180
Miyazaki94,2,DE-ABE,18,0.3939388692378998,190
Miyazaki94,2,DE-ABE,19,0.3939388692378998,200
Miyazaki94,2,DE-ABE,20,0.3939388692378998,210
Miyazaki94,2,DE-ABE,21,0.3878272771835327,220
Miyazaki94,2,DE-ABE,22,0.3878272771835327,230
Miyazaki94,2,DE-ABE,23,0.3872051537036896,240
Miyazaki94,2,DE-ABE,24,0.3872051537036896,250
Miyazaki94,2,DE-ABE,25,0.3872051537036896,260
Miyazaki94,2,DE-ABE,26,0.3872051537036896,270
Miyazaki94,2,DE-ABE,27,0.38707077503204346,280
Miyazaki94,2,DE-ABE,28,0.38707077503204346,290
Miyazaki94,2,DE-ABE,29,0.38707077503204346,300
Miyazaki94,2,DE-ABE,30,0.38707077503204346,310
Miyazaki94,2,DE-ABE,31,0.38707077503204346,320
Miyazaki94,2,DE-ABE,32,0.38707077503204346,330
Miyazaki94,2,DE-ABE,33,0.38707077503204346,340
Miyazaki94,2,DE-ABE,34,0.38707077503204346,350
Miyazaki94,2,DE-ABE,35,0.38707077503204346,360
Miyazaki94,2,DE-ABE,36,0.38707077503204346,370
Miyazaki94,2,DE-ABE,37,0.38707077503204346,380
Miyazaki94,2,DE-ABE,38,0.38707077503204346,390
Miyazaki94,2,DE-ABE,39,0.3867080509662628,400
Miyazaki94,2,DE-ABE,40,0.3867080509662628,410
Miyazaki94,2,DE-ABE,41,0.3866161108016968,420
Miyazaki94,2,DE-ABE,42,0.38465455174446106,430
Miyazaki94,2,DE-ABE,43,0.38465455174446106,440
Miyazaki94,2,DE-ABE,44,0.38462111353874207,450
Miyazaki94,2,DE-ABE,45,0.3844929039478302,460
Miyazaki94,2,DE-ABE,46,0.3844929039478302,470
Miyazaki94,2,DE-ABE,47,0.38446205854415894,480
Miyazaki94,2,DE-ABE,48,0.38446205854415894,490
Miyazaki94,2,DE-ABE,49,0.38446205854415894,500
Miyazaki94,2,DE-ABE,50,0.38446205854415894,510
Miyazaki94,2,DE-ABE,51,0.3844096064567566,520
Miyazaki94,2,DE-ABE,52,0.38432949781417847,530
Miyazaki94,2,DE-ABE,53,0.38432949781417847,540
Miyazaki94,2,DE-ABE,54,0.38432949781417847,550
Miyazaki94,2,DE-ABE,55,0.3842862546443939,560
Miyazaki94,2,DE-ABE,56,0.3842862546443939,570
Miyazaki94,2,DE-ABE,57,0.3842862546443939,580
Miyazaki94,2,DE-ABE,58,0.3842862546443939,590
Miyazaki94,2,DE-ABE,59,0.3842862546443939,600
Miyazaki94,2,DE-ABE,60,0.3842862546443939,610
Miyazaki94,2,DE-ABE,61,0.3842862546443939,620
Miyazaki94,2,DE-ABE,62,0.3842862546443939,630
Miyazaki94,2,DE-ABE,63,0.3842862546443939,640
Miyazaki94,2,DE-ABE,64,0.3842862546443939,650
Miyazaki94,2,DE-ABE,65,0.3842862546443939,660
Miyazaki94,2,DE-ABE,66,0.3842785358428955,670
Miyazaki94,2,DE-ABE,67,0.3842785358428955,680
Miyazaki94,2,DE-ABE,68,0.3842785358428955,690
Miyazaki94,2,DE-ABE,69,0.3842543959617615,700
Miyazaki94,2,DE-ABE,70,0.3842466473579407,710
Miyazaki94,2,DE-ABE,71,0.3842466473579407,720
Miyazaki94,2,DE-ABE,72,0.3842466473579407,730
Miyazaki94,2,DE-ABE,73,0.3842466473579407,740
Miyazaki94,2,DE-ABE,74,0.3842426538467407,750
Miyazaki94,2,DE-ABE,75,0.38424065709114075,760
Miyazaki94,2,DE-ABE,76,0.3842400014400482,770
Miyazaki94,2,DE-ABE,77,0.38422882556915283,780
Miyazaki94,2,DE-ABE,78,0.38422882556915283,790
Miyazaki94,2,DE-ABE,79,0.38422882556915283,800
Miyazaki94,2,DE-ABE,80,0.38422882556915283,810
Miyazaki94,2,DE-ABE,81,0.38422340154647827,820
Miyazaki94,2,DE-ABE,82,0.38422030210494995,830
Miyazaki94,2,DE-ABE,83,0.3842068910598755,840
Miyazaki94,2,DE-ABE,84,0.3842068910598755,850
Miyazaki94,2,DE-ABE,85,0.3841896951198578,860
Miyazaki94,2,DE-ABE,86,0.38418933749198914,870
Miyazaki94,2,DE-ABE,87,0.38417887687683105,880
Miyazaki94,2,DE-ABE,88,0.38417887687683105,890
Miyazaki94,2,DE-ABE,89,0.38417887687683105,900
Miyazaki94,2,DE-ABE,90,0.3841531574726105,910
Miyazaki94,2,DE-ABE,91,0.3841531574726105,920
Miyazaki94,2,DE-ABE,92,0.3841531574726105,930
Miyazaki94,2,DE-ABE,93,0.3841531574726105,940
Miyazaki94,2,DE-ABE,94,0.3841531574726105,950
Miyazaki94,2,DE-ABE,95,0.3841531574726105,960
Miyazaki94,2,DE-ABE,96,0.38415244221687317,970
Miyazaki94,2,DE-ABE,97,0.3841205835342407,980
Miyazaki94,2,DE-ABE,98,0.3841205835342407,990
Miyazaki94,2,DE-ABE,99,0.3841205835342407,1000
Miyazaki94,2,GWO-ABE,0,0.4162365794181824,10
Miyazaki94,2,GWO-ABE,1,0.42513900995254517,20
Miyazaki94,2,GWO-ABE,2,0.4213709235191345,30
Miyazaki94,2,GWO-ABE,3,0.40572819113731384,40
Miyazaki94,2,GWO-ABE,4,0.4023287892341614,50
Miyazaki94,2,GWO-ABE,5,0.39348745346069336,60
Miyazaki94,2,GWO-ABE,6,0.3900315463542938,70
Miyazaki94,2,GWO-ABE,7,0.4008762538433075,80
Miyazaki94,2,GWO-ABE,8,0.39242246747016907,90
Miyazaki94,2,GWO-ABE,9,0.4045020341873169,100
Miyazaki94,2,GWO-ABE,10,0.396269291639328,110
Miyazaki94,2,GWO-ABE,11,0.4036761522293091,120
Miyazaki94,2,GWO-ABE,12,0.39642006158828735,130
Miyazaki94,2,GWO-ABE,13,0.4040634334087372,140
Miyazaki94,2,GWO-ABE,14,0.39674338698387146,150
Miyazaki94,2,GWO-ABE,15,0.39749887585639954,160
Miyazaki94,2,GWO-ABE,16,0.3893616795539856,170
Miyazaki94,2,GWO-ABE,17,0.3957117199897766,180
Miyazaki94,2,GWO-ABE,18,0.39384058117866516,190
Miyazaki94,2,GWO-ABE,19,0.40359532833099365,200
Miyazaki94,2,GWO-ABE,20,0.4011189639568329,210
Miyazaki94,2,GWO-ABE,21,0.3977859318256378,220
Miyazaki94,2,GWO-ABE,22,0.39485451579093933,230
Miyazaki94,2,GWO-ABE,23,0.3969973027706146,240
Miyazaki94,2,GWO-ABE,24,0.4083881676197052,250
Miyazaki94,2,GWO-ABE,25,0.4018181264400482,260
Miyazaki94,2,GWO-ABE,26,0.41130301356315613,270
Miyazaki94,2,GWO-ABE,27,0.39072373509407043,280
Miyazaki94,2,GWO-ABE,28,0.3906742334365845,290
Miyazaki94,2,GWO-ABE,29,0.3849544823169708,300
Miyazaki94,2,GWO-ABE,30,0.4040887951850891,310
Miyazaki94,2,GWO-ABE,31,0.39845460653305054,320
Miyazaki94,2,GWO-ABE,32,0.3994234502315521,330
Miyazaki94,2,GWO-ABE,33,0.3938937485218048,340
Miyazaki94,2,GWO-ABE,34,0.38940224051475525,350
Miyazaki94,2,GWO-ABE,35,0.39828619360923767,360
Miyazaki94,2,GWO-ABE,36,0.38939276337623596,370
Miyazaki94,2,GWO-ABE,37,0.39610427618026733,380
Miyazaki94,2,GWO-ABE,38,0.38594290614128113,390
Miyazaki94,2,GWO-ABE,39,0.3872247338294983,400
Miyazaki94,2,GWO-ABE,40,0.390535831451416,410
Miyazaki94,2,GWO-ABE,41,0.3917868733406067,420
Miyazaki94,2,GWO-ABE,42,0.39010363817214966,430
Miyazaki94,2,GWO-ABE,43,0.3821799159049988,440
Miyazaki94,2,GWO-ABE,44,0.3789876103401184,450
Miyazaki94,2,GWO-ABE,45,0.37608373165130615,460
Miyazaki94,2,GWO-ABE,46,0.3754086196422577,470
Miyazaki94,2,GWO-ABE,47,0.38341033458709717,480
Miyazaki94,2,GWO-ABE,48,0.37874096632003784,490
Miyazaki94,2,GWO-ABE,49,0.385409951210022,500
Miyazaki94,2,GWO-ABE,50,0.38385337591171265,510
Miyazaki94,2,GWO-ABE,51,0.38059473037719727,520
Miyazaki94,2,GWO-ABE,52,0.38061657547950745,530
Miyazaki94,2,GWO-ABE,53,0.3848869800567627,540
Miyazaki94,2,GWO-ABE,54,0.380707710981369,550
Miyazaki94,2,GWO-ABE,55,0.38036948442459106,560
Miyazaki94,2,GWO-ABE,56,0.38694170117378235,570
Miyazaki94,2,GWO-ABE,57,0.38310807943344116,580
Miyazaki94,2,GWO-ABE,58,0.385403573513031,590
Miyazaki94,2,GWO-ABE,59,0.3824869692325592,600
Miyazaki94,2,GWO-ABE,60,0.38390448689460754,610
Miyazaki94,2,GWO-ABE,61,0.38934043049812317,620
Miyazaki94,2,GWO-ABE,62,0.381914883852005,630
Miyazaki94,2,GWO-ABE,63,0.38526925444602966,640
Miyazaki94,2,GWO-ABE,64,0.3810440003871918,650
Miyazaki94,2,GWO-ABE,65,0.37904638051986694,660
Miyazaki94,2,GWO-ABE,66,0.382791131734848,670
Miyazaki94,2,GWO-ABE,67,0.3877122700214386,680
Miyazaki94,2,GWO-ABE,68,0.3828106224536896,690
Miyazaki94,2,GWO-ABE,69,0.38721004128456116,700
Miyazaki94,2,GWO-ABE,70,0.38196873664855957,710
Miyazaki94,2,GWO-ABE,71,0.382464736700058,720
Miyazaki94,2,GWO-ABE,72,0.3817048668861389,730
Miyazaki94,2,GWO-ABE,73,0.3820353150367737,740
Miyazaki94,2,GWO-ABE,74,0.3919116258621216,750
Miyazaki94,2,GWO-ABE,75,0.39145269989967346,760
Miyazaki94,2,GWO-ABE,76,0.38731276988983154,770
Miyazaki94,2,GWO-ABE,77,0.3791961669921875,780
Miyazaki94,2,GWO-ABE,78,0.38578978180885315,790
Miyazaki94,2,GWO-ABE,79,0.3785407543182373,800
Miyazaki94,2,GWO-ABE,80,0.38144195079803467,810
Miyazaki94,2,GWO-ABE,81,0.3816967308521271,820
Miyazaki94,2,GWO-ABE,82,0.3810758888721466,830
Miyazaki94,2,GWO-ABE,83,0.37801823019981384,840
Miyazaki94,2,GWO-ABE,84,0.38116028904914856,850
Miyazaki94,2,GWO-ABE,85,0.38100796937942505,860
Miyazaki94,2,GWO-ABE,86,0.3811042606830597,870
Miyazaki94,2,GWO-ABE,87,0.3811429440975189,880
Miyazaki94,2,GWO-ABE,88,0.3808855414390564,890
Miyazaki94,2,GWO-ABE,89,0.38105809688568115,900
Miyazaki94,2,GWO-ABE,90,0.38103124499320984,910
Miyazaki94,2,GWO-ABE,91,0.3809994161128998,920
Miyazaki94,2,GWO-ABE,92,0.3808295726776123,930
Miyazaki94,2,GWO-ABE,93,0.380813866853714,940
Miyazaki94,2,GWO-ABE,94,0.3808569014072418,950
Miyazaki94,2,GWO-ABE,95,0.3808367848396301,960
Miyazaki94,2,GWO-ABE,96,0.38085129857063293,970
Miyazaki94,2,GWO-ABE,97,0.3808610141277313,980
Miyazaki94,2,GWO-ABE,98,0.38083693385124207,990
Miyazaki94,2,GWO-ABE,99,0.38077107071876526,1000
Miyazaki94,2,WOA-ABE,0,0.4932591915130615,10
Miyazaki94,2,WOA-ABE,1,0.47491535544395447,20
Miyazaki94,2,WOA-ABE,2,0.4514143168926239,30
Miyazaki94,2,WOA-ABE,3,0.4410029649734497,40
Miyazaki94,2,WOA-ABE,4,0.4410029649734497,50
Miyazaki94,2,WOA-ABE,5,0.4130725860595703,60
Miyazaki94,2,WOA-ABE,6,0.37912148237228394,70
Miyazaki94,2,WOA-ABE,7,0.3723160922527313,80
Miyazaki94,2,WOA-ABE,8,0.3653186559677124,90
Miyazaki94,2,WOA-ABE,9,0.3653186559677124,100
Miyazaki94,2,WOA-ABE,10,0.3653186559677124,110
Miyazaki94,2,WOA-ABE,11,0.36192211508750916,120
Miyazaki94,2,WOA-ABE,12,0.36192211508750916,130
Miyazaki94,2,WOA-ABE,13,0.36192211508750916,140
Miyazaki94,2,WOA-ABE,14,0.36192211508750916,150
Miyazaki94,2,WOA-ABE,15,0.36192211508750916,160
Miyazaki94,2,WOA-ABE,16,0.36191311478614807,170
Miyazaki94,2,WOA-ABE,17,0.36191311478614807,180
Miyazaki94,2,WOA-ABE,18,0.36190587282180786,190
Miyazaki94,2,WOA-ABE,19,0.3619045615196228,200
Miyazaki94,2,WOA-ABE,20,0.3615349233150482,210
Miyazaki94,2,WOA-ABE,21,0.3615349233150482,220
Miyazaki94,2,WOA-ABE,22,0.36153241991996765,230
Miyazaki94,2,WOA-ABE,23,0.36153241991996765,240
Miyazaki94,2,WOA-ABE,24,0.3615323305130005,250
Miyazaki94,2,WOA-ABE,25,0.3615323305130005,260
Miyazaki94,2,WOA-ABE,26,0.361404687166214,270
Miyazaki94,2,WOA-ABE,27,0.361404687166214,280
Miyazaki94,2,WOA-ABE,28,0.361404687166214,290
Miyazaki94,2,WOA-ABE,29,0.361404687166214,300
Miyazaki94,2,WOA-ABE,30,0.361404687166214,310
Miyazaki94,2,WOA-ABE,31,0.361404687166214,320
Miyazaki94,2,WOA-ABE,32,0.36140260100364685,330
Miyazaki94,2,WOA-ABE,33,0.36139002442359924,340
Miyazaki94,2,WOA-ABE,34,0.35789981484413147,350
Miyazaki94,2,WOA-ABE,35,0.35789981484413147,360
Miyazaki94,2,WOA-ABE,36,0.35789981484413147,370
Miyazaki94,2,WOA-ABE,37,0.35789981484413147,380
Miyazaki94,2,WOA-ABE,38,0.35789981484413147,390
Miyazaki94,2,WOA-ABE,39,0.35789981484413147,400
Miyazaki94,2,WOA-ABE,40,0.35789981484413147,410
Miyazaki94,2,WOA-ABE,41,0.35789886116981506,420
Miyazaki94,2,WOA-ABE,42,0.35789886116981506,430
Miyazaki94,2,WOA-ABE,43,0.3578987121582031,440
Miyazaki94,2,WOA-ABE,44,0.3578987121582031,450
Miyazaki94,2,WOA-ABE,45,0.3578987121582031,460
Miyazaki94,2,WOA-ABE,46,0.3578987121582031,470
Miyazaki94,2,WOA-ABE,47,0.3578987121582031,480
Miyazaki94,2,WOA-ABE,48,0.3578987121582031,490
Miyazaki94,2,WOA-ABE,49,0.3578987121582031,500
Miyazaki94,2,WOA-ABE,50,0.3578987121582031,510
Miyazaki94,2,WOA-ABE,51,0.3578947186470032,520
Miyazaki94,2,WOA-ABE,52,0.3578947186470032,530
Miyazaki94,2,WOA-ABE,53,0.3578947186470032,540
Miyazaki94,2,WOA-ABE,54,0.3578947186470032,550
Miyazaki94,2,WOA-ABE,55,0.3578947186470032,560
Miyazaki94,2,WOA-ABE,56,0.3578947186470032,570
Miyazaki94,2,WOA-ABE,57,0.3578947186470032,580
Miyazaki94,2,WOA-ABE,58,0.3578947186470032,590
Miyazaki94,2,WOA-ABE,59,0.3578947186470032,600
Miyazaki94,2,WOA-ABE,60,0.3578947186470032,610
Miyazaki94,2,WOA-ABE,61,0.3578941226005554,620
Miyazaki94,2,WOA-ABE,62,0.3578941226005554,630
Miyazaki94,2,WOA-ABE,63,0.3578941226005554,640
Miyazaki94,2,WOA-ABE,64,0.3578941226005554,650
Miyazaki94,2,WOA-ABE,65,0.35789328813552856,660
Miyazaki94,2,WOA-ABE,66,0.35789328813552856,670
Miyazaki94,2,WOA-ABE,67,0.3578932583332062,680
Miyazaki94,2,WOA-ABE,68,0.35789307951927185,690
Miyazaki94,2,WOA-ABE,69,0.35789307951927185,700
Miyazaki94,2,WOA-ABE,70,0.35789307951927185,710
Miyazaki94,2,WOA-ABE,71,0.35789307951927185,720
Miyazaki94,2,WOA-ABE,72,0.35789307951927185,730
Miyazaki94,2,WOA-ABE,73,0.35789307951927185,740
Miyazaki94,2,WOA-ABE,74,0.35789307951927185,750
Miyazaki94,2,WOA-ABE,75,0.35789307951927185,760
Miyazaki94,2,WOA-ABE,76,0.3578929305076599,770
Miyazaki94,2,WOA-ABE,77,0.3578929305076599,780
Miyazaki94,2,WOA-ABE,78,0.3578929305076599,790
Miyazaki94,2,WOA-ABE,79,0.3578929305076599,800
Miyazaki94,2,WOA-ABE,80,0.3578929305076599,810
Miyazaki94,2,WOA-ABE,81,0.3578929305076599,820
Miyazaki94,2,WOA-ABE,82,0.3578929305076599,830
Miyazaki94,2,WOA-ABE,83,0.3578929305076599,840
Miyazaki94,2,WOA-ABE,84,0.3578929305076599,850
Miyazaki94,2,WOA-ABE,85,0.3578929305076599,860
Miyazaki94,2,WOA-ABE,86,0.3578929305076599,870
Miyazaki94,2,WOA-ABE,87,0.3578929305076599,880
Miyazaki94,2,WOA-ABE,88,0.35789260268211365,890
Miyazaki94,2,WOA-ABE,89,0.35789260268211365,900
Miyazaki94,2,WOA-ABE,90,0.35789260268211365,910
Miyazaki94,2,WOA-ABE,91,0.35789260268211365,920
Miyazaki94,2,WOA-ABE,92,0.35789206624031067,930
Miyazaki94,2,WOA-ABE,93,0.35789206624031067,940
Miyazaki94,2,WOA-ABE,94,0.35789206624031067,950
Miyazaki94,2,WOA-ABE,95,0.35789206624031067,960
Miyazaki94,2,WOA-ABE,96,0.3578917384147644,970
Miyazaki94,2,WOA-ABE,97,0.3578907251358032,980
Miyazaki94,2,WOA-ABE,98,0.3578907251358032,990
Miyazaki94,2,WOA-ABE,99,0.3578907251358032,1000
Miyazaki94,2,FAABE,0,0.5249529480934143,10
Miyazaki94,2,FAABE,1,0.4660787284374237,20
Miyazaki94,2,FAABE,2,0.4490453898906708,30
Miyazaki94,2,FAABE,3,0.4490453898906708,40
Miyazaki94,2,FAABE,4,0.4490453898906708,50
Miyazaki94,2,FAABE,5,0.4490453898906708,60
Miyazaki94,2,FAABE,6,0.4490453898906708,70
Miyazaki94,2,FAABE,7,0.4490453898906708,80
Miyazaki94,2,FAABE,8,0.4490453898906708,90
Miyazaki94,2,FAABE,9,0.44431889057159424,100
Miyazaki94,2,FAABE,10,0.41241455078125,110
Miyazaki94,2,FAABE,11,0.3923991024494171,120
Miyazaki94,2,FAABE,12,0.3923991024494171,130
Miyazaki94,2,FAABE,13,0.3923991024494171,140
Miyazaki94,2,FAABE,14,0.3923991024494171,150
Miyazaki94,2,FAABE,15,0.3923991024494171,160
Miyazaki94,2,FAABE,16,0.3923991024494171,170
Miyazaki94,2,FAABE,17,0.3923991024494171,180
Miyazaki94,2,FAABE,18,0.3923991024494171,190
Miyazaki94,2,FAABE,19,0.3923991024494171,200
Miyazaki94,2,FAABE,20,0.3923991024494171,210
Miyazaki94,2,FAABE,21,0.3923991024494171,220
Miyazaki94,2,FAABE,22,0.3901115357875824,230
Miyazaki94,2,FAABE,23,0.3877587914466858,240
Miyazaki94,2,FAABE,24,0.3877587914466858,250
Miyazaki94,2,FAABE,25,0.3877587914466858,260
Miyazaki94,2,FAABE,26,0.3877587914466858,270
Miyazaki94,2,FAABE,27,0.3877587914466858,280
Miyazaki94,2,FAABE,28,0.3877587914466858,290
Miyazaki94,2,FAABE,29,0.3877587914466858,300
Miyazaki94,2,FAABE,30,0.3877587914466858,310
Miyazaki94,2,FAABE,31,0.3877587914466858,320
Miyazaki94,2,FAABE,32,0.3877587914466858,330
Miyazaki94,2,FAABE,33,0.3818274140357971,340
Miyazaki94,2,FAABE,34,0.3818274140357971,350
Miyazaki94,2,FAABE,35,0.3818274140357971,360
Miyazaki94,2,FAABE,36,0.3818274140357971,370
Miyazaki94,2,FAABE,37,0.3818274140357971,380
Miyazaki94,2,FAABE,38,0.3818274140357971,390
Miyazaki94,2,FAABE,39,0.3818274140357971,400
Miyazaki94,2,FAABE,40,0.3818274140357971,410
Miyazaki94,2,FAABE,41,0.3818274140357971,420
Miyazaki94,2,FAABE,42,0.3818274140357971,430
Miyazaki94,2,FAABE,43,0.3818274140357971,440
Miyazaki94,2,FAABE,44,0.3818274140357971,450
Miyazaki94,2,FAABE,45,0.3818274140357971,460
Miyazaki94,2,FAABE,46,0.3818274140357971,470
Miyazaki94,2,FAABE,47,0.3818274140357971,480
Miyazaki94,2,FAABE,48,0.3818274140357971,490
Miyazaki94,2,FAABE,49,0.3818274140357971,500
Miyazaki94,2,FAABE,50,0.3818274140357971,510
Miyazaki94,2,FAABE,51,0.3818274140357971,520
Miyazaki94,2,FAABE,52,0.3818274140357971,530
Miyazaki94,2,FAABE,53,0.3818274140357971,540
Miyazaki94,2,FAABE,54,0.3818274140357971,550
Miyazaki94,2,FAABE,55,0.3818274140357971,560
Miyazaki94,2,FAABE,56,0.3818274140357971,570
Miyazaki94,2,FAABE,57,0.3818274140357971,580
Miyazaki94,2,FAABE,58,0.3818274140357971,590
Miyazaki94,2,FAABE,59,0.3818274140357971,600
Miyazaki94,2,FAABE,60,0.3818274140357971,610
Miyazaki94,2,FAABE,61,0.3818274140357971,620
Miyazaki94,2,FAABE,62,0.3818274140357971,630
Miyazaki94,2,FAABE,63,0.3818274140357971,640
Miyazaki94,2,FAABE,64,0.3818274140357971,650
Miyazaki94,2,FAABE,65,0.3818274140357971,660
Miyazaki94,2,FAABE,66,0.3818274140357971,670
Miyazaki94,2,FAABE,67,0.3818274140357971,680
Miyazaki94,2,FAABE,68,0.3818274140357971,690
Miyazaki94,2,FAABE,69,0.3818274140357971,700
Miyazaki94,2,FAABE,70,0.38099440932273865,710
Miyazaki94,2,FAABE,71,0.36939147114753723,720
Miyazaki94,2,FAABE,72,0.36939147114753723,730
Miyazaki94,2,FAABE,73,0.36939147114753723,740
Miyazaki94,2,FAABE,74,0.36939147114753723,750
Miyazaki94,2,FAABE,75,0.36939147114753723,760
Miyazaki94,2,FAABE,76,0.36939147114753723,770
Miyazaki94,2,FAABE,77,0.36939147114753723,780
Miyazaki94,2,FAABE,78,0.36939147114753723,790
Miyazaki94,2,FAABE,79,0.36939147114753723,800
Miyazaki94,2,FAABE,80,0.36939147114753723,810
Miyazaki94,2,FAABE,81,0.36939147114753723,820
Miyazaki94,2,FAABE,82,0.36939147114753723,830
Miyazaki94,2,FAABE,83,0.36939147114753723,840
Miyazaki94,2,FAABE,84,0.36939147114753723,850
Miyazaki94,2,FAABE,85,0.36939147114753723,860
Miyazaki94,2,FAABE,86,0.36939147114753723,870
Miyazaki94,2,FAABE,87,0.36939147114753723,880
Miyazaki94,2,FAABE,88,0.36939147114753723,890
Miyazaki94,2,FAABE,89,0.36939147114753723,900
Miyazaki94,2,FAABE,90,0.36939147114753723,910
Miyazaki94,2,FAABE,91,0.36939147114753723,920
Miyazaki94,2,FAABE,92,0.36939147114753723,930
Miyazaki94,2,FAABE,93,0.36939147114753723,940
Miyazaki94,2,FAABE,94,0.36939147114753723,950
Miyazaki94,2,FAABE,95,0.36939147114753723,960
Miyazaki94,2,FAABE,96,0.36939147114753723,970
Miyazaki94,2,FAABE,97,0.36939147114753723,980
Miyazaki94,2,FAABE,98,0.36939147114753723,990
Miyazaki94,2,FAABE,99,0.36939147114753723,1000
Miyazaki94,3,GA-ABE,0,0.5341594815254211,10
Miyazaki94,3,GA-ABE,1,0.4837673604488373,20
Miyazaki94,3,GA-ABE,2,0.44769811630249023,30
Miyazaki94,3,GA-ABE,3,0.4426532983779907,40
Miyazaki94,3,GA-ABE,4,0.43481019139289856,50
Miyazaki94,3,GA-ABE,5,0.41937458515167236,60
Miyazaki94,3,GA-ABE,6,0.41937458515167236,70
Miyazaki94,3,GA-ABE,7,0.41901832818984985,80
Miyazaki94,3,GA-ABE,8,0.4049091637134552,90
Miyazaki94,3,GA-ABE,9,0.4049091637134552,100
Miyazaki94,3,GA-ABE,10,0.4049091637134552,110
Miyazaki94,3,GA-ABE,11,0.40272256731987,120
Miyazaki94,3,GA-ABE,12,0.40272256731987,130
Miyazaki94,3,GA-ABE,13,0.39354804158210754,140
Miyazaki94,3,GA-ABE,14,0.3905561566352844,150
Miyazaki94,3,GA-ABE,15,0.3905561566352844,160
Miyazaki94,3,GA-ABE,16,0.3905561566352844,170
Miyazaki94,3,GA-ABE,17,0.3905561566352844,180
Miyazaki94,3,GA-ABE,18,0.3905561566352844,190
Miyazaki94,3,GA-ABE,19,0.3878268301486969,200
Miyazaki94,3,GA-ABE,20,0.3878268301486969,210
Miyazaki94,3,GA-ABE,21,0.3878268301486969,220
Miyazaki94,3,GA-ABE,22,0.3878268301486969,230
Miyazaki94,3,GA-ABE,23,0.38763129711151123,240
Miyazaki94,3,GA-ABE,24,0.38763129711151123,250
Miyazaki94,3,GA-ABE,25,0.38763129711151123,260
Miyazaki94,3,GA-ABE,26,0.38763129711151123,270
Miyazaki94,3,GA-ABE,27,0.38763129711151123,280
Miyazaki94,3,GA-ABE,28,0.38673463463783264,290
Miyazaki94,3,GA-ABE,29,0.38673463463783264,300
Miyazaki94,3,GA-ABE,30,0.38673463463783264,310
Miyazaki94,3,GA-ABE,31,0.3867255747318268,320
Miyazaki94,3,GA-ABE,32,0.3867255747318268,330
Miyazaki94,3,GA-ABE,33,0.3867255747318268,340
Miyazaki94,3,GA-ABE,34,0.3867255747318268,350
Miyazaki94,3,GA-ABE,35,0.3867255747318268,360
Miyazaki94,3,GA-ABE,36,0.3867255747318268,370
Miyazaki94,3,GA-ABE,37,0.3867255747318268,380
Miyazaki94,3,GA-ABE,38,0.3867255747318268,390
Miyazaki94,3,GA-ABE,39,0.3867255747318268,400
Miyazaki94,3,GA-ABE,40,0.3867255747318268,410
Miyazaki94,3,GA-ABE,41,0.38315802812576294,420
Miyazaki94,3,GA-ABE,42,0.38315802812576294,430
Miyazaki94,3,GA-ABE,43,0.3831354081630707,440
Miyazaki94,3,GA-ABE,44,0.3831354081630707,450
Miyazaki94,3,GA-ABE,45,0.3831354081630707,460
Miyazaki94,3,GA-ABE,46,0.3831354081630707,470
Miyazaki94,3,GA-ABE,47,0.3831354081630707,480
Miyazaki94,3,GA-ABE,48,0.3831354081630707,490
Miyazaki94,3,GA-ABE,49,0.3831354081630707,500
Miyazaki94,3,GA-ABE,50,0.3831354081630707,510
Miyazaki94,3,GA-ABE,51,0.3831354081630707,520
Miyazaki94,3,GA-ABE,52,0.3831354081630707,530
Miyazaki94,3,GA-ABE,53,0.3831354081630707,540
Miyazaki94,3,GA-ABE,54,0.3831354081630707,550
Miyazaki94,3,GA-ABE,55,0.3831354081630707,560
Miyazaki94,3,GA-ABE,56,0.3831354081630707,570
Miyazaki94,3,GA-ABE,57,0.38054341077804565,580
Miyazaki94,3,GA-ABE,58,0.38054341077804565,590
Miyazaki94,3,GA-ABE,59,0.38054341077804565,600
Miyazaki94,3,GA-ABE,60,0.38054341077804565,610
Miyazaki94,3,GA-ABE,61,0.38054341077804565,620
Miyazaki94,3,GA-ABE,62,0.38054341077804565,630
Miyazaki94,3,GA-ABE,63,0.3758592903614044,640
Miyazaki94,3,GA-ABE,64,0.3758592903614044,650
Miyazaki94,3,GA-ABE,65,0.3619399070739746,660
Miyazaki94,3,GA-ABE,66,0.3619399070739746,670
Miyazaki94,3,GA-ABE,67,0.3618743121623993,680
Miyazaki94,3,GA-ABE,68,0.3618743121623993,690
Miyazaki94,3,GA-ABE,69,0.3618743121623993,700
Miyazaki94,3,GA-ABE,70,0.3618743121623993,710
Miyazaki94,3,GA-ABE,71,0.36174309253692627,720
Miyazaki94,3,GA-ABE,72,0.3617369532585144,730
Miyazaki94,3,GA-ABE,73,0.3617369532585144,740
Miyazaki94,3,GA-ABE,74,0.36166298389434814,750
Miyazaki94,3,GA-ABE,75,0.36166298389434814,760
Miyazaki94,3,GA-ABE,76,0.36165791749954224,770
Miyazaki94,3,GA-ABE,77,0.36154308915138245,780
Miyazaki94,3,GA-ABE,78,0.36154308915138245,790
Miyazaki94,3,GA-ABE,79,0.36154308915138245,800
Miyazaki94,3,GA-ABE,80,0.3612453043460846,810
Miyazaki94,3,GA-ABE,81,0.3612453043460846,820
Miyazaki94,3,GA-ABE,82,0.3612453043460846,830
Miyazaki94,3,GA-ABE,83,0.3612453043460846,840
Miyazaki94,3,GA-ABE,84,0.3612453043460846,850
Miyazaki94,3,GA-ABE,85,0.3612453043460846,860
Miyazaki94,3,GA-ABE,86,0.3612453043460846,870
Miyazaki94,3,GA-ABE,87,0.3612453043460846,880
Miyazaki94,3,GA-ABE,88,0.3612453043460846,890
Miyazaki94,3,GA-ABE,89,0.3612453043460846,900
Miyazaki94,3,GA-ABE,90,0.3612453043460846,910
Miyazaki94,3,GA-ABE,91,0.3612453043460846,920
Miyazaki94,3,GA-ABE,92,0.36122778058052063,930
Miyazaki94,3,GA-ABE,93,0.36122778058052063,940
Miyazaki94,3,GA-ABE,94,0.36122778058052063,950
Miyazaki94,3,GA-ABE,95,0.36122778058052063,960
Miyazaki94,3,GA-ABE,96,0.36122778058052063,970
Miyazaki94,3,GA-ABE,97,0.36122778058052063,980
Miyazaki94,3,GA-ABE,98,0.36122778058052063,990
Miyazaki94,3,GA-ABE,99,0.36122778058052063,1000
Miyazaki94,3,PSO-ABE,0,0.5251746773719788,10
Miyazaki94,3,PSO-ABE,1,0.4610198736190796,20
Miyazaki94,3,PSO-ABE,2,0.41866248846054077,30
Miyazaki94,3,PSO-ABE,3,0.4175393879413605,40
Miyazaki94,3,PSO-ABE,4,0.4006941020488739,50
Miyazaki94,3,PSO-ABE,5,0.3997320234775543,60
Miyazaki94,3,PSO-ABE,6,0.3997320234775543,70
Miyazaki94,3,PSO-ABE,7,0.3989121615886688,80
Miyazaki94,3,PSO-ABE,8,0.3989121615886688,90
Miyazaki94,3,PSO-ABE,9,0.3989121615886688,100
Miyazaki94,3,PSO-ABE,10,0.3958492577075958,110
Miyazaki94,3,PSO-ABE,11,0.3958492577075958,120
Miyazaki94,3,PSO-ABE,12,0.3958492577075958,130
Miyazaki94,3,PSO-ABE,13,0.3958492577075958,140
Miyazaki94,3,PSO-ABE,14,0.3958492577075958,150
Miyazaki94,3,PSO-ABE,15,0.3957682251930237,160
Miyazaki94,3,PSO-ABE,16,0.3957682251930237,170
Miyazaki94,3,PSO-ABE,17,0.3957682251930237,180
Miyazaki94,3,PSO-ABE,18,0.3957682251930237,190
Miyazaki94,3,PSO-ABE,19,0.3957682251930237,200
Miyazaki94,3,PSO-ABE,20,0.3957682251930237,210
Miyazaki94,3,PSO-ABE,21,0.3952424228191376,220
Miyazaki94,3,PSO-ABE,22,0.3952424228191376,230
Miyazaki94,3,PSO-ABE,23,0.3952424228191376,240
Miyazaki94,3,PSO-ABE,24,0.39505651593208313,250
Miyazaki94,3,PSO-ABE,25,0.39505651593208313,260
Miyazaki94,3,PSO-ABE,26,0.394976943731308,270
Miyazaki94,3,PSO-ABE,27,0.3829995393753052,280
Miyazaki94,3,PSO-ABE,28,0.3829995393753052,290
Miyazaki94,3,PSO-ABE,29,0.3829995393753052,300
Miyazaki94,3,PSO-ABE,30,0.3828926086425781,310
Miyazaki94,3,PSO-ABE,31,0.3828926086425781,320
Miyazaki94,3,PSO-ABE,32,0.37284907698631287,330
Miyazaki94,3,PSO-ABE,33,0.37284907698631287,340
Miyazaki94,3,PSO-ABE,34,0.37284907698631287,350
Miyazaki94,3,PSO-ABE,35,0.37284907698631287,360
Miyazaki94,3,PSO-ABE,36,0.37284907698631287,370
Miyazaki94,3,PSO-ABE,37,0.37284907698631287,380
Miyazaki94,3,PSO-ABE,38,0.37284907698631287,390
Miyazaki94,3,PSO-ABE,39,0.37284907698631287,400
Miyazaki94,3,PSO-ABE,40,0.3728407919406891,410
Miyazaki94,3,PSO-ABE,41,0.3728407919406891,420
Miyazaki94,3,PSO-ABE,42,0.3728407919406891,430
Miyazaki94,3,PSO-ABE,43,0.3728407919406891,440
Miyazaki94,3,PSO-ABE,44,0.3728407919406891,450
Miyazaki94,3,PSO-ABE,45,0.3727933168411255,460
Miyazaki94,3,PSO-ABE,46,0.3727933168411255,470
Miyazaki94,3,PSO-ABE,47,0.3727933168411255,480
Miyazaki94,3,PSO-ABE,48,0.3727933168411255,490
Miyazaki94,3,PSO-ABE,49,0.3727933168411255,500
Miyazaki94,3,PSO-ABE,50,0.3727933168411255,510
Miyazaki94,3,PSO-ABE,51,0.3727933168411255,520
Miyazaki94,3,PSO-ABE,52,0.3727933168411255,530
Miyazaki94,3,PSO-ABE,53,0.3727933168411255,540
Miyazaki94,3,PSO-ABE,54,0.3727933168411255,550
Miyazaki94,3,PSO-ABE,55,0.3727933168411255,560
Miyazaki94,3,PSO-ABE,56,0.3727933168411255,570
Miyazaki94,3,PSO-ABE,57,0.3727933168411255,580
Miyazaki94,3,PSO-ABE,58,0.3727933168411255,590
Miyazaki94,3,PSO-ABE,59,0.3727933168411255,600
Miyazaki94,3,PSO-ABE,60,0.3727933168411255,610
Miyazaki94,3,PSO-ABE,61,0.3727933168411255,620
Miyazaki94,3,PSO-ABE,62,0.3727933168411255,630
Miyazaki94,3,PSO-ABE,63,0.3727933168411255,640
Miyazaki94,3,PSO-ABE,64,0.3699786961078644,650
Miyazaki94,3,PSO-ABE,65,0.3699786961078644,660
Miyazaki94,3,PSO-ABE,66,0.3699786961078644,670
Miyazaki94,3,PSO-ABE,67,0.3699542284011841,680
Miyazaki94,3,PSO-ABE,68,0.3699542284011841,690
Miyazaki94,3,PSO-ABE,69,0.3699542284011841,700
Miyazaki94,3,PSO-ABE,70,0.3699542284011841,710
Miyazaki94,3,PSO-ABE,71,0.3699542284011841,720
Miyazaki94,3,PSO-ABE,72,0.3699319362640381,730
Miyazaki94,3,PSO-ABE,73,0.3699319362640381,740
Miyazaki94,3,PSO-ABE,74,0.3699319362640381,750
Miyazaki94,3,PSO-ABE,75,0.3699279725551605,760
Miyazaki94,3,PSO-ABE,76,0.3699279725551605,770
Miyazaki94,3,PSO-ABE,77,0.3699279725551605,780
Miyazaki94,3,PSO-ABE,78,0.3699279725551605,790
Miyazaki94,3,PSO-ABE,79,0.3699279725551605,800
Miyazaki94,3,PSO-ABE,80,0.3699279725551605,810
Miyazaki94,3,PSO-ABE,81,0.36992374062538147,820
Miyazaki94,3,PSO-ABE,82,0.36992374062538147,830
Miyazaki94,3,PSO-ABE,83,0.36992374062538147,840
Miyazaki94,3,PSO-ABE,84,0.36992374062538147,850
Miyazaki94,3,PSO-ABE,85,0.36992189288139343,860
Miyazaki94,3,PSO-ABE,86,0.36992189288139343,870
Miyazaki94,3,PSO-ABE,87,0.36992189288139343,880
Miyazaki94,3,PSO-ABE,88,0.36992189288139343,890
Miyazaki94,3,PSO-ABE,89,0.36992147564888,900
Miyazaki94,3,PSO-ABE,90,0.36992147564888,910
Miyazaki94,3,PSO-ABE,91,0.36991655826568604,920
Miyazaki94,3,PSO-ABE,92,0.3699164390563965,930
Miyazaki94,3,PSO-ABE,93,0.3699164390563965,940
Miyazaki94,3,PSO-ABE,94,0.3699164390563965,950
Miyazaki94,3,PSO-ABE,95,0.3699161112308502,960
Miyazaki94,3,PSO-ABE,96,0.36991193890571594,970
Miyazaki94,3,PSO-ABE,97,0.36991003155708313,980
Miyazaki94,3,PSO-ABE,98,0.36991003155708313,990
Miyazaki94,3,PSO-ABE,99,0.36991003155708313,1000
Miyazaki94,3,DE-ABE,0,0.5680584907531738,10
Miyazaki94,3,DE-ABE,1,0.5041707754135132,20
Miyazaki94,3,DE-ABE,2,0.5041707754135132,30
Miyazaki94,3,DE-ABE,3,0.5041707754135132,40
Miyazaki94,3,DE-ABE,4,0.4977940320968628,50
Miyazaki94,3,DE-ABE,5,0.4977940320968628,60
Miyazaki94,3,DE-ABE,6,0.49340182542800903,70
Miyazaki94,3,DE-ABE,7,0.4863188862800598,80
Miyazaki94,3,DE-ABE,8,0.4863188862800598,90
Miyazaki94,3,DE-ABE,9,0.4863188862800598,100
Miyazaki94,3,DE-ABE,10,0.4863188862800598,110
Miyazaki94,3,DE-ABE,11,0.4802621006965637,120
Miyazaki94,3,DE-ABE,12,0.4802621006965637,130
Miyazaki94,3,DE-ABE,13,0.4802621006965637,140
Miyazaki94,3,DE-ABE,14,0.4802621006965637,150
Miyazaki94,3,DE-ABE,15,0.4798354506492615,160
Miyazaki94,3,DE-ABE,16,0.461885929107666,170
Miyazaki94,3,DE-ABE,17,0.461885929107666,180
Miyazaki94,3,DE-ABE,18,0.461885929107666,190
Miyazaki94,3,DE-ABE,19,0.45422983169555664,200
Miyazaki94,3,DE-ABE,20,0.45422983169555664,210
Miyazaki94,3,DE-ABE,21,0.45422983169555664,220
Miyazaki94,3,DE-ABE,22,0.45422983169555664,230
Miyazaki94,3,DE-ABE,23,0.45422983169555664,240
Miyazaki94,3,DE-ABE,24,0.45409712195396423,250
Miyazaki94,3,DE-ABE,25,0.4413343369960785,260
Miyazaki94,3,DE-ABE,26,0.4413343369960785,270
Miyazaki94,3,DE-ABE,27,0.4413343369960785,280
Miyazaki94,3,DE-ABE,28,0.4413343369960785,290
Miyazaki94,3,DE-ABE,29,0.4413343369960785,300
Miyazaki94,3,DE-ABE,30,0.4413343369960785,310
Miyazaki94,3,DE-ABE,31,0.43911513686180115,320
Miyazaki94,3,DE-ABE,32,0.43911513686180115,330
Miyazaki94,3,DE-ABE,33,0.43911513686180115,340
Miyazaki94,3,DE-ABE,34,0.43911513686180115,350
Miyazaki94,3,DE-ABE,35,0.4379025399684906,360
Miyazaki94,3,DE-ABE,36,0.4379025399684906,370
Miyazaki94,3,DE-ABE,37,0.4379025399684906,380
Miyazaki94,3,DE-ABE,38,0.4379025399684906,390
Miyazaki94,3,DE-ABE,39,0.4379025399684906,400
Miyazaki94,3,DE-ABE,40,0.4379025399684906,410
Miyazaki94,3,DE-ABE,41,0.4362122416496277,420
Miyazaki94,3,DE-ABE,42,0.42850974202156067,430
Miyazaki94,3,DE-ABE,43,0.42850974202156067,440
Miyazaki94,3,DE-ABE,44,0.42850974202156067,450
Miyazaki94,3,DE-ABE,45,0.42850974202156067,460
Miyazaki94,3,DE-ABE,46,0.42850974202156067,470
Miyazaki94,3,DE-ABE,47,0.42786461114883423,480
Miyazaki94,3,DE-ABE,48,0.42786461114883423,490
Miyazaki94,3,DE-ABE,49,0.42786461114883423,500
Miyazaki94,3,DE-ABE,50,0.42786461114883423,510
Miyazaki94,3,DE-ABE,51,0.42786461114883423,520
Miyazaki94,3,DE-ABE,52,0.42779988050460815,530
Miyazaki94,3,DE-ABE,53,0.42779988050460815,540
Miyazaki94,3,DE-ABE,54,0.4264148771762848,550
Miyazaki94,3,DE-ABE,55,0.41864919662475586,560
Miyazaki94,3,DE-ABE,56,0.41864919662475586,570
Miyazaki94,3,DE-ABE,57,0.41864919662475586,580
Miyazaki94,3,DE-ABE,58,0.4134005904197693,590
Miyazaki94,3,DE-ABE,59,0.4134005904197693,600
Miyazaki94,3,DE-ABE,60,0.4134005904197693,610
Miyazaki94,3,DE-ABE,61,0.4134005904197693,620
Miyazaki94,3,DE-ABE,62,0.4133877456188202,630
Miyazaki94,3,DE-ABE,63,0.4133877456188202,640
Miyazaki94,3,DE-ABE,64,0.4133877456188202,650
Miyazaki94,3,DE-ABE,65,0.4133877456188202,660
Miyazaki94,3,DE-ABE,66,0.4133632481098175,670
Miyazaki94,3,DE-ABE,67,0.4133623242378235,680
Miyazaki94,3,DE-ABE,68,0.41336169838905334,690
Miyazaki94,3,DE-ABE,69,0.4133453369140625,700
Miyazaki94,3,DE-ABE,70,0.4133453369140625,710
Miyazaki94,3,DE-ABE,71,0.4133453369140625,720
Miyazaki94,3,DE-ABE,72,0.4133453369140625,730
Miyazaki94,3,DE-ABE,73,0.4133419990539551,740
Miyazaki94,3,DE-ABE,74,0.4133419990539551,750
Miyazaki94,3,DE-ABE,75,0.4133419990539551,760
Miyazaki94,3,DE-ABE,76,0.4133419990539551,770
Miyazaki94,3,DE-ABE,77,0.41333895921707153,780
Miyazaki94,3,DE-ABE,78,0.41333749890327454,790
Miyazaki94,3,DE-ABE,79,0.4133358895778656,800
Miyazaki94,3,DE-ABE,80,0.4133358895778656,810
Miyazaki94,3,DE-ABE,81,0.41333553194999695,820
Miyazaki94,3,DE-ABE,82,0.41333553194999695,830
Miyazaki94,3,DE-ABE,83,0.41333532333374023,840
Miyazaki94,3,DE-ABE,84,0.41333237290382385,850
Miyazaki94,3,DE-ABE,85,0.41333237290382385,860
Miyazaki94,3,DE-ABE,86,0.41333237290382385,870
Miyazaki94,3,DE-ABE,87,0.4133321940898895,880
Miyazaki94,3,DE-ABE,88,0.4133321940898895,890
Miyazaki94,3,DE-ABE,89,0.4133315086364746,900
Miyazaki94,3,DE-ABE,90,0.41333064436912537,910
Miyazaki94,3,DE-ABE,91,0.41333043575286865,920
Miyazaki94,3,DE-ABE,92,0.41333043575286865,930
Miyazaki94,3,DE-ABE,93,0.413329541683197,940
Miyazaki94,3,DE-ABE,94,0.413329541683197,950
Miyazaki94,3,DE-ABE,95,0.4133293330669403,960
Miyazaki94,3,DE-ABE,96,0.4133293330669403,970
Miyazaki94,3,DE-ABE,97,0.4133293330669403,980
Miyazaki94,3,DE-ABE,98,0.4133293330669403,990
Miyazaki94,3,DE-ABE,99,0.4133293330669403,1000
Miyazaki94,3,GWO-ABE,0,0.4495515525341034,10
Miyazaki94,3,GWO-ABE,1,0.44927525520324707,20
Miyazaki94,3,GWO-ABE,2,0.479356974363327,30
Miyazaki94,3,GWO-ABE,3,0.4799191355705261,40
Miyazaki94,3,GWO-ABE,4,0.4326121211051941,50
Miyazaki94,3,GWO-ABE,5,0.4227235019207001,60
Miyazaki94,3,GWO-ABE,6,0.43522074818611145,70
Miyazaki94,3,GWO-ABE,7,0.39187583327293396,80
Miyazaki94,3,GWO-ABE,8,0.39191415905952454,90
Miyazaki94,3,GWO-ABE,9,0.415117472410202,100
Miyazaki94,3,GWO-ABE,10,0.39853376150131226,110
Miyazaki94,3,GWO-ABE,11,0.4168550372123718,120
Miyazaki94,3,GWO-ABE,12,0.4188896417617798,130
Miyazaki94,3,GWO-ABE,13,0.4009343981742859,140
Miyazaki94,3,GWO-ABE,14,0.40087035298347473,150
Miyazaki94,3,GWO-ABE,15,0.398531049489975,160
Miyazaki94,3,GWO-ABE,16,0.3967982828617096,170
Miyazaki94,3,GWO-ABE,17,0.40109047293663025,180
Miyazaki94,3,GWO-ABE,18,0.40644726157188416,190
Miyazaki94,3,GWO-ABE,19,0.39647600054740906,200
Miyazaki94,3,GWO-ABE,20,0.4016355574131012,210
Miyazaki94,3,GWO-ABE,21,0.38896816968917847,220
Miyazaki94,3,GWO-ABE,22,0.39210909605026245,230
Miyazaki94,3,GWO-ABE,23,0.386581689119339,240
Miyazaki94,3,GWO-ABE,24,0.39122965931892395,250
Miyazaki94,3,GWO-ABE,25,0.3986465036869049,260
Miyazaki94,3,GWO-ABE,26,0.4073876738548279,270
Miyazaki94,3,GWO-ABE,27,0.3958198130130768,280
Miyazaki94,3,GWO-ABE,28,0.38506269454956055,290
Miyazaki94,3,GWO-ABE,29,0.39715710282325745,300
Miyazaki94,3,GWO-ABE,30,0.39838993549346924,310
Miyazaki94,3,GWO-ABE,31,0.3930261433124542,320
Miyazaki94,3,GWO-ABE,32,0.38946178555488586,330
Miyazaki94,3,GWO-ABE,33,0.38718870282173157,340
Miyazaki94,3,GWO-ABE,34,0.3896104693412781,350
Miyazaki94,3,GWO-ABE,35,0.38133957982063293,360
Miyazaki94,3,GWO-ABE,36,0.38213104009628296,370
Miyazaki94,3,GWO-ABE,37,0.39896610379219055,380
Miyazaki94,3,GWO-ABE,38,0.388339102268219,390
Miyazaki94,3,GWO-ABE,39,0.38923561573028564,400
Miyazaki94,3,GWO-ABE,40,0.384976327419281,410
Miyazaki94,3,GWO-ABE,41,0.3971894681453705,420
Miyazaki94,3,GWO-ABE,42,0.3826558291912079,430
Miyazaki94,3,GWO-ABE,43,0.3902446925640106,440
Miyazaki94,3,GWO-ABE,44,0.3866461217403412,450
Miyazaki94,3,GWO-ABE,45,0.3880559206008911,460
Miyazaki94,3,GWO-ABE,46,0.3798215985298157,470
Miyazaki94,3,GWO-ABE,47,0.3882215619087219,480
Miyazaki94,3,GWO-ABE,48,0.38610413670539856,490
Miyazaki94,3,GWO-ABE,49,0.3816642165184021,500
Miyazaki94,3,GWO-ABE,50,0.3870449364185333,510
Miyazaki94,3,GWO-ABE,51,0.38707903027534485,520
Miyazaki94,3,GWO-ABE,52,0.39052480459213257,530
Miyazaki94,3,GWO-ABE,53,0.3874775171279907,540
Miyazaki94,3,GWO-ABE,54,0.38865482807159424,550
Miyazaki94,3,GWO-ABE,55,0.39411890506744385,560
Miyazaki94,3,GWO-ABE,56,0.3811207115650177,570
Miyazaki94,3,GWO-ABE,57,0.37607526779174805,580
Miyazaki94,3,GWO-ABE,58,0.3898966610431671,590
Miyazaki94,3,GWO-ABE,59,0.3886599838733673,600
Miyazaki94,3,GWO-ABE,60,0.3908481001853943,610
Miyazaki94,3,GWO-ABE,61,0.38334256410598755,620
Miyazaki94,3,GWO-ABE,62,0.37951889634132385,630
Miyazaki94,3,GWO-ABE,63,0.38529741764068604,640
Miyazaki94,3,GWO-ABE,64,0.388839453458786,650
Miyazaki94,3,GWO-ABE,65,0.3872649073600769,660
Miyazaki94,3,GWO-ABE,66,0.3881760835647583,670
Miyazaki94,3,GWO-ABE,67,0.38944369554519653,680
Miyazaki94,3,GWO-ABE,68,0.3876936137676239,690
Miyazaki94,3,GWO-ABE,69,0.3842252790927887,700
Miyazaki94,3,GWO-ABE,70,0.3864026665687561,710
Miyazaki94,3,GWO-ABE,71,0.38278916478157043,720
Miyazaki94,3,GWO-ABE,72,0.3904026448726654,730
Miyazaki94,3,GWO-ABE,73,0.382979154586792,740
Miyazaki94,3,GWO-ABE,74,0.38546061515808105,750
Miyazaki94,3,GWO-ABE,75,0.3855894207954407,760
Miyazaki94,3,GWO-ABE,76,0.382904976606369,770
Miyazaki94,3,GWO-ABE,77,0.3870178461074829,780
Miyazaki94,3,GWO-ABE,78,0.38135048747062683,790
Miyazaki94,3,GWO-ABE,79,0.3828733563423157,800
Miyazaki94,3,GWO-ABE,80,0.38090404868125916,810
Miyazaki94,3,GWO-ABE,81,0.3811407685279846,820
Miyazaki94,3,GWO-ABE,82,0.3846758306026459,830
Miyazaki94,3,GWO-ABE,83,0.38145074248313904,840
Miyazaki94,3,GWO-ABE,84,0.38118597865104675,850
Miyazaki94,3,GWO-ABE,85,0.382970929145813,860
Miyazaki94,3,GWO-ABE,86,0.38272422552108765,870
Miyazaki94,3,GWO-ABE,87,0.3810918927192688,880
Miyazaki94,3,GWO-ABE,88,0.38096481561660767,890
Miyazaki94,3,GWO-ABE,89,0.38087570667266846,900
Miyazaki94,3,GWO-ABE,90,0.3809121549129486,910
Miyazaki94,3,GWO-ABE,91,0.3809463083744049,920
Miyazaki94,3,GWO-ABE,92,0.3810659945011139,930
Miyazaki94,3,GWO-ABE,93,0.3811762034893036,940
Miyazaki94,3,GWO-ABE,94,0.3804094195365906,950
Miyazaki94,3,GWO-ABE,95,0.38030877709388733,960
Miyazaki94,3,GWO-ABE,96,0.3800346851348877,970
Miyazaki94,3,GWO-ABE,97,0.3800026774406433,980
Miyazaki94,3,GWO-ABE,98,0.37999972701072693,990
Miyazaki94,3,GWO-ABE,99,0.37998801469802856,1000
Miyazaki94,3,WOA-ABE,0,0.4825054407119751,10
Miyazaki94,3,WOA-ABE,1,0.4536067247390747,20
Miyazaki94,3,WOA-ABE,2,0.4250463545322418,30
Miyazaki94,3,WOA-ABE,3,0.41075223684310913,40
Miyazaki94,3,WOA-ABE,4,0.39339736104011536,50
Miyazaki94,3,WOA-ABE,5,0.39339736104011536,60
Miyazaki94,3,WOA-ABE,6,0.39135849475860596,70
Miyazaki94,3,WOA-ABE,7,0.38000279664993286,80
Miyazaki94,3,WOA-ABE,8,0.38000279664993286,90
Miyazaki94,3,WOA-ABE,9,0.367588073015213,100
Miyazaki94,3,WOA-ABE,10,0.367588073015213,110
Miyazaki94,3,WOA-ABE,11,0.367588073015213,120
Miyazaki94,3,WOA-ABE,12,0.3675020933151245,130
Miyazaki94,3,WOA-ABE,13,0.3675020933151245,140
Miyazaki94,3,WOA-ABE,14,0.36749324202537537,150
Miyazaki94,3,WOA-ABE,15,0.36749252676963806,160
Miyazaki94,3,WOA-ABE,16,0.3674347996711731,170
Miyazaki94,3,WOA-ABE,17,0.36741122603416443,180
Miyazaki94,3,WOA-ABE,18,0.36741122603416443,190
Miyazaki94,3,WOA-ABE,19,0.3673864006996155,200
Miyazaki94,3,WOA-ABE,20,0.3673296570777893,210
Miyazaki94,3,WOA-ABE,21,0.36459797620773315,220
Miyazaki94,3,WOA-ABE,22,0.36459797620773315,230
Miyazaki94,3,WOA-ABE,23,0.36459797620773315,240
Miyazaki94,3,WOA-ABE,24,0.36459797620773315,250
Miyazaki94,3,WOA-ABE,25,0.3645884394645691,260
Miyazaki94,3,WOA-ABE,26,0.3645884394645691,270
Miyazaki94,3,WOA-ABE,27,0.3645884394645691,280
Miyazaki94,3,WOA-ABE,28,0.3645884394645691,290
Miyazaki94,3,WOA-ABE,29,0.3645741641521454,300
Miyazaki94,3,WOA-ABE,30,0.3645741641521454,310
Miyazaki94,3,WOA-ABE,31,0.3645741641521454,320
Miyazaki94,3,WOA-ABE,32,0.3645741641521454,330
Miyazaki94,3,WOA-ABE,33,0.3645741641521454,340
Miyazaki94,3,WOA-ABE,34,0.3645741641521454,350
Miyazaki94,3,WOA-ABE,35,0.3645741641521454,360
Miyazaki94,3,WOA-ABE,36,0.3645741641521454,370
Miyazaki94,3,WOA-ABE,37,0.3645741641521454,380
Miyazaki94,3,WOA-ABE,38,0.3645741641521454,390
Miyazaki94,3,WOA-ABE,39,0.3645741641521454,400
Miyazaki94,3,WOA-ABE,40,0.3645741641521454,410
Miyazaki94,3,WOA-ABE,41,0.3645738363265991,420
Miyazaki94,3,WOA-ABE,42,0.3645738363265991,430
Miyazaki94,3,WOA-ABE,43,0.3645738363265991,440
Miyazaki94,3,WOA-ABE,44,0.3645738363265991,450
Miyazaki94,3,WOA-ABE,45,0.3645738363265991,460
Miyazaki94,3,WOA-ABE,46,0.3645738363265991,470
Miyazaki94,3,WOA-ABE,47,0.3645738363265991,480
Miyazaki94,3,WOA-ABE,48,0.3645738363265991,490
Miyazaki94,3,WOA-ABE,49,0.3645738363265991,500
Miyazaki94,3,WOA-ABE,50,0.3645738363265991,510
Miyazaki94,3,WOA-ABE,51,0.3645738363265991,520
Miyazaki94,3,WOA-ABE,52,0.3645738363265991,530
Miyazaki94,3,WOA-ABE,53,0.3645738363265991,540
Miyazaki94,3,WOA-ABE,54,0.3645738363265991,550
Miyazaki94,3,WOA-ABE,55,0.3645738363265991,560
Miyazaki94,3,WOA-ABE,56,0.3645738363265991,570
Miyazaki94,3,WOA-ABE,57,0.3645738363265991,580
Miyazaki94,3,WOA-ABE,58,0.3645738363265991,590
Miyazaki94,3,WOA-ABE,59,0.3645738363265991,600
Miyazaki94,3,WOA-ABE,60,0.3645738363265991,610
Miyazaki94,3,WOA-ABE,61,0.3645738363265991,620
Miyazaki94,3,WOA-ABE,62,0.3645738363265991,630
Miyazaki94,3,WOA-ABE,63,0.3645738363265991,640
Miyazaki94,3,WOA-ABE,64,0.3645738363265991,650
Miyazaki94,3,WOA-ABE,65,0.3645724952220917,660
Miyazaki94,3,WOA-ABE,66,0.3645724952220917,670
Miyazaki94,3,WOA-ABE,67,0.3645724952220917,680
Miyazaki94,3,WOA-ABE,68,0.3645724952220917,690
Miyazaki94,3,WOA-ABE,69,0.3645724952220917,700
Miyazaki94,3,WOA-ABE,70,0.36457234621047974,710
Miyazaki94,3,WOA-ABE,71,0.36457234621047974,720
Miyazaki94,3,WOA-ABE,72,0.36457234621047974,730
Miyazaki94,3,WOA-ABE,73,0.3645581603050232,740
Miyazaki94,3,WOA-ABE,74,0.3645581603050232,750
Miyazaki94,3,WOA-ABE,75,0.3645506501197815,760
Miyazaki94,3,WOA-ABE,76,0.3645499348640442,770
Miyazaki94,3,WOA-ABE,77,0.3645499348640442,780
Miyazaki94,3,WOA-ABE,78,0.3645499348640442,790
Miyazaki94,3,WOA-ABE,79,0.3645499348640442,800
Miyazaki94,3,WOA-ABE,80,0.3645499348640442,810
Miyazaki94,3,WOA-ABE,81,0.3645499348640442,820
Miyazaki94,3,WOA-ABE,82,0.36451035737991333,830
Miyazaki94,3,WOA-ABE,83,0.36451035737991333,840
Miyazaki94,3,WOA-ABE,84,0.3644941449165344,850
Miyazaki94,3,WOA-ABE,85,0.3644924461841583,860
Miyazaki94,3,WOA-ABE,86,0.36448395252227783,870
Miyazaki94,3,WOA-ABE,87,0.36448395252227783,880
Miyazaki94,3,WOA-ABE,88,0.36448395252227783,890
Miyazaki94,3,WOA-ABE,89,0.3644823431968689,900
Miyazaki94,3,WOA-ABE,90,0.3644823431968689,910
Miyazaki94,3,WOA-ABE,91,0.3644823431968689,920
Miyazaki94,3,WOA-ABE,92,0.364475280046463,930
Miyazaki94,3,WOA-ABE,93,0.364475280046463,940
Miyazaki94,3,WOA-ABE,94,0.364475280046463,950
Miyazaki94,3,WOA-ABE,95,0.36446714401245117,960
Miyazaki94,3,WOA-ABE,96,0.3644525706768036,970
Miyazaki94,3,WOA-ABE,97,0.36444994807243347,980
Miyazaki94,3,WOA-ABE,98,0.36444994807243347,990
Miyazaki94,3,WOA-ABE,99,0.36444994807243347,1000
Miyazaki94,3,FAABE,0,0.5448611974716187,10
Miyazaki94,3,FAABE,1,0.4806576669216156,20
Miyazaki94,3,FAABE,2,0.4806576669216156,30
Miyazaki94,3,FAABE,3,0.41519680619239807,40
Miyazaki94,3,FAABE,4,0.41519680619239807,50
Miyazaki94,3,FAABE,5,0.39362770318984985,60
Miyazaki94,3,FAABE,6,0.3853174149990082,70
Miyazaki94,3,FAABE,7,0.3853174149990082,80
Miyazaki94,3,FAABE,8,0.3853174149990082,90
Miyazaki94,3,FAABE,9,0.3853174149990082,100
Miyazaki94,3,FAABE,10,0.3853174149990082,110
Miyazaki94,3,FAABE,11,0.3853174149990082,120
Miyazaki94,3,FAABE,12,0.3853174149990082,130
Miyazaki94,3,FAABE,13,0.3853174149990082,140
Miyazaki94,3,FAABE,14,0.3853174149990082,150
Miyazaki94,3,FAABE,15,0.3853174149990082,160
Miyazaki94,3,FAABE,16,0.3853174149990082,170
Miyazaki94,3,FAABE,17,0.3853174149990082,180
Miyazaki94,3,FAABE,18,0.3853174149990082,190
Miyazaki94,3,FAABE,19,0.3853174149990082,200
Miyazaki94,3,FAABE,20,0.3853174149990082,210
Miyazaki94,3,FAABE,21,0.3853174149990082,220
Miyazaki94,3,FAABE,22,0.3853174149990082,230
Miyazaki94,3,FAABE,23,0.3853174149990082,240
Miyazaki94,3,FAABE,24,0.3853174149990082,250
Miyazaki94,3,FAABE,25,0.3853174149990082,260
Miyazaki94,3,FAABE,26,0.3853174149990082,270
Miyazaki94,3,FAABE,27,0.3853174149990082,280
Miyazaki94,3,FAABE,28,0.3853174149990082,290
Miyazaki94,3,FAABE,29,0.3853174149990082,300
Miyazaki94,3,FAABE,30,0.3853174149990082,310
Miyazaki94,3,FAABE,31,0.3853174149990082,320
Miyazaki94,3,FAABE,32,0.3853174149990082,330
Miyazaki94,3,FAABE,33,0.3853174149990082,340
Miyazaki94,3,FAABE,34,0.3791261613368988,350
Miyazaki94,3,FAABE,35,0.37649989128112793,360
Miyazaki94,3,FAABE,36,0.37649989128112793,370
Miyazaki94,3,FAABE,37,0.37649989128112793,380
Miyazaki94,3,FAABE,38,0.37649989128112793,390
Miyazaki94,3,FAABE,39,0.37649989128112793,400
Miyazaki94,3,FAABE,40,0.37649989128112793,410
Miyazaki94,3,FAABE,41,0.37649989128112793,420
Miyazaki94,3,FAABE,42,0.35640662908554077,430
Miyazaki94,3,FAABE,43,0.35640662908554077,440
Miyazaki94,3,FAABE,44,0.35640662908554077,450
Miyazaki94,3,FAABE,45,0.35640662908554077,460
Miyazaki94,3,FAABE,46,0.35640662908554077,470
Miyazaki94,3,FAABE,47,0.35640662908554077,480
Miyazaki94,3,FAABE,48,0.35640662908554077,490
Miyazaki94,3,FAABE,49,0.35640662908554077,500
Miyazaki94,3,FAABE,50,0.35640662908554077,510
Miyazaki94,3,FAABE,51,0.35640662908554077,520
Miyazaki94,3,FAABE,52,0.35640662908554077,530
Miyazaki94,3,FAABE,53,0.35640662908554077,540
Miyazaki94,3,FAABE,54,0.35640662908554077,550
Miyazaki94,3,FAABE,55,0.35640662908554077,560
Miyazaki94,3,FAABE,56,0.35640662908554077,570
Miyazaki94,3,FAABE,57,0.35640662908554077,580
Miyazaki94,3,FAABE,58,0.35640662908554077,590
Miyazaki94,3,FAABE,59,0.35640662908554077,600
Miyazaki94,3,FAABE,60,0.35640662908554077,610
Miyazaki94,3,FAABE,61,0.35640662908554077,620
Miyazaki94,3,FAABE,62,0.35640662908554077,630
Miyazaki94,3,FAABE,63,0.35640662908554077,640
Miyazaki94,3,FAABE,64,0.35640662908554077,650
Miyazaki94,3,FAABE,65,0.35640662908554077,660
Miyazaki94,3,FAABE,66,0.35640662908554077,670
Miyazaki94,3,FAABE,67,0.35640662908554077,680
Miyazaki94,3,FAABE,68,0.35640662908554077,690
Miyazaki94,3,FAABE,69,0.35640662908554077,700
Miyazaki94,3,FAABE,70,0.35640662908554077,710
Miyazaki94,3,FAABE,71,0.35640662908554077,720
Miyazaki94,3,FAABE,72,0.35640662908554077,730
Miyazaki94,3,FAABE,73,0.35640662908554077,740
Miyazaki94,3,FAABE,74,0.35640662908554077,750
Miyazaki94,3,FAABE,75,0.35640662908554077,760
Miyazaki94,3,FAABE,76,0.35640662908554077,770
Miyazaki94,3,FAABE,77,0.35640662908554077,780
Miyazaki94,3,FAABE,78,0.35640662908554077,790
Miyazaki94,3,FAABE,79,0.35640662908554077,800
Miyazaki94,3,FAABE,80,0.35640662908554077,810
Miyazaki94,3,FAABE,81,0.35640662908554077,820
Miyazaki94,3,FAABE,82,0.35640662908554077,830
Miyazaki94,3,FAABE,83,0.35640662908554077,840
Miyazaki94,3,FAABE,84,0.35640662908554077,850
Miyazaki94,3,FAABE,85,0.35640662908554077,860
Miyazaki94,3,FAABE,86,0.35640662908554077,870
Miyazaki94,3,FAABE,87,0.35640662908554077,880
Miyazaki94,3,FAABE,88,0.35640662908554077,890
Miyazaki94,3,FAABE,89,0.35640662908554077,900
Miyazaki94,3,FAABE,90,0.35640662908554077,910
Miyazaki94,3,FAABE,91,0.35640662908554077,920
Miyazaki94,3,FAABE,92,0.35640662908554077,930
Miyazaki94,3,FAABE,93,0.35640662908554077,940
Miyazaki94,3,FAABE,94,0.35640662908554077,950
Miyazaki94,3,FAABE,95,0.35640662908554077,960
Miyazaki94,3,FAABE,96,0.35640662908554077,970
Miyazaki94,3,FAABE,97,0.35640662908554077,980
Miyazaki94,3,FAABE,98,0.35640662908554077,990
Miyazaki94,3,FAABE,99,0.35640662908554077,1000
Miyazaki94,4,GA-ABE,0,0.42317864298820496,10
Miyazaki94,4,GA-ABE,1,0.42292749881744385,20
Miyazaki94,4,GA-ABE,2,0.42292749881744385,30
Miyazaki94,4,GA-ABE,3,0.39139410853385925,40
Miyazaki94,4,GA-ABE,4,0.3785059154033661,50
Miyazaki94,4,GA-ABE,5,0.3742944002151489,60
Miyazaki94,4,GA-ABE,6,0.3702789843082428,70
Miyazaki94,4,GA-ABE,7,0.3702789843082428,80
Miyazaki94,4,GA-ABE,8,0.36716946959495544,90
Miyazaki94,4,GA-ABE,9,0.36716946959495544,100
Miyazaki94,4,GA-ABE,10,0.36708202958106995,110
Miyazaki94,4,GA-ABE,11,0.36708202958106995,120
Miyazaki94,4,GA-ABE,12,0.36708202958106995,130
Miyazaki94,4,GA-ABE,13,0.36497360467910767,140
Miyazaki94,4,GA-ABE,14,0.36497360467910767,150
Miyazaki94,4,GA-ABE,15,0.36497360467910767,160
Miyazaki94,4,GA-ABE,16,0.3636000454425812,170
Miyazaki94,4,GA-ABE,17,0.3635411560535431,180
Miyazaki94,4,GA-ABE,18,0.3635411560535431,190
Miyazaki94,4,GA-ABE,19,0.35396429896354675,200
Miyazaki94,4,GA-ABE,20,0.35396429896354675,210
Miyazaki94,4,GA-ABE,21,0.35396429896354675,220
Miyazaki94,4,GA-ABE,22,0.35028591752052307,230
Miyazaki94,4,GA-ABE,23,0.35028591752052307,240
Miyazaki94,4,GA-ABE,24,0.3486357629299164,250
Miyazaki94,4,GA-ABE,25,0.3486357629299164,260
Miyazaki94,4,GA-ABE,26,0.34832334518432617,270
Miyazaki94,4,GA-ABE,27,0.3473464548587799,280
Miyazaki94,4,GA-ABE,28,0.3473464548587799,290
Miyazaki94,4,GA-ABE,29,0.3401147127151489,300
Miyazaki94,4,GA-ABE,30,0.3401147127151489,310
Miyazaki94,4,GA-ABE,31,0.33509138226509094,320
Miyazaki94,4,GA-ABE,32,0.33509138226509094,330
Miyazaki94,4,GA-ABE,33,0.33509138226509094,340
Miyazaki94,4,GA-ABE,34,0.33509138226509094,350
Miyazaki94,4,GA-ABE,35,0.33509138226509094,360
Miyazaki94,4,GA-ABE,36,0.33241838216781616,370
Miyazaki94,4,GA-ABE,37,0.32815563678741455,380
Miyazaki94,4,GA-ABE,38,0.3281545042991638,390
Miyazaki94,4,GA-ABE,39,0.3281516134738922,400
Miyazaki94,4,GA-ABE,40,0.3281516134738922,410
Miyazaki94,4,GA-ABE,41,0.3281516134738922,420
Miyazaki94,4,GA-ABE,42,0.3281516134738922,430
Miyazaki94,4,GA-ABE,43,0.3281516134738922,440
Miyazaki94,4,GA-ABE,44,0.3281516134738922,450
Miyazaki94,4,GA-ABE,45,0.3281516134738922,460
Miyazaki94,4,GA-ABE,46,0.3281516134738922,470
Miyazaki94,4,GA-ABE,47,0.32814672589302063,480
Miyazaki94,4,GA-ABE,48,0.3281465470790863,490
Miyazaki94,4,GA-ABE,49,0.3281465470790863,500
Miyazaki94,4,GA-ABE,50,0.32814645767211914,510
Miyazaki94,4,GA-ABE,51,0.32814645767211914,520
Miyazaki94,4,GA-ABE,52,0.32814645767211914,530
Miyazaki94,4,GA-ABE,53,0.32814645767211914,540
Miyazaki94,4,GA-ABE,54,0.32814645767211914,550
Miyazaki94,4,GA-ABE,55,0.32814645767211914,560
Miyazaki94,4,GA-ABE,56,0.32814645767211914,570
Miyazaki94,4,GA-ABE,57,0.3281099498271942,580
Miyazaki94,4,GA-ABE,58,0.3281099498271942,590
Miyazaki94,4,GA-ABE,59,0.32810553908348083,600
Miyazaki94,4,GA-ABE,60,0.32810553908348083,610
Miyazaki94,4,GA-ABE,61,0.32810553908348083,620
Miyazaki94,4,GA-ABE,62,0.32810553908348083,630
Miyazaki94,4,GA-ABE,63,0.32810553908348083,640
Miyazaki94,4,GA-ABE,64,0.32810553908348083,650
Miyazaki94,4,GA-ABE,65,0.32810553908348083,660
Miyazaki94,4,GA-ABE,66,0.32810553908348083,670
Miyazaki94,4,GA-ABE,67,0.32810553908348083,680
Miyazaki94,4,GA-ABE,68,0.32810553908348083,690
Miyazaki94,4,GA-ABE,69,0.32810553908348083,700
Miyazaki94,4,GA-ABE,70,0.3271918296813965,710
Miyazaki94,4,GA-ABE,71,0.32716086506843567,720
Miyazaki94,4,GA-ABE,72,0.32716086506843567,730
Miyazaki94,4,GA-ABE,73,0.32716086506843567,740
Miyazaki94,4,GA-ABE,74,0.32716086506843567,750
Miyazaki94,4,GA-ABE,75,0.32716086506843567,760
Miyazaki94,4,GA-ABE,76,0.32716086506843567,770
Miyazaki94,4,GA-ABE,77,0.32716086506843567,780
Miyazaki94,4,GA-ABE,78,0.3271426260471344,790
Miyazaki94,4,GA-ABE,79,0.3271295726299286,800
Miyazaki94,4,GA-ABE,80,0.3271295726299286,810
Miyazaki94,4,GA-ABE,81,0.3271295726299286,820
Miyazaki94,4,GA-ABE,82,0.3271295726299286,830
Miyazaki94,4,GA-ABE,83,0.3271295726299286,840
Miyazaki94,4,GA-ABE,84,0.3271295726299286,850
Miyazaki94,4,GA-ABE,85,0.3271295726299286,860
Miyazaki94,4,GA-ABE,86,0.3271295726299286,870
Miyazaki94,4,GA-ABE,87,0.3271295726299286,880
Miyazaki94,4,GA-ABE,88,0.3271295726299286,890
Miyazaki94,4,GA-ABE,89,0.3271295726299286,900
Miyazaki94,4,GA-ABE,90,0.3271295726299286,910
Miyazaki94,4,GA-ABE,91,0.3271295726299286,920
Miyazaki94,4,GA-ABE,92,0.3271295726299286,930
Miyazaki94,4,GA-ABE,93,0.3271295726299286,940
Miyazaki94,4,GA-ABE,94,0.3271295726299286,950
Miyazaki94,4,GA-ABE,95,0.327127069234848,960
Miyazaki94,4,GA-ABE,96,0.327127069234848,970
Miyazaki94,4,GA-ABE,97,0.32712700963020325,980
Miyazaki94,4,GA-ABE,98,0.32712700963020325,990
Miyazaki94,4,GA-ABE,99,0.32712700963020325,1000
Miyazaki94,4,PSO-ABE,0,0.4538070857524872,10
Miyazaki94,4,PSO-ABE,1,0.43224143981933594,20
Miyazaki94,4,PSO-ABE,2,0.4070441722869873,30
Miyazaki94,4,PSO-ABE,3,0.36343711614608765,40
Miyazaki94,4,PSO-ABE,4,0.36343711614608765,50
Miyazaki94,4,PSO-ABE,5,0.36343711614608765,60
Miyazaki94,4,PSO-ABE,6,0.36343711614608765,70
Miyazaki94,4,PSO-ABE,7,0.36343711614608765,80
Miyazaki94,4,PSO-ABE,8,0.36343711614608765,90
Miyazaki94,4,PSO-ABE,9,0.3597599267959595,100
Miyazaki94,4,PSO-ABE,10,0.3597599267959595,110
Miyazaki94,4,PSO-ABE,11,0.3597599267959595,120
Miyazaki94,4,PSO-ABE,12,0.3597599267959595,130
Miyazaki94,4,PSO-ABE,13,0.3593851923942566,140
Miyazaki94,4,PSO-ABE,14,0.3593851923942566,150
Miyazaki94,4,PSO-ABE,15,0.3593851923942566,160
Miyazaki94,4,PSO-ABE,16,0.3593851923942566,170
Miyazaki94,4,PSO-ABE,17,0.3593851923942566,180
Miyazaki94,4,PSO-ABE,18,0.35781458020210266,190
Miyazaki94,4,PSO-ABE,19,0.35781458020210266,200
Miyazaki94,4,PSO-ABE,20,0.35781458020210266,210
Miyazaki94,4,PSO-ABE,21,0.35781458020210266,220
Miyazaki94,4,PSO-ABE,22,0.3578139543533325,230
Miyazaki94,4,PSO-ABE,23,0.3578139543533325,240
Miyazaki94,4,PSO-ABE,24,0.3578139543533325,250
Miyazaki94,4,PSO-ABE,25,0.3578139543533325,260
Miyazaki94,4,PSO-ABE,26,0.3577902019023895,270
Miyazaki94,4,PSO-ABE,27,0.3577902019023895,280
Miyazaki94,4,PSO-ABE,28,0.35777533054351807,290
Miyazaki94,4,PSO-ABE,29,0.357678085565567,300
Miyazaki94,4,PSO-ABE,30,0.3576160669326782,310
Miyazaki94,4,PSO-ABE,31,0.3576123118400574,320
Miyazaki94,4,PSO-ABE,32,0.3576057553291321,330
Miyazaki94,4,PSO-ABE,33,0.3576057553291321,340
Miyazaki94,4,PSO-ABE,34,0.35755354166030884,350
Miyazaki94,4,PSO-ABE,35,0.35686254501342773,360
Miyazaki94,4,PSO-ABE,36,0.35686254501342773,370
Miyazaki94,4,PSO-ABE,37,0.35686254501342773,380
Miyazaki94,4,PSO-ABE,38,0.35686254501342773,390
Miyazaki94,4,PSO-ABE,39,0.3568284809589386,400
Miyazaki94,4,PSO-ABE,40,0.3568284809589386,410
Miyazaki94,4,PSO-ABE,41,0.3568284809589386,420
Miyazaki94,4,PSO-ABE,42,0.3568284809589386,430
Miyazaki94,4,PSO-ABE,43,0.3568284809589386,440
Miyazaki94,4,PSO-ABE,44,0.3568163216114044,450
Miyazaki94,4,PSO-ABE,45,0.3568163216114044,460
Miyazaki94,4,PSO-ABE,46,0.3568163216114044,470
Miyazaki94,4,PSO-ABE,47,0.3568163216114044,480
Miyazaki94,4,PSO-ABE,48,0.356807142496109,490
Miyazaki94,4,PSO-ABE,49,0.356807142496109,500
Miyazaki94,4,PSO-ABE,50,0.356807142496109,510
Miyazaki94,4,PSO-ABE,51,0.35679855942726135,520
Miyazaki94,4,PSO-ABE,52,0.35679173469543457,530
Miyazaki94,4,PSO-ABE,53,0.3567827343940735,540
Miyazaki94,4,PSO-ABE,54,0.3567827343940735,550
Miyazaki94,4,PSO-ABE,55,0.3567827343940735,560
Miyazaki94,4,PSO-ABE,56,0.3567827343940735,570
Miyazaki94,4,PSO-ABE,57,0.3567827343940735,580
Miyazaki94,4,PSO-ABE,58,0.3567757308483124,590
Miyazaki94,4,PSO-ABE,59,0.3567757308483124,600
Miyazaki94,4,PSO-ABE,60,0.35677286982536316,610
Miyazaki94,4,PSO-ABE,61,0.35677286982536316,620
Miyazaki94,4,PSO-ABE,62,0.35677286982536316,630
Miyazaki94,4,PSO-ABE,63,0.35677286982536316,640
Miyazaki94,4,PSO-ABE,64,0.3567693829536438,650
Miyazaki94,4,PSO-ABE,65,0.3567693829536438,660
Miyazaki94,4,PSO-ABE,66,0.3567693829536438,670
Miyazaki94,4,PSO-ABE,67,0.35676926374435425,680
Miyazaki94,4,PSO-ABE,68,0.3567690849304199,690
Miyazaki94,4,PSO-ABE,69,0.3567690849304199,700
Miyazaki94,4,PSO-ABE,70,0.3567690849304199,710
Miyazaki94,4,PSO-ABE,71,0.3567690849304199,720
Miyazaki94,4,PSO-ABE,72,0.3567690849304199,730
Miyazaki94,4,PSO-ABE,73,0.3567689061164856,740
Miyazaki94,4,PSO-ABE,74,0.35676881670951843,750
Miyazaki94,4,PSO-ABE,75,0.35676875710487366,760
Miyazaki94,4,PSO-ABE,76,0.3567686975002289,770
Miyazaki94,4,PSO-ABE,77,0.3567686378955841,780
Miyazaki94,4,PSO-ABE,78,0.3567686378955841,790
Miyazaki94,4,PSO-ABE,79,0.3567686378955841,800
Miyazaki94,4,PSO-ABE,80,0.3567686378955841,810
Miyazaki94,4,PSO-ABE,81,0.3567686378955841,820
Miyazaki94,4,PSO-ABE,82,0.3567675054073334,830
Miyazaki94,4,PSO-ABE,83,0.3567675054073334,840
Miyazaki94,4,PSO-ABE,84,0.3567675054073334,850
Miyazaki94,4,PSO-ABE,85,0.3567675054073334,860
Miyazaki94,4,PSO-ABE,86,0.3567675054073334,870
Miyazaki94,4,PSO-ABE,87,0.3567675054073334,880
Miyazaki94,4,PSO-ABE,88,0.3567675054073334,890
Miyazaki94,4,PSO-ABE,89,0.3567675054073334,900
Miyazaki94,4,PSO-ABE,90,0.3567652702331543,910
Miyazaki94,4,PSO-ABE,91,0.3567652702331543,920
Miyazaki94,4,PSO-ABE,92,0.3567652702331543,930
Miyazaki94,4,PSO-ABE,93,0.35676464438438416,940
Miyazaki94,4,PSO-ABE,94,0.35676464438438416,950
Miyazaki94,4,PSO-ABE,95,0.35676369071006775,960
Miyazaki94,4,PSO-ABE,96,0.35676369071006775,970
Miyazaki94,4,PSO-ABE,97,0.3567630350589752,980
Miyazaki94,4,PSO-ABE,98,0.3567630350589752,990
Miyazaki94,4,PSO-ABE,99,0.35676294565200806,1000
Miyazaki94,4,DE-ABE,0,0.4402598738670349,10
Miyazaki94,4,DE-ABE,1,0.4402598738670349,20
Miyazaki94,4,DE-ABE,2,0.4402598738670349,30
Miyazaki94,4,DE-ABE,3,0.414432555437088,40
Miyazaki94,4,DE-ABE,4,0.414432555437088,50
Miyazaki94,4,DE-ABE,5,0.414432555437088,60
Miyazaki94,4,DE-ABE,6,0.414432555437088,70
Miyazaki94,4,DE-ABE,7,0.414432555437088,80
Miyazaki94,4,DE-ABE,8,0.414432555437088,90
Miyazaki94,4,DE-ABE,9,0.412844717502594,100
Miyazaki94,4,DE-ABE,10,0.412844717502594,110
Miyazaki94,4,DE-ABE,11,0.41042372584342957,120
Miyazaki94,4,DE-ABE,12,0.41042372584342957,130
Miyazaki94,4,DE-ABE,13,0.41042372584342957,140
Miyazaki94,4,DE-ABE,14,0.4085305631160736,150
Miyazaki94,4,DE-ABE,15,0.4085305631160736,160
Miyazaki94,4,DE-ABE,16,0.40178927779197693,170
Miyazaki94,4,DE-ABE,17,0.40178927779197693,180
Miyazaki94,4,DE-ABE,18,0.40178927779197693,190
Miyazaki94,4,DE-ABE,19,0.40178927779197693,200
Miyazaki94,4,DE-ABE,20,0.40178927779197693,210
Miyazaki94,4,DE-ABE,21,0.4010496735572815,220
Miyazaki94,4,DE-ABE,22,0.4008210301399231,230
Miyazaki94,4,DE-ABE,23,0.4008210301399231,240
Miyazaki94,4,DE-ABE,24,0.4008210301399231,250
Miyazaki94,4,DE-ABE,25,0.39847511053085327,260
Miyazaki94,4,DE-ABE,26,0.39653387665748596,270
Miyazaki94,4,DE-ABE,27,0.3882978558540344,280
Miyazaki94,4,DE-ABE,28,0.3882978558540344,290
Miyazaki94,4,DE-ABE,29,0.3882978558540344,300
Miyazaki94,4,DE-ABE,30,0.3882978558540344,310
Miyazaki94,4,DE-ABE,31,0.3882978558540344,320
Miyazaki94,4,DE-ABE,32,0.3882978558540344,330
Miyazaki94,4,DE-ABE,33,0.3882978558540344,340
Miyazaki94,4,DE-ABE,34,0.38816115260124207,350
Miyazaki94,4,DE-ABE,35,0.38811174035072327,360
Miyazaki94,4,DE-ABE,36,0.38811174035072327,370
Miyazaki94,4,DE-ABE,37,0.38811174035072327,380
Miyazaki94,4,DE-ABE,38,0.388031542301178,390
Miyazaki94,4,DE-ABE,39,0.3879925012588501,400
Miyazaki94,4,DE-ABE,40,0.38791921734809875,410
Miyazaki94,4,DE-ABE,41,0.38791921734809875,420
Miyazaki94,4,DE-ABE,42,0.38791921734809875,430
Miyazaki94,4,DE-ABE,43,0.38791921734809875,440
Miyazaki94,4,DE-ABE,44,0.38788023591041565,450
Miyazaki94,4,DE-ABE,45,0.38788023591041565,460
Miyazaki94,4,DE-ABE,46,0.38784798979759216,470
Miyazaki94,4,DE-ABE,47,0.38784798979759216,480
Miyazaki94,4,DE-ABE,48,0.38783055543899536,490
Miyazaki94,4,DE-ABE,49,0.3878110349178314,500
Miyazaki94,4,DE-ABE,50,0.3878110349178314,510
Miyazaki94,4,DE-ABE,51,0.3878110349178314,520
Miyazaki94,4,DE-ABE,52,0.3877987861633301,530
Miyazaki94,4,DE-ABE,53,0.3877955675125122,540
Miyazaki94,4,DE-ABE,54,0.38779157400131226,550
Miyazaki94,4,DE-ABE,55,0.38779157400131226,560
Miyazaki94,4,DE-ABE,56,0.38779157400131226,570
Miyazaki94,4,DE-ABE,57,0.3877856135368347,580
Miyazaki94,4,DE-ABE,58,0.3877856135368347,590
Miyazaki94,4,DE-ABE,59,0.3877856135368347,600
Miyazaki94,4,DE-ABE,60,0.38778531551361084,610
Miyazaki94,4,DE-ABE,61,0.3877837657928467,620
Miyazaki94,4,DE-ABE,62,0.3877826929092407,630
Miyazaki94,4,DE-ABE,63,0.38778188824653625,640
Miyazaki94,4,DE-ABE,64,0.3877786099910736,650
Miyazaki94,4,DE-ABE,65,0.3877786099910736,660
Miyazaki94,4,DE-ABE,66,0.3877774477005005,670
Miyazaki94,4,DE-ABE,67,0.38777703046798706,680
Miyazaki94,4,DE-ABE,68,0.38777652382850647,690
Miyazaki94,4,DE-ABE,69,0.3877735435962677,700
Miyazaki94,4,DE-ABE,70,0.3877735435962677,710
Miyazaki94,4,DE-ABE,71,0.3877714276313782,720
Miyazaki94,4,DE-ABE,72,0.3877714276313782,730
Miyazaki94,4,DE-ABE,73,0.3877714276313782,740
Miyazaki94,4,DE-ABE,74,0.3877694308757782,750
Miyazaki94,4,DE-ABE,75,0.38776931166648865,760
Miyazaki94,4,DE-ABE,76,0.387768417596817,770
Miyazaki94,4,DE-ABE,77,0.387768417596817,780
Miyazaki94,4,DE-ABE,78,0.3877677321434021,790
Miyazaki94,4,DE-ABE,79,0.3877677321434021,800
Miyazaki94,4,DE-ABE,80,0.38776740431785583,810
Miyazaki94,4,DE-ABE,81,0.38776716589927673,820
Miyazaki94,4,DE-ABE,82,0.3877667188644409,830
Miyazaki94,4,DE-ABE,83,0.3877667188644409,840
Miyazaki94,4,DE-ABE,84,0.38776543736457825,850
Miyazaki94,4,DE-ABE,85,0.3877640962600708,860
Miyazaki94,4,DE-ABE,86,0.3877634108066559,870
Miyazaki94,4,DE-ABE,87,0.3877634108066559,880
Miyazaki94,4,DE-ABE,88,0.3877620995044708,890
Miyazaki94,4,DE-ABE,89,0.3877620995044708,900
Miyazaki94,4,DE-ABE,90,0.38776063919067383,910
Miyazaki94,4,DE-ABE,91,0.38776063919067383,920
Miyazaki94,4,DE-ABE,92,0.3877604305744171,930
Miyazaki94,4,DE-ABE,93,0.38775959610939026,940
Miyazaki94,4,DE-ABE,94,0.38775742053985596,950
Miyazaki94,4,DE-ABE,95,0.3877565264701843,960
Miyazaki94,4,DE-ABE,96,0.3877550959587097,970
Miyazaki94,4,DE-ABE,97,0.3877550959587097,980
Miyazaki94,4,DE-ABE,98,0.3877550959587097,990
Miyazaki94,4,DE-ABE,99,0.38775283098220825,1000
Miyazaki94,4,GWO-ABE,0,0.43019214272499084,10
Miyazaki94,4,GWO-ABE,1,0.4178119897842407,20
Miyazaki94,4,GWO-ABE,2,0.4148653447628021,30
Miyazaki94,4,GWO-ABE,3,0.3889806568622589,40
Miyazaki94,4,GWO-ABE,4,0.4145137369632721,50
Miyazaki94,4,GWO-ABE,5,0.41769054532051086,60
Miyazaki94,4,GWO-ABE,6,0.40107855200767517,70
Miyazaki94,4,GWO-ABE,7,0.4053504467010498,80
Miyazaki94,4,GWO-ABE,8,0.38070425391197205,90
Miyazaki94,4,GWO-ABE,9,0.37790217995643616,100
Miyazaki94,4,GWO-ABE,10,0.3758477568626404,110
Miyazaki94,4,GWO-ABE,11,0.3610421121120453,120
Miyazaki94,4,GWO-ABE,12,0.3464943766593933,130
Miyazaki94,4,GWO-ABE,13,0.3657239079475403,140
Miyazaki94,4,GWO-ABE,14,0.3461751937866211,150
Miyazaki94,4,GWO-ABE,15,0.36605072021484375,160
Miyazaki94,4,GWO-ABE,16,0.351489394903183,170
Miyazaki94,4,GWO-ABE,17,0.3451378345489502,180
Miyazaki94,4,GWO-ABE,18,0.3553372621536255,190
Miyazaki94,4,GWO-ABE,19,0.3537968099117279,200
Miyazaki94,4,GWO-ABE,20,0.3466288447380066,210
Miyazaki94,4,GWO-ABE,21,0.3507533073425293,220
Miyazaki94,4,GWO-ABE,22,0.35239177942276,230
Miyazaki94,4,GWO-ABE,23,0.35286563634872437,240
Miyazaki94,4,GWO-ABE,24,0.34958651661872864,250
Miyazaki94,4,GWO-ABE,25,0.3538745641708374,260
Miyazaki94,4,GWO-ABE,26,0.35250476002693176,270
Miyazaki94,4,GWO-ABE,27,0.3474772274494171,280
Miyazaki94,4,GWO-ABE,28,0.3514460623264313,290
Miyazaki94,4,GWO-ABE,29,0.3381561040878296,300
Miyazaki94,4,GWO-ABE,30,0.3385881781578064,310
Miyazaki94,4,GWO-ABE,31,0.34236305952072144,320
Miyazaki94,4,GWO-ABE,32,0.34372422099113464,330
Miyazaki94,4,GWO-ABE,33,0.3399992287158966,340
Miyazaki94,4,GWO-ABE,34,0.34134140610694885,350
Miyazaki94,4,GWO-ABE,35,0.34013763070106506,360
Miyazaki94,4,GWO-ABE,36,0.33726966381073,370
Miyazaki94,4,GWO-ABE,37,0.3373386561870575,380
Miyazaki94,4,GWO-ABE,38,0.34137049317359924,390
Miyazaki94,4,GWO-ABE,39,0.3391626477241516,400
Miyazaki94,4,GWO-ABE,40,0.3441128432750702,410
Miyazaki94,4,GWO-ABE,41,0.34273627400398254,420
Miyazaki94,4,GWO-ABE,42,0.34111925959587097,430
Miyazaki94,4,GWO-ABE,43,0.34269899129867554,440
Miyazaki94,4,GWO-ABE,44,0.3388741910457611,450
Miyazaki94,4,GWO-ABE,45,0.34513694047927856,460
Miyazaki94,4,GWO-ABE,46,0.33806803822517395,470
Miyazaki94,4,GWO-ABE,47,0.3424036204814911,480
Miyazaki94,4,GWO-ABE,48,0.3393901586532593,490
Miyazaki94,4,GWO-ABE,49,0.3387956917285919,500
Miyazaki94,4,GWO-ABE,50,0.3393813371658325,510
Miyazaki94,4,GWO-ABE,51,0.3394998013973236,520
Miyazaki94,4,GWO-ABE,52,0.3371242880821228,530
Miyazaki94,4,GWO-ABE,53,0.33831948041915894,540
Miyazaki94,4,GWO-ABE,54,0.34545543789863586,550
Miyazaki94,4,GWO-ABE,55,0.33788052201271057,560
Miyazaki94,4,GWO-ABE,56,0.33748334646224976,570
Miyazaki94,4,GWO-ABE,57,0.3420087993144989,580
Miyazaki94,4,GWO-ABE,58,0.34228941798210144,590
Miyazaki94,4,GWO-ABE,59,0.343072772026062,600
Miyazaki94,4,GWO-ABE,60,0.33936163783073425,610
Miyazaki94,4,GWO-ABE,61,0.33649367094039917,620
Miyazaki94,4,GWO-ABE,62,0.33666056394577026,630
Miyazaki94,4,GWO-ABE,63,0.33624982833862305,640
Miyazaki94,4,GWO-ABE,64,0.33766844868659973,650
Miyazaki94,4,GWO-ABE,65,0.3361646831035614,660
Miyazaki94,4,GWO-ABE,66,0.3377991020679474,670
Miyazaki94,4,GWO-ABE,67,0.33836066722869873,680
Miyazaki94,4,GWO-ABE,68,0.3361857831478119,690
Miyazaki94,4,GWO-ABE,69,0.33839744329452515,700
Miyazaki94,4,GWO-ABE,70,0.34147581458091736,710
Miyazaki94,4,GWO-ABE,71,0.33601972460746765,720
Miyazaki94,4,GWO-ABE,72,0.3364269435405731,730
Miyazaki94,4,GWO-ABE,73,0.33961421251296997,740
Miyazaki94,4,GWO-ABE,74,0.33631688356399536,750
Miyazaki94,4,GWO-ABE,75,0.3370576798915863,760
Miyazaki94,4,GWO-ABE,76,0.33839014172554016,770
Miyazaki94,4,GWO-ABE,77,0.3395923674106598,780
Miyazaki94,4,GWO-ABE,78,0.3372364938259125,790
Miyazaki94,4,GWO-ABE,79,0.33926922082901,800
Miyazaki94,4,GWO-ABE,80,0.33433806896209717,810
Miyazaki94,4,GWO-ABE,81,0.3394283950328827,820
Miyazaki94,4,GWO-ABE,82,0.3405039310455322,830
Miyazaki94,4,GWO-ABE,83,0.3372548520565033,840
Miyazaki94,4,GWO-ABE,84,0.34055328369140625,850
Miyazaki94,4,GWO-ABE,85,0.34219348430633545,860
Miyazaki94,4,GWO-ABE,86,0.3409518003463745,870
Miyazaki94,4,GWO-ABE,87,0.3399479389190674,880
Miyazaki94,4,GWO-ABE,88,0.3395988643169403,890
Miyazaki94,4,GWO-ABE,89,0.3399096131324768,900
Miyazaki94,4,GWO-ABE,90,0.33918455243110657,910
Miyazaki94,4,GWO-ABE,91,0.3397420048713684,920
Miyazaki94,4,GWO-ABE,92,0.34064796566963196,930
Miyazaki94,4,GWO-ABE,93,0.33910444378852844,940
Miyazaki94,4,GWO-ABE,94,0.3372439742088318,950
Miyazaki94,4,GWO-ABE,95,0.3372217118740082,960
Miyazaki94,4,GWO-ABE,96,0.3373097777366638,970
Miyazaki94,4,GWO-ABE,97,0.3372219502925873,980
Miyazaki94,4,GWO-ABE,98,0.33722811937332153,990
Miyazaki94,4,GWO-ABE,99,0.33717697858810425,1000
Miyazaki94,4,WOA-ABE,0,0.47377169132232666,10
Miyazaki94,4,WOA-ABE,1,0.42202651500701904,20
Miyazaki94,4,WOA-ABE,2,0.4119085669517517,30
Miyazaki94,4,WOA-ABE,3,0.4036572575569153,40
Miyazaki94,4,WOA-ABE,4,0.4036572575569153,50
Miyazaki94,4,WOA-ABE,5,0.3857881724834442,60
Miyazaki94,4,WOA-ABE,6,0.3779897391796112,70
Miyazaki94,4,WOA-ABE,7,0.3712821304798126,80
Miyazaki94,4,WOA-ABE,8,0.36652594804763794,90
Miyazaki94,4,WOA-ABE,9,0.36584994196891785,100
Miyazaki94,4,WOA-ABE,10,0.36584994196891785,110
Miyazaki94,4,WOA-ABE,11,0.3644532561302185,120
Miyazaki94,4,WOA-ABE,12,0.3639076352119446,130
Miyazaki94,4,WOA-ABE,13,0.3639076352119446,140
Miyazaki94,4,WOA-ABE,14,0.36319616436958313,150
Miyazaki94,4,WOA-ABE,15,0.36311429738998413,160
Miyazaki94,4,WOA-ABE,16,0.36311429738998413,170
Miyazaki94,4,WOA-ABE,17,0.36311429738998413,180
Miyazaki94,4,WOA-ABE,18,0.36311429738998413,190
Miyazaki94,4,WOA-ABE,19,0.3630981147289276,200
Miyazaki94,4,WOA-ABE,20,0.3630981147289276,210
Miyazaki94,4,WOA-ABE,21,0.3630981147289276,220
Miyazaki94,4,WOA-ABE,22,0.35514259338378906,230
Miyazaki94,4,WOA-ABE,23,0.3541865050792694,240
Miyazaki94,4,WOA-ABE,24,0.3540671467781067,250
Miyazaki94,4,WOA-ABE,25,0.3475585877895355,260
Miyazaki94,4,WOA-ABE,26,0.3474976420402527,270
Miyazaki94,4,WOA-ABE,27,0.34749382734298706,280
Miyazaki94,4,WOA-ABE,28,0.34562191367149353,290
Miyazaki94,4,WOA-ABE,29,0.34560737013816833,300
Miyazaki94,4,WOA-ABE,30,0.3455948829650879,310
Miyazaki94,4,WOA-ABE,31,0.3455948829650879,320
Miyazaki94,4,WOA-ABE,32,0.3455948829650879,330
Miyazaki94,4,WOA-ABE,33,0.3455948829650879,340
Miyazaki94,4,WOA-ABE,34,0.3455948829650879,350
Miyazaki94,4,WOA-ABE,35,0.345593124628067,360
Miyazaki94,4,WOA-ABE,36,0.34559139609336853,370
Miyazaki94,4,WOA-ABE,37,0.34559085965156555,380
Miyazaki94,4,WOA-ABE,38,0.34559085965156555,390
Miyazaki94,4,WOA-ABE,39,0.34559085965156555,400
Miyazaki94,4,WOA-ABE,40,0.34559082984924316,410
Miyazaki94,4,WOA-ABE,41,0.34559082984924316,420
Miyazaki94,4,WOA-ABE,42,0.34559082984924316,430
Miyazaki94,4,WOA-ABE,43,0.34559082984924316,440
Miyazaki94,4,WOA-ABE,44,0.34559082984924316,450
Miyazaki94,4,WOA-ABE,45,0.34559082984924316,460
Miyazaki94,4,WOA-ABE,46,0.34559082984924316,470
Miyazaki94,4,WOA-ABE,47,0.34559082984924316,480
Miyazaki94,4,WOA-ABE,48,0.34559082984924316,490
Miyazaki94,4,WOA-ABE,49,0.34559082984924316,500
Miyazaki94,4,WOA-ABE,50,0.34559082984924316,510
Miyazaki94,4,WOA-ABE,51,0.34559082984924316,520
Miyazaki94,4,WOA-ABE,52,0.34559082984924316,530
Miyazaki94,4,WOA-ABE,53,0.34559082984924316,540
Miyazaki94,4,WOA-ABE,54,0.34559082984924316,550
Miyazaki94,4,WOA-ABE,55,0.34559082984924316,560
Miyazaki94,4,WOA-ABE,56,0.34559082984924316,570
Miyazaki94,4,WOA-ABE,57,0.34559082984924316,580
Miyazaki94,4,WOA-ABE,58,0.34559082984924316,590
Miyazaki94,4,WOA-ABE,59,0.34559082984924316,600
Miyazaki94,4,WOA-ABE,60,0.34559082984924316,610
Miyazaki94,4,WOA-ABE,61,0.34559082984924316,620
Miyazaki94,4,WOA-ABE,62,0.34559082984924316,630
Miyazaki94,4,WOA-ABE,63,0.34559082984924316,640
Miyazaki94,4,WOA-ABE,64,0.34559082984924316,650
Miyazaki94,4,WOA-ABE,65,0.34559082984924316,660
Miyazaki94,4,WOA-ABE,66,0.34559082984924316,670
Miyazaki94,4,WOA-ABE,67,0.34559082984924316,680
Miyazaki94,4,WOA-ABE,68,0.34559082984924316,690
Miyazaki94,4,WOA-ABE,69,0.34559082984924316,700
Miyazaki94,4,WOA-ABE,70,0.34559082984924316,710
Miyazaki94,4,WOA-ABE,71,0.34559082984924316,720
Miyazaki94,4,WOA-ABE,72,0.34559082984924316,730
Miyazaki94,4,WOA-ABE,73,0.34559082984924316,740
Miyazaki94,4,WOA-ABE,74,0.34559082984924316,750
Miyazaki94,4,WOA-ABE,75,0.34559082984924316,760
Miyazaki94,4,WOA-ABE,76,0.34559082984924316,770
Miyazaki94,4,WOA-ABE,77,0.34559082984924316,780
Miyazaki94,4,WOA-ABE,78,0.34559082984924316,790
Miyazaki94,4,WOA-ABE,79,0.34559082984924316,800
Miyazaki94,4,WOA-ABE,80,0.34559082984924316,810
Miyazaki94,4,WOA-ABE,81,0.34559082984924316,820
Miyazaki94,4,WOA-ABE,82,0.34559082984924316,830
Miyazaki94,4,WOA-ABE,83,0.34559082984924316,840
Miyazaki94,4,WOA-ABE,84,0.34559082984924316,850
Miyazaki94,4,WOA-ABE,85,0.34559082984924316,860
Miyazaki94,4,WOA-ABE,86,0.34559082984924316,870
Miyazaki94,4,WOA-ABE,87,0.34559082984924316,880
Miyazaki94,4,WOA-ABE,88,0.34559082984924316,890
Miyazaki94,4,WOA-ABE,89,0.34559082984924316,900
Miyazaki94,4,WOA-ABE,90,0.34559082984924316,910
Miyazaki94,4,WOA-ABE,91,0.34559082984924316,920
Miyazaki94,4,WOA-ABE,92,0.34559082984924316,930
Miyazaki94,4,WOA-ABE,93,0.34559082984924316,940
Miyazaki94,4,WOA-ABE,94,0.34559082984924316,950
Miyazaki94,4,WOA-ABE,95,0.34559082984924316,960
Miyazaki94,4,WOA-ABE,96,0.34559082984924316,970
Miyazaki94,4,WOA-ABE,97,0.3455908000469208,980
Miyazaki94,4,WOA-ABE,98,0.3455908000469208,990
Miyazaki94,4,WOA-ABE,99,0.3455908000469208,1000
Miyazaki94,4,FAABE,0,0.4440084993839264,10
Miyazaki94,4,FAABE,1,0.44257619976997375,20
Miyazaki94,4,FAABE,2,0.3977159857749939,30
Miyazaki94,4,FAABE,3,0.3977159857749939,40
Miyazaki94,4,FAABE,4,0.3977159857749939,50
Miyazaki94,4,FAABE,5,0.3977159857749939,60
Miyazaki94,4,FAABE,6,0.38658586144447327,70
Miyazaki94,4,FAABE,7,0.38658586144447327,80
Miyazaki94,4,FAABE,8,0.38658586144447327,90
Miyazaki94,4,FAABE,9,0.38658586144447327,100
Miyazaki94,4,FAABE,10,0.38658586144447327,110
Miyazaki94,4,FAABE,11,0.38658586144447327,120
Miyazaki94,4,FAABE,12,0.381969153881073,130
Miyazaki94,4,FAABE,13,0.381969153881073,140
Miyazaki94,4,FAABE,14,0.381969153881073,150
Miyazaki94,4,FAABE,15,0.3686971366405487,160
Miyazaki94,4,FAABE,16,0.3686971366405487,170
Miyazaki94,4,FAABE,17,0.3686971366405487,180
Miyazaki94,4,FAABE,18,0.3686971366405487,190
Miyazaki94,4,FAABE,19,0.3686971366405487,200
Miyazaki94,4,FAABE,20,0.3686971366405487,210
Miyazaki94,4,FAABE,21,0.3645220994949341,220
Miyazaki94,4,FAABE,22,0.3645220994949341,230
Miyazaki94,4,FAABE,23,0.3645220994949341,240
Miyazaki94,4,FAABE,24,0.3645220994949341,250
Miyazaki94,4,FAABE,25,0.3645220994949341,260
Miyazaki94,4,FAABE,26,0.3549679219722748,270
Miyazaki94,4,FAABE,27,0.3549679219722748,280
Miyazaki94,4,FAABE,28,0.3549679219722748,290
Miyazaki94,4,FAABE,29,0.3549679219722748,300
Miyazaki94,4,FAABE,30,0.3549679219722748,310
Miyazaki94,4,FAABE,31,0.3549679219722748,320
Miyazaki94,4,FAABE,32,0.3549679219722748,330
Miyazaki94,4,FAABE,33,0.3549679219722748,340
Miyazaki94,4,FAABE,34,0.3549679219722748,350
Miyazaki94,4,FAABE,35,0.3496948480606079,360
Miyazaki94,4,FAABE,36,0.3496948480606079,370
Miyazaki94,4,FAABE,37,0.3496948480606079,380
Miyazaki94,4,FAABE,38,0.3496948480606079,390
Miyazaki94,4,FAABE,39,0.3496948480606079,400
Miyazaki94,4,FAABE,40,0.3496948480606079,410
Miyazaki94,4,FAABE,41,0.3496948480606079,420
Miyazaki94,4,FAABE,42,0.3496948480606079,430
Miyazaki94,4,FAABE,43,0.3472995162010193,440
Miyazaki94,4,FAABE,44,0.3472995162010193,450
Miyazaki94,4,FAABE,45,0.3472995162010193,460
Miyazaki94,4,FAABE,46,0.3472995162010193,470
Miyazaki94,4,FAABE,47,0.3472995162010193,480
Miyazaki94,4,FAABE,48,0.3472995162010193,490
Miyazaki94,4,FAABE,49,0.3472995162010193,500
Miyazaki94,4,FAABE,50,0.3472995162010193,510
Miyazaki94,4,FAABE,51,0.3472995162010193,520
Miyazaki94,4,FAABE,52,0.3472995162010193,530
Miyazaki94,4,FAABE,53,0.3472995162010193,540
Miyazaki94,4,FAABE,54,0.3472995162010193,550
Miyazaki94,4,FAABE,55,0.3472995162010193,560
Miyazaki94,4,FAABE,56,0.3472995162010193,570
Miyazaki94,4,FAABE,57,0.3472995162010193,580
Miyazaki94,4,FAABE,58,0.3472995162010193,590
Miyazaki94,4,FAABE,59,0.3472995162010193,600
Miyazaki94,4,FAABE,60,0.3472995162010193,610
Miyazaki94,4,FAABE,61,0.3472995162010193,620
Miyazaki94,4,FAABE,62,0.3472995162010193,630
Miyazaki94,4,FAABE,63,0.3472995162010193,640
Miyazaki94,4,FAABE,64,0.3472995162010193,650
Miyazaki94,4,FAABE,65,0.3472995162010193,660
Miyazaki94,4,FAABE,66,0.3472995162010193,670
Miyazaki94,4,FAABE,67,0.34719711542129517,680
Miyazaki94,4,FAABE,68,0.34719711542129517,690
Miyazaki94,4,FAABE,69,0.34719711542129517,700
Miyazaki94,4,FAABE,70,0.34719711542129517,710
Miyazaki94,4,FAABE,71,0.34719711542129517,720
Miyazaki94,4,FAABE,72,0.34719711542129517,730
Miyazaki94,4,FAABE,73,0.34719711542129517,740
Miyazaki94,4,FAABE,74,0.34719711542129517,750
Miyazaki94,4,FAABE,75,0.34719711542129517,760
Miyazaki94,4,FAABE,76,0.34719711542129517,770
Miyazaki94,4,FAABE,77,0.34719711542129517,780
Miyazaki94,4,FAABE,78,0.34719711542129517,790
Miyazaki94,4,FAABE,79,0.34719711542129517,800
Miyazaki94,4,FAABE,80,0.34180766344070435,810
Miyazaki94,4,FAABE,81,0.34180766344070435,820
Miyazaki94,4,FAABE,82,0.34180766344070435,830
Miyazaki94,4,FAABE,83,0.34180766344070435,840
Miyazaki94,4,FAABE,84,0.34180766344070435,850
Miyazaki94,4,FAABE,85,0.34180766344070435,860
Miyazaki94,4,FAABE,86,0.34180766344070435,870
Miyazaki94,4,FAABE,87,0.34180766344070435,880
Miyazaki94,4,FAABE,88,0.34180766344070435,890
Miyazaki94,4,FAABE,89,0.34180766344070435,900
Miyazaki94,4,FAABE,90,0.34180766344070435,910
Miyazaki94,4,FAABE,91,0.34180766344070435,920
Miyazaki94,4,FAABE,92,0.34180766344070435,930
Miyazaki94,4,FAABE,93,0.34180766344070435,940
Miyazaki94,4,FAABE,94,0.34180766344070435,950
Miyazaki94,4,FAABE,95,0.34180766344070435,960
Miyazaki94,4,FAABE,96,0.34180766344070435,970
Miyazaki94,4,FAABE,97,0.34180766344070435,980
Miyazaki94,4,FAABE,98,0.34180766344070435,990
Miyazaki94,4,FAABE,99,0.34180766344070435,1000
Miyazaki94,5,GA-ABE,0,0.5767072439193726,10
Miyazaki94,5,GA-ABE,1,0.5716789364814758,20
Miyazaki94,5,GA-ABE,2,0.5132192373275757,30
Miyazaki94,5,GA-ABE,3,0.5132192373275757,40
Miyazaki94,5,GA-ABE,4,0.5061187744140625,50
Miyazaki94,5,GA-ABE,5,0.5061187744140625,60
Miyazaki94,5,GA-ABE,6,0.488065630197525,70
Miyazaki94,5,GA-ABE,7,0.4812948405742645,80
Miyazaki94,5,GA-ABE,8,0.4812948405742645,90
Miyazaki94,5,GA-ABE,9,0.4812948405742645,100
Miyazaki94,5,GA-ABE,10,0.48116248846054077,110
Miyazaki94,5,GA-ABE,11,0.48104211688041687,120
Miyazaki94,5,GA-ABE,12,0.47216060757637024,130
Miyazaki94,5,GA-ABE,13,0.4596977233886719,140
Miyazaki94,5,GA-ABE,14,0.4591050148010254,150
Miyazaki94,5,GA-ABE,15,0.4591050148010254,160
Miyazaki94,5,GA-ABE,16,0.452663779258728,170
Miyazaki94,5,GA-ABE,17,0.452663779258728,180
Miyazaki94,5,GA-ABE,18,0.44106659293174744,190
Miyazaki94,5,GA-ABE,19,0.4359680116176605,200
Miyazaki94,5,GA-ABE,20,0.4359680116176605,210
Miyazaki94,5,GA-ABE,21,0.4269578754901886,220
Miyazaki94,5,GA-ABE,22,0.426911324262619,230
Miyazaki94,5,GA-ABE,23,0.426911324262619,240
Miyazaki94,5,GA-ABE,24,0.426911324262619,250
Miyazaki94,5,GA-ABE,25,0.4269073009490967,260
Miyazaki94,5,GA-ABE,26,0.42690515518188477,270
Miyazaki94,5,GA-ABE,27,0.42690515518188477,280
Miyazaki94,5,GA-ABE,28,0.42651286721229553,290
Miyazaki94,5,GA-ABE,29,0.42651286721229553,300
Miyazaki94,5,GA-ABE,30,0.42651286721229553,310
Miyazaki94,5,GA-ABE,31,0.42651286721229553,320
Miyazaki94,5,GA-ABE,32,0.42345520853996277,330
Miyazaki94,5,GA-ABE,33,0.42345520853996277,340
Miyazaki94,5,GA-ABE,34,0.42292356491088867,350
Miyazaki94,5,GA-ABE,35,0.42292356491088867,360
Miyazaki94,5,GA-ABE,36,0.42155519127845764,370
Miyazaki94,5,GA-ABE,37,0.4160819351673126,380
Miyazaki94,5,GA-ABE,38,0.40789684653282166,390
Miyazaki94,5,GA-ABE,39,0.40789684653282166,400
Miyazaki94,5,GA-ABE,40,0.40789684653282166,410
Miyazaki94,5,GA-ABE,41,0.4036863446235657,420
Miyazaki94,5,GA-ABE,42,0.4036863446235657,430
Miyazaki94,5,GA-ABE,43,0.4033956229686737,440
Miyazaki94,5,GA-ABE,44,0.4033956229686737,450
Miyazaki94,5,GA-ABE,45,0.4033956229686737,460
Miyazaki94,5,GA-ABE,46,0.4008500874042511,470
Miyazaki94,5,GA-ABE,47,0.4005955159664154,480
Miyazaki94,5,GA-ABE,48,0.40048351883888245,490
Miyazaki94,5,GA-ABE,49,0.40048351883888245,500
Miyazaki94,5,GA-ABE,50,0.40048351883888245,510
Miyazaki94,5,GA-ABE,51,0.40046438574790955,520
Miyazaki94,5,GA-ABE,52,0.40046438574790955,530
Miyazaki94,5,GA-ABE,53,0.40046438574790955,540
Miyazaki94,5,GA-ABE,54,0.40046292543411255,550
Miyazaki94,5,GA-ABE,55,0.40044164657592773,560
Miyazaki94,5,GA-ABE,56,0.40044164657592773,570
Miyazaki94,5,GA-ABE,57,0.40044164657592773,580
Miyazaki94,5,GA-ABE,58,0.40043774247169495,590
Miyazaki94,5,GA-ABE,59,0.40043774247169495,600
Miyazaki94,5,GA-ABE,60,0.40043148398399353,610
Miyazaki94,5,GA-ABE,61,0.40043148398399353,620
Miyazaki94,5,GA-ABE,62,0.40043148398399353,630
Miyazaki94,5,GA-ABE,63,0.40043148398399353,640
Miyazaki94,5,GA-ABE,64,0.40043148398399353,650
Miyazaki94,5,GA-ABE,65,0.40043148398399353,660
Miyazaki94,5,GA-ABE,66,0.40043148398399353,670
Miyazaki94,5,GA-ABE,67,0.40039604902267456,680
Miyazaki94,5,GA-ABE,68,0.4000476002693176,690
Miyazaki94,5,GA-ABE,69,0.4000476002693176,700
Miyazaki94,5,GA-ABE,70,0.4000476002693176,710
Miyazaki94,5,GA-ABE,71,0.4000476002693176,720
Miyazaki94,5,GA-ABE,72,0.4000476002693176,730
Miyazaki94,5,GA-ABE,73,0.4000476002693176,740
Miyazaki94,5,GA-ABE,74,0.4000476002693176,750
Miyazaki94,5,GA-ABE,75,0.40003395080566406,760
Miyazaki94,5,GA-ABE,76,0.40003395080566406,770
Miyazaki94,5,GA-ABE,77,0.40003395080566406,780
Miyazaki94,5,GA-ABE,78,0.40003395080566406,790
Miyazaki94,5,GA-ABE,79,0.40003395080566406,800
Miyazaki94,5,GA-ABE,80,0.3973374366760254,810
Miyazaki94,5,GA-ABE,81,0.3973374366760254,820
Miyazaki94,5,GA-ABE,82,0.3973374366760254,830
Miyazaki94,5,GA-ABE,83,0.39675086736679077,840
Miyazaki94,5,GA-ABE,84,0.39675086736679077,850
Miyazaki94,5,GA-ABE,85,0.39675086736679077,860
Miyazaki94,5,GA-ABE,86,0.39675086736679077,870
Miyazaki94,5,GA-ABE,87,0.39675086736679077,880
Miyazaki94,5,GA-ABE,88,0.39559292793273926,890
Miyazaki94,5,GA-ABE,89,0.3926883041858673,900
Miyazaki94,5,GA-ABE,90,0.3926883041858673,910
Miyazaki94,5,GA-ABE,91,0.39266324043273926,920
Miyazaki94,5,GA-ABE,92,0.39266324043273926,930
Miyazaki94,5,GA-ABE,93,0.39266324043273926,940
Miyazaki94,5,GA-ABE,94,0.39266324043273926,950
Miyazaki94,5,GA-ABE,95,0.39266324043273926,960
Miyazaki94,5,GA-ABE,96,0.39266324043273926,970
Miyazaki94,5,GA-ABE,97,0.39266324043273926,980
Miyazaki94,5,GA-ABE,98,0.39266324043273926,990
Miyazaki94,5,GA-ABE,99,0.39264562726020813,1000
Miyazaki94,5,PSO-ABE,0,0.5088550448417664,10
Miyazaki94,5,PSO-ABE,1,0.4892255961894989,20
Miyazaki94,5,PSO-ABE,2,0.4414856433868408,30
Miyazaki94,5,PSO-ABE,3,0.4380686581134796,40
Miyazaki94,5,PSO-ABE,4,0.43419840931892395,50
Miyazaki94,5,PSO-ABE,5,0.43419840931892395,60
Miyazaki94,5,PSO-ABE,6,0.43419840931892395,70
Miyazaki94,5,PSO-ABE,7,0.43419840931892395,80
Miyazaki94,5,PSO-ABE,8,0.43419840931892395,90
Miyazaki94,5,PSO-ABE,9,0.43419840931892395,100
Miyazaki94,5,PSO-ABE,10,0.41718682646751404,110
Miyazaki94,5,PSO-ABE,11,0.40608298778533936,120
Miyazaki94,5,PSO-ABE,12,0.40608298778533936,130
Miyazaki94,5,PSO-ABE,13,0.40608298778533936,140
Miyazaki94,5,PSO-ABE,14,0.40608298778533936,150
Miyazaki94,5,PSO-ABE,15,0.4060441851615906,160
Miyazaki94,5,PSO-ABE,16,0.4060441851615906,170
Miyazaki94,5,PSO-ABE,17,0.39719411730766296,180
Miyazaki94,5,PSO-ABE,18,0.39719411730766296,190
Miyazaki94,5,PSO-ABE,19,0.39719411730766296,200
Miyazaki94,5,PSO-ABE,20,0.39719411730766296,210
Miyazaki94,5,PSO-ABE,21,0.39719411730766296,220
Miyazaki94,5,PSO-ABE,22,0.39719411730766296,230
Miyazaki94,5,PSO-ABE,23,0.3941665589809418,240
Miyazaki94,5,PSO-ABE,24,0.3941665589809418,250
Miyazaki94,5,PSO-ABE,25,0.3941665589809418,260
Miyazaki94,5,PSO-ABE,26,0.3941665589809418,270
Miyazaki94,5,PSO-ABE,27,0.3941665589809418,280
Miyazaki94,5,PSO-ABE,28,0.3941665589809418,290
Miyazaki94,5,PSO-ABE,29,0.3941665589809418,300
Miyazaki94,5,PSO-ABE,30,0.3941665589809418,310
Miyazaki94,5,PSO-ABE,31,0.3941393494606018,320
Miyazaki94,5,PSO-ABE,32,0.39405396580696106,330
Miyazaki94,5,PSO-ABE,33,0.39405396580696106,340
Miyazaki94,5,PSO-ABE,34,0.39405396580696106,350
Miyazaki94,5,PSO-ABE,35,0.3940374553203583,360
Miyazaki94,5,PSO-ABE,36,0.3940374553203583,370
Miyazaki94,5,PSO-ABE,37,0.3940374553203583,380
Miyazaki94,5,PSO-ABE,38,0.3940020203590393,390
Miyazaki94,5,PSO-ABE,39,0.3940020203590393,400
Miyazaki94,5,PSO-ABE,40,0.3940020203590393,410
Miyazaki94,5,PSO-ABE,41,0.3940020203590393,420
Miyazaki94,5,PSO-ABE,42,0.3939918279647827,430
Miyazaki94,5,PSO-ABE,43,0.3939918279647827,440
Miyazaki94,5,PSO-ABE,44,0.3939918279647827,450
Miyazaki94,5,PSO-ABE,45,0.3939918279647827,460
Miyazaki94,5,PSO-ABE,46,0.3939918279647827,470
Miyazaki94,5,PSO-ABE,47,0.3939918279647827,480
Miyazaki94,5,PSO-ABE,48,0.3939918279647827,490
Miyazaki94,5,PSO-ABE,49,0.3939918279647827,500
Miyazaki94,5,PSO-ABE,50,0.39398977160453796,510
Miyazaki94,5,PSO-ABE,51,0.39398977160453796,520
Miyazaki94,5,PSO-ABE,52,0.39396578073501587,530
Miyazaki94,5,PSO-ABE,53,0.39396578073501587,540
Miyazaki94,5,PSO-ABE,54,0.39396578073501587,550
Miyazaki94,5,PSO-ABE,55,0.39396578073501587,560
Miyazaki94,5,PSO-ABE,56,0.39396578073501587,570
Miyazaki94,5,PSO-ABE,57,0.39396578073501587,580
Miyazaki94,5,PSO-ABE,58,0.3939598500728607,590
Miyazaki94,5,PSO-ABE,59,0.3939598500728607,600
Miyazaki94,5,PSO-ABE,60,0.3939598500728607,610
Miyazaki94,5,PSO-ABE,61,0.3939598500728607,620
Miyazaki94,5,PSO-ABE,62,0.3939562141895294,630
Miyazaki94,5,PSO-ABE,63,0.393951416015625,640
Miyazaki94,5,PSO-ABE,64,0.39395105838775635,650
Miyazaki94,5,PSO-ABE,65,0.39395105838775635,660
Miyazaki94,5,PSO-ABE,66,0.39395105838775635,670
Miyazaki94,5,PSO-ABE,67,0.39395105838775635,680
Miyazaki94,5,PSO-ABE,68,0.39395105838775635,690
Miyazaki94,5,PSO-ABE,69,0.3939494490623474,700
Miyazaki94,5,PSO-ABE,70,0.3939487934112549,710
Miyazaki94,5,PSO-ABE,71,0.39394599199295044,720
Miyazaki94,5,PSO-ABE,72,0.39394599199295044,730
Miyazaki94,5,PSO-ABE,73,0.39394599199295044,740
Miyazaki94,5,PSO-ABE,74,0.3939441740512848,750
Miyazaki94,5,PSO-ABE,75,0.3939436078071594,760
Miyazaki94,5,PSO-ABE,76,0.39394325017929077,770
Miyazaki94,5,PSO-ABE,77,0.3939429521560669,780
Miyazaki94,5,PSO-ABE,78,0.3939427137374878,790
Miyazaki94,5,PSO-ABE,79,0.3939427137374878,800
Miyazaki94,5,PSO-ABE,80,0.3939427137374878,810
Miyazaki94,5,PSO-ABE,81,0.3939427137374878,820
Miyazaki94,5,PSO-ABE,82,0.39394262433052063,830
Miyazaki94,5,PSO-ABE,83,0.39394262433052063,840
Miyazaki94,5,PSO-ABE,84,0.39394262433052063,850
Miyazaki94,5,PSO-ABE,85,0.39394262433052063,860
Miyazaki94,5,PSO-ABE,86,0.39394262433052063,870
Miyazaki94,5,PSO-ABE,87,0.39394262433052063,880
Miyazaki94,5,PSO-ABE,88,0.39394262433052063,890
Miyazaki94,5,PSO-ABE,89,0.39394262433052063,900
Miyazaki94,5,PSO-ABE,90,0.39394262433052063,910
Miyazaki94,5,PSO-ABE,91,0.39394262433052063,920
Miyazaki94,5,PSO-ABE,92,0.39394262433052063,930
Miyazaki94,5,PSO-ABE,93,0.39394262433052063,940
Miyazaki94,5,PSO-ABE,94,0.39394262433052063,950
Miyazaki94,5,PSO-ABE,95,0.39394262433052063,960
Miyazaki94,5,PSO-ABE,96,0.39394262433052063,970
Miyazaki94,5,PSO-ABE,97,0.39394262433052063,980
Miyazaki94,5,PSO-ABE,98,0.39394262433052063,990
Miyazaki94,5,PSO-ABE,99,0.39394262433052063,1000
Miyazaki94,5,DE-ABE,0,0.5168261528015137,10
Miyazaki94,5,DE-ABE,1,0.49616551399230957,20
Miyazaki94,5,DE-ABE,2,0.4763869345188141,30
Miyazaki94,5,DE-ABE,3,0.4601610600948334,40
Miyazaki94,5,DE-ABE,4,0.4601610600948334,50
Miyazaki94,5,DE-ABE,5,0.45712652802467346,60
Miyazaki94,5,DE-ABE,6,0.4459652602672577,70
Miyazaki94,5,DE-ABE,7,0.4459652602672577,80
Miyazaki94,5,DE-ABE,8,0.4386971890926361,90
Miyazaki94,5,DE-ABE,9,0.4386971890926361,100
Miyazaki94,5,DE-ABE,10,0.4353005588054657,110
Miyazaki94,5,DE-ABE,11,0.4353005588054657,120
Miyazaki94,5,DE-ABE,12,0.4301193058490753,130
Miyazaki94,5,DE-ABE,13,0.42923301458358765,140
Miyazaki94,5,DE-ABE,14,0.42923301458358765,150
Miyazaki94,5,DE-ABE,15,0.42923301458358765,160
Miyazaki94,5,DE-ABE,16,0.42923301458358765,170
Miyazaki94,5,DE-ABE,17,0.42923301458358765,180
Miyazaki94,5,DE-ABE,18,0.42923301458358765,190
Miyazaki94,5,DE-ABE,19,0.42923301458358765,200
Miyazaki94,5,DE-ABE,20,0.4285189211368561,210
Miyazaki94,5,DE-ABE,21,0.4285189211368561,220
Miyazaki94,5,DE-ABE,22,0.4285189211368561,230
Miyazaki94,5,DE-ABE,23,0.42839670181274414,240
Miyazaki94,5,DE-ABE,24,0.42709431052207947,250
Miyazaki94,5,DE-ABE,25,0.426852822303772,260
Miyazaki94,5,DE-ABE,26,0.426852822303772,270
Miyazaki94,5,DE-ABE,27,0.426852822303772,280
Miyazaki94,5,DE-ABE,28,0.426852822303772,290
Miyazaki94,5,DE-ABE,29,0.426852822303772,300
Miyazaki94,5,DE-ABE,30,0.426852822303772,310
Miyazaki94,5,DE-ABE,31,0.426852822303772,320
Miyazaki94,5,DE-ABE,32,0.426852822303772,330
Miyazaki94,5,DE-ABE,33,0.426852822303772,340
Miyazaki94,5,DE-ABE,34,0.42683500051498413,350
Miyazaki94,5,DE-ABE,35,0.4267439842224121,360
Miyazaki94,5,DE-ABE,36,0.4267439842224121,370
Miyazaki94,5,DE-ABE,37,0.42674219608306885,380
Miyazaki94,5,DE-ABE,38,0.42674219608306885,390
Miyazaki94,5,DE-ABE,39,0.4267190396785736,400
Miyazaki94,5,DE-ABE,40,0.4267190396785736,410
Miyazaki94,5,DE-ABE,41,0.4267072379589081,420
Miyazaki94,5,DE-ABE,42,0.42669716477394104,430
Miyazaki94,5,DE-ABE,43,0.4262467622756958,440
Miyazaki94,5,DE-ABE,44,0.4262462854385376,450
Miyazaki94,5,DE-ABE,45,0.4262462854385376,460
Miyazaki94,5,DE-ABE,46,0.4262429177761078,470
Miyazaki94,5,DE-ABE,47,0.42623990774154663,480
Miyazaki94,5,DE-ABE,48,0.426238477230072,490
Miyazaki94,5,DE-ABE,49,0.4262341260910034,500
Miyazaki94,5,DE-ABE,50,0.4262341260910034,510
Miyazaki94,5,DE-ABE,51,0.42623013257980347,520
Miyazaki94,5,DE-ABE,52,0.42623013257980347,530
Miyazaki94,5,DE-ABE,53,0.4262247681617737,540
Miyazaki94,5,DE-ABE,54,0.4262247681617737,550
Miyazaki94,5,DE-ABE,55,0.42621728777885437,560
Miyazaki94,5,DE-ABE,56,0.4262171983718872,570
Miyazaki94,5,DE-ABE,57,0.4262097477912903,580
Miyazaki94,5,DE-ABE,58,0.42620721459388733,590
Miyazaki94,5,DE-ABE,59,0.42620721459388733,600
Miyazaki94,5,DE-ABE,60,0.4262024164199829,610
Miyazaki94,5,DE-ABE,61,0.4262024164199829,620
Miyazaki94,5,DE-ABE,62,0.42619869112968445,630
Miyazaki94,5,DE-ABE,63,0.4261956214904785,640
Miyazaki94,5,DE-ABE,64,0.4261956214904785,650
Miyazaki94,5,DE-ABE,65,0.4261956214904785,660
Miyazaki94,5,DE-ABE,66,0.4261954128742218,670
Miyazaki94,5,DE-ABE,67,0.4261951744556427,680
Miyazaki94,5,DE-ABE,68,0.4261951744556427,690
Miyazaki94,5,DE-ABE,69,0.4261946678161621,700
Miyazaki94,5,DE-ABE,70,0.4261946678161621,710
Miyazaki94,5,DE-ABE,71,0.4261946678161621,720
Miyazaki94,5,DE-ABE,72,0.42619457840919495,730
Miyazaki94,5,DE-ABE,73,0.42619457840919495,740
Miyazaki94,5,DE-ABE,74,0.42619457840919495,750
Miyazaki94,5,DE-ABE,75,0.42619457840919495,760
Miyazaki94,5,DE-ABE,76,0.42619413137435913,770
Miyazaki94,5,DE-ABE,77,0.42619413137435913,780
Miyazaki94,5,DE-ABE,78,0.42619407176971436,790
Miyazaki94,5,DE-ABE,79,0.4261939525604248,800
Miyazaki94,5,DE-ABE,80,0.42619287967681885,810
Miyazaki94,5,DE-ABE,81,0.4261927604675293,820
Miyazaki94,5,DE-ABE,82,0.42619258165359497,830
Miyazaki94,5,DE-ABE,83,0.42619258165359497,840
Miyazaki94,5,DE-ABE,84,0.4261922538280487,850
Miyazaki94,5,DE-ABE,85,0.4261922538280487,860
Miyazaki94,5,DE-ABE,86,0.4261922538280487,870
Miyazaki94,5,DE-ABE,87,0.4261917769908905,880
Miyazaki94,5,DE-ABE,88,0.4261917769908905,890
Miyazaki94,5,DE-ABE,89,0.4261917769908905,900
Miyazaki94,5,DE-ABE,90,0.42619168758392334,910
Miyazaki94,5,DE-ABE,91,0.42619168758392334,920
Miyazaki94,5,DE-ABE,92,0.42619141936302185,930
Miyazaki94,5,DE-ABE,93,0.4261912703514099,940
Miyazaki94,5,DE-ABE,94,0.4261912703514099,950
Miyazaki94,5,DE-ABE,95,0.4261908531188965,960
Miyazaki94,5,DE-ABE,96,0.4261901378631592,970
Miyazaki94,5,DE-ABE,97,0.4261901378631592,980
Miyazaki94,5,DE-ABE,98,0.4261901378631592,990
Miyazaki94,5,DE-ABE,99,0.4261901378631592,1000
Miyazaki94,5,GWO-ABE,0,0.4935794770717621,10
Miyazaki94,5,GWO-ABE,1,0.49313515424728394,20
Miyazaki94,5,GWO-ABE,2,0.46787887811660767,30
Miyazaki94,5,GWO-ABE,3,0.4715558886528015,40
Miyazaki94,5,GWO-ABE,4,0.4312575161457062,50
Miyazaki94,5,GWO-ABE,5,0.4517413377761841,60
Miyazaki94,5,GWO-ABE,6,0.4258460998535156,70
Miyazaki94,5,GWO-ABE,7,0.4439910054206848,80
Miyazaki94,5,GWO-ABE,8,0.4538739323616028,90
Miyazaki94,5,GWO-ABE,9,0.4034484922885895,100
Miyazaki94,5,GWO-ABE,10,0.4188563823699951,110
Miyazaki94,5,GWO-ABE,11,0.3932790458202362,120
Miyazaki94,5,GWO-ABE,12,0.40462684631347656,130
Miyazaki94,5,GWO-ABE,13,0.38694027066230774,140
Miyazaki94,5,GWO-ABE,14,0.39530783891677856,150
Miyazaki94,5,GWO-ABE,15,0.3955806791782379,160
Miyazaki94,5,GWO-ABE,16,0.4123353362083435,170
Miyazaki94,5,GWO-ABE,17,0.41281038522720337,180
Miyazaki94,5,GWO-ABE,18,0.40680551528930664,190
Miyazaki94,5,GWO-ABE,19,0.3978653848171234,200
Miyazaki94,5,GWO-ABE,20,0.39596450328826904,210
Miyazaki94,5,GWO-ABE,21,0.39275917410850525,220
Miyazaki94,5,GWO-ABE,22,0.3933049440383911,230
Miyazaki94,5,GWO-ABE,23,0.3846737742424011,240
Miyazaki94,5,GWO-ABE,24,0.3878246545791626,250
Miyazaki94,5,GWO-ABE,25,0.3912459909915924,260
Miyazaki94,5,GWO-ABE,26,0.3819144070148468,270
Miyazaki94,5,GWO-ABE,27,0.3902665078639984,280
Miyazaki94,5,GWO-ABE,28,0.38168853521347046,290
Miyazaki94,5,GWO-ABE,29,0.3903937339782715,300
Miyazaki94,5,GWO-ABE,30,0.39020565152168274,310
Miyazaki94,5,GWO-ABE,31,0.3915013074874878,320
Miyazaki94,5,GWO-ABE,32,0.3910978138446808,330
Miyazaki94,5,GWO-ABE,33,0.390487939119339,340
Miyazaki94,5,GWO-ABE,34,0.39201119542121887,350
Miyazaki94,5,GWO-ABE,35,0.4014827013015747,360
Miyazaki94,5,GWO-ABE,36,0.3905436396598816,370
Miyazaki94,5,GWO-ABE,37,0.3904377222061157,380
Miyazaki94,5,GWO-ABE,38,0.3915306031703949,390
Miyazaki94,5,GWO-ABE,39,0.3917247951030731,400
Miyazaki94,5,GWO-ABE,40,0.3913787007331848,410
Miyazaki94,5,GWO-ABE,41,0.3909664452075958,420
Miyazaki94,5,GWO-ABE,42,0.3903616964817047,430
Miyazaki94,5,GWO-ABE,43,0.3911682963371277,440
Miyazaki94,5,GWO-ABE,44,0.3902972936630249,450
Miyazaki94,5,GWO-ABE,45,0.3907930552959442,460
Miyazaki94,5,GWO-ABE,46,0.3906612694263458,470
Miyazaki94,5,GWO-ABE,47,0.3971734941005707,480
Miyazaki94,5,GWO-ABE,48,0.3907508850097656,490
Miyazaki94,5,GWO-ABE,49,0.39166343212127686,500
Miyazaki94,5,GWO-ABE,50,0.39053818583488464,510
Miyazaki94,5,GWO-ABE,51,0.39033761620521545,520
Miyazaki94,5,GWO-ABE,52,0.3900904059410095,530
Miyazaki94,5,GWO-ABE,53,0.3901119530200958,540
Miyazaki94,5,GWO-ABE,54,0.39040693640708923,550
Miyazaki94,5,GWO-ABE,55,0.39020317792892456,560
Miyazaki94,5,GWO-ABE,56,0.3900645971298218,570
Miyazaki94,5,GWO-ABE,57,0.39001259207725525,580
Miyazaki94,5,GWO-ABE,58,0.38945749402046204,590
Miyazaki94,5,GWO-ABE,59,0.39046716690063477,600
Miyazaki94,5,GWO-ABE,60,0.3919016718864441,610
Miyazaki94,5,GWO-ABE,61,0.3898528218269348,620
Miyazaki94,5,GWO-ABE,62,0.38991403579711914,630
Miyazaki94,5,GWO-ABE,63,0.38992971181869507,640
Miyazaki94,5,GWO-ABE,64,0.38955172896385193,650
Miyazaki94,5,GWO-ABE,65,0.39003637433052063,660
Miyazaki94,5,GWO-ABE,66,0.39145350456237793,670
Miyazaki94,5,GWO-ABE,67,0.3894244432449341,680
Miyazaki94,5,GWO-ABE,68,0.3896203935146332,690
Miyazaki94,5,GWO-ABE,69,0.3898722529411316,700
Miyazaki94,5,GWO-ABE,70,0.39010104537010193,710
Miyazaki94,5,GWO-ABE,71,0.39026108384132385,720
Miyazaki94,5,GWO-ABE,72,0.3902798593044281,730
Miyazaki94,5,GWO-ABE,73,0.39037075638771057,740
Miyazaki94,5,GWO-ABE,74,0.39012226462364197,750
Miyazaki94,5,GWO-ABE,75,0.3900468945503235,760
Miyazaki94,5,GWO-ABE,76,0.3903261125087738,770
Miyazaki94,5,GWO-ABE,77,0.39044198393821716,780
Miyazaki94,5,GWO-ABE,78,0.3905089497566223,790
Miyazaki94,5,GWO-ABE,79,0.3907998502254486,800
Miyazaki94,5,GWO-ABE,80,0.3903239071369171,810
Miyazaki94,5,GWO-ABE,81,0.39046141505241394,820
Miyazaki94,5,GWO-ABE,82,0.3902926445007324,830
Miyazaki94,5,GWO-ABE,83,0.3903034031391144,840
Miyazaki94,5,GWO-ABE,84,0.3902789354324341,850
Miyazaki94,5,GWO-ABE,85,0.39037996530532837,860
Miyazaki94,5,GWO-ABE,86,0.3903886675834656,870
Miyazaki94,5,GWO-ABE,87,0.39042139053344727,880
Miyazaki94,5,GWO-ABE,88,0.3901854157447815,890
Miyazaki94,5,GWO-ABE,89,0.3902738392353058,900
Miyazaki94,5,GWO-ABE,90,0.39017724990844727,910
Miyazaki94,5,GWO-ABE,91,0.39015695452690125,920
Miyazaki94,5,GWO-ABE,92,0.3902400732040405,930
Miyazaki94,5,GWO-ABE,93,0.39012065529823303,940
Miyazaki94,5,GWO-ABE,94,0.39012908935546875,950
Miyazaki94,5,GWO-ABE,95,0.3901422321796417,960
Miyazaki94,5,GWO-ABE,96,0.39012590050697327,970
Miyazaki94,5,GWO-ABE,97,0.3900839388370514,980
Miyazaki94,5,GWO-ABE,98,0.3901015818119049,990
Miyazaki94,5,GWO-ABE,99,0.3900947868824005,1000
Miyazaki94,5,WOA-ABE,0,0.52488774061203,10
Miyazaki94,5,WOA-ABE,1,0.4499804377555847,20
Miyazaki94,5,WOA-ABE,2,0.4499804377555847,30
Miyazaki94,5,WOA-ABE,3,0.44395366311073303,40
Miyazaki94,5,WOA-ABE,4,0.44299590587615967,50
Miyazaki94,5,WOA-ABE,5,0.44299590587615967,60
Miyazaki94,5,WOA-ABE,6,0.4376566708087921,70
Miyazaki94,5,WOA-ABE,7,0.40226462483406067,80
Miyazaki94,5,WOA-ABE,8,0.4022197127342224,90
Miyazaki94,5,WOA-ABE,9,0.4016461968421936,100
Miyazaki94,5,WOA-ABE,10,0.4016461968421936,110
Miyazaki94,5,WOA-ABE,11,0.39678844809532166,120
Miyazaki94,5,WOA-ABE,12,0.39678844809532166,130
Miyazaki94,5,WOA-ABE,13,0.392612099647522,140
Miyazaki94,5,WOA-ABE,14,0.392610639333725,150
Miyazaki94,5,WOA-ABE,15,0.392610639333725,160
Miyazaki94,5,WOA-ABE,16,0.3926105797290802,170
Miyazaki94,5,WOA-ABE,17,0.3926105797290802,180
Miyazaki94,5,WOA-ABE,18,0.39261049032211304,190
Miyazaki94,5,WOA-ABE,19,0.39261049032211304,200
Miyazaki94,5,WOA-ABE,20,0.39260929822921753,210
Miyazaki94,5,WOA-ABE,21,0.39047497510910034,220
Miyazaki94,5,WOA-ABE,22,0.39047470688819885,230
Miyazaki94,5,WOA-ABE,23,0.39047402143478394,240
Miyazaki94,5,WOA-ABE,24,0.3904666006565094,250
Miyazaki94,5,WOA-ABE,25,0.3904666006565094,260
Miyazaki94,5,WOA-ABE,26,0.39046648144721985,270
Miyazaki94,5,WOA-ABE,27,0.3904663920402527,280
Miyazaki94,5,WOA-ABE,28,0.3904663920402527,290
Miyazaki94,5,WOA-ABE,29,0.3904660642147064,300
Miyazaki94,5,WOA-ABE,30,0.3904660642147064,310
Miyazaki94,5,WOA-ABE,31,0.3904660642147064,320
Miyazaki94,5,WOA-ABE,32,0.3904660642147064,330
Miyazaki94,5,WOA-ABE,33,0.3904660642147064,340
Miyazaki94,5,WOA-ABE,34,0.3904660642147064,350
Miyazaki94,5,WOA-ABE,35,0.3904660642147064,360
Miyazaki94,5,WOA-ABE,36,0.3904660642147064,370
Miyazaki94,5,WOA-ABE,37,0.3904660642147064,380
Miyazaki94,5,WOA-ABE,38,0.3904660642147064,390
Miyazaki94,5,WOA-ABE,39,0.3904660642147064,400
Miyazaki94,5,WOA-ABE,40,0.3904660642147064,410
Miyazaki94,5,WOA-ABE,41,0.3904660642147064,420
Miyazaki94,5,WOA-ABE,42,0.3904660642147064,430
Miyazaki94,5,WOA-ABE,43,0.3904660642147064,440
Miyazaki94,5,WOA-ABE,44,0.3904660642147064,450
Miyazaki94,5,WOA-ABE,45,0.3904660642147064,460
Miyazaki94,5,WOA-ABE,46,0.3904660642147064,470
Miyazaki94,5,WOA-ABE,47,0.3904660642147064,480
Miyazaki94,5,WOA-ABE,48,0.3904660642147064,490
Miyazaki94,5,WOA-ABE,49,0.3904660642147064,500
Miyazaki94,5,WOA-ABE,50,0.3904660642147064,510
Miyazaki94,5,WOA-ABE,51,0.3904660642147064,520
Miyazaki94,5,WOA-ABE,52,0.3904660642147064,530
Miyazaki94,5,WOA-ABE,53,0.3904660642147064,540
Miyazaki94,5,WOA-ABE,54,0.3904660642147064,550
Miyazaki94,5,WOA-ABE,55,0.3904660642147064,560
Miyazaki94,5,WOA-ABE,56,0.3904660642147064,570
Miyazaki94,5,WOA-ABE,57,0.3904660642147064,580
Miyazaki94,5,WOA-ABE,58,0.3904660642147064,590
Miyazaki94,5,WOA-ABE,59,0.39046603441238403,600
Miyazaki94,5,WOA-ABE,60,0.39046603441238403,610
Miyazaki94,5,WOA-ABE,61,0.39046603441238403,620
Miyazaki94,5,WOA-ABE,62,0.39046603441238403,630
Miyazaki94,5,WOA-ABE,63,0.39046603441238403,640
Miyazaki94,5,WOA-ABE,64,0.39046603441238403,650
Miyazaki94,5,WOA-ABE,65,0.39046603441238403,660
Miyazaki94,5,WOA-ABE,66,0.39046603441238403,670
Miyazaki94,5,WOA-ABE,67,0.39046603441238403,680
Miyazaki94,5,WOA-ABE,68,0.39046603441238403,690
Miyazaki94,5,WOA-ABE,69,0.39046603441238403,700
Miyazaki94,5,WOA-ABE,70,0.39046603441238403,710
Miyazaki94,5,WOA-ABE,71,0.39046603441238403,720
Miyazaki94,5,WOA-ABE,72,0.39046603441238403,730
Miyazaki94,5,WOA-ABE,73,0.39046603441238403,740
Miyazaki94,5,WOA-ABE,74,0.39046603441238403,750
Miyazaki94,5,WOA-ABE,75,0.39046603441238403,760
Miyazaki94,5,WOA-ABE,76,0.39046603441238403,770
Miyazaki94,5,WOA-ABE,77,0.39046603441238403,780
Miyazaki94,5,WOA-ABE,78,0.39046603441238403,790
Miyazaki94,5,WOA-ABE,79,0.39046603441238403,800
Miyazaki94,5,WOA-ABE,80,0.39046603441238403,810
Miyazaki94,5,WOA-ABE,81,0.39046603441238403,820
Miyazaki94,5,WOA-ABE,82,0.39046603441238403,830
Miyazaki94,5,WOA-ABE,83,0.39046603441238403,840
Miyazaki94,5,WOA-ABE,84,0.39046603441238403,850
Miyazaki94,5,WOA-ABE,85,0.39046603441238403,860
Miyazaki94,5,WOA-ABE,86,0.39046603441238403,870
Miyazaki94,5,WOA-ABE,87,0.39046603441238403,880
Miyazaki94,5,WOA-ABE,88,0.39046603441238403,890
Miyazaki94,5,WOA-ABE,89,0.39046603441238403,900
Miyazaki94,5,WOA-ABE,90,0.39046603441238403,910
Miyazaki94,5,WOA-ABE,91,0.39046603441238403,920
Miyazaki94,5,WOA-ABE,92,0.39046603441238403,930
Miyazaki94,5,WOA-ABE,93,0.39046603441238403,940
Miyazaki94,5,WOA-ABE,94,0.39046603441238403,950
Miyazaki94,5,WOA-ABE,95,0.39046603441238403,960
Miyazaki94,5,WOA-ABE,96,0.39046603441238403,970
Miyazaki94,5,WOA-ABE,97,0.39046603441238403,980
Miyazaki94,5,WOA-ABE,98,0.39046603441238403,990
Miyazaki94,5,WOA-ABE,99,0.39046603441238403,1000
Miyazaki94,5,FAABE,0,0.49546054005622864,10
Miyazaki94,5,FAABE,1,0.48635536432266235,20
Miyazaki94,5,FAABE,2,0.4623001515865326,30
Miyazaki94,5,FAABE,3,0.4623001515865326,40
Miyazaki94,5,FAABE,4,0.45513659715652466,50
Miyazaki94,5,FAABE,5,0.45513659715652466,60
Miyazaki94,5,FAABE,6,0.45513659715652466,70
Miyazaki94,5,FAABE,7,0.4379812180995941,80
Miyazaki94,5,FAABE,8,0.4379812180995941,90
Miyazaki94,5,FAABE,9,0.4374229907989502,100
Miyazaki94,5,FAABE,10,0.43259066343307495,110
Miyazaki94,5,FAABE,11,0.43259066343307495,120
Miyazaki94,5,FAABE,12,0.43259066343307495,130
Miyazaki94,5,FAABE,13,0.43259066343307495,140
Miyazaki94,5,FAABE,14,0.43259066343307495,150
Miyazaki94,5,FAABE,15,0.43259066343307495,160
Miyazaki94,5,FAABE,16,0.4142501652240753,170
Miyazaki94,5,FAABE,17,0.4142501652240753,180
Miyazaki94,5,FAABE,18,0.4142501652240753,190
Miyazaki94,5,FAABE,19,0.4142501652240753,200
Miyazaki94,5,FAABE,20,0.4142501652240753,210
Miyazaki94,5,FAABE,21,0.4142501652240753,220
Miyazaki94,5,FAABE,22,0.4142501652240753,230
Miyazaki94,5,FAABE,23,0.4142501652240753,240
Miyazaki94,5,FAABE,24,0.4142501652240753,250
Miyazaki94,5,FAABE,25,0.4142501652240753,260
Miyazaki94,5,FAABE,26,0.4142501652240753,270
Miyazaki94,5,FAABE,27,0.4142501652240753,280
Miyazaki94,5,FAABE,28,0.4142501652240753,290
Miyazaki94,5,FAABE,29,0.4142501652240753,300
Miyazaki94,5,FAABE,30,0.4142501652240753,310
Miyazaki94,5,FAABE,31,0.4142501652240753,320
Miyazaki94,5,FAABE,32,0.4142501652240753,330
Miyazaki94,5,FAABE,33,0.4142501652240753,340
Miyazaki94,5,FAABE,34,0.4142501652240753,350
Miyazaki94,5,FAABE,35,0.4142501652240753,360
Miyazaki94,5,FAABE,36,0.4142501652240753,370
Miyazaki94,5,FAABE,37,0.4142501652240753,380
Miyazaki94,5,FAABE,38,0.4142501652240753,390
Miyazaki94,5,FAABE,39,0.4142501652240753,400
Miyazaki94,5,FAABE,40,0.4142501652240753,410
Miyazaki94,5,FAABE,41,0.4142501652240753,420
Miyazaki94,5,FAABE,42,0.4142501652240753,430
Miyazaki94,5,FAABE,43,0.4142501652240753,440
Miyazaki94,5,FAABE,44,0.4142501652240753,450
Miyazaki94,5,FAABE,45,0.4142501652240753,460
Miyazaki94,5,FAABE,46,0.4142501652240753,470
Miyazaki94,5,FAABE,47,0.4142501652240753,480
Miyazaki94,5,FAABE,48,0.4142501652240753,490
Miyazaki94,5,FAABE,49,0.4142501652240753,500
Miyazaki94,5,FAABE,50,0.4142501652240753,510
Miyazaki94,5,FAABE,51,0.4142501652240753,520
Miyazaki94,5,FAABE,52,0.4142501652240753,530
Miyazaki94,5,FAABE,53,0.4142501652240753,540
Miyazaki94,5,FAABE,54,0.4142501652240753,550
Miyazaki94,5,FAABE,55,0.4142501652240753,560
Miyazaki94,5,FAABE,56,0.4142501652240753,570
Miyazaki94,5,FAABE,57,0.4142501652240753,580
Miyazaki94,5,FAABE,58,0.4142501652240753,590
Miyazaki94,5,FAABE,59,0.4142501652240753,600
Miyazaki94,5,FAABE,60,0.4142501652240753,610
Miyazaki94,5,FAABE,61,0.4142501652240753,620
Miyazaki94,5,FAABE,62,0.4142501652240753,630
Miyazaki94,5,FAABE,63,0.4142501652240753,640
Miyazaki94,5,FAABE,64,0.4142501652240753,650
Miyazaki94,5,FAABE,65,0.4142501652240753,660
Miyazaki94,5,FAABE,66,0.4142501652240753,670
Miyazaki94,5,FAABE,67,0.4142501652240753,680
Miyazaki94,5,FAABE,68,0.4142501652240753,690
Miyazaki94,5,FAABE,69,0.4142501652240753,700
Miyazaki94,5,FAABE,70,0.4142501652240753,710
Miyazaki94,5,FAABE,71,0.4142501652240753,720
Miyazaki94,5,FAABE,72,0.4142501652240753,730
Miyazaki94,5,FAABE,73,0.4142501652240753,740
Miyazaki94,5,FAABE,74,0.4142501652240753,750
Miyazaki94,5,FAABE,75,0.4142501652240753,760
Miyazaki94,5,FAABE,76,0.4142501652240753,770
Miyazaki94,5,FAABE,77,0.4142501652240753,780
Miyazaki94,5,FAABE,78,0.4142501652240753,790
Miyazaki94,5,FAABE,79,0.4142501652240753,800
Miyazaki94,5,FAABE,80,0.4142501652240753,810
Miyazaki94,5,FAABE,81,0.4142501652240753,820
Miyazaki94,5,FAABE,82,0.4142501652240753,830
Miyazaki94,5,FAABE,83,0.4142501652240753,840
Miyazaki94,5,FAABE,84,0.4142501652240753,850
Miyazaki94,5,FAABE,85,0.4142501652240753,860
Miyazaki94,5,FAABE,86,0.4142501652240753,870
Miyazaki94,5,FAABE,87,0.4142501652240753,880
Miyazaki94,5,FAABE,88,0.4142501652240753,890
Miyazaki94,5,FAABE,89,0.4142501652240753,900
Miyazaki94,5,FAABE,90,0.4142501652240753,910
Miyazaki94,5,FAABE,91,0.4142501652240753,920
Miyazaki94,5,FAABE,92,0.4142501652240753,930
Miyazaki94,5,FAABE,93,0.4142501652240753,940
Miyazaki94,5,FAABE,94,0.4142501652240753,950
Miyazaki94,5,FAABE,95,0.4142501652240753,960
Miyazaki94,5,FAABE,96,0.4142501652240753,970
Miyazaki94,5,FAABE,97,0.4142501652240753,980
Miyazaki94,5,FAABE,98,0.4142501652240753,990
Miyazaki94,5,FAABE,99,0.4142501652240753,1000
Miyazaki94,6,GA-ABE,0,0.5801337957382202,10
Miyazaki94,6,GA-ABE,1,0.5801337957382202,20
Miyazaki94,6,GA-ABE,2,0.557097852230072,30
Miyazaki94,6,GA-ABE,3,0.557097852230072,40
Miyazaki94,6,GA-ABE,4,0.557097852230072,50
Miyazaki94,6,GA-ABE,5,0.557097852230072,60
Miyazaki94,6,GA-ABE,6,0.5020385384559631,70
Miyazaki94,6,GA-ABE,7,0.5020385384559631,80
Miyazaki94,6,GA-ABE,8,0.5020385384559631,90
Miyazaki94,6,GA-ABE,9,0.47793349623680115,100
Miyazaki94,6,GA-ABE,10,0.47793349623680115,110
Miyazaki94,6,GA-ABE,11,0.4762977659702301,120
Miyazaki94,6,GA-ABE,12,0.45102304220199585,130
Miyazaki94,6,GA-ABE,13,0.45102304220199585,140
Miyazaki94,6,GA-ABE,14,0.45102301239967346,150
Miyazaki94,6,GA-ABE,15,0.45102301239967346,160
Miyazaki94,6,GA-ABE,16,0.45102301239967346,170
Miyazaki94,6,GA-ABE,17,0.44862011075019836,180
Miyazaki94,6,GA-ABE,18,0.44862011075019836,190
Miyazaki94,6,GA-ABE,19,0.42549824714660645,200
Miyazaki94,6,GA-ABE,20,0.42549824714660645,210
Miyazaki94,6,GA-ABE,21,0.42549824714660645,220
Miyazaki94,6,GA-ABE,22,0.42549824714660645,230
Miyazaki94,6,GA-ABE,23,0.40479105710983276,240
Miyazaki94,6,GA-ABE,24,0.40479105710983276,250
Miyazaki94,6,GA-ABE,25,0.40479105710983276,260
Miyazaki94,6,GA-ABE,26,0.40108755230903625,270
Miyazaki94,6,GA-ABE,27,0.3946400582790375,280
Miyazaki94,6,GA-ABE,28,0.3946400582790375,290
Miyazaki94,6,GA-ABE,29,0.3887052834033966,300
Miyazaki94,6,GA-ABE,30,0.3877291977405548,310
Miyazaki94,6,GA-ABE,31,0.38249799609184265,320
Miyazaki94,6,GA-ABE,32,0.3748237192630768,330
Miyazaki94,6,GA-ABE,33,0.3748237192630768,340
Miyazaki94,6,GA-ABE,34,0.3739778697490692,350
Miyazaki94,6,GA-ABE,35,0.3739778697490692,360
Miyazaki94,6,GA-ABE,36,0.37397757172584534,370
Miyazaki94,6,GA-ABE,37,0.37397757172584534,380
Miyazaki94,6,GA-ABE,38,0.3739086091518402,390
Miyazaki94,6,GA-ABE,39,0.3737669289112091,400
Miyazaki94,6,GA-ABE,40,0.3737669289112091,410
Miyazaki94,6,GA-ABE,41,0.3737669289112091,420
Miyazaki94,6,GA-ABE,42,0.3734808564186096,430
Miyazaki94,6,GA-ABE,43,0.3731388747692108,440
Miyazaki94,6,GA-ABE,44,0.3731388747692108,450
Miyazaki94,6,GA-ABE,45,0.36724334955215454,460
Miyazaki94,6,GA-ABE,46,0.36724334955215454,470
Miyazaki94,6,GA-ABE,47,0.36705300211906433,480
Miyazaki94,6,GA-ABE,48,0.36705300211906433,490
Miyazaki94,6,GA-ABE,49,0.3669690489768982,500
Miyazaki94,6,GA-ABE,50,0.3669690489768982,510
Miyazaki94,6,GA-ABE,51,0.3647702932357788,520
Miyazaki94,6,GA-ABE,52,0.3645924925804138,530
Miyazaki94,6,GA-ABE,53,0.3645924925804138,540
Miyazaki94,6,GA-ABE,54,0.3645924925804138,550
Miyazaki94,6,GA-ABE,55,0.3645924925804138,560
Miyazaki94,6,GA-ABE,56,0.3645924925804138,570
Miyazaki94,6,GA-ABE,57,0.3645924925804138,580
Miyazaki94,6,GA-ABE,58,0.3645924925804138,590
Miyazaki94,6,GA-ABE,59,0.3645924925804138,600
Miyazaki94,6,GA-ABE,60,0.3645924925804138,610
Miyazaki94,6,GA-ABE,61,0.3645924925804138,620
Miyazaki94,6,GA-ABE,62,0.3645924925804138,630
Miyazaki94,6,GA-ABE,63,0.3645924925804138,640
Miyazaki94,6,GA-ABE,64,0.3645924925804138,650
Miyazaki94,6,GA-ABE,65,0.3645924925804138,660
Miyazaki94,6,GA-ABE,66,0.36451196670532227,670
Miyazaki94,6,GA-ABE,67,0.36451196670532227,680
Miyazaki94,6,GA-ABE,68,0.3645041584968567,690
Miyazaki94,6,GA-ABE,69,0.3645041584968567,700
Miyazaki94,6,GA-ABE,70,0.36450323462486267,710
Miyazaki94,6,GA-ABE,71,0.3645031154155731,720
Miyazaki94,6,GA-ABE,72,0.36450302600860596,730
Miyazaki94,6,GA-ABE,73,0.36450302600860596,740
Miyazaki94,6,GA-ABE,74,0.36450284719467163,750
Miyazaki94,6,GA-ABE,75,0.36450284719467163,760
Miyazaki94,6,GA-ABE,76,0.36450284719467163,770
Miyazaki94,6,GA-ABE,77,0.36450278759002686,780
Miyazaki94,6,GA-ABE,78,0.36450275778770447,790
Miyazaki94,6,GA-ABE,79,0.36450275778770447,800
Miyazaki94,6,GA-ABE,80,0.36450275778770447,810
Miyazaki94,6,GA-ABE,81,0.36450275778770447,820
Miyazaki94,6,GA-ABE,82,0.36450275778770447,830
Miyazaki94,6,GA-ABE,83,0.36450275778770447,840
Miyazaki94,6,GA-ABE,84,0.36450275778770447,850
Miyazaki94,6,GA-ABE,85,0.36450275778770447,860
Miyazaki94,6,GA-ABE,86,0.36450275778770447,870
Miyazaki94,6,GA-ABE,87,0.36450275778770447,880
Miyazaki94,6,GA-ABE,88,0.3643910586833954,890
Miyazaki94,6,GA-ABE,89,0.3643910586833954,900
Miyazaki94,6,GA-ABE,90,0.3643910586833954,910
Miyazaki94,6,GA-ABE,91,0.3643910586833954,920
Miyazaki94,6,GA-ABE,92,0.3643910586833954,930
Miyazaki94,6,GA-ABE,93,0.3643910586833954,940
Miyazaki94,6,GA-ABE,94,0.3643910586833954,950
Miyazaki94,6,GA-ABE,95,0.3643910586833954,960
Miyazaki94,6,GA-ABE,96,0.3643910586833954,970
Miyazaki94,6,GA-ABE,97,0.3643910586833954,980
Miyazaki94,6,GA-ABE,98,0.3643910586833954,990
Miyazaki94,6,GA-ABE,99,0.3643910586833954,1000
Miyazaki94,6,PSO-ABE,0,0.6161342263221741,10
Miyazaki94,6,PSO-ABE,1,0.5909202098846436,20
Miyazaki94,6,PSO-ABE,2,0.5170320868492126,30
Miyazaki94,6,PSO-ABE,3,0.4932140111923218,40
Miyazaki94,6,PSO-ABE,4,0.47102347016334534,50
Miyazaki94,6,PSO-ABE,5,0.47102347016334534,60
Miyazaki94,6,PSO-ABE,6,0.46002939343452454,70
Miyazaki94,6,PSO-ABE,7,0.4147929549217224,80
Miyazaki94,6,PSO-ABE,8,0.40824952721595764,90
Miyazaki94,6,PSO-ABE,9,0.40824952721595764,100
Miyazaki94,6,PSO-ABE,10,0.40824952721595764,110
Miyazaki94,6,PSO-ABE,11,0.40824952721595764,120
Miyazaki94,6,PSO-ABE,12,0.40824952721595764,130
Miyazaki94,6,PSO-ABE,13,0.40824952721595764,140
Miyazaki94,6,PSO-ABE,14,0.40824952721595764,150
Miyazaki94,6,PSO-ABE,15,0.40824952721595764,160
Miyazaki94,6,PSO-ABE,16,0.40824952721595764,170
Miyazaki94,6,PSO-ABE,17,0.40824952721595764,180
Miyazaki94,6,PSO-ABE,18,0.4082294702529907,190
Miyazaki94,6,PSO-ABE,19,0.4079091250896454,200
Miyazaki94,6,PSO-ABE,20,0.4076860845088959,210
Miyazaki94,6,PSO-ABE,21,0.40578213334083557,220
Miyazaki94,6,PSO-ABE,22,0.40572330355644226,230
Miyazaki94,6,PSO-ABE,23,0.40493667125701904,240
Miyazaki94,6,PSO-ABE,24,0.40493667125701904,250
Miyazaki94,6,PSO-ABE,25,0.40493667125701904,260
Miyazaki94,6,PSO-ABE,26,0.40493667125701904,270
Miyazaki94,6,PSO-ABE,27,0.40493667125701904,280
Miyazaki94,6,PSO-ABE,28,0.40493667125701904,290
Miyazaki94,6,PSO-ABE,29,0.40338942408561707,300
Miyazaki94,6,PSO-ABE,30,0.40264466404914856,310
Miyazaki94,6,PSO-ABE,31,0.40261369943618774,320
Miyazaki94,6,PSO-ABE,32,0.40261369943618774,330
Miyazaki94,6,PSO-ABE,33,0.40261369943618774,340
Miyazaki94,6,PSO-ABE,34,0.3986918330192566,350
Miyazaki94,6,PSO-ABE,35,0.39841386675834656,360
Miyazaki94,6,PSO-ABE,36,0.39841386675834656,370
Miyazaki94,6,PSO-ABE,37,0.39841386675834656,380
Miyazaki94,6,PSO-ABE,38,0.39841386675834656,390
Miyazaki94,6,PSO-ABE,39,0.39841386675834656,400
Miyazaki94,6,PSO-ABE,40,0.3983970582485199,410
Miyazaki94,6,PSO-ABE,41,0.3983725607395172,420
Miyazaki94,6,PSO-ABE,42,0.3983725607395172,430
Miyazaki94,6,PSO-ABE,43,0.3983469307422638,440
Miyazaki94,6,PSO-ABE,44,0.3983469307422638,450
Miyazaki94,6,PSO-ABE,45,0.3983301520347595,460
Miyazaki94,6,PSO-ABE,46,0.3983301520347595,470
Miyazaki94,6,PSO-ABE,47,0.3983195126056671,480
Miyazaki94,6,PSO-ABE,48,0.3983195126056671,490
Miyazaki94,6,PSO-ABE,49,0.3983195126056671,500
Miyazaki94,6,PSO-ABE,50,0.3983195126056671,510
Miyazaki94,6,PSO-ABE,51,0.3983195126056671,520
Miyazaki94,6,PSO-ABE,52,0.3983195126056671,530
Miyazaki94,6,PSO-ABE,53,0.3983038067817688,540
Miyazaki94,6,PSO-ABE,54,0.3982335329055786,550
Miyazaki94,6,PSO-ABE,55,0.3982335329055786,560
Miyazaki94,6,PSO-ABE,56,0.3982335329055786,570
Miyazaki94,6,PSO-ABE,57,0.3982335329055786,580
Miyazaki94,6,PSO-ABE,58,0.3982335329055786,590
Miyazaki94,6,PSO-ABE,59,0.39820483326911926,600
Miyazaki94,6,PSO-ABE,60,0.39820483326911926,610
Miyazaki94,6,PSO-ABE,61,0.39820483326911926,620
Miyazaki94,6,PSO-ABE,62,0.3981865346431732,630
Miyazaki94,6,PSO-ABE,63,0.3981865346431732,640
Miyazaki94,6,PSO-ABE,64,0.39818644523620605,650
Miyazaki94,6,PSO-ABE,65,0.39818039536476135,660
Miyazaki94,6,PSO-ABE,66,0.3981761038303375,670
Miyazaki94,6,PSO-ABE,67,0.3981761038303375,680
Miyazaki94,6,PSO-ABE,68,0.39817410707473755,690
Miyazaki94,6,PSO-ABE,69,0.39817410707473755,700
Miyazaki94,6,PSO-ABE,70,0.39816638827323914,710
Miyazaki94,6,PSO-ABE,71,0.39816638827323914,720
Miyazaki94,6,PSO-ABE,72,0.39816638827323914,730
Miyazaki94,6,PSO-ABE,73,0.39816638827323914,740
Miyazaki94,6,PSO-ABE,74,0.39816638827323914,750
Miyazaki94,6,PSO-ABE,75,0.39816638827323914,760
Miyazaki94,6,PSO-ABE,76,0.3981640934944153,770
Miyazaki94,6,PSO-ABE,77,0.3981640934944153,780
Miyazaki94,6,PSO-ABE,78,0.3981640934944153,790
Miyazaki94,6,PSO-ABE,79,0.3981640934944153,800
Miyazaki94,6,PSO-ABE,80,0.3981640934944153,810
Miyazaki94,6,PSO-ABE,81,0.3981640934944153,820
Miyazaki94,6,PSO-ABE,82,0.3981640934944153,830
Miyazaki94,6,PSO-ABE,83,0.3981640934944153,840
Miyazaki94,6,PSO-ABE,84,0.3981640934944153,850
Miyazaki94,6,PSO-ABE,85,0.3981640934944153,860
Miyazaki94,6,PSO-ABE,86,0.3981640934944153,870
Miyazaki94,6,PSO-ABE,87,0.3981640934944153,880
Miyazaki94,6,PSO-ABE,88,0.39816391468048096,890
Miyazaki94,6,PSO-ABE,89,0.398162305355072,900
Miyazaki94,6,PSO-ABE,90,0.398162305355072,910
Miyazaki94,6,PSO-ABE,91,0.3981611132621765,920
Miyazaki94,6,PSO-ABE,92,0.3981611132621765,930
Miyazaki94,6,PSO-ABE,93,0.3981611132621765,940
Miyazaki94,6,PSO-ABE,94,0.3981609642505646,950
Miyazaki94,6,PSO-ABE,95,0.3981609642505646,960
Miyazaki94,6,PSO-ABE,96,0.3981609642505646,970
Miyazaki94,6,PSO-ABE,97,0.3981609642505646,980
Miyazaki94,6,PSO-ABE,98,0.3981609642505646,990
Miyazaki94,6,PSO-ABE,99,0.3981609642505646,1000
Miyazaki94,6,DE-ABE,0,0.5074125528335571,10
Miyazaki94,6,DE-ABE,1,0.5069771409034729,20
Miyazaki94,6,DE-ABE,2,0.5069771409034729,30
Miyazaki94,6,DE-ABE,3,0.5069771409034729,40
Miyazaki94,6,DE-ABE,4,0.5069771409034729,50
Miyazaki94,6,DE-ABE,5,0.4797458052635193,60
Miyazaki94,6,DE-ABE,6,0.4797458052635193,70
Miyazaki94,6,DE-ABE,7,0.47335007786750793,80
Miyazaki94,6,DE-ABE,8,0.47335007786750793,90
Miyazaki94,6,DE-ABE,9,0.4723986089229584,100
Miyazaki94,6,DE-ABE,10,0.4723986089229584,110
Miyazaki94,6,DE-ABE,11,0.4723986089229584,120
Miyazaki94,6,DE-ABE,12,0.4723986089229584,130
Miyazaki94,6,DE-ABE,13,0.4709077775478363,140
Miyazaki94,6,DE-ABE,14,0.4709077775478363,150
Miyazaki94,6,DE-ABE,15,0.46941083669662476,160
Miyazaki94,6,DE-ABE,16,0.46941083669662476,170
Miyazaki94,6,DE-ABE,17,0.46941083669662476,180
Miyazaki94,6,DE-ABE,18,0.46941083669662476,190
Miyazaki94,6,DE-ABE,19,0.46941083669662476,200
Miyazaki94,6,DE-ABE,20,0.46941083669662476,210
Miyazaki94,6,DE-ABE,21,0.46941083669662476,220
Miyazaki94,6,DE-ABE,22,0.46941083669662476,230
Miyazaki94,6,DE-ABE,23,0.46941083669662476,240
Miyazaki94,6,DE-ABE,24,0.46941083669662476,250
Miyazaki94,6,DE-ABE,25,0.44740089774131775,260
Miyazaki94,6,DE-ABE,26,0.44740089774131775,270
Miyazaki94,6,DE-ABE,27,0.44740089774131775,280
Miyazaki94,6,DE-ABE,28,0.44740089774131775,290
Miyazaki94,6,DE-ABE,29,0.44740089774131775,300
Miyazaki94,6,DE-ABE,30,0.44740089774131775,310
Miyazaki94,6,DE-ABE,31,0.44740089774131775,320
Miyazaki94,6,DE-ABE,32,0.43505117297172546,330
Miyazaki94,6,DE-ABE,33,0.43505117297172546,340
Miyazaki94,6,DE-ABE,34,0.43505117297172546,350
Miyazaki94,6,DE-ABE,35,0.43505117297172546,360
Miyazaki94,6,DE-ABE,36,0.43505117297172546,370
Miyazaki94,6,DE-ABE,37,0.43009477853775024,380
Miyazaki94,6,DE-ABE,38,0.43009477853775024,390
Miyazaki94,6,DE-ABE,39,0.4287838637828827,400
Miyazaki94,6,DE-ABE,40,0.4205160439014435,410
Miyazaki94,6,DE-ABE,41,0.4205160439014435,420
Miyazaki94,6,DE-ABE,42,0.41752251982688904,430
Miyazaki94,6,DE-ABE,43,0.41752251982688904,440
Miyazaki94,6,DE-ABE,44,0.4106922447681427,450
Miyazaki94,6,DE-ABE,45,0.4106922447681427,460
Miyazaki94,6,DE-ABE,46,0.4106922447681427,470
Miyazaki94,6,DE-ABE,47,0.4106922447681427,480
Miyazaki94,6,DE-ABE,48,0.4106922447681427,490
Miyazaki94,6,DE-ABE,49,0.4106922447681427,500
Miyazaki94,6,DE-ABE,50,0.4086894989013672,510
Miyazaki94,6,DE-ABE,51,0.4086894989013672,520
Miyazaki94,6,DE-ABE,52,0.4086894989013672,530
Miyazaki94,6,DE-ABE,53,0.4086894989013672,540
Miyazaki94,6,DE-ABE,54,0.4063270092010498,550
Miyazaki94,6,DE-ABE,55,0.4063270092010498,560
Miyazaki94,6,DE-ABE,56,0.4063270092010498,570
Miyazaki94,6,DE-ABE,57,0.4063270092010498,580
Miyazaki94,6,DE-ABE,58,0.4063270092010498,590
Miyazaki94,6,DE-ABE,59,0.4063270092010498,600
Miyazaki94,6,DE-ABE,60,0.4063270092010498,610
Miyazaki94,6,DE-ABE,61,0.40626588463783264,620
Miyazaki94,6,DE-ABE,62,0.3998532295227051,630
Miyazaki94,6,DE-ABE,63,0.3998532295227051,640
Miyazaki94,6,DE-ABE,64,0.3998532295227051,650
Miyazaki94,6,DE-ABE,65,0.3998532295227051,660
Miyazaki94,6,DE-ABE,66,0.3998532295227051,670
Miyazaki94,6,DE-ABE,67,0.3998532295227051,680
Miyazaki94,6,DE-ABE,68,0.3998491168022156,690
Miyazaki94,6,DE-ABE,69,0.39975613355636597,700
Miyazaki94,6,DE-ABE,70,0.39975613355636597,710
Miyazaki94,6,DE-ABE,71,0.39975613355636597,720
Miyazaki94,6,DE-ABE,72,0.39975613355636597,730
Miyazaki94,6,DE-ABE,73,0.39975613355636597,740
Miyazaki94,6,DE-ABE,74,0.39975613355636597,750
Miyazaki94,6,DE-ABE,75,0.3997429609298706,760
Miyazaki94,6,DE-ABE,76,0.39972978830337524,770
Miyazaki94,6,DE-ABE,77,0.39972051978111267,780
Miyazaki94,6,DE-ABE,78,0.39972051978111267,790
Miyazaki94,6,DE-ABE,79,0.39972051978111267,800
Miyazaki94,6,DE-ABE,80,0.39971989393234253,810
Miyazaki94,6,DE-ABE,81,0.39971399307250977,820
Miyazaki94,6,DE-ABE,82,0.39971399307250977,830
Miyazaki94,6,DE-ABE,83,0.3997112512588501,840
Miyazaki94,6,DE-ABE,84,0.3997112512588501,850
Miyazaki94,6,DE-ABE,85,0.39970862865448,860
Miyazaki94,6,DE-ABE,86,0.39970862865448,870
Miyazaki94,6,DE-ABE,87,0.3997052311897278,880
Miyazaki94,6,DE-ABE,88,0.3997039794921875,890
Miyazaki94,6,DE-ABE,89,0.3997039794921875,900
Miyazaki94,6,DE-ABE,90,0.3996948301792145,910
Miyazaki94,6,DE-ABE,91,0.39969033002853394,920
Miyazaki94,6,DE-ABE,92,0.39969033002853394,930
Miyazaki94,6,DE-ABE,93,0.39968809485435486,940
Miyazaki94,6,DE-ABE,94,0.3996769189834595,950
Miyazaki94,6,DE-ABE,95,0.3996769189834595,960
Miyazaki94,6,DE-ABE,96,0.3996734619140625,970
Miyazaki94,6,DE-ABE,97,0.3996734619140625,980
Miyazaki94,6,DE-ABE,98,0.3996734619140625,990
Miyazaki94,6,DE-ABE,99,0.3996709883213043,1000
Miyazaki94,6,GWO-ABE,0,0.5697410106658936,10
Miyazaki94,6,GWO-ABE,1,0.49522462487220764,20
Miyazaki94,6,GWO-ABE,2,0.49896833300590515,30
Miyazaki94,6,GWO-ABE,3,0.4867025911808014,40
Miyazaki94,6,GWO-ABE,4,0.4169425964355469,50
Miyazaki94,6,GWO-ABE,5,0.4242960810661316,60
Miyazaki94,6,GWO-ABE,6,0.4149959087371826,70
Miyazaki94,6,GWO-ABE,7,0.3993103504180908,80
Miyazaki94,6,GWO-ABE,8,0.38933253288269043,90
Miyazaki94,6,GWO-ABE,9,0.3899068236351013,100
Miyazaki94,6,GWO-ABE,10,0.3837566375732422,110
Miyazaki94,6,GWO-ABE,11,0.37964582443237305,120
Miyazaki94,6,GWO-ABE,12,0.37596237659454346,130
Miyazaki94,6,GWO-ABE,13,0.37486323714256287,140
Miyazaki94,6,GWO-ABE,14,0.3851280212402344,150
Miyazaki94,6,GWO-ABE,15,0.3773891031742096,160
Miyazaki94,6,GWO-ABE,16,0.38044118881225586,170
Miyazaki94,6,GWO-ABE,17,0.37407028675079346,180
Miyazaki94,6,GWO-ABE,18,0.38318270444869995,190
Miyazaki94,6,GWO-ABE,19,0.3758569657802582,200
Miyazaki94,6,GWO-ABE,20,0.3739648759365082,210
Miyazaki94,6,GWO-ABE,21,0.3812856078147888,220
Miyazaki94,6,GWO-ABE,22,0.37688881158828735,230
Miyazaki94,6,GWO-ABE,23,0.37393462657928467,240
Miyazaki94,6,GWO-ABE,24,0.373809814453125,250
Miyazaki94,6,GWO-ABE,25,0.37383517622947693,260
Miyazaki94,6,GWO-ABE,26,0.3665178418159485,270
Miyazaki94,6,GWO-ABE,27,0.3748573362827301,280
Miyazaki94,6,GWO-ABE,28,0.3754485249519348,290
Miyazaki94,6,GWO-ABE,29,0.3840864300727844,300
Miyazaki94,6,GWO-ABE,30,0.3754689395427704,310
Miyazaki94,6,GWO-ABE,31,0.3828381299972534,320
Miyazaki94,6,GWO-ABE,32,0.37578490376472473,330
Miyazaki94,6,GWO-ABE,33,0.38223186135292053,340
Miyazaki94,6,GWO-ABE,34,0.38086429238319397,350
Miyazaki94,6,GWO-ABE,35,0.3645856976509094,360
Miyazaki94,6,GWO-ABE,36,0.3459514379501343,370
Miyazaki94,6,GWO-ABE,37,0.3664396405220032,380
Miyazaki94,6,GWO-ABE,38,0.3682764172554016,390
Miyazaki94,6,GWO-ABE,39,0.3714713156223297,400
Miyazaki94,6,GWO-ABE,40,0.36379215121269226,410
Miyazaki94,6,GWO-ABE,41,0.35004153847694397,420
Miyazaki94,6,GWO-ABE,42,0.3596157133579254,430
Miyazaki94,6,GWO-ABE,43,0.34613916277885437,440
Miyazaki94,6,GWO-ABE,44,0.3600168228149414,450
Miyazaki94,6,GWO-ABE,45,0.36820709705352783,460
Miyazaki94,6,GWO-ABE,46,0.3616626262664795,470
Miyazaki94,6,GWO-ABE,47,0.3528306186199188,480
Miyazaki94,6,GWO-ABE,48,0.3633851408958435,490
Miyazaki94,6,GWO-ABE,49,0.3668096363544464,500
Miyazaki94,6,GWO-ABE,50,0.3787896931171417,510
Miyazaki94,6,GWO-ABE,51,0.3593689203262329,520
Miyazaki94,6,GWO-ABE,52,0.36765825748443604,530
Miyazaki94,6,GWO-ABE,53,0.3517036736011505,540
Miyazaki94,6,GWO-ABE,54,0.368970662355423,550
Miyazaki94,6,GWO-ABE,55,0.360904335975647,560
Miyazaki94,6,GWO-ABE,56,0.35187187790870667,570
Miyazaki94,6,GWO-ABE,57,0.36790356040000916,580
Miyazaki94,6,GWO-ABE,58,0.3622570335865021,590
Miyazaki94,6,GWO-ABE,59,0.365788072347641,600
Miyazaki94,6,GWO-ABE,60,0.36379292607307434,610
Miyazaki94,6,GWO-ABE,61,0.3637235462665558,620
Miyazaki94,6,GWO-ABE,62,0.36082592606544495,630
Miyazaki94,6,GWO-ABE,63,0.3600447475910187,640
Miyazaki94,6,GWO-ABE,64,0.3540826737880707,650
Miyazaki94,6,GWO-ABE,65,0.3552483022212982,660
Miyazaki94,6,GWO-ABE,66,0.36186501383781433,670
Miyazaki94,6,GWO-ABE,67,0.36053627729415894,680
Miyazaki94,6,GWO-ABE,68,0.3643064796924591,690
Miyazaki94,6,GWO-ABE,69,0.362160861492157,700
Miyazaki94,6,GWO-ABE,70,0.36567258834838867,710
Miyazaki94,6,GWO-ABE,71,0.3582713007926941,720
Miyazaki94,6,GWO-ABE,72,0.35544338822364807,730
Miyazaki94,6,GWO-ABE,73,0.3539182245731354,740
Miyazaki94,6,GWO-ABE,74,0.35748690366744995,750
Miyazaki94,6,GWO-ABE,75,0.3520640730857849,760
Miyazaki94,6,GWO-ABE,76,0.34727349877357483,770
Miyazaki94,6,GWO-ABE,77,0.35200607776641846,780
Miyazaki94,6,GWO-ABE,78,0.3470858037471771,790
Miyazaki94,6,GWO-ABE,79,0.3459785580635071,800
Miyazaki94,6,GWO-ABE,80,0.3543153405189514,810
Miyazaki94,6,GWO-ABE,81,0.35667645931243896,820
Miyazaki94,6,GWO-ABE,82,0.3617734909057617,830
Miyazaki94,6,GWO-ABE,83,0.34090131521224976,840
Miyazaki94,6,GWO-ABE,84,0.34046825766563416,850
Miyazaki94,6,GWO-ABE,85,0.34367308020591736,860
Miyazaki94,6,GWO-ABE,86,0.3458511531352997,870
Miyazaki94,6,GWO-ABE,87,0.3490694463253021,880
Miyazaki94,6,GWO-ABE,88,0.34589603543281555,890
Miyazaki94,6,GWO-ABE,89,0.3483262062072754,900
Miyazaki94,6,GWO-ABE,90,0.346012145280838,910
Miyazaki94,6,GWO-ABE,91,0.3412102460861206,920
Miyazaki94,6,GWO-ABE,92,0.34084218740463257,930
Miyazaki94,6,GWO-ABE,93,0.33847934007644653,940
Miyazaki94,6,GWO-ABE,94,0.3384571373462677,950
Miyazaki94,6,GWO-ABE,95,0.3384779989719391,960
Miyazaki94,6,GWO-ABE,96,0.33847370743751526,970
Miyazaki94,6,GWO-ABE,97,0.338474839925766,980
Miyazaki94,6,GWO-ABE,98,0.33846691250801086,990
Miyazaki94,6,GWO-ABE,99,0.3384605646133423,1000
Miyazaki94,6,WOA-ABE,0,0.663909375667572,10
Miyazaki94,6,WOA-ABE,1,0.6215919256210327,20
Miyazaki94,6,WOA-ABE,2,0.5110592246055603,30
Miyazaki94,6,WOA-ABE,3,0.4837340712547302,40
Miyazaki94,6,WOA-ABE,4,0.4393298029899597,50
Miyazaki94,6,WOA-ABE,5,0.4203822910785675,60
Miyazaki94,6,WOA-ABE,6,0.4001568555831909,70
Miyazaki94,6,WOA-ABE,7,0.395171582698822,80
Miyazaki94,6,WOA-ABE,8,0.3873850703239441,90
Miyazaki94,6,WOA-ABE,9,0.3873850703239441,100
Miyazaki94,6,WOA-ABE,10,0.3873850703239441,110
Miyazaki94,6,WOA-ABE,11,0.38095277547836304,120
Miyazaki94,6,WOA-ABE,12,0.38095277547836304,130
Miyazaki94,6,WOA-ABE,13,0.37616658210754395,140
Miyazaki94,6,WOA-ABE,14,0.37371769547462463,150
Miyazaki94,6,WOA-ABE,15,0.37371769547462463,160
Miyazaki94,6,WOA-ABE,16,0.37371769547462463,170
Miyazaki94,6,WOA-ABE,17,0.37371769547462463,180
Miyazaki94,6,WOA-ABE,18,0.3737162947654724,190
Miyazaki94,6,WOA-ABE,19,0.3620270788669586,200
Miyazaki94,6,WOA-ABE,20,0.3620270788669586,210
Miyazaki94,6,WOA-ABE,21,0.3407396078109741,220
Miyazaki94,6,WOA-ABE,22,0.3407396078109741,230
Miyazaki94,6,WOA-ABE,23,0.3407277464866638,240
Miyazaki94,6,WOA-ABE,24,0.3407251536846161,250
Miyazaki94,6,WOA-ABE,25,0.34071993827819824,260
Miyazaki94,6,WOA-ABE,26,0.34071993827819824,270
Miyazaki94,6,WOA-ABE,27,0.34071141481399536,280
Miyazaki94,6,WOA-ABE,28,0.34070897102355957,290
Miyazaki94,6,WOA-ABE,29,0.3407033681869507,300
Miyazaki94,6,WOA-ABE,30,0.34070292115211487,310
Miyazaki94,6,WOA-ABE,31,0.3407028615474701,320
Miyazaki94,6,WOA-ABE,32,0.3406999409198761,330
Miyazaki94,6,WOA-ABE,33,0.3406999409198761,340
Miyazaki94,6,WOA-ABE,34,0.3406999409198761,350
Miyazaki94,6,WOA-ABE,35,0.3406999409198761,360
Miyazaki94,6,WOA-ABE,36,0.3406999409198761,370
Miyazaki94,6,WOA-ABE,37,0.3406999409198761,380
Miyazaki94,6,WOA-ABE,38,0.3406999409198761,390
Miyazaki94,6,WOA-ABE,39,0.3406999409198761,400
Miyazaki94,6,WOA-ABE,40,0.3406999409198761,410
Miyazaki94,6,WOA-ABE,41,0.3406999409198761,420
Miyazaki94,6,WOA-ABE,42,0.3406999409198761,430
Miyazaki94,6,WOA-ABE,43,0.3406999111175537,440
Miyazaki94,6,WOA-ABE,44,0.3406999111175537,450
Miyazaki94,6,WOA-ABE,45,0.3406999111175537,460
Miyazaki94,6,WOA-ABE,46,0.3406999111175537,470
Miyazaki94,6,WOA-ABE,47,0.3406999111175537,480
Miyazaki94,6,WOA-ABE,48,0.3406999111175537,490
Miyazaki94,6,WOA-ABE,49,0.34068700671195984,500
Miyazaki94,6,WOA-ABE,50,0.34068700671195984,510
Miyazaki94,6,WOA-ABE,51,0.34068700671195984,520
Miyazaki94,6,WOA-ABE,52,0.34068700671195984,530
Miyazaki94,6,WOA-ABE,53,0.3406834602355957,540
Miyazaki94,6,WOA-ABE,54,0.3406834602355957,550
Miyazaki94,6,WOA-ABE,55,0.3406834602355957,560
Miyazaki94,6,WOA-ABE,56,0.3406834602355957,570
Miyazaki94,6,WOA-ABE,57,0.3406834602355957,580
Miyazaki94,6,WOA-ABE,58,0.3406812846660614,590
Miyazaki94,6,WOA-ABE,59,0.34068119525909424,600
Miyazaki94,6,WOA-ABE,60,0.34068068861961365,610
Miyazaki94,6,WOA-ABE,61,0.34068068861961365,620
Miyazaki94,6,WOA-ABE,62,0.34068068861961365,630
Miyazaki94,6,WOA-ABE,63,0.34068068861961365,640
Miyazaki94,6,WOA-ABE,64,0.34068068861961365,650
Miyazaki94,6,WOA-ABE,65,0.34068068861961365,660
Miyazaki94,6,WOA-ABE,66,0.34068068861961365,670
Miyazaki94,6,WOA-ABE,67,0.34068068861961365,680
Miyazaki94,6,WOA-ABE,68,0.34068068861961365,690
Miyazaki94,6,WOA-ABE,69,0.34068068861961365,700
Miyazaki94,6,WOA-ABE,70,0.34068068861961365,710
Miyazaki94,6,WOA-ABE,71,0.34068048000335693,720
Miyazaki94,6,WOA-ABE,72,0.34068048000335693,730
Miyazaki94,6,WOA-ABE,73,0.34068048000335693,740
Miyazaki94,6,WOA-ABE,74,0.34068048000335693,750
Miyazaki94,6,WOA-ABE,75,0.34068048000335693,760
Miyazaki94,6,WOA-ABE,76,0.34068045020103455,770
Miyazaki94,6,WOA-ABE,77,0.34067991375923157,780
Miyazaki94,6,WOA-ABE,78,0.3406786024570465,790
Miyazaki94,6,WOA-ABE,79,0.34067854285240173,800
Miyazaki94,6,WOA-ABE,80,0.34067854285240173,810
Miyazaki94,6,WOA-ABE,81,0.34067854285240173,820
Miyazaki94,6,WOA-ABE,82,0.3406784236431122,830
Miyazaki94,6,WOA-ABE,83,0.3406784236431122,840
Miyazaki94,6,WOA-ABE,84,0.3406784236431122,850
Miyazaki94,6,WOA-ABE,85,0.3406784236431122,860
Miyazaki94,6,WOA-ABE,86,0.34067729115486145,870
Miyazaki94,6,WOA-ABE,87,0.34067729115486145,880
Miyazaki94,6,WOA-ABE,88,0.34067729115486145,890
Miyazaki94,6,WOA-ABE,89,0.34067729115486145,900
Miyazaki94,6,WOA-ABE,90,0.34067729115486145,910
Miyazaki94,6,WOA-ABE,91,0.3406771123409271,920
Miyazaki94,6,WOA-ABE,92,0.3406760096549988,930
Miyazaki94,6,WOA-ABE,93,0.3406760096549988,940
Miyazaki94,6,WOA-ABE,94,0.34067580103874207,950
Miyazaki94,6,WOA-ABE,95,0.3406757712364197,960
Miyazaki94,6,WOA-ABE,96,0.3406757712364197,970
Miyazaki94,6,WOA-ABE,97,0.3406757712364197,980
Miyazaki94,6,WOA-ABE,98,0.3406757712364197,990
Miyazaki94,6,WOA-ABE,99,0.3406757712364197,1000
Miyazaki94,6,FAABE,0,0.5716891884803772,10
Miyazaki94,6,FAABE,1,0.5226383805274963,20
Miyazaki94,6,FAABE,2,0.5226383805274963,30
Miyazaki94,6,FAABE,3,0.5059376358985901,40
Miyazaki94,6,FAABE,4,0.4523000419139862,50
Miyazaki94,6,FAABE,5,0.4523000419139862,60
Miyazaki94,6,FAABE,6,0.4523000419139862,70
Miyazaki94,6,FAABE,7,0.43419399857521057,80
Miyazaki94,6,FAABE,8,0.43419399857521057,90
Miyazaki94,6,FAABE,9,0.43419399857521057,100
Miyazaki94,6,FAABE,10,0.43419399857521057,110
Miyazaki94,6,FAABE,11,0.43419399857521057,120
Miyazaki94,6,FAABE,12,0.42050105333328247,130
Miyazaki94,6,FAABE,13,0.42050105333328247,140
Miyazaki94,6,FAABE,14,0.42050105333328247,150
Miyazaki94,6,FAABE,15,0.42050105333328247,160
Miyazaki94,6,FAABE,16,0.42050105333328247,170
Miyazaki94,6,FAABE,17,0.41095033288002014,180
Miyazaki94,6,FAABE,18,0.40731722116470337,190
Miyazaki94,6,FAABE,19,0.3987787663936615,200
Miyazaki94,6,FAABE,20,0.3987787663936615,210
Miyazaki94,6,FAABE,21,0.3987787663936615,220
Miyazaki94,6,FAABE,22,0.3987787663936615,230
Miyazaki94,6,FAABE,23,0.3870314657688141,240
Miyazaki94,6,FAABE,24,0.3870314657688141,250
Miyazaki94,6,FAABE,25,0.3870314657688141,260
Miyazaki94,6,FAABE,26,0.3870314657688141,270
Miyazaki94,6,FAABE,27,0.3870314657688141,280
Miyazaki94,6,FAABE,28,0.3870314657688141,290
Miyazaki94,6,FAABE,29,0.3870314657688141,300
Miyazaki94,6,FAABE,30,0.3870314657688141,310
Miyazaki94,6,FAABE,31,0.3870314657688141,320
Miyazaki94,6,FAABE,32,0.3870314657688141,330
Miyazaki94,6,FAABE,33,0.3870314657688141,340
Miyazaki94,6,FAABE,34,0.3870314657688141,350
Miyazaki94,6,FAABE,35,0.3870314657688141,360
Miyazaki94,6,FAABE,36,0.3870314657688141,370
Miyazaki94,6,FAABE,37,0.3870314657688141,380
Miyazaki94,6,FAABE,38,0.3870314657688141,390
Miyazaki94,6,FAABE,39,0.3870314657688141,400
Miyazaki94,6,FAABE,40,0.3870314657688141,410
Miyazaki94,6,FAABE,41,0.3870314657688141,420
Miyazaki94,6,FAABE,42,0.3870314657688141,430
Miyazaki94,6,FAABE,43,0.3870314657688141,440
Miyazaki94,6,FAABE,44,0.3870314657688141,450
Miyazaki94,6,FAABE,45,0.37321189045906067,460
Miyazaki94,6,FAABE,46,0.37321189045906067,470
Miyazaki94,6,FAABE,47,0.37321189045906067,480
Miyazaki94,6,FAABE,48,0.37321189045906067,490
Miyazaki94,6,FAABE,49,0.37321189045906067,500
Miyazaki94,6,FAABE,50,0.37321189045906067,510
Miyazaki94,6,FAABE,51,0.37321189045906067,520
Miyazaki94,6,FAABE,52,0.37321189045906067,530
Miyazaki94,6,FAABE,53,0.37321189045906067,540
Miyazaki94,6,FAABE,54,0.37321189045906067,550
Miyazaki94,6,FAABE,55,0.37321189045906067,560
Miyazaki94,6,FAABE,56,0.37321189045906067,570
Miyazaki94,6,FAABE,57,0.37321189045906067,580
Miyazaki94,6,FAABE,58,0.37321189045906067,590
Miyazaki94,6,FAABE,59,0.37321189045906067,600
Miyazaki94,6,FAABE,60,0.37321189045906067,610
Miyazaki94,6,FAABE,61,0.37321189045906067,620
Miyazaki94,6,FAABE,62,0.37321189045906067,630
Miyazaki94,6,FAABE,63,0.37321189045906067,640
Miyazaki94,6,FAABE,64,0.37321189045906067,650
Miyazaki94,6,FAABE,65,0.37321189045906067,660
Miyazaki94,6,FAABE,66,0.37321189045906067,670
Miyazaki94,6,FAABE,67,0.37321189045906067,680
Miyazaki94,6,FAABE,68,0.37321189045906067,690
Miyazaki94,6,FAABE,69,0.37321189045906067,700
Miyazaki94,6,FAABE,70,0.37321189045906067,710
Miyazaki94,6,FAABE,71,0.37321189045906067,720
Miyazaki94,6,FAABE,72,0.37321189045906067,730
Miyazaki94,6,FAABE,73,0.37321189045906067,740
Miyazaki94,6,FAABE,74,0.37321189045906067,750
Miyazaki94,6,FAABE,75,0.37321189045906067,760
Miyazaki94,6,FAABE,76,0.37321189045906067,770
Miyazaki94,6,FAABE,77,0.37321189045906067,780
Miyazaki94,6,FAABE,78,0.37321189045906067,790
Miyazaki94,6,FAABE,79,0.37321189045906067,800
Miyazaki94,6,FAABE,80,0.37321189045906067,810
Miyazaki94,6,FAABE,81,0.37321189045906067,820
Miyazaki94,6,FAABE,82,0.3689804673194885,830
Miyazaki94,6,FAABE,83,0.3689804673194885,840
Miyazaki94,6,FAABE,84,0.3689804673194885,850
Miyazaki94,6,FAABE,85,0.3689804673194885,860
Miyazaki94,6,FAABE,86,0.3689804673194885,870
Miyazaki94,6,FAABE,87,0.3689804673194885,880
Miyazaki94,6,FAABE,88,0.3689804673194885,890
Miyazaki94,6,FAABE,89,0.3689804673194885,900
Miyazaki94,6,FAABE,90,0.3689804673194885,910
Miyazaki94,6,FAABE,91,0.3689804673194885,920
Miyazaki94,6,FAABE,92,0.3689804673194885,930
Miyazaki94,6,FAABE,93,0.3689804673194885,940
Miyazaki94,6,FAABE,94,0.3689804673194885,950
Miyazaki94,6,FAABE,95,0.3689804673194885,960
Miyazaki94,6,FAABE,96,0.3689804673194885,970
Miyazaki94,6,FAABE,97,0.3689804673194885,980
Miyazaki94,6,FAABE,98,0.3689804673194885,990
Miyazaki94,6,FAABE,99,0.3689804673194885,1000
Miyazaki94,7,GA-ABE,0,0.4918409287929535,10
Miyazaki94,7,GA-ABE,1,0.4918409287929535,20
Miyazaki94,7,GA-ABE,2,0.4244132339954376,30
Miyazaki94,7,GA-ABE,3,0.4244132339954376,40
Miyazaki94,7,GA-ABE,4,0.4089455306529999,50
Miyazaki94,7,GA-ABE,5,0.4089454710483551,60
Miyazaki94,7,GA-ABE,6,0.3936591148376465,70
Miyazaki94,7,GA-ABE,7,0.3936591148376465,80
Miyazaki94,7,GA-ABE,8,0.3936591148376465,90
Miyazaki94,7,GA-ABE,9,0.39150893688201904,100
Miyazaki94,7,GA-ABE,10,0.376461386680603,110
Miyazaki94,7,GA-ABE,11,0.376461386680603,120
Miyazaki94,7,GA-ABE,12,0.376461386680603,130
Miyazaki94,7,GA-ABE,13,0.37633922696113586,140
Miyazaki94,7,GA-ABE,14,0.36524099111557007,150
Miyazaki94,7,GA-ABE,15,0.36524099111557007,160
Miyazaki94,7,GA-ABE,16,0.36524099111557007,170
Miyazaki94,7,GA-ABE,17,0.36498644948005676,180
Miyazaki94,7,GA-ABE,18,0.34507131576538086,190
Miyazaki94,7,GA-ABE,19,0.34507131576538086,200
Miyazaki94,7,GA-ABE,20,0.34507128596305847,210
Miyazaki94,7,GA-ABE,21,0.3423837721347809,220
Miyazaki94,7,GA-ABE,22,0.3423837721347809,230
Miyazaki94,7,GA-ABE,23,0.3423837721347809,240
Miyazaki94,7,GA-ABE,24,0.3423837721347809,250
Miyazaki94,7,GA-ABE,25,0.3423822522163391,260
Miyazaki94,7,GA-ABE,26,0.3423784673213959,270
Miyazaki94,7,GA-ABE,27,0.3423784673213959,280
Miyazaki94,7,GA-ABE,28,0.3423784673213959,290
Miyazaki94,7,GA-ABE,29,0.3423784673213959,300
Miyazaki94,7,GA-ABE,30,0.3423784673213959,310
Miyazaki94,7,GA-ABE,31,0.3423466384410858,320
Miyazaki94,7,GA-ABE,32,0.3423466384410858,330
Miyazaki94,7,GA-ABE,33,0.3423466384410858,340
Miyazaki94,7,GA-ABE,34,0.3423095643520355,350
Miyazaki94,7,GA-ABE,35,0.3423095643520355,360
Miyazaki94,7,GA-ABE,36,0.33738401532173157,370
Miyazaki94,7,GA-ABE,37,0.33738401532173157,380
Miyazaki94,7,GA-ABE,38,0.33738401532173157,390
Miyazaki94,7,GA-ABE,39,0.3373502790927887,400
Miyazaki94,7,GA-ABE,40,0.3373502790927887,410
Miyazaki94,7,GA-ABE,41,0.33734747767448425,420
Miyazaki94,7,GA-ABE,42,0.3354083299636841,430
Miyazaki94,7,GA-ABE,43,0.3354083299636841,440
Miyazaki94,7,GA-ABE,44,0.3354083299636841,450
Miyazaki94,7,GA-ABE,45,0.3320174813270569,460
Miyazaki94,7,GA-ABE,46,0.33196955919265747,470
Miyazaki94,7,GA-ABE,47,0.33196955919265747,480
Miyazaki94,7,GA-ABE,48,0.33195966482162476,490
Miyazaki94,7,GA-ABE,49,0.33195966482162476,500
Miyazaki94,7,GA-ABE,50,0.33195966482162476,510
Miyazaki94,7,GA-ABE,51,0.33195194602012634,520
Miyazaki94,7,GA-ABE,52,0.33195194602012634,530
Miyazaki94,7,GA-ABE,53,0.33195194602012634,540
Miyazaki94,7,GA-ABE,54,0.33195194602012634,550
Miyazaki94,7,GA-ABE,55,0.3315836787223816,560
Miyazaki94,7,GA-ABE,56,0.3300868570804596,570
Miyazaki94,7,GA-ABE,57,0.3300868570804596,580
Miyazaki94,7,GA-ABE,58,0.3300868570804596,590
Miyazaki94,7,GA-ABE,59,0.32985422015190125,600
Miyazaki94,7,GA-ABE,60,0.32985422015190125,610
Miyazaki94,7,GA-ABE,61,0.32985422015190125,620
Miyazaki94,7,GA-ABE,62,0.3294304609298706,630
Miyazaki94,7,GA-ABE,63,0.3294304609298706,640
Miyazaki94,7,GA-ABE,64,0.3294304609298706,650
Miyazaki94,7,GA-ABE,65,0.3294304609298706,660
Miyazaki94,7,GA-ABE,66,0.3294304609298706,670
Miyazaki94,7,GA-ABE,67,0.3294304609298706,680
Miyazaki94,7,GA-ABE,68,0.3294304609298706,690
Miyazaki94,7,GA-ABE,69,0.3265725076198578,700
Miyazaki94,7,GA-ABE,70,0.3265725076198578,710
Miyazaki94,7,GA-ABE,71,0.3265725076198578,720
Miyazaki94,7,GA-ABE,72,0.3265725076198578,730
Miyazaki94,7,GA-ABE,73,0.3265725076198578,740
Miyazaki94,7,GA-ABE,74,0.3265725076198578,750
Miyazaki94,7,GA-ABE,75,0.32445842027664185,760
Miyazaki94,7,GA-ABE,76,0.32445400953292847,770
Miyazaki94,7,GA-ABE,77,0.3244518041610718,780
Miyazaki94,7,GA-ABE,78,0.3244518041610718,790
Miyazaki94,7,GA-ABE,79,0.3244518041610718,800
Miyazaki94,7,GA-ABE,80,0.32445093989372253,810
Miyazaki94,7,GA-ABE,81,0.32278209924697876,820
Miyazaki94,7,GA-ABE,82,0.32278209924697876,830
Miyazaki94,7,GA-ABE,83,0.32278209924697876,840
Miyazaki94,7,GA-ABE,84,0.322782039642334,850
Miyazaki94,7,GA-ABE,85,0.322782039642334,860
Miyazaki94,7,GA-ABE,86,0.322782039642334,870
Miyazaki94,7,GA-ABE,87,0.3227783143520355,880
Miyazaki94,7,GA-ABE,88,0.3227783143520355,890
Miyazaki94,7,GA-ABE,89,0.3227783143520355,900
Miyazaki94,7,GA-ABE,90,0.3227616250514984,910
Miyazaki94,7,GA-ABE,91,0.3227616250514984,920
Miyazaki94,7,GA-ABE,92,0.3227319121360779,930
Miyazaki94,7,GA-ABE,93,0.3227319121360779,940
Miyazaki94,7,GA-ABE,94,0.3227127194404602,950
Miyazaki94,7,GA-ABE,95,0.3227127194404602,960
Miyazaki94,7,GA-ABE,96,0.3227127194404602,970
Miyazaki94,7,GA-ABE,97,0.3227127194404602,980
Miyazaki94,7,GA-ABE,98,0.3227127194404602,990
Miyazaki94,7,GA-ABE,99,0.3227127194404602,1000
Miyazaki94,7,PSO-ABE,0,0.5098667144775391,10
Miyazaki94,7,PSO-ABE,1,0.4922603368759155,20
Miyazaki94,7,PSO-ABE,2,0.44300636649131775,30
Miyazaki94,7,PSO-ABE,3,0.4081839919090271,40
Miyazaki94,7,PSO-ABE,4,0.4081839919090271,50
Miyazaki94,7,PSO-ABE,5,0.3771185874938965,60
Miyazaki94,7,PSO-ABE,6,0.3771185874938965,70
Miyazaki94,7,PSO-ABE,7,0.3771185874938965,80
Miyazaki94,7,PSO-ABE,8,0.3771185874938965,90
Miyazaki94,7,PSO-ABE,9,0.36893704533576965,100
Miyazaki94,7,PSO-ABE,10,0.36893704533576965,110
Miyazaki94,7,PSO-ABE,11,0.36893704533576965,120
Miyazaki94,7,PSO-ABE,12,0.36893704533576965,130
Miyazaki94,7,PSO-ABE,13,0.36893704533576965,140
Miyazaki94,7,PSO-ABE,14,0.36893704533576965,150
Miyazaki94,7,PSO-ABE,15,0.36893704533576965,160
Miyazaki94,7,PSO-ABE,16,0.36893704533576965,170
Miyazaki94,7,PSO-ABE,17,0.36893704533576965,180
Miyazaki94,7,PSO-ABE,18,0.36893704533576965,190
Miyazaki94,7,PSO-ABE,19,0.3688991367816925,200
Miyazaki94,7,PSO-ABE,20,0.3688991367816925,210
Miyazaki94,7,PSO-ABE,21,0.3688991367816925,220
Miyazaki94,7,PSO-ABE,22,0.3688991367816925,230
Miyazaki94,7,PSO-ABE,23,0.3688991367816925,240
Miyazaki94,7,PSO-ABE,24,0.3688991367816925,250
Miyazaki94,7,PSO-ABE,25,0.3688991367816925,260
Miyazaki94,7,PSO-ABE,26,0.3688991367816925,270
Miyazaki94,7,PSO-ABE,27,0.3688991367816925,280
Miyazaki94,7,PSO-ABE,28,0.3688991367816925,290
Miyazaki94,7,PSO-ABE,29,0.3688839375972748,300
Miyazaki94,7,PSO-ABE,30,0.3688839375972748,310
Miyazaki94,7,PSO-ABE,31,0.3688839375972748,320
Miyazaki94,7,PSO-ABE,32,0.3688839375972748,330
Miyazaki94,7,PSO-ABE,33,0.3688839375972748,340
Miyazaki94,7,PSO-ABE,34,0.3688839375972748,350
Miyazaki94,7,PSO-ABE,35,0.3688839375972748,360
Miyazaki94,7,PSO-ABE,36,0.3688839375972748,370
Miyazaki94,7,PSO-ABE,37,0.3688562214374542,380
Miyazaki94,7,PSO-ABE,38,0.3688562214374542,390
Miyazaki94,7,PSO-ABE,39,0.368853360414505,400
Miyazaki94,7,PSO-ABE,40,0.368853360414505,410
Miyazaki94,7,PSO-ABE,41,0.368853360414505,420
Miyazaki94,7,PSO-ABE,42,0.3688335716724396,430
Miyazaki94,7,PSO-ABE,43,0.3688335716724396,440
Miyazaki94,7,PSO-ABE,44,0.3688335716724396,450
Miyazaki94,7,PSO-ABE,45,0.3688335716724396,460
Miyazaki94,7,PSO-ABE,46,0.3688335716724396,470
Miyazaki94,7,PSO-ABE,47,0.3688335716724396,480
Miyazaki94,7,PSO-ABE,48,0.3688335716724396,490
Miyazaki94,7,PSO-ABE,49,0.3688335716724396,500
Miyazaki94,7,PSO-ABE,50,0.3688335716724396,510
Miyazaki94,7,PSO-ABE,51,0.36881762742996216,520
Miyazaki94,7,PSO-ABE,52,0.36881208419799805,530
Miyazaki94,7,PSO-ABE,53,0.36880314350128174,540
Miyazaki94,7,PSO-ABE,54,0.36878296732902527,550
Miyazaki94,7,PSO-ABE,55,0.36878296732902527,560
Miyazaki94,7,PSO-ABE,56,0.36878296732902527,570
Miyazaki94,7,PSO-ABE,57,0.36878296732902527,580
Miyazaki94,7,PSO-ABE,58,0.36878296732902527,590
Miyazaki94,7,PSO-ABE,59,0.36878296732902527,600
Miyazaki94,7,PSO-ABE,60,0.36878296732902527,610
Miyazaki94,7,PSO-ABE,61,0.36878296732902527,620
Miyazaki94,7,PSO-ABE,62,0.36878296732902527,630
Miyazaki94,7,PSO-ABE,63,0.35907426476478577,640
Miyazaki94,7,PSO-ABE,64,0.35907426476478577,650
Miyazaki94,7,PSO-ABE,65,0.35907426476478577,660
Miyazaki94,7,PSO-ABE,66,0.35907426476478577,670
Miyazaki94,7,PSO-ABE,67,0.35907426476478577,680
Miyazaki94,7,PSO-ABE,68,0.35907426476478577,690
Miyazaki94,7,PSO-ABE,69,0.35907426476478577,700
Miyazaki94,7,PSO-ABE,70,0.35907426476478577,710
Miyazaki94,7,PSO-ABE,71,0.35907426476478577,720
Miyazaki94,7,PSO-ABE,72,0.35907426476478577,730
Miyazaki94,7,PSO-ABE,73,0.35907426476478577,740
Miyazaki94,7,PSO-ABE,74,0.35907426476478577,750
Miyazaki94,7,PSO-ABE,75,0.35907426476478577,760
Miyazaki94,7,PSO-ABE,76,0.35887470841407776,770
Miyazaki94,7,PSO-ABE,77,0.35887470841407776,780
Miyazaki94,7,PSO-ABE,78,0.35887470841407776,790
Miyazaki94,7,PSO-ABE,79,0.35887470841407776,800
Miyazaki94,7,PSO-ABE,80,0.35887470841407776,810
Miyazaki94,7,PSO-ABE,81,0.35738271474838257,820
Miyazaki94,7,PSO-ABE,82,0.35738271474838257,830
Miyazaki94,7,PSO-ABE,83,0.35738271474838257,840
Miyazaki94,7,PSO-ABE,84,0.3571438789367676,850
Miyazaki94,7,PSO-ABE,85,0.3571438789367676,860
Miyazaki94,7,PSO-ABE,86,0.3571438789367676,870
Miyazaki94,7,PSO-ABE,87,0.3571438789367676,880
Miyazaki94,7,PSO-ABE,88,0.3571438789367676,890
Miyazaki94,7,PSO-ABE,89,0.3571438789367676,900
Miyazaki94,7,PSO-ABE,90,0.3571438789367676,910
Miyazaki94,7,PSO-ABE,91,0.3571438789367676,920
Miyazaki94,7,PSO-ABE,92,0.3571438789367676,930
Miyazaki94,7,PSO-ABE,93,0.3571438789367676,940
Miyazaki94,7,PSO-ABE,94,0.3533474802970886,950
Miyazaki94,7,PSO-ABE,95,0.3533474802970886,960
Miyazaki94,7,PSO-ABE,96,0.3533474802970886,970
Miyazaki94,7,PSO-ABE,97,0.3533474802970886,980
Miyazaki94,7,PSO-ABE,98,0.3533474802970886,990
Miyazaki94,7,PSO-ABE,99,0.3533474802970886,1000
Miyazaki94,7,DE-ABE,0,0.48277175426483154,10
Miyazaki94,7,DE-ABE,1,0.4685865342617035,20
Miyazaki94,7,DE-ABE,2,0.45675361156463623,30
Miyazaki94,7,DE-ABE,3,0.45675361156463623,40
Miyazaki94,7,DE-ABE,4,0.3969424366950989,50
Miyazaki94,7,DE-ABE,5,0.3969424366950989,60
Miyazaki94,7,DE-ABE,6,0.3779517710208893,70
Miyazaki94,7,DE-ABE,7,0.3767211437225342,80
Miyazaki94,7,DE-ABE,8,0.36924460530281067,90
Miyazaki94,7,DE-ABE,9,0.35902485251426697,100
Miyazaki94,7,DE-ABE,10,0.35902485251426697,110
Miyazaki94,7,DE-ABE,11,0.35902485251426697,120
Miyazaki94,7,DE-ABE,12,0.35902485251426697,130
Miyazaki94,7,DE-ABE,13,0.35901978611946106,140
Miyazaki94,7,DE-ABE,14,0.35901978611946106,150
Miyazaki94,7,DE-ABE,15,0.35901978611946106,160
Miyazaki94,7,DE-ABE,16,0.35901978611946106,170
Miyazaki94,7,DE-ABE,17,0.3589783012866974,180
Miyazaki94,7,DE-ABE,18,0.3589724898338318,190
Miyazaki94,7,DE-ABE,19,0.3589491844177246,200
Miyazaki94,7,DE-ABE,20,0.35886839032173157,210
Miyazaki94,7,DE-ABE,21,0.35882729291915894,220
Miyazaki94,7,DE-ABE,22,0.35878095030784607,230
Miyazaki94,7,DE-ABE,23,0.35878095030784607,240
Miyazaki94,7,DE-ABE,24,0.35878095030784607,250
Miyazaki94,7,DE-ABE,25,0.35874655842781067,260
Miyazaki94,7,DE-ABE,26,0.35874655842781067,270
Miyazaki94,7,DE-ABE,27,0.35874268412590027,280
Miyazaki94,7,DE-ABE,28,0.35873621702194214,290
Miyazaki94,7,DE-ABE,29,0.35873621702194214,300
Miyazaki94,7,DE-ABE,30,0.35871604084968567,310
Miyazaki94,7,DE-ABE,31,0.35871604084968567,320
Miyazaki94,7,DE-ABE,32,0.3587151765823364,330
Miyazaki94,7,DE-ABE,33,0.3587053716182709,340
Miyazaki94,7,DE-ABE,34,0.3587053716182709,350
Miyazaki94,7,DE-ABE,35,0.3586978316307068,360
Miyazaki94,7,DE-ABE,36,0.3586937487125397,370
Miyazaki94,7,DE-ABE,37,0.3586899936199188,380
Miyazaki94,7,DE-ABE,38,0.3586864769458771,390
Miyazaki94,7,DE-ABE,39,0.3586864769458771,400
Miyazaki94,7,DE-ABE,40,0.3586798906326294,410
Miyazaki94,7,DE-ABE,41,0.3586798906326294,420
Miyazaki94,7,DE-ABE,42,0.3586798906326294,430
Miyazaki94,7,DE-ABE,43,0.3586798906326294,440
Miyazaki94,7,DE-ABE,44,0.3586796224117279,450
Miyazaki94,7,DE-ABE,45,0.3586738705635071,460
Miyazaki94,7,DE-ABE,46,0.3586738705635071,470
Miyazaki94,7,DE-ABE,47,0.3586738705635071,480
Miyazaki94,7,DE-ABE,48,0.3586738705635071,490
Miyazaki94,7,DE-ABE,49,0.35867002606391907,500
Miyazaki94,7,DE-ABE,50,0.35866913199424744,510
Miyazaki94,7,DE-ABE,51,0.35866889357566833,520
Miyazaki94,7,DE-ABE,52,0.3586658537387848,530
Miyazaki94,7,DE-ABE,53,0.3586655557155609,540
Miyazaki94,7,DE-ABE,54,0.358663946390152,550
Miyazaki94,7,DE-ABE,55,0.3586580455303192,560
Miyazaki94,7,DE-ABE,56,0.3586525619029999,570
Miyazaki94,7,DE-ABE,57,0.3586525619029999,580
Miyazaki94,7,DE-ABE,58,0.3586501479148865,590
Miyazaki94,7,DE-ABE,59,0.3586486279964447,600
Miyazaki94,7,DE-ABE,60,0.3586474657058716,610
Miyazaki94,7,DE-ABE,61,0.3586471378803253,620
Miyazaki94,7,DE-ABE,62,0.35864686965942383,630
Miyazaki94,7,DE-ABE,63,0.35864511132240295,640
Miyazaki94,7,DE-ABE,64,0.35864487290382385,650
Miyazaki94,7,DE-ABE,65,0.3586445748806,660
Miyazaki94,7,DE-ABE,66,0.35864439606666565,670
Miyazaki94,7,DE-ABE,67,0.35864439606666565,680
Miyazaki94,7,DE-ABE,68,0.3586443066596985,690
Miyazaki94,7,DE-ABE,69,0.35864391922950745,700
Miyazaki94,7,DE-ABE,70,0.35864362120628357,710
Miyazaki94,7,DE-ABE,71,0.3586435914039612,720
Miyazaki94,7,DE-ABE,72,0.35864344239234924,730
Miyazaki94,7,DE-ABE,73,0.35864338278770447,740
Miyazaki94,7,DE-ABE,74,0.3586426377296448,750
Miyazaki94,7,DE-ABE,75,0.3586426377296448,760
Miyazaki94,7,DE-ABE,76,0.3586422801017761,770
Miyazaki94,7,DE-ABE,77,0.3586422801017761,780
Miyazaki94,7,DE-ABE,78,0.3586422801017761,790
Miyazaki94,7,DE-ABE,79,0.35864219069480896,800
Miyazaki94,7,DE-ABE,80,0.35864201188087463,810
Miyazaki94,7,DE-ABE,81,0.35864174365997314,820
Miyazaki94,7,DE-ABE,82,0.3586410582065582,830
Miyazaki94,7,DE-ABE,83,0.3586410582065582,840
Miyazaki94,7,DE-ABE,84,0.3586410582065582,850
Miyazaki94,7,DE-ABE,85,0.3586410582065582,860
Miyazaki94,7,DE-ABE,86,0.35864096879959106,870
Miyazaki94,7,DE-ABE,87,0.35864096879959106,880
Miyazaki94,7,DE-ABE,88,0.3586408793926239,890
Miyazaki94,7,DE-ABE,89,0.3586408793926239,900
Miyazaki94,7,DE-ABE,90,0.3586408495903015,910
Miyazaki94,7,DE-ABE,91,0.35864078998565674,920
Miyazaki94,7,DE-ABE,92,0.35864076018333435,930
Miyazaki94,7,DE-ABE,93,0.3586407005786896,940
Miyazaki94,7,DE-ABE,94,0.3586406111717224,950
Miyazaki94,7,DE-ABE,95,0.35864052176475525,960
Miyazaki94,7,DE-ABE,96,0.35864031314849854,970
Miyazaki94,7,DE-ABE,97,0.35864028334617615,980
Miyazaki94,7,DE-ABE,98,0.35864025354385376,990
Miyazaki94,7,DE-ABE,99,0.35864022374153137,1000
Miyazaki94,7,GWO-ABE,0,0.4655716121196747,10
Miyazaki94,7,GWO-ABE,1,0.47081995010375977,20
Miyazaki94,7,GWO-ABE,2,0.4081641733646393,30
Miyazaki94,7,GWO-ABE,3,0.3965742886066437,40
Miyazaki94,7,GWO-ABE,4,0.40608036518096924,50
Miyazaki94,7,GWO-ABE,5,0.3998582661151886,60
Miyazaki94,7,GWO-ABE,6,0.4105430841445923,70
Miyazaki94,7,GWO-ABE,7,0.3776669204235077,80
Miyazaki94,7,GWO-ABE,8,0.37508130073547363,90
Miyazaki94,7,GWO-ABE,9,0.3687390685081482,100
Miyazaki94,7,GWO-ABE,10,0.3904055655002594,110
Miyazaki94,7,GWO-ABE,11,0.39423635601997375,120
Miyazaki94,7,GWO-ABE,12,0.37649306654930115,130
Miyazaki94,7,GWO-ABE,13,0.39606648683547974,140
Miyazaki94,7,GWO-ABE,14,0.39446374773979187,150
Miyazaki94,7,GWO-ABE,15,0.4021029770374298,160
Miyazaki94,7,GWO-ABE,16,0.404356449842453,170
Miyazaki94,7,GWO-ABE,17,0.3915189206600189,180
Miyazaki94,7,GWO-ABE,18,0.4081457257270813,190
Miyazaki94,7,GWO-ABE,19,0.4016464948654175,200
Miyazaki94,7,GWO-ABE,20,0.3972661793231964,210
Miyazaki94,7,GWO-ABE,21,0.4006974995136261,220
Miyazaki94,7,GWO-ABE,22,0.4072290360927582,230
Miyazaki94,7,GWO-ABE,23,0.4000757038593292,240
Miyazaki94,7,GWO-ABE,24,0.40631747245788574,250
Miyazaki94,7,GWO-ABE,25,0.40099433064460754,260
Miyazaki94,7,GWO-ABE,26,0.40113887190818787,270
Miyazaki94,7,GWO-ABE,27,0.4008100926876068,280
Miyazaki94,7,GWO-ABE,28,0.3962385952472687,290
Miyazaki94,7,GWO-ABE,29,0.39047661423683167,300
Miyazaki94,7,GWO-ABE,30,0.3948482275009155,310
Miyazaki94,7,GWO-ABE,31,0.37298858165740967,320
Miyazaki94,7,GWO-ABE,32,0.3872182071208954,330
Miyazaki94,7,GWO-ABE,33,0.3871067762374878,340
Miyazaki94,7,GWO-ABE,34,0.3788646459579468,350
Miyazaki94,7,GWO-ABE,35,0.3901970386505127,360
Miyazaki94,7,GWO-ABE,36,0.3815792500972748,370
Miyazaki94,7,GWO-ABE,37,0.3815172016620636,380
Miyazaki94,7,GWO-ABE,38,0.3831387758255005,390
Miyazaki94,7,GWO-ABE,39,0.3791646659374237,400
Miyazaki94,7,GWO-ABE,40,0.3670750558376312,410
Miyazaki94,7,GWO-ABE,41,0.38751810789108276,420
Miyazaki94,7,GWO-ABE,42,0.370453417301178,430
Miyazaki94,7,GWO-ABE,43,0.3625704348087311,440
Miyazaki94,7,GWO-ABE,44,0.37095844745635986,450
Miyazaki94,7,GWO-ABE,45,0.37272560596466064,460
Miyazaki94,7,GWO-ABE,46,0.3702917993068695,470
Miyazaki94,7,GWO-ABE,47,0.3756619691848755,480
Miyazaki94,7,GWO-ABE,48,0.3727424442768097,490
Miyazaki94,7,GWO-ABE,49,0.3660140335559845,500
Miyazaki94,7,GWO-ABE,50,0.3618239760398865,510
Miyazaki94,7,GWO-ABE,51,0.37608471512794495,520
Miyazaki94,7,GWO-ABE,52,0.3704521358013153,530
Miyazaki94,7,GWO-ABE,53,0.3745969831943512,540
Miyazaki94,7,GWO-ABE,54,0.3811940848827362,550
Miyazaki94,7,GWO-ABE,55,0.3858664333820343,560
Miyazaki94,7,GWO-ABE,56,0.3762945234775543,570
Miyazaki94,7,GWO-ABE,57,0.37469080090522766,580
Miyazaki94,7,GWO-ABE,58,0.37131109833717346,590
Miyazaki94,7,GWO-ABE,59,0.37359219789505005,600
Miyazaki94,7,GWO-ABE,60,0.3659856915473938,610
Miyazaki94,7,GWO-ABE,61,0.3648916780948639,620
Miyazaki94,7,GWO-ABE,62,0.36541178822517395,630
Miyazaki94,7,GWO-ABE,63,0.3650040924549103,640
Miyazaki94,7,GWO-ABE,64,0.3631015717983246,650
Miyazaki94,7,GWO-ABE,65,0.3652237355709076,660
Miyazaki94,7,GWO-ABE,66,0.36386600136756897,670
Miyazaki94,7,GWO-ABE,67,0.36346933245658875,680
Miyazaki94,7,GWO-ABE,68,0.35999733209609985,690
Miyazaki94,7,GWO-ABE,69,0.36006975173950195,700
Miyazaki94,7,GWO-ABE,70,0.36021026968955994,710
Miyazaki94,7,GWO-ABE,71,0.36348840594291687,720
Miyazaki94,7,GWO-ABE,72,0.36038801074028015,730
Miyazaki94,7,GWO-ABE,73,0.3681063652038574,740
Miyazaki94,7,GWO-ABE,74,0.36270013451576233,750
Miyazaki94,7,GWO-ABE,75,0.35928747057914734,760
Miyazaki94,7,GWO-ABE,76,0.3653634190559387,770
Miyazaki94,7,GWO-ABE,77,0.3602859675884247,780
Miyazaki94,7,GWO-ABE,78,0.36048561334609985,790
Miyazaki94,7,GWO-ABE,79,0.36306020617485046,800
Miyazaki94,7,GWO-ABE,80,0.35985976457595825,810
Miyazaki94,7,GWO-ABE,81,0.3601851463317871,820
Miyazaki94,7,GWO-ABE,82,0.3600155711174011,830
Miyazaki94,7,GWO-ABE,83,0.36006325483322144,840
Miyazaki94,7,GWO-ABE,84,0.36005899310112,850
Miyazaki94,7,GWO-ABE,85,0.3600235879421234,860
Miyazaki94,7,GWO-ABE,86,0.3602922558784485,870
Miyazaki94,7,GWO-ABE,87,0.3598000407218933,880
Miyazaki94,7,GWO-ABE,88,0.3601733148097992,890
Miyazaki94,7,GWO-ABE,89,0.35948166251182556,900
Miyazaki94,7,GWO-ABE,90,0.36014288663864136,910
Miyazaki94,7,GWO-ABE,91,0.3599403202533722,920
Miyazaki94,7,GWO-ABE,92,0.35996192693710327,930
Miyazaki94,7,GWO-ABE,93,0.3598354160785675,940
Miyazaki94,7,GWO-ABE,94,0.35985440015792847,950
Miyazaki94,7,GWO-ABE,95,0.35986560583114624,960
Miyazaki94,7,GWO-ABE,96,0.35992494225502014,970
Miyazaki94,7,GWO-ABE,97,0.35990962386131287,980
Miyazaki94,7,GWO-ABE,98,0.3599003255367279,990
Miyazaki94,7,GWO-ABE,99,0.3598600924015045,1000
Miyazaki94,7,WOA-ABE,0,0.4682960510253906,10
Miyazaki94,7,WOA-ABE,1,0.4146520495414734,20
Miyazaki94,7,WOA-ABE,2,0.4081304371356964,30
Miyazaki94,7,WOA-ABE,3,0.4081304371356964,40
Miyazaki94,7,WOA-ABE,4,0.3972981572151184,50
Miyazaki94,7,WOA-ABE,5,0.3972981572151184,60
Miyazaki94,7,WOA-ABE,6,0.3972981572151184,70
Miyazaki94,7,WOA-ABE,7,0.3972981572151184,80
Miyazaki94,7,WOA-ABE,8,0.3972981572151184,90
Miyazaki94,7,WOA-ABE,9,0.3972981572151184,100
Miyazaki94,7,WOA-ABE,10,0.3972981572151184,110
Miyazaki94,7,WOA-ABE,11,0.3972782790660858,120
Miyazaki94,7,WOA-ABE,12,0.39161965250968933,130
Miyazaki94,7,WOA-ABE,13,0.39161965250968933,140
Miyazaki94,7,WOA-ABE,14,0.39161965250968933,150
Miyazaki94,7,WOA-ABE,15,0.39161965250968933,160
Miyazaki94,7,WOA-ABE,16,0.3886101245880127,170
Miyazaki94,7,WOA-ABE,17,0.3886101245880127,180
Miyazaki94,7,WOA-ABE,18,0.3838859796524048,190
Miyazaki94,7,WOA-ABE,19,0.38387662172317505,200
Miyazaki94,7,WOA-ABE,20,0.38387662172317505,210
Miyazaki94,7,WOA-ABE,21,0.38387662172317505,220
Miyazaki94,7,WOA-ABE,22,0.38387662172317505,230
Miyazaki94,7,WOA-ABE,23,0.3779352009296417,240
Miyazaki94,7,WOA-ABE,24,0.3779352009296417,250
Miyazaki94,7,WOA-ABE,25,0.3778165876865387,260
Miyazaki94,7,WOA-ABE,26,0.376831591129303,270
Miyazaki94,7,WOA-ABE,27,0.37647831439971924,280
Miyazaki94,7,WOA-ABE,28,0.37647831439971924,290
Miyazaki94,7,WOA-ABE,29,0.3764719069004059,300
Miyazaki94,7,WOA-ABE,30,0.37646812200546265,310
Miyazaki94,7,WOA-ABE,31,0.37646812200546265,320
Miyazaki94,7,WOA-ABE,32,0.37646812200546265,330
Miyazaki94,7,WOA-ABE,33,0.37646812200546265,340
Miyazaki94,7,WOA-ABE,34,0.37646812200546265,350
Miyazaki94,7,WOA-ABE,35,0.37646812200546265,360
Miyazaki94,7,WOA-ABE,36,0.3764669597148895,370
Miyazaki94,7,WOA-ABE,37,0.3764669597148895,380
Miyazaki94,7,WOA-ABE,38,0.37497949600219727,390
Miyazaki94,7,WOA-ABE,39,0.37497949600219727,400
Miyazaki94,7,WOA-ABE,40,0.37497949600219727,410
Miyazaki94,7,WOA-ABE,41,0.37497949600219727,420
Miyazaki94,7,WOA-ABE,42,0.37497949600219727,430
Miyazaki94,7,WOA-ABE,43,0.37497949600219727,440
Miyazaki94,7,WOA-ABE,44,0.37497949600219727,450
Miyazaki94,7,WOA-ABE,45,0.3744701147079468,460
Miyazaki94,7,WOA-ABE,46,0.3744701147079468,470
Miyazaki94,7,WOA-ABE,47,0.3744701147079468,480
Miyazaki94,7,WOA-ABE,48,0.37445423007011414,490
Miyazaki94,7,WOA-ABE,49,0.37445423007011414,500
Miyazaki94,7,WOA-ABE,50,0.37445423007011414,510
Miyazaki94,7,WOA-ABE,51,0.37445423007011414,520
Miyazaki94,7,WOA-ABE,52,0.37443849444389343,530
Miyazaki94,7,WOA-ABE,53,0.37443116307258606,540
Miyazaki94,7,WOA-ABE,54,0.37443116307258606,550
Miyazaki94,7,WOA-ABE,55,0.37443116307258606,560
Miyazaki94,7,WOA-ABE,56,0.37443116307258606,570
Miyazaki94,7,WOA-ABE,57,0.3744014501571655,580
Miyazaki94,7,WOA-ABE,58,0.3744003474712372,590
Miyazaki94,7,WOA-ABE,59,0.3744003474712372,600
Miyazaki94,7,WOA-ABE,60,0.3744003474712372,610
Miyazaki94,7,WOA-ABE,61,0.3744003474712372,620
Miyazaki94,7,WOA-ABE,62,0.3743693232536316,630
Miyazaki94,7,WOA-ABE,63,0.3743603825569153,640
Miyazaki94,7,WOA-ABE,64,0.3743603825569153,650
Miyazaki94,7,WOA-ABE,65,0.3743603825569153,660
Miyazaki94,7,WOA-ABE,66,0.3743595778942108,670
Miyazaki94,7,WOA-ABE,67,0.3743595778942108,680
Miyazaki94,7,WOA-ABE,68,0.3743589520454407,690
Miyazaki94,7,WOA-ABE,69,0.3743028938770294,700
Miyazaki94,7,WOA-ABE,70,0.3742719292640686,710
Miyazaki94,7,WOA-ABE,71,0.37424612045288086,720
Miyazaki94,7,WOA-ABE,72,0.374193012714386,730
Miyazaki94,7,WOA-ABE,73,0.374193012714386,740
Miyazaki94,7,WOA-ABE,74,0.37419208884239197,750
Miyazaki94,7,WOA-ABE,75,0.37419208884239197,760
Miyazaki94,7,WOA-ABE,76,0.3741872012615204,770
Miyazaki94,7,WOA-ABE,77,0.3741646707057953,780
Miyazaki94,7,WOA-ABE,78,0.3741646707057953,790
Miyazaki94,7,WOA-ABE,79,0.3741646707057953,800
Miyazaki94,7,WOA-ABE,80,0.3732566237449646,810
Miyazaki94,7,WOA-ABE,81,0.3732566237449646,820
Miyazaki94,7,WOA-ABE,82,0.3732566237449646,830
Miyazaki94,7,WOA-ABE,83,0.3732564151287079,840
Miyazaki94,7,WOA-ABE,84,0.37325605750083923,850
Miyazaki94,7,WOA-ABE,85,0.37325313687324524,860
Miyazaki94,7,WOA-ABE,86,0.3732515275478363,870
Miyazaki94,7,WOA-ABE,87,0.3732503354549408,880
Miyazaki94,7,WOA-ABE,88,0.3732486963272095,890
Miyazaki94,7,WOA-ABE,89,0.3732486963272095,900
Miyazaki94,7,WOA-ABE,90,0.3732074499130249,910
Miyazaki94,7,WOA-ABE,91,0.3732074499130249,920
Miyazaki94,7,WOA-ABE,92,0.3731914758682251,930
Miyazaki94,7,WOA-ABE,93,0.3731861412525177,940
Miyazaki94,7,WOA-ABE,94,0.3731857240200043,950
Miyazaki94,7,WOA-ABE,95,0.3731857240200043,960
Miyazaki94,7,WOA-ABE,96,0.3731857240200043,970
Miyazaki94,7,WOA-ABE,97,0.373183935880661,980
Miyazaki94,7,WOA-ABE,98,0.373183935880661,990
Miyazaki94,7,WOA-ABE,99,0.373183935880661,1000
Miyazaki94,7,FAABE,0,0.48382243514060974,10
Miyazaki94,7,FAABE,1,0.44055038690567017,20
Miyazaki94,7,FAABE,2,0.44055038690567017,30
Miyazaki94,7,FAABE,3,0.44055038690567017,40
Miyazaki94,7,FAABE,4,0.44055038690567017,50
Miyazaki94,7,FAABE,5,0.41685956716537476,60
Miyazaki94,7,FAABE,6,0.4114561378955841,70
Miyazaki94,7,FAABE,7,0.4114561378955841,80
Miyazaki94,7,FAABE,8,0.39831507205963135,90
Miyazaki94,7,FAABE,9,0.3889964818954468,100
Miyazaki94,7,FAABE,10,0.3889964818954468,110
Miyazaki94,7,FAABE,11,0.3889964818954468,120
Miyazaki94,7,FAABE,12,0.3889964818954468,130
Miyazaki94,7,FAABE,13,0.3889964818954468,140
Miyazaki94,7,FAABE,14,0.3889964818954468,150
Miyazaki94,7,FAABE,15,0.3889964818954468,160
Miyazaki94,7,FAABE,16,0.3889964818954468,170
Miyazaki94,7,FAABE,17,0.3889964818954468,180
Miyazaki94,7,FAABE,18,0.3889964818954468,190
Miyazaki94,7,FAABE,19,0.3889964818954468,200
Miyazaki94,7,FAABE,20,0.37330788373947144,210
Miyazaki94,7,FAABE,21,0.37330788373947144,220
Miyazaki94,7,FAABE,22,0.37330788373947144,230
Miyazaki94,7,FAABE,23,0.37330788373947144,240
Miyazaki94,7,FAABE,24,0.3730061650276184,250
Miyazaki94,7,FAABE,25,0.37099000811576843,260
Miyazaki94,7,FAABE,26,0.37099000811576843,270
Miyazaki94,7,FAABE,27,0.34363576769828796,280
Miyazaki94,7,FAABE,28,0.34363576769828796,290
Miyazaki94,7,FAABE,29,0.34363576769828796,300
Miyazaki94,7,FAABE,30,0.34363576769828796,310
Miyazaki94,7,FAABE,31,0.34363576769828796,320
Miyazaki94,7,FAABE,32,0.34363576769828796,330
Miyazaki94,7,FAABE,33,0.34363576769828796,340
Miyazaki94,7,FAABE,34,0.34363576769828796,350
Miyazaki94,7,FAABE,35,0.34363576769828796,360
Miyazaki94,7,FAABE,36,0.34363576769828796,370
Miyazaki94,7,FAABE,37,0.34363576769828796,380
Miyazaki94,7,FAABE,38,0.34363576769828796,390
Miyazaki94,7,FAABE,39,0.34363576769828796,400
Miyazaki94,7,FAABE,40,0.3374330699443817,410
Miyazaki94,7,FAABE,41,0.3374330699443817,420
Miyazaki94,7,FAABE,42,0.3374330699443817,430
Miyazaki94,7,FAABE,43,0.3374330699443817,440
Miyazaki94,7,FAABE,44,0.3374330699443817,450
Miyazaki94,7,FAABE,45,0.3374330699443817,460
Miyazaki94,7,FAABE,46,0.3374330699443817,470
Miyazaki94,7,FAABE,47,0.3374330699443817,480
Miyazaki94,7,FAABE,48,0.3374330699443817,490
Miyazaki94,7,FAABE,49,0.3374330699443817,500
Miyazaki94,7,FAABE,50,0.3374330699443817,510
Miyazaki94,7,FAABE,51,0.3374330699443817,520
Miyazaki94,7,FAABE,52,0.3374330699443817,530
Miyazaki94,7,FAABE,53,0.3374330699443817,540
Miyazaki94,7,FAABE,54,0.3374330699443817,550
Miyazaki94,7,FAABE,55,0.3374330699443817,560
Miyazaki94,7,FAABE,56,0.3374330699443817,570
Miyazaki94,7,FAABE,57,0.3374330699443817,580
Miyazaki94,7,FAABE,58,0.3374330699443817,590
Miyazaki94,7,FAABE,59,0.3374330699443817,600
Miyazaki94,7,FAABE,60,0.3374330699443817,610
Miyazaki94,7,FAABE,61,0.3374330699443817,620
Miyazaki94,7,FAABE,62,0.3374330699443817,630
Miyazaki94,7,FAABE,63,0.3374330699443817,640
Miyazaki94,7,FAABE,64,0.3374330699443817,650
Miyazaki94,7,FAABE,65,0.3374330699443817,660
Miyazaki94,7,FAABE,66,0.3374330699443817,670
Miyazaki94,7,FAABE,67,0.3374330699443817,680
Miyazaki94,7,FAABE,68,0.3374330699443817,690
Miyazaki94,7,FAABE,69,0.33530429005622864,700
Miyazaki94,7,FAABE,70,0.33530429005622864,710
Miyazaki94,7,FAABE,71,0.33530429005622864,720
Miyazaki94,7,FAABE,72,0.33530429005622864,730
Miyazaki94,7,FAABE,73,0.33530429005622864,740
Miyazaki94,7,FAABE,74,0.33530429005622864,750
Miyazaki94,7,FAABE,75,0.33530429005622864,760
Miyazaki94,7,FAABE,76,0.33530429005622864,770
Miyazaki94,7,FAABE,77,0.33530429005622864,780
Miyazaki94,7,FAABE,78,0.33530429005622864,790
Miyazaki94,7,FAABE,79,0.33530429005622864,800
Miyazaki94,7,FAABE,80,0.33530429005622864,810
Miyazaki94,7,FAABE,81,0.33530429005622864,820
Miyazaki94,7,FAABE,82,0.33530429005622864,830
Miyazaki94,7,FAABE,83,0.33530429005622864,840
Miyazaki94,7,FAABE,84,0.33530429005622864,850
Miyazaki94,7,FAABE,85,0.33530429005622864,860
Miyazaki94,7,FAABE,86,0.33530429005622864,870
Miyazaki94,7,FAABE,87,0.33530429005622864,880
Miyazaki94,7,FAABE,88,0.33530429005622864,890
Miyazaki94,7,FAABE,89,0.33530429005622864,900
Miyazaki94,7,FAABE,90,0.33530429005622864,910
Miyazaki94,7,FAABE,91,0.33530429005622864,920
Miyazaki94,7,FAABE,92,0.33530429005622864,930
Miyazaki94,7,FAABE,93,0.33530429005622864,940
Miyazaki94,7,FAABE,94,0.33530429005622864,950
Miyazaki94,7,FAABE,95,0.33530429005622864,960
Miyazaki94,7,FAABE,96,0.33530429005622864,970
Miyazaki94,7,FAABE,97,0.33530429005622864,980
Miyazaki94,7,FAABE,98,0.33530429005622864,990
Miyazaki94,7,FAABE,99,0.33530429005622864,1000
Miyazaki94,8,GA-ABE,0,0.5417075753211975,10
Miyazaki94,8,GA-ABE,1,0.5128127932548523,20
Miyazaki94,8,GA-ABE,2,0.5058130025863647,30
Miyazaki94,8,GA-ABE,3,0.5058130025863647,40
Miyazaki94,8,GA-ABE,4,0.5058130025863647,50
Miyazaki94,8,GA-ABE,5,0.4978770613670349,60
Miyazaki94,8,GA-ABE,6,0.4978770613670349,70
Miyazaki94,8,GA-ABE,7,0.49772804975509644,80
Miyazaki94,8,GA-ABE,8,0.49723806977272034,90
Miyazaki94,8,GA-ABE,9,0.49723806977272034,100
Miyazaki94,8,GA-ABE,10,0.49723806977272034,110
Miyazaki94,8,GA-ABE,11,0.49723806977272034,120
Miyazaki94,8,GA-ABE,12,0.49723806977272034,130
Miyazaki94,8,GA-ABE,13,0.4908463954925537,140
Miyazaki94,8,GA-ABE,14,0.4765453636646271,150
Miyazaki94,8,GA-ABE,15,0.45955079793930054,160
Miyazaki94,8,GA-ABE,16,0.4425866901874542,170
Miyazaki94,8,GA-ABE,17,0.4425866901874542,180
Miyazaki94,8,GA-ABE,18,0.4425866901874542,190
Miyazaki94,8,GA-ABE,19,0.4346145689487457,200
Miyazaki94,8,GA-ABE,20,0.4346145689487457,210
Miyazaki94,8,GA-ABE,21,0.43117213249206543,220
Miyazaki94,8,GA-ABE,22,0.4294535517692566,230
Miyazaki94,8,GA-ABE,23,0.4294535517692566,240
Miyazaki94,8,GA-ABE,24,0.4294535517692566,250
Miyazaki94,8,GA-ABE,25,0.4294535517692566,260
Miyazaki94,8,GA-ABE,26,0.4294535517692566,270
Miyazaki94,8,GA-ABE,27,0.42925283312797546,280
Miyazaki94,8,GA-ABE,28,0.42782410979270935,290
Miyazaki94,8,GA-ABE,29,0.42782410979270935,300
Miyazaki94,8,GA-ABE,30,0.42782410979270935,310
Miyazaki94,8,GA-ABE,31,0.42782410979270935,320
Miyazaki94,8,GA-ABE,32,0.42782410979270935,330
Miyazaki94,8,GA-ABE,33,0.42782410979270935,340
Miyazaki94,8,GA-ABE,34,0.42782410979270935,350
Miyazaki94,8,GA-ABE,35,0.4273434579372406,360
Miyazaki94,8,GA-ABE,36,0.4273434579372406,370
Miyazaki94,8,GA-ABE,37,0.4269810914993286,380
Miyazaki94,8,GA-ABE,38,0.4269810914993286,390
Miyazaki94,8,GA-ABE,39,0.4269810914993286,400
Miyazaki94,8,GA-ABE,40,0.4269810914993286,410
Miyazaki94,8,GA-ABE,41,0.4269810914993286,420
Miyazaki94,8,GA-ABE,42,0.42691612243652344,430
Miyazaki94,8,GA-ABE,43,0.4268791675567627,440
Miyazaki94,8,GA-ABE,44,0.4268755316734314,450
Miyazaki94,8,GA-ABE,45,0.4268755316734314,460
Miyazaki94,8,GA-ABE,46,0.426875501871109,470
Miyazaki94,8,GA-ABE,47,0.426875501871109,480
Miyazaki94,8,GA-ABE,48,0.426875501871109,490
Miyazaki94,8,GA-ABE,49,0.426875501871109,500
Miyazaki94,8,GA-ABE,50,0.4245116114616394,510
Miyazaki94,8,GA-ABE,51,0.4245116114616394,520
Miyazaki94,8,GA-ABE,52,0.4245116114616394,530
Miyazaki94,8,GA-ABE,53,0.4245116114616394,540
Miyazaki94,8,GA-ABE,54,0.4245116114616394,550
Miyazaki94,8,GA-ABE,55,0.4245116114616394,560
Miyazaki94,8,GA-ABE,56,0.4245116114616394,570
Miyazaki94,8,GA-ABE,57,0.4245116114616394,580
Miyazaki94,8,GA-ABE,58,0.421295166015625,590
Miyazaki94,8,GA-ABE,59,0.421295166015625,600
Miyazaki94,8,GA-ABE,60,0.4212682843208313,610
Miyazaki94,8,GA-ABE,61,0.4212682843208313,620
Miyazaki94,8,GA-ABE,62,0.4212682843208313,630
Miyazaki94,8,GA-ABE,63,0.4212682843208313,640
Miyazaki94,8,GA-ABE,64,0.42109259963035583,650
Miyazaki94,8,GA-ABE,65,0.42109259963035583,660
Miyazaki94,8,GA-ABE,66,0.4207553267478943,670
Miyazaki94,8,GA-ABE,67,0.41713640093803406,680
Miyazaki94,8,GA-ABE,68,0.41713640093803406,690
Miyazaki94,8,GA-ABE,69,0.41713640093803406,700
Miyazaki94,8,GA-ABE,70,0.41713640093803406,710
Miyazaki94,8,GA-ABE,71,0.41713640093803406,720
Miyazaki94,8,GA-ABE,72,0.41713640093803406,730
Miyazaki94,8,GA-ABE,73,0.41713640093803406,740
Miyazaki94,8,GA-ABE,74,0.41713640093803406,750
Miyazaki94,8,GA-ABE,75,0.41713640093803406,760
Miyazaki94,8,GA-ABE,76,0.41713640093803406,770
Miyazaki94,8,GA-ABE,77,0.41637295484542847,780
Miyazaki94,8,GA-ABE,78,0.41637295484542847,790
Miyazaki94,8,GA-ABE,79,0.41637295484542847,800
Miyazaki94,8,GA-ABE,80,0.41637295484542847,810
Miyazaki94,8,GA-ABE,81,0.41637295484542847,820
Miyazaki94,8,GA-ABE,82,0.41637295484542847,830
Miyazaki94,8,GA-ABE,83,0.41637295484542847,840
Miyazaki94,8,GA-ABE,84,0.41637295484542847,850
Miyazaki94,8,GA-ABE,85,0.41627073287963867,860
Miyazaki94,8,GA-ABE,86,0.41627073287963867,870
Miyazaki94,8,GA-ABE,87,0.41627073287963867,880
Miyazaki94,8,GA-ABE,88,0.41627073287963867,890
Miyazaki94,8,GA-ABE,89,0.41627073287963867,900
Miyazaki94,8,GA-ABE,90,0.41627073287963867,910
Miyazaki94,8,GA-ABE,91,0.41627073287963867,920
Miyazaki94,8,GA-ABE,92,0.41627073287963867,930
Miyazaki94,8,GA-ABE,93,0.41627073287963867,940
Miyazaki94,8,GA-ABE,94,0.41627073287963867,950
Miyazaki94,8,GA-ABE,95,0.41627073287963867,960
Miyazaki94,8,GA-ABE,96,0.41627073287963867,970
Miyazaki94,8,GA-ABE,97,0.41627073287963867,980
Miyazaki94,8,GA-ABE,98,0.41627073287963867,990
Miyazaki94,8,GA-ABE,99,0.4148334562778473,1000
Miyazaki94,8,PSO-ABE,0,0.4790346026420593,10
Miyazaki94,8,PSO-ABE,1,0.45803695917129517,20
Miyazaki94,8,PSO-ABE,2,0.43138387799263,30
Miyazaki94,8,PSO-ABE,3,0.42120543122291565,40
Miyazaki94,8,PSO-ABE,4,0.4172046482563019,50
Miyazaki94,8,PSO-ABE,5,0.4034040868282318,60
Miyazaki94,8,PSO-ABE,6,0.4034040868282318,70
Miyazaki94,8,PSO-ABE,7,0.39059892296791077,80
Miyazaki94,8,PSO-ABE,8,0.39059892296791077,90
Miyazaki94,8,PSO-ABE,9,0.39059892296791077,100
Miyazaki94,8,PSO-ABE,10,0.39059892296791077,110
Miyazaki94,8,PSO-ABE,11,0.39059892296791077,120
Miyazaki94,8,PSO-ABE,12,0.39043906331062317,130
Miyazaki94,8,PSO-ABE,13,0.39043906331062317,140
Miyazaki94,8,PSO-ABE,14,0.39043906331062317,150
Miyazaki94,8,PSO-ABE,15,0.39043906331062317,160
Miyazaki94,8,PSO-ABE,16,0.39043906331062317,170
Miyazaki94,8,PSO-ABE,17,0.3904305398464203,180
Miyazaki94,8,PSO-ABE,18,0.38957133889198303,190
Miyazaki94,8,PSO-ABE,19,0.38957133889198303,200
Miyazaki94,8,PSO-ABE,20,0.38955822587013245,210
Miyazaki94,8,PSO-ABE,21,0.38955822587013245,220
Miyazaki94,8,PSO-ABE,22,0.38955822587013245,230
Miyazaki94,8,PSO-ABE,23,0.38952457904815674,240
Miyazaki94,8,PSO-ABE,24,0.38952383399009705,250
Miyazaki94,8,PSO-ABE,25,0.38952383399009705,260
Miyazaki94,8,PSO-ABE,26,0.38952383399009705,270
Miyazaki94,8,PSO-ABE,27,0.38952383399009705,280
Miyazaki94,8,PSO-ABE,28,0.38940221071243286,290
Miyazaki94,8,PSO-ABE,29,0.38940221071243286,300
Miyazaki94,8,PSO-ABE,30,0.38940221071243286,310
Miyazaki94,8,PSO-ABE,31,0.38940221071243286,320
Miyazaki94,8,PSO-ABE,32,0.38940221071243286,330
Miyazaki94,8,PSO-ABE,33,0.38940221071243286,340
Miyazaki94,8,PSO-ABE,34,0.38937288522720337,350
Miyazaki94,8,PSO-ABE,35,0.38937288522720337,360
Miyazaki94,8,PSO-ABE,36,0.38937288522720337,370
Miyazaki94,8,PSO-ABE,37,0.38937288522720337,380
Miyazaki94,8,PSO-ABE,38,0.38937288522720337,390
Miyazaki94,8,PSO-ABE,39,0.38937288522720337,400
Miyazaki94,8,PSO-ABE,40,0.3893711268901825,410
Miyazaki94,8,PSO-ABE,41,0.3893711268901825,420
Miyazaki94,8,PSO-ABE,42,0.3893711268901825,430
Miyazaki94,8,PSO-ABE,43,0.3893711268901825,440
Miyazaki94,8,PSO-ABE,44,0.3893711268901825,450
Miyazaki94,8,PSO-ABE,45,0.3893711268901825,460
Miyazaki94,8,PSO-ABE,46,0.38936862349510193,470
Miyazaki94,8,PSO-ABE,47,0.3893674314022064,480
Miyazaki94,8,PSO-ABE,48,0.3893674314022064,490
Miyazaki94,8,PSO-ABE,49,0.3893674314022064,500
Miyazaki94,8,PSO-ABE,50,0.3893674314022064,510
Miyazaki94,8,PSO-ABE,51,0.3893674314022064,520
Miyazaki94,8,PSO-ABE,52,0.38935622572898865,530
Miyazaki94,8,PSO-ABE,53,0.38935622572898865,540
Miyazaki94,8,PSO-ABE,54,0.38935622572898865,550
Miyazaki94,8,PSO-ABE,55,0.38935622572898865,560
Miyazaki94,8,PSO-ABE,56,0.38935622572898865,570
Miyazaki94,8,PSO-ABE,57,0.38935622572898865,580
Miyazaki94,8,PSO-ABE,58,0.38935622572898865,590
Miyazaki94,8,PSO-ABE,59,0.38935160636901855,600
Miyazaki94,8,PSO-ABE,60,0.38935160636901855,610
Miyazaki94,8,PSO-ABE,61,0.38934609293937683,620
Miyazaki94,8,PSO-ABE,62,0.38934609293937683,630
Miyazaki94,8,PSO-ABE,63,0.38934609293937683,640
Miyazaki94,8,PSO-ABE,64,0.38934609293937683,650
Miyazaki94,8,PSO-ABE,65,0.3893449604511261,660
Miyazaki94,8,PSO-ABE,66,0.3893449604511261,670
Miyazaki94,8,PSO-ABE,67,0.3893449604511261,680
Miyazaki94,8,PSO-ABE,68,0.3893449604511261,690
Miyazaki94,8,PSO-ABE,69,0.3893449604511261,700
Miyazaki94,8,PSO-ABE,70,0.3893449604511261,710
Miyazaki94,8,PSO-ABE,71,0.3893449604511261,720
Miyazaki94,8,PSO-ABE,72,0.3893449604511261,730
Miyazaki94,8,PSO-ABE,73,0.3893449604511261,740
Miyazaki94,8,PSO-ABE,74,0.38934415578842163,750
Miyazaki94,8,PSO-ABE,75,0.38934415578842163,760
Miyazaki94,8,PSO-ABE,76,0.38934415578842163,770
Miyazaki94,8,PSO-ABE,77,0.38934415578842163,780
Miyazaki94,8,PSO-ABE,78,0.38934415578842163,790
Miyazaki94,8,PSO-ABE,79,0.38934415578842163,800
Miyazaki94,8,PSO-ABE,80,0.38934415578842163,810
Miyazaki94,8,PSO-ABE,81,0.38934415578842163,820
Miyazaki94,8,PSO-ABE,82,0.38934415578842163,830
Miyazaki94,8,PSO-ABE,83,0.38934415578842163,840
Miyazaki94,8,PSO-ABE,84,0.38934415578842163,850
Miyazaki94,8,PSO-ABE,85,0.38934415578842163,860
Miyazaki94,8,PSO-ABE,86,0.38934415578842163,870
Miyazaki94,8,PSO-ABE,87,0.38934415578842163,880
Miyazaki94,8,PSO-ABE,88,0.38934415578842163,890
Miyazaki94,8,PSO-ABE,89,0.38934415578842163,900
Miyazaki94,8,PSO-ABE,90,0.38934415578842163,910
Miyazaki94,8,PSO-ABE,91,0.38934415578842163,920
Miyazaki94,8,PSO-ABE,92,0.38934415578842163,930
Miyazaki94,8,PSO-ABE,93,0.38934269547462463,940
Miyazaki94,8,PSO-ABE,94,0.389340877532959,950
Miyazaki94,8,PSO-ABE,95,0.389340877532959,960
Miyazaki94,8,PSO-ABE,96,0.389340877532959,970
Miyazaki94,8,PSO-ABE,97,0.389340877532959,980
Miyazaki94,8,PSO-ABE,98,0.389340877532959,990
Miyazaki94,8,PSO-ABE,99,0.389340877532959,1000
Miyazaki94,8,DE-ABE,0,0.5694349408149719,10
Miyazaki94,8,DE-ABE,1,0.5376425981521606,20
Miyazaki94,8,DE-ABE,2,0.5255017876625061,30
Miyazaki94,8,DE-ABE,3,0.5085946917533875,40
Miyazaki94,8,DE-ABE,4,0.5085946917533875,50
Miyazaki94,8,DE-ABE,5,0.49017804861068726,60
Miyazaki94,8,DE-ABE,6,0.47028517723083496,70
Miyazaki94,8,DE-ABE,7,0.42433637380599976,80
Miyazaki94,8,DE-ABE,8,0.42433637380599976,90
Miyazaki94,8,DE-ABE,9,0.42433637380599976,100
Miyazaki94,8,DE-ABE,10,0.42433637380599976,110
Miyazaki94,8,DE-ABE,11,0.42433637380599976,120
Miyazaki94,8,DE-ABE,12,0.42433637380599976,130
Miyazaki94,8,DE-ABE,13,0.42433637380599976,140
Miyazaki94,8,DE-ABE,14,0.4167192280292511,150
Miyazaki94,8,DE-ABE,15,0.41528505086898804,160
Miyazaki94,8,DE-ABE,16,0.41528505086898804,170
Miyazaki94,8,DE-ABE,17,0.41528505086898804,180
Miyazaki94,8,DE-ABE,18,0.41528505086898804,190
Miyazaki94,8,DE-ABE,19,0.41528505086898804,200
Miyazaki94,8,DE-ABE,20,0.41528505086898804,210
Miyazaki94,8,DE-ABE,21,0.41171956062316895,220
Miyazaki94,8,DE-ABE,22,0.41171956062316895,230
Miyazaki94,8,DE-ABE,23,0.41171956062316895,240
Miyazaki94,8,DE-ABE,24,0.41171956062316895,250
Miyazaki94,8,DE-ABE,25,0.41171956062316895,260
Miyazaki94,8,DE-ABE,26,0.40780720114707947,270
Miyazaki94,8,DE-ABE,27,0.40780720114707947,280
Miyazaki94,8,DE-ABE,28,0.40780720114707947,290
Miyazaki94,8,DE-ABE,29,0.40780720114707947,300
Miyazaki94,8,DE-ABE,30,0.40780720114707947,310
Miyazaki94,8,DE-ABE,31,0.40780720114707947,320
Miyazaki94,8,DE-ABE,32,0.40780720114707947,330
Miyazaki94,8,DE-ABE,33,0.40780720114707947,340
Miyazaki94,8,DE-ABE,34,0.40780720114707947,350
Miyazaki94,8,DE-ABE,35,0.40380415320396423,360
Miyazaki94,8,DE-ABE,36,0.40380415320396423,370
Miyazaki94,8,DE-ABE,37,0.40380415320396423,380
Miyazaki94,8,DE-ABE,38,0.40380415320396423,390
Miyazaki94,8,DE-ABE,39,0.40380415320396423,400
Miyazaki94,8,DE-ABE,40,0.40380415320396423,410
Miyazaki94,8,DE-ABE,41,0.40380415320396423,420
Miyazaki94,8,DE-ABE,42,0.40380415320396423,430
Miyazaki94,8,DE-ABE,43,0.4022582173347473,440
Miyazaki94,8,DE-ABE,44,0.4022582173347473,450
Miyazaki94,8,DE-ABE,45,0.4022582173347473,460
Miyazaki94,8,DE-ABE,46,0.4009353816509247,470
Miyazaki94,8,DE-ABE,47,0.4009353816509247,480
Miyazaki94,8,DE-ABE,48,0.4009353816509247,490
Miyazaki94,8,DE-ABE,49,0.4009353816509247,500
Miyazaki94,8,DE-ABE,50,0.4009353816509247,510
Miyazaki94,8,DE-ABE,51,0.4009353816509247,520
Miyazaki94,8,DE-ABE,52,0.4009353816509247,530
Miyazaki94,8,DE-ABE,53,0.4004806578159332,540
Miyazaki94,8,DE-ABE,54,0.4004806578159332,550
Miyazaki94,8,DE-ABE,55,0.4004806578159332,560
Miyazaki94,8,DE-ABE,56,0.4004806578159332,570
Miyazaki94,8,DE-ABE,57,0.4004806578159332,580
Miyazaki94,8,DE-ABE,58,0.4004806578159332,590
Miyazaki94,8,DE-ABE,59,0.4004806578159332,600
Miyazaki94,8,DE-ABE,60,0.4004806578159332,610
Miyazaki94,8,DE-ABE,61,0.4004765748977661,620
Miyazaki94,8,DE-ABE,62,0.4004765748977661,630
Miyazaki94,8,DE-ABE,63,0.4004765748977661,640
Miyazaki94,8,DE-ABE,64,0.4004765748977661,650
Miyazaki94,8,DE-ABE,65,0.4004765748977661,660
Miyazaki94,8,DE-ABE,66,0.4004765748977661,670
Miyazaki94,8,DE-ABE,67,0.4004765748977661,680
Miyazaki94,8,DE-ABE,68,0.4004765748977661,690
Miyazaki94,8,DE-ABE,69,0.4004765748977661,700
Miyazaki94,8,DE-ABE,70,0.4004411995410919,710
Miyazaki94,8,DE-ABE,71,0.4004411995410919,720
Miyazaki94,8,DE-ABE,72,0.4004411995410919,730
Miyazaki94,8,DE-ABE,73,0.4004284143447876,740
Miyazaki94,8,DE-ABE,74,0.4004284143447876,750
Miyazaki94,8,DE-ABE,75,0.40042686462402344,760
Miyazaki94,8,DE-ABE,76,0.40042686462402344,770
Miyazaki94,8,DE-ABE,77,0.4004245698451996,780
Miyazaki94,8,DE-ABE,78,0.4004092514514923,790
Miyazaki94,8,DE-ABE,79,0.40040600299835205,800
Miyazaki94,8,DE-ABE,80,0.40040600299835205,810
Miyazaki94,8,DE-ABE,81,0.4004020690917969,820
Miyazaki94,8,DE-ABE,82,0.40039724111557007,830
Miyazaki94,8,DE-ABE,83,0.40039724111557007,840
Miyazaki94,8,DE-ABE,84,0.40039724111557007,850
Miyazaki94,8,DE-ABE,85,0.4003967344760895,860
Miyazaki94,8,DE-ABE,86,0.4003903269767761,870
Miyazaki94,8,DE-ABE,87,0.4003903269767761,880
Miyazaki94,8,DE-ABE,88,0.4003903269767761,890
Miyazaki94,8,DE-ABE,89,0.40038979053497314,900
Miyazaki94,8,DE-ABE,90,0.40038853883743286,910
Miyazaki94,8,DE-ABE,91,0.40038853883743286,920
Miyazaki94,8,DE-ABE,92,0.40038853883743286,930
Miyazaki94,8,DE-ABE,93,0.40038779377937317,940
Miyazaki94,8,DE-ABE,94,0.40038779377937317,950
Miyazaki94,8,DE-ABE,95,0.40038779377937317,960
Miyazaki94,8,DE-ABE,96,0.40038737654685974,970
Miyazaki94,8,DE-ABE,97,0.40038737654685974,980
Miyazaki94,8,DE-ABE,98,0.40038737654685974,990
Miyazaki94,8,DE-ABE,99,0.40038737654685974,1000
Miyazaki94,8,GWO-ABE,0,0.517169713973999,10
Miyazaki94,8,GWO-ABE,1,0.4718981087207794,20
Miyazaki94,8,GWO-ABE,2,0.4472543001174927,30
Miyazaki94,8,GWO-ABE,3,0.42620405554771423,40
Miyazaki94,8,GWO-ABE,4,0.44214022159576416,50
Miyazaki94,8,GWO-ABE,5,0.4128260910511017,60
Miyazaki94,8,GWO-ABE,6,0.42880532145500183,70
Miyazaki94,8,GWO-ABE,7,0.42930132150650024,80
Miyazaki94,8,GWO-ABE,8,0.42459145188331604,90
Miyazaki94,8,GWO-ABE,9,0.4223810136318207,100
Miyazaki94,8,GWO-ABE,10,0.4297386109828949,110
Miyazaki94,8,GWO-ABE,11,0.41933539509773254,120
Miyazaki94,8,GWO-ABE,12,0.42413750290870667,130
Miyazaki94,8,GWO-ABE,13,0.41335466504096985,140
Miyazaki94,8,GWO-ABE,14,0.43910473585128784,150
Miyazaki94,8,GWO-ABE,15,0.43921345472335815,160
Miyazaki94,8,GWO-ABE,16,0.43648654222488403,170
Miyazaki94,8,GWO-ABE,17,0.4318096339702606,180
Miyazaki94,8,GWO-ABE,18,0.42728036642074585,190
Miyazaki94,8,GWO-ABE,19,0.418873131275177,200
Miyazaki94,8,GWO-ABE,20,0.42253637313842773,210
Miyazaki94,8,GWO-ABE,21,0.4376305937767029,220
Miyazaki94,8,GWO-ABE,22,0.4392760396003723,230
Miyazaki94,8,GWO-ABE,23,0.42539042234420776,240
Miyazaki94,8,GWO-ABE,24,0.3903443515300751,250
Miyazaki94,8,GWO-ABE,25,0.3930780589580536,260
Miyazaki94,8,GWO-ABE,26,0.4027888774871826,270
Miyazaki94,8,GWO-ABE,27,0.41778430342674255,280
Miyazaki94,8,GWO-ABE,28,0.40216854214668274,290
Miyazaki94,8,GWO-ABE,29,0.433451771736145,300
Miyazaki94,8,GWO-ABE,30,0.41095760464668274,310
Miyazaki94,8,GWO-ABE,31,0.43531620502471924,320
Miyazaki94,8,GWO-ABE,32,0.40614452958106995,330
Miyazaki94,8,GWO-ABE,33,0.42653772234916687,340
Miyazaki94,8,GWO-ABE,34,0.3940677046775818,350
Miyazaki94,8,GWO-ABE,35,0.4154430627822876,360
Miyazaki94,8,GWO-ABE,36,0.40427282452583313,370
Miyazaki94,8,GWO-ABE,37,0.4077093005180359,380
Miyazaki94,8,GWO-ABE,38,0.4086359441280365,390
Miyazaki94,8,GWO-ABE,39,0.3880908787250519,400
Miyazaki94,8,GWO-ABE,40,0.3882535994052887,410
Miyazaki94,8,GWO-ABE,41,0.40915390849113464,420
Miyazaki94,8,GWO-ABE,42,0.40703535079956055,430
Miyazaki94,8,GWO-ABE,43,0.3846960663795471,440
Miyazaki94,8,GWO-ABE,44,0.40955841541290283,450
Miyazaki94,8,GWO-ABE,45,0.4023417830467224,460
Miyazaki94,8,GWO-ABE,46,0.39903414249420166,470
Miyazaki94,8,GWO-ABE,47,0.403242826461792,480
Miyazaki94,8,GWO-ABE,48,0.40449824929237366,490
Miyazaki94,8,GWO-ABE,49,0.4042035937309265,500
Miyazaki94,8,GWO-ABE,50,0.4119071066379547,510
Miyazaki94,8,GWO-ABE,51,0.41584333777427673,520
Miyazaki94,8,GWO-ABE,52,0.41200581192970276,530
Miyazaki94,8,GWO-ABE,53,0.41554707288742065,540
Miyazaki94,8,GWO-ABE,54,0.40388888120651245,550
Miyazaki94,8,GWO-ABE,55,0.38280758261680603,560
Miyazaki94,8,GWO-ABE,56,0.40418997406959534,570
Miyazaki94,8,GWO-ABE,57,0.40567341446876526,580
Miyazaki94,8,GWO-ABE,58,0.4004387855529785,590
Miyazaki94,8,GWO-ABE,59,0.3922365605831146,600
Miyazaki94,8,GWO-ABE,60,0.3929003179073334,610
Miyazaki94,8,GWO-ABE,61,0.39852994680404663,620
Miyazaki94,8,GWO-ABE,62,0.40537506341934204,630
Miyazaki94,8,GWO-ABE,63,0.3931894898414612,640
Miyazaki94,8,GWO-ABE,64,0.3922814726829529,650
Miyazaki94,8,GWO-ABE,65,0.38763391971588135,660
Miyazaki94,8,GWO-ABE,66,0.3947726786136627,670
Miyazaki94,8,GWO-ABE,67,0.4059551954269409,680
Miyazaki94,8,GWO-ABE,68,0.39214423298835754,690
Miyazaki94,8,GWO-ABE,69,0.39533132314682007,700
Miyazaki94,8,GWO-ABE,70,0.3915501832962036,710
Miyazaki94,8,GWO-ABE,71,0.3923517167568207,720
Miyazaki94,8,GWO-ABE,72,0.39094704389572144,730
Miyazaki94,8,GWO-ABE,73,0.39271366596221924,740
Miyazaki94,8,GWO-ABE,74,0.3915533423423767,750
Miyazaki94,8,GWO-ABE,75,0.3913429081439972,760
Miyazaki94,8,GWO-ABE,76,0.39175131916999817,770
Miyazaki94,8,GWO-ABE,77,0.38848087191581726,780
Miyazaki94,8,GWO-ABE,78,0.39050301909446716,790
Miyazaki94,8,GWO-ABE,79,0.39053982496261597,800
Miyazaki94,8,GWO-ABE,80,0.390796959400177,810
Miyazaki94,8,GWO-ABE,81,0.38934728503227234,820
Miyazaki94,8,GWO-ABE,82,0.387729674577713,830
Miyazaki94,8,GWO-ABE,83,0.3879765272140503,840
Miyazaki94,8,GWO-ABE,84,0.38803553581237793,850
Miyazaki94,8,GWO-ABE,85,0.38999441266059875,860
Miyazaki94,8,GWO-ABE,86,0.3907378315925598,870
Miyazaki94,8,GWO-ABE,87,0.3840470314025879,880
Miyazaki94,8,GWO-ABE,88,0.38391992449760437,890
Miyazaki94,8,GWO-ABE,89,0.3911241888999939,900
Miyazaki94,8,GWO-ABE,90,0.3841194808483124,910
Miyazaki94,8,GWO-ABE,91,0.38384202122688293,920
Miyazaki94,8,GWO-ABE,92,0.38387981057167053,930
Miyazaki94,8,GWO-ABE,93,0.38387998938560486,940
Miyazaki94,8,GWO-ABE,94,0.38383957743644714,950
Miyazaki94,8,GWO-ABE,95,0.38385146856307983,960
Miyazaki94,8,GWO-ABE,96,0.3838517367839813,970
Miyazaki94,8,GWO-ABE,97,0.3838053047657013,980
Miyazaki94,8,GWO-ABE,98,0.383808970451355,990
Miyazaki94,8,GWO-ABE,99,0.38380804657936096,1000
Miyazaki94,8,WOA-ABE,0,0.5487083792686462,10
Miyazaki94,8,WOA-ABE,1,0.5357377529144287,20
Miyazaki94,8,WOA-ABE,2,0.4886777997016907,30
Miyazaki94,8,WOA-ABE,3,0.4791668653488159,40
Miyazaki94,8,WOA-ABE,4,0.4791668653488159,50
Miyazaki94,8,WOA-ABE,5,0.479156494140625,60
Miyazaki94,8,WOA-ABE,6,0.4782026410102844,70
Miyazaki94,8,WOA-ABE,7,0.4782026410102844,80
Miyazaki94,8,WOA-ABE,8,0.4782026410102844,90
Miyazaki94,8,WOA-ABE,9,0.4782026410102844,100
Miyazaki94,8,WOA-ABE,10,0.47809022665023804,110
Miyazaki94,8,WOA-ABE,11,0.47809022665023804,120
Miyazaki94,8,WOA-ABE,12,0.47809022665023804,130
Miyazaki94,8,WOA-ABE,13,0.47809022665023804,140
Miyazaki94,8,WOA-ABE,14,0.47809022665023804,150
Miyazaki94,8,WOA-ABE,15,0.47809022665023804,160
Miyazaki94,8,WOA-ABE,16,0.47809022665023804,170
Miyazaki94,8,WOA-ABE,17,0.47809022665023804,180
Miyazaki94,8,WOA-ABE,18,0.47809022665023804,190
Miyazaki94,8,WOA-ABE,19,0.47809022665023804,200
Miyazaki94,8,WOA-ABE,20,0.47809022665023804,210
Miyazaki94,8,WOA-ABE,21,0.47809022665023804,220
Miyazaki94,8,WOA-ABE,22,0.47809022665023804,230
Miyazaki94,8,WOA-ABE,23,0.47809022665023804,240
Miyazaki94,8,WOA-ABE,24,0.47809022665023804,250
Miyazaki94,8,WOA-ABE,25,0.47809022665023804,260
Miyazaki94,8,WOA-ABE,26,0.47809022665023804,270
Miyazaki94,8,WOA-ABE,27,0.47809022665023804,280
Miyazaki94,8,WOA-ABE,28,0.47809022665023804,290
Miyazaki94,8,WOA-ABE,29,0.47809022665023804,300
Miyazaki94,8,WOA-ABE,30,0.47808945178985596,310
Miyazaki94,8,WOA-ABE,31,0.47808945178985596,320
Miyazaki94,8,WOA-ABE,32,0.47808945178985596,330
Miyazaki94,8,WOA-ABE,33,0.47808945178985596,340
Miyazaki94,8,WOA-ABE,34,0.47808945178985596,350
Miyazaki94,8,WOA-ABE,35,0.47808945178985596,360
Miyazaki94,8,WOA-ABE,36,0.47808945178985596,370
Miyazaki94,8,WOA-ABE,37,0.47808945178985596,380
Miyazaki94,8,WOA-ABE,38,0.47808945178985596,390
Miyazaki94,8,WOA-ABE,39,0.47808945178985596,400
Miyazaki94,8,WOA-ABE,40,0.47808945178985596,410
Miyazaki94,8,WOA-ABE,41,0.47808945178985596,420
Miyazaki94,8,WOA-ABE,42,0.47808945178985596,430
Miyazaki94,8,WOA-ABE,43,0.47808945178985596,440
Miyazaki94,8,WOA-ABE,44,0.47808945178985596,450
Miyazaki94,8,WOA-ABE,45,0.47808945178985596,460
Miyazaki94,8,WOA-ABE,46,0.47808945178985596,470
Miyazaki94,8,WOA-ABE,47,0.47808945178985596,480
Miyazaki94,8,WOA-ABE,48,0.4780888259410858,490
Miyazaki94,8,WOA-ABE,49,0.4780888259410858,500
Miyazaki94,8,WOA-ABE,50,0.4780888259410858,510
Miyazaki94,8,WOA-ABE,51,0.47808876633644104,520
Miyazaki94,8,WOA-ABE,52,0.47808876633644104,530
Miyazaki94,8,WOA-ABE,53,0.47808876633644104,540
Miyazaki94,8,WOA-ABE,54,0.47808876633644104,550
Miyazaki94,8,WOA-ABE,55,0.47808876633644104,560
Miyazaki94,8,WOA-ABE,56,0.47808876633644104,570
Miyazaki94,8,WOA-ABE,57,0.47808828949928284,580
Miyazaki94,8,WOA-ABE,58,0.47533008456230164,590
Miyazaki94,8,WOA-ABE,59,0.47533008456230164,600
Miyazaki94,8,WOA-ABE,60,0.47533008456230164,610
Miyazaki94,8,WOA-ABE,61,0.47533008456230164,620
Miyazaki94,8,WOA-ABE,62,0.47533008456230164,630
Miyazaki94,8,WOA-ABE,63,0.47533008456230164,640
Miyazaki94,8,WOA-ABE,64,0.47533008456230164,650
Miyazaki94,8,WOA-ABE,65,0.47533008456230164,660
Miyazaki94,8,WOA-ABE,66,0.4753298759460449,670
Miyazaki94,8,WOA-ABE,67,0.4753298759460449,680
Miyazaki94,8,WOA-ABE,68,0.47531944513320923,690
Miyazaki94,8,WOA-ABE,69,0.47531944513320923,700
Miyazaki94,8,WOA-ABE,70,0.47531944513320923,710
Miyazaki94,8,WOA-ABE,71,0.47531944513320923,720
Miyazaki94,8,WOA-ABE,72,0.47531944513320923,730
Miyazaki94,8,WOA-ABE,73,0.47531944513320923,740
Miyazaki94,8,WOA-ABE,74,0.4753188490867615,750
Miyazaki94,8,WOA-ABE,75,0.4753188490867615,760
Miyazaki94,8,WOA-ABE,76,0.4753188490867615,770
Miyazaki94,8,WOA-ABE,77,0.4753188490867615,780
Miyazaki94,8,WOA-ABE,78,0.4753188490867615,790
Miyazaki94,8,WOA-ABE,79,0.4753188490867615,800
Miyazaki94,8,WOA-ABE,80,0.4753188490867615,810
Miyazaki94,8,WOA-ABE,81,0.47531867027282715,820
Miyazaki94,8,WOA-ABE,82,0.47531867027282715,830
Miyazaki94,8,WOA-ABE,83,0.47531867027282715,840
Miyazaki94,8,WOA-ABE,84,0.47531867027282715,850
Miyazaki94,8,WOA-ABE,85,0.47531867027282715,860
Miyazaki94,8,WOA-ABE,86,0.47531867027282715,870
Miyazaki94,8,WOA-ABE,87,0.47531867027282715,880
Miyazaki94,8,WOA-ABE,88,0.47531867027282715,890
Miyazaki94,8,WOA-ABE,89,0.47531867027282715,900
Miyazaki94,8,WOA-ABE,90,0.47531867027282715,910
Miyazaki94,8,WOA-ABE,91,0.47531867027282715,920
Miyazaki94,8,WOA-ABE,92,0.47531867027282715,930
Miyazaki94,8,WOA-ABE,93,0.47531867027282715,940
Miyazaki94,8,WOA-ABE,94,0.47531867027282715,950
Miyazaki94,8,WOA-ABE,95,0.47531867027282715,960
Miyazaki94,8,WOA-ABE,96,0.47531867027282715,970
Miyazaki94,8,WOA-ABE,97,0.47531867027282715,980
Miyazaki94,8,WOA-ABE,98,0.47531867027282715,990
Miyazaki94,8,WOA-ABE,99,0.47531867027282715,1000
Miyazaki94,8,FAABE,0,0.5037581920623779,10
Miyazaki94,8,FAABE,1,0.4868761897087097,20
Miyazaki94,8,FAABE,2,0.46128007769584656,30
Miyazaki94,8,FAABE,3,0.46128007769584656,40
Miyazaki94,8,FAABE,4,0.46128007769584656,50
Miyazaki94,8,FAABE,5,0.43557339906692505,60
Miyazaki94,8,FAABE,6,0.43557339906692505,70
Miyazaki94,8,FAABE,7,0.43557339906692505,80
Miyazaki94,8,FAABE,8,0.43557339906692505,90
Miyazaki94,8,FAABE,9,0.43557339906692505,100
Miyazaki94,8,FAABE,10,0.43557339906692505,110
Miyazaki94,8,FAABE,11,0.43557339906692505,120
Miyazaki94,8,FAABE,12,0.43557339906692505,130
Miyazaki94,8,FAABE,13,0.43557339906692505,140
Miyazaki94,8,FAABE,14,0.41857364773750305,150
Miyazaki94,8,FAABE,15,0.41857364773750305,160
Miyazaki94,8,FAABE,16,0.41857364773750305,170
Miyazaki94,8,FAABE,17,0.41857364773750305,180
Miyazaki94,8,FAABE,18,0.41857364773750305,190
Miyazaki94,8,FAABE,19,0.41857364773750305,200
Miyazaki94,8,FAABE,20,0.41857364773750305,210
Miyazaki94,8,FAABE,21,0.41857364773750305,220
Miyazaki94,8,FAABE,22,0.41857364773750305,230
Miyazaki94,8,FAABE,23,0.41857364773750305,240
Miyazaki94,8,FAABE,24,0.41857364773750305,250
Miyazaki94,8,FAABE,25,0.41857364773750305,260
Miyazaki94,8,FAABE,26,0.41857364773750305,270
Miyazaki94,8,FAABE,27,0.41857364773750305,280
Miyazaki94,8,FAABE,28,0.41857364773750305,290
Miyazaki94,8,FAABE,29,0.41857364773750305,300
Miyazaki94,8,FAABE,30,0.41857364773750305,310
Miyazaki94,8,FAABE,31,0.41857364773750305,320
Miyazaki94,8,FAABE,32,0.41857364773750305,330
Miyazaki94,8,FAABE,33,0.41602379083633423,340
Miyazaki94,8,FAABE,34,0.41602379083633423,350
Miyazaki94,8,FAABE,35,0.41602379083633423,360
Miyazaki94,8,FAABE,36,0.41602379083633423,370
Miyazaki94,8,FAABE,37,0.41602379083633423,380
Miyazaki94,8,FAABE,38,0.41602379083633423,390
Miyazaki94,8,FAABE,39,0.41602379083633423,400
Miyazaki94,8,FAABE,40,0.41602379083633423,410
Miyazaki94,8,FAABE,41,0.41602379083633423,420
Miyazaki94,8,FAABE,42,0.41602379083633423,430
Miyazaki94,8,FAABE,43,0.41602379083633423,440
Miyazaki94,8,FAABE,44,0.41602379083633423,450
Miyazaki94,8,FAABE,45,0.41602379083633423,460
Miyazaki94,8,FAABE,46,0.41602379083633423,470
Miyazaki94,8,FAABE,47,0.41602379083633423,480
Miyazaki94,8,FAABE,48,0.41602379083633423,490
Miyazaki94,8,FAABE,49,0.41602379083633423,500
Miyazaki94,8,FAABE,50,0.41602379083633423,510
Miyazaki94,8,FAABE,51,0.41602379083633423,520
Miyazaki94,8,FAABE,52,0.41602379083633423,530
Miyazaki94,8,FAABE,53,0.41602379083633423,540
Miyazaki94,8,FAABE,54,0.41602379083633423,550
Miyazaki94,8,FAABE,55,0.41602379083633423,560
Miyazaki94,8,FAABE,56,0.41602379083633423,570
Miyazaki94,8,FAABE,57,0.41602379083633423,580
Miyazaki94,8,FAABE,58,0.41602379083633423,590
Miyazaki94,8,FAABE,59,0.41602379083633423,600
Miyazaki94,8,FAABE,60,0.41602379083633423,610
Miyazaki94,8,FAABE,61,0.41602379083633423,620
Miyazaki94,8,FAABE,62,0.41602379083633423,630
Miyazaki94,8,FAABE,63,0.41602379083633423,640
Miyazaki94,8,FAABE,64,0.41602379083633423,650
Miyazaki94,8,FAABE,65,0.41602379083633423,660
Miyazaki94,8,FAABE,66,0.41602379083633423,670
Miyazaki94,8,FAABE,67,0.41602379083633423,680
Miyazaki94,8,FAABE,68,0.41602379083633423,690
Miyazaki94,8,FAABE,69,0.41602379083633423,700
Miyazaki94,8,FAABE,70,0.41602379083633423,710
Miyazaki94,8,FAABE,71,0.41602379083633423,720
Miyazaki94,8,FAABE,72,0.41602379083633423,730
Miyazaki94,8,FAABE,73,0.41602379083633423,740
Miyazaki94,8,FAABE,74,0.41602379083633423,750
Miyazaki94,8,FAABE,75,0.41602379083633423,760
Miyazaki94,8,FAABE,76,0.41602379083633423,770
Miyazaki94,8,FAABE,77,0.41602379083633423,780
Miyazaki94,8,FAABE,78,0.41602379083633423,790
Miyazaki94,8,FAABE,79,0.41602379083633423,800
Miyazaki94,8,FAABE,80,0.41602379083633423,810
Miyazaki94,8,FAABE,81,0.41602379083633423,820
Miyazaki94,8,FAABE,82,0.41602379083633423,830
Miyazaki94,8,FAABE,83,0.41602379083633423,840
Miyazaki94,8,FAABE,84,0.41602379083633423,850
Miyazaki94,8,FAABE,85,0.41602379083633423,860
Miyazaki94,8,FAABE,86,0.41602379083633423,870
Miyazaki94,8,FAABE,87,0.41602379083633423,880
Miyazaki94,8,FAABE,88,0.41602379083633423,890
Miyazaki94,8,FAABE,89,0.41602379083633423,900
Miyazaki94,8,FAABE,90,0.41602379083633423,910
Miyazaki94,8,FAABE,91,0.41602379083633423,920
Miyazaki94,8,FAABE,92,0.41602379083633423,930
Miyazaki94,8,FAABE,93,0.41602379083633423,940
Miyazaki94,8,FAABE,94,0.41602379083633423,950
Miyazaki94,8,FAABE,95,0.41602379083633423,960
Miyazaki94,8,FAABE,96,0.41602379083633423,970
Miyazaki94,8,FAABE,97,0.41602379083633423,980
Miyazaki94,8,FAABE,98,0.41602379083633423,990
Miyazaki94,8,FAABE,99,0.41602379083633423,1000
Miyazaki94,9,GA-ABE,0,0.5803311467170715,10
Miyazaki94,9,GA-ABE,1,0.5581374764442444,20
Miyazaki94,9,GA-ABE,2,0.4895709753036499,30
Miyazaki94,9,GA-ABE,3,0.4895709753036499,40
Miyazaki94,9,GA-ABE,4,0.4895709753036499,50
Miyazaki94,9,GA-ABE,5,0.4895709753036499,60
Miyazaki94,9,GA-ABE,6,0.4875861704349518,70
Miyazaki94,9,GA-ABE,7,0.4875861704349518,80
Miyazaki94,9,GA-ABE,8,0.48352354764938354,90
Miyazaki94,9,GA-ABE,9,0.48352354764938354,100
Miyazaki94,9,GA-ABE,10,0.48352354764938354,110
Miyazaki94,9,GA-ABE,11,0.48352354764938354,120
Miyazaki94,9,GA-ABE,12,0.4817074239253998,130
Miyazaki94,9,GA-ABE,13,0.4817074239253998,140
Miyazaki94,9,GA-ABE,14,0.4817074239253998,150
Miyazaki94,9,GA-ABE,15,0.4817074239253998,160
Miyazaki94,9,GA-ABE,16,0.4817074239253998,170
Miyazaki94,9,GA-ABE,17,0.4817074239253998,180
Miyazaki94,9,GA-ABE,18,0.4817074239253998,190
Miyazaki94,9,GA-ABE,19,0.4817074239253998,200
Miyazaki94,9,GA-ABE,20,0.4817074239253998,210
Miyazaki94,9,GA-ABE,21,0.4817074239253998,220
Miyazaki94,9,GA-ABE,22,0.4817074239253998,230
Miyazaki94,9,GA-ABE,23,0.4817074239253998,240
Miyazaki94,9,GA-ABE,24,0.4817074239253998,250
Miyazaki94,9,GA-ABE,25,0.4817074239253998,260
Miyazaki94,9,GA-ABE,26,0.4817074239253998,270
Miyazaki94,9,GA-ABE,27,0.4817074239253998,280
Miyazaki94,9,GA-ABE,28,0.4817074239253998,290
Miyazaki94,9,GA-ABE,29,0.4817074239253998,300
Miyazaki94,9,GA-ABE,30,0.4817074239253998,310
Miyazaki94,9,GA-ABE,31,0.4817074239253998,320
Miyazaki94,9,GA-ABE,32,0.4817074239253998,330
Miyazaki94,9,GA-ABE,33,0.4817074239253998,340
Miyazaki94,9,GA-ABE,34,0.4817074239253998,350
Miyazaki94,9,GA-ABE,35,0.4768390655517578,360
Miyazaki94,9,GA-ABE,36,0.4768390655517578,370
Miyazaki94,9,GA-ABE,37,0.455258309841156,380
Miyazaki94,9,GA-ABE,38,0.455258309841156,390
Miyazaki94,9,GA-ABE,39,0.42669418454170227,400
Miyazaki94,9,GA-ABE,40,0.4187002182006836,410
Miyazaki94,9,GA-ABE,41,0.4186532497406006,420
Miyazaki94,9,GA-ABE,42,0.4186532497406006,430
Miyazaki94,9,GA-ABE,43,0.41177889704704285,440
Miyazaki94,9,GA-ABE,44,0.4069685935974121,450
Miyazaki94,9,GA-ABE,45,0.4069685935974121,460
Miyazaki94,9,GA-ABE,46,0.4069685935974121,470
Miyazaki94,9,GA-ABE,47,0.4067072570323944,480
Miyazaki94,9,GA-ABE,48,0.4067072570323944,490
Miyazaki94,9,GA-ABE,49,0.40664052963256836,500
Miyazaki94,9,GA-ABE,50,0.40664052963256836,510
Miyazaki94,9,GA-ABE,51,0.4030638337135315,520
Miyazaki94,9,GA-ABE,52,0.4030578136444092,530
Miyazaki94,9,GA-ABE,53,0.4030578136444092,540
Miyazaki94,9,GA-ABE,54,0.4030578136444092,550
Miyazaki94,9,GA-ABE,55,0.4030578136444092,560
Miyazaki94,9,GA-ABE,56,0.4030578136444092,570
Miyazaki94,9,GA-ABE,57,0.4030578136444092,580
Miyazaki94,9,GA-ABE,58,0.4030577540397644,590
Miyazaki94,9,GA-ABE,59,0.4030577540397644,600
Miyazaki94,9,GA-ABE,60,0.4030577540397644,610
Miyazaki94,9,GA-ABE,61,0.40299615263938904,620
Miyazaki94,9,GA-ABE,62,0.40299615263938904,630
Miyazaki94,9,GA-ABE,63,0.40299615263938904,640
Miyazaki94,9,GA-ABE,64,0.40299615263938904,650
Miyazaki94,9,GA-ABE,65,0.40299615263938904,660
Miyazaki94,9,GA-ABE,66,0.40299615263938904,670
Miyazaki94,9,GA-ABE,67,0.40299615263938904,680
Miyazaki94,9,GA-ABE,68,0.40299615263938904,690
Miyazaki94,9,GA-ABE,69,0.40299615263938904,700
Miyazaki94,9,GA-ABE,70,0.40299615263938904,710
Miyazaki94,9,GA-ABE,71,0.40299615263938904,720
Miyazaki94,9,GA-ABE,72,0.40299615263938904,730
Miyazaki94,9,GA-ABE,73,0.40299615263938904,740
Miyazaki94,9,GA-ABE,74,0.40299615263938904,750
Miyazaki94,9,GA-ABE,75,0.40299615263938904,760
Miyazaki94,9,GA-ABE,76,0.40299615263938904,770
Miyazaki94,9,GA-ABE,77,0.40299615263938904,780
Miyazaki94,9,GA-ABE,78,0.40299615263938904,790
Miyazaki94,9,GA-ABE,79,0.40299615263938904,800
Miyazaki94,9,GA-ABE,80,0.40299615263938904,810
Miyazaki94,9,GA-ABE,81,0.40299615263938904,820
Miyazaki94,9,GA-ABE,82,0.40299615263938904,830
Miyazaki94,9,GA-ABE,83,0.40299615263938904,840
Miyazaki94,9,GA-ABE,84,0.40299615263938904,850
Miyazaki94,9,GA-ABE,85,0.40299615263938904,860
Miyazaki94,9,GA-ABE,86,0.4004298150539398,870
Miyazaki94,9,GA-ABE,87,0.4004298150539398,880
Miyazaki94,9,GA-ABE,88,0.4004298150539398,890
Miyazaki94,9,GA-ABE,89,0.4004298150539398,900
Miyazaki94,9,GA-ABE,90,0.4004298150539398,910
Miyazaki94,9,GA-ABE,91,0.4004298150539398,920
Miyazaki94,9,GA-ABE,92,0.4004298150539398,930
Miyazaki94,9,GA-ABE,93,0.4004298150539398,940
Miyazaki94,9,GA-ABE,94,0.4004298150539398,950
Miyazaki94,9,GA-ABE,95,0.4004298150539398,960
Miyazaki94,9,GA-ABE,96,0.4004298150539398,970
Miyazaki94,9,GA-ABE,97,0.4004298150539398,980
Miyazaki94,9,GA-ABE,98,0.4004298150539398,990
Miyazaki94,9,GA-ABE,99,0.4004298150539398,1000
Miyazaki94,9,PSO-ABE,0,0.5923662185668945,10
Miyazaki94,9,PSO-ABE,1,0.567654550075531,20
Miyazaki94,9,PSO-ABE,2,0.5309093594551086,30
Miyazaki94,9,PSO-ABE,3,0.5184956789016724,40
Miyazaki94,9,PSO-ABE,4,0.4915491044521332,50
Miyazaki94,9,PSO-ABE,5,0.47922128438949585,60
Miyazaki94,9,PSO-ABE,6,0.4327264428138733,70
Miyazaki94,9,PSO-ABE,7,0.4327264428138733,80
Miyazaki94,9,PSO-ABE,8,0.4327264428138733,90
Miyazaki94,9,PSO-ABE,9,0.43107667565345764,100
Miyazaki94,9,PSO-ABE,10,0.43107667565345764,110
Miyazaki94,9,PSO-ABE,11,0.42393624782562256,120
Miyazaki94,9,PSO-ABE,12,0.42393624782562256,130
Miyazaki94,9,PSO-ABE,13,0.42393624782562256,140
Miyazaki94,9,PSO-ABE,14,0.42393624782562256,150
Miyazaki94,9,PSO-ABE,15,0.42393624782562256,160
Miyazaki94,9,PSO-ABE,16,0.42393624782562256,170
Miyazaki94,9,PSO-ABE,17,0.42393624782562256,180
Miyazaki94,9,PSO-ABE,18,0.42393624782562256,190
Miyazaki94,9,PSO-ABE,19,0.42393624782562256,200
Miyazaki94,9,PSO-ABE,20,0.42393624782562256,210
Miyazaki94,9,PSO-ABE,21,0.42393624782562256,220
Miyazaki94,9,PSO-ABE,22,0.4239233434200287,230
Miyazaki94,9,PSO-ABE,23,0.4239233434200287,240
Miyazaki94,9,PSO-ABE,24,0.4239233434200287,250
Miyazaki94,9,PSO-ABE,25,0.4239233434200287,260
Miyazaki94,9,PSO-ABE,26,0.4239233434200287,270
Miyazaki94,9,PSO-ABE,27,0.4239098131656647,280
Miyazaki94,9,PSO-ABE,28,0.423902690410614,290
Miyazaki94,9,PSO-ABE,29,0.42390018701553345,300
Miyazaki94,9,PSO-ABE,30,0.4238838851451874,310
Miyazaki94,9,PSO-ABE,31,0.4238838851451874,320
Miyazaki94,9,PSO-ABE,32,0.42387375235557556,330
Miyazaki94,9,PSO-ABE,33,0.42387375235557556,340
Miyazaki94,9,PSO-ABE,34,0.42387375235557556,350
Miyazaki94,9,PSO-ABE,35,0.42387253046035767,360
Miyazaki94,9,PSO-ABE,36,0.423870712518692,370
Miyazaki94,9,PSO-ABE,37,0.423870712518692,380
Miyazaki94,9,PSO-ABE,38,0.423870712518692,390
Miyazaki94,9,PSO-ABE,39,0.423870712518692,400
Miyazaki94,9,PSO-ABE,40,0.423870712518692,410
Miyazaki94,9,PSO-ABE,41,0.423870712518692,420
Miyazaki94,9,PSO-ABE,42,0.4238702654838562,430
Miyazaki94,9,PSO-ABE,43,0.42386987805366516,440
Miyazaki94,9,PSO-ABE,44,0.42386987805366516,450
Miyazaki94,9,PSO-ABE,45,0.42386987805366516,460
Miyazaki94,9,PSO-ABE,46,0.42386987805366516,470
Miyazaki94,9,PSO-ABE,47,0.42386987805366516,480
Miyazaki94,9,PSO-ABE,48,0.42386987805366516,490
Miyazaki94,9,PSO-ABE,49,0.42386987805366516,500
Miyazaki94,9,PSO-ABE,50,0.42386987805366516,510
Miyazaki94,9,PSO-ABE,51,0.42386987805366516,520
Miyazaki94,9,PSO-ABE,52,0.42386987805366516,530
Miyazaki94,9,PSO-ABE,53,0.42386987805366516,540
Miyazaki94,9,PSO-ABE,54,0.42386987805366516,550
Miyazaki94,9,PSO-ABE,55,0.423869788646698,560
Miyazaki94,9,PSO-ABE,56,0.423869788646698,570
Miyazaki94,9,PSO-ABE,57,0.4238694906234741,580
Miyazaki94,9,PSO-ABE,58,0.4238693118095398,590
Miyazaki94,9,PSO-ABE,59,0.4238693118095398,600
Miyazaki94,9,PSO-ABE,60,0.4238690733909607,610
Miyazaki94,9,PSO-ABE,61,0.4238690733909607,620
Miyazaki94,9,PSO-ABE,62,0.4238690733909607,630
Miyazaki94,9,PSO-ABE,63,0.4238690733909607,640
Miyazaki94,9,PSO-ABE,64,0.4238690733909607,650
Miyazaki94,9,PSO-ABE,65,0.42386898398399353,660
Miyazaki94,9,PSO-ABE,66,0.42386898398399353,670
Miyazaki94,9,PSO-ABE,67,0.42386898398399353,680
Miyazaki94,9,PSO-ABE,68,0.42386898398399353,690
Miyazaki94,9,PSO-ABE,69,0.42386898398399353,700
Miyazaki94,9,PSO-ABE,70,0.42386898398399353,710
Miyazaki94,9,PSO-ABE,71,0.42386898398399353,720
Miyazaki94,9,PSO-ABE,72,0.42386898398399353,730
Miyazaki94,9,PSO-ABE,73,0.42386898398399353,740
Miyazaki94,9,PSO-ABE,74,0.42386898398399353,750
Miyazaki94,9,PSO-ABE,75,0.42386898398399353,760
Miyazaki94,9,PSO-ABE,76,0.42386898398399353,770
Miyazaki94,9,PSO-ABE,77,0.4238688051700592,780
Miyazaki94,9,PSO-ABE,78,0.42386874556541443,790
Miyazaki94,9,PSO-ABE,79,0.42386874556541443,800
Miyazaki94,9,PSO-ABE,80,0.42386874556541443,810
Miyazaki94,9,PSO-ABE,81,0.42386874556541443,820
Miyazaki94,9,PSO-ABE,82,0.42386865615844727,830
Miyazaki94,9,PSO-ABE,83,0.42386865615844727,840
Miyazaki94,9,PSO-ABE,84,0.42386865615844727,850
Miyazaki94,9,PSO-ABE,85,0.42386865615844727,860
Miyazaki94,9,PSO-ABE,86,0.42386865615844727,870
Miyazaki94,9,PSO-ABE,87,0.42386865615844727,880
Miyazaki94,9,PSO-ABE,88,0.42386865615844727,890
Miyazaki94,9,PSO-ABE,89,0.42386865615844727,900
Miyazaki94,9,PSO-ABE,90,0.42386865615844727,910
Miyazaki94,9,PSO-ABE,91,0.42386865615844727,920
Miyazaki94,9,PSO-ABE,92,0.42386865615844727,930
Miyazaki94,9,PSO-ABE,93,0.42386865615844727,940
Miyazaki94,9,PSO-ABE,94,0.42386865615844727,950
Miyazaki94,9,PSO-ABE,95,0.42386865615844727,960
Miyazaki94,9,PSO-ABE,96,0.42386865615844727,970
Miyazaki94,9,PSO-ABE,97,0.42386865615844727,980
Miyazaki94,9,PSO-ABE,98,0.42386865615844727,990
Miyazaki94,9,PSO-ABE,99,0.42386865615844727,1000
Miyazaki94,9,DE-ABE,0,0.5799432992935181,10
Miyazaki94,9,DE-ABE,1,0.5310227870941162,20
Miyazaki94,9,DE-ABE,2,0.5310227870941162,30
Miyazaki94,9,DE-ABE,3,0.49435460567474365,40
Miyazaki94,9,DE-ABE,4,0.49435460567474365,50
Miyazaki94,9,DE-ABE,5,0.49435460567474365,60
Miyazaki94,9,DE-ABE,6,0.4771968722343445,70
Miyazaki94,9,DE-ABE,7,0.4771968722343445,80
Miyazaki94,9,DE-ABE,8,0.45439621806144714,90
Miyazaki94,9,DE-ABE,9,0.45230555534362793,100
Miyazaki94,9,DE-ABE,10,0.44442543387413025,110
Miyazaki94,9,DE-ABE,11,0.44442543387413025,120
Miyazaki94,9,DE-ABE,12,0.44442543387413025,130
Miyazaki94,9,DE-ABE,13,0.4220482409000397,140
Miyazaki94,9,DE-ABE,14,0.41857266426086426,150
Miyazaki94,9,DE-ABE,15,0.4042915999889374,160
Miyazaki94,9,DE-ABE,16,0.3996891975402832,170
Miyazaki94,9,DE-ABE,17,0.3996891975402832,180
Miyazaki94,9,DE-ABE,18,0.3996891975402832,190
Miyazaki94,9,DE-ABE,19,0.3996891975402832,200
Miyazaki94,9,DE-ABE,20,0.3996891975402832,210
Miyazaki94,9,DE-ABE,21,0.3996891975402832,220
Miyazaki94,9,DE-ABE,22,0.3996891975402832,230
Miyazaki94,9,DE-ABE,23,0.3996891975402832,240
Miyazaki94,9,DE-ABE,24,0.3995286524295807,250
Miyazaki94,9,DE-ABE,25,0.3995286524295807,260
Miyazaki94,9,DE-ABE,26,0.3995286524295807,270
Miyazaki94,9,DE-ABE,27,0.3995286524295807,280
Miyazaki94,9,DE-ABE,28,0.3995286524295807,290
Miyazaki94,9,DE-ABE,29,0.3995286524295807,300
Miyazaki94,9,DE-ABE,30,0.3995286524295807,310
Miyazaki94,9,DE-ABE,31,0.3995286524295807,320
Miyazaki94,9,DE-ABE,32,0.3995286524295807,330
Miyazaki94,9,DE-ABE,33,0.3995286524295807,340
Miyazaki94,9,DE-ABE,34,0.3995286524295807,350
Miyazaki94,9,DE-ABE,35,0.3995286524295807,360
Miyazaki94,9,DE-ABE,36,0.3995286524295807,370
Miyazaki94,9,DE-ABE,37,0.3995286524295807,380
Miyazaki94,9,DE-ABE,38,0.39855536818504333,390
Miyazaki94,9,DE-ABE,39,0.39855536818504333,400
Miyazaki94,9,DE-ABE,40,0.39855536818504333,410
Miyazaki94,9,DE-ABE,41,0.39855536818504333,420
Miyazaki94,9,DE-ABE,42,0.39855536818504333,430
Miyazaki94,9,DE-ABE,43,0.39847350120544434,440
Miyazaki94,9,DE-ABE,44,0.39847350120544434,450
Miyazaki94,9,DE-ABE,45,0.39847350120544434,460
Miyazaki94,9,DE-ABE,46,0.39847350120544434,470
Miyazaki94,9,DE-ABE,47,0.39847350120544434,480
Miyazaki94,9,DE-ABE,48,0.39847350120544434,490
Miyazaki94,9,DE-ABE,49,0.39847350120544434,500
Miyazaki94,9,DE-ABE,50,0.39847350120544434,510
Miyazaki94,9,DE-ABE,51,0.39847350120544434,520
Miyazaki94,9,DE-ABE,52,0.39847350120544434,530
Miyazaki94,9,DE-ABE,53,0.39847350120544434,540
Miyazaki94,9,DE-ABE,54,0.3984493315219879,550
Miyazaki94,9,DE-ABE,55,0.3984493315219879,560
Miyazaki94,9,DE-ABE,56,0.39844805002212524,570
Miyazaki94,9,DE-ABE,57,0.39844805002212524,580
Miyazaki94,9,DE-ABE,58,0.3984474241733551,590
Miyazaki94,9,DE-ABE,59,0.3984418511390686,600
Miyazaki94,9,DE-ABE,60,0.3984418511390686,610
Miyazaki94,9,DE-ABE,61,0.3984418511390686,620
Miyazaki94,9,DE-ABE,62,0.3984418511390686,630
Miyazaki94,9,DE-ABE,63,0.3984418511390686,640
Miyazaki94,9,DE-ABE,64,0.3984418511390686,650
Miyazaki94,9,DE-ABE,65,0.3984418511390686,660
Miyazaki94,9,DE-ABE,66,0.3984418511390686,670
Miyazaki94,9,DE-ABE,67,0.39844071865081787,680
Miyazaki94,9,DE-ABE,68,0.3984375596046448,690
Miyazaki94,9,DE-ABE,69,0.3984358310699463,700
Miyazaki94,9,DE-ABE,70,0.3984358310699463,710
Miyazaki94,9,DE-ABE,71,0.3984358310699463,720
Miyazaki94,9,DE-ABE,72,0.39843565225601196,730
Miyazaki94,9,DE-ABE,73,0.39843565225601196,740
Miyazaki94,9,DE-ABE,74,0.39843448996543884,750
Miyazaki94,9,DE-ABE,75,0.39843448996543884,760
Miyazaki94,9,DE-ABE,76,0.3984341621398926,770
Miyazaki94,9,DE-ABE,77,0.3984341621398926,780
Miyazaki94,9,DE-ABE,78,0.398434042930603,790
Miyazaki94,9,DE-ABE,79,0.39843374490737915,800
Miyazaki94,9,DE-ABE,80,0.3984336853027344,810
Miyazaki94,9,DE-ABE,81,0.39843353629112244,820
Miyazaki94,9,DE-ABE,82,0.3984334468841553,830
Miyazaki94,9,DE-ABE,83,0.3984333574771881,840
Miyazaki94,9,DE-ABE,84,0.3984333574771881,850
Miyazaki94,9,DE-ABE,85,0.3984333574771881,860
Miyazaki94,9,DE-ABE,86,0.39843299984931946,870
Miyazaki94,9,DE-ABE,87,0.39843299984931946,880
Miyazaki94,9,DE-ABE,88,0.39843299984931946,890
Miyazaki94,9,DE-ABE,89,0.3984329104423523,900
Miyazaki94,9,DE-ABE,90,0.3984329104423523,910
Miyazaki94,9,DE-ABE,91,0.39843273162841797,920
Miyazaki94,9,DE-ABE,92,0.39843273162841797,930
Miyazaki94,9,DE-ABE,93,0.39843273162841797,940
Miyazaki94,9,DE-ABE,94,0.3984326422214508,950
Miyazaki94,9,DE-ABE,95,0.3984326422214508,960
Miyazaki94,9,DE-ABE,96,0.39843258261680603,970
Miyazaki94,9,DE-ABE,97,0.39843258261680603,980
Miyazaki94,9,DE-ABE,98,0.39843252301216125,990
Miyazaki94,9,DE-ABE,99,0.39843252301216125,1000
Miyazaki94,9,GWO-ABE,0,0.5770482420921326,10
Miyazaki94,9,GWO-ABE,1,0.5450718998908997,20
Miyazaki94,9,GWO-ABE,2,0.5026512742042542,30
Miyazaki94,9,GWO-ABE,3,0.5139515995979309,40
Miyazaki94,9,GWO-ABE,4,0.49891895055770874,50
Miyazaki94,9,GWO-ABE,5,0.4906954765319824,60
Miyazaki94,9,GWO-ABE,6,0.43276247382164,70
Miyazaki94,9,GWO-ABE,7,0.4675329923629761,80
Miyazaki94,9,GWO-ABE,8,0.4552413821220398,90
Miyazaki94,9,GWO-ABE,9,0.4518307149410248,100
Miyazaki94,9,GWO-ABE,10,0.4449583888053894,110
Miyazaki94,9,GWO-ABE,11,0.4347647428512573,120
Miyazaki94,9,GWO-ABE,12,0.4328927993774414,130
Miyazaki94,9,GWO-ABE,13,0.4652869701385498,140
Miyazaki94,9,GWO-ABE,14,0.4377434551715851,150
Miyazaki94,9,GWO-ABE,15,0.41703248023986816,160
Miyazaki94,9,GWO-ABE,16,0.4276483356952667,170
Miyazaki94,9,GWO-ABE,17,0.41044366359710693,180
Miyazaki94,9,GWO-ABE,18,0.40499016642570496,190
Miyazaki94,9,GWO-ABE,19,0.4140012264251709,200
Miyazaki94,9,GWO-ABE,20,0.41478946805000305,210
Miyazaki94,9,GWO-ABE,21,0.4172317385673523,220
Miyazaki94,9,GWO-ABE,22,0.41472384333610535,230
Miyazaki94,9,GWO-ABE,23,0.41284072399139404,240
Miyazaki94,9,GWO-ABE,24,0.4152181148529053,250
Miyazaki94,9,GWO-ABE,25,0.4126031696796417,260
Miyazaki94,9,GWO-ABE,26,0.4207710027694702,270
Miyazaki94,9,GWO-ABE,27,0.4153636395931244,280
Miyazaki94,9,GWO-ABE,28,0.4179588854312897,290
Miyazaki94,9,GWO-ABE,29,0.41184791922569275,300
Miyazaki94,9,GWO-ABE,30,0.41635164618492126,310
Miyazaki94,9,GWO-ABE,31,0.4158425033092499,320
Miyazaki94,9,GWO-ABE,32,0.40105101466178894,330
Miyazaki94,9,GWO-ABE,33,0.42628782987594604,340
Miyazaki94,9,GWO-ABE,34,0.42182111740112305,350
Miyazaki94,9,GWO-ABE,35,0.4200517535209656,360
Miyazaki94,9,GWO-ABE,36,0.4304678440093994,370
Miyazaki94,9,GWO-ABE,37,0.42404407262802124,380
Miyazaki94,9,GWO-ABE,38,0.4157162308692932,390
Miyazaki94,9,GWO-ABE,39,0.4198668897151947,400
Miyazaki94,9,GWO-ABE,40,0.41983115673065186,410
Miyazaki94,9,GWO-ABE,41,0.41710010170936584,420
Miyazaki94,9,GWO-ABE,42,0.4193982481956482,430
Miyazaki94,9,GWO-ABE,43,0.4150363802909851,440
Miyazaki94,9,GWO-ABE,44,0.416007936000824,450
Miyazaki94,9,GWO-ABE,45,0.4191364049911499,460
Miyazaki94,9,GWO-ABE,46,0.4136125147342682,470
Miyazaki94,9,GWO-ABE,47,0.41517147421836853,480
Miyazaki94,9,GWO-ABE,48,0.41573795676231384,490
Miyazaki94,9,GWO-ABE,49,0.4164857268333435,500
Miyazaki94,9,GWO-ABE,50,0.4179789423942566,510
Miyazaki94,9,GWO-ABE,51,0.41560274362564087,520
Miyazaki94,9,GWO-ABE,52,0.41671833395957947,530
Miyazaki94,9,GWO-ABE,53,0.41671931743621826,540
Miyazaki94,9,GWO-ABE,54,0.4156032204627991,550
Miyazaki94,9,GWO-ABE,55,0.4082040786743164,560
Miyazaki94,9,GWO-ABE,56,0.4171316623687744,570
Miyazaki94,9,GWO-ABE,57,0.4171765148639679,580
Miyazaki94,9,GWO-ABE,58,0.41580578684806824,590
Miyazaki94,9,GWO-ABE,59,0.41311192512512207,600
Miyazaki94,9,GWO-ABE,60,0.4134097695350647,610
Miyazaki94,9,GWO-ABE,61,0.4133102297782898,620
Miyazaki94,9,GWO-ABE,62,0.41211122274398804,630
Miyazaki94,9,GWO-ABE,63,0.4147038161754608,640
Miyazaki94,9,GWO-ABE,64,0.4139999747276306,650
Miyazaki94,9,GWO-ABE,65,0.4177836775779724,660
Miyazaki94,9,GWO-ABE,66,0.4110344350337982,670
Miyazaki94,9,GWO-ABE,67,0.41425594687461853,680
Miyazaki94,9,GWO-ABE,68,0.413006454706192,690
Miyazaki94,9,GWO-ABE,69,0.41342592239379883,700
Miyazaki94,9,GWO-ABE,70,0.40898457169532776,710
Miyazaki94,9,GWO-ABE,71,0.4094266891479492,720
Miyazaki94,9,GWO-ABE,72,0.4138077199459076,730
Miyazaki94,9,GWO-ABE,73,0.4147116243839264,740
Miyazaki94,9,GWO-ABE,74,0.4128125011920929,750
Miyazaki94,9,GWO-ABE,75,0.41080260276794434,760
Miyazaki94,9,GWO-ABE,76,0.40649595856666565,770
Miyazaki94,9,GWO-ABE,77,0.40655630826950073,780
Miyazaki94,9,GWO-ABE,78,0.4116647243499756,790
Miyazaki94,9,GWO-ABE,79,0.4133138060569763,800
Miyazaki94,9,GWO-ABE,80,0.41161927580833435,810
Miyazaki94,9,GWO-ABE,81,0.4108414351940155,820
Miyazaki94,9,GWO-ABE,82,0.4117601811885834,830
Miyazaki94,9,GWO-ABE,83,0.41143593192100525,840
Miyazaki94,9,GWO-ABE,84,0.408639132976532,850
Miyazaki94,9,GWO-ABE,85,0.4109070599079132,860
Miyazaki94,9,GWO-ABE,86,0.4087085723876953,870
Miyazaki94,9,GWO-ABE,87,0.40871891379356384,880
Miyazaki94,9,GWO-ABE,88,0.4107392132282257,890
Miyazaki94,9,GWO-ABE,89,0.4127107262611389,900
Miyazaki94,9,GWO-ABE,90,0.40865373611450195,910
Miyazaki94,9,GWO-ABE,91,0.40856510400772095,920
Miyazaki94,9,GWO-ABE,92,0.4085824489593506,930
Miyazaki94,9,GWO-ABE,93,0.4085829555988312,940
Miyazaki94,9,GWO-ABE,94,0.4086228311061859,950
Miyazaki94,9,GWO-ABE,95,0.40864846110343933,960
Miyazaki94,9,GWO-ABE,96,0.4085768163204193,970
Miyazaki94,9,GWO-ABE,97,0.4086034297943115,980
Miyazaki94,9,GWO-ABE,98,0.40856310725212097,990
Miyazaki94,9,GWO-ABE,99,0.4085861146450043,1000
Miyazaki94,9,WOA-ABE,0,0.6050345301628113,10
Miyazaki94,9,WOA-ABE,1,0.6050345301628113,20
Miyazaki94,9,WOA-ABE,2,0.5977683663368225,30
Miyazaki94,9,WOA-ABE,3,0.59073805809021,40
Miyazaki94,9,WOA-ABE,4,0.5493057370185852,50
Miyazaki94,9,WOA-ABE,5,0.5104568004608154,60
Miyazaki94,9,WOA-ABE,6,0.49122175574302673,70
Miyazaki94,9,WOA-ABE,7,0.4792075753211975,80
Miyazaki94,9,WOA-ABE,8,0.4792075753211975,90
Miyazaki94,9,WOA-ABE,9,0.4792075753211975,100
Miyazaki94,9,WOA-ABE,10,0.4792075753211975,110
Miyazaki94,9,WOA-ABE,11,0.4792075753211975,120
Miyazaki94,9,WOA-ABE,12,0.4792075753211975,130
Miyazaki94,9,WOA-ABE,13,0.4627368450164795,140
Miyazaki94,9,WOA-ABE,14,0.4627368450164795,150
Miyazaki94,9,WOA-ABE,15,0.4627368450164795,160
Miyazaki94,9,WOA-ABE,16,0.44816577434539795,170
Miyazaki94,9,WOA-ABE,17,0.44816577434539795,180
Miyazaki94,9,WOA-ABE,18,0.44816577434539795,190
Miyazaki94,9,WOA-ABE,19,0.44816577434539795,200
Miyazaki94,9,WOA-ABE,20,0.44816577434539795,210
Miyazaki94,9,WOA-ABE,21,0.44816577434539795,220
Miyazaki94,9,WOA-ABE,22,0.44816577434539795,230
Miyazaki94,9,WOA-ABE,23,0.44816577434539795,240
Miyazaki94,9,WOA-ABE,24,0.44816577434539795,250
Miyazaki94,9,WOA-ABE,25,0.44816577434539795,260
Miyazaki94,9,WOA-ABE,26,0.4481642544269562,270
Miyazaki94,9,WOA-ABE,27,0.4481639266014099,280
Miyazaki94,9,WOA-ABE,28,0.4481639266014099,290
Miyazaki94,9,WOA-ABE,29,0.4481639266014099,300
Miyazaki94,9,WOA-ABE,30,0.4481639266014099,310
Miyazaki94,9,WOA-ABE,31,0.4481632709503174,320
Miyazaki94,9,WOA-ABE,32,0.4481632709503174,330
Miyazaki94,9,WOA-ABE,33,0.4481632709503174,340
Miyazaki94,9,WOA-ABE,34,0.4481632709503174,350
Miyazaki94,9,WOA-ABE,35,0.44816312193870544,360
Miyazaki94,9,WOA-ABE,36,0.44816312193870544,370
Miyazaki94,9,WOA-ABE,37,0.44816312193870544,380
Miyazaki94,9,WOA-ABE,38,0.44816312193870544,390
Miyazaki94,9,WOA-ABE,39,0.44816312193870544,400
Miyazaki94,9,WOA-ABE,40,0.44816312193870544,410
Miyazaki94,9,WOA-ABE,41,0.4481566250324249,420
Miyazaki94,9,WOA-ABE,42,0.4481566250324249,430
Miyazaki94,9,WOA-ABE,43,0.4481566250324249,440
Miyazaki94,9,WOA-ABE,44,0.4481566250324249,450
Miyazaki94,9,WOA-ABE,45,0.4481566250324249,460
Miyazaki94,9,WOA-ABE,46,0.4481566250324249,470
Miyazaki94,9,WOA-ABE,47,0.4481566250324249,480
Miyazaki94,9,WOA-ABE,48,0.44815659523010254,490
Miyazaki94,9,WOA-ABE,49,0.44815659523010254,500
Miyazaki94,9,WOA-ABE,50,0.44815659523010254,510
Miyazaki94,9,WOA-ABE,51,0.44815659523010254,520
Miyazaki94,9,WOA-ABE,52,0.4481472671031952,530
Miyazaki94,9,WOA-ABE,53,0.4481472671031952,540
Miyazaki94,9,WOA-ABE,54,0.4481472671031952,550
Miyazaki94,9,WOA-ABE,55,0.4481472671031952,560
Miyazaki94,9,WOA-ABE,56,0.4481472671031952,570
Miyazaki94,9,WOA-ABE,57,0.44814038276672363,580
Miyazaki94,9,WOA-ABE,58,0.44814038276672363,590
Miyazaki94,9,WOA-ABE,59,0.4481383264064789,600
Miyazaki94,9,WOA-ABE,60,0.44813114404678345,610
Miyazaki94,9,WOA-ABE,61,0.4481278359889984,620
Miyazaki94,9,WOA-ABE,62,0.4481278359889984,630
Miyazaki94,9,WOA-ABE,63,0.4481032192707062,640
Miyazaki94,9,WOA-ABE,64,0.4481032192707062,650
Miyazaki94,9,WOA-ABE,65,0.44810304045677185,660
Miyazaki94,9,WOA-ABE,66,0.44810304045677185,670
Miyazaki94,9,WOA-ABE,67,0.44810304045677185,680
Miyazaki94,9,WOA-ABE,68,0.44810304045677185,690
Miyazaki94,9,WOA-ABE,69,0.4472731947898865,700
Miyazaki94,9,WOA-ABE,70,0.4472731947898865,710
Miyazaki94,9,WOA-ABE,71,0.4472731947898865,720
Miyazaki94,9,WOA-ABE,72,0.4472731947898865,730
Miyazaki94,9,WOA-ABE,73,0.4472731947898865,740
Miyazaki94,9,WOA-ABE,74,0.4472697973251343,750
Miyazaki94,9,WOA-ABE,75,0.44452857971191406,760
Miyazaki94,9,WOA-ABE,76,0.4445211887359619,770
Miyazaki94,9,WOA-ABE,77,0.44451186060905457,780
Miyazaki94,9,WOA-ABE,78,0.44449886679649353,790
Miyazaki94,9,WOA-ABE,79,0.444495290517807,800
Miyazaki94,9,WOA-ABE,80,0.4444868862628937,810
Miyazaki94,9,WOA-ABE,81,0.44448649883270264,820
Miyazaki94,9,WOA-ABE,82,0.444485604763031,830
Miyazaki94,9,WOA-ABE,83,0.44448351860046387,840
Miyazaki94,9,WOA-ABE,84,0.4444786608219147,850
Miyazaki94,9,WOA-ABE,85,0.4444770812988281,860
Miyazaki94,9,WOA-ABE,86,0.4444770812988281,870
Miyazaki94,9,WOA-ABE,87,0.44447609782218933,880
Miyazaki94,9,WOA-ABE,88,0.44447609782218933,890
Miyazaki94,9,WOA-ABE,89,0.44447609782218933,900
Miyazaki94,9,WOA-ABE,90,0.44447609782218933,910
Miyazaki94,9,WOA-ABE,91,0.44447609782218933,920
Miyazaki94,9,WOA-ABE,92,0.4444705545902252,930
Miyazaki94,9,WOA-ABE,93,0.44446706771850586,940
Miyazaki94,9,WOA-ABE,94,0.44445428252220154,950
Miyazaki94,9,WOA-ABE,95,0.44445428252220154,960
Miyazaki94,9,WOA-ABE,96,0.4444516897201538,970
Miyazaki94,9,WOA-ABE,97,0.4444257616996765,980
Miyazaki94,9,WOA-ABE,98,0.4444255530834198,990
Miyazaki94,9,WOA-ABE,99,0.4444234371185303,1000
Miyazaki94,9,FAABE,0,0.581563413143158,10
Miyazaki94,9,FAABE,1,0.5746869444847107,20
Miyazaki94,9,FAABE,2,0.5131006240844727,30
Miyazaki94,9,FAABE,3,0.492316871881485,40
Miyazaki94,9,FAABE,4,0.492316871881485,50
Miyazaki94,9,FAABE,5,0.492316871881485,60
Miyazaki94,9,FAABE,6,0.492316871881485,70
Miyazaki94,9,FAABE,7,0.492316871881485,80
Miyazaki94,9,FAABE,8,0.492316871881485,90
Miyazaki94,9,FAABE,9,0.492316871881485,100
Miyazaki94,9,FAABE,10,0.4768548905849457,110
Miyazaki94,9,FAABE,11,0.4768548905849457,120
Miyazaki94,9,FAABE,12,0.46074357628822327,130
Miyazaki94,9,FAABE,13,0.46074357628822327,140
Miyazaki94,9,FAABE,14,0.46074357628822327,150
Miyazaki94,9,FAABE,15,0.46074357628822327,160
Miyazaki94,9,FAABE,16,0.46074357628822327,170
Miyazaki94,9,FAABE,17,0.46074357628822327,180
Miyazaki94,9,FAABE,18,0.46074357628822327,190
Miyazaki94,9,FAABE,19,0.46074357628822327,200
Miyazaki94,9,FAABE,20,0.46074357628822327,210
Miyazaki94,9,FAABE,21,0.46074357628822327,220
Miyazaki94,9,FAABE,22,0.46074357628822327,230
Miyazaki94,9,FAABE,23,0.46074357628822327,240
Miyazaki94,9,FAABE,24,0.46074357628822327,250
Miyazaki94,9,FAABE,25,0.4584348201751709,260
Miyazaki94,9,FAABE,26,0.4584348201751709,270
Miyazaki94,9,FAABE,27,0.4584348201751709,280
Miyazaki94,9,FAABE,28,0.4427483379840851,290
Miyazaki94,9,FAABE,29,0.4282062351703644,300
Miyazaki94,9,FAABE,30,0.4282062351703644,310
Miyazaki94,9,FAABE,31,0.4267144799232483,320
Miyazaki94,9,FAABE,32,0.4267144799232483,330
Miyazaki94,9,FAABE,33,0.4267144799232483,340
Miyazaki94,9,FAABE,34,0.42143678665161133,350
Miyazaki94,9,FAABE,35,0.4205363690853119,360
Miyazaki94,9,FAABE,36,0.4205363690853119,370
Miyazaki94,9,FAABE,37,0.4205363690853119,380
Miyazaki94,9,FAABE,38,0.41738319396972656,390
Miyazaki94,9,FAABE,39,0.41738319396972656,400
Miyazaki94,9,FAABE,40,0.41738319396972656,410
Miyazaki94,9,FAABE,41,0.41738319396972656,420
Miyazaki94,9,FAABE,42,0.4031224846839905,430
Miyazaki94,9,FAABE,43,0.4031224846839905,440
Miyazaki94,9,FAABE,44,0.4031224846839905,450
Miyazaki94,9,FAABE,45,0.4031224846839905,460
Miyazaki94,9,FAABE,46,0.4031224846839905,470
Miyazaki94,9,FAABE,47,0.4031224846839905,480
Miyazaki94,9,FAABE,48,0.4031224846839905,490
Miyazaki94,9,FAABE,49,0.4031224846839905,500
Miyazaki94,9,FAABE,50,0.4031224846839905,510
Miyazaki94,9,FAABE,51,0.4031224846839905,520
Miyazaki94,9,FAABE,52,0.4031224846839905,530
Miyazaki94,9,FAABE,53,0.4031224846839905,540
Miyazaki94,9,FAABE,54,0.4031224846839905,550
Miyazaki94,9,FAABE,55,0.4031224846839905,560
Miyazaki94,9,FAABE,56,0.4031224846839905,570
Miyazaki94,9,FAABE,57,0.4031224846839905,580
Miyazaki94,9,FAABE,58,0.39433982968330383,590
Miyazaki94,9,FAABE,59,0.39433982968330383,600
Miyazaki94,9,FAABE,60,0.39433982968330383,610
Miyazaki94,9,FAABE,61,0.39433982968330383,620
Miyazaki94,9,FAABE,62,0.39433982968330383,630
Miyazaki94,9,FAABE,63,0.39433982968330383,640
Miyazaki94,9,FAABE,64,0.39433982968330383,650
Miyazaki94,9,FAABE,65,0.39433982968330383,660
Miyazaki94,9,FAABE,66,0.39433982968330383,670
Miyazaki94,9,FAABE,67,0.39433982968330383,680
Miyazaki94,9,FAABE,68,0.39433982968330383,690
Miyazaki94,9,FAABE,69,0.39433982968330383,700
Miyazaki94,9,FAABE,70,0.39433982968330383,710
Miyazaki94,9,FAABE,71,0.39433982968330383,720
Miyazaki94,9,FAABE,72,0.39433982968330383,730
Miyazaki94,9,FAABE,73,0.39433982968330383,740
Miyazaki94,9,FAABE,74,0.39433982968330383,750
Miyazaki94,9,FAABE,75,0.39433982968330383,760
Miyazaki94,9,FAABE,76,0.39433982968330383,770
Miyazaki94,9,FAABE,77,0.39433982968330383,780
Miyazaki94,9,FAABE,78,0.39433982968330383,790
Miyazaki94,9,FAABE,79,0.39433982968330383,800
Miyazaki94,9,FAABE,80,0.39433982968330383,810
Miyazaki94,9,FAABE,81,0.39433982968330383,820
Miyazaki94,9,FAABE,82,0.39433982968330383,830
Miyazaki94,9,FAABE,83,0.39433982968330383,840
Miyazaki94,9,FAABE,84,0.39433982968330383,850
Miyazaki94,9,FAABE,85,0.39433982968330383,860
Miyazaki94,9,FAABE,86,0.39433982968330383,870
Miyazaki94,9,FAABE,87,0.39433982968330383,880
Miyazaki94,9,FAABE,88,0.39433982968330383,890
Miyazaki94,9,FAABE,89,0.39433982968330383,900
Miyazaki94,9,FAABE,90,0.39433982968330383,910
Miyazaki94,9,FAABE,91,0.39433982968330383,920
Miyazaki94,9,FAABE,92,0.39433982968330383,930
Miyazaki94,9,FAABE,93,0.39433982968330383,940
Miyazaki94,9,FAABE,94,0.39433982968330383,950
Miyazaki94,9,FAABE,95,0.39433982968330383,960
Miyazaki94,9,FAABE,96,0.39433982968330383,970
Miyazaki94,9,FAABE,97,0.39433982968330383,980
Miyazaki94,9,FAABE,98,0.39433982968330383,990
Miyazaki94,9,FAABE,99,0.39433982968330383,1000
Miyazaki94,10,GA-ABE,0,0.5114761590957642,10
Miyazaki94,10,GA-ABE,1,0.43931183218955994,20
Miyazaki94,10,GA-ABE,2,0.43931183218955994,30
Miyazaki94,10,GA-ABE,3,0.43931183218955994,40
Miyazaki94,10,GA-ABE,4,0.43931183218955994,50
Miyazaki94,10,GA-ABE,5,0.43931183218955994,60
Miyazaki94,10,GA-ABE,6,0.4374234676361084,70
Miyazaki94,10,GA-ABE,7,0.43493515253067017,80
Miyazaki94,10,GA-ABE,8,0.42011553049087524,90
Miyazaki94,10,GA-ABE,9,0.4185228943824768,100
Miyazaki94,10,GA-ABE,10,0.4185228943824768,110
Miyazaki94,10,GA-ABE,11,0.39996132254600525,120
Miyazaki94,10,GA-ABE,12,0.39996132254600525,130
Miyazaki94,10,GA-ABE,13,0.39996132254600525,140
Miyazaki94,10,GA-ABE,14,0.39996132254600525,150
Miyazaki94,10,GA-ABE,15,0.39996132254600525,160
Miyazaki94,10,GA-ABE,16,0.39996132254600525,170
Miyazaki94,10,GA-ABE,17,0.39996132254600525,180
Miyazaki94,10,GA-ABE,18,0.39996132254600525,190
Miyazaki94,10,GA-ABE,19,0.39838653802871704,200
Miyazaki94,10,GA-ABE,20,0.39838653802871704,210
Miyazaki94,10,GA-ABE,21,0.39545828104019165,220
Miyazaki94,10,GA-ABE,22,0.3922872245311737,230
Miyazaki94,10,GA-ABE,23,0.3922872245311737,240
Miyazaki94,10,GA-ABE,24,0.39228150248527527,250
Miyazaki94,10,GA-ABE,25,0.39228150248527527,260
Miyazaki94,10,GA-ABE,26,0.39228150248527527,270
Miyazaki94,10,GA-ABE,27,0.3922152519226074,280
Miyazaki94,10,GA-ABE,28,0.3922152519226074,290
Miyazaki94,10,GA-ABE,29,0.3922152519226074,300
Miyazaki94,10,GA-ABE,30,0.3873213529586792,310
Miyazaki94,10,GA-ABE,31,0.3873213529586792,320
Miyazaki94,10,GA-ABE,32,0.3869740068912506,330
Miyazaki94,10,GA-ABE,33,0.38677850365638733,340
Miyazaki94,10,GA-ABE,34,0.38291969895362854,350
Miyazaki94,10,GA-ABE,35,0.3781362473964691,360
Miyazaki94,10,GA-ABE,36,0.3781362473964691,370
Miyazaki94,10,GA-ABE,37,0.3781362473964691,380
Miyazaki94,10,GA-ABE,38,0.3781362473964691,390
Miyazaki94,10,GA-ABE,39,0.3781362473964691,400
Miyazaki94,10,GA-ABE,40,0.3781362473964691,410
Miyazaki94,10,GA-ABE,41,0.3781362473964691,420
Miyazaki94,10,GA-ABE,42,0.3781362473964691,430
Miyazaki94,10,GA-ABE,43,0.3781362473964691,440
Miyazaki94,10,GA-ABE,44,0.3781362473964691,450
Miyazaki94,10,GA-ABE,45,0.3781362473964691,460
Miyazaki94,10,GA-ABE,46,0.3781362473964691,470
Miyazaki94,10,GA-ABE,47,0.3781278133392334,480
Miyazaki94,10,GA-ABE,48,0.3781278133392334,490
Miyazaki94,10,GA-ABE,49,0.3781278133392334,500
Miyazaki94,10,GA-ABE,50,0.3781278133392334,510
Miyazaki94,10,GA-ABE,51,0.3781278133392334,520
Miyazaki94,10,GA-ABE,52,0.3781278133392334,530
Miyazaki94,10,GA-ABE,53,0.3781278133392334,540
Miyazaki94,10,GA-ABE,54,0.3781278133392334,550
Miyazaki94,10,GA-ABE,55,0.3781278133392334,560
Miyazaki94,10,GA-ABE,56,0.3781278133392334,570
Miyazaki94,10,GA-ABE,57,0.3781278133392334,580
Miyazaki94,10,GA-ABE,58,0.37812477350234985,590
Miyazaki94,10,GA-ABE,59,0.37811535596847534,600
Miyazaki94,10,GA-ABE,60,0.37811535596847534,610
Miyazaki94,10,GA-ABE,61,0.37811535596847534,620
Miyazaki94,10,GA-ABE,62,0.37811535596847534,630
Miyazaki94,10,GA-ABE,63,0.37811535596847534,640
Miyazaki94,10,GA-ABE,64,0.37811535596847534,650
Miyazaki94,10,GA-ABE,65,0.37811535596847534,660
Miyazaki94,10,GA-ABE,66,0.37811535596847534,670
Miyazaki94,10,GA-ABE,67,0.37811535596847534,680
Miyazaki94,10,GA-ABE,68,0.3780340850353241,690
Miyazaki94,10,GA-ABE,69,0.3780340850353241,700
Miyazaki94,10,GA-ABE,70,0.3780340850353241,710
Miyazaki94,10,GA-ABE,71,0.3780340850353241,720
Miyazaki94,10,GA-ABE,72,0.3780340850353241,730
Miyazaki94,10,GA-ABE,73,0.3780340850353241,740
Miyazaki94,10,GA-ABE,74,0.3780340850353241,750
Miyazaki94,10,GA-ABE,75,0.3780340850353241,760
Miyazaki94,10,GA-ABE,76,0.3767012059688568,770
Miyazaki94,10,GA-ABE,77,0.3767012059688568,780
Miyazaki94,10,GA-ABE,78,0.3767012059688568,790
Miyazaki94,10,GA-ABE,79,0.3767012059688568,800
Miyazaki94,10,GA-ABE,80,0.3767012059688568,810
Miyazaki94,10,GA-ABE,81,0.3767012059688568,820
Miyazaki94,10,GA-ABE,82,0.3767012059688568,830
Miyazaki94,10,GA-ABE,83,0.3767012059688568,840
Miyazaki94,10,GA-ABE,84,0.3767012059688568,850
Miyazaki94,10,GA-ABE,85,0.3767012059688568,860
Miyazaki94,10,GA-ABE,86,0.3767012059688568,870
Miyazaki94,10,GA-ABE,87,0.3767012059688568,880
Miyazaki94,10,GA-ABE,88,0.3767012059688568,890
Miyazaki94,10,GA-ABE,89,0.3767012059688568,900
Miyazaki94,10,GA-ABE,90,0.3767012059688568,910
Miyazaki94,10,GA-ABE,91,0.3767012059688568,920
Miyazaki94,10,GA-ABE,92,0.3767012059688568,930
Miyazaki94,10,GA-ABE,93,0.3767012059688568,940
Miyazaki94,10,GA-ABE,94,0.3767012059688568,950
Miyazaki94,10,GA-ABE,95,0.3767012059688568,960
Miyazaki94,10,GA-ABE,96,0.3767012059688568,970
Miyazaki94,10,GA-ABE,97,0.3767012059688568,980
Miyazaki94,10,GA-ABE,98,0.3767012059688568,990
Miyazaki94,10,GA-ABE,99,0.3767012059688568,1000
Miyazaki94,10,PSO-ABE,0,0.4798301160335541,10
Miyazaki94,10,PSO-ABE,1,0.4798301160335541,20
Miyazaki94,10,PSO-ABE,2,0.4376029372215271,30
Miyazaki94,10,PSO-ABE,3,0.433806836605072,40
Miyazaki94,10,PSO-ABE,4,0.4250221848487854,50
Miyazaki94,10,PSO-ABE,5,0.41090238094329834,60
Miyazaki94,10,PSO-ABE,6,0.40052780508995056,70
Miyazaki94,10,PSO-ABE,7,0.40033480525016785,80
Miyazaki94,10,PSO-ABE,8,0.3996906280517578,90
Miyazaki94,10,PSO-ABE,9,0.3996906280517578,100
Miyazaki94,10,PSO-ABE,10,0.3995301127433777,110
Miyazaki94,10,PSO-ABE,11,0.39947453141212463,120
Miyazaki94,10,PSO-ABE,12,0.3992699086666107,130
Miyazaki94,10,PSO-ABE,13,0.3992699086666107,140
Miyazaki94,10,PSO-ABE,14,0.39913225173950195,150
Miyazaki94,10,PSO-ABE,15,0.39913225173950195,160
Miyazaki94,10,PSO-ABE,16,0.39294499158859253,170
Miyazaki94,10,PSO-ABE,17,0.39294499158859253,180
Miyazaki94,10,PSO-ABE,18,0.39294499158859253,190
Miyazaki94,10,PSO-ABE,19,0.39294499158859253,200
Miyazaki94,10,PSO-ABE,20,0.39294499158859253,210
Miyazaki94,10,PSO-ABE,21,0.39294499158859253,220
Miyazaki94,10,PSO-ABE,22,0.39294499158859253,230
Miyazaki94,10,PSO-ABE,23,0.39290913939476013,240
Miyazaki94,10,PSO-ABE,24,0.39290913939476013,250
Miyazaki94,10,PSO-ABE,25,0.39290568232536316,260
Miyazaki94,10,PSO-ABE,26,0.39287933707237244,270
Miyazaki94,10,PSO-ABE,27,0.39285197854042053,280
Miyazaki94,10,PSO-ABE,28,0.39285197854042053,290
Miyazaki94,10,PSO-ABE,29,0.39285197854042053,300
Miyazaki94,10,PSO-ABE,30,0.39279261231422424,310
Miyazaki94,10,PSO-ABE,31,0.39279261231422424,320
Miyazaki94,10,PSO-ABE,32,0.3927830159664154,330
Miyazaki94,10,PSO-ABE,33,0.3927830159664154,340
Miyazaki94,10,PSO-ABE,34,0.3927830159664154,350
Miyazaki94,10,PSO-ABE,35,0.3927830159664154,360
Miyazaki94,10,PSO-ABE,36,0.3927820026874542,370
Miyazaki94,10,PSO-ABE,37,0.3927820026874542,380
Miyazaki94,10,PSO-ABE,38,0.3927706778049469,390
Miyazaki94,10,PSO-ABE,39,0.3927706778049469,400
Miyazaki94,10,PSO-ABE,40,0.392769992351532,410
Miyazaki94,10,PSO-ABE,41,0.392769992351532,420
Miyazaki94,10,PSO-ABE,42,0.392769992351532,430
Miyazaki94,10,PSO-ABE,43,0.392769992351532,440
Miyazaki94,10,PSO-ABE,44,0.392769992351532,450
Miyazaki94,10,PSO-ABE,45,0.392769992351532,460
Miyazaki94,10,PSO-ABE,46,0.392769992351532,470
Miyazaki94,10,PSO-ABE,47,0.39276862144470215,480
Miyazaki94,10,PSO-ABE,48,0.39276862144470215,490
Miyazaki94,10,PSO-ABE,49,0.39276862144470215,500
Miyazaki94,10,PSO-ABE,50,0.39276862144470215,510
Miyazaki94,10,PSO-ABE,51,0.39276862144470215,520
Miyazaki94,10,PSO-ABE,52,0.39276862144470215,530
Miyazaki94,10,PSO-ABE,53,0.39276862144470215,540
Miyazaki94,10,PSO-ABE,54,0.39276862144470215,550
Miyazaki94,10,PSO-ABE,55,0.39276862144470215,560
Miyazaki94,10,PSO-ABE,56,0.39276862144470215,570
Miyazaki94,10,PSO-ABE,57,0.39276862144470215,580
Miyazaki94,10,PSO-ABE,58,0.39276862144470215,590
Miyazaki94,10,PSO-ABE,59,0.39276862144470215,600
Miyazaki94,10,PSO-ABE,60,0.39276862144470215,610
Miyazaki94,10,PSO-ABE,61,0.39276862144470215,620
Miyazaki94,10,PSO-ABE,62,0.39276862144470215,630
Miyazaki94,10,PSO-ABE,63,0.3927684724330902,640
Miyazaki94,10,PSO-ABE,64,0.3927684724330902,650
Miyazaki94,10,PSO-ABE,65,0.39276835322380066,660
Miyazaki94,10,PSO-ABE,66,0.3927682340145111,670
Miyazaki94,10,PSO-ABE,67,0.3927682340145111,680
Miyazaki94,10,PSO-ABE,68,0.3927682340145111,690
Miyazaki94,10,PSO-ABE,69,0.39276790618896484,700
Miyazaki94,10,PSO-ABE,70,0.39276790618896484,710
Miyazaki94,10,PSO-ABE,71,0.3927675783634186,720
Miyazaki94,10,PSO-ABE,72,0.3927675783634186,730
Miyazaki94,10,PSO-ABE,73,0.3927675783634186,740
Miyazaki94,10,PSO-ABE,74,0.3927674889564514,750
Miyazaki94,10,PSO-ABE,75,0.3927674889564514,760
Miyazaki94,10,PSO-ABE,76,0.3927674889564514,770
Miyazaki94,10,PSO-ABE,77,0.3927674889564514,780
Miyazaki94,10,PSO-ABE,78,0.3927674889564514,790
Miyazaki94,10,PSO-ABE,79,0.3927674889564514,800
Miyazaki94,10,PSO-ABE,80,0.3927674889564514,810
Miyazaki94,10,PSO-ABE,81,0.3927674889564514,820
Miyazaki94,10,PSO-ABE,82,0.3927674889564514,830
Miyazaki94,10,PSO-ABE,83,0.3927674889564514,840
Miyazaki94,10,PSO-ABE,84,0.3927674889564514,850
Miyazaki94,10,PSO-ABE,85,0.3927674889564514,860
Miyazaki94,10,PSO-ABE,86,0.39276739954948425,870
Miyazaki94,10,PSO-ABE,87,0.39276739954948425,880
Miyazaki94,10,PSO-ABE,88,0.39276739954948425,890
Miyazaki94,10,PSO-ABE,89,0.39276739954948425,900
Miyazaki94,10,PSO-ABE,90,0.39276739954948425,910
Miyazaki94,10,PSO-ABE,91,0.39276739954948425,920
Miyazaki94,10,PSO-ABE,92,0.39276739954948425,930
Miyazaki94,10,PSO-ABE,93,0.39276739954948425,940
Miyazaki94,10,PSO-ABE,94,0.39276739954948425,950
Miyazaki94,10,PSO-ABE,95,0.39276739954948425,960
Miyazaki94,10,PSO-ABE,96,0.39276739954948425,970
Miyazaki94,10,PSO-ABE,97,0.39276739954948425,980
Miyazaki94,10,PSO-ABE,98,0.39276739954948425,990
Miyazaki94,10,PSO-ABE,99,0.39276739954948425,1000
Miyazaki94,10,DE-ABE,0,0.5305802226066589,10
Miyazaki94,10,DE-ABE,1,0.5305802226066589,20
Miyazaki94,10,DE-ABE,2,0.522072434425354,30
Miyazaki94,10,DE-ABE,3,0.522072434425354,40
Miyazaki94,10,DE-ABE,4,0.5080682039260864,50
Miyazaki94,10,DE-ABE,5,0.5080682039260864,60
Miyazaki94,10,DE-ABE,6,0.5080682039260864,70
Miyazaki94,10,DE-ABE,7,0.5040008425712585,80
Miyazaki94,10,DE-ABE,8,0.5035125017166138,90
Miyazaki94,10,DE-ABE,9,0.4877074658870697,100
Miyazaki94,10,DE-ABE,10,0.4877074658870697,110
Miyazaki94,10,DE-ABE,11,0.4877074658870697,120
Miyazaki94,10,DE-ABE,12,0.4877074658870697,130
Miyazaki94,10,DE-ABE,13,0.4877074658870697,140
Miyazaki94,10,DE-ABE,14,0.47304844856262207,150
Miyazaki94,10,DE-ABE,15,0.471113383769989,160
Miyazaki94,10,DE-ABE,16,0.4588627517223358,170
Miyazaki94,10,DE-ABE,17,0.4588627517223358,180
Miyazaki94,10,DE-ABE,18,0.45391491055488586,190
Miyazaki94,10,DE-ABE,19,0.45183664560317993,200
Miyazaki94,10,DE-ABE,20,0.45183664560317993,210
Miyazaki94,10,DE-ABE,21,0.45183664560317993,220
Miyazaki94,10,DE-ABE,22,0.45183664560317993,230
Miyazaki94,10,DE-ABE,23,0.45183664560317993,240
Miyazaki94,10,DE-ABE,24,0.45183664560317993,250
Miyazaki94,10,DE-ABE,25,0.43659713864326477,260
Miyazaki94,10,DE-ABE,26,0.43659713864326477,270
Miyazaki94,10,DE-ABE,27,0.4284376800060272,280
Miyazaki94,10,DE-ABE,28,0.4284376800060272,290
Miyazaki94,10,DE-ABE,29,0.4284376800060272,300
Miyazaki94,10,DE-ABE,30,0.4284376800060272,310
Miyazaki94,10,DE-ABE,31,0.42769303917884827,320
Miyazaki94,10,DE-ABE,32,0.42769303917884827,330
Miyazaki94,10,DE-ABE,33,0.4269925057888031,340
Miyazaki94,10,DE-ABE,34,0.4269925057888031,350
Miyazaki94,10,DE-ABE,35,0.4269925057888031,360
Miyazaki94,10,DE-ABE,36,0.4264155924320221,370
Miyazaki94,10,DE-ABE,37,0.4264155924320221,380
Miyazaki94,10,DE-ABE,38,0.4264155924320221,390
Miyazaki94,10,DE-ABE,39,0.42572855949401855,400
Miyazaki94,10,DE-ABE,40,0.42572855949401855,410
Miyazaki94,10,DE-ABE,41,0.42572855949401855,420
Miyazaki94,10,DE-ABE,42,0.42572855949401855,430
Miyazaki94,10,DE-ABE,43,0.42572855949401855,440
Miyazaki94,10,DE-ABE,44,0.42320045828819275,450
Miyazaki94,10,DE-ABE,45,0.42320045828819275,460
Miyazaki94,10,DE-ABE,46,0.42320045828819275,470
Miyazaki94,10,DE-ABE,47,0.42320045828819275,480
Miyazaki94,10,DE-ABE,48,0.42320045828819275,490
Miyazaki94,10,DE-ABE,49,0.42320045828819275,500
Miyazaki94,10,DE-ABE,50,0.42320045828819275,510
Miyazaki94,10,DE-ABE,51,0.42320045828819275,520
Miyazaki94,10,DE-ABE,52,0.42320045828819275,530
Miyazaki94,10,DE-ABE,53,0.42318806052207947,540
Miyazaki94,10,DE-ABE,54,0.42318806052207947,550
Miyazaki94,10,DE-ABE,55,0.42318806052207947,560
Miyazaki94,10,DE-ABE,56,0.423183798789978,570
Miyazaki94,10,DE-ABE,57,0.423183798789978,580
Miyazaki94,10,DE-ABE,58,0.423056960105896,590
Miyazaki94,10,DE-ABE,59,0.42305082082748413,600
Miyazaki94,10,DE-ABE,60,0.42305082082748413,610
Miyazaki94,10,DE-ABE,61,0.42305082082748413,620
Miyazaki94,10,DE-ABE,62,0.42299535870552063,630
Miyazaki94,10,DE-ABE,63,0.42299535870552063,640
Miyazaki94,10,DE-ABE,64,0.4228409230709076,650
Miyazaki94,10,DE-ABE,65,0.4228409230709076,660
Miyazaki94,10,DE-ABE,66,0.4227997362613678,670
Miyazaki94,10,DE-ABE,67,0.422726571559906,680
Miyazaki94,10,DE-ABE,68,0.4226780831813812,690
Miyazaki94,10,DE-ABE,69,0.42267030477523804,700
Miyazaki94,10,DE-ABE,70,0.4226168990135193,710
Miyazaki94,10,DE-ABE,71,0.4218437075614929,720
Miyazaki94,10,DE-ABE,72,0.4218437075614929,730
Miyazaki94,10,DE-ABE,73,0.4189048409461975,740
Miyazaki94,10,DE-ABE,74,0.41887032985687256,750
Miyazaki94,10,DE-ABE,75,0.41872256994247437,760
Miyazaki94,10,DE-ABE,76,0.41872256994247437,770
Miyazaki94,10,DE-ABE,77,0.41872256994247437,780
Miyazaki94,10,DE-ABE,78,0.41872256994247437,790
Miyazaki94,10,DE-ABE,79,0.4187089502811432,800
Miyazaki94,10,DE-ABE,80,0.4187089502811432,810
Miyazaki94,10,DE-ABE,81,0.4187089502811432,820
Miyazaki94,10,DE-ABE,82,0.4187089502811432,830
Miyazaki94,10,DE-ABE,83,0.4187089502811432,840
Miyazaki94,10,DE-ABE,84,0.4187089502811432,850
Miyazaki94,10,DE-ABE,85,0.4187089502811432,860
Miyazaki94,10,DE-ABE,86,0.4187089502811432,870
Miyazaki94,10,DE-ABE,87,0.4187089502811432,880
Miyazaki94,10,DE-ABE,88,0.4187052547931671,890
Miyazaki94,10,DE-ABE,89,0.4187052547931671,900
Miyazaki94,10,DE-ABE,90,0.41870373487472534,910
Miyazaki94,10,DE-ABE,91,0.4187001585960388,920
Miyazaki94,10,DE-ABE,92,0.4186916947364807,930
Miyazaki94,10,DE-ABE,93,0.4186916947364807,940
Miyazaki94,10,DE-ABE,94,0.4186916947364807,950
Miyazaki94,10,DE-ABE,95,0.4186916947364807,960
Miyazaki94,10,DE-ABE,96,0.4186916947364807,970
Miyazaki94,10,DE-ABE,97,0.4186916947364807,980
Miyazaki94,10,DE-ABE,98,0.4186907410621643,990
Miyazaki94,10,DE-ABE,99,0.4186907410621643,1000
Miyazaki94,10,GWO-ABE,0,0.5410881042480469,10
Miyazaki94,10,GWO-ABE,1,0.545396089553833,20
Miyazaki94,10,GWO-ABE,2,0.5215234160423279,30
Miyazaki94,10,GWO-ABE,3,0.4451485276222229,40
Miyazaki94,10,GWO-ABE,4,0.4301082491874695,50
Miyazaki94,10,GWO-ABE,5,0.4584464430809021,60
Miyazaki94,10,GWO-ABE,6,0.42388588190078735,70
Miyazaki94,10,GWO-ABE,7,0.4541608691215515,80
Miyazaki94,10,GWO-ABE,8,0.48349183797836304,90
Miyazaki94,10,GWO-ABE,9,0.4408721625804901,100
Miyazaki94,10,GWO-ABE,10,0.44334834814071655,110
Miyazaki94,10,GWO-ABE,11,0.43079641461372375,120
Miyazaki94,10,GWO-ABE,12,0.43475866317749023,130
Miyazaki94,10,GWO-ABE,13,0.4621220529079437,140
Miyazaki94,10,GWO-ABE,14,0.4296133816242218,150
Miyazaki94,10,GWO-ABE,15,0.43358293175697327,160
Miyazaki94,10,GWO-ABE,16,0.43931835889816284,170
Miyazaki94,10,GWO-ABE,17,0.4108225405216217,180
Miyazaki94,10,GWO-ABE,18,0.40475261211395264,190
Miyazaki94,10,GWO-ABE,19,0.4040260314941406,200
Miyazaki94,10,GWO-ABE,20,0.4136527478694916,210
Miyazaki94,10,GWO-ABE,21,0.4231773018836975,220
Miyazaki94,10,GWO-ABE,22,0.3915059566497803,230
Miyazaki94,10,GWO-ABE,23,0.4094159007072449,240
Miyazaki94,10,GWO-ABE,24,0.42153459787368774,250
Miyazaki94,10,GWO-ABE,25,0.4036013185977936,260
Miyazaki94,10,GWO-ABE,26,0.41932448744773865,270
Miyazaki94,10,GWO-ABE,27,0.39553722739219666,280
Miyazaki94,10,GWO-ABE,28,0.3968377113342285,290
Miyazaki94,10,GWO-ABE,29,0.4103408753871918,300
Miyazaki94,10,GWO-ABE,30,0.38862037658691406,310
Miyazaki94,10,GWO-ABE,31,0.40643250942230225,320
Miyazaki94,10,GWO-ABE,32,0.3949391841888428,330
Miyazaki94,10,GWO-ABE,33,0.4119201600551605,340
Miyazaki94,10,GWO-ABE,34,0.3971747159957886,350
Miyazaki94,10,GWO-ABE,35,0.39450541138648987,360
Miyazaki94,10,GWO-ABE,36,0.39571091532707214,370
Miyazaki94,10,GWO-ABE,37,0.40356358885765076,380
Miyazaki94,10,GWO-ABE,38,0.4052812159061432,390
Miyazaki94,10,GWO-ABE,39,0.40195631980895996,400
Miyazaki94,10,GWO-ABE,40,0.402159184217453,410
Miyazaki94,10,GWO-ABE,41,0.41389888525009155,420
Miyazaki94,10,GWO-ABE,42,0.40939632058143616,430
Miyazaki94,10,GWO-ABE,43,0.4190034866333008,440
Miyazaki94,10,GWO-ABE,44,0.4156610369682312,450
Miyazaki94,10,GWO-ABE,45,0.4118049442768097,460
Miyazaki94,10,GWO-ABE,46,0.42157867550849915,470
Miyazaki94,10,GWO-ABE,47,0.4139527976512909,480
Miyazaki94,10,GWO-ABE,48,0.42240628600120544,490
Miyazaki94,10,GWO-ABE,49,0.4160025417804718,500
Miyazaki94,10,GWO-ABE,50,0.41940611600875854,510
Miyazaki94,10,GWO-ABE,51,0.4234301447868347,520
Miyazaki94,10,GWO-ABE,52,0.4173492193222046,530
Miyazaki94,10,GWO-ABE,53,0.41605472564697266,540
Miyazaki94,10,GWO-ABE,54,0.4152994155883789,550
Miyazaki94,10,GWO-ABE,55,0.41581034660339355,560
Miyazaki94,10,GWO-ABE,56,0.4159153401851654,570
Miyazaki94,10,GWO-ABE,57,0.4154365062713623,580
Miyazaki94,10,GWO-ABE,58,0.4200168251991272,590
Miyazaki94,10,GWO-ABE,59,0.41919398307800293,600
Miyazaki94,10,GWO-ABE,60,0.4203667640686035,610
Miyazaki94,10,GWO-ABE,61,0.4134243428707123,620
Miyazaki94,10,GWO-ABE,62,0.413674920797348,630
Miyazaki94,10,GWO-ABE,63,0.4134087562561035,640
Miyazaki94,10,GWO-ABE,64,0.41297993063926697,650
Miyazaki94,10,GWO-ABE,65,0.4147850573062897,660
Miyazaki94,10,GWO-ABE,66,0.4167357385158539,670
Miyazaki94,10,GWO-ABE,67,0.4142082929611206,680
Miyazaki94,10,GWO-ABE,68,0.41547855734825134,690
Miyazaki94,10,GWO-ABE,69,0.41593822836875916,700
Miyazaki94,10,GWO-ABE,70,0.41509026288986206,710
Miyazaki94,10,GWO-ABE,71,0.4151715934276581,720
Miyazaki94,10,GWO-ABE,72,0.41680991649627686,730
Miyazaki94,10,GWO-ABE,73,0.416632741689682,740
Miyazaki94,10,GWO-ABE,74,0.4165663421154022,750
Miyazaki94,10,GWO-ABE,75,0.4192618727684021,760
Miyazaki94,10,GWO-ABE,76,0.4195275902748108,770
Miyazaki94,10,GWO-ABE,77,0.418658971786499,780
Miyazaki94,10,GWO-ABE,78,0.4171522855758667,790
Miyazaki94,10,GWO-ABE,79,0.4171542525291443,800
Miyazaki94,10,GWO-ABE,80,0.4165811240673065,810
Miyazaki94,10,GWO-ABE,81,0.41670793294906616,820
Miyazaki94,10,GWO-ABE,82,0.4073619544506073,830
Miyazaki94,10,GWO-ABE,83,0.4098522663116455,840
Miyazaki94,10,GWO-ABE,84,0.4094541072845459,850
Miyazaki94,10,GWO-ABE,85,0.40395236015319824,860
Miyazaki94,10,GWO-ABE,86,0.40391334891319275,870
Miyazaki94,10,GWO-ABE,87,0.4035911560058594,880
Miyazaki94,10,GWO-ABE,88,0.4076693058013916,890
Miyazaki94,10,GWO-ABE,89,0.40374210476875305,900
Miyazaki94,10,GWO-ABE,90,0.40355736017227173,910
Miyazaki94,10,GWO-ABE,91,0.4036373794078827,920
Miyazaki94,10,GWO-ABE,92,0.40355873107910156,930
Miyazaki94,10,GWO-ABE,93,0.4034038484096527,940
Miyazaki94,10,GWO-ABE,94,0.40335026383399963,950
Miyazaki94,10,GWO-ABE,95,0.40331047773361206,960
Miyazaki94,10,GWO-ABE,96,0.4032842516899109,970
Miyazaki94,10,GWO-ABE,97,0.40325218439102173,980
Miyazaki94,10,GWO-ABE,98,0.4032346308231354,990
Miyazaki94,10,GWO-ABE,99,0.40321817994117737,1000
Miyazaki94,10,WOA-ABE,0,0.5233734250068665,10
Miyazaki94,10,WOA-ABE,1,0.48881766200065613,20
Miyazaki94,10,WOA-ABE,2,0.48881766200065613,30
Miyazaki94,10,WOA-ABE,3,0.4888165295124054,40
Miyazaki94,10,WOA-ABE,4,0.4888114929199219,50
Miyazaki94,10,WOA-ABE,5,0.4880734086036682,60
Miyazaki94,10,WOA-ABE,6,0.478782594203949,70
Miyazaki94,10,WOA-ABE,7,0.45467478036880493,80
Miyazaki94,10,WOA-ABE,8,0.4544351100921631,90
Miyazaki94,10,WOA-ABE,9,0.4295783042907715,100
Miyazaki94,10,WOA-ABE,10,0.4295783042907715,110
Miyazaki94,10,WOA-ABE,11,0.42376992106437683,120
Miyazaki94,10,WOA-ABE,12,0.40441784262657166,130
Miyazaki94,10,WOA-ABE,13,0.39911964535713196,140
Miyazaki94,10,WOA-ABE,14,0.3949587643146515,150
Miyazaki94,10,WOA-ABE,15,0.3795071244239807,160
Miyazaki94,10,WOA-ABE,16,0.37156158685684204,170
Miyazaki94,10,WOA-ABE,17,0.37156105041503906,180
Miyazaki94,10,WOA-ABE,18,0.37156105041503906,190
Miyazaki94,10,WOA-ABE,19,0.371560662984848,200
Miyazaki94,10,WOA-ABE,20,0.371560662984848,210
Miyazaki94,10,WOA-ABE,21,0.371560662984848,220
Miyazaki94,10,WOA-ABE,22,0.371560662984848,230
Miyazaki94,10,WOA-ABE,23,0.371560662984848,240
Miyazaki94,10,WOA-ABE,24,0.3715492784976959,250
Miyazaki94,10,WOA-ABE,25,0.37154415249824524,260
Miyazaki94,10,WOA-ABE,26,0.37154415249824524,270
Miyazaki94,10,WOA-ABE,27,0.3714708089828491,280
Miyazaki94,10,WOA-ABE,28,0.3714683949947357,290
Miyazaki94,10,WOA-ABE,29,0.3714683949947357,300
Miyazaki94,10,WOA-ABE,30,0.3714683949947357,310
Miyazaki94,10,WOA-ABE,31,0.3714683949947357,320
Miyazaki94,10,WOA-ABE,32,0.3714683949947357,330
Miyazaki94,10,WOA-ABE,33,0.3714640438556671,340
Miyazaki94,10,WOA-ABE,34,0.3714640438556671,350
Miyazaki94,10,WOA-ABE,35,0.3714640438556671,360
Miyazaki94,10,WOA-ABE,36,0.3714640438556671,370
Miyazaki94,10,WOA-ABE,37,0.3714640438556671,380
Miyazaki94,10,WOA-ABE,38,0.3714640438556671,390
Miyazaki94,10,WOA-ABE,39,0.3714640438556671,400
Miyazaki94,10,WOA-ABE,40,0.3714640438556671,410
Miyazaki94,10,WOA-ABE,41,0.3714640438556671,420
Miyazaki94,10,WOA-ABE,42,0.3714640438556671,430
Miyazaki94,10,WOA-ABE,43,0.37146270275115967,440
Miyazaki94,10,WOA-ABE,44,0.37146270275115967,450
Miyazaki94,10,WOA-ABE,45,0.37146249413490295,460
Miyazaki94,10,WOA-ABE,46,0.37146249413490295,470
Miyazaki94,10,WOA-ABE,47,0.37146249413490295,480
Miyazaki94,10,WOA-ABE,48,0.37146222591400146,490
Miyazaki94,10,WOA-ABE,49,0.37146222591400146,500
Miyazaki94,10,WOA-ABE,50,0.37146222591400146,510
Miyazaki94,10,WOA-ABE,51,0.37146222591400146,520
Miyazaki94,10,WOA-ABE,52,0.37146222591400146,530
Miyazaki94,10,WOA-ABE,53,0.37146222591400146,540
Miyazaki94,10,WOA-ABE,54,0.37146222591400146,550
Miyazaki94,10,WOA-ABE,55,0.37146222591400146,560
Miyazaki94,10,WOA-ABE,56,0.37146222591400146,570
Miyazaki94,10,WOA-ABE,57,0.3714621961116791,580
Miyazaki94,10,WOA-ABE,58,0.3714621961116791,590
Miyazaki94,10,WOA-ABE,59,0.3714621961116791,600
Miyazaki94,10,WOA-ABE,60,0.37145018577575684,610
Miyazaki94,10,WOA-ABE,61,0.37145018577575684,620
Miyazaki94,10,WOA-ABE,62,0.37145018577575684,630
Miyazaki94,10,WOA-ABE,63,0.37145018577575684,640
Miyazaki94,10,WOA-ABE,64,0.37145018577575684,650
Miyazaki94,10,WOA-ABE,65,0.371448278427124,660
Miyazaki94,10,WOA-ABE,66,0.371448278427124,670
Miyazaki94,10,WOA-ABE,67,0.37144735455513,680
Miyazaki94,10,WOA-ABE,68,0.37144735455513,690
Miyazaki94,10,WOA-ABE,69,0.37144735455513,700
Miyazaki94,10,WOA-ABE,70,0.37144678831100464,710
Miyazaki94,10,WOA-ABE,71,0.37144678831100464,720
Miyazaki94,10,WOA-ABE,72,0.37144678831100464,730
Miyazaki94,10,WOA-ABE,73,0.37144678831100464,740
Miyazaki94,10,WOA-ABE,74,0.37144678831100464,750
Miyazaki94,10,WOA-ABE,75,0.37144678831100464,760
Miyazaki94,10,WOA-ABE,76,0.37144678831100464,770
Miyazaki94,10,WOA-ABE,77,0.3714461028575897,780
Miyazaki94,10,WOA-ABE,78,0.3714461028575897,790
Miyazaki94,10,WOA-ABE,79,0.3714437484741211,800
Miyazaki94,10,WOA-ABE,80,0.3714437484741211,810
Miyazaki94,10,WOA-ABE,81,0.37087398767471313,820
Miyazaki94,10,WOA-ABE,82,0.37086713314056396,830
Miyazaki94,10,WOA-ABE,83,0.37086713314056396,840
Miyazaki94,10,WOA-ABE,84,0.37086713314056396,850
Miyazaki94,10,WOA-ABE,85,0.37086713314056396,860
Miyazaki94,10,WOA-ABE,86,0.37012553215026855,870
Miyazaki94,10,WOA-ABE,87,0.3687829077243805,880
Miyazaki94,10,WOA-ABE,88,0.3687829077243805,890
Miyazaki94,10,WOA-ABE,89,0.3687829077243805,900
Miyazaki94,10,WOA-ABE,90,0.3687829077243805,910
Miyazaki94,10,WOA-ABE,91,0.3687829077243805,920
Miyazaki94,10,WOA-ABE,92,0.36878010630607605,930
Miyazaki94,10,WOA-ABE,93,0.36878010630607605,940
Miyazaki94,10,WOA-ABE,94,0.36878010630607605,950
Miyazaki94,10,WOA-ABE,95,0.36878010630607605,960
Miyazaki94,10,WOA-ABE,96,0.36877351999282837,970
Miyazaki94,10,WOA-ABE,97,0.36877351999282837,980
Miyazaki94,10,WOA-ABE,98,0.36876779794692993,990
Miyazaki94,10,WOA-ABE,99,0.3687668740749359,1000
Miyazaki94,10,FAABE,0,0.482208251953125,10
Miyazaki94,10,FAABE,1,0.4689321219921112,20
Miyazaki94,10,FAABE,2,0.4689321219921112,30
Miyazaki94,10,FAABE,3,0.4689321219921112,40
Miyazaki94,10,FAABE,4,0.4689321219921112,50
Miyazaki94,10,FAABE,5,0.4689321219921112,60
Miyazaki94,10,FAABE,6,0.4689321219921112,70
Miyazaki94,10,FAABE,7,0.45821771025657654,80
Miyazaki94,10,FAABE,8,0.4443502426147461,90
Miyazaki94,10,FAABE,9,0.4443502426147461,100
Miyazaki94,10,FAABE,10,0.4443502426147461,110
Miyazaki94,10,FAABE,11,0.4443502426147461,120
Miyazaki94,10,FAABE,12,0.4443502426147461,130
Miyazaki94,10,FAABE,13,0.44165751338005066,140
Miyazaki94,10,FAABE,14,0.43719181418418884,150
Miyazaki94,10,FAABE,15,0.42568472027778625,160
Miyazaki94,10,FAABE,16,0.4167638421058655,170
Miyazaki94,10,FAABE,17,0.4167638421058655,180
Miyazaki94,10,FAABE,18,0.4167638421058655,190
Miyazaki94,10,FAABE,19,0.4167638421058655,200
Miyazaki94,10,FAABE,20,0.4167638421058655,210
Miyazaki94,10,FAABE,21,0.4167638421058655,220
Miyazaki94,10,FAABE,22,0.4167638421058655,230
Miyazaki94,10,FAABE,23,0.40322503447532654,240
Miyazaki94,10,FAABE,24,0.40322503447532654,250
Miyazaki94,10,FAABE,25,0.40322503447532654,260
Miyazaki94,10,FAABE,26,0.4016149938106537,270
Miyazaki94,10,FAABE,27,0.4016149938106537,280
Miyazaki94,10,FAABE,28,0.4016149938106537,290
Miyazaki94,10,FAABE,29,0.4016149938106537,300
Miyazaki94,10,FAABE,30,0.4016149938106537,310
Miyazaki94,10,FAABE,31,0.4016149938106537,320
Miyazaki94,10,FAABE,32,0.4016149938106537,330
Miyazaki94,10,FAABE,33,0.4016149938106537,340
Miyazaki94,10,FAABE,34,0.4016149938106537,350
Miyazaki94,10,FAABE,35,0.4016149938106537,360
Miyazaki94,10,FAABE,36,0.4016149938106537,370
Miyazaki94,10,FAABE,37,0.4016149938106537,380
Miyazaki94,10,FAABE,38,0.4016149938106537,390
Miyazaki94,10,FAABE,39,0.4016149938106537,400
Miyazaki94,10,FAABE,40,0.4016149938106537,410
Miyazaki94,10,FAABE,41,0.4016149938106537,420
Miyazaki94,10,FAABE,42,0.4016149938106537,430
Miyazaki94,10,FAABE,43,0.4016149938106537,440
Miyazaki94,10,FAABE,44,0.4016149938106537,450
Miyazaki94,10,FAABE,45,0.4016149938106537,460
Miyazaki94,10,FAABE,46,0.4016149938106537,470
Miyazaki94,10,FAABE,47,0.4016149938106537,480
Miyazaki94,10,FAABE,48,0.4016149938106537,490
Miyazaki94,10,FAABE,49,0.4016149938106537,500
Miyazaki94,10,FAABE,50,0.4016149938106537,510
Miyazaki94,10,FAABE,51,0.3942042291164398,520
Miyazaki94,10,FAABE,52,0.3942042291164398,530
Miyazaki94,10,FAABE,53,0.3942042291164398,540
Miyazaki94,10,FAABE,54,0.3942042291164398,550
Miyazaki94,10,FAABE,55,0.3942042291164398,560
Miyazaki94,10,FAABE,56,0.3942042291164398,570
Miyazaki94,10,FAABE,57,0.3942042291164398,580
Miyazaki94,10,FAABE,58,0.3942042291164398,590
Miyazaki94,10,FAABE,59,0.3942042291164398,600
Miyazaki94,10,FAABE,60,0.3942042291164398,610
Miyazaki94,10,FAABE,61,0.3942042291164398,620
Miyazaki94,10,FAABE,62,0.3942042291164398,630
Miyazaki94,10,FAABE,63,0.3942042291164398,640
Miyazaki94,10,FAABE,64,0.3942042291164398,650
Miyazaki94,10,FAABE,65,0.3942042291164398,660
Miyazaki94,10,FAABE,66,0.3942042291164398,670
Miyazaki94,10,FAABE,67,0.3942042291164398,680
Miyazaki94,10,FAABE,68,0.3942042291164398,690
Miyazaki94,10,FAABE,69,0.3942042291164398,700
Miyazaki94,10,FAABE,70,0.39332520961761475,710
Miyazaki94,10,FAABE,71,0.39332520961761475,720
Miyazaki94,10,FAABE,72,0.39332520961761475,730
Miyazaki94,10,FAABE,73,0.39332520961761475,740
Miyazaki94,10,FAABE,74,0.39332520961761475,750
Miyazaki94,10,FAABE,75,0.39332520961761475,760
Miyazaki94,10,FAABE,76,0.39332520961761475,770
Miyazaki94,10,FAABE,77,0.39332520961761475,780
Miyazaki94,10,FAABE,78,0.38712382316589355,790
Miyazaki94,10,FAABE,79,0.38712382316589355,800
Miyazaki94,10,FAABE,80,0.38712382316589355,810
Miyazaki94,10,FAABE,81,0.38712382316589355,820
Miyazaki94,10,FAABE,82,0.38712382316589355,830
Miyazaki94,10,FAABE,83,0.38712382316589355,840
Miyazaki94,10,FAABE,84,0.38712382316589355,850
Miyazaki94,10,FAABE,85,0.38712382316589355,860
Miyazaki94,10,FAABE,86,0.38712382316589355,870
Miyazaki94,10,FAABE,87,0.38712382316589355,880
Miyazaki94,10,FAABE,88,0.38712382316589355,890
Miyazaki94,10,FAABE,89,0.38712382316589355,900
Miyazaki94,10,FAABE,90,0.38712382316589355,910
Miyazaki94,10,FAABE,91,0.38712382316589355,920
Miyazaki94,10,FAABE,92,0.38712382316589355,930
Miyazaki94,10,FAABE,93,0.38712382316589355,940
Miyazaki94,10,FAABE,94,0.38712382316589355,950
Miyazaki94,10,FAABE,95,0.38712382316589355,960
Miyazaki94,10,FAABE,96,0.38712382316589355,970
Miyazaki94,10,FAABE,97,0.38712382316589355,980
Miyazaki94,10,FAABE,98,0.38712382316589355,990
Miyazaki94,10,FAABE,99,0.38712382316589355,1000
