Dataset,Fold,Variant,Iteration,Best_Training_MMRE
Maxwell,1,FAABE_NO_PEARSON,0,0.7475084662437439
Maxwell,1,FAABE_NO_PEARSON,1,0.7404990196228027
Maxwell,1,FAABE_NO_PEARSON,2,0.613788902759552
Maxwell,1,FAABE_NO_PEARSON,3,0.613788902759552
Maxwell,1,FAABE_NO_PEARSON,4,0.613788902759552
Maxwell,1,FAABE_NO_PEARSON,5,0.5509926676750183
Maxwell,1,FAABE_NO_PEARSON,6,0.5509926676750183
Maxwell,1,FAABE_NO_PEARSON,7,0.5211736559867859
Maxwell,1,FAABE_NO_PEARSON,8,0.5211736559867859
Maxwell,1,FAABE_NO_PEARSON,9,0.5211736559867859
Maxwell,1,FAABE_NO_PEARSON,10,0.5211736559867859
Maxwell,1,FAABE_NO_PEARSON,11,0.5211736559867859
Maxwell,1,FAABE_NO_PEARSON,12,0.5211736559867859
Maxwell,1,FAABE_NO_PEARSON,13,0.5211736559867859
Maxwell,1,FAABE_NO_PEARSON,14,0.5211736559867859
Maxwell,1,FAABE_NO_PEARSON,15,0.5211736559867859
Maxwell,1,FAABE_NO_PEARSON,16,0.5211736559867859
Maxwell,1,FAABE_NO_PEARSON,17,0.5211736559867859
Maxwell,1,FAABE_NO_PEARSON,18,0.5211736559867859
Maxwell,1,FAABE_NO_PEARSON,19,0.5211736559867859
Maxwell,1,FAABE_NO_PEARSON,20,0.5211736559867859
Maxwell,1,FAABE_NO_PEARSON,21,0.5211736559867859
Maxwell,1,FAABE_NO_PEARSON,22,0.5211736559867859
Maxwell,1,FAABE_NO_PEARSON,23,0.5211736559867859
Maxwell,1,FAABE_NO_PEARSON,24,0.5211736559867859
Maxwell,1,FAABE_NO_PEARSON,25,0.5211736559867859
Maxwell,1,FAABE_NO_PEARSON,26,0.5211736559867859
Maxwell,1,FAABE_NO_PEARSON,27,0.5211736559867859
Maxwell,1,FAABE_NO_PEARSON,28,0.5211736559867859
Maxwell,1,FAABE_NO_PEARSON,29,0.5211736559867859
Maxwell,1,FAABE_NO_PEARSON,30,0.5053439736366272
Maxwell,1,FAABE_NO_PEARSON,31,0.5053439736366272
Maxwell,1,FAABE_NO_PEARSON,32,0.5053439736366272
Maxwell,1,FAABE_NO_PEARSON,33,0.5053439736366272
Maxwell,1,FAABE_NO_PEARSON,34,0.5053439736366272
Maxwell,1,FAABE_NO_PEARSON,35,0.5053439736366272
Maxwell,1,FAABE_NO_PEARSON,36,0.5053439736366272
Maxwell,1,FAABE_NO_PEARSON,37,0.5053439736366272
Maxwell,1,FAABE_NO_PEARSON,38,0.5053439736366272
Maxwell,1,FAABE_NO_PEARSON,39,0.5053439736366272
Maxwell,1,FAABE_NO_PEARSON,40,0.5053439736366272
Maxwell,1,FAABE_NO_PEARSON,41,0.5053439736366272
Maxwell,1,FAABE_NO_PEARSON,42,0.5053439736366272
Maxwell,1,FAABE_NO_PEARSON,43,0.5053439736366272
Maxwell,1,FAABE_NO_PEARSON,44,0.5053439736366272
Maxwell,1,FAABE_NO_PEARSON,45,0.5053439736366272
Maxwell,1,FAABE_NO_PEARSON,46,0.5053439736366272
Maxwell,1,FAABE_NO_PEARSON,47,0.5053439736366272
Maxwell,1,FAABE_NO_PEARSON,48,0.5053439736366272
Maxwell,1,FAABE_NO_PEARSON,49,0.5053439736366272
Maxwell,1,FAABE_NO_PEARSON,50,0.5053439736366272
Maxwell,1,FAABE_NO_PEARSON,51,0.5053439736366272
Maxwell,1,FAABE_NO_PEARSON,52,0.5053439736366272
Maxwell,1,FAABE_NO_PEARSON,53,0.5053439736366272
Maxwell,1,FAABE_NO_PEARSON,54,0.5053439736366272
Maxwell,1,FAABE_NO_PEARSON,55,0.5053439736366272
Maxwell,1,FAABE_NO_PEARSON,56,0.5053439736366272
Maxwell,1,FAABE_NO_PEARSON,57,0.5053439736366272
Maxwell,1,FAABE_NO_PEARSON,58,0.5053439736366272
Maxwell,1,FAABE_NO_PEARSON,59,0.5053439736366272
Maxwell,1,FAABE_NO_PEARSON,60,0.5053439736366272
Maxwell,1,FAABE_NO_PEARSON,61,0.5053439736366272
Maxwell,1,FAABE_NO_PEARSON,62,0.5053439736366272
Maxwell,1,FAABE_NO_PEARSON,63,0.5053439736366272
Maxwell,1,FAABE_NO_PEARSON,64,0.5053439736366272
Maxwell,1,FAABE_NO_PEARSON,65,0.5053439736366272
Maxwell,1,FAABE_NO_PEARSON,66,0.5053439736366272
Maxwell,1,FAABE_NO_PEARSON,67,0.5053439736366272
Maxwell,1,FAABE_NO_PEARSON,68,0.5053439736366272
Maxwell,1,FAABE_NO_PEARSON,69,0.5053439736366272
Maxwell,1,FAABE_NO_PEARSON,70,0.5053439736366272
Maxwell,1,FAABE_NO_PEARSON,71,0.5053439736366272
Maxwell,1,FAABE_NO_PEARSON,72,0.5053439736366272
Maxwell,1,FAABE_NO_PEARSON,73,0.5053439736366272
Maxwell,1,FAABE_NO_PEARSON,74,0.5053439736366272
Maxwell,1,FAABE_NO_PEARSON,75,0.5053439736366272
Maxwell,1,FAABE_NO_PEARSON,76,0.5053439736366272
Maxwell,1,FAABE_NO_PEARSON,77,0.5053439736366272
Maxwell,1,FAABE_NO_PEARSON,78,0.5053439736366272
Maxwell,1,FAABE_NO_PEARSON,79,0.5053439736366272
Maxwell,1,FAABE_NO_PEARSON,80,0.5053439736366272
Maxwell,1,FAABE_NO_PEARSON,81,0.5053439736366272
Maxwell,1,FAABE_NO_PEARSON,82,0.5053439736366272
Maxwell,1,FAABE_NO_PEARSON,83,0.5053439736366272
Maxwell,1,FAABE_NO_PEARSON,84,0.5053439736366272
Maxwell,1,FAABE_NO_PEARSON,85,0.5053439736366272
Maxwell,1,FAABE_NO_PEARSON,86,0.5053439736366272
Maxwell,1,FAABE_NO_PEARSON,87,0.5053439736366272
Maxwell,1,FAABE_NO_PEARSON,88,0.5053439736366272
Maxwell,1,FAABE_NO_PEARSON,89,0.5053439736366272
Maxwell,1,FAABE_NO_PEARSON,90,0.5053439736366272
Maxwell,1,FAABE_NO_PEARSON,91,0.5053439736366272
Maxwell,1,FAABE_NO_PEARSON,92,0.5053439736366272
Maxwell,1,FAABE_NO_PEARSON,93,0.48990219831466675
Maxwell,1,FAABE_NO_PEARSON,94,0.48990219831466675
Maxwell,1,FAABE_NO_PEARSON,95,0.48990219831466675
Maxwell,1,FAABE_NO_PEARSON,96,0.48990219831466675
Maxwell,1,FAABE_NO_PEARSON,97,0.48990219831466675
Maxwell,1,FAABE_NO_PEARSON,98,0.48990219831466675
Maxwell,1,FAABE_NO_PEARSON,99,0.48990219831466675
Maxwell,1,FAABE_NO_PEARSON,100,0.48990219831466675
Maxwell,1,FAABE_NO_IWM,0,0.7792680263519287
Maxwell,1,FAABE_NO_IWM,1,0.4615641236305237
Maxwell,1,FAABE_NO_IWM,2,0.4271300733089447
Maxwell,1,FAABE_NO_IWM,3,0.41432327032089233
Maxwell,1,FAABE_NO_IWM,4,0.41432327032089233
Maxwell,1,FAABE_NO_IWM,5,0.41432327032089233
Maxwell,1,FAABE_NO_IWM,6,0.4046970009803772
Maxwell,1,FAABE_NO_IWM,7,0.4046970009803772
Maxwell,1,FAABE_NO_IWM,8,0.4046970009803772
Maxwell,1,FAABE_NO_IWM,9,0.4046970009803772
Maxwell,1,FAABE_NO_IWM,10,0.4046970009803772
Maxwell,1,FAABE_NO_IWM,11,0.4046970009803772
Maxwell,1,FAABE_NO_IWM,12,0.4046970009803772
Maxwell,1,FAABE_NO_IWM,13,0.4046970009803772
Maxwell,1,FAABE_NO_IWM,14,0.4046970009803772
Maxwell,1,FAABE_NO_IWM,15,0.4046970009803772
Maxwell,1,FAABE_NO_IWM,16,0.4046970009803772
Maxwell,1,FAABE_NO_IWM,17,0.4046970009803772
Maxwell,1,FAABE_NO_IWM,18,0.4046970009803772
Maxwell,1,FAABE_NO_IWM,19,0.4046970009803772
Maxwell,1,FAABE_NO_IWM,20,0.4046970009803772
Maxwell,1,FAABE_NO_IWM,21,0.4046970009803772
Maxwell,1,FAABE_NO_IWM,22,0.4046970009803772
Maxwell,1,FAABE_NO_IWM,23,0.4046970009803772
Maxwell,1,FAABE_NO_IWM,24,0.4046970009803772
Maxwell,1,FAABE_NO_IWM,25,0.4046970009803772
Maxwell,1,FAABE_NO_IWM,26,0.4046970009803772
Maxwell,1,FAABE_NO_IWM,27,0.4046970009803772
Maxwell,1,FAABE_NO_IWM,28,0.4046970009803772
Maxwell,1,FAABE_NO_IWM,29,0.4046970009803772
Maxwell,1,FAABE_NO_IWM,30,0.4046970009803772
Maxwell,1,FAABE_NO_IWM,31,0.4046970009803772
Maxwell,1,FAABE_NO_IWM,32,0.4046970009803772
Maxwell,1,FAABE_NO_IWM,33,0.4046970009803772
Maxwell,1,FAABE_NO_IWM,34,0.4046970009803772
Maxwell,1,FAABE_NO_IWM,35,0.4046970009803772
Maxwell,1,FAABE_NO_IWM,36,0.4046970009803772
Maxwell,1,FAABE_NO_IWM,37,0.4046970009803772
Maxwell,1,FAABE_NO_IWM,38,0.4046970009803772
Maxwell,1,FAABE_NO_IWM,39,0.4046970009803772
Maxwell,1,FAABE_NO_IWM,40,0.4046970009803772
Maxwell,1,FAABE_NO_IWM,41,0.4046970009803772
Maxwell,1,FAABE_NO_IWM,42,0.4046970009803772
Maxwell,1,FAABE_NO_IWM,43,0.4046970009803772
Maxwell,1,FAABE_NO_IWM,44,0.4046970009803772
Maxwell,1,FAABE_NO_IWM,45,0.4046970009803772
Maxwell,1,FAABE_NO_IWM,46,0.4046970009803772
Maxwell,1,FAABE_NO_IWM,47,0.4046970009803772
Maxwell,1,FAABE_NO_IWM,48,0.4046970009803772
Maxwell,1,FAABE_NO_IWM,49,0.4046970009803772
Maxwell,1,FAABE_NO_IWM,50,0.4046970009803772
Maxwell,1,FAABE_NO_IWM,51,0.4046970009803772
Maxwell,1,FAABE_NO_IWM,52,0.4046970009803772
Maxwell,1,FAABE_NO_IWM,53,0.4046970009803772
Maxwell,1,FAABE_NO_IWM,54,0.4046970009803772
Maxwell,1,FAABE_NO_IWM,55,0.4046970009803772
Maxwell,1,FAABE_NO_IWM,56,0.4046970009803772
Maxwell,1,FAABE_NO_IWM,57,0.4046970009803772
Maxwell,1,FAABE_NO_IWM,58,0.4046970009803772
Maxwell,1,FAABE_NO_IWM,59,0.4046970009803772
Maxwell,1,FAABE_NO_IWM,60,0.4046970009803772
Maxwell,1,FAABE_NO_IWM,61,0.4046970009803772
Maxwell,1,FAABE_NO_IWM,62,0.4046970009803772
Maxwell,1,FAABE_NO_IWM,63,0.4046970009803772
Maxwell,1,FAABE_NO_IWM,64,0.4046970009803772
Maxwell,1,FAABE_NO_IWM,65,0.39900386333465576
Maxwell,1,FAABE_NO_IWM,66,0.39900386333465576
Maxwell,1,FAABE_NO_IWM,67,0.39900386333465576
Maxwell,1,FAABE_NO_IWM,68,0.39900386333465576
Maxwell,1,FAABE_NO_IWM,69,0.39900386333465576
Maxwell,1,FAABE_NO_IWM,70,0.39900386333465576
Maxwell,1,FAABE_NO_IWM,71,0.39900386333465576
Maxwell,1,FAABE_NO_IWM,72,0.39900386333465576
Maxwell,1,FAABE_NO_IWM,73,0.39900386333465576
Maxwell,1,FAABE_NO_IWM,74,0.39900386333465576
Maxwell,1,FAABE_NO_IWM,75,0.39900386333465576
Maxwell,1,FAABE_NO_IWM,76,0.39900386333465576
Maxwell,1,FAABE_NO_IWM,77,0.39900386333465576
Maxwell,1,FAABE_NO_IWM,78,0.39900386333465576
Maxwell,1,FAABE_NO_IWM,79,0.39900386333465576
Maxwell,1,FAABE_NO_IWM,80,0.39900386333465576
Maxwell,1,FAABE_NO_IWM,81,0.39900386333465576
Maxwell,1,FAABE_NO_IWM,82,0.3911799490451813
Maxwell,1,FAABE_NO_IWM,83,0.3911799490451813
Maxwell,1,FAABE_NO_IWM,84,0.3911799490451813
Maxwell,1,FAABE_NO_IWM,85,0.3911799490451813
Maxwell,1,FAABE_NO_IWM,86,0.3911799490451813
Maxwell,1,FAABE_NO_IWM,87,0.3911799490451813
Maxwell,1,FAABE_NO_IWM,88,0.3911799490451813
Maxwell,1,FAABE_NO_IWM,89,0.3911799490451813
Maxwell,1,FAABE_NO_IWM,90,0.3911799490451813
Maxwell,1,FAABE_NO_IWM,91,0.3911799490451813
Maxwell,1,FAABE_NO_IWM,92,0.3911799490451813
Maxwell,1,FAABE_NO_IWM,93,0.3911799490451813
Maxwell,1,FAABE_NO_IWM,94,0.3911799490451813
Maxwell,1,FAABE_NO_IWM,95,0.3911799490451813
Maxwell,1,FAABE_NO_IWM,96,0.3911799490451813
Maxwell,1,FAABE_NO_IWM,97,0.3911799490451813
Maxwell,1,FAABE_NO_IWM,98,0.3911799490451813
Maxwell,1,FAABE_NO_IWM,99,0.3911799490451813
Maxwell,1,FAABE_NO_IWM,100,0.3911799490451813
Maxwell,1,FAABE_FULL,0,0.7197661995887756
Maxwell,1,FAABE_FULL,1,0.541187047958374
Maxwell,1,FAABE_FULL,2,0.4174283444881439
Maxwell,1,FAABE_FULL,3,0.4174283444881439
Maxwell,1,FAABE_FULL,4,0.4174283444881439
Maxwell,1,FAABE_FULL,5,0.414044052362442
Maxwell,1,FAABE_FULL,6,0.40227556228637695
Maxwell,1,FAABE_FULL,7,0.40227556228637695
Maxwell,1,FAABE_FULL,8,0.40227556228637695
Maxwell,1,FAABE_FULL,9,0.40227556228637695
Maxwell,1,FAABE_FULL,10,0.40227556228637695
Maxwell,1,FAABE_FULL,11,0.40227556228637695
Maxwell,1,FAABE_FULL,12,0.40227556228637695
Maxwell,1,FAABE_FULL,13,0.40227556228637695
Maxwell,1,FAABE_FULL,14,0.40227556228637695
Maxwell,1,FAABE_FULL,15,0.40227556228637695
Maxwell,1,FAABE_FULL,16,0.40227556228637695
Maxwell,1,FAABE_FULL,17,0.40227556228637695
Maxwell,1,FAABE_FULL,18,0.40227556228637695
Maxwell,1,FAABE_FULL,19,0.40227556228637695
Maxwell,1,FAABE_FULL,20,0.40227556228637695
Maxwell,1,FAABE_FULL,21,0.40227556228637695
Maxwell,1,FAABE_FULL,22,0.40227556228637695
Maxwell,1,FAABE_FULL,23,0.40227556228637695
Maxwell,1,FAABE_FULL,24,0.40227556228637695
Maxwell,1,FAABE_FULL,25,0.40227556228637695
Maxwell,1,FAABE_FULL,26,0.40227556228637695
Maxwell,1,FAABE_FULL,27,0.40227556228637695
Maxwell,1,FAABE_FULL,28,0.40227556228637695
Maxwell,1,FAABE_FULL,29,0.40227556228637695
Maxwell,1,FAABE_FULL,30,0.40227556228637695
Maxwell,1,FAABE_FULL,31,0.40227556228637695
Maxwell,1,FAABE_FULL,32,0.40227556228637695
Maxwell,1,FAABE_FULL,33,0.40227556228637695
Maxwell,1,FAABE_FULL,34,0.40227556228637695
Maxwell,1,FAABE_FULL,35,0.40227556228637695
Maxwell,1,FAABE_FULL,36,0.40227556228637695
Maxwell,1,FAABE_FULL,37,0.40227556228637695
Maxwell,1,FAABE_FULL,38,0.40227556228637695
Maxwell,1,FAABE_FULL,39,0.40141746401786804
Maxwell,1,FAABE_FULL,40,0.40141746401786804
Maxwell,1,FAABE_FULL,41,0.40141746401786804
Maxwell,1,FAABE_FULL,42,0.40141746401786804
Maxwell,1,FAABE_FULL,43,0.40141746401786804
Maxwell,1,FAABE_FULL,44,0.40141746401786804
Maxwell,1,FAABE_FULL,45,0.4002065360546112
Maxwell,1,FAABE_FULL,46,0.4002065360546112
Maxwell,1,FAABE_FULL,47,0.4002065360546112
Maxwell,1,FAABE_FULL,48,0.4002065360546112
Maxwell,1,FAABE_FULL,49,0.4002065360546112
Maxwell,1,FAABE_FULL,50,0.4002065360546112
Maxwell,1,FAABE_FULL,51,0.4002065360546112
Maxwell,1,FAABE_FULL,52,0.4002065360546112
Maxwell,1,FAABE_FULL,53,0.4002065360546112
Maxwell,1,FAABE_FULL,54,0.4002065360546112
Maxwell,1,FAABE_FULL,55,0.4002065360546112
Maxwell,1,FAABE_FULL,56,0.4002065360546112
Maxwell,1,FAABE_FULL,57,0.4002065360546112
Maxwell,1,FAABE_FULL,58,0.4002065360546112
Maxwell,1,FAABE_FULL,59,0.4002065360546112
Maxwell,1,FAABE_FULL,60,0.4002065360546112
Maxwell,1,FAABE_FULL,61,0.4002065360546112
Maxwell,1,FAABE_FULL,62,0.4002065360546112
Maxwell,1,FAABE_FULL,63,0.39759278297424316
Maxwell,1,FAABE_FULL,64,0.39759278297424316
Maxwell,1,FAABE_FULL,65,0.39759278297424316
Maxwell,1,FAABE_FULL,66,0.39759278297424316
Maxwell,1,FAABE_FULL,67,0.39759278297424316
Maxwell,1,FAABE_FULL,68,0.39759278297424316
Maxwell,1,FAABE_FULL,69,0.3947884440422058
Maxwell,1,FAABE_FULL,70,0.3947884440422058
Maxwell,1,FAABE_FULL,71,0.3947884440422058
Maxwell,1,FAABE_FULL,72,0.3947884440422058
Maxwell,1,FAABE_FULL,73,0.3947884440422058
Maxwell,1,FAABE_FULL,74,0.3947884440422058
Maxwell,1,FAABE_FULL,75,0.3947884440422058
Maxwell,1,FAABE_FULL,76,0.3947884440422058
Maxwell,1,FAABE_FULL,77,0.3947884440422058
Maxwell,1,FAABE_FULL,78,0.3947884440422058
Maxwell,1,FAABE_FULL,79,0.3947884440422058
Maxwell,1,FAABE_FULL,80,0.3947884440422058
Maxwell,1,FAABE_FULL,81,0.3947884440422058
Maxwell,1,FAABE_FULL,82,0.3947884440422058
Maxwell,1,FAABE_FULL,83,0.3947884440422058
Maxwell,1,FAABE_FULL,84,0.3947884440422058
Maxwell,1,FAABE_FULL,85,0.3947884440422058
Maxwell,1,FAABE_FULL,86,0.3947884440422058
Maxwell,1,FAABE_FULL,87,0.3947884440422058
Maxwell,1,FAABE_FULL,88,0.3947884440422058
Maxwell,1,FAABE_FULL,89,0.3947884440422058
Maxwell,1,FAABE_FULL,90,0.3947884440422058
Maxwell,1,FAABE_FULL,91,0.3947884440422058
Maxwell,1,FAABE_FULL,92,0.3947884440422058
Maxwell,1,FAABE_FULL,93,0.3947884440422058
Maxwell,1,FAABE_FULL,94,0.3947884440422058
Maxwell,1,FAABE_FULL,95,0.3947884440422058
Maxwell,1,FAABE_FULL,96,0.3947884440422058
Maxwell,1,FAABE_FULL,97,0.3947884440422058
Maxwell,1,FAABE_FULL,98,0.3947884440422058
Maxwell,1,FAABE_FULL,99,0.3947884440422058
Maxwell,1,FAABE_FULL,100,0.3947884440422058
Maxwell,2,FAABE_NO_PEARSON,0,0.6796678900718689
Maxwell,2,FAABE_NO_PEARSON,1,0.6796678900718689
Maxwell,2,FAABE_NO_PEARSON,2,0.5746643543243408
Maxwell,2,FAABE_NO_PEARSON,3,0.5649454593658447
Maxwell,2,FAABE_NO_PEARSON,4,0.5649454593658447
Maxwell,2,FAABE_NO_PEARSON,5,0.5400850772857666
Maxwell,2,FAABE_NO_PEARSON,6,0.5400850772857666
Maxwell,2,FAABE_NO_PEARSON,7,0.5400850772857666
Maxwell,2,FAABE_NO_PEARSON,8,0.5400850772857666
Maxwell,2,FAABE_NO_PEARSON,9,0.5400850772857666
Maxwell,2,FAABE_NO_PEARSON,10,0.5400850772857666
Maxwell,2,FAABE_NO_PEARSON,11,0.5400850772857666
Maxwell,2,FAABE_NO_PEARSON,12,0.5400850772857666
Maxwell,2,FAABE_NO_PEARSON,13,0.5302345752716064
Maxwell,2,FAABE_NO_PEARSON,14,0.51596999168396
Maxwell,2,FAABE_NO_PEARSON,15,0.51596999168396
Maxwell,2,FAABE_NO_PEARSON,16,0.51596999168396
Maxwell,2,FAABE_NO_PEARSON,17,0.51596999168396
Maxwell,2,FAABE_NO_PEARSON,18,0.51596999168396
Maxwell,2,FAABE_NO_PEARSON,19,0.51596999168396
Maxwell,2,FAABE_NO_PEARSON,20,0.49601027369499207
Maxwell,2,FAABE_NO_PEARSON,21,0.49601027369499207
Maxwell,2,FAABE_NO_PEARSON,22,0.49601027369499207
Maxwell,2,FAABE_NO_PEARSON,23,0.47688132524490356
Maxwell,2,FAABE_NO_PEARSON,24,0.47688132524490356
Maxwell,2,FAABE_NO_PEARSON,25,0.47688132524490356
Maxwell,2,FAABE_NO_PEARSON,26,0.47688132524490356
Maxwell,2,FAABE_NO_PEARSON,27,0.47688132524490356
Maxwell,2,FAABE_NO_PEARSON,28,0.47688132524490356
Maxwell,2,FAABE_NO_PEARSON,29,0.47688132524490356
Maxwell,2,FAABE_NO_PEARSON,30,0.47688132524490356
Maxwell,2,FAABE_NO_PEARSON,31,0.47688132524490356
Maxwell,2,FAABE_NO_PEARSON,32,0.4339396357536316
Maxwell,2,FAABE_NO_PEARSON,33,0.4339396357536316
Maxwell,2,FAABE_NO_PEARSON,34,0.4339396357536316
Maxwell,2,FAABE_NO_PEARSON,35,0.4339396357536316
Maxwell,2,FAABE_NO_PEARSON,36,0.4339396357536316
Maxwell,2,FAABE_NO_PEARSON,37,0.4339396357536316
Maxwell,2,FAABE_NO_PEARSON,38,0.4339396357536316
Maxwell,2,FAABE_NO_PEARSON,39,0.4339396357536316
Maxwell,2,FAABE_NO_PEARSON,40,0.4339396357536316
Maxwell,2,FAABE_NO_PEARSON,41,0.4339396357536316
Maxwell,2,FAABE_NO_PEARSON,42,0.4339396357536316
Maxwell,2,FAABE_NO_PEARSON,43,0.4339396357536316
Maxwell,2,FAABE_NO_PEARSON,44,0.4339396357536316
Maxwell,2,FAABE_NO_PEARSON,45,0.4339396357536316
Maxwell,2,FAABE_NO_PEARSON,46,0.4339396357536316
Maxwell,2,FAABE_NO_PEARSON,47,0.4339396357536316
Maxwell,2,FAABE_NO_PEARSON,48,0.4339396357536316
Maxwell,2,FAABE_NO_PEARSON,49,0.4339396357536316
Maxwell,2,FAABE_NO_PEARSON,50,0.4339396357536316
Maxwell,2,FAABE_NO_PEARSON,51,0.4339396357536316
Maxwell,2,FAABE_NO_PEARSON,52,0.4339396357536316
Maxwell,2,FAABE_NO_PEARSON,53,0.4339396357536316
Maxwell,2,FAABE_NO_PEARSON,54,0.4339396357536316
Maxwell,2,FAABE_NO_PEARSON,55,0.4339396357536316
Maxwell,2,FAABE_NO_PEARSON,56,0.4339396357536316
Maxwell,2,FAABE_NO_PEARSON,57,0.4339396357536316
Maxwell,2,FAABE_NO_PEARSON,58,0.4339396357536316
Maxwell,2,FAABE_NO_PEARSON,59,0.4339396357536316
Maxwell,2,FAABE_NO_PEARSON,60,0.4339396357536316
Maxwell,2,FAABE_NO_PEARSON,61,0.42521682381629944
Maxwell,2,FAABE_NO_PEARSON,62,0.42521682381629944
Maxwell,2,FAABE_NO_PEARSON,63,0.42521682381629944
Maxwell,2,FAABE_NO_PEARSON,64,0.42521682381629944
Maxwell,2,FAABE_NO_PEARSON,65,0.42521682381629944
Maxwell,2,FAABE_NO_PEARSON,66,0.42521682381629944
Maxwell,2,FAABE_NO_PEARSON,67,0.42521682381629944
Maxwell,2,FAABE_NO_PEARSON,68,0.42521682381629944
Maxwell,2,FAABE_NO_PEARSON,69,0.42521682381629944
Maxwell,2,FAABE_NO_PEARSON,70,0.42521682381629944
Maxwell,2,FAABE_NO_PEARSON,71,0.42521682381629944
Maxwell,2,FAABE_NO_PEARSON,72,0.42521682381629944
Maxwell,2,FAABE_NO_PEARSON,73,0.42521682381629944
Maxwell,2,FAABE_NO_PEARSON,74,0.42521682381629944
Maxwell,2,FAABE_NO_PEARSON,75,0.42521682381629944
Maxwell,2,FAABE_NO_PEARSON,76,0.42521682381629944
Maxwell,2,FAABE_NO_PEARSON,77,0.42521682381629944
Maxwell,2,FAABE_NO_PEARSON,78,0.42521682381629944
Maxwell,2,FAABE_NO_PEARSON,79,0.42521682381629944
Maxwell,2,FAABE_NO_PEARSON,80,0.42521682381629944
Maxwell,2,FAABE_NO_PEARSON,81,0.42521682381629944
Maxwell,2,FAABE_NO_PEARSON,82,0.42521682381629944
Maxwell,2,FAABE_NO_PEARSON,83,0.42521682381629944
Maxwell,2,FAABE_NO_PEARSON,84,0.42521682381629944
Maxwell,2,FAABE_NO_PEARSON,85,0.42521682381629944
Maxwell,2,FAABE_NO_PEARSON,86,0.42521682381629944
Maxwell,2,FAABE_NO_PEARSON,87,0.42521682381629944
Maxwell,2,FAABE_NO_PEARSON,88,0.42521682381629944
Maxwell,2,FAABE_NO_PEARSON,89,0.42521682381629944
Maxwell,2,FAABE_NO_PEARSON,90,0.42521682381629944
Maxwell,2,FAABE_NO_PEARSON,91,0.42521682381629944
Maxwell,2,FAABE_NO_PEARSON,92,0.42521682381629944
Maxwell,2,FAABE_NO_PEARSON,93,0.42521682381629944
Maxwell,2,FAABE_NO_PEARSON,94,0.42521682381629944
Maxwell,2,FAABE_NO_PEARSON,95,0.42521682381629944
Maxwell,2,FAABE_NO_PEARSON,96,0.42521682381629944
Maxwell,2,FAABE_NO_PEARSON,97,0.42521682381629944
Maxwell,2,FAABE_NO_PEARSON,98,0.42521682381629944
Maxwell,2,FAABE_NO_PEARSON,99,0.42521682381629944
Maxwell,2,FAABE_NO_PEARSON,100,0.42521682381629944
Maxwell,2,FAABE_NO_IWM,0,0.5786281228065491
Maxwell,2,FAABE_NO_IWM,1,0.520081102848053
Maxwell,2,FAABE_NO_IWM,2,0.42198964953422546
Maxwell,2,FAABE_NO_IWM,3,0.3869723677635193
Maxwell,2,FAABE_NO_IWM,4,0.3869723677635193
Maxwell,2,FAABE_NO_IWM,5,0.3869723677635193
Maxwell,2,FAABE_NO_IWM,6,0.3869723677635193
Maxwell,2,FAABE_NO_IWM,7,0.3869723677635193
Maxwell,2,FAABE_NO_IWM,8,0.3869723677635193
Maxwell,2,FAABE_NO_IWM,9,0.3869723677635193
Maxwell,2,FAABE_NO_IWM,10,0.3869723677635193
Maxwell,2,FAABE_NO_IWM,11,0.3869723677635193
Maxwell,2,FAABE_NO_IWM,12,0.3869723677635193
Maxwell,2,FAABE_NO_IWM,13,0.3869723677635193
Maxwell,2,FAABE_NO_IWM,14,0.3869723677635193
Maxwell,2,FAABE_NO_IWM,15,0.3869723677635193
Maxwell,2,FAABE_NO_IWM,16,0.3869723677635193
Maxwell,2,FAABE_NO_IWM,17,0.3869723677635193
Maxwell,2,FAABE_NO_IWM,18,0.3869723677635193
Maxwell,2,FAABE_NO_IWM,19,0.37875890731811523
Maxwell,2,FAABE_NO_IWM,20,0.37875890731811523
Maxwell,2,FAABE_NO_IWM,21,0.37875890731811523
Maxwell,2,FAABE_NO_IWM,22,0.37875890731811523
Maxwell,2,FAABE_NO_IWM,23,0.37875890731811523
Maxwell,2,FAABE_NO_IWM,24,0.37875890731811523
Maxwell,2,FAABE_NO_IWM,25,0.37875890731811523
Maxwell,2,FAABE_NO_IWM,26,0.37331074476242065
Maxwell,2,FAABE_NO_IWM,27,0.37067118287086487
Maxwell,2,FAABE_NO_IWM,28,0.37067118287086487
Maxwell,2,FAABE_NO_IWM,29,0.36473414301872253
Maxwell,2,FAABE_NO_IWM,30,0.36473414301872253
Maxwell,2,FAABE_NO_IWM,31,0.36004674434661865
Maxwell,2,FAABE_NO_IWM,32,0.36004674434661865
Maxwell,2,FAABE_NO_IWM,33,0.36004674434661865
Maxwell,2,FAABE_NO_IWM,34,0.36004674434661865
Maxwell,2,FAABE_NO_IWM,35,0.36004674434661865
Maxwell,2,FAABE_NO_IWM,36,0.36004674434661865
Maxwell,2,FAABE_NO_IWM,37,0.36004674434661865
Maxwell,2,FAABE_NO_IWM,38,0.36004674434661865
Maxwell,2,FAABE_NO_IWM,39,0.36004674434661865
Maxwell,2,FAABE_NO_IWM,40,0.36004674434661865
Maxwell,2,FAABE_NO_IWM,41,0.36004674434661865
Maxwell,2,FAABE_NO_IWM,42,0.36004674434661865
Maxwell,2,FAABE_NO_IWM,43,0.36004674434661865
Maxwell,2,FAABE_NO_IWM,44,0.36004674434661865
Maxwell,2,FAABE_NO_IWM,45,0.36004674434661865
Maxwell,2,FAABE_NO_IWM,46,0.36004674434661865
Maxwell,2,FAABE_NO_IWM,47,0.36004674434661865
Maxwell,2,FAABE_NO_IWM,48,0.36004674434661865
Maxwell,2,FAABE_NO_IWM,49,0.36004674434661865
Maxwell,2,FAABE_NO_IWM,50,0.36004674434661865
Maxwell,2,FAABE_NO_IWM,51,0.36004674434661865
Maxwell,2,FAABE_NO_IWM,52,0.36004674434661865
Maxwell,2,FAABE_NO_IWM,53,0.36004674434661865
Maxwell,2,FAABE_NO_IWM,54,0.36004674434661865
Maxwell,2,FAABE_NO_IWM,55,0.36004674434661865
Maxwell,2,FAABE_NO_IWM,56,0.36004674434661865
Maxwell,2,FAABE_NO_IWM,57,0.36004674434661865
Maxwell,2,FAABE_NO_IWM,58,0.36004674434661865
Maxwell,2,FAABE_NO_IWM,59,0.36004674434661865
Maxwell,2,FAABE_NO_IWM,60,0.36004674434661865
Maxwell,2,FAABE_NO_IWM,61,0.36004674434661865
Maxwell,2,FAABE_NO_IWM,62,0.36004674434661865
Maxwell,2,FAABE_NO_IWM,63,0.36004674434661865
Maxwell,2,FAABE_NO_IWM,64,0.36004674434661865
Maxwell,2,FAABE_NO_IWM,65,0.36004674434661865
Maxwell,2,FAABE_NO_IWM,66,0.36004674434661865
Maxwell,2,FAABE_NO_IWM,67,0.36004674434661865
Maxwell,2,FAABE_NO_IWM,68,0.36004674434661865
Maxwell,2,FAABE_NO_IWM,69,0.36004674434661865
Maxwell,2,FAABE_NO_IWM,70,0.36004674434661865
Maxwell,2,FAABE_NO_IWM,71,0.36004674434661865
Maxwell,2,FAABE_NO_IWM,72,0.36004674434661865
Maxwell,2,FAABE_NO_IWM,73,0.36004674434661865
Maxwell,2,FAABE_NO_IWM,74,0.36004674434661865
Maxwell,2,FAABE_NO_IWM,75,0.36004674434661865
Maxwell,2,FAABE_NO_IWM,76,0.36004674434661865
Maxwell,2,FAABE_NO_IWM,77,0.36004674434661865
Maxwell,2,FAABE_NO_IWM,78,0.36004674434661865
Maxwell,2,FAABE_NO_IWM,79,0.36004674434661865
Maxwell,2,FAABE_NO_IWM,80,0.36004674434661865
Maxwell,2,FAABE_NO_IWM,81,0.36004674434661865
Maxwell,2,FAABE_NO_IWM,82,0.36004674434661865
Maxwell,2,FAABE_NO_IWM,83,0.36004674434661865
Maxwell,2,FAABE_NO_IWM,84,0.36004674434661865
Maxwell,2,FAABE_NO_IWM,85,0.36004674434661865
Maxwell,2,FAABE_NO_IWM,86,0.36004674434661865
Maxwell,2,FAABE_NO_IWM,87,0.36004674434661865
Maxwell,2,FAABE_NO_IWM,88,0.36004674434661865
Maxwell,2,FAABE_NO_IWM,89,0.36004674434661865
Maxwell,2,FAABE_NO_IWM,90,0.36004674434661865
Maxwell,2,FAABE_NO_IWM,91,0.35723286867141724
Maxwell,2,FAABE_NO_IWM,92,0.35723286867141724
Maxwell,2,FAABE_NO_IWM,93,0.35723286867141724
Maxwell,2,FAABE_NO_IWM,94,0.35723286867141724
Maxwell,2,FAABE_NO_IWM,95,0.35723286867141724
Maxwell,2,FAABE_NO_IWM,96,0.35723286867141724
Maxwell,2,FAABE_NO_IWM,97,0.35723286867141724
Maxwell,2,FAABE_NO_IWM,98,0.35723286867141724
Maxwell,2,FAABE_NO_IWM,99,0.35723286867141724
Maxwell,2,FAABE_NO_IWM,100,0.35723286867141724
Maxwell,2,FAABE_FULL,0,0.5172055959701538
Maxwell,2,FAABE_FULL,1,0.5172055959701538
Maxwell,2,FAABE_FULL,2,0.4154095947742462
Maxwell,2,FAABE_FULL,3,0.4088076949119568
Maxwell,2,FAABE_FULL,4,0.4088076949119568
Maxwell,2,FAABE_FULL,5,0.4088076949119568
Maxwell,2,FAABE_FULL,6,0.4088076949119568
Maxwell,2,FAABE_FULL,7,0.4088076949119568
Maxwell,2,FAABE_FULL,8,0.4088076949119568
Maxwell,2,FAABE_FULL,9,0.4088076949119568
Maxwell,2,FAABE_FULL,10,0.4088076949119568
Maxwell,2,FAABE_FULL,11,0.4088076949119568
Maxwell,2,FAABE_FULL,12,0.4088076949119568
Maxwell,2,FAABE_FULL,13,0.4088076949119568
Maxwell,2,FAABE_FULL,14,0.4088076949119568
Maxwell,2,FAABE_FULL,15,0.4088076949119568
Maxwell,2,FAABE_FULL,16,0.4088076949119568
Maxwell,2,FAABE_FULL,17,0.40279293060302734
Maxwell,2,FAABE_FULL,18,0.40279293060302734
Maxwell,2,FAABE_FULL,19,0.40279293060302734
Maxwell,2,FAABE_FULL,20,0.40279293060302734
Maxwell,2,FAABE_FULL,21,0.40279293060302734
Maxwell,2,FAABE_FULL,22,0.40279293060302734
Maxwell,2,FAABE_FULL,23,0.40279293060302734
Maxwell,2,FAABE_FULL,24,0.40279293060302734
Maxwell,2,FAABE_FULL,25,0.40279293060302734
Maxwell,2,FAABE_FULL,26,0.3685353696346283
Maxwell,2,FAABE_FULL,27,0.3685353696346283
Maxwell,2,FAABE_FULL,28,0.3685353696346283
Maxwell,2,FAABE_FULL,29,0.3685353696346283
Maxwell,2,FAABE_FULL,30,0.3685353696346283
Maxwell,2,FAABE_FULL,31,0.3685353696346283
Maxwell,2,FAABE_FULL,32,0.3685353696346283
Maxwell,2,FAABE_FULL,33,0.3685353696346283
Maxwell,2,FAABE_FULL,34,0.3685353696346283
Maxwell,2,FAABE_FULL,35,0.3685353696346283
Maxwell,2,FAABE_FULL,36,0.3685353696346283
Maxwell,2,FAABE_FULL,37,0.3685353696346283
Maxwell,2,FAABE_FULL,38,0.3685353696346283
Maxwell,2,FAABE_FULL,39,0.3685353696346283
Maxwell,2,FAABE_FULL,40,0.3685353696346283
Maxwell,2,FAABE_FULL,41,0.3685353696346283
Maxwell,2,FAABE_FULL,42,0.3685353696346283
Maxwell,2,FAABE_FULL,43,0.3685353696346283
Maxwell,2,FAABE_FULL,44,0.3685353696346283
Maxwell,2,FAABE_FULL,45,0.3685353696346283
Maxwell,2,FAABE_FULL,46,0.3685353696346283
Maxwell,2,FAABE_FULL,47,0.34734851121902466
Maxwell,2,FAABE_FULL,48,0.34734851121902466
Maxwell,2,FAABE_FULL,49,0.34734851121902466
Maxwell,2,FAABE_FULL,50,0.34734851121902466
Maxwell,2,FAABE_FULL,51,0.34734851121902466
Maxwell,2,FAABE_FULL,52,0.34734851121902466
Maxwell,2,FAABE_FULL,53,0.34734851121902466
Maxwell,2,FAABE_FULL,54,0.34734851121902466
Maxwell,2,FAABE_FULL,55,0.34734851121902466
Maxwell,2,FAABE_FULL,56,0.34734851121902466
Maxwell,2,FAABE_FULL,57,0.34734851121902466
Maxwell,2,FAABE_FULL,58,0.34734851121902466
Maxwell,2,FAABE_FULL,59,0.34734851121902466
Maxwell,2,FAABE_FULL,60,0.34734851121902466
Maxwell,2,FAABE_FULL,61,0.34734851121902466
Maxwell,2,FAABE_FULL,62,0.34734851121902466
Maxwell,2,FAABE_FULL,63,0.34734851121902466
Maxwell,2,FAABE_FULL,64,0.34734851121902466
Maxwell,2,FAABE_FULL,65,0.34734851121902466
Maxwell,2,FAABE_FULL,66,0.34734851121902466
Maxwell,2,FAABE_FULL,67,0.34734851121902466
Maxwell,2,FAABE_FULL,68,0.34734851121902466
Maxwell,2,FAABE_FULL,69,0.34734851121902466
Maxwell,2,FAABE_FULL,70,0.34734851121902466
Maxwell,2,FAABE_FULL,71,0.34734851121902466
Maxwell,2,FAABE_FULL,72,0.34734851121902466
Maxwell,2,FAABE_FULL,73,0.34734851121902466
Maxwell,2,FAABE_FULL,74,0.34734851121902466
Maxwell,2,FAABE_FULL,75,0.34734851121902466
Maxwell,2,FAABE_FULL,76,0.34734851121902466
Maxwell,2,FAABE_FULL,77,0.34734851121902466
Maxwell,2,FAABE_FULL,78,0.34734851121902466
Maxwell,2,FAABE_FULL,79,0.34734851121902466
Maxwell,2,FAABE_FULL,80,0.34734851121902466
Maxwell,2,FAABE_FULL,81,0.34734851121902466
Maxwell,2,FAABE_FULL,82,0.34734851121902466
Maxwell,2,FAABE_FULL,83,0.34734851121902466
Maxwell,2,FAABE_FULL,84,0.34734851121902466
Maxwell,2,FAABE_FULL,85,0.34734851121902466
Maxwell,2,FAABE_FULL,86,0.34734851121902466
Maxwell,2,FAABE_FULL,87,0.34734851121902466
Maxwell,2,FAABE_FULL,88,0.34734851121902466
Maxwell,2,FAABE_FULL,89,0.34734851121902466
Maxwell,2,FAABE_FULL,90,0.34734851121902466
Maxwell,2,FAABE_FULL,91,0.34734851121902466
Maxwell,2,FAABE_FULL,92,0.34734851121902466
Maxwell,2,FAABE_FULL,93,0.34734851121902466
Maxwell,2,FAABE_FULL,94,0.34734851121902466
Maxwell,2,FAABE_FULL,95,0.34734851121902466
Maxwell,2,FAABE_FULL,96,0.34734851121902466
Maxwell,2,FAABE_FULL,97,0.34734851121902466
Maxwell,2,FAABE_FULL,98,0.34734851121902466
Maxwell,2,FAABE_FULL,99,0.34734851121902466
Maxwell,2,FAABE_FULL,100,0.34734851121902466
Maxwell,3,FAABE_NO_PEARSON,0,0.7489238977432251
Maxwell,3,FAABE_NO_PEARSON,1,0.5386543273925781
Maxwell,3,FAABE_NO_PEARSON,2,0.5386543273925781
Maxwell,3,FAABE_NO_PEARSON,3,0.5386543273925781
Maxwell,3,FAABE_NO_PEARSON,4,0.5386543273925781
Maxwell,3,FAABE_NO_PEARSON,5,0.5386543273925781
Maxwell,3,FAABE_NO_PEARSON,6,0.5386543273925781
Maxwell,3,FAABE_NO_PEARSON,7,0.5386543273925781
Maxwell,3,FAABE_NO_PEARSON,8,0.5386543273925781
Maxwell,3,FAABE_NO_PEARSON,9,0.5386543273925781
Maxwell,3,FAABE_NO_PEARSON,10,0.5386543273925781
Maxwell,3,FAABE_NO_PEARSON,11,0.5386543273925781
Maxwell,3,FAABE_NO_PEARSON,12,0.5386543273925781
Maxwell,3,FAABE_NO_PEARSON,13,0.5261849761009216
Maxwell,3,FAABE_NO_PEARSON,14,0.5261849761009216
Maxwell,3,FAABE_NO_PEARSON,15,0.5234678983688354
Maxwell,3,FAABE_NO_PEARSON,16,0.5234678983688354
Maxwell,3,FAABE_NO_PEARSON,17,0.5234678983688354
Maxwell,3,FAABE_NO_PEARSON,18,0.5234678983688354
Maxwell,3,FAABE_NO_PEARSON,19,0.5234678983688354
Maxwell,3,FAABE_NO_PEARSON,20,0.5234678983688354
Maxwell,3,FAABE_NO_PEARSON,21,0.5234678983688354
Maxwell,3,FAABE_NO_PEARSON,22,0.5234678983688354
Maxwell,3,FAABE_NO_PEARSON,23,0.5234678983688354
Maxwell,3,FAABE_NO_PEARSON,24,0.5234678983688354
Maxwell,3,FAABE_NO_PEARSON,25,0.5234678983688354
Maxwell,3,FAABE_NO_PEARSON,26,0.5234678983688354
Maxwell,3,FAABE_NO_PEARSON,27,0.5234678983688354
Maxwell,3,FAABE_NO_PEARSON,28,0.5234678983688354
Maxwell,3,FAABE_NO_PEARSON,29,0.49167126417160034
Maxwell,3,FAABE_NO_PEARSON,30,0.49167126417160034
Maxwell,3,FAABE_NO_PEARSON,31,0.49167126417160034
Maxwell,3,FAABE_NO_PEARSON,32,0.49167126417160034
Maxwell,3,FAABE_NO_PEARSON,33,0.49167126417160034
Maxwell,3,FAABE_NO_PEARSON,34,0.49167126417160034
Maxwell,3,FAABE_NO_PEARSON,35,0.49167126417160034
Maxwell,3,FAABE_NO_PEARSON,36,0.49167126417160034
Maxwell,3,FAABE_NO_PEARSON,37,0.49167126417160034
Maxwell,3,FAABE_NO_PEARSON,38,0.49167126417160034
Maxwell,3,FAABE_NO_PEARSON,39,0.49167126417160034
Maxwell,3,FAABE_NO_PEARSON,40,0.49167126417160034
Maxwell,3,FAABE_NO_PEARSON,41,0.49167126417160034
Maxwell,3,FAABE_NO_PEARSON,42,0.49167126417160034
Maxwell,3,FAABE_NO_PEARSON,43,0.49167126417160034
Maxwell,3,FAABE_NO_PEARSON,44,0.49167126417160034
Maxwell,3,FAABE_NO_PEARSON,45,0.49167126417160034
Maxwell,3,FAABE_NO_PEARSON,46,0.49167126417160034
Maxwell,3,FAABE_NO_PEARSON,47,0.49167126417160034
Maxwell,3,FAABE_NO_PEARSON,48,0.49167126417160034
Maxwell,3,FAABE_NO_PEARSON,49,0.49167126417160034
Maxwell,3,FAABE_NO_PEARSON,50,0.49167126417160034
Maxwell,3,FAABE_NO_PEARSON,51,0.49167126417160034
Maxwell,3,FAABE_NO_PEARSON,52,0.49167126417160034
Maxwell,3,FAABE_NO_PEARSON,53,0.49167126417160034
Maxwell,3,FAABE_NO_PEARSON,54,0.49167126417160034
Maxwell,3,FAABE_NO_PEARSON,55,0.49167126417160034
Maxwell,3,FAABE_NO_PEARSON,56,0.49167126417160034
Maxwell,3,FAABE_NO_PEARSON,57,0.49167126417160034
Maxwell,3,FAABE_NO_PEARSON,58,0.49167126417160034
Maxwell,3,FAABE_NO_PEARSON,59,0.49167126417160034
Maxwell,3,FAABE_NO_PEARSON,60,0.49167126417160034
Maxwell,3,FAABE_NO_PEARSON,61,0.49167126417160034
Maxwell,3,FAABE_NO_PEARSON,62,0.49167126417160034
Maxwell,3,FAABE_NO_PEARSON,63,0.49167126417160034
Maxwell,3,FAABE_NO_PEARSON,64,0.49167126417160034
Maxwell,3,FAABE_NO_PEARSON,65,0.49167126417160034
Maxwell,3,FAABE_NO_PEARSON,66,0.49167126417160034
Maxwell,3,FAABE_NO_PEARSON,67,0.49167126417160034
Maxwell,3,FAABE_NO_PEARSON,68,0.49167126417160034
Maxwell,3,FAABE_NO_PEARSON,69,0.49167126417160034
Maxwell,3,FAABE_NO_PEARSON,70,0.49167126417160034
Maxwell,3,FAABE_NO_PEARSON,71,0.49167126417160034
Maxwell,3,FAABE_NO_PEARSON,72,0.49167126417160034
Maxwell,3,FAABE_NO_PEARSON,73,0.49167126417160034
Maxwell,3,FAABE_NO_PEARSON,74,0.49167126417160034
Maxwell,3,FAABE_NO_PEARSON,75,0.49167126417160034
Maxwell,3,FAABE_NO_PEARSON,76,0.49167126417160034
Maxwell,3,FAABE_NO_PEARSON,77,0.49167126417160034
Maxwell,3,FAABE_NO_PEARSON,78,0.4864751398563385
Maxwell,3,FAABE_NO_PEARSON,79,0.4864751398563385
Maxwell,3,FAABE_NO_PEARSON,80,0.4864751398563385
Maxwell,3,FAABE_NO_PEARSON,81,0.4864751398563385
Maxwell,3,FAABE_NO_PEARSON,82,0.4766446650028229
Maxwell,3,FAABE_NO_PEARSON,83,0.4766446650028229
Maxwell,3,FAABE_NO_PEARSON,84,0.4766446650028229
Maxwell,3,FAABE_NO_PEARSON,85,0.4766446650028229
Maxwell,3,FAABE_NO_PEARSON,86,0.4766446650028229
Maxwell,3,FAABE_NO_PEARSON,87,0.4766446650028229
Maxwell,3,FAABE_NO_PEARSON,88,0.4766446650028229
Maxwell,3,FAABE_NO_PEARSON,89,0.4766446650028229
Maxwell,3,FAABE_NO_PEARSON,90,0.4766446650028229
Maxwell,3,FAABE_NO_PEARSON,91,0.4554782509803772
Maxwell,3,FAABE_NO_PEARSON,92,0.4554782509803772
Maxwell,3,FAABE_NO_PEARSON,93,0.4554782509803772
Maxwell,3,FAABE_NO_PEARSON,94,0.4554782509803772
Maxwell,3,FAABE_NO_PEARSON,95,0.4554782509803772
Maxwell,3,FAABE_NO_PEARSON,96,0.4554782509803772
Maxwell,3,FAABE_NO_PEARSON,97,0.4554782509803772
Maxwell,3,FAABE_NO_PEARSON,98,0.4554782509803772
Maxwell,3,FAABE_NO_PEARSON,99,0.4554782509803772
Maxwell,3,FAABE_NO_PEARSON,100,0.4554782509803772
Maxwell,3,FAABE_NO_IWM,0,0.5985331535339355
Maxwell,3,FAABE_NO_IWM,1,0.5700872540473938
Maxwell,3,FAABE_NO_IWM,2,0.48991236090660095
Maxwell,3,FAABE_NO_IWM,3,0.48991236090660095
Maxwell,3,FAABE_NO_IWM,4,0.48991236090660095
Maxwell,3,FAABE_NO_IWM,5,0.48991236090660095
Maxwell,3,FAABE_NO_IWM,6,0.48991236090660095
Maxwell,3,FAABE_NO_IWM,7,0.48991236090660095
Maxwell,3,FAABE_NO_IWM,8,0.48991236090660095
Maxwell,3,FAABE_NO_IWM,9,0.48991236090660095
Maxwell,3,FAABE_NO_IWM,10,0.4837682843208313
Maxwell,3,FAABE_NO_IWM,11,0.4837682843208313
Maxwell,3,FAABE_NO_IWM,12,0.4689794182777405
Maxwell,3,FAABE_NO_IWM,13,0.43944844603538513
Maxwell,3,FAABE_NO_IWM,14,0.43944844603538513
Maxwell,3,FAABE_NO_IWM,15,0.43944844603538513
Maxwell,3,FAABE_NO_IWM,16,0.4209839403629303
Maxwell,3,FAABE_NO_IWM,17,0.4209839403629303
Maxwell,3,FAABE_NO_IWM,18,0.41985419392585754
Maxwell,3,FAABE_NO_IWM,19,0.41985419392585754
Maxwell,3,FAABE_NO_IWM,20,0.41985419392585754
Maxwell,3,FAABE_NO_IWM,21,0.41408053040504456
Maxwell,3,FAABE_NO_IWM,22,0.41408053040504456
Maxwell,3,FAABE_NO_IWM,23,0.4136011302471161
Maxwell,3,FAABE_NO_IWM,24,0.4136011302471161
Maxwell,3,FAABE_NO_IWM,25,0.4136011302471161
Maxwell,3,FAABE_NO_IWM,26,0.4136011302471161
Maxwell,3,FAABE_NO_IWM,27,0.4136011302471161
Maxwell,3,FAABE_NO_IWM,28,0.4136011302471161
Maxwell,3,FAABE_NO_IWM,29,0.4136011302471161
Maxwell,3,FAABE_NO_IWM,30,0.4136011302471161
Maxwell,3,FAABE_NO_IWM,31,0.4136011302471161
Maxwell,3,FAABE_NO_IWM,32,0.4136011302471161
Maxwell,3,FAABE_NO_IWM,33,0.4136011302471161
Maxwell,3,FAABE_NO_IWM,34,0.4136011302471161
Maxwell,3,FAABE_NO_IWM,35,0.4136011302471161
Maxwell,3,FAABE_NO_IWM,36,0.4136011302471161
Maxwell,3,FAABE_NO_IWM,37,0.4136011302471161
Maxwell,3,FAABE_NO_IWM,38,0.4136011302471161
Maxwell,3,FAABE_NO_IWM,39,0.4136011302471161
Maxwell,3,FAABE_NO_IWM,40,0.4136011302471161
Maxwell,3,FAABE_NO_IWM,41,0.4136011302471161
Maxwell,3,FAABE_NO_IWM,42,0.4136011302471161
Maxwell,3,FAABE_NO_IWM,43,0.4136011302471161
Maxwell,3,FAABE_NO_IWM,44,0.4130775034427643
Maxwell,3,FAABE_NO_IWM,45,0.4130775034427643
Maxwell,3,FAABE_NO_IWM,46,0.4130775034427643
Maxwell,3,FAABE_NO_IWM,47,0.3982097804546356
Maxwell,3,FAABE_NO_IWM,48,0.3982097804546356
Maxwell,3,FAABE_NO_IWM,49,0.3982097804546356
Maxwell,3,FAABE_NO_IWM,50,0.3982097804546356
Maxwell,3,FAABE_NO_IWM,51,0.3982097804546356
Maxwell,3,FAABE_NO_IWM,52,0.3982097804546356
Maxwell,3,FAABE_NO_IWM,53,0.3982097804546356
Maxwell,3,FAABE_NO_IWM,54,0.3982097804546356
Maxwell,3,FAABE_NO_IWM,55,0.3982097804546356
Maxwell,3,FAABE_NO_IWM,56,0.3982097804546356
Maxwell,3,FAABE_NO_IWM,57,0.3982097804546356
Maxwell,3,FAABE_NO_IWM,58,0.3982097804546356
Maxwell,3,FAABE_NO_IWM,59,0.3982097804546356
Maxwell,3,FAABE_NO_IWM,60,0.3982097804546356
Maxwell,3,FAABE_NO_IWM,61,0.3982097804546356
Maxwell,3,FAABE_NO_IWM,62,0.3982097804546356
Maxwell,3,FAABE_NO_IWM,63,0.3982097804546356
Maxwell,3,FAABE_NO_IWM,64,0.3982097804546356
Maxwell,3,FAABE_NO_IWM,65,0.3982097804546356
Maxwell,3,FAABE_NO_IWM,66,0.37351325154304504
Maxwell,3,FAABE_NO_IWM,67,0.37351325154304504
Maxwell,3,FAABE_NO_IWM,68,0.37351325154304504
Maxwell,3,FAABE_NO_IWM,69,0.37351325154304504
Maxwell,3,FAABE_NO_IWM,70,0.37351325154304504
Maxwell,3,FAABE_NO_IWM,71,0.37351325154304504
Maxwell,3,FAABE_NO_IWM,72,0.37351325154304504
Maxwell,3,FAABE_NO_IWM,73,0.37351325154304504
Maxwell,3,FAABE_NO_IWM,74,0.37351325154304504
Maxwell,3,FAABE_NO_IWM,75,0.37351325154304504
Maxwell,3,FAABE_NO_IWM,76,0.37351325154304504
Maxwell,3,FAABE_NO_IWM,77,0.37351325154304504
Maxwell,3,FAABE_NO_IWM,78,0.37351325154304504
Maxwell,3,FAABE_NO_IWM,79,0.37351325154304504
Maxwell,3,FAABE_NO_IWM,80,0.37351325154304504
Maxwell,3,FAABE_NO_IWM,81,0.37351325154304504
Maxwell,3,FAABE_NO_IWM,82,0.37351325154304504
Maxwell,3,FAABE_NO_IWM,83,0.37351325154304504
Maxwell,3,FAABE_NO_IWM,84,0.37351325154304504
Maxwell,3,FAABE_NO_IWM,85,0.37351325154304504
Maxwell,3,FAABE_NO_IWM,86,0.37351325154304504
Maxwell,3,FAABE_NO_IWM,87,0.37351325154304504
Maxwell,3,FAABE_NO_IWM,88,0.37351325154304504
Maxwell,3,FAABE_NO_IWM,89,0.37351325154304504
Maxwell,3,FAABE_NO_IWM,90,0.37351325154304504
Maxwell,3,FAABE_NO_IWM,91,0.37351325154304504
Maxwell,3,FAABE_NO_IWM,92,0.37351325154304504
Maxwell,3,FAABE_NO_IWM,93,0.37351325154304504
Maxwell,3,FAABE_NO_IWM,94,0.37351325154304504
Maxwell,3,FAABE_NO_IWM,95,0.37351325154304504
Maxwell,3,FAABE_NO_IWM,96,0.37351325154304504
Maxwell,3,FAABE_NO_IWM,97,0.37351325154304504
Maxwell,3,FAABE_NO_IWM,98,0.37351325154304504
Maxwell,3,FAABE_NO_IWM,99,0.37351325154304504
Maxwell,3,FAABE_NO_IWM,100,0.37351325154304504
Maxwell,3,FAABE_FULL,0,0.6088607311248779
Maxwell,3,FAABE_FULL,1,0.5662763714790344
Maxwell,3,FAABE_FULL,2,0.5432807803153992
Maxwell,3,FAABE_FULL,3,0.5256823301315308
Maxwell,3,FAABE_FULL,4,0.48931947350502014
Maxwell,3,FAABE_FULL,5,0.4565363824367523
Maxwell,3,FAABE_FULL,6,0.4064244031906128
Maxwell,3,FAABE_FULL,7,0.4064244031906128
Maxwell,3,FAABE_FULL,8,0.4064244031906128
Maxwell,3,FAABE_FULL,9,0.4064244031906128
Maxwell,3,FAABE_FULL,10,0.4064244031906128
Maxwell,3,FAABE_FULL,11,0.4064244031906128
Maxwell,3,FAABE_FULL,12,0.4064244031906128
Maxwell,3,FAABE_FULL,13,0.4064244031906128
Maxwell,3,FAABE_FULL,14,0.4064244031906128
Maxwell,3,FAABE_FULL,15,0.4064244031906128
Maxwell,3,FAABE_FULL,16,0.4064244031906128
Maxwell,3,FAABE_FULL,17,0.4064244031906128
Maxwell,3,FAABE_FULL,18,0.4064244031906128
Maxwell,3,FAABE_FULL,19,0.4064244031906128
Maxwell,3,FAABE_FULL,20,0.4064244031906128
Maxwell,3,FAABE_FULL,21,0.4064244031906128
Maxwell,3,FAABE_FULL,22,0.4064244031906128
Maxwell,3,FAABE_FULL,23,0.4064244031906128
Maxwell,3,FAABE_FULL,24,0.4064244031906128
Maxwell,3,FAABE_FULL,25,0.4064244031906128
Maxwell,3,FAABE_FULL,26,0.4064244031906128
Maxwell,3,FAABE_FULL,27,0.4064244031906128
Maxwell,3,FAABE_FULL,28,0.4064244031906128
Maxwell,3,FAABE_FULL,29,0.4064244031906128
Maxwell,3,FAABE_FULL,30,0.4064244031906128
Maxwell,3,FAABE_FULL,31,0.4064244031906128
Maxwell,3,FAABE_FULL,32,0.4064244031906128
Maxwell,3,FAABE_FULL,33,0.4064244031906128
Maxwell,3,FAABE_FULL,34,0.4064244031906128
Maxwell,3,FAABE_FULL,35,0.4064244031906128
Maxwell,3,FAABE_FULL,36,0.4064244031906128
Maxwell,3,FAABE_FULL,37,0.4064244031906128
Maxwell,3,FAABE_FULL,38,0.4064244031906128
Maxwell,3,FAABE_FULL,39,0.4064244031906128
Maxwell,3,FAABE_FULL,40,0.4064244031906128
Maxwell,3,FAABE_FULL,41,0.4064244031906128
Maxwell,3,FAABE_FULL,42,0.4064244031906128
Maxwell,3,FAABE_FULL,43,0.4064244031906128
Maxwell,3,FAABE_FULL,44,0.4064244031906128
Maxwell,3,FAABE_FULL,45,0.4064244031906128
Maxwell,3,FAABE_FULL,46,0.4064244031906128
Maxwell,3,FAABE_FULL,47,0.4064244031906128
Maxwell,3,FAABE_FULL,48,0.4064244031906128
Maxwell,3,FAABE_FULL,49,0.4064244031906128
Maxwell,3,FAABE_FULL,50,0.4064244031906128
Maxwell,3,FAABE_FULL,51,0.4064244031906128
Maxwell,3,FAABE_FULL,52,0.4064244031906128
Maxwell,3,FAABE_FULL,53,0.4064244031906128
Maxwell,3,FAABE_FULL,54,0.4064244031906128
Maxwell,3,FAABE_FULL,55,0.4064244031906128
Maxwell,3,FAABE_FULL,56,0.4064244031906128
Maxwell,3,FAABE_FULL,57,0.4064244031906128
Maxwell,3,FAABE_FULL,58,0.4064244031906128
Maxwell,3,FAABE_FULL,59,0.4064244031906128
Maxwell,3,FAABE_FULL,60,0.4064244031906128
Maxwell,3,FAABE_FULL,61,0.4064244031906128
Maxwell,3,FAABE_FULL,62,0.4064244031906128
Maxwell,3,FAABE_FULL,63,0.4064244031906128
Maxwell,3,FAABE_FULL,64,0.4064244031906128
Maxwell,3,FAABE_FULL,65,0.4064244031906128
Maxwell,3,FAABE_FULL,66,0.4064244031906128
Maxwell,3,FAABE_FULL,67,0.4064244031906128
Maxwell,3,FAABE_FULL,68,0.4064244031906128
Maxwell,3,FAABE_FULL,69,0.4064244031906128
Maxwell,3,FAABE_FULL,70,0.4064244031906128
Maxwell,3,FAABE_FULL,71,0.4064244031906128
Maxwell,3,FAABE_FULL,72,0.4064244031906128
Maxwell,3,FAABE_FULL,73,0.4064244031906128
Maxwell,3,FAABE_FULL,74,0.4064244031906128
Maxwell,3,FAABE_FULL,75,0.4064244031906128
Maxwell,3,FAABE_FULL,76,0.4064244031906128
Maxwell,3,FAABE_FULL,77,0.4064244031906128
Maxwell,3,FAABE_FULL,78,0.4064244031906128
Maxwell,3,FAABE_FULL,79,0.4064244031906128
Maxwell,3,FAABE_FULL,80,0.4064244031906128
Maxwell,3,FAABE_FULL,81,0.4064244031906128
Maxwell,3,FAABE_FULL,82,0.4064244031906128
Maxwell,3,FAABE_FULL,83,0.4064244031906128
Maxwell,3,FAABE_FULL,84,0.4064244031906128
Maxwell,3,FAABE_FULL,85,0.4064244031906128
Maxwell,3,FAABE_FULL,86,0.4064244031906128
Maxwell,3,FAABE_FULL,87,0.4064244031906128
Maxwell,3,FAABE_FULL,88,0.4064244031906128
Maxwell,3,FAABE_FULL,89,0.4064244031906128
Maxwell,3,FAABE_FULL,90,0.4064244031906128
Maxwell,3,FAABE_FULL,91,0.4064244031906128
Maxwell,3,FAABE_FULL,92,0.4064244031906128
Maxwell,3,FAABE_FULL,93,0.4064244031906128
Maxwell,3,FAABE_FULL,94,0.4064244031906128
Maxwell,3,FAABE_FULL,95,0.4064244031906128
Maxwell,3,FAABE_FULL,96,0.4064244031906128
Maxwell,3,FAABE_FULL,97,0.4064244031906128
Maxwell,3,FAABE_FULL,98,0.4064244031906128
Maxwell,3,FAABE_FULL,99,0.4064244031906128
Maxwell,3,FAABE_FULL,100,0.4064244031906128
Maxwell,4,FAABE_NO_PEARSON,0,0.7901813983917236
Maxwell,4,FAABE_NO_PEARSON,1,0.6855147480964661
Maxwell,4,FAABE_NO_PEARSON,2,0.6516169905662537
Maxwell,4,FAABE_NO_PEARSON,3,0.6382054090499878
Maxwell,4,FAABE_NO_PEARSON,4,0.6382054090499878
Maxwell,4,FAABE_NO_PEARSON,5,0.6382054090499878
Maxwell,4,FAABE_NO_PEARSON,6,0.6382054090499878
Maxwell,4,FAABE_NO_PEARSON,7,0.5426657795906067
Maxwell,4,FAABE_NO_PEARSON,8,0.5426657795906067
Maxwell,4,FAABE_NO_PEARSON,9,0.5426657795906067
Maxwell,4,FAABE_NO_PEARSON,10,0.5426657795906067
Maxwell,4,FAABE_NO_PEARSON,11,0.5426657795906067
Maxwell,4,FAABE_NO_PEARSON,12,0.5426657795906067
Maxwell,4,FAABE_NO_PEARSON,13,0.5426657795906067
Maxwell,4,FAABE_NO_PEARSON,14,0.5426657795906067
Maxwell,4,FAABE_NO_PEARSON,15,0.5426657795906067
Maxwell,4,FAABE_NO_PEARSON,16,0.5305483937263489
Maxwell,4,FAABE_NO_PEARSON,17,0.5305483937263489
Maxwell,4,FAABE_NO_PEARSON,18,0.5305483937263489
Maxwell,4,FAABE_NO_PEARSON,19,0.5305483937263489
Maxwell,4,FAABE_NO_PEARSON,20,0.5305483937263489
Maxwell,4,FAABE_NO_PEARSON,21,0.5305483937263489
Maxwell,4,FAABE_NO_PEARSON,22,0.5305483937263489
Maxwell,4,FAABE_NO_PEARSON,23,0.5305483937263489
Maxwell,4,FAABE_NO_PEARSON,24,0.5305483937263489
Maxwell,4,FAABE_NO_PEARSON,25,0.5305483937263489
Maxwell,4,FAABE_NO_PEARSON,26,0.5305483937263489
Maxwell,4,FAABE_NO_PEARSON,27,0.5305483937263489
Maxwell,4,FAABE_NO_PEARSON,28,0.5305483937263489
Maxwell,4,FAABE_NO_PEARSON,29,0.5305483937263489
Maxwell,4,FAABE_NO_PEARSON,30,0.5305483937263489
Maxwell,4,FAABE_NO_PEARSON,31,0.5305483937263489
Maxwell,4,FAABE_NO_PEARSON,32,0.5305483937263489
Maxwell,4,FAABE_NO_PEARSON,33,0.5305483937263489
Maxwell,4,FAABE_NO_PEARSON,34,0.5305483937263489
Maxwell,4,FAABE_NO_PEARSON,35,0.5305483937263489
Maxwell,4,FAABE_NO_PEARSON,36,0.5305483937263489
Maxwell,4,FAABE_NO_PEARSON,37,0.5305483937263489
Maxwell,4,FAABE_NO_PEARSON,38,0.5305483937263489
Maxwell,4,FAABE_NO_PEARSON,39,0.5305483937263489
Maxwell,4,FAABE_NO_PEARSON,40,0.5186752080917358
Maxwell,4,FAABE_NO_PEARSON,41,0.5186752080917358
Maxwell,4,FAABE_NO_PEARSON,42,0.5186752080917358
Maxwell,4,FAABE_NO_PEARSON,43,0.5186752080917358
Maxwell,4,FAABE_NO_PEARSON,44,0.5186752080917358
Maxwell,4,FAABE_NO_PEARSON,45,0.5186752080917358
Maxwell,4,FAABE_NO_PEARSON,46,0.5186752080917358
Maxwell,4,FAABE_NO_PEARSON,47,0.5186752080917358
Maxwell,4,FAABE_NO_PEARSON,48,0.5186752080917358
Maxwell,4,FAABE_NO_PEARSON,49,0.5186752080917358
Maxwell,4,FAABE_NO_PEARSON,50,0.5186752080917358
Maxwell,4,FAABE_NO_PEARSON,51,0.5186752080917358
Maxwell,4,FAABE_NO_PEARSON,52,0.5186752080917358
Maxwell,4,FAABE_NO_PEARSON,53,0.5186752080917358
Maxwell,4,FAABE_NO_PEARSON,54,0.5186752080917358
Maxwell,4,FAABE_NO_PEARSON,55,0.5186752080917358
Maxwell,4,FAABE_NO_PEARSON,56,0.5186752080917358
Maxwell,4,FAABE_NO_PEARSON,57,0.5186752080917358
Maxwell,4,FAABE_NO_PEARSON,58,0.5186752080917358
Maxwell,4,FAABE_NO_PEARSON,59,0.5186752080917358
Maxwell,4,FAABE_NO_PEARSON,60,0.5186752080917358
Maxwell,4,FAABE_NO_PEARSON,61,0.5186752080917358
Maxwell,4,FAABE_NO_PEARSON,62,0.5186752080917358
Maxwell,4,FAABE_NO_PEARSON,63,0.5186752080917358
Maxwell,4,FAABE_NO_PEARSON,64,0.5186752080917358
Maxwell,4,FAABE_NO_PEARSON,65,0.5186752080917358
Maxwell,4,FAABE_NO_PEARSON,66,0.497811496257782
Maxwell,4,FAABE_NO_PEARSON,67,0.497811496257782
Maxwell,4,FAABE_NO_PEARSON,68,0.497811496257782
Maxwell,4,FAABE_NO_PEARSON,69,0.497811496257782
Maxwell,4,FAABE_NO_PEARSON,70,0.497811496257782
Maxwell,4,FAABE_NO_PEARSON,71,0.497811496257782
Maxwell,4,FAABE_NO_PEARSON,72,0.497811496257782
Maxwell,4,FAABE_NO_PEARSON,73,0.497811496257782
Maxwell,4,FAABE_NO_PEARSON,74,0.497811496257782
Maxwell,4,FAABE_NO_PEARSON,75,0.497811496257782
Maxwell,4,FAABE_NO_PEARSON,76,0.497811496257782
Maxwell,4,FAABE_NO_PEARSON,77,0.497811496257782
Maxwell,4,FAABE_NO_PEARSON,78,0.497811496257782
Maxwell,4,FAABE_NO_PEARSON,79,0.497811496257782
Maxwell,4,FAABE_NO_PEARSON,80,0.497811496257782
Maxwell,4,FAABE_NO_PEARSON,81,0.497811496257782
Maxwell,4,FAABE_NO_PEARSON,82,0.497811496257782
Maxwell,4,FAABE_NO_PEARSON,83,0.497811496257782
Maxwell,4,FAABE_NO_PEARSON,84,0.497811496257782
Maxwell,4,FAABE_NO_PEARSON,85,0.497811496257782
Maxwell,4,FAABE_NO_PEARSON,86,0.497811496257782
Maxwell,4,FAABE_NO_PEARSON,87,0.497811496257782
Maxwell,4,FAABE_NO_PEARSON,88,0.497811496257782
Maxwell,4,FAABE_NO_PEARSON,89,0.497811496257782
Maxwell,4,FAABE_NO_PEARSON,90,0.4562472701072693
Maxwell,4,FAABE_NO_PEARSON,91,0.4562472701072693
Maxwell,4,FAABE_NO_PEARSON,92,0.4562472701072693
Maxwell,4,FAABE_NO_PEARSON,93,0.4562472701072693
Maxwell,4,FAABE_NO_PEARSON,94,0.4562472701072693
Maxwell,4,FAABE_NO_PEARSON,95,0.4562472701072693
Maxwell,4,FAABE_NO_PEARSON,96,0.4562472701072693
Maxwell,4,FAABE_NO_PEARSON,97,0.4562472701072693
Maxwell,4,FAABE_NO_PEARSON,98,0.4562472701072693
Maxwell,4,FAABE_NO_PEARSON,99,0.4562472701072693
Maxwell,4,FAABE_NO_PEARSON,100,0.4562472701072693
Maxwell,4,FAABE_NO_IWM,0,0.6539199352264404
Maxwell,4,FAABE_NO_IWM,1,0.5922832489013672
Maxwell,4,FAABE_NO_IWM,2,0.4854183793067932
Maxwell,4,FAABE_NO_IWM,3,0.4854183793067932
Maxwell,4,FAABE_NO_IWM,4,0.4854183793067932
Maxwell,4,FAABE_NO_IWM,5,0.4854183793067932
Maxwell,4,FAABE_NO_IWM,6,0.4854183793067932
Maxwell,4,FAABE_NO_IWM,7,0.4854183793067932
Maxwell,4,FAABE_NO_IWM,8,0.4854183793067932
Maxwell,4,FAABE_NO_IWM,9,0.4854183793067932
Maxwell,4,FAABE_NO_IWM,10,0.4854183793067932
Maxwell,4,FAABE_NO_IWM,11,0.4718681573867798
Maxwell,4,FAABE_NO_IWM,12,0.4718681573867798
Maxwell,4,FAABE_NO_IWM,13,0.4307485818862915
Maxwell,4,FAABE_NO_IWM,14,0.4307485818862915
Maxwell,4,FAABE_NO_IWM,15,0.4307485818862915
Maxwell,4,FAABE_NO_IWM,16,0.4307485818862915
Maxwell,4,FAABE_NO_IWM,17,0.4307485818862915
Maxwell,4,FAABE_NO_IWM,18,0.4307485818862915
Maxwell,4,FAABE_NO_IWM,19,0.4307485818862915
Maxwell,4,FAABE_NO_IWM,20,0.4307485818862915
Maxwell,4,FAABE_NO_IWM,21,0.4307485818862915
Maxwell,4,FAABE_NO_IWM,22,0.4307485818862915
Maxwell,4,FAABE_NO_IWM,23,0.4307485818862915
Maxwell,4,FAABE_NO_IWM,24,0.4307485818862915
Maxwell,4,FAABE_NO_IWM,25,0.4307485818862915
Maxwell,4,FAABE_NO_IWM,26,0.42961859703063965
Maxwell,4,FAABE_NO_IWM,27,0.42961859703063965
Maxwell,4,FAABE_NO_IWM,28,0.42961859703063965
Maxwell,4,FAABE_NO_IWM,29,0.42961859703063965
Maxwell,4,FAABE_NO_IWM,30,0.42961859703063965
Maxwell,4,FAABE_NO_IWM,31,0.42961859703063965
Maxwell,4,FAABE_NO_IWM,32,0.4223838448524475
Maxwell,4,FAABE_NO_IWM,33,0.4223838448524475
Maxwell,4,FAABE_NO_IWM,34,0.4223838448524475
Maxwell,4,FAABE_NO_IWM,35,0.4223838448524475
Maxwell,4,FAABE_NO_IWM,36,0.4223838448524475
Maxwell,4,FAABE_NO_IWM,37,0.4126529097557068
Maxwell,4,FAABE_NO_IWM,38,0.4126529097557068
Maxwell,4,FAABE_NO_IWM,39,0.4126529097557068
Maxwell,4,FAABE_NO_IWM,40,0.4126529097557068
Maxwell,4,FAABE_NO_IWM,41,0.40673771500587463
Maxwell,4,FAABE_NO_IWM,42,0.40673771500587463
Maxwell,4,FAABE_NO_IWM,43,0.40673771500587463
Maxwell,4,FAABE_NO_IWM,44,0.40673771500587463
Maxwell,4,FAABE_NO_IWM,45,0.40673771500587463
Maxwell,4,FAABE_NO_IWM,46,0.40673771500587463
Maxwell,4,FAABE_NO_IWM,47,0.40673771500587463
Maxwell,4,FAABE_NO_IWM,48,0.40673771500587463
Maxwell,4,FAABE_NO_IWM,49,0.40673771500587463
Maxwell,4,FAABE_NO_IWM,50,0.40673771500587463
Maxwell,4,FAABE_NO_IWM,51,0.40673771500587463
Maxwell,4,FAABE_NO_IWM,52,0.40673771500587463
Maxwell,4,FAABE_NO_IWM,53,0.40673771500587463
Maxwell,4,FAABE_NO_IWM,54,0.40673771500587463
Maxwell,4,FAABE_NO_IWM,55,0.40673771500587463
Maxwell,4,FAABE_NO_IWM,56,0.40673771500587463
Maxwell,4,FAABE_NO_IWM,57,0.40673771500587463
Maxwell,4,FAABE_NO_IWM,58,0.40002110600471497
Maxwell,4,FAABE_NO_IWM,59,0.40002110600471497
Maxwell,4,FAABE_NO_IWM,60,0.40002110600471497
Maxwell,4,FAABE_NO_IWM,61,0.40002110600471497
Maxwell,4,FAABE_NO_IWM,62,0.40002110600471497
Maxwell,4,FAABE_NO_IWM,63,0.40002110600471497
Maxwell,4,FAABE_NO_IWM,64,0.40002110600471497
Maxwell,4,FAABE_NO_IWM,65,0.40002110600471497
Maxwell,4,FAABE_NO_IWM,66,0.40002110600471497
Maxwell,4,FAABE_NO_IWM,67,0.40002110600471497
Maxwell,4,FAABE_NO_IWM,68,0.40002110600471497
Maxwell,4,FAABE_NO_IWM,69,0.40002110600471497
Maxwell,4,FAABE_NO_IWM,70,0.40002110600471497
Maxwell,4,FAABE_NO_IWM,71,0.40002110600471497
Maxwell,4,FAABE_NO_IWM,72,0.40002110600471497
Maxwell,4,FAABE_NO_IWM,73,0.40002110600471497
Maxwell,4,FAABE_NO_IWM,74,0.40002110600471497
Maxwell,4,FAABE_NO_IWM,75,0.40002110600471497
Maxwell,4,FAABE_NO_IWM,76,0.40002110600471497
Maxwell,4,FAABE_NO_IWM,77,0.40002110600471497
Maxwell,4,FAABE_NO_IWM,78,0.40002110600471497
Maxwell,4,FAABE_NO_IWM,79,0.40002110600471497
Maxwell,4,FAABE_NO_IWM,80,0.40002110600471497
Maxwell,4,FAABE_NO_IWM,81,0.40002110600471497
Maxwell,4,FAABE_NO_IWM,82,0.40002110600471497
Maxwell,4,FAABE_NO_IWM,83,0.40002110600471497
Maxwell,4,FAABE_NO_IWM,84,0.40002110600471497
Maxwell,4,FAABE_NO_IWM,85,0.40002110600471497
Maxwell,4,FAABE_NO_IWM,86,0.40002110600471497
Maxwell,4,FAABE_NO_IWM,87,0.40002110600471497
Maxwell,4,FAABE_NO_IWM,88,0.40002110600471497
Maxwell,4,FAABE_NO_IWM,89,0.40002110600471497
Maxwell,4,FAABE_NO_IWM,90,0.40002110600471497
Maxwell,4,FAABE_NO_IWM,91,0.40002110600471497
Maxwell,4,FAABE_NO_IWM,92,0.40002110600471497
Maxwell,4,FAABE_NO_IWM,93,0.40002110600471497
Maxwell,4,FAABE_NO_IWM,94,0.40002110600471497
Maxwell,4,FAABE_NO_IWM,95,0.40002110600471497
Maxwell,4,FAABE_NO_IWM,96,0.40002110600471497
Maxwell,4,FAABE_NO_IWM,97,0.40002110600471497
Maxwell,4,FAABE_NO_IWM,98,0.40002110600471497
Maxwell,4,FAABE_NO_IWM,99,0.40002110600471497
Maxwell,4,FAABE_NO_IWM,100,0.40002110600471497
Maxwell,4,FAABE_FULL,0,0.6230082511901855
Maxwell,4,FAABE_FULL,1,0.557290256023407
Maxwell,4,FAABE_FULL,2,0.5386885404586792
Maxwell,4,FAABE_FULL,3,0.5223947167396545
Maxwell,4,FAABE_FULL,4,0.5173462629318237
Maxwell,4,FAABE_FULL,5,0.463983952999115
Maxwell,4,FAABE_FULL,6,0.423309862613678
Maxwell,4,FAABE_FULL,7,0.423309862613678
Maxwell,4,FAABE_FULL,8,0.423309862613678
Maxwell,4,FAABE_FULL,9,0.423309862613678
Maxwell,4,FAABE_FULL,10,0.423309862613678
Maxwell,4,FAABE_FULL,11,0.423309862613678
Maxwell,4,FAABE_FULL,12,0.423309862613678
Maxwell,4,FAABE_FULL,13,0.423309862613678
Maxwell,4,FAABE_FULL,14,0.423309862613678
Maxwell,4,FAABE_FULL,15,0.423309862613678
Maxwell,4,FAABE_FULL,16,0.423309862613678
Maxwell,4,FAABE_FULL,17,0.423309862613678
Maxwell,4,FAABE_FULL,18,0.423309862613678
Maxwell,4,FAABE_FULL,19,0.423309862613678
Maxwell,4,FAABE_FULL,20,0.4148111641407013
Maxwell,4,FAABE_FULL,21,0.4148111641407013
Maxwell,4,FAABE_FULL,22,0.4148111641407013
Maxwell,4,FAABE_FULL,23,0.4148111641407013
Maxwell,4,FAABE_FULL,24,0.4148111641407013
Maxwell,4,FAABE_FULL,25,0.4148111641407013
Maxwell,4,FAABE_FULL,26,0.4148111641407013
Maxwell,4,FAABE_FULL,27,0.4148111641407013
Maxwell,4,FAABE_FULL,28,0.4148111641407013
Maxwell,4,FAABE_FULL,29,0.4148111641407013
Maxwell,4,FAABE_FULL,30,0.4148111641407013
Maxwell,4,FAABE_FULL,31,0.4148111641407013
Maxwell,4,FAABE_FULL,32,0.4148111641407013
Maxwell,4,FAABE_FULL,33,0.4148111641407013
Maxwell,4,FAABE_FULL,34,0.39461737871170044
Maxwell,4,FAABE_FULL,35,0.39461737871170044
Maxwell,4,FAABE_FULL,36,0.39461737871170044
Maxwell,4,FAABE_FULL,37,0.39461737871170044
Maxwell,4,FAABE_FULL,38,0.39461737871170044
Maxwell,4,FAABE_FULL,39,0.39461737871170044
Maxwell,4,FAABE_FULL,40,0.39461737871170044
Maxwell,4,FAABE_FULL,41,0.39461737871170044
Maxwell,4,FAABE_FULL,42,0.39461737871170044
Maxwell,4,FAABE_FULL,43,0.39461737871170044
Maxwell,4,FAABE_FULL,44,0.39461737871170044
Maxwell,4,FAABE_FULL,45,0.39461737871170044
Maxwell,4,FAABE_FULL,46,0.39461737871170044
Maxwell,4,FAABE_FULL,47,0.39461737871170044
Maxwell,4,FAABE_FULL,48,0.39461737871170044
Maxwell,4,FAABE_FULL,49,0.39461737871170044
Maxwell,4,FAABE_FULL,50,0.39461737871170044
Maxwell,4,FAABE_FULL,51,0.39461737871170044
Maxwell,4,FAABE_FULL,52,0.39461737871170044
Maxwell,4,FAABE_FULL,53,0.39461737871170044
Maxwell,4,FAABE_FULL,54,0.39461737871170044
Maxwell,4,FAABE_FULL,55,0.39461737871170044
Maxwell,4,FAABE_FULL,56,0.39461737871170044
Maxwell,4,FAABE_FULL,57,0.39461737871170044
Maxwell,4,FAABE_FULL,58,0.39461737871170044
Maxwell,4,FAABE_FULL,59,0.39461737871170044
Maxwell,4,FAABE_FULL,60,0.39461737871170044
Maxwell,4,FAABE_FULL,61,0.39461737871170044
Maxwell,4,FAABE_FULL,62,0.39461737871170044
Maxwell,4,FAABE_FULL,63,0.39461737871170044
Maxwell,4,FAABE_FULL,64,0.39461737871170044
Maxwell,4,FAABE_FULL,65,0.39461737871170044
Maxwell,4,FAABE_FULL,66,0.39461737871170044
Maxwell,4,FAABE_FULL,67,0.39461737871170044
Maxwell,4,FAABE_FULL,68,0.39461737871170044
Maxwell,4,FAABE_FULL,69,0.39461737871170044
Maxwell,4,FAABE_FULL,70,0.39461737871170044
Maxwell,4,FAABE_FULL,71,0.39461737871170044
Maxwell,4,FAABE_FULL,72,0.39461737871170044
Maxwell,4,FAABE_FULL,73,0.39461737871170044
Maxwell,4,FAABE_FULL,74,0.39461737871170044
Maxwell,4,FAABE_FULL,75,0.39461737871170044
Maxwell,4,FAABE_FULL,76,0.39461737871170044
Maxwell,4,FAABE_FULL,77,0.39461737871170044
Maxwell,4,FAABE_FULL,78,0.39461737871170044
Maxwell,4,FAABE_FULL,79,0.39461737871170044
Maxwell,4,FAABE_FULL,80,0.39461737871170044
Maxwell,4,FAABE_FULL,81,0.39461737871170044
Maxwell,4,FAABE_FULL,82,0.39461737871170044
Maxwell,4,FAABE_FULL,83,0.39461737871170044
Maxwell,4,FAABE_FULL,84,0.39461737871170044
Maxwell,4,FAABE_FULL,85,0.39461737871170044
Maxwell,4,FAABE_FULL,86,0.39461737871170044
Maxwell,4,FAABE_FULL,87,0.39461737871170044
Maxwell,4,FAABE_FULL,88,0.39461737871170044
Maxwell,4,FAABE_FULL,89,0.39461737871170044
Maxwell,4,FAABE_FULL,90,0.39461737871170044
Maxwell,4,FAABE_FULL,91,0.39461737871170044
Maxwell,4,FAABE_FULL,92,0.39461737871170044
Maxwell,4,FAABE_FULL,93,0.39461737871170044
Maxwell,4,FAABE_FULL,94,0.39461737871170044
Maxwell,4,FAABE_FULL,95,0.39461737871170044
Maxwell,4,FAABE_FULL,96,0.39461737871170044
Maxwell,4,FAABE_FULL,97,0.39461737871170044
Maxwell,4,FAABE_FULL,98,0.39461737871170044
Maxwell,4,FAABE_FULL,99,0.39461737871170044
Maxwell,4,FAABE_FULL,100,0.39461737871170044
Maxwell,5,FAABE_NO_PEARSON,0,0.6743783354759216
Maxwell,5,FAABE_NO_PEARSON,1,0.6566521525382996
Maxwell,5,FAABE_NO_PEARSON,2,0.5566405057907104
Maxwell,5,FAABE_NO_PEARSON,3,0.5566405057907104
Maxwell,5,FAABE_NO_PEARSON,4,0.5184571146965027
Maxwell,5,FAABE_NO_PEARSON,5,0.5184571146965027
Maxwell,5,FAABE_NO_PEARSON,6,0.5184571146965027
Maxwell,5,FAABE_NO_PEARSON,7,0.5184571146965027
Maxwell,5,FAABE_NO_PEARSON,8,0.5184571146965027
Maxwell,5,FAABE_NO_PEARSON,9,0.5184571146965027
Maxwell,5,FAABE_NO_PEARSON,10,0.5184571146965027
Maxwell,5,FAABE_NO_PEARSON,11,0.5184571146965027
Maxwell,5,FAABE_NO_PEARSON,12,0.5184571146965027
Maxwell,5,FAABE_NO_PEARSON,13,0.5184571146965027
Maxwell,5,FAABE_NO_PEARSON,14,0.5184571146965027
Maxwell,5,FAABE_NO_PEARSON,15,0.5184571146965027
Maxwell,5,FAABE_NO_PEARSON,16,0.5184571146965027
Maxwell,5,FAABE_NO_PEARSON,17,0.4777332842350006
Maxwell,5,FAABE_NO_PEARSON,18,0.4777332842350006
Maxwell,5,FAABE_NO_PEARSON,19,0.4777332842350006
Maxwell,5,FAABE_NO_PEARSON,20,0.4777332842350006
Maxwell,5,FAABE_NO_PEARSON,21,0.4777332842350006
Maxwell,5,FAABE_NO_PEARSON,22,0.4777332842350006
Maxwell,5,FAABE_NO_PEARSON,23,0.4777332842350006
Maxwell,5,FAABE_NO_PEARSON,24,0.4777332842350006
Maxwell,5,FAABE_NO_PEARSON,25,0.4777332842350006
Maxwell,5,FAABE_NO_PEARSON,26,0.4777332842350006
Maxwell,5,FAABE_NO_PEARSON,27,0.4777332842350006
Maxwell,5,FAABE_NO_PEARSON,28,0.4777332842350006
Maxwell,5,FAABE_NO_PEARSON,29,0.4777332842350006
Maxwell,5,FAABE_NO_PEARSON,30,0.4777332842350006
Maxwell,5,FAABE_NO_PEARSON,31,0.4777332842350006
Maxwell,5,FAABE_NO_PEARSON,32,0.4777332842350006
Maxwell,5,FAABE_NO_PEARSON,33,0.4777332842350006
Maxwell,5,FAABE_NO_PEARSON,34,0.4777332842350006
Maxwell,5,FAABE_NO_PEARSON,35,0.4777332842350006
Maxwell,5,FAABE_NO_PEARSON,36,0.4777332842350006
Maxwell,5,FAABE_NO_PEARSON,37,0.4777332842350006
Maxwell,5,FAABE_NO_PEARSON,38,0.4777332842350006
Maxwell,5,FAABE_NO_PEARSON,39,0.4777332842350006
Maxwell,5,FAABE_NO_PEARSON,40,0.4777332842350006
Maxwell,5,FAABE_NO_PEARSON,41,0.4777332842350006
Maxwell,5,FAABE_NO_PEARSON,42,0.4777332842350006
Maxwell,5,FAABE_NO_PEARSON,43,0.4777332842350006
Maxwell,5,FAABE_NO_PEARSON,44,0.4777332842350006
Maxwell,5,FAABE_NO_PEARSON,45,0.4777332842350006
Maxwell,5,FAABE_NO_PEARSON,46,0.4777332842350006
Maxwell,5,FAABE_NO_PEARSON,47,0.4777332842350006
Maxwell,5,FAABE_NO_PEARSON,48,0.4777332842350006
Maxwell,5,FAABE_NO_PEARSON,49,0.4777332842350006
Maxwell,5,FAABE_NO_PEARSON,50,0.4777332842350006
Maxwell,5,FAABE_NO_PEARSON,51,0.4777332842350006
Maxwell,5,FAABE_NO_PEARSON,52,0.4777332842350006
Maxwell,5,FAABE_NO_PEARSON,53,0.4777332842350006
Maxwell,5,FAABE_NO_PEARSON,54,0.4777332842350006
Maxwell,5,FAABE_NO_PEARSON,55,0.4777332842350006
Maxwell,5,FAABE_NO_PEARSON,56,0.4777332842350006
Maxwell,5,FAABE_NO_PEARSON,57,0.4777332842350006
Maxwell,5,FAABE_NO_PEARSON,58,0.4777332842350006
Maxwell,5,FAABE_NO_PEARSON,59,0.4777332842350006
Maxwell,5,FAABE_NO_PEARSON,60,0.4777332842350006
Maxwell,5,FAABE_NO_PEARSON,61,0.4777332842350006
Maxwell,5,FAABE_NO_PEARSON,62,0.4777332842350006
Maxwell,5,FAABE_NO_PEARSON,63,0.4777332842350006
Maxwell,5,FAABE_NO_PEARSON,64,0.4777332842350006
Maxwell,5,FAABE_NO_PEARSON,65,0.4777332842350006
Maxwell,5,FAABE_NO_PEARSON,66,0.4777332842350006
Maxwell,5,FAABE_NO_PEARSON,67,0.4777332842350006
Maxwell,5,FAABE_NO_PEARSON,68,0.4777332842350006
Maxwell,5,FAABE_NO_PEARSON,69,0.4777332842350006
Maxwell,5,FAABE_NO_PEARSON,70,0.4777332842350006
Maxwell,5,FAABE_NO_PEARSON,71,0.4777332842350006
Maxwell,5,FAABE_NO_PEARSON,72,0.47599124908447266
Maxwell,5,FAABE_NO_PEARSON,73,0.47599124908447266
Maxwell,5,FAABE_NO_PEARSON,74,0.47599124908447266
Maxwell,5,FAABE_NO_PEARSON,75,0.47599124908447266
Maxwell,5,FAABE_NO_PEARSON,76,0.47599124908447266
Maxwell,5,FAABE_NO_PEARSON,77,0.47599124908447266
Maxwell,5,FAABE_NO_PEARSON,78,0.47599124908447266
Maxwell,5,FAABE_NO_PEARSON,79,0.47599124908447266
Maxwell,5,FAABE_NO_PEARSON,80,0.47599124908447266
Maxwell,5,FAABE_NO_PEARSON,81,0.47599124908447266
Maxwell,5,FAABE_NO_PEARSON,82,0.47599124908447266
Maxwell,5,FAABE_NO_PEARSON,83,0.47599124908447266
Maxwell,5,FAABE_NO_PEARSON,84,0.47599124908447266
Maxwell,5,FAABE_NO_PEARSON,85,0.47599124908447266
Maxwell,5,FAABE_NO_PEARSON,86,0.47599124908447266
Maxwell,5,FAABE_NO_PEARSON,87,0.47599124908447266
Maxwell,5,FAABE_NO_PEARSON,88,0.47599124908447266
Maxwell,5,FAABE_NO_PEARSON,89,0.47599124908447266
Maxwell,5,FAABE_NO_PEARSON,90,0.47599124908447266
Maxwell,5,FAABE_NO_PEARSON,91,0.47599124908447266
Maxwell,5,FAABE_NO_PEARSON,92,0.47599124908447266
Maxwell,5,FAABE_NO_PEARSON,93,0.47599124908447266
Maxwell,5,FAABE_NO_PEARSON,94,0.4662609398365021
Maxwell,5,FAABE_NO_PEARSON,95,0.4662609398365021
Maxwell,5,FAABE_NO_PEARSON,96,0.4662609398365021
Maxwell,5,FAABE_NO_PEARSON,97,0.4662609398365021
Maxwell,5,FAABE_NO_PEARSON,98,0.4662609398365021
Maxwell,5,FAABE_NO_PEARSON,99,0.4662609398365021
Maxwell,5,FAABE_NO_PEARSON,100,0.4662609398365021
Maxwell,5,FAABE_NO_IWM,0,0.6864319443702698
Maxwell,5,FAABE_NO_IWM,1,0.5906862020492554
Maxwell,5,FAABE_NO_IWM,2,0.4782978594303131
Maxwell,5,FAABE_NO_IWM,3,0.4312123656272888
Maxwell,5,FAABE_NO_IWM,4,0.4125104248523712
Maxwell,5,FAABE_NO_IWM,5,0.40175116062164307
Maxwell,5,FAABE_NO_IWM,6,0.38378971815109253
Maxwell,5,FAABE_NO_IWM,7,0.38378971815109253
Maxwell,5,FAABE_NO_IWM,8,0.37504827976226807
Maxwell,5,FAABE_NO_IWM,9,0.37504827976226807
Maxwell,5,FAABE_NO_IWM,10,0.37504827976226807
Maxwell,5,FAABE_NO_IWM,11,0.37504827976226807
Maxwell,5,FAABE_NO_IWM,12,0.37504827976226807
Maxwell,5,FAABE_NO_IWM,13,0.37504827976226807
Maxwell,5,FAABE_NO_IWM,14,0.37504827976226807
Maxwell,5,FAABE_NO_IWM,15,0.37504827976226807
Maxwell,5,FAABE_NO_IWM,16,0.37504827976226807
Maxwell,5,FAABE_NO_IWM,17,0.37504827976226807
Maxwell,5,FAABE_NO_IWM,18,0.37504827976226807
Maxwell,5,FAABE_NO_IWM,19,0.37504827976226807
Maxwell,5,FAABE_NO_IWM,20,0.37504827976226807
Maxwell,5,FAABE_NO_IWM,21,0.37504827976226807
Maxwell,5,FAABE_NO_IWM,22,0.37504827976226807
Maxwell,5,FAABE_NO_IWM,23,0.37504827976226807
Maxwell,5,FAABE_NO_IWM,24,0.37504827976226807
Maxwell,5,FAABE_NO_IWM,25,0.37504827976226807
Maxwell,5,FAABE_NO_IWM,26,0.37504827976226807
Maxwell,5,FAABE_NO_IWM,27,0.37504827976226807
Maxwell,5,FAABE_NO_IWM,28,0.37504827976226807
Maxwell,5,FAABE_NO_IWM,29,0.37504827976226807
Maxwell,5,FAABE_NO_IWM,30,0.37504827976226807
Maxwell,5,FAABE_NO_IWM,31,0.37504827976226807
Maxwell,5,FAABE_NO_IWM,32,0.37504827976226807
Maxwell,5,FAABE_NO_IWM,33,0.37504827976226807
Maxwell,5,FAABE_NO_IWM,34,0.37504827976226807
Maxwell,5,FAABE_NO_IWM,35,0.37504827976226807
Maxwell,5,FAABE_NO_IWM,36,0.37504827976226807
Maxwell,5,FAABE_NO_IWM,37,0.37504827976226807
Maxwell,5,FAABE_NO_IWM,38,0.37504827976226807
Maxwell,5,FAABE_NO_IWM,39,0.37504827976226807
Maxwell,5,FAABE_NO_IWM,40,0.37504827976226807
Maxwell,5,FAABE_NO_IWM,41,0.37504827976226807
Maxwell,5,FAABE_NO_IWM,42,0.37504827976226807
Maxwell,5,FAABE_NO_IWM,43,0.37504827976226807
Maxwell,5,FAABE_NO_IWM,44,0.37504827976226807
Maxwell,5,FAABE_NO_IWM,45,0.37504827976226807
Maxwell,5,FAABE_NO_IWM,46,0.37504827976226807
Maxwell,5,FAABE_NO_IWM,47,0.37504827976226807
Maxwell,5,FAABE_NO_IWM,48,0.37504827976226807
Maxwell,5,FAABE_NO_IWM,49,0.37504827976226807
Maxwell,5,FAABE_NO_IWM,50,0.37504827976226807
Maxwell,5,FAABE_NO_IWM,51,0.37504827976226807
Maxwell,5,FAABE_NO_IWM,52,0.37504827976226807
Maxwell,5,FAABE_NO_IWM,53,0.37504827976226807
Maxwell,5,FAABE_NO_IWM,54,0.37504827976226807
Maxwell,5,FAABE_NO_IWM,55,0.37504827976226807
Maxwell,5,FAABE_NO_IWM,56,0.37504827976226807
Maxwell,5,FAABE_NO_IWM,57,0.37504827976226807
Maxwell,5,FAABE_NO_IWM,58,0.37504827976226807
Maxwell,5,FAABE_NO_IWM,59,0.37504827976226807
Maxwell,5,FAABE_NO_IWM,60,0.37504827976226807
Maxwell,5,FAABE_NO_IWM,61,0.37504827976226807
Maxwell,5,FAABE_NO_IWM,62,0.37504827976226807
Maxwell,5,FAABE_NO_IWM,63,0.37504827976226807
Maxwell,5,FAABE_NO_IWM,64,0.37504827976226807
Maxwell,5,FAABE_NO_IWM,65,0.37504827976226807
Maxwell,5,FAABE_NO_IWM,66,0.37504827976226807
Maxwell,5,FAABE_NO_IWM,67,0.37504827976226807
Maxwell,5,FAABE_NO_IWM,68,0.37504827976226807
Maxwell,5,FAABE_NO_IWM,69,0.37504827976226807
Maxwell,5,FAABE_NO_IWM,70,0.37504827976226807
Maxwell,5,FAABE_NO_IWM,71,0.37504827976226807
Maxwell,5,FAABE_NO_IWM,72,0.37504827976226807
Maxwell,5,FAABE_NO_IWM,73,0.37504827976226807
Maxwell,5,FAABE_NO_IWM,74,0.37504827976226807
Maxwell,5,FAABE_NO_IWM,75,0.37504827976226807
Maxwell,5,FAABE_NO_IWM,76,0.37504827976226807
Maxwell,5,FAABE_NO_IWM,77,0.37504827976226807
Maxwell,5,FAABE_NO_IWM,78,0.37504827976226807
Maxwell,5,FAABE_NO_IWM,79,0.37504827976226807
Maxwell,5,FAABE_NO_IWM,80,0.37504827976226807
Maxwell,5,FAABE_NO_IWM,81,0.37504827976226807
Maxwell,5,FAABE_NO_IWM,82,0.37504827976226807
Maxwell,5,FAABE_NO_IWM,83,0.37504827976226807
Maxwell,5,FAABE_NO_IWM,84,0.37504827976226807
Maxwell,5,FAABE_NO_IWM,85,0.37504827976226807
Maxwell,5,FAABE_NO_IWM,86,0.37504827976226807
Maxwell,5,FAABE_NO_IWM,87,0.37504827976226807
Maxwell,5,FAABE_NO_IWM,88,0.37504827976226807
Maxwell,5,FAABE_NO_IWM,89,0.37504827976226807
Maxwell,5,FAABE_NO_IWM,90,0.37504827976226807
Maxwell,5,FAABE_NO_IWM,91,0.37504827976226807
Maxwell,5,FAABE_NO_IWM,92,0.37504827976226807
Maxwell,5,FAABE_NO_IWM,93,0.37504827976226807
Maxwell,5,FAABE_NO_IWM,94,0.37504827976226807
Maxwell,5,FAABE_NO_IWM,95,0.37504827976226807
Maxwell,5,FAABE_NO_IWM,96,0.37504827976226807
Maxwell,5,FAABE_NO_IWM,97,0.37504827976226807
Maxwell,5,FAABE_NO_IWM,98,0.37504827976226807
Maxwell,5,FAABE_NO_IWM,99,0.37504827976226807
Maxwell,5,FAABE_NO_IWM,100,0.37504827976226807
Maxwell,5,FAABE_FULL,0,0.6104353666305542
Maxwell,5,FAABE_FULL,1,0.5867197513580322
Maxwell,5,FAABE_FULL,2,0.4576537609100342
Maxwell,5,FAABE_FULL,3,0.40236762166023254
Maxwell,5,FAABE_FULL,4,0.37679994106292725
Maxwell,5,FAABE_FULL,5,0.37679994106292725
Maxwell,5,FAABE_FULL,6,0.37679994106292725
Maxwell,5,FAABE_FULL,7,0.37679994106292725
Maxwell,5,FAABE_FULL,8,0.37679994106292725
Maxwell,5,FAABE_FULL,9,0.37679994106292725
Maxwell,5,FAABE_FULL,10,0.37679994106292725
Maxwell,5,FAABE_FULL,11,0.37679994106292725
Maxwell,5,FAABE_FULL,12,0.37679994106292725
Maxwell,5,FAABE_FULL,13,0.37679994106292725
Maxwell,5,FAABE_FULL,14,0.37679994106292725
Maxwell,5,FAABE_FULL,15,0.37679994106292725
Maxwell,5,FAABE_FULL,16,0.37679994106292725
Maxwell,5,FAABE_FULL,17,0.37679994106292725
Maxwell,5,FAABE_FULL,18,0.37428346276283264
Maxwell,5,FAABE_FULL,19,0.37428346276283264
Maxwell,5,FAABE_FULL,20,0.37428346276283264
Maxwell,5,FAABE_FULL,21,0.37428346276283264
Maxwell,5,FAABE_FULL,22,0.37428346276283264
Maxwell,5,FAABE_FULL,23,0.37428346276283264
Maxwell,5,FAABE_FULL,24,0.37428346276283264
Maxwell,5,FAABE_FULL,25,0.37428346276283264
Maxwell,5,FAABE_FULL,26,0.37428346276283264
Maxwell,5,FAABE_FULL,27,0.37428346276283264
Maxwell,5,FAABE_FULL,28,0.37428346276283264
Maxwell,5,FAABE_FULL,29,0.37428346276283264
Maxwell,5,FAABE_FULL,30,0.37428346276283264
Maxwell,5,FAABE_FULL,31,0.37428346276283264
Maxwell,5,FAABE_FULL,32,0.37428346276283264
Maxwell,5,FAABE_FULL,33,0.37428346276283264
Maxwell,5,FAABE_FULL,34,0.37428346276283264
Maxwell,5,FAABE_FULL,35,0.37428346276283264
Maxwell,5,FAABE_FULL,36,0.37428346276283264
Maxwell,5,FAABE_FULL,37,0.37428346276283264
Maxwell,5,FAABE_FULL,38,0.37428346276283264
Maxwell,5,FAABE_FULL,39,0.37428346276283264
Maxwell,5,FAABE_FULL,40,0.37428346276283264
Maxwell,5,FAABE_FULL,41,0.37428346276283264
Maxwell,5,FAABE_FULL,42,0.37428346276283264
Maxwell,5,FAABE_FULL,43,0.37428346276283264
Maxwell,5,FAABE_FULL,44,0.37428346276283264
Maxwell,5,FAABE_FULL,45,0.37428346276283264
Maxwell,5,FAABE_FULL,46,0.37428346276283264
Maxwell,5,FAABE_FULL,47,0.37428346276283264
Maxwell,5,FAABE_FULL,48,0.37428346276283264
Maxwell,5,FAABE_FULL,49,0.37428346276283264
Maxwell,5,FAABE_FULL,50,0.37428346276283264
Maxwell,5,FAABE_FULL,51,0.37428346276283264
Maxwell,5,FAABE_FULL,52,0.37428346276283264
Maxwell,5,FAABE_FULL,53,0.37428346276283264
Maxwell,5,FAABE_FULL,54,0.37428346276283264
Maxwell,5,FAABE_FULL,55,0.37428346276283264
Maxwell,5,FAABE_FULL,56,0.37428346276283264
Maxwell,5,FAABE_FULL,57,0.37428346276283264
Maxwell,5,FAABE_FULL,58,0.37428346276283264
Maxwell,5,FAABE_FULL,59,0.37428346276283264
Maxwell,5,FAABE_FULL,60,0.37428346276283264
Maxwell,5,FAABE_FULL,61,0.37428346276283264
Maxwell,5,FAABE_FULL,62,0.37428346276283264
Maxwell,5,FAABE_FULL,63,0.37428346276283264
Maxwell,5,FAABE_FULL,64,0.37428346276283264
Maxwell,5,FAABE_FULL,65,0.37428346276283264
Maxwell,5,FAABE_FULL,66,0.37428346276283264
Maxwell,5,FAABE_FULL,67,0.37428346276283264
Maxwell,5,FAABE_FULL,68,0.37428346276283264
Maxwell,5,FAABE_FULL,69,0.37428346276283264
Maxwell,5,FAABE_FULL,70,0.37428346276283264
Maxwell,5,FAABE_FULL,71,0.37428346276283264
Maxwell,5,FAABE_FULL,72,0.37428346276283264
Maxwell,5,FAABE_FULL,73,0.37428346276283264
Maxwell,5,FAABE_FULL,74,0.37428346276283264
Maxwell,5,FAABE_FULL,75,0.37428346276283264
Maxwell,5,FAABE_FULL,76,0.37428346276283264
Maxwell,5,FAABE_FULL,77,0.37428346276283264
Maxwell,5,FAABE_FULL,78,0.37428346276283264
Maxwell,5,FAABE_FULL,79,0.37428346276283264
Maxwell,5,FAABE_FULL,80,0.37428346276283264
Maxwell,5,FAABE_FULL,81,0.37428346276283264
Maxwell,5,FAABE_FULL,82,0.37428346276283264
Maxwell,5,FAABE_FULL,83,0.37428346276283264
Maxwell,5,FAABE_FULL,84,0.37428346276283264
Maxwell,5,FAABE_FULL,85,0.37428346276283264
Maxwell,5,FAABE_FULL,86,0.37428346276283264
Maxwell,5,FAABE_FULL,87,0.37428346276283264
Maxwell,5,FAABE_FULL,88,0.37428346276283264
Maxwell,5,FAABE_FULL,89,0.37428346276283264
Maxwell,5,FAABE_FULL,90,0.37428346276283264
Maxwell,5,FAABE_FULL,91,0.37428346276283264
Maxwell,5,FAABE_FULL,92,0.37428346276283264
Maxwell,5,FAABE_FULL,93,0.37428346276283264
Maxwell,5,FAABE_FULL,94,0.37428346276283264
Maxwell,5,FAABE_FULL,95,0.37428346276283264
Maxwell,5,FAABE_FULL,96,0.37428346276283264
Maxwell,5,FAABE_FULL,97,0.37428346276283264
Maxwell,5,FAABE_FULL,98,0.37428346276283264
Maxwell,5,FAABE_FULL,99,0.37428346276283264
Maxwell,5,FAABE_FULL,100,0.37428346276283264
Maxwell,6,FAABE_NO_PEARSON,0,0.8425406217575073
Maxwell,6,FAABE_NO_PEARSON,1,0.6614907383918762
Maxwell,6,FAABE_NO_PEARSON,2,0.608593225479126
Maxwell,6,FAABE_NO_PEARSON,3,0.5536029934883118
Maxwell,6,FAABE_NO_PEARSON,4,0.5536029934883118
Maxwell,6,FAABE_NO_PEARSON,5,0.5536029934883118
Maxwell,6,FAABE_NO_PEARSON,6,0.5536029934883118
Maxwell,6,FAABE_NO_PEARSON,7,0.5536029934883118
Maxwell,6,FAABE_NO_PEARSON,8,0.5536029934883118
Maxwell,6,FAABE_NO_PEARSON,9,0.5467352867126465
Maxwell,6,FAABE_NO_PEARSON,10,0.5467352867126465
Maxwell,6,FAABE_NO_PEARSON,11,0.5467352867126465
Maxwell,6,FAABE_NO_PEARSON,12,0.5467352867126465
Maxwell,6,FAABE_NO_PEARSON,13,0.5467352867126465
Maxwell,6,FAABE_NO_PEARSON,14,0.5467352867126465
Maxwell,6,FAABE_NO_PEARSON,15,0.5467352867126465
Maxwell,6,FAABE_NO_PEARSON,16,0.5467352867126465
Maxwell,6,FAABE_NO_PEARSON,17,0.5467352867126465
Maxwell,6,FAABE_NO_PEARSON,18,0.5467352867126465
Maxwell,6,FAABE_NO_PEARSON,19,0.5467352867126465
Maxwell,6,FAABE_NO_PEARSON,20,0.5467352867126465
Maxwell,6,FAABE_NO_PEARSON,21,0.5467352867126465
Maxwell,6,FAABE_NO_PEARSON,22,0.5467352867126465
Maxwell,6,FAABE_NO_PEARSON,23,0.5467352867126465
Maxwell,6,FAABE_NO_PEARSON,24,0.5467352867126465
Maxwell,6,FAABE_NO_PEARSON,25,0.5467352867126465
Maxwell,6,FAABE_NO_PEARSON,26,0.5467352867126465
Maxwell,6,FAABE_NO_PEARSON,27,0.5467352867126465
Maxwell,6,FAABE_NO_PEARSON,28,0.5467352867126465
Maxwell,6,FAABE_NO_PEARSON,29,0.5467352867126465
Maxwell,6,FAABE_NO_PEARSON,30,0.5467352867126465
Maxwell,6,FAABE_NO_PEARSON,31,0.5467352867126465
Maxwell,6,FAABE_NO_PEARSON,32,0.5467352867126465
Maxwell,6,FAABE_NO_PEARSON,33,0.5467352867126465
Maxwell,6,FAABE_NO_PEARSON,34,0.5467352867126465
Maxwell,6,FAABE_NO_PEARSON,35,0.5467352867126465
Maxwell,6,FAABE_NO_PEARSON,36,0.5467352867126465
Maxwell,6,FAABE_NO_PEARSON,37,0.5467352867126465
Maxwell,6,FAABE_NO_PEARSON,38,0.5467352867126465
Maxwell,6,FAABE_NO_PEARSON,39,0.5467352867126465
Maxwell,6,FAABE_NO_PEARSON,40,0.5467352867126465
Maxwell,6,FAABE_NO_PEARSON,41,0.5467352867126465
Maxwell,6,FAABE_NO_PEARSON,42,0.5467352867126465
Maxwell,6,FAABE_NO_PEARSON,43,0.5467352867126465
Maxwell,6,FAABE_NO_PEARSON,44,0.5467352867126465
Maxwell,6,FAABE_NO_PEARSON,45,0.5467352867126465
Maxwell,6,FAABE_NO_PEARSON,46,0.5462674498558044
Maxwell,6,FAABE_NO_PEARSON,47,0.5462674498558044
Maxwell,6,FAABE_NO_PEARSON,48,0.5462674498558044
Maxwell,6,FAABE_NO_PEARSON,49,0.5462674498558044
Maxwell,6,FAABE_NO_PEARSON,50,0.5462674498558044
Maxwell,6,FAABE_NO_PEARSON,51,0.5462674498558044
Maxwell,6,FAABE_NO_PEARSON,52,0.5462674498558044
Maxwell,6,FAABE_NO_PEARSON,53,0.5462674498558044
Maxwell,6,FAABE_NO_PEARSON,54,0.5462674498558044
Maxwell,6,FAABE_NO_PEARSON,55,0.5462674498558044
Maxwell,6,FAABE_NO_PEARSON,56,0.5462674498558044
Maxwell,6,FAABE_NO_PEARSON,57,0.5462674498558044
Maxwell,6,FAABE_NO_PEARSON,58,0.5462674498558044
Maxwell,6,FAABE_NO_PEARSON,59,0.5462674498558044
Maxwell,6,FAABE_NO_PEARSON,60,0.5462674498558044
Maxwell,6,FAABE_NO_PEARSON,61,0.5462674498558044
Maxwell,6,FAABE_NO_PEARSON,62,0.5462674498558044
Maxwell,6,FAABE_NO_PEARSON,63,0.5462674498558044
Maxwell,6,FAABE_NO_PEARSON,64,0.5462674498558044
Maxwell,6,FAABE_NO_PEARSON,65,0.5462674498558044
Maxwell,6,FAABE_NO_PEARSON,66,0.5462674498558044
Maxwell,6,FAABE_NO_PEARSON,67,0.5462674498558044
Maxwell,6,FAABE_NO_PEARSON,68,0.5462674498558044
Maxwell,6,FAABE_NO_PEARSON,69,0.5462674498558044
Maxwell,6,FAABE_NO_PEARSON,70,0.5462674498558044
Maxwell,6,FAABE_NO_PEARSON,71,0.5462674498558044
Maxwell,6,FAABE_NO_PEARSON,72,0.5462674498558044
Maxwell,6,FAABE_NO_PEARSON,73,0.5462674498558044
Maxwell,6,FAABE_NO_PEARSON,74,0.5462674498558044
Maxwell,6,FAABE_NO_PEARSON,75,0.5462674498558044
Maxwell,6,FAABE_NO_PEARSON,76,0.5462674498558044
Maxwell,6,FAABE_NO_PEARSON,77,0.5462674498558044
Maxwell,6,FAABE_NO_PEARSON,78,0.5462674498558044
Maxwell,6,FAABE_NO_PEARSON,79,0.5462674498558044
Maxwell,6,FAABE_NO_PEARSON,80,0.5462674498558044
Maxwell,6,FAABE_NO_PEARSON,81,0.5462674498558044
Maxwell,6,FAABE_NO_PEARSON,82,0.5462674498558044
Maxwell,6,FAABE_NO_PEARSON,83,0.5462674498558044
Maxwell,6,FAABE_NO_PEARSON,84,0.5068172812461853
Maxwell,6,FAABE_NO_PEARSON,85,0.5068172812461853
Maxwell,6,FAABE_NO_PEARSON,86,0.5068172812461853
Maxwell,6,FAABE_NO_PEARSON,87,0.5068172812461853
Maxwell,6,FAABE_NO_PEARSON,88,0.5068172812461853
Maxwell,6,FAABE_NO_PEARSON,89,0.5068172812461853
Maxwell,6,FAABE_NO_PEARSON,90,0.5068172812461853
Maxwell,6,FAABE_NO_PEARSON,91,0.5068172812461853
Maxwell,6,FAABE_NO_PEARSON,92,0.5068172812461853
Maxwell,6,FAABE_NO_PEARSON,93,0.5068172812461853
Maxwell,6,FAABE_NO_PEARSON,94,0.5068172812461853
Maxwell,6,FAABE_NO_PEARSON,95,0.5068172812461853
Maxwell,6,FAABE_NO_PEARSON,96,0.5068172812461853
Maxwell,6,FAABE_NO_PEARSON,97,0.5068172812461853
Maxwell,6,FAABE_NO_PEARSON,98,0.5068172812461853
Maxwell,6,FAABE_NO_PEARSON,99,0.5068172812461853
Maxwell,6,FAABE_NO_PEARSON,100,0.5068172812461853
Maxwell,6,FAABE_NO_IWM,0,0.6716611385345459
Maxwell,6,FAABE_NO_IWM,1,0.5418320894241333
Maxwell,6,FAABE_NO_IWM,2,0.49123677611351013
Maxwell,6,FAABE_NO_IWM,3,0.48785772919654846
Maxwell,6,FAABE_NO_IWM,4,0.4831453263759613
Maxwell,6,FAABE_NO_IWM,5,0.45940911769866943
Maxwell,6,FAABE_NO_IWM,6,0.45940911769866943
Maxwell,6,FAABE_NO_IWM,7,0.45940911769866943
Maxwell,6,FAABE_NO_IWM,8,0.45940911769866943
Maxwell,6,FAABE_NO_IWM,9,0.44123774766921997
Maxwell,6,FAABE_NO_IWM,10,0.44123774766921997
Maxwell,6,FAABE_NO_IWM,11,0.44123774766921997
Maxwell,6,FAABE_NO_IWM,12,0.44123774766921997
Maxwell,6,FAABE_NO_IWM,13,0.44123774766921997
Maxwell,6,FAABE_NO_IWM,14,0.44123774766921997
Maxwell,6,FAABE_NO_IWM,15,0.44123774766921997
Maxwell,6,FAABE_NO_IWM,16,0.4178813695907593
Maxwell,6,FAABE_NO_IWM,17,0.4178813695907593
Maxwell,6,FAABE_NO_IWM,18,0.4178813695907593
Maxwell,6,FAABE_NO_IWM,19,0.4178813695907593
Maxwell,6,FAABE_NO_IWM,20,0.4178813695907593
Maxwell,6,FAABE_NO_IWM,21,0.4178813695907593
Maxwell,6,FAABE_NO_IWM,22,0.4178813695907593
Maxwell,6,FAABE_NO_IWM,23,0.4178813695907593
Maxwell,6,FAABE_NO_IWM,24,0.4178813695907593
Maxwell,6,FAABE_NO_IWM,25,0.4178813695907593
Maxwell,6,FAABE_NO_IWM,26,0.4178813695907593
Maxwell,6,FAABE_NO_IWM,27,0.4178813695907593
Maxwell,6,FAABE_NO_IWM,28,0.4178813695907593
Maxwell,6,FAABE_NO_IWM,29,0.4178813695907593
Maxwell,6,FAABE_NO_IWM,30,0.4178813695907593
Maxwell,6,FAABE_NO_IWM,31,0.4178813695907593
Maxwell,6,FAABE_NO_IWM,32,0.4178813695907593
Maxwell,6,FAABE_NO_IWM,33,0.4178813695907593
Maxwell,6,FAABE_NO_IWM,34,0.4178813695907593
Maxwell,6,FAABE_NO_IWM,35,0.4178813695907593
Maxwell,6,FAABE_NO_IWM,36,0.4178813695907593
Maxwell,6,FAABE_NO_IWM,37,0.4178813695907593
Maxwell,6,FAABE_NO_IWM,38,0.4178813695907593
Maxwell,6,FAABE_NO_IWM,39,0.4178813695907593
Maxwell,6,FAABE_NO_IWM,40,0.4178813695907593
Maxwell,6,FAABE_NO_IWM,41,0.4178813695907593
Maxwell,6,FAABE_NO_IWM,42,0.4178813695907593
Maxwell,6,FAABE_NO_IWM,43,0.4178813695907593
Maxwell,6,FAABE_NO_IWM,44,0.4178813695907593
Maxwell,6,FAABE_NO_IWM,45,0.4178813695907593
Maxwell,6,FAABE_NO_IWM,46,0.4178813695907593
Maxwell,6,FAABE_NO_IWM,47,0.4178813695907593
Maxwell,6,FAABE_NO_IWM,48,0.4178813695907593
Maxwell,6,FAABE_NO_IWM,49,0.4178813695907593
Maxwell,6,FAABE_NO_IWM,50,0.4178813695907593
Maxwell,6,FAABE_NO_IWM,51,0.4178813695907593
Maxwell,6,FAABE_NO_IWM,52,0.4178813695907593
Maxwell,6,FAABE_NO_IWM,53,0.4178813695907593
Maxwell,6,FAABE_NO_IWM,54,0.4178813695907593
Maxwell,6,FAABE_NO_IWM,55,0.4178813695907593
Maxwell,6,FAABE_NO_IWM,56,0.4178813695907593
Maxwell,6,FAABE_NO_IWM,57,0.4178813695907593
Maxwell,6,FAABE_NO_IWM,58,0.4178813695907593
Maxwell,6,FAABE_NO_IWM,59,0.4178813695907593
Maxwell,6,FAABE_NO_IWM,60,0.4178813695907593
Maxwell,6,FAABE_NO_IWM,61,0.4178813695907593
Maxwell,6,FAABE_NO_IWM,62,0.4178813695907593
Maxwell,6,FAABE_NO_IWM,63,0.4178813695907593
Maxwell,6,FAABE_NO_IWM,64,0.4178813695907593
Maxwell,6,FAABE_NO_IWM,65,0.4178813695907593
Maxwell,6,FAABE_NO_IWM,66,0.4178813695907593
Maxwell,6,FAABE_NO_IWM,67,0.4178813695907593
Maxwell,6,FAABE_NO_IWM,68,0.4178813695907593
Maxwell,6,FAABE_NO_IWM,69,0.4178813695907593
Maxwell,6,FAABE_NO_IWM,70,0.4178813695907593
Maxwell,6,FAABE_NO_IWM,71,0.4178813695907593
Maxwell,6,FAABE_NO_IWM,72,0.4178813695907593
Maxwell,6,FAABE_NO_IWM,73,0.4178813695907593
Maxwell,6,FAABE_NO_IWM,74,0.4178813695907593
Maxwell,6,FAABE_NO_IWM,75,0.4178813695907593
Maxwell,6,FAABE_NO_IWM,76,0.4178813695907593
Maxwell,6,FAABE_NO_IWM,77,0.4178813695907593
Maxwell,6,FAABE_NO_IWM,78,0.4178813695907593
Maxwell,6,FAABE_NO_IWM,79,0.4178813695907593
Maxwell,6,FAABE_NO_IWM,80,0.4178813695907593
Maxwell,6,FAABE_NO_IWM,81,0.41224461793899536
Maxwell,6,FAABE_NO_IWM,82,0.41224461793899536
Maxwell,6,FAABE_NO_IWM,83,0.41224461793899536
Maxwell,6,FAABE_NO_IWM,84,0.41224461793899536
Maxwell,6,FAABE_NO_IWM,85,0.41224461793899536
Maxwell,6,FAABE_NO_IWM,86,0.41224461793899536
Maxwell,6,FAABE_NO_IWM,87,0.41224461793899536
Maxwell,6,FAABE_NO_IWM,88,0.41224461793899536
Maxwell,6,FAABE_NO_IWM,89,0.41224461793899536
Maxwell,6,FAABE_NO_IWM,90,0.41224461793899536
Maxwell,6,FAABE_NO_IWM,91,0.41224461793899536
Maxwell,6,FAABE_NO_IWM,92,0.41224461793899536
Maxwell,6,FAABE_NO_IWM,93,0.41224461793899536
Maxwell,6,FAABE_NO_IWM,94,0.41224461793899536
Maxwell,6,FAABE_NO_IWM,95,0.41224461793899536
Maxwell,6,FAABE_NO_IWM,96,0.41224461793899536
Maxwell,6,FAABE_NO_IWM,97,0.41224461793899536
Maxwell,6,FAABE_NO_IWM,98,0.41224461793899536
Maxwell,6,FAABE_NO_IWM,99,0.41224461793899536
Maxwell,6,FAABE_NO_IWM,100,0.41224461793899536
Maxwell,6,FAABE_FULL,0,0.6349204778671265
Maxwell,6,FAABE_FULL,1,0.5320379734039307
Maxwell,6,FAABE_FULL,2,0.45143356919288635
Maxwell,6,FAABE_FULL,3,0.4273279905319214
Maxwell,6,FAABE_FULL,4,0.4273279905319214
Maxwell,6,FAABE_FULL,5,0.4273279905319214
Maxwell,6,FAABE_FULL,6,0.4273279905319214
Maxwell,6,FAABE_FULL,7,0.4273279905319214
Maxwell,6,FAABE_FULL,8,0.4273279905319214
Maxwell,6,FAABE_FULL,9,0.4273279905319214
Maxwell,6,FAABE_FULL,10,0.4273279905319214
Maxwell,6,FAABE_FULL,11,0.4273279905319214
Maxwell,6,FAABE_FULL,12,0.4273279905319214
Maxwell,6,FAABE_FULL,13,0.4273279905319214
Maxwell,6,FAABE_FULL,14,0.4273279905319214
Maxwell,6,FAABE_FULL,15,0.4273279905319214
Maxwell,6,FAABE_FULL,16,0.4273279905319214
Maxwell,6,FAABE_FULL,17,0.4273279905319214
Maxwell,6,FAABE_FULL,18,0.4273279905319214
Maxwell,6,FAABE_FULL,19,0.4273279905319214
Maxwell,6,FAABE_FULL,20,0.4273279905319214
Maxwell,6,FAABE_FULL,21,0.4273279905319214
Maxwell,6,FAABE_FULL,22,0.4273279905319214
Maxwell,6,FAABE_FULL,23,0.4273279905319214
Maxwell,6,FAABE_FULL,24,0.42269042134284973
Maxwell,6,FAABE_FULL,25,0.42269042134284973
Maxwell,6,FAABE_FULL,26,0.42269042134284973
Maxwell,6,FAABE_FULL,27,0.42269042134284973
Maxwell,6,FAABE_FULL,28,0.42269042134284973
Maxwell,6,FAABE_FULL,29,0.42269042134284973
Maxwell,6,FAABE_FULL,30,0.42269042134284973
Maxwell,6,FAABE_FULL,31,0.413413405418396
Maxwell,6,FAABE_FULL,32,0.413413405418396
Maxwell,6,FAABE_FULL,33,0.413413405418396
Maxwell,6,FAABE_FULL,34,0.413413405418396
Maxwell,6,FAABE_FULL,35,0.413413405418396
Maxwell,6,FAABE_FULL,36,0.413413405418396
Maxwell,6,FAABE_FULL,37,0.413413405418396
Maxwell,6,FAABE_FULL,38,0.413413405418396
Maxwell,6,FAABE_FULL,39,0.413413405418396
Maxwell,6,FAABE_FULL,40,0.413413405418396
Maxwell,6,FAABE_FULL,41,0.413413405418396
Maxwell,6,FAABE_FULL,42,0.413413405418396
Maxwell,6,FAABE_FULL,43,0.413413405418396
Maxwell,6,FAABE_FULL,44,0.413413405418396
Maxwell,6,FAABE_FULL,45,0.413413405418396
Maxwell,6,FAABE_FULL,46,0.413413405418396
Maxwell,6,FAABE_FULL,47,0.413413405418396
Maxwell,6,FAABE_FULL,48,0.413413405418396
Maxwell,6,FAABE_FULL,49,0.413413405418396
Maxwell,6,FAABE_FULL,50,0.413413405418396
Maxwell,6,FAABE_FULL,51,0.413413405418396
Maxwell,6,FAABE_FULL,52,0.413413405418396
Maxwell,6,FAABE_FULL,53,0.413413405418396
Maxwell,6,FAABE_FULL,54,0.413413405418396
Maxwell,6,FAABE_FULL,55,0.413413405418396
Maxwell,6,FAABE_FULL,56,0.413413405418396
Maxwell,6,FAABE_FULL,57,0.413413405418396
Maxwell,6,FAABE_FULL,58,0.413413405418396
Maxwell,6,FAABE_FULL,59,0.413413405418396
Maxwell,6,FAABE_FULL,60,0.413413405418396
Maxwell,6,FAABE_FULL,61,0.413413405418396
Maxwell,6,FAABE_FULL,62,0.413413405418396
Maxwell,6,FAABE_FULL,63,0.413413405418396
Maxwell,6,FAABE_FULL,64,0.413413405418396
Maxwell,6,FAABE_FULL,65,0.413413405418396
Maxwell,6,FAABE_FULL,66,0.413413405418396
Maxwell,6,FAABE_FULL,67,0.413413405418396
Maxwell,6,FAABE_FULL,68,0.413413405418396
Maxwell,6,FAABE_FULL,69,0.413413405418396
Maxwell,6,FAABE_FULL,70,0.413413405418396
Maxwell,6,FAABE_FULL,71,0.413413405418396
Maxwell,6,FAABE_FULL,72,0.413413405418396
Maxwell,6,FAABE_FULL,73,0.413413405418396
Maxwell,6,FAABE_FULL,74,0.413413405418396
Maxwell,6,FAABE_FULL,75,0.413413405418396
Maxwell,6,FAABE_FULL,76,0.413413405418396
Maxwell,6,FAABE_FULL,77,0.413413405418396
Maxwell,6,FAABE_FULL,78,0.413413405418396
Maxwell,6,FAABE_FULL,79,0.413413405418396
Maxwell,6,FAABE_FULL,80,0.413413405418396
Maxwell,6,FAABE_FULL,81,0.413413405418396
Maxwell,6,FAABE_FULL,82,0.413413405418396
Maxwell,6,FAABE_FULL,83,0.413413405418396
Maxwell,6,FAABE_FULL,84,0.413413405418396
Maxwell,6,FAABE_FULL,85,0.413413405418396
Maxwell,6,FAABE_FULL,86,0.413413405418396
Maxwell,6,FAABE_FULL,87,0.413413405418396
Maxwell,6,FAABE_FULL,88,0.413413405418396
Maxwell,6,FAABE_FULL,89,0.413413405418396
Maxwell,6,FAABE_FULL,90,0.413413405418396
Maxwell,6,FAABE_FULL,91,0.413413405418396
Maxwell,6,FAABE_FULL,92,0.413413405418396
Maxwell,6,FAABE_FULL,93,0.413413405418396
Maxwell,6,FAABE_FULL,94,0.413413405418396
Maxwell,6,FAABE_FULL,95,0.413413405418396
Maxwell,6,FAABE_FULL,96,0.413413405418396
Maxwell,6,FAABE_FULL,97,0.413413405418396
Maxwell,6,FAABE_FULL,98,0.413413405418396
Maxwell,6,FAABE_FULL,99,0.413413405418396
Maxwell,6,FAABE_FULL,100,0.413413405418396
Maxwell,7,FAABE_NO_PEARSON,0,0.7674408555030823
Maxwell,7,FAABE_NO_PEARSON,1,0.6815611124038696
Maxwell,7,FAABE_NO_PEARSON,2,0.5537514090538025
Maxwell,7,FAABE_NO_PEARSON,3,0.5246273279190063
Maxwell,7,FAABE_NO_PEARSON,4,0.5246273279190063
Maxwell,7,FAABE_NO_PEARSON,5,0.5246273279190063
Maxwell,7,FAABE_NO_PEARSON,6,0.5246273279190063
Maxwell,7,FAABE_NO_PEARSON,7,0.5246273279190063
Maxwell,7,FAABE_NO_PEARSON,8,0.5246273279190063
Maxwell,7,FAABE_NO_PEARSON,9,0.5246273279190063
Maxwell,7,FAABE_NO_PEARSON,10,0.5246273279190063
Maxwell,7,FAABE_NO_PEARSON,11,0.5246273279190063
Maxwell,7,FAABE_NO_PEARSON,12,0.5246273279190063
Maxwell,7,FAABE_NO_PEARSON,13,0.5136563777923584
Maxwell,7,FAABE_NO_PEARSON,14,0.47810882329940796
Maxwell,7,FAABE_NO_PEARSON,15,0.47810882329940796
Maxwell,7,FAABE_NO_PEARSON,16,0.4417533874511719
Maxwell,7,FAABE_NO_PEARSON,17,0.4417533874511719
Maxwell,7,FAABE_NO_PEARSON,18,0.4417533874511719
Maxwell,7,FAABE_NO_PEARSON,19,0.4417533874511719
Maxwell,7,FAABE_NO_PEARSON,20,0.4417533874511719
Maxwell,7,FAABE_NO_PEARSON,21,0.4417533874511719
Maxwell,7,FAABE_NO_PEARSON,22,0.41301804780960083
Maxwell,7,FAABE_NO_PEARSON,23,0.41301804780960083
Maxwell,7,FAABE_NO_PEARSON,24,0.41301804780960083
Maxwell,7,FAABE_NO_PEARSON,25,0.41301804780960083
Maxwell,7,FAABE_NO_PEARSON,26,0.41301804780960083
Maxwell,7,FAABE_NO_PEARSON,27,0.41301804780960083
Maxwell,7,FAABE_NO_PEARSON,28,0.41301804780960083
Maxwell,7,FAABE_NO_PEARSON,29,0.41301804780960083
Maxwell,7,FAABE_NO_PEARSON,30,0.41301804780960083
Maxwell,7,FAABE_NO_PEARSON,31,0.41301804780960083
Maxwell,7,FAABE_NO_PEARSON,32,0.41301804780960083
Maxwell,7,FAABE_NO_PEARSON,33,0.41301804780960083
Maxwell,7,FAABE_NO_PEARSON,34,0.41301804780960083
Maxwell,7,FAABE_NO_PEARSON,35,0.41301804780960083
Maxwell,7,FAABE_NO_PEARSON,36,0.41301804780960083
Maxwell,7,FAABE_NO_PEARSON,37,0.41301804780960083
Maxwell,7,FAABE_NO_PEARSON,38,0.41301804780960083
Maxwell,7,FAABE_NO_PEARSON,39,0.41301804780960083
Maxwell,7,FAABE_NO_PEARSON,40,0.41301804780960083
Maxwell,7,FAABE_NO_PEARSON,41,0.41301804780960083
Maxwell,7,FAABE_NO_PEARSON,42,0.41301804780960083
Maxwell,7,FAABE_NO_PEARSON,43,0.41301804780960083
Maxwell,7,FAABE_NO_PEARSON,44,0.41301804780960083
Maxwell,7,FAABE_NO_PEARSON,45,0.41301804780960083
Maxwell,7,FAABE_NO_PEARSON,46,0.41301804780960083
Maxwell,7,FAABE_NO_PEARSON,47,0.41301804780960083
Maxwell,7,FAABE_NO_PEARSON,48,0.41301804780960083
Maxwell,7,FAABE_NO_PEARSON,49,0.41301804780960083
Maxwell,7,FAABE_NO_PEARSON,50,0.41301804780960083
Maxwell,7,FAABE_NO_PEARSON,51,0.41301804780960083
Maxwell,7,FAABE_NO_PEARSON,52,0.41301804780960083
Maxwell,7,FAABE_NO_PEARSON,53,0.41301804780960083
Maxwell,7,FAABE_NO_PEARSON,54,0.41301804780960083
Maxwell,7,FAABE_NO_PEARSON,55,0.41301804780960083
Maxwell,7,FAABE_NO_PEARSON,56,0.41301804780960083
Maxwell,7,FAABE_NO_PEARSON,57,0.41301804780960083
Maxwell,7,FAABE_NO_PEARSON,58,0.41301804780960083
Maxwell,7,FAABE_NO_PEARSON,59,0.41301804780960083
Maxwell,7,FAABE_NO_PEARSON,60,0.41301804780960083
Maxwell,7,FAABE_NO_PEARSON,61,0.41301804780960083
Maxwell,7,FAABE_NO_PEARSON,62,0.41301804780960083
Maxwell,7,FAABE_NO_PEARSON,63,0.41301804780960083
Maxwell,7,FAABE_NO_PEARSON,64,0.41301804780960083
Maxwell,7,FAABE_NO_PEARSON,65,0.41301804780960083
Maxwell,7,FAABE_NO_PEARSON,66,0.41301804780960083
Maxwell,7,FAABE_NO_PEARSON,67,0.41301804780960083
Maxwell,7,FAABE_NO_PEARSON,68,0.41301804780960083
Maxwell,7,FAABE_NO_PEARSON,69,0.41301804780960083
Maxwell,7,FAABE_NO_PEARSON,70,0.41301804780960083
Maxwell,7,FAABE_NO_PEARSON,71,0.41301804780960083
Maxwell,7,FAABE_NO_PEARSON,72,0.41301804780960083
Maxwell,7,FAABE_NO_PEARSON,73,0.41301804780960083
Maxwell,7,FAABE_NO_PEARSON,74,0.41301804780960083
Maxwell,7,FAABE_NO_PEARSON,75,0.41301804780960083
Maxwell,7,FAABE_NO_PEARSON,76,0.41301804780960083
Maxwell,7,FAABE_NO_PEARSON,77,0.41301804780960083
Maxwell,7,FAABE_NO_PEARSON,78,0.41301804780960083
Maxwell,7,FAABE_NO_PEARSON,79,0.41301804780960083
Maxwell,7,FAABE_NO_PEARSON,80,0.41301804780960083
Maxwell,7,FAABE_NO_PEARSON,81,0.41301804780960083
Maxwell,7,FAABE_NO_PEARSON,82,0.41301804780960083
Maxwell,7,FAABE_NO_PEARSON,83,0.41301804780960083
Maxwell,7,FAABE_NO_PEARSON,84,0.41301804780960083
Maxwell,7,FAABE_NO_PEARSON,85,0.41301804780960083
Maxwell,7,FAABE_NO_PEARSON,86,0.41301804780960083
Maxwell,7,FAABE_NO_PEARSON,87,0.41301804780960083
Maxwell,7,FAABE_NO_PEARSON,88,0.41301804780960083
Maxwell,7,FAABE_NO_PEARSON,89,0.41301804780960083
Maxwell,7,FAABE_NO_PEARSON,90,0.41301804780960083
Maxwell,7,FAABE_NO_PEARSON,91,0.41301804780960083
Maxwell,7,FAABE_NO_PEARSON,92,0.41301804780960083
Maxwell,7,FAABE_NO_PEARSON,93,0.41301804780960083
Maxwell,7,FAABE_NO_PEARSON,94,0.41301804780960083
Maxwell,7,FAABE_NO_PEARSON,95,0.41301804780960083
Maxwell,7,FAABE_NO_PEARSON,96,0.41301804780960083
Maxwell,7,FAABE_NO_PEARSON,97,0.41301804780960083
Maxwell,7,FAABE_NO_PEARSON,98,0.41301804780960083
Maxwell,7,FAABE_NO_PEARSON,99,0.41301804780960083
Maxwell,7,FAABE_NO_PEARSON,100,0.41301804780960083
Maxwell,7,FAABE_NO_IWM,0,0.6835246682167053
Maxwell,7,FAABE_NO_IWM,1,0.5326575636863708
Maxwell,7,FAABE_NO_IWM,2,0.40037375688552856
Maxwell,7,FAABE_NO_IWM,3,0.39034178853034973
Maxwell,7,FAABE_NO_IWM,4,0.39034178853034973
Maxwell,7,FAABE_NO_IWM,5,0.39034178853034973
Maxwell,7,FAABE_NO_IWM,6,0.39034178853034973
Maxwell,7,FAABE_NO_IWM,7,0.39034178853034973
Maxwell,7,FAABE_NO_IWM,8,0.39034178853034973
Maxwell,7,FAABE_NO_IWM,9,0.38479694724082947
Maxwell,7,FAABE_NO_IWM,10,0.38479694724082947
Maxwell,7,FAABE_NO_IWM,11,0.38479694724082947
Maxwell,7,FAABE_NO_IWM,12,0.38479694724082947
Maxwell,7,FAABE_NO_IWM,13,0.38479694724082947
Maxwell,7,FAABE_NO_IWM,14,0.3835674226284027
Maxwell,7,FAABE_NO_IWM,15,0.3835674226284027
Maxwell,7,FAABE_NO_IWM,16,0.3835674226284027
Maxwell,7,FAABE_NO_IWM,17,0.3835674226284027
Maxwell,7,FAABE_NO_IWM,18,0.3835674226284027
Maxwell,7,FAABE_NO_IWM,19,0.3835674226284027
Maxwell,7,FAABE_NO_IWM,20,0.3835674226284027
Maxwell,7,FAABE_NO_IWM,21,0.3738543391227722
Maxwell,7,FAABE_NO_IWM,22,0.3738543391227722
Maxwell,7,FAABE_NO_IWM,23,0.3738543391227722
Maxwell,7,FAABE_NO_IWM,24,0.3738543391227722
Maxwell,7,FAABE_NO_IWM,25,0.3738543391227722
Maxwell,7,FAABE_NO_IWM,26,0.3738543391227722
Maxwell,7,FAABE_NO_IWM,27,0.3738543391227722
Maxwell,7,FAABE_NO_IWM,28,0.3738543391227722
Maxwell,7,FAABE_NO_IWM,29,0.3738543391227722
Maxwell,7,FAABE_NO_IWM,30,0.36337268352508545
Maxwell,7,FAABE_NO_IWM,31,0.36337268352508545
Maxwell,7,FAABE_NO_IWM,32,0.36337268352508545
Maxwell,7,FAABE_NO_IWM,33,0.36337268352508545
Maxwell,7,FAABE_NO_IWM,34,0.3621778190135956
Maxwell,7,FAABE_NO_IWM,35,0.3621778190135956
Maxwell,7,FAABE_NO_IWM,36,0.3621778190135956
Maxwell,7,FAABE_NO_IWM,37,0.3621778190135956
Maxwell,7,FAABE_NO_IWM,38,0.3621778190135956
Maxwell,7,FAABE_NO_IWM,39,0.3621778190135956
Maxwell,7,FAABE_NO_IWM,40,0.3621778190135956
Maxwell,7,FAABE_NO_IWM,41,0.3621778190135956
Maxwell,7,FAABE_NO_IWM,42,0.3621778190135956
Maxwell,7,FAABE_NO_IWM,43,0.3621778190135956
Maxwell,7,FAABE_NO_IWM,44,0.3621778190135956
Maxwell,7,FAABE_NO_IWM,45,0.3621778190135956
Maxwell,7,FAABE_NO_IWM,46,0.3621778190135956
Maxwell,7,FAABE_NO_IWM,47,0.3621778190135956
Maxwell,7,FAABE_NO_IWM,48,0.3621778190135956
Maxwell,7,FAABE_NO_IWM,49,0.3621778190135956
Maxwell,7,FAABE_NO_IWM,50,0.3621778190135956
Maxwell,7,FAABE_NO_IWM,51,0.3621778190135956
Maxwell,7,FAABE_NO_IWM,52,0.3621778190135956
Maxwell,7,FAABE_NO_IWM,53,0.3621778190135956
Maxwell,7,FAABE_NO_IWM,54,0.3621778190135956
Maxwell,7,FAABE_NO_IWM,55,0.35823169350624084
Maxwell,7,FAABE_NO_IWM,56,0.35823169350624084
Maxwell,7,FAABE_NO_IWM,57,0.35823169350624084
Maxwell,7,FAABE_NO_IWM,58,0.35823169350624084
Maxwell,7,FAABE_NO_IWM,59,0.35823169350624084
Maxwell,7,FAABE_NO_IWM,60,0.35823169350624084
Maxwell,7,FAABE_NO_IWM,61,0.35823169350624084
Maxwell,7,FAABE_NO_IWM,62,0.35823169350624084
Maxwell,7,FAABE_NO_IWM,63,0.35823169350624084
Maxwell,7,FAABE_NO_IWM,64,0.35823169350624084
Maxwell,7,FAABE_NO_IWM,65,0.35823169350624084
Maxwell,7,FAABE_NO_IWM,66,0.35823169350624084
Maxwell,7,FAABE_NO_IWM,67,0.35823169350624084
Maxwell,7,FAABE_NO_IWM,68,0.35823169350624084
Maxwell,7,FAABE_NO_IWM,69,0.35823169350624084
Maxwell,7,FAABE_NO_IWM,70,0.35823169350624084
Maxwell,7,FAABE_NO_IWM,71,0.35823169350624084
Maxwell,7,FAABE_NO_IWM,72,0.35823169350624084
Maxwell,7,FAABE_NO_IWM,73,0.35823169350624084
Maxwell,7,FAABE_NO_IWM,74,0.35823169350624084
Maxwell,7,FAABE_NO_IWM,75,0.35823169350624084
Maxwell,7,FAABE_NO_IWM,76,0.35823169350624084
Maxwell,7,FAABE_NO_IWM,77,0.35823169350624084
Maxwell,7,FAABE_NO_IWM,78,0.3478859066963196
Maxwell,7,FAABE_NO_IWM,79,0.3478859066963196
Maxwell,7,FAABE_NO_IWM,80,0.3478859066963196
Maxwell,7,FAABE_NO_IWM,81,0.3478859066963196
Maxwell,7,FAABE_NO_IWM,82,0.3478859066963196
Maxwell,7,FAABE_NO_IWM,83,0.3478859066963196
Maxwell,7,FAABE_NO_IWM,84,0.3478859066963196
Maxwell,7,FAABE_NO_IWM,85,0.3478859066963196
Maxwell,7,FAABE_NO_IWM,86,0.3478859066963196
Maxwell,7,FAABE_NO_IWM,87,0.3478859066963196
Maxwell,7,FAABE_NO_IWM,88,0.3478859066963196
Maxwell,7,FAABE_NO_IWM,89,0.3478859066963196
Maxwell,7,FAABE_NO_IWM,90,0.3478859066963196
Maxwell,7,FAABE_NO_IWM,91,0.3478859066963196
Maxwell,7,FAABE_NO_IWM,92,0.3478859066963196
Maxwell,7,FAABE_NO_IWM,93,0.3478859066963196
Maxwell,7,FAABE_NO_IWM,94,0.3478859066963196
Maxwell,7,FAABE_NO_IWM,95,0.3478859066963196
Maxwell,7,FAABE_NO_IWM,96,0.3478859066963196
Maxwell,7,FAABE_NO_IWM,97,0.3478859066963196
Maxwell,7,FAABE_NO_IWM,98,0.3478859066963196
Maxwell,7,FAABE_NO_IWM,99,0.3478859066963196
Maxwell,7,FAABE_NO_IWM,100,0.3478859066963196
Maxwell,7,FAABE_FULL,0,0.6377421617507935
Maxwell,7,FAABE_FULL,1,0.4907410144805908
Maxwell,7,FAABE_FULL,2,0.4249204397201538
Maxwell,7,FAABE_FULL,3,0.4249204397201538
Maxwell,7,FAABE_FULL,4,0.4249204397201538
Maxwell,7,FAABE_FULL,5,0.4249204397201538
Maxwell,7,FAABE_FULL,6,0.4249204397201538
Maxwell,7,FAABE_FULL,7,0.4249204397201538
Maxwell,7,FAABE_FULL,8,0.4249204397201538
Maxwell,7,FAABE_FULL,9,0.418974906206131
Maxwell,7,FAABE_FULL,10,0.418974906206131
Maxwell,7,FAABE_FULL,11,0.41263970732688904
Maxwell,7,FAABE_FULL,12,0.41263970732688904
Maxwell,7,FAABE_FULL,13,0.41263970732688904
Maxwell,7,FAABE_FULL,14,0.41263970732688904
Maxwell,7,FAABE_FULL,15,0.41263970732688904
Maxwell,7,FAABE_FULL,16,0.41263970732688904
Maxwell,7,FAABE_FULL,17,0.41263970732688904
Maxwell,7,FAABE_FULL,18,0.39768344163894653
Maxwell,7,FAABE_FULL,19,0.39768344163894653
Maxwell,7,FAABE_FULL,20,0.39768344163894653
Maxwell,7,FAABE_FULL,21,0.39768344163894653
Maxwell,7,FAABE_FULL,22,0.39768344163894653
Maxwell,7,FAABE_FULL,23,0.39768344163894653
Maxwell,7,FAABE_FULL,24,0.39768344163894653
Maxwell,7,FAABE_FULL,25,0.39768344163894653
Maxwell,7,FAABE_FULL,26,0.39768344163894653
Maxwell,7,FAABE_FULL,27,0.39768344163894653
Maxwell,7,FAABE_FULL,28,0.39768344163894653
Maxwell,7,FAABE_FULL,29,0.39768344163894653
Maxwell,7,FAABE_FULL,30,0.38265153765678406
Maxwell,7,FAABE_FULL,31,0.38265153765678406
Maxwell,7,FAABE_FULL,32,0.38265153765678406
Maxwell,7,FAABE_FULL,33,0.376224160194397
Maxwell,7,FAABE_FULL,34,0.376224160194397
Maxwell,7,FAABE_FULL,35,0.376224160194397
Maxwell,7,FAABE_FULL,36,0.376224160194397
Maxwell,7,FAABE_FULL,37,0.376224160194397
Maxwell,7,FAABE_FULL,38,0.376224160194397
Maxwell,7,FAABE_FULL,39,0.376224160194397
Maxwell,7,FAABE_FULL,40,0.3714286983013153
Maxwell,7,FAABE_FULL,41,0.3714286983013153
Maxwell,7,FAABE_FULL,42,0.3714286983013153
Maxwell,7,FAABE_FULL,43,0.3714286983013153
Maxwell,7,FAABE_FULL,44,0.3714286983013153
Maxwell,7,FAABE_FULL,45,0.3714286983013153
Maxwell,7,FAABE_FULL,46,0.3714286983013153
Maxwell,7,FAABE_FULL,47,0.3714286983013153
Maxwell,7,FAABE_FULL,48,0.3714286983013153
Maxwell,7,FAABE_FULL,49,0.3714286983013153
Maxwell,7,FAABE_FULL,50,0.3714286983013153
Maxwell,7,FAABE_FULL,51,0.37142059206962585
Maxwell,7,FAABE_FULL,52,0.37142059206962585
Maxwell,7,FAABE_FULL,53,0.37142059206962585
Maxwell,7,FAABE_FULL,54,0.37142059206962585
Maxwell,7,FAABE_FULL,55,0.37142059206962585
Maxwell,7,FAABE_FULL,56,0.37142059206962585
Maxwell,7,FAABE_FULL,57,0.37142059206962585
Maxwell,7,FAABE_FULL,58,0.37142059206962585
Maxwell,7,FAABE_FULL,59,0.37142059206962585
Maxwell,7,FAABE_FULL,60,0.37142059206962585
Maxwell,7,FAABE_FULL,61,0.3551250994205475
Maxwell,7,FAABE_FULL,62,0.3551250994205475
Maxwell,7,FAABE_FULL,63,0.3551250994205475
Maxwell,7,FAABE_FULL,64,0.3551250994205475
Maxwell,7,FAABE_FULL,65,0.3551250994205475
Maxwell,7,FAABE_FULL,66,0.3551250994205475
Maxwell,7,FAABE_FULL,67,0.3551250994205475
Maxwell,7,FAABE_FULL,68,0.3551250994205475
Maxwell,7,FAABE_FULL,69,0.3551250994205475
Maxwell,7,FAABE_FULL,70,0.3551250994205475
Maxwell,7,FAABE_FULL,71,0.3551250994205475
Maxwell,7,FAABE_FULL,72,0.3551250994205475
Maxwell,7,FAABE_FULL,73,0.3551250994205475
Maxwell,7,FAABE_FULL,74,0.3551250994205475
Maxwell,7,FAABE_FULL,75,0.3551250994205475
Maxwell,7,FAABE_FULL,76,0.3551250994205475
Maxwell,7,FAABE_FULL,77,0.3551250994205475
Maxwell,7,FAABE_FULL,78,0.3551250994205475
Maxwell,7,FAABE_FULL,79,0.3551250994205475
Maxwell,7,FAABE_FULL,80,0.3551250994205475
Maxwell,7,FAABE_FULL,81,0.3551250994205475
Maxwell,7,FAABE_FULL,82,0.3551250994205475
Maxwell,7,FAABE_FULL,83,0.3551250994205475
Maxwell,7,FAABE_FULL,84,0.3551250994205475
Maxwell,7,FAABE_FULL,85,0.3551250994205475
Maxwell,7,FAABE_FULL,86,0.3551250994205475
Maxwell,7,FAABE_FULL,87,0.3551250994205475
Maxwell,7,FAABE_FULL,88,0.3551250994205475
Maxwell,7,FAABE_FULL,89,0.3551250994205475
Maxwell,7,FAABE_FULL,90,0.3551250994205475
Maxwell,7,FAABE_FULL,91,0.3551250994205475
Maxwell,7,FAABE_FULL,92,0.3551250994205475
Maxwell,7,FAABE_FULL,93,0.3551250994205475
Maxwell,7,FAABE_FULL,94,0.3551250994205475
Maxwell,7,FAABE_FULL,95,0.3551250994205475
Maxwell,7,FAABE_FULL,96,0.3551250994205475
Maxwell,7,FAABE_FULL,97,0.3551250994205475
Maxwell,7,FAABE_FULL,98,0.3551250994205475
Maxwell,7,FAABE_FULL,99,0.3551250994205475
Maxwell,7,FAABE_FULL,100,0.3551250994205475
Maxwell,8,FAABE_NO_PEARSON,0,0.6825884580612183
Maxwell,8,FAABE_NO_PEARSON,1,0.6605535745620728
Maxwell,8,FAABE_NO_PEARSON,2,0.5615280270576477
Maxwell,8,FAABE_NO_PEARSON,3,0.4710618853569031
Maxwell,8,FAABE_NO_PEARSON,4,0.4710618853569031
Maxwell,8,FAABE_NO_PEARSON,5,0.4710618853569031
Maxwell,8,FAABE_NO_PEARSON,6,0.4710618853569031
Maxwell,8,FAABE_NO_PEARSON,7,0.4710618853569031
Maxwell,8,FAABE_NO_PEARSON,8,0.4710618853569031
Maxwell,8,FAABE_NO_PEARSON,9,0.4710618853569031
Maxwell,8,FAABE_NO_PEARSON,10,0.4636615514755249
Maxwell,8,FAABE_NO_PEARSON,11,0.4636615514755249
Maxwell,8,FAABE_NO_PEARSON,12,0.4636615514755249
Maxwell,8,FAABE_NO_PEARSON,13,0.4636615514755249
Maxwell,8,FAABE_NO_PEARSON,14,0.4636615514755249
Maxwell,8,FAABE_NO_PEARSON,15,0.4636615514755249
Maxwell,8,FAABE_NO_PEARSON,16,0.4636615514755249
Maxwell,8,FAABE_NO_PEARSON,17,0.4636615514755249
Maxwell,8,FAABE_NO_PEARSON,18,0.4636615514755249
Maxwell,8,FAABE_NO_PEARSON,19,0.4636615514755249
Maxwell,8,FAABE_NO_PEARSON,20,0.4636615514755249
Maxwell,8,FAABE_NO_PEARSON,21,0.4636615514755249
Maxwell,8,FAABE_NO_PEARSON,22,0.4636615514755249
Maxwell,8,FAABE_NO_PEARSON,23,0.4636615514755249
Maxwell,8,FAABE_NO_PEARSON,24,0.4636615514755249
Maxwell,8,FAABE_NO_PEARSON,25,0.4636615514755249
Maxwell,8,FAABE_NO_PEARSON,26,0.4636615514755249
Maxwell,8,FAABE_NO_PEARSON,27,0.4636615514755249
Maxwell,8,FAABE_NO_PEARSON,28,0.4636615514755249
Maxwell,8,FAABE_NO_PEARSON,29,0.4636615514755249
Maxwell,8,FAABE_NO_PEARSON,30,0.4636615514755249
Maxwell,8,FAABE_NO_PEARSON,31,0.4636615514755249
Maxwell,8,FAABE_NO_PEARSON,32,0.4636615514755249
Maxwell,8,FAABE_NO_PEARSON,33,0.4636615514755249
Maxwell,8,FAABE_NO_PEARSON,34,0.4636615514755249
Maxwell,8,FAABE_NO_PEARSON,35,0.4636615514755249
Maxwell,8,FAABE_NO_PEARSON,36,0.4636615514755249
Maxwell,8,FAABE_NO_PEARSON,37,0.4636615514755249
Maxwell,8,FAABE_NO_PEARSON,38,0.4636615514755249
Maxwell,8,FAABE_NO_PEARSON,39,0.4636615514755249
Maxwell,8,FAABE_NO_PEARSON,40,0.4636615514755249
Maxwell,8,FAABE_NO_PEARSON,41,0.4636615514755249
Maxwell,8,FAABE_NO_PEARSON,42,0.4636615514755249
Maxwell,8,FAABE_NO_PEARSON,43,0.4636615514755249
Maxwell,8,FAABE_NO_PEARSON,44,0.4636615514755249
Maxwell,8,FAABE_NO_PEARSON,45,0.4636615514755249
Maxwell,8,FAABE_NO_PEARSON,46,0.4636615514755249
Maxwell,8,FAABE_NO_PEARSON,47,0.4636615514755249
Maxwell,8,FAABE_NO_PEARSON,48,0.4636615514755249
Maxwell,8,FAABE_NO_PEARSON,49,0.4636615514755249
Maxwell,8,FAABE_NO_PEARSON,50,0.4456152319908142
Maxwell,8,FAABE_NO_PEARSON,51,0.4456152319908142
Maxwell,8,FAABE_NO_PEARSON,52,0.4456152319908142
Maxwell,8,FAABE_NO_PEARSON,53,0.4456152319908142
Maxwell,8,FAABE_NO_PEARSON,54,0.4456152319908142
Maxwell,8,FAABE_NO_PEARSON,55,0.4456152319908142
Maxwell,8,FAABE_NO_PEARSON,56,0.4456152319908142
Maxwell,8,FAABE_NO_PEARSON,57,0.4456152319908142
Maxwell,8,FAABE_NO_PEARSON,58,0.4456152319908142
Maxwell,8,FAABE_NO_PEARSON,59,0.4456152319908142
Maxwell,8,FAABE_NO_PEARSON,60,0.4456152319908142
Maxwell,8,FAABE_NO_PEARSON,61,0.4456152319908142
Maxwell,8,FAABE_NO_PEARSON,62,0.4456152319908142
Maxwell,8,FAABE_NO_PEARSON,63,0.4456152319908142
Maxwell,8,FAABE_NO_PEARSON,64,0.4456152319908142
Maxwell,8,FAABE_NO_PEARSON,65,0.4456152319908142
Maxwell,8,FAABE_NO_PEARSON,66,0.4456152319908142
Maxwell,8,FAABE_NO_PEARSON,67,0.4456152319908142
Maxwell,8,FAABE_NO_PEARSON,68,0.4456152319908142
Maxwell,8,FAABE_NO_PEARSON,69,0.4456152319908142
Maxwell,8,FAABE_NO_PEARSON,70,0.4456152319908142
Maxwell,8,FAABE_NO_PEARSON,71,0.4456152319908142
Maxwell,8,FAABE_NO_PEARSON,72,0.4456152319908142
Maxwell,8,FAABE_NO_PEARSON,73,0.4456152319908142
Maxwell,8,FAABE_NO_PEARSON,74,0.4456152319908142
Maxwell,8,FAABE_NO_PEARSON,75,0.4456152319908142
Maxwell,8,FAABE_NO_PEARSON,76,0.4456152319908142
Maxwell,8,FAABE_NO_PEARSON,77,0.4456152319908142
Maxwell,8,FAABE_NO_PEARSON,78,0.4456152319908142
Maxwell,8,FAABE_NO_PEARSON,79,0.4456152319908142
Maxwell,8,FAABE_NO_PEARSON,80,0.4456152319908142
Maxwell,8,FAABE_NO_PEARSON,81,0.4456152319908142
Maxwell,8,FAABE_NO_PEARSON,82,0.4456152319908142
Maxwell,8,FAABE_NO_PEARSON,83,0.4456152319908142
Maxwell,8,FAABE_NO_PEARSON,84,0.4456152319908142
Maxwell,8,FAABE_NO_PEARSON,85,0.4456152319908142
Maxwell,8,FAABE_NO_PEARSON,86,0.4456152319908142
Maxwell,8,FAABE_NO_PEARSON,87,0.4456152319908142
Maxwell,8,FAABE_NO_PEARSON,88,0.4456152319908142
Maxwell,8,FAABE_NO_PEARSON,89,0.4456152319908142
Maxwell,8,FAABE_NO_PEARSON,90,0.4456152319908142
Maxwell,8,FAABE_NO_PEARSON,91,0.4456152319908142
Maxwell,8,FAABE_NO_PEARSON,92,0.4456152319908142
Maxwell,8,FAABE_NO_PEARSON,93,0.4456152319908142
Maxwell,8,FAABE_NO_PEARSON,94,0.4456152319908142
Maxwell,8,FAABE_NO_PEARSON,95,0.4456152319908142
Maxwell,8,FAABE_NO_PEARSON,96,0.4456152319908142
Maxwell,8,FAABE_NO_PEARSON,97,0.4456152319908142
Maxwell,8,FAABE_NO_PEARSON,98,0.4456152319908142
Maxwell,8,FAABE_NO_PEARSON,99,0.4456152319908142
Maxwell,8,FAABE_NO_PEARSON,100,0.4456152319908142
Maxwell,8,FAABE_NO_IWM,0,0.6201592683792114
Maxwell,8,FAABE_NO_IWM,1,0.4596291780471802
Maxwell,8,FAABE_NO_IWM,2,0.4291593134403229
Maxwell,8,FAABE_NO_IWM,3,0.37225064635276794
Maxwell,8,FAABE_NO_IWM,4,0.37225064635276794
Maxwell,8,FAABE_NO_IWM,5,0.37225064635276794
Maxwell,8,FAABE_NO_IWM,6,0.37225064635276794
Maxwell,8,FAABE_NO_IWM,7,0.37225064635276794
Maxwell,8,FAABE_NO_IWM,8,0.37225064635276794
Maxwell,8,FAABE_NO_IWM,9,0.37225064635276794
Maxwell,8,FAABE_NO_IWM,10,0.37225064635276794
Maxwell,8,FAABE_NO_IWM,11,0.37225064635276794
Maxwell,8,FAABE_NO_IWM,12,0.37225064635276794
Maxwell,8,FAABE_NO_IWM,13,0.37225064635276794
Maxwell,8,FAABE_NO_IWM,14,0.37225064635276794
Maxwell,8,FAABE_NO_IWM,15,0.37225064635276794
Maxwell,8,FAABE_NO_IWM,16,0.37225064635276794
Maxwell,8,FAABE_NO_IWM,17,0.37225064635276794
Maxwell,8,FAABE_NO_IWM,18,0.36677032709121704
Maxwell,8,FAABE_NO_IWM,19,0.36677032709121704
Maxwell,8,FAABE_NO_IWM,20,0.36677032709121704
Maxwell,8,FAABE_NO_IWM,21,0.36677032709121704
Maxwell,8,FAABE_NO_IWM,22,0.36677032709121704
Maxwell,8,FAABE_NO_IWM,23,0.36677032709121704
Maxwell,8,FAABE_NO_IWM,24,0.36677032709121704
Maxwell,8,FAABE_NO_IWM,25,0.36677032709121704
Maxwell,8,FAABE_NO_IWM,26,0.36677032709121704
Maxwell,8,FAABE_NO_IWM,27,0.36677032709121704
Maxwell,8,FAABE_NO_IWM,28,0.36677032709121704
Maxwell,8,FAABE_NO_IWM,29,0.36677032709121704
Maxwell,8,FAABE_NO_IWM,30,0.36677032709121704
Maxwell,8,FAABE_NO_IWM,31,0.36677032709121704
Maxwell,8,FAABE_NO_IWM,32,0.36677032709121704
Maxwell,8,FAABE_NO_IWM,33,0.36677032709121704
Maxwell,8,FAABE_NO_IWM,34,0.36677032709121704
Maxwell,8,FAABE_NO_IWM,35,0.36677032709121704
Maxwell,8,FAABE_NO_IWM,36,0.36677032709121704
Maxwell,8,FAABE_NO_IWM,37,0.36677032709121704
Maxwell,8,FAABE_NO_IWM,38,0.35172799229621887
Maxwell,8,FAABE_NO_IWM,39,0.35172799229621887
Maxwell,8,FAABE_NO_IWM,40,0.35172799229621887
Maxwell,8,FAABE_NO_IWM,41,0.3485213816165924
Maxwell,8,FAABE_NO_IWM,42,0.3485213816165924
Maxwell,8,FAABE_NO_IWM,43,0.3485213816165924
Maxwell,8,FAABE_NO_IWM,44,0.3485213816165924
Maxwell,8,FAABE_NO_IWM,45,0.3485213816165924
Maxwell,8,FAABE_NO_IWM,46,0.3485213816165924
Maxwell,8,FAABE_NO_IWM,47,0.3485213816165924
Maxwell,8,FAABE_NO_IWM,48,0.3485213816165924
Maxwell,8,FAABE_NO_IWM,49,0.3485213816165924
Maxwell,8,FAABE_NO_IWM,50,0.3485213816165924
Maxwell,8,FAABE_NO_IWM,51,0.3485213816165924
Maxwell,8,FAABE_NO_IWM,52,0.3485213816165924
Maxwell,8,FAABE_NO_IWM,53,0.3485213816165924
Maxwell,8,FAABE_NO_IWM,54,0.3485213816165924
Maxwell,8,FAABE_NO_IWM,55,0.3485213816165924
Maxwell,8,FAABE_NO_IWM,56,0.3485213816165924
Maxwell,8,FAABE_NO_IWM,57,0.3485213816165924
Maxwell,8,FAABE_NO_IWM,58,0.3485213816165924
Maxwell,8,FAABE_NO_IWM,59,0.3485213816165924
Maxwell,8,FAABE_NO_IWM,60,0.3485213816165924
Maxwell,8,FAABE_NO_IWM,61,0.3485213816165924
Maxwell,8,FAABE_NO_IWM,62,0.3485213816165924
Maxwell,8,FAABE_NO_IWM,63,0.3485213816165924
Maxwell,8,FAABE_NO_IWM,64,0.3485213816165924
Maxwell,8,FAABE_NO_IWM,65,0.3485213816165924
Maxwell,8,FAABE_NO_IWM,66,0.3485213816165924
Maxwell,8,FAABE_NO_IWM,67,0.3485213816165924
Maxwell,8,FAABE_NO_IWM,68,0.3485213816165924
Maxwell,8,FAABE_NO_IWM,69,0.3485213816165924
Maxwell,8,FAABE_NO_IWM,70,0.3485213816165924
Maxwell,8,FAABE_NO_IWM,71,0.3485213816165924
Maxwell,8,FAABE_NO_IWM,72,0.3485213816165924
Maxwell,8,FAABE_NO_IWM,73,0.3485213816165924
Maxwell,8,FAABE_NO_IWM,74,0.3485213816165924
Maxwell,8,FAABE_NO_IWM,75,0.3485213816165924
Maxwell,8,FAABE_NO_IWM,76,0.34121814370155334
Maxwell,8,FAABE_NO_IWM,77,0.34121814370155334
Maxwell,8,FAABE_NO_IWM,78,0.34121814370155334
Maxwell,8,FAABE_NO_IWM,79,0.34121814370155334
Maxwell,8,FAABE_NO_IWM,80,0.34121814370155334
Maxwell,8,FAABE_NO_IWM,81,0.34121814370155334
Maxwell,8,FAABE_NO_IWM,82,0.34121814370155334
Maxwell,8,FAABE_NO_IWM,83,0.34121814370155334
Maxwell,8,FAABE_NO_IWM,84,0.34121814370155334
Maxwell,8,FAABE_NO_IWM,85,0.34121814370155334
Maxwell,8,FAABE_NO_IWM,86,0.34121814370155334
Maxwell,8,FAABE_NO_IWM,87,0.34121814370155334
Maxwell,8,FAABE_NO_IWM,88,0.34121814370155334
Maxwell,8,FAABE_NO_IWM,89,0.34121814370155334
Maxwell,8,FAABE_NO_IWM,90,0.34121814370155334
Maxwell,8,FAABE_NO_IWM,91,0.34121814370155334
Maxwell,8,FAABE_NO_IWM,92,0.34121814370155334
Maxwell,8,FAABE_NO_IWM,93,0.34121814370155334
Maxwell,8,FAABE_NO_IWM,94,0.34121814370155334
Maxwell,8,FAABE_NO_IWM,95,0.34121814370155334
Maxwell,8,FAABE_NO_IWM,96,0.34121814370155334
Maxwell,8,FAABE_NO_IWM,97,0.34121814370155334
Maxwell,8,FAABE_NO_IWM,98,0.34121814370155334
Maxwell,8,FAABE_NO_IWM,99,0.34121814370155334
Maxwell,8,FAABE_NO_IWM,100,0.34121814370155334
Maxwell,8,FAABE_FULL,0,0.6394068002700806
Maxwell,8,FAABE_FULL,1,0.5558339357376099
Maxwell,8,FAABE_FULL,2,0.4721217155456543
Maxwell,8,FAABE_FULL,3,0.47065436840057373
Maxwell,8,FAABE_FULL,4,0.46777570247650146
Maxwell,8,FAABE_FULL,5,0.46777570247650146
Maxwell,8,FAABE_FULL,6,0.4218290448188782
Maxwell,8,FAABE_FULL,7,0.38552820682525635
Maxwell,8,FAABE_FULL,8,0.38552820682525635
Maxwell,8,FAABE_FULL,9,0.38552820682525635
Maxwell,8,FAABE_FULL,10,0.38552820682525635
Maxwell,8,FAABE_FULL,11,0.38552820682525635
Maxwell,8,FAABE_FULL,12,0.38552820682525635
Maxwell,8,FAABE_FULL,13,0.38552820682525635
Maxwell,8,FAABE_FULL,14,0.38552820682525635
Maxwell,8,FAABE_FULL,15,0.38552820682525635
Maxwell,8,FAABE_FULL,16,0.38552820682525635
Maxwell,8,FAABE_FULL,17,0.38552820682525635
Maxwell,8,FAABE_FULL,18,0.38552820682525635
Maxwell,8,FAABE_FULL,19,0.38552820682525635
Maxwell,8,FAABE_FULL,20,0.3818128705024719
Maxwell,8,FAABE_FULL,21,0.3818128705024719
Maxwell,8,FAABE_FULL,22,0.37248316407203674
Maxwell,8,FAABE_FULL,23,0.37248316407203674
Maxwell,8,FAABE_FULL,24,0.37248316407203674
Maxwell,8,FAABE_FULL,25,0.37248316407203674
Maxwell,8,FAABE_FULL,26,0.37248316407203674
Maxwell,8,FAABE_FULL,27,0.37248316407203674
Maxwell,8,FAABE_FULL,28,0.37248316407203674
Maxwell,8,FAABE_FULL,29,0.37248316407203674
Maxwell,8,FAABE_FULL,30,0.37248316407203674
Maxwell,8,FAABE_FULL,31,0.37248316407203674
Maxwell,8,FAABE_FULL,32,0.37248316407203674
Maxwell,8,FAABE_FULL,33,0.37248316407203674
Maxwell,8,FAABE_FULL,34,0.37248316407203674
Maxwell,8,FAABE_FULL,35,0.37248316407203674
Maxwell,8,FAABE_FULL,36,0.37248316407203674
Maxwell,8,FAABE_FULL,37,0.37248316407203674
Maxwell,8,FAABE_FULL,38,0.37248316407203674
Maxwell,8,FAABE_FULL,39,0.37248316407203674
Maxwell,8,FAABE_FULL,40,0.37248316407203674
Maxwell,8,FAABE_FULL,41,0.36855965852737427
Maxwell,8,FAABE_FULL,42,0.36855965852737427
Maxwell,8,FAABE_FULL,43,0.36855965852737427
Maxwell,8,FAABE_FULL,44,0.3636634051799774
Maxwell,8,FAABE_FULL,45,0.3636634051799774
Maxwell,8,FAABE_FULL,46,0.3636634051799774
Maxwell,8,FAABE_FULL,47,0.3636634051799774
Maxwell,8,FAABE_FULL,48,0.3636634051799774
Maxwell,8,FAABE_FULL,49,0.3636634051799774
Maxwell,8,FAABE_FULL,50,0.3636634051799774
Maxwell,8,FAABE_FULL,51,0.3636634051799774
Maxwell,8,FAABE_FULL,52,0.3636634051799774
Maxwell,8,FAABE_FULL,53,0.3636634051799774
Maxwell,8,FAABE_FULL,54,0.3636634051799774
Maxwell,8,FAABE_FULL,55,0.3636634051799774
Maxwell,8,FAABE_FULL,56,0.3636634051799774
Maxwell,8,FAABE_FULL,57,0.3636634051799774
Maxwell,8,FAABE_FULL,58,0.3636634051799774
Maxwell,8,FAABE_FULL,59,0.3636634051799774
Maxwell,8,FAABE_FULL,60,0.3636634051799774
Maxwell,8,FAABE_FULL,61,0.3636634051799774
Maxwell,8,FAABE_FULL,62,0.3636634051799774
Maxwell,8,FAABE_FULL,63,0.3636634051799774
Maxwell,8,FAABE_FULL,64,0.3636634051799774
Maxwell,8,FAABE_FULL,65,0.3636634051799774
Maxwell,8,FAABE_FULL,66,0.3636634051799774
Maxwell,8,FAABE_FULL,67,0.3636634051799774
Maxwell,8,FAABE_FULL,68,0.3636634051799774
Maxwell,8,FAABE_FULL,69,0.3636634051799774
Maxwell,8,FAABE_FULL,70,0.3636634051799774
Maxwell,8,FAABE_FULL,71,0.3636634051799774
Maxwell,8,FAABE_FULL,72,0.3636634051799774
Maxwell,8,FAABE_FULL,73,0.3636634051799774
Maxwell,8,FAABE_FULL,74,0.3636634051799774
Maxwell,8,FAABE_FULL,75,0.3636634051799774
Maxwell,8,FAABE_FULL,76,0.3636634051799774
Maxwell,8,FAABE_FULL,77,0.3636634051799774
Maxwell,8,FAABE_FULL,78,0.3636634051799774
Maxwell,8,FAABE_FULL,79,0.3636634051799774
Maxwell,8,FAABE_FULL,80,0.3636634051799774
Maxwell,8,FAABE_FULL,81,0.3636634051799774
Maxwell,8,FAABE_FULL,82,0.3636634051799774
Maxwell,8,FAABE_FULL,83,0.3636634051799774
Maxwell,8,FAABE_FULL,84,0.3636634051799774
Maxwell,8,FAABE_FULL,85,0.3636634051799774
Maxwell,8,FAABE_FULL,86,0.3636634051799774
Maxwell,8,FAABE_FULL,87,0.3636634051799774
Maxwell,8,FAABE_FULL,88,0.3636634051799774
Maxwell,8,FAABE_FULL,89,0.3636634051799774
Maxwell,8,FAABE_FULL,90,0.3636634051799774
Maxwell,8,FAABE_FULL,91,0.3636634051799774
Maxwell,8,FAABE_FULL,92,0.3636634051799774
Maxwell,8,FAABE_FULL,93,0.3636634051799774
Maxwell,8,FAABE_FULL,94,0.3636634051799774
Maxwell,8,FAABE_FULL,95,0.3636634051799774
Maxwell,8,FAABE_FULL,96,0.3636634051799774
Maxwell,8,FAABE_FULL,97,0.3636634051799774
Maxwell,8,FAABE_FULL,98,0.3636634051799774
Maxwell,8,FAABE_FULL,99,0.3636634051799774
Maxwell,8,FAABE_FULL,100,0.3636634051799774
Maxwell,9,FAABE_NO_PEARSON,0,0.7481710910797119
Maxwell,9,FAABE_NO_PEARSON,1,0.605508029460907
Maxwell,9,FAABE_NO_PEARSON,2,0.605508029460907
Maxwell,9,FAABE_NO_PEARSON,3,0.605508029460907
Maxwell,9,FAABE_NO_PEARSON,4,0.605508029460907
Maxwell,9,FAABE_NO_PEARSON,5,0.605508029460907
Maxwell,9,FAABE_NO_PEARSON,6,0.5888947248458862
Maxwell,9,FAABE_NO_PEARSON,7,0.5888947248458862
Maxwell,9,FAABE_NO_PEARSON,8,0.5888947248458862
Maxwell,9,FAABE_NO_PEARSON,9,0.5888947248458862
Maxwell,9,FAABE_NO_PEARSON,10,0.5888947248458862
Maxwell,9,FAABE_NO_PEARSON,11,0.5799986124038696
Maxwell,9,FAABE_NO_PEARSON,12,0.5799986124038696
Maxwell,9,FAABE_NO_PEARSON,13,0.5467432737350464
Maxwell,9,FAABE_NO_PEARSON,14,0.5467432737350464
Maxwell,9,FAABE_NO_PEARSON,15,0.5467432737350464
Maxwell,9,FAABE_NO_PEARSON,16,0.5467432737350464
Maxwell,9,FAABE_NO_PEARSON,17,0.5467432737350464
Maxwell,9,FAABE_NO_PEARSON,18,0.5467432737350464
Maxwell,9,FAABE_NO_PEARSON,19,0.5467432737350464
Maxwell,9,FAABE_NO_PEARSON,20,0.5467432737350464
Maxwell,9,FAABE_NO_PEARSON,21,0.5467432737350464
Maxwell,9,FAABE_NO_PEARSON,22,0.5467432737350464
Maxwell,9,FAABE_NO_PEARSON,23,0.5467432737350464
Maxwell,9,FAABE_NO_PEARSON,24,0.5467432737350464
Maxwell,9,FAABE_NO_PEARSON,25,0.5467432737350464
Maxwell,9,FAABE_NO_PEARSON,26,0.5467432737350464
Maxwell,9,FAABE_NO_PEARSON,27,0.5467432737350464
Maxwell,9,FAABE_NO_PEARSON,28,0.5467432737350464
Maxwell,9,FAABE_NO_PEARSON,29,0.5467432737350464
Maxwell,9,FAABE_NO_PEARSON,30,0.5467432737350464
Maxwell,9,FAABE_NO_PEARSON,31,0.5467432737350464
Maxwell,9,FAABE_NO_PEARSON,32,0.5467432737350464
Maxwell,9,FAABE_NO_PEARSON,33,0.5467432737350464
Maxwell,9,FAABE_NO_PEARSON,34,0.5467432737350464
Maxwell,9,FAABE_NO_PEARSON,35,0.5467432737350464
Maxwell,9,FAABE_NO_PEARSON,36,0.5467432737350464
Maxwell,9,FAABE_NO_PEARSON,37,0.5467432737350464
Maxwell,9,FAABE_NO_PEARSON,38,0.5467432737350464
Maxwell,9,FAABE_NO_PEARSON,39,0.5467432737350464
Maxwell,9,FAABE_NO_PEARSON,40,0.5467432737350464
Maxwell,9,FAABE_NO_PEARSON,41,0.5467432737350464
Maxwell,9,FAABE_NO_PEARSON,42,0.5467432737350464
Maxwell,9,FAABE_NO_PEARSON,43,0.5467432737350464
Maxwell,9,FAABE_NO_PEARSON,44,0.5467432737350464
Maxwell,9,FAABE_NO_PEARSON,45,0.5467432737350464
Maxwell,9,FAABE_NO_PEARSON,46,0.5467432737350464
Maxwell,9,FAABE_NO_PEARSON,47,0.5467432737350464
Maxwell,9,FAABE_NO_PEARSON,48,0.5467432737350464
Maxwell,9,FAABE_NO_PEARSON,49,0.5467432737350464
Maxwell,9,FAABE_NO_PEARSON,50,0.5467432737350464
Maxwell,9,FAABE_NO_PEARSON,51,0.5467432737350464
Maxwell,9,FAABE_NO_PEARSON,52,0.5467432737350464
Maxwell,9,FAABE_NO_PEARSON,53,0.5467432737350464
Maxwell,9,FAABE_NO_PEARSON,54,0.5467432737350464
Maxwell,9,FAABE_NO_PEARSON,55,0.5467432737350464
Maxwell,9,FAABE_NO_PEARSON,56,0.5467432737350464
Maxwell,9,FAABE_NO_PEARSON,57,0.5467432737350464
Maxwell,9,FAABE_NO_PEARSON,58,0.5467432737350464
Maxwell,9,FAABE_NO_PEARSON,59,0.5467432737350464
Maxwell,9,FAABE_NO_PEARSON,60,0.5319803953170776
Maxwell,9,FAABE_NO_PEARSON,61,0.5319803953170776
Maxwell,9,FAABE_NO_PEARSON,62,0.5319803953170776
Maxwell,9,FAABE_NO_PEARSON,63,0.5319803953170776
Maxwell,9,FAABE_NO_PEARSON,64,0.5319803953170776
Maxwell,9,FAABE_NO_PEARSON,65,0.5319803953170776
Maxwell,9,FAABE_NO_PEARSON,66,0.5319803953170776
Maxwell,9,FAABE_NO_PEARSON,67,0.5319803953170776
Maxwell,9,FAABE_NO_PEARSON,68,0.5319803953170776
Maxwell,9,FAABE_NO_PEARSON,69,0.5319803953170776
Maxwell,9,FAABE_NO_PEARSON,70,0.5319803953170776
Maxwell,9,FAABE_NO_PEARSON,71,0.5319803953170776
Maxwell,9,FAABE_NO_PEARSON,72,0.5260526537895203
Maxwell,9,FAABE_NO_PEARSON,73,0.5260526537895203
Maxwell,9,FAABE_NO_PEARSON,74,0.5260526537895203
Maxwell,9,FAABE_NO_PEARSON,75,0.5260526537895203
Maxwell,9,FAABE_NO_PEARSON,76,0.5260526537895203
Maxwell,9,FAABE_NO_PEARSON,77,0.5260526537895203
Maxwell,9,FAABE_NO_PEARSON,78,0.5260526537895203
Maxwell,9,FAABE_NO_PEARSON,79,0.5260526537895203
Maxwell,9,FAABE_NO_PEARSON,80,0.5260526537895203
Maxwell,9,FAABE_NO_PEARSON,81,0.5260526537895203
Maxwell,9,FAABE_NO_PEARSON,82,0.5260526537895203
Maxwell,9,FAABE_NO_PEARSON,83,0.5260526537895203
Maxwell,9,FAABE_NO_PEARSON,84,0.5260526537895203
Maxwell,9,FAABE_NO_PEARSON,85,0.5115455389022827
Maxwell,9,FAABE_NO_PEARSON,86,0.5115455389022827
Maxwell,9,FAABE_NO_PEARSON,87,0.5115455389022827
Maxwell,9,FAABE_NO_PEARSON,88,0.5115455389022827
Maxwell,9,FAABE_NO_PEARSON,89,0.5115455389022827
Maxwell,9,FAABE_NO_PEARSON,90,0.5115455389022827
Maxwell,9,FAABE_NO_PEARSON,91,0.5115455389022827
Maxwell,9,FAABE_NO_PEARSON,92,0.5115455389022827
Maxwell,9,FAABE_NO_PEARSON,93,0.5115455389022827
Maxwell,9,FAABE_NO_PEARSON,94,0.5115455389022827
Maxwell,9,FAABE_NO_PEARSON,95,0.5115455389022827
Maxwell,9,FAABE_NO_PEARSON,96,0.5115455389022827
Maxwell,9,FAABE_NO_PEARSON,97,0.5115455389022827
Maxwell,9,FAABE_NO_PEARSON,98,0.5115455389022827
Maxwell,9,FAABE_NO_PEARSON,99,0.5115455389022827
Maxwell,9,FAABE_NO_PEARSON,100,0.5115455389022827
Maxwell,9,FAABE_NO_IWM,0,0.7883489727973938
Maxwell,9,FAABE_NO_IWM,1,0.5201882123947144
Maxwell,9,FAABE_NO_IWM,2,0.4772738218307495
Maxwell,9,FAABE_NO_IWM,3,0.4772738218307495
Maxwell,9,FAABE_NO_IWM,4,0.4772738218307495
Maxwell,9,FAABE_NO_IWM,5,0.470603883266449
Maxwell,9,FAABE_NO_IWM,6,0.470603883266449
Maxwell,9,FAABE_NO_IWM,7,0.470603883266449
Maxwell,9,FAABE_NO_IWM,8,0.4702227711677551
Maxwell,9,FAABE_NO_IWM,9,0.4702227711677551
Maxwell,9,FAABE_NO_IWM,10,0.4702227711677551
Maxwell,9,FAABE_NO_IWM,11,0.4702227711677551
Maxwell,9,FAABE_NO_IWM,12,0.4702227711677551
Maxwell,9,FAABE_NO_IWM,13,0.4485473930835724
Maxwell,9,FAABE_NO_IWM,14,0.4485473930835724
Maxwell,9,FAABE_NO_IWM,15,0.4485473930835724
Maxwell,9,FAABE_NO_IWM,16,0.43908318877220154
Maxwell,9,FAABE_NO_IWM,17,0.43908318877220154
Maxwell,9,FAABE_NO_IWM,18,0.43908318877220154
Maxwell,9,FAABE_NO_IWM,19,0.43908318877220154
Maxwell,9,FAABE_NO_IWM,20,0.43908318877220154
Maxwell,9,FAABE_NO_IWM,21,0.43908318877220154
Maxwell,9,FAABE_NO_IWM,22,0.43908318877220154
Maxwell,9,FAABE_NO_IWM,23,0.43908318877220154
Maxwell,9,FAABE_NO_IWM,24,0.43908318877220154
Maxwell,9,FAABE_NO_IWM,25,0.43908318877220154
Maxwell,9,FAABE_NO_IWM,26,0.43908318877220154
Maxwell,9,FAABE_NO_IWM,27,0.43908318877220154
Maxwell,9,FAABE_NO_IWM,28,0.43908318877220154
Maxwell,9,FAABE_NO_IWM,29,0.43908318877220154
Maxwell,9,FAABE_NO_IWM,30,0.43908318877220154
Maxwell,9,FAABE_NO_IWM,31,0.43908318877220154
Maxwell,9,FAABE_NO_IWM,32,0.43908318877220154
Maxwell,9,FAABE_NO_IWM,33,0.43908318877220154
Maxwell,9,FAABE_NO_IWM,34,0.43908318877220154
Maxwell,9,FAABE_NO_IWM,35,0.43908318877220154
Maxwell,9,FAABE_NO_IWM,36,0.43908318877220154
Maxwell,9,FAABE_NO_IWM,37,0.43908318877220154
Maxwell,9,FAABE_NO_IWM,38,0.43908318877220154
Maxwell,9,FAABE_NO_IWM,39,0.43908318877220154
Maxwell,9,FAABE_NO_IWM,40,0.43908318877220154
Maxwell,9,FAABE_NO_IWM,41,0.43908318877220154
Maxwell,9,FAABE_NO_IWM,42,0.43908318877220154
Maxwell,9,FAABE_NO_IWM,43,0.43908318877220154
Maxwell,9,FAABE_NO_IWM,44,0.43908318877220154
Maxwell,9,FAABE_NO_IWM,45,0.43908318877220154
Maxwell,9,FAABE_NO_IWM,46,0.43908318877220154
Maxwell,9,FAABE_NO_IWM,47,0.43314027786254883
Maxwell,9,FAABE_NO_IWM,48,0.43314027786254883
Maxwell,9,FAABE_NO_IWM,49,0.43314027786254883
Maxwell,9,FAABE_NO_IWM,50,0.43314027786254883
Maxwell,9,FAABE_NO_IWM,51,0.43314027786254883
Maxwell,9,FAABE_NO_IWM,52,0.43314027786254883
Maxwell,9,FAABE_NO_IWM,53,0.43314027786254883
Maxwell,9,FAABE_NO_IWM,54,0.43314027786254883
Maxwell,9,FAABE_NO_IWM,55,0.43314027786254883
Maxwell,9,FAABE_NO_IWM,56,0.43314027786254883
Maxwell,9,FAABE_NO_IWM,57,0.43314027786254883
Maxwell,9,FAABE_NO_IWM,58,0.43314027786254883
Maxwell,9,FAABE_NO_IWM,59,0.43314027786254883
Maxwell,9,FAABE_NO_IWM,60,0.43314027786254883
Maxwell,9,FAABE_NO_IWM,61,0.43314027786254883
Maxwell,9,FAABE_NO_IWM,62,0.43314027786254883
Maxwell,9,FAABE_NO_IWM,63,0.43314027786254883
Maxwell,9,FAABE_NO_IWM,64,0.43314027786254883
Maxwell,9,FAABE_NO_IWM,65,0.43314027786254883
Maxwell,9,FAABE_NO_IWM,66,0.43314027786254883
Maxwell,9,FAABE_NO_IWM,67,0.43314027786254883
Maxwell,9,FAABE_NO_IWM,68,0.43314027786254883
Maxwell,9,FAABE_NO_IWM,69,0.43314027786254883
Maxwell,9,FAABE_NO_IWM,70,0.43314027786254883
Maxwell,9,FAABE_NO_IWM,71,0.43314027786254883
Maxwell,9,FAABE_NO_IWM,72,0.43314027786254883
Maxwell,9,FAABE_NO_IWM,73,0.43314027786254883
Maxwell,9,FAABE_NO_IWM,74,0.43314027786254883
Maxwell,9,FAABE_NO_IWM,75,0.43314027786254883
Maxwell,9,FAABE_NO_IWM,76,0.43314027786254883
Maxwell,9,FAABE_NO_IWM,77,0.43314027786254883
Maxwell,9,FAABE_NO_IWM,78,0.43314027786254883
Maxwell,9,FAABE_NO_IWM,79,0.43314027786254883
Maxwell,9,FAABE_NO_IWM,80,0.43314027786254883
Maxwell,9,FAABE_NO_IWM,81,0.43314027786254883
Maxwell,9,FAABE_NO_IWM,82,0.43314027786254883
Maxwell,9,FAABE_NO_IWM,83,0.43314027786254883
Maxwell,9,FAABE_NO_IWM,84,0.43314027786254883
Maxwell,9,FAABE_NO_IWM,85,0.43314027786254883
Maxwell,9,FAABE_NO_IWM,86,0.43314027786254883
Maxwell,9,FAABE_NO_IWM,87,0.43314027786254883
Maxwell,9,FAABE_NO_IWM,88,0.43314027786254883
Maxwell,9,FAABE_NO_IWM,89,0.43314027786254883
Maxwell,9,FAABE_NO_IWM,90,0.43314027786254883
Maxwell,9,FAABE_NO_IWM,91,0.43314027786254883
Maxwell,9,FAABE_NO_IWM,92,0.43314027786254883
Maxwell,9,FAABE_NO_IWM,93,0.43314027786254883
Maxwell,9,FAABE_NO_IWM,94,0.43314027786254883
Maxwell,9,FAABE_NO_IWM,95,0.43314027786254883
Maxwell,9,FAABE_NO_IWM,96,0.43314027786254883
Maxwell,9,FAABE_NO_IWM,97,0.43314027786254883
Maxwell,9,FAABE_NO_IWM,98,0.43314027786254883
Maxwell,9,FAABE_NO_IWM,99,0.43314027786254883
Maxwell,9,FAABE_NO_IWM,100,0.43314027786254883
Maxwell,9,FAABE_FULL,0,0.6570174694061279
Maxwell,9,FAABE_FULL,1,0.4935145974159241
Maxwell,9,FAABE_FULL,2,0.48250287771224976
Maxwell,9,FAABE_FULL,3,0.48250287771224976
Maxwell,9,FAABE_FULL,4,0.48250287771224976
Maxwell,9,FAABE_FULL,5,0.48250287771224976
Maxwell,9,FAABE_FULL,6,0.48250287771224976
Maxwell,9,FAABE_FULL,7,0.48250287771224976
Maxwell,9,FAABE_FULL,8,0.48250287771224976
Maxwell,9,FAABE_FULL,9,0.48250287771224976
Maxwell,9,FAABE_FULL,10,0.47701314091682434
Maxwell,9,FAABE_FULL,11,0.47656163573265076
Maxwell,9,FAABE_FULL,12,0.47635388374328613
Maxwell,9,FAABE_FULL,13,0.4635838270187378
Maxwell,9,FAABE_FULL,14,0.4635838270187378
Maxwell,9,FAABE_FULL,15,0.4635838270187378
Maxwell,9,FAABE_FULL,16,0.4635838270187378
Maxwell,9,FAABE_FULL,17,0.4554590582847595
Maxwell,9,FAABE_FULL,18,0.4554590582847595
Maxwell,9,FAABE_FULL,19,0.4554590582847595
Maxwell,9,FAABE_FULL,20,0.4554590582847595
Maxwell,9,FAABE_FULL,21,0.4554590582847595
Maxwell,9,FAABE_FULL,22,0.4554590582847595
Maxwell,9,FAABE_FULL,23,0.4554590582847595
Maxwell,9,FAABE_FULL,24,0.4554590582847595
Maxwell,9,FAABE_FULL,25,0.4554590582847595
Maxwell,9,FAABE_FULL,26,0.4554590582847595
Maxwell,9,FAABE_FULL,27,0.4554590582847595
Maxwell,9,FAABE_FULL,28,0.4554590582847595
Maxwell,9,FAABE_FULL,29,0.4554590582847595
Maxwell,9,FAABE_FULL,30,0.4554590582847595
Maxwell,9,FAABE_FULL,31,0.4554590582847595
Maxwell,9,FAABE_FULL,32,0.4554590582847595
Maxwell,9,FAABE_FULL,33,0.4554590582847595
Maxwell,9,FAABE_FULL,34,0.4554590582847595
Maxwell,9,FAABE_FULL,35,0.4554590582847595
Maxwell,9,FAABE_FULL,36,0.4554590582847595
Maxwell,9,FAABE_FULL,37,0.4554590582847595
Maxwell,9,FAABE_FULL,38,0.4554590582847595
Maxwell,9,FAABE_FULL,39,0.4554590582847595
Maxwell,9,FAABE_FULL,40,0.4554590582847595
Maxwell,9,FAABE_FULL,41,0.4554590582847595
Maxwell,9,FAABE_FULL,42,0.4554590582847595
Maxwell,9,FAABE_FULL,43,0.4554590582847595
Maxwell,9,FAABE_FULL,44,0.4554590582847595
Maxwell,9,FAABE_FULL,45,0.4554590582847595
Maxwell,9,FAABE_FULL,46,0.4554590582847595
Maxwell,9,FAABE_FULL,47,0.4554590582847595
Maxwell,9,FAABE_FULL,48,0.4554590582847595
Maxwell,9,FAABE_FULL,49,0.4554590582847595
Maxwell,9,FAABE_FULL,50,0.4554590582847595
Maxwell,9,FAABE_FULL,51,0.4554590582847595
Maxwell,9,FAABE_FULL,52,0.4554590582847595
Maxwell,9,FAABE_FULL,53,0.4554590582847595
Maxwell,9,FAABE_FULL,54,0.4554590582847595
Maxwell,9,FAABE_FULL,55,0.4554590582847595
Maxwell,9,FAABE_FULL,56,0.4554590582847595
Maxwell,9,FAABE_FULL,57,0.4554590582847595
Maxwell,9,FAABE_FULL,58,0.4554590582847595
Maxwell,9,FAABE_FULL,59,0.4554590582847595
Maxwell,9,FAABE_FULL,60,0.4554590582847595
Maxwell,9,FAABE_FULL,61,0.4554590582847595
Maxwell,9,FAABE_FULL,62,0.4554590582847595
Maxwell,9,FAABE_FULL,63,0.4554590582847595
Maxwell,9,FAABE_FULL,64,0.4554590582847595
Maxwell,9,FAABE_FULL,65,0.4554590582847595
Maxwell,9,FAABE_FULL,66,0.4554590582847595
Maxwell,9,FAABE_FULL,67,0.4554590582847595
Maxwell,9,FAABE_FULL,68,0.4554590582847595
Maxwell,9,FAABE_FULL,69,0.4554590582847595
Maxwell,9,FAABE_FULL,70,0.44943761825561523
Maxwell,9,FAABE_FULL,71,0.44943761825561523
Maxwell,9,FAABE_FULL,72,0.44943761825561523
Maxwell,9,FAABE_FULL,73,0.44943761825561523
Maxwell,9,FAABE_FULL,74,0.44943761825561523
Maxwell,9,FAABE_FULL,75,0.44943761825561523
Maxwell,9,FAABE_FULL,76,0.44943761825561523
Maxwell,9,FAABE_FULL,77,0.44943761825561523
Maxwell,9,FAABE_FULL,78,0.44943761825561523
Maxwell,9,FAABE_FULL,79,0.44943761825561523
Maxwell,9,FAABE_FULL,80,0.44943761825561523
Maxwell,9,FAABE_FULL,81,0.44943761825561523
Maxwell,9,FAABE_FULL,82,0.44943761825561523
Maxwell,9,FAABE_FULL,83,0.44943761825561523
Maxwell,9,FAABE_FULL,84,0.44943761825561523
Maxwell,9,FAABE_FULL,85,0.44943761825561523
Maxwell,9,FAABE_FULL,86,0.44943761825561523
Maxwell,9,FAABE_FULL,87,0.44943761825561523
Maxwell,9,FAABE_FULL,88,0.44943761825561523
Maxwell,9,FAABE_FULL,89,0.44943761825561523
Maxwell,9,FAABE_FULL,90,0.44943761825561523
Maxwell,9,FAABE_FULL,91,0.44943761825561523
Maxwell,9,FAABE_FULL,92,0.44943761825561523
Maxwell,9,FAABE_FULL,93,0.44943761825561523
Maxwell,9,FAABE_FULL,94,0.44943761825561523
Maxwell,9,FAABE_FULL,95,0.44943761825561523
Maxwell,9,FAABE_FULL,96,0.44943761825561523
Maxwell,9,FAABE_FULL,97,0.44943761825561523
Maxwell,9,FAABE_FULL,98,0.44943761825561523
Maxwell,9,FAABE_FULL,99,0.44943761825561523
Maxwell,9,FAABE_FULL,100,0.44943761825561523
Maxwell,10,FAABE_NO_PEARSON,0,0.918048620223999
Maxwell,10,FAABE_NO_PEARSON,1,0.7609352469444275
Maxwell,10,FAABE_NO_PEARSON,2,0.7292423844337463
Maxwell,10,FAABE_NO_PEARSON,3,0.7161083817481995
Maxwell,10,FAABE_NO_PEARSON,4,0.6487113237380981
Maxwell,10,FAABE_NO_PEARSON,5,0.6487113237380981
Maxwell,10,FAABE_NO_PEARSON,6,0.6487113237380981
Maxwell,10,FAABE_NO_PEARSON,7,0.6422041654586792
Maxwell,10,FAABE_NO_PEARSON,8,0.6173704266548157
Maxwell,10,FAABE_NO_PEARSON,9,0.6173704266548157
Maxwell,10,FAABE_NO_PEARSON,10,0.6173704266548157
Maxwell,10,FAABE_NO_PEARSON,11,0.6173704266548157
Maxwell,10,FAABE_NO_PEARSON,12,0.6173704266548157
Maxwell,10,FAABE_NO_PEARSON,13,0.5895576477050781
Maxwell,10,FAABE_NO_PEARSON,14,0.5895576477050781
Maxwell,10,FAABE_NO_PEARSON,15,0.5828927755355835
Maxwell,10,FAABE_NO_PEARSON,16,0.5828927755355835
Maxwell,10,FAABE_NO_PEARSON,17,0.5828927755355835
Maxwell,10,FAABE_NO_PEARSON,18,0.5828927755355835
Maxwell,10,FAABE_NO_PEARSON,19,0.5828927755355835
Maxwell,10,FAABE_NO_PEARSON,20,0.5828927755355835
Maxwell,10,FAABE_NO_PEARSON,21,0.5828927755355835
Maxwell,10,FAABE_NO_PEARSON,22,0.5828927755355835
Maxwell,10,FAABE_NO_PEARSON,23,0.5335783362388611
Maxwell,10,FAABE_NO_PEARSON,24,0.5335783362388611
Maxwell,10,FAABE_NO_PEARSON,25,0.5335783362388611
Maxwell,10,FAABE_NO_PEARSON,26,0.5335783362388611
Maxwell,10,FAABE_NO_PEARSON,27,0.5335783362388611
Maxwell,10,FAABE_NO_PEARSON,28,0.5335783362388611
Maxwell,10,FAABE_NO_PEARSON,29,0.5335783362388611
Maxwell,10,FAABE_NO_PEARSON,30,0.5335783362388611
Maxwell,10,FAABE_NO_PEARSON,31,0.5335783362388611
Maxwell,10,FAABE_NO_PEARSON,32,0.5335783362388611
Maxwell,10,FAABE_NO_PEARSON,33,0.5335783362388611
Maxwell,10,FAABE_NO_PEARSON,34,0.5335783362388611
Maxwell,10,FAABE_NO_PEARSON,35,0.5335783362388611
Maxwell,10,FAABE_NO_PEARSON,36,0.5335783362388611
Maxwell,10,FAABE_NO_PEARSON,37,0.5335783362388611
Maxwell,10,FAABE_NO_PEARSON,38,0.5335783362388611
Maxwell,10,FAABE_NO_PEARSON,39,0.5335783362388611
Maxwell,10,FAABE_NO_PEARSON,40,0.5335783362388611
Maxwell,10,FAABE_NO_PEARSON,41,0.5335783362388611
Maxwell,10,FAABE_NO_PEARSON,42,0.5335783362388611
Maxwell,10,FAABE_NO_PEARSON,43,0.5335783362388611
Maxwell,10,FAABE_NO_PEARSON,44,0.5335783362388611
Maxwell,10,FAABE_NO_PEARSON,45,0.5335783362388611
Maxwell,10,FAABE_NO_PEARSON,46,0.5249608755111694
Maxwell,10,FAABE_NO_PEARSON,47,0.5249608755111694
Maxwell,10,FAABE_NO_PEARSON,48,0.5249608755111694
Maxwell,10,FAABE_NO_PEARSON,49,0.5249608755111694
Maxwell,10,FAABE_NO_PEARSON,50,0.5249608755111694
Maxwell,10,FAABE_NO_PEARSON,51,0.5249608755111694
Maxwell,10,FAABE_NO_PEARSON,52,0.5249608755111694
Maxwell,10,FAABE_NO_PEARSON,53,0.5249608755111694
Maxwell,10,FAABE_NO_PEARSON,54,0.5249608755111694
Maxwell,10,FAABE_NO_PEARSON,55,0.5249608755111694
Maxwell,10,FAABE_NO_PEARSON,56,0.5249608755111694
Maxwell,10,FAABE_NO_PEARSON,57,0.5249608755111694
Maxwell,10,FAABE_NO_PEARSON,58,0.5249608755111694
Maxwell,10,FAABE_NO_PEARSON,59,0.5249608755111694
Maxwell,10,FAABE_NO_PEARSON,60,0.5249608755111694
Maxwell,10,FAABE_NO_PEARSON,61,0.5249608755111694
Maxwell,10,FAABE_NO_PEARSON,62,0.5249608755111694
Maxwell,10,FAABE_NO_PEARSON,63,0.5249608755111694
Maxwell,10,FAABE_NO_PEARSON,64,0.5249608755111694
Maxwell,10,FAABE_NO_PEARSON,65,0.5249608755111694
Maxwell,10,FAABE_NO_PEARSON,66,0.5249608755111694
Maxwell,10,FAABE_NO_PEARSON,67,0.5249608755111694
Maxwell,10,FAABE_NO_PEARSON,68,0.5249608755111694
Maxwell,10,FAABE_NO_PEARSON,69,0.5249608755111694
Maxwell,10,FAABE_NO_PEARSON,70,0.5249608755111694
Maxwell,10,FAABE_NO_PEARSON,71,0.5249608755111694
Maxwell,10,FAABE_NO_PEARSON,72,0.5249608755111694
Maxwell,10,FAABE_NO_PEARSON,73,0.5249608755111694
Maxwell,10,FAABE_NO_PEARSON,74,0.5249608755111694
Maxwell,10,FAABE_NO_PEARSON,75,0.5249608755111694
Maxwell,10,FAABE_NO_PEARSON,76,0.5249608755111694
Maxwell,10,FAABE_NO_PEARSON,77,0.5249608755111694
Maxwell,10,FAABE_NO_PEARSON,78,0.5249608755111694
Maxwell,10,FAABE_NO_PEARSON,79,0.5249608755111694
Maxwell,10,FAABE_NO_PEARSON,80,0.5249608755111694
Maxwell,10,FAABE_NO_PEARSON,81,0.5249608755111694
Maxwell,10,FAABE_NO_PEARSON,82,0.5249608755111694
Maxwell,10,FAABE_NO_PEARSON,83,0.5249608755111694
Maxwell,10,FAABE_NO_PEARSON,84,0.5249608755111694
Maxwell,10,FAABE_NO_PEARSON,85,0.5249608755111694
Maxwell,10,FAABE_NO_PEARSON,86,0.5249608755111694
Maxwell,10,FAABE_NO_PEARSON,87,0.5249608755111694
Maxwell,10,FAABE_NO_PEARSON,88,0.5249608755111694
Maxwell,10,FAABE_NO_PEARSON,89,0.5249608755111694
Maxwell,10,FAABE_NO_PEARSON,90,0.5249608755111694
Maxwell,10,FAABE_NO_PEARSON,91,0.5249608755111694
Maxwell,10,FAABE_NO_PEARSON,92,0.5249608755111694
Maxwell,10,FAABE_NO_PEARSON,93,0.5249608755111694
Maxwell,10,FAABE_NO_PEARSON,94,0.5249608755111694
Maxwell,10,FAABE_NO_PEARSON,95,0.5249608755111694
Maxwell,10,FAABE_NO_PEARSON,96,0.5249608755111694
Maxwell,10,FAABE_NO_PEARSON,97,0.5249608755111694
Maxwell,10,FAABE_NO_PEARSON,98,0.5249608755111694
Maxwell,10,FAABE_NO_PEARSON,99,0.5249608755111694
Maxwell,10,FAABE_NO_PEARSON,100,0.5249608755111694
Maxwell,10,FAABE_NO_IWM,0,0.7404154539108276
Maxwell,10,FAABE_NO_IWM,1,0.570894181728363
Maxwell,10,FAABE_NO_IWM,2,0.47683194279670715
Maxwell,10,FAABE_NO_IWM,3,0.47683194279670715
Maxwell,10,FAABE_NO_IWM,4,0.4521256387233734
Maxwell,10,FAABE_NO_IWM,5,0.4521256387233734
Maxwell,10,FAABE_NO_IWM,6,0.4521256387233734
Maxwell,10,FAABE_NO_IWM,7,0.4521256387233734
Maxwell,10,FAABE_NO_IWM,8,0.4521256387233734
Maxwell,10,FAABE_NO_IWM,9,0.4521256387233734
Maxwell,10,FAABE_NO_IWM,10,0.4521256387233734
Maxwell,10,FAABE_NO_IWM,11,0.4521256387233734
Maxwell,10,FAABE_NO_IWM,12,0.4521256387233734
Maxwell,10,FAABE_NO_IWM,13,0.4521256387233734
Maxwell,10,FAABE_NO_IWM,14,0.4521256387233734
Maxwell,10,FAABE_NO_IWM,15,0.4521256387233734
Maxwell,10,FAABE_NO_IWM,16,0.4521256387233734
Maxwell,10,FAABE_NO_IWM,17,0.4521256387233734
Maxwell,10,FAABE_NO_IWM,18,0.4521256387233734
Maxwell,10,FAABE_NO_IWM,19,0.4521256387233734
Maxwell,10,FAABE_NO_IWM,20,0.4466818869113922
Maxwell,10,FAABE_NO_IWM,21,0.4466818869113922
Maxwell,10,FAABE_NO_IWM,22,0.4466818869113922
Maxwell,10,FAABE_NO_IWM,23,0.4466818869113922
Maxwell,10,FAABE_NO_IWM,24,0.4466818869113922
Maxwell,10,FAABE_NO_IWM,25,0.4466818869113922
Maxwell,10,FAABE_NO_IWM,26,0.4466818869113922
Maxwell,10,FAABE_NO_IWM,27,0.4466818869113922
Maxwell,10,FAABE_NO_IWM,28,0.4466818869113922
Maxwell,10,FAABE_NO_IWM,29,0.4466818869113922
Maxwell,10,FAABE_NO_IWM,30,0.4466818869113922
Maxwell,10,FAABE_NO_IWM,31,0.4466818869113922
Maxwell,10,FAABE_NO_IWM,32,0.4466818869113922
Maxwell,10,FAABE_NO_IWM,33,0.4466818869113922
Maxwell,10,FAABE_NO_IWM,34,0.4466818869113922
Maxwell,10,FAABE_NO_IWM,35,0.4466818869113922
Maxwell,10,FAABE_NO_IWM,36,0.4466818869113922
Maxwell,10,FAABE_NO_IWM,37,0.4466818869113922
Maxwell,10,FAABE_NO_IWM,38,0.4466818869113922
Maxwell,10,FAABE_NO_IWM,39,0.4466818869113922
Maxwell,10,FAABE_NO_IWM,40,0.4466818869113922
Maxwell,10,FAABE_NO_IWM,41,0.4466818869113922
Maxwell,10,FAABE_NO_IWM,42,0.4466818869113922
Maxwell,10,FAABE_NO_IWM,43,0.4411022961139679
Maxwell,10,FAABE_NO_IWM,44,0.4411022961139679
Maxwell,10,FAABE_NO_IWM,45,0.4411022961139679
Maxwell,10,FAABE_NO_IWM,46,0.4411022961139679
Maxwell,10,FAABE_NO_IWM,47,0.4411022961139679
Maxwell,10,FAABE_NO_IWM,48,0.4411022961139679
Maxwell,10,FAABE_NO_IWM,49,0.4411022961139679
Maxwell,10,FAABE_NO_IWM,50,0.4411022961139679
Maxwell,10,FAABE_NO_IWM,51,0.4411022961139679
Maxwell,10,FAABE_NO_IWM,52,0.4411022961139679
Maxwell,10,FAABE_NO_IWM,53,0.4411022961139679
Maxwell,10,FAABE_NO_IWM,54,0.4411022961139679
Maxwell,10,FAABE_NO_IWM,55,0.4411022961139679
Maxwell,10,FAABE_NO_IWM,56,0.4411022961139679
Maxwell,10,FAABE_NO_IWM,57,0.4411022961139679
Maxwell,10,FAABE_NO_IWM,58,0.4411022961139679
Maxwell,10,FAABE_NO_IWM,59,0.4411022961139679
Maxwell,10,FAABE_NO_IWM,60,0.4411022961139679
Maxwell,10,FAABE_NO_IWM,61,0.4411022961139679
Maxwell,10,FAABE_NO_IWM,62,0.4411022961139679
Maxwell,10,FAABE_NO_IWM,63,0.4411022961139679
Maxwell,10,FAABE_NO_IWM,64,0.4411022961139679
Maxwell,10,FAABE_NO_IWM,65,0.4411022961139679
Maxwell,10,FAABE_NO_IWM,66,0.4411022961139679
Maxwell,10,FAABE_NO_IWM,67,0.4411022961139679
Maxwell,10,FAABE_NO_IWM,68,0.44035249948501587
Maxwell,10,FAABE_NO_IWM,69,0.44035249948501587
Maxwell,10,FAABE_NO_IWM,70,0.44035249948501587
Maxwell,10,FAABE_NO_IWM,71,0.44035249948501587
Maxwell,10,FAABE_NO_IWM,72,0.44035249948501587
Maxwell,10,FAABE_NO_IWM,73,0.44035249948501587
Maxwell,10,FAABE_NO_IWM,74,0.44035249948501587
Maxwell,10,FAABE_NO_IWM,75,0.44035249948501587
Maxwell,10,FAABE_NO_IWM,76,0.44035249948501587
Maxwell,10,FAABE_NO_IWM,77,0.44035249948501587
Maxwell,10,FAABE_NO_IWM,78,0.44035249948501587
Maxwell,10,FAABE_NO_IWM,79,0.44035249948501587
Maxwell,10,FAABE_NO_IWM,80,0.44035249948501587
Maxwell,10,FAABE_NO_IWM,81,0.44035249948501587
Maxwell,10,FAABE_NO_IWM,82,0.44035249948501587
Maxwell,10,FAABE_NO_IWM,83,0.44035249948501587
Maxwell,10,FAABE_NO_IWM,84,0.44035249948501587
Maxwell,10,FAABE_NO_IWM,85,0.44035249948501587
Maxwell,10,FAABE_NO_IWM,86,0.44035249948501587
Maxwell,10,FAABE_NO_IWM,87,0.44035249948501587
Maxwell,10,FAABE_NO_IWM,88,0.44035249948501587
Maxwell,10,FAABE_NO_IWM,89,0.44035249948501587
Maxwell,10,FAABE_NO_IWM,90,0.44035249948501587
Maxwell,10,FAABE_NO_IWM,91,0.44035249948501587
Maxwell,10,FAABE_NO_IWM,92,0.44035249948501587
Maxwell,10,FAABE_NO_IWM,93,0.44035249948501587
Maxwell,10,FAABE_NO_IWM,94,0.44035249948501587
Maxwell,10,FAABE_NO_IWM,95,0.44035249948501587
Maxwell,10,FAABE_NO_IWM,96,0.44035249948501587
Maxwell,10,FAABE_NO_IWM,97,0.44035249948501587
Maxwell,10,FAABE_NO_IWM,98,0.44035249948501587
Maxwell,10,FAABE_NO_IWM,99,0.44035249948501587
Maxwell,10,FAABE_NO_IWM,100,0.44035249948501587
Maxwell,10,FAABE_FULL,0,0.7286786437034607
Maxwell,10,FAABE_FULL,1,0.5542310476303101
Maxwell,10,FAABE_FULL,2,0.5522313714027405
Maxwell,10,FAABE_FULL,3,0.4924185872077942
Maxwell,10,FAABE_FULL,4,0.465672105550766
Maxwell,10,FAABE_FULL,5,0.4473322629928589
Maxwell,10,FAABE_FULL,6,0.4473322629928589
Maxwell,10,FAABE_FULL,7,0.4473322629928589
Maxwell,10,FAABE_FULL,8,0.4473322629928589
Maxwell,10,FAABE_FULL,9,0.4473322629928589
Maxwell,10,FAABE_FULL,10,0.4473322629928589
Maxwell,10,FAABE_FULL,11,0.4473322629928589
Maxwell,10,FAABE_FULL,12,0.4473322629928589
Maxwell,10,FAABE_FULL,13,0.42934364080429077
Maxwell,10,FAABE_FULL,14,0.42934364080429077
Maxwell,10,FAABE_FULL,15,0.42934364080429077
Maxwell,10,FAABE_FULL,16,0.42934364080429077
Maxwell,10,FAABE_FULL,17,0.42934364080429077
Maxwell,10,FAABE_FULL,18,0.42934364080429077
Maxwell,10,FAABE_FULL,19,0.42934364080429077
Maxwell,10,FAABE_FULL,20,0.42934364080429077
Maxwell,10,FAABE_FULL,21,0.42934364080429077
Maxwell,10,FAABE_FULL,22,0.42934364080429077
Maxwell,10,FAABE_FULL,23,0.42934364080429077
Maxwell,10,FAABE_FULL,24,0.42934364080429077
Maxwell,10,FAABE_FULL,25,0.4249027371406555
Maxwell,10,FAABE_FULL,26,0.4073096811771393
Maxwell,10,FAABE_FULL,27,0.4073096811771393
Maxwell,10,FAABE_FULL,28,0.4073096811771393
Maxwell,10,FAABE_FULL,29,0.4073096811771393
Maxwell,10,FAABE_FULL,30,0.4073096811771393
Maxwell,10,FAABE_FULL,31,0.4073096811771393
Maxwell,10,FAABE_FULL,32,0.4073096811771393
Maxwell,10,FAABE_FULL,33,0.4073096811771393
Maxwell,10,FAABE_FULL,34,0.4073096811771393
Maxwell,10,FAABE_FULL,35,0.4073096811771393
Maxwell,10,FAABE_FULL,36,0.4073096811771393
Maxwell,10,FAABE_FULL,37,0.4073096811771393
Maxwell,10,FAABE_FULL,38,0.4073096811771393
Maxwell,10,FAABE_FULL,39,0.4073096811771393
Maxwell,10,FAABE_FULL,40,0.4073096811771393
Maxwell,10,FAABE_FULL,41,0.4073096811771393
Maxwell,10,FAABE_FULL,42,0.4073096811771393
Maxwell,10,FAABE_FULL,43,0.4073096811771393
Maxwell,10,FAABE_FULL,44,0.4073096811771393
Maxwell,10,FAABE_FULL,45,0.4073096811771393
Maxwell,10,FAABE_FULL,46,0.4073096811771393
Maxwell,10,FAABE_FULL,47,0.4073096811771393
Maxwell,10,FAABE_FULL,48,0.4073096811771393
Maxwell,10,FAABE_FULL,49,0.4073096811771393
Maxwell,10,FAABE_FULL,50,0.4073096811771393
Maxwell,10,FAABE_FULL,51,0.4073096811771393
Maxwell,10,FAABE_FULL,52,0.4073096811771393
Maxwell,10,FAABE_FULL,53,0.4073096811771393
Maxwell,10,FAABE_FULL,54,0.4073096811771393
Maxwell,10,FAABE_FULL,55,0.4073096811771393
Maxwell,10,FAABE_FULL,56,0.4073096811771393
Maxwell,10,FAABE_FULL,57,0.4073096811771393
Maxwell,10,FAABE_FULL,58,0.4073096811771393
Maxwell,10,FAABE_FULL,59,0.4073096811771393
Maxwell,10,FAABE_FULL,60,0.4073096811771393
Maxwell,10,FAABE_FULL,61,0.4073096811771393
Maxwell,10,FAABE_FULL,62,0.4073096811771393
Maxwell,10,FAABE_FULL,63,0.4073096811771393
Maxwell,10,FAABE_FULL,64,0.4073096811771393
Maxwell,10,FAABE_FULL,65,0.4073096811771393
Maxwell,10,FAABE_FULL,66,0.4073096811771393
Maxwell,10,FAABE_FULL,67,0.4073096811771393
Maxwell,10,FAABE_FULL,68,0.4073096811771393
Maxwell,10,FAABE_FULL,69,0.4073096811771393
Maxwell,10,FAABE_FULL,70,0.4073096811771393
Maxwell,10,FAABE_FULL,71,0.4073096811771393
Maxwell,10,FAABE_FULL,72,0.4073096811771393
Maxwell,10,FAABE_FULL,73,0.4073096811771393
Maxwell,10,FAABE_FULL,74,0.4073096811771393
Maxwell,10,FAABE_FULL,75,0.4073096811771393
Maxwell,10,FAABE_FULL,76,0.4073096811771393
Maxwell,10,FAABE_FULL,77,0.4073096811771393
Maxwell,10,FAABE_FULL,78,0.4073096811771393
Maxwell,10,FAABE_FULL,79,0.4073096811771393
Maxwell,10,FAABE_FULL,80,0.4073096811771393
Maxwell,10,FAABE_FULL,81,0.4073096811771393
Maxwell,10,FAABE_FULL,82,0.4073096811771393
Maxwell,10,FAABE_FULL,83,0.4073096811771393
Maxwell,10,FAABE_FULL,84,0.4073096811771393
Maxwell,10,FAABE_FULL,85,0.4073096811771393
Maxwell,10,FAABE_FULL,86,0.4073096811771393
Maxwell,10,FAABE_FULL,87,0.4073096811771393
Maxwell,10,FAABE_FULL,88,0.4073096811771393
Maxwell,10,FAABE_FULL,89,0.4073096811771393
Maxwell,10,FAABE_FULL,90,0.4073096811771393
Maxwell,10,FAABE_FULL,91,0.4073096811771393
Maxwell,10,FAABE_FULL,92,0.4073096811771393
Maxwell,10,FAABE_FULL,93,0.4073096811771393
Maxwell,10,FAABE_FULL,94,0.4073096811771393
Maxwell,10,FAABE_FULL,95,0.4073096811771393
Maxwell,10,FAABE_FULL,96,0.4073096811771393
Maxwell,10,FAABE_FULL,97,0.4073096811771393
Maxwell,10,FAABE_FULL,98,0.4073096811771393
Maxwell,10,FAABE_FULL,99,0.4073096811771393
Maxwell,10,FAABE_FULL,100,0.4073096811771393
