Dataset,Fold,Method,Iteration,Best_Training_MMRE,Fitness_Evaluations
COCOMO81,1,GA-ABE,0,1.5649183988571167,10
COCOMO81,1,GA-ABE,1,1.5632965564727783,20
COCOMO81,1,GA-ABE,2,1.5622702836990356,30
COCOMO81,1,GA-ABE,3,1.5449035167694092,40
COCOMO81,1,GA-ABE,4,1.5203700065612793,50
COCOMO81,1,GA-ABE,5,1.5203700065612793,60
COCOMO81,1,GA-ABE,6,1.5203700065612793,70
COCOMO81,1,GA-ABE,7,1.5203700065612793,80
COCOMO81,1,GA-ABE,8,1.518257975578308,90
COCOMO81,1,GA-ABE,9,1.517481803894043,100
COCOMO81,1,GA-ABE,10,1.517481803894043,110
COCOMO81,1,GA-ABE,11,1.517481803894043,120
COCOMO81,1,GA-ABE,12,1.517481803894043,130
COCOMO81,1,GA-ABE,13,1.5169752836227417,140
COCOMO81,1,GA-ABE,14,1.5169752836227417,150
COCOMO81,1,GA-ABE,15,1.5159647464752197,160
COCOMO81,1,GA-ABE,16,1.5159411430358887,170
COCOMO81,1,GA-ABE,17,1.514040470123291,180
COCOMO81,1,GA-ABE,18,1.514040470123291,190
COCOMO81,1,GA-ABE,19,1.5140403509140015,200
COCOMO81,1,GA-ABE,20,1.5140403509140015,210
COCOMO81,1,GA-ABE,21,1.5140403509140015,220
COCOMO81,1,GA-ABE,22,1.511980414390564,230
COCOMO81,1,GA-ABE,23,1.511980414390564,240
COCOMO81,1,GA-ABE,24,1.5112180709838867,250
COCOMO81,1,GA-ABE,25,1.5112180709838867,260
COCOMO81,1,GA-ABE,26,1.5082165002822876,270
COCOMO81,1,GA-ABE,27,1.4875755310058594,280
COCOMO81,1,GA-ABE,28,1.4864280223846436,290
COCOMO81,1,GA-ABE,29,1.4864280223846436,300
COCOMO81,1,GA-ABE,30,1.483508825302124,310
COCOMO81,1,GA-ABE,31,1.483508825302124,320
COCOMO81,1,GA-ABE,32,1.4833301305770874,330
COCOMO81,1,GA-ABE,33,1.4832749366760254,340
COCOMO81,1,GA-ABE,34,1.4832749366760254,350
COCOMO81,1,GA-ABE,35,1.4821547269821167,360
COCOMO81,1,GA-ABE,36,1.4810633659362793,370
COCOMO81,1,GA-ABE,37,1.4810633659362793,380
COCOMO81,1,GA-ABE,38,1.480018973350525,390
COCOMO81,1,GA-ABE,39,1.480018973350525,400
COCOMO81,1,GA-ABE,40,1.480018973350525,410
COCOMO81,1,GA-ABE,41,1.480018973350525,420
COCOMO81,1,GA-ABE,42,1.480018973350525,430
COCOMO81,1,GA-ABE,43,1.480018973350525,440
COCOMO81,1,GA-ABE,44,1.480018973350525,450
COCOMO81,1,GA-ABE,45,1.4790188074111938,460
COCOMO81,1,GA-ABE,46,1.4790188074111938,470
COCOMO81,1,GA-ABE,47,1.4780595302581787,480
COCOMO81,1,GA-ABE,48,1.4780595302581787,490
COCOMO81,1,GA-ABE,49,1.4780595302581787,500
COCOMO81,1,GA-ABE,50,1.4780595302581787,510
COCOMO81,1,GA-ABE,51,1.4780595302581787,520
COCOMO81,1,GA-ABE,52,1.4771409034729004,530
COCOMO81,1,GA-ABE,53,1.4771409034729004,540
COCOMO81,1,GA-ABE,54,1.4762581586837769,550
COCOMO81,1,GA-ABE,55,1.4754058122634888,560
COCOMO81,1,GA-ABE,56,1.4754058122634888,570
COCOMO81,1,GA-ABE,57,1.4754058122634888,580
COCOMO81,1,GA-ABE,58,1.4745908975601196,590
COCOMO81,1,GA-ABE,59,1.4745908975601196,600
COCOMO81,1,GA-ABE,60,1.4741199016571045,610
COCOMO81,1,GA-ABE,61,1.4741199016571045,620
COCOMO81,1,GA-ABE,62,1.4741199016571045,630
COCOMO81,1,GA-ABE,63,1.4741199016571045,640
COCOMO81,1,GA-ABE,64,1.4741199016571045,650
COCOMO81,1,GA-ABE,65,1.4733442068099976,660
COCOMO81,1,GA-ABE,66,1.4725959300994873,670
COCOMO81,1,GA-ABE,67,1.4725959300994873,680
COCOMO81,1,GA-ABE,68,1.4725959300994873,690
COCOMO81,1,GA-ABE,69,1.4722412824630737,700
COCOMO81,1,GA-ABE,70,1.47187340259552,710
COCOMO81,1,GA-ABE,71,1.4718732833862305,720
COCOMO81,1,GA-ABE,72,1.4718732833862305,730
COCOMO81,1,GA-ABE,73,1.471174955368042,740
COCOMO81,1,GA-ABE,74,1.4705017805099487,750
COCOMO81,1,GA-ABE,75,1.4705016613006592,760
COCOMO81,1,GA-ABE,76,1.4705016613006592,770
COCOMO81,1,GA-ABE,77,1.4698468446731567,780
COCOMO81,1,GA-ABE,78,1.4698468446731567,790
COCOMO81,1,GA-ABE,79,1.4692883491516113,800
COCOMO81,1,GA-ABE,80,1.4692883491516113,810
COCOMO81,1,GA-ABE,81,1.4692883491516113,820
COCOMO81,1,GA-ABE,82,1.4686777591705322,830
COCOMO81,1,GA-ABE,83,1.4686777591705322,840
COCOMO81,1,GA-ABE,84,1.468347430229187,850
COCOMO81,1,GA-ABE,85,1.468347430229187,860
COCOMO81,1,GA-ABE,86,1.468347430229187,870
COCOMO81,1,GA-ABE,87,1.468347430229187,880
COCOMO81,1,GA-ABE,88,1.4677616357803345,890
COCOMO81,1,GA-ABE,89,1.4677616357803345,900
COCOMO81,1,GA-ABE,90,1.4676114320755005,910
COCOMO81,1,GA-ABE,91,1.4672774076461792,920
COCOMO81,1,GA-ABE,92,1.4668614864349365,930
COCOMO81,1,GA-ABE,93,1.4665627479553223,940
COCOMO81,1,GA-ABE,94,1.4665627479553223,950
COCOMO81,1,GA-ABE,95,1.4663987159729004,960
COCOMO81,1,GA-ABE,96,1.4663987159729004,970
COCOMO81,1,GA-ABE,97,1.4662569761276245,980
COCOMO81,1,GA-ABE,98,1.4662569761276245,990
COCOMO81,1,GA-ABE,99,1.4657857418060303,1000
COCOMO81,1,PSO-ABE,0,1.6209640502929688,10
COCOMO81,1,PSO-ABE,1,1.5403035879135132,20
COCOMO81,1,PSO-ABE,2,1.5403035879135132,30
COCOMO81,1,PSO-ABE,3,1.5403035879135132,40
COCOMO81,1,PSO-ABE,4,1.5403035879135132,50
COCOMO81,1,PSO-ABE,5,1.5403035879135132,60
COCOMO81,1,PSO-ABE,6,1.5403035879135132,70
COCOMO81,1,PSO-ABE,7,1.5403035879135132,80
COCOMO81,1,PSO-ABE,8,1.5334135293960571,90
COCOMO81,1,PSO-ABE,9,1.5334135293960571,100
COCOMO81,1,PSO-ABE,10,1.5334135293960571,110
COCOMO81,1,PSO-ABE,11,1.5319715738296509,120
COCOMO81,1,PSO-ABE,12,1.5319715738296509,130
COCOMO81,1,PSO-ABE,13,1.5319715738296509,140
COCOMO81,1,PSO-ABE,14,1.5319715738296509,150
COCOMO81,1,PSO-ABE,15,1.5319715738296509,160
COCOMO81,1,PSO-ABE,16,1.5319715738296509,170
COCOMO81,1,PSO-ABE,17,1.5319715738296509,180
COCOMO81,1,PSO-ABE,18,1.5310285091400146,190
COCOMO81,1,PSO-ABE,19,1.5310285091400146,200
COCOMO81,1,PSO-ABE,20,1.530701756477356,210
COCOMO81,1,PSO-ABE,21,1.530701756477356,220
COCOMO81,1,PSO-ABE,22,1.5295063257217407,230
COCOMO81,1,PSO-ABE,23,1.525976300239563,240
COCOMO81,1,PSO-ABE,24,1.525976300239563,250
COCOMO81,1,PSO-ABE,25,1.525976300239563,260
COCOMO81,1,PSO-ABE,26,1.525976300239563,270
COCOMO81,1,PSO-ABE,27,1.525976300239563,280
COCOMO81,1,PSO-ABE,28,1.525976300239563,290
COCOMO81,1,PSO-ABE,29,1.525976300239563,300
COCOMO81,1,PSO-ABE,30,1.525976300239563,310
COCOMO81,1,PSO-ABE,31,1.5254871845245361,320
COCOMO81,1,PSO-ABE,32,1.523294448852539,330
COCOMO81,1,PSO-ABE,33,1.523294448852539,340
COCOMO81,1,PSO-ABE,34,1.523294448852539,350
COCOMO81,1,PSO-ABE,35,1.523294448852539,360
COCOMO81,1,PSO-ABE,36,1.522724986076355,370
COCOMO81,1,PSO-ABE,37,1.5207324028015137,380
COCOMO81,1,PSO-ABE,38,1.5207324028015137,390
COCOMO81,1,PSO-ABE,39,1.510140061378479,400
COCOMO81,1,PSO-ABE,40,1.510140061378479,410
COCOMO81,1,PSO-ABE,41,1.510140061378479,420
COCOMO81,1,PSO-ABE,42,1.510140061378479,430
COCOMO81,1,PSO-ABE,43,1.5087629556655884,440
COCOMO81,1,PSO-ABE,44,1.5049282312393188,450
COCOMO81,1,PSO-ABE,45,1.5049282312393188,460
COCOMO81,1,PSO-ABE,46,1.5049282312393188,470
COCOMO81,1,PSO-ABE,47,1.5049282312393188,480
COCOMO81,1,PSO-ABE,48,1.5049282312393188,490
COCOMO81,1,PSO-ABE,49,1.5046581029891968,500
COCOMO81,1,PSO-ABE,50,1.468004822731018,510
COCOMO81,1,PSO-ABE,51,1.468004822731018,520
COCOMO81,1,PSO-ABE,52,1.468004822731018,530
COCOMO81,1,PSO-ABE,53,1.468004822731018,540
COCOMO81,1,PSO-ABE,54,1.468004822731018,550
COCOMO81,1,PSO-ABE,55,1.457052230834961,560
COCOMO81,1,PSO-ABE,56,1.457052230834961,570
COCOMO81,1,PSO-ABE,57,1.457052230834961,580
COCOMO81,1,PSO-ABE,58,1.457052230834961,590
COCOMO81,1,PSO-ABE,59,1.455411434173584,600
COCOMO81,1,PSO-ABE,60,1.455411434173584,610
COCOMO81,1,PSO-ABE,61,1.455411434173584,620
COCOMO81,1,PSO-ABE,62,1.455411434173584,630
COCOMO81,1,PSO-ABE,63,1.455411434173584,640
COCOMO81,1,PSO-ABE,64,1.455411434173584,650
COCOMO81,1,PSO-ABE,65,1.455411434173584,660
COCOMO81,1,PSO-ABE,66,1.455411434173584,670
COCOMO81,1,PSO-ABE,67,1.455411434173584,680
COCOMO81,1,PSO-ABE,68,1.455411434173584,690
COCOMO81,1,PSO-ABE,69,1.455411434173584,700
COCOMO81,1,PSO-ABE,70,1.455411434173584,710
COCOMO81,1,PSO-ABE,71,1.455411434173584,720
COCOMO81,1,PSO-ABE,72,1.455411434173584,730
COCOMO81,1,PSO-ABE,73,1.455411434173584,740
COCOMO81,1,PSO-ABE,74,1.455411434173584,750
COCOMO81,1,PSO-ABE,75,1.455411434173584,760
COCOMO81,1,PSO-ABE,76,1.455411434173584,770
COCOMO81,1,PSO-ABE,77,1.455411434173584,780
COCOMO81,1,PSO-ABE,78,1.455411434173584,790
COCOMO81,1,PSO-ABE,79,1.4551887512207031,800
COCOMO81,1,PSO-ABE,80,1.4549365043640137,810
COCOMO81,1,PSO-ABE,81,1.452805519104004,820
COCOMO81,1,PSO-ABE,82,1.452805519104004,830
COCOMO81,1,PSO-ABE,83,1.4527636766433716,840
COCOMO81,1,PSO-ABE,84,1.4527636766433716,850
COCOMO81,1,PSO-ABE,85,1.4525572061538696,860
COCOMO81,1,PSO-ABE,86,1.4518523216247559,870
COCOMO81,1,PSO-ABE,87,1.4513287544250488,880
COCOMO81,1,PSO-ABE,88,1.450941801071167,890
COCOMO81,1,PSO-ABE,89,1.4506568908691406,900
COCOMO81,1,PSO-ABE,90,1.4504472017288208,910
COCOMO81,1,PSO-ABE,91,1.450293779373169,920
COCOMO81,1,PSO-ABE,92,1.4501813650131226,930
COCOMO81,1,PSO-ABE,93,1.4486089944839478,940
COCOMO81,1,PSO-ABE,94,1.4486089944839478,950
COCOMO81,1,PSO-ABE,95,1.4486089944839478,960
COCOMO81,1,PSO-ABE,96,1.4486089944839478,970
COCOMO81,1,PSO-ABE,97,1.4486089944839478,980
COCOMO81,1,PSO-ABE,98,1.4486089944839478,990
COCOMO81,1,PSO-ABE,99,1.4486089944839478,1000
COCOMO81,1,DE-ABE,0,1.8123130798339844,10
COCOMO81,1,DE-ABE,1,1.8123130798339844,20
COCOMO81,1,DE-ABE,2,1.7341622114181519,30
COCOMO81,1,DE-ABE,3,1.7341622114181519,40
COCOMO81,1,DE-ABE,4,1.6899088621139526,50
COCOMO81,1,DE-ABE,5,1.6899088621139526,60
COCOMO81,1,DE-ABE,6,1.6899088621139526,70
COCOMO81,1,DE-ABE,7,1.6899088621139526,80
COCOMO81,1,DE-ABE,8,1.6899088621139526,90
COCOMO81,1,DE-ABE,9,1.6899088621139526,100
COCOMO81,1,DE-ABE,10,1.6895463466644287,110
COCOMO81,1,DE-ABE,11,1.6856142282485962,120
COCOMO81,1,DE-ABE,12,1.6836336851119995,130
COCOMO81,1,DE-ABE,13,1.6809027194976807,140
COCOMO81,1,DE-ABE,14,1.6772992610931396,150
COCOMO81,1,DE-ABE,15,1.6772992610931396,160
COCOMO81,1,DE-ABE,16,1.6772992610931396,170
COCOMO81,1,DE-ABE,17,1.6736087799072266,180
COCOMO81,1,DE-ABE,18,1.673191785812378,190
COCOMO81,1,DE-ABE,19,1.6710479259490967,200
COCOMO81,1,DE-ABE,20,1.6705305576324463,210
COCOMO81,1,DE-ABE,21,1.6700966358184814,220
COCOMO81,1,DE-ABE,22,1.667362928390503,230
COCOMO81,1,DE-ABE,23,1.667362928390503,240
COCOMO81,1,DE-ABE,24,1.6672899723052979,250
COCOMO81,1,DE-ABE,25,1.6672899723052979,260
COCOMO81,1,DE-ABE,26,1.6672899723052979,270
COCOMO81,1,DE-ABE,27,1.6671117544174194,280
COCOMO81,1,DE-ABE,28,1.6671117544174194,290
COCOMO81,1,DE-ABE,29,1.667024850845337,300
COCOMO81,1,DE-ABE,30,1.667024850845337,310
COCOMO81,1,DE-ABE,31,1.666794776916504,320
COCOMO81,1,DE-ABE,32,1.6667929887771606,330
COCOMO81,1,DE-ABE,33,1.6667677164077759,340
COCOMO81,1,DE-ABE,34,1.6667425632476807,350
COCOMO81,1,DE-ABE,35,1.666722059249878,360
COCOMO81,1,DE-ABE,36,1.666722059249878,370
COCOMO81,1,DE-ABE,37,1.666714072227478,380
COCOMO81,1,DE-ABE,38,1.6614925861358643,390
COCOMO81,1,DE-ABE,39,1.6614925861358643,400
COCOMO81,1,DE-ABE,40,1.6614441871643066,410
COCOMO81,1,DE-ABE,41,1.6614441871643066,420
COCOMO81,1,DE-ABE,42,1.6614441871643066,430
COCOMO81,1,DE-ABE,43,1.6614441871643066,440
COCOMO81,1,DE-ABE,44,1.6614441871643066,450
COCOMO81,1,DE-ABE,45,1.6614207029342651,460
COCOMO81,1,DE-ABE,46,1.6613900661468506,470
COCOMO81,1,DE-ABE,47,1.6613900661468506,480
COCOMO81,1,DE-ABE,48,1.6613900661468506,490
COCOMO81,1,DE-ABE,49,1.6613513231277466,500
COCOMO81,1,DE-ABE,50,1.6613249778747559,510
COCOMO81,1,DE-ABE,51,1.6613249778747559,520
COCOMO81,1,DE-ABE,52,1.6613249778747559,530
COCOMO81,1,DE-ABE,53,1.6613249778747559,540
COCOMO81,1,DE-ABE,54,1.661315679550171,550
COCOMO81,1,DE-ABE,55,1.661315679550171,560
COCOMO81,1,DE-ABE,56,1.6613049507141113,570
COCOMO81,1,DE-ABE,57,1.6613012552261353,580
COCOMO81,1,DE-ABE,58,1.661298394203186,590
COCOMO81,1,DE-ABE,59,1.661298394203186,600
COCOMO81,1,DE-ABE,60,1.6612950563430786,610
COCOMO81,1,DE-ABE,61,1.6612950563430786,620
COCOMO81,1,DE-ABE,62,1.661292314529419,630
COCOMO81,1,DE-ABE,63,1.661291480064392,640
COCOMO81,1,DE-ABE,64,1.6612905263900757,650
COCOMO81,1,DE-ABE,65,1.6612894535064697,660
COCOMO81,1,DE-ABE,66,1.6612894535064697,670
COCOMO81,1,DE-ABE,67,1.6612889766693115,680
COCOMO81,1,DE-ABE,68,1.6612889766693115,690
COCOMO81,1,DE-ABE,69,1.6612887382507324,700
COCOMO81,1,DE-ABE,70,1.6612887382507324,710
COCOMO81,1,DE-ABE,71,1.6612886190414429,720
COCOMO81,1,DE-ABE,72,1.6612886190414429,730
COCOMO81,1,DE-ABE,73,1.6612883806228638,740
COCOMO81,1,DE-ABE,74,1.6612881422042847,750
COCOMO81,1,DE-ABE,75,1.661287784576416,760
COCOMO81,1,DE-ABE,76,1.661287784576416,770
COCOMO81,1,DE-ABE,77,1.661287546157837,780
COCOMO81,1,DE-ABE,78,1.661287546157837,790
COCOMO81,1,DE-ABE,79,1.6612874269485474,800
COCOMO81,1,DE-ABE,80,1.6612874269485474,810
COCOMO81,1,DE-ABE,81,1.6612874269485474,820
COCOMO81,1,DE-ABE,82,1.6612874269485474,830
COCOMO81,1,DE-ABE,83,1.6612874269485474,840
COCOMO81,1,DE-ABE,84,1.6612874269485474,850
COCOMO81,1,DE-ABE,85,1.6612874269485474,860
COCOMO81,1,DE-ABE,86,1.6612874269485474,870
COCOMO81,1,DE-ABE,87,1.6612874269485474,880
COCOMO81,1,DE-ABE,88,1.6612874269485474,890
COCOMO81,1,DE-ABE,89,1.6612874269485474,900
COCOMO81,1,DE-ABE,90,1.6612873077392578,910
COCOMO81,1,DE-ABE,91,1.6612873077392578,920
COCOMO81,1,DE-ABE,92,1.6612873077392578,930
COCOMO81,1,DE-ABE,93,1.6612873077392578,940
COCOMO81,1,DE-ABE,94,1.6612873077392578,950
COCOMO81,1,DE-ABE,95,1.6612873077392578,960
COCOMO81,1,DE-ABE,96,1.6612873077392578,970
COCOMO81,1,DE-ABE,97,1.6612873077392578,980
COCOMO81,1,DE-ABE,98,1.6612873077392578,990
COCOMO81,1,DE-ABE,99,1.6612873077392578,1000
COCOMO81,1,GWO-ABE,0,1.7671527862548828,10
COCOMO81,1,GWO-ABE,1,1.5889902114868164,20
COCOMO81,1,GWO-ABE,2,1.529744267463684,30
COCOMO81,1,GWO-ABE,3,1.5303219556808472,40
COCOMO81,1,GWO-ABE,4,1.5255292654037476,50
COCOMO81,1,GWO-ABE,5,1.5337306261062622,60
COCOMO81,1,GWO-ABE,6,1.5352060794830322,70
COCOMO81,1,GWO-ABE,7,1.5242853164672852,80
COCOMO81,1,GWO-ABE,8,1.535431981086731,90
COCOMO81,1,GWO-ABE,9,1.5205782651901245,100
COCOMO81,1,GWO-ABE,10,1.5145753622055054,110
COCOMO81,1,GWO-ABE,11,1.5222582817077637,120
COCOMO81,1,GWO-ABE,12,1.5118643045425415,130
COCOMO81,1,GWO-ABE,13,1.5202454328536987,140
COCOMO81,1,GWO-ABE,14,1.5360097885131836,150
COCOMO81,1,GWO-ABE,15,1.5241950750350952,160
COCOMO81,1,GWO-ABE,16,1.5271421670913696,170
COCOMO81,1,GWO-ABE,17,1.5073844194412231,180
COCOMO81,1,GWO-ABE,18,1.5046831369400024,190
COCOMO81,1,GWO-ABE,19,1.513907551765442,200
COCOMO81,1,GWO-ABE,20,1.5037559270858765,210
COCOMO81,1,GWO-ABE,21,1.5043967962265015,220
COCOMO81,1,GWO-ABE,22,1.5224928855895996,230
COCOMO81,1,GWO-ABE,23,1.5085781812667847,240
COCOMO81,1,GWO-ABE,24,1.5154300928115845,250
COCOMO81,1,GWO-ABE,25,1.5045156478881836,260
COCOMO81,1,GWO-ABE,26,1.5006405115127563,270
COCOMO81,1,GWO-ABE,27,1.505387306213379,280
COCOMO81,1,GWO-ABE,28,1.494970440864563,290
COCOMO81,1,GWO-ABE,29,1.4911504983901978,300
COCOMO81,1,GWO-ABE,30,1.5053904056549072,310
COCOMO81,1,GWO-ABE,31,1.4739702939987183,320
COCOMO81,1,GWO-ABE,32,1.4962056875228882,330
COCOMO81,1,GWO-ABE,33,1.4947900772094727,340
COCOMO81,1,GWO-ABE,34,1.494404673576355,350
COCOMO81,1,GWO-ABE,35,1.493514895439148,360
COCOMO81,1,GWO-ABE,36,1.4942768812179565,370
COCOMO81,1,GWO-ABE,37,1.4966695308685303,380
COCOMO81,1,GWO-ABE,38,1.4914473295211792,390
COCOMO81,1,GWO-ABE,39,1.4929949045181274,400
COCOMO81,1,GWO-ABE,40,1.4927510023117065,410
COCOMO81,1,GWO-ABE,41,1.4860461950302124,420
COCOMO81,1,GWO-ABE,42,1.4893183708190918,430
COCOMO81,1,GWO-ABE,43,1.4887875318527222,440
COCOMO81,1,GWO-ABE,44,1.479774832725525,450
COCOMO81,1,GWO-ABE,45,1.505488395690918,460
COCOMO81,1,GWO-ABE,46,1.483585000038147,470
COCOMO81,1,GWO-ABE,47,1.4869887828826904,480
COCOMO81,1,GWO-ABE,48,1.4789303541183472,490
COCOMO81,1,GWO-ABE,49,1.476254940032959,500
COCOMO81,1,GWO-ABE,50,1.476683497428894,510
COCOMO81,1,GWO-ABE,51,1.4748520851135254,520
COCOMO81,1,GWO-ABE,52,1.4748096466064453,530
COCOMO81,1,GWO-ABE,53,1.4714170694351196,540
COCOMO81,1,GWO-ABE,54,1.4749850034713745,550
COCOMO81,1,GWO-ABE,55,1.4711076021194458,560
COCOMO81,1,GWO-ABE,56,1.4719527959823608,570
COCOMO81,1,GWO-ABE,57,1.4731823205947876,580
COCOMO81,1,GWO-ABE,58,1.4750474691390991,590
COCOMO81,1,GWO-ABE,59,1.4743590354919434,600
COCOMO81,1,GWO-ABE,60,1.472324013710022,610
COCOMO81,1,GWO-ABE,61,1.4733691215515137,620
COCOMO81,1,GWO-ABE,62,1.4675475358963013,630
COCOMO81,1,GWO-ABE,63,1.4664382934570312,640
COCOMO81,1,GWO-ABE,64,1.4677188396453857,650
COCOMO81,1,GWO-ABE,65,1.4637424945831299,660
COCOMO81,1,GWO-ABE,66,1.4637737274169922,670
COCOMO81,1,GWO-ABE,67,1.4675815105438232,680
COCOMO81,1,GWO-ABE,68,1.4666475057601929,690
COCOMO81,1,GWO-ABE,69,1.467145323753357,700
COCOMO81,1,GWO-ABE,70,1.4674286842346191,710
COCOMO81,1,GWO-ABE,71,1.4669663906097412,720
COCOMO81,1,GWO-ABE,72,1.4651457071304321,730
COCOMO81,1,GWO-ABE,73,1.4660897254943848,740
COCOMO81,1,GWO-ABE,74,1.4655017852783203,750
COCOMO81,1,GWO-ABE,75,1.464688777923584,760
COCOMO81,1,GWO-ABE,76,1.4651713371276855,770
COCOMO81,1,GWO-ABE,77,1.465596318244934,780
COCOMO81,1,GWO-ABE,78,1.4640167951583862,790
COCOMO81,1,GWO-ABE,79,1.4645978212356567,800
COCOMO81,1,GWO-ABE,80,1.4661693572998047,810
COCOMO81,1,GWO-ABE,81,1.4644625186920166,820
COCOMO81,1,GWO-ABE,82,1.4644560813903809,830
COCOMO81,1,GWO-ABE,83,1.4648429155349731,840
COCOMO81,1,GWO-ABE,84,1.4642040729522705,850
COCOMO81,1,GWO-ABE,85,1.4642711877822876,860
COCOMO81,1,GWO-ABE,86,1.463762640953064,870
COCOMO81,1,GWO-ABE,87,1.4633276462554932,880
COCOMO81,1,GWO-ABE,88,1.4632694721221924,890
COCOMO81,1,GWO-ABE,89,1.4625808000564575,900
COCOMO81,1,GWO-ABE,90,1.4621431827545166,910
COCOMO81,1,GWO-ABE,91,1.4617542028427124,920
COCOMO81,1,GWO-ABE,92,1.4615159034729004,930
COCOMO81,1,GWO-ABE,93,1.4615422487258911,940
COCOMO81,1,GWO-ABE,94,1.4613600969314575,950
COCOMO81,1,GWO-ABE,95,1.4612151384353638,960
COCOMO81,1,GWO-ABE,96,1.4610377550125122,970
COCOMO81,1,GWO-ABE,97,1.4609168767929077,980
COCOMO81,1,GWO-ABE,98,1.4607526063919067,990
COCOMO81,1,GWO-ABE,99,1.4607049226760864,1000
COCOMO81,1,WOA-ABE,0,1.9535677433013916,10
COCOMO81,1,WOA-ABE,1,1.7454466819763184,20
COCOMO81,1,WOA-ABE,2,1.634858250617981,30
COCOMO81,1,WOA-ABE,3,1.5572547912597656,40
COCOMO81,1,WOA-ABE,4,1.5572547912597656,50
COCOMO81,1,WOA-ABE,5,1.5561504364013672,60
COCOMO81,1,WOA-ABE,6,1.5561504364013672,70
COCOMO81,1,WOA-ABE,7,1.5501521825790405,80
COCOMO81,1,WOA-ABE,8,1.5441001653671265,90
COCOMO81,1,WOA-ABE,9,1.5284773111343384,100
COCOMO81,1,WOA-ABE,10,1.5284773111343384,110
COCOMO81,1,WOA-ABE,11,1.5284773111343384,120
COCOMO81,1,WOA-ABE,12,1.5226627588272095,130
COCOMO81,1,WOA-ABE,13,1.5047519207000732,140
COCOMO81,1,WOA-ABE,14,1.5047519207000732,150
COCOMO81,1,WOA-ABE,15,1.5047519207000732,160
COCOMO81,1,WOA-ABE,16,1.5037403106689453,170
COCOMO81,1,WOA-ABE,17,1.5037403106689453,180
COCOMO81,1,WOA-ABE,18,1.5037403106689453,190
COCOMO81,1,WOA-ABE,19,1.4867080450057983,200
COCOMO81,1,WOA-ABE,20,1.4867080450057983,210
COCOMO81,1,WOA-ABE,21,1.4761439561843872,220
COCOMO81,1,WOA-ABE,22,1.4678623676300049,230
COCOMO81,1,WOA-ABE,23,1.466355323791504,240
COCOMO81,1,WOA-ABE,24,1.466355323791504,250
COCOMO81,1,WOA-ABE,25,1.465206503868103,260
COCOMO81,1,WOA-ABE,26,1.4587669372558594,270
COCOMO81,1,WOA-ABE,27,1.448801040649414,280
COCOMO81,1,WOA-ABE,28,1.4378926753997803,290
COCOMO81,1,WOA-ABE,29,1.4365782737731934,300
COCOMO81,1,WOA-ABE,30,1.4365782737731934,310
COCOMO81,1,WOA-ABE,31,1.4365781545639038,320
COCOMO81,1,WOA-ABE,32,1.4365781545639038,330
COCOMO81,1,WOA-ABE,33,1.4365427494049072,340
COCOMO81,1,WOA-ABE,34,1.4365427494049072,350
COCOMO81,1,WOA-ABE,35,1.4365421533584595,360
COCOMO81,1,WOA-ABE,36,1.4365421533584595,370
COCOMO81,1,WOA-ABE,37,1.4365421533584595,380
COCOMO81,1,WOA-ABE,38,1.4359275102615356,390
COCOMO81,1,WOA-ABE,39,1.4359275102615356,400
COCOMO81,1,WOA-ABE,40,1.4357634782791138,410
COCOMO81,1,WOA-ABE,41,1.4357634782791138,420
COCOMO81,1,WOA-ABE,42,1.4357634782791138,430
COCOMO81,1,WOA-ABE,43,1.4357634782791138,440
COCOMO81,1,WOA-ABE,44,1.4357589483261108,450
COCOMO81,1,WOA-ABE,45,1.4357585906982422,460
COCOMO81,1,WOA-ABE,46,1.4357585906982422,470
COCOMO81,1,WOA-ABE,47,1.4357585906982422,480
COCOMO81,1,WOA-ABE,48,1.4357585906982422,490
COCOMO81,1,WOA-ABE,49,1.4357585906982422,500
COCOMO81,1,WOA-ABE,50,1.4357585906982422,510
COCOMO81,1,WOA-ABE,51,1.4357585906982422,520
COCOMO81,1,WOA-ABE,52,1.4356756210327148,530
COCOMO81,1,WOA-ABE,53,1.4356756210327148,540
COCOMO81,1,WOA-ABE,54,1.4356756210327148,550
COCOMO81,1,WOA-ABE,55,1.4356756210327148,560
COCOMO81,1,WOA-ABE,56,1.4356756210327148,570
COCOMO81,1,WOA-ABE,57,1.4356756210327148,580
COCOMO81,1,WOA-ABE,58,1.4356756210327148,590
COCOMO81,1,WOA-ABE,59,1.435673475265503,600
COCOMO81,1,WOA-ABE,60,1.435673475265503,610
COCOMO81,1,WOA-ABE,61,1.435673475265503,620
COCOMO81,1,WOA-ABE,62,1.435673475265503,630
COCOMO81,1,WOA-ABE,63,1.435673475265503,640
COCOMO81,1,WOA-ABE,64,1.435673475265503,650
COCOMO81,1,WOA-ABE,65,1.435673475265503,660
COCOMO81,1,WOA-ABE,66,1.435632586479187,670
COCOMO81,1,WOA-ABE,67,1.435632586479187,680
COCOMO81,1,WOA-ABE,68,1.435632586479187,690
COCOMO81,1,WOA-ABE,69,1.435632586479187,700
COCOMO81,1,WOA-ABE,70,1.435632586479187,710
COCOMO81,1,WOA-ABE,71,1.435632586479187,720
COCOMO81,1,WOA-ABE,72,1.435632586479187,730
COCOMO81,1,WOA-ABE,73,1.4356286525726318,740
COCOMO81,1,WOA-ABE,74,1.4356286525726318,750
COCOMO81,1,WOA-ABE,75,1.435557246208191,760
COCOMO81,1,WOA-ABE,76,1.435557246208191,770
COCOMO81,1,WOA-ABE,77,1.435557246208191,780
COCOMO81,1,WOA-ABE,78,1.435557246208191,790
COCOMO81,1,WOA-ABE,79,1.435557246208191,800
COCOMO81,1,WOA-ABE,80,1.4355570077896118,810
COCOMO81,1,WOA-ABE,81,1.4355570077896118,820
COCOMO81,1,WOA-ABE,82,1.4355570077896118,830
COCOMO81,1,WOA-ABE,83,1.4355568885803223,840
COCOMO81,1,WOA-ABE,84,1.4355474710464478,850
COCOMO81,1,WOA-ABE,85,1.4343185424804688,860
COCOMO81,1,WOA-ABE,86,1.4343185424804688,870
COCOMO81,1,WOA-ABE,87,1.4343185424804688,880
COCOMO81,1,WOA-ABE,88,1.4343185424804688,890
COCOMO81,1,WOA-ABE,89,1.4343185424804688,900
COCOMO81,1,WOA-ABE,90,1.4342997074127197,910
COCOMO81,1,WOA-ABE,91,1.4342997074127197,920
COCOMO81,1,WOA-ABE,92,1.43429696559906,930
COCOMO81,1,WOA-ABE,93,1.43429696559906,940
COCOMO81,1,WOA-ABE,94,1.43429696559906,950
COCOMO81,1,WOA-ABE,95,1.434281349182129,960
COCOMO81,1,WOA-ABE,96,1.434281349182129,970
COCOMO81,1,WOA-ABE,97,1.4342784881591797,980
COCOMO81,1,WOA-ABE,98,1.434277892112732,990
COCOMO81,1,WOA-ABE,99,1.434277892112732,1000
COCOMO81,1,FAABE,0,1.7792763710021973,10
COCOMO81,1,FAABE,1,1.7792763710021973,20
COCOMO81,1,FAABE,2,1.7792763710021973,30
COCOMO81,1,FAABE,3,1.7792763710021973,40
COCOMO81,1,FAABE,4,1.7460613250732422,50
COCOMO81,1,FAABE,5,1.7460613250732422,60
COCOMO81,1,FAABE,6,1.7460613250732422,70
COCOMO81,1,FAABE,7,1.7460613250732422,80
COCOMO81,1,FAABE,8,1.7424110174179077,90
COCOMO81,1,FAABE,9,1.6943693161010742,100
COCOMO81,1,FAABE,10,1.6943693161010742,110
COCOMO81,1,FAABE,11,1.6943693161010742,120
COCOMO81,1,FAABE,12,1.6943693161010742,130
COCOMO81,1,FAABE,13,1.693789005279541,140
COCOMO81,1,FAABE,14,1.693789005279541,150
COCOMO81,1,FAABE,15,1.693789005279541,160
COCOMO81,1,FAABE,16,1.693789005279541,170
COCOMO81,1,FAABE,17,1.693789005279541,180
COCOMO81,1,FAABE,18,1.693789005279541,190
COCOMO81,1,FAABE,19,1.693789005279541,200
COCOMO81,1,FAABE,20,1.693789005279541,210
COCOMO81,1,FAABE,21,1.693789005279541,220
COCOMO81,1,FAABE,22,1.693789005279541,230
COCOMO81,1,FAABE,23,1.693789005279541,240
COCOMO81,1,FAABE,24,1.693789005279541,250
COCOMO81,1,FAABE,25,1.693789005279541,260
COCOMO81,1,FAABE,26,1.693789005279541,270
COCOMO81,1,FAABE,27,1.693789005279541,280
COCOMO81,1,FAABE,28,1.693789005279541,290
COCOMO81,1,FAABE,29,1.6928502321243286,300
COCOMO81,1,FAABE,30,1.6928502321243286,310
COCOMO81,1,FAABE,31,1.6928502321243286,320
COCOMO81,1,FAABE,32,1.6919188499450684,330
COCOMO81,1,FAABE,33,1.688936471939087,340
COCOMO81,1,FAABE,34,1.688936471939087,350
COCOMO81,1,FAABE,35,1.688936471939087,360
COCOMO81,1,FAABE,36,1.688936471939087,370
COCOMO81,1,FAABE,37,1.688936471939087,380
COCOMO81,1,FAABE,38,1.688936471939087,390
COCOMO81,1,FAABE,39,1.688936471939087,400
COCOMO81,1,FAABE,40,1.688936471939087,410
COCOMO81,1,FAABE,41,1.688936471939087,420
COCOMO81,1,FAABE,42,1.688936471939087,430
COCOMO81,1,FAABE,43,1.688936471939087,440
COCOMO81,1,FAABE,44,1.688936471939087,450
COCOMO81,1,FAABE,45,1.688936471939087,460
COCOMO81,1,FAABE,46,1.688936471939087,470
COCOMO81,1,FAABE,47,1.688936471939087,480
COCOMO81,1,FAABE,48,1.688936471939087,490
COCOMO81,1,FAABE,49,1.6881554126739502,500
COCOMO81,1,FAABE,50,1.6881554126739502,510
COCOMO81,1,FAABE,51,1.6881554126739502,520
COCOMO81,1,FAABE,52,1.6881554126739502,530
COCOMO81,1,FAABE,53,1.6881554126739502,540
COCOMO81,1,FAABE,54,1.6881554126739502,550
COCOMO81,1,FAABE,55,1.6881554126739502,560
COCOMO81,1,FAABE,56,1.6881554126739502,570
COCOMO81,1,FAABE,57,1.6881554126739502,580
COCOMO81,1,FAABE,58,1.6881554126739502,590
COCOMO81,1,FAABE,59,1.6881554126739502,600
COCOMO81,1,FAABE,60,1.6881554126739502,610
COCOMO81,1,FAABE,61,1.6881554126739502,620
COCOMO81,1,FAABE,62,1.6881554126739502,630
COCOMO81,1,FAABE,63,1.6881554126739502,640
COCOMO81,1,FAABE,64,1.6881554126739502,650
COCOMO81,1,FAABE,65,1.6881554126739502,660
COCOMO81,1,FAABE,66,1.6881554126739502,670
COCOMO81,1,FAABE,67,1.6881554126739502,680
COCOMO81,1,FAABE,68,1.6881554126739502,690
COCOMO81,1,FAABE,69,1.6881554126739502,700
COCOMO81,1,FAABE,70,1.6881554126739502,710
COCOMO81,1,FAABE,71,1.6881554126739502,720
COCOMO81,1,FAABE,72,1.6881554126739502,730
COCOMO81,1,FAABE,73,1.6881554126739502,740
COCOMO81,1,FAABE,74,1.6881554126739502,750
COCOMO81,1,FAABE,75,1.6881554126739502,760
COCOMO81,1,FAABE,76,1.6881554126739502,770
COCOMO81,1,FAABE,77,1.6881554126739502,780
COCOMO81,1,FAABE,78,1.6881554126739502,790
COCOMO81,1,FAABE,79,1.6881554126739502,800
COCOMO81,1,FAABE,80,1.6881554126739502,810
COCOMO81,1,FAABE,81,1.6881554126739502,820
COCOMO81,1,FAABE,82,1.6881554126739502,830
COCOMO81,1,FAABE,83,1.6881554126739502,840
COCOMO81,1,FAABE,84,1.6881554126739502,850
COCOMO81,1,FAABE,85,1.6881554126739502,860
COCOMO81,1,FAABE,86,1.6881554126739502,870
COCOMO81,1,FAABE,87,1.6881554126739502,880
COCOMO81,1,FAABE,88,1.6881554126739502,890
COCOMO81,1,FAABE,89,1.6881554126739502,900
COCOMO81,1,FAABE,90,1.6881554126739502,910
COCOMO81,1,FAABE,91,1.6881554126739502,920
COCOMO81,1,FAABE,92,1.6881554126739502,930
COCOMO81,1,FAABE,93,1.6881554126739502,940
COCOMO81,1,FAABE,94,1.6881554126739502,950
COCOMO81,1,FAABE,95,1.6881554126739502,960
COCOMO81,1,FAABE,96,1.6881554126739502,970
COCOMO81,1,FAABE,97,1.6881554126739502,980
COCOMO81,1,FAABE,98,1.6881554126739502,990
COCOMO81,1,FAABE,99,1.6881554126739502,1000
COCOMO81,2,GA-ABE,0,2.89970326423645,10
COCOMO81,2,GA-ABE,1,2.89970326423645,20
COCOMO81,2,GA-ABE,2,2.89970326423645,30
COCOMO81,2,GA-ABE,3,2.6988775730133057,40
COCOMO81,2,GA-ABE,4,2.6988775730133057,50
COCOMO81,2,GA-ABE,5,1.7803810834884644,60
COCOMO81,2,GA-ABE,6,1.7041103839874268,70
COCOMO81,2,GA-ABE,7,1.694775938987732,80
COCOMO81,2,GA-ABE,8,1.694750189781189,90
COCOMO81,2,GA-ABE,9,1.694750189781189,100
COCOMO81,2,GA-ABE,10,1.6936886310577393,110
COCOMO81,2,GA-ABE,11,1.6916406154632568,120
COCOMO81,2,GA-ABE,12,1.6865695714950562,130
COCOMO81,2,GA-ABE,13,1.6865695714950562,140
COCOMO81,2,GA-ABE,14,1.6864577531814575,150
COCOMO81,2,GA-ABE,15,1.6857911348342896,160
COCOMO81,2,GA-ABE,16,1.684744119644165,170
COCOMO81,2,GA-ABE,17,1.6842464208602905,180
COCOMO81,2,GA-ABE,18,1.6842464208602905,190
COCOMO81,2,GA-ABE,19,1.683936357498169,200
COCOMO81,2,GA-ABE,20,1.6836950778961182,210
COCOMO81,2,GA-ABE,21,1.6836950778961182,220
COCOMO81,2,GA-ABE,22,1.6829360723495483,230
COCOMO81,2,GA-ABE,23,1.6828663349151611,240
COCOMO81,2,GA-ABE,24,1.6828662157058716,250
COCOMO81,2,GA-ABE,25,1.6826386451721191,260
COCOMO81,2,GA-ABE,26,1.6826386451721191,270
COCOMO81,2,GA-ABE,27,1.681822419166565,280
COCOMO81,2,GA-ABE,28,1.681822419166565,290
COCOMO81,2,GA-ABE,29,1.6818222999572754,300
COCOMO81,2,GA-ABE,30,1.681066870689392,310
COCOMO81,2,GA-ABE,31,1.681066870689392,320
COCOMO81,2,GA-ABE,32,1.681066870689392,330
COCOMO81,2,GA-ABE,33,1.681066870689392,340
COCOMO81,2,GA-ABE,34,1.681066870689392,350
COCOMO81,2,GA-ABE,35,1.681066870689392,360
COCOMO81,2,GA-ABE,36,1.681066870689392,370
COCOMO81,2,GA-ABE,37,1.6798378229141235,380
COCOMO81,2,GA-ABE,38,1.6797200441360474,390
COCOMO81,2,GA-ABE,39,1.6797200441360474,400
COCOMO81,2,GA-ABE,40,1.6797200441360474,410
COCOMO81,2,GA-ABE,41,1.6797200441360474,420
COCOMO81,2,GA-ABE,42,1.6790131330490112,430
COCOMO81,2,GA-ABE,43,1.6790131330490112,440
COCOMO81,2,GA-ABE,44,1.6790131330490112,450
COCOMO81,2,GA-ABE,45,1.6790131330490112,460
COCOMO81,2,GA-ABE,46,1.6779247522354126,470
COCOMO81,2,GA-ABE,47,1.6779247522354126,480
COCOMO81,2,GA-ABE,48,1.6779247522354126,490
COCOMO81,2,GA-ABE,49,1.6779247522354126,500
COCOMO81,2,GA-ABE,50,1.6770615577697754,510
COCOMO81,2,GA-ABE,51,1.6770615577697754,520
COCOMO81,2,GA-ABE,52,1.6770614385604858,530
COCOMO81,2,GA-ABE,53,1.6770614385604858,540
COCOMO81,2,GA-ABE,54,1.6755603551864624,550
COCOMO81,2,GA-ABE,55,1.6755603551864624,560
COCOMO81,2,GA-ABE,56,1.6755603551864624,570
COCOMO81,2,GA-ABE,57,1.6755603551864624,580
COCOMO81,2,GA-ABE,58,1.6755603551864624,590
COCOMO81,2,GA-ABE,59,1.674789309501648,600
COCOMO81,2,GA-ABE,60,1.674789309501648,610
COCOMO81,2,GA-ABE,61,1.6747891902923584,620
COCOMO81,2,GA-ABE,62,1.6737698316574097,630
COCOMO81,2,GA-ABE,63,1.6737698316574097,640
COCOMO81,2,GA-ABE,64,1.6729403734207153,650
COCOMO81,2,GA-ABE,65,1.6728119850158691,660
COCOMO81,2,GA-ABE,66,1.6727243661880493,670
COCOMO81,2,GA-ABE,67,1.6727243661880493,680
COCOMO81,2,GA-ABE,68,1.6727243661880493,690
COCOMO81,2,GA-ABE,69,1.672584056854248,700
COCOMO81,2,GA-ABE,70,1.6718794107437134,710
COCOMO81,2,GA-ABE,71,1.6704561710357666,720
COCOMO81,2,GA-ABE,72,1.6704561710357666,730
COCOMO81,2,GA-ABE,73,1.6700090169906616,740
COCOMO81,2,GA-ABE,74,1.6700090169906616,750
COCOMO81,2,GA-ABE,75,1.6700090169906616,760
COCOMO81,2,GA-ABE,76,1.6700090169906616,770
COCOMO81,2,GA-ABE,77,1.6697906255722046,780
COCOMO81,2,GA-ABE,78,1.6697906255722046,790
COCOMO81,2,GA-ABE,79,1.669001579284668,800
COCOMO81,2,GA-ABE,80,1.6684815883636475,810
COCOMO81,2,GA-ABE,81,1.6684815883636475,820
COCOMO81,2,GA-ABE,82,1.668101191520691,830
COCOMO81,2,GA-ABE,83,1.668101191520691,840
COCOMO81,2,GA-ABE,84,1.668101191520691,850
COCOMO81,2,GA-ABE,85,1.668101191520691,860
COCOMO81,2,GA-ABE,86,1.668101191520691,870
COCOMO81,2,GA-ABE,87,1.6680020093917847,880
COCOMO81,2,GA-ABE,88,1.6673791408538818,890
COCOMO81,2,GA-ABE,89,1.6673791408538818,900
COCOMO81,2,GA-ABE,90,1.6670708656311035,910
COCOMO81,2,GA-ABE,91,1.6670708656311035,920
COCOMO81,2,GA-ABE,92,1.6650642156600952,930
COCOMO81,2,GA-ABE,93,1.6650642156600952,940
COCOMO81,2,GA-ABE,94,1.6650642156600952,950
COCOMO81,2,GA-ABE,95,1.6650642156600952,960
COCOMO81,2,GA-ABE,96,1.6650642156600952,970
COCOMO81,2,GA-ABE,97,1.6650642156600952,980
COCOMO81,2,GA-ABE,98,1.663063406944275,990
COCOMO81,2,GA-ABE,99,1.663063406944275,1000
COCOMO81,2,PSO-ABE,0,1.6985890865325928,10
COCOMO81,2,PSO-ABE,1,1.6985890865325928,20
COCOMO81,2,PSO-ABE,2,1.6985890865325928,30
COCOMO81,2,PSO-ABE,3,1.6985890865325928,40
COCOMO81,2,PSO-ABE,4,1.6985890865325928,50
COCOMO81,2,PSO-ABE,5,1.6985890865325928,60
COCOMO81,2,PSO-ABE,6,1.6985890865325928,70
COCOMO81,2,PSO-ABE,7,1.6985890865325928,80
COCOMO81,2,PSO-ABE,8,1.692625880241394,90
COCOMO81,2,PSO-ABE,9,1.688454270362854,100
COCOMO81,2,PSO-ABE,10,1.688454270362854,110
COCOMO81,2,PSO-ABE,11,1.687135934829712,120
COCOMO81,2,PSO-ABE,12,1.6870055198669434,130
COCOMO81,2,PSO-ABE,13,1.6818890571594238,140
COCOMO81,2,PSO-ABE,14,1.681304693222046,150
COCOMO81,2,PSO-ABE,15,1.681304693222046,160
COCOMO81,2,PSO-ABE,16,1.681304693222046,170
COCOMO81,2,PSO-ABE,17,1.681304693222046,180
COCOMO81,2,PSO-ABE,18,1.681304693222046,190
COCOMO81,2,PSO-ABE,19,1.681304693222046,200
COCOMO81,2,PSO-ABE,20,1.678184151649475,210
COCOMO81,2,PSO-ABE,21,1.678184151649475,220
COCOMO81,2,PSO-ABE,22,1.667858362197876,230
COCOMO81,2,PSO-ABE,23,1.667858362197876,240
COCOMO81,2,PSO-ABE,24,1.6440459489822388,250
COCOMO81,2,PSO-ABE,25,1.6440459489822388,260
COCOMO81,2,PSO-ABE,26,1.6440459489822388,270
COCOMO81,2,PSO-ABE,27,1.6440459489822388,280
COCOMO81,2,PSO-ABE,28,1.6440459489822388,290
COCOMO81,2,PSO-ABE,29,1.6440459489822388,300
COCOMO81,2,PSO-ABE,30,1.6440459489822388,310
COCOMO81,2,PSO-ABE,31,1.6440459489822388,320
COCOMO81,2,PSO-ABE,32,1.6440459489822388,330
COCOMO81,2,PSO-ABE,33,1.6440459489822388,340
COCOMO81,2,PSO-ABE,34,1.6440459489822388,350
COCOMO81,2,PSO-ABE,35,1.6440459489822388,360
COCOMO81,2,PSO-ABE,36,1.632863163948059,370
COCOMO81,2,PSO-ABE,37,1.632863163948059,380
COCOMO81,2,PSO-ABE,38,1.632863163948059,390
COCOMO81,2,PSO-ABE,39,1.632863163948059,400
COCOMO81,2,PSO-ABE,40,1.632863163948059,410
COCOMO81,2,PSO-ABE,41,1.632863163948059,420
COCOMO81,2,PSO-ABE,42,1.6323895454406738,430
COCOMO81,2,PSO-ABE,43,1.6236110925674438,440
COCOMO81,2,PSO-ABE,44,1.6152039766311646,450
COCOMO81,2,PSO-ABE,45,1.6152039766311646,460
COCOMO81,2,PSO-ABE,46,1.6152039766311646,470
COCOMO81,2,PSO-ABE,47,1.6152039766311646,480
COCOMO81,2,PSO-ABE,48,1.6152039766311646,490
COCOMO81,2,PSO-ABE,49,1.6132299900054932,500
COCOMO81,2,PSO-ABE,50,1.6132299900054932,510
COCOMO81,2,PSO-ABE,51,1.608428955078125,520
COCOMO81,2,PSO-ABE,52,1.608428955078125,530
COCOMO81,2,PSO-ABE,53,1.6078689098358154,540
COCOMO81,2,PSO-ABE,54,1.6024746894836426,550
COCOMO81,2,PSO-ABE,55,1.6024746894836426,560
COCOMO81,2,PSO-ABE,56,1.5891369581222534,570
COCOMO81,2,PSO-ABE,57,1.5891369581222534,580
COCOMO81,2,PSO-ABE,58,1.5891369581222534,590
COCOMO81,2,PSO-ABE,59,1.5891369581222534,600
COCOMO81,2,PSO-ABE,60,1.5876168012619019,610
COCOMO81,2,PSO-ABE,61,1.586068868637085,620
COCOMO81,2,PSO-ABE,62,1.586068868637085,630
COCOMO81,2,PSO-ABE,63,1.5839920043945312,640
COCOMO81,2,PSO-ABE,64,1.5839920043945312,650
COCOMO81,2,PSO-ABE,65,1.5839920043945312,660
COCOMO81,2,PSO-ABE,66,1.5839920043945312,670
COCOMO81,2,PSO-ABE,67,1.5839920043945312,680
COCOMO81,2,PSO-ABE,68,1.5839920043945312,690
COCOMO81,2,PSO-ABE,69,1.5839920043945312,700
COCOMO81,2,PSO-ABE,70,1.5839920043945312,710
COCOMO81,2,PSO-ABE,71,1.5839077234268188,720
COCOMO81,2,PSO-ABE,72,1.5831762552261353,730
COCOMO81,2,PSO-ABE,73,1.5831762552261353,740
COCOMO81,2,PSO-ABE,74,1.5831762552261353,750
COCOMO81,2,PSO-ABE,75,1.5831762552261353,760
COCOMO81,2,PSO-ABE,76,1.5798276662826538,770
COCOMO81,2,PSO-ABE,77,1.5798276662826538,780
COCOMO81,2,PSO-ABE,78,1.5798276662826538,790
COCOMO81,2,PSO-ABE,79,1.5798276662826538,800
COCOMO81,2,PSO-ABE,80,1.5781049728393555,810
COCOMO81,2,PSO-ABE,81,1.5781049728393555,820
COCOMO81,2,PSO-ABE,82,1.5781049728393555,830
COCOMO81,2,PSO-ABE,83,1.5765266418457031,840
COCOMO81,2,PSO-ABE,84,1.5765266418457031,850
COCOMO81,2,PSO-ABE,85,1.5765266418457031,860
COCOMO81,2,PSO-ABE,86,1.5765266418457031,870
COCOMO81,2,PSO-ABE,87,1.5765266418457031,880
COCOMO81,2,PSO-ABE,88,1.5765266418457031,890
COCOMO81,2,PSO-ABE,89,1.5753506422042847,900
COCOMO81,2,PSO-ABE,90,1.5753506422042847,910
COCOMO81,2,PSO-ABE,91,1.5753506422042847,920
COCOMO81,2,PSO-ABE,92,1.5753506422042847,930
COCOMO81,2,PSO-ABE,93,1.5753506422042847,940
COCOMO81,2,PSO-ABE,94,1.5753506422042847,950
COCOMO81,2,PSO-ABE,95,1.5753073692321777,960
COCOMO81,2,PSO-ABE,96,1.5752619504928589,970
COCOMO81,2,PSO-ABE,97,1.5752619504928589,980
COCOMO81,2,PSO-ABE,98,1.5752619504928589,990
COCOMO81,2,PSO-ABE,99,1.5752619504928589,1000
COCOMO81,2,DE-ABE,0,3.024812698364258,10
COCOMO81,2,DE-ABE,1,2.634974956512451,20
COCOMO81,2,DE-ABE,2,2.6144399642944336,30
COCOMO81,2,DE-ABE,3,2.6144399642944336,40
COCOMO81,2,DE-ABE,4,2.3513283729553223,50
COCOMO81,2,DE-ABE,5,2.0703136920928955,60
COCOMO81,2,DE-ABE,6,2.0703136920928955,70
COCOMO81,2,DE-ABE,7,2.0703136920928955,80
COCOMO81,2,DE-ABE,8,2.0703136920928955,90
COCOMO81,2,DE-ABE,9,2.0703136920928955,100
COCOMO81,2,DE-ABE,10,2.0703136920928955,110
COCOMO81,2,DE-ABE,11,2.0703136920928955,120
COCOMO81,2,DE-ABE,12,2.0703136920928955,130
COCOMO81,2,DE-ABE,13,2.0703136920928955,140
COCOMO81,2,DE-ABE,14,2.0703136920928955,150
COCOMO81,2,DE-ABE,15,2.0124213695526123,160
COCOMO81,2,DE-ABE,16,2.011432647705078,170
COCOMO81,2,DE-ABE,17,2.010026454925537,180
COCOMO81,2,DE-ABE,18,2.010026454925537,190
COCOMO81,2,DE-ABE,19,2.010026454925537,200
COCOMO81,2,DE-ABE,20,2.010026454925537,210
COCOMO81,2,DE-ABE,21,2.010026454925537,220
COCOMO81,2,DE-ABE,22,2.0099477767944336,230
COCOMO81,2,DE-ABE,23,2.009674310684204,240
COCOMO81,2,DE-ABE,24,2.009674310684204,250
COCOMO81,2,DE-ABE,25,2.009674310684204,260
COCOMO81,2,DE-ABE,26,2.009493112564087,270
COCOMO81,2,DE-ABE,27,2.009493112564087,280
COCOMO81,2,DE-ABE,28,2.009493112564087,290
COCOMO81,2,DE-ABE,29,2.009493112564087,300
COCOMO81,2,DE-ABE,30,2.0094850063323975,310
COCOMO81,2,DE-ABE,31,2.009451389312744,320
COCOMO81,2,DE-ABE,32,2.009451389312744,330
COCOMO81,2,DE-ABE,33,2.009451389312744,340
COCOMO81,2,DE-ABE,34,2.0094501972198486,350
COCOMO81,2,DE-ABE,35,2.0094501972198486,360
COCOMO81,2,DE-ABE,36,2.0094454288482666,370
COCOMO81,2,DE-ABE,37,2.0094428062438965,380
COCOMO81,2,DE-ABE,38,2.0094404220581055,390
COCOMO81,2,DE-ABE,39,2.0094404220581055,400
COCOMO81,2,DE-ABE,40,2.0094382762908936,410
COCOMO81,2,DE-ABE,41,2.0094375610351562,420
COCOMO81,2,DE-ABE,42,2.0094375610351562,430
COCOMO81,2,DE-ABE,43,2.0094375610351562,440
COCOMO81,2,DE-ABE,44,2.0094358921051025,450
COCOMO81,2,DE-ABE,45,2.009434938430786,460
COCOMO81,2,DE-ABE,46,2.0094339847564697,470
COCOMO81,2,DE-ABE,47,2.009432554244995,480
COCOMO81,2,DE-ABE,48,2.009432554244995,490
COCOMO81,2,DE-ABE,49,2.009432315826416,500
COCOMO81,2,DE-ABE,50,2.009431838989258,510
COCOMO81,2,DE-ABE,51,2.0094313621520996,520
COCOMO81,2,DE-ABE,52,2.0094313621520996,530
COCOMO81,2,DE-ABE,53,2.0094313621520996,540
COCOMO81,2,DE-ABE,54,2.0094313621520996,550
COCOMO81,2,DE-ABE,55,2.0094313621520996,560
COCOMO81,2,DE-ABE,56,2.0094313621520996,570
COCOMO81,2,DE-ABE,57,2.0094311237335205,580
COCOMO81,2,DE-ABE,58,2.0094311237335205,590
COCOMO81,2,DE-ABE,59,2.0094311237335205,600
COCOMO81,2,DE-ABE,60,2.0094311237335205,610
COCOMO81,2,DE-ABE,61,2.0094311237335205,620
COCOMO81,2,DE-ABE,62,2.0094311237335205,630
COCOMO81,2,DE-ABE,63,2.0094311237335205,640
COCOMO81,2,DE-ABE,64,2.0094311237335205,650
COCOMO81,2,DE-ABE,65,2.0094311237335205,660
COCOMO81,2,DE-ABE,66,2.0094311237335205,670
COCOMO81,2,DE-ABE,67,2.0094308853149414,680
COCOMO81,2,DE-ABE,68,2.0094308853149414,690
COCOMO81,2,DE-ABE,69,2.0094308853149414,700
COCOMO81,2,DE-ABE,70,2.0094308853149414,710
COCOMO81,2,DE-ABE,71,2.0094308853149414,720
COCOMO81,2,DE-ABE,72,2.0094306468963623,730
COCOMO81,2,DE-ABE,73,2.0094306468963623,740
COCOMO81,2,DE-ABE,74,2.0094306468963623,750
COCOMO81,2,DE-ABE,75,2.0094306468963623,760
COCOMO81,2,DE-ABE,76,2.009430408477783,770
COCOMO81,2,DE-ABE,77,2.009430408477783,780
COCOMO81,2,DE-ABE,78,2.009430408477783,790
COCOMO81,2,DE-ABE,79,2.009430170059204,800
COCOMO81,2,DE-ABE,80,2.009430170059204,810
COCOMO81,2,DE-ABE,81,2.009430170059204,820
COCOMO81,2,DE-ABE,82,2.009430170059204,830
COCOMO81,2,DE-ABE,83,2.009430170059204,840
COCOMO81,2,DE-ABE,84,2.009429931640625,850
COCOMO81,2,DE-ABE,85,2.009429931640625,860
COCOMO81,2,DE-ABE,86,2.009429931640625,870
COCOMO81,2,DE-ABE,87,2.009429931640625,880
COCOMO81,2,DE-ABE,88,2.009429931640625,890
COCOMO81,2,DE-ABE,89,2.009429931640625,900
COCOMO81,2,DE-ABE,90,2.009429931640625,910
COCOMO81,2,DE-ABE,91,2.009429931640625,920
COCOMO81,2,DE-ABE,92,2.009429931640625,930
COCOMO81,2,DE-ABE,93,2.009429931640625,940
COCOMO81,2,DE-ABE,94,2.009429931640625,950
COCOMO81,2,DE-ABE,95,2.009429931640625,960
COCOMO81,2,DE-ABE,96,2.009429931640625,970
COCOMO81,2,DE-ABE,97,2.009429931640625,980
COCOMO81,2,DE-ABE,98,2.009429931640625,990
COCOMO81,2,DE-ABE,99,2.009429931640625,1000
COCOMO81,2,GWO-ABE,0,2.632766008377075,10
COCOMO81,2,GWO-ABE,1,1.8332350254058838,20
COCOMO81,2,GWO-ABE,2,1.8980813026428223,30
COCOMO81,2,GWO-ABE,3,1.8328118324279785,40
COCOMO81,2,GWO-ABE,4,1.7890077829360962,50
COCOMO81,2,GWO-ABE,5,1.6957240104675293,60
COCOMO81,2,GWO-ABE,6,1.684700608253479,70
COCOMO81,2,GWO-ABE,7,1.6822559833526611,80
COCOMO81,2,GWO-ABE,8,1.6804016828536987,90
COCOMO81,2,GWO-ABE,9,1.6891685724258423,100
COCOMO81,2,GWO-ABE,10,1.6898624897003174,110
COCOMO81,2,GWO-ABE,11,1.6864943504333496,120
COCOMO81,2,GWO-ABE,12,1.6958566904067993,130
COCOMO81,2,GWO-ABE,13,1.6799664497375488,140
COCOMO81,2,GWO-ABE,14,1.6790553331375122,150
COCOMO81,2,GWO-ABE,15,1.6828964948654175,160
COCOMO81,2,GWO-ABE,16,1.6816264390945435,170
COCOMO81,2,GWO-ABE,17,1.6806334257125854,180
COCOMO81,2,GWO-ABE,18,1.676058292388916,190
COCOMO81,2,GWO-ABE,19,1.681763768196106,200
COCOMO81,2,GWO-ABE,20,1.6764107942581177,210
COCOMO81,2,GWO-ABE,21,1.6732592582702637,220
COCOMO81,2,GWO-ABE,22,1.6749608516693115,230
COCOMO81,2,GWO-ABE,23,1.669860601425171,240
COCOMO81,2,GWO-ABE,24,1.6656588315963745,250
COCOMO81,2,GWO-ABE,25,1.6395299434661865,260
COCOMO81,2,GWO-ABE,26,1.6695611476898193,270
COCOMO81,2,GWO-ABE,27,1.6650800704956055,280
COCOMO81,2,GWO-ABE,28,1.6647100448608398,290
COCOMO81,2,GWO-ABE,29,1.6639541387557983,300
COCOMO81,2,GWO-ABE,30,1.6681358814239502,310
COCOMO81,2,GWO-ABE,31,1.6640515327453613,320
COCOMO81,2,GWO-ABE,32,1.6663711071014404,330
COCOMO81,2,GWO-ABE,33,1.6683143377304077,340
COCOMO81,2,GWO-ABE,34,1.6585637331008911,350
COCOMO81,2,GWO-ABE,35,1.6588906049728394,360
COCOMO81,2,GWO-ABE,36,1.6538439989089966,370
COCOMO81,2,GWO-ABE,37,1.6575205326080322,380
COCOMO81,2,GWO-ABE,38,1.6519745588302612,390
COCOMO81,2,GWO-ABE,39,1.6479893922805786,400
COCOMO81,2,GWO-ABE,40,1.647182822227478,410
COCOMO81,2,GWO-ABE,41,1.6438376903533936,420
COCOMO81,2,GWO-ABE,42,1.636309027671814,430
COCOMO81,2,GWO-ABE,43,1.6345021724700928,440
COCOMO81,2,GWO-ABE,44,1.637263298034668,450
COCOMO81,2,GWO-ABE,45,1.6366859674453735,460
COCOMO81,2,GWO-ABE,46,1.6312880516052246,470
COCOMO81,2,GWO-ABE,47,1.6285254955291748,480
COCOMO81,2,GWO-ABE,48,1.6291115283966064,490
COCOMO81,2,GWO-ABE,49,1.6283338069915771,500
COCOMO81,2,GWO-ABE,50,1.629565954208374,510
COCOMO81,2,GWO-ABE,51,1.6314165592193604,520
COCOMO81,2,GWO-ABE,52,1.6272003650665283,530
COCOMO81,2,GWO-ABE,53,1.6269718408584595,540
COCOMO81,2,GWO-ABE,54,1.6258119344711304,550
COCOMO81,2,GWO-ABE,55,1.624732494354248,560
COCOMO81,2,GWO-ABE,56,1.6242121458053589,570
COCOMO81,2,GWO-ABE,57,1.615669846534729,580
COCOMO81,2,GWO-ABE,58,1.6196690797805786,590
COCOMO81,2,GWO-ABE,59,1.6217772960662842,600
COCOMO81,2,GWO-ABE,60,1.6183624267578125,610
COCOMO81,2,GWO-ABE,61,1.6187043190002441,620
COCOMO81,2,GWO-ABE,62,1.6163053512573242,630
COCOMO81,2,GWO-ABE,63,1.6165847778320312,640
COCOMO81,2,GWO-ABE,64,1.6145257949829102,650
COCOMO81,2,GWO-ABE,65,1.6150437593460083,660
COCOMO81,2,GWO-ABE,66,1.6156361103057861,670
COCOMO81,2,GWO-ABE,67,1.6138460636138916,680
COCOMO81,2,GWO-ABE,68,1.6132103204727173,690
COCOMO81,2,GWO-ABE,69,1.6117604970932007,700
COCOMO81,2,GWO-ABE,70,1.6122796535491943,710
COCOMO81,2,GWO-ABE,71,1.611955165863037,720
COCOMO81,2,GWO-ABE,72,1.6112364530563354,730
COCOMO81,2,GWO-ABE,73,1.6101956367492676,740
COCOMO81,2,GWO-ABE,74,1.61074960231781,750
COCOMO81,2,GWO-ABE,75,1.6089868545532227,760
COCOMO81,2,GWO-ABE,76,1.606920838356018,770
COCOMO81,2,GWO-ABE,77,1.6081736087799072,780
COCOMO81,2,GWO-ABE,78,1.6076550483703613,790
COCOMO81,2,GWO-ABE,79,1.6069135665893555,800
COCOMO81,2,GWO-ABE,80,1.606074333190918,810
COCOMO81,2,GWO-ABE,81,1.6062629222869873,820
COCOMO81,2,GWO-ABE,82,1.6054363250732422,830
COCOMO81,2,GWO-ABE,83,1.6056056022644043,840
COCOMO81,2,GWO-ABE,84,1.6055731773376465,850
COCOMO81,2,GWO-ABE,85,1.6047205924987793,860
COCOMO81,2,GWO-ABE,86,1.6048696041107178,870
COCOMO81,2,GWO-ABE,87,1.6044210195541382,880
COCOMO81,2,GWO-ABE,88,1.6037464141845703,890
COCOMO81,2,GWO-ABE,89,1.6034636497497559,900
COCOMO81,2,GWO-ABE,90,1.603129267692566,910
COCOMO81,2,GWO-ABE,91,1.602439522743225,920
COCOMO81,2,GWO-ABE,92,1.60245943069458,930
COCOMO81,2,GWO-ABE,93,1.6022740602493286,940
COCOMO81,2,GWO-ABE,94,1.6020623445510864,950
COCOMO81,2,GWO-ABE,95,1.602050542831421,960
COCOMO81,2,GWO-ABE,96,1.6020092964172363,970
COCOMO81,2,GWO-ABE,97,1.6019818782806396,980
COCOMO81,2,GWO-ABE,98,1.6018645763397217,990
COCOMO81,2,GWO-ABE,99,1.6018799543380737,1000
COCOMO81,2,WOA-ABE,0,2.7073850631713867,10
COCOMO81,2,WOA-ABE,1,2.0925369262695312,20
COCOMO81,2,WOA-ABE,2,2.080049991607666,30
COCOMO81,2,WOA-ABE,3,2.080049991607666,40
COCOMO81,2,WOA-ABE,4,2.080049991607666,50
COCOMO81,2,WOA-ABE,5,2.0632126331329346,60
COCOMO81,2,WOA-ABE,6,2.059609889984131,70
COCOMO81,2,WOA-ABE,7,2.055482864379883,80
COCOMO81,2,WOA-ABE,8,2.0514235496520996,90
COCOMO81,2,WOA-ABE,9,2.050032138824463,100
COCOMO81,2,WOA-ABE,10,1.9037396907806396,110
COCOMO81,2,WOA-ABE,11,1.9037396907806396,120
COCOMO81,2,WOA-ABE,12,1.9037396907806396,130
COCOMO81,2,WOA-ABE,13,1.9037396907806396,140
COCOMO81,2,WOA-ABE,14,1.9037396907806396,150
COCOMO81,2,WOA-ABE,15,1.9037396907806396,160
COCOMO81,2,WOA-ABE,16,1.9037396907806396,170
COCOMO81,2,WOA-ABE,17,1.9037396907806396,180
COCOMO81,2,WOA-ABE,18,1.9037396907806396,190
COCOMO81,2,WOA-ABE,19,1.9037396907806396,200
COCOMO81,2,WOA-ABE,20,1.9037396907806396,210
COCOMO81,2,WOA-ABE,21,1.9037396907806396,220
COCOMO81,2,WOA-ABE,22,1.9037396907806396,230
COCOMO81,2,WOA-ABE,23,1.9037396907806396,240
COCOMO81,2,WOA-ABE,24,1.9037396907806396,250
COCOMO81,2,WOA-ABE,25,1.9037396907806396,260
COCOMO81,2,WOA-ABE,26,1.9037396907806396,270
COCOMO81,2,WOA-ABE,27,1.9037396907806396,280
COCOMO81,2,WOA-ABE,28,1.9037396907806396,290
COCOMO81,2,WOA-ABE,29,1.9037396907806396,300
COCOMO81,2,WOA-ABE,30,1.9037396907806396,310
COCOMO81,2,WOA-ABE,31,1.9037396907806396,320
COCOMO81,2,WOA-ABE,32,1.9037396907806396,330
COCOMO81,2,WOA-ABE,33,1.9037396907806396,340
COCOMO81,2,WOA-ABE,34,1.9037396907806396,350
COCOMO81,2,WOA-ABE,35,1.8321533203125,360
COCOMO81,2,WOA-ABE,36,1.799471378326416,370
COCOMO81,2,WOA-ABE,37,1.7870330810546875,380
COCOMO81,2,WOA-ABE,38,1.7869106531143188,390
COCOMO81,2,WOA-ABE,39,1.781649112701416,400
COCOMO81,2,WOA-ABE,40,1.7812466621398926,410
COCOMO81,2,WOA-ABE,41,1.7798033952713013,420
COCOMO81,2,WOA-ABE,42,1.7798033952713013,430
COCOMO81,2,WOA-ABE,43,1.7798033952713013,440
COCOMO81,2,WOA-ABE,44,1.7796926498413086,450
COCOMO81,2,WOA-ABE,45,1.7796800136566162,460
COCOMO81,2,WOA-ABE,46,1.7796800136566162,470
COCOMO81,2,WOA-ABE,47,1.779357671737671,480
COCOMO81,2,WOA-ABE,48,1.779013752937317,490
COCOMO81,2,WOA-ABE,49,1.779013752937317,500
COCOMO81,2,WOA-ABE,50,1.779013752937317,510
COCOMO81,2,WOA-ABE,51,1.779013752937317,520
COCOMO81,2,WOA-ABE,52,1.779013752937317,530
COCOMO81,2,WOA-ABE,53,1.779013752937317,540
COCOMO81,2,WOA-ABE,54,1.779013752937317,550
COCOMO81,2,WOA-ABE,55,1.779013752937317,560
COCOMO81,2,WOA-ABE,56,1.779013752937317,570
COCOMO81,2,WOA-ABE,57,1.779013752937317,580
COCOMO81,2,WOA-ABE,58,1.779013752937317,590
COCOMO81,2,WOA-ABE,59,1.779013752937317,600
COCOMO81,2,WOA-ABE,60,1.779013752937317,610
COCOMO81,2,WOA-ABE,61,1.779013752937317,620
COCOMO81,2,WOA-ABE,62,1.779013752937317,630
COCOMO81,2,WOA-ABE,63,1.778995156288147,640
COCOMO81,2,WOA-ABE,64,1.778995156288147,650
COCOMO81,2,WOA-ABE,65,1.778995156288147,660
COCOMO81,2,WOA-ABE,66,1.778995156288147,670
COCOMO81,2,WOA-ABE,67,1.778995156288147,680
COCOMO81,2,WOA-ABE,68,1.778995156288147,690
COCOMO81,2,WOA-ABE,69,1.778995156288147,700
COCOMO81,2,WOA-ABE,70,1.778995156288147,710
COCOMO81,2,WOA-ABE,71,1.778995156288147,720
COCOMO81,2,WOA-ABE,72,1.778995156288147,730
COCOMO81,2,WOA-ABE,73,1.778995156288147,740
COCOMO81,2,WOA-ABE,74,1.778995156288147,750
COCOMO81,2,WOA-ABE,75,1.7789913415908813,760
COCOMO81,2,WOA-ABE,76,1.7789913415908813,770
COCOMO81,2,WOA-ABE,77,1.7789913415908813,780
COCOMO81,2,WOA-ABE,78,1.7789913415908813,790
COCOMO81,2,WOA-ABE,79,1.7789913415908813,800
COCOMO81,2,WOA-ABE,80,1.7789913415908813,810
COCOMO81,2,WOA-ABE,81,1.7789913415908813,820
COCOMO81,2,WOA-ABE,82,1.7789913415908813,830
COCOMO81,2,WOA-ABE,83,1.7789913415908813,840
COCOMO81,2,WOA-ABE,84,1.7789913415908813,850
COCOMO81,2,WOA-ABE,85,1.7789913415908813,860
COCOMO81,2,WOA-ABE,86,1.7789913415908813,870
COCOMO81,2,WOA-ABE,87,1.7789913415908813,880
COCOMO81,2,WOA-ABE,88,1.7789913415908813,890
COCOMO81,2,WOA-ABE,89,1.7789913415908813,900
COCOMO81,2,WOA-ABE,90,1.7789913415908813,910
COCOMO81,2,WOA-ABE,91,1.7789913415908813,920
COCOMO81,2,WOA-ABE,92,1.7789913415908813,930
COCOMO81,2,WOA-ABE,93,1.7789913415908813,940
COCOMO81,2,WOA-ABE,94,1.7789913415908813,950
COCOMO81,2,WOA-ABE,95,1.7789913415908813,960
COCOMO81,2,WOA-ABE,96,1.7789913415908813,970
COCOMO81,2,WOA-ABE,97,1.7789913415908813,980
COCOMO81,2,WOA-ABE,98,1.7789905071258545,990
COCOMO81,2,WOA-ABE,99,1.7789905071258545,1000
COCOMO81,2,FAABE,0,1.7932751178741455,10
COCOMO81,2,FAABE,1,1.7917290925979614,20
COCOMO81,2,FAABE,2,1.7030643224716187,30
COCOMO81,2,FAABE,3,1.7030643224716187,40
COCOMO81,2,FAABE,4,1.7030643224716187,50
COCOMO81,2,FAABE,5,1.7030643224716187,60
COCOMO81,2,FAABE,6,1.7030643224716187,70
COCOMO81,2,FAABE,7,1.6990166902542114,80
COCOMO81,2,FAABE,8,1.6931227445602417,90
COCOMO81,2,FAABE,9,1.6931227445602417,100
COCOMO81,2,FAABE,10,1.6823962926864624,110
COCOMO81,2,FAABE,11,1.6823962926864624,120
COCOMO81,2,FAABE,12,1.6823962926864624,130
COCOMO81,2,FAABE,13,1.6823962926864624,140
COCOMO81,2,FAABE,14,1.6823962926864624,150
COCOMO81,2,FAABE,15,1.6823962926864624,160
COCOMO81,2,FAABE,16,1.6823962926864624,170
COCOMO81,2,FAABE,17,1.6823962926864624,180
COCOMO81,2,FAABE,18,1.6823962926864624,190
COCOMO81,2,FAABE,19,1.6823962926864624,200
COCOMO81,2,FAABE,20,1.6823962926864624,210
COCOMO81,2,FAABE,21,1.6823962926864624,220
COCOMO81,2,FAABE,22,1.6823962926864624,230
COCOMO81,2,FAABE,23,1.6823962926864624,240
COCOMO81,2,FAABE,24,1.6823962926864624,250
COCOMO81,2,FAABE,25,1.6823962926864624,260
COCOMO81,2,FAABE,26,1.6823962926864624,270
COCOMO81,2,FAABE,27,1.6823962926864624,280
COCOMO81,2,FAABE,28,1.6823962926864624,290
COCOMO81,2,FAABE,29,1.6823962926864624,300
COCOMO81,2,FAABE,30,1.6823962926864624,310
COCOMO81,2,FAABE,31,1.6823962926864624,320
COCOMO81,2,FAABE,32,1.6823962926864624,330
COCOMO81,2,FAABE,33,1.6823962926864624,340
COCOMO81,2,FAABE,34,1.6823962926864624,350
COCOMO81,2,FAABE,35,1.6823962926864624,360
COCOMO81,2,FAABE,36,1.6823962926864624,370
COCOMO81,2,FAABE,37,1.6823962926864624,380
COCOMO81,2,FAABE,38,1.6823962926864624,390
COCOMO81,2,FAABE,39,1.6823962926864624,400
COCOMO81,2,FAABE,40,1.6823962926864624,410
COCOMO81,2,FAABE,41,1.6823962926864624,420
COCOMO81,2,FAABE,42,1.6823962926864624,430
COCOMO81,2,FAABE,43,1.6823962926864624,440
COCOMO81,2,FAABE,44,1.6823962926864624,450
COCOMO81,2,FAABE,45,1.6823962926864624,460
COCOMO81,2,FAABE,46,1.6823962926864624,470
COCOMO81,2,FAABE,47,1.6823962926864624,480
COCOMO81,2,FAABE,48,1.6823962926864624,490
COCOMO81,2,FAABE,49,1.6823962926864624,500
COCOMO81,2,FAABE,50,1.6823962926864624,510
COCOMO81,2,FAABE,51,1.6823962926864624,520
COCOMO81,2,FAABE,52,1.6823962926864624,530
COCOMO81,2,FAABE,53,1.6823962926864624,540
COCOMO81,2,FAABE,54,1.6823962926864624,550
COCOMO81,2,FAABE,55,1.6823962926864624,560
COCOMO81,2,FAABE,56,1.6823962926864624,570
COCOMO81,2,FAABE,57,1.6823962926864624,580
COCOMO81,2,FAABE,58,1.6823962926864624,590
COCOMO81,2,FAABE,59,1.6823962926864624,600
COCOMO81,2,FAABE,60,1.6823962926864624,610
COCOMO81,2,FAABE,61,1.6823962926864624,620
COCOMO81,2,FAABE,62,1.6823962926864624,630
COCOMO81,2,FAABE,63,1.6823962926864624,640
COCOMO81,2,FAABE,64,1.6823962926864624,650
COCOMO81,2,FAABE,65,1.6823962926864624,660
COCOMO81,2,FAABE,66,1.6823962926864624,670
COCOMO81,2,FAABE,67,1.6823962926864624,680
COCOMO81,2,FAABE,68,1.6823962926864624,690
COCOMO81,2,FAABE,69,1.6823962926864624,700
COCOMO81,2,FAABE,70,1.6823962926864624,710
COCOMO81,2,FAABE,71,1.6823962926864624,720
COCOMO81,2,FAABE,72,1.6823962926864624,730
COCOMO81,2,FAABE,73,1.6823962926864624,740
COCOMO81,2,FAABE,74,1.6823962926864624,750
COCOMO81,2,FAABE,75,1.6823962926864624,760
COCOMO81,2,FAABE,76,1.6823962926864624,770
COCOMO81,2,FAABE,77,1.6823962926864624,780
COCOMO81,2,FAABE,78,1.6823962926864624,790
COCOMO81,2,FAABE,79,1.6823962926864624,800
COCOMO81,2,FAABE,80,1.6823962926864624,810
COCOMO81,2,FAABE,81,1.6823962926864624,820
COCOMO81,2,FAABE,82,1.6823962926864624,830
COCOMO81,2,FAABE,83,1.6823962926864624,840
COCOMO81,2,FAABE,84,1.6823962926864624,850
COCOMO81,2,FAABE,85,1.6823962926864624,860
COCOMO81,2,FAABE,86,1.6823962926864624,870
COCOMO81,2,FAABE,87,1.6823962926864624,880
COCOMO81,2,FAABE,88,1.6823962926864624,890
COCOMO81,2,FAABE,89,1.6823962926864624,900
COCOMO81,2,FAABE,90,1.6823962926864624,910
COCOMO81,2,FAABE,91,1.6823962926864624,920
COCOMO81,2,FAABE,92,1.6823962926864624,930
COCOMO81,2,FAABE,93,1.6823962926864624,940
COCOMO81,2,FAABE,94,1.6823962926864624,950
COCOMO81,2,FAABE,95,1.6823962926864624,960
COCOMO81,2,FAABE,96,1.6823962926864624,970
COCOMO81,2,FAABE,97,1.6823962926864624,980
COCOMO81,2,FAABE,98,1.6823962926864624,990
COCOMO81,2,FAABE,99,1.6823962926864624,1000
COCOMO81,3,GA-ABE,0,1.6480035781860352,10
COCOMO81,3,GA-ABE,1,1.643186092376709,20
COCOMO81,3,GA-ABE,2,1.6316057443618774,30
COCOMO81,3,GA-ABE,3,1.6316057443618774,40
COCOMO81,3,GA-ABE,4,1.6316057443618774,50
COCOMO81,3,GA-ABE,5,1.6219546794891357,60
COCOMO81,3,GA-ABE,6,1.6216386556625366,70
COCOMO81,3,GA-ABE,7,1.6216267347335815,80
COCOMO81,3,GA-ABE,8,1.5280903577804565,90
COCOMO81,3,GA-ABE,9,1.5280903577804565,100
COCOMO81,3,GA-ABE,10,1.378203272819519,110
COCOMO81,3,GA-ABE,11,1.378203272819519,120
COCOMO81,3,GA-ABE,12,1.378203272819519,130
COCOMO81,3,GA-ABE,13,1.378203272819519,140
COCOMO81,3,GA-ABE,14,1.378196358680725,150
COCOMO81,3,GA-ABE,15,1.3746002912521362,160
COCOMO81,3,GA-ABE,16,1.3746002912521362,170
COCOMO81,3,GA-ABE,17,1.3746002912521362,180
COCOMO81,3,GA-ABE,18,1.3746002912521362,190
COCOMO81,3,GA-ABE,19,1.3746002912521362,200
COCOMO81,3,GA-ABE,20,1.3745778799057007,210
COCOMO81,3,GA-ABE,21,1.3745778799057007,220
COCOMO81,3,GA-ABE,22,1.3745778799057007,230
COCOMO81,3,GA-ABE,23,1.374577283859253,240
COCOMO81,3,GA-ABE,24,1.374577283859253,250
COCOMO81,3,GA-ABE,25,1.372816801071167,260
COCOMO81,3,GA-ABE,26,1.372816801071167,270
COCOMO81,3,GA-ABE,27,1.372816801071167,280
COCOMO81,3,GA-ABE,28,1.3728009462356567,290
COCOMO81,3,GA-ABE,29,1.3728009462356567,300
COCOMO81,3,GA-ABE,30,1.3728009462356567,310
COCOMO81,3,GA-ABE,31,1.3728009462356567,320
COCOMO81,3,GA-ABE,32,1.3728008270263672,330
COCOMO81,3,GA-ABE,33,1.3728007078170776,340
COCOMO81,3,GA-ABE,34,1.3728007078170776,350
COCOMO81,3,GA-ABE,35,1.3728007078170776,360
COCOMO81,3,GA-ABE,36,1.3728007078170776,370
COCOMO81,3,GA-ABE,37,1.3728007078170776,380
COCOMO81,3,GA-ABE,38,1.3728007078170776,390
COCOMO81,3,GA-ABE,39,1.3726997375488281,400
COCOMO81,3,GA-ABE,40,1.3726997375488281,410
COCOMO81,3,GA-ABE,41,1.3726997375488281,420
COCOMO81,3,GA-ABE,42,1.3726978302001953,430
COCOMO81,3,GA-ABE,43,1.3726978302001953,440
COCOMO81,3,GA-ABE,44,1.3726978302001953,450
COCOMO81,3,GA-ABE,45,1.3726978302001953,460
COCOMO81,3,GA-ABE,46,1.3726978302001953,470
COCOMO81,3,GA-ABE,47,1.3726978302001953,480
COCOMO81,3,GA-ABE,48,1.3726978302001953,490
COCOMO81,3,GA-ABE,49,1.3726978302001953,500
COCOMO81,3,GA-ABE,50,1.3726978302001953,510
COCOMO81,3,GA-ABE,51,1.3726978302001953,520
COCOMO81,3,GA-ABE,52,1.3726978302001953,530
COCOMO81,3,GA-ABE,53,1.3726471662521362,540
COCOMO81,3,GA-ABE,54,1.3726471662521362,550
COCOMO81,3,GA-ABE,55,1.3726471662521362,560
COCOMO81,3,GA-ABE,56,1.3726471662521362,570
COCOMO81,3,GA-ABE,57,1.3726471662521362,580
COCOMO81,3,GA-ABE,58,1.3726471662521362,590
COCOMO81,3,GA-ABE,59,1.3726471662521362,600
COCOMO81,3,GA-ABE,60,1.3726471662521362,610
COCOMO81,3,GA-ABE,61,1.3726471662521362,620
COCOMO81,3,GA-ABE,62,1.3726471662521362,630
COCOMO81,3,GA-ABE,63,1.3726471662521362,640
COCOMO81,3,GA-ABE,64,1.3726471662521362,650
COCOMO81,3,GA-ABE,65,1.3726471662521362,660
COCOMO81,3,GA-ABE,66,1.3726471662521362,670
COCOMO81,3,GA-ABE,67,1.3726471662521362,680
COCOMO81,3,GA-ABE,68,1.3726471662521362,690
COCOMO81,3,GA-ABE,69,1.3726471662521362,700
COCOMO81,3,GA-ABE,70,1.3726307153701782,710
COCOMO81,3,GA-ABE,71,1.3726307153701782,720
COCOMO81,3,GA-ABE,72,1.3726305961608887,730
COCOMO81,3,GA-ABE,73,1.3725476264953613,740
COCOMO81,3,GA-ABE,74,1.3725476264953613,750
COCOMO81,3,GA-ABE,75,1.3725476264953613,760
COCOMO81,3,GA-ABE,76,1.3725476264953613,770
COCOMO81,3,GA-ABE,77,1.3725476264953613,780
COCOMO81,3,GA-ABE,78,1.3725476264953613,790
COCOMO81,3,GA-ABE,79,1.3725476264953613,800
COCOMO81,3,GA-ABE,80,1.3725476264953613,810
COCOMO81,3,GA-ABE,81,1.3725476264953613,820
COCOMO81,3,GA-ABE,82,1.3725476264953613,830
COCOMO81,3,GA-ABE,83,1.3725476264953613,840
COCOMO81,3,GA-ABE,84,1.3725476264953613,850
COCOMO81,3,GA-ABE,85,1.3725476264953613,860
COCOMO81,3,GA-ABE,86,1.3725476264953613,870
COCOMO81,3,GA-ABE,87,1.3725476264953613,880
COCOMO81,3,GA-ABE,88,1.3725476264953613,890
COCOMO81,3,GA-ABE,89,1.3725476264953613,900
COCOMO81,3,GA-ABE,90,1.3725476264953613,910
COCOMO81,3,GA-ABE,91,1.3725476264953613,920
COCOMO81,3,GA-ABE,92,1.3725476264953613,930
COCOMO81,3,GA-ABE,93,1.3725476264953613,940
COCOMO81,3,GA-ABE,94,1.3725476264953613,950
COCOMO81,3,GA-ABE,95,1.3725476264953613,960
COCOMO81,3,GA-ABE,96,1.3725476264953613,970
COCOMO81,3,GA-ABE,97,1.3725476264953613,980
COCOMO81,3,GA-ABE,98,1.3725476264953613,990
COCOMO81,3,GA-ABE,99,1.3725463151931763,1000
COCOMO81,3,PSO-ABE,0,1.7616697549819946,10
COCOMO81,3,PSO-ABE,1,1.6388987302780151,20
COCOMO81,3,PSO-ABE,2,1.3858553171157837,30
COCOMO81,3,PSO-ABE,3,1.3855676651000977,40
COCOMO81,3,PSO-ABE,4,1.3809291124343872,50
COCOMO81,3,PSO-ABE,5,1.3809291124343872,60
COCOMO81,3,PSO-ABE,6,1.3809291124343872,70
COCOMO81,3,PSO-ABE,7,1.3809291124343872,80
COCOMO81,3,PSO-ABE,8,1.3809291124343872,90
COCOMO81,3,PSO-ABE,9,1.3809291124343872,100
COCOMO81,3,PSO-ABE,10,1.3809291124343872,110
COCOMO81,3,PSO-ABE,11,1.3805261850357056,120
COCOMO81,3,PSO-ABE,12,1.3805261850357056,130
COCOMO81,3,PSO-ABE,13,1.3804538249969482,140
COCOMO81,3,PSO-ABE,14,1.380375623703003,150
COCOMO81,3,PSO-ABE,15,1.3803051710128784,160
COCOMO81,3,PSO-ABE,16,1.3803051710128784,170
COCOMO81,3,PSO-ABE,17,1.3802340030670166,180
COCOMO81,3,PSO-ABE,18,1.3799660205841064,190
COCOMO81,3,PSO-ABE,19,1.3797314167022705,200
COCOMO81,3,PSO-ABE,20,1.3790335655212402,210
COCOMO81,3,PSO-ABE,21,1.3790335655212402,220
COCOMO81,3,PSO-ABE,22,1.3746967315673828,230
COCOMO81,3,PSO-ABE,23,1.3746967315673828,240
COCOMO81,3,PSO-ABE,24,1.3744174242019653,250
COCOMO81,3,PSO-ABE,25,1.3744174242019653,260
COCOMO81,3,PSO-ABE,26,1.3744174242019653,270
COCOMO81,3,PSO-ABE,27,1.3744174242019653,280
COCOMO81,3,PSO-ABE,28,1.3744174242019653,290
COCOMO81,3,PSO-ABE,29,1.3744174242019653,300
COCOMO81,3,PSO-ABE,30,1.3741817474365234,310
COCOMO81,3,PSO-ABE,31,1.3741817474365234,320
COCOMO81,3,PSO-ABE,32,1.3741817474365234,330
COCOMO81,3,PSO-ABE,33,1.3741817474365234,340
COCOMO81,3,PSO-ABE,34,1.3741817474365234,350
COCOMO81,3,PSO-ABE,35,1.3741817474365234,360
COCOMO81,3,PSO-ABE,36,1.3741817474365234,370
COCOMO81,3,PSO-ABE,37,1.3741817474365234,380
COCOMO81,3,PSO-ABE,38,1.3741817474365234,390
COCOMO81,3,PSO-ABE,39,1.3741817474365234,400
COCOMO81,3,PSO-ABE,40,1.3741817474365234,410
COCOMO81,3,PSO-ABE,41,1.3741817474365234,420
COCOMO81,3,PSO-ABE,42,1.3741817474365234,430
COCOMO81,3,PSO-ABE,43,1.3741817474365234,440
COCOMO81,3,PSO-ABE,44,1.3741817474365234,450
COCOMO81,3,PSO-ABE,45,1.3741817474365234,460
COCOMO81,3,PSO-ABE,46,1.3741499185562134,470
COCOMO81,3,PSO-ABE,47,1.3741499185562134,480
COCOMO81,3,PSO-ABE,48,1.3741499185562134,490
COCOMO81,3,PSO-ABE,49,1.3741499185562134,500
COCOMO81,3,PSO-ABE,50,1.3741320371627808,510
COCOMO81,3,PSO-ABE,51,1.3741320371627808,520
COCOMO81,3,PSO-ABE,52,1.3741320371627808,530
COCOMO81,3,PSO-ABE,53,1.3741205930709839,540
COCOMO81,3,PSO-ABE,54,1.3741205930709839,550
COCOMO81,3,PSO-ABE,55,1.3741205930709839,560
COCOMO81,3,PSO-ABE,56,1.3741205930709839,570
COCOMO81,3,PSO-ABE,57,1.374105453491211,580
COCOMO81,3,PSO-ABE,58,1.3740824460983276,590
COCOMO81,3,PSO-ABE,59,1.3740824460983276,600
COCOMO81,3,PSO-ABE,60,1.3740824460983276,610
COCOMO81,3,PSO-ABE,61,1.3740824460983276,620
COCOMO81,3,PSO-ABE,62,1.3740824460983276,630
COCOMO81,3,PSO-ABE,63,1.3740824460983276,640
COCOMO81,3,PSO-ABE,64,1.3740824460983276,650
COCOMO81,3,PSO-ABE,65,1.3740824460983276,660
COCOMO81,3,PSO-ABE,66,1.3740824460983276,670
COCOMO81,3,PSO-ABE,67,1.3740824460983276,680
COCOMO81,3,PSO-ABE,68,1.3740824460983276,690
COCOMO81,3,PSO-ABE,69,1.3740824460983276,700
COCOMO81,3,PSO-ABE,70,1.3740824460983276,710
COCOMO81,3,PSO-ABE,71,1.3740824460983276,720
COCOMO81,3,PSO-ABE,72,1.3740824460983276,730
COCOMO81,3,PSO-ABE,73,1.3740824460983276,740
COCOMO81,3,PSO-ABE,74,1.3740824460983276,750
COCOMO81,3,PSO-ABE,75,1.3740824460983276,760
COCOMO81,3,PSO-ABE,76,1.3740824460983276,770
COCOMO81,3,PSO-ABE,77,1.3740824460983276,780
COCOMO81,3,PSO-ABE,78,1.3740824460983276,790
COCOMO81,3,PSO-ABE,79,1.3740824460983276,800
COCOMO81,3,PSO-ABE,80,1.3740824460983276,810
COCOMO81,3,PSO-ABE,81,1.3740824460983276,820
COCOMO81,3,PSO-ABE,82,1.3740824460983276,830
COCOMO81,3,PSO-ABE,83,1.3740824460983276,840
COCOMO81,3,PSO-ABE,84,1.3740822076797485,850
COCOMO81,3,PSO-ABE,85,1.3740822076797485,860
COCOMO81,3,PSO-ABE,86,1.3740822076797485,870
COCOMO81,3,PSO-ABE,87,1.3740822076797485,880
COCOMO81,3,PSO-ABE,88,1.3740822076797485,890
COCOMO81,3,PSO-ABE,89,1.3740822076797485,900
COCOMO81,3,PSO-ABE,90,1.374082088470459,910
COCOMO81,3,PSO-ABE,91,1.374082088470459,920
COCOMO81,3,PSO-ABE,92,1.374082088470459,930
COCOMO81,3,PSO-ABE,93,1.374082088470459,940
COCOMO81,3,PSO-ABE,94,1.374082088470459,950
COCOMO81,3,PSO-ABE,95,1.374082088470459,960
COCOMO81,3,PSO-ABE,96,1.3740818500518799,970
COCOMO81,3,PSO-ABE,97,1.3740818500518799,980
COCOMO81,3,PSO-ABE,98,1.3740818500518799,990
COCOMO81,3,PSO-ABE,99,1.3740818500518799,1000
COCOMO81,3,DE-ABE,0,1.6477923393249512,10
COCOMO81,3,DE-ABE,1,1.5070366859436035,20
COCOMO81,3,DE-ABE,2,1.5070366859436035,30
COCOMO81,3,DE-ABE,3,1.493190884590149,40
COCOMO81,3,DE-ABE,4,1.4805231094360352,50
COCOMO81,3,DE-ABE,5,1.4495750665664673,60
COCOMO81,3,DE-ABE,6,1.4127806425094604,70
COCOMO81,3,DE-ABE,7,1.4127806425094604,80
COCOMO81,3,DE-ABE,8,1.3860790729522705,90
COCOMO81,3,DE-ABE,9,1.3860790729522705,100
COCOMO81,3,DE-ABE,10,1.3860790729522705,110
COCOMO81,3,DE-ABE,11,1.38556969165802,120
COCOMO81,3,DE-ABE,12,1.38556969165802,130
COCOMO81,3,DE-ABE,13,1.38556969165802,140
COCOMO81,3,DE-ABE,14,1.38556969165802,150
COCOMO81,3,DE-ABE,15,1.3804994821548462,160
COCOMO81,3,DE-ABE,16,1.3804994821548462,170
COCOMO81,3,DE-ABE,17,1.3804994821548462,180
COCOMO81,3,DE-ABE,18,1.3804994821548462,190
COCOMO81,3,DE-ABE,19,1.3804994821548462,200
COCOMO81,3,DE-ABE,20,1.3804994821548462,210
COCOMO81,3,DE-ABE,21,1.380395770072937,220
COCOMO81,3,DE-ABE,22,1.380395770072937,230
COCOMO81,3,DE-ABE,23,1.380395770072937,240
COCOMO81,3,DE-ABE,24,1.3803601264953613,250
COCOMO81,3,DE-ABE,25,1.3803554773330688,260
COCOMO81,3,DE-ABE,26,1.3803554773330688,270
COCOMO81,3,DE-ABE,27,1.380331039428711,280
COCOMO81,3,DE-ABE,28,1.380331039428711,290
COCOMO81,3,DE-ABE,29,1.380331039428711,300
COCOMO81,3,DE-ABE,30,1.3803259134292603,310
COCOMO81,3,DE-ABE,31,1.380307674407959,320
COCOMO81,3,DE-ABE,32,1.380307674407959,330
COCOMO81,3,DE-ABE,33,1.380307674407959,340
COCOMO81,3,DE-ABE,34,1.3802623748779297,350
COCOMO81,3,DE-ABE,35,1.3802623748779297,360
COCOMO81,3,DE-ABE,36,1.3802188634872437,370
COCOMO81,3,DE-ABE,37,1.3800880908966064,380
COCOMO81,3,DE-ABE,38,1.3800880908966064,390
COCOMO81,3,DE-ABE,39,1.3800880908966064,400
COCOMO81,3,DE-ABE,40,1.3800880908966064,410
COCOMO81,3,DE-ABE,41,1.3741964101791382,420
COCOMO81,3,DE-ABE,42,1.3741700649261475,430
COCOMO81,3,DE-ABE,43,1.3741700649261475,440
COCOMO81,3,DE-ABE,44,1.3741223812103271,450
COCOMO81,3,DE-ABE,45,1.3741223812103271,460
COCOMO81,3,DE-ABE,46,1.3741223812103271,470
COCOMO81,3,DE-ABE,47,1.3741223812103271,480
COCOMO81,3,DE-ABE,48,1.3741223812103271,490
COCOMO81,3,DE-ABE,49,1.3741151094436646,500
COCOMO81,3,DE-ABE,50,1.3741151094436646,510
COCOMO81,3,DE-ABE,51,1.374112844467163,520
COCOMO81,3,DE-ABE,52,1.3740911483764648,530
COCOMO81,3,DE-ABE,53,1.3740911483764648,540
COCOMO81,3,DE-ABE,54,1.3740911483764648,550
COCOMO81,3,DE-ABE,55,1.3740911483764648,560
COCOMO81,3,DE-ABE,56,1.374086618423462,570
COCOMO81,3,DE-ABE,57,1.374086618423462,580
COCOMO81,3,DE-ABE,58,1.374086618423462,590
COCOMO81,3,DE-ABE,59,1.374086618423462,600
COCOMO81,3,DE-ABE,60,1.374086618423462,610
COCOMO81,3,DE-ABE,61,1.374086618423462,620
COCOMO81,3,DE-ABE,62,1.3740863800048828,630
COCOMO81,3,DE-ABE,63,1.3740850687026978,640
COCOMO81,3,DE-ABE,64,1.3740850687026978,650
COCOMO81,3,DE-ABE,65,1.3740843534469604,660
COCOMO81,3,DE-ABE,66,1.3740843534469604,670
COCOMO81,3,DE-ABE,67,1.3740843534469604,680
COCOMO81,3,DE-ABE,68,1.3740843534469604,690
COCOMO81,3,DE-ABE,69,1.374084234237671,700
COCOMO81,3,DE-ABE,70,1.374084234237671,710
COCOMO81,3,DE-ABE,71,1.374084234237671,720
COCOMO81,3,DE-ABE,72,1.374084234237671,730
COCOMO81,3,DE-ABE,73,1.374084234237671,740
COCOMO81,3,DE-ABE,74,1.374084234237671,750
COCOMO81,3,DE-ABE,75,1.374084234237671,760
COCOMO81,3,DE-ABE,76,1.374084234237671,770
COCOMO81,3,DE-ABE,77,1.374084234237671,780
COCOMO81,3,DE-ABE,78,1.374084234237671,790
COCOMO81,3,DE-ABE,79,1.374084234237671,800
COCOMO81,3,DE-ABE,80,1.374084234237671,810
COCOMO81,3,DE-ABE,81,1.374084234237671,820
COCOMO81,3,DE-ABE,82,1.374084234237671,830
COCOMO81,3,DE-ABE,83,1.374084234237671,840
COCOMO81,3,DE-ABE,84,1.374084234237671,850
COCOMO81,3,DE-ABE,85,1.374084234237671,860
COCOMO81,3,DE-ABE,86,1.374084234237671,870
COCOMO81,3,DE-ABE,87,1.3740841150283813,880
COCOMO81,3,DE-ABE,88,1.3740841150283813,890
COCOMO81,3,DE-ABE,89,1.3740841150283813,900
COCOMO81,3,DE-ABE,90,1.3740841150283813,910
COCOMO81,3,DE-ABE,91,1.3740841150283813,920
COCOMO81,3,DE-ABE,92,1.3740841150283813,930
COCOMO81,3,DE-ABE,93,1.3740841150283813,940
COCOMO81,3,DE-ABE,94,1.3740841150283813,950
COCOMO81,3,DE-ABE,95,1.3740841150283813,960
COCOMO81,3,DE-ABE,96,1.3740841150283813,970
COCOMO81,3,DE-ABE,97,1.3740841150283813,980
COCOMO81,3,DE-ABE,98,1.3740841150283813,990
COCOMO81,3,DE-ABE,99,1.3740841150283813,1000
COCOMO81,3,GWO-ABE,0,1.446338176727295,10
COCOMO81,3,GWO-ABE,1,1.5173358917236328,20
COCOMO81,3,GWO-ABE,2,1.4150688648223877,30
COCOMO81,3,GWO-ABE,3,1.3993091583251953,40
COCOMO81,3,GWO-ABE,4,1.3804588317871094,50
COCOMO81,3,GWO-ABE,5,1.3802717924118042,60
COCOMO81,3,GWO-ABE,6,1.384704828262329,70
COCOMO81,3,GWO-ABE,7,1.380181074142456,80
COCOMO81,3,GWO-ABE,8,1.3808013200759888,90
COCOMO81,3,GWO-ABE,9,1.3875880241394043,100
COCOMO81,3,GWO-ABE,10,1.4127203226089478,110
COCOMO81,3,GWO-ABE,11,1.4410661458969116,120
COCOMO81,3,GWO-ABE,12,1.3991868495941162,130
COCOMO81,3,GWO-ABE,13,1.3782973289489746,140
COCOMO81,3,GWO-ABE,14,1.38004732131958,150
COCOMO81,3,GWO-ABE,15,1.3856083154678345,160
COCOMO81,3,GWO-ABE,16,1.3746240139007568,170
COCOMO81,3,GWO-ABE,17,1.3858481645584106,180
COCOMO81,3,GWO-ABE,18,1.3804240226745605,190
COCOMO81,3,GWO-ABE,19,1.3856568336486816,200
COCOMO81,3,GWO-ABE,20,1.3799821138381958,210
COCOMO81,3,GWO-ABE,21,1.385895848274231,220
COCOMO81,3,GWO-ABE,22,1.3856639862060547,230
COCOMO81,3,GWO-ABE,23,1.3743027448654175,240
COCOMO81,3,GWO-ABE,24,1.3805943727493286,250
COCOMO81,3,GWO-ABE,25,1.3855334520339966,260
COCOMO81,3,GWO-ABE,26,1.3929097652435303,270
COCOMO81,3,GWO-ABE,27,1.3894731998443604,280
COCOMO81,3,GWO-ABE,28,1.4118400812149048,290
COCOMO81,3,GWO-ABE,29,1.4205355644226074,300
COCOMO81,3,GWO-ABE,30,1.4045649766921997,310
COCOMO81,3,GWO-ABE,31,1.4224681854248047,320
COCOMO81,3,GWO-ABE,32,1.4221705198287964,330
COCOMO81,3,GWO-ABE,33,1.3801625967025757,340
COCOMO81,3,GWO-ABE,34,1.4072680473327637,350
COCOMO81,3,GWO-ABE,35,1.374562382698059,360
COCOMO81,3,GWO-ABE,36,1.3790247440338135,370
COCOMO81,3,GWO-ABE,37,1.3960504531860352,380
COCOMO81,3,GWO-ABE,38,1.3783302307128906,390
COCOMO81,3,GWO-ABE,39,1.3746395111083984,400
COCOMO81,3,GWO-ABE,40,1.4063469171524048,410
COCOMO81,3,GWO-ABE,41,1.3856281042099,420
COCOMO81,3,GWO-ABE,42,1.3937828540802002,430
COCOMO81,3,GWO-ABE,43,1.3747520446777344,440
COCOMO81,3,GWO-ABE,44,1.3802231550216675,450
COCOMO81,3,GWO-ABE,45,1.3804959058761597,460
COCOMO81,3,GWO-ABE,46,1.3777257204055786,470
COCOMO81,3,GWO-ABE,47,1.375673532485962,480
COCOMO81,3,GWO-ABE,48,1.3785951137542725,490
COCOMO81,3,GWO-ABE,49,1.385446548461914,500
COCOMO81,3,GWO-ABE,50,1.3809894323349,510
COCOMO81,3,GWO-ABE,51,1.3743668794631958,520
COCOMO81,3,GWO-ABE,52,1.3800029754638672,530
COCOMO81,3,GWO-ABE,53,1.3857519626617432,540
COCOMO81,3,GWO-ABE,54,1.3743348121643066,550
COCOMO81,3,GWO-ABE,55,1.3806140422821045,560
COCOMO81,3,GWO-ABE,56,1.3807480335235596,570
COCOMO81,3,GWO-ABE,57,1.3808008432388306,580
COCOMO81,3,GWO-ABE,58,1.3801815509796143,590
COCOMO81,3,GWO-ABE,59,1.3844714164733887,600
COCOMO81,3,GWO-ABE,60,1.380292534828186,610
COCOMO81,3,GWO-ABE,61,1.3806530237197876,620
COCOMO81,3,GWO-ABE,62,1.3743160963058472,630
COCOMO81,3,GWO-ABE,63,1.3802449703216553,640
COCOMO81,3,GWO-ABE,64,1.374539852142334,650
COCOMO81,3,GWO-ABE,65,1.375809669494629,660
COCOMO81,3,GWO-ABE,66,1.375594139099121,670
COCOMO81,3,GWO-ABE,67,1.3790678977966309,680
COCOMO81,3,GWO-ABE,68,1.3796825408935547,690
COCOMO81,3,GWO-ABE,69,1.3798937797546387,700
COCOMO81,3,GWO-ABE,70,1.3745322227478027,710
COCOMO81,3,GWO-ABE,71,1.3745603561401367,720
COCOMO81,3,GWO-ABE,72,1.3743916749954224,730
COCOMO81,3,GWO-ABE,73,1.3747707605361938,740
COCOMO81,3,GWO-ABE,74,1.3803653717041016,750
COCOMO81,3,GWO-ABE,75,1.3783020973205566,760
COCOMO81,3,GWO-ABE,76,1.3801580667495728,770
COCOMO81,3,GWO-ABE,77,1.3744202852249146,780
COCOMO81,3,GWO-ABE,78,1.37834894657135,790
COCOMO81,3,GWO-ABE,79,1.3745774030685425,800
COCOMO81,3,GWO-ABE,80,1.3748493194580078,810
COCOMO81,3,GWO-ABE,81,1.374537467956543,820
COCOMO81,3,GWO-ABE,82,1.3797907829284668,830
COCOMO81,3,GWO-ABE,83,1.3799376487731934,840
COCOMO81,3,GWO-ABE,84,1.379787802696228,850
COCOMO81,3,GWO-ABE,85,1.3799457550048828,860
COCOMO81,3,GWO-ABE,86,1.3746399879455566,870
COCOMO81,3,GWO-ABE,87,1.3797104358673096,880
COCOMO81,3,GWO-ABE,88,1.3797779083251953,890
COCOMO81,3,GWO-ABE,89,1.3800684213638306,900
COCOMO81,3,GWO-ABE,90,1.3749207258224487,910
COCOMO81,3,GWO-ABE,91,1.3797377347946167,920
COCOMO81,3,GWO-ABE,92,1.3795757293701172,930
COCOMO81,3,GWO-ABE,93,1.3796820640563965,940
COCOMO81,3,GWO-ABE,94,1.379734754562378,950
COCOMO81,3,GWO-ABE,95,1.3797788619995117,960
COCOMO81,3,GWO-ABE,96,1.3794013261795044,970
COCOMO81,3,GWO-ABE,97,1.3794392347335815,980
COCOMO81,3,GWO-ABE,98,1.3794684410095215,990
COCOMO81,3,GWO-ABE,99,1.3794413805007935,1000
COCOMO81,3,WOA-ABE,0,1.643432855606079,10
COCOMO81,3,WOA-ABE,1,1.6431509256362915,20
COCOMO81,3,WOA-ABE,2,1.6389936208724976,30
COCOMO81,3,WOA-ABE,3,1.6276425123214722,40
COCOMO81,3,WOA-ABE,4,1.626306414604187,50
COCOMO81,3,WOA-ABE,5,1.6255000829696655,60
COCOMO81,3,WOA-ABE,6,1.4864729642868042,70
COCOMO81,3,WOA-ABE,7,1.4666930437088013,80
COCOMO81,3,WOA-ABE,8,1.4666863679885864,90
COCOMO81,3,WOA-ABE,9,1.3856736421585083,100
COCOMO81,3,WOA-ABE,10,1.3784441947937012,110
COCOMO81,3,WOA-ABE,11,1.3784441947937012,120
COCOMO81,3,WOA-ABE,12,1.3743575811386108,130
COCOMO81,3,WOA-ABE,13,1.3741697072982788,140
COCOMO81,3,WOA-ABE,14,1.3741697072982788,150
COCOMO81,3,WOA-ABE,15,1.3741697072982788,160
COCOMO81,3,WOA-ABE,16,1.3741697072982788,170
COCOMO81,3,WOA-ABE,17,1.3741577863693237,180
COCOMO81,3,WOA-ABE,18,1.3741577863693237,190
COCOMO81,3,WOA-ABE,19,1.3741577863693237,200
COCOMO81,3,WOA-ABE,20,1.3741563558578491,210
COCOMO81,3,WOA-ABE,21,1.3741562366485596,220
COCOMO81,3,WOA-ABE,22,1.3741562366485596,230
COCOMO81,3,WOA-ABE,23,1.3741562366485596,240
COCOMO81,3,WOA-ABE,24,1.374119520187378,250
COCOMO81,3,WOA-ABE,25,1.374119520187378,260
COCOMO81,3,WOA-ABE,26,1.374119520187378,270
COCOMO81,3,WOA-ABE,27,1.374119520187378,280
COCOMO81,3,WOA-ABE,28,1.374119520187378,290
COCOMO81,3,WOA-ABE,29,1.374119520187378,300
COCOMO81,3,WOA-ABE,30,1.374119520187378,310
COCOMO81,3,WOA-ABE,31,1.374119520187378,320
COCOMO81,3,WOA-ABE,32,1.3741084337234497,330
COCOMO81,3,WOA-ABE,33,1.3741084337234497,340
COCOMO81,3,WOA-ABE,34,1.3741084337234497,350
COCOMO81,3,WOA-ABE,35,1.3741074800491333,360
COCOMO81,3,WOA-ABE,36,1.3741066455841064,370
COCOMO81,3,WOA-ABE,37,1.3741066455841064,380
COCOMO81,3,WOA-ABE,38,1.3741066455841064,390
COCOMO81,3,WOA-ABE,39,1.3741066455841064,400
COCOMO81,3,WOA-ABE,40,1.3741066455841064,410
COCOMO81,3,WOA-ABE,41,1.3741066455841064,420
COCOMO81,3,WOA-ABE,42,1.3741066455841064,430
COCOMO81,3,WOA-ABE,43,1.3741066455841064,440
COCOMO81,3,WOA-ABE,44,1.3741066455841064,450
COCOMO81,3,WOA-ABE,45,1.3741066455841064,460
COCOMO81,3,WOA-ABE,46,1.3741066455841064,470
COCOMO81,3,WOA-ABE,47,1.3741066455841064,480
COCOMO81,3,WOA-ABE,48,1.3741066455841064,490
COCOMO81,3,WOA-ABE,49,1.3741066455841064,500
COCOMO81,3,WOA-ABE,50,1.3741066455841064,510
COCOMO81,3,WOA-ABE,51,1.3741066455841064,520
COCOMO81,3,WOA-ABE,52,1.3741066455841064,530
COCOMO81,3,WOA-ABE,53,1.3741066455841064,540
COCOMO81,3,WOA-ABE,54,1.3741066455841064,550
COCOMO81,3,WOA-ABE,55,1.3741066455841064,560
COCOMO81,3,WOA-ABE,56,1.3741066455841064,570
COCOMO81,3,WOA-ABE,57,1.3741066455841064,580
COCOMO81,3,WOA-ABE,58,1.3741066455841064,590
COCOMO81,3,WOA-ABE,59,1.3741066455841064,600
COCOMO81,3,WOA-ABE,60,1.3741066455841064,610
COCOMO81,3,WOA-ABE,61,1.3741066455841064,620
COCOMO81,3,WOA-ABE,62,1.3741066455841064,630
COCOMO81,3,WOA-ABE,63,1.3741066455841064,640
COCOMO81,3,WOA-ABE,64,1.3741066455841064,650
COCOMO81,3,WOA-ABE,65,1.3741066455841064,660
COCOMO81,3,WOA-ABE,66,1.3741066455841064,670
COCOMO81,3,WOA-ABE,67,1.3741066455841064,680
COCOMO81,3,WOA-ABE,68,1.3741055727005005,690
COCOMO81,3,WOA-ABE,69,1.3741055727005005,700
COCOMO81,3,WOA-ABE,70,1.3741055727005005,710
COCOMO81,3,WOA-ABE,71,1.3741055727005005,720
COCOMO81,3,WOA-ABE,72,1.3741055727005005,730
COCOMO81,3,WOA-ABE,73,1.3741055727005005,740
COCOMO81,3,WOA-ABE,74,1.3741055727005005,750
COCOMO81,3,WOA-ABE,75,1.3741055727005005,760
COCOMO81,3,WOA-ABE,76,1.3741055727005005,770
COCOMO81,3,WOA-ABE,77,1.3741055727005005,780
COCOMO81,3,WOA-ABE,78,1.3741055727005005,790
COCOMO81,3,WOA-ABE,79,1.3741055727005005,800
COCOMO81,3,WOA-ABE,80,1.3741055727005005,810
COCOMO81,3,WOA-ABE,81,1.3741055727005005,820
COCOMO81,3,WOA-ABE,82,1.3741055727005005,830
COCOMO81,3,WOA-ABE,83,1.3741055727005005,840
COCOMO81,3,WOA-ABE,84,1.3741055727005005,850
COCOMO81,3,WOA-ABE,85,1.3741055727005005,860
COCOMO81,3,WOA-ABE,86,1.3741055727005005,870
COCOMO81,3,WOA-ABE,87,1.3741055727005005,880
COCOMO81,3,WOA-ABE,88,1.3741055727005005,890
COCOMO81,3,WOA-ABE,89,1.3741055727005005,900
COCOMO81,3,WOA-ABE,90,1.3741055727005005,910
COCOMO81,3,WOA-ABE,91,1.3741055727005005,920
COCOMO81,3,WOA-ABE,92,1.3741055727005005,930
COCOMO81,3,WOA-ABE,93,1.3741055727005005,940
COCOMO81,3,WOA-ABE,94,1.3741055727005005,950
COCOMO81,3,WOA-ABE,95,1.3741055727005005,960
COCOMO81,3,WOA-ABE,96,1.3741055727005005,970
COCOMO81,3,WOA-ABE,97,1.3741055727005005,980
COCOMO81,3,WOA-ABE,98,1.3741055727005005,990
COCOMO81,3,WOA-ABE,99,1.3741055727005005,1000
COCOMO81,3,FAABE,0,1.3863193988800049,10
COCOMO81,3,FAABE,1,1.3863193988800049,20
COCOMO81,3,FAABE,2,1.3863193988800049,30
COCOMO81,3,FAABE,3,1.3863193988800049,40
COCOMO81,3,FAABE,4,1.3863193988800049,50
COCOMO81,3,FAABE,5,1.3801343441009521,60
COCOMO81,3,FAABE,6,1.3801343441009521,70
COCOMO81,3,FAABE,7,1.3801343441009521,80
COCOMO81,3,FAABE,8,1.3801343441009521,90
COCOMO81,3,FAABE,9,1.3801343441009521,100
COCOMO81,3,FAABE,10,1.3773776292800903,110
COCOMO81,3,FAABE,11,1.3773776292800903,120
COCOMO81,3,FAABE,12,1.3773776292800903,130
COCOMO81,3,FAABE,13,1.3773776292800903,140
COCOMO81,3,FAABE,14,1.3773776292800903,150
COCOMO81,3,FAABE,15,1.3773776292800903,160
COCOMO81,3,FAABE,16,1.3773776292800903,170
COCOMO81,3,FAABE,17,1.3773776292800903,180
COCOMO81,3,FAABE,18,1.3773776292800903,190
COCOMO81,3,FAABE,19,1.3773776292800903,200
COCOMO81,3,FAABE,20,1.3773776292800903,210
COCOMO81,3,FAABE,21,1.3773776292800903,220
COCOMO81,3,FAABE,22,1.3773776292800903,230
COCOMO81,3,FAABE,23,1.3773776292800903,240
COCOMO81,3,FAABE,24,1.3773776292800903,250
COCOMO81,3,FAABE,25,1.3773776292800903,260
COCOMO81,3,FAABE,26,1.3773776292800903,270
COCOMO81,3,FAABE,27,1.3773776292800903,280
COCOMO81,3,FAABE,28,1.3773776292800903,290
COCOMO81,3,FAABE,29,1.3773776292800903,300
COCOMO81,3,FAABE,30,1.3773776292800903,310
COCOMO81,3,FAABE,31,1.3773776292800903,320
COCOMO81,3,FAABE,32,1.3773776292800903,330
COCOMO81,3,FAABE,33,1.3773776292800903,340
COCOMO81,3,FAABE,34,1.3773776292800903,350
COCOMO81,3,FAABE,35,1.377326488494873,360
COCOMO81,3,FAABE,36,1.377326488494873,370
COCOMO81,3,FAABE,37,1.377326488494873,380
COCOMO81,3,FAABE,38,1.3751100301742554,390
COCOMO81,3,FAABE,39,1.3751100301742554,400
COCOMO81,3,FAABE,40,1.3745026588439941,410
COCOMO81,3,FAABE,41,1.3745026588439941,420
COCOMO81,3,FAABE,42,1.3745026588439941,430
COCOMO81,3,FAABE,43,1.3745026588439941,440
COCOMO81,3,FAABE,44,1.3745026588439941,450
COCOMO81,3,FAABE,45,1.3745026588439941,460
COCOMO81,3,FAABE,46,1.3745026588439941,470
COCOMO81,3,FAABE,47,1.3745026588439941,480
COCOMO81,3,FAABE,48,1.3745026588439941,490
COCOMO81,3,FAABE,49,1.3745026588439941,500
COCOMO81,3,FAABE,50,1.3745026588439941,510
COCOMO81,3,FAABE,51,1.3745026588439941,520
COCOMO81,3,FAABE,52,1.3745026588439941,530
COCOMO81,3,FAABE,53,1.3745026588439941,540
COCOMO81,3,FAABE,54,1.3745026588439941,550
COCOMO81,3,FAABE,55,1.3745026588439941,560
COCOMO81,3,FAABE,56,1.3745026588439941,570
COCOMO81,3,FAABE,57,1.3745026588439941,580
COCOMO81,3,FAABE,58,1.3745026588439941,590
COCOMO81,3,FAABE,59,1.3745026588439941,600
COCOMO81,3,FAABE,60,1.3745026588439941,610
COCOMO81,3,FAABE,61,1.3745026588439941,620
COCOMO81,3,FAABE,62,1.3745026588439941,630
COCOMO81,3,FAABE,63,1.3745026588439941,640
COCOMO81,3,FAABE,64,1.3745026588439941,650
COCOMO81,3,FAABE,65,1.3745026588439941,660
COCOMO81,3,FAABE,66,1.3745026588439941,670
COCOMO81,3,FAABE,67,1.3745026588439941,680
COCOMO81,3,FAABE,68,1.3745026588439941,690
COCOMO81,3,FAABE,69,1.3745026588439941,700
COCOMO81,3,FAABE,70,1.3745026588439941,710
COCOMO81,3,FAABE,71,1.3745026588439941,720
COCOMO81,3,FAABE,72,1.3745026588439941,730
COCOMO81,3,FAABE,73,1.3745026588439941,740
COCOMO81,3,FAABE,74,1.3745026588439941,750
COCOMO81,3,FAABE,75,1.3745026588439941,760
COCOMO81,3,FAABE,76,1.3745026588439941,770
COCOMO81,3,FAABE,77,1.3745026588439941,780
COCOMO81,3,FAABE,78,1.3745026588439941,790
COCOMO81,3,FAABE,79,1.3745026588439941,800
COCOMO81,3,FAABE,80,1.3745026588439941,810
COCOMO81,3,FAABE,81,1.3745026588439941,820
COCOMO81,3,FAABE,82,1.3745026588439941,830
COCOMO81,3,FAABE,83,1.3745026588439941,840
COCOMO81,3,FAABE,84,1.3743001222610474,850
COCOMO81,3,FAABE,85,1.3743001222610474,860
COCOMO81,3,FAABE,86,1.3743001222610474,870
COCOMO81,3,FAABE,87,1.3743001222610474,880
COCOMO81,3,FAABE,88,1.3743001222610474,890
COCOMO81,3,FAABE,89,1.3743001222610474,900
COCOMO81,3,FAABE,90,1.3743001222610474,910
COCOMO81,3,FAABE,91,1.3743001222610474,920
COCOMO81,3,FAABE,92,1.3743001222610474,930
COCOMO81,3,FAABE,93,1.3743001222610474,940
COCOMO81,3,FAABE,94,1.3743001222610474,950
COCOMO81,3,FAABE,95,1.3743001222610474,960
COCOMO81,3,FAABE,96,1.3743001222610474,970
COCOMO81,3,FAABE,97,1.3743001222610474,980
COCOMO81,3,FAABE,98,1.3743001222610474,990
COCOMO81,3,FAABE,99,1.3743001222610474,1000
COCOMO81,4,GA-ABE,0,1.4633407592773438,10
COCOMO81,4,GA-ABE,1,1.4633407592773438,20
COCOMO81,4,GA-ABE,2,1.4633407592773438,30
COCOMO81,4,GA-ABE,3,1.4627695083618164,40
COCOMO81,4,GA-ABE,4,1.4608505964279175,50
COCOMO81,4,GA-ABE,5,1.4604274034500122,60
COCOMO81,4,GA-ABE,6,1.4604274034500122,70
COCOMO81,4,GA-ABE,7,1.4604274034500122,80
COCOMO81,4,GA-ABE,8,1.4604274034500122,90
COCOMO81,4,GA-ABE,9,1.4604274034500122,100
COCOMO81,4,GA-ABE,10,1.4604274034500122,110
COCOMO81,4,GA-ABE,11,1.4604274034500122,120
COCOMO81,4,GA-ABE,12,1.4604274034500122,130
COCOMO81,4,GA-ABE,13,1.4604274034500122,140
COCOMO81,4,GA-ABE,14,1.4604274034500122,150
COCOMO81,4,GA-ABE,15,1.4604274034500122,160
COCOMO81,4,GA-ABE,16,1.4604274034500122,170
COCOMO81,4,GA-ABE,17,1.4604274034500122,180
COCOMO81,4,GA-ABE,18,1.4604274034500122,190
COCOMO81,4,GA-ABE,19,1.4604274034500122,200
COCOMO81,4,GA-ABE,20,1.4604274034500122,210
COCOMO81,4,GA-ABE,21,1.4604274034500122,220
COCOMO81,4,GA-ABE,22,1.4604274034500122,230
COCOMO81,4,GA-ABE,23,1.4604274034500122,240
COCOMO81,4,GA-ABE,24,1.4604274034500122,250
COCOMO81,4,GA-ABE,25,1.4604274034500122,260
COCOMO81,4,GA-ABE,26,1.4604274034500122,270
COCOMO81,4,GA-ABE,27,1.4604274034500122,280
COCOMO81,4,GA-ABE,28,1.4604274034500122,290
COCOMO81,4,GA-ABE,29,1.4604274034500122,300
COCOMO81,4,GA-ABE,30,1.4604274034500122,310
COCOMO81,4,GA-ABE,31,1.4604274034500122,320
COCOMO81,4,GA-ABE,32,1.4604274034500122,330
COCOMO81,4,GA-ABE,33,1.4604274034500122,340
COCOMO81,4,GA-ABE,34,1.4604274034500122,350
COCOMO81,4,GA-ABE,35,1.4604274034500122,360
COCOMO81,4,GA-ABE,36,1.4604274034500122,370
COCOMO81,4,GA-ABE,37,1.4604274034500122,380
COCOMO81,4,GA-ABE,38,1.4604274034500122,390
COCOMO81,4,GA-ABE,39,1.4604274034500122,400
COCOMO81,4,GA-ABE,40,1.4604274034500122,410
COCOMO81,4,GA-ABE,41,1.4604274034500122,420
COCOMO81,4,GA-ABE,42,1.4604274034500122,430
COCOMO81,4,GA-ABE,43,1.4604274034500122,440
COCOMO81,4,GA-ABE,44,1.4604274034500122,450
COCOMO81,4,GA-ABE,45,1.4604274034500122,460
COCOMO81,4,GA-ABE,46,1.4604274034500122,470
COCOMO81,4,GA-ABE,47,1.4604274034500122,480
COCOMO81,4,GA-ABE,48,1.4604274034500122,490
COCOMO81,4,GA-ABE,49,1.4604274034500122,500
COCOMO81,4,GA-ABE,50,1.4604274034500122,510
COCOMO81,4,GA-ABE,51,1.4604274034500122,520
COCOMO81,4,GA-ABE,52,1.4604274034500122,530
COCOMO81,4,GA-ABE,53,1.4604274034500122,540
COCOMO81,4,GA-ABE,54,1.4604274034500122,550
COCOMO81,4,GA-ABE,55,1.4604274034500122,560
COCOMO81,4,GA-ABE,56,1.4604274034500122,570
COCOMO81,4,GA-ABE,57,1.4604274034500122,580
COCOMO81,4,GA-ABE,58,1.4604274034500122,590
COCOMO81,4,GA-ABE,59,1.4604274034500122,600
COCOMO81,4,GA-ABE,60,1.4604274034500122,610
COCOMO81,4,GA-ABE,61,1.4604274034500122,620
COCOMO81,4,GA-ABE,62,1.4604274034500122,630
COCOMO81,4,GA-ABE,63,1.4604274034500122,640
COCOMO81,4,GA-ABE,64,1.4604274034500122,650
COCOMO81,4,GA-ABE,65,1.4604274034500122,660
COCOMO81,4,GA-ABE,66,1.4604274034500122,670
COCOMO81,4,GA-ABE,67,1.4604274034500122,680
COCOMO81,4,GA-ABE,68,1.4604274034500122,690
COCOMO81,4,GA-ABE,69,1.4604274034500122,700
COCOMO81,4,GA-ABE,70,1.4604274034500122,710
COCOMO81,4,GA-ABE,71,1.4604274034500122,720
COCOMO81,4,GA-ABE,72,1.4604274034500122,730
COCOMO81,4,GA-ABE,73,1.4604274034500122,740
COCOMO81,4,GA-ABE,74,1.4604274034500122,750
COCOMO81,4,GA-ABE,75,1.4604274034500122,760
COCOMO81,4,GA-ABE,76,1.4604274034500122,770
COCOMO81,4,GA-ABE,77,1.4602787494659424,780
COCOMO81,4,GA-ABE,78,1.4602787494659424,790
COCOMO81,4,GA-ABE,79,1.4602787494659424,800
COCOMO81,4,GA-ABE,80,1.4602787494659424,810
COCOMO81,4,GA-ABE,81,1.4602787494659424,820
COCOMO81,4,GA-ABE,82,1.4602787494659424,830
COCOMO81,4,GA-ABE,83,1.4602787494659424,840
COCOMO81,4,GA-ABE,84,1.4602787494659424,850
COCOMO81,4,GA-ABE,85,1.4602787494659424,860
COCOMO81,4,GA-ABE,86,1.4602787494659424,870
COCOMO81,4,GA-ABE,87,1.4602787494659424,880
COCOMO81,4,GA-ABE,88,1.4602787494659424,890
COCOMO81,4,GA-ABE,89,1.4602787494659424,900
COCOMO81,4,GA-ABE,90,1.4602787494659424,910
COCOMO81,4,GA-ABE,91,1.4602787494659424,920
COCOMO81,4,GA-ABE,92,1.4602787494659424,930
COCOMO81,4,GA-ABE,93,1.4602787494659424,940
COCOMO81,4,GA-ABE,94,1.4602787494659424,950
COCOMO81,4,GA-ABE,95,1.460273265838623,960
COCOMO81,4,GA-ABE,96,1.460273265838623,970
COCOMO81,4,GA-ABE,97,1.460273265838623,980
COCOMO81,4,GA-ABE,98,1.460273265838623,990
COCOMO81,4,GA-ABE,99,1.460273265838623,1000
COCOMO81,4,PSO-ABE,0,1.4645099639892578,10
COCOMO81,4,PSO-ABE,1,1.4641201496124268,20
COCOMO81,4,PSO-ABE,2,1.4641201496124268,30
COCOMO81,4,PSO-ABE,3,1.4624152183532715,40
COCOMO81,4,PSO-ABE,4,1.462135672569275,50
COCOMO81,4,PSO-ABE,5,1.462135672569275,60
COCOMO81,4,PSO-ABE,6,1.462135672569275,70
COCOMO81,4,PSO-ABE,7,1.4603997468948364,80
COCOMO81,4,PSO-ABE,8,1.4603997468948364,90
COCOMO81,4,PSO-ABE,9,1.4603997468948364,100
COCOMO81,4,PSO-ABE,10,1.4603997468948364,110
COCOMO81,4,PSO-ABE,11,1.4603997468948364,120
COCOMO81,4,PSO-ABE,12,1.4603997468948364,130
COCOMO81,4,PSO-ABE,13,1.4603997468948364,140
COCOMO81,4,PSO-ABE,14,1.4603997468948364,150
COCOMO81,4,PSO-ABE,15,1.4603997468948364,160
COCOMO81,4,PSO-ABE,16,1.4603997468948364,170
COCOMO81,4,PSO-ABE,17,1.4602102041244507,180
COCOMO81,4,PSO-ABE,18,1.4602102041244507,190
COCOMO81,4,PSO-ABE,19,1.4602102041244507,200
COCOMO81,4,PSO-ABE,20,1.4602102041244507,210
COCOMO81,4,PSO-ABE,21,1.4602102041244507,220
COCOMO81,4,PSO-ABE,22,1.4602102041244507,230
COCOMO81,4,PSO-ABE,23,1.4602102041244507,240
COCOMO81,4,PSO-ABE,24,1.4602102041244507,250
COCOMO81,4,PSO-ABE,25,1.4602102041244507,260
COCOMO81,4,PSO-ABE,26,1.4602102041244507,270
COCOMO81,4,PSO-ABE,27,1.4602102041244507,280
COCOMO81,4,PSO-ABE,28,1.4602102041244507,290
COCOMO81,4,PSO-ABE,29,1.4602102041244507,300
COCOMO81,4,PSO-ABE,30,1.4602102041244507,310
COCOMO81,4,PSO-ABE,31,1.4602102041244507,320
COCOMO81,4,PSO-ABE,32,1.4602102041244507,330
COCOMO81,4,PSO-ABE,33,1.4602102041244507,340
COCOMO81,4,PSO-ABE,34,1.4602102041244507,350
COCOMO81,4,PSO-ABE,35,1.4602102041244507,360
COCOMO81,4,PSO-ABE,36,1.4601997137069702,370
COCOMO81,4,PSO-ABE,37,1.4601997137069702,380
COCOMO81,4,PSO-ABE,38,1.4601997137069702,390
COCOMO81,4,PSO-ABE,39,1.4601997137069702,400
COCOMO81,4,PSO-ABE,40,1.4601993560791016,410
COCOMO81,4,PSO-ABE,41,1.4601993560791016,420
COCOMO81,4,PSO-ABE,42,1.4601993560791016,430
COCOMO81,4,PSO-ABE,43,1.4601993560791016,440
COCOMO81,4,PSO-ABE,44,1.4601993560791016,450
COCOMO81,4,PSO-ABE,45,1.4601993560791016,460
COCOMO81,4,PSO-ABE,46,1.4601993560791016,470
COCOMO81,4,PSO-ABE,47,1.4601993560791016,480
COCOMO81,4,PSO-ABE,48,1.4601993560791016,490
COCOMO81,4,PSO-ABE,49,1.4601993560791016,500
COCOMO81,4,PSO-ABE,50,1.4601993560791016,510
COCOMO81,4,PSO-ABE,51,1.4601993560791016,520
COCOMO81,4,PSO-ABE,52,1.4601993560791016,530
COCOMO81,4,PSO-ABE,53,1.4601993560791016,540
COCOMO81,4,PSO-ABE,54,1.4601993560791016,550
COCOMO81,4,PSO-ABE,55,1.4601993560791016,560
COCOMO81,4,PSO-ABE,56,1.4601993560791016,570
COCOMO81,4,PSO-ABE,57,1.4601993560791016,580
COCOMO81,4,PSO-ABE,58,1.4601993560791016,590
COCOMO81,4,PSO-ABE,59,1.4601993560791016,600
COCOMO81,4,PSO-ABE,60,1.4601993560791016,610
COCOMO81,4,PSO-ABE,61,1.4601993560791016,620
COCOMO81,4,PSO-ABE,62,1.4601993560791016,630
COCOMO81,4,PSO-ABE,63,1.460199236869812,640
COCOMO81,4,PSO-ABE,64,1.460198163986206,650
COCOMO81,4,PSO-ABE,65,1.460198163986206,660
COCOMO81,4,PSO-ABE,66,1.460198163986206,670
COCOMO81,4,PSO-ABE,67,1.460198163986206,680
COCOMO81,4,PSO-ABE,68,1.460198163986206,690
COCOMO81,4,PSO-ABE,69,1.460198163986206,700
COCOMO81,4,PSO-ABE,70,1.460198163986206,710
COCOMO81,4,PSO-ABE,71,1.460198163986206,720
COCOMO81,4,PSO-ABE,72,1.460198163986206,730
COCOMO81,4,PSO-ABE,73,1.4601980447769165,740
COCOMO81,4,PSO-ABE,74,1.4601980447769165,750
COCOMO81,4,PSO-ABE,75,1.4601980447769165,760
COCOMO81,4,PSO-ABE,76,1.4601980447769165,770
COCOMO81,4,PSO-ABE,77,1.4601980447769165,780
COCOMO81,4,PSO-ABE,78,1.4601980447769165,790
COCOMO81,4,PSO-ABE,79,1.4601980447769165,800
COCOMO81,4,PSO-ABE,80,1.4601980447769165,810
COCOMO81,4,PSO-ABE,81,1.4601980447769165,820
COCOMO81,4,PSO-ABE,82,1.4601980447769165,830
COCOMO81,4,PSO-ABE,83,1.4601980447769165,840
COCOMO81,4,PSO-ABE,84,1.4601980447769165,850
COCOMO81,4,PSO-ABE,85,1.4601980447769165,860
COCOMO81,4,PSO-ABE,86,1.4601980447769165,870
COCOMO81,4,PSO-ABE,87,1.4601980447769165,880
COCOMO81,4,PSO-ABE,88,1.4601980447769165,890
COCOMO81,4,PSO-ABE,89,1.4601980447769165,900
COCOMO81,4,PSO-ABE,90,1.4601980447769165,910
COCOMO81,4,PSO-ABE,91,1.4601980447769165,920
COCOMO81,4,PSO-ABE,92,1.4601980447769165,930
COCOMO81,4,PSO-ABE,93,1.4601980447769165,940
COCOMO81,4,PSO-ABE,94,1.4601980447769165,950
COCOMO81,4,PSO-ABE,95,1.4601980447769165,960
COCOMO81,4,PSO-ABE,96,1.4601980447769165,970
COCOMO81,4,PSO-ABE,97,1.4601980447769165,980
COCOMO81,4,PSO-ABE,98,1.4601980447769165,990
COCOMO81,4,PSO-ABE,99,1.4601980447769165,1000
COCOMO81,4,DE-ABE,0,1.4608861207962036,10
COCOMO81,4,DE-ABE,1,1.4608861207962036,20
COCOMO81,4,DE-ABE,2,1.4604696035385132,30
COCOMO81,4,DE-ABE,3,1.4604696035385132,40
COCOMO81,4,DE-ABE,4,1.4604696035385132,50
COCOMO81,4,DE-ABE,5,1.4604696035385132,60
COCOMO81,4,DE-ABE,6,1.4604696035385132,70
COCOMO81,4,DE-ABE,7,1.460206151008606,80
COCOMO81,4,DE-ABE,8,1.460206151008606,90
COCOMO81,4,DE-ABE,9,1.460206151008606,100
COCOMO81,4,DE-ABE,10,1.460206151008606,110
COCOMO81,4,DE-ABE,11,1.460206151008606,120
COCOMO81,4,DE-ABE,12,1.460206151008606,130
COCOMO81,4,DE-ABE,13,1.460206151008606,140
COCOMO81,4,DE-ABE,14,1.460206151008606,150
COCOMO81,4,DE-ABE,15,1.460206151008606,160
COCOMO81,4,DE-ABE,16,1.460206151008606,170
COCOMO81,4,DE-ABE,17,1.4601984024047852,180
COCOMO81,4,DE-ABE,18,1.4601984024047852,190
COCOMO81,4,DE-ABE,19,1.4601984024047852,200
COCOMO81,4,DE-ABE,20,1.4601984024047852,210
COCOMO81,4,DE-ABE,21,1.4601984024047852,220
COCOMO81,4,DE-ABE,22,1.4601984024047852,230
COCOMO81,4,DE-ABE,23,1.4601984024047852,240
COCOMO81,4,DE-ABE,24,1.4601984024047852,250
COCOMO81,4,DE-ABE,25,1.4601984024047852,260
COCOMO81,4,DE-ABE,26,1.4601984024047852,270
COCOMO81,4,DE-ABE,27,1.4601984024047852,280
COCOMO81,4,DE-ABE,28,1.4601984024047852,290
COCOMO81,4,DE-ABE,29,1.4601984024047852,300
COCOMO81,4,DE-ABE,30,1.460198163986206,310
COCOMO81,4,DE-ABE,31,1.460198163986206,320
COCOMO81,4,DE-ABE,32,1.460198163986206,330
COCOMO81,4,DE-ABE,33,1.460198163986206,340
COCOMO81,4,DE-ABE,34,1.460198163986206,350
COCOMO81,4,DE-ABE,35,1.460198163986206,360
COCOMO81,4,DE-ABE,36,1.4601980447769165,370
COCOMO81,4,DE-ABE,37,1.4601980447769165,380
COCOMO81,4,DE-ABE,38,1.4601980447769165,390
COCOMO81,4,DE-ABE,39,1.4601980447769165,400
COCOMO81,4,DE-ABE,40,1.4601980447769165,410
COCOMO81,4,DE-ABE,41,1.4601980447769165,420
COCOMO81,4,DE-ABE,42,1.4601980447769165,430
COCOMO81,4,DE-ABE,43,1.4601980447769165,440
COCOMO81,4,DE-ABE,44,1.4601980447769165,450
COCOMO81,4,DE-ABE,45,1.4601980447769165,460
COCOMO81,4,DE-ABE,46,1.4601980447769165,470
COCOMO81,4,DE-ABE,47,1.4601980447769165,480
COCOMO81,4,DE-ABE,48,1.4601980447769165,490
COCOMO81,4,DE-ABE,49,1.4601980447769165,500
COCOMO81,4,DE-ABE,50,1.4601980447769165,510
COCOMO81,4,DE-ABE,51,1.4601980447769165,520
COCOMO81,4,DE-ABE,52,1.4601980447769165,530
COCOMO81,4,DE-ABE,53,1.4601980447769165,540
COCOMO81,4,DE-ABE,54,1.4601980447769165,550
COCOMO81,4,DE-ABE,55,1.4601980447769165,560
COCOMO81,4,DE-ABE,56,1.4601980447769165,570
COCOMO81,4,DE-ABE,57,1.4601980447769165,580
COCOMO81,4,DE-ABE,58,1.4601980447769165,590
COCOMO81,4,DE-ABE,59,1.4601980447769165,600
COCOMO81,4,DE-ABE,60,1.4601980447769165,610
COCOMO81,4,DE-ABE,61,1.4601980447769165,620
COCOMO81,4,DE-ABE,62,1.4601980447769165,630
COCOMO81,4,DE-ABE,63,1.4601980447769165,640
COCOMO81,4,DE-ABE,64,1.4601980447769165,650
COCOMO81,4,DE-ABE,65,1.4601980447769165,660
COCOMO81,4,DE-ABE,66,1.4601980447769165,670
COCOMO81,4,DE-ABE,67,1.4601980447769165,680
COCOMO81,4,DE-ABE,68,1.4601980447769165,690
COCOMO81,4,DE-ABE,69,1.4601980447769165,700
COCOMO81,4,DE-ABE,70,1.4601980447769165,710
COCOMO81,4,DE-ABE,71,1.4601980447769165,720
COCOMO81,4,DE-ABE,72,1.4601980447769165,730
COCOMO81,4,DE-ABE,73,1.4601980447769165,740
COCOMO81,4,DE-ABE,74,1.4601980447769165,750
COCOMO81,4,DE-ABE,75,1.4601980447769165,760
COCOMO81,4,DE-ABE,76,1.4601980447769165,770
COCOMO81,4,DE-ABE,77,1.4601980447769165,780
COCOMO81,4,DE-ABE,78,1.4601980447769165,790
COCOMO81,4,DE-ABE,79,1.4601980447769165,800
COCOMO81,4,DE-ABE,80,1.4601980447769165,810
COCOMO81,4,DE-ABE,81,1.4601980447769165,820
COCOMO81,4,DE-ABE,82,1.4601980447769165,830
COCOMO81,4,DE-ABE,83,1.4601980447769165,840
COCOMO81,4,DE-ABE,84,1.4601980447769165,850
COCOMO81,4,DE-ABE,85,1.4601980447769165,860
COCOMO81,4,DE-ABE,86,1.4601980447769165,870
COCOMO81,4,DE-ABE,87,1.4601980447769165,880
COCOMO81,4,DE-ABE,88,1.4601980447769165,890
COCOMO81,4,DE-ABE,89,1.4601980447769165,900
COCOMO81,4,DE-ABE,90,1.4601980447769165,910
COCOMO81,4,DE-ABE,91,1.4601980447769165,920
COCOMO81,4,DE-ABE,92,1.4601980447769165,930
COCOMO81,4,DE-ABE,93,1.4601980447769165,940
COCOMO81,4,DE-ABE,94,1.4601980447769165,950
COCOMO81,4,DE-ABE,95,1.4601980447769165,960
COCOMO81,4,DE-ABE,96,1.4601980447769165,970
COCOMO81,4,DE-ABE,97,1.4601980447769165,980
COCOMO81,4,DE-ABE,98,1.4601980447769165,990
COCOMO81,4,DE-ABE,99,1.4601980447769165,1000
COCOMO81,4,GWO-ABE,0,1.4677696228027344,10
COCOMO81,4,GWO-ABE,1,1.4630751609802246,20
COCOMO81,4,GWO-ABE,2,1.464477300643921,30
COCOMO81,4,GWO-ABE,3,1.4648712873458862,40
COCOMO81,4,GWO-ABE,4,1.4621589183807373,50
COCOMO81,4,GWO-ABE,5,1.483093500137329,60
COCOMO81,4,GWO-ABE,6,1.4687018394470215,70
COCOMO81,4,GWO-ABE,7,1.4743366241455078,80
COCOMO81,4,GWO-ABE,8,1.4624181985855103,90
COCOMO81,4,GWO-ABE,9,1.4635647535324097,100
COCOMO81,4,GWO-ABE,10,1.464562177658081,110
COCOMO81,4,GWO-ABE,11,1.4674911499023438,120
COCOMO81,4,GWO-ABE,12,1.460400104522705,130
COCOMO81,4,GWO-ABE,13,1.4630143642425537,140
COCOMO81,4,GWO-ABE,14,1.4669109582901,150
COCOMO81,4,GWO-ABE,15,1.4644379615783691,160
COCOMO81,4,GWO-ABE,16,1.4695546627044678,170
COCOMO81,4,GWO-ABE,17,1.4708553552627563,180
COCOMO81,4,GWO-ABE,18,1.4651029109954834,190
COCOMO81,4,GWO-ABE,19,1.468206763267517,200
COCOMO81,4,GWO-ABE,20,1.4702550172805786,210
COCOMO81,4,GWO-ABE,21,1.4656383991241455,220
COCOMO81,4,GWO-ABE,22,1.4611772298812866,230
COCOMO81,4,GWO-ABE,23,1.4617879390716553,240
COCOMO81,4,GWO-ABE,24,1.4638733863830566,250
COCOMO81,4,GWO-ABE,25,1.468782901763916,260
COCOMO81,4,GWO-ABE,26,1.4647936820983887,270
COCOMO81,4,GWO-ABE,27,1.4624511003494263,280
COCOMO81,4,GWO-ABE,28,1.4626915454864502,290
COCOMO81,4,GWO-ABE,29,1.4636852741241455,300
COCOMO81,4,GWO-ABE,30,1.4644848108291626,310
COCOMO81,4,GWO-ABE,31,1.4622645378112793,320
COCOMO81,4,GWO-ABE,32,1.462266206741333,330
COCOMO81,4,GWO-ABE,33,1.4678288698196411,340
COCOMO81,4,GWO-ABE,34,1.4604538679122925,350
COCOMO81,4,GWO-ABE,35,1.4646323919296265,360
COCOMO81,4,GWO-ABE,36,1.464779019355774,370
COCOMO81,4,GWO-ABE,37,1.464184284210205,380
COCOMO81,4,GWO-ABE,38,1.4607332944869995,390
COCOMO81,4,GWO-ABE,39,1.4635512828826904,400
COCOMO81,4,GWO-ABE,40,1.4633601903915405,410
COCOMO81,4,GWO-ABE,41,1.4632865190505981,420
COCOMO81,4,GWO-ABE,42,1.465457558631897,430
COCOMO81,4,GWO-ABE,43,1.4610215425491333,440
COCOMO81,4,GWO-ABE,44,1.4662692546844482,450
COCOMO81,4,GWO-ABE,45,1.468138575553894,460
COCOMO81,4,GWO-ABE,46,1.4636045694351196,470
COCOMO81,4,GWO-ABE,47,1.4613178968429565,480
COCOMO81,4,GWO-ABE,48,1.469508171081543,490
COCOMO81,4,GWO-ABE,49,1.46622633934021,500
COCOMO81,4,GWO-ABE,50,1.4635053873062134,510
COCOMO81,4,GWO-ABE,51,1.4648330211639404,520
COCOMO81,4,GWO-ABE,52,1.461401104927063,530
COCOMO81,4,GWO-ABE,53,1.4628928899765015,540
COCOMO81,4,GWO-ABE,54,1.4693831205368042,550
COCOMO81,4,GWO-ABE,55,1.4671931266784668,560
COCOMO81,4,GWO-ABE,56,1.461229681968689,570
COCOMO81,4,GWO-ABE,57,1.4602428674697876,580
COCOMO81,4,GWO-ABE,58,1.4645367860794067,590
COCOMO81,4,GWO-ABE,59,1.4618958234786987,600
COCOMO81,4,GWO-ABE,60,1.4620816707611084,610
COCOMO81,4,GWO-ABE,61,1.460842490196228,620
COCOMO81,4,GWO-ABE,62,1.4640032052993774,630
COCOMO81,4,GWO-ABE,63,1.461945652961731,640
COCOMO81,4,GWO-ABE,64,1.465843915939331,650
COCOMO81,4,GWO-ABE,65,1.4636667966842651,660
COCOMO81,4,GWO-ABE,66,1.4610965251922607,670
COCOMO81,4,GWO-ABE,67,1.4628623723983765,680
COCOMO81,4,GWO-ABE,68,1.4626853466033936,690
COCOMO81,4,GWO-ABE,69,1.464408040046692,700
COCOMO81,4,GWO-ABE,70,1.4663479328155518,710
COCOMO81,4,GWO-ABE,71,1.461372971534729,720
COCOMO81,4,GWO-ABE,72,1.4648557901382446,730
COCOMO81,4,GWO-ABE,73,1.4625660181045532,740
COCOMO81,4,GWO-ABE,74,1.4643937349319458,750
COCOMO81,4,GWO-ABE,75,1.4645088911056519,760
COCOMO81,4,GWO-ABE,76,1.461439609527588,770
COCOMO81,4,GWO-ABE,77,1.4645105600357056,780
COCOMO81,4,GWO-ABE,78,1.4630036354064941,790
COCOMO81,4,GWO-ABE,79,1.461363434791565,800
COCOMO81,4,GWO-ABE,80,1.4615925550460815,810
COCOMO81,4,GWO-ABE,81,1.4602283239364624,820
COCOMO81,4,GWO-ABE,82,1.4625664949417114,830
COCOMO81,4,GWO-ABE,83,1.4628775119781494,840
COCOMO81,4,GWO-ABE,84,1.461584210395813,850
COCOMO81,4,GWO-ABE,85,1.4627814292907715,860
COCOMO81,4,GWO-ABE,86,1.4611138105392456,870
COCOMO81,4,GWO-ABE,87,1.4615190029144287,880
COCOMO81,4,GWO-ABE,88,1.460682988166809,890
COCOMO81,4,GWO-ABE,89,1.4619921445846558,900
COCOMO81,4,GWO-ABE,90,1.460395097732544,910
COCOMO81,4,GWO-ABE,91,1.4611314535140991,920
COCOMO81,4,GWO-ABE,92,1.4610213041305542,930
COCOMO81,4,GWO-ABE,93,1.4613666534423828,940
COCOMO81,4,GWO-ABE,94,1.4615143537521362,950
COCOMO81,4,GWO-ABE,95,1.4618343114852905,960
COCOMO81,4,GWO-ABE,96,1.461018443107605,970
COCOMO81,4,GWO-ABE,97,1.4614083766937256,980
COCOMO81,4,GWO-ABE,98,1.4616577625274658,990
COCOMO81,4,GWO-ABE,99,1.4614757299423218,1000
COCOMO81,4,WOA-ABE,0,1.4651615619659424,10
COCOMO81,4,WOA-ABE,1,1.4643608331680298,20
COCOMO81,4,WOA-ABE,2,1.463750958442688,30
COCOMO81,4,WOA-ABE,3,1.4611519575119019,40
COCOMO81,4,WOA-ABE,4,1.4611519575119019,50
COCOMO81,4,WOA-ABE,5,1.4611519575119019,60
COCOMO81,4,WOA-ABE,6,1.460935354232788,70
COCOMO81,4,WOA-ABE,7,1.460935354232788,80
COCOMO81,4,WOA-ABE,8,1.460900068283081,90
COCOMO81,4,WOA-ABE,9,1.460900068283081,100
COCOMO81,4,WOA-ABE,10,1.460900068283081,110
COCOMO81,4,WOA-ABE,11,1.4606479406356812,120
COCOMO81,4,WOA-ABE,12,1.460464358329773,130
COCOMO81,4,WOA-ABE,13,1.460435152053833,140
COCOMO81,4,WOA-ABE,14,1.4603954553604126,150
COCOMO81,4,WOA-ABE,15,1.46038818359375,160
COCOMO81,4,WOA-ABE,16,1.46038818359375,170
COCOMO81,4,WOA-ABE,17,1.46038818359375,180
COCOMO81,4,WOA-ABE,18,1.46038818359375,190
COCOMO81,4,WOA-ABE,19,1.46038818359375,200
COCOMO81,4,WOA-ABE,20,1.46038818359375,210
COCOMO81,4,WOA-ABE,21,1.46038818359375,220
COCOMO81,4,WOA-ABE,22,1.46038818359375,230
COCOMO81,4,WOA-ABE,23,1.46038818359375,240
COCOMO81,4,WOA-ABE,24,1.46038818359375,250
COCOMO81,4,WOA-ABE,25,1.46038818359375,260
COCOMO81,4,WOA-ABE,26,1.46038818359375,270
COCOMO81,4,WOA-ABE,27,1.46038818359375,280
COCOMO81,4,WOA-ABE,28,1.460384726524353,290
COCOMO81,4,WOA-ABE,29,1.460384726524353,300
COCOMO81,4,WOA-ABE,30,1.4603257179260254,310
COCOMO81,4,WOA-ABE,31,1.460201621055603,320
COCOMO81,4,WOA-ABE,32,1.460201621055603,330
COCOMO81,4,WOA-ABE,33,1.460201621055603,340
COCOMO81,4,WOA-ABE,34,1.460201621055603,350
COCOMO81,4,WOA-ABE,35,1.460201621055603,360
COCOMO81,4,WOA-ABE,36,1.460200548171997,370
COCOMO81,4,WOA-ABE,37,1.460200548171997,380
COCOMO81,4,WOA-ABE,38,1.460200548171997,390
COCOMO81,4,WOA-ABE,39,1.460200548171997,400
COCOMO81,4,WOA-ABE,40,1.460200548171997,410
COCOMO81,4,WOA-ABE,41,1.4601985216140747,420
COCOMO81,4,WOA-ABE,42,1.4601985216140747,430
COCOMO81,4,WOA-ABE,43,1.4601985216140747,440
COCOMO81,4,WOA-ABE,44,1.4601985216140747,450
COCOMO81,4,WOA-ABE,45,1.4601985216140747,460
COCOMO81,4,WOA-ABE,46,1.4601985216140747,470
COCOMO81,4,WOA-ABE,47,1.4601985216140747,480
COCOMO81,4,WOA-ABE,48,1.4601984024047852,490
COCOMO81,4,WOA-ABE,49,1.4601984024047852,500
COCOMO81,4,WOA-ABE,50,1.4601984024047852,510
COCOMO81,4,WOA-ABE,51,1.4601984024047852,520
COCOMO81,4,WOA-ABE,52,1.4601984024047852,530
COCOMO81,4,WOA-ABE,53,1.4601984024047852,540
COCOMO81,4,WOA-ABE,54,1.4601984024047852,550
COCOMO81,4,WOA-ABE,55,1.4601984024047852,560
COCOMO81,4,WOA-ABE,56,1.4601984024047852,570
COCOMO81,4,WOA-ABE,57,1.4601984024047852,580
COCOMO81,4,WOA-ABE,58,1.4601984024047852,590
COCOMO81,4,WOA-ABE,59,1.4601984024047852,600
COCOMO81,4,WOA-ABE,60,1.4601984024047852,610
COCOMO81,4,WOA-ABE,61,1.4601984024047852,620
COCOMO81,4,WOA-ABE,62,1.4601984024047852,630
COCOMO81,4,WOA-ABE,63,1.4601984024047852,640
COCOMO81,4,WOA-ABE,64,1.4601984024047852,650
COCOMO81,4,WOA-ABE,65,1.460198163986206,660
COCOMO81,4,WOA-ABE,66,1.460198163986206,670
COCOMO81,4,WOA-ABE,67,1.460198163986206,680
COCOMO81,4,WOA-ABE,68,1.460198163986206,690
COCOMO81,4,WOA-ABE,69,1.460198163986206,700
COCOMO81,4,WOA-ABE,70,1.460198163986206,710
COCOMO81,4,WOA-ABE,71,1.460198163986206,720
COCOMO81,4,WOA-ABE,72,1.460198163986206,730
COCOMO81,4,WOA-ABE,73,1.460198163986206,740
COCOMO81,4,WOA-ABE,74,1.460198163986206,750
COCOMO81,4,WOA-ABE,75,1.460198163986206,760
COCOMO81,4,WOA-ABE,76,1.460198163986206,770
COCOMO81,4,WOA-ABE,77,1.460198163986206,780
COCOMO81,4,WOA-ABE,78,1.460198163986206,790
COCOMO81,4,WOA-ABE,79,1.460198163986206,800
COCOMO81,4,WOA-ABE,80,1.460198163986206,810
COCOMO81,4,WOA-ABE,81,1.460198163986206,820
COCOMO81,4,WOA-ABE,82,1.460198163986206,830
COCOMO81,4,WOA-ABE,83,1.460198163986206,840
COCOMO81,4,WOA-ABE,84,1.460198163986206,850
COCOMO81,4,WOA-ABE,85,1.460198163986206,860
COCOMO81,4,WOA-ABE,86,1.460198163986206,870
COCOMO81,4,WOA-ABE,87,1.4601980447769165,880
COCOMO81,4,WOA-ABE,88,1.4601980447769165,890
COCOMO81,4,WOA-ABE,89,1.4601980447769165,900
COCOMO81,4,WOA-ABE,90,1.4601980447769165,910
COCOMO81,4,WOA-ABE,91,1.4601980447769165,920
COCOMO81,4,WOA-ABE,92,1.4601980447769165,930
COCOMO81,4,WOA-ABE,93,1.4601980447769165,940
COCOMO81,4,WOA-ABE,94,1.4601980447769165,950
COCOMO81,4,WOA-ABE,95,1.4601980447769165,960
COCOMO81,4,WOA-ABE,96,1.4601980447769165,970
COCOMO81,4,WOA-ABE,97,1.4601980447769165,980
COCOMO81,4,WOA-ABE,98,1.4601980447769165,990
COCOMO81,4,WOA-ABE,99,1.4601980447769165,1000
COCOMO81,4,FAABE,0,1.4610213041305542,10
COCOMO81,4,FAABE,1,1.4604190587997437,20
COCOMO81,4,FAABE,2,1.4604190587997437,30
COCOMO81,4,FAABE,3,1.4604190587997437,40
COCOMO81,4,FAABE,4,1.4604190587997437,50
COCOMO81,4,FAABE,5,1.4604190587997437,60
COCOMO81,4,FAABE,6,1.4604190587997437,70
COCOMO81,4,FAABE,7,1.4604190587997437,80
COCOMO81,4,FAABE,8,1.4604190587997437,90
COCOMO81,4,FAABE,9,1.4604190587997437,100
COCOMO81,4,FAABE,10,1.4604190587997437,110
COCOMO81,4,FAABE,11,1.4604190587997437,120
COCOMO81,4,FAABE,12,1.4604190587997437,130
COCOMO81,4,FAABE,13,1.4604190587997437,140
COCOMO81,4,FAABE,14,1.4604190587997437,150
COCOMO81,4,FAABE,15,1.4604190587997437,160
COCOMO81,4,FAABE,16,1.4604190587997437,170
COCOMO81,4,FAABE,17,1.4604190587997437,180
COCOMO81,4,FAABE,18,1.4604190587997437,190
COCOMO81,4,FAABE,19,1.4604190587997437,200
COCOMO81,4,FAABE,20,1.4604190587997437,210
COCOMO81,4,FAABE,21,1.4604190587997437,220
COCOMO81,4,FAABE,22,1.4604190587997437,230
COCOMO81,4,FAABE,23,1.4604190587997437,240
COCOMO81,4,FAABE,24,1.4604190587997437,250
COCOMO81,4,FAABE,25,1.4604190587997437,260
COCOMO81,4,FAABE,26,1.4604190587997437,270
COCOMO81,4,FAABE,27,1.4604190587997437,280
COCOMO81,4,FAABE,28,1.4604190587997437,290
COCOMO81,4,FAABE,29,1.4604190587997437,300
COCOMO81,4,FAABE,30,1.4604190587997437,310
COCOMO81,4,FAABE,31,1.4604190587997437,320
COCOMO81,4,FAABE,32,1.4604190587997437,330
COCOMO81,4,FAABE,33,1.460254430770874,340
COCOMO81,4,FAABE,34,1.460254430770874,350
COCOMO81,4,FAABE,35,1.460254430770874,360
COCOMO81,4,FAABE,36,1.460254430770874,370
COCOMO81,4,FAABE,37,1.460254430770874,380
COCOMO81,4,FAABE,38,1.460254430770874,390
COCOMO81,4,FAABE,39,1.460254430770874,400
COCOMO81,4,FAABE,40,1.460254430770874,410
COCOMO81,4,FAABE,41,1.460254430770874,420
COCOMO81,4,FAABE,42,1.460254430770874,430
COCOMO81,4,FAABE,43,1.460254430770874,440
COCOMO81,4,FAABE,44,1.460254430770874,450
COCOMO81,4,FAABE,45,1.460254430770874,460
COCOMO81,4,FAABE,46,1.460254430770874,470
COCOMO81,4,FAABE,47,1.460254430770874,480
COCOMO81,4,FAABE,48,1.460254430770874,490
COCOMO81,4,FAABE,49,1.460254430770874,500
COCOMO81,4,FAABE,50,1.460254430770874,510
COCOMO81,4,FAABE,51,1.460254430770874,520
COCOMO81,4,FAABE,52,1.460254430770874,530
COCOMO81,4,FAABE,53,1.460254430770874,540
COCOMO81,4,FAABE,54,1.460254430770874,550
COCOMO81,4,FAABE,55,1.460254430770874,560
COCOMO81,4,FAABE,56,1.460254430770874,570
COCOMO81,4,FAABE,57,1.460254430770874,580
COCOMO81,4,FAABE,58,1.460254430770874,590
COCOMO81,4,FAABE,59,1.460254430770874,600
COCOMO81,4,FAABE,60,1.460254430770874,610
COCOMO81,4,FAABE,61,1.460254430770874,620
COCOMO81,4,FAABE,62,1.460254430770874,630
COCOMO81,4,FAABE,63,1.460254430770874,640
COCOMO81,4,FAABE,64,1.460254430770874,650
COCOMO81,4,FAABE,65,1.460254430770874,660
COCOMO81,4,FAABE,66,1.460254430770874,670
COCOMO81,4,FAABE,67,1.460254430770874,680
COCOMO81,4,FAABE,68,1.460254430770874,690
COCOMO81,4,FAABE,69,1.460254430770874,700
COCOMO81,4,FAABE,70,1.460254430770874,710
COCOMO81,4,FAABE,71,1.460254430770874,720
COCOMO81,4,FAABE,72,1.460254430770874,730
COCOMO81,4,FAABE,73,1.460254430770874,740
COCOMO81,4,FAABE,74,1.460254430770874,750
COCOMO81,4,FAABE,75,1.460254430770874,760
COCOMO81,4,FAABE,76,1.460254430770874,770
COCOMO81,4,FAABE,77,1.460254430770874,780
COCOMO81,4,FAABE,78,1.460254430770874,790
COCOMO81,4,FAABE,79,1.460254430770874,800
COCOMO81,4,FAABE,80,1.460254430770874,810
COCOMO81,4,FAABE,81,1.460254430770874,820
COCOMO81,4,FAABE,82,1.460254430770874,830
COCOMO81,4,FAABE,83,1.460254430770874,840
COCOMO81,4,FAABE,84,1.460254430770874,850
COCOMO81,4,FAABE,85,1.460254430770874,860
COCOMO81,4,FAABE,86,1.460254430770874,870
COCOMO81,4,FAABE,87,1.460254430770874,880
COCOMO81,4,FAABE,88,1.460254430770874,890
COCOMO81,4,FAABE,89,1.460254430770874,900
COCOMO81,4,FAABE,90,1.460254430770874,910
COCOMO81,4,FAABE,91,1.460254430770874,920
COCOMO81,4,FAABE,92,1.460254430770874,930
COCOMO81,4,FAABE,93,1.460254430770874,940
COCOMO81,4,FAABE,94,1.460254430770874,950
COCOMO81,4,FAABE,95,1.460254430770874,960
COCOMO81,4,FAABE,96,1.460254430770874,970
COCOMO81,4,FAABE,97,1.460254430770874,980
COCOMO81,4,FAABE,98,1.460254430770874,990
COCOMO81,4,FAABE,99,1.460254430770874,1000
COCOMO81,5,GA-ABE,0,2.6511006355285645,10
COCOMO81,5,GA-ABE,1,2.6285688877105713,20
COCOMO81,5,GA-ABE,2,2.095150947570801,30
COCOMO81,5,GA-ABE,3,2.0632548332214355,40
COCOMO81,5,GA-ABE,4,2.0477497577667236,50
COCOMO81,5,GA-ABE,5,2.0477497577667236,60
COCOMO81,5,GA-ABE,6,2.034316062927246,70
COCOMO81,5,GA-ABE,7,2.034316062927246,80
COCOMO81,5,GA-ABE,8,2.034316062927246,90
COCOMO81,5,GA-ABE,9,2.034316062927246,100
COCOMO81,5,GA-ABE,10,2.034316062927246,110
COCOMO81,5,GA-ABE,11,2.034268856048584,120
COCOMO81,5,GA-ABE,12,2.034268856048584,130
COCOMO81,5,GA-ABE,13,2.0342214107513428,140
COCOMO81,5,GA-ABE,14,2.0339059829711914,150
COCOMO81,5,GA-ABE,15,2.0339059829711914,160
COCOMO81,5,GA-ABE,16,2.0339059829711914,170
COCOMO81,5,GA-ABE,17,2.0339059829711914,180
COCOMO81,5,GA-ABE,18,2.0339059829711914,190
COCOMO81,5,GA-ABE,19,2.0339059829711914,200
COCOMO81,5,GA-ABE,20,2.0339059829711914,210
COCOMO81,5,GA-ABE,21,2.033879518508911,220
COCOMO81,5,GA-ABE,22,2.0336575508117676,230
COCOMO81,5,GA-ABE,23,2.0336575508117676,240
COCOMO81,5,GA-ABE,24,2.0336575508117676,250
COCOMO81,5,GA-ABE,25,2.033601999282837,260
COCOMO81,5,GA-ABE,26,2.033601999282837,270
COCOMO81,5,GA-ABE,27,2.0335628986358643,280
COCOMO81,5,GA-ABE,28,2.0335471630096436,290
COCOMO81,5,GA-ABE,29,2.0335471630096436,300
COCOMO81,5,GA-ABE,30,2.033529043197632,310
COCOMO81,5,GA-ABE,31,2.0335090160369873,320
COCOMO81,5,GA-ABE,32,2.0335090160369873,330
COCOMO81,5,GA-ABE,33,2.0335090160369873,340
COCOMO81,5,GA-ABE,34,2.0335090160369873,350
COCOMO81,5,GA-ABE,35,2.0333445072174072,360
COCOMO81,5,GA-ABE,36,2.0333445072174072,370
COCOMO81,5,GA-ABE,37,2.0333445072174072,380
COCOMO81,5,GA-ABE,38,2.0333445072174072,390
COCOMO81,5,GA-ABE,39,2.0333445072174072,400
COCOMO81,5,GA-ABE,40,2.0333445072174072,410
COCOMO81,5,GA-ABE,41,2.0333445072174072,420
COCOMO81,5,GA-ABE,42,2.0331361293792725,430
COCOMO81,5,GA-ABE,43,2.0331361293792725,440
COCOMO81,5,GA-ABE,44,2.033052921295166,450
COCOMO81,5,GA-ABE,45,2.033052921295166,460
COCOMO81,5,GA-ABE,46,2.033052921295166,470
COCOMO81,5,GA-ABE,47,2.033052921295166,480
COCOMO81,5,GA-ABE,48,2.0329153537750244,490
COCOMO81,5,GA-ABE,49,2.0329153537750244,500
COCOMO81,5,GA-ABE,50,2.0329153537750244,510
COCOMO81,5,GA-ABE,51,2.0329041481018066,520
COCOMO81,5,GA-ABE,52,2.032665491104126,530
COCOMO81,5,GA-ABE,53,2.032665491104126,540
COCOMO81,5,GA-ABE,54,2.032665491104126,550
COCOMO81,5,GA-ABE,55,2.032665491104126,560
COCOMO81,5,GA-ABE,56,2.032665491104126,570
COCOMO81,5,GA-ABE,57,2.032665491104126,580
COCOMO81,5,GA-ABE,58,2.032445192337036,590
COCOMO81,5,GA-ABE,59,2.0323402881622314,600
COCOMO81,5,GA-ABE,60,2.0323402881622314,610
COCOMO81,5,GA-ABE,61,2.0323150157928467,620
COCOMO81,5,GA-ABE,62,2.0323150157928467,630
COCOMO81,5,GA-ABE,63,2.0323150157928467,640
COCOMO81,5,GA-ABE,64,2.0323150157928467,650
COCOMO81,5,GA-ABE,65,2.0323150157928467,660
COCOMO81,5,GA-ABE,66,2.032278537750244,670
COCOMO81,5,GA-ABE,67,2.032278537750244,680
COCOMO81,5,GA-ABE,68,2.0322442054748535,690
COCOMO81,5,GA-ABE,69,2.0322442054748535,700
COCOMO81,5,GA-ABE,70,2.0322442054748535,710
COCOMO81,5,GA-ABE,71,2.0322442054748535,720
COCOMO81,5,GA-ABE,72,2.0322442054748535,730
COCOMO81,5,GA-ABE,73,2.0322442054748535,740
COCOMO81,5,GA-ABE,74,2.0322442054748535,750
COCOMO81,5,GA-ABE,75,2.032149076461792,760
COCOMO81,5,GA-ABE,76,2.0320446491241455,770
COCOMO81,5,GA-ABE,77,2.0320446491241455,780
COCOMO81,5,GA-ABE,78,2.0320444107055664,790
COCOMO81,5,GA-ABE,79,2.0320444107055664,800
COCOMO81,5,GA-ABE,80,2.0320444107055664,810
COCOMO81,5,GA-ABE,81,2.0320444107055664,820
COCOMO81,5,GA-ABE,82,2.0320444107055664,830
COCOMO81,5,GA-ABE,83,2.032033920288086,840
COCOMO81,5,GA-ABE,84,2.032033920288086,850
COCOMO81,5,GA-ABE,85,2.032033920288086,860
COCOMO81,5,GA-ABE,86,2.0320327281951904,870
COCOMO81,5,GA-ABE,87,2.0320327281951904,880
COCOMO81,5,GA-ABE,88,2.0320327281951904,890
COCOMO81,5,GA-ABE,89,2.0320327281951904,900
COCOMO81,5,GA-ABE,90,2.032031774520874,910
COCOMO81,5,GA-ABE,91,2.032031774520874,920
COCOMO81,5,GA-ABE,92,2.031817674636841,930
COCOMO81,5,GA-ABE,93,2.031817674636841,940
COCOMO81,5,GA-ABE,94,2.031817674636841,950
COCOMO81,5,GA-ABE,95,2.031817674636841,960
COCOMO81,5,GA-ABE,96,2.031817674636841,970
COCOMO81,5,GA-ABE,97,2.0316548347473145,980
COCOMO81,5,GA-ABE,98,2.0316548347473145,990
COCOMO81,5,GA-ABE,99,2.0316548347473145,1000
COCOMO81,5,PSO-ABE,0,1.5022443532943726,10
COCOMO81,5,PSO-ABE,1,1.5022443532943726,20
COCOMO81,5,PSO-ABE,2,1.4976946115493774,30
COCOMO81,5,PSO-ABE,3,1.4452677965164185,40
COCOMO81,5,PSO-ABE,4,1.347048282623291,50
COCOMO81,5,PSO-ABE,5,1.3451374769210815,60
COCOMO81,5,PSO-ABE,6,1.3410125970840454,70
COCOMO81,5,PSO-ABE,7,1.3410125970840454,80
COCOMO81,5,PSO-ABE,8,1.3410125970840454,90
COCOMO81,5,PSO-ABE,9,1.3408297300338745,100
COCOMO81,5,PSO-ABE,10,1.337916374206543,110
COCOMO81,5,PSO-ABE,11,1.3372716903686523,120
COCOMO81,5,PSO-ABE,12,1.3372716903686523,130
COCOMO81,5,PSO-ABE,13,1.3366810083389282,140
COCOMO81,5,PSO-ABE,14,1.3366810083389282,150
COCOMO81,5,PSO-ABE,15,1.3363505601882935,160
COCOMO81,5,PSO-ABE,16,1.3363505601882935,170
COCOMO81,5,PSO-ABE,17,1.3363505601882935,180
COCOMO81,5,PSO-ABE,18,1.3363505601882935,190
COCOMO81,5,PSO-ABE,19,1.3363505601882935,200
COCOMO81,5,PSO-ABE,20,1.336283564567566,210
COCOMO81,5,PSO-ABE,21,1.336283564567566,220
COCOMO81,5,PSO-ABE,22,1.336283564567566,230
COCOMO81,5,PSO-ABE,23,1.336283564567566,240
COCOMO81,5,PSO-ABE,24,1.336283564567566,250
COCOMO81,5,PSO-ABE,25,1.336283564567566,260
COCOMO81,5,PSO-ABE,26,1.336283564567566,270
COCOMO81,5,PSO-ABE,27,1.336283564567566,280
COCOMO81,5,PSO-ABE,28,1.336283564567566,290
COCOMO81,5,PSO-ABE,29,1.3362791538238525,300
COCOMO81,5,PSO-ABE,30,1.3362791538238525,310
COCOMO81,5,PSO-ABE,31,1.3362791538238525,320
COCOMO81,5,PSO-ABE,32,1.3362791538238525,330
COCOMO81,5,PSO-ABE,33,1.3362791538238525,340
COCOMO81,5,PSO-ABE,34,1.3362791538238525,350
COCOMO81,5,PSO-ABE,35,1.3362791538238525,360
COCOMO81,5,PSO-ABE,36,1.336271047592163,370
COCOMO81,5,PSO-ABE,37,1.336271047592163,380
COCOMO81,5,PSO-ABE,38,1.336271047592163,390
COCOMO81,5,PSO-ABE,39,1.336271047592163,400
COCOMO81,5,PSO-ABE,40,1.336271047592163,410
COCOMO81,5,PSO-ABE,41,1.336271047592163,420
COCOMO81,5,PSO-ABE,42,1.336271047592163,430
COCOMO81,5,PSO-ABE,43,1.336271047592163,440
COCOMO81,5,PSO-ABE,44,1.336271047592163,450
COCOMO81,5,PSO-ABE,45,1.336271047592163,460
COCOMO81,5,PSO-ABE,46,1.336271047592163,470
COCOMO81,5,PSO-ABE,47,1.336270809173584,480
COCOMO81,5,PSO-ABE,48,1.336270809173584,490
COCOMO81,5,PSO-ABE,49,1.336270809173584,500
COCOMO81,5,PSO-ABE,50,1.336270809173584,510
COCOMO81,5,PSO-ABE,51,1.336270809173584,520
COCOMO81,5,PSO-ABE,52,1.336270809173584,530
COCOMO81,5,PSO-ABE,53,1.336270809173584,540
COCOMO81,5,PSO-ABE,54,1.336270809173584,550
COCOMO81,5,PSO-ABE,55,1.336270809173584,560
COCOMO81,5,PSO-ABE,56,1.336270809173584,570
COCOMO81,5,PSO-ABE,57,1.336270809173584,580
COCOMO81,5,PSO-ABE,58,1.336270809173584,590
COCOMO81,5,PSO-ABE,59,1.3362704515457153,600
COCOMO81,5,PSO-ABE,60,1.3362704515457153,610
COCOMO81,5,PSO-ABE,61,1.3362704515457153,620
COCOMO81,5,PSO-ABE,62,1.3362704515457153,630
COCOMO81,5,PSO-ABE,63,1.3362704515457153,640
COCOMO81,5,PSO-ABE,64,1.3362704515457153,650
COCOMO81,5,PSO-ABE,65,1.3362704515457153,660
COCOMO81,5,PSO-ABE,66,1.3362704515457153,670
COCOMO81,5,PSO-ABE,67,1.3362704515457153,680
COCOMO81,5,PSO-ABE,68,1.3362704515457153,690
COCOMO81,5,PSO-ABE,69,1.3362704515457153,700
COCOMO81,5,PSO-ABE,70,1.3362703323364258,710
COCOMO81,5,PSO-ABE,71,1.3362703323364258,720
COCOMO81,5,PSO-ABE,72,1.3362703323364258,730
COCOMO81,5,PSO-ABE,73,1.3362703323364258,740
COCOMO81,5,PSO-ABE,74,1.3362703323364258,750
COCOMO81,5,PSO-ABE,75,1.3362703323364258,760
COCOMO81,5,PSO-ABE,76,1.3362703323364258,770
COCOMO81,5,PSO-ABE,77,1.3362703323364258,780
COCOMO81,5,PSO-ABE,78,1.3362703323364258,790
COCOMO81,5,PSO-ABE,79,1.3362703323364258,800
COCOMO81,5,PSO-ABE,80,1.3362703323364258,810
COCOMO81,5,PSO-ABE,81,1.3362703323364258,820
COCOMO81,5,PSO-ABE,82,1.3362703323364258,830
COCOMO81,5,PSO-ABE,83,1.3362703323364258,840
COCOMO81,5,PSO-ABE,84,1.3362703323364258,850
COCOMO81,5,PSO-ABE,85,1.3362703323364258,860
COCOMO81,5,PSO-ABE,86,1.3362703323364258,870
COCOMO81,5,PSO-ABE,87,1.3362703323364258,880
COCOMO81,5,PSO-ABE,88,1.3362703323364258,890
COCOMO81,5,PSO-ABE,89,1.3362703323364258,900
COCOMO81,5,PSO-ABE,90,1.3362703323364258,910
COCOMO81,5,PSO-ABE,91,1.3362703323364258,920
COCOMO81,5,PSO-ABE,92,1.3362703323364258,930
COCOMO81,5,PSO-ABE,93,1.3362703323364258,940
COCOMO81,5,PSO-ABE,94,1.3362703323364258,950
COCOMO81,5,PSO-ABE,95,1.3362703323364258,960
COCOMO81,5,PSO-ABE,96,1.3362703323364258,970
COCOMO81,5,PSO-ABE,97,1.3362703323364258,980
COCOMO81,5,PSO-ABE,98,1.3362703323364258,990
COCOMO81,5,PSO-ABE,99,1.3362703323364258,1000
COCOMO81,5,DE-ABE,0,2.3624391555786133,10
COCOMO81,5,DE-ABE,1,1.4900563955307007,20
COCOMO81,5,DE-ABE,2,1.4900563955307007,30
COCOMO81,5,DE-ABE,3,1.4858273267745972,40
COCOMO81,5,DE-ABE,4,1.3406052589416504,50
COCOMO81,5,DE-ABE,5,1.3406052589416504,60
COCOMO81,5,DE-ABE,6,1.3406052589416504,70
COCOMO81,5,DE-ABE,7,1.3310837745666504,80
COCOMO81,5,DE-ABE,8,1.3310837745666504,90
COCOMO81,5,DE-ABE,9,1.3310837745666504,100
COCOMO81,5,DE-ABE,10,1.3310837745666504,110
COCOMO81,5,DE-ABE,11,1.3310837745666504,120
COCOMO81,5,DE-ABE,12,1.3310837745666504,130
COCOMO81,5,DE-ABE,13,1.3211297988891602,140
COCOMO81,5,DE-ABE,14,1.3211297988891602,150
COCOMO81,5,DE-ABE,15,1.3211297988891602,160
COCOMO81,5,DE-ABE,16,1.3211297988891602,170
COCOMO81,5,DE-ABE,17,1.3211297988891602,180
COCOMO81,5,DE-ABE,18,1.321101188659668,190
COCOMO81,5,DE-ABE,19,1.3208322525024414,200
COCOMO81,5,DE-ABE,20,1.3208322525024414,210
COCOMO81,5,DE-ABE,21,1.3208322525024414,220
COCOMO81,5,DE-ABE,22,1.3207981586456299,230
COCOMO81,5,DE-ABE,23,1.320743441581726,240
COCOMO81,5,DE-ABE,24,1.320743441581726,250
COCOMO81,5,DE-ABE,25,1.320743441581726,260
COCOMO81,5,DE-ABE,26,1.3207417726516724,270
COCOMO81,5,DE-ABE,27,1.3207411766052246,280
COCOMO81,5,DE-ABE,28,1.3207411766052246,290
COCOMO81,5,DE-ABE,29,1.3206993341445923,300
COCOMO81,5,DE-ABE,30,1.3206682205200195,310
COCOMO81,5,DE-ABE,31,1.3206682205200195,320
COCOMO81,5,DE-ABE,32,1.3206554651260376,330
COCOMO81,5,DE-ABE,33,1.3206411600112915,340
COCOMO81,5,DE-ABE,34,1.3206411600112915,350
COCOMO81,5,DE-ABE,35,1.320637583732605,360
COCOMO81,5,DE-ABE,36,1.3206346035003662,370
COCOMO81,5,DE-ABE,37,1.3206312656402588,380
COCOMO81,5,DE-ABE,38,1.3206312656402588,390
COCOMO81,5,DE-ABE,39,1.3206312656402588,400
COCOMO81,5,DE-ABE,40,1.3206312656402588,410
COCOMO81,5,DE-ABE,41,1.320628046989441,420
COCOMO81,5,DE-ABE,42,1.320628046989441,430
COCOMO81,5,DE-ABE,43,1.320628046989441,440
COCOMO81,5,DE-ABE,44,1.3206263780593872,450
COCOMO81,5,DE-ABE,45,1.3206241130828857,460
COCOMO81,5,DE-ABE,46,1.3206238746643066,470
COCOMO81,5,DE-ABE,47,1.3206217288970947,480
COCOMO81,5,DE-ABE,48,1.3206217288970947,490
COCOMO81,5,DE-ABE,49,1.3206214904785156,500
COCOMO81,5,DE-ABE,50,1.3206214904785156,510
COCOMO81,5,DE-ABE,51,1.3206214904785156,520
COCOMO81,5,DE-ABE,52,1.3206214904785156,530
COCOMO81,5,DE-ABE,53,1.3206191062927246,540
COCOMO81,5,DE-ABE,54,1.320618748664856,550
COCOMO81,5,DE-ABE,55,1.320618748664856,560
COCOMO81,5,DE-ABE,56,1.320617914199829,570
COCOMO81,5,DE-ABE,57,1.3206177949905396,580
COCOMO81,5,DE-ABE,58,1.3206175565719604,590
COCOMO81,5,DE-ABE,59,1.3206175565719604,600
COCOMO81,5,DE-ABE,60,1.3206171989440918,610
COCOMO81,5,DE-ABE,61,1.3206171989440918,620
COCOMO81,5,DE-ABE,62,1.3206169605255127,630
COCOMO81,5,DE-ABE,63,1.3206169605255127,640
COCOMO81,5,DE-ABE,64,1.3206167221069336,650
COCOMO81,5,DE-ABE,65,1.3206167221069336,660
COCOMO81,5,DE-ABE,66,1.320616602897644,670
COCOMO81,5,DE-ABE,67,1.320616602897644,680
COCOMO81,5,DE-ABE,68,1.3206164836883545,690
COCOMO81,5,DE-ABE,69,1.320616364479065,700
COCOMO81,5,DE-ABE,70,1.320616364479065,710
COCOMO81,5,DE-ABE,71,1.3206162452697754,720
COCOMO81,5,DE-ABE,72,1.3206162452697754,730
COCOMO81,5,DE-ABE,73,1.3206162452697754,740
COCOMO81,5,DE-ABE,74,1.3206162452697754,750
COCOMO81,5,DE-ABE,75,1.3206162452697754,760
COCOMO81,5,DE-ABE,76,1.3206162452697754,770
COCOMO81,5,DE-ABE,77,1.3206162452697754,780
COCOMO81,5,DE-ABE,78,1.3206162452697754,790
COCOMO81,5,DE-ABE,79,1.3206162452697754,800
COCOMO81,5,DE-ABE,80,1.3206162452697754,810
COCOMO81,5,DE-ABE,81,1.3206162452697754,820
COCOMO81,5,DE-ABE,82,1.3206161260604858,830
COCOMO81,5,DE-ABE,83,1.3206161260604858,840
COCOMO81,5,DE-ABE,84,1.3206160068511963,850
COCOMO81,5,DE-ABE,85,1.3206160068511963,860
COCOMO81,5,DE-ABE,86,1.3206160068511963,870
COCOMO81,5,DE-ABE,87,1.3206160068511963,880
COCOMO81,5,DE-ABE,88,1.3206158876419067,890
COCOMO81,5,DE-ABE,89,1.3206158876419067,900
COCOMO81,5,DE-ABE,90,1.3206158876419067,910
COCOMO81,5,DE-ABE,91,1.3206158876419067,920
COCOMO81,5,DE-ABE,92,1.3206158876419067,930
COCOMO81,5,DE-ABE,93,1.3206158876419067,940
COCOMO81,5,DE-ABE,94,1.3206158876419067,950
COCOMO81,5,DE-ABE,95,1.3206156492233276,960
COCOMO81,5,DE-ABE,96,1.3206156492233276,970
COCOMO81,5,DE-ABE,97,1.3206156492233276,980
COCOMO81,5,DE-ABE,98,1.3206156492233276,990
COCOMO81,5,DE-ABE,99,1.3206156492233276,1000
COCOMO81,5,GWO-ABE,0,2.204292058944702,10
COCOMO81,5,GWO-ABE,1,2.140904664993286,20
COCOMO81,5,GWO-ABE,2,2.063513994216919,30
COCOMO81,5,GWO-ABE,3,2.047095775604248,40
COCOMO81,5,GWO-ABE,4,2.064457893371582,50
COCOMO81,5,GWO-ABE,5,2.0687344074249268,60
COCOMO81,5,GWO-ABE,6,2.067145586013794,70
COCOMO81,5,GWO-ABE,7,2.0647685527801514,80
COCOMO81,5,GWO-ABE,8,2.0651450157165527,90
COCOMO81,5,GWO-ABE,9,2.0646345615386963,100
COCOMO81,5,GWO-ABE,10,2.064157724380493,110
COCOMO81,5,GWO-ABE,11,2.0657243728637695,120
COCOMO81,5,GWO-ABE,12,2.063960075378418,130
COCOMO81,5,GWO-ABE,13,1.7363392114639282,140
COCOMO81,5,GWO-ABE,14,1.7318823337554932,150
COCOMO81,5,GWO-ABE,15,2.065742015838623,160
COCOMO81,5,GWO-ABE,16,2.068223476409912,170
COCOMO81,5,GWO-ABE,17,2.065708875656128,180
COCOMO81,5,GWO-ABE,18,2.0652832984924316,190
COCOMO81,5,GWO-ABE,19,2.065507650375366,200
COCOMO81,5,GWO-ABE,20,2.0650627613067627,210
COCOMO81,5,GWO-ABE,21,2.065964460372925,220
COCOMO81,5,GWO-ABE,22,2.0664072036743164,230
COCOMO81,5,GWO-ABE,23,2.0659937858581543,240
COCOMO81,5,GWO-ABE,24,2.0663912296295166,250
COCOMO81,5,GWO-ABE,25,2.06498646736145,260
COCOMO81,5,GWO-ABE,26,2.065448522567749,270
COCOMO81,5,GWO-ABE,27,2.065011978149414,280
COCOMO81,5,GWO-ABE,28,2.0651144981384277,290
COCOMO81,5,GWO-ABE,29,2.065161943435669,300
COCOMO81,5,GWO-ABE,30,2.06561279296875,310
COCOMO81,5,GWO-ABE,31,2.0657715797424316,320
COCOMO81,5,GWO-ABE,32,2.065150499343872,330
COCOMO81,5,GWO-ABE,33,2.064939498901367,340
COCOMO81,5,GWO-ABE,34,2.067941427230835,350
COCOMO81,5,GWO-ABE,35,2.065303325653076,360
COCOMO81,5,GWO-ABE,36,2.0652050971984863,370
COCOMO81,5,GWO-ABE,37,2.0649466514587402,380
COCOMO81,5,GWO-ABE,38,2.0649166107177734,390
COCOMO81,5,GWO-ABE,39,2.0648157596588135,400
COCOMO81,5,GWO-ABE,40,2.0648787021636963,410
COCOMO81,5,GWO-ABE,41,2.064882278442383,420
COCOMO81,5,GWO-ABE,42,2.0652525424957275,430
COCOMO81,5,GWO-ABE,43,2.0648882389068604,440
COCOMO81,5,GWO-ABE,44,2.0649797916412354,450
COCOMO81,5,GWO-ABE,45,2.0649828910827637,460
COCOMO81,5,GWO-ABE,46,2.0656678676605225,470
COCOMO81,5,GWO-ABE,47,2.0647945404052734,480
COCOMO81,5,GWO-ABE,48,2.0649099349975586,490
COCOMO81,5,GWO-ABE,49,2.0649209022521973,500
COCOMO81,5,GWO-ABE,50,2.0655295848846436,510
COCOMO81,5,GWO-ABE,51,2.064802408218384,520
COCOMO81,5,GWO-ABE,52,2.065070867538452,530
COCOMO81,5,GWO-ABE,53,2.06477952003479,540
COCOMO81,5,GWO-ABE,54,2.06477427482605,550
COCOMO81,5,GWO-ABE,55,2.0648348331451416,560
COCOMO81,5,GWO-ABE,56,2.0649900436401367,570
COCOMO81,5,GWO-ABE,57,2.0651845932006836,580
COCOMO81,5,GWO-ABE,58,2.0652244091033936,590
COCOMO81,5,GWO-ABE,59,2.064805746078491,600
COCOMO81,5,GWO-ABE,60,2.0649797916412354,610
COCOMO81,5,GWO-ABE,61,2.064842939376831,620
COCOMO81,5,GWO-ABE,62,2.0648112297058105,630
COCOMO81,5,GWO-ABE,63,2.065035343170166,640
COCOMO81,5,GWO-ABE,64,2.065033197402954,650
COCOMO81,5,GWO-ABE,65,2.0652105808258057,660
COCOMO81,5,GWO-ABE,66,2.0647966861724854,670
COCOMO81,5,GWO-ABE,67,2.0647940635681152,680
COCOMO81,5,GWO-ABE,68,2.06502103805542,690
COCOMO81,5,GWO-ABE,69,2.0649023056030273,700
COCOMO81,5,GWO-ABE,70,2.0647947788238525,710
COCOMO81,5,GWO-ABE,71,2.064950466156006,720
COCOMO81,5,GWO-ABE,72,2.0648655891418457,730
COCOMO81,5,GWO-ABE,73,2.064814805984497,740
COCOMO81,5,GWO-ABE,74,2.064793109893799,750
COCOMO81,5,GWO-ABE,75,2.064910411834717,760
COCOMO81,5,GWO-ABE,76,2.0649032592773438,770
COCOMO81,5,GWO-ABE,77,2.064934492111206,780
COCOMO81,5,GWO-ABE,78,2.0649447441101074,790
COCOMO81,5,GWO-ABE,79,2.0648632049560547,800
COCOMO81,5,GWO-ABE,80,2.0648577213287354,810
COCOMO81,5,GWO-ABE,81,2.064805746078491,820
COCOMO81,5,GWO-ABE,82,2.06482195854187,830
COCOMO81,5,GWO-ABE,83,2.0647993087768555,840
COCOMO81,5,GWO-ABE,84,2.064842462539673,850
COCOMO81,5,GWO-ABE,85,2.0648133754730225,860
COCOMO81,5,GWO-ABE,86,2.064861297607422,870
COCOMO81,5,GWO-ABE,87,2.064887046813965,880
COCOMO81,5,GWO-ABE,88,2.064789056777954,890
COCOMO81,5,GWO-ABE,89,2.0647709369659424,900
COCOMO81,5,GWO-ABE,90,2.06478214263916,910
COCOMO81,5,GWO-ABE,91,2.0648062229156494,920
COCOMO81,5,GWO-ABE,92,2.064906358718872,930
COCOMO81,5,GWO-ABE,93,2.064816474914551,940
COCOMO81,5,GWO-ABE,94,2.06479811668396,950
COCOMO81,5,GWO-ABE,95,2.0647695064544678,960
COCOMO81,5,GWO-ABE,96,2.064772605895996,970
COCOMO81,5,GWO-ABE,97,2.0647692680358887,980
COCOMO81,5,GWO-ABE,98,2.0647873878479004,990
COCOMO81,5,GWO-ABE,99,2.0647945404052734,1000
COCOMO81,5,WOA-ABE,0,1.5477133989334106,10
COCOMO81,5,WOA-ABE,1,1.3483511209487915,20
COCOMO81,5,WOA-ABE,2,1.3483511209487915,30
COCOMO81,5,WOA-ABE,3,1.3409576416015625,40
COCOMO81,5,WOA-ABE,4,1.3366352319717407,50
COCOMO81,5,WOA-ABE,5,1.3365833759307861,60
COCOMO81,5,WOA-ABE,6,1.3365833759307861,70
COCOMO81,5,WOA-ABE,7,1.3365833759307861,80
COCOMO81,5,WOA-ABE,8,1.3365232944488525,90
COCOMO81,5,WOA-ABE,9,1.3365134000778198,100
COCOMO81,5,WOA-ABE,10,1.336485743522644,110
COCOMO81,5,WOA-ABE,11,1.336398959159851,120
COCOMO81,5,WOA-ABE,12,1.336398959159851,130
COCOMO81,5,WOA-ABE,13,1.336398959159851,140
COCOMO81,5,WOA-ABE,14,1.336398959159851,150
COCOMO81,5,WOA-ABE,15,1.336398959159851,160
COCOMO81,5,WOA-ABE,16,1.33627450466156,170
COCOMO81,5,WOA-ABE,17,1.33627450466156,180
COCOMO81,5,WOA-ABE,18,1.33627450466156,190
COCOMO81,5,WOA-ABE,19,1.33627450466156,200
COCOMO81,5,WOA-ABE,20,1.33627450466156,210
COCOMO81,5,WOA-ABE,21,1.3362728357315063,220
COCOMO81,5,WOA-ABE,22,1.3362728357315063,230
COCOMO81,5,WOA-ABE,23,1.3362724781036377,240
COCOMO81,5,WOA-ABE,24,1.3362724781036377,250
COCOMO81,5,WOA-ABE,25,1.3362724781036377,260
COCOMO81,5,WOA-ABE,26,1.3362724781036377,270
COCOMO81,5,WOA-ABE,27,1.3362724781036377,280
COCOMO81,5,WOA-ABE,28,1.3362724781036377,290
COCOMO81,5,WOA-ABE,29,1.3362724781036377,300
COCOMO81,5,WOA-ABE,30,1.3362724781036377,310
COCOMO81,5,WOA-ABE,31,1.3362724781036377,320
COCOMO81,5,WOA-ABE,32,1.3362724781036377,330
COCOMO81,5,WOA-ABE,33,1.3362724781036377,340
COCOMO81,5,WOA-ABE,34,1.3362724781036377,350
COCOMO81,5,WOA-ABE,35,1.3362724781036377,360
COCOMO81,5,WOA-ABE,36,1.3362724781036377,370
COCOMO81,5,WOA-ABE,37,1.3362717628479004,380
COCOMO81,5,WOA-ABE,38,1.3362717628479004,390
COCOMO81,5,WOA-ABE,39,1.3362717628479004,400
COCOMO81,5,WOA-ABE,40,1.3362717628479004,410
COCOMO81,5,WOA-ABE,41,1.3362717628479004,420
COCOMO81,5,WOA-ABE,42,1.3362717628479004,430
COCOMO81,5,WOA-ABE,43,1.3362717628479004,440
COCOMO81,5,WOA-ABE,44,1.3362717628479004,450
COCOMO81,5,WOA-ABE,45,1.3362717628479004,460
COCOMO81,5,WOA-ABE,46,1.3362717628479004,470
COCOMO81,5,WOA-ABE,47,1.3362717628479004,480
COCOMO81,5,WOA-ABE,48,1.3362717628479004,490
COCOMO81,5,WOA-ABE,49,1.3362704515457153,500
COCOMO81,5,WOA-ABE,50,1.3362704515457153,510
COCOMO81,5,WOA-ABE,51,1.3362704515457153,520
COCOMO81,5,WOA-ABE,52,1.3362704515457153,530
COCOMO81,5,WOA-ABE,53,1.3362704515457153,540
COCOMO81,5,WOA-ABE,54,1.3362704515457153,550
COCOMO81,5,WOA-ABE,55,1.3362704515457153,560
COCOMO81,5,WOA-ABE,56,1.3362704515457153,570
COCOMO81,5,WOA-ABE,57,1.3362704515457153,580
COCOMO81,5,WOA-ABE,58,1.3362704515457153,590
COCOMO81,5,WOA-ABE,59,1.3362704515457153,600
COCOMO81,5,WOA-ABE,60,1.3362704515457153,610
COCOMO81,5,WOA-ABE,61,1.3362704515457153,620
COCOMO81,5,WOA-ABE,62,1.3362704515457153,630
COCOMO81,5,WOA-ABE,63,1.3362704515457153,640
COCOMO81,5,WOA-ABE,64,1.3362704515457153,650
COCOMO81,5,WOA-ABE,65,1.3362704515457153,660
COCOMO81,5,WOA-ABE,66,1.3362704515457153,670
COCOMO81,5,WOA-ABE,67,1.3362704515457153,680
COCOMO81,5,WOA-ABE,68,1.3362704515457153,690
COCOMO81,5,WOA-ABE,69,1.3362704515457153,700
COCOMO81,5,WOA-ABE,70,1.3362704515457153,710
COCOMO81,5,WOA-ABE,71,1.3362704515457153,720
COCOMO81,5,WOA-ABE,72,1.3362704515457153,730
COCOMO81,5,WOA-ABE,73,1.3362704515457153,740
COCOMO81,5,WOA-ABE,74,1.3362704515457153,750
COCOMO81,5,WOA-ABE,75,1.3362704515457153,760
COCOMO81,5,WOA-ABE,76,1.3362704515457153,770
COCOMO81,5,WOA-ABE,77,1.3362704515457153,780
COCOMO81,5,WOA-ABE,78,1.3362704515457153,790
COCOMO81,5,WOA-ABE,79,1.3362704515457153,800
COCOMO81,5,WOA-ABE,80,1.3362704515457153,810
COCOMO81,5,WOA-ABE,81,1.3362704515457153,820
COCOMO81,5,WOA-ABE,82,1.3362704515457153,830
COCOMO81,5,WOA-ABE,83,1.3362704515457153,840
COCOMO81,5,WOA-ABE,84,1.3362704515457153,850
COCOMO81,5,WOA-ABE,85,1.3362704515457153,860
COCOMO81,5,WOA-ABE,86,1.3362704515457153,870
COCOMO81,5,WOA-ABE,87,1.3362704515457153,880
COCOMO81,5,WOA-ABE,88,1.3362704515457153,890
COCOMO81,5,WOA-ABE,89,1.3362704515457153,900
COCOMO81,5,WOA-ABE,90,1.3362704515457153,910
COCOMO81,5,WOA-ABE,91,1.3362704515457153,920
COCOMO81,5,WOA-ABE,92,1.3362704515457153,930
COCOMO81,5,WOA-ABE,93,1.3362704515457153,940
COCOMO81,5,WOA-ABE,94,1.3362704515457153,950
COCOMO81,5,WOA-ABE,95,1.3362704515457153,960
COCOMO81,5,WOA-ABE,96,1.3362704515457153,970
COCOMO81,5,WOA-ABE,97,1.3362704515457153,980
COCOMO81,5,WOA-ABE,98,1.3362704515457153,990
COCOMO81,5,WOA-ABE,99,1.3362704515457153,1000
COCOMO81,5,FAABE,0,1.390134334564209,10
COCOMO81,5,FAABE,1,1.390134334564209,20
COCOMO81,5,FAABE,2,1.377100944519043,30
COCOMO81,5,FAABE,3,1.377100944519043,40
COCOMO81,5,FAABE,4,1.3641928434371948,50
COCOMO81,5,FAABE,5,1.3641928434371948,60
COCOMO81,5,FAABE,6,1.3514189720153809,70
COCOMO81,5,FAABE,7,1.3514189720153809,80
COCOMO81,5,FAABE,8,1.3484257459640503,90
COCOMO81,5,FAABE,9,1.3484257459640503,100
COCOMO81,5,FAABE,10,1.3481327295303345,110
COCOMO81,5,FAABE,11,1.3481327295303345,120
COCOMO81,5,FAABE,12,1.3445335626602173,130
COCOMO81,5,FAABE,13,1.3445335626602173,140
COCOMO81,5,FAABE,14,1.3425824642181396,150
COCOMO81,5,FAABE,15,1.3425824642181396,160
COCOMO81,5,FAABE,16,1.3375599384307861,170
COCOMO81,5,FAABE,17,1.3373578786849976,180
COCOMO81,5,FAABE,18,1.3373578786849976,190
COCOMO81,5,FAABE,19,1.3373578786849976,200
COCOMO81,5,FAABE,20,1.3373578786849976,210
COCOMO81,5,FAABE,21,1.3373578786849976,220
COCOMO81,5,FAABE,22,1.3365931510925293,230
COCOMO81,5,FAABE,23,1.3365931510925293,240
COCOMO81,5,FAABE,24,1.3365931510925293,250
COCOMO81,5,FAABE,25,1.3365931510925293,260
COCOMO81,5,FAABE,26,1.3365931510925293,270
COCOMO81,5,FAABE,27,1.3365931510925293,280
COCOMO81,5,FAABE,28,1.3365931510925293,290
COCOMO81,5,FAABE,29,1.3365931510925293,300
COCOMO81,5,FAABE,30,1.3365931510925293,310
COCOMO81,5,FAABE,31,1.3365931510925293,320
COCOMO81,5,FAABE,32,1.3365931510925293,330
COCOMO81,5,FAABE,33,1.3365931510925293,340
COCOMO81,5,FAABE,34,1.3365931510925293,350
COCOMO81,5,FAABE,35,1.3365931510925293,360
COCOMO81,5,FAABE,36,1.3365931510925293,370
COCOMO81,5,FAABE,37,1.3365931510925293,380
COCOMO81,5,FAABE,38,1.3365931510925293,390
COCOMO81,5,FAABE,39,1.3365931510925293,400
COCOMO81,5,FAABE,40,1.3365931510925293,410
COCOMO81,5,FAABE,41,1.3363419771194458,420
COCOMO81,5,FAABE,42,1.3363419771194458,430
COCOMO81,5,FAABE,43,1.3363419771194458,440
COCOMO81,5,FAABE,44,1.3363419771194458,450
COCOMO81,5,FAABE,45,1.3363419771194458,460
COCOMO81,5,FAABE,46,1.3363419771194458,470
COCOMO81,5,FAABE,47,1.3363419771194458,480
COCOMO81,5,FAABE,48,1.3363419771194458,490
COCOMO81,5,FAABE,49,1.3363419771194458,500
COCOMO81,5,FAABE,50,1.3363419771194458,510
COCOMO81,5,FAABE,51,1.3363419771194458,520
COCOMO81,5,FAABE,52,1.3363419771194458,530
COCOMO81,5,FAABE,53,1.3134148120880127,540
COCOMO81,5,FAABE,54,1.3134148120880127,550
COCOMO81,5,FAABE,55,1.3125784397125244,560
COCOMO81,5,FAABE,56,1.3125784397125244,570
COCOMO81,5,FAABE,57,1.3125784397125244,580
COCOMO81,5,FAABE,58,1.3125784397125244,590
COCOMO81,5,FAABE,59,1.3125784397125244,600
COCOMO81,5,FAABE,60,1.3125784397125244,610
COCOMO81,5,FAABE,61,1.3125784397125244,620
COCOMO81,5,FAABE,62,1.3125784397125244,630
COCOMO81,5,FAABE,63,1.3125784397125244,640
COCOMO81,5,FAABE,64,1.3125784397125244,650
COCOMO81,5,FAABE,65,1.3125784397125244,660
COCOMO81,5,FAABE,66,1.3125784397125244,670
COCOMO81,5,FAABE,67,1.3125784397125244,680
COCOMO81,5,FAABE,68,1.3125784397125244,690
COCOMO81,5,FAABE,69,1.3017550706863403,700
COCOMO81,5,FAABE,70,1.3017550706863403,710
COCOMO81,5,FAABE,71,1.3017550706863403,720
COCOMO81,5,FAABE,72,1.3017550706863403,730
COCOMO81,5,FAABE,73,1.3017550706863403,740
COCOMO81,5,FAABE,74,1.3017550706863403,750
COCOMO81,5,FAABE,75,1.3017550706863403,760
COCOMO81,5,FAABE,76,1.3017550706863403,770
COCOMO81,5,FAABE,77,1.3017550706863403,780
COCOMO81,5,FAABE,78,1.3017550706863403,790
COCOMO81,5,FAABE,79,1.3017550706863403,800
COCOMO81,5,FAABE,80,1.3017550706863403,810
COCOMO81,5,FAABE,81,1.3017550706863403,820
COCOMO81,5,FAABE,82,1.3017550706863403,830
COCOMO81,5,FAABE,83,1.3017550706863403,840
COCOMO81,5,FAABE,84,1.3017550706863403,850
COCOMO81,5,FAABE,85,1.3017550706863403,860
COCOMO81,5,FAABE,86,1.3017550706863403,870
COCOMO81,5,FAABE,87,1.3017550706863403,880
COCOMO81,5,FAABE,88,1.3017550706863403,890
COCOMO81,5,FAABE,89,1.3017550706863403,900
COCOMO81,5,FAABE,90,1.3017550706863403,910
COCOMO81,5,FAABE,91,1.3017550706863403,920
COCOMO81,5,FAABE,92,1.3017550706863403,930
COCOMO81,5,FAABE,93,1.3017550706863403,940
COCOMO81,5,FAABE,94,1.3017550706863403,950
COCOMO81,5,FAABE,95,1.3017550706863403,960
COCOMO81,5,FAABE,96,1.3017550706863403,970
COCOMO81,5,FAABE,97,1.3017550706863403,980
COCOMO81,5,FAABE,98,1.3017550706863403,990
COCOMO81,5,FAABE,99,1.3017550706863403,1000
COCOMO81,6,GA-ABE,0,1.4044344425201416,10
COCOMO81,6,GA-ABE,1,1.4044344425201416,20
COCOMO81,6,GA-ABE,2,1.3954193592071533,30
COCOMO81,6,GA-ABE,3,1.3954193592071533,40
COCOMO81,6,GA-ABE,4,1.3954193592071533,50
COCOMO81,6,GA-ABE,5,1.3954193592071533,60
COCOMO81,6,GA-ABE,6,1.3954193592071533,70
COCOMO81,6,GA-ABE,7,1.385707974433899,80
COCOMO81,6,GA-ABE,8,1.385707974433899,90
COCOMO81,6,GA-ABE,9,1.385707974433899,100
COCOMO81,6,GA-ABE,10,1.385707974433899,110
COCOMO81,6,GA-ABE,11,1.385707974433899,120
COCOMO81,6,GA-ABE,12,1.3857078552246094,130
COCOMO81,6,GA-ABE,13,1.3857078552246094,140
COCOMO81,6,GA-ABE,14,1.3857078552246094,150
COCOMO81,6,GA-ABE,15,1.3682725429534912,160
COCOMO81,6,GA-ABE,16,1.3682725429534912,170
COCOMO81,6,GA-ABE,17,1.3682725429534912,180
COCOMO81,6,GA-ABE,18,1.367677092552185,190
COCOMO81,6,GA-ABE,19,1.367677092552185,200
COCOMO81,6,GA-ABE,20,1.367677092552185,210
COCOMO81,6,GA-ABE,21,1.367677092552185,220
COCOMO81,6,GA-ABE,22,1.367677092552185,230
COCOMO81,6,GA-ABE,23,1.367677092552185,240
COCOMO81,6,GA-ABE,24,1.3676742315292358,250
COCOMO81,6,GA-ABE,25,1.3676742315292358,260
COCOMO81,6,GA-ABE,26,1.3676742315292358,270
COCOMO81,6,GA-ABE,27,1.3676742315292358,280
COCOMO81,6,GA-ABE,28,1.3676742315292358,290
COCOMO81,6,GA-ABE,29,1.3676742315292358,300
COCOMO81,6,GA-ABE,30,1.3676742315292358,310
COCOMO81,6,GA-ABE,31,1.3676742315292358,320
COCOMO81,6,GA-ABE,32,1.3676742315292358,330
COCOMO81,6,GA-ABE,33,1.3676742315292358,340
COCOMO81,6,GA-ABE,34,1.3676742315292358,350
COCOMO81,6,GA-ABE,35,1.3676742315292358,360
COCOMO81,6,GA-ABE,36,1.3676742315292358,370
COCOMO81,6,GA-ABE,37,1.3676742315292358,380
COCOMO81,6,GA-ABE,38,1.367658257484436,390
COCOMO81,6,GA-ABE,39,1.367658257484436,400
COCOMO81,6,GA-ABE,40,1.367658257484436,410
COCOMO81,6,GA-ABE,41,1.367658257484436,420
COCOMO81,6,GA-ABE,42,1.367658257484436,430
COCOMO81,6,GA-ABE,43,1.367658257484436,440
COCOMO81,6,GA-ABE,44,1.367658257484436,450
COCOMO81,6,GA-ABE,45,1.3666623830795288,460
COCOMO81,6,GA-ABE,46,1.366481065750122,470
COCOMO81,6,GA-ABE,47,1.3663151264190674,480
COCOMO81,6,GA-ABE,48,1.3663151264190674,490
COCOMO81,6,GA-ABE,49,1.3663055896759033,500
COCOMO81,6,GA-ABE,50,1.3663055896759033,510
COCOMO81,6,GA-ABE,51,1.3663055896759033,520
COCOMO81,6,GA-ABE,52,1.3663055896759033,530
COCOMO81,6,GA-ABE,53,1.3663055896759033,540
COCOMO81,6,GA-ABE,54,1.3663055896759033,550
COCOMO81,6,GA-ABE,55,1.3663055896759033,560
COCOMO81,6,GA-ABE,56,1.3663055896759033,570
COCOMO81,6,GA-ABE,57,1.3663055896759033,580
COCOMO81,6,GA-ABE,58,1.3663055896759033,590
COCOMO81,6,GA-ABE,59,1.3663055896759033,600
COCOMO81,6,GA-ABE,60,1.3663055896759033,610
COCOMO81,6,GA-ABE,61,1.3663055896759033,620
COCOMO81,6,GA-ABE,62,1.3663055896759033,630
COCOMO81,6,GA-ABE,63,1.3663055896759033,640
COCOMO81,6,GA-ABE,64,1.3663055896759033,650
COCOMO81,6,GA-ABE,65,1.3663055896759033,660
COCOMO81,6,GA-ABE,66,1.3648191690444946,670
COCOMO81,6,GA-ABE,67,1.3648191690444946,680
COCOMO81,6,GA-ABE,68,1.3648191690444946,690
COCOMO81,6,GA-ABE,69,1.3648191690444946,700
COCOMO81,6,GA-ABE,70,1.3648191690444946,710
COCOMO81,6,GA-ABE,71,1.3648191690444946,720
COCOMO81,6,GA-ABE,72,1.3648191690444946,730
COCOMO81,6,GA-ABE,73,1.3648191690444946,740
COCOMO81,6,GA-ABE,74,1.3648191690444946,750
COCOMO81,6,GA-ABE,75,1.3648191690444946,760
COCOMO81,6,GA-ABE,76,1.3648191690444946,770
COCOMO81,6,GA-ABE,77,1.3645377159118652,780
COCOMO81,6,GA-ABE,78,1.3645377159118652,790
COCOMO81,6,GA-ABE,79,1.3645377159118652,800
COCOMO81,6,GA-ABE,80,1.3645377159118652,810
COCOMO81,6,GA-ABE,81,1.3645377159118652,820
COCOMO81,6,GA-ABE,82,1.3645377159118652,830
COCOMO81,6,GA-ABE,83,1.3645377159118652,840
COCOMO81,6,GA-ABE,84,1.3645377159118652,850
COCOMO81,6,GA-ABE,85,1.3645377159118652,860
COCOMO81,6,GA-ABE,86,1.3645377159118652,870
COCOMO81,6,GA-ABE,87,1.3645377159118652,880
COCOMO81,6,GA-ABE,88,1.3645377159118652,890
COCOMO81,6,GA-ABE,89,1.3645377159118652,900
COCOMO81,6,GA-ABE,90,1.3645377159118652,910
COCOMO81,6,GA-ABE,91,1.3645377159118652,920
COCOMO81,6,GA-ABE,92,1.3645377159118652,930
COCOMO81,6,GA-ABE,93,1.3645377159118652,940
COCOMO81,6,GA-ABE,94,1.3645377159118652,950
COCOMO81,6,GA-ABE,95,1.3645377159118652,960
COCOMO81,6,GA-ABE,96,1.3645377159118652,970
COCOMO81,6,GA-ABE,97,1.3645377159118652,980
COCOMO81,6,GA-ABE,98,1.3645377159118652,990
COCOMO81,6,GA-ABE,99,1.3645377159118652,1000
COCOMO81,6,PSO-ABE,0,1.6804335117340088,10
COCOMO81,6,PSO-ABE,1,1.64144766330719,20
COCOMO81,6,PSO-ABE,2,1.6212499141693115,30
COCOMO81,6,PSO-ABE,3,1.5580488443374634,40
COCOMO81,6,PSO-ABE,4,1.5548723936080933,50
COCOMO81,6,PSO-ABE,5,1.5548723936080933,60
COCOMO81,6,PSO-ABE,6,1.5548723936080933,70
COCOMO81,6,PSO-ABE,7,1.48691987991333,80
COCOMO81,6,PSO-ABE,8,1.48691987991333,90
COCOMO81,6,PSO-ABE,9,1.4851481914520264,100
COCOMO81,6,PSO-ABE,10,1.4851481914520264,110
COCOMO81,6,PSO-ABE,11,1.4851481914520264,120
COCOMO81,6,PSO-ABE,12,1.4851481914520264,130
COCOMO81,6,PSO-ABE,13,1.4851481914520264,140
COCOMO81,6,PSO-ABE,14,1.4851481914520264,150
COCOMO81,6,PSO-ABE,15,1.4851481914520264,160
COCOMO81,6,PSO-ABE,16,1.4851481914520264,170
COCOMO81,6,PSO-ABE,17,1.4844944477081299,180
COCOMO81,6,PSO-ABE,18,1.4844944477081299,190
COCOMO81,6,PSO-ABE,19,1.4844944477081299,200
COCOMO81,6,PSO-ABE,20,1.4844944477081299,210
COCOMO81,6,PSO-ABE,21,1.4844944477081299,220
COCOMO81,6,PSO-ABE,22,1.4844944477081299,230
COCOMO81,6,PSO-ABE,23,1.4844008684158325,240
COCOMO81,6,PSO-ABE,24,1.4824000597000122,250
COCOMO81,6,PSO-ABE,25,1.4824000597000122,260
COCOMO81,6,PSO-ABE,26,1.4824000597000122,270
COCOMO81,6,PSO-ABE,27,1.4824000597000122,280
COCOMO81,6,PSO-ABE,28,1.4821916818618774,290
COCOMO81,6,PSO-ABE,29,1.4821821451187134,300
COCOMO81,6,PSO-ABE,30,1.4821821451187134,310
COCOMO81,6,PSO-ABE,31,1.4821821451187134,320
COCOMO81,6,PSO-ABE,32,1.4821821451187134,330
COCOMO81,6,PSO-ABE,33,1.4821821451187134,340
COCOMO81,6,PSO-ABE,34,1.4821821451187134,350
COCOMO81,6,PSO-ABE,35,1.4821821451187134,360
COCOMO81,6,PSO-ABE,36,1.4821821451187134,370
COCOMO81,6,PSO-ABE,37,1.4821821451187134,380
COCOMO81,6,PSO-ABE,38,1.4821821451187134,390
COCOMO81,6,PSO-ABE,39,1.4821598529815674,400
COCOMO81,6,PSO-ABE,40,1.4821598529815674,410
COCOMO81,6,PSO-ABE,41,1.4821598529815674,420
COCOMO81,6,PSO-ABE,42,1.4821598529815674,430
COCOMO81,6,PSO-ABE,43,1.4821598529815674,440
COCOMO81,6,PSO-ABE,44,1.4818087816238403,450
COCOMO81,6,PSO-ABE,45,1.4818087816238403,460
COCOMO81,6,PSO-ABE,46,1.4818087816238403,470
COCOMO81,6,PSO-ABE,47,1.4818087816238403,480
COCOMO81,6,PSO-ABE,48,1.4818087816238403,490
COCOMO81,6,PSO-ABE,49,1.4818087816238403,500
COCOMO81,6,PSO-ABE,50,1.4818087816238403,510
COCOMO81,6,PSO-ABE,51,1.4818087816238403,520
COCOMO81,6,PSO-ABE,52,1.4818087816238403,530
COCOMO81,6,PSO-ABE,53,1.4818087816238403,540
COCOMO81,6,PSO-ABE,54,1.4818087816238403,550
COCOMO81,6,PSO-ABE,55,1.4818087816238403,560
COCOMO81,6,PSO-ABE,56,1.4818087816238403,570
COCOMO81,6,PSO-ABE,57,1.4818087816238403,580
COCOMO81,6,PSO-ABE,58,1.4818087816238403,590
COCOMO81,6,PSO-ABE,59,1.4818087816238403,600
COCOMO81,6,PSO-ABE,60,1.4818087816238403,610
COCOMO81,6,PSO-ABE,61,1.4818087816238403,620
COCOMO81,6,PSO-ABE,62,1.4817911386489868,630
COCOMO81,6,PSO-ABE,63,1.4817911386489868,640
COCOMO81,6,PSO-ABE,64,1.4817911386489868,650
COCOMO81,6,PSO-ABE,65,1.4817516803741455,660
COCOMO81,6,PSO-ABE,66,1.481540322303772,670
COCOMO81,6,PSO-ABE,67,1.4813834428787231,680
COCOMO81,6,PSO-ABE,68,1.4812678098678589,690
COCOMO81,6,PSO-ABE,69,1.4811826944351196,700
COCOMO81,6,PSO-ABE,70,1.4811205863952637,710
COCOMO81,6,PSO-ABE,71,1.4811205863952637,720
COCOMO81,6,PSO-ABE,72,1.4810335636138916,730
COCOMO81,6,PSO-ABE,73,1.4810335636138916,740
COCOMO81,6,PSO-ABE,74,1.4810335636138916,750
COCOMO81,6,PSO-ABE,75,1.4809256792068481,760
COCOMO81,6,PSO-ABE,76,1.4809256792068481,770
COCOMO81,6,PSO-ABE,77,1.4809256792068481,780
COCOMO81,6,PSO-ABE,78,1.4809256792068481,790
COCOMO81,6,PSO-ABE,79,1.4809256792068481,800
COCOMO81,6,PSO-ABE,80,1.4809256792068481,810
COCOMO81,6,PSO-ABE,81,1.4809256792068481,820
COCOMO81,6,PSO-ABE,82,1.4809256792068481,830
COCOMO81,6,PSO-ABE,83,1.4809256792068481,840
COCOMO81,6,PSO-ABE,84,1.4809256792068481,850
COCOMO81,6,PSO-ABE,85,1.4809256792068481,860
COCOMO81,6,PSO-ABE,86,1.4809256792068481,870
COCOMO81,6,PSO-ABE,87,1.4809256792068481,880
COCOMO81,6,PSO-ABE,88,1.4809256792068481,890
COCOMO81,6,PSO-ABE,89,1.480923056602478,900
COCOMO81,6,PSO-ABE,90,1.480923056602478,910
COCOMO81,6,PSO-ABE,91,1.4809216260910034,920
COCOMO81,6,PSO-ABE,92,1.4809216260910034,930
COCOMO81,6,PSO-ABE,93,1.4809216260910034,940
COCOMO81,6,PSO-ABE,94,1.4809216260910034,950
COCOMO81,6,PSO-ABE,95,1.4809117317199707,960
COCOMO81,6,PSO-ABE,96,1.4809117317199707,970
COCOMO81,6,PSO-ABE,97,1.4809117317199707,980
COCOMO81,6,PSO-ABE,98,1.4809117317199707,990
COCOMO81,6,PSO-ABE,99,1.4809117317199707,1000
COCOMO81,6,DE-ABE,0,1.3938237428665161,10
COCOMO81,6,DE-ABE,1,1.3938237428665161,20
COCOMO81,6,DE-ABE,2,1.3938237428665161,30
COCOMO81,6,DE-ABE,3,1.384149432182312,40
COCOMO81,6,DE-ABE,4,1.384149432182312,50
COCOMO81,6,DE-ABE,5,1.384149432182312,60
COCOMO81,6,DE-ABE,6,1.384149432182312,70
COCOMO81,6,DE-ABE,7,1.384149432182312,80
COCOMO81,6,DE-ABE,8,1.384149432182312,90
COCOMO81,6,DE-ABE,9,1.384149432182312,100
COCOMO81,6,DE-ABE,10,1.384149432182312,110
COCOMO81,6,DE-ABE,11,1.384149432182312,120
COCOMO81,6,DE-ABE,12,1.384149432182312,130
COCOMO81,6,DE-ABE,13,1.384149432182312,140
COCOMO81,6,DE-ABE,14,1.384149432182312,150
COCOMO81,6,DE-ABE,15,1.384149432182312,160
COCOMO81,6,DE-ABE,16,1.384149432182312,170
COCOMO81,6,DE-ABE,17,1.384149432182312,180
COCOMO81,6,DE-ABE,18,1.384149432182312,190
COCOMO81,6,DE-ABE,19,1.384149432182312,200
COCOMO81,6,DE-ABE,20,1.384116768836975,210
COCOMO81,6,DE-ABE,21,1.3716522455215454,220
COCOMO81,6,DE-ABE,22,1.3693909645080566,230
COCOMO81,6,DE-ABE,23,1.3671966791152954,240
COCOMO81,6,DE-ABE,24,1.3671966791152954,250
COCOMO81,6,DE-ABE,25,1.3671966791152954,260
COCOMO81,6,DE-ABE,26,1.3671966791152954,270
COCOMO81,6,DE-ABE,27,1.3669638633728027,280
COCOMO81,6,DE-ABE,28,1.3669638633728027,290
COCOMO81,6,DE-ABE,29,1.3664193153381348,300
COCOMO81,6,DE-ABE,30,1.3657852411270142,310
COCOMO81,6,DE-ABE,31,1.3657852411270142,320
COCOMO81,6,DE-ABE,32,1.3657852411270142,330
COCOMO81,6,DE-ABE,33,1.3657852411270142,340
COCOMO81,6,DE-ABE,34,1.3657852411270142,350
COCOMO81,6,DE-ABE,35,1.3657852411270142,360
COCOMO81,6,DE-ABE,36,1.3657852411270142,370
COCOMO81,6,DE-ABE,37,1.3650141954421997,380
COCOMO81,6,DE-ABE,38,1.3650141954421997,390
COCOMO81,6,DE-ABE,39,1.3650141954421997,400
COCOMO81,6,DE-ABE,40,1.3650141954421997,410
COCOMO81,6,DE-ABE,41,1.364996314048767,420
COCOMO81,6,DE-ABE,42,1.364996314048767,430
COCOMO81,6,DE-ABE,43,1.364896535873413,440
COCOMO81,6,DE-ABE,44,1.364896535873413,450
COCOMO81,6,DE-ABE,45,1.3647550344467163,460
COCOMO81,6,DE-ABE,46,1.3647267818450928,470
COCOMO81,6,DE-ABE,47,1.3646914958953857,480
COCOMO81,6,DE-ABE,48,1.364686131477356,490
COCOMO81,6,DE-ABE,49,1.364686131477356,500
COCOMO81,6,DE-ABE,50,1.36466383934021,510
COCOMO81,6,DE-ABE,51,1.3646471500396729,520
COCOMO81,6,DE-ABE,52,1.3646466732025146,530
COCOMO81,6,DE-ABE,53,1.3646377325057983,540
COCOMO81,6,DE-ABE,54,1.36461341381073,550
COCOMO81,6,DE-ABE,55,1.3646067380905151,560
COCOMO81,6,DE-ABE,56,1.3645784854888916,570
COCOMO81,6,DE-ABE,57,1.3645784854888916,580
COCOMO81,6,DE-ABE,58,1.3645784854888916,590
COCOMO81,6,DE-ABE,59,1.3645784854888916,600
COCOMO81,6,DE-ABE,60,1.3645671606063843,610
COCOMO81,6,DE-ABE,61,1.3645671606063843,620
COCOMO81,6,DE-ABE,62,1.3645542860031128,630
COCOMO81,6,DE-ABE,63,1.3645517826080322,640
COCOMO81,6,DE-ABE,64,1.3645426034927368,650
COCOMO81,6,DE-ABE,65,1.3645398616790771,660
COCOMO81,6,DE-ABE,66,1.3645092248916626,670
COCOMO81,6,DE-ABE,67,1.3644953966140747,680
COCOMO81,6,DE-ABE,68,1.3644897937774658,690
COCOMO81,6,DE-ABE,69,1.3644704818725586,700
COCOMO81,6,DE-ABE,70,1.3644704818725586,710
COCOMO81,6,DE-ABE,71,1.364467978477478,720
COCOMO81,6,DE-ABE,72,1.364467978477478,730
COCOMO81,6,DE-ABE,73,1.3644641637802124,740
COCOMO81,6,DE-ABE,74,1.3644633293151855,750
COCOMO81,6,DE-ABE,75,1.3644613027572632,760
COCOMO81,6,DE-ABE,76,1.3644613027572632,770
COCOMO81,6,DE-ABE,77,1.3644611835479736,780
COCOMO81,6,DE-ABE,78,1.3644602298736572,790
COCOMO81,6,DE-ABE,79,1.3644590377807617,800
COCOMO81,6,DE-ABE,80,1.3644590377807617,810
COCOMO81,6,DE-ABE,81,1.3644548654556274,820
COCOMO81,6,DE-ABE,82,1.3644543886184692,830
COCOMO81,6,DE-ABE,83,1.3644543886184692,840
COCOMO81,6,DE-ABE,84,1.3644543886184692,850
COCOMO81,6,DE-ABE,85,1.3644533157348633,860
COCOMO81,6,DE-ABE,86,1.3644533157348633,870
COCOMO81,6,DE-ABE,87,1.3644533157348633,880
COCOMO81,6,DE-ABE,88,1.3644531965255737,890
COCOMO81,6,DE-ABE,89,1.3644531965255737,900
COCOMO81,6,DE-ABE,90,1.3644531965255737,910
COCOMO81,6,DE-ABE,91,1.364452838897705,920
COCOMO81,6,DE-ABE,92,1.3644527196884155,930
COCOMO81,6,DE-ABE,93,1.3644527196884155,940
COCOMO81,6,DE-ABE,94,1.3644527196884155,950
COCOMO81,6,DE-ABE,95,1.3644527196884155,960
COCOMO81,6,DE-ABE,96,1.3644527196884155,970
COCOMO81,6,DE-ABE,97,1.3644527196884155,980
COCOMO81,6,DE-ABE,98,1.3644527196884155,990
COCOMO81,6,DE-ABE,99,1.3644527196884155,1000
COCOMO81,6,GWO-ABE,0,1.3683850765228271,10
COCOMO81,6,GWO-ABE,1,1.790135383605957,20
COCOMO81,6,GWO-ABE,2,1.4156121015548706,30
COCOMO81,6,GWO-ABE,3,1.6497138738632202,40
COCOMO81,6,GWO-ABE,4,1.5823451280593872,50
COCOMO81,6,GWO-ABE,5,1.5550780296325684,60
COCOMO81,6,GWO-ABE,6,1.555555820465088,70
COCOMO81,6,GWO-ABE,7,1.5511106252670288,80
COCOMO81,6,GWO-ABE,8,1.5486276149749756,90
COCOMO81,6,GWO-ABE,9,1.55458664894104,100
COCOMO81,6,GWO-ABE,10,1.551204800605774,110
COCOMO81,6,GWO-ABE,11,1.4858726263046265,120
COCOMO81,6,GWO-ABE,12,1.4815739393234253,130
COCOMO81,6,GWO-ABE,13,1.551364541053772,140
COCOMO81,6,GWO-ABE,14,1.552922248840332,150
COCOMO81,6,GWO-ABE,15,1.5495781898498535,160
COCOMO81,6,GWO-ABE,16,1.4834554195404053,170
COCOMO81,6,GWO-ABE,17,1.4843770265579224,180
COCOMO81,6,GWO-ABE,18,1.5479732751846313,190
COCOMO81,6,GWO-ABE,19,1.4846850633621216,200
COCOMO81,6,GWO-ABE,20,1.5432645082473755,210
COCOMO81,6,GWO-ABE,21,1.475824236869812,220
COCOMO81,6,GWO-ABE,22,1.4745447635650635,230
COCOMO81,6,GWO-ABE,23,1.5330859422683716,240
COCOMO81,6,GWO-ABE,24,1.539458990097046,250
COCOMO81,6,GWO-ABE,25,1.4780211448669434,260
COCOMO81,6,GWO-ABE,26,1.4703598022460938,270
COCOMO81,6,GWO-ABE,27,1.534895896911621,280
COCOMO81,6,GWO-ABE,28,1.4697810411453247,290
COCOMO81,6,GWO-ABE,29,1.5341750383377075,300
COCOMO81,6,GWO-ABE,30,1.4801664352416992,310
COCOMO81,6,GWO-ABE,31,1.4689946174621582,320
COCOMO81,6,GWO-ABE,32,1.5336624383926392,330
COCOMO81,6,GWO-ABE,33,1.5288465023040771,340
COCOMO81,6,GWO-ABE,34,1.5314104557037354,350
COCOMO81,6,GWO-ABE,35,1.5310242176055908,360
COCOMO81,6,GWO-ABE,36,1.5210813283920288,370
COCOMO81,6,GWO-ABE,37,1.4609079360961914,380
COCOMO81,6,GWO-ABE,38,1.5177078247070312,390
COCOMO81,6,GWO-ABE,39,1.5298267602920532,400
COCOMO81,6,GWO-ABE,40,1.528999924659729,410
COCOMO81,6,GWO-ABE,41,1.526962399482727,420
COCOMO81,6,GWO-ABE,42,1.455163598060608,430
COCOMO81,6,GWO-ABE,43,1.5210497379302979,440
COCOMO81,6,GWO-ABE,44,1.4584174156188965,450
COCOMO81,6,GWO-ABE,45,1.4563424587249756,460
COCOMO81,6,GWO-ABE,46,1.5278375148773193,470
COCOMO81,6,GWO-ABE,47,1.4605298042297363,480
COCOMO81,6,GWO-ABE,48,1.4646236896514893,490
COCOMO81,6,GWO-ABE,49,1.4590903520584106,500
COCOMO81,6,GWO-ABE,50,1.4611361026763916,510
COCOMO81,6,GWO-ABE,51,1.52435302734375,520
COCOMO81,6,GWO-ABE,52,1.534155249595642,530
COCOMO81,6,GWO-ABE,53,1.5231503248214722,540
COCOMO81,6,GWO-ABE,54,1.5241014957427979,550
COCOMO81,6,GWO-ABE,55,1.5306693315505981,560
COCOMO81,6,GWO-ABE,56,1.4598864316940308,570
COCOMO81,6,GWO-ABE,57,1.467975378036499,580
COCOMO81,6,GWO-ABE,58,1.4667909145355225,590
COCOMO81,6,GWO-ABE,59,1.460506796836853,600
COCOMO81,6,GWO-ABE,60,1.4669499397277832,610
COCOMO81,6,GWO-ABE,61,1.4604347944259644,620
COCOMO81,6,GWO-ABE,62,1.4616115093231201,630
COCOMO81,6,GWO-ABE,63,1.5306600332260132,640
COCOMO81,6,GWO-ABE,64,1.46979558467865,650
COCOMO81,6,GWO-ABE,65,1.4742815494537354,660
COCOMO81,6,GWO-ABE,66,1.5350837707519531,670
COCOMO81,6,GWO-ABE,67,1.4666972160339355,680
COCOMO81,6,GWO-ABE,68,1.4647114276885986,690
COCOMO81,6,GWO-ABE,69,1.4674309492111206,700
COCOMO81,6,GWO-ABE,70,1.4681566953659058,710
COCOMO81,6,GWO-ABE,71,1.4689586162567139,720
COCOMO81,6,GWO-ABE,72,1.4674391746520996,730
COCOMO81,6,GWO-ABE,73,1.4692977666854858,740
COCOMO81,6,GWO-ABE,74,1.466469645500183,750
COCOMO81,6,GWO-ABE,75,1.4693374633789062,760
COCOMO81,6,GWO-ABE,76,1.4693371057510376,770
COCOMO81,6,GWO-ABE,77,1.46755051612854,780
COCOMO81,6,GWO-ABE,78,1.4691323041915894,790
COCOMO81,6,GWO-ABE,79,1.4675214290618896,800
COCOMO81,6,GWO-ABE,80,1.5382187366485596,810
COCOMO81,6,GWO-ABE,81,1.5381368398666382,820
COCOMO81,6,GWO-ABE,82,1.4797282218933105,830
COCOMO81,6,GWO-ABE,83,1.467961311340332,840
COCOMO81,6,GWO-ABE,84,1.4669288396835327,850
COCOMO81,6,GWO-ABE,85,1.4668577909469604,860
COCOMO81,6,GWO-ABE,86,1.4666200876235962,870
COCOMO81,6,GWO-ABE,87,1.4651579856872559,880
COCOMO81,6,GWO-ABE,88,1.4657466411590576,890
COCOMO81,6,GWO-ABE,89,1.465039849281311,900
COCOMO81,6,GWO-ABE,90,1.4639692306518555,910
COCOMO81,6,GWO-ABE,91,1.4642438888549805,920
COCOMO81,6,GWO-ABE,92,1.4646011590957642,930
COCOMO81,6,GWO-ABE,93,1.46648108959198,940
COCOMO81,6,GWO-ABE,94,1.466256856918335,950
COCOMO81,6,GWO-ABE,95,1.4641610383987427,960
COCOMO81,6,GWO-ABE,96,1.4647914171218872,970
COCOMO81,6,GWO-ABE,97,1.4660125970840454,980
COCOMO81,6,GWO-ABE,98,1.4645936489105225,990
COCOMO81,6,GWO-ABE,99,1.4661424160003662,1000
COCOMO81,6,WOA-ABE,0,1.6267457008361816,10
COCOMO81,6,WOA-ABE,1,1.5611926317214966,20
COCOMO81,6,WOA-ABE,2,1.5028488636016846,30
COCOMO81,6,WOA-ABE,3,1.5028488636016846,40
COCOMO81,6,WOA-ABE,4,1.4794374704360962,50
COCOMO81,6,WOA-ABE,5,1.329236626625061,60
COCOMO81,6,WOA-ABE,6,1.329236626625061,70
COCOMO81,6,WOA-ABE,7,1.329236626625061,80
COCOMO81,6,WOA-ABE,8,1.329236626625061,90
COCOMO81,6,WOA-ABE,9,1.329236626625061,100
COCOMO81,6,WOA-ABE,10,1.329236626625061,110
COCOMO81,6,WOA-ABE,11,1.329236626625061,120
COCOMO81,6,WOA-ABE,12,1.3292138576507568,130
COCOMO81,6,WOA-ABE,13,1.3291387557983398,140
COCOMO81,6,WOA-ABE,14,1.3230701684951782,150
COCOMO81,6,WOA-ABE,15,1.3197215795516968,160
COCOMO81,6,WOA-ABE,16,1.3191120624542236,170
COCOMO81,6,WOA-ABE,17,1.3190749883651733,180
COCOMO81,6,WOA-ABE,18,1.3190749883651733,190
COCOMO81,6,WOA-ABE,19,1.3190749883651733,200
COCOMO81,6,WOA-ABE,20,1.3190747499465942,210
COCOMO81,6,WOA-ABE,21,1.3190747499465942,220
COCOMO81,6,WOA-ABE,22,1.3190747499465942,230
COCOMO81,6,WOA-ABE,23,1.3190747499465942,240
COCOMO81,6,WOA-ABE,24,1.3190747499465942,250
COCOMO81,6,WOA-ABE,25,1.3190643787384033,260
COCOMO81,6,WOA-ABE,26,1.3190643787384033,270
COCOMO81,6,WOA-ABE,27,1.3190643787384033,280
COCOMO81,6,WOA-ABE,28,1.3190643787384033,290
COCOMO81,6,WOA-ABE,29,1.3190630674362183,300
COCOMO81,6,WOA-ABE,30,1.3190630674362183,310
COCOMO81,6,WOA-ABE,31,1.3190630674362183,320
COCOMO81,6,WOA-ABE,32,1.3190630674362183,330
COCOMO81,6,WOA-ABE,33,1.3190630674362183,340
COCOMO81,6,WOA-ABE,34,1.3190621137619019,350
COCOMO81,6,WOA-ABE,35,1.319055199623108,360
COCOMO81,6,WOA-ABE,36,1.319055199623108,370
COCOMO81,6,WOA-ABE,37,1.319055199623108,380
COCOMO81,6,WOA-ABE,38,1.319055199623108,390
COCOMO81,6,WOA-ABE,39,1.319055199623108,400
COCOMO81,6,WOA-ABE,40,1.319055199623108,410
COCOMO81,6,WOA-ABE,41,1.319055199623108,420
COCOMO81,6,WOA-ABE,42,1.319055199623108,430
COCOMO81,6,WOA-ABE,43,1.319055199623108,440
COCOMO81,6,WOA-ABE,44,1.319055199623108,450
COCOMO81,6,WOA-ABE,45,1.319055199623108,460
COCOMO81,6,WOA-ABE,46,1.319055199623108,470
COCOMO81,6,WOA-ABE,47,1.319055199623108,480
COCOMO81,6,WOA-ABE,48,1.319055199623108,490
COCOMO81,6,WOA-ABE,49,1.319055199623108,500
COCOMO81,6,WOA-ABE,50,1.319055199623108,510
COCOMO81,6,WOA-ABE,51,1.3190497159957886,520
COCOMO81,6,WOA-ABE,52,1.3190478086471558,530
COCOMO81,6,WOA-ABE,53,1.3190478086471558,540
COCOMO81,6,WOA-ABE,54,1.3190478086471558,550
COCOMO81,6,WOA-ABE,55,1.3190478086471558,560
COCOMO81,6,WOA-ABE,56,1.3190478086471558,570
COCOMO81,6,WOA-ABE,57,1.3190464973449707,580
COCOMO81,6,WOA-ABE,58,1.3190464973449707,590
COCOMO81,6,WOA-ABE,59,1.3190464973449707,600
COCOMO81,6,WOA-ABE,60,1.3190464973449707,610
COCOMO81,6,WOA-ABE,61,1.3190464973449707,620
COCOMO81,6,WOA-ABE,62,1.3190464973449707,630
COCOMO81,6,WOA-ABE,63,1.3190464973449707,640
COCOMO81,6,WOA-ABE,64,1.3190464973449707,650
COCOMO81,6,WOA-ABE,65,1.3190464973449707,660
COCOMO81,6,WOA-ABE,66,1.3190464973449707,670
COCOMO81,6,WOA-ABE,67,1.319020390510559,680
COCOMO81,6,WOA-ABE,68,1.319020390510559,690
COCOMO81,6,WOA-ABE,69,1.318885326385498,700
COCOMO81,6,WOA-ABE,70,1.3188295364379883,710
COCOMO81,6,WOA-ABE,71,1.3188295364379883,720
COCOMO81,6,WOA-ABE,72,1.3188295364379883,730
COCOMO81,6,WOA-ABE,73,1.3188295364379883,740
COCOMO81,6,WOA-ABE,74,1.3187931776046753,750
COCOMO81,6,WOA-ABE,75,1.318780541419983,760
COCOMO81,6,WOA-ABE,76,1.3187804222106934,770
COCOMO81,6,WOA-ABE,77,1.3187804222106934,780
COCOMO81,6,WOA-ABE,78,1.3187724351882935,790
COCOMO81,6,WOA-ABE,79,1.3187724351882935,800
COCOMO81,6,WOA-ABE,80,1.3187711238861084,810
COCOMO81,6,WOA-ABE,81,1.3187711238861084,820
COCOMO81,6,WOA-ABE,82,1.3187711238861084,830
COCOMO81,6,WOA-ABE,83,1.3187628984451294,840
COCOMO81,6,WOA-ABE,84,1.3187628984451294,850
COCOMO81,6,WOA-ABE,85,1.3187628984451294,860
COCOMO81,6,WOA-ABE,86,1.3187628984451294,870
COCOMO81,6,WOA-ABE,87,1.3187628984451294,880
COCOMO81,6,WOA-ABE,88,1.3187628984451294,890
COCOMO81,6,WOA-ABE,89,1.3187592029571533,900
COCOMO81,6,WOA-ABE,90,1.3187575340270996,910
COCOMO81,6,WOA-ABE,91,1.3187575340270996,920
COCOMO81,6,WOA-ABE,92,1.3187495470046997,930
COCOMO81,6,WOA-ABE,93,1.3187494277954102,940
COCOMO81,6,WOA-ABE,94,1.318745732307434,950
COCOMO81,6,WOA-ABE,95,1.3187439441680908,960
COCOMO81,6,WOA-ABE,96,1.3187386989593506,970
COCOMO81,6,WOA-ABE,97,1.3187386989593506,980
COCOMO81,6,WOA-ABE,98,1.3187386989593506,990
COCOMO81,6,WOA-ABE,99,1.3187386989593506,1000
COCOMO81,6,FAABE,0,1.9059135913848877,10
COCOMO81,6,FAABE,1,1.9059135913848877,20
COCOMO81,6,FAABE,2,1.6262794733047485,30
COCOMO81,6,FAABE,3,1.6262794733047485,40
COCOMO81,6,FAABE,4,1.5578464269638062,50
COCOMO81,6,FAABE,5,1.5578464269638062,60
COCOMO81,6,FAABE,6,1.5578464269638062,70
COCOMO81,6,FAABE,7,1.5578464269638062,80
COCOMO81,6,FAABE,8,1.556512713432312,90
COCOMO81,6,FAABE,9,1.556512713432312,100
COCOMO81,6,FAABE,10,1.5541484355926514,110
COCOMO81,6,FAABE,11,1.5541484355926514,120
COCOMO81,6,FAABE,12,1.5541484355926514,130
COCOMO81,6,FAABE,13,1.5541484355926514,140
COCOMO81,6,FAABE,14,1.5541484355926514,150
COCOMO81,6,FAABE,15,1.5541484355926514,160
COCOMO81,6,FAABE,16,1.5541484355926514,170
COCOMO81,6,FAABE,17,1.5541484355926514,180
COCOMO81,6,FAABE,18,1.5541484355926514,190
COCOMO81,6,FAABE,19,1.5541484355926514,200
COCOMO81,6,FAABE,20,1.5541484355926514,210
COCOMO81,6,FAABE,21,1.5541484355926514,220
COCOMO81,6,FAABE,22,1.5541484355926514,230
COCOMO81,6,FAABE,23,1.5541484355926514,240
COCOMO81,6,FAABE,24,1.5541484355926514,250
COCOMO81,6,FAABE,25,1.5541484355926514,260
COCOMO81,6,FAABE,26,1.5541484355926514,270
COCOMO81,6,FAABE,27,1.5541484355926514,280
COCOMO81,6,FAABE,28,1.5541484355926514,290
COCOMO81,6,FAABE,29,1.5541484355926514,300
COCOMO81,6,FAABE,30,1.5541484355926514,310
COCOMO81,6,FAABE,31,1.543980598449707,320
COCOMO81,6,FAABE,32,1.543980598449707,330
COCOMO81,6,FAABE,33,1.543980598449707,340
COCOMO81,6,FAABE,34,1.543980598449707,350
COCOMO81,6,FAABE,35,1.543980598449707,360
COCOMO81,6,FAABE,36,1.543980598449707,370
COCOMO81,6,FAABE,37,1.543980598449707,380
COCOMO81,6,FAABE,38,1.543980598449707,390
COCOMO81,6,FAABE,39,1.543980598449707,400
COCOMO81,6,FAABE,40,1.543980598449707,410
COCOMO81,6,FAABE,41,1.543980598449707,420
COCOMO81,6,FAABE,42,1.543980598449707,430
COCOMO81,6,FAABE,43,1.543980598449707,440
COCOMO81,6,FAABE,44,1.4839110374450684,450
COCOMO81,6,FAABE,45,1.4839110374450684,460
COCOMO81,6,FAABE,46,1.4839110374450684,470
COCOMO81,6,FAABE,47,1.4839110374450684,480
COCOMO81,6,FAABE,48,1.4839110374450684,490
COCOMO81,6,FAABE,49,1.4839110374450684,500
COCOMO81,6,FAABE,50,1.4839110374450684,510
COCOMO81,6,FAABE,51,1.4839110374450684,520
COCOMO81,6,FAABE,52,1.4839110374450684,530
COCOMO81,6,FAABE,53,1.4839110374450684,540
COCOMO81,6,FAABE,54,1.4839110374450684,550
COCOMO81,6,FAABE,55,1.4839110374450684,560
COCOMO81,6,FAABE,56,1.4839110374450684,570
COCOMO81,6,FAABE,57,1.4839110374450684,580
COCOMO81,6,FAABE,58,1.4839110374450684,590
COCOMO81,6,FAABE,59,1.4839110374450684,600
COCOMO81,6,FAABE,60,1.4839110374450684,610
COCOMO81,6,FAABE,61,1.4839110374450684,620
COCOMO81,6,FAABE,62,1.4839110374450684,630
COCOMO81,6,FAABE,63,1.4839110374450684,640
COCOMO81,6,FAABE,64,1.4839110374450684,650
COCOMO81,6,FAABE,65,1.4839110374450684,660
COCOMO81,6,FAABE,66,1.4839110374450684,670
COCOMO81,6,FAABE,67,1.4839110374450684,680
COCOMO81,6,FAABE,68,1.4839110374450684,690
COCOMO81,6,FAABE,69,1.4839110374450684,700
COCOMO81,6,FAABE,70,1.4839110374450684,710
COCOMO81,6,FAABE,71,1.4839110374450684,720
COCOMO81,6,FAABE,72,1.4839110374450684,730
COCOMO81,6,FAABE,73,1.4839110374450684,740
COCOMO81,6,FAABE,74,1.4839110374450684,750
COCOMO81,6,FAABE,75,1.4839110374450684,760
COCOMO81,6,FAABE,76,1.4839110374450684,770
COCOMO81,6,FAABE,77,1.4839110374450684,780
COCOMO81,6,FAABE,78,1.4839110374450684,790
COCOMO81,6,FAABE,79,1.4839110374450684,800
COCOMO81,6,FAABE,80,1.4839110374450684,810
COCOMO81,6,FAABE,81,1.4839110374450684,820
COCOMO81,6,FAABE,82,1.4839110374450684,830
COCOMO81,6,FAABE,83,1.4839110374450684,840
COCOMO81,6,FAABE,84,1.4839110374450684,850
COCOMO81,6,FAABE,85,1.4839110374450684,860
COCOMO81,6,FAABE,86,1.4839110374450684,870
COCOMO81,6,FAABE,87,1.4839110374450684,880
COCOMO81,6,FAABE,88,1.4839110374450684,890
COCOMO81,6,FAABE,89,1.4839110374450684,900
COCOMO81,6,FAABE,90,1.4839110374450684,910
COCOMO81,6,FAABE,91,1.4839110374450684,920
COCOMO81,6,FAABE,92,1.4839110374450684,930
COCOMO81,6,FAABE,93,1.4839110374450684,940
COCOMO81,6,FAABE,94,1.4839110374450684,950
COCOMO81,6,FAABE,95,1.4839110374450684,960
COCOMO81,6,FAABE,96,1.4839110374450684,970
COCOMO81,6,FAABE,97,1.4839110374450684,980
COCOMO81,6,FAABE,98,1.4839110374450684,990
COCOMO81,6,FAABE,99,1.4839110374450684,1000
COCOMO81,7,GA-ABE,0,1.6061666011810303,10
COCOMO81,7,GA-ABE,1,1.6055880784988403,20
COCOMO81,7,GA-ABE,2,1.6055880784988403,30
COCOMO81,7,GA-ABE,3,1.6046699285507202,40
COCOMO81,7,GA-ABE,4,1.6046699285507202,50
COCOMO81,7,GA-ABE,5,1.6046699285507202,60
COCOMO81,7,GA-ABE,6,1.6046699285507202,70
COCOMO81,7,GA-ABE,7,1.6036878824234009,80
COCOMO81,7,GA-ABE,8,1.6036878824234009,90
COCOMO81,7,GA-ABE,9,1.6036878824234009,100
COCOMO81,7,GA-ABE,10,1.6026769876480103,110
COCOMO81,7,GA-ABE,11,1.6026769876480103,120
COCOMO81,7,GA-ABE,12,1.6026769876480103,130
COCOMO81,7,GA-ABE,13,1.601657748222351,140
COCOMO81,7,GA-ABE,14,1.6013026237487793,150
COCOMO81,7,GA-ABE,15,1.6013026237487793,160
COCOMO81,7,GA-ABE,16,1.5750123262405396,170
COCOMO81,7,GA-ABE,17,1.5750123262405396,180
COCOMO81,7,GA-ABE,18,1.5326699018478394,190
COCOMO81,7,GA-ABE,19,1.5320303440093994,200
COCOMO81,7,GA-ABE,20,1.5320303440093994,210
COCOMO81,7,GA-ABE,21,1.5320303440093994,220
COCOMO81,7,GA-ABE,22,1.5316466093063354,230
COCOMO81,7,GA-ABE,23,1.5293855667114258,240
COCOMO81,7,GA-ABE,24,1.5237685441970825,250
COCOMO81,7,GA-ABE,25,1.5237685441970825,260
COCOMO81,7,GA-ABE,26,1.5237685441970825,270
COCOMO81,7,GA-ABE,27,1.521936058998108,280
COCOMO81,7,GA-ABE,28,1.5206376314163208,290
COCOMO81,7,GA-ABE,29,1.5197447538375854,300
COCOMO81,7,GA-ABE,30,1.518979549407959,310
COCOMO81,7,GA-ABE,31,1.518979549407959,320
COCOMO81,7,GA-ABE,32,1.5187016725540161,330
COCOMO81,7,GA-ABE,33,1.5186201333999634,340
COCOMO81,7,GA-ABE,34,1.5185251235961914,350
COCOMO81,7,GA-ABE,35,1.5183237791061401,360
COCOMO81,7,GA-ABE,36,1.517716646194458,370
COCOMO81,7,GA-ABE,37,1.5176478624343872,380
COCOMO81,7,GA-ABE,38,1.5159509181976318,390
COCOMO81,7,GA-ABE,39,1.5159509181976318,400
COCOMO81,7,GA-ABE,40,1.5159509181976318,410
COCOMO81,7,GA-ABE,41,1.5159509181976318,420
COCOMO81,7,GA-ABE,42,1.5156896114349365,430
COCOMO81,7,GA-ABE,43,1.5125595331192017,440
COCOMO81,7,GA-ABE,44,1.5125595331192017,450
COCOMO81,7,GA-ABE,45,1.5125595331192017,460
COCOMO81,7,GA-ABE,46,1.5125595331192017,470
COCOMO81,7,GA-ABE,47,1.512547492980957,480
COCOMO81,7,GA-ABE,48,1.5125387907028198,490
COCOMO81,7,GA-ABE,49,1.5112974643707275,500
COCOMO81,7,GA-ABE,50,1.5091537237167358,510
COCOMO81,7,GA-ABE,51,1.5091537237167358,520
COCOMO81,7,GA-ABE,52,1.5091537237167358,530
COCOMO81,7,GA-ABE,53,1.5091537237167358,540
COCOMO81,7,GA-ABE,54,1.5091537237167358,550
COCOMO81,7,GA-ABE,55,1.5091537237167358,560
COCOMO81,7,GA-ABE,56,1.5091537237167358,570
COCOMO81,7,GA-ABE,57,1.5091537237167358,580
COCOMO81,7,GA-ABE,58,1.5091537237167358,590
COCOMO81,7,GA-ABE,59,1.5082001686096191,600
COCOMO81,7,GA-ABE,60,1.5082001686096191,610
COCOMO81,7,GA-ABE,61,1.5077024698257446,620
COCOMO81,7,GA-ABE,62,1.5064858198165894,630
COCOMO81,7,GA-ABE,63,1.5064858198165894,640
COCOMO81,7,GA-ABE,64,1.5064858198165894,650
COCOMO81,7,GA-ABE,65,1.5046391487121582,660
COCOMO81,7,GA-ABE,66,1.5046391487121582,670
COCOMO81,7,GA-ABE,67,1.5046391487121582,680
COCOMO81,7,GA-ABE,68,1.5046391487121582,690
COCOMO81,7,GA-ABE,69,1.5046391487121582,700
COCOMO81,7,GA-ABE,70,1.5037269592285156,710
COCOMO81,7,GA-ABE,71,1.5037269592285156,720
COCOMO81,7,GA-ABE,72,1.5037269592285156,730
COCOMO81,7,GA-ABE,73,1.5037269592285156,740
COCOMO81,7,GA-ABE,74,1.5037156343460083,750
COCOMO81,7,GA-ABE,75,1.5034667253494263,760
COCOMO81,7,GA-ABE,76,1.5034667253494263,770
COCOMO81,7,GA-ABE,77,1.5034666061401367,780
COCOMO81,7,GA-ABE,78,1.5032305717468262,790
COCOMO81,7,GA-ABE,79,1.503204584121704,800
COCOMO81,7,GA-ABE,80,1.503204584121704,810
COCOMO81,7,GA-ABE,81,1.503204584121704,820
COCOMO81,7,GA-ABE,82,1.5006040334701538,830
COCOMO81,7,GA-ABE,83,1.5006040334701538,840
COCOMO81,7,GA-ABE,84,1.4976297616958618,850
COCOMO81,7,GA-ABE,85,1.493566870689392,860
COCOMO81,7,GA-ABE,86,1.493566870689392,870
COCOMO81,7,GA-ABE,87,1.493566870689392,880
COCOMO81,7,GA-ABE,88,1.491712212562561,890
COCOMO81,7,GA-ABE,89,1.491712212562561,900
COCOMO81,7,GA-ABE,90,1.491712212562561,910
COCOMO81,7,GA-ABE,91,1.4909896850585938,920
COCOMO81,7,GA-ABE,92,1.489410638809204,930
COCOMO81,7,GA-ABE,93,1.489410638809204,940
COCOMO81,7,GA-ABE,94,1.4894092082977295,950
COCOMO81,7,GA-ABE,95,1.48940908908844,960
COCOMO81,7,GA-ABE,96,1.48940908908844,970
COCOMO81,7,GA-ABE,97,1.488488793373108,980
COCOMO81,7,GA-ABE,98,1.4877687692642212,990
COCOMO81,7,GA-ABE,99,1.486696481704712,1000
COCOMO81,7,PSO-ABE,0,2.2375757694244385,10
COCOMO81,7,PSO-ABE,1,1.699586033821106,20
COCOMO81,7,PSO-ABE,2,1.6930161714553833,30
COCOMO81,7,PSO-ABE,3,1.6907516717910767,40
COCOMO81,7,PSO-ABE,4,1.685699701309204,50
COCOMO81,7,PSO-ABE,5,1.6852060556411743,60
COCOMO81,7,PSO-ABE,6,1.6852060556411743,70
COCOMO81,7,PSO-ABE,7,1.6852060556411743,80
COCOMO81,7,PSO-ABE,8,1.68488347530365,90
COCOMO81,7,PSO-ABE,9,1.68488347530365,100
COCOMO81,7,PSO-ABE,10,1.68488347530365,110
COCOMO81,7,PSO-ABE,11,1.68488347530365,120
COCOMO81,7,PSO-ABE,12,1.68488347530365,130
COCOMO81,7,PSO-ABE,13,1.68488347530365,140
COCOMO81,7,PSO-ABE,14,1.68488347530365,150
COCOMO81,7,PSO-ABE,15,1.68488347530365,160
COCOMO81,7,PSO-ABE,16,1.6848299503326416,170
COCOMO81,7,PSO-ABE,17,1.6848299503326416,180
COCOMO81,7,PSO-ABE,18,1.6848299503326416,190
COCOMO81,7,PSO-ABE,19,1.6848299503326416,200
COCOMO81,7,PSO-ABE,20,1.6848299503326416,210
COCOMO81,7,PSO-ABE,21,1.6848299503326416,220
COCOMO81,7,PSO-ABE,22,1.6848299503326416,230
COCOMO81,7,PSO-ABE,23,1.6848299503326416,240
COCOMO81,7,PSO-ABE,24,1.6848299503326416,250
COCOMO81,7,PSO-ABE,25,1.6848299503326416,260
COCOMO81,7,PSO-ABE,26,1.6848299503326416,270
COCOMO81,7,PSO-ABE,27,1.6848299503326416,280
COCOMO81,7,PSO-ABE,28,1.6848299503326416,290
COCOMO81,7,PSO-ABE,29,1.6848299503326416,300
COCOMO81,7,PSO-ABE,30,1.6848299503326416,310
COCOMO81,7,PSO-ABE,31,1.6848299503326416,320
COCOMO81,7,PSO-ABE,32,1.6848299503326416,330
COCOMO81,7,PSO-ABE,33,1.684822678565979,340
COCOMO81,7,PSO-ABE,34,1.684822678565979,350
COCOMO81,7,PSO-ABE,35,1.684822678565979,360
COCOMO81,7,PSO-ABE,36,1.684822678565979,370
COCOMO81,7,PSO-ABE,37,1.684822678565979,380
COCOMO81,7,PSO-ABE,38,1.684822678565979,390
COCOMO81,7,PSO-ABE,39,1.684822678565979,400
COCOMO81,7,PSO-ABE,40,1.684822678565979,410
COCOMO81,7,PSO-ABE,41,1.684822678565979,420
COCOMO81,7,PSO-ABE,42,1.684822678565979,430
COCOMO81,7,PSO-ABE,43,1.684822678565979,440
COCOMO81,7,PSO-ABE,44,1.684822678565979,450
COCOMO81,7,PSO-ABE,45,1.684822678565979,460
COCOMO81,7,PSO-ABE,46,1.684822678565979,470
COCOMO81,7,PSO-ABE,47,1.684822678565979,480
COCOMO81,7,PSO-ABE,48,1.684822678565979,490
COCOMO81,7,PSO-ABE,49,1.684822678565979,500
COCOMO81,7,PSO-ABE,50,1.684822678565979,510
COCOMO81,7,PSO-ABE,51,1.684822678565979,520
COCOMO81,7,PSO-ABE,52,1.684822678565979,530
COCOMO81,7,PSO-ABE,53,1.6848217248916626,540
COCOMO81,7,PSO-ABE,54,1.6848217248916626,550
COCOMO81,7,PSO-ABE,55,1.6848217248916626,560
COCOMO81,7,PSO-ABE,56,1.6848217248916626,570
COCOMO81,7,PSO-ABE,57,1.684821605682373,580
COCOMO81,7,PSO-ABE,58,1.684821605682373,590
COCOMO81,7,PSO-ABE,59,1.684821367263794,600
COCOMO81,7,PSO-ABE,60,1.684821367263794,610
COCOMO81,7,PSO-ABE,61,1.6848212480545044,620
COCOMO81,7,PSO-ABE,62,1.6848212480545044,630
COCOMO81,7,PSO-ABE,63,1.6848212480545044,640
COCOMO81,7,PSO-ABE,64,1.6848212480545044,650
COCOMO81,7,PSO-ABE,65,1.6848211288452148,660
COCOMO81,7,PSO-ABE,66,1.6848211288452148,670
COCOMO81,7,PSO-ABE,67,1.6848211288452148,680
COCOMO81,7,PSO-ABE,68,1.6848210096359253,690
COCOMO81,7,PSO-ABE,69,1.6848210096359253,700
COCOMO81,7,PSO-ABE,70,1.6848210096359253,710
COCOMO81,7,PSO-ABE,71,1.6848210096359253,720
COCOMO81,7,PSO-ABE,72,1.6848210096359253,730
COCOMO81,7,PSO-ABE,73,1.6848210096359253,740
COCOMO81,7,PSO-ABE,74,1.6848210096359253,750
COCOMO81,7,PSO-ABE,75,1.6848210096359253,760
COCOMO81,7,PSO-ABE,76,1.6848210096359253,770
COCOMO81,7,PSO-ABE,77,1.6848210096359253,780
COCOMO81,7,PSO-ABE,78,1.6848210096359253,790
COCOMO81,7,PSO-ABE,79,1.6848210096359253,800
COCOMO81,7,PSO-ABE,80,1.6848210096359253,810
COCOMO81,7,PSO-ABE,81,1.6848210096359253,820
COCOMO81,7,PSO-ABE,82,1.6848210096359253,830
COCOMO81,7,PSO-ABE,83,1.6848210096359253,840
COCOMO81,7,PSO-ABE,84,1.6848210096359253,850
COCOMO81,7,PSO-ABE,85,1.6848210096359253,860
COCOMO81,7,PSO-ABE,86,1.6848210096359253,870
COCOMO81,7,PSO-ABE,87,1.6848210096359253,880
COCOMO81,7,PSO-ABE,88,1.6848210096359253,890
COCOMO81,7,PSO-ABE,89,1.6848210096359253,900
COCOMO81,7,PSO-ABE,90,1.6848210096359253,910
COCOMO81,7,PSO-ABE,91,1.6848210096359253,920
COCOMO81,7,PSO-ABE,92,1.6848210096359253,930
COCOMO81,7,PSO-ABE,93,1.6848210096359253,940
COCOMO81,7,PSO-ABE,94,1.6848210096359253,950
COCOMO81,7,PSO-ABE,95,1.6848210096359253,960
COCOMO81,7,PSO-ABE,96,1.6848210096359253,970
COCOMO81,7,PSO-ABE,97,1.6848210096359253,980
COCOMO81,7,PSO-ABE,98,1.6848210096359253,990
COCOMO81,7,PSO-ABE,99,1.6848210096359253,1000
COCOMO81,7,DE-ABE,0,1.7785853147506714,10
COCOMO81,7,DE-ABE,1,1.7459505796432495,20
COCOMO81,7,DE-ABE,2,1.745936393737793,30
COCOMO81,7,DE-ABE,3,1.7060513496398926,40
COCOMO81,7,DE-ABE,4,1.7060513496398926,50
COCOMO81,7,DE-ABE,5,1.7060015201568604,60
COCOMO81,7,DE-ABE,6,1.7060015201568604,70
COCOMO81,7,DE-ABE,7,1.7053579092025757,80
COCOMO81,7,DE-ABE,8,1.7052791118621826,90
COCOMO81,7,DE-ABE,9,1.7052791118621826,100
COCOMO81,7,DE-ABE,10,1.705274224281311,110
COCOMO81,7,DE-ABE,11,1.705274224281311,120
COCOMO81,7,DE-ABE,12,1.705274224281311,130
COCOMO81,7,DE-ABE,13,1.705274224281311,140
COCOMO81,7,DE-ABE,14,1.705274224281311,150
COCOMO81,7,DE-ABE,15,1.7052730321884155,160
COCOMO81,7,DE-ABE,16,1.7052730321884155,170
COCOMO81,7,DE-ABE,17,1.705272912979126,180
COCOMO81,7,DE-ABE,18,1.7052727937698364,190
COCOMO81,7,DE-ABE,19,1.7052727937698364,200
COCOMO81,7,DE-ABE,20,1.7052727937698364,210
COCOMO81,7,DE-ABE,21,1.7052727937698364,220
COCOMO81,7,DE-ABE,22,1.7052727937698364,230
COCOMO81,7,DE-ABE,23,1.7052727937698364,240
COCOMO81,7,DE-ABE,24,1.7052727937698364,250
COCOMO81,7,DE-ABE,25,1.7052725553512573,260
COCOMO81,7,DE-ABE,26,1.7052725553512573,270
COCOMO81,7,DE-ABE,27,1.7052725553512573,280
COCOMO81,7,DE-ABE,28,1.7052725553512573,290
COCOMO81,7,DE-ABE,29,1.7052725553512573,300
COCOMO81,7,DE-ABE,30,1.7052725553512573,310
COCOMO81,7,DE-ABE,31,1.7052725553512573,320
COCOMO81,7,DE-ABE,32,1.7052725553512573,330
COCOMO81,7,DE-ABE,33,1.7052725553512573,340
COCOMO81,7,DE-ABE,34,1.7052725553512573,350
COCOMO81,7,DE-ABE,35,1.7052725553512573,360
COCOMO81,7,DE-ABE,36,1.7052725553512573,370
COCOMO81,7,DE-ABE,37,1.7052725553512573,380
COCOMO81,7,DE-ABE,38,1.7052725553512573,390
COCOMO81,7,DE-ABE,39,1.7052725553512573,400
COCOMO81,7,DE-ABE,40,1.7052725553512573,410
COCOMO81,7,DE-ABE,41,1.7052725553512573,420
COCOMO81,7,DE-ABE,42,1.7052725553512573,430
COCOMO81,7,DE-ABE,43,1.7052725553512573,440
COCOMO81,7,DE-ABE,44,1.7052725553512573,450
COCOMO81,7,DE-ABE,45,1.7052725553512573,460
COCOMO81,7,DE-ABE,46,1.7052725553512573,470
COCOMO81,7,DE-ABE,47,1.7052725553512573,480
COCOMO81,7,DE-ABE,48,1.7052725553512573,490
COCOMO81,7,DE-ABE,49,1.7052725553512573,500
COCOMO81,7,DE-ABE,50,1.7052725553512573,510
COCOMO81,7,DE-ABE,51,1.7052725553512573,520
COCOMO81,7,DE-ABE,52,1.7052725553512573,530
COCOMO81,7,DE-ABE,53,1.7052725553512573,540
COCOMO81,7,DE-ABE,54,1.7052725553512573,550
COCOMO81,7,DE-ABE,55,1.7052725553512573,560
COCOMO81,7,DE-ABE,56,1.7052725553512573,570
COCOMO81,7,DE-ABE,57,1.7052725553512573,580
COCOMO81,7,DE-ABE,58,1.7052725553512573,590
COCOMO81,7,DE-ABE,59,1.7052725553512573,600
COCOMO81,7,DE-ABE,60,1.7052725553512573,610
COCOMO81,7,DE-ABE,61,1.7052725553512573,620
COCOMO81,7,DE-ABE,62,1.7052725553512573,630
COCOMO81,7,DE-ABE,63,1.7052725553512573,640
COCOMO81,7,DE-ABE,64,1.7052725553512573,650
COCOMO81,7,DE-ABE,65,1.7052725553512573,660
COCOMO81,7,DE-ABE,66,1.7052725553512573,670
COCOMO81,7,DE-ABE,67,1.7052725553512573,680
COCOMO81,7,DE-ABE,68,1.7052725553512573,690
COCOMO81,7,DE-ABE,69,1.7052725553512573,700
COCOMO81,7,DE-ABE,70,1.7052725553512573,710
COCOMO81,7,DE-ABE,71,1.7052725553512573,720
COCOMO81,7,DE-ABE,72,1.7052725553512573,730
COCOMO81,7,DE-ABE,73,1.7052725553512573,740
COCOMO81,7,DE-ABE,74,1.7052725553512573,750
COCOMO81,7,DE-ABE,75,1.7052725553512573,760
COCOMO81,7,DE-ABE,76,1.7052725553512573,770
COCOMO81,7,DE-ABE,77,1.7052725553512573,780
COCOMO81,7,DE-ABE,78,1.7052725553512573,790
COCOMO81,7,DE-ABE,79,1.7052725553512573,800
COCOMO81,7,DE-ABE,80,1.7052725553512573,810
COCOMO81,7,DE-ABE,81,1.7052725553512573,820
COCOMO81,7,DE-ABE,82,1.7052725553512573,830
COCOMO81,7,DE-ABE,83,1.7052725553512573,840
COCOMO81,7,DE-ABE,84,1.7052725553512573,850
COCOMO81,7,DE-ABE,85,1.7052725553512573,860
COCOMO81,7,DE-ABE,86,1.7052725553512573,870
COCOMO81,7,DE-ABE,87,1.7052725553512573,880
COCOMO81,7,DE-ABE,88,1.7052725553512573,890
COCOMO81,7,DE-ABE,89,1.7052725553512573,900
COCOMO81,7,DE-ABE,90,1.7052725553512573,910
COCOMO81,7,DE-ABE,91,1.7052725553512573,920
COCOMO81,7,DE-ABE,92,1.7052725553512573,930
COCOMO81,7,DE-ABE,93,1.7052725553512573,940
COCOMO81,7,DE-ABE,94,1.7052725553512573,950
COCOMO81,7,DE-ABE,95,1.7052725553512573,960
COCOMO81,7,DE-ABE,96,1.7052725553512573,970
COCOMO81,7,DE-ABE,97,1.7052725553512573,980
COCOMO81,7,DE-ABE,98,1.7052725553512573,990
COCOMO81,7,DE-ABE,99,1.7052725553512573,1000
COCOMO81,7,GWO-ABE,0,2.5278682708740234,10
COCOMO81,7,GWO-ABE,1,2.0621609687805176,20
COCOMO81,7,GWO-ABE,2,1.995572566986084,30
COCOMO81,7,GWO-ABE,3,1.7723288536071777,40
COCOMO81,7,GWO-ABE,4,1.8381211757659912,50
COCOMO81,7,GWO-ABE,5,1.880712866783142,60
COCOMO81,7,GWO-ABE,6,1.8791707754135132,70
COCOMO81,7,GWO-ABE,7,1.8223716020584106,80
COCOMO81,7,GWO-ABE,8,1.878413438796997,90
COCOMO81,7,GWO-ABE,9,1.8416458368301392,100
COCOMO81,7,GWO-ABE,10,1.7429540157318115,110
COCOMO81,7,GWO-ABE,11,1.7152628898620605,120
COCOMO81,7,GWO-ABE,12,1.7196773290634155,130
COCOMO81,7,GWO-ABE,13,1.6350207328796387,140
COCOMO81,7,GWO-ABE,14,1.6112542152404785,150
COCOMO81,7,GWO-ABE,15,1.6217976808547974,160
COCOMO81,7,GWO-ABE,16,1.6078755855560303,170
COCOMO81,7,GWO-ABE,17,1.5221202373504639,180
COCOMO81,7,GWO-ABE,18,1.5340574979782104,190
COCOMO81,7,GWO-ABE,19,1.5558242797851562,200
COCOMO81,7,GWO-ABE,20,1.515476107597351,210
COCOMO81,7,GWO-ABE,21,1.5199631452560425,220
COCOMO81,7,GWO-ABE,22,1.5183699131011963,230
COCOMO81,7,GWO-ABE,23,1.5228674411773682,240
COCOMO81,7,GWO-ABE,24,1.5214041471481323,250
COCOMO81,7,GWO-ABE,25,1.5187419652938843,260
COCOMO81,7,GWO-ABE,26,1.5271519422531128,270
COCOMO81,7,GWO-ABE,27,1.5180186033248901,280
COCOMO81,7,GWO-ABE,28,1.5163451433181763,290
COCOMO81,7,GWO-ABE,29,1.5189298391342163,300
COCOMO81,7,GWO-ABE,30,1.5177057981491089,310
COCOMO81,7,GWO-ABE,31,1.5178287029266357,320
COCOMO81,7,GWO-ABE,32,1.5152548551559448,330
COCOMO81,7,GWO-ABE,33,1.5130201578140259,340
COCOMO81,7,GWO-ABE,34,1.5046625137329102,350
COCOMO81,7,GWO-ABE,35,1.5210747718811035,360
COCOMO81,7,GWO-ABE,36,1.5104278326034546,370
COCOMO81,7,GWO-ABE,37,1.527621865272522,380
COCOMO81,7,GWO-ABE,38,1.5031853914260864,390
COCOMO81,7,GWO-ABE,39,1.5164555311203003,400
COCOMO81,7,GWO-ABE,40,1.5066025257110596,410
COCOMO81,7,GWO-ABE,41,1.509002923965454,420
COCOMO81,7,GWO-ABE,42,1.5211944580078125,430
COCOMO81,7,GWO-ABE,43,1.520652413368225,440
COCOMO81,7,GWO-ABE,44,1.5170637369155884,450
COCOMO81,7,GWO-ABE,45,1.5152395963668823,460
COCOMO81,7,GWO-ABE,46,1.5124127864837646,470
COCOMO81,7,GWO-ABE,47,1.506523609161377,480
COCOMO81,7,GWO-ABE,48,1.5077972412109375,490
COCOMO81,7,GWO-ABE,49,1.513777494430542,500
COCOMO81,7,GWO-ABE,50,1.511152982711792,510
COCOMO81,7,GWO-ABE,51,1.5094112157821655,520
COCOMO81,7,GWO-ABE,52,1.5131947994232178,530
COCOMO81,7,GWO-ABE,53,1.5042943954467773,540
COCOMO81,7,GWO-ABE,54,1.508009433746338,550
COCOMO81,7,GWO-ABE,55,1.5072675943374634,560
COCOMO81,7,GWO-ABE,56,1.5099469423294067,570
COCOMO81,7,GWO-ABE,57,1.507289171218872,580
COCOMO81,7,GWO-ABE,58,1.5100202560424805,590
COCOMO81,7,GWO-ABE,59,1.50636625289917,600
COCOMO81,7,GWO-ABE,60,1.5070403814315796,610
COCOMO81,7,GWO-ABE,61,1.5053409337997437,620
COCOMO81,7,GWO-ABE,62,1.5082011222839355,630
COCOMO81,7,GWO-ABE,63,1.509242296218872,640
COCOMO81,7,GWO-ABE,64,1.5081884860992432,650
COCOMO81,7,GWO-ABE,65,1.5094561576843262,660
COCOMO81,7,GWO-ABE,66,1.5068107843399048,670
COCOMO81,7,GWO-ABE,67,1.5041067600250244,680
COCOMO81,7,GWO-ABE,68,1.5023550987243652,690
COCOMO81,7,GWO-ABE,69,1.5011019706726074,700
COCOMO81,7,GWO-ABE,70,1.4981738328933716,710
COCOMO81,7,GWO-ABE,71,1.4975275993347168,720
COCOMO81,7,GWO-ABE,72,1.4981318712234497,730
COCOMO81,7,GWO-ABE,73,1.496649146080017,740
COCOMO81,7,GWO-ABE,74,1.4958674907684326,750
COCOMO81,7,GWO-ABE,75,1.4948011636734009,760
COCOMO81,7,GWO-ABE,76,1.492806315422058,770
COCOMO81,7,GWO-ABE,77,1.4928957223892212,780
COCOMO81,7,GWO-ABE,78,1.4913090467453003,790
COCOMO81,7,GWO-ABE,79,1.4898474216461182,800
COCOMO81,7,GWO-ABE,80,1.4881938695907593,810
COCOMO81,7,GWO-ABE,81,1.4870771169662476,820
COCOMO81,7,GWO-ABE,82,1.486137866973877,830
COCOMO81,7,GWO-ABE,83,1.4868500232696533,840
COCOMO81,7,GWO-ABE,84,1.4849565029144287,850
COCOMO81,7,GWO-ABE,85,1.4833728075027466,860
COCOMO81,7,GWO-ABE,86,1.4824622869491577,870
COCOMO81,7,GWO-ABE,87,1.480189323425293,880
COCOMO81,7,GWO-ABE,88,1.4777551889419556,890
COCOMO81,7,GWO-ABE,89,1.476015329360962,900
COCOMO81,7,GWO-ABE,90,1.4759800434112549,910
COCOMO81,7,GWO-ABE,91,1.4737964868545532,920
COCOMO81,7,GWO-ABE,92,1.4730538129806519,930
COCOMO81,7,GWO-ABE,93,1.4722094535827637,940
COCOMO81,7,GWO-ABE,94,1.472151517868042,950
COCOMO81,7,GWO-ABE,95,1.4712958335876465,960
COCOMO81,7,GWO-ABE,96,1.4708651304244995,970
COCOMO81,7,GWO-ABE,97,1.4706828594207764,980
COCOMO81,7,GWO-ABE,98,1.4709633588790894,990
COCOMO81,7,GWO-ABE,99,1.4709463119506836,1000
COCOMO81,7,WOA-ABE,0,1.6244145631790161,10
COCOMO81,7,WOA-ABE,1,1.6244145631790161,20
COCOMO81,7,WOA-ABE,2,1.6244145631790161,30
COCOMO81,7,WOA-ABE,3,1.6244145631790161,40
COCOMO81,7,WOA-ABE,4,1.529402256011963,50
COCOMO81,7,WOA-ABE,5,1.5182589292526245,60
COCOMO81,7,WOA-ABE,6,1.5181057453155518,70
COCOMO81,7,WOA-ABE,7,1.5181057453155518,80
COCOMO81,7,WOA-ABE,8,1.5181057453155518,90
COCOMO81,7,WOA-ABE,9,1.5181057453155518,100
COCOMO81,7,WOA-ABE,10,1.5177998542785645,110
COCOMO81,7,WOA-ABE,11,1.5177998542785645,120
COCOMO81,7,WOA-ABE,12,1.5177993774414062,130
COCOMO81,7,WOA-ABE,13,1.5177993774414062,140
COCOMO81,7,WOA-ABE,14,1.5172510147094727,150
COCOMO81,7,WOA-ABE,15,1.5162901878356934,160
COCOMO81,7,WOA-ABE,16,1.5142204761505127,170
COCOMO81,7,WOA-ABE,17,1.5012452602386475,180
COCOMO81,7,WOA-ABE,18,1.497931718826294,190
COCOMO81,7,WOA-ABE,19,1.4976681470870972,200
COCOMO81,7,WOA-ABE,20,1.4976681470870972,210
COCOMO81,7,WOA-ABE,21,1.497340440750122,220
COCOMO81,7,WOA-ABE,22,1.497340440750122,230
COCOMO81,7,WOA-ABE,23,1.4960545301437378,240
COCOMO81,7,WOA-ABE,24,1.4937866926193237,250
COCOMO81,7,WOA-ABE,25,1.4682555198669434,260
COCOMO81,7,WOA-ABE,26,1.462454080581665,270
COCOMO81,7,WOA-ABE,27,1.4613065719604492,280
COCOMO81,7,WOA-ABE,28,1.4613065719604492,290
COCOMO81,7,WOA-ABE,29,1.4613065719604492,300
COCOMO81,7,WOA-ABE,30,1.446139931678772,310
COCOMO81,7,WOA-ABE,31,1.4379514455795288,320
COCOMO81,7,WOA-ABE,32,1.4379514455795288,330
COCOMO81,7,WOA-ABE,33,1.4379514455795288,340
COCOMO81,7,WOA-ABE,34,1.4347864389419556,350
COCOMO81,7,WOA-ABE,35,1.4302823543548584,360
COCOMO81,7,WOA-ABE,36,1.4194214344024658,370
COCOMO81,7,WOA-ABE,37,1.4172993898391724,380
COCOMO81,7,WOA-ABE,38,1.416906714439392,390
COCOMO81,7,WOA-ABE,39,1.4095044136047363,400
COCOMO81,7,WOA-ABE,40,1.4051038026809692,410
COCOMO81,7,WOA-ABE,41,1.4051038026809692,420
COCOMO81,7,WOA-ABE,42,1.4049147367477417,430
COCOMO81,7,WOA-ABE,43,1.3989068269729614,440
COCOMO81,7,WOA-ABE,44,1.3964811563491821,450
COCOMO81,7,WOA-ABE,45,1.3964811563491821,460
COCOMO81,7,WOA-ABE,46,1.3964811563491821,470
COCOMO81,7,WOA-ABE,47,1.396262288093567,480
COCOMO81,7,WOA-ABE,48,1.3954838514328003,490
COCOMO81,7,WOA-ABE,49,1.3947834968566895,500
COCOMO81,7,WOA-ABE,50,1.3939300775527954,510
COCOMO81,7,WOA-ABE,51,1.3935576677322388,520
COCOMO81,7,WOA-ABE,52,1.393336534500122,530
COCOMO81,7,WOA-ABE,53,1.3932386636734009,540
COCOMO81,7,WOA-ABE,54,1.3930987119674683,550
COCOMO81,7,WOA-ABE,55,1.3926945924758911,560
COCOMO81,7,WOA-ABE,56,1.3925987482070923,570
COCOMO81,7,WOA-ABE,57,1.3925237655639648,580
COCOMO81,7,WOA-ABE,58,1.3922897577285767,590
COCOMO81,7,WOA-ABE,59,1.392258882522583,600
COCOMO81,7,WOA-ABE,60,1.3921077251434326,610
COCOMO81,7,WOA-ABE,61,1.3921077251434326,620
COCOMO81,7,WOA-ABE,62,1.3920948505401611,630
COCOMO81,7,WOA-ABE,63,1.3920948505401611,640
COCOMO81,7,WOA-ABE,64,1.392052173614502,650
COCOMO81,7,WOA-ABE,65,1.3920435905456543,660
COCOMO81,7,WOA-ABE,66,1.3920429944992065,670
COCOMO81,7,WOA-ABE,67,1.3920429944992065,680
COCOMO81,7,WOA-ABE,68,1.3920382261276245,690
COCOMO81,7,WOA-ABE,69,1.3920366764068604,700
COCOMO81,7,WOA-ABE,70,1.3920360803604126,710
COCOMO81,7,WOA-ABE,71,1.392035961151123,720
COCOMO81,7,WOA-ABE,72,1.3920356035232544,730
COCOMO81,7,WOA-ABE,73,1.3920332193374634,740
COCOMO81,7,WOA-ABE,74,1.3920292854309082,750
COCOMO81,7,WOA-ABE,75,1.392026662826538,760
COCOMO81,7,WOA-ABE,76,1.3920223712921143,770
COCOMO81,7,WOA-ABE,77,1.3920197486877441,780
COCOMO81,7,WOA-ABE,78,1.3920193910598755,790
COCOMO81,7,WOA-ABE,79,1.3920174837112427,800
COCOMO81,7,WOA-ABE,80,1.3920156955718994,810
COCOMO81,7,WOA-ABE,81,1.3920150995254517,820
COCOMO81,7,WOA-ABE,82,1.3920141458511353,830
COCOMO81,7,WOA-ABE,83,1.3920137882232666,840
COCOMO81,7,WOA-ABE,84,1.3920135498046875,850
COCOMO81,7,WOA-ABE,85,1.3920130729675293,860
COCOMO81,7,WOA-ABE,86,1.3920127153396606,870
COCOMO81,7,WOA-ABE,87,1.3920127153396606,880
COCOMO81,7,WOA-ABE,88,1.3920127153396606,890
COCOMO81,7,WOA-ABE,89,1.3920127153396606,900
COCOMO81,7,WOA-ABE,90,1.3920127153396606,910
COCOMO81,7,WOA-ABE,91,1.3920127153396606,920
COCOMO81,7,WOA-ABE,92,1.3920127153396606,930
COCOMO81,7,WOA-ABE,93,1.3920127153396606,940
COCOMO81,7,WOA-ABE,94,1.3920127153396606,950
COCOMO81,7,WOA-ABE,95,1.3920127153396606,960
COCOMO81,7,WOA-ABE,96,1.3920124769210815,970
COCOMO81,7,WOA-ABE,97,1.3920124769210815,980
COCOMO81,7,WOA-ABE,98,1.3920124769210815,990
COCOMO81,7,WOA-ABE,99,1.3920124769210815,1000
COCOMO81,7,FAABE,0,1.9898570775985718,10
COCOMO81,7,FAABE,1,1.9842503070831299,20
COCOMO81,7,FAABE,2,1.9842503070831299,30
COCOMO81,7,FAABE,3,1.9753719568252563,40
COCOMO81,7,FAABE,4,1.9753719568252563,50
COCOMO81,7,FAABE,5,1.9753719568252563,60
COCOMO81,7,FAABE,6,1.9753719568252563,70
COCOMO81,7,FAABE,7,1.9753719568252563,80
COCOMO81,7,FAABE,8,1.9625414609909058,90
COCOMO81,7,FAABE,9,1.9625414609909058,100
COCOMO81,7,FAABE,10,1.9494733810424805,110
COCOMO81,7,FAABE,11,1.9494733810424805,120
COCOMO81,7,FAABE,12,1.8897901773452759,130
COCOMO81,7,FAABE,13,1.8897901773452759,140
COCOMO81,7,FAABE,14,1.8897901773452759,150
COCOMO81,7,FAABE,15,1.8897901773452759,160
COCOMO81,7,FAABE,16,1.8897901773452759,170
COCOMO81,7,FAABE,17,1.8897901773452759,180
COCOMO81,7,FAABE,18,1.8897901773452759,190
COCOMO81,7,FAABE,19,1.8897901773452759,200
COCOMO81,7,FAABE,20,1.8897901773452759,210
COCOMO81,7,FAABE,21,1.8897901773452759,220
COCOMO81,7,FAABE,22,1.8897901773452759,230
COCOMO81,7,FAABE,23,1.8897901773452759,240
COCOMO81,7,FAABE,24,1.8897901773452759,250
COCOMO81,7,FAABE,25,1.8897901773452759,260
COCOMO81,7,FAABE,26,1.8897901773452759,270
COCOMO81,7,FAABE,27,1.8897901773452759,280
COCOMO81,7,FAABE,28,1.8822908401489258,290
COCOMO81,7,FAABE,29,1.8822908401489258,300
COCOMO81,7,FAABE,30,1.8822908401489258,310
COCOMO81,7,FAABE,31,1.8822908401489258,320
COCOMO81,7,FAABE,32,1.8822908401489258,330
COCOMO81,7,FAABE,33,1.8822908401489258,340
COCOMO81,7,FAABE,34,1.8822908401489258,350
COCOMO81,7,FAABE,35,1.8822908401489258,360
COCOMO81,7,FAABE,36,1.8822908401489258,370
COCOMO81,7,FAABE,37,1.8822908401489258,380
COCOMO81,7,FAABE,38,1.8822908401489258,390
COCOMO81,7,FAABE,39,1.8822908401489258,400
COCOMO81,7,FAABE,40,1.8822908401489258,410
COCOMO81,7,FAABE,41,1.8822908401489258,420
COCOMO81,7,FAABE,42,1.8822908401489258,430
COCOMO81,7,FAABE,43,1.8822908401489258,440
COCOMO81,7,FAABE,44,1.8822908401489258,450
COCOMO81,7,FAABE,45,1.8822908401489258,460
COCOMO81,7,FAABE,46,1.8822908401489258,470
COCOMO81,7,FAABE,47,1.8822908401489258,480
COCOMO81,7,FAABE,48,1.8822908401489258,490
COCOMO81,7,FAABE,49,1.8822908401489258,500
COCOMO81,7,FAABE,50,1.8822908401489258,510
COCOMO81,7,FAABE,51,1.8822908401489258,520
COCOMO81,7,FAABE,52,1.8822908401489258,530
COCOMO81,7,FAABE,53,1.8822908401489258,540
COCOMO81,7,FAABE,54,1.8822908401489258,550
COCOMO81,7,FAABE,55,1.8822908401489258,560
COCOMO81,7,FAABE,56,1.8822908401489258,570
COCOMO81,7,FAABE,57,1.8822908401489258,580
COCOMO81,7,FAABE,58,1.8822908401489258,590
COCOMO81,7,FAABE,59,1.8822908401489258,600
COCOMO81,7,FAABE,60,1.8822908401489258,610
COCOMO81,7,FAABE,61,1.8822908401489258,620
COCOMO81,7,FAABE,62,1.8822908401489258,630
COCOMO81,7,FAABE,63,1.8822908401489258,640
COCOMO81,7,FAABE,64,1.8822908401489258,650
COCOMO81,7,FAABE,65,1.8822908401489258,660
COCOMO81,7,FAABE,66,1.8822908401489258,670
COCOMO81,7,FAABE,67,1.8822908401489258,680
COCOMO81,7,FAABE,68,1.8822908401489258,690
COCOMO81,7,FAABE,69,1.8822908401489258,700
COCOMO81,7,FAABE,70,1.8822908401489258,710
COCOMO81,7,FAABE,71,1.8822908401489258,720
COCOMO81,7,FAABE,72,1.8822908401489258,730
COCOMO81,7,FAABE,73,1.8822908401489258,740
COCOMO81,7,FAABE,74,1.8822908401489258,750
COCOMO81,7,FAABE,75,1.8822908401489258,760
COCOMO81,7,FAABE,76,1.8822908401489258,770
COCOMO81,7,FAABE,77,1.8822908401489258,780
COCOMO81,7,FAABE,78,1.8822908401489258,790
COCOMO81,7,FAABE,79,1.8822908401489258,800
COCOMO81,7,FAABE,80,1.8822908401489258,810
COCOMO81,7,FAABE,81,1.8822908401489258,820
COCOMO81,7,FAABE,82,1.8822908401489258,830
COCOMO81,7,FAABE,83,1.8822908401489258,840
COCOMO81,7,FAABE,84,1.8822908401489258,850
COCOMO81,7,FAABE,85,1.8822908401489258,860
COCOMO81,7,FAABE,86,1.8822908401489258,870
COCOMO81,7,FAABE,87,1.8822908401489258,880
COCOMO81,7,FAABE,88,1.8822908401489258,890
COCOMO81,7,FAABE,89,1.8822908401489258,900
COCOMO81,7,FAABE,90,1.8822908401489258,910
COCOMO81,7,FAABE,91,1.8822908401489258,920
COCOMO81,7,FAABE,92,1.8822908401489258,930
COCOMO81,7,FAABE,93,1.8822908401489258,940
COCOMO81,7,FAABE,94,1.8822908401489258,950
COCOMO81,7,FAABE,95,1.8822908401489258,960
COCOMO81,7,FAABE,96,1.8822908401489258,970
COCOMO81,7,FAABE,97,1.8822908401489258,980
COCOMO81,7,FAABE,98,1.8822908401489258,990
COCOMO81,7,FAABE,99,1.8822908401489258,1000
COCOMO81,8,GA-ABE,0,2.2749781608581543,10
COCOMO81,8,GA-ABE,1,1.7296749353408813,20
COCOMO81,8,GA-ABE,2,1.723048448562622,30
COCOMO81,8,GA-ABE,3,1.5361624956130981,40
COCOMO81,8,GA-ABE,4,1.5147168636322021,50
COCOMO81,8,GA-ABE,5,1.4500619173049927,60
COCOMO81,8,GA-ABE,6,1.4469958543777466,70
COCOMO81,8,GA-ABE,7,1.4455958604812622,80
COCOMO81,8,GA-ABE,8,1.4455958604812622,90
COCOMO81,8,GA-ABE,9,1.4455958604812622,100
COCOMO81,8,GA-ABE,10,1.4455958604812622,110
COCOMO81,8,GA-ABE,11,1.4455958604812622,120
COCOMO81,8,GA-ABE,12,1.445205807685852,130
COCOMO81,8,GA-ABE,13,1.4445406198501587,140
COCOMO81,8,GA-ABE,14,1.4442509412765503,150
COCOMO81,8,GA-ABE,15,1.4441801309585571,160
COCOMO81,8,GA-ABE,16,1.4441801309585571,170
COCOMO81,8,GA-ABE,17,1.4437854290008545,180
COCOMO81,8,GA-ABE,18,1.438348412513733,190
COCOMO81,8,GA-ABE,19,1.438348412513733,200
COCOMO81,8,GA-ABE,20,1.4378437995910645,210
COCOMO81,8,GA-ABE,21,1.437442660331726,220
COCOMO81,8,GA-ABE,22,1.4356107711791992,230
COCOMO81,8,GA-ABE,23,1.4356107711791992,240
COCOMO81,8,GA-ABE,24,1.4351450204849243,250
COCOMO81,8,GA-ABE,25,1.4351450204849243,260
COCOMO81,8,GA-ABE,26,1.4346997737884521,270
COCOMO81,8,GA-ABE,27,1.4346997737884521,280
COCOMO81,8,GA-ABE,28,1.434302806854248,290
COCOMO81,8,GA-ABE,29,1.4331732988357544,300
COCOMO81,8,GA-ABE,30,1.4331732988357544,310
COCOMO81,8,GA-ABE,31,1.432761311531067,320
COCOMO81,8,GA-ABE,32,1.432761311531067,330
COCOMO81,8,GA-ABE,33,1.43231201171875,340
COCOMO81,8,GA-ABE,34,1.43231201171875,350
COCOMO81,8,GA-ABE,35,1.43231201171875,360
COCOMO81,8,GA-ABE,36,1.43231201171875,370
COCOMO81,8,GA-ABE,37,1.431397557258606,380
COCOMO81,8,GA-ABE,38,1.431397557258606,390
COCOMO81,8,GA-ABE,39,1.431397557258606,400
COCOMO81,8,GA-ABE,40,1.431397557258606,410
COCOMO81,8,GA-ABE,41,1.431397557258606,420
COCOMO81,8,GA-ABE,42,1.431397557258606,430
COCOMO81,8,GA-ABE,43,1.431397557258606,440
COCOMO81,8,GA-ABE,44,1.4313137531280518,450
COCOMO81,8,GA-ABE,45,1.429898977279663,460
COCOMO81,8,GA-ABE,46,1.4298988580703735,470
COCOMO81,8,GA-ABE,47,1.4292449951171875,480
COCOMO81,8,GA-ABE,48,1.4292449951171875,490
COCOMO81,8,GA-ABE,49,1.4292449951171875,500
COCOMO81,8,GA-ABE,50,1.4292449951171875,510
COCOMO81,8,GA-ABE,51,1.4292449951171875,520
COCOMO81,8,GA-ABE,52,1.4292449951171875,530
COCOMO81,8,GA-ABE,53,1.4292449951171875,540
COCOMO81,8,GA-ABE,54,1.4292449951171875,550
COCOMO81,8,GA-ABE,55,1.4292449951171875,560
COCOMO81,8,GA-ABE,56,1.4290266036987305,570
COCOMO81,8,GA-ABE,57,1.4290266036987305,580
COCOMO81,8,GA-ABE,58,1.4275377988815308,590
COCOMO81,8,GA-ABE,59,1.4275377988815308,600
COCOMO81,8,GA-ABE,60,1.4275377988815308,610
COCOMO81,8,GA-ABE,61,1.4275377988815308,620
COCOMO81,8,GA-ABE,62,1.4275377988815308,630
COCOMO81,8,GA-ABE,63,1.4267135858535767,640
COCOMO81,8,GA-ABE,64,1.4267135858535767,650
COCOMO81,8,GA-ABE,65,1.4267135858535767,660
COCOMO81,8,GA-ABE,66,1.426650047302246,670
COCOMO81,8,GA-ABE,67,1.426650047302246,680
COCOMO81,8,GA-ABE,68,1.426514983177185,690
COCOMO81,8,GA-ABE,69,1.426514983177185,700
COCOMO81,8,GA-ABE,70,1.426514983177185,710
COCOMO81,8,GA-ABE,71,1.426514983177185,720
COCOMO81,8,GA-ABE,72,1.426514983177185,730
COCOMO81,8,GA-ABE,73,1.4249756336212158,740
COCOMO81,8,GA-ABE,74,1.4249756336212158,750
COCOMO81,8,GA-ABE,75,1.4249756336212158,760
COCOMO81,8,GA-ABE,76,1.4249756336212158,770
COCOMO81,8,GA-ABE,77,1.4249756336212158,780
COCOMO81,8,GA-ABE,78,1.4249756336212158,790
COCOMO81,8,GA-ABE,79,1.4248292446136475,800
COCOMO81,8,GA-ABE,80,1.424280047416687,810
COCOMO81,8,GA-ABE,81,1.424280047416687,820
COCOMO81,8,GA-ABE,82,1.424280047416687,830
COCOMO81,8,GA-ABE,83,1.424280047416687,840
COCOMO81,8,GA-ABE,84,1.424280047416687,850
COCOMO81,8,GA-ABE,85,1.424280047416687,860
COCOMO81,8,GA-ABE,86,1.424280047416687,870
COCOMO81,8,GA-ABE,87,1.4231265783309937,880
COCOMO81,8,GA-ABE,88,1.423126459121704,890
COCOMO81,8,GA-ABE,89,1.4224892854690552,900
COCOMO81,8,GA-ABE,90,1.4224892854690552,910
COCOMO81,8,GA-ABE,91,1.4224892854690552,920
COCOMO81,8,GA-ABE,92,1.4224892854690552,930
COCOMO81,8,GA-ABE,93,1.4224892854690552,940
COCOMO81,8,GA-ABE,94,1.4224892854690552,950
COCOMO81,8,GA-ABE,95,1.4224892854690552,960
COCOMO81,8,GA-ABE,96,1.4224892854690552,970
COCOMO81,8,GA-ABE,97,1.4224892854690552,980
COCOMO81,8,GA-ABE,98,1.4207748174667358,990
COCOMO81,8,GA-ABE,99,1.4207748174667358,1000
COCOMO81,8,PSO-ABE,0,2.0659308433532715,10
COCOMO81,8,PSO-ABE,1,1.6772810220718384,20
COCOMO81,8,PSO-ABE,2,1.4489796161651611,30
COCOMO81,8,PSO-ABE,3,1.4489796161651611,40
COCOMO81,8,PSO-ABE,4,1.4489796161651611,50
COCOMO81,8,PSO-ABE,5,1.4489796161651611,60
COCOMO81,8,PSO-ABE,6,1.4489796161651611,70
COCOMO81,8,PSO-ABE,7,1.4489796161651611,80
COCOMO81,8,PSO-ABE,8,1.4489796161651611,90
COCOMO81,8,PSO-ABE,9,1.4424912929534912,100
COCOMO81,8,PSO-ABE,10,1.4424912929534912,110
COCOMO81,8,PSO-ABE,11,1.439179539680481,120
COCOMO81,8,PSO-ABE,12,1.439179539680481,130
COCOMO81,8,PSO-ABE,13,1.439179539680481,140
COCOMO81,8,PSO-ABE,14,1.4326382875442505,150
COCOMO81,8,PSO-ABE,15,1.4326382875442505,160
COCOMO81,8,PSO-ABE,16,1.4326382875442505,170
COCOMO81,8,PSO-ABE,17,1.4326382875442505,180
COCOMO81,8,PSO-ABE,18,1.4326382875442505,190
COCOMO81,8,PSO-ABE,19,1.4326382875442505,200
COCOMO81,8,PSO-ABE,20,1.4326382875442505,210
COCOMO81,8,PSO-ABE,21,1.4322941303253174,220
COCOMO81,8,PSO-ABE,22,1.4322941303253174,230
COCOMO81,8,PSO-ABE,23,1.4322941303253174,240
COCOMO81,8,PSO-ABE,24,1.4322941303253174,250
COCOMO81,8,PSO-ABE,25,1.4322941303253174,260
COCOMO81,8,PSO-ABE,26,1.4322941303253174,270
COCOMO81,8,PSO-ABE,27,1.4322941303253174,280
COCOMO81,8,PSO-ABE,28,1.4322941303253174,290
COCOMO81,8,PSO-ABE,29,1.4322941303253174,300
COCOMO81,8,PSO-ABE,30,1.4322941303253174,310
COCOMO81,8,PSO-ABE,31,1.4322941303253174,320
COCOMO81,8,PSO-ABE,32,1.4322941303253174,330
COCOMO81,8,PSO-ABE,33,1.4321426153182983,340
COCOMO81,8,PSO-ABE,34,1.4321426153182983,350
COCOMO81,8,PSO-ABE,35,1.4321426153182983,360
COCOMO81,8,PSO-ABE,36,1.4321426153182983,370
COCOMO81,8,PSO-ABE,37,1.4321426153182983,380
COCOMO81,8,PSO-ABE,38,1.432094931602478,390
COCOMO81,8,PSO-ABE,39,1.432094931602478,400
COCOMO81,8,PSO-ABE,40,1.431993842124939,410
COCOMO81,8,PSO-ABE,41,1.431993842124939,420
COCOMO81,8,PSO-ABE,42,1.431993842124939,430
COCOMO81,8,PSO-ABE,43,1.431993842124939,440
COCOMO81,8,PSO-ABE,44,1.431993842124939,450
COCOMO81,8,PSO-ABE,45,1.431993842124939,460
COCOMO81,8,PSO-ABE,46,1.431993842124939,470
COCOMO81,8,PSO-ABE,47,1.431993842124939,480
COCOMO81,8,PSO-ABE,48,1.431993842124939,490
COCOMO81,8,PSO-ABE,49,1.4319814443588257,500
COCOMO81,8,PSO-ABE,50,1.4319814443588257,510
COCOMO81,8,PSO-ABE,51,1.431955099105835,520
COCOMO81,8,PSO-ABE,52,1.431955099105835,530
COCOMO81,8,PSO-ABE,53,1.431955099105835,540
COCOMO81,8,PSO-ABE,54,1.431955099105835,550
COCOMO81,8,PSO-ABE,55,1.431955099105835,560
COCOMO81,8,PSO-ABE,56,1.431955099105835,570
COCOMO81,8,PSO-ABE,57,1.431955099105835,580
COCOMO81,8,PSO-ABE,58,1.431955099105835,590
COCOMO81,8,PSO-ABE,59,1.4319229125976562,600
COCOMO81,8,PSO-ABE,60,1.4319229125976562,610
COCOMO81,8,PSO-ABE,61,1.4319229125976562,620
COCOMO81,8,PSO-ABE,62,1.4319229125976562,630
COCOMO81,8,PSO-ABE,63,1.431903600692749,640
COCOMO81,8,PSO-ABE,64,1.431903600692749,650
COCOMO81,8,PSO-ABE,65,1.4318795204162598,660
COCOMO81,8,PSO-ABE,66,1.4318795204162598,670
COCOMO81,8,PSO-ABE,67,1.4318764209747314,680
COCOMO81,8,PSO-ABE,68,1.4318764209747314,690
COCOMO81,8,PSO-ABE,69,1.4318764209747314,700
COCOMO81,8,PSO-ABE,70,1.4318764209747314,710
COCOMO81,8,PSO-ABE,71,1.4318764209747314,720
COCOMO81,8,PSO-ABE,72,1.4318764209747314,730
COCOMO81,8,PSO-ABE,73,1.4318764209747314,740
COCOMO81,8,PSO-ABE,74,1.4318764209747314,750
COCOMO81,8,PSO-ABE,75,1.4318764209747314,760
COCOMO81,8,PSO-ABE,76,1.4318764209747314,770
COCOMO81,8,PSO-ABE,77,1.4318764209747314,780
COCOMO81,8,PSO-ABE,78,1.4318764209747314,790
COCOMO81,8,PSO-ABE,79,1.4318764209747314,800
COCOMO81,8,PSO-ABE,80,1.4318764209747314,810
COCOMO81,8,PSO-ABE,81,1.4318764209747314,820
COCOMO81,8,PSO-ABE,82,1.4318764209747314,830
COCOMO81,8,PSO-ABE,83,1.4318764209747314,840
COCOMO81,8,PSO-ABE,84,1.4318764209747314,850
COCOMO81,8,PSO-ABE,85,1.4318764209747314,860
COCOMO81,8,PSO-ABE,86,1.4318764209747314,870
COCOMO81,8,PSO-ABE,87,1.4318764209747314,880
COCOMO81,8,PSO-ABE,88,1.4318760633468628,890
COCOMO81,8,PSO-ABE,89,1.4318760633468628,900
COCOMO81,8,PSO-ABE,90,1.4318760633468628,910
COCOMO81,8,PSO-ABE,91,1.4318760633468628,920
COCOMO81,8,PSO-ABE,92,1.4318760633468628,930
COCOMO81,8,PSO-ABE,93,1.4318732023239136,940
COCOMO81,8,PSO-ABE,94,1.4318732023239136,950
COCOMO81,8,PSO-ABE,95,1.4318732023239136,960
COCOMO81,8,PSO-ABE,96,1.4318732023239136,970
COCOMO81,8,PSO-ABE,97,1.4318732023239136,980
COCOMO81,8,PSO-ABE,98,1.4318732023239136,990
COCOMO81,8,PSO-ABE,99,1.4318732023239136,1000
COCOMO81,8,DE-ABE,0,1.574432611465454,10
COCOMO81,8,DE-ABE,1,1.574432611465454,20
COCOMO81,8,DE-ABE,2,1.4826397895812988,30
COCOMO81,8,DE-ABE,3,1.482611060142517,40
COCOMO81,8,DE-ABE,4,1.482611060142517,50
COCOMO81,8,DE-ABE,5,1.4804714918136597,60
COCOMO81,8,DE-ABE,6,1.4804714918136597,70
COCOMO81,8,DE-ABE,7,1.4804714918136597,80
COCOMO81,8,DE-ABE,8,1.4804714918136597,90
COCOMO81,8,DE-ABE,9,1.4804714918136597,100
COCOMO81,8,DE-ABE,10,1.4612082242965698,110
COCOMO81,8,DE-ABE,11,1.4612082242965698,120
COCOMO81,8,DE-ABE,12,1.4612082242965698,130
COCOMO81,8,DE-ABE,13,1.4612082242965698,140
COCOMO81,8,DE-ABE,14,1.4612082242965698,150
COCOMO81,8,DE-ABE,15,1.4612082242965698,160
COCOMO81,8,DE-ABE,16,1.4609841108322144,170
COCOMO81,8,DE-ABE,17,1.4609841108322144,180
COCOMO81,8,DE-ABE,18,1.4609841108322144,190
COCOMO81,8,DE-ABE,19,1.4609841108322144,200
COCOMO81,8,DE-ABE,20,1.4609841108322144,210
COCOMO81,8,DE-ABE,21,1.4609752893447876,220
COCOMO81,8,DE-ABE,22,1.4608906507492065,230
COCOMO81,8,DE-ABE,23,1.4608677625656128,240
COCOMO81,8,DE-ABE,24,1.4608677625656128,250
COCOMO81,8,DE-ABE,25,1.4608677625656128,260
COCOMO81,8,DE-ABE,26,1.4608408212661743,270
COCOMO81,8,DE-ABE,27,1.4608006477355957,280
COCOMO81,8,DE-ABE,28,1.4607607126235962,290
COCOMO81,8,DE-ABE,29,1.4607607126235962,300
COCOMO81,8,DE-ABE,30,1.4607607126235962,310
COCOMO81,8,DE-ABE,31,1.4607607126235962,320
COCOMO81,8,DE-ABE,32,1.4607607126235962,330
COCOMO81,8,DE-ABE,33,1.4607470035552979,340
COCOMO81,8,DE-ABE,34,1.4607470035552979,350
COCOMO81,8,DE-ABE,35,1.4607470035552979,360
COCOMO81,8,DE-ABE,36,1.4607466459274292,370
COCOMO81,8,DE-ABE,37,1.4607445001602173,380
COCOMO81,8,DE-ABE,38,1.4607408046722412,390
COCOMO81,8,DE-ABE,39,1.4607399702072144,400
COCOMO81,8,DE-ABE,40,1.4607371091842651,410
COCOMO81,8,DE-ABE,41,1.4607352018356323,420
COCOMO81,8,DE-ABE,42,1.4607338905334473,430
COCOMO81,8,DE-ABE,43,1.4607338905334473,440
COCOMO81,8,DE-ABE,44,1.4607338905334473,450
COCOMO81,8,DE-ABE,45,1.4607338905334473,460
COCOMO81,8,DE-ABE,46,1.4607338905334473,470
COCOMO81,8,DE-ABE,47,1.4607338905334473,480
COCOMO81,8,DE-ABE,48,1.4607336521148682,490
COCOMO81,8,DE-ABE,49,1.4607336521148682,500
COCOMO81,8,DE-ABE,50,1.4607336521148682,510
COCOMO81,8,DE-ABE,51,1.4607335329055786,520
COCOMO81,8,DE-ABE,52,1.4607332944869995,530
COCOMO81,8,DE-ABE,53,1.4607332944869995,540
COCOMO81,8,DE-ABE,54,1.4607332944869995,550
COCOMO81,8,DE-ABE,55,1.4607332944869995,560
COCOMO81,8,DE-ABE,56,1.4607332944869995,570
COCOMO81,8,DE-ABE,57,1.4607332944869995,580
COCOMO81,8,DE-ABE,58,1.4607332944869995,590
COCOMO81,8,DE-ABE,59,1.46073317527771,600
COCOMO81,8,DE-ABE,60,1.46073317527771,610
COCOMO81,8,DE-ABE,61,1.46073317527771,620
COCOMO81,8,DE-ABE,62,1.46073317527771,630
COCOMO81,8,DE-ABE,63,1.46073317527771,640
COCOMO81,8,DE-ABE,64,1.46073317527771,650
COCOMO81,8,DE-ABE,65,1.46073317527771,660
COCOMO81,8,DE-ABE,66,1.46073317527771,670
COCOMO81,8,DE-ABE,67,1.46073317527771,680
COCOMO81,8,DE-ABE,68,1.46073317527771,690
COCOMO81,8,DE-ABE,69,1.46073317527771,700
COCOMO81,8,DE-ABE,70,1.46073317527771,710
COCOMO81,8,DE-ABE,71,1.46073317527771,720
COCOMO81,8,DE-ABE,72,1.46073317527771,730
COCOMO81,8,DE-ABE,73,1.46073317527771,740
COCOMO81,8,DE-ABE,74,1.46073317527771,750
COCOMO81,8,DE-ABE,75,1.46073317527771,760
COCOMO81,8,DE-ABE,76,1.46073317527771,770
COCOMO81,8,DE-ABE,77,1.46073317527771,780
COCOMO81,8,DE-ABE,78,1.46073317527771,790
COCOMO81,8,DE-ABE,79,1.46073317527771,800
COCOMO81,8,DE-ABE,80,1.46073317527771,810
COCOMO81,8,DE-ABE,81,1.46073317527771,820
COCOMO81,8,DE-ABE,82,1.46073317527771,830
COCOMO81,8,DE-ABE,83,1.46073317527771,840
COCOMO81,8,DE-ABE,84,1.46073317527771,850
COCOMO81,8,DE-ABE,85,1.46073317527771,860
COCOMO81,8,DE-ABE,86,1.46073317527771,870
COCOMO81,8,DE-ABE,87,1.46073317527771,880
COCOMO81,8,DE-ABE,88,1.46073317527771,890
COCOMO81,8,DE-ABE,89,1.46073317527771,900
COCOMO81,8,DE-ABE,90,1.46073317527771,910
COCOMO81,8,DE-ABE,91,1.46073317527771,920
COCOMO81,8,DE-ABE,92,1.46073317527771,930
COCOMO81,8,DE-ABE,93,1.46073317527771,940
COCOMO81,8,DE-ABE,94,1.46073317527771,950
COCOMO81,8,DE-ABE,95,1.46073317527771,960
COCOMO81,8,DE-ABE,96,1.46073317527771,970
COCOMO81,8,DE-ABE,97,1.46073317527771,980
COCOMO81,8,DE-ABE,98,1.46073317527771,990
COCOMO81,8,DE-ABE,99,1.46073317527771,1000
COCOMO81,8,GWO-ABE,0,2.1737148761749268,10
COCOMO81,8,GWO-ABE,1,1.8694126605987549,20
COCOMO81,8,GWO-ABE,2,1.9780263900756836,30
COCOMO81,8,GWO-ABE,3,1.9764524698257446,40
COCOMO81,8,GWO-ABE,4,1.9659565687179565,50
COCOMO81,8,GWO-ABE,5,1.7905362844467163,60
COCOMO81,8,GWO-ABE,6,1.8766449689865112,70
COCOMO81,8,GWO-ABE,7,1.8403353691101074,80
COCOMO81,8,GWO-ABE,8,1.7897628545761108,90
COCOMO81,8,GWO-ABE,9,1.7897158861160278,100
COCOMO81,8,GWO-ABE,10,1.7916475534439087,110
COCOMO81,8,GWO-ABE,11,1.7991224527359009,120
COCOMO81,8,GWO-ABE,12,1.798125982284546,130
COCOMO81,8,GWO-ABE,13,1.791345238685608,140
COCOMO81,8,GWO-ABE,14,1.8666709661483765,150
COCOMO81,8,GWO-ABE,15,1.8605577945709229,160
COCOMO81,8,GWO-ABE,16,1.7833715677261353,170
COCOMO81,8,GWO-ABE,17,1.7887396812438965,180
COCOMO81,8,GWO-ABE,18,1.7898391485214233,190
COCOMO81,8,GWO-ABE,19,1.7933812141418457,200
COCOMO81,8,GWO-ABE,20,1.7892706394195557,210
COCOMO81,8,GWO-ABE,21,1.7781957387924194,220
COCOMO81,8,GWO-ABE,22,1.7867473363876343,230
COCOMO81,8,GWO-ABE,23,1.7981704473495483,240
COCOMO81,8,GWO-ABE,24,1.784266471862793,250
COCOMO81,8,GWO-ABE,25,1.8649224042892456,260
COCOMO81,8,GWO-ABE,26,1.5888994932174683,270
COCOMO81,8,GWO-ABE,27,1.6515120267868042,280
COCOMO81,8,GWO-ABE,28,1.7126272916793823,290
COCOMO81,8,GWO-ABE,29,1.697984218597412,300
COCOMO81,8,GWO-ABE,30,1.5582791566848755,310
COCOMO81,8,GWO-ABE,31,1.5240287780761719,320
COCOMO81,8,GWO-ABE,32,1.5082807540893555,330
COCOMO81,8,GWO-ABE,33,1.4829281568527222,340
COCOMO81,8,GWO-ABE,34,1.4697294235229492,350
COCOMO81,8,GWO-ABE,35,1.4617327451705933,360
COCOMO81,8,GWO-ABE,36,1.4709389209747314,370
COCOMO81,8,GWO-ABE,37,1.4712713956832886,380
COCOMO81,8,GWO-ABE,38,1.4912233352661133,390
COCOMO81,8,GWO-ABE,39,1.4792190790176392,400
COCOMO81,8,GWO-ABE,40,1.4677084684371948,410
COCOMO81,8,GWO-ABE,41,1.4719254970550537,420
COCOMO81,8,GWO-ABE,42,1.464056134223938,430
COCOMO81,8,GWO-ABE,43,1.5023785829544067,440
COCOMO81,8,GWO-ABE,44,1.4615983963012695,450
COCOMO81,8,GWO-ABE,45,1.505242943763733,460
COCOMO81,8,GWO-ABE,46,1.464674472808838,470
COCOMO81,8,GWO-ABE,47,1.4831937551498413,480
COCOMO81,8,GWO-ABE,48,1.482957124710083,490
COCOMO81,8,GWO-ABE,49,1.5021806955337524,500
COCOMO81,8,GWO-ABE,50,1.47671639919281,510
COCOMO81,8,GWO-ABE,51,1.4775927066802979,520
COCOMO81,8,GWO-ABE,52,1.4622119665145874,530
COCOMO81,8,GWO-ABE,53,1.463364601135254,540
COCOMO81,8,GWO-ABE,54,1.4610893726348877,550
COCOMO81,8,GWO-ABE,55,1.462443232536316,560
COCOMO81,8,GWO-ABE,56,1.4688200950622559,570
COCOMO81,8,GWO-ABE,57,1.4657047986984253,580
COCOMO81,8,GWO-ABE,58,1.4646910429000854,590
COCOMO81,8,GWO-ABE,59,1.4634827375411987,600
COCOMO81,8,GWO-ABE,60,1.461183786392212,610
COCOMO81,8,GWO-ABE,61,1.4614962339401245,620
COCOMO81,8,GWO-ABE,62,1.4654641151428223,630
COCOMO81,8,GWO-ABE,63,1.4634313583374023,640
COCOMO81,8,GWO-ABE,64,1.4640032052993774,650
COCOMO81,8,GWO-ABE,65,1.4643365144729614,660
COCOMO81,8,GWO-ABE,66,1.487228274345398,670
COCOMO81,8,GWO-ABE,67,1.4623640775680542,680
COCOMO81,8,GWO-ABE,68,1.4642407894134521,690
COCOMO81,8,GWO-ABE,69,1.4620169401168823,700
COCOMO81,8,GWO-ABE,70,1.4643666744232178,710
COCOMO81,8,GWO-ABE,71,1.4641343355178833,720
COCOMO81,8,GWO-ABE,72,1.464967131614685,730
COCOMO81,8,GWO-ABE,73,1.4638949632644653,740
COCOMO81,8,GWO-ABE,74,1.4622724056243896,750
COCOMO81,8,GWO-ABE,75,1.4623422622680664,760
COCOMO81,8,GWO-ABE,76,1.475703239440918,770
COCOMO81,8,GWO-ABE,77,1.4773436784744263,780
COCOMO81,8,GWO-ABE,78,1.4758055210113525,790
COCOMO81,8,GWO-ABE,79,1.4744818210601807,800
COCOMO81,8,GWO-ABE,80,1.4791432619094849,810
COCOMO81,8,GWO-ABE,81,1.4746477603912354,820
COCOMO81,8,GWO-ABE,82,1.4737045764923096,830
COCOMO81,8,GWO-ABE,83,1.4733246564865112,840
COCOMO81,8,GWO-ABE,84,1.4738316535949707,850
COCOMO81,8,GWO-ABE,85,1.473962664604187,860
COCOMO81,8,GWO-ABE,86,1.4778752326965332,870
COCOMO81,8,GWO-ABE,87,1.4748716354370117,880
COCOMO81,8,GWO-ABE,88,1.4734762907028198,890
COCOMO81,8,GWO-ABE,89,1.475069284439087,900
COCOMO81,8,GWO-ABE,90,1.4747909307479858,910
COCOMO81,8,GWO-ABE,91,1.4737143516540527,920
COCOMO81,8,GWO-ABE,92,1.4732931852340698,930
COCOMO81,8,GWO-ABE,93,1.4741034507751465,940
COCOMO81,8,GWO-ABE,94,1.4738540649414062,950
COCOMO81,8,GWO-ABE,95,1.4734309911727905,960
COCOMO81,8,GWO-ABE,96,1.473088264465332,970
COCOMO81,8,GWO-ABE,97,1.4733752012252808,980
COCOMO81,8,GWO-ABE,98,1.4731009006500244,990
COCOMO81,8,GWO-ABE,99,1.4731411933898926,1000
COCOMO81,8,WOA-ABE,0,2.125537633895874,10
COCOMO81,8,WOA-ABE,1,2.0591540336608887,20
COCOMO81,8,WOA-ABE,2,1.9762394428253174,30
COCOMO81,8,WOA-ABE,3,1.6828280687332153,40
COCOMO81,8,WOA-ABE,4,1.633060336112976,50
COCOMO81,8,WOA-ABE,5,1.5521076917648315,60
COCOMO81,8,WOA-ABE,6,1.5385249853134155,70
COCOMO81,8,WOA-ABE,7,1.5115495920181274,80
COCOMO81,8,WOA-ABE,8,1.467742681503296,90
COCOMO81,8,WOA-ABE,9,1.467742681503296,100
COCOMO81,8,WOA-ABE,10,1.467742681503296,110
COCOMO81,8,WOA-ABE,11,1.467742681503296,120
COCOMO81,8,WOA-ABE,12,1.467742681503296,130
COCOMO81,8,WOA-ABE,13,1.467742681503296,140
COCOMO81,8,WOA-ABE,14,1.467742681503296,150
COCOMO81,8,WOA-ABE,15,1.467742681503296,160
COCOMO81,8,WOA-ABE,16,1.467742681503296,170
COCOMO81,8,WOA-ABE,17,1.467742681503296,180
COCOMO81,8,WOA-ABE,18,1.467742681503296,190
COCOMO81,8,WOA-ABE,19,1.467742681503296,200
COCOMO81,8,WOA-ABE,20,1.467742681503296,210
COCOMO81,8,WOA-ABE,21,1.467742681503296,220
COCOMO81,8,WOA-ABE,22,1.467742681503296,230
COCOMO81,8,WOA-ABE,23,1.467742681503296,240
COCOMO81,8,WOA-ABE,24,1.467742681503296,250
COCOMO81,8,WOA-ABE,25,1.467742681503296,260
COCOMO81,8,WOA-ABE,26,1.467742681503296,270
COCOMO81,8,WOA-ABE,27,1.467742681503296,280
COCOMO81,8,WOA-ABE,28,1.4668997526168823,290
COCOMO81,8,WOA-ABE,29,1.4667881727218628,300
COCOMO81,8,WOA-ABE,30,1.4644906520843506,310
COCOMO81,8,WOA-ABE,31,1.4637084007263184,320
COCOMO81,8,WOA-ABE,32,1.4637084007263184,330
COCOMO81,8,WOA-ABE,33,1.46270751953125,340
COCOMO81,8,WOA-ABE,34,1.461999535560608,350
COCOMO81,8,WOA-ABE,35,1.461999535560608,360
COCOMO81,8,WOA-ABE,36,1.461999535560608,370
COCOMO81,8,WOA-ABE,37,1.461778998374939,380
COCOMO81,8,WOA-ABE,38,1.461778998374939,390
COCOMO81,8,WOA-ABE,39,1.461778998374939,400
COCOMO81,8,WOA-ABE,40,1.461778998374939,410
COCOMO81,8,WOA-ABE,41,1.461778998374939,420
COCOMO81,8,WOA-ABE,42,1.461778998374939,430
COCOMO81,8,WOA-ABE,43,1.461778998374939,440
COCOMO81,8,WOA-ABE,44,1.4616886377334595,450
COCOMO81,8,WOA-ABE,45,1.4613142013549805,460
COCOMO81,8,WOA-ABE,46,1.4613091945648193,470
COCOMO81,8,WOA-ABE,47,1.4613010883331299,480
COCOMO81,8,WOA-ABE,48,1.4613010883331299,490
COCOMO81,8,WOA-ABE,49,1.4613010883331299,500
COCOMO81,8,WOA-ABE,50,1.4613010883331299,510
COCOMO81,8,WOA-ABE,51,1.4610474109649658,520
COCOMO81,8,WOA-ABE,52,1.4610474109649658,530
COCOMO81,8,WOA-ABE,53,1.4610474109649658,540
COCOMO81,8,WOA-ABE,54,1.4610298871994019,550
COCOMO81,8,WOA-ABE,55,1.4610298871994019,560
COCOMO81,8,WOA-ABE,56,1.4610298871994019,570
COCOMO81,8,WOA-ABE,57,1.4610298871994019,580
COCOMO81,8,WOA-ABE,58,1.4610298871994019,590
COCOMO81,8,WOA-ABE,59,1.461016058921814,600
COCOMO81,8,WOA-ABE,60,1.461016058921814,610
COCOMO81,8,WOA-ABE,61,1.461016058921814,620
COCOMO81,8,WOA-ABE,62,1.461016058921814,630
COCOMO81,8,WOA-ABE,63,1.461016058921814,640
COCOMO81,8,WOA-ABE,64,1.461016058921814,650
COCOMO81,8,WOA-ABE,65,1.461016058921814,660
COCOMO81,8,WOA-ABE,66,1.461016058921814,670
COCOMO81,8,WOA-ABE,67,1.461016058921814,680
COCOMO81,8,WOA-ABE,68,1.461016058921814,690
COCOMO81,8,WOA-ABE,69,1.461016058921814,700
COCOMO81,8,WOA-ABE,70,1.461016058921814,710
COCOMO81,8,WOA-ABE,71,1.461016058921814,720
COCOMO81,8,WOA-ABE,72,1.461016058921814,730
COCOMO81,8,WOA-ABE,73,1.461016058921814,740
COCOMO81,8,WOA-ABE,74,1.461016058921814,750
COCOMO81,8,WOA-ABE,75,1.461016058921814,760
COCOMO81,8,WOA-ABE,76,1.460839867591858,770
COCOMO81,8,WOA-ABE,77,1.460839867591858,780
COCOMO81,8,WOA-ABE,78,1.4608176946640015,790
COCOMO81,8,WOA-ABE,79,1.4608176946640015,800
COCOMO81,8,WOA-ABE,80,1.4608176946640015,810
COCOMO81,8,WOA-ABE,81,1.4608176946640015,820
COCOMO81,8,WOA-ABE,82,1.4608176946640015,830
COCOMO81,8,WOA-ABE,83,1.4608176946640015,840
COCOMO81,8,WOA-ABE,84,1.4608176946640015,850
COCOMO81,8,WOA-ABE,85,1.4608176946640015,860
COCOMO81,8,WOA-ABE,86,1.4608176946640015,870
COCOMO81,8,WOA-ABE,87,1.4608176946640015,880
COCOMO81,8,WOA-ABE,88,1.4608176946640015,890
COCOMO81,8,WOA-ABE,89,1.4608176946640015,900
COCOMO81,8,WOA-ABE,90,1.4608176946640015,910
COCOMO81,8,WOA-ABE,91,1.4608176946640015,920
COCOMO81,8,WOA-ABE,92,1.4607691764831543,930
COCOMO81,8,WOA-ABE,93,1.4607691764831543,940
COCOMO81,8,WOA-ABE,94,1.4607691764831543,950
COCOMO81,8,WOA-ABE,95,1.4607691764831543,960
COCOMO81,8,WOA-ABE,96,1.4607691764831543,970
COCOMO81,8,WOA-ABE,97,1.4607691764831543,980
COCOMO81,8,WOA-ABE,98,1.4607678651809692,990
COCOMO81,8,WOA-ABE,99,1.4607545137405396,1000
COCOMO81,8,FAABE,0,2.1836869716644287,10
COCOMO81,8,FAABE,1,2.1836869716644287,20
COCOMO81,8,FAABE,2,1.536744236946106,30
COCOMO81,8,FAABE,3,1.524372935295105,40
COCOMO81,8,FAABE,4,1.524372935295105,50
COCOMO81,8,FAABE,5,1.524372935295105,60
COCOMO81,8,FAABE,6,1.524372935295105,70
COCOMO81,8,FAABE,7,1.524372935295105,80
COCOMO81,8,FAABE,8,1.5089398622512817,90
COCOMO81,8,FAABE,9,1.5089398622512817,100
COCOMO81,8,FAABE,10,1.5089398622512817,110
COCOMO81,8,FAABE,11,1.5089398622512817,120
COCOMO81,8,FAABE,12,1.5089398622512817,130
COCOMO81,8,FAABE,13,1.5089398622512817,140
COCOMO81,8,FAABE,14,1.5089398622512817,150
COCOMO81,8,FAABE,15,1.4679334163665771,160
COCOMO81,8,FAABE,16,1.4679334163665771,170
COCOMO81,8,FAABE,17,1.4679334163665771,180
COCOMO81,8,FAABE,18,1.4679334163665771,190
COCOMO81,8,FAABE,19,1.447794795036316,200
COCOMO81,8,FAABE,20,1.447794795036316,210
COCOMO81,8,FAABE,21,1.4346259832382202,220
COCOMO81,8,FAABE,22,1.4346259832382202,230
COCOMO81,8,FAABE,23,1.4346259832382202,240
COCOMO81,8,FAABE,24,1.4346259832382202,250
COCOMO81,8,FAABE,25,1.4346259832382202,260
COCOMO81,8,FAABE,26,1.4346259832382202,270
COCOMO81,8,FAABE,27,1.4346259832382202,280
COCOMO81,8,FAABE,28,1.4346259832382202,290
COCOMO81,8,FAABE,29,1.4346259832382202,300
COCOMO81,8,FAABE,30,1.4346259832382202,310
COCOMO81,8,FAABE,31,1.4346259832382202,320
COCOMO81,8,FAABE,32,1.4346259832382202,330
COCOMO81,8,FAABE,33,1.4346259832382202,340
COCOMO81,8,FAABE,34,1.4346259832382202,350
COCOMO81,8,FAABE,35,1.4346259832382202,360
COCOMO81,8,FAABE,36,1.4346259832382202,370
COCOMO81,8,FAABE,37,1.4346259832382202,380
COCOMO81,8,FAABE,38,1.4346259832382202,390
COCOMO81,8,FAABE,39,1.4346259832382202,400
COCOMO81,8,FAABE,40,1.4346259832382202,410
COCOMO81,8,FAABE,41,1.4346259832382202,420
COCOMO81,8,FAABE,42,1.4346259832382202,430
COCOMO81,8,FAABE,43,1.4346259832382202,440
COCOMO81,8,FAABE,44,1.4346259832382202,450
COCOMO81,8,FAABE,45,1.4346259832382202,460
COCOMO81,8,FAABE,46,1.4346259832382202,470
COCOMO81,8,FAABE,47,1.4346259832382202,480
COCOMO81,8,FAABE,48,1.4346259832382202,490
COCOMO81,8,FAABE,49,1.4346259832382202,500
COCOMO81,8,FAABE,50,1.4346259832382202,510
COCOMO81,8,FAABE,51,1.4346259832382202,520
COCOMO81,8,FAABE,52,1.4346259832382202,530
COCOMO81,8,FAABE,53,1.4346259832382202,540
COCOMO81,8,FAABE,54,1.4346259832382202,550
COCOMO81,8,FAABE,55,1.4346259832382202,560
COCOMO81,8,FAABE,56,1.4339392185211182,570
COCOMO81,8,FAABE,57,1.4339392185211182,580
COCOMO81,8,FAABE,58,1.4339392185211182,590
COCOMO81,8,FAABE,59,1.4339392185211182,600
COCOMO81,8,FAABE,60,1.4339392185211182,610
COCOMO81,8,FAABE,61,1.4339392185211182,620
COCOMO81,8,FAABE,62,1.4339392185211182,630
COCOMO81,8,FAABE,63,1.4339392185211182,640
COCOMO81,8,FAABE,64,1.4339392185211182,650
COCOMO81,8,FAABE,65,1.4339392185211182,660
COCOMO81,8,FAABE,66,1.4339392185211182,670
COCOMO81,8,FAABE,67,1.4339392185211182,680
COCOMO81,8,FAABE,68,1.4339392185211182,690
COCOMO81,8,FAABE,69,1.4339392185211182,700
COCOMO81,8,FAABE,70,1.4339392185211182,710
COCOMO81,8,FAABE,71,1.4339392185211182,720
COCOMO81,8,FAABE,72,1.4339392185211182,730
COCOMO81,8,FAABE,73,1.4339392185211182,740
COCOMO81,8,FAABE,74,1.4339392185211182,750
COCOMO81,8,FAABE,75,1.4339392185211182,760
COCOMO81,8,FAABE,76,1.4339392185211182,770
COCOMO81,8,FAABE,77,1.4339392185211182,780
COCOMO81,8,FAABE,78,1.4339392185211182,790
COCOMO81,8,FAABE,79,1.4339392185211182,800
COCOMO81,8,FAABE,80,1.4339392185211182,810
COCOMO81,8,FAABE,81,1.4339392185211182,820
COCOMO81,8,FAABE,82,1.4339392185211182,830
COCOMO81,8,FAABE,83,1.4339392185211182,840
COCOMO81,8,FAABE,84,1.4339392185211182,850
COCOMO81,8,FAABE,85,1.4339392185211182,860
COCOMO81,8,FAABE,86,1.4339392185211182,870
COCOMO81,8,FAABE,87,1.4339392185211182,880
COCOMO81,8,FAABE,88,1.4339392185211182,890
COCOMO81,8,FAABE,89,1.4339392185211182,900
COCOMO81,8,FAABE,90,1.4339392185211182,910
COCOMO81,8,FAABE,91,1.4339392185211182,920
COCOMO81,8,FAABE,92,1.4339392185211182,930
COCOMO81,8,FAABE,93,1.4339392185211182,940
COCOMO81,8,FAABE,94,1.4339392185211182,950
COCOMO81,8,FAABE,95,1.4339392185211182,960
COCOMO81,8,FAABE,96,1.4339392185211182,970
COCOMO81,8,FAABE,97,1.4339392185211182,980
COCOMO81,8,FAABE,98,1.4339392185211182,990
COCOMO81,8,FAABE,99,1.4339392185211182,1000
COCOMO81,9,GA-ABE,0,1.5474001169204712,10
COCOMO81,9,GA-ABE,1,1.5130598545074463,20
COCOMO81,9,GA-ABE,2,1.4928933382034302,30
COCOMO81,9,GA-ABE,3,1.4928933382034302,40
COCOMO81,9,GA-ABE,4,1.492893099784851,50
COCOMO81,9,GA-ABE,5,1.4918971061706543,60
COCOMO81,9,GA-ABE,6,1.4918971061706543,70
COCOMO81,9,GA-ABE,7,1.4918971061706543,80
COCOMO81,9,GA-ABE,8,1.4886479377746582,90
COCOMO81,9,GA-ABE,9,1.4886479377746582,100
COCOMO81,9,GA-ABE,10,1.4886479377746582,110
COCOMO81,9,GA-ABE,11,1.4885838031768799,120
COCOMO81,9,GA-ABE,12,1.4885838031768799,130
COCOMO81,9,GA-ABE,13,1.4882762432098389,140
COCOMO81,9,GA-ABE,14,1.4882721900939941,150
COCOMO81,9,GA-ABE,15,1.488266944885254,160
COCOMO81,9,GA-ABE,16,1.488266944885254,170
COCOMO81,9,GA-ABE,17,1.488266944885254,180
COCOMO81,9,GA-ABE,18,1.488266944885254,190
COCOMO81,9,GA-ABE,19,1.488266944885254,200
COCOMO81,9,GA-ABE,20,1.4695870876312256,210
COCOMO81,9,GA-ABE,21,1.467293620109558,220
COCOMO81,9,GA-ABE,22,1.4672759771347046,230
COCOMO81,9,GA-ABE,23,1.4672125577926636,240
COCOMO81,9,GA-ABE,24,1.4672110080718994,250
COCOMO81,9,GA-ABE,25,1.4672110080718994,260
COCOMO81,9,GA-ABE,26,1.463944911956787,270
COCOMO81,9,GA-ABE,27,1.463944911956787,280
COCOMO81,9,GA-ABE,28,1.463944911956787,290
COCOMO81,9,GA-ABE,29,1.463944911956787,300
COCOMO81,9,GA-ABE,30,1.4614461660385132,310
COCOMO81,9,GA-ABE,31,1.4614461660385132,320
COCOMO81,9,GA-ABE,32,1.4614461660385132,330
COCOMO81,9,GA-ABE,33,1.4614461660385132,340
COCOMO81,9,GA-ABE,34,1.4614461660385132,350
COCOMO81,9,GA-ABE,35,1.4569857120513916,360
COCOMO81,9,GA-ABE,36,1.4569857120513916,370
COCOMO81,9,GA-ABE,37,1.4567885398864746,380
COCOMO81,9,GA-ABE,38,1.4567885398864746,390
COCOMO81,9,GA-ABE,39,1.4566537141799927,400
COCOMO81,9,GA-ABE,40,1.4566537141799927,410
COCOMO81,9,GA-ABE,41,1.4566537141799927,420
COCOMO81,9,GA-ABE,42,1.4566537141799927,430
COCOMO81,9,GA-ABE,43,1.4566537141799927,440
COCOMO81,9,GA-ABE,44,1.4566537141799927,450
COCOMO81,9,GA-ABE,45,1.4566537141799927,460
COCOMO81,9,GA-ABE,46,1.4566537141799927,470
COCOMO81,9,GA-ABE,47,1.4566537141799927,480
COCOMO81,9,GA-ABE,48,1.4566537141799927,490
COCOMO81,9,GA-ABE,49,1.4566537141799927,500
COCOMO81,9,GA-ABE,50,1.4566537141799927,510
COCOMO81,9,GA-ABE,51,1.4566537141799927,520
COCOMO81,9,GA-ABE,52,1.4566423892974854,530
COCOMO81,9,GA-ABE,53,1.4566423892974854,540
COCOMO81,9,GA-ABE,54,1.4566423892974854,550
COCOMO81,9,GA-ABE,55,1.4566423892974854,560
COCOMO81,9,GA-ABE,56,1.4566423892974854,570
COCOMO81,9,GA-ABE,57,1.4566423892974854,580
COCOMO81,9,GA-ABE,58,1.4566285610198975,590
COCOMO81,9,GA-ABE,59,1.4566155672073364,600
COCOMO81,9,GA-ABE,60,1.4566155672073364,610
COCOMO81,9,GA-ABE,61,1.4566155672073364,620
COCOMO81,9,GA-ABE,62,1.442907452583313,630
COCOMO81,9,GA-ABE,63,1.442907452583313,640
COCOMO81,9,GA-ABE,64,1.442907452583313,650
COCOMO81,9,GA-ABE,65,1.4428589344024658,660
COCOMO81,9,GA-ABE,66,1.4428589344024658,670
COCOMO81,9,GA-ABE,67,1.4428589344024658,680
COCOMO81,9,GA-ABE,68,1.4427435398101807,690
COCOMO81,9,GA-ABE,69,1.4427435398101807,700
COCOMO81,9,GA-ABE,70,1.4427435398101807,710
COCOMO81,9,GA-ABE,71,1.4427435398101807,720
COCOMO81,9,GA-ABE,72,1.4427435398101807,730
COCOMO81,9,GA-ABE,73,1.4418429136276245,740
COCOMO81,9,GA-ABE,74,1.4418429136276245,750
COCOMO81,9,GA-ABE,75,1.4418429136276245,760
COCOMO81,9,GA-ABE,76,1.4418429136276245,770
COCOMO81,9,GA-ABE,77,1.4418429136276245,780
COCOMO81,9,GA-ABE,78,1.4418429136276245,790
COCOMO81,9,GA-ABE,79,1.4418429136276245,800
COCOMO81,9,GA-ABE,80,1.4379738569259644,810
COCOMO81,9,GA-ABE,81,1.4379738569259644,820
COCOMO81,9,GA-ABE,82,1.4379738569259644,830
COCOMO81,9,GA-ABE,83,1.3993840217590332,840
COCOMO81,9,GA-ABE,84,1.3993840217590332,850
COCOMO81,9,GA-ABE,85,1.3942625522613525,860
COCOMO81,9,GA-ABE,86,1.39393150806427,870
COCOMO81,9,GA-ABE,87,1.39393150806427,880
COCOMO81,9,GA-ABE,88,1.3221937417984009,890
COCOMO81,9,GA-ABE,89,1.3221937417984009,900
COCOMO81,9,GA-ABE,90,1.3221937417984009,910
COCOMO81,9,GA-ABE,91,1.3221937417984009,920
COCOMO81,9,GA-ABE,92,1.3221937417984009,930
COCOMO81,9,GA-ABE,93,1.3146082162857056,940
COCOMO81,9,GA-ABE,94,1.3146082162857056,950
COCOMO81,9,GA-ABE,95,1.3146082162857056,960
COCOMO81,9,GA-ABE,96,1.3146082162857056,970
COCOMO81,9,GA-ABE,97,1.3146082162857056,980
COCOMO81,9,GA-ABE,98,1.314468264579773,990
COCOMO81,9,GA-ABE,99,1.3143244981765747,1000
COCOMO81,9,PSO-ABE,0,1.5192415714263916,10
COCOMO81,9,PSO-ABE,1,1.4889439344406128,20
COCOMO81,9,PSO-ABE,2,1.345818042755127,30
COCOMO81,9,PSO-ABE,3,1.345818042755127,40
COCOMO81,9,PSO-ABE,4,1.345818042755127,50
COCOMO81,9,PSO-ABE,5,1.345818042755127,60
COCOMO81,9,PSO-ABE,6,1.345818042755127,70
COCOMO81,9,PSO-ABE,7,1.345818042755127,80
COCOMO81,9,PSO-ABE,8,1.345818042755127,90
COCOMO81,9,PSO-ABE,9,1.345818042755127,100
COCOMO81,9,PSO-ABE,10,1.345818042755127,110
COCOMO81,9,PSO-ABE,11,1.345818042755127,120
COCOMO81,9,PSO-ABE,12,1.3452708721160889,130
COCOMO81,9,PSO-ABE,13,1.3447250127792358,140
COCOMO81,9,PSO-ABE,14,1.3447250127792358,150
COCOMO81,9,PSO-ABE,15,1.3447250127792358,160
COCOMO81,9,PSO-ABE,16,1.3438084125518799,170
COCOMO81,9,PSO-ABE,17,1.3438084125518799,180
COCOMO81,9,PSO-ABE,18,1.3438084125518799,190
COCOMO81,9,PSO-ABE,19,1.3438084125518799,200
COCOMO81,9,PSO-ABE,20,1.3438084125518799,210
COCOMO81,9,PSO-ABE,21,1.3438084125518799,220
COCOMO81,9,PSO-ABE,22,1.3438084125518799,230
COCOMO81,9,PSO-ABE,23,1.3438084125518799,240
COCOMO81,9,PSO-ABE,24,1.3438084125518799,250
COCOMO81,9,PSO-ABE,25,1.3438084125518799,260
COCOMO81,9,PSO-ABE,26,1.343500018119812,270
COCOMO81,9,PSO-ABE,27,1.343500018119812,280
COCOMO81,9,PSO-ABE,28,1.343500018119812,290
COCOMO81,9,PSO-ABE,29,1.3434721231460571,300
COCOMO81,9,PSO-ABE,30,1.3432210683822632,310
COCOMO81,9,PSO-ABE,31,1.3432210683822632,320
COCOMO81,9,PSO-ABE,32,1.3432210683822632,330
COCOMO81,9,PSO-ABE,33,1.3432210683822632,340
COCOMO81,9,PSO-ABE,34,1.3432210683822632,350
COCOMO81,9,PSO-ABE,35,1.3432210683822632,360
COCOMO81,9,PSO-ABE,36,1.3432210683822632,370
COCOMO81,9,PSO-ABE,37,1.3432210683822632,380
COCOMO81,9,PSO-ABE,38,1.3432210683822632,390
COCOMO81,9,PSO-ABE,39,1.3343127965927124,400
COCOMO81,9,PSO-ABE,40,1.3343127965927124,410
COCOMO81,9,PSO-ABE,41,1.3343127965927124,420
COCOMO81,9,PSO-ABE,42,1.3343127965927124,430
COCOMO81,9,PSO-ABE,43,1.3343127965927124,440
COCOMO81,9,PSO-ABE,44,1.3343127965927124,450
COCOMO81,9,PSO-ABE,45,1.3336005210876465,460
COCOMO81,9,PSO-ABE,46,1.3336005210876465,470
COCOMO81,9,PSO-ABE,47,1.3320972919464111,480
COCOMO81,9,PSO-ABE,48,1.3320972919464111,490
COCOMO81,9,PSO-ABE,49,1.3320972919464111,500
COCOMO81,9,PSO-ABE,50,1.3320972919464111,510
COCOMO81,9,PSO-ABE,51,1.3320972919464111,520
COCOMO81,9,PSO-ABE,52,1.3319088220596313,530
COCOMO81,9,PSO-ABE,53,1.331573724746704,540
COCOMO81,9,PSO-ABE,54,1.3311727046966553,550
COCOMO81,9,PSO-ABE,55,1.3311727046966553,560
COCOMO81,9,PSO-ABE,56,1.3311727046966553,570
COCOMO81,9,PSO-ABE,57,1.331054925918579,580
COCOMO81,9,PSO-ABE,58,1.331054925918579,590
COCOMO81,9,PSO-ABE,59,1.331054925918579,600
COCOMO81,9,PSO-ABE,60,1.331054925918579,610
COCOMO81,9,PSO-ABE,61,1.331054925918579,620
COCOMO81,9,PSO-ABE,62,1.330829381942749,630
COCOMO81,9,PSO-ABE,63,1.330829381942749,640
COCOMO81,9,PSO-ABE,64,1.330829381942749,650
COCOMO81,9,PSO-ABE,65,1.330829381942749,660
COCOMO81,9,PSO-ABE,66,1.330829381942749,670
COCOMO81,9,PSO-ABE,67,1.3307774066925049,680
COCOMO81,9,PSO-ABE,68,1.3307774066925049,690
COCOMO81,9,PSO-ABE,69,1.330700397491455,700
COCOMO81,9,PSO-ABE,70,1.3306877613067627,710
COCOMO81,9,PSO-ABE,71,1.3306440114974976,720
COCOMO81,9,PSO-ABE,72,1.3306440114974976,730
COCOMO81,9,PSO-ABE,73,1.3305726051330566,740
COCOMO81,9,PSO-ABE,74,1.3305628299713135,750
COCOMO81,9,PSO-ABE,75,1.3305628299713135,760
COCOMO81,9,PSO-ABE,76,1.3305628299713135,770
COCOMO81,9,PSO-ABE,77,1.33053719997406,780
COCOMO81,9,PSO-ABE,78,1.3305132389068604,790
COCOMO81,9,PSO-ABE,79,1.3305132389068604,800
COCOMO81,9,PSO-ABE,80,1.3305132389068604,810
COCOMO81,9,PSO-ABE,81,1.3305132389068604,820
COCOMO81,9,PSO-ABE,82,1.3305132389068604,830
COCOMO81,9,PSO-ABE,83,1.3305132389068604,840
COCOMO81,9,PSO-ABE,84,1.330499291419983,850
COCOMO81,9,PSO-ABE,85,1.330499291419983,860
COCOMO81,9,PSO-ABE,86,1.330499291419983,870
COCOMO81,9,PSO-ABE,87,1.330471396446228,880
COCOMO81,9,PSO-ABE,88,1.330471396446228,890
COCOMO81,9,PSO-ABE,89,1.3304698467254639,900
COCOMO81,9,PSO-ABE,90,1.330453634262085,910
COCOMO81,9,PSO-ABE,91,1.3304506540298462,920
COCOMO81,9,PSO-ABE,92,1.3304275274276733,930
COCOMO81,9,PSO-ABE,93,1.3304020166397095,940
COCOMO81,9,PSO-ABE,94,1.3304020166397095,950
COCOMO81,9,PSO-ABE,95,1.3304020166397095,960
COCOMO81,9,PSO-ABE,96,1.3304020166397095,970
COCOMO81,9,PSO-ABE,97,1.3304020166397095,980
COCOMO81,9,PSO-ABE,98,1.3303967714309692,990
COCOMO81,9,PSO-ABE,99,1.3303669691085815,1000
COCOMO81,9,DE-ABE,0,2.1599929332733154,10
COCOMO81,9,DE-ABE,1,1.705107569694519,20
COCOMO81,9,DE-ABE,2,1.7032444477081299,30
COCOMO81,9,DE-ABE,3,1.7032444477081299,40
COCOMO81,9,DE-ABE,4,1.5969172716140747,50
COCOMO81,9,DE-ABE,5,1.5969172716140747,60
COCOMO81,9,DE-ABE,6,1.5510221719741821,70
COCOMO81,9,DE-ABE,7,1.5510221719741821,80
COCOMO81,9,DE-ABE,8,1.5510221719741821,90
COCOMO81,9,DE-ABE,9,1.5510221719741821,100
COCOMO81,9,DE-ABE,10,1.5100051164627075,110
COCOMO81,9,DE-ABE,11,1.4640576839447021,120
COCOMO81,9,DE-ABE,12,1.4640576839447021,130
COCOMO81,9,DE-ABE,13,1.4640576839447021,140
COCOMO81,9,DE-ABE,14,1.4640576839447021,150
COCOMO81,9,DE-ABE,15,1.4640576839447021,160
COCOMO81,9,DE-ABE,16,1.4640576839447021,170
COCOMO81,9,DE-ABE,17,1.4640576839447021,180
COCOMO81,9,DE-ABE,18,1.4640576839447021,190
COCOMO81,9,DE-ABE,19,1.4640576839447021,200
COCOMO81,9,DE-ABE,20,1.4640576839447021,210
COCOMO81,9,DE-ABE,21,1.4640576839447021,220
COCOMO81,9,DE-ABE,22,1.4640576839447021,230
COCOMO81,9,DE-ABE,23,1.4640576839447021,240
COCOMO81,9,DE-ABE,24,1.4640576839447021,250
COCOMO81,9,DE-ABE,25,1.4640576839447021,260
COCOMO81,9,DE-ABE,26,1.4640576839447021,270
COCOMO81,9,DE-ABE,27,1.4474674463272095,280
COCOMO81,9,DE-ABE,28,1.4474674463272095,290
COCOMO81,9,DE-ABE,29,1.4474674463272095,300
COCOMO81,9,DE-ABE,30,1.4474674463272095,310
COCOMO81,9,DE-ABE,31,1.4474674463272095,320
COCOMO81,9,DE-ABE,32,1.4474674463272095,330
COCOMO81,9,DE-ABE,33,1.4474674463272095,340
COCOMO81,9,DE-ABE,34,1.433686375617981,350
COCOMO81,9,DE-ABE,35,1.4251627922058105,360
COCOMO81,9,DE-ABE,36,1.4251627922058105,370
COCOMO81,9,DE-ABE,37,1.4176207780838013,380
COCOMO81,9,DE-ABE,38,1.4176207780838013,390
COCOMO81,9,DE-ABE,39,1.4176207780838013,400
COCOMO81,9,DE-ABE,40,1.4176207780838013,410
COCOMO81,9,DE-ABE,41,1.4176207780838013,420
COCOMO81,9,DE-ABE,42,1.41313636302948,430
COCOMO81,9,DE-ABE,43,1.41313636302948,440
COCOMO81,9,DE-ABE,44,1.41313636302948,450
COCOMO81,9,DE-ABE,45,1.41313636302948,460
COCOMO81,9,DE-ABE,46,1.41313636302948,470
COCOMO81,9,DE-ABE,47,1.41313636302948,480
COCOMO81,9,DE-ABE,48,1.41313636302948,490
COCOMO81,9,DE-ABE,49,1.41313636302948,500
COCOMO81,9,DE-ABE,50,1.41313636302948,510
COCOMO81,9,DE-ABE,51,1.41313636302948,520
COCOMO81,9,DE-ABE,52,1.41313636302948,530
COCOMO81,9,DE-ABE,53,1.41313636302948,540
COCOMO81,9,DE-ABE,54,1.41313636302948,550
COCOMO81,9,DE-ABE,55,1.4130284786224365,560
COCOMO81,9,DE-ABE,56,1.4128472805023193,570
COCOMO81,9,DE-ABE,57,1.4128472805023193,580
COCOMO81,9,DE-ABE,58,1.4128050804138184,590
COCOMO81,9,DE-ABE,59,1.4128050804138184,600
COCOMO81,9,DE-ABE,60,1.4128050804138184,610
COCOMO81,9,DE-ABE,61,1.4128050804138184,620
COCOMO81,9,DE-ABE,62,1.4128050804138184,630
COCOMO81,9,DE-ABE,63,1.4128050804138184,640
COCOMO81,9,DE-ABE,64,1.4128050804138184,650
COCOMO81,9,DE-ABE,65,1.4128050804138184,660
COCOMO81,9,DE-ABE,66,1.4128050804138184,670
COCOMO81,9,DE-ABE,67,1.412804126739502,680
COCOMO81,9,DE-ABE,68,1.412802815437317,690
COCOMO81,9,DE-ABE,69,1.4127978086471558,700
COCOMO81,9,DE-ABE,70,1.412797451019287,710
COCOMO81,9,DE-ABE,71,1.4127947092056274,720
COCOMO81,9,DE-ABE,72,1.4127931594848633,730
COCOMO81,9,DE-ABE,73,1.4127931594848633,740
COCOMO81,9,DE-ABE,74,1.412787914276123,750
COCOMO81,9,DE-ABE,75,1.412786602973938,760
COCOMO81,9,DE-ABE,76,1.412783145904541,770
COCOMO81,9,DE-ABE,77,1.412783145904541,780
COCOMO81,9,DE-ABE,78,1.4127781391143799,790
COCOMO81,9,DE-ABE,79,1.4127774238586426,800
COCOMO81,9,DE-ABE,80,1.4127726554870605,810
COCOMO81,9,DE-ABE,81,1.4127726554870605,820
COCOMO81,9,DE-ABE,82,1.4127709865570068,830
COCOMO81,9,DE-ABE,83,1.4127707481384277,840
COCOMO81,9,DE-ABE,84,1.4127699136734009,850
COCOMO81,9,DE-ABE,85,1.412769079208374,860
COCOMO81,9,DE-ABE,86,1.412769079208374,870
COCOMO81,9,DE-ABE,87,1.4127668142318726,880
COCOMO81,9,DE-ABE,88,1.4127668142318726,890
COCOMO81,9,DE-ABE,89,1.4127659797668457,900
COCOMO81,9,DE-ABE,90,1.4127659797668457,910
COCOMO81,9,DE-ABE,91,1.4127646684646606,920
COCOMO81,9,DE-ABE,92,1.4127644300460815,930
COCOMO81,9,DE-ABE,93,1.4127644300460815,940
COCOMO81,9,DE-ABE,94,1.4127641916275024,950
COCOMO81,9,DE-ABE,95,1.4127641916275024,960
COCOMO81,9,DE-ABE,96,1.4127637147903442,970
COCOMO81,9,DE-ABE,97,1.412763237953186,980
COCOMO81,9,DE-ABE,98,1.4127622842788696,990
COCOMO81,9,DE-ABE,99,1.4127622842788696,1000
COCOMO81,9,GWO-ABE,0,1.5648300647735596,10
COCOMO81,9,GWO-ABE,1,1.6707156896591187,20
COCOMO81,9,GWO-ABE,2,1.5301274061203003,30
COCOMO81,9,GWO-ABE,3,1.5894030332565308,40
COCOMO81,9,GWO-ABE,4,1.5023363828659058,50
COCOMO81,9,GWO-ABE,5,1.5017967224121094,60
COCOMO81,9,GWO-ABE,6,1.5808759927749634,70
COCOMO81,9,GWO-ABE,7,1.3925995826721191,80
COCOMO81,9,GWO-ABE,8,1.4566222429275513,90
COCOMO81,9,GWO-ABE,9,1.4968290328979492,100
COCOMO81,9,GWO-ABE,10,1.3861885070800781,110
COCOMO81,9,GWO-ABE,11,1.3776960372924805,120
COCOMO81,9,GWO-ABE,12,1.3787345886230469,130
COCOMO81,9,GWO-ABE,13,1.3998944759368896,140
COCOMO81,9,GWO-ABE,14,1.4146558046340942,150
COCOMO81,9,GWO-ABE,15,1.356440782546997,160
COCOMO81,9,GWO-ABE,16,1.37322199344635,170
COCOMO81,9,GWO-ABE,17,1.35591721534729,180
COCOMO81,9,GWO-ABE,18,1.376021146774292,190
COCOMO81,9,GWO-ABE,19,1.376036286354065,200
COCOMO81,9,GWO-ABE,20,1.3454442024230957,210
COCOMO81,9,GWO-ABE,21,1.3676130771636963,220
COCOMO81,9,GWO-ABE,22,1.3833950757980347,230
COCOMO81,9,GWO-ABE,23,1.3518397808074951,240
COCOMO81,9,GWO-ABE,24,1.3576422929763794,250
COCOMO81,9,GWO-ABE,25,1.3376061916351318,260
COCOMO81,9,GWO-ABE,26,1.3585331439971924,270
COCOMO81,9,GWO-ABE,27,1.3681025505065918,280
COCOMO81,9,GWO-ABE,28,1.3512917757034302,290
COCOMO81,9,GWO-ABE,29,1.340945839881897,300
COCOMO81,9,GWO-ABE,30,1.3519060611724854,310
COCOMO81,9,GWO-ABE,31,1.3587321043014526,320
COCOMO81,9,GWO-ABE,32,1.3627781867980957,330
COCOMO81,9,GWO-ABE,33,1.3711624145507812,340
COCOMO81,9,GWO-ABE,34,1.3560259342193604,350
COCOMO81,9,GWO-ABE,35,1.3484740257263184,360
COCOMO81,9,GWO-ABE,36,1.350241780281067,370
COCOMO81,9,GWO-ABE,37,1.3797615766525269,380
COCOMO81,9,GWO-ABE,38,1.3598885536193848,390
COCOMO81,9,GWO-ABE,39,1.3527653217315674,400
COCOMO81,9,GWO-ABE,40,1.357869029045105,410
COCOMO81,9,GWO-ABE,41,1.3508572578430176,420
COCOMO81,9,GWO-ABE,42,1.3499782085418701,430
COCOMO81,9,GWO-ABE,43,1.3511426448822021,440
COCOMO81,9,GWO-ABE,44,1.3499715328216553,450
COCOMO81,9,GWO-ABE,45,1.3374340534210205,460
COCOMO81,9,GWO-ABE,46,1.3604775667190552,470
COCOMO81,9,GWO-ABE,47,1.3601858615875244,480
COCOMO81,9,GWO-ABE,48,1.3564566373825073,490
COCOMO81,9,GWO-ABE,49,1.3573307991027832,500
COCOMO81,9,GWO-ABE,50,1.3561275005340576,510
COCOMO81,9,GWO-ABE,51,1.3516900539398193,520
COCOMO81,9,GWO-ABE,52,1.358978509902954,530
COCOMO81,9,GWO-ABE,53,1.3495341539382935,540
COCOMO81,9,GWO-ABE,54,1.3496980667114258,550
COCOMO81,9,GWO-ABE,55,1.335301399230957,560
COCOMO81,9,GWO-ABE,56,1.3496760129928589,570
COCOMO81,9,GWO-ABE,57,1.3509118556976318,580
COCOMO81,9,GWO-ABE,58,1.337225079536438,590
COCOMO81,9,GWO-ABE,59,1.3457759618759155,600
COCOMO81,9,GWO-ABE,60,1.334771752357483,610
COCOMO81,9,GWO-ABE,61,1.3495862483978271,620
COCOMO81,9,GWO-ABE,62,1.356025218963623,630
COCOMO81,9,GWO-ABE,63,1.3575173616409302,640
COCOMO81,9,GWO-ABE,64,1.3502824306488037,650
COCOMO81,9,GWO-ABE,65,1.3509899377822876,660
COCOMO81,9,GWO-ABE,66,1.3506745100021362,670
COCOMO81,9,GWO-ABE,67,1.3557610511779785,680
COCOMO81,9,GWO-ABE,68,1.356364130973816,690
COCOMO81,9,GWO-ABE,69,1.3558108806610107,700
COCOMO81,9,GWO-ABE,70,1.3531736135482788,710
COCOMO81,9,GWO-ABE,71,1.3564022779464722,720
COCOMO81,9,GWO-ABE,72,1.3461834192276,730
COCOMO81,9,GWO-ABE,73,1.3486740589141846,740
COCOMO81,9,GWO-ABE,74,1.3501421213150024,750
COCOMO81,9,GWO-ABE,75,1.355777621269226,760
COCOMO81,9,GWO-ABE,76,1.3507905006408691,770
COCOMO81,9,GWO-ABE,77,1.3562825918197632,780
COCOMO81,9,GWO-ABE,78,1.334449291229248,790
COCOMO81,9,GWO-ABE,79,1.3348188400268555,800
COCOMO81,9,GWO-ABE,80,1.335463285446167,810
COCOMO81,9,GWO-ABE,81,1.3347376585006714,820
COCOMO81,9,GWO-ABE,82,1.335274577140808,830
COCOMO81,9,GWO-ABE,83,1.3351353406906128,840
COCOMO81,9,GWO-ABE,84,1.3350707292556763,850
COCOMO81,9,GWO-ABE,85,1.3346041440963745,860
COCOMO81,9,GWO-ABE,86,1.3346422910690308,870
COCOMO81,9,GWO-ABE,87,1.3345707654953003,880
COCOMO81,9,GWO-ABE,88,1.3353967666625977,890
COCOMO81,9,GWO-ABE,89,1.3349419832229614,900
COCOMO81,9,GWO-ABE,90,1.3347055912017822,910
COCOMO81,9,GWO-ABE,91,1.3350729942321777,920
COCOMO81,9,GWO-ABE,92,1.335634708404541,930
COCOMO81,9,GWO-ABE,93,1.3345768451690674,940
COCOMO81,9,GWO-ABE,94,1.3348896503448486,950
COCOMO81,9,GWO-ABE,95,1.3349871635437012,960
COCOMO81,9,GWO-ABE,96,1.335199236869812,970
COCOMO81,9,GWO-ABE,97,1.3350952863693237,980
COCOMO81,9,GWO-ABE,98,1.3350704908370972,990
COCOMO81,9,GWO-ABE,99,1.3349864482879639,1000
COCOMO81,9,WOA-ABE,0,1.5968191623687744,10
COCOMO81,9,WOA-ABE,1,1.595122218132019,20
COCOMO81,9,WOA-ABE,2,1.3927825689315796,30
COCOMO81,9,WOA-ABE,3,1.3927825689315796,40
COCOMO81,9,WOA-ABE,4,1.3863731622695923,50
COCOMO81,9,WOA-ABE,5,1.3716821670532227,60
COCOMO81,9,WOA-ABE,6,1.3490831851959229,70
COCOMO81,9,WOA-ABE,7,1.3141758441925049,80
COCOMO81,9,WOA-ABE,8,1.3141758441925049,90
COCOMO81,9,WOA-ABE,9,1.274746060371399,100
COCOMO81,9,WOA-ABE,10,1.274746060371399,110
COCOMO81,9,WOA-ABE,11,1.274746060371399,120
COCOMO81,9,WOA-ABE,12,1.274746060371399,130
COCOMO81,9,WOA-ABE,13,1.2381645441055298,140
COCOMO81,9,WOA-ABE,14,1.2381645441055298,150
COCOMO81,9,WOA-ABE,15,1.233278751373291,160
COCOMO81,9,WOA-ABE,16,1.233278751373291,170
COCOMO81,9,WOA-ABE,17,1.233278751373291,180
COCOMO81,9,WOA-ABE,18,1.2328838109970093,190
COCOMO81,9,WOA-ABE,19,1.2328122854232788,200
COCOMO81,9,WOA-ABE,20,1.2328122854232788,210
COCOMO81,9,WOA-ABE,21,1.232571005821228,220
COCOMO81,9,WOA-ABE,22,1.2293840646743774,230
COCOMO81,9,WOA-ABE,23,1.2293840646743774,240
COCOMO81,9,WOA-ABE,24,1.228763461112976,250
COCOMO81,9,WOA-ABE,25,1.2285740375518799,260
COCOMO81,9,WOA-ABE,26,1.2285629510879517,270
COCOMO81,9,WOA-ABE,27,1.2285629510879517,280
COCOMO81,9,WOA-ABE,28,1.2285629510879517,290
COCOMO81,9,WOA-ABE,29,1.2285629510879517,300
COCOMO81,9,WOA-ABE,30,1.2231662273406982,310
COCOMO81,9,WOA-ABE,31,1.2231662273406982,320
COCOMO81,9,WOA-ABE,32,1.2212579250335693,330
COCOMO81,9,WOA-ABE,33,1.2212579250335693,340
COCOMO81,9,WOA-ABE,34,1.2212579250335693,350
COCOMO81,9,WOA-ABE,35,1.2212570905685425,360
COCOMO81,9,WOA-ABE,36,1.2194710969924927,370
COCOMO81,9,WOA-ABE,37,1.2194687128067017,380
COCOMO81,9,WOA-ABE,38,1.2193690538406372,390
COCOMO81,9,WOA-ABE,39,1.2193690538406372,400
COCOMO81,9,WOA-ABE,40,1.2193690538406372,410
COCOMO81,9,WOA-ABE,41,1.2193690538406372,420
COCOMO81,9,WOA-ABE,42,1.219307541847229,430
COCOMO81,9,WOA-ABE,43,1.219307541847229,440
COCOMO81,9,WOA-ABE,44,1.219239354133606,450
COCOMO81,9,WOA-ABE,45,1.219239354133606,460
COCOMO81,9,WOA-ABE,46,1.219239354133606,470
COCOMO81,9,WOA-ABE,47,1.2189581394195557,480
COCOMO81,9,WOA-ABE,48,1.2189581394195557,490
COCOMO81,9,WOA-ABE,49,1.218957781791687,500
COCOMO81,9,WOA-ABE,50,1.218957781791687,510
COCOMO81,9,WOA-ABE,51,1.218957781791687,520
COCOMO81,9,WOA-ABE,52,1.218957781791687,530
COCOMO81,9,WOA-ABE,53,1.2189438343048096,540
COCOMO81,9,WOA-ABE,54,1.2189438343048096,550
COCOMO81,9,WOA-ABE,55,1.2189438343048096,560
COCOMO81,9,WOA-ABE,56,1.2189438343048096,570
COCOMO81,9,WOA-ABE,57,1.218818187713623,580
COCOMO81,9,WOA-ABE,58,1.218781590461731,590
COCOMO81,9,WOA-ABE,59,1.218781590461731,600
COCOMO81,9,WOA-ABE,60,1.2183609008789062,610
COCOMO81,9,WOA-ABE,61,1.218125581741333,620
COCOMO81,9,WOA-ABE,62,1.218125581741333,630
COCOMO81,9,WOA-ABE,63,1.218125581741333,640
COCOMO81,9,WOA-ABE,64,1.218125581741333,650
COCOMO81,9,WOA-ABE,65,1.218125581741333,660
COCOMO81,9,WOA-ABE,66,1.218125581741333,670
COCOMO81,9,WOA-ABE,67,1.2179867029190063,680
COCOMO81,9,WOA-ABE,68,1.2179867029190063,690
COCOMO81,9,WOA-ABE,69,1.2179867029190063,700
COCOMO81,9,WOA-ABE,70,1.2179867029190063,710
COCOMO81,9,WOA-ABE,71,1.2179867029190063,720
COCOMO81,9,WOA-ABE,72,1.2179867029190063,730
COCOMO81,9,WOA-ABE,73,1.2179867029190063,740
COCOMO81,9,WOA-ABE,74,1.2179867029190063,750
COCOMO81,9,WOA-ABE,75,1.2179867029190063,760
COCOMO81,9,WOA-ABE,76,1.2179867029190063,770
COCOMO81,9,WOA-ABE,77,1.2179867029190063,780
COCOMO81,9,WOA-ABE,78,1.2179867029190063,790
COCOMO81,9,WOA-ABE,79,1.2179867029190063,800
COCOMO81,9,WOA-ABE,80,1.2179867029190063,810
COCOMO81,9,WOA-ABE,81,1.2179867029190063,820
COCOMO81,9,WOA-ABE,82,1.217982292175293,830
COCOMO81,9,WOA-ABE,83,1.217982292175293,840
COCOMO81,9,WOA-ABE,84,1.2179821729660034,850
COCOMO81,9,WOA-ABE,85,1.2179821729660034,860
COCOMO81,9,WOA-ABE,86,1.2179821729660034,870
COCOMO81,9,WOA-ABE,87,1.2179821729660034,880
COCOMO81,9,WOA-ABE,88,1.2179821729660034,890
COCOMO81,9,WOA-ABE,89,1.2179821729660034,900
COCOMO81,9,WOA-ABE,90,1.2179821729660034,910
COCOMO81,9,WOA-ABE,91,1.2179821729660034,920
COCOMO81,9,WOA-ABE,92,1.2179654836654663,930
COCOMO81,9,WOA-ABE,93,1.2179654836654663,940
COCOMO81,9,WOA-ABE,94,1.2179654836654663,950
COCOMO81,9,WOA-ABE,95,1.2179654836654663,960
COCOMO81,9,WOA-ABE,96,1.2179654836654663,970
COCOMO81,9,WOA-ABE,97,1.2179523706436157,980
COCOMO81,9,WOA-ABE,98,1.2179516553878784,990
COCOMO81,9,WOA-ABE,99,1.2179516553878784,1000
COCOMO81,9,FAABE,0,1.4999918937683105,10
COCOMO81,9,FAABE,1,1.3640515804290771,20
COCOMO81,9,FAABE,2,1.3640515804290771,30
COCOMO81,9,FAABE,3,1.2593872547149658,40
COCOMO81,9,FAABE,4,1.2593872547149658,50
COCOMO81,9,FAABE,5,1.2593872547149658,60
COCOMO81,9,FAABE,6,1.2593872547149658,70
COCOMO81,9,FAABE,7,1.2593872547149658,80
COCOMO81,9,FAABE,8,1.2593872547149658,90
COCOMO81,9,FAABE,9,1.2593872547149658,100
COCOMO81,9,FAABE,10,1.2593872547149658,110
COCOMO81,9,FAABE,11,1.2593872547149658,120
COCOMO81,9,FAABE,12,1.2593872547149658,130
COCOMO81,9,FAABE,13,1.2593872547149658,140
COCOMO81,9,FAABE,14,1.2593872547149658,150
COCOMO81,9,FAABE,15,1.2593872547149658,160
COCOMO81,9,FAABE,16,1.2593872547149658,170
COCOMO81,9,FAABE,17,1.2593872547149658,180
COCOMO81,9,FAABE,18,1.2593872547149658,190
COCOMO81,9,FAABE,19,1.2593872547149658,200
COCOMO81,9,FAABE,20,1.2593872547149658,210
COCOMO81,9,FAABE,21,1.2593872547149658,220
COCOMO81,9,FAABE,22,1.2593872547149658,230
COCOMO81,9,FAABE,23,1.2593872547149658,240
COCOMO81,9,FAABE,24,1.2593872547149658,250
COCOMO81,9,FAABE,25,1.2593872547149658,260
COCOMO81,9,FAABE,26,1.2593872547149658,270
COCOMO81,9,FAABE,27,1.2593872547149658,280
COCOMO81,9,FAABE,28,1.2593872547149658,290
COCOMO81,9,FAABE,29,1.2593872547149658,300
COCOMO81,9,FAABE,30,1.257992148399353,310
COCOMO81,9,FAABE,31,1.257992148399353,320
COCOMO81,9,FAABE,32,1.257992148399353,330
COCOMO81,9,FAABE,33,1.257992148399353,340
COCOMO81,9,FAABE,34,1.257992148399353,350
COCOMO81,9,FAABE,35,1.257992148399353,360
COCOMO81,9,FAABE,36,1.257992148399353,370
COCOMO81,9,FAABE,37,1.257992148399353,380
COCOMO81,9,FAABE,38,1.257992148399353,390
COCOMO81,9,FAABE,39,1.257992148399353,400
COCOMO81,9,FAABE,40,1.257992148399353,410
COCOMO81,9,FAABE,41,1.257992148399353,420
COCOMO81,9,FAABE,42,1.257992148399353,430
COCOMO81,9,FAABE,43,1.257992148399353,440
COCOMO81,9,FAABE,44,1.257992148399353,450
COCOMO81,9,FAABE,45,1.257992148399353,460
COCOMO81,9,FAABE,46,1.257992148399353,470
COCOMO81,9,FAABE,47,1.257992148399353,480
COCOMO81,9,FAABE,48,1.257992148399353,490
COCOMO81,9,FAABE,49,1.257992148399353,500
COCOMO81,9,FAABE,50,1.257992148399353,510
COCOMO81,9,FAABE,51,1.257992148399353,520
COCOMO81,9,FAABE,52,1.257992148399353,530
COCOMO81,9,FAABE,53,1.2354167699813843,540
COCOMO81,9,FAABE,54,1.2354167699813843,550
COCOMO81,9,FAABE,55,1.2354167699813843,560
COCOMO81,9,FAABE,56,1.2354167699813843,570
COCOMO81,9,FAABE,57,1.2354167699813843,580
COCOMO81,9,FAABE,58,1.2354167699813843,590
COCOMO81,9,FAABE,59,1.2354167699813843,600
COCOMO81,9,FAABE,60,1.2354167699813843,610
COCOMO81,9,FAABE,61,1.2354167699813843,620
COCOMO81,9,FAABE,62,1.2354167699813843,630
COCOMO81,9,FAABE,63,1.2354167699813843,640
COCOMO81,9,FAABE,64,1.2354167699813843,650
COCOMO81,9,FAABE,65,1.2354167699813843,660
COCOMO81,9,FAABE,66,1.2354167699813843,670
COCOMO81,9,FAABE,67,1.2354167699813843,680
COCOMO81,9,FAABE,68,1.2354167699813843,690
COCOMO81,9,FAABE,69,1.2354167699813843,700
COCOMO81,9,FAABE,70,1.2354167699813843,710
COCOMO81,9,FAABE,71,1.2354167699813843,720
COCOMO81,9,FAABE,72,1.2354167699813843,730
COCOMO81,9,FAABE,73,1.2354167699813843,740
COCOMO81,9,FAABE,74,1.2354167699813843,750
COCOMO81,9,FAABE,75,1.2354167699813843,760
COCOMO81,9,FAABE,76,1.2354167699813843,770
COCOMO81,9,FAABE,77,1.2354167699813843,780
COCOMO81,9,FAABE,78,1.2354167699813843,790
COCOMO81,9,FAABE,79,1.2354167699813843,800
COCOMO81,9,FAABE,80,1.2354167699813843,810
COCOMO81,9,FAABE,81,1.2354167699813843,820
COCOMO81,9,FAABE,82,1.2354167699813843,830
COCOMO81,9,FAABE,83,1.2354167699813843,840
COCOMO81,9,FAABE,84,1.2354167699813843,850
COCOMO81,9,FAABE,85,1.2354167699813843,860
COCOMO81,9,FAABE,86,1.2354167699813843,870
COCOMO81,9,FAABE,87,1.2354167699813843,880
COCOMO81,9,FAABE,88,1.2354167699813843,890
COCOMO81,9,FAABE,89,1.2354167699813843,900
COCOMO81,9,FAABE,90,1.2354167699813843,910
COCOMO81,9,FAABE,91,1.2354167699813843,920
COCOMO81,9,FAABE,92,1.2354167699813843,930
COCOMO81,9,FAABE,93,1.2354167699813843,940
COCOMO81,9,FAABE,94,1.2354167699813843,950
COCOMO81,9,FAABE,95,1.2354167699813843,960
COCOMO81,9,FAABE,96,1.2354167699813843,970
COCOMO81,9,FAABE,97,1.2354167699813843,980
COCOMO81,9,FAABE,98,1.2354167699813843,990
COCOMO81,9,FAABE,99,1.2354167699813843,1000
COCOMO81,10,GA-ABE,0,2.989936590194702,10
COCOMO81,10,GA-ABE,1,2.9234707355499268,20
COCOMO81,10,GA-ABE,2,2.305243730545044,30
COCOMO81,10,GA-ABE,3,2.3039634227752686,40
COCOMO81,10,GA-ABE,4,2.3039634227752686,50
COCOMO81,10,GA-ABE,5,1.7383805513381958,60
COCOMO81,10,GA-ABE,6,1.7383805513381958,70
COCOMO81,10,GA-ABE,7,1.6647707223892212,80
COCOMO81,10,GA-ABE,8,1.6511951684951782,90
COCOMO81,10,GA-ABE,9,1.6511951684951782,100
COCOMO81,10,GA-ABE,10,1.6511951684951782,110
COCOMO81,10,GA-ABE,11,1.647322177886963,120
COCOMO81,10,GA-ABE,12,1.647322177886963,130
COCOMO81,10,GA-ABE,13,1.647322177886963,140
COCOMO81,10,GA-ABE,14,1.647322177886963,150
COCOMO81,10,GA-ABE,15,1.6457990407943726,160
COCOMO81,10,GA-ABE,16,1.645218014717102,170
COCOMO81,10,GA-ABE,17,1.645218014717102,180
COCOMO81,10,GA-ABE,18,1.645218014717102,190
COCOMO81,10,GA-ABE,19,1.6442625522613525,200
COCOMO81,10,GA-ABE,20,1.644262433052063,210
COCOMO81,10,GA-ABE,21,1.6435136795043945,220
COCOMO81,10,GA-ABE,22,1.6435133218765259,230
COCOMO81,10,GA-ABE,23,1.6435133218765259,240
COCOMO81,10,GA-ABE,24,1.6435133218765259,250
COCOMO81,10,GA-ABE,25,1.6435133218765259,260
COCOMO81,10,GA-ABE,26,1.6435133218765259,270
COCOMO81,10,GA-ABE,27,1.6435133218765259,280
COCOMO81,10,GA-ABE,28,1.6435133218765259,290
COCOMO81,10,GA-ABE,29,1.64208984375,300
COCOMO81,10,GA-ABE,30,1.6420859098434448,310
COCOMO81,10,GA-ABE,31,1.6420859098434448,320
COCOMO81,10,GA-ABE,32,1.6420024633407593,330
COCOMO81,10,GA-ABE,33,1.6420024633407593,340
COCOMO81,10,GA-ABE,34,1.6405142545700073,350
COCOMO81,10,GA-ABE,35,1.6405142545700073,360
COCOMO81,10,GA-ABE,36,1.6405142545700073,370
COCOMO81,10,GA-ABE,37,1.6405142545700073,380
COCOMO81,10,GA-ABE,38,1.6405141353607178,390
COCOMO81,10,GA-ABE,39,1.6405141353607178,400
COCOMO81,10,GA-ABE,40,1.6405141353607178,410
COCOMO81,10,GA-ABE,41,1.6405141353607178,420
COCOMO81,10,GA-ABE,42,1.6405141353607178,430
COCOMO81,10,GA-ABE,43,1.6405141353607178,440
COCOMO81,10,GA-ABE,44,1.6405141353607178,450
COCOMO81,10,GA-ABE,45,1.6405141353607178,460
COCOMO81,10,GA-ABE,46,1.6396145820617676,470
COCOMO81,10,GA-ABE,47,1.6396145820617676,480
COCOMO81,10,GA-ABE,48,1.6396145820617676,490
COCOMO81,10,GA-ABE,49,1.6389275789260864,500
COCOMO81,10,GA-ABE,50,1.6371842622756958,510
COCOMO81,10,GA-ABE,51,1.6371842622756958,520
COCOMO81,10,GA-ABE,52,1.6371842622756958,530
COCOMO81,10,GA-ABE,53,1.6369560956954956,540
COCOMO81,10,GA-ABE,54,1.6369560956954956,550
COCOMO81,10,GA-ABE,55,1.6369560956954956,560
COCOMO81,10,GA-ABE,56,1.6369560956954956,570
COCOMO81,10,GA-ABE,57,1.6369560956954956,580
COCOMO81,10,GA-ABE,58,1.6369560956954956,590
COCOMO81,10,GA-ABE,59,1.6369560956954956,600
COCOMO81,10,GA-ABE,60,1.6350218057632446,610
COCOMO81,10,GA-ABE,61,1.6350218057632446,620
COCOMO81,10,GA-ABE,62,1.6329821348190308,630
COCOMO81,10,GA-ABE,63,1.6329821348190308,640
COCOMO81,10,GA-ABE,64,1.6329821348190308,650
COCOMO81,10,GA-ABE,65,1.6329821348190308,660
COCOMO81,10,GA-ABE,66,1.6329821348190308,670
COCOMO81,10,GA-ABE,67,1.6329821348190308,680
COCOMO81,10,GA-ABE,68,1.6329821348190308,690
COCOMO81,10,GA-ABE,69,1.6329821348190308,700
COCOMO81,10,GA-ABE,70,1.6329821348190308,710
COCOMO81,10,GA-ABE,71,1.63261079788208,720
COCOMO81,10,GA-ABE,72,1.63261079788208,730
COCOMO81,10,GA-ABE,73,1.63204824924469,740
COCOMO81,10,GA-ABE,74,1.63204824924469,750
COCOMO81,10,GA-ABE,75,1.631982684135437,760
COCOMO81,10,GA-ABE,76,1.6295368671417236,770
COCOMO81,10,GA-ABE,77,1.6295368671417236,780
COCOMO81,10,GA-ABE,78,1.6271042823791504,790
COCOMO81,10,GA-ABE,79,1.6271042823791504,800
COCOMO81,10,GA-ABE,80,1.6271042823791504,810
COCOMO81,10,GA-ABE,81,1.6271041631698608,820
COCOMO81,10,GA-ABE,82,1.6248761415481567,830
COCOMO81,10,GA-ABE,83,1.6248761415481567,840
COCOMO81,10,GA-ABE,84,1.6248761415481567,850
COCOMO81,10,GA-ABE,85,1.6231364011764526,860
COCOMO81,10,GA-ABE,86,1.6231364011764526,870
COCOMO81,10,GA-ABE,87,1.6231364011764526,880
COCOMO81,10,GA-ABE,88,1.6231364011764526,890
COCOMO81,10,GA-ABE,89,1.6231364011764526,900
COCOMO81,10,GA-ABE,90,1.6228004693984985,910
COCOMO81,10,GA-ABE,91,1.6211239099502563,920
COCOMO81,10,GA-ABE,92,1.6211239099502563,930
COCOMO81,10,GA-ABE,93,1.6211239099502563,940
COCOMO81,10,GA-ABE,94,1.6211239099502563,950
COCOMO81,10,GA-ABE,95,1.6195117235183716,960
COCOMO81,10,GA-ABE,96,1.6193112134933472,970
COCOMO81,10,GA-ABE,97,1.6193112134933472,980
COCOMO81,10,GA-ABE,98,1.6176053285598755,990
COCOMO81,10,GA-ABE,99,1.6176053285598755,1000
COCOMO81,10,PSO-ABE,0,1.4431015253067017,10
COCOMO81,10,PSO-ABE,1,1.4399995803833008,20
COCOMO81,10,PSO-ABE,2,1.4399995803833008,30
COCOMO81,10,PSO-ABE,3,1.4399995803833008,40
COCOMO81,10,PSO-ABE,4,1.4399995803833008,50
COCOMO81,10,PSO-ABE,5,1.4399995803833008,60
COCOMO81,10,PSO-ABE,6,1.4399995803833008,70
COCOMO81,10,PSO-ABE,7,1.4383137226104736,80
COCOMO81,10,PSO-ABE,8,1.4383137226104736,90
COCOMO81,10,PSO-ABE,9,1.4383137226104736,100
COCOMO81,10,PSO-ABE,10,1.4383137226104736,110
COCOMO81,10,PSO-ABE,11,1.437767505645752,120
COCOMO81,10,PSO-ABE,12,1.4356447458267212,130
COCOMO81,10,PSO-ABE,13,1.4342080354690552,140
COCOMO81,10,PSO-ABE,14,1.4264826774597168,150
COCOMO81,10,PSO-ABE,15,1.4153612852096558,160
COCOMO81,10,PSO-ABE,16,1.4153612852096558,170
COCOMO81,10,PSO-ABE,17,1.4153612852096558,180
COCOMO81,10,PSO-ABE,18,1.4153612852096558,190
COCOMO81,10,PSO-ABE,19,1.4153612852096558,200
COCOMO81,10,PSO-ABE,20,1.4065645933151245,210
COCOMO81,10,PSO-ABE,21,1.4065645933151245,220
COCOMO81,10,PSO-ABE,22,1.397243857383728,230
COCOMO81,10,PSO-ABE,23,1.397243857383728,240
COCOMO81,10,PSO-ABE,24,1.397243857383728,250
COCOMO81,10,PSO-ABE,25,1.397243857383728,260
COCOMO81,10,PSO-ABE,26,1.397243857383728,270
COCOMO81,10,PSO-ABE,27,1.397131085395813,280
COCOMO81,10,PSO-ABE,28,1.397131085395813,290
COCOMO81,10,PSO-ABE,29,1.397131085395813,300
COCOMO81,10,PSO-ABE,30,1.3923325538635254,310
COCOMO81,10,PSO-ABE,31,1.381735920906067,320
COCOMO81,10,PSO-ABE,32,1.381735920906067,330
COCOMO81,10,PSO-ABE,33,1.381735920906067,340
COCOMO81,10,PSO-ABE,34,1.381735920906067,350
COCOMO81,10,PSO-ABE,35,1.381735920906067,360
COCOMO81,10,PSO-ABE,36,1.381735920906067,370
COCOMO81,10,PSO-ABE,37,1.3814276456832886,380
COCOMO81,10,PSO-ABE,38,1.3814276456832886,390
COCOMO81,10,PSO-ABE,39,1.3789054155349731,400
COCOMO81,10,PSO-ABE,40,1.3789054155349731,410
COCOMO81,10,PSO-ABE,41,1.3789054155349731,420
COCOMO81,10,PSO-ABE,42,1.377092957496643,430
COCOMO81,10,PSO-ABE,43,1.377092957496643,440
COCOMO81,10,PSO-ABE,44,1.377092957496643,450
COCOMO81,10,PSO-ABE,45,1.377092957496643,460
COCOMO81,10,PSO-ABE,46,1.3770312070846558,470
COCOMO81,10,PSO-ABE,47,1.3770312070846558,480
COCOMO81,10,PSO-ABE,48,1.3770312070846558,490
COCOMO81,10,PSO-ABE,49,1.3770312070846558,500
COCOMO81,10,PSO-ABE,50,1.3770312070846558,510
COCOMO81,10,PSO-ABE,51,1.3763788938522339,520
COCOMO81,10,PSO-ABE,52,1.3763788938522339,530
COCOMO81,10,PSO-ABE,53,1.3763788938522339,540
COCOMO81,10,PSO-ABE,54,1.3763788938522339,550
COCOMO81,10,PSO-ABE,55,1.3763788938522339,560
COCOMO81,10,PSO-ABE,56,1.3763788938522339,570
COCOMO81,10,PSO-ABE,57,1.3763788938522339,580
COCOMO81,10,PSO-ABE,58,1.3763788938522339,590
COCOMO81,10,PSO-ABE,59,1.3763788938522339,600
COCOMO81,10,PSO-ABE,60,1.3763788938522339,610
COCOMO81,10,PSO-ABE,61,1.3763788938522339,620
COCOMO81,10,PSO-ABE,62,1.375716209411621,630
COCOMO81,10,PSO-ABE,63,1.373030185699463,640
COCOMO81,10,PSO-ABE,64,1.373030185699463,650
COCOMO81,10,PSO-ABE,65,1.373030185699463,660
COCOMO81,10,PSO-ABE,66,1.373030185699463,670
COCOMO81,10,PSO-ABE,67,1.373030185699463,680
COCOMO81,10,PSO-ABE,68,1.3717873096466064,690
COCOMO81,10,PSO-ABE,69,1.3709114789962769,700
COCOMO81,10,PSO-ABE,70,1.3709114789962769,710
COCOMO81,10,PSO-ABE,71,1.3709114789962769,720
COCOMO81,10,PSO-ABE,72,1.3709114789962769,730
COCOMO81,10,PSO-ABE,73,1.3669143915176392,740
COCOMO81,10,PSO-ABE,74,1.3669143915176392,750
COCOMO81,10,PSO-ABE,75,1.3669143915176392,760
COCOMO81,10,PSO-ABE,76,1.3669143915176392,770
COCOMO81,10,PSO-ABE,77,1.3577512502670288,780
COCOMO81,10,PSO-ABE,78,1.3577512502670288,790
COCOMO81,10,PSO-ABE,79,1.3499174118041992,800
COCOMO81,10,PSO-ABE,80,1.3499174118041992,810
COCOMO81,10,PSO-ABE,81,1.3499174118041992,820
COCOMO81,10,PSO-ABE,82,1.3499174118041992,830
COCOMO81,10,PSO-ABE,83,1.3499174118041992,840
COCOMO81,10,PSO-ABE,84,1.3499174118041992,850
COCOMO81,10,PSO-ABE,85,1.3499174118041992,860
COCOMO81,10,PSO-ABE,86,1.3468670845031738,870
COCOMO81,10,PSO-ABE,87,1.3468670845031738,880
COCOMO81,10,PSO-ABE,88,1.3468670845031738,890
COCOMO81,10,PSO-ABE,89,1.3468670845031738,900
COCOMO81,10,PSO-ABE,90,1.3468670845031738,910
COCOMO81,10,PSO-ABE,91,1.3468670845031738,920
COCOMO81,10,PSO-ABE,92,1.3468670845031738,930
COCOMO81,10,PSO-ABE,93,1.3468670845031738,940
COCOMO81,10,PSO-ABE,94,1.3468670845031738,950
COCOMO81,10,PSO-ABE,95,1.3468670845031738,960
COCOMO81,10,PSO-ABE,96,1.3466742038726807,970
COCOMO81,10,PSO-ABE,97,1.3466742038726807,980
COCOMO81,10,PSO-ABE,98,1.3466742038726807,990
COCOMO81,10,PSO-ABE,99,1.3466742038726807,1000
COCOMO81,10,DE-ABE,0,1.8068934679031372,10
COCOMO81,10,DE-ABE,1,1.7304644584655762,20
COCOMO81,10,DE-ABE,2,1.713587999343872,30
COCOMO81,10,DE-ABE,3,1.672949194908142,40
COCOMO81,10,DE-ABE,4,1.672949194908142,50
COCOMO81,10,DE-ABE,5,1.672949194908142,60
COCOMO81,10,DE-ABE,6,1.6470805406570435,70
COCOMO81,10,DE-ABE,7,1.6248621940612793,80
COCOMO81,10,DE-ABE,8,1.6248621940612793,90
COCOMO81,10,DE-ABE,9,1.6248621940612793,100
COCOMO81,10,DE-ABE,10,1.6068004369735718,110
COCOMO81,10,DE-ABE,11,1.592516303062439,120
COCOMO81,10,DE-ABE,12,1.5609725713729858,130
COCOMO81,10,DE-ABE,13,1.5609725713729858,140
COCOMO81,10,DE-ABE,14,1.5468902587890625,150
COCOMO81,10,DE-ABE,15,1.5468902587890625,160
COCOMO81,10,DE-ABE,16,1.5468902587890625,170
COCOMO81,10,DE-ABE,17,1.545954704284668,180
COCOMO81,10,DE-ABE,18,1.545954704284668,190
COCOMO81,10,DE-ABE,19,1.545954704284668,200
COCOMO81,10,DE-ABE,20,1.5415304899215698,210
COCOMO81,10,DE-ABE,21,1.5376710891723633,220
COCOMO81,10,DE-ABE,22,1.5376710891723633,230
COCOMO81,10,DE-ABE,23,1.5326693058013916,240
COCOMO81,10,DE-ABE,24,1.5326693058013916,250
COCOMO81,10,DE-ABE,25,1.5272598266601562,260
COCOMO81,10,DE-ABE,26,1.5272598266601562,270
COCOMO81,10,DE-ABE,27,1.5272598266601562,280
COCOMO81,10,DE-ABE,28,1.5262162685394287,290
COCOMO81,10,DE-ABE,29,1.5262162685394287,300
COCOMO81,10,DE-ABE,30,1.5262162685394287,310
COCOMO81,10,DE-ABE,31,1.5228713750839233,320
COCOMO81,10,DE-ABE,32,1.5228713750839233,330
COCOMO81,10,DE-ABE,33,1.521904468536377,340
COCOMO81,10,DE-ABE,34,1.5204193592071533,350
COCOMO81,10,DE-ABE,35,1.5204193592071533,360
COCOMO81,10,DE-ABE,36,1.5204193592071533,370
COCOMO81,10,DE-ABE,37,1.5204193592071533,380
COCOMO81,10,DE-ABE,38,1.5204193592071533,390
COCOMO81,10,DE-ABE,39,1.5204193592071533,400
COCOMO81,10,DE-ABE,40,1.5201970338821411,410
COCOMO81,10,DE-ABE,41,1.5201970338821411,420
COCOMO81,10,DE-ABE,42,1.5197898149490356,430
COCOMO81,10,DE-ABE,43,1.5195356607437134,440
COCOMO81,10,DE-ABE,44,1.519516944885254,450
COCOMO81,10,DE-ABE,45,1.5189745426177979,460
COCOMO81,10,DE-ABE,46,1.5189745426177979,470
COCOMO81,10,DE-ABE,47,1.5187774896621704,480
COCOMO81,10,DE-ABE,48,1.518552303314209,490
COCOMO81,10,DE-ABE,49,1.51852548122406,500
COCOMO81,10,DE-ABE,50,1.518490195274353,510
COCOMO81,10,DE-ABE,51,1.51839280128479,520
COCOMO81,10,DE-ABE,52,1.518376350402832,530
COCOMO81,10,DE-ABE,53,1.5183476209640503,540
COCOMO81,10,DE-ABE,54,1.5183144807815552,550
COCOMO81,10,DE-ABE,55,1.5183079242706299,560
COCOMO81,10,DE-ABE,56,1.5182955265045166,570
COCOMO81,10,DE-ABE,57,1.518281102180481,580
COCOMO81,10,DE-ABE,58,1.518281102180481,590
COCOMO81,10,DE-ABE,59,1.5182702541351318,600
COCOMO81,10,DE-ABE,60,1.518265724182129,610
COCOMO81,10,DE-ABE,61,1.5182582139968872,620
COCOMO81,10,DE-ABE,62,1.5182523727416992,630
COCOMO81,10,DE-ABE,63,1.518247365951538,640
COCOMO81,10,DE-ABE,64,1.5182430744171143,650
COCOMO81,10,DE-ABE,65,1.5182430744171143,660
COCOMO81,10,DE-ABE,66,1.5182421207427979,670
COCOMO81,10,DE-ABE,67,1.5182414054870605,680
COCOMO81,10,DE-ABE,68,1.5182386636734009,690
COCOMO81,10,DE-ABE,69,1.518237590789795,700
COCOMO81,10,DE-ABE,70,1.518233060836792,710
COCOMO81,10,DE-ABE,71,1.518233060836792,720
COCOMO81,10,DE-ABE,72,1.5182310342788696,730
COCOMO81,10,DE-ABE,73,1.5182310342788696,740
COCOMO81,10,DE-ABE,74,1.5182286500930786,750
COCOMO81,10,DE-ABE,75,1.518225908279419,760
COCOMO81,10,DE-ABE,76,1.5182251930236816,770
COCOMO81,10,DE-ABE,77,1.5182240009307861,780
COCOMO81,10,DE-ABE,78,1.5182236433029175,790
COCOMO81,10,DE-ABE,79,1.5182231664657593,800
COCOMO81,10,DE-ABE,80,1.5182231664657593,810
COCOMO81,10,DE-ABE,81,1.5182228088378906,820
COCOMO81,10,DE-ABE,82,1.5182228088378906,830
COCOMO81,10,DE-ABE,83,1.5182225704193115,840
COCOMO81,10,DE-ABE,84,1.5182225704193115,850
COCOMO81,10,DE-ABE,85,1.51822030544281,860
COCOMO81,10,DE-ABE,86,1.5182198286056519,870
COCOMO81,10,DE-ABE,87,1.518219232559204,880
COCOMO81,10,DE-ABE,88,1.5182181596755981,890
COCOMO81,10,DE-ABE,89,1.518216848373413,900
COCOMO81,10,DE-ABE,90,1.518216848373413,910
COCOMO81,10,DE-ABE,91,1.518216848373413,920
COCOMO81,10,DE-ABE,92,1.5182163715362549,930
COCOMO81,10,DE-ABE,93,1.5182162523269653,940
COCOMO81,10,DE-ABE,94,1.5182162523269653,950
COCOMO81,10,DE-ABE,95,1.5182157754898071,960
COCOMO81,10,DE-ABE,96,1.518215537071228,970
COCOMO81,10,DE-ABE,97,1.518215537071228,980
COCOMO81,10,DE-ABE,98,1.518215537071228,990
COCOMO81,10,DE-ABE,99,1.518215537071228,1000
COCOMO81,10,GWO-ABE,0,2.905174493789673,10
COCOMO81,10,GWO-ABE,1,1.663805365562439,20
COCOMO81,10,GWO-ABE,2,1.5816764831542969,30
COCOMO81,10,GWO-ABE,3,1.8360400199890137,40
COCOMO81,10,GWO-ABE,4,1.7250416278839111,50
COCOMO81,10,GWO-ABE,5,1.7375725507736206,60
COCOMO81,10,GWO-ABE,6,1.7297426462173462,70
COCOMO81,10,GWO-ABE,7,1.6507049798965454,80
COCOMO81,10,GWO-ABE,8,1.6648929119110107,90
COCOMO81,10,GWO-ABE,9,1.6499621868133545,100
COCOMO81,10,GWO-ABE,10,1.6887626647949219,110
COCOMO81,10,GWO-ABE,11,1.6527671813964844,120
COCOMO81,10,GWO-ABE,12,1.651242971420288,130
COCOMO81,10,GWO-ABE,13,1.6487491130828857,140
COCOMO81,10,GWO-ABE,14,1.6552444696426392,150
COCOMO81,10,GWO-ABE,15,1.652613639831543,160
COCOMO81,10,GWO-ABE,16,1.6441329717636108,170
COCOMO81,10,GWO-ABE,17,1.649780035018921,180
COCOMO81,10,GWO-ABE,18,1.6441413164138794,190
COCOMO81,10,GWO-ABE,19,1.6407095193862915,200
COCOMO81,10,GWO-ABE,20,1.6399368047714233,210
COCOMO81,10,GWO-ABE,21,1.6504303216934204,220
COCOMO81,10,GWO-ABE,22,1.6370331048965454,230
COCOMO81,10,GWO-ABE,23,1.6636786460876465,240
COCOMO81,10,GWO-ABE,24,1.648834466934204,250
COCOMO81,10,GWO-ABE,25,1.6492347717285156,260
COCOMO81,10,GWO-ABE,26,1.644262433052063,270
COCOMO81,10,GWO-ABE,27,1.6474443674087524,280
COCOMO81,10,GWO-ABE,28,1.6512356996536255,290
COCOMO81,10,GWO-ABE,29,1.6414507627487183,300
COCOMO81,10,GWO-ABE,30,1.6432093381881714,310
COCOMO81,10,GWO-ABE,31,1.6438398361206055,320
COCOMO81,10,GWO-ABE,32,1.6362553834915161,330
COCOMO81,10,GWO-ABE,33,1.6470755338668823,340
COCOMO81,10,GWO-ABE,34,1.6434375047683716,350
COCOMO81,10,GWO-ABE,35,1.6463199853897095,360
COCOMO81,10,GWO-ABE,36,1.6439160108566284,370
COCOMO81,10,GWO-ABE,37,1.6428900957107544,380
COCOMO81,10,GWO-ABE,38,1.6424434185028076,390
COCOMO81,10,GWO-ABE,39,1.648422122001648,400
COCOMO81,10,GWO-ABE,40,1.6425875425338745,410
COCOMO81,10,GWO-ABE,41,1.6411528587341309,420
COCOMO81,10,GWO-ABE,42,1.6436665058135986,430
COCOMO81,10,GWO-ABE,43,1.644858956336975,440
COCOMO81,10,GWO-ABE,44,1.654503345489502,450
COCOMO81,10,GWO-ABE,45,1.646109700202942,460
COCOMO81,10,GWO-ABE,46,1.6475377082824707,470
COCOMO81,10,GWO-ABE,47,1.6403813362121582,480
COCOMO81,10,GWO-ABE,48,1.6394455432891846,490
COCOMO81,10,GWO-ABE,49,1.6430526971817017,500
COCOMO81,10,GWO-ABE,50,1.6472020149230957,510
COCOMO81,10,GWO-ABE,51,1.6426786184310913,520
COCOMO81,10,GWO-ABE,52,1.6452754735946655,530
COCOMO81,10,GWO-ABE,53,1.6417341232299805,540
COCOMO81,10,GWO-ABE,54,1.6405147314071655,550
COCOMO81,10,GWO-ABE,55,1.643450140953064,560
COCOMO81,10,GWO-ABE,56,1.6425526142120361,570
COCOMO81,10,GWO-ABE,57,1.6415494680404663,580
COCOMO81,10,GWO-ABE,58,1.6392713785171509,590
COCOMO81,10,GWO-ABE,59,1.641815423965454,600
COCOMO81,10,GWO-ABE,60,1.641418695449829,610
COCOMO81,10,GWO-ABE,61,1.639664649963379,620
COCOMO81,10,GWO-ABE,62,1.6381151676177979,630
COCOMO81,10,GWO-ABE,63,1.6344889402389526,640
COCOMO81,10,GWO-ABE,64,1.6368190050125122,650
COCOMO81,10,GWO-ABE,65,1.634470820426941,660
COCOMO81,10,GWO-ABE,66,1.637714147567749,670
COCOMO81,10,GWO-ABE,67,1.6326864957809448,680
COCOMO81,10,GWO-ABE,68,1.6331111192703247,690
COCOMO81,10,GWO-ABE,69,1.63169264793396,700
COCOMO81,10,GWO-ABE,70,1.6315197944641113,710
COCOMO81,10,GWO-ABE,71,1.6292427778244019,720
COCOMO81,10,GWO-ABE,72,1.6303846836090088,730
COCOMO81,10,GWO-ABE,73,1.6299635171890259,740
COCOMO81,10,GWO-ABE,74,1.6285065412521362,750
COCOMO81,10,GWO-ABE,75,1.6257964372634888,760
COCOMO81,10,GWO-ABE,76,1.6221973896026611,770
COCOMO81,10,GWO-ABE,77,1.6219351291656494,780
COCOMO81,10,GWO-ABE,78,1.6229616403579712,790
COCOMO81,10,GWO-ABE,79,1.6227073669433594,800
COCOMO81,10,GWO-ABE,80,1.6212794780731201,810
COCOMO81,10,GWO-ABE,81,1.6197998523712158,820
COCOMO81,10,GWO-ABE,82,1.6180675029754639,830
COCOMO81,10,GWO-ABE,83,1.618323802947998,840
COCOMO81,10,GWO-ABE,84,1.6181501150131226,850
COCOMO81,10,GWO-ABE,85,1.616552472114563,860
COCOMO81,10,GWO-ABE,86,1.617125391960144,870
COCOMO81,10,GWO-ABE,87,1.6163197755813599,880
COCOMO81,10,GWO-ABE,88,1.6147892475128174,890
COCOMO81,10,GWO-ABE,89,1.6152722835540771,900
COCOMO81,10,GWO-ABE,90,1.6154496669769287,910
COCOMO81,10,GWO-ABE,91,1.615464210510254,920
COCOMO81,10,GWO-ABE,92,1.6149039268493652,930
COCOMO81,10,GWO-ABE,93,1.614851951599121,940
COCOMO81,10,GWO-ABE,94,1.614964485168457,950
COCOMO81,10,GWO-ABE,95,1.6143698692321777,960
COCOMO81,10,GWO-ABE,96,1.6141902208328247,970
COCOMO81,10,GWO-ABE,97,1.6139500141143799,980
COCOMO81,10,GWO-ABE,98,1.6139286756515503,990
COCOMO81,10,GWO-ABE,99,1.6137495040893555,1000
COCOMO81,10,WOA-ABE,0,1.5097769498825073,10
COCOMO81,10,WOA-ABE,1,1.5097769498825073,20
COCOMO81,10,WOA-ABE,2,1.497432827949524,30
COCOMO81,10,WOA-ABE,3,1.4308009147644043,40
COCOMO81,10,WOA-ABE,4,1.4308009147644043,50
COCOMO81,10,WOA-ABE,5,1.4308009147644043,60
COCOMO81,10,WOA-ABE,6,1.4308009147644043,70
COCOMO81,10,WOA-ABE,7,1.4308009147644043,80
COCOMO81,10,WOA-ABE,8,1.4308009147644043,90
COCOMO81,10,WOA-ABE,9,1.4308009147644043,100
COCOMO81,10,WOA-ABE,10,1.4308009147644043,110
COCOMO81,10,WOA-ABE,11,1.4308009147644043,120
COCOMO81,10,WOA-ABE,12,1.4308009147644043,130
COCOMO81,10,WOA-ABE,13,1.4308009147644043,140
COCOMO81,10,WOA-ABE,14,1.4308009147644043,150
COCOMO81,10,WOA-ABE,15,1.4307175874710083,160
COCOMO81,10,WOA-ABE,16,1.4307142496109009,170
COCOMO81,10,WOA-ABE,17,1.4307142496109009,180
COCOMO81,10,WOA-ABE,18,1.4307142496109009,190
COCOMO81,10,WOA-ABE,19,1.4307142496109009,200
COCOMO81,10,WOA-ABE,20,1.4307142496109009,210
COCOMO81,10,WOA-ABE,21,1.4307142496109009,220
COCOMO81,10,WOA-ABE,22,1.4307142496109009,230
COCOMO81,10,WOA-ABE,23,1.4307142496109009,240
COCOMO81,10,WOA-ABE,24,1.4307142496109009,250
COCOMO81,10,WOA-ABE,25,1.4307142496109009,260
COCOMO81,10,WOA-ABE,26,1.4307137727737427,270
COCOMO81,10,WOA-ABE,27,1.4307137727737427,280
COCOMO81,10,WOA-ABE,28,1.4307137727737427,290
COCOMO81,10,WOA-ABE,29,1.4307137727737427,300
COCOMO81,10,WOA-ABE,30,1.4307137727737427,310
COCOMO81,10,WOA-ABE,31,1.4307137727737427,320
COCOMO81,10,WOA-ABE,32,1.4307137727737427,330
COCOMO81,10,WOA-ABE,33,1.4199389219284058,340
COCOMO81,10,WOA-ABE,34,1.4199389219284058,350
COCOMO81,10,WOA-ABE,35,1.4193193912506104,360
COCOMO81,10,WOA-ABE,36,1.4193193912506104,370
COCOMO81,10,WOA-ABE,37,1.4193193912506104,380
COCOMO81,10,WOA-ABE,38,1.4193193912506104,390
COCOMO81,10,WOA-ABE,39,1.4193193912506104,400
COCOMO81,10,WOA-ABE,40,1.4193193912506104,410
COCOMO81,10,WOA-ABE,41,1.4183944463729858,420
COCOMO81,10,WOA-ABE,42,1.4183944463729858,430
COCOMO81,10,WOA-ABE,43,1.411250352859497,440
COCOMO81,10,WOA-ABE,44,1.4034935235977173,450
COCOMO81,10,WOA-ABE,45,1.4019283056259155,460
COCOMO81,10,WOA-ABE,46,1.3927510976791382,470
COCOMO81,10,WOA-ABE,47,1.3927510976791382,480
COCOMO81,10,WOA-ABE,48,1.3927510976791382,490
COCOMO81,10,WOA-ABE,49,1.3927496671676636,500
COCOMO81,10,WOA-ABE,50,1.3921866416931152,510
COCOMO81,10,WOA-ABE,51,1.3770676851272583,520
COCOMO81,10,WOA-ABE,52,1.3770676851272583,530
COCOMO81,10,WOA-ABE,53,1.3770676851272583,540
COCOMO81,10,WOA-ABE,54,1.367618203163147,550
COCOMO81,10,WOA-ABE,55,1.365832805633545,560
COCOMO81,10,WOA-ABE,56,1.365832805633545,570
COCOMO81,10,WOA-ABE,57,1.3653292655944824,580
COCOMO81,10,WOA-ABE,58,1.3650976419448853,590
COCOMO81,10,WOA-ABE,59,1.3642922639846802,600
COCOMO81,10,WOA-ABE,60,1.3553075790405273,610
COCOMO81,10,WOA-ABE,61,1.3553075790405273,620
COCOMO81,10,WOA-ABE,62,1.3550835847854614,630
COCOMO81,10,WOA-ABE,63,1.3550835847854614,640
COCOMO81,10,WOA-ABE,64,1.351205587387085,650
COCOMO81,10,WOA-ABE,65,1.351205587387085,660
COCOMO81,10,WOA-ABE,66,1.3463252782821655,670
COCOMO81,10,WOA-ABE,67,1.3463252782821655,680
COCOMO81,10,WOA-ABE,68,1.3461523056030273,690
COCOMO81,10,WOA-ABE,69,1.3458638191223145,700
COCOMO81,10,WOA-ABE,70,1.3455653190612793,710
COCOMO81,10,WOA-ABE,71,1.3452680110931396,720
COCOMO81,10,WOA-ABE,72,1.3449490070343018,730
COCOMO81,10,WOA-ABE,73,1.3446176052093506,740
COCOMO81,10,WOA-ABE,74,1.3437167406082153,750
COCOMO81,10,WOA-ABE,75,1.341446042060852,760
COCOMO81,10,WOA-ABE,76,1.3414185047149658,770
COCOMO81,10,WOA-ABE,77,1.3410379886627197,780
COCOMO81,10,WOA-ABE,78,1.3409953117370605,790
COCOMO81,10,WOA-ABE,79,1.340924859046936,800
COCOMO81,10,WOA-ABE,80,1.340924859046936,810
COCOMO81,10,WOA-ABE,81,1.3408805131912231,820
COCOMO81,10,WOA-ABE,82,1.3407953977584839,830
COCOMO81,10,WOA-ABE,83,1.3405725955963135,840
COCOMO81,10,WOA-ABE,84,1.3405725955963135,850
COCOMO81,10,WOA-ABE,85,1.339379906654358,860
COCOMO81,10,WOA-ABE,86,1.338623046875,870
COCOMO81,10,WOA-ABE,87,1.3380563259124756,880
COCOMO81,10,WOA-ABE,88,1.3380563259124756,890
COCOMO81,10,WOA-ABE,89,1.3379524946212769,900
COCOMO81,10,WOA-ABE,90,1.3377594947814941,910
COCOMO81,10,WOA-ABE,91,1.337646722793579,920
COCOMO81,10,WOA-ABE,92,1.337600827217102,930
COCOMO81,10,WOA-ABE,93,1.337554693222046,940
COCOMO81,10,WOA-ABE,94,1.337510585784912,950
COCOMO81,10,WOA-ABE,95,1.337410807609558,960
COCOMO81,10,WOA-ABE,96,1.337410807609558,970
COCOMO81,10,WOA-ABE,97,1.3373457193374634,980
COCOMO81,10,WOA-ABE,98,1.3372628688812256,990
COCOMO81,10,WOA-ABE,99,1.33724045753479,1000
COCOMO81,10,FAABE,0,1.5318388938903809,10
COCOMO81,10,FAABE,1,1.5318388938903809,20
COCOMO81,10,FAABE,2,1.5318388938903809,30
COCOMO81,10,FAABE,3,1.5318388938903809,40
COCOMO81,10,FAABE,4,1.5318388938903809,50
COCOMO81,10,FAABE,5,1.507783055305481,60
COCOMO81,10,FAABE,6,1.507783055305481,70
COCOMO81,10,FAABE,7,1.507783055305481,80
COCOMO81,10,FAABE,8,1.4876874685287476,90
COCOMO81,10,FAABE,9,1.4876874685287476,100
COCOMO81,10,FAABE,10,1.4876874685287476,110
COCOMO81,10,FAABE,11,1.4876874685287476,120
COCOMO81,10,FAABE,12,1.4876874685287476,130
COCOMO81,10,FAABE,13,1.4876874685287476,140
COCOMO81,10,FAABE,14,1.4876874685287476,150
COCOMO81,10,FAABE,15,1.4876874685287476,160
COCOMO81,10,FAABE,16,1.4876874685287476,170
COCOMO81,10,FAABE,17,1.486032247543335,180
COCOMO81,10,FAABE,18,1.486032247543335,190
COCOMO81,10,FAABE,19,1.486032247543335,200
COCOMO81,10,FAABE,20,1.486032247543335,210
COCOMO81,10,FAABE,21,1.486032247543335,220
COCOMO81,10,FAABE,22,1.486032247543335,230
COCOMO81,10,FAABE,23,1.486032247543335,240
COCOMO81,10,FAABE,24,1.486032247543335,250
COCOMO81,10,FAABE,25,1.486032247543335,260
COCOMO81,10,FAABE,26,1.486032247543335,270
COCOMO81,10,FAABE,27,1.486032247543335,280
COCOMO81,10,FAABE,28,1.486032247543335,290
COCOMO81,10,FAABE,29,1.486032247543335,300
COCOMO81,10,FAABE,30,1.486032247543335,310
COCOMO81,10,FAABE,31,1.486032247543335,320
COCOMO81,10,FAABE,32,1.486032247543335,330
COCOMO81,10,FAABE,33,1.486032247543335,340
COCOMO81,10,FAABE,34,1.486032247543335,350
COCOMO81,10,FAABE,35,1.486032247543335,360
COCOMO81,10,FAABE,36,1.486032247543335,370
COCOMO81,10,FAABE,37,1.486032247543335,380
COCOMO81,10,FAABE,38,1.486032247543335,390
COCOMO81,10,FAABE,39,1.486032247543335,400
COCOMO81,10,FAABE,40,1.4802008867263794,410
COCOMO81,10,FAABE,41,1.4802008867263794,420
COCOMO81,10,FAABE,42,1.4802008867263794,430
COCOMO81,10,FAABE,43,1.4802008867263794,440
COCOMO81,10,FAABE,44,1.4802008867263794,450
COCOMO81,10,FAABE,45,1.4802008867263794,460
COCOMO81,10,FAABE,46,1.4802008867263794,470
COCOMO81,10,FAABE,47,1.4802008867263794,480
COCOMO81,10,FAABE,48,1.4802008867263794,490
COCOMO81,10,FAABE,49,1.4802008867263794,500
COCOMO81,10,FAABE,50,1.4802008867263794,510
COCOMO81,10,FAABE,51,1.4802008867263794,520
COCOMO81,10,FAABE,52,1.4802008867263794,530
COCOMO81,10,FAABE,53,1.4802008867263794,540
COCOMO81,10,FAABE,54,1.4802008867263794,550
COCOMO81,10,FAABE,55,1.4802008867263794,560
COCOMO81,10,FAABE,56,1.4802008867263794,570
COCOMO81,10,FAABE,57,1.4802008867263794,580
COCOMO81,10,FAABE,58,1.4802008867263794,590
COCOMO81,10,FAABE,59,1.4802008867263794,600
COCOMO81,10,FAABE,60,1.4802008867263794,610
COCOMO81,10,FAABE,61,1.4802008867263794,620
COCOMO81,10,FAABE,62,1.4802008867263794,630
COCOMO81,10,FAABE,63,1.4802008867263794,640
COCOMO81,10,FAABE,64,1.4802008867263794,650
COCOMO81,10,FAABE,65,1.4802008867263794,660
COCOMO81,10,FAABE,66,1.4802008867263794,670
COCOMO81,10,FAABE,67,1.4802008867263794,680
COCOMO81,10,FAABE,68,1.4802008867263794,690
COCOMO81,10,FAABE,69,1.4802008867263794,700
COCOMO81,10,FAABE,70,1.4802008867263794,710
COCOMO81,10,FAABE,71,1.4802008867263794,720
COCOMO81,10,FAABE,72,1.4802008867263794,730
COCOMO81,10,FAABE,73,1.4802008867263794,740
COCOMO81,10,FAABE,74,1.4802008867263794,750
COCOMO81,10,FAABE,75,1.4802008867263794,760
COCOMO81,10,FAABE,76,1.4802008867263794,770
COCOMO81,10,FAABE,77,1.4802008867263794,780
COCOMO81,10,FAABE,78,1.4802008867263794,790
COCOMO81,10,FAABE,79,1.4802008867263794,800
COCOMO81,10,FAABE,80,1.4802008867263794,810
COCOMO81,10,FAABE,81,1.4802008867263794,820
COCOMO81,10,FAABE,82,1.4802008867263794,830
COCOMO81,10,FAABE,83,1.4802008867263794,840
COCOMO81,10,FAABE,84,1.4802008867263794,850
COCOMO81,10,FAABE,85,1.4802008867263794,860
COCOMO81,10,FAABE,86,1.4802008867263794,870
COCOMO81,10,FAABE,87,1.4802008867263794,880
COCOMO81,10,FAABE,88,1.4802008867263794,890
COCOMO81,10,FAABE,89,1.4802008867263794,900
COCOMO81,10,FAABE,90,1.4802008867263794,910
COCOMO81,10,FAABE,91,1.4749171733856201,920
COCOMO81,10,FAABE,92,1.4749171733856201,930
COCOMO81,10,FAABE,93,1.4749171733856201,940
COCOMO81,10,FAABE,94,1.4749171733856201,950
COCOMO81,10,FAABE,95,1.4749171733856201,960
COCOMO81,10,FAABE,96,1.4749171733856201,970
COCOMO81,10,FAABE,97,1.4749171733856201,980
COCOMO81,10,FAABE,98,1.4749171733856201,990
COCOMO81,10,FAABE,99,1.4749171733856201,1000
