Dataset,Fold,Variant,Iteration,Best_Training_MMRE
Kitchenham,1,FAABE_NO_PEARSON,0,0.36774277687072754
Kitchenham,1,FAABE_NO_PEARSON,1,0.281436949968338
Kitchenham,1,FAABE_NO_PEARSON,2,0.273759663105011
Kitchenham,1,FAABE_NO_PEARSON,3,0.27232304215431213
Kitchenham,1,FAABE_NO_PEARSON,4,0.27232304215431213
Kitchenham,1,FAABE_NO_PEARSON,5,0.27232304215431213
Kitchenham,1,FAABE_NO_PEARSON,6,0.26410049200057983
Kitchenham,1,FAABE_NO_PEARSON,7,0.26410049200057983
Kitchenham,1,FAABE_NO_PEARSON,8,0.26410049200057983
Kitchenham,1,FAABE_NO_PEARSON,9,0.26410049200057983
Kitchenham,1,FAABE_NO_PEARSON,10,0.26410049200057983
Kitchenham,1,FAABE_NO_PEARSON,11,0.26410049200057983
Kitchenham,1,FAABE_NO_PEARSON,12,0.2627266049385071
Kitchenham,1,FAABE_NO_PEARSON,13,0.2627266049385071
Kitchenham,1,FAABE_NO_PEARSON,14,0.2627266049385071
Kitchenham,1,FAABE_NO_PEARSON,15,0.2627266049385071
Kitchenham,1,FAABE_NO_PEARSON,16,0.2627266049385071
Kitchenham,1,FAABE_NO_PEARSON,17,0.2627266049385071
Kitchenham,1,FAABE_NO_PEARSON,18,0.2627266049385071
Kitchenham,1,FAABE_NO_PEARSON,19,0.2627266049385071
Kitchenham,1,FAABE_NO_PEARSON,20,0.2627266049385071
Kitchenham,1,FAABE_NO_PEARSON,21,0.2627266049385071
Kitchenham,1,FAABE_NO_PEARSON,22,0.26074931025505066
Kitchenham,1,FAABE_NO_PEARSON,23,0.26074931025505066
Kitchenham,1,FAABE_NO_PEARSON,24,0.26074931025505066
Kitchenham,1,FAABE_NO_PEARSON,25,0.26074931025505066
Kitchenham,1,FAABE_NO_PEARSON,26,0.26074931025505066
Kitchenham,1,FAABE_NO_PEARSON,27,0.26074931025505066
Kitchenham,1,FAABE_NO_PEARSON,28,0.26074931025505066
Kitchenham,1,FAABE_NO_PEARSON,29,0.26074931025505066
Kitchenham,1,FAABE_NO_PEARSON,30,0.26074931025505066
Kitchenham,1,FAABE_NO_PEARSON,31,0.26074931025505066
Kitchenham,1,FAABE_NO_PEARSON,32,0.26074931025505066
Kitchenham,1,FAABE_NO_PEARSON,33,0.26074931025505066
Kitchenham,1,FAABE_NO_PEARSON,34,0.26074931025505066
Kitchenham,1,FAABE_NO_PEARSON,35,0.26074931025505066
Kitchenham,1,FAABE_NO_PEARSON,36,0.26074931025505066
Kitchenham,1,FAABE_NO_PEARSON,37,0.26074931025505066
Kitchenham,1,FAABE_NO_PEARSON,38,0.26074931025505066
Kitchenham,1,FAABE_NO_PEARSON,39,0.26074931025505066
Kitchenham,1,FAABE_NO_PEARSON,40,0.26074931025505066
Kitchenham,1,FAABE_NO_PEARSON,41,0.26074931025505066
Kitchenham,1,FAABE_NO_PEARSON,42,0.26074931025505066
Kitchenham,1,FAABE_NO_PEARSON,43,0.26074931025505066
Kitchenham,1,FAABE_NO_PEARSON,44,0.26074931025505066
Kitchenham,1,FAABE_NO_PEARSON,45,0.26074931025505066
Kitchenham,1,FAABE_NO_PEARSON,46,0.26074931025505066
Kitchenham,1,FAABE_NO_PEARSON,47,0.26074931025505066
Kitchenham,1,FAABE_NO_PEARSON,48,0.26074931025505066
Kitchenham,1,FAABE_NO_PEARSON,49,0.26074931025505066
Kitchenham,1,FAABE_NO_PEARSON,50,0.26074931025505066
Kitchenham,1,FAABE_NO_PEARSON,51,0.26074931025505066
Kitchenham,1,FAABE_NO_PEARSON,52,0.26074931025505066
Kitchenham,1,FAABE_NO_PEARSON,53,0.26074931025505066
Kitchenham,1,FAABE_NO_PEARSON,54,0.26074931025505066
Kitchenham,1,FAABE_NO_PEARSON,55,0.26074931025505066
Kitchenham,1,FAABE_NO_PEARSON,56,0.26074931025505066
Kitchenham,1,FAABE_NO_PEARSON,57,0.26074931025505066
Kitchenham,1,FAABE_NO_PEARSON,58,0.26074931025505066
Kitchenham,1,FAABE_NO_PEARSON,59,0.26074931025505066
Kitchenham,1,FAABE_NO_PEARSON,60,0.26074931025505066
Kitchenham,1,FAABE_NO_PEARSON,61,0.26074931025505066
Kitchenham,1,FAABE_NO_PEARSON,62,0.26074931025505066
Kitchenham,1,FAABE_NO_PEARSON,63,0.26074931025505066
Kitchenham,1,FAABE_NO_PEARSON,64,0.26074931025505066
Kitchenham,1,FAABE_NO_PEARSON,65,0.25944003462791443
Kitchenham,1,FAABE_NO_PEARSON,66,0.25944003462791443
Kitchenham,1,FAABE_NO_PEARSON,67,0.25944003462791443
Kitchenham,1,FAABE_NO_PEARSON,68,0.25944003462791443
Kitchenham,1,FAABE_NO_PEARSON,69,0.25944003462791443
Kitchenham,1,FAABE_NO_PEARSON,70,0.25944003462791443
Kitchenham,1,FAABE_NO_PEARSON,71,0.25944003462791443
Kitchenham,1,FAABE_NO_PEARSON,72,0.25944003462791443
Kitchenham,1,FAABE_NO_PEARSON,73,0.25944003462791443
Kitchenham,1,FAABE_NO_PEARSON,74,0.25944003462791443
Kitchenham,1,FAABE_NO_PEARSON,75,0.25944003462791443
Kitchenham,1,FAABE_NO_PEARSON,76,0.25944003462791443
Kitchenham,1,FAABE_NO_PEARSON,77,0.25944003462791443
Kitchenham,1,FAABE_NO_PEARSON,78,0.25944003462791443
Kitchenham,1,FAABE_NO_PEARSON,79,0.25944003462791443
Kitchenham,1,FAABE_NO_PEARSON,80,0.25944003462791443
Kitchenham,1,FAABE_NO_PEARSON,81,0.25944003462791443
Kitchenham,1,FAABE_NO_PEARSON,82,0.25944003462791443
Kitchenham,1,FAABE_NO_PEARSON,83,0.25944003462791443
Kitchenham,1,FAABE_NO_PEARSON,84,0.25944003462791443
Kitchenham,1,FAABE_NO_PEARSON,85,0.25944003462791443
Kitchenham,1,FAABE_NO_PEARSON,86,0.25944003462791443
Kitchenham,1,FAABE_NO_PEARSON,87,0.25944003462791443
Kitchenham,1,FAABE_NO_PEARSON,88,0.25944003462791443
Kitchenham,1,FAABE_NO_PEARSON,89,0.25944003462791443
Kitchenham,1,FAABE_NO_PEARSON,90,0.25944003462791443
Kitchenham,1,FAABE_NO_PEARSON,91,0.25944003462791443
Kitchenham,1,FAABE_NO_PEARSON,92,0.25944003462791443
Kitchenham,1,FAABE_NO_PEARSON,93,0.25944003462791443
Kitchenham,1,FAABE_NO_PEARSON,94,0.25944003462791443
Kitchenham,1,FAABE_NO_PEARSON,95,0.25944003462791443
Kitchenham,1,FAABE_NO_PEARSON,96,0.25944003462791443
Kitchenham,1,FAABE_NO_PEARSON,97,0.25944003462791443
Kitchenham,1,FAABE_NO_PEARSON,98,0.25944003462791443
Kitchenham,1,FAABE_NO_PEARSON,99,0.25944003462791443
Kitchenham,1,FAABE_NO_PEARSON,100,0.25944003462791443
Kitchenham,1,FAABE_NO_IWM,0,0.4000665247440338
Kitchenham,1,FAABE_NO_IWM,1,0.3566296100616455
Kitchenham,1,FAABE_NO_IWM,2,0.27086663246154785
Kitchenham,1,FAABE_NO_IWM,3,0.27086663246154785
Kitchenham,1,FAABE_NO_IWM,4,0.27086663246154785
Kitchenham,1,FAABE_NO_IWM,5,0.27086663246154785
Kitchenham,1,FAABE_NO_IWM,6,0.26510441303253174
Kitchenham,1,FAABE_NO_IWM,7,0.26510441303253174
Kitchenham,1,FAABE_NO_IWM,8,0.2603064477443695
Kitchenham,1,FAABE_NO_IWM,9,0.2603064477443695
Kitchenham,1,FAABE_NO_IWM,10,0.2603064477443695
Kitchenham,1,FAABE_NO_IWM,11,0.2603064477443695
Kitchenham,1,FAABE_NO_IWM,12,0.2603064477443695
Kitchenham,1,FAABE_NO_IWM,13,0.2603064477443695
Kitchenham,1,FAABE_NO_IWM,14,0.2603064477443695
Kitchenham,1,FAABE_NO_IWM,15,0.2603064477443695
Kitchenham,1,FAABE_NO_IWM,16,0.2603064477443695
Kitchenham,1,FAABE_NO_IWM,17,0.2603064477443695
Kitchenham,1,FAABE_NO_IWM,18,0.2603064477443695
Kitchenham,1,FAABE_NO_IWM,19,0.2603064477443695
Kitchenham,1,FAABE_NO_IWM,20,0.2603064477443695
Kitchenham,1,FAABE_NO_IWM,21,0.2603064477443695
Kitchenham,1,FAABE_NO_IWM,22,0.25834670662879944
Kitchenham,1,FAABE_NO_IWM,23,0.25834670662879944
Kitchenham,1,FAABE_NO_IWM,24,0.25834670662879944
Kitchenham,1,FAABE_NO_IWM,25,0.25834670662879944
Kitchenham,1,FAABE_NO_IWM,26,0.25834670662879944
Kitchenham,1,FAABE_NO_IWM,27,0.25834670662879944
Kitchenham,1,FAABE_NO_IWM,28,0.25834670662879944
Kitchenham,1,FAABE_NO_IWM,29,0.25834670662879944
Kitchenham,1,FAABE_NO_IWM,30,0.25834670662879944
Kitchenham,1,FAABE_NO_IWM,31,0.25834670662879944
Kitchenham,1,FAABE_NO_IWM,32,0.25834670662879944
Kitchenham,1,FAABE_NO_IWM,33,0.25834670662879944
Kitchenham,1,FAABE_NO_IWM,34,0.25834670662879944
Kitchenham,1,FAABE_NO_IWM,35,0.25834670662879944
Kitchenham,1,FAABE_NO_IWM,36,0.25834670662879944
Kitchenham,1,FAABE_NO_IWM,37,0.25834670662879944
Kitchenham,1,FAABE_NO_IWM,38,0.25834670662879944
Kitchenham,1,FAABE_NO_IWM,39,0.25834670662879944
Kitchenham,1,FAABE_NO_IWM,40,0.25834670662879944
Kitchenham,1,FAABE_NO_IWM,41,0.25834670662879944
Kitchenham,1,FAABE_NO_IWM,42,0.25834670662879944
Kitchenham,1,FAABE_NO_IWM,43,0.25834670662879944
Kitchenham,1,FAABE_NO_IWM,44,0.25834670662879944
Kitchenham,1,FAABE_NO_IWM,45,0.25834670662879944
Kitchenham,1,FAABE_NO_IWM,46,0.25834670662879944
Kitchenham,1,FAABE_NO_IWM,47,0.25834670662879944
Kitchenham,1,FAABE_NO_IWM,48,0.25834670662879944
Kitchenham,1,FAABE_NO_IWM,49,0.25834670662879944
Kitchenham,1,FAABE_NO_IWM,50,0.25834670662879944
Kitchenham,1,FAABE_NO_IWM,51,0.25834670662879944
Kitchenham,1,FAABE_NO_IWM,52,0.25834670662879944
Kitchenham,1,FAABE_NO_IWM,53,0.25834670662879944
Kitchenham,1,FAABE_NO_IWM,54,0.25834670662879944
Kitchenham,1,FAABE_NO_IWM,55,0.25834670662879944
Kitchenham,1,FAABE_NO_IWM,56,0.25834670662879944
Kitchenham,1,FAABE_NO_IWM,57,0.25834670662879944
Kitchenham,1,FAABE_NO_IWM,58,0.25834670662879944
Kitchenham,1,FAABE_NO_IWM,59,0.25834670662879944
Kitchenham,1,FAABE_NO_IWM,60,0.25834670662879944
Kitchenham,1,FAABE_NO_IWM,61,0.25834670662879944
Kitchenham,1,FAABE_NO_IWM,62,0.25834670662879944
Kitchenham,1,FAABE_NO_IWM,63,0.25834670662879944
Kitchenham,1,FAABE_NO_IWM,64,0.25834670662879944
Kitchenham,1,FAABE_NO_IWM,65,0.25834670662879944
Kitchenham,1,FAABE_NO_IWM,66,0.25834670662879944
Kitchenham,1,FAABE_NO_IWM,67,0.25834670662879944
Kitchenham,1,FAABE_NO_IWM,68,0.25834670662879944
Kitchenham,1,FAABE_NO_IWM,69,0.25834670662879944
Kitchenham,1,FAABE_NO_IWM,70,0.25834670662879944
Kitchenham,1,FAABE_NO_IWM,71,0.25834670662879944
Kitchenham,1,FAABE_NO_IWM,72,0.25834670662879944
Kitchenham,1,FAABE_NO_IWM,73,0.25834670662879944
Kitchenham,1,FAABE_NO_IWM,74,0.25834670662879944
Kitchenham,1,FAABE_NO_IWM,75,0.25834670662879944
Kitchenham,1,FAABE_NO_IWM,76,0.25834670662879944
Kitchenham,1,FAABE_NO_IWM,77,0.25834670662879944
Kitchenham,1,FAABE_NO_IWM,78,0.25834670662879944
Kitchenham,1,FAABE_NO_IWM,79,0.25834670662879944
Kitchenham,1,FAABE_NO_IWM,80,0.25834670662879944
Kitchenham,1,FAABE_NO_IWM,81,0.25834670662879944
Kitchenham,1,FAABE_NO_IWM,82,0.25834670662879944
Kitchenham,1,FAABE_NO_IWM,83,0.25834670662879944
Kitchenham,1,FAABE_NO_IWM,84,0.25834670662879944
Kitchenham,1,FAABE_NO_IWM,85,0.25834670662879944
Kitchenham,1,FAABE_NO_IWM,86,0.25834670662879944
Kitchenham,1,FAABE_NO_IWM,87,0.25834670662879944
Kitchenham,1,FAABE_NO_IWM,88,0.25834670662879944
Kitchenham,1,FAABE_NO_IWM,89,0.25834670662879944
Kitchenham,1,FAABE_NO_IWM,90,0.25834670662879944
Kitchenham,1,FAABE_NO_IWM,91,0.25834670662879944
Kitchenham,1,FAABE_NO_IWM,92,0.25834670662879944
Kitchenham,1,FAABE_NO_IWM,93,0.25834670662879944
Kitchenham,1,FAABE_NO_IWM,94,0.25834670662879944
Kitchenham,1,FAABE_NO_IWM,95,0.25834670662879944
Kitchenham,1,FAABE_NO_IWM,96,0.25834670662879944
Kitchenham,1,FAABE_NO_IWM,97,0.25834670662879944
Kitchenham,1,FAABE_NO_IWM,98,0.25834670662879944
Kitchenham,1,FAABE_NO_IWM,99,0.25834670662879944
Kitchenham,1,FAABE_NO_IWM,100,0.25834670662879944
Kitchenham,1,FAABE_FULL,0,0.31114107370376587
Kitchenham,1,FAABE_FULL,1,0.2980865240097046
Kitchenham,1,FAABE_FULL,2,0.29788947105407715
Kitchenham,1,FAABE_FULL,3,0.2690388858318329
Kitchenham,1,FAABE_FULL,4,0.2690388858318329
Kitchenham,1,FAABE_FULL,5,0.2690388858318329
Kitchenham,1,FAABE_FULL,6,0.2690388858318329
Kitchenham,1,FAABE_FULL,7,0.2690388858318329
Kitchenham,1,FAABE_FULL,8,0.2690388858318329
Kitchenham,1,FAABE_FULL,9,0.2690388858318329
Kitchenham,1,FAABE_FULL,10,0.2690388858318329
Kitchenham,1,FAABE_FULL,11,0.2690388858318329
Kitchenham,1,FAABE_FULL,12,0.2690388858318329
Kitchenham,1,FAABE_FULL,13,0.2690388858318329
Kitchenham,1,FAABE_FULL,14,0.2690388858318329
Kitchenham,1,FAABE_FULL,15,0.2690388858318329
Kitchenham,1,FAABE_FULL,16,0.2686006724834442
Kitchenham,1,FAABE_FULL,17,0.2686006724834442
Kitchenham,1,FAABE_FULL,18,0.2686006724834442
Kitchenham,1,FAABE_FULL,19,0.2663400173187256
Kitchenham,1,FAABE_FULL,20,0.2663400173187256
Kitchenham,1,FAABE_FULL,21,0.26606160402297974
Kitchenham,1,FAABE_FULL,22,0.2618504464626312
Kitchenham,1,FAABE_FULL,23,0.2618504464626312
Kitchenham,1,FAABE_FULL,24,0.2618504464626312
Kitchenham,1,FAABE_FULL,25,0.2618504464626312
Kitchenham,1,FAABE_FULL,26,0.2618504464626312
Kitchenham,1,FAABE_FULL,27,0.2618504464626312
Kitchenham,1,FAABE_FULL,28,0.2618504464626312
Kitchenham,1,FAABE_FULL,29,0.2618504464626312
Kitchenham,1,FAABE_FULL,30,0.2618504464626312
Kitchenham,1,FAABE_FULL,31,0.2618504464626312
Kitchenham,1,FAABE_FULL,32,0.26120811700820923
Kitchenham,1,FAABE_FULL,33,0.26120811700820923
Kitchenham,1,FAABE_FULL,34,0.26120811700820923
Kitchenham,1,FAABE_FULL,35,0.26120811700820923
Kitchenham,1,FAABE_FULL,36,0.26120811700820923
Kitchenham,1,FAABE_FULL,37,0.26120811700820923
Kitchenham,1,FAABE_FULL,38,0.26120811700820923
Kitchenham,1,FAABE_FULL,39,0.26120811700820923
Kitchenham,1,FAABE_FULL,40,0.26120811700820923
Kitchenham,1,FAABE_FULL,41,0.26120811700820923
Kitchenham,1,FAABE_FULL,42,0.26120811700820923
Kitchenham,1,FAABE_FULL,43,0.26120811700820923
Kitchenham,1,FAABE_FULL,44,0.26120811700820923
Kitchenham,1,FAABE_FULL,45,0.26120811700820923
Kitchenham,1,FAABE_FULL,46,0.26120811700820923
Kitchenham,1,FAABE_FULL,47,0.26120811700820923
Kitchenham,1,FAABE_FULL,48,0.26120811700820923
Kitchenham,1,FAABE_FULL,49,0.26120811700820923
Kitchenham,1,FAABE_FULL,50,0.26120811700820923
Kitchenham,1,FAABE_FULL,51,0.26120811700820923
Kitchenham,1,FAABE_FULL,52,0.26120811700820923
Kitchenham,1,FAABE_FULL,53,0.26120811700820923
Kitchenham,1,FAABE_FULL,54,0.26120811700820923
Kitchenham,1,FAABE_FULL,55,0.26120811700820923
Kitchenham,1,FAABE_FULL,56,0.26120811700820923
Kitchenham,1,FAABE_FULL,57,0.26120811700820923
Kitchenham,1,FAABE_FULL,58,0.26120811700820923
Kitchenham,1,FAABE_FULL,59,0.26120811700820923
Kitchenham,1,FAABE_FULL,60,0.26120811700820923
Kitchenham,1,FAABE_FULL,61,0.26120811700820923
Kitchenham,1,FAABE_FULL,62,0.26120811700820923
Kitchenham,1,FAABE_FULL,63,0.26120811700820923
Kitchenham,1,FAABE_FULL,64,0.26120811700820923
Kitchenham,1,FAABE_FULL,65,0.26120811700820923
Kitchenham,1,FAABE_FULL,66,0.26120811700820923
Kitchenham,1,FAABE_FULL,67,0.26120811700820923
Kitchenham,1,FAABE_FULL,68,0.26120811700820923
Kitchenham,1,FAABE_FULL,69,0.26120811700820923
Kitchenham,1,FAABE_FULL,70,0.26120811700820923
Kitchenham,1,FAABE_FULL,71,0.26120811700820923
Kitchenham,1,FAABE_FULL,72,0.26120811700820923
Kitchenham,1,FAABE_FULL,73,0.26120811700820923
Kitchenham,1,FAABE_FULL,74,0.26120811700820923
Kitchenham,1,FAABE_FULL,75,0.26120811700820923
Kitchenham,1,FAABE_FULL,76,0.26120811700820923
Kitchenham,1,FAABE_FULL,77,0.26120811700820923
Kitchenham,1,FAABE_FULL,78,0.26120811700820923
Kitchenham,1,FAABE_FULL,79,0.26120811700820923
Kitchenham,1,FAABE_FULL,80,0.26120811700820923
Kitchenham,1,FAABE_FULL,81,0.26120811700820923
Kitchenham,1,FAABE_FULL,82,0.26120811700820923
Kitchenham,1,FAABE_FULL,83,0.26120811700820923
Kitchenham,1,FAABE_FULL,84,0.26120811700820923
Kitchenham,1,FAABE_FULL,85,0.26120811700820923
Kitchenham,1,FAABE_FULL,86,0.26120811700820923
Kitchenham,1,FAABE_FULL,87,0.26120811700820923
Kitchenham,1,FAABE_FULL,88,0.26120811700820923
Kitchenham,1,FAABE_FULL,89,0.26120811700820923
Kitchenham,1,FAABE_FULL,90,0.26120811700820923
Kitchenham,1,FAABE_FULL,91,0.26120811700820923
Kitchenham,1,FAABE_FULL,92,0.26120811700820923
Kitchenham,1,FAABE_FULL,93,0.26120811700820923
Kitchenham,1,FAABE_FULL,94,0.26120811700820923
Kitchenham,1,FAABE_FULL,95,0.26120811700820923
Kitchenham,1,FAABE_FULL,96,0.26120811700820923
Kitchenham,1,FAABE_FULL,97,0.26120811700820923
Kitchenham,1,FAABE_FULL,98,0.26120811700820923
Kitchenham,1,FAABE_FULL,99,0.26120811700820923
Kitchenham,1,FAABE_FULL,100,0.26120811700820923
Kitchenham,2,FAABE_NO_PEARSON,0,0.32448357343673706
Kitchenham,2,FAABE_NO_PEARSON,1,0.27649521827697754
Kitchenham,2,FAABE_NO_PEARSON,2,0.26215773820877075
Kitchenham,2,FAABE_NO_PEARSON,3,0.2523200213909149
Kitchenham,2,FAABE_NO_PEARSON,4,0.2523200213909149
Kitchenham,2,FAABE_NO_PEARSON,5,0.2504937946796417
Kitchenham,2,FAABE_NO_PEARSON,6,0.2504937946796417
Kitchenham,2,FAABE_NO_PEARSON,7,0.2504937946796417
Kitchenham,2,FAABE_NO_PEARSON,8,0.2504937946796417
Kitchenham,2,FAABE_NO_PEARSON,9,0.2504937946796417
Kitchenham,2,FAABE_NO_PEARSON,10,0.2504937946796417
Kitchenham,2,FAABE_NO_PEARSON,11,0.2504937946796417
Kitchenham,2,FAABE_NO_PEARSON,12,0.2504937946796417
Kitchenham,2,FAABE_NO_PEARSON,13,0.2504937946796417
Kitchenham,2,FAABE_NO_PEARSON,14,0.24824941158294678
Kitchenham,2,FAABE_NO_PEARSON,15,0.24824941158294678
Kitchenham,2,FAABE_NO_PEARSON,16,0.24824941158294678
Kitchenham,2,FAABE_NO_PEARSON,17,0.24824941158294678
Kitchenham,2,FAABE_NO_PEARSON,18,0.24824941158294678
Kitchenham,2,FAABE_NO_PEARSON,19,0.24824941158294678
Kitchenham,2,FAABE_NO_PEARSON,20,0.24824941158294678
Kitchenham,2,FAABE_NO_PEARSON,21,0.24824941158294678
Kitchenham,2,FAABE_NO_PEARSON,22,0.24824941158294678
Kitchenham,2,FAABE_NO_PEARSON,23,0.24824941158294678
Kitchenham,2,FAABE_NO_PEARSON,24,0.24824941158294678
Kitchenham,2,FAABE_NO_PEARSON,25,0.24824941158294678
Kitchenham,2,FAABE_NO_PEARSON,26,0.24824941158294678
Kitchenham,2,FAABE_NO_PEARSON,27,0.24824941158294678
Kitchenham,2,FAABE_NO_PEARSON,28,0.24824941158294678
Kitchenham,2,FAABE_NO_PEARSON,29,0.24824941158294678
Kitchenham,2,FAABE_NO_PEARSON,30,0.24824941158294678
Kitchenham,2,FAABE_NO_PEARSON,31,0.24824941158294678
Kitchenham,2,FAABE_NO_PEARSON,32,0.24824941158294678
Kitchenham,2,FAABE_NO_PEARSON,33,0.24824941158294678
Kitchenham,2,FAABE_NO_PEARSON,34,0.24824941158294678
Kitchenham,2,FAABE_NO_PEARSON,35,0.24824941158294678
Kitchenham,2,FAABE_NO_PEARSON,36,0.24824941158294678
Kitchenham,2,FAABE_NO_PEARSON,37,0.24824941158294678
Kitchenham,2,FAABE_NO_PEARSON,38,0.24824941158294678
Kitchenham,2,FAABE_NO_PEARSON,39,0.24824941158294678
Kitchenham,2,FAABE_NO_PEARSON,40,0.24824941158294678
Kitchenham,2,FAABE_NO_PEARSON,41,0.24824941158294678
Kitchenham,2,FAABE_NO_PEARSON,42,0.24824941158294678
Kitchenham,2,FAABE_NO_PEARSON,43,0.24824941158294678
Kitchenham,2,FAABE_NO_PEARSON,44,0.24824941158294678
Kitchenham,2,FAABE_NO_PEARSON,45,0.24824941158294678
Kitchenham,2,FAABE_NO_PEARSON,46,0.24824941158294678
Kitchenham,2,FAABE_NO_PEARSON,47,0.24824941158294678
Kitchenham,2,FAABE_NO_PEARSON,48,0.24824941158294678
Kitchenham,2,FAABE_NO_PEARSON,49,0.24824941158294678
Kitchenham,2,FAABE_NO_PEARSON,50,0.24824941158294678
Kitchenham,2,FAABE_NO_PEARSON,51,0.24824941158294678
Kitchenham,2,FAABE_NO_PEARSON,52,0.24824941158294678
Kitchenham,2,FAABE_NO_PEARSON,53,0.24824941158294678
Kitchenham,2,FAABE_NO_PEARSON,54,0.24824941158294678
Kitchenham,2,FAABE_NO_PEARSON,55,0.24824941158294678
Kitchenham,2,FAABE_NO_PEARSON,56,0.24824941158294678
Kitchenham,2,FAABE_NO_PEARSON,57,0.24824941158294678
Kitchenham,2,FAABE_NO_PEARSON,58,0.24824941158294678
Kitchenham,2,FAABE_NO_PEARSON,59,0.24824941158294678
Kitchenham,2,FAABE_NO_PEARSON,60,0.24824941158294678
Kitchenham,2,FAABE_NO_PEARSON,61,0.24824941158294678
Kitchenham,2,FAABE_NO_PEARSON,62,0.24824941158294678
Kitchenham,2,FAABE_NO_PEARSON,63,0.24824941158294678
Kitchenham,2,FAABE_NO_PEARSON,64,0.24824941158294678
Kitchenham,2,FAABE_NO_PEARSON,65,0.24824941158294678
Kitchenham,2,FAABE_NO_PEARSON,66,0.24824941158294678
Kitchenham,2,FAABE_NO_PEARSON,67,0.24824941158294678
Kitchenham,2,FAABE_NO_PEARSON,68,0.24824941158294678
Kitchenham,2,FAABE_NO_PEARSON,69,0.24824941158294678
Kitchenham,2,FAABE_NO_PEARSON,70,0.24824941158294678
Kitchenham,2,FAABE_NO_PEARSON,71,0.24824941158294678
Kitchenham,2,FAABE_NO_PEARSON,72,0.24824941158294678
Kitchenham,2,FAABE_NO_PEARSON,73,0.24824941158294678
Kitchenham,2,FAABE_NO_PEARSON,74,0.24824941158294678
Kitchenham,2,FAABE_NO_PEARSON,75,0.24824941158294678
Kitchenham,2,FAABE_NO_PEARSON,76,0.24824941158294678
Kitchenham,2,FAABE_NO_PEARSON,77,0.24824941158294678
Kitchenham,2,FAABE_NO_PEARSON,78,0.24824941158294678
Kitchenham,2,FAABE_NO_PEARSON,79,0.24824941158294678
Kitchenham,2,FAABE_NO_PEARSON,80,0.24824941158294678
Kitchenham,2,FAABE_NO_PEARSON,81,0.24824941158294678
Kitchenham,2,FAABE_NO_PEARSON,82,0.24824941158294678
Kitchenham,2,FAABE_NO_PEARSON,83,0.24824941158294678
Kitchenham,2,FAABE_NO_PEARSON,84,0.24824941158294678
Kitchenham,2,FAABE_NO_PEARSON,85,0.24824941158294678
Kitchenham,2,FAABE_NO_PEARSON,86,0.24824941158294678
Kitchenham,2,FAABE_NO_PEARSON,87,0.24824941158294678
Kitchenham,2,FAABE_NO_PEARSON,88,0.24824941158294678
Kitchenham,2,FAABE_NO_PEARSON,89,0.24824941158294678
Kitchenham,2,FAABE_NO_PEARSON,90,0.24824941158294678
Kitchenham,2,FAABE_NO_PEARSON,91,0.24824941158294678
Kitchenham,2,FAABE_NO_PEARSON,92,0.24824941158294678
Kitchenham,2,FAABE_NO_PEARSON,93,0.24824941158294678
Kitchenham,2,FAABE_NO_PEARSON,94,0.24824941158294678
Kitchenham,2,FAABE_NO_PEARSON,95,0.24824941158294678
Kitchenham,2,FAABE_NO_PEARSON,96,0.24824941158294678
Kitchenham,2,FAABE_NO_PEARSON,97,0.24824941158294678
Kitchenham,2,FAABE_NO_PEARSON,98,0.24824941158294678
Kitchenham,2,FAABE_NO_PEARSON,99,0.24824941158294678
Kitchenham,2,FAABE_NO_PEARSON,100,0.24824941158294678
Kitchenham,2,FAABE_NO_IWM,0,0.28717485070228577
Kitchenham,2,FAABE_NO_IWM,1,0.2666064202785492
Kitchenham,2,FAABE_NO_IWM,2,0.2614365518093109
Kitchenham,2,FAABE_NO_IWM,3,0.25251999497413635
Kitchenham,2,FAABE_NO_IWM,4,0.25251999497413635
Kitchenham,2,FAABE_NO_IWM,5,0.25251999497413635
Kitchenham,2,FAABE_NO_IWM,6,0.25251999497413635
Kitchenham,2,FAABE_NO_IWM,7,0.25251999497413635
Kitchenham,2,FAABE_NO_IWM,8,0.2503001391887665
Kitchenham,2,FAABE_NO_IWM,9,0.24780209362506866
Kitchenham,2,FAABE_NO_IWM,10,0.24780209362506866
Kitchenham,2,FAABE_NO_IWM,11,0.24780209362506866
Kitchenham,2,FAABE_NO_IWM,12,0.24780209362506866
Kitchenham,2,FAABE_NO_IWM,13,0.24780209362506866
Kitchenham,2,FAABE_NO_IWM,14,0.24780209362506866
Kitchenham,2,FAABE_NO_IWM,15,0.24780209362506866
Kitchenham,2,FAABE_NO_IWM,16,0.24780209362506866
Kitchenham,2,FAABE_NO_IWM,17,0.24780209362506866
Kitchenham,2,FAABE_NO_IWM,18,0.24780209362506866
Kitchenham,2,FAABE_NO_IWM,19,0.24780209362506866
Kitchenham,2,FAABE_NO_IWM,20,0.24780209362506866
Kitchenham,2,FAABE_NO_IWM,21,0.24780209362506866
Kitchenham,2,FAABE_NO_IWM,22,0.24780209362506866
Kitchenham,2,FAABE_NO_IWM,23,0.24780209362506866
Kitchenham,2,FAABE_NO_IWM,24,0.24780209362506866
Kitchenham,2,FAABE_NO_IWM,25,0.24780209362506866
Kitchenham,2,FAABE_NO_IWM,26,0.24780209362506866
Kitchenham,2,FAABE_NO_IWM,27,0.24780209362506866
Kitchenham,2,FAABE_NO_IWM,28,0.24768008291721344
Kitchenham,2,FAABE_NO_IWM,29,0.24768008291721344
Kitchenham,2,FAABE_NO_IWM,30,0.24768008291721344
Kitchenham,2,FAABE_NO_IWM,31,0.24768008291721344
Kitchenham,2,FAABE_NO_IWM,32,0.24768008291721344
Kitchenham,2,FAABE_NO_IWM,33,0.24768008291721344
Kitchenham,2,FAABE_NO_IWM,34,0.24768008291721344
Kitchenham,2,FAABE_NO_IWM,35,0.24768008291721344
Kitchenham,2,FAABE_NO_IWM,36,0.24768008291721344
Kitchenham,2,FAABE_NO_IWM,37,0.24768008291721344
Kitchenham,2,FAABE_NO_IWM,38,0.24768008291721344
Kitchenham,2,FAABE_NO_IWM,39,0.24768008291721344
Kitchenham,2,FAABE_NO_IWM,40,0.24768008291721344
Kitchenham,2,FAABE_NO_IWM,41,0.24768008291721344
Kitchenham,2,FAABE_NO_IWM,42,0.24768008291721344
Kitchenham,2,FAABE_NO_IWM,43,0.24768008291721344
Kitchenham,2,FAABE_NO_IWM,44,0.24768008291721344
Kitchenham,2,FAABE_NO_IWM,45,0.24768008291721344
Kitchenham,2,FAABE_NO_IWM,46,0.24768008291721344
Kitchenham,2,FAABE_NO_IWM,47,0.24768008291721344
Kitchenham,2,FAABE_NO_IWM,48,0.24768008291721344
Kitchenham,2,FAABE_NO_IWM,49,0.24768008291721344
Kitchenham,2,FAABE_NO_IWM,50,0.24768008291721344
Kitchenham,2,FAABE_NO_IWM,51,0.24768008291721344
Kitchenham,2,FAABE_NO_IWM,52,0.24768008291721344
Kitchenham,2,FAABE_NO_IWM,53,0.24768008291721344
Kitchenham,2,FAABE_NO_IWM,54,0.24768008291721344
Kitchenham,2,FAABE_NO_IWM,55,0.24768008291721344
Kitchenham,2,FAABE_NO_IWM,56,0.24768008291721344
Kitchenham,2,FAABE_NO_IWM,57,0.24768008291721344
Kitchenham,2,FAABE_NO_IWM,58,0.24768008291721344
Kitchenham,2,FAABE_NO_IWM,59,0.24768008291721344
Kitchenham,2,FAABE_NO_IWM,60,0.24768008291721344
Kitchenham,2,FAABE_NO_IWM,61,0.24768008291721344
Kitchenham,2,FAABE_NO_IWM,62,0.24768008291721344
Kitchenham,2,FAABE_NO_IWM,63,0.24768008291721344
Kitchenham,2,FAABE_NO_IWM,64,0.24768008291721344
Kitchenham,2,FAABE_NO_IWM,65,0.24768008291721344
Kitchenham,2,FAABE_NO_IWM,66,0.24768008291721344
Kitchenham,2,FAABE_NO_IWM,67,0.24768008291721344
Kitchenham,2,FAABE_NO_IWM,68,0.24768008291721344
Kitchenham,2,FAABE_NO_IWM,69,0.24768008291721344
Kitchenham,2,FAABE_NO_IWM,70,0.24768008291721344
Kitchenham,2,FAABE_NO_IWM,71,0.24768008291721344
Kitchenham,2,FAABE_NO_IWM,72,0.24768008291721344
Kitchenham,2,FAABE_NO_IWM,73,0.24768008291721344
Kitchenham,2,FAABE_NO_IWM,74,0.24768008291721344
Kitchenham,2,FAABE_NO_IWM,75,0.24768008291721344
Kitchenham,2,FAABE_NO_IWM,76,0.24768008291721344
Kitchenham,2,FAABE_NO_IWM,77,0.24768008291721344
Kitchenham,2,FAABE_NO_IWM,78,0.24768008291721344
Kitchenham,2,FAABE_NO_IWM,79,0.24768008291721344
Kitchenham,2,FAABE_NO_IWM,80,0.24768008291721344
Kitchenham,2,FAABE_NO_IWM,81,0.24768008291721344
Kitchenham,2,FAABE_NO_IWM,82,0.24768008291721344
Kitchenham,2,FAABE_NO_IWM,83,0.24768008291721344
Kitchenham,2,FAABE_NO_IWM,84,0.24768008291721344
Kitchenham,2,FAABE_NO_IWM,85,0.24768008291721344
Kitchenham,2,FAABE_NO_IWM,86,0.24768008291721344
Kitchenham,2,FAABE_NO_IWM,87,0.24768008291721344
Kitchenham,2,FAABE_NO_IWM,88,0.24768008291721344
Kitchenham,2,FAABE_NO_IWM,89,0.24768008291721344
Kitchenham,2,FAABE_NO_IWM,90,0.24768008291721344
Kitchenham,2,FAABE_NO_IWM,91,0.24768008291721344
Kitchenham,2,FAABE_NO_IWM,92,0.24768008291721344
Kitchenham,2,FAABE_NO_IWM,93,0.24768008291721344
Kitchenham,2,FAABE_NO_IWM,94,0.24768008291721344
Kitchenham,2,FAABE_NO_IWM,95,0.24768008291721344
Kitchenham,2,FAABE_NO_IWM,96,0.24768008291721344
Kitchenham,2,FAABE_NO_IWM,97,0.24768008291721344
Kitchenham,2,FAABE_NO_IWM,98,0.24768008291721344
Kitchenham,2,FAABE_NO_IWM,99,0.24768008291721344
Kitchenham,2,FAABE_NO_IWM,100,0.24768008291721344
Kitchenham,2,FAABE_FULL,0,0.32684314250946045
Kitchenham,2,FAABE_FULL,1,0.2799946963787079
Kitchenham,2,FAABE_FULL,2,0.26809027791023254
Kitchenham,2,FAABE_FULL,3,0.26809027791023254
Kitchenham,2,FAABE_FULL,4,0.2585146427154541
Kitchenham,2,FAABE_FULL,5,0.2545273005962372
Kitchenham,2,FAABE_FULL,6,0.2537879943847656
Kitchenham,2,FAABE_FULL,7,0.2490565925836563
Kitchenham,2,FAABE_FULL,8,0.2490565925836563
Kitchenham,2,FAABE_FULL,9,0.2490565925836563
Kitchenham,2,FAABE_FULL,10,0.2490565925836563
Kitchenham,2,FAABE_FULL,11,0.2490565925836563
Kitchenham,2,FAABE_FULL,12,0.2490565925836563
Kitchenham,2,FAABE_FULL,13,0.2490565925836563
Kitchenham,2,FAABE_FULL,14,0.2490565925836563
Kitchenham,2,FAABE_FULL,15,0.2490565925836563
Kitchenham,2,FAABE_FULL,16,0.2490565925836563
Kitchenham,2,FAABE_FULL,17,0.2490565925836563
Kitchenham,2,FAABE_FULL,18,0.2490565925836563
Kitchenham,2,FAABE_FULL,19,0.2490565925836563
Kitchenham,2,FAABE_FULL,20,0.2490565925836563
Kitchenham,2,FAABE_FULL,21,0.2490565925836563
Kitchenham,2,FAABE_FULL,22,0.2490565925836563
Kitchenham,2,FAABE_FULL,23,0.2490565925836563
Kitchenham,2,FAABE_FULL,24,0.2490565925836563
Kitchenham,2,FAABE_FULL,25,0.2490565925836563
Kitchenham,2,FAABE_FULL,26,0.2490565925836563
Kitchenham,2,FAABE_FULL,27,0.2490565925836563
Kitchenham,2,FAABE_FULL,28,0.2490565925836563
Kitchenham,2,FAABE_FULL,29,0.2490565925836563
Kitchenham,2,FAABE_FULL,30,0.2490565925836563
Kitchenham,2,FAABE_FULL,31,0.2490565925836563
Kitchenham,2,FAABE_FULL,32,0.2490565925836563
Kitchenham,2,FAABE_FULL,33,0.2490565925836563
Kitchenham,2,FAABE_FULL,34,0.2490565925836563
Kitchenham,2,FAABE_FULL,35,0.2490565925836563
Kitchenham,2,FAABE_FULL,36,0.2490565925836563
Kitchenham,2,FAABE_FULL,37,0.2490565925836563
Kitchenham,2,FAABE_FULL,38,0.2490565925836563
Kitchenham,2,FAABE_FULL,39,0.2490565925836563
Kitchenham,2,FAABE_FULL,40,0.2490565925836563
Kitchenham,2,FAABE_FULL,41,0.2490565925836563
Kitchenham,2,FAABE_FULL,42,0.24881307780742645
Kitchenham,2,FAABE_FULL,43,0.24881307780742645
Kitchenham,2,FAABE_FULL,44,0.24881307780742645
Kitchenham,2,FAABE_FULL,45,0.24881307780742645
Kitchenham,2,FAABE_FULL,46,0.24881307780742645
Kitchenham,2,FAABE_FULL,47,0.24881307780742645
Kitchenham,2,FAABE_FULL,48,0.24881307780742645
Kitchenham,2,FAABE_FULL,49,0.24881307780742645
Kitchenham,2,FAABE_FULL,50,0.24881307780742645
Kitchenham,2,FAABE_FULL,51,0.24881307780742645
Kitchenham,2,FAABE_FULL,52,0.24881307780742645
Kitchenham,2,FAABE_FULL,53,0.24809101223945618
Kitchenham,2,FAABE_FULL,54,0.24809101223945618
Kitchenham,2,FAABE_FULL,55,0.24809101223945618
Kitchenham,2,FAABE_FULL,56,0.24809101223945618
Kitchenham,2,FAABE_FULL,57,0.24809101223945618
Kitchenham,2,FAABE_FULL,58,0.24809101223945618
Kitchenham,2,FAABE_FULL,59,0.24809101223945618
Kitchenham,2,FAABE_FULL,60,0.24809101223945618
Kitchenham,2,FAABE_FULL,61,0.24809101223945618
Kitchenham,2,FAABE_FULL,62,0.24809101223945618
Kitchenham,2,FAABE_FULL,63,0.24809101223945618
Kitchenham,2,FAABE_FULL,64,0.24809101223945618
Kitchenham,2,FAABE_FULL,65,0.24809101223945618
Kitchenham,2,FAABE_FULL,66,0.24809101223945618
Kitchenham,2,FAABE_FULL,67,0.24809101223945618
Kitchenham,2,FAABE_FULL,68,0.24809101223945618
Kitchenham,2,FAABE_FULL,69,0.24809101223945618
Kitchenham,2,FAABE_FULL,70,0.24809101223945618
Kitchenham,2,FAABE_FULL,71,0.24809101223945618
Kitchenham,2,FAABE_FULL,72,0.24809101223945618
Kitchenham,2,FAABE_FULL,73,0.24809101223945618
Kitchenham,2,FAABE_FULL,74,0.24809101223945618
Kitchenham,2,FAABE_FULL,75,0.24809101223945618
Kitchenham,2,FAABE_FULL,76,0.24809101223945618
Kitchenham,2,FAABE_FULL,77,0.24809101223945618
Kitchenham,2,FAABE_FULL,78,0.24809101223945618
Kitchenham,2,FAABE_FULL,79,0.24809101223945618
Kitchenham,2,FAABE_FULL,80,0.24809101223945618
Kitchenham,2,FAABE_FULL,81,0.24809101223945618
Kitchenham,2,FAABE_FULL,82,0.24809101223945618
Kitchenham,2,FAABE_FULL,83,0.24809101223945618
Kitchenham,2,FAABE_FULL,84,0.24809101223945618
Kitchenham,2,FAABE_FULL,85,0.24809101223945618
Kitchenham,2,FAABE_FULL,86,0.24809101223945618
Kitchenham,2,FAABE_FULL,87,0.24809101223945618
Kitchenham,2,FAABE_FULL,88,0.24809101223945618
Kitchenham,2,FAABE_FULL,89,0.24809101223945618
Kitchenham,2,FAABE_FULL,90,0.24809101223945618
Kitchenham,2,FAABE_FULL,91,0.24809101223945618
Kitchenham,2,FAABE_FULL,92,0.24809101223945618
Kitchenham,2,FAABE_FULL,93,0.24809101223945618
Kitchenham,2,FAABE_FULL,94,0.24809101223945618
Kitchenham,2,FAABE_FULL,95,0.24809101223945618
Kitchenham,2,FAABE_FULL,96,0.24809101223945618
Kitchenham,2,FAABE_FULL,97,0.24809101223945618
Kitchenham,2,FAABE_FULL,98,0.24809101223945618
Kitchenham,2,FAABE_FULL,99,0.24809101223945618
Kitchenham,2,FAABE_FULL,100,0.24809101223945618
Kitchenham,3,FAABE_NO_PEARSON,0,0.3547598719596863
Kitchenham,3,FAABE_NO_PEARSON,1,0.2812371551990509
Kitchenham,3,FAABE_NO_PEARSON,2,0.2733621895313263
Kitchenham,3,FAABE_NO_PEARSON,3,0.2733621895313263
Kitchenham,3,FAABE_NO_PEARSON,4,0.2733621895313263
Kitchenham,3,FAABE_NO_PEARSON,5,0.2733621895313263
Kitchenham,3,FAABE_NO_PEARSON,6,0.27256861329078674
Kitchenham,3,FAABE_NO_PEARSON,7,0.27256861329078674
Kitchenham,3,FAABE_NO_PEARSON,8,0.27256861329078674
Kitchenham,3,FAABE_NO_PEARSON,9,0.27256861329078674
Kitchenham,3,FAABE_NO_PEARSON,10,0.27256861329078674
Kitchenham,3,FAABE_NO_PEARSON,11,0.27256861329078674
Kitchenham,3,FAABE_NO_PEARSON,12,0.27256861329078674
Kitchenham,3,FAABE_NO_PEARSON,13,0.27256861329078674
Kitchenham,3,FAABE_NO_PEARSON,14,0.27256861329078674
Kitchenham,3,FAABE_NO_PEARSON,15,0.27256861329078674
Kitchenham,3,FAABE_NO_PEARSON,16,0.27256861329078674
Kitchenham,3,FAABE_NO_PEARSON,17,0.2722287178039551
Kitchenham,3,FAABE_NO_PEARSON,18,0.2722287178039551
Kitchenham,3,FAABE_NO_PEARSON,19,0.2722287178039551
Kitchenham,3,FAABE_NO_PEARSON,20,0.2722287178039551
Kitchenham,3,FAABE_NO_PEARSON,21,0.2722287178039551
Kitchenham,3,FAABE_NO_PEARSON,22,0.2722287178039551
Kitchenham,3,FAABE_NO_PEARSON,23,0.2722287178039551
Kitchenham,3,FAABE_NO_PEARSON,24,0.2722287178039551
Kitchenham,3,FAABE_NO_PEARSON,25,0.2722287178039551
Kitchenham,3,FAABE_NO_PEARSON,26,0.2722287178039551
Kitchenham,3,FAABE_NO_PEARSON,27,0.2722287178039551
Kitchenham,3,FAABE_NO_PEARSON,28,0.2722287178039551
Kitchenham,3,FAABE_NO_PEARSON,29,0.2722287178039551
Kitchenham,3,FAABE_NO_PEARSON,30,0.2722287178039551
Kitchenham,3,FAABE_NO_PEARSON,31,0.2722287178039551
Kitchenham,3,FAABE_NO_PEARSON,32,0.2720976173877716
Kitchenham,3,FAABE_NO_PEARSON,33,0.2720976173877716
Kitchenham,3,FAABE_NO_PEARSON,34,0.2720976173877716
Kitchenham,3,FAABE_NO_PEARSON,35,0.2720976173877716
Kitchenham,3,FAABE_NO_PEARSON,36,0.2720976173877716
Kitchenham,3,FAABE_NO_PEARSON,37,0.2720976173877716
Kitchenham,3,FAABE_NO_PEARSON,38,0.2720976173877716
Kitchenham,3,FAABE_NO_PEARSON,39,0.2720976173877716
Kitchenham,3,FAABE_NO_PEARSON,40,0.2720976173877716
Kitchenham,3,FAABE_NO_PEARSON,41,0.2720976173877716
Kitchenham,3,FAABE_NO_PEARSON,42,0.27129608392715454
Kitchenham,3,FAABE_NO_PEARSON,43,0.27129608392715454
Kitchenham,3,FAABE_NO_PEARSON,44,0.27129608392715454
Kitchenham,3,FAABE_NO_PEARSON,45,0.27129608392715454
Kitchenham,3,FAABE_NO_PEARSON,46,0.27129608392715454
Kitchenham,3,FAABE_NO_PEARSON,47,0.27129608392715454
Kitchenham,3,FAABE_NO_PEARSON,48,0.27129608392715454
Kitchenham,3,FAABE_NO_PEARSON,49,0.27129608392715454
Kitchenham,3,FAABE_NO_PEARSON,50,0.27040621638298035
Kitchenham,3,FAABE_NO_PEARSON,51,0.27040621638298035
Kitchenham,3,FAABE_NO_PEARSON,52,0.27040621638298035
Kitchenham,3,FAABE_NO_PEARSON,53,0.27040621638298035
Kitchenham,3,FAABE_NO_PEARSON,54,0.27040621638298035
Kitchenham,3,FAABE_NO_PEARSON,55,0.27040621638298035
Kitchenham,3,FAABE_NO_PEARSON,56,0.27040621638298035
Kitchenham,3,FAABE_NO_PEARSON,57,0.27040621638298035
Kitchenham,3,FAABE_NO_PEARSON,58,0.27040621638298035
Kitchenham,3,FAABE_NO_PEARSON,59,0.27040621638298035
Kitchenham,3,FAABE_NO_PEARSON,60,0.27040621638298035
Kitchenham,3,FAABE_NO_PEARSON,61,0.27040621638298035
Kitchenham,3,FAABE_NO_PEARSON,62,0.27040621638298035
Kitchenham,3,FAABE_NO_PEARSON,63,0.27040621638298035
Kitchenham,3,FAABE_NO_PEARSON,64,0.27040621638298035
Kitchenham,3,FAABE_NO_PEARSON,65,0.27040621638298035
Kitchenham,3,FAABE_NO_PEARSON,66,0.27040621638298035
Kitchenham,3,FAABE_NO_PEARSON,67,0.27040621638298035
Kitchenham,3,FAABE_NO_PEARSON,68,0.27040621638298035
Kitchenham,3,FAABE_NO_PEARSON,69,0.27040621638298035
Kitchenham,3,FAABE_NO_PEARSON,70,0.27040621638298035
Kitchenham,3,FAABE_NO_PEARSON,71,0.27040621638298035
Kitchenham,3,FAABE_NO_PEARSON,72,0.27040621638298035
Kitchenham,3,FAABE_NO_PEARSON,73,0.27040621638298035
Kitchenham,3,FAABE_NO_PEARSON,74,0.27040621638298035
Kitchenham,3,FAABE_NO_PEARSON,75,0.27040621638298035
Kitchenham,3,FAABE_NO_PEARSON,76,0.27040621638298035
Kitchenham,3,FAABE_NO_PEARSON,77,0.27040621638298035
Kitchenham,3,FAABE_NO_PEARSON,78,0.27040621638298035
Kitchenham,3,FAABE_NO_PEARSON,79,0.27040621638298035
Kitchenham,3,FAABE_NO_PEARSON,80,0.27040621638298035
Kitchenham,3,FAABE_NO_PEARSON,81,0.27040621638298035
Kitchenham,3,FAABE_NO_PEARSON,82,0.27040621638298035
Kitchenham,3,FAABE_NO_PEARSON,83,0.27040621638298035
Kitchenham,3,FAABE_NO_PEARSON,84,0.27040621638298035
Kitchenham,3,FAABE_NO_PEARSON,85,0.27040621638298035
Kitchenham,3,FAABE_NO_PEARSON,86,0.27040621638298035
Kitchenham,3,FAABE_NO_PEARSON,87,0.27040621638298035
Kitchenham,3,FAABE_NO_PEARSON,88,0.26960593461990356
Kitchenham,3,FAABE_NO_PEARSON,89,0.26960593461990356
Kitchenham,3,FAABE_NO_PEARSON,90,0.26960593461990356
Kitchenham,3,FAABE_NO_PEARSON,91,0.26960593461990356
Kitchenham,3,FAABE_NO_PEARSON,92,0.26960593461990356
Kitchenham,3,FAABE_NO_PEARSON,93,0.26960593461990356
Kitchenham,3,FAABE_NO_PEARSON,94,0.26960593461990356
Kitchenham,3,FAABE_NO_PEARSON,95,0.2688494026660919
Kitchenham,3,FAABE_NO_PEARSON,96,0.2688494026660919
Kitchenham,3,FAABE_NO_PEARSON,97,0.2688494026660919
Kitchenham,3,FAABE_NO_PEARSON,98,0.2688494026660919
Kitchenham,3,FAABE_NO_PEARSON,99,0.2688494026660919
Kitchenham,3,FAABE_NO_PEARSON,100,0.2688494026660919
Kitchenham,3,FAABE_NO_IWM,0,0.3810451328754425
Kitchenham,3,FAABE_NO_IWM,1,0.3363126218318939
Kitchenham,3,FAABE_NO_IWM,2,0.28355592489242554
Kitchenham,3,FAABE_NO_IWM,3,0.27529266476631165
Kitchenham,3,FAABE_NO_IWM,4,0.27529266476631165
Kitchenham,3,FAABE_NO_IWM,5,0.27365753054618835
Kitchenham,3,FAABE_NO_IWM,6,0.26989373564720154
Kitchenham,3,FAABE_NO_IWM,7,0.26989373564720154
Kitchenham,3,FAABE_NO_IWM,8,0.26989373564720154
Kitchenham,3,FAABE_NO_IWM,9,0.26989373564720154
Kitchenham,3,FAABE_NO_IWM,10,0.26989373564720154
Kitchenham,3,FAABE_NO_IWM,11,0.26989373564720154
Kitchenham,3,FAABE_NO_IWM,12,0.26989373564720154
Kitchenham,3,FAABE_NO_IWM,13,0.26989373564720154
Kitchenham,3,FAABE_NO_IWM,14,0.26989373564720154
Kitchenham,3,FAABE_NO_IWM,15,0.26989373564720154
Kitchenham,3,FAABE_NO_IWM,16,0.26989373564720154
Kitchenham,3,FAABE_NO_IWM,17,0.26989373564720154
Kitchenham,3,FAABE_NO_IWM,18,0.26989373564720154
Kitchenham,3,FAABE_NO_IWM,19,0.26989373564720154
Kitchenham,3,FAABE_NO_IWM,20,0.26989373564720154
Kitchenham,3,FAABE_NO_IWM,21,0.26989373564720154
Kitchenham,3,FAABE_NO_IWM,22,0.26989373564720154
Kitchenham,3,FAABE_NO_IWM,23,0.26989373564720154
Kitchenham,3,FAABE_NO_IWM,24,0.26989373564720154
Kitchenham,3,FAABE_NO_IWM,25,0.26989373564720154
Kitchenham,3,FAABE_NO_IWM,26,0.26989373564720154
Kitchenham,3,FAABE_NO_IWM,27,0.26989373564720154
Kitchenham,3,FAABE_NO_IWM,28,0.26989373564720154
Kitchenham,3,FAABE_NO_IWM,29,0.26989373564720154
Kitchenham,3,FAABE_NO_IWM,30,0.26989373564720154
Kitchenham,3,FAABE_NO_IWM,31,0.26989373564720154
Kitchenham,3,FAABE_NO_IWM,32,0.26989373564720154
Kitchenham,3,FAABE_NO_IWM,33,0.26989373564720154
Kitchenham,3,FAABE_NO_IWM,34,0.26989373564720154
Kitchenham,3,FAABE_NO_IWM,35,0.26989373564720154
Kitchenham,3,FAABE_NO_IWM,36,0.26989373564720154
Kitchenham,3,FAABE_NO_IWM,37,0.26818594336509705
Kitchenham,3,FAABE_NO_IWM,38,0.26818594336509705
Kitchenham,3,FAABE_NO_IWM,39,0.26818594336509705
Kitchenham,3,FAABE_NO_IWM,40,0.26818594336509705
Kitchenham,3,FAABE_NO_IWM,41,0.26818594336509705
Kitchenham,3,FAABE_NO_IWM,42,0.26818594336509705
Kitchenham,3,FAABE_NO_IWM,43,0.26818594336509705
Kitchenham,3,FAABE_NO_IWM,44,0.26818594336509705
Kitchenham,3,FAABE_NO_IWM,45,0.26818594336509705
Kitchenham,3,FAABE_NO_IWM,46,0.26818594336509705
Kitchenham,3,FAABE_NO_IWM,47,0.26818594336509705
Kitchenham,3,FAABE_NO_IWM,48,0.26818594336509705
Kitchenham,3,FAABE_NO_IWM,49,0.26818594336509705
Kitchenham,3,FAABE_NO_IWM,50,0.26818594336509705
Kitchenham,3,FAABE_NO_IWM,51,0.26818594336509705
Kitchenham,3,FAABE_NO_IWM,52,0.26818594336509705
Kitchenham,3,FAABE_NO_IWM,53,0.26725614070892334
Kitchenham,3,FAABE_NO_IWM,54,0.26725614070892334
Kitchenham,3,FAABE_NO_IWM,55,0.26725614070892334
Kitchenham,3,FAABE_NO_IWM,56,0.26725614070892334
Kitchenham,3,FAABE_NO_IWM,57,0.26725614070892334
Kitchenham,3,FAABE_NO_IWM,58,0.26725614070892334
Kitchenham,3,FAABE_NO_IWM,59,0.26725614070892334
Kitchenham,3,FAABE_NO_IWM,60,0.26725614070892334
Kitchenham,3,FAABE_NO_IWM,61,0.26725614070892334
Kitchenham,3,FAABE_NO_IWM,62,0.26725614070892334
Kitchenham,3,FAABE_NO_IWM,63,0.26725614070892334
Kitchenham,3,FAABE_NO_IWM,64,0.26725614070892334
Kitchenham,3,FAABE_NO_IWM,65,0.26725614070892334
Kitchenham,3,FAABE_NO_IWM,66,0.26725614070892334
Kitchenham,3,FAABE_NO_IWM,67,0.26725614070892334
Kitchenham,3,FAABE_NO_IWM,68,0.26725614070892334
Kitchenham,3,FAABE_NO_IWM,69,0.26725614070892334
Kitchenham,3,FAABE_NO_IWM,70,0.26725614070892334
Kitchenham,3,FAABE_NO_IWM,71,0.26725614070892334
Kitchenham,3,FAABE_NO_IWM,72,0.26725614070892334
Kitchenham,3,FAABE_NO_IWM,73,0.26725614070892334
Kitchenham,3,FAABE_NO_IWM,74,0.26725614070892334
Kitchenham,3,FAABE_NO_IWM,75,0.26725614070892334
Kitchenham,3,FAABE_NO_IWM,76,0.26725614070892334
Kitchenham,3,FAABE_NO_IWM,77,0.26725614070892334
Kitchenham,3,FAABE_NO_IWM,78,0.26725614070892334
Kitchenham,3,FAABE_NO_IWM,79,0.26725614070892334
Kitchenham,3,FAABE_NO_IWM,80,0.26725614070892334
Kitchenham,3,FAABE_NO_IWM,81,0.26725614070892334
Kitchenham,3,FAABE_NO_IWM,82,0.26725614070892334
Kitchenham,3,FAABE_NO_IWM,83,0.26725614070892334
Kitchenham,3,FAABE_NO_IWM,84,0.26725614070892334
Kitchenham,3,FAABE_NO_IWM,85,0.26725614070892334
Kitchenham,3,FAABE_NO_IWM,86,0.26725614070892334
Kitchenham,3,FAABE_NO_IWM,87,0.26725614070892334
Kitchenham,3,FAABE_NO_IWM,88,0.26725614070892334
Kitchenham,3,FAABE_NO_IWM,89,0.26725614070892334
Kitchenham,3,FAABE_NO_IWM,90,0.26725614070892334
Kitchenham,3,FAABE_NO_IWM,91,0.26725614070892334
Kitchenham,3,FAABE_NO_IWM,92,0.26725614070892334
Kitchenham,3,FAABE_NO_IWM,93,0.26725614070892334
Kitchenham,3,FAABE_NO_IWM,94,0.26725614070892334
Kitchenham,3,FAABE_NO_IWM,95,0.26725614070892334
Kitchenham,3,FAABE_NO_IWM,96,0.26725614070892334
Kitchenham,3,FAABE_NO_IWM,97,0.26725614070892334
Kitchenham,3,FAABE_NO_IWM,98,0.26725614070892334
Kitchenham,3,FAABE_NO_IWM,99,0.26725614070892334
Kitchenham,3,FAABE_NO_IWM,100,0.26725614070892334
Kitchenham,3,FAABE_FULL,0,0.36505284905433655
Kitchenham,3,FAABE_FULL,1,0.2955891788005829
Kitchenham,3,FAABE_FULL,2,0.2732656002044678
Kitchenham,3,FAABE_FULL,3,0.2732656002044678
Kitchenham,3,FAABE_FULL,4,0.2732656002044678
Kitchenham,3,FAABE_FULL,5,0.2732656002044678
Kitchenham,3,FAABE_FULL,6,0.2732656002044678
Kitchenham,3,FAABE_FULL,7,0.2732656002044678
Kitchenham,3,FAABE_FULL,8,0.2714495360851288
Kitchenham,3,FAABE_FULL,9,0.2714495360851288
Kitchenham,3,FAABE_FULL,10,0.2714495360851288
Kitchenham,3,FAABE_FULL,11,0.2714495360851288
Kitchenham,3,FAABE_FULL,12,0.2714495360851288
Kitchenham,3,FAABE_FULL,13,0.2700658142566681
Kitchenham,3,FAABE_FULL,14,0.2700658142566681
Kitchenham,3,FAABE_FULL,15,0.2700658142566681
Kitchenham,3,FAABE_FULL,16,0.26993444561958313
Kitchenham,3,FAABE_FULL,17,0.26993444561958313
Kitchenham,3,FAABE_FULL,18,0.26993444561958313
Kitchenham,3,FAABE_FULL,19,0.26993444561958313
Kitchenham,3,FAABE_FULL,20,0.26993444561958313
Kitchenham,3,FAABE_FULL,21,0.26993444561958313
Kitchenham,3,FAABE_FULL,22,0.26993444561958313
Kitchenham,3,FAABE_FULL,23,0.26993444561958313
Kitchenham,3,FAABE_FULL,24,0.26993444561958313
Kitchenham,3,FAABE_FULL,25,0.26993444561958313
Kitchenham,3,FAABE_FULL,26,0.26993444561958313
Kitchenham,3,FAABE_FULL,27,0.26993444561958313
Kitchenham,3,FAABE_FULL,28,0.26993444561958313
Kitchenham,3,FAABE_FULL,29,0.26993444561958313
Kitchenham,3,FAABE_FULL,30,0.26993444561958313
Kitchenham,3,FAABE_FULL,31,0.26993444561958313
Kitchenham,3,FAABE_FULL,32,0.26993444561958313
Kitchenham,3,FAABE_FULL,33,0.26993444561958313
Kitchenham,3,FAABE_FULL,34,0.26993444561958313
Kitchenham,3,FAABE_FULL,35,0.26993444561958313
Kitchenham,3,FAABE_FULL,36,0.26993444561958313
Kitchenham,3,FAABE_FULL,37,0.26993444561958313
Kitchenham,3,FAABE_FULL,38,0.26993444561958313
Kitchenham,3,FAABE_FULL,39,0.26993444561958313
Kitchenham,3,FAABE_FULL,40,0.26993444561958313
Kitchenham,3,FAABE_FULL,41,0.26993444561958313
Kitchenham,3,FAABE_FULL,42,0.26993444561958313
Kitchenham,3,FAABE_FULL,43,0.26993444561958313
Kitchenham,3,FAABE_FULL,44,0.26993444561958313
Kitchenham,3,FAABE_FULL,45,0.26993444561958313
Kitchenham,3,FAABE_FULL,46,0.26993444561958313
Kitchenham,3,FAABE_FULL,47,0.26993444561958313
Kitchenham,3,FAABE_FULL,48,0.26993444561958313
Kitchenham,3,FAABE_FULL,49,0.26993444561958313
Kitchenham,3,FAABE_FULL,50,0.26993444561958313
Kitchenham,3,FAABE_FULL,51,0.26993444561958313
Kitchenham,3,FAABE_FULL,52,0.26993444561958313
Kitchenham,3,FAABE_FULL,53,0.26993444561958313
Kitchenham,3,FAABE_FULL,54,0.26993444561958313
Kitchenham,3,FAABE_FULL,55,0.26993444561958313
Kitchenham,3,FAABE_FULL,56,0.26993444561958313
Kitchenham,3,FAABE_FULL,57,0.26993444561958313
Kitchenham,3,FAABE_FULL,58,0.26993444561958313
Kitchenham,3,FAABE_FULL,59,0.26993444561958313
Kitchenham,3,FAABE_FULL,60,0.26993444561958313
Kitchenham,3,FAABE_FULL,61,0.26993444561958313
Kitchenham,3,FAABE_FULL,62,0.26993444561958313
Kitchenham,3,FAABE_FULL,63,0.26993444561958313
Kitchenham,3,FAABE_FULL,64,0.26993444561958313
Kitchenham,3,FAABE_FULL,65,0.26993444561958313
Kitchenham,3,FAABE_FULL,66,0.26993444561958313
Kitchenham,3,FAABE_FULL,67,0.26993444561958313
Kitchenham,3,FAABE_FULL,68,0.26993444561958313
Kitchenham,3,FAABE_FULL,69,0.26993444561958313
Kitchenham,3,FAABE_FULL,70,0.26993444561958313
Kitchenham,3,FAABE_FULL,71,0.26993444561958313
Kitchenham,3,FAABE_FULL,72,0.26993444561958313
Kitchenham,3,FAABE_FULL,73,0.26993444561958313
Kitchenham,3,FAABE_FULL,74,0.26993444561958313
Kitchenham,3,FAABE_FULL,75,0.26993444561958313
Kitchenham,3,FAABE_FULL,76,0.26993444561958313
Kitchenham,3,FAABE_FULL,77,0.26993444561958313
Kitchenham,3,FAABE_FULL,78,0.26993444561958313
Kitchenham,3,FAABE_FULL,79,0.26993444561958313
Kitchenham,3,FAABE_FULL,80,0.26993444561958313
Kitchenham,3,FAABE_FULL,81,0.26993444561958313
Kitchenham,3,FAABE_FULL,82,0.26993444561958313
Kitchenham,3,FAABE_FULL,83,0.26993444561958313
Kitchenham,3,FAABE_FULL,84,0.26993444561958313
Kitchenham,3,FAABE_FULL,85,0.26993444561958313
Kitchenham,3,FAABE_FULL,86,0.26993444561958313
Kitchenham,3,FAABE_FULL,87,0.26993444561958313
Kitchenham,3,FAABE_FULL,88,0.26993444561958313
Kitchenham,3,FAABE_FULL,89,0.26993444561958313
Kitchenham,3,FAABE_FULL,90,0.26993444561958313
Kitchenham,3,FAABE_FULL,91,0.26993444561958313
Kitchenham,3,FAABE_FULL,92,0.26993444561958313
Kitchenham,3,FAABE_FULL,93,0.2698260545730591
Kitchenham,3,FAABE_FULL,94,0.2698260545730591
Kitchenham,3,FAABE_FULL,95,0.2698260545730591
Kitchenham,3,FAABE_FULL,96,0.2698260545730591
Kitchenham,3,FAABE_FULL,97,0.2698260545730591
Kitchenham,3,FAABE_FULL,98,0.2698260545730591
Kitchenham,3,FAABE_FULL,99,0.2698260545730591
Kitchenham,3,FAABE_FULL,100,0.2698260545730591
Kitchenham,4,FAABE_NO_PEARSON,0,0.3108046352863312
Kitchenham,4,FAABE_NO_PEARSON,1,0.2707143723964691
Kitchenham,4,FAABE_NO_PEARSON,2,0.26556724309921265
Kitchenham,4,FAABE_NO_PEARSON,3,0.26556724309921265
Kitchenham,4,FAABE_NO_PEARSON,4,0.26224955916404724
Kitchenham,4,FAABE_NO_PEARSON,5,0.26224955916404724
Kitchenham,4,FAABE_NO_PEARSON,6,0.26224955916404724
Kitchenham,4,FAABE_NO_PEARSON,7,0.25994619727134705
Kitchenham,4,FAABE_NO_PEARSON,8,0.25994619727134705
Kitchenham,4,FAABE_NO_PEARSON,9,0.25994619727134705
Kitchenham,4,FAABE_NO_PEARSON,10,0.25911745429039
Kitchenham,4,FAABE_NO_PEARSON,11,0.2570459246635437
Kitchenham,4,FAABE_NO_PEARSON,12,0.2570459246635437
Kitchenham,4,FAABE_NO_PEARSON,13,0.2570459246635437
Kitchenham,4,FAABE_NO_PEARSON,14,0.2570459246635437
Kitchenham,4,FAABE_NO_PEARSON,15,0.2570459246635437
Kitchenham,4,FAABE_NO_PEARSON,16,0.2570459246635437
Kitchenham,4,FAABE_NO_PEARSON,17,0.2570459246635437
Kitchenham,4,FAABE_NO_PEARSON,18,0.2570459246635437
Kitchenham,4,FAABE_NO_PEARSON,19,0.2570459246635437
Kitchenham,4,FAABE_NO_PEARSON,20,0.2570459246635437
Kitchenham,4,FAABE_NO_PEARSON,21,0.2570459246635437
Kitchenham,4,FAABE_NO_PEARSON,22,0.2570459246635437
Kitchenham,4,FAABE_NO_PEARSON,23,0.2570459246635437
Kitchenham,4,FAABE_NO_PEARSON,24,0.2570459246635437
Kitchenham,4,FAABE_NO_PEARSON,25,0.2570459246635437
Kitchenham,4,FAABE_NO_PEARSON,26,0.2570459246635437
Kitchenham,4,FAABE_NO_PEARSON,27,0.2570459246635437
Kitchenham,4,FAABE_NO_PEARSON,28,0.2570459246635437
Kitchenham,4,FAABE_NO_PEARSON,29,0.2570459246635437
Kitchenham,4,FAABE_NO_PEARSON,30,0.2570459246635437
Kitchenham,4,FAABE_NO_PEARSON,31,0.2570459246635437
Kitchenham,4,FAABE_NO_PEARSON,32,0.2570459246635437
Kitchenham,4,FAABE_NO_PEARSON,33,0.2570459246635437
Kitchenham,4,FAABE_NO_PEARSON,34,0.2570459246635437
Kitchenham,4,FAABE_NO_PEARSON,35,0.2570459246635437
Kitchenham,4,FAABE_NO_PEARSON,36,0.2570459246635437
Kitchenham,4,FAABE_NO_PEARSON,37,0.2570459246635437
Kitchenham,4,FAABE_NO_PEARSON,38,0.2570459246635437
Kitchenham,4,FAABE_NO_PEARSON,39,0.2570459246635437
Kitchenham,4,FAABE_NO_PEARSON,40,0.2570459246635437
Kitchenham,4,FAABE_NO_PEARSON,41,0.2570459246635437
Kitchenham,4,FAABE_NO_PEARSON,42,0.2570459246635437
Kitchenham,4,FAABE_NO_PEARSON,43,0.2570459246635437
Kitchenham,4,FAABE_NO_PEARSON,44,0.2570459246635437
Kitchenham,4,FAABE_NO_PEARSON,45,0.2570459246635437
Kitchenham,4,FAABE_NO_PEARSON,46,0.2570459246635437
Kitchenham,4,FAABE_NO_PEARSON,47,0.2570459246635437
Kitchenham,4,FAABE_NO_PEARSON,48,0.2570459246635437
Kitchenham,4,FAABE_NO_PEARSON,49,0.2570459246635437
Kitchenham,4,FAABE_NO_PEARSON,50,0.2570459246635437
Kitchenham,4,FAABE_NO_PEARSON,51,0.2570459246635437
Kitchenham,4,FAABE_NO_PEARSON,52,0.2570459246635437
Kitchenham,4,FAABE_NO_PEARSON,53,0.2570459246635437
Kitchenham,4,FAABE_NO_PEARSON,54,0.2570459246635437
Kitchenham,4,FAABE_NO_PEARSON,55,0.2570459246635437
Kitchenham,4,FAABE_NO_PEARSON,56,0.2570459246635437
Kitchenham,4,FAABE_NO_PEARSON,57,0.2570459246635437
Kitchenham,4,FAABE_NO_PEARSON,58,0.2570459246635437
Kitchenham,4,FAABE_NO_PEARSON,59,0.2570459246635437
Kitchenham,4,FAABE_NO_PEARSON,60,0.2570459246635437
Kitchenham,4,FAABE_NO_PEARSON,61,0.2570459246635437
Kitchenham,4,FAABE_NO_PEARSON,62,0.2570459246635437
Kitchenham,4,FAABE_NO_PEARSON,63,0.2570459246635437
Kitchenham,4,FAABE_NO_PEARSON,64,0.2570459246635437
Kitchenham,4,FAABE_NO_PEARSON,65,0.2570459246635437
Kitchenham,4,FAABE_NO_PEARSON,66,0.2570459246635437
Kitchenham,4,FAABE_NO_PEARSON,67,0.2570459246635437
Kitchenham,4,FAABE_NO_PEARSON,68,0.2570459246635437
Kitchenham,4,FAABE_NO_PEARSON,69,0.2570459246635437
Kitchenham,4,FAABE_NO_PEARSON,70,0.2570459246635437
Kitchenham,4,FAABE_NO_PEARSON,71,0.2570459246635437
Kitchenham,4,FAABE_NO_PEARSON,72,0.2570459246635437
Kitchenham,4,FAABE_NO_PEARSON,73,0.2570459246635437
Kitchenham,4,FAABE_NO_PEARSON,74,0.2570459246635437
Kitchenham,4,FAABE_NO_PEARSON,75,0.2570459246635437
Kitchenham,4,FAABE_NO_PEARSON,76,0.2570459246635437
Kitchenham,4,FAABE_NO_PEARSON,77,0.2570459246635437
Kitchenham,4,FAABE_NO_PEARSON,78,0.2570459246635437
Kitchenham,4,FAABE_NO_PEARSON,79,0.2570459246635437
Kitchenham,4,FAABE_NO_PEARSON,80,0.2570459246635437
Kitchenham,4,FAABE_NO_PEARSON,81,0.2570459246635437
Kitchenham,4,FAABE_NO_PEARSON,82,0.2570459246635437
Kitchenham,4,FAABE_NO_PEARSON,83,0.2570459246635437
Kitchenham,4,FAABE_NO_PEARSON,84,0.2570459246635437
Kitchenham,4,FAABE_NO_PEARSON,85,0.2570459246635437
Kitchenham,4,FAABE_NO_PEARSON,86,0.2570459246635437
Kitchenham,4,FAABE_NO_PEARSON,87,0.2570459246635437
Kitchenham,4,FAABE_NO_PEARSON,88,0.2570459246635437
Kitchenham,4,FAABE_NO_PEARSON,89,0.2570459246635437
Kitchenham,4,FAABE_NO_PEARSON,90,0.2570459246635437
Kitchenham,4,FAABE_NO_PEARSON,91,0.2570459246635437
Kitchenham,4,FAABE_NO_PEARSON,92,0.2570459246635437
Kitchenham,4,FAABE_NO_PEARSON,93,0.2570459246635437
Kitchenham,4,FAABE_NO_PEARSON,94,0.2570459246635437
Kitchenham,4,FAABE_NO_PEARSON,95,0.2570459246635437
Kitchenham,4,FAABE_NO_PEARSON,96,0.2570459246635437
Kitchenham,4,FAABE_NO_PEARSON,97,0.2570459246635437
Kitchenham,4,FAABE_NO_PEARSON,98,0.2570459246635437
Kitchenham,4,FAABE_NO_PEARSON,99,0.2570459246635437
Kitchenham,4,FAABE_NO_PEARSON,100,0.2570459246635437
Kitchenham,4,FAABE_NO_IWM,0,0.3021726906299591
Kitchenham,4,FAABE_NO_IWM,1,0.2988763153553009
Kitchenham,4,FAABE_NO_IWM,2,0.2711624801158905
Kitchenham,4,FAABE_NO_IWM,3,0.25922998785972595
Kitchenham,4,FAABE_NO_IWM,4,0.25922998785972595
Kitchenham,4,FAABE_NO_IWM,5,0.25922998785972595
Kitchenham,4,FAABE_NO_IWM,6,0.25922998785972595
Kitchenham,4,FAABE_NO_IWM,7,0.25569143891334534
Kitchenham,4,FAABE_NO_IWM,8,0.25569143891334534
Kitchenham,4,FAABE_NO_IWM,9,0.25569143891334534
Kitchenham,4,FAABE_NO_IWM,10,0.25569143891334534
Kitchenham,4,FAABE_NO_IWM,11,0.25569143891334534
Kitchenham,4,FAABE_NO_IWM,12,0.25569143891334534
Kitchenham,4,FAABE_NO_IWM,13,0.25569143891334534
Kitchenham,4,FAABE_NO_IWM,14,0.25569143891334534
Kitchenham,4,FAABE_NO_IWM,15,0.25569143891334534
Kitchenham,4,FAABE_NO_IWM,16,0.25569143891334534
Kitchenham,4,FAABE_NO_IWM,17,0.25569143891334534
Kitchenham,4,FAABE_NO_IWM,18,0.25569143891334534
Kitchenham,4,FAABE_NO_IWM,19,0.25569143891334534
Kitchenham,4,FAABE_NO_IWM,20,0.25569143891334534
Kitchenham,4,FAABE_NO_IWM,21,0.25569143891334534
Kitchenham,4,FAABE_NO_IWM,22,0.25569143891334534
Kitchenham,4,FAABE_NO_IWM,23,0.25569143891334534
Kitchenham,4,FAABE_NO_IWM,24,0.25569143891334534
Kitchenham,4,FAABE_NO_IWM,25,0.25569143891334534
Kitchenham,4,FAABE_NO_IWM,26,0.25569143891334534
Kitchenham,4,FAABE_NO_IWM,27,0.25569143891334534
Kitchenham,4,FAABE_NO_IWM,28,0.25569143891334534
Kitchenham,4,FAABE_NO_IWM,29,0.25569143891334534
Kitchenham,4,FAABE_NO_IWM,30,0.25569143891334534
Kitchenham,4,FAABE_NO_IWM,31,0.25569143891334534
Kitchenham,4,FAABE_NO_IWM,32,0.25569143891334534
Kitchenham,4,FAABE_NO_IWM,33,0.25569143891334534
Kitchenham,4,FAABE_NO_IWM,34,0.25569143891334534
Kitchenham,4,FAABE_NO_IWM,35,0.25569143891334534
Kitchenham,4,FAABE_NO_IWM,36,0.25569143891334534
Kitchenham,4,FAABE_NO_IWM,37,0.25569143891334534
Kitchenham,4,FAABE_NO_IWM,38,0.25569143891334534
Kitchenham,4,FAABE_NO_IWM,39,0.25569143891334534
Kitchenham,4,FAABE_NO_IWM,40,0.25569143891334534
Kitchenham,4,FAABE_NO_IWM,41,0.25569143891334534
Kitchenham,4,FAABE_NO_IWM,42,0.25569143891334534
Kitchenham,4,FAABE_NO_IWM,43,0.25569143891334534
Kitchenham,4,FAABE_NO_IWM,44,0.25569143891334534
Kitchenham,4,FAABE_NO_IWM,45,0.25569143891334534
Kitchenham,4,FAABE_NO_IWM,46,0.25569143891334534
Kitchenham,4,FAABE_NO_IWM,47,0.25569143891334534
Kitchenham,4,FAABE_NO_IWM,48,0.25569143891334534
Kitchenham,4,FAABE_NO_IWM,49,0.25569143891334534
Kitchenham,4,FAABE_NO_IWM,50,0.25569143891334534
Kitchenham,4,FAABE_NO_IWM,51,0.25569143891334534
Kitchenham,4,FAABE_NO_IWM,52,0.25569143891334534
Kitchenham,4,FAABE_NO_IWM,53,0.25569143891334534
Kitchenham,4,FAABE_NO_IWM,54,0.25569143891334534
Kitchenham,4,FAABE_NO_IWM,55,0.25569143891334534
Kitchenham,4,FAABE_NO_IWM,56,0.25569143891334534
Kitchenham,4,FAABE_NO_IWM,57,0.25569143891334534
Kitchenham,4,FAABE_NO_IWM,58,0.25569143891334534
Kitchenham,4,FAABE_NO_IWM,59,0.25569143891334534
Kitchenham,4,FAABE_NO_IWM,60,0.25569143891334534
Kitchenham,4,FAABE_NO_IWM,61,0.25569143891334534
Kitchenham,4,FAABE_NO_IWM,62,0.25569143891334534
Kitchenham,4,FAABE_NO_IWM,63,0.25569143891334534
Kitchenham,4,FAABE_NO_IWM,64,0.25569143891334534
Kitchenham,4,FAABE_NO_IWM,65,0.25569143891334534
Kitchenham,4,FAABE_NO_IWM,66,0.25569143891334534
Kitchenham,4,FAABE_NO_IWM,67,0.25569143891334534
Kitchenham,4,FAABE_NO_IWM,68,0.25569143891334534
Kitchenham,4,FAABE_NO_IWM,69,0.25569143891334534
Kitchenham,4,FAABE_NO_IWM,70,0.25569143891334534
Kitchenham,4,FAABE_NO_IWM,71,0.25569143891334534
Kitchenham,4,FAABE_NO_IWM,72,0.25569143891334534
Kitchenham,4,FAABE_NO_IWM,73,0.25569143891334534
Kitchenham,4,FAABE_NO_IWM,74,0.25569143891334534
Kitchenham,4,FAABE_NO_IWM,75,0.25569143891334534
Kitchenham,4,FAABE_NO_IWM,76,0.25569143891334534
Kitchenham,4,FAABE_NO_IWM,77,0.25569143891334534
Kitchenham,4,FAABE_NO_IWM,78,0.25569143891334534
Kitchenham,4,FAABE_NO_IWM,79,0.25569143891334534
Kitchenham,4,FAABE_NO_IWM,80,0.25569143891334534
Kitchenham,4,FAABE_NO_IWM,81,0.25569143891334534
Kitchenham,4,FAABE_NO_IWM,82,0.25569143891334534
Kitchenham,4,FAABE_NO_IWM,83,0.25569143891334534
Kitchenham,4,FAABE_NO_IWM,84,0.25569143891334534
Kitchenham,4,FAABE_NO_IWM,85,0.25569143891334534
Kitchenham,4,FAABE_NO_IWM,86,0.25569143891334534
Kitchenham,4,FAABE_NO_IWM,87,0.25569143891334534
Kitchenham,4,FAABE_NO_IWM,88,0.25569143891334534
Kitchenham,4,FAABE_NO_IWM,89,0.25569143891334534
Kitchenham,4,FAABE_NO_IWM,90,0.25569143891334534
Kitchenham,4,FAABE_NO_IWM,91,0.25569143891334534
Kitchenham,4,FAABE_NO_IWM,92,0.25569143891334534
Kitchenham,4,FAABE_NO_IWM,93,0.25569143891334534
Kitchenham,4,FAABE_NO_IWM,94,0.25569143891334534
Kitchenham,4,FAABE_NO_IWM,95,0.25569143891334534
Kitchenham,4,FAABE_NO_IWM,96,0.25569143891334534
Kitchenham,4,FAABE_NO_IWM,97,0.25399768352508545
Kitchenham,4,FAABE_NO_IWM,98,0.25399768352508545
Kitchenham,4,FAABE_NO_IWM,99,0.25399768352508545
Kitchenham,4,FAABE_NO_IWM,100,0.25399768352508545
Kitchenham,4,FAABE_FULL,0,0.3709699809551239
Kitchenham,4,FAABE_FULL,1,0.3023536205291748
Kitchenham,4,FAABE_FULL,2,0.28254279494285583
Kitchenham,4,FAABE_FULL,3,0.28254279494285583
Kitchenham,4,FAABE_FULL,4,0.28254279494285583
Kitchenham,4,FAABE_FULL,5,0.2754767835140228
Kitchenham,4,FAABE_FULL,6,0.2701224088668823
Kitchenham,4,FAABE_FULL,7,0.2701224088668823
Kitchenham,4,FAABE_FULL,8,0.2616061270236969
Kitchenham,4,FAABE_FULL,9,0.2616061270236969
Kitchenham,4,FAABE_FULL,10,0.26139160990715027
Kitchenham,4,FAABE_FULL,11,0.26139160990715027
Kitchenham,4,FAABE_FULL,12,0.25986456871032715
Kitchenham,4,FAABE_FULL,13,0.25986456871032715
Kitchenham,4,FAABE_FULL,14,0.25986456871032715
Kitchenham,4,FAABE_FULL,15,0.25986456871032715
Kitchenham,4,FAABE_FULL,16,0.25986456871032715
Kitchenham,4,FAABE_FULL,17,0.25986456871032715
Kitchenham,4,FAABE_FULL,18,0.25986456871032715
Kitchenham,4,FAABE_FULL,19,0.25986456871032715
Kitchenham,4,FAABE_FULL,20,0.25986456871032715
Kitchenham,4,FAABE_FULL,21,0.25986456871032715
Kitchenham,4,FAABE_FULL,22,0.25986456871032715
Kitchenham,4,FAABE_FULL,23,0.25986456871032715
Kitchenham,4,FAABE_FULL,24,0.25986456871032715
Kitchenham,4,FAABE_FULL,25,0.2578946352005005
Kitchenham,4,FAABE_FULL,26,0.2578946352005005
Kitchenham,4,FAABE_FULL,27,0.2578946352005005
Kitchenham,4,FAABE_FULL,28,0.25491443276405334
Kitchenham,4,FAABE_FULL,29,0.25491443276405334
Kitchenham,4,FAABE_FULL,30,0.25491443276405334
Kitchenham,4,FAABE_FULL,31,0.25491443276405334
Kitchenham,4,FAABE_FULL,32,0.25491443276405334
Kitchenham,4,FAABE_FULL,33,0.25491443276405334
Kitchenham,4,FAABE_FULL,34,0.25491443276405334
Kitchenham,4,FAABE_FULL,35,0.25491443276405334
Kitchenham,4,FAABE_FULL,36,0.25491443276405334
Kitchenham,4,FAABE_FULL,37,0.25491443276405334
Kitchenham,4,FAABE_FULL,38,0.25491443276405334
Kitchenham,4,FAABE_FULL,39,0.25491443276405334
Kitchenham,4,FAABE_FULL,40,0.25491443276405334
Kitchenham,4,FAABE_FULL,41,0.25491443276405334
Kitchenham,4,FAABE_FULL,42,0.25491443276405334
Kitchenham,4,FAABE_FULL,43,0.25491443276405334
Kitchenham,4,FAABE_FULL,44,0.25491443276405334
Kitchenham,4,FAABE_FULL,45,0.25491443276405334
Kitchenham,4,FAABE_FULL,46,0.25491443276405334
Kitchenham,4,FAABE_FULL,47,0.25491443276405334
Kitchenham,4,FAABE_FULL,48,0.25491443276405334
Kitchenham,4,FAABE_FULL,49,0.25491443276405334
Kitchenham,4,FAABE_FULL,50,0.25491443276405334
Kitchenham,4,FAABE_FULL,51,0.25491443276405334
Kitchenham,4,FAABE_FULL,52,0.25491443276405334
Kitchenham,4,FAABE_FULL,53,0.25491443276405334
Kitchenham,4,FAABE_FULL,54,0.25491443276405334
Kitchenham,4,FAABE_FULL,55,0.25491443276405334
Kitchenham,4,FAABE_FULL,56,0.25491443276405334
Kitchenham,4,FAABE_FULL,57,0.25491443276405334
Kitchenham,4,FAABE_FULL,58,0.25491443276405334
Kitchenham,4,FAABE_FULL,59,0.25491443276405334
Kitchenham,4,FAABE_FULL,60,0.25491443276405334
Kitchenham,4,FAABE_FULL,61,0.25491443276405334
Kitchenham,4,FAABE_FULL,62,0.25491443276405334
Kitchenham,4,FAABE_FULL,63,0.25491443276405334
Kitchenham,4,FAABE_FULL,64,0.25491443276405334
Kitchenham,4,FAABE_FULL,65,0.25491443276405334
Kitchenham,4,FAABE_FULL,66,0.25491443276405334
Kitchenham,4,FAABE_FULL,67,0.25491443276405334
Kitchenham,4,FAABE_FULL,68,0.25491443276405334
Kitchenham,4,FAABE_FULL,69,0.25491443276405334
Kitchenham,4,FAABE_FULL,70,0.25491443276405334
Kitchenham,4,FAABE_FULL,71,0.25491443276405334
Kitchenham,4,FAABE_FULL,72,0.25491443276405334
Kitchenham,4,FAABE_FULL,73,0.25491443276405334
Kitchenham,4,FAABE_FULL,74,0.25491443276405334
Kitchenham,4,FAABE_FULL,75,0.25491443276405334
Kitchenham,4,FAABE_FULL,76,0.25491443276405334
Kitchenham,4,FAABE_FULL,77,0.25491443276405334
Kitchenham,4,FAABE_FULL,78,0.25491443276405334
Kitchenham,4,FAABE_FULL,79,0.25491443276405334
Kitchenham,4,FAABE_FULL,80,0.25491443276405334
Kitchenham,4,FAABE_FULL,81,0.25491443276405334
Kitchenham,4,FAABE_FULL,82,0.25491443276405334
Kitchenham,4,FAABE_FULL,83,0.25491443276405334
Kitchenham,4,FAABE_FULL,84,0.25491443276405334
Kitchenham,4,FAABE_FULL,85,0.25491443276405334
Kitchenham,4,FAABE_FULL,86,0.25491443276405334
Kitchenham,4,FAABE_FULL,87,0.25491443276405334
Kitchenham,4,FAABE_FULL,88,0.25491443276405334
Kitchenham,4,FAABE_FULL,89,0.25491443276405334
Kitchenham,4,FAABE_FULL,90,0.25491443276405334
Kitchenham,4,FAABE_FULL,91,0.25491443276405334
Kitchenham,4,FAABE_FULL,92,0.25491443276405334
Kitchenham,4,FAABE_FULL,93,0.25491443276405334
Kitchenham,4,FAABE_FULL,94,0.25491443276405334
Kitchenham,4,FAABE_FULL,95,0.25491443276405334
Kitchenham,4,FAABE_FULL,96,0.25491443276405334
Kitchenham,4,FAABE_FULL,97,0.25491443276405334
Kitchenham,4,FAABE_FULL,98,0.25491443276405334
Kitchenham,4,FAABE_FULL,99,0.25491443276405334
Kitchenham,4,FAABE_FULL,100,0.25491443276405334
Kitchenham,5,FAABE_NO_PEARSON,0,0.3648501932621002
Kitchenham,5,FAABE_NO_PEARSON,1,0.31887298822402954
Kitchenham,5,FAABE_NO_PEARSON,2,0.30806514620780945
Kitchenham,5,FAABE_NO_PEARSON,3,0.2850637435913086
Kitchenham,5,FAABE_NO_PEARSON,4,0.2850637435913086
Kitchenham,5,FAABE_NO_PEARSON,5,0.28329795598983765
Kitchenham,5,FAABE_NO_PEARSON,6,0.27567049860954285
Kitchenham,5,FAABE_NO_PEARSON,7,0.2742999792098999
Kitchenham,5,FAABE_NO_PEARSON,8,0.2742999792098999
Kitchenham,5,FAABE_NO_PEARSON,9,0.2742999792098999
Kitchenham,5,FAABE_NO_PEARSON,10,0.2742999792098999
Kitchenham,5,FAABE_NO_PEARSON,11,0.27317240834236145
Kitchenham,5,FAABE_NO_PEARSON,12,0.27317240834236145
Kitchenham,5,FAABE_NO_PEARSON,13,0.27317240834236145
Kitchenham,5,FAABE_NO_PEARSON,14,0.27317240834236145
Kitchenham,5,FAABE_NO_PEARSON,15,0.27148497104644775
Kitchenham,5,FAABE_NO_PEARSON,16,0.27148497104644775
Kitchenham,5,FAABE_NO_PEARSON,17,0.27148497104644775
Kitchenham,5,FAABE_NO_PEARSON,18,0.27148497104644775
Kitchenham,5,FAABE_NO_PEARSON,19,0.27148497104644775
Kitchenham,5,FAABE_NO_PEARSON,20,0.27148497104644775
Kitchenham,5,FAABE_NO_PEARSON,21,0.27148497104644775
Kitchenham,5,FAABE_NO_PEARSON,22,0.27148497104644775
Kitchenham,5,FAABE_NO_PEARSON,23,0.27148497104644775
Kitchenham,5,FAABE_NO_PEARSON,24,0.27148497104644775
Kitchenham,5,FAABE_NO_PEARSON,25,0.26986509561538696
Kitchenham,5,FAABE_NO_PEARSON,26,0.26986509561538696
Kitchenham,5,FAABE_NO_PEARSON,27,0.26986509561538696
Kitchenham,5,FAABE_NO_PEARSON,28,0.26986509561538696
Kitchenham,5,FAABE_NO_PEARSON,29,0.26986509561538696
Kitchenham,5,FAABE_NO_PEARSON,30,0.26986509561538696
Kitchenham,5,FAABE_NO_PEARSON,31,0.26986509561538696
Kitchenham,5,FAABE_NO_PEARSON,32,0.26986509561538696
Kitchenham,5,FAABE_NO_PEARSON,33,0.26986509561538696
Kitchenham,5,FAABE_NO_PEARSON,34,0.26986509561538696
Kitchenham,5,FAABE_NO_PEARSON,35,0.26986509561538696
Kitchenham,5,FAABE_NO_PEARSON,36,0.26986509561538696
Kitchenham,5,FAABE_NO_PEARSON,37,0.26986509561538696
Kitchenham,5,FAABE_NO_PEARSON,38,0.26986509561538696
Kitchenham,5,FAABE_NO_PEARSON,39,0.26986509561538696
Kitchenham,5,FAABE_NO_PEARSON,40,0.26986509561538696
Kitchenham,5,FAABE_NO_PEARSON,41,0.26986509561538696
Kitchenham,5,FAABE_NO_PEARSON,42,0.26986509561538696
Kitchenham,5,FAABE_NO_PEARSON,43,0.26986509561538696
Kitchenham,5,FAABE_NO_PEARSON,44,0.26986509561538696
Kitchenham,5,FAABE_NO_PEARSON,45,0.26986509561538696
Kitchenham,5,FAABE_NO_PEARSON,46,0.26986509561538696
Kitchenham,5,FAABE_NO_PEARSON,47,0.26986509561538696
Kitchenham,5,FAABE_NO_PEARSON,48,0.26986509561538696
Kitchenham,5,FAABE_NO_PEARSON,49,0.26986509561538696
Kitchenham,5,FAABE_NO_PEARSON,50,0.26986509561538696
Kitchenham,5,FAABE_NO_PEARSON,51,0.26986509561538696
Kitchenham,5,FAABE_NO_PEARSON,52,0.26986509561538696
Kitchenham,5,FAABE_NO_PEARSON,53,0.26986509561538696
Kitchenham,5,FAABE_NO_PEARSON,54,0.26986509561538696
Kitchenham,5,FAABE_NO_PEARSON,55,0.26986509561538696
Kitchenham,5,FAABE_NO_PEARSON,56,0.26986509561538696
Kitchenham,5,FAABE_NO_PEARSON,57,0.26986509561538696
Kitchenham,5,FAABE_NO_PEARSON,58,0.26986509561538696
Kitchenham,5,FAABE_NO_PEARSON,59,0.26986509561538696
Kitchenham,5,FAABE_NO_PEARSON,60,0.26986509561538696
Kitchenham,5,FAABE_NO_PEARSON,61,0.26986509561538696
Kitchenham,5,FAABE_NO_PEARSON,62,0.26986509561538696
Kitchenham,5,FAABE_NO_PEARSON,63,0.26986509561538696
Kitchenham,5,FAABE_NO_PEARSON,64,0.26986509561538696
Kitchenham,5,FAABE_NO_PEARSON,65,0.26986509561538696
Kitchenham,5,FAABE_NO_PEARSON,66,0.26986509561538696
Kitchenham,5,FAABE_NO_PEARSON,67,0.26986509561538696
Kitchenham,5,FAABE_NO_PEARSON,68,0.26986509561538696
Kitchenham,5,FAABE_NO_PEARSON,69,0.26986509561538696
Kitchenham,5,FAABE_NO_PEARSON,70,0.26986509561538696
Kitchenham,5,FAABE_NO_PEARSON,71,0.26986509561538696
Kitchenham,5,FAABE_NO_PEARSON,72,0.26986509561538696
Kitchenham,5,FAABE_NO_PEARSON,73,0.26986509561538696
Kitchenham,5,FAABE_NO_PEARSON,74,0.26974156498908997
Kitchenham,5,FAABE_NO_PEARSON,75,0.26974156498908997
Kitchenham,5,FAABE_NO_PEARSON,76,0.26974156498908997
Kitchenham,5,FAABE_NO_PEARSON,77,0.26974156498908997
Kitchenham,5,FAABE_NO_PEARSON,78,0.26974156498908997
Kitchenham,5,FAABE_NO_PEARSON,79,0.26974156498908997
Kitchenham,5,FAABE_NO_PEARSON,80,0.26974156498908997
Kitchenham,5,FAABE_NO_PEARSON,81,0.26974156498908997
Kitchenham,5,FAABE_NO_PEARSON,82,0.26974156498908997
Kitchenham,5,FAABE_NO_PEARSON,83,0.26974156498908997
Kitchenham,5,FAABE_NO_PEARSON,84,0.26974156498908997
Kitchenham,5,FAABE_NO_PEARSON,85,0.26974156498908997
Kitchenham,5,FAABE_NO_PEARSON,86,0.26974156498908997
Kitchenham,5,FAABE_NO_PEARSON,87,0.26974156498908997
Kitchenham,5,FAABE_NO_PEARSON,88,0.26974156498908997
Kitchenham,5,FAABE_NO_PEARSON,89,0.26974156498908997
Kitchenham,5,FAABE_NO_PEARSON,90,0.26974156498908997
Kitchenham,5,FAABE_NO_PEARSON,91,0.26974156498908997
Kitchenham,5,FAABE_NO_PEARSON,92,0.26974156498908997
Kitchenham,5,FAABE_NO_PEARSON,93,0.26974156498908997
Kitchenham,5,FAABE_NO_PEARSON,94,0.26974156498908997
Kitchenham,5,FAABE_NO_PEARSON,95,0.26974156498908997
Kitchenham,5,FAABE_NO_PEARSON,96,0.26974156498908997
Kitchenham,5,FAABE_NO_PEARSON,97,0.26974156498908997
Kitchenham,5,FAABE_NO_PEARSON,98,0.26974156498908997
Kitchenham,5,FAABE_NO_PEARSON,99,0.26974156498908997
Kitchenham,5,FAABE_NO_PEARSON,100,0.26974156498908997
Kitchenham,5,FAABE_NO_IWM,0,0.35304197669029236
Kitchenham,5,FAABE_NO_IWM,1,0.2995441257953644
Kitchenham,5,FAABE_NO_IWM,2,0.2790794372558594
Kitchenham,5,FAABE_NO_IWM,3,0.2710531949996948
Kitchenham,5,FAABE_NO_IWM,4,0.2710531949996948
Kitchenham,5,FAABE_NO_IWM,5,0.2710531949996948
Kitchenham,5,FAABE_NO_IWM,6,0.2710531949996948
Kitchenham,5,FAABE_NO_IWM,7,0.2710531949996948
Kitchenham,5,FAABE_NO_IWM,8,0.2710531949996948
Kitchenham,5,FAABE_NO_IWM,9,0.2710531949996948
Kitchenham,5,FAABE_NO_IWM,10,0.2710531949996948
Kitchenham,5,FAABE_NO_IWM,11,0.2710531949996948
Kitchenham,5,FAABE_NO_IWM,12,0.2710531949996948
Kitchenham,5,FAABE_NO_IWM,13,0.2710531949996948
Kitchenham,5,FAABE_NO_IWM,14,0.2710531949996948
Kitchenham,5,FAABE_NO_IWM,15,0.2710531949996948
Kitchenham,5,FAABE_NO_IWM,16,0.2710531949996948
Kitchenham,5,FAABE_NO_IWM,17,0.2710531949996948
Kitchenham,5,FAABE_NO_IWM,18,0.2710531949996948
Kitchenham,5,FAABE_NO_IWM,19,0.2710531949996948
Kitchenham,5,FAABE_NO_IWM,20,0.2710531949996948
Kitchenham,5,FAABE_NO_IWM,21,0.2693888545036316
Kitchenham,5,FAABE_NO_IWM,22,0.2693888545036316
Kitchenham,5,FAABE_NO_IWM,23,0.2693888545036316
Kitchenham,5,FAABE_NO_IWM,24,0.2693888545036316
Kitchenham,5,FAABE_NO_IWM,25,0.2693888545036316
Kitchenham,5,FAABE_NO_IWM,26,0.2693888545036316
Kitchenham,5,FAABE_NO_IWM,27,0.2693888545036316
Kitchenham,5,FAABE_NO_IWM,28,0.2693888545036316
Kitchenham,5,FAABE_NO_IWM,29,0.2693888545036316
Kitchenham,5,FAABE_NO_IWM,30,0.2693888545036316
Kitchenham,5,FAABE_NO_IWM,31,0.2693888545036316
Kitchenham,5,FAABE_NO_IWM,32,0.2693888545036316
Kitchenham,5,FAABE_NO_IWM,33,0.2693888545036316
Kitchenham,5,FAABE_NO_IWM,34,0.2693888545036316
Kitchenham,5,FAABE_NO_IWM,35,0.2693888545036316
Kitchenham,5,FAABE_NO_IWM,36,0.2693888545036316
Kitchenham,5,FAABE_NO_IWM,37,0.2693888545036316
Kitchenham,5,FAABE_NO_IWM,38,0.2693888545036316
Kitchenham,5,FAABE_NO_IWM,39,0.2693888545036316
Kitchenham,5,FAABE_NO_IWM,40,0.2693888545036316
Kitchenham,5,FAABE_NO_IWM,41,0.2693888545036316
Kitchenham,5,FAABE_NO_IWM,42,0.2693888545036316
Kitchenham,5,FAABE_NO_IWM,43,0.2693888545036316
Kitchenham,5,FAABE_NO_IWM,44,0.2693888545036316
Kitchenham,5,FAABE_NO_IWM,45,0.2693888545036316
Kitchenham,5,FAABE_NO_IWM,46,0.2693888545036316
Kitchenham,5,FAABE_NO_IWM,47,0.2693888545036316
Kitchenham,5,FAABE_NO_IWM,48,0.2693888545036316
Kitchenham,5,FAABE_NO_IWM,49,0.2693888545036316
Kitchenham,5,FAABE_NO_IWM,50,0.2693888545036316
Kitchenham,5,FAABE_NO_IWM,51,0.2693888545036316
Kitchenham,5,FAABE_NO_IWM,52,0.2693888545036316
Kitchenham,5,FAABE_NO_IWM,53,0.2693888545036316
Kitchenham,5,FAABE_NO_IWM,54,0.2693888545036316
Kitchenham,5,FAABE_NO_IWM,55,0.2693888545036316
Kitchenham,5,FAABE_NO_IWM,56,0.2693888545036316
Kitchenham,5,FAABE_NO_IWM,57,0.2693888545036316
Kitchenham,5,FAABE_NO_IWM,58,0.2693888545036316
Kitchenham,5,FAABE_NO_IWM,59,0.2693888545036316
Kitchenham,5,FAABE_NO_IWM,60,0.2693888545036316
Kitchenham,5,FAABE_NO_IWM,61,0.2693888545036316
Kitchenham,5,FAABE_NO_IWM,62,0.2693888545036316
Kitchenham,5,FAABE_NO_IWM,63,0.2693888545036316
Kitchenham,5,FAABE_NO_IWM,64,0.2693888545036316
Kitchenham,5,FAABE_NO_IWM,65,0.2693888545036316
Kitchenham,5,FAABE_NO_IWM,66,0.2693888545036316
Kitchenham,5,FAABE_NO_IWM,67,0.2693888545036316
Kitchenham,5,FAABE_NO_IWM,68,0.2693888545036316
Kitchenham,5,FAABE_NO_IWM,69,0.2693888545036316
Kitchenham,5,FAABE_NO_IWM,70,0.2693888545036316
Kitchenham,5,FAABE_NO_IWM,71,0.2693888545036316
Kitchenham,5,FAABE_NO_IWM,72,0.2693888545036316
Kitchenham,5,FAABE_NO_IWM,73,0.2693888545036316
Kitchenham,5,FAABE_NO_IWM,74,0.2693888545036316
Kitchenham,5,FAABE_NO_IWM,75,0.2693888545036316
Kitchenham,5,FAABE_NO_IWM,76,0.2693888545036316
Kitchenham,5,FAABE_NO_IWM,77,0.2693888545036316
Kitchenham,5,FAABE_NO_IWM,78,0.2693888545036316
Kitchenham,5,FAABE_NO_IWM,79,0.2693888545036316
Kitchenham,5,FAABE_NO_IWM,80,0.2693888545036316
Kitchenham,5,FAABE_NO_IWM,81,0.2693888545036316
Kitchenham,5,FAABE_NO_IWM,82,0.2693888545036316
Kitchenham,5,FAABE_NO_IWM,83,0.2693888545036316
Kitchenham,5,FAABE_NO_IWM,84,0.2693888545036316
Kitchenham,5,FAABE_NO_IWM,85,0.2693888545036316
Kitchenham,5,FAABE_NO_IWM,86,0.2693888545036316
Kitchenham,5,FAABE_NO_IWM,87,0.2693888545036316
Kitchenham,5,FAABE_NO_IWM,88,0.2693888545036316
Kitchenham,5,FAABE_NO_IWM,89,0.2693888545036316
Kitchenham,5,FAABE_NO_IWM,90,0.2693888545036316
Kitchenham,5,FAABE_NO_IWM,91,0.2693888545036316
Kitchenham,5,FAABE_NO_IWM,92,0.2693888545036316
Kitchenham,5,FAABE_NO_IWM,93,0.2693888545036316
Kitchenham,5,FAABE_NO_IWM,94,0.2693888545036316
Kitchenham,5,FAABE_NO_IWM,95,0.2693888545036316
Kitchenham,5,FAABE_NO_IWM,96,0.2693888545036316
Kitchenham,5,FAABE_NO_IWM,97,0.2693888545036316
Kitchenham,5,FAABE_NO_IWM,98,0.2693888545036316
Kitchenham,5,FAABE_NO_IWM,99,0.2693888545036316
Kitchenham,5,FAABE_NO_IWM,100,0.2693888545036316
Kitchenham,5,FAABE_FULL,0,0.341262549161911
Kitchenham,5,FAABE_FULL,1,0.30140939354896545
Kitchenham,5,FAABE_FULL,2,0.30140939354896545
Kitchenham,5,FAABE_FULL,3,0.2798723578453064
Kitchenham,5,FAABE_FULL,4,0.2798723578453064
Kitchenham,5,FAABE_FULL,5,0.2751765847206116
Kitchenham,5,FAABE_FULL,6,0.2751765847206116
Kitchenham,5,FAABE_FULL,7,0.27389320731163025
Kitchenham,5,FAABE_FULL,8,0.27389320731163025
Kitchenham,5,FAABE_FULL,9,0.27389320731163025
Kitchenham,5,FAABE_FULL,10,0.27389320731163025
Kitchenham,5,FAABE_FULL,11,0.27389320731163025
Kitchenham,5,FAABE_FULL,12,0.27389320731163025
Kitchenham,5,FAABE_FULL,13,0.27389320731163025
Kitchenham,5,FAABE_FULL,14,0.27389320731163025
Kitchenham,5,FAABE_FULL,15,0.27389320731163025
Kitchenham,5,FAABE_FULL,16,0.27389320731163025
Kitchenham,5,FAABE_FULL,17,0.27389320731163025
Kitchenham,5,FAABE_FULL,18,0.27389320731163025
Kitchenham,5,FAABE_FULL,19,0.27389320731163025
Kitchenham,5,FAABE_FULL,20,0.27389320731163025
Kitchenham,5,FAABE_FULL,21,0.27389320731163025
Kitchenham,5,FAABE_FULL,22,0.27389320731163025
Kitchenham,5,FAABE_FULL,23,0.27389320731163025
Kitchenham,5,FAABE_FULL,24,0.27389320731163025
Kitchenham,5,FAABE_FULL,25,0.27281394600868225
Kitchenham,5,FAABE_FULL,26,0.27281394600868225
Kitchenham,5,FAABE_FULL,27,0.27281394600868225
Kitchenham,5,FAABE_FULL,28,0.27281394600868225
Kitchenham,5,FAABE_FULL,29,0.27281394600868225
Kitchenham,5,FAABE_FULL,30,0.27281394600868225
Kitchenham,5,FAABE_FULL,31,0.27281394600868225
Kitchenham,5,FAABE_FULL,32,0.27281394600868225
Kitchenham,5,FAABE_FULL,33,0.27281394600868225
Kitchenham,5,FAABE_FULL,34,0.27066290378570557
Kitchenham,5,FAABE_FULL,35,0.27066290378570557
Kitchenham,5,FAABE_FULL,36,0.27066290378570557
Kitchenham,5,FAABE_FULL,37,0.27066290378570557
Kitchenham,5,FAABE_FULL,38,0.27066290378570557
Kitchenham,5,FAABE_FULL,39,0.27066290378570557
Kitchenham,5,FAABE_FULL,40,0.27066290378570557
Kitchenham,5,FAABE_FULL,41,0.27066290378570557
Kitchenham,5,FAABE_FULL,42,0.27066290378570557
Kitchenham,5,FAABE_FULL,43,0.27066290378570557
Kitchenham,5,FAABE_FULL,44,0.27066290378570557
Kitchenham,5,FAABE_FULL,45,0.27066290378570557
Kitchenham,5,FAABE_FULL,46,0.27066290378570557
Kitchenham,5,FAABE_FULL,47,0.27066290378570557
Kitchenham,5,FAABE_FULL,48,0.27066290378570557
Kitchenham,5,FAABE_FULL,49,0.27066290378570557
Kitchenham,5,FAABE_FULL,50,0.27066290378570557
Kitchenham,5,FAABE_FULL,51,0.27066290378570557
Kitchenham,5,FAABE_FULL,52,0.27066290378570557
Kitchenham,5,FAABE_FULL,53,0.27066290378570557
Kitchenham,5,FAABE_FULL,54,0.27066290378570557
Kitchenham,5,FAABE_FULL,55,0.2692943811416626
Kitchenham,5,FAABE_FULL,56,0.2692943811416626
Kitchenham,5,FAABE_FULL,57,0.2692943811416626
Kitchenham,5,FAABE_FULL,58,0.2692943811416626
Kitchenham,5,FAABE_FULL,59,0.2692943811416626
Kitchenham,5,FAABE_FULL,60,0.2692943811416626
Kitchenham,5,FAABE_FULL,61,0.2692943811416626
Kitchenham,5,FAABE_FULL,62,0.2692943811416626
Kitchenham,5,FAABE_FULL,63,0.2692943811416626
Kitchenham,5,FAABE_FULL,64,0.2692943811416626
Kitchenham,5,FAABE_FULL,65,0.2692943811416626
Kitchenham,5,FAABE_FULL,66,0.2692943811416626
Kitchenham,5,FAABE_FULL,67,0.2692943811416626
Kitchenham,5,FAABE_FULL,68,0.2692943811416626
Kitchenham,5,FAABE_FULL,69,0.2692943811416626
Kitchenham,5,FAABE_FULL,70,0.2692943811416626
Kitchenham,5,FAABE_FULL,71,0.2692943811416626
Kitchenham,5,FAABE_FULL,72,0.2692943811416626
Kitchenham,5,FAABE_FULL,73,0.2692943811416626
Kitchenham,5,FAABE_FULL,74,0.2692943811416626
Kitchenham,5,FAABE_FULL,75,0.2692943811416626
Kitchenham,5,FAABE_FULL,76,0.2692943811416626
Kitchenham,5,FAABE_FULL,77,0.2692943811416626
Kitchenham,5,FAABE_FULL,78,0.2692943811416626
Kitchenham,5,FAABE_FULL,79,0.2692943811416626
Kitchenham,5,FAABE_FULL,80,0.2692943811416626
Kitchenham,5,FAABE_FULL,81,0.2692943811416626
Kitchenham,5,FAABE_FULL,82,0.2692943811416626
Kitchenham,5,FAABE_FULL,83,0.2692943811416626
Kitchenham,5,FAABE_FULL,84,0.2692943811416626
Kitchenham,5,FAABE_FULL,85,0.2692943811416626
Kitchenham,5,FAABE_FULL,86,0.2692943811416626
Kitchenham,5,FAABE_FULL,87,0.2692943811416626
Kitchenham,5,FAABE_FULL,88,0.2692943811416626
Kitchenham,5,FAABE_FULL,89,0.2692943811416626
Kitchenham,5,FAABE_FULL,90,0.2692943811416626
Kitchenham,5,FAABE_FULL,91,0.2692943811416626
Kitchenham,5,FAABE_FULL,92,0.2692943811416626
Kitchenham,5,FAABE_FULL,93,0.2692943811416626
Kitchenham,5,FAABE_FULL,94,0.2692943811416626
Kitchenham,5,FAABE_FULL,95,0.2692943811416626
Kitchenham,5,FAABE_FULL,96,0.2692943811416626
Kitchenham,5,FAABE_FULL,97,0.2692943811416626
Kitchenham,5,FAABE_FULL,98,0.2692943811416626
Kitchenham,5,FAABE_FULL,99,0.2692943811416626
Kitchenham,5,FAABE_FULL,100,0.2692943811416626
Kitchenham,6,FAABE_NO_PEARSON,0,0.31200405955314636
Kitchenham,6,FAABE_NO_PEARSON,1,0.3006191551685333
Kitchenham,6,FAABE_NO_PEARSON,2,0.2793516218662262
Kitchenham,6,FAABE_NO_PEARSON,3,0.2793516218662262
Kitchenham,6,FAABE_NO_PEARSON,4,0.2793516218662262
Kitchenham,6,FAABE_NO_PEARSON,5,0.2793516218662262
Kitchenham,6,FAABE_NO_PEARSON,6,0.2793516218662262
Kitchenham,6,FAABE_NO_PEARSON,7,0.2793516218662262
Kitchenham,6,FAABE_NO_PEARSON,8,0.2793516218662262
Kitchenham,6,FAABE_NO_PEARSON,9,0.2793516218662262
Kitchenham,6,FAABE_NO_PEARSON,10,0.2793516218662262
Kitchenham,6,FAABE_NO_PEARSON,11,0.2793516218662262
Kitchenham,6,FAABE_NO_PEARSON,12,0.2793516218662262
Kitchenham,6,FAABE_NO_PEARSON,13,0.2774874269962311
Kitchenham,6,FAABE_NO_PEARSON,14,0.2774874269962311
Kitchenham,6,FAABE_NO_PEARSON,15,0.2774874269962311
Kitchenham,6,FAABE_NO_PEARSON,16,0.2774874269962311
Kitchenham,6,FAABE_NO_PEARSON,17,0.2774874269962311
Kitchenham,6,FAABE_NO_PEARSON,18,0.2774874269962311
Kitchenham,6,FAABE_NO_PEARSON,19,0.2774874269962311
Kitchenham,6,FAABE_NO_PEARSON,20,0.2774874269962311
Kitchenham,6,FAABE_NO_PEARSON,21,0.2774874269962311
Kitchenham,6,FAABE_NO_PEARSON,22,0.2774874269962311
Kitchenham,6,FAABE_NO_PEARSON,23,0.2774874269962311
Kitchenham,6,FAABE_NO_PEARSON,24,0.2774874269962311
Kitchenham,6,FAABE_NO_PEARSON,25,0.2774874269962311
Kitchenham,6,FAABE_NO_PEARSON,26,0.2774874269962311
Kitchenham,6,FAABE_NO_PEARSON,27,0.2774874269962311
Kitchenham,6,FAABE_NO_PEARSON,28,0.2774874269962311
Kitchenham,6,FAABE_NO_PEARSON,29,0.2774874269962311
Kitchenham,6,FAABE_NO_PEARSON,30,0.2774874269962311
Kitchenham,6,FAABE_NO_PEARSON,31,0.2774874269962311
Kitchenham,6,FAABE_NO_PEARSON,32,0.2774874269962311
Kitchenham,6,FAABE_NO_PEARSON,33,0.2774874269962311
Kitchenham,6,FAABE_NO_PEARSON,34,0.2774874269962311
Kitchenham,6,FAABE_NO_PEARSON,35,0.2774874269962311
Kitchenham,6,FAABE_NO_PEARSON,36,0.2774874269962311
Kitchenham,6,FAABE_NO_PEARSON,37,0.2774874269962311
Kitchenham,6,FAABE_NO_PEARSON,38,0.2774874269962311
Kitchenham,6,FAABE_NO_PEARSON,39,0.2774874269962311
Kitchenham,6,FAABE_NO_PEARSON,40,0.2774874269962311
Kitchenham,6,FAABE_NO_PEARSON,41,0.2774874269962311
Kitchenham,6,FAABE_NO_PEARSON,42,0.2774874269962311
Kitchenham,6,FAABE_NO_PEARSON,43,0.2774874269962311
Kitchenham,6,FAABE_NO_PEARSON,44,0.2774874269962311
Kitchenham,6,FAABE_NO_PEARSON,45,0.2774874269962311
Kitchenham,6,FAABE_NO_PEARSON,46,0.2774874269962311
Kitchenham,6,FAABE_NO_PEARSON,47,0.2774874269962311
Kitchenham,6,FAABE_NO_PEARSON,48,0.2774874269962311
Kitchenham,6,FAABE_NO_PEARSON,49,0.2774874269962311
Kitchenham,6,FAABE_NO_PEARSON,50,0.2774874269962311
Kitchenham,6,FAABE_NO_PEARSON,51,0.2774874269962311
Kitchenham,6,FAABE_NO_PEARSON,52,0.2774874269962311
Kitchenham,6,FAABE_NO_PEARSON,53,0.2774874269962311
Kitchenham,6,FAABE_NO_PEARSON,54,0.2774874269962311
Kitchenham,6,FAABE_NO_PEARSON,55,0.2767699062824249
Kitchenham,6,FAABE_NO_PEARSON,56,0.2767699062824249
Kitchenham,6,FAABE_NO_PEARSON,57,0.2767699062824249
Kitchenham,6,FAABE_NO_PEARSON,58,0.2756832242012024
Kitchenham,6,FAABE_NO_PEARSON,59,0.2756832242012024
Kitchenham,6,FAABE_NO_PEARSON,60,0.2756832242012024
Kitchenham,6,FAABE_NO_PEARSON,61,0.2756832242012024
Kitchenham,6,FAABE_NO_PEARSON,62,0.2756832242012024
Kitchenham,6,FAABE_NO_PEARSON,63,0.2756832242012024
Kitchenham,6,FAABE_NO_PEARSON,64,0.2756832242012024
Kitchenham,6,FAABE_NO_PEARSON,65,0.2756832242012024
Kitchenham,6,FAABE_NO_PEARSON,66,0.2756832242012024
Kitchenham,6,FAABE_NO_PEARSON,67,0.2756832242012024
Kitchenham,6,FAABE_NO_PEARSON,68,0.2756832242012024
Kitchenham,6,FAABE_NO_PEARSON,69,0.2756832242012024
Kitchenham,6,FAABE_NO_PEARSON,70,0.2756832242012024
Kitchenham,6,FAABE_NO_PEARSON,71,0.2756832242012024
Kitchenham,6,FAABE_NO_PEARSON,72,0.2756832242012024
Kitchenham,6,FAABE_NO_PEARSON,73,0.2756832242012024
Kitchenham,6,FAABE_NO_PEARSON,74,0.2756832242012024
Kitchenham,6,FAABE_NO_PEARSON,75,0.2756832242012024
Kitchenham,6,FAABE_NO_PEARSON,76,0.2756832242012024
Kitchenham,6,FAABE_NO_PEARSON,77,0.2756832242012024
Kitchenham,6,FAABE_NO_PEARSON,78,0.2756832242012024
Kitchenham,6,FAABE_NO_PEARSON,79,0.2756832242012024
Kitchenham,6,FAABE_NO_PEARSON,80,0.2756832242012024
Kitchenham,6,FAABE_NO_PEARSON,81,0.2756832242012024
Kitchenham,6,FAABE_NO_PEARSON,82,0.2756832242012024
Kitchenham,6,FAABE_NO_PEARSON,83,0.2756832242012024
Kitchenham,6,FAABE_NO_PEARSON,84,0.2756832242012024
Kitchenham,6,FAABE_NO_PEARSON,85,0.2756832242012024
Kitchenham,6,FAABE_NO_PEARSON,86,0.2756832242012024
Kitchenham,6,FAABE_NO_PEARSON,87,0.2756832242012024
Kitchenham,6,FAABE_NO_PEARSON,88,0.2756832242012024
Kitchenham,6,FAABE_NO_PEARSON,89,0.2756832242012024
Kitchenham,6,FAABE_NO_PEARSON,90,0.2756832242012024
Kitchenham,6,FAABE_NO_PEARSON,91,0.2756832242012024
Kitchenham,6,FAABE_NO_PEARSON,92,0.2756832242012024
Kitchenham,6,FAABE_NO_PEARSON,93,0.2756832242012024
Kitchenham,6,FAABE_NO_PEARSON,94,0.2756832242012024
Kitchenham,6,FAABE_NO_PEARSON,95,0.2756832242012024
Kitchenham,6,FAABE_NO_PEARSON,96,0.2756832242012024
Kitchenham,6,FAABE_NO_PEARSON,97,0.2756832242012024
Kitchenham,6,FAABE_NO_PEARSON,98,0.2756832242012024
Kitchenham,6,FAABE_NO_PEARSON,99,0.2756832242012024
Kitchenham,6,FAABE_NO_PEARSON,100,0.2756832242012024
Kitchenham,6,FAABE_NO_IWM,0,0.3138776421546936
Kitchenham,6,FAABE_NO_IWM,1,0.2914537787437439
Kitchenham,6,FAABE_NO_IWM,2,0.28485748171806335
Kitchenham,6,FAABE_NO_IWM,3,0.28485748171806335
Kitchenham,6,FAABE_NO_IWM,4,0.28485748171806335
Kitchenham,6,FAABE_NO_IWM,5,0.28485748171806335
Kitchenham,6,FAABE_NO_IWM,6,0.2834217846393585
Kitchenham,6,FAABE_NO_IWM,7,0.28235742449760437
Kitchenham,6,FAABE_NO_IWM,8,0.27211499214172363
Kitchenham,6,FAABE_NO_IWM,9,0.27211499214172363
Kitchenham,6,FAABE_NO_IWM,10,0.27211499214172363
Kitchenham,6,FAABE_NO_IWM,11,0.27211499214172363
Kitchenham,6,FAABE_NO_IWM,12,0.27211499214172363
Kitchenham,6,FAABE_NO_IWM,13,0.27211499214172363
Kitchenham,6,FAABE_NO_IWM,14,0.27211499214172363
Kitchenham,6,FAABE_NO_IWM,15,0.27211499214172363
Kitchenham,6,FAABE_NO_IWM,16,0.27211499214172363
Kitchenham,6,FAABE_NO_IWM,17,0.27211499214172363
Kitchenham,6,FAABE_NO_IWM,18,0.27211499214172363
Kitchenham,6,FAABE_NO_IWM,19,0.27211499214172363
Kitchenham,6,FAABE_NO_IWM,20,0.27211499214172363
Kitchenham,6,FAABE_NO_IWM,21,0.27211499214172363
Kitchenham,6,FAABE_NO_IWM,22,0.27211499214172363
Kitchenham,6,FAABE_NO_IWM,23,0.27211499214172363
Kitchenham,6,FAABE_NO_IWM,24,0.27211499214172363
Kitchenham,6,FAABE_NO_IWM,25,0.27211499214172363
Kitchenham,6,FAABE_NO_IWM,26,0.27211499214172363
Kitchenham,6,FAABE_NO_IWM,27,0.27211499214172363
Kitchenham,6,FAABE_NO_IWM,28,0.27211499214172363
Kitchenham,6,FAABE_NO_IWM,29,0.27211499214172363
Kitchenham,6,FAABE_NO_IWM,30,0.27211499214172363
Kitchenham,6,FAABE_NO_IWM,31,0.27211499214172363
Kitchenham,6,FAABE_NO_IWM,32,0.27211499214172363
Kitchenham,6,FAABE_NO_IWM,33,0.27211499214172363
Kitchenham,6,FAABE_NO_IWM,34,0.27211499214172363
Kitchenham,6,FAABE_NO_IWM,35,0.27211499214172363
Kitchenham,6,FAABE_NO_IWM,36,0.27211499214172363
Kitchenham,6,FAABE_NO_IWM,37,0.27211499214172363
Kitchenham,6,FAABE_NO_IWM,38,0.27211499214172363
Kitchenham,6,FAABE_NO_IWM,39,0.27211499214172363
Kitchenham,6,FAABE_NO_IWM,40,0.27211499214172363
Kitchenham,6,FAABE_NO_IWM,41,0.27211499214172363
Kitchenham,6,FAABE_NO_IWM,42,0.27211499214172363
Kitchenham,6,FAABE_NO_IWM,43,0.27211499214172363
Kitchenham,6,FAABE_NO_IWM,44,0.27211499214172363
Kitchenham,6,FAABE_NO_IWM,45,0.27211499214172363
Kitchenham,6,FAABE_NO_IWM,46,0.27211499214172363
Kitchenham,6,FAABE_NO_IWM,47,0.27211499214172363
Kitchenham,6,FAABE_NO_IWM,48,0.27211499214172363
Kitchenham,6,FAABE_NO_IWM,49,0.27211499214172363
Kitchenham,6,FAABE_NO_IWM,50,0.27211499214172363
Kitchenham,6,FAABE_NO_IWM,51,0.27211499214172363
Kitchenham,6,FAABE_NO_IWM,52,0.27211499214172363
Kitchenham,6,FAABE_NO_IWM,53,0.27211499214172363
Kitchenham,6,FAABE_NO_IWM,54,0.27211499214172363
Kitchenham,6,FAABE_NO_IWM,55,0.27211499214172363
Kitchenham,6,FAABE_NO_IWM,56,0.27211499214172363
Kitchenham,6,FAABE_NO_IWM,57,0.27211499214172363
Kitchenham,6,FAABE_NO_IWM,58,0.27211499214172363
Kitchenham,6,FAABE_NO_IWM,59,0.27211499214172363
Kitchenham,6,FAABE_NO_IWM,60,0.27211499214172363
Kitchenham,6,FAABE_NO_IWM,61,0.27211499214172363
Kitchenham,6,FAABE_NO_IWM,62,0.27211499214172363
Kitchenham,6,FAABE_NO_IWM,63,0.27211499214172363
Kitchenham,6,FAABE_NO_IWM,64,0.27211499214172363
Kitchenham,6,FAABE_NO_IWM,65,0.27211499214172363
Kitchenham,6,FAABE_NO_IWM,66,0.27211499214172363
Kitchenham,6,FAABE_NO_IWM,67,0.27211499214172363
Kitchenham,6,FAABE_NO_IWM,68,0.27211499214172363
Kitchenham,6,FAABE_NO_IWM,69,0.27211499214172363
Kitchenham,6,FAABE_NO_IWM,70,0.27211499214172363
Kitchenham,6,FAABE_NO_IWM,71,0.27211499214172363
Kitchenham,6,FAABE_NO_IWM,72,0.27211499214172363
Kitchenham,6,FAABE_NO_IWM,73,0.27211499214172363
Kitchenham,6,FAABE_NO_IWM,74,0.27211499214172363
Kitchenham,6,FAABE_NO_IWM,75,0.27211499214172363
Kitchenham,6,FAABE_NO_IWM,76,0.27211499214172363
Kitchenham,6,FAABE_NO_IWM,77,0.27211499214172363
Kitchenham,6,FAABE_NO_IWM,78,0.27211499214172363
Kitchenham,6,FAABE_NO_IWM,79,0.27211499214172363
Kitchenham,6,FAABE_NO_IWM,80,0.27211499214172363
Kitchenham,6,FAABE_NO_IWM,81,0.27211499214172363
Kitchenham,6,FAABE_NO_IWM,82,0.27211499214172363
Kitchenham,6,FAABE_NO_IWM,83,0.27211499214172363
Kitchenham,6,FAABE_NO_IWM,84,0.27211499214172363
Kitchenham,6,FAABE_NO_IWM,85,0.27211499214172363
Kitchenham,6,FAABE_NO_IWM,86,0.27211499214172363
Kitchenham,6,FAABE_NO_IWM,87,0.27211499214172363
Kitchenham,6,FAABE_NO_IWM,88,0.27211499214172363
Kitchenham,6,FAABE_NO_IWM,89,0.27211499214172363
Kitchenham,6,FAABE_NO_IWM,90,0.27211499214172363
Kitchenham,6,FAABE_NO_IWM,91,0.27211499214172363
Kitchenham,6,FAABE_NO_IWM,92,0.27211499214172363
Kitchenham,6,FAABE_NO_IWM,93,0.27211499214172363
Kitchenham,6,FAABE_NO_IWM,94,0.27211499214172363
Kitchenham,6,FAABE_NO_IWM,95,0.27211499214172363
Kitchenham,6,FAABE_NO_IWM,96,0.27211499214172363
Kitchenham,6,FAABE_NO_IWM,97,0.27211499214172363
Kitchenham,6,FAABE_NO_IWM,98,0.27211499214172363
Kitchenham,6,FAABE_NO_IWM,99,0.27211499214172363
Kitchenham,6,FAABE_NO_IWM,100,0.27211499214172363
Kitchenham,6,FAABE_FULL,0,0.37758713960647583
Kitchenham,6,FAABE_FULL,1,0.2981370687484741
Kitchenham,6,FAABE_FULL,2,0.2836042046546936
Kitchenham,6,FAABE_FULL,3,0.2836042046546936
Kitchenham,6,FAABE_FULL,4,0.2836042046546936
Kitchenham,6,FAABE_FULL,5,0.28251758217811584
Kitchenham,6,FAABE_FULL,6,0.2812928557395935
Kitchenham,6,FAABE_FULL,7,0.27774661779403687
Kitchenham,6,FAABE_FULL,8,0.27774661779403687
Kitchenham,6,FAABE_FULL,9,0.27774661779403687
Kitchenham,6,FAABE_FULL,10,0.27774661779403687
Kitchenham,6,FAABE_FULL,11,0.27774661779403687
Kitchenham,6,FAABE_FULL,12,0.27774661779403687
Kitchenham,6,FAABE_FULL,13,0.27774661779403687
Kitchenham,6,FAABE_FULL,14,0.27774661779403687
Kitchenham,6,FAABE_FULL,15,0.27774661779403687
Kitchenham,6,FAABE_FULL,16,0.27774661779403687
Kitchenham,6,FAABE_FULL,17,0.27774661779403687
Kitchenham,6,FAABE_FULL,18,0.27774661779403687
Kitchenham,6,FAABE_FULL,19,0.27774661779403687
Kitchenham,6,FAABE_FULL,20,0.27774661779403687
Kitchenham,6,FAABE_FULL,21,0.27774661779403687
Kitchenham,6,FAABE_FULL,22,0.2772068381309509
Kitchenham,6,FAABE_FULL,23,0.2772068381309509
Kitchenham,6,FAABE_FULL,24,0.2772068381309509
Kitchenham,6,FAABE_FULL,25,0.2772068381309509
Kitchenham,6,FAABE_FULL,26,0.2772068381309509
Kitchenham,6,FAABE_FULL,27,0.2772068381309509
Kitchenham,6,FAABE_FULL,28,0.2772068381309509
Kitchenham,6,FAABE_FULL,29,0.2772068381309509
Kitchenham,6,FAABE_FULL,30,0.2772068381309509
Kitchenham,6,FAABE_FULL,31,0.2772068381309509
Kitchenham,6,FAABE_FULL,32,0.2739218771457672
Kitchenham,6,FAABE_FULL,33,0.2739218771457672
Kitchenham,6,FAABE_FULL,34,0.2739218771457672
Kitchenham,6,FAABE_FULL,35,0.2739218771457672
Kitchenham,6,FAABE_FULL,36,0.2739218771457672
Kitchenham,6,FAABE_FULL,37,0.2739218771457672
Kitchenham,6,FAABE_FULL,38,0.2739218771457672
Kitchenham,6,FAABE_FULL,39,0.2739218771457672
Kitchenham,6,FAABE_FULL,40,0.2739218771457672
Kitchenham,6,FAABE_FULL,41,0.2739218771457672
Kitchenham,6,FAABE_FULL,42,0.2739218771457672
Kitchenham,6,FAABE_FULL,43,0.2739218771457672
Kitchenham,6,FAABE_FULL,44,0.2739218771457672
Kitchenham,6,FAABE_FULL,45,0.2739218771457672
Kitchenham,6,FAABE_FULL,46,0.2739218771457672
Kitchenham,6,FAABE_FULL,47,0.2739218771457672
Kitchenham,6,FAABE_FULL,48,0.2739218771457672
Kitchenham,6,FAABE_FULL,49,0.2739218771457672
Kitchenham,6,FAABE_FULL,50,0.2739218771457672
Kitchenham,6,FAABE_FULL,51,0.2739218771457672
Kitchenham,6,FAABE_FULL,52,0.2739218771457672
Kitchenham,6,FAABE_FULL,53,0.2739218771457672
Kitchenham,6,FAABE_FULL,54,0.2739218771457672
Kitchenham,6,FAABE_FULL,55,0.2739218771457672
Kitchenham,6,FAABE_FULL,56,0.2739218771457672
Kitchenham,6,FAABE_FULL,57,0.2739218771457672
Kitchenham,6,FAABE_FULL,58,0.2739218771457672
Kitchenham,6,FAABE_FULL,59,0.2739218771457672
Kitchenham,6,FAABE_FULL,60,0.2739218771457672
Kitchenham,6,FAABE_FULL,61,0.2739218771457672
Kitchenham,6,FAABE_FULL,62,0.2739218771457672
Kitchenham,6,FAABE_FULL,63,0.2739218771457672
Kitchenham,6,FAABE_FULL,64,0.2739218771457672
Kitchenham,6,FAABE_FULL,65,0.2739218771457672
Kitchenham,6,FAABE_FULL,66,0.2739218771457672
Kitchenham,6,FAABE_FULL,67,0.2739218771457672
Kitchenham,6,FAABE_FULL,68,0.27350401878356934
Kitchenham,6,FAABE_FULL,69,0.27350401878356934
Kitchenham,6,FAABE_FULL,70,0.27350401878356934
Kitchenham,6,FAABE_FULL,71,0.27350401878356934
Kitchenham,6,FAABE_FULL,72,0.27350401878356934
Kitchenham,6,FAABE_FULL,73,0.27350401878356934
Kitchenham,6,FAABE_FULL,74,0.27350401878356934
Kitchenham,6,FAABE_FULL,75,0.27350401878356934
Kitchenham,6,FAABE_FULL,76,0.27350401878356934
Kitchenham,6,FAABE_FULL,77,0.27350401878356934
Kitchenham,6,FAABE_FULL,78,0.27350401878356934
Kitchenham,6,FAABE_FULL,79,0.27350401878356934
Kitchenham,6,FAABE_FULL,80,0.27350401878356934
Kitchenham,6,FAABE_FULL,81,0.27350401878356934
Kitchenham,6,FAABE_FULL,82,0.27350401878356934
Kitchenham,6,FAABE_FULL,83,0.27350401878356934
Kitchenham,6,FAABE_FULL,84,0.27350401878356934
Kitchenham,6,FAABE_FULL,85,0.27350401878356934
Kitchenham,6,FAABE_FULL,86,0.27350401878356934
Kitchenham,6,FAABE_FULL,87,0.27350401878356934
Kitchenham,6,FAABE_FULL,88,0.27350401878356934
Kitchenham,6,FAABE_FULL,89,0.27350401878356934
Kitchenham,6,FAABE_FULL,90,0.27350401878356934
Kitchenham,6,FAABE_FULL,91,0.27350401878356934
Kitchenham,6,FAABE_FULL,92,0.27350401878356934
Kitchenham,6,FAABE_FULL,93,0.27350401878356934
Kitchenham,6,FAABE_FULL,94,0.27350401878356934
Kitchenham,6,FAABE_FULL,95,0.27350401878356934
Kitchenham,6,FAABE_FULL,96,0.27350401878356934
Kitchenham,6,FAABE_FULL,97,0.27350401878356934
Kitchenham,6,FAABE_FULL,98,0.27350401878356934
Kitchenham,6,FAABE_FULL,99,0.27350401878356934
Kitchenham,6,FAABE_FULL,100,0.27350401878356934
Kitchenham,7,FAABE_NO_PEARSON,0,0.39607593417167664
Kitchenham,7,FAABE_NO_PEARSON,1,0.2939606308937073
Kitchenham,7,FAABE_NO_PEARSON,2,0.2772473692893982
Kitchenham,7,FAABE_NO_PEARSON,3,0.26953038573265076
Kitchenham,7,FAABE_NO_PEARSON,4,0.2677781283855438
Kitchenham,7,FAABE_NO_PEARSON,5,0.2677781283855438
Kitchenham,7,FAABE_NO_PEARSON,6,0.2677781283855438
Kitchenham,7,FAABE_NO_PEARSON,7,0.26738592982292175
Kitchenham,7,FAABE_NO_PEARSON,8,0.26738592982292175
Kitchenham,7,FAABE_NO_PEARSON,9,0.26738592982292175
Kitchenham,7,FAABE_NO_PEARSON,10,0.26738592982292175
Kitchenham,7,FAABE_NO_PEARSON,11,0.26738592982292175
Kitchenham,7,FAABE_NO_PEARSON,12,0.26738592982292175
Kitchenham,7,FAABE_NO_PEARSON,13,0.26738592982292175
Kitchenham,7,FAABE_NO_PEARSON,14,0.26140010356903076
Kitchenham,7,FAABE_NO_PEARSON,15,0.26140010356903076
Kitchenham,7,FAABE_NO_PEARSON,16,0.2609521746635437
Kitchenham,7,FAABE_NO_PEARSON,17,0.2609521746635437
Kitchenham,7,FAABE_NO_PEARSON,18,0.2609521746635437
Kitchenham,7,FAABE_NO_PEARSON,19,0.2609521746635437
Kitchenham,7,FAABE_NO_PEARSON,20,0.2609521746635437
Kitchenham,7,FAABE_NO_PEARSON,21,0.2609521746635437
Kitchenham,7,FAABE_NO_PEARSON,22,0.26011550426483154
Kitchenham,7,FAABE_NO_PEARSON,23,0.26011550426483154
Kitchenham,7,FAABE_NO_PEARSON,24,0.26011550426483154
Kitchenham,7,FAABE_NO_PEARSON,25,0.258829265832901
Kitchenham,7,FAABE_NO_PEARSON,26,0.258829265832901
Kitchenham,7,FAABE_NO_PEARSON,27,0.258829265832901
Kitchenham,7,FAABE_NO_PEARSON,28,0.258829265832901
Kitchenham,7,FAABE_NO_PEARSON,29,0.258829265832901
Kitchenham,7,FAABE_NO_PEARSON,30,0.258829265832901
Kitchenham,7,FAABE_NO_PEARSON,31,0.258829265832901
Kitchenham,7,FAABE_NO_PEARSON,32,0.258829265832901
Kitchenham,7,FAABE_NO_PEARSON,33,0.258829265832901
Kitchenham,7,FAABE_NO_PEARSON,34,0.258829265832901
Kitchenham,7,FAABE_NO_PEARSON,35,0.258829265832901
Kitchenham,7,FAABE_NO_PEARSON,36,0.258829265832901
Kitchenham,7,FAABE_NO_PEARSON,37,0.258829265832901
Kitchenham,7,FAABE_NO_PEARSON,38,0.258829265832901
Kitchenham,7,FAABE_NO_PEARSON,39,0.258829265832901
Kitchenham,7,FAABE_NO_PEARSON,40,0.258829265832901
Kitchenham,7,FAABE_NO_PEARSON,41,0.258829265832901
Kitchenham,7,FAABE_NO_PEARSON,42,0.258829265832901
Kitchenham,7,FAABE_NO_PEARSON,43,0.258829265832901
Kitchenham,7,FAABE_NO_PEARSON,44,0.258829265832901
Kitchenham,7,FAABE_NO_PEARSON,45,0.258829265832901
Kitchenham,7,FAABE_NO_PEARSON,46,0.258829265832901
Kitchenham,7,FAABE_NO_PEARSON,47,0.258829265832901
Kitchenham,7,FAABE_NO_PEARSON,48,0.258829265832901
Kitchenham,7,FAABE_NO_PEARSON,49,0.258829265832901
Kitchenham,7,FAABE_NO_PEARSON,50,0.258829265832901
Kitchenham,7,FAABE_NO_PEARSON,51,0.258829265832901
Kitchenham,7,FAABE_NO_PEARSON,52,0.258829265832901
Kitchenham,7,FAABE_NO_PEARSON,53,0.25869041681289673
Kitchenham,7,FAABE_NO_PEARSON,54,0.25869041681289673
Kitchenham,7,FAABE_NO_PEARSON,55,0.25869041681289673
Kitchenham,7,FAABE_NO_PEARSON,56,0.25869041681289673
Kitchenham,7,FAABE_NO_PEARSON,57,0.25869041681289673
Kitchenham,7,FAABE_NO_PEARSON,58,0.25869041681289673
Kitchenham,7,FAABE_NO_PEARSON,59,0.25869041681289673
Kitchenham,7,FAABE_NO_PEARSON,60,0.25869041681289673
Kitchenham,7,FAABE_NO_PEARSON,61,0.25869041681289673
Kitchenham,7,FAABE_NO_PEARSON,62,0.25869041681289673
Kitchenham,7,FAABE_NO_PEARSON,63,0.25869041681289673
Kitchenham,7,FAABE_NO_PEARSON,64,0.25869041681289673
Kitchenham,7,FAABE_NO_PEARSON,65,0.25869041681289673
Kitchenham,7,FAABE_NO_PEARSON,66,0.25869041681289673
Kitchenham,7,FAABE_NO_PEARSON,67,0.25869041681289673
Kitchenham,7,FAABE_NO_PEARSON,68,0.25869041681289673
Kitchenham,7,FAABE_NO_PEARSON,69,0.25869041681289673
Kitchenham,7,FAABE_NO_PEARSON,70,0.25869041681289673
Kitchenham,7,FAABE_NO_PEARSON,71,0.25869041681289673
Kitchenham,7,FAABE_NO_PEARSON,72,0.2585907578468323
Kitchenham,7,FAABE_NO_PEARSON,73,0.2585907578468323
Kitchenham,7,FAABE_NO_PEARSON,74,0.2585907578468323
Kitchenham,7,FAABE_NO_PEARSON,75,0.2585907578468323
Kitchenham,7,FAABE_NO_PEARSON,76,0.2585907578468323
Kitchenham,7,FAABE_NO_PEARSON,77,0.2585907578468323
Kitchenham,7,FAABE_NO_PEARSON,78,0.2585907578468323
Kitchenham,7,FAABE_NO_PEARSON,79,0.2585907578468323
Kitchenham,7,FAABE_NO_PEARSON,80,0.2585907578468323
Kitchenham,7,FAABE_NO_PEARSON,81,0.2585907578468323
Kitchenham,7,FAABE_NO_PEARSON,82,0.2585907578468323
Kitchenham,7,FAABE_NO_PEARSON,83,0.2585907578468323
Kitchenham,7,FAABE_NO_PEARSON,84,0.2585907578468323
Kitchenham,7,FAABE_NO_PEARSON,85,0.2585907578468323
Kitchenham,7,FAABE_NO_PEARSON,86,0.2585907578468323
Kitchenham,7,FAABE_NO_PEARSON,87,0.2585907578468323
Kitchenham,7,FAABE_NO_PEARSON,88,0.2585907578468323
Kitchenham,7,FAABE_NO_PEARSON,89,0.2585907578468323
Kitchenham,7,FAABE_NO_PEARSON,90,0.2585907578468323
Kitchenham,7,FAABE_NO_PEARSON,91,0.2585907578468323
Kitchenham,7,FAABE_NO_PEARSON,92,0.2585907578468323
Kitchenham,7,FAABE_NO_PEARSON,93,0.2585907578468323
Kitchenham,7,FAABE_NO_PEARSON,94,0.2585907578468323
Kitchenham,7,FAABE_NO_PEARSON,95,0.2585907578468323
Kitchenham,7,FAABE_NO_PEARSON,96,0.2585907578468323
Kitchenham,7,FAABE_NO_PEARSON,97,0.2585907578468323
Kitchenham,7,FAABE_NO_PEARSON,98,0.2585907578468323
Kitchenham,7,FAABE_NO_PEARSON,99,0.2585907578468323
Kitchenham,7,FAABE_NO_PEARSON,100,0.2585907578468323
Kitchenham,7,FAABE_NO_IWM,0,0.3608800768852234
Kitchenham,7,FAABE_NO_IWM,1,0.29982519149780273
Kitchenham,7,FAABE_NO_IWM,2,0.2949528098106384
Kitchenham,7,FAABE_NO_IWM,3,0.28306514024734497
Kitchenham,7,FAABE_NO_IWM,4,0.27184104919433594
Kitchenham,7,FAABE_NO_IWM,5,0.27184104919433594
Kitchenham,7,FAABE_NO_IWM,6,0.26340800523757935
Kitchenham,7,FAABE_NO_IWM,7,0.26340800523757935
Kitchenham,7,FAABE_NO_IWM,8,0.26317906379699707
Kitchenham,7,FAABE_NO_IWM,9,0.26317906379699707
Kitchenham,7,FAABE_NO_IWM,10,0.2627590298652649
Kitchenham,7,FAABE_NO_IWM,11,0.2627590298652649
Kitchenham,7,FAABE_NO_IWM,12,0.2627590298652649
Kitchenham,7,FAABE_NO_IWM,13,0.2627590298652649
Kitchenham,7,FAABE_NO_IWM,14,0.2627590298652649
Kitchenham,7,FAABE_NO_IWM,15,0.2627590298652649
Kitchenham,7,FAABE_NO_IWM,16,0.2627045810222626
Kitchenham,7,FAABE_NO_IWM,17,0.2627045810222626
Kitchenham,7,FAABE_NO_IWM,18,0.2627045810222626
Kitchenham,7,FAABE_NO_IWM,19,0.2627045810222626
Kitchenham,7,FAABE_NO_IWM,20,0.2627045810222626
Kitchenham,7,FAABE_NO_IWM,21,0.2627045810222626
Kitchenham,7,FAABE_NO_IWM,22,0.2627045810222626
Kitchenham,7,FAABE_NO_IWM,23,0.2627045810222626
Kitchenham,7,FAABE_NO_IWM,24,0.2627045810222626
Kitchenham,7,FAABE_NO_IWM,25,0.2627045810222626
Kitchenham,7,FAABE_NO_IWM,26,0.2627045810222626
Kitchenham,7,FAABE_NO_IWM,27,0.2627045810222626
Kitchenham,7,FAABE_NO_IWM,28,0.2627045810222626
Kitchenham,7,FAABE_NO_IWM,29,0.2627045810222626
Kitchenham,7,FAABE_NO_IWM,30,0.2627045810222626
Kitchenham,7,FAABE_NO_IWM,31,0.2627045810222626
Kitchenham,7,FAABE_NO_IWM,32,0.2627045810222626
Kitchenham,7,FAABE_NO_IWM,33,0.2627045810222626
Kitchenham,7,FAABE_NO_IWM,34,0.2627045810222626
Kitchenham,7,FAABE_NO_IWM,35,0.2627045810222626
Kitchenham,7,FAABE_NO_IWM,36,0.2627045810222626
Kitchenham,7,FAABE_NO_IWM,37,0.2627045810222626
Kitchenham,7,FAABE_NO_IWM,38,0.2627045810222626
Kitchenham,7,FAABE_NO_IWM,39,0.2627045810222626
Kitchenham,7,FAABE_NO_IWM,40,0.2627045810222626
Kitchenham,7,FAABE_NO_IWM,41,0.2627045810222626
Kitchenham,7,FAABE_NO_IWM,42,0.2627045810222626
Kitchenham,7,FAABE_NO_IWM,43,0.2627045810222626
Kitchenham,7,FAABE_NO_IWM,44,0.2627045810222626
Kitchenham,7,FAABE_NO_IWM,45,0.2627045810222626
Kitchenham,7,FAABE_NO_IWM,46,0.2627045810222626
Kitchenham,7,FAABE_NO_IWM,47,0.2627045810222626
Kitchenham,7,FAABE_NO_IWM,48,0.2627045810222626
Kitchenham,7,FAABE_NO_IWM,49,0.2627045810222626
Kitchenham,7,FAABE_NO_IWM,50,0.2627045810222626
Kitchenham,7,FAABE_NO_IWM,51,0.2627045810222626
Kitchenham,7,FAABE_NO_IWM,52,0.2627045810222626
Kitchenham,7,FAABE_NO_IWM,53,0.2627045810222626
Kitchenham,7,FAABE_NO_IWM,54,0.2627045810222626
Kitchenham,7,FAABE_NO_IWM,55,0.26227501034736633
Kitchenham,7,FAABE_NO_IWM,56,0.26227501034736633
Kitchenham,7,FAABE_NO_IWM,57,0.26227501034736633
Kitchenham,7,FAABE_NO_IWM,58,0.26227501034736633
Kitchenham,7,FAABE_NO_IWM,59,0.26227501034736633
Kitchenham,7,FAABE_NO_IWM,60,0.26227501034736633
Kitchenham,7,FAABE_NO_IWM,61,0.26227501034736633
Kitchenham,7,FAABE_NO_IWM,62,0.26227501034736633
Kitchenham,7,FAABE_NO_IWM,63,0.26227501034736633
Kitchenham,7,FAABE_NO_IWM,64,0.2612968385219574
Kitchenham,7,FAABE_NO_IWM,65,0.2612968385219574
Kitchenham,7,FAABE_NO_IWM,66,0.2612968385219574
Kitchenham,7,FAABE_NO_IWM,67,0.2601648271083832
Kitchenham,7,FAABE_NO_IWM,68,0.2595974802970886
Kitchenham,7,FAABE_NO_IWM,69,0.2595974802970886
Kitchenham,7,FAABE_NO_IWM,70,0.2595974802970886
Kitchenham,7,FAABE_NO_IWM,71,0.2595974802970886
Kitchenham,7,FAABE_NO_IWM,72,0.2595974802970886
Kitchenham,7,FAABE_NO_IWM,73,0.2595974802970886
Kitchenham,7,FAABE_NO_IWM,74,0.2595974802970886
Kitchenham,7,FAABE_NO_IWM,75,0.2595974802970886
Kitchenham,7,FAABE_NO_IWM,76,0.2595974802970886
Kitchenham,7,FAABE_NO_IWM,77,0.2595974802970886
Kitchenham,7,FAABE_NO_IWM,78,0.2595974802970886
Kitchenham,7,FAABE_NO_IWM,79,0.2595974802970886
Kitchenham,7,FAABE_NO_IWM,80,0.2595974802970886
Kitchenham,7,FAABE_NO_IWM,81,0.2595974802970886
Kitchenham,7,FAABE_NO_IWM,82,0.2595974802970886
Kitchenham,7,FAABE_NO_IWM,83,0.2595974802970886
Kitchenham,7,FAABE_NO_IWM,84,0.2595974802970886
Kitchenham,7,FAABE_NO_IWM,85,0.2595974802970886
Kitchenham,7,FAABE_NO_IWM,86,0.2595974802970886
Kitchenham,7,FAABE_NO_IWM,87,0.2595974802970886
Kitchenham,7,FAABE_NO_IWM,88,0.2595974802970886
Kitchenham,7,FAABE_NO_IWM,89,0.2595974802970886
Kitchenham,7,FAABE_NO_IWM,90,0.2595974802970886
Kitchenham,7,FAABE_NO_IWM,91,0.2595974802970886
Kitchenham,7,FAABE_NO_IWM,92,0.2595974802970886
Kitchenham,7,FAABE_NO_IWM,93,0.2595974802970886
Kitchenham,7,FAABE_NO_IWM,94,0.2595974802970886
Kitchenham,7,FAABE_NO_IWM,95,0.2595974802970886
Kitchenham,7,FAABE_NO_IWM,96,0.2595974802970886
Kitchenham,7,FAABE_NO_IWM,97,0.2595974802970886
Kitchenham,7,FAABE_NO_IWM,98,0.2595974802970886
Kitchenham,7,FAABE_NO_IWM,99,0.2595974802970886
Kitchenham,7,FAABE_NO_IWM,100,0.2595974802970886
Kitchenham,7,FAABE_FULL,0,0.33276936411857605
Kitchenham,7,FAABE_FULL,1,0.27631640434265137
Kitchenham,7,FAABE_FULL,2,0.2606791853904724
Kitchenham,7,FAABE_FULL,3,0.2606791853904724
Kitchenham,7,FAABE_FULL,4,0.2606791853904724
Kitchenham,7,FAABE_FULL,5,0.2600371837615967
Kitchenham,7,FAABE_FULL,6,0.2600371837615967
Kitchenham,7,FAABE_FULL,7,0.2600371837615967
Kitchenham,7,FAABE_FULL,8,0.2600371837615967
Kitchenham,7,FAABE_FULL,9,0.2600371837615967
Kitchenham,7,FAABE_FULL,10,0.2600371837615967
Kitchenham,7,FAABE_FULL,11,0.2600371837615967
Kitchenham,7,FAABE_FULL,12,0.2600371837615967
Kitchenham,7,FAABE_FULL,13,0.2600371837615967
Kitchenham,7,FAABE_FULL,14,0.2600371837615967
Kitchenham,7,FAABE_FULL,15,0.2600371837615967
Kitchenham,7,FAABE_FULL,16,0.2600371837615967
Kitchenham,7,FAABE_FULL,17,0.2600371837615967
Kitchenham,7,FAABE_FULL,18,0.2600371837615967
Kitchenham,7,FAABE_FULL,19,0.25970402359962463
Kitchenham,7,FAABE_FULL,20,0.25970402359962463
Kitchenham,7,FAABE_FULL,21,0.25970402359962463
Kitchenham,7,FAABE_FULL,22,0.25970402359962463
Kitchenham,7,FAABE_FULL,23,0.25970402359962463
Kitchenham,7,FAABE_FULL,24,0.25970402359962463
Kitchenham,7,FAABE_FULL,25,0.25970402359962463
Kitchenham,7,FAABE_FULL,26,0.25970402359962463
Kitchenham,7,FAABE_FULL,27,0.25970402359962463
Kitchenham,7,FAABE_FULL,28,0.25970402359962463
Kitchenham,7,FAABE_FULL,29,0.25970402359962463
Kitchenham,7,FAABE_FULL,30,0.25970402359962463
Kitchenham,7,FAABE_FULL,31,0.25970402359962463
Kitchenham,7,FAABE_FULL,32,0.25970402359962463
Kitchenham,7,FAABE_FULL,33,0.25970402359962463
Kitchenham,7,FAABE_FULL,34,0.25970402359962463
Kitchenham,7,FAABE_FULL,35,0.25970402359962463
Kitchenham,7,FAABE_FULL,36,0.25970402359962463
Kitchenham,7,FAABE_FULL,37,0.25896790623664856
Kitchenham,7,FAABE_FULL,38,0.25896790623664856
Kitchenham,7,FAABE_FULL,39,0.25896790623664856
Kitchenham,7,FAABE_FULL,40,0.25896790623664856
Kitchenham,7,FAABE_FULL,41,0.25896790623664856
Kitchenham,7,FAABE_FULL,42,0.25896790623664856
Kitchenham,7,FAABE_FULL,43,0.25896790623664856
Kitchenham,7,FAABE_FULL,44,0.25896790623664856
Kitchenham,7,FAABE_FULL,45,0.25896790623664856
Kitchenham,7,FAABE_FULL,46,0.25896790623664856
Kitchenham,7,FAABE_FULL,47,0.25896790623664856
Kitchenham,7,FAABE_FULL,48,0.25896790623664856
Kitchenham,7,FAABE_FULL,49,0.25896790623664856
Kitchenham,7,FAABE_FULL,50,0.25896790623664856
Kitchenham,7,FAABE_FULL,51,0.25896790623664856
Kitchenham,7,FAABE_FULL,52,0.25896790623664856
Kitchenham,7,FAABE_FULL,53,0.25896790623664856
Kitchenham,7,FAABE_FULL,54,0.25896790623664856
Kitchenham,7,FAABE_FULL,55,0.25896790623664856
Kitchenham,7,FAABE_FULL,56,0.25896790623664856
Kitchenham,7,FAABE_FULL,57,0.25896790623664856
Kitchenham,7,FAABE_FULL,58,0.25896790623664856
Kitchenham,7,FAABE_FULL,59,0.25896790623664856
Kitchenham,7,FAABE_FULL,60,0.25896790623664856
Kitchenham,7,FAABE_FULL,61,0.25896790623664856
Kitchenham,7,FAABE_FULL,62,0.25896790623664856
Kitchenham,7,FAABE_FULL,63,0.25896790623664856
Kitchenham,7,FAABE_FULL,64,0.25896790623664856
Kitchenham,7,FAABE_FULL,65,0.25896790623664856
Kitchenham,7,FAABE_FULL,66,0.25896790623664856
Kitchenham,7,FAABE_FULL,67,0.25896790623664856
Kitchenham,7,FAABE_FULL,68,0.25896790623664856
Kitchenham,7,FAABE_FULL,69,0.25896790623664856
Kitchenham,7,FAABE_FULL,70,0.25896790623664856
Kitchenham,7,FAABE_FULL,71,0.25896790623664856
Kitchenham,7,FAABE_FULL,72,0.25896790623664856
Kitchenham,7,FAABE_FULL,73,0.25896790623664856
Kitchenham,7,FAABE_FULL,74,0.25896790623664856
Kitchenham,7,FAABE_FULL,75,0.25896790623664856
Kitchenham,7,FAABE_FULL,76,0.25882256031036377
Kitchenham,7,FAABE_FULL,77,0.25882256031036377
Kitchenham,7,FAABE_FULL,78,0.25882256031036377
Kitchenham,7,FAABE_FULL,79,0.25882256031036377
Kitchenham,7,FAABE_FULL,80,0.25882256031036377
Kitchenham,7,FAABE_FULL,81,0.25882256031036377
Kitchenham,7,FAABE_FULL,82,0.25882256031036377
Kitchenham,7,FAABE_FULL,83,0.25882256031036377
Kitchenham,7,FAABE_FULL,84,0.25882256031036377
Kitchenham,7,FAABE_FULL,85,0.25882256031036377
Kitchenham,7,FAABE_FULL,86,0.25882256031036377
Kitchenham,7,FAABE_FULL,87,0.25882256031036377
Kitchenham,7,FAABE_FULL,88,0.25882256031036377
Kitchenham,7,FAABE_FULL,89,0.25882256031036377
Kitchenham,7,FAABE_FULL,90,0.25882256031036377
Kitchenham,7,FAABE_FULL,91,0.25882256031036377
Kitchenham,7,FAABE_FULL,92,0.25882256031036377
Kitchenham,7,FAABE_FULL,93,0.25882256031036377
Kitchenham,7,FAABE_FULL,94,0.25882256031036377
Kitchenham,7,FAABE_FULL,95,0.25882256031036377
Kitchenham,7,FAABE_FULL,96,0.25882256031036377
Kitchenham,7,FAABE_FULL,97,0.25882256031036377
Kitchenham,7,FAABE_FULL,98,0.25882256031036377
Kitchenham,7,FAABE_FULL,99,0.25882256031036377
Kitchenham,7,FAABE_FULL,100,0.25882256031036377
Kitchenham,8,FAABE_NO_PEARSON,0,0.37377867102622986
Kitchenham,8,FAABE_NO_PEARSON,1,0.3330451548099518
Kitchenham,8,FAABE_NO_PEARSON,2,0.2803806662559509
Kitchenham,8,FAABE_NO_PEARSON,3,0.26750054955482483
Kitchenham,8,FAABE_NO_PEARSON,4,0.2653900682926178
Kitchenham,8,FAABE_NO_PEARSON,5,0.2653900682926178
Kitchenham,8,FAABE_NO_PEARSON,6,0.2653900682926178
Kitchenham,8,FAABE_NO_PEARSON,7,0.2653900682926178
Kitchenham,8,FAABE_NO_PEARSON,8,0.2653900682926178
Kitchenham,8,FAABE_NO_PEARSON,9,0.2653900682926178
Kitchenham,8,FAABE_NO_PEARSON,10,0.2653900682926178
Kitchenham,8,FAABE_NO_PEARSON,11,0.2653900682926178
Kitchenham,8,FAABE_NO_PEARSON,12,0.2653900682926178
Kitchenham,8,FAABE_NO_PEARSON,13,0.2653900682926178
Kitchenham,8,FAABE_NO_PEARSON,14,0.2653900682926178
Kitchenham,8,FAABE_NO_PEARSON,15,0.2653900682926178
Kitchenham,8,FAABE_NO_PEARSON,16,0.2653900682926178
Kitchenham,8,FAABE_NO_PEARSON,17,0.2653900682926178
Kitchenham,8,FAABE_NO_PEARSON,18,0.2653900682926178
Kitchenham,8,FAABE_NO_PEARSON,19,0.2653900682926178
Kitchenham,8,FAABE_NO_PEARSON,20,0.2653900682926178
Kitchenham,8,FAABE_NO_PEARSON,21,0.2653900682926178
Kitchenham,8,FAABE_NO_PEARSON,22,0.2653900682926178
Kitchenham,8,FAABE_NO_PEARSON,23,0.2653900682926178
Kitchenham,8,FAABE_NO_PEARSON,24,0.2653900682926178
Kitchenham,8,FAABE_NO_PEARSON,25,0.2653900682926178
Kitchenham,8,FAABE_NO_PEARSON,26,0.2653900682926178
Kitchenham,8,FAABE_NO_PEARSON,27,0.2653900682926178
Kitchenham,8,FAABE_NO_PEARSON,28,0.2653900682926178
Kitchenham,8,FAABE_NO_PEARSON,29,0.2653900682926178
Kitchenham,8,FAABE_NO_PEARSON,30,0.2653900682926178
Kitchenham,8,FAABE_NO_PEARSON,31,0.2653900682926178
Kitchenham,8,FAABE_NO_PEARSON,32,0.2653900682926178
Kitchenham,8,FAABE_NO_PEARSON,33,0.2653900682926178
Kitchenham,8,FAABE_NO_PEARSON,34,0.2653900682926178
Kitchenham,8,FAABE_NO_PEARSON,35,0.2653900682926178
Kitchenham,8,FAABE_NO_PEARSON,36,0.2653900682926178
Kitchenham,8,FAABE_NO_PEARSON,37,0.2653900682926178
Kitchenham,8,FAABE_NO_PEARSON,38,0.2653900682926178
Kitchenham,8,FAABE_NO_PEARSON,39,0.2653900682926178
Kitchenham,8,FAABE_NO_PEARSON,40,0.2653900682926178
Kitchenham,8,FAABE_NO_PEARSON,41,0.2653900682926178
Kitchenham,8,FAABE_NO_PEARSON,42,0.2653900682926178
Kitchenham,8,FAABE_NO_PEARSON,43,0.2653900682926178
Kitchenham,8,FAABE_NO_PEARSON,44,0.2653900682926178
Kitchenham,8,FAABE_NO_PEARSON,45,0.2638798952102661
Kitchenham,8,FAABE_NO_PEARSON,46,0.2638798952102661
Kitchenham,8,FAABE_NO_PEARSON,47,0.2638798952102661
Kitchenham,8,FAABE_NO_PEARSON,48,0.2638798952102661
Kitchenham,8,FAABE_NO_PEARSON,49,0.2638798952102661
Kitchenham,8,FAABE_NO_PEARSON,50,0.2638798952102661
Kitchenham,8,FAABE_NO_PEARSON,51,0.2638798952102661
Kitchenham,8,FAABE_NO_PEARSON,52,0.2638798952102661
Kitchenham,8,FAABE_NO_PEARSON,53,0.2638798952102661
Kitchenham,8,FAABE_NO_PEARSON,54,0.2638798952102661
Kitchenham,8,FAABE_NO_PEARSON,55,0.2638798952102661
Kitchenham,8,FAABE_NO_PEARSON,56,0.2638798952102661
Kitchenham,8,FAABE_NO_PEARSON,57,0.2638798952102661
Kitchenham,8,FAABE_NO_PEARSON,58,0.2638798952102661
Kitchenham,8,FAABE_NO_PEARSON,59,0.2638798952102661
Kitchenham,8,FAABE_NO_PEARSON,60,0.2638798952102661
Kitchenham,8,FAABE_NO_PEARSON,61,0.2638798952102661
Kitchenham,8,FAABE_NO_PEARSON,62,0.2638798952102661
Kitchenham,8,FAABE_NO_PEARSON,63,0.2638798952102661
Kitchenham,8,FAABE_NO_PEARSON,64,0.2638798952102661
Kitchenham,8,FAABE_NO_PEARSON,65,0.2638798952102661
Kitchenham,8,FAABE_NO_PEARSON,66,0.2638798952102661
Kitchenham,8,FAABE_NO_PEARSON,67,0.2638798952102661
Kitchenham,8,FAABE_NO_PEARSON,68,0.2638798952102661
Kitchenham,8,FAABE_NO_PEARSON,69,0.2638798952102661
Kitchenham,8,FAABE_NO_PEARSON,70,0.2638798952102661
Kitchenham,8,FAABE_NO_PEARSON,71,0.2638798952102661
Kitchenham,8,FAABE_NO_PEARSON,72,0.2638798952102661
Kitchenham,8,FAABE_NO_PEARSON,73,0.2638798952102661
Kitchenham,8,FAABE_NO_PEARSON,74,0.2638798952102661
Kitchenham,8,FAABE_NO_PEARSON,75,0.2638798952102661
Kitchenham,8,FAABE_NO_PEARSON,76,0.2638798952102661
Kitchenham,8,FAABE_NO_PEARSON,77,0.2638798952102661
Kitchenham,8,FAABE_NO_PEARSON,78,0.2638798952102661
Kitchenham,8,FAABE_NO_PEARSON,79,0.2638798952102661
Kitchenham,8,FAABE_NO_PEARSON,80,0.2638798952102661
Kitchenham,8,FAABE_NO_PEARSON,81,0.2638798952102661
Kitchenham,8,FAABE_NO_PEARSON,82,0.2638798952102661
Kitchenham,8,FAABE_NO_PEARSON,83,0.2638798952102661
Kitchenham,8,FAABE_NO_PEARSON,84,0.2638798952102661
Kitchenham,8,FAABE_NO_PEARSON,85,0.2638798952102661
Kitchenham,8,FAABE_NO_PEARSON,86,0.2638798952102661
Kitchenham,8,FAABE_NO_PEARSON,87,0.2638798952102661
Kitchenham,8,FAABE_NO_PEARSON,88,0.2638798952102661
Kitchenham,8,FAABE_NO_PEARSON,89,0.2638798952102661
Kitchenham,8,FAABE_NO_PEARSON,90,0.2638798952102661
Kitchenham,8,FAABE_NO_PEARSON,91,0.2638798952102661
Kitchenham,8,FAABE_NO_PEARSON,92,0.2638798952102661
Kitchenham,8,FAABE_NO_PEARSON,93,0.2638798952102661
Kitchenham,8,FAABE_NO_PEARSON,94,0.2638798952102661
Kitchenham,8,FAABE_NO_PEARSON,95,0.2638798952102661
Kitchenham,8,FAABE_NO_PEARSON,96,0.2638798952102661
Kitchenham,8,FAABE_NO_PEARSON,97,0.2638798952102661
Kitchenham,8,FAABE_NO_PEARSON,98,0.2638798952102661
Kitchenham,8,FAABE_NO_PEARSON,99,0.2638798952102661
Kitchenham,8,FAABE_NO_PEARSON,100,0.2638798952102661
Kitchenham,8,FAABE_NO_IWM,0,0.357351690530777
Kitchenham,8,FAABE_NO_IWM,1,0.3148331344127655
Kitchenham,8,FAABE_NO_IWM,2,0.2691325545310974
Kitchenham,8,FAABE_NO_IWM,3,0.2691325545310974
Kitchenham,8,FAABE_NO_IWM,4,0.2665441334247589
Kitchenham,8,FAABE_NO_IWM,5,0.2665441334247589
Kitchenham,8,FAABE_NO_IWM,6,0.2665441334247589
Kitchenham,8,FAABE_NO_IWM,7,0.2665441334247589
Kitchenham,8,FAABE_NO_IWM,8,0.2665441334247589
Kitchenham,8,FAABE_NO_IWM,9,0.2665441334247589
Kitchenham,8,FAABE_NO_IWM,10,0.2665441334247589
Kitchenham,8,FAABE_NO_IWM,11,0.2665441334247589
Kitchenham,8,FAABE_NO_IWM,12,0.2665441334247589
Kitchenham,8,FAABE_NO_IWM,13,0.2665441334247589
Kitchenham,8,FAABE_NO_IWM,14,0.2665441334247589
Kitchenham,8,FAABE_NO_IWM,15,0.2665441334247589
Kitchenham,8,FAABE_NO_IWM,16,0.2665441334247589
Kitchenham,8,FAABE_NO_IWM,17,0.2665441334247589
Kitchenham,8,FAABE_NO_IWM,18,0.2665441334247589
Kitchenham,8,FAABE_NO_IWM,19,0.26609674096107483
Kitchenham,8,FAABE_NO_IWM,20,0.26609674096107483
Kitchenham,8,FAABE_NO_IWM,21,0.26609674096107483
Kitchenham,8,FAABE_NO_IWM,22,0.26609674096107483
Kitchenham,8,FAABE_NO_IWM,23,0.26609674096107483
Kitchenham,8,FAABE_NO_IWM,24,0.26609674096107483
Kitchenham,8,FAABE_NO_IWM,25,0.26609674096107483
Kitchenham,8,FAABE_NO_IWM,26,0.26609674096107483
Kitchenham,8,FAABE_NO_IWM,27,0.26609674096107483
Kitchenham,8,FAABE_NO_IWM,28,0.26609674096107483
Kitchenham,8,FAABE_NO_IWM,29,0.26609674096107483
Kitchenham,8,FAABE_NO_IWM,30,0.26609674096107483
Kitchenham,8,FAABE_NO_IWM,31,0.26609674096107483
Kitchenham,8,FAABE_NO_IWM,32,0.2609638273715973
Kitchenham,8,FAABE_NO_IWM,33,0.2609638273715973
Kitchenham,8,FAABE_NO_IWM,34,0.2609638273715973
Kitchenham,8,FAABE_NO_IWM,35,0.2609638273715973
Kitchenham,8,FAABE_NO_IWM,36,0.2609638273715973
Kitchenham,8,FAABE_NO_IWM,37,0.2609638273715973
Kitchenham,8,FAABE_NO_IWM,38,0.2609638273715973
Kitchenham,8,FAABE_NO_IWM,39,0.2609638273715973
Kitchenham,8,FAABE_NO_IWM,40,0.2609638273715973
Kitchenham,8,FAABE_NO_IWM,41,0.2609638273715973
Kitchenham,8,FAABE_NO_IWM,42,0.2609638273715973
Kitchenham,8,FAABE_NO_IWM,43,0.2609638273715973
Kitchenham,8,FAABE_NO_IWM,44,0.2609638273715973
Kitchenham,8,FAABE_NO_IWM,45,0.2609638273715973
Kitchenham,8,FAABE_NO_IWM,46,0.2609638273715973
Kitchenham,8,FAABE_NO_IWM,47,0.2609638273715973
Kitchenham,8,FAABE_NO_IWM,48,0.2609638273715973
Kitchenham,8,FAABE_NO_IWM,49,0.2609638273715973
Kitchenham,8,FAABE_NO_IWM,50,0.2609638273715973
Kitchenham,8,FAABE_NO_IWM,51,0.2609638273715973
Kitchenham,8,FAABE_NO_IWM,52,0.2609638273715973
Kitchenham,8,FAABE_NO_IWM,53,0.2609638273715973
Kitchenham,8,FAABE_NO_IWM,54,0.2609638273715973
Kitchenham,8,FAABE_NO_IWM,55,0.2609638273715973
Kitchenham,8,FAABE_NO_IWM,56,0.2609638273715973
Kitchenham,8,FAABE_NO_IWM,57,0.2609638273715973
Kitchenham,8,FAABE_NO_IWM,58,0.2609638273715973
Kitchenham,8,FAABE_NO_IWM,59,0.2609638273715973
Kitchenham,8,FAABE_NO_IWM,60,0.2609638273715973
Kitchenham,8,FAABE_NO_IWM,61,0.2609638273715973
Kitchenham,8,FAABE_NO_IWM,62,0.2609638273715973
Kitchenham,8,FAABE_NO_IWM,63,0.2609638273715973
Kitchenham,8,FAABE_NO_IWM,64,0.2609638273715973
Kitchenham,8,FAABE_NO_IWM,65,0.2609638273715973
Kitchenham,8,FAABE_NO_IWM,66,0.2609638273715973
Kitchenham,8,FAABE_NO_IWM,67,0.2609638273715973
Kitchenham,8,FAABE_NO_IWM,68,0.2609638273715973
Kitchenham,8,FAABE_NO_IWM,69,0.2609638273715973
Kitchenham,8,FAABE_NO_IWM,70,0.2609638273715973
Kitchenham,8,FAABE_NO_IWM,71,0.2609638273715973
Kitchenham,8,FAABE_NO_IWM,72,0.2609638273715973
Kitchenham,8,FAABE_NO_IWM,73,0.2609638273715973
Kitchenham,8,FAABE_NO_IWM,74,0.2609638273715973
Kitchenham,8,FAABE_NO_IWM,75,0.2609638273715973
Kitchenham,8,FAABE_NO_IWM,76,0.2609638273715973
Kitchenham,8,FAABE_NO_IWM,77,0.2609638273715973
Kitchenham,8,FAABE_NO_IWM,78,0.2609638273715973
Kitchenham,8,FAABE_NO_IWM,79,0.2609638273715973
Kitchenham,8,FAABE_NO_IWM,80,0.2609638273715973
Kitchenham,8,FAABE_NO_IWM,81,0.2609638273715973
Kitchenham,8,FAABE_NO_IWM,82,0.2609638273715973
Kitchenham,8,FAABE_NO_IWM,83,0.2609638273715973
Kitchenham,8,FAABE_NO_IWM,84,0.2609638273715973
Kitchenham,8,FAABE_NO_IWM,85,0.2609638273715973
Kitchenham,8,FAABE_NO_IWM,86,0.2609638273715973
Kitchenham,8,FAABE_NO_IWM,87,0.2609638273715973
Kitchenham,8,FAABE_NO_IWM,88,0.2609638273715973
Kitchenham,8,FAABE_NO_IWM,89,0.2609638273715973
Kitchenham,8,FAABE_NO_IWM,90,0.2609638273715973
Kitchenham,8,FAABE_NO_IWM,91,0.2609638273715973
Kitchenham,8,FAABE_NO_IWM,92,0.2609638273715973
Kitchenham,8,FAABE_NO_IWM,93,0.2609638273715973
Kitchenham,8,FAABE_NO_IWM,94,0.2609638273715973
Kitchenham,8,FAABE_NO_IWM,95,0.2609638273715973
Kitchenham,8,FAABE_NO_IWM,96,0.2609638273715973
Kitchenham,8,FAABE_NO_IWM,97,0.2609638273715973
Kitchenham,8,FAABE_NO_IWM,98,0.2609638273715973
Kitchenham,8,FAABE_NO_IWM,99,0.2609638273715973
Kitchenham,8,FAABE_NO_IWM,100,0.2609638273715973
Kitchenham,8,FAABE_FULL,0,0.3332626521587372
Kitchenham,8,FAABE_FULL,1,0.2651360332965851
Kitchenham,8,FAABE_FULL,2,0.2651360332965851
Kitchenham,8,FAABE_FULL,3,0.2651360332965851
Kitchenham,8,FAABE_FULL,4,0.2651360332965851
Kitchenham,8,FAABE_FULL,5,0.2651360332965851
Kitchenham,8,FAABE_FULL,6,0.2651360332965851
Kitchenham,8,FAABE_FULL,7,0.2651360332965851
Kitchenham,8,FAABE_FULL,8,0.2651360332965851
Kitchenham,8,FAABE_FULL,9,0.2651360332965851
Kitchenham,8,FAABE_FULL,10,0.2651360332965851
Kitchenham,8,FAABE_FULL,11,0.2651360332965851
Kitchenham,8,FAABE_FULL,12,0.2651360332965851
Kitchenham,8,FAABE_FULL,13,0.2651360332965851
Kitchenham,8,FAABE_FULL,14,0.2651360332965851
Kitchenham,8,FAABE_FULL,15,0.2651360332965851
Kitchenham,8,FAABE_FULL,16,0.2651360332965851
Kitchenham,8,FAABE_FULL,17,0.2651360332965851
Kitchenham,8,FAABE_FULL,18,0.2651360332965851
Kitchenham,8,FAABE_FULL,19,0.2651360332965851
Kitchenham,8,FAABE_FULL,20,0.2651360332965851
Kitchenham,8,FAABE_FULL,21,0.2651360332965851
Kitchenham,8,FAABE_FULL,22,0.2651360332965851
Kitchenham,8,FAABE_FULL,23,0.2651360332965851
Kitchenham,8,FAABE_FULL,24,0.2651360332965851
Kitchenham,8,FAABE_FULL,25,0.2651360332965851
Kitchenham,8,FAABE_FULL,26,0.2651360332965851
Kitchenham,8,FAABE_FULL,27,0.2651360332965851
Kitchenham,8,FAABE_FULL,28,0.2651360332965851
Kitchenham,8,FAABE_FULL,29,0.2651360332965851
Kitchenham,8,FAABE_FULL,30,0.2651360332965851
Kitchenham,8,FAABE_FULL,31,0.2651360332965851
Kitchenham,8,FAABE_FULL,32,0.2651360332965851
Kitchenham,8,FAABE_FULL,33,0.2651360332965851
Kitchenham,8,FAABE_FULL,34,0.2651360332965851
Kitchenham,8,FAABE_FULL,35,0.2651360332965851
Kitchenham,8,FAABE_FULL,36,0.2651360332965851
Kitchenham,8,FAABE_FULL,37,0.2651360332965851
Kitchenham,8,FAABE_FULL,38,0.2651360332965851
Kitchenham,8,FAABE_FULL,39,0.2651360332965851
Kitchenham,8,FAABE_FULL,40,0.2651360332965851
Kitchenham,8,FAABE_FULL,41,0.2651360332965851
Kitchenham,8,FAABE_FULL,42,0.2651360332965851
Kitchenham,8,FAABE_FULL,43,0.2651360332965851
Kitchenham,8,FAABE_FULL,44,0.2651360332965851
Kitchenham,8,FAABE_FULL,45,0.2651360332965851
Kitchenham,8,FAABE_FULL,46,0.2651360332965851
Kitchenham,8,FAABE_FULL,47,0.2651360332965851
Kitchenham,8,FAABE_FULL,48,0.2651360332965851
Kitchenham,8,FAABE_FULL,49,0.2651360332965851
Kitchenham,8,FAABE_FULL,50,0.2651360332965851
Kitchenham,8,FAABE_FULL,51,0.2651360332965851
Kitchenham,8,FAABE_FULL,52,0.2651360332965851
Kitchenham,8,FAABE_FULL,53,0.2651360332965851
Kitchenham,8,FAABE_FULL,54,0.2651360332965851
Kitchenham,8,FAABE_FULL,55,0.2651360332965851
Kitchenham,8,FAABE_FULL,56,0.2651360332965851
Kitchenham,8,FAABE_FULL,57,0.2651360332965851
Kitchenham,8,FAABE_FULL,58,0.2651360332965851
Kitchenham,8,FAABE_FULL,59,0.2651360332965851
Kitchenham,8,FAABE_FULL,60,0.2651360332965851
Kitchenham,8,FAABE_FULL,61,0.2651360332965851
Kitchenham,8,FAABE_FULL,62,0.2651360332965851
Kitchenham,8,FAABE_FULL,63,0.2651360332965851
Kitchenham,8,FAABE_FULL,64,0.2651360332965851
Kitchenham,8,FAABE_FULL,65,0.2651360332965851
Kitchenham,8,FAABE_FULL,66,0.2651360332965851
Kitchenham,8,FAABE_FULL,67,0.2651360332965851
Kitchenham,8,FAABE_FULL,68,0.2651360332965851
Kitchenham,8,FAABE_FULL,69,0.2651360332965851
Kitchenham,8,FAABE_FULL,70,0.2651360332965851
Kitchenham,8,FAABE_FULL,71,0.2651360332965851
Kitchenham,8,FAABE_FULL,72,0.2651360332965851
Kitchenham,8,FAABE_FULL,73,0.2651360332965851
Kitchenham,8,FAABE_FULL,74,0.2651360332965851
Kitchenham,8,FAABE_FULL,75,0.2651360332965851
Kitchenham,8,FAABE_FULL,76,0.2651360332965851
Kitchenham,8,FAABE_FULL,77,0.2651360332965851
Kitchenham,8,FAABE_FULL,78,0.2651360332965851
Kitchenham,8,FAABE_FULL,79,0.2651360332965851
Kitchenham,8,FAABE_FULL,80,0.2651360332965851
Kitchenham,8,FAABE_FULL,81,0.2651360332965851
Kitchenham,8,FAABE_FULL,82,0.2651360332965851
Kitchenham,8,FAABE_FULL,83,0.2651360332965851
Kitchenham,8,FAABE_FULL,84,0.2651360332965851
Kitchenham,8,FAABE_FULL,85,0.2651360332965851
Kitchenham,8,FAABE_FULL,86,0.2651360332965851
Kitchenham,8,FAABE_FULL,87,0.2651360332965851
Kitchenham,8,FAABE_FULL,88,0.2651360332965851
Kitchenham,8,FAABE_FULL,89,0.2651360332965851
Kitchenham,8,FAABE_FULL,90,0.2651360332965851
Kitchenham,8,FAABE_FULL,91,0.2651360332965851
Kitchenham,8,FAABE_FULL,92,0.26399290561676025
Kitchenham,8,FAABE_FULL,93,0.26399290561676025
Kitchenham,8,FAABE_FULL,94,0.26399290561676025
Kitchenham,8,FAABE_FULL,95,0.26399290561676025
Kitchenham,8,FAABE_FULL,96,0.26399290561676025
Kitchenham,8,FAABE_FULL,97,0.26399290561676025
Kitchenham,8,FAABE_FULL,98,0.26399290561676025
Kitchenham,8,FAABE_FULL,99,0.26399290561676025
Kitchenham,8,FAABE_FULL,100,0.26399290561676025
Kitchenham,9,FAABE_NO_PEARSON,0,0.3469086289405823
Kitchenham,9,FAABE_NO_PEARSON,1,0.32406896352767944
Kitchenham,9,FAABE_NO_PEARSON,2,0.31854313611984253
Kitchenham,9,FAABE_NO_PEARSON,3,0.31854313611984253
Kitchenham,9,FAABE_NO_PEARSON,4,0.31854313611984253
Kitchenham,9,FAABE_NO_PEARSON,5,0.31854313611984253
Kitchenham,9,FAABE_NO_PEARSON,6,0.31185248494148254
Kitchenham,9,FAABE_NO_PEARSON,7,0.30430281162261963
Kitchenham,9,FAABE_NO_PEARSON,8,0.2834210693836212
Kitchenham,9,FAABE_NO_PEARSON,9,0.27699461579322815
Kitchenham,9,FAABE_NO_PEARSON,10,0.27689459919929504
Kitchenham,9,FAABE_NO_PEARSON,11,0.27689459919929504
Kitchenham,9,FAABE_NO_PEARSON,12,0.27689459919929504
Kitchenham,9,FAABE_NO_PEARSON,13,0.27689459919929504
Kitchenham,9,FAABE_NO_PEARSON,14,0.27689459919929504
Kitchenham,9,FAABE_NO_PEARSON,15,0.27689459919929504
Kitchenham,9,FAABE_NO_PEARSON,16,0.27689459919929504
Kitchenham,9,FAABE_NO_PEARSON,17,0.27689459919929504
Kitchenham,9,FAABE_NO_PEARSON,18,0.27689459919929504
Kitchenham,9,FAABE_NO_PEARSON,19,0.27689459919929504
Kitchenham,9,FAABE_NO_PEARSON,20,0.27689459919929504
Kitchenham,9,FAABE_NO_PEARSON,21,0.27689459919929504
Kitchenham,9,FAABE_NO_PEARSON,22,0.27384379506111145
Kitchenham,9,FAABE_NO_PEARSON,23,0.27384379506111145
Kitchenham,9,FAABE_NO_PEARSON,24,0.27384379506111145
Kitchenham,9,FAABE_NO_PEARSON,25,0.27384379506111145
Kitchenham,9,FAABE_NO_PEARSON,26,0.27384379506111145
Kitchenham,9,FAABE_NO_PEARSON,27,0.27384379506111145
Kitchenham,9,FAABE_NO_PEARSON,28,0.27384379506111145
Kitchenham,9,FAABE_NO_PEARSON,29,0.27384379506111145
Kitchenham,9,FAABE_NO_PEARSON,30,0.27384379506111145
Kitchenham,9,FAABE_NO_PEARSON,31,0.27384379506111145
Kitchenham,9,FAABE_NO_PEARSON,32,0.27384379506111145
Kitchenham,9,FAABE_NO_PEARSON,33,0.27384379506111145
Kitchenham,9,FAABE_NO_PEARSON,34,0.27384379506111145
Kitchenham,9,FAABE_NO_PEARSON,35,0.27384379506111145
Kitchenham,9,FAABE_NO_PEARSON,36,0.27384379506111145
Kitchenham,9,FAABE_NO_PEARSON,37,0.27384379506111145
Kitchenham,9,FAABE_NO_PEARSON,38,0.27384379506111145
Kitchenham,9,FAABE_NO_PEARSON,39,0.27384379506111145
Kitchenham,9,FAABE_NO_PEARSON,40,0.27384379506111145
Kitchenham,9,FAABE_NO_PEARSON,41,0.27384379506111145
Kitchenham,9,FAABE_NO_PEARSON,42,0.27384379506111145
Kitchenham,9,FAABE_NO_PEARSON,43,0.27384379506111145
Kitchenham,9,FAABE_NO_PEARSON,44,0.27384379506111145
Kitchenham,9,FAABE_NO_PEARSON,45,0.27384379506111145
Kitchenham,9,FAABE_NO_PEARSON,46,0.27384379506111145
Kitchenham,9,FAABE_NO_PEARSON,47,0.27384379506111145
Kitchenham,9,FAABE_NO_PEARSON,48,0.27384379506111145
Kitchenham,9,FAABE_NO_PEARSON,49,0.27384379506111145
Kitchenham,9,FAABE_NO_PEARSON,50,0.27384379506111145
Kitchenham,9,FAABE_NO_PEARSON,51,0.27384379506111145
Kitchenham,9,FAABE_NO_PEARSON,52,0.27384379506111145
Kitchenham,9,FAABE_NO_PEARSON,53,0.27384379506111145
Kitchenham,9,FAABE_NO_PEARSON,54,0.27384379506111145
Kitchenham,9,FAABE_NO_PEARSON,55,0.27384379506111145
Kitchenham,9,FAABE_NO_PEARSON,56,0.27384379506111145
Kitchenham,9,FAABE_NO_PEARSON,57,0.27384379506111145
Kitchenham,9,FAABE_NO_PEARSON,58,0.27384379506111145
Kitchenham,9,FAABE_NO_PEARSON,59,0.27384379506111145
Kitchenham,9,FAABE_NO_PEARSON,60,0.27384379506111145
Kitchenham,9,FAABE_NO_PEARSON,61,0.27384379506111145
Kitchenham,9,FAABE_NO_PEARSON,62,0.27384379506111145
Kitchenham,9,FAABE_NO_PEARSON,63,0.27384379506111145
Kitchenham,9,FAABE_NO_PEARSON,64,0.27384379506111145
Kitchenham,9,FAABE_NO_PEARSON,65,0.27384379506111145
Kitchenham,9,FAABE_NO_PEARSON,66,0.27384379506111145
Kitchenham,9,FAABE_NO_PEARSON,67,0.27384379506111145
Kitchenham,9,FAABE_NO_PEARSON,68,0.27384379506111145
Kitchenham,9,FAABE_NO_PEARSON,69,0.27384379506111145
Kitchenham,9,FAABE_NO_PEARSON,70,0.27384379506111145
Kitchenham,9,FAABE_NO_PEARSON,71,0.27384379506111145
Kitchenham,9,FAABE_NO_PEARSON,72,0.27384379506111145
Kitchenham,9,FAABE_NO_PEARSON,73,0.27384379506111145
Kitchenham,9,FAABE_NO_PEARSON,74,0.27384379506111145
Kitchenham,9,FAABE_NO_PEARSON,75,0.27384379506111145
Kitchenham,9,FAABE_NO_PEARSON,76,0.27384379506111145
Kitchenham,9,FAABE_NO_PEARSON,77,0.27384379506111145
Kitchenham,9,FAABE_NO_PEARSON,78,0.27384379506111145
Kitchenham,9,FAABE_NO_PEARSON,79,0.27384379506111145
Kitchenham,9,FAABE_NO_PEARSON,80,0.27384379506111145
Kitchenham,9,FAABE_NO_PEARSON,81,0.27384379506111145
Kitchenham,9,FAABE_NO_PEARSON,82,0.27384379506111145
Kitchenham,9,FAABE_NO_PEARSON,83,0.27384379506111145
Kitchenham,9,FAABE_NO_PEARSON,84,0.27384379506111145
Kitchenham,9,FAABE_NO_PEARSON,85,0.27384379506111145
Kitchenham,9,FAABE_NO_PEARSON,86,0.27384379506111145
Kitchenham,9,FAABE_NO_PEARSON,87,0.27384379506111145
Kitchenham,9,FAABE_NO_PEARSON,88,0.27384379506111145
Kitchenham,9,FAABE_NO_PEARSON,89,0.27384379506111145
Kitchenham,9,FAABE_NO_PEARSON,90,0.27384379506111145
Kitchenham,9,FAABE_NO_PEARSON,91,0.27384379506111145
Kitchenham,9,FAABE_NO_PEARSON,92,0.27384379506111145
Kitchenham,9,FAABE_NO_PEARSON,93,0.27384379506111145
Kitchenham,9,FAABE_NO_PEARSON,94,0.27384379506111145
Kitchenham,9,FAABE_NO_PEARSON,95,0.27384379506111145
Kitchenham,9,FAABE_NO_PEARSON,96,0.27384379506111145
Kitchenham,9,FAABE_NO_PEARSON,97,0.27384379506111145
Kitchenham,9,FAABE_NO_PEARSON,98,0.27384379506111145
Kitchenham,9,FAABE_NO_PEARSON,99,0.27384379506111145
Kitchenham,9,FAABE_NO_PEARSON,100,0.27384379506111145
Kitchenham,9,FAABE_NO_IWM,0,0.3428974747657776
Kitchenham,9,FAABE_NO_IWM,1,0.3022240996360779
Kitchenham,9,FAABE_NO_IWM,2,0.29039326310157776
Kitchenham,9,FAABE_NO_IWM,3,0.27649468183517456
Kitchenham,9,FAABE_NO_IWM,4,0.27649468183517456
Kitchenham,9,FAABE_NO_IWM,5,0.27649468183517456
Kitchenham,9,FAABE_NO_IWM,6,0.27649468183517456
Kitchenham,9,FAABE_NO_IWM,7,0.27649468183517456
Kitchenham,9,FAABE_NO_IWM,8,0.27649468183517456
Kitchenham,9,FAABE_NO_IWM,9,0.27649468183517456
Kitchenham,9,FAABE_NO_IWM,10,0.27649468183517456
Kitchenham,9,FAABE_NO_IWM,11,0.27649468183517456
Kitchenham,9,FAABE_NO_IWM,12,0.27649468183517456
Kitchenham,9,FAABE_NO_IWM,13,0.27649468183517456
Kitchenham,9,FAABE_NO_IWM,14,0.27649468183517456
Kitchenham,9,FAABE_NO_IWM,15,0.27649468183517456
Kitchenham,9,FAABE_NO_IWM,16,0.27649468183517456
Kitchenham,9,FAABE_NO_IWM,17,0.27649468183517456
Kitchenham,9,FAABE_NO_IWM,18,0.27622583508491516
Kitchenham,9,FAABE_NO_IWM,19,0.27622583508491516
Kitchenham,9,FAABE_NO_IWM,20,0.27622583508491516
Kitchenham,9,FAABE_NO_IWM,21,0.27622583508491516
Kitchenham,9,FAABE_NO_IWM,22,0.27622583508491516
Kitchenham,9,FAABE_NO_IWM,23,0.27603039145469666
Kitchenham,9,FAABE_NO_IWM,24,0.27603039145469666
Kitchenham,9,FAABE_NO_IWM,25,0.27603039145469666
Kitchenham,9,FAABE_NO_IWM,26,0.27603039145469666
Kitchenham,9,FAABE_NO_IWM,27,0.27603039145469666
Kitchenham,9,FAABE_NO_IWM,28,0.2755856513977051
Kitchenham,9,FAABE_NO_IWM,29,0.2755856513977051
Kitchenham,9,FAABE_NO_IWM,30,0.2755851745605469
Kitchenham,9,FAABE_NO_IWM,31,0.2755851745605469
Kitchenham,9,FAABE_NO_IWM,32,0.2755851745605469
Kitchenham,9,FAABE_NO_IWM,33,0.2755851745605469
Kitchenham,9,FAABE_NO_IWM,34,0.2755851745605469
Kitchenham,9,FAABE_NO_IWM,35,0.2755851745605469
Kitchenham,9,FAABE_NO_IWM,36,0.2755851745605469
Kitchenham,9,FAABE_NO_IWM,37,0.2755851745605469
Kitchenham,9,FAABE_NO_IWM,38,0.2755851745605469
Kitchenham,9,FAABE_NO_IWM,39,0.2755851745605469
Kitchenham,9,FAABE_NO_IWM,40,0.2755851745605469
Kitchenham,9,FAABE_NO_IWM,41,0.2755851745605469
Kitchenham,9,FAABE_NO_IWM,42,0.2755851745605469
Kitchenham,9,FAABE_NO_IWM,43,0.2755851745605469
Kitchenham,9,FAABE_NO_IWM,44,0.2755851745605469
Kitchenham,9,FAABE_NO_IWM,45,0.2755851745605469
Kitchenham,9,FAABE_NO_IWM,46,0.2728550136089325
Kitchenham,9,FAABE_NO_IWM,47,0.2728550136089325
Kitchenham,9,FAABE_NO_IWM,48,0.2728550136089325
Kitchenham,9,FAABE_NO_IWM,49,0.2728550136089325
Kitchenham,9,FAABE_NO_IWM,50,0.2728550136089325
Kitchenham,9,FAABE_NO_IWM,51,0.2728550136089325
Kitchenham,9,FAABE_NO_IWM,52,0.2728550136089325
Kitchenham,9,FAABE_NO_IWM,53,0.2728550136089325
Kitchenham,9,FAABE_NO_IWM,54,0.2728550136089325
Kitchenham,9,FAABE_NO_IWM,55,0.2728550136089325
Kitchenham,9,FAABE_NO_IWM,56,0.2728550136089325
Kitchenham,9,FAABE_NO_IWM,57,0.2728550136089325
Kitchenham,9,FAABE_NO_IWM,58,0.2728550136089325
Kitchenham,9,FAABE_NO_IWM,59,0.2728550136089325
Kitchenham,9,FAABE_NO_IWM,60,0.2728550136089325
Kitchenham,9,FAABE_NO_IWM,61,0.2728550136089325
Kitchenham,9,FAABE_NO_IWM,62,0.2728550136089325
Kitchenham,9,FAABE_NO_IWM,63,0.2728550136089325
Kitchenham,9,FAABE_NO_IWM,64,0.2728550136089325
Kitchenham,9,FAABE_NO_IWM,65,0.2728550136089325
Kitchenham,9,FAABE_NO_IWM,66,0.2728550136089325
Kitchenham,9,FAABE_NO_IWM,67,0.2728550136089325
Kitchenham,9,FAABE_NO_IWM,68,0.2728550136089325
Kitchenham,9,FAABE_NO_IWM,69,0.2728550136089325
Kitchenham,9,FAABE_NO_IWM,70,0.2728550136089325
Kitchenham,9,FAABE_NO_IWM,71,0.2728550136089325
Kitchenham,9,FAABE_NO_IWM,72,0.2728550136089325
Kitchenham,9,FAABE_NO_IWM,73,0.2728550136089325
Kitchenham,9,FAABE_NO_IWM,74,0.2728550136089325
Kitchenham,9,FAABE_NO_IWM,75,0.2728550136089325
Kitchenham,9,FAABE_NO_IWM,76,0.2728550136089325
Kitchenham,9,FAABE_NO_IWM,77,0.2728550136089325
Kitchenham,9,FAABE_NO_IWM,78,0.2728550136089325
Kitchenham,9,FAABE_NO_IWM,79,0.2728550136089325
Kitchenham,9,FAABE_NO_IWM,80,0.2728550136089325
Kitchenham,9,FAABE_NO_IWM,81,0.2728550136089325
Kitchenham,9,FAABE_NO_IWM,82,0.2728550136089325
Kitchenham,9,FAABE_NO_IWM,83,0.2728550136089325
Kitchenham,9,FAABE_NO_IWM,84,0.2728550136089325
Kitchenham,9,FAABE_NO_IWM,85,0.2728550136089325
Kitchenham,9,FAABE_NO_IWM,86,0.2728550136089325
Kitchenham,9,FAABE_NO_IWM,87,0.2728550136089325
Kitchenham,9,FAABE_NO_IWM,88,0.2728550136089325
Kitchenham,9,FAABE_NO_IWM,89,0.2728550136089325
Kitchenham,9,FAABE_NO_IWM,90,0.2728550136089325
Kitchenham,9,FAABE_NO_IWM,91,0.2728550136089325
Kitchenham,9,FAABE_NO_IWM,92,0.2728550136089325
Kitchenham,9,FAABE_NO_IWM,93,0.2728550136089325
Kitchenham,9,FAABE_NO_IWM,94,0.2728550136089325
Kitchenham,9,FAABE_NO_IWM,95,0.2728550136089325
Kitchenham,9,FAABE_NO_IWM,96,0.2728550136089325
Kitchenham,9,FAABE_NO_IWM,97,0.2728550136089325
Kitchenham,9,FAABE_NO_IWM,98,0.2728550136089325
Kitchenham,9,FAABE_NO_IWM,99,0.2728550136089325
Kitchenham,9,FAABE_NO_IWM,100,0.2728550136089325
Kitchenham,9,FAABE_FULL,0,0.35291963815689087
Kitchenham,9,FAABE_FULL,1,0.2960309386253357
Kitchenham,9,FAABE_FULL,2,0.2781750559806824
Kitchenham,9,FAABE_FULL,3,0.2781750559806824
Kitchenham,9,FAABE_FULL,4,0.2747180163860321
Kitchenham,9,FAABE_FULL,5,0.2747180163860321
Kitchenham,9,FAABE_FULL,6,0.2747180163860321
Kitchenham,9,FAABE_FULL,7,0.2747180163860321
Kitchenham,9,FAABE_FULL,8,0.2747180163860321
Kitchenham,9,FAABE_FULL,9,0.2747180163860321
Kitchenham,9,FAABE_FULL,10,0.2747180163860321
Kitchenham,9,FAABE_FULL,11,0.2747180163860321
Kitchenham,9,FAABE_FULL,12,0.2747180163860321
Kitchenham,9,FAABE_FULL,13,0.2747180163860321
Kitchenham,9,FAABE_FULL,14,0.2747180163860321
Kitchenham,9,FAABE_FULL,15,0.2747180163860321
Kitchenham,9,FAABE_FULL,16,0.2747180163860321
Kitchenham,9,FAABE_FULL,17,0.2747180163860321
Kitchenham,9,FAABE_FULL,18,0.2747180163860321
Kitchenham,9,FAABE_FULL,19,0.2747180163860321
Kitchenham,9,FAABE_FULL,20,0.2747180163860321
Kitchenham,9,FAABE_FULL,21,0.2747180163860321
Kitchenham,9,FAABE_FULL,22,0.2747180163860321
Kitchenham,9,FAABE_FULL,23,0.2747180163860321
Kitchenham,9,FAABE_FULL,24,0.2747180163860321
Kitchenham,9,FAABE_FULL,25,0.2747180163860321
Kitchenham,9,FAABE_FULL,26,0.2747180163860321
Kitchenham,9,FAABE_FULL,27,0.2747180163860321
Kitchenham,9,FAABE_FULL,28,0.2747180163860321
Kitchenham,9,FAABE_FULL,29,0.2747180163860321
Kitchenham,9,FAABE_FULL,30,0.2747180163860321
Kitchenham,9,FAABE_FULL,31,0.2747180163860321
Kitchenham,9,FAABE_FULL,32,0.2747180163860321
Kitchenham,9,FAABE_FULL,33,0.2747180163860321
Kitchenham,9,FAABE_FULL,34,0.2747180163860321
Kitchenham,9,FAABE_FULL,35,0.2747180163860321
Kitchenham,9,FAABE_FULL,36,0.2747180163860321
Kitchenham,9,FAABE_FULL,37,0.2747180163860321
Kitchenham,9,FAABE_FULL,38,0.2747180163860321
Kitchenham,9,FAABE_FULL,39,0.2747180163860321
Kitchenham,9,FAABE_FULL,40,0.2747180163860321
Kitchenham,9,FAABE_FULL,41,0.2747180163860321
Kitchenham,9,FAABE_FULL,42,0.2747180163860321
Kitchenham,9,FAABE_FULL,43,0.2747180163860321
Kitchenham,9,FAABE_FULL,44,0.2747180163860321
Kitchenham,9,FAABE_FULL,45,0.2747180163860321
Kitchenham,9,FAABE_FULL,46,0.2747180163860321
Kitchenham,9,FAABE_FULL,47,0.2747180163860321
Kitchenham,9,FAABE_FULL,48,0.2747180163860321
Kitchenham,9,FAABE_FULL,49,0.2747180163860321
Kitchenham,9,FAABE_FULL,50,0.2747180163860321
Kitchenham,9,FAABE_FULL,51,0.2747180163860321
Kitchenham,9,FAABE_FULL,52,0.2747180163860321
Kitchenham,9,FAABE_FULL,53,0.2747180163860321
Kitchenham,9,FAABE_FULL,54,0.2747180163860321
Kitchenham,9,FAABE_FULL,55,0.2747180163860321
Kitchenham,9,FAABE_FULL,56,0.2747180163860321
Kitchenham,9,FAABE_FULL,57,0.2747180163860321
Kitchenham,9,FAABE_FULL,58,0.2747180163860321
Kitchenham,9,FAABE_FULL,59,0.2747180163860321
Kitchenham,9,FAABE_FULL,60,0.2747180163860321
Kitchenham,9,FAABE_FULL,61,0.2747180163860321
Kitchenham,9,FAABE_FULL,62,0.2747180163860321
Kitchenham,9,FAABE_FULL,63,0.2747180163860321
Kitchenham,9,FAABE_FULL,64,0.2747180163860321
Kitchenham,9,FAABE_FULL,65,0.2747180163860321
Kitchenham,9,FAABE_FULL,66,0.2747180163860321
Kitchenham,9,FAABE_FULL,67,0.2747180163860321
Kitchenham,9,FAABE_FULL,68,0.2747180163860321
Kitchenham,9,FAABE_FULL,69,0.2747180163860321
Kitchenham,9,FAABE_FULL,70,0.2747180163860321
Kitchenham,9,FAABE_FULL,71,0.2747180163860321
Kitchenham,9,FAABE_FULL,72,0.2747180163860321
Kitchenham,9,FAABE_FULL,73,0.2747180163860321
Kitchenham,9,FAABE_FULL,74,0.2747180163860321
Kitchenham,9,FAABE_FULL,75,0.2747180163860321
Kitchenham,9,FAABE_FULL,76,0.2747180163860321
Kitchenham,9,FAABE_FULL,77,0.2747180163860321
Kitchenham,9,FAABE_FULL,78,0.2747180163860321
Kitchenham,9,FAABE_FULL,79,0.2747180163860321
Kitchenham,9,FAABE_FULL,80,0.2737062871456146
Kitchenham,9,FAABE_FULL,81,0.2737062871456146
Kitchenham,9,FAABE_FULL,82,0.2737062871456146
Kitchenham,9,FAABE_FULL,83,0.2737062871456146
Kitchenham,9,FAABE_FULL,84,0.2737062871456146
Kitchenham,9,FAABE_FULL,85,0.2737062871456146
Kitchenham,9,FAABE_FULL,86,0.2737062871456146
Kitchenham,9,FAABE_FULL,87,0.2737062871456146
Kitchenham,9,FAABE_FULL,88,0.2737062871456146
Kitchenham,9,FAABE_FULL,89,0.2737062871456146
Kitchenham,9,FAABE_FULL,90,0.2737062871456146
Kitchenham,9,FAABE_FULL,91,0.2737062871456146
Kitchenham,9,FAABE_FULL,92,0.2737062871456146
Kitchenham,9,FAABE_FULL,93,0.2737062871456146
Kitchenham,9,FAABE_FULL,94,0.2737062871456146
Kitchenham,9,FAABE_FULL,95,0.2737062871456146
Kitchenham,9,FAABE_FULL,96,0.2737062871456146
Kitchenham,9,FAABE_FULL,97,0.2737062871456146
Kitchenham,9,FAABE_FULL,98,0.2737062871456146
Kitchenham,9,FAABE_FULL,99,0.2737062871456146
Kitchenham,9,FAABE_FULL,100,0.2737062871456146
Kitchenham,10,FAABE_NO_PEARSON,0,0.4718019664287567
Kitchenham,10,FAABE_NO_PEARSON,1,0.37464824318885803
Kitchenham,10,FAABE_NO_PEARSON,2,0.33385857939720154
Kitchenham,10,FAABE_NO_PEARSON,3,0.2813017666339874
Kitchenham,10,FAABE_NO_PEARSON,4,0.2577614188194275
Kitchenham,10,FAABE_NO_PEARSON,5,0.2577614188194275
Kitchenham,10,FAABE_NO_PEARSON,6,0.2577614188194275
Kitchenham,10,FAABE_NO_PEARSON,7,0.2577614188194275
Kitchenham,10,FAABE_NO_PEARSON,8,0.2577614188194275
Kitchenham,10,FAABE_NO_PEARSON,9,0.2577614188194275
Kitchenham,10,FAABE_NO_PEARSON,10,0.2577614188194275
Kitchenham,10,FAABE_NO_PEARSON,11,0.2577614188194275
Kitchenham,10,FAABE_NO_PEARSON,12,0.2564079165458679
Kitchenham,10,FAABE_NO_PEARSON,13,0.2564079165458679
Kitchenham,10,FAABE_NO_PEARSON,14,0.2564079165458679
Kitchenham,10,FAABE_NO_PEARSON,15,0.2564079165458679
Kitchenham,10,FAABE_NO_PEARSON,16,0.2564079165458679
Kitchenham,10,FAABE_NO_PEARSON,17,0.2564079165458679
Kitchenham,10,FAABE_NO_PEARSON,18,0.2564079165458679
Kitchenham,10,FAABE_NO_PEARSON,19,0.2564079165458679
Kitchenham,10,FAABE_NO_PEARSON,20,0.2564079165458679
Kitchenham,10,FAABE_NO_PEARSON,21,0.2564079165458679
Kitchenham,10,FAABE_NO_PEARSON,22,0.2564079165458679
Kitchenham,10,FAABE_NO_PEARSON,23,0.2564079165458679
Kitchenham,10,FAABE_NO_PEARSON,24,0.2564079165458679
Kitchenham,10,FAABE_NO_PEARSON,25,0.2564079165458679
Kitchenham,10,FAABE_NO_PEARSON,26,0.2564079165458679
Kitchenham,10,FAABE_NO_PEARSON,27,0.2564079165458679
Kitchenham,10,FAABE_NO_PEARSON,28,0.2564079165458679
Kitchenham,10,FAABE_NO_PEARSON,29,0.2564079165458679
Kitchenham,10,FAABE_NO_PEARSON,30,0.2564079165458679
Kitchenham,10,FAABE_NO_PEARSON,31,0.2564079165458679
Kitchenham,10,FAABE_NO_PEARSON,32,0.2564079165458679
Kitchenham,10,FAABE_NO_PEARSON,33,0.2564079165458679
Kitchenham,10,FAABE_NO_PEARSON,34,0.2564079165458679
Kitchenham,10,FAABE_NO_PEARSON,35,0.2564079165458679
Kitchenham,10,FAABE_NO_PEARSON,36,0.2564079165458679
Kitchenham,10,FAABE_NO_PEARSON,37,0.2564079165458679
Kitchenham,10,FAABE_NO_PEARSON,38,0.2564079165458679
Kitchenham,10,FAABE_NO_PEARSON,39,0.2564079165458679
Kitchenham,10,FAABE_NO_PEARSON,40,0.2564079165458679
Kitchenham,10,FAABE_NO_PEARSON,41,0.2564079165458679
Kitchenham,10,FAABE_NO_PEARSON,42,0.2564079165458679
Kitchenham,10,FAABE_NO_PEARSON,43,0.2564079165458679
Kitchenham,10,FAABE_NO_PEARSON,44,0.2564079165458679
Kitchenham,10,FAABE_NO_PEARSON,45,0.2564079165458679
Kitchenham,10,FAABE_NO_PEARSON,46,0.2564079165458679
Kitchenham,10,FAABE_NO_PEARSON,47,0.2564079165458679
Kitchenham,10,FAABE_NO_PEARSON,48,0.2564079165458679
Kitchenham,10,FAABE_NO_PEARSON,49,0.2564079165458679
Kitchenham,10,FAABE_NO_PEARSON,50,0.2564079165458679
Kitchenham,10,FAABE_NO_PEARSON,51,0.2564079165458679
Kitchenham,10,FAABE_NO_PEARSON,52,0.2564079165458679
Kitchenham,10,FAABE_NO_PEARSON,53,0.2564079165458679
Kitchenham,10,FAABE_NO_PEARSON,54,0.2564079165458679
Kitchenham,10,FAABE_NO_PEARSON,55,0.2564079165458679
Kitchenham,10,FAABE_NO_PEARSON,56,0.2564079165458679
Kitchenham,10,FAABE_NO_PEARSON,57,0.2564079165458679
Kitchenham,10,FAABE_NO_PEARSON,58,0.2564079165458679
Kitchenham,10,FAABE_NO_PEARSON,59,0.2564079165458679
Kitchenham,10,FAABE_NO_PEARSON,60,0.2564079165458679
Kitchenham,10,FAABE_NO_PEARSON,61,0.2560843527317047
Kitchenham,10,FAABE_NO_PEARSON,62,0.2560843527317047
Kitchenham,10,FAABE_NO_PEARSON,63,0.2560843527317047
Kitchenham,10,FAABE_NO_PEARSON,64,0.2560843527317047
Kitchenham,10,FAABE_NO_PEARSON,65,0.2560843527317047
Kitchenham,10,FAABE_NO_PEARSON,66,0.2560843527317047
Kitchenham,10,FAABE_NO_PEARSON,67,0.2560843527317047
Kitchenham,10,FAABE_NO_PEARSON,68,0.2560843527317047
Kitchenham,10,FAABE_NO_PEARSON,69,0.2560843527317047
Kitchenham,10,FAABE_NO_PEARSON,70,0.2560843527317047
Kitchenham,10,FAABE_NO_PEARSON,71,0.2560843527317047
Kitchenham,10,FAABE_NO_PEARSON,72,0.2560843527317047
Kitchenham,10,FAABE_NO_PEARSON,73,0.2560843527317047
Kitchenham,10,FAABE_NO_PEARSON,74,0.2560843527317047
Kitchenham,10,FAABE_NO_PEARSON,75,0.2560843527317047
Kitchenham,10,FAABE_NO_PEARSON,76,0.2560843527317047
Kitchenham,10,FAABE_NO_PEARSON,77,0.2560843527317047
Kitchenham,10,FAABE_NO_PEARSON,78,0.2560843527317047
Kitchenham,10,FAABE_NO_PEARSON,79,0.2560843527317047
Kitchenham,10,FAABE_NO_PEARSON,80,0.2560843527317047
Kitchenham,10,FAABE_NO_PEARSON,81,0.2560843527317047
Kitchenham,10,FAABE_NO_PEARSON,82,0.2560843527317047
Kitchenham,10,FAABE_NO_PEARSON,83,0.2560843527317047
Kitchenham,10,FAABE_NO_PEARSON,84,0.2560843527317047
Kitchenham,10,FAABE_NO_PEARSON,85,0.2560843527317047
Kitchenham,10,FAABE_NO_PEARSON,86,0.2560843527317047
Kitchenham,10,FAABE_NO_PEARSON,87,0.2560843527317047
Kitchenham,10,FAABE_NO_PEARSON,88,0.2560843527317047
Kitchenham,10,FAABE_NO_PEARSON,89,0.2560843527317047
Kitchenham,10,FAABE_NO_PEARSON,90,0.2560843527317047
Kitchenham,10,FAABE_NO_PEARSON,91,0.2560843527317047
Kitchenham,10,FAABE_NO_PEARSON,92,0.2560843527317047
Kitchenham,10,FAABE_NO_PEARSON,93,0.2560843527317047
Kitchenham,10,FAABE_NO_PEARSON,94,0.2560843527317047
Kitchenham,10,FAABE_NO_PEARSON,95,0.2560843527317047
Kitchenham,10,FAABE_NO_PEARSON,96,0.2560843527317047
Kitchenham,10,FAABE_NO_PEARSON,97,0.2560843527317047
Kitchenham,10,FAABE_NO_PEARSON,98,0.2560843527317047
Kitchenham,10,FAABE_NO_PEARSON,99,0.2560843527317047
Kitchenham,10,FAABE_NO_PEARSON,100,0.2560843527317047
Kitchenham,10,FAABE_NO_IWM,0,0.40611425042152405
Kitchenham,10,FAABE_NO_IWM,1,0.32952621579170227
Kitchenham,10,FAABE_NO_IWM,2,0.31310832500457764
Kitchenham,10,FAABE_NO_IWM,3,0.29413339495658875
Kitchenham,10,FAABE_NO_IWM,4,0.2720542550086975
Kitchenham,10,FAABE_NO_IWM,5,0.2568027675151825
Kitchenham,10,FAABE_NO_IWM,6,0.2568027675151825
Kitchenham,10,FAABE_NO_IWM,7,0.2568027675151825
Kitchenham,10,FAABE_NO_IWM,8,0.2568027675151825
Kitchenham,10,FAABE_NO_IWM,9,0.2568027675151825
Kitchenham,10,FAABE_NO_IWM,10,0.2568027675151825
Kitchenham,10,FAABE_NO_IWM,11,0.2568027675151825
Kitchenham,10,FAABE_NO_IWM,12,0.2568027675151825
Kitchenham,10,FAABE_NO_IWM,13,0.2568027675151825
Kitchenham,10,FAABE_NO_IWM,14,0.2568027675151825
Kitchenham,10,FAABE_NO_IWM,15,0.2568027675151825
Kitchenham,10,FAABE_NO_IWM,16,0.2568027675151825
Kitchenham,10,FAABE_NO_IWM,17,0.2568027675151825
Kitchenham,10,FAABE_NO_IWM,18,0.2568027675151825
Kitchenham,10,FAABE_NO_IWM,19,0.2568027675151825
Kitchenham,10,FAABE_NO_IWM,20,0.2568027675151825
Kitchenham,10,FAABE_NO_IWM,21,0.25599804520606995
Kitchenham,10,FAABE_NO_IWM,22,0.25599804520606995
Kitchenham,10,FAABE_NO_IWM,23,0.25599804520606995
Kitchenham,10,FAABE_NO_IWM,24,0.25599804520606995
Kitchenham,10,FAABE_NO_IWM,25,0.25599804520606995
Kitchenham,10,FAABE_NO_IWM,26,0.25599804520606995
Kitchenham,10,FAABE_NO_IWM,27,0.25599804520606995
Kitchenham,10,FAABE_NO_IWM,28,0.25599804520606995
Kitchenham,10,FAABE_NO_IWM,29,0.25599804520606995
Kitchenham,10,FAABE_NO_IWM,30,0.2537825107574463
Kitchenham,10,FAABE_NO_IWM,31,0.2537825107574463
Kitchenham,10,FAABE_NO_IWM,32,0.2537825107574463
Kitchenham,10,FAABE_NO_IWM,33,0.2537825107574463
Kitchenham,10,FAABE_NO_IWM,34,0.2537825107574463
Kitchenham,10,FAABE_NO_IWM,35,0.2537825107574463
Kitchenham,10,FAABE_NO_IWM,36,0.2537825107574463
Kitchenham,10,FAABE_NO_IWM,37,0.2537825107574463
Kitchenham,10,FAABE_NO_IWM,38,0.2537825107574463
Kitchenham,10,FAABE_NO_IWM,39,0.2537825107574463
Kitchenham,10,FAABE_NO_IWM,40,0.2537825107574463
Kitchenham,10,FAABE_NO_IWM,41,0.2537825107574463
Kitchenham,10,FAABE_NO_IWM,42,0.2537825107574463
Kitchenham,10,FAABE_NO_IWM,43,0.2537825107574463
Kitchenham,10,FAABE_NO_IWM,44,0.2537825107574463
Kitchenham,10,FAABE_NO_IWM,45,0.2537825107574463
Kitchenham,10,FAABE_NO_IWM,46,0.2537825107574463
Kitchenham,10,FAABE_NO_IWM,47,0.2537825107574463
Kitchenham,10,FAABE_NO_IWM,48,0.2537825107574463
Kitchenham,10,FAABE_NO_IWM,49,0.2537825107574463
Kitchenham,10,FAABE_NO_IWM,50,0.2537825107574463
Kitchenham,10,FAABE_NO_IWM,51,0.2537825107574463
Kitchenham,10,FAABE_NO_IWM,52,0.2537825107574463
Kitchenham,10,FAABE_NO_IWM,53,0.2537825107574463
Kitchenham,10,FAABE_NO_IWM,54,0.2537825107574463
Kitchenham,10,FAABE_NO_IWM,55,0.2537825107574463
Kitchenham,10,FAABE_NO_IWM,56,0.2537825107574463
Kitchenham,10,FAABE_NO_IWM,57,0.2537825107574463
Kitchenham,10,FAABE_NO_IWM,58,0.2537825107574463
Kitchenham,10,FAABE_NO_IWM,59,0.2537825107574463
Kitchenham,10,FAABE_NO_IWM,60,0.2537825107574463
Kitchenham,10,FAABE_NO_IWM,61,0.2537825107574463
Kitchenham,10,FAABE_NO_IWM,62,0.2537825107574463
Kitchenham,10,FAABE_NO_IWM,63,0.2537825107574463
Kitchenham,10,FAABE_NO_IWM,64,0.2537825107574463
Kitchenham,10,FAABE_NO_IWM,65,0.2537825107574463
Kitchenham,10,FAABE_NO_IWM,66,0.2537825107574463
Kitchenham,10,FAABE_NO_IWM,67,0.2537825107574463
Kitchenham,10,FAABE_NO_IWM,68,0.2536623179912567
Kitchenham,10,FAABE_NO_IWM,69,0.2536623179912567
Kitchenham,10,FAABE_NO_IWM,70,0.2536623179912567
Kitchenham,10,FAABE_NO_IWM,71,0.2536623179912567
Kitchenham,10,FAABE_NO_IWM,72,0.2536623179912567
Kitchenham,10,FAABE_NO_IWM,73,0.2536623179912567
Kitchenham,10,FAABE_NO_IWM,74,0.2536623179912567
Kitchenham,10,FAABE_NO_IWM,75,0.2536623179912567
Kitchenham,10,FAABE_NO_IWM,76,0.2536623179912567
Kitchenham,10,FAABE_NO_IWM,77,0.2536623179912567
Kitchenham,10,FAABE_NO_IWM,78,0.2536623179912567
Kitchenham,10,FAABE_NO_IWM,79,0.2536623179912567
Kitchenham,10,FAABE_NO_IWM,80,0.2536623179912567
Kitchenham,10,FAABE_NO_IWM,81,0.2536623179912567
Kitchenham,10,FAABE_NO_IWM,82,0.25305694341659546
Kitchenham,10,FAABE_NO_IWM,83,0.25305694341659546
Kitchenham,10,FAABE_NO_IWM,84,0.25305694341659546
Kitchenham,10,FAABE_NO_IWM,85,0.25305694341659546
Kitchenham,10,FAABE_NO_IWM,86,0.25305694341659546
Kitchenham,10,FAABE_NO_IWM,87,0.25305694341659546
Kitchenham,10,FAABE_NO_IWM,88,0.25305694341659546
Kitchenham,10,FAABE_NO_IWM,89,0.25305694341659546
Kitchenham,10,FAABE_NO_IWM,90,0.25305694341659546
Kitchenham,10,FAABE_NO_IWM,91,0.25305694341659546
Kitchenham,10,FAABE_NO_IWM,92,0.25305694341659546
Kitchenham,10,FAABE_NO_IWM,93,0.25305694341659546
Kitchenham,10,FAABE_NO_IWM,94,0.25305694341659546
Kitchenham,10,FAABE_NO_IWM,95,0.25305694341659546
Kitchenham,10,FAABE_NO_IWM,96,0.25305694341659546
Kitchenham,10,FAABE_NO_IWM,97,0.25305694341659546
Kitchenham,10,FAABE_NO_IWM,98,0.25305694341659546
Kitchenham,10,FAABE_NO_IWM,99,0.25305694341659546
Kitchenham,10,FAABE_NO_IWM,100,0.25305694341659546
Kitchenham,10,FAABE_FULL,0,0.31589990854263306
Kitchenham,10,FAABE_FULL,1,0.29926666617393494
Kitchenham,10,FAABE_FULL,2,0.2613234221935272
Kitchenham,10,FAABE_FULL,3,0.2613234221935272
Kitchenham,10,FAABE_FULL,4,0.2564692497253418
Kitchenham,10,FAABE_FULL,5,0.2564692497253418
Kitchenham,10,FAABE_FULL,6,0.2564692497253418
Kitchenham,10,FAABE_FULL,7,0.2564692497253418
Kitchenham,10,FAABE_FULL,8,0.2564692497253418
Kitchenham,10,FAABE_FULL,9,0.2564692497253418
Kitchenham,10,FAABE_FULL,10,0.2564692497253418
Kitchenham,10,FAABE_FULL,11,0.2564692497253418
Kitchenham,10,FAABE_FULL,12,0.2564692497253418
Kitchenham,10,FAABE_FULL,13,0.2564692497253418
Kitchenham,10,FAABE_FULL,14,0.2564692497253418
Kitchenham,10,FAABE_FULL,15,0.2564692497253418
Kitchenham,10,FAABE_FULL,16,0.2564692497253418
Kitchenham,10,FAABE_FULL,17,0.2564692497253418
Kitchenham,10,FAABE_FULL,18,0.2564692497253418
Kitchenham,10,FAABE_FULL,19,0.2564692497253418
Kitchenham,10,FAABE_FULL,20,0.2564692497253418
Kitchenham,10,FAABE_FULL,21,0.2564692497253418
Kitchenham,10,FAABE_FULL,22,0.2564692497253418
Kitchenham,10,FAABE_FULL,23,0.2564692497253418
Kitchenham,10,FAABE_FULL,24,0.2564692497253418
Kitchenham,10,FAABE_FULL,25,0.2564692497253418
Kitchenham,10,FAABE_FULL,26,0.2564692497253418
Kitchenham,10,FAABE_FULL,27,0.2564692497253418
Kitchenham,10,FAABE_FULL,28,0.2564692497253418
Kitchenham,10,FAABE_FULL,29,0.2564692497253418
Kitchenham,10,FAABE_FULL,30,0.2564692497253418
Kitchenham,10,FAABE_FULL,31,0.2564692497253418
Kitchenham,10,FAABE_FULL,32,0.2564692497253418
Kitchenham,10,FAABE_FULL,33,0.2564692497253418
Kitchenham,10,FAABE_FULL,34,0.2564692497253418
Kitchenham,10,FAABE_FULL,35,0.2564692497253418
Kitchenham,10,FAABE_FULL,36,0.2564692497253418
Kitchenham,10,FAABE_FULL,37,0.2564692497253418
Kitchenham,10,FAABE_FULL,38,0.2564692497253418
Kitchenham,10,FAABE_FULL,39,0.2564692497253418
Kitchenham,10,FAABE_FULL,40,0.2564692497253418
Kitchenham,10,FAABE_FULL,41,0.2564692497253418
Kitchenham,10,FAABE_FULL,42,0.2564692497253418
Kitchenham,10,FAABE_FULL,43,0.2564692497253418
Kitchenham,10,FAABE_FULL,44,0.2564692497253418
Kitchenham,10,FAABE_FULL,45,0.2564692497253418
Kitchenham,10,FAABE_FULL,46,0.2564692497253418
Kitchenham,10,FAABE_FULL,47,0.2564692497253418
Kitchenham,10,FAABE_FULL,48,0.2564692497253418
Kitchenham,10,FAABE_FULL,49,0.2564692497253418
Kitchenham,10,FAABE_FULL,50,0.2564692497253418
Kitchenham,10,FAABE_FULL,51,0.2564692497253418
Kitchenham,10,FAABE_FULL,52,0.2564692497253418
Kitchenham,10,FAABE_FULL,53,0.2564692497253418
Kitchenham,10,FAABE_FULL,54,0.2564692497253418
Kitchenham,10,FAABE_FULL,55,0.2564692497253418
Kitchenham,10,FAABE_FULL,56,0.2564692497253418
Kitchenham,10,FAABE_FULL,57,0.2564692497253418
Kitchenham,10,FAABE_FULL,58,0.2564692497253418
Kitchenham,10,FAABE_FULL,59,0.2564692497253418
Kitchenham,10,FAABE_FULL,60,0.2564692497253418
Kitchenham,10,FAABE_FULL,61,0.2564692497253418
Kitchenham,10,FAABE_FULL,62,0.2564692497253418
Kitchenham,10,FAABE_FULL,63,0.2564692497253418
Kitchenham,10,FAABE_FULL,64,0.2564692497253418
Kitchenham,10,FAABE_FULL,65,0.2564692497253418
Kitchenham,10,FAABE_FULL,66,0.2564692497253418
Kitchenham,10,FAABE_FULL,67,0.2564692497253418
Kitchenham,10,FAABE_FULL,68,0.2564692497253418
Kitchenham,10,FAABE_FULL,69,0.2564692497253418
Kitchenham,10,FAABE_FULL,70,0.2564692497253418
Kitchenham,10,FAABE_FULL,71,0.2564692497253418
Kitchenham,10,FAABE_FULL,72,0.2564692497253418
Kitchenham,10,FAABE_FULL,73,0.2564692497253418
Kitchenham,10,FAABE_FULL,74,0.2564692497253418
Kitchenham,10,FAABE_FULL,75,0.2564692497253418
Kitchenham,10,FAABE_FULL,76,0.2564692497253418
Kitchenham,10,FAABE_FULL,77,0.2564692497253418
Kitchenham,10,FAABE_FULL,78,0.2564692497253418
Kitchenham,10,FAABE_FULL,79,0.2564692497253418
Kitchenham,10,FAABE_FULL,80,0.2564692497253418
Kitchenham,10,FAABE_FULL,81,0.2564692497253418
Kitchenham,10,FAABE_FULL,82,0.2564692497253418
Kitchenham,10,FAABE_FULL,83,0.2564692497253418
Kitchenham,10,FAABE_FULL,84,0.2564692497253418
Kitchenham,10,FAABE_FULL,85,0.2564692497253418
Kitchenham,10,FAABE_FULL,86,0.2564692497253418
Kitchenham,10,FAABE_FULL,87,0.2564692497253418
Kitchenham,10,FAABE_FULL,88,0.2564692497253418
Kitchenham,10,FAABE_FULL,89,0.2564692497253418
Kitchenham,10,FAABE_FULL,90,0.2564692497253418
Kitchenham,10,FAABE_FULL,91,0.2564692497253418
Kitchenham,10,FAABE_FULL,92,0.2564692497253418
Kitchenham,10,FAABE_FULL,93,0.2564692497253418
Kitchenham,10,FAABE_FULL,94,0.2564692497253418
Kitchenham,10,FAABE_FULL,95,0.2564692497253418
Kitchenham,10,FAABE_FULL,96,0.2564692497253418
Kitchenham,10,FAABE_FULL,97,0.2564692497253418
Kitchenham,10,FAABE_FULL,98,0.2564692497253418
Kitchenham,10,FAABE_FULL,99,0.2564692497253418
Kitchenham,10,FAABE_FULL,100,0.2564692497253418
