Dataset,Fold,Variant,Iteration,Best_Training_MMRE
COCOMO81,1,FAABE_NO_PEARSON,0,3.3432388305664062
COCOMO81,1,FAABE_NO_PEARSON,1,1.8184455633163452
COCOMO81,1,FAABE_NO_PEARSON,2,1.712276577949524
COCOMO81,1,FAABE_NO_PEARSON,3,1.712276577949524
COCOMO81,1,FAABE_NO_PEARSON,4,1.380277156829834
COCOMO81,1,FAABE_NO_PEARSON,5,1.380277156829834
COCOMO81,1,FAABE_NO_PEARSON,6,1.2084109783172607
COCOMO81,1,FAABE_NO_PEARSON,7,1.2084109783172607
COCOMO81,1,FAABE_NO_PEARSON,8,1.2084109783172607
COCOMO81,1,FAABE_NO_PEARSON,9,1.2084109783172607
COCOMO81,1,FAABE_NO_PEARSON,10,1.2084109783172607
COCOMO81,1,FAABE_NO_PEARSON,11,1.2084109783172607
COCOMO81,1,FAABE_NO_PEARSON,12,1.2084109783172607
COCOMO81,1,FAABE_NO_PEARSON,13,1.2084109783172607
COCOMO81,1,FAABE_NO_PEARSON,14,1.2084109783172607
COCOMO81,1,FAABE_NO_PEARSON,15,1.2084109783172607
COCOMO81,1,FAABE_NO_PEARSON,16,1.2084109783172607
COCOMO81,1,FAABE_NO_PEARSON,17,1.2084109783172607
COCOMO81,1,FAABE_NO_PEARSON,18,1.2084109783172607
COCOMO81,1,FAABE_NO_PEARSON,19,1.2084109783172607
COCOMO81,1,FAABE_NO_PEARSON,20,1.1784223318099976
COCOMO81,1,FAABE_NO_PEARSON,21,1.1784223318099976
COCOMO81,1,FAABE_NO_PEARSON,22,1.1784223318099976
COCOMO81,1,FAABE_NO_PEARSON,23,1.1784223318099976
COCOMO81,1,FAABE_NO_PEARSON,24,1.1784223318099976
COCOMO81,1,FAABE_NO_PEARSON,25,1.1784223318099976
COCOMO81,1,FAABE_NO_PEARSON,26,1.1784223318099976
COCOMO81,1,FAABE_NO_PEARSON,27,1.1784223318099976
COCOMO81,1,FAABE_NO_PEARSON,28,1.1784223318099976
COCOMO81,1,FAABE_NO_PEARSON,29,1.1784223318099976
COCOMO81,1,FAABE_NO_PEARSON,30,1.1784223318099976
COCOMO81,1,FAABE_NO_PEARSON,31,1.1784223318099976
COCOMO81,1,FAABE_NO_PEARSON,32,1.1784223318099976
COCOMO81,1,FAABE_NO_PEARSON,33,1.1784223318099976
COCOMO81,1,FAABE_NO_PEARSON,34,1.1784223318099976
COCOMO81,1,FAABE_NO_PEARSON,35,1.1784223318099976
COCOMO81,1,FAABE_NO_PEARSON,36,1.1784223318099976
COCOMO81,1,FAABE_NO_PEARSON,37,1.1756373643875122
COCOMO81,1,FAABE_NO_PEARSON,38,1.1756373643875122
COCOMO81,1,FAABE_NO_PEARSON,39,1.1756373643875122
COCOMO81,1,FAABE_NO_PEARSON,40,1.1756373643875122
COCOMO81,1,FAABE_NO_PEARSON,41,1.1756373643875122
COCOMO81,1,FAABE_NO_PEARSON,42,1.1474475860595703
COCOMO81,1,FAABE_NO_PEARSON,43,1.1474475860595703
COCOMO81,1,FAABE_NO_PEARSON,44,1.1474475860595703
COCOMO81,1,FAABE_NO_PEARSON,45,1.1474475860595703
COCOMO81,1,FAABE_NO_PEARSON,46,1.0993762016296387
COCOMO81,1,FAABE_NO_PEARSON,47,1.0993762016296387
COCOMO81,1,FAABE_NO_PEARSON,48,1.0993762016296387
COCOMO81,1,FAABE_NO_PEARSON,49,1.0993762016296387
COCOMO81,1,FAABE_NO_PEARSON,50,1.0993762016296387
COCOMO81,1,FAABE_NO_PEARSON,51,1.0304726362228394
COCOMO81,1,FAABE_NO_PEARSON,52,1.0304726362228394
COCOMO81,1,FAABE_NO_PEARSON,53,1.0304726362228394
COCOMO81,1,FAABE_NO_PEARSON,54,1.0304726362228394
COCOMO81,1,FAABE_NO_PEARSON,55,1.0304726362228394
COCOMO81,1,FAABE_NO_PEARSON,56,1.0304726362228394
COCOMO81,1,FAABE_NO_PEARSON,57,1.0304726362228394
COCOMO81,1,FAABE_NO_PEARSON,58,1.0304726362228394
COCOMO81,1,FAABE_NO_PEARSON,59,1.0304726362228394
COCOMO81,1,FAABE_NO_PEARSON,60,1.0304726362228394
COCOMO81,1,FAABE_NO_PEARSON,61,0.9733357429504395
COCOMO81,1,FAABE_NO_PEARSON,62,0.9733357429504395
COCOMO81,1,FAABE_NO_PEARSON,63,0.9733357429504395
COCOMO81,1,FAABE_NO_PEARSON,64,0.9733357429504395
COCOMO81,1,FAABE_NO_PEARSON,65,0.9733357429504395
COCOMO81,1,FAABE_NO_PEARSON,66,0.9733357429504395
COCOMO81,1,FAABE_NO_PEARSON,67,0.9733357429504395
COCOMO81,1,FAABE_NO_PEARSON,68,0.9733357429504395
COCOMO81,1,FAABE_NO_PEARSON,69,0.9733357429504395
COCOMO81,1,FAABE_NO_PEARSON,70,0.9733357429504395
COCOMO81,1,FAABE_NO_PEARSON,71,0.9733357429504395
COCOMO81,1,FAABE_NO_PEARSON,72,0.9733357429504395
COCOMO81,1,FAABE_NO_PEARSON,73,0.9733357429504395
COCOMO81,1,FAABE_NO_PEARSON,74,0.9733357429504395
COCOMO81,1,FAABE_NO_PEARSON,75,0.9733357429504395
COCOMO81,1,FAABE_NO_PEARSON,76,0.9733357429504395
COCOMO81,1,FAABE_NO_PEARSON,77,0.9733357429504395
COCOMO81,1,FAABE_NO_PEARSON,78,0.9733357429504395
COCOMO81,1,FAABE_NO_PEARSON,79,0.9733357429504395
COCOMO81,1,FAABE_NO_PEARSON,80,0.9733357429504395
COCOMO81,1,FAABE_NO_PEARSON,81,0.9733357429504395
COCOMO81,1,FAABE_NO_PEARSON,82,0.9733357429504395
COCOMO81,1,FAABE_NO_PEARSON,83,0.9733357429504395
COCOMO81,1,FAABE_NO_PEARSON,84,0.9733357429504395
COCOMO81,1,FAABE_NO_PEARSON,85,0.9733357429504395
COCOMO81,1,FAABE_NO_PEARSON,86,0.9733357429504395
COCOMO81,1,FAABE_NO_PEARSON,87,0.9733357429504395
COCOMO81,1,FAABE_NO_PEARSON,88,0.9733357429504395
COCOMO81,1,FAABE_NO_PEARSON,89,0.9733357429504395
COCOMO81,1,FAABE_NO_PEARSON,90,0.9733357429504395
COCOMO81,1,FAABE_NO_PEARSON,91,0.9733357429504395
COCOMO81,1,FAABE_NO_PEARSON,92,0.9733357429504395
COCOMO81,1,FAABE_NO_PEARSON,93,0.9733357429504395
COCOMO81,1,FAABE_NO_PEARSON,94,0.9733357429504395
COCOMO81,1,FAABE_NO_PEARSON,95,0.9733357429504395
COCOMO81,1,FAABE_NO_PEARSON,96,0.9733357429504395
COCOMO81,1,FAABE_NO_PEARSON,97,0.950944721698761
COCOMO81,1,FAABE_NO_PEARSON,98,0.950944721698761
COCOMO81,1,FAABE_NO_PEARSON,99,0.950944721698761
COCOMO81,1,FAABE_NO_PEARSON,100,0.950944721698761
COCOMO81,1,FAABE_NO_IWM,0,1.5469882488250732
COCOMO81,1,FAABE_NO_IWM,1,1.4933103322982788
COCOMO81,1,FAABE_NO_IWM,2,1.4725326299667358
COCOMO81,1,FAABE_NO_IWM,3,1.4725326299667358
COCOMO81,1,FAABE_NO_IWM,4,1.4712679386138916
COCOMO81,1,FAABE_NO_IWM,5,1.448871374130249
COCOMO81,1,FAABE_NO_IWM,6,1.4380296468734741
COCOMO81,1,FAABE_NO_IWM,7,1.4380296468734741
COCOMO81,1,FAABE_NO_IWM,8,1.4333512783050537
COCOMO81,1,FAABE_NO_IWM,9,1.4333512783050537
COCOMO81,1,FAABE_NO_IWM,10,1.4333512783050537
COCOMO81,1,FAABE_NO_IWM,11,1.4333512783050537
COCOMO81,1,FAABE_NO_IWM,12,1.4333512783050537
COCOMO81,1,FAABE_NO_IWM,13,1.4333512783050537
COCOMO81,1,FAABE_NO_IWM,14,1.4333512783050537
COCOMO81,1,FAABE_NO_IWM,15,1.4333512783050537
COCOMO81,1,FAABE_NO_IWM,16,1.4333512783050537
COCOMO81,1,FAABE_NO_IWM,17,1.4333512783050537
COCOMO81,1,FAABE_NO_IWM,18,1.4333512783050537
COCOMO81,1,FAABE_NO_IWM,19,1.4333512783050537
COCOMO81,1,FAABE_NO_IWM,20,1.4333512783050537
COCOMO81,1,FAABE_NO_IWM,21,1.4333512783050537
COCOMO81,1,FAABE_NO_IWM,22,1.4333512783050537
COCOMO81,1,FAABE_NO_IWM,23,1.4333512783050537
COCOMO81,1,FAABE_NO_IWM,24,1.4333512783050537
COCOMO81,1,FAABE_NO_IWM,25,1.4333512783050537
COCOMO81,1,FAABE_NO_IWM,26,1.4333512783050537
COCOMO81,1,FAABE_NO_IWM,27,1.4333512783050537
COCOMO81,1,FAABE_NO_IWM,28,1.4333512783050537
COCOMO81,1,FAABE_NO_IWM,29,1.4333512783050537
COCOMO81,1,FAABE_NO_IWM,30,1.4333512783050537
COCOMO81,1,FAABE_NO_IWM,31,1.4333512783050537
COCOMO81,1,FAABE_NO_IWM,32,1.4333512783050537
COCOMO81,1,FAABE_NO_IWM,33,1.4333512783050537
COCOMO81,1,FAABE_NO_IWM,34,1.4333512783050537
COCOMO81,1,FAABE_NO_IWM,35,1.4333512783050537
COCOMO81,1,FAABE_NO_IWM,36,1.4333512783050537
COCOMO81,1,FAABE_NO_IWM,37,1.4333512783050537
COCOMO81,1,FAABE_NO_IWM,38,1.4333512783050537
COCOMO81,1,FAABE_NO_IWM,39,1.4333512783050537
COCOMO81,1,FAABE_NO_IWM,40,1.4333512783050537
COCOMO81,1,FAABE_NO_IWM,41,1.4333512783050537
COCOMO81,1,FAABE_NO_IWM,42,1.4333512783050537
COCOMO81,1,FAABE_NO_IWM,43,1.4333512783050537
COCOMO81,1,FAABE_NO_IWM,44,1.4333512783050537
COCOMO81,1,FAABE_NO_IWM,45,1.4333512783050537
COCOMO81,1,FAABE_NO_IWM,46,1.4333512783050537
COCOMO81,1,FAABE_NO_IWM,47,1.4333512783050537
COCOMO81,1,FAABE_NO_IWM,48,1.4333512783050537
COCOMO81,1,FAABE_NO_IWM,49,1.4333512783050537
COCOMO81,1,FAABE_NO_IWM,50,1.4333512783050537
COCOMO81,1,FAABE_NO_IWM,51,1.4333512783050537
COCOMO81,1,FAABE_NO_IWM,52,1.4333512783050537
COCOMO81,1,FAABE_NO_IWM,53,1.4333512783050537
COCOMO81,1,FAABE_NO_IWM,54,1.4333512783050537
COCOMO81,1,FAABE_NO_IWM,55,1.4333512783050537
COCOMO81,1,FAABE_NO_IWM,56,1.4333512783050537
COCOMO81,1,FAABE_NO_IWM,57,1.4333512783050537
COCOMO81,1,FAABE_NO_IWM,58,1.4333512783050537
COCOMO81,1,FAABE_NO_IWM,59,1.4333512783050537
COCOMO81,1,FAABE_NO_IWM,60,1.4333512783050537
COCOMO81,1,FAABE_NO_IWM,61,1.4333512783050537
COCOMO81,1,FAABE_NO_IWM,62,1.4333512783050537
COCOMO81,1,FAABE_NO_IWM,63,1.4333512783050537
COCOMO81,1,FAABE_NO_IWM,64,1.4333512783050537
COCOMO81,1,FAABE_NO_IWM,65,1.4333512783050537
COCOMO81,1,FAABE_NO_IWM,66,1.4324796199798584
COCOMO81,1,FAABE_NO_IWM,67,1.4324796199798584
COCOMO81,1,FAABE_NO_IWM,68,1.4324796199798584
COCOMO81,1,FAABE_NO_IWM,69,1.4324796199798584
COCOMO81,1,FAABE_NO_IWM,70,1.4324796199798584
COCOMO81,1,FAABE_NO_IWM,71,1.4324796199798584
COCOMO81,1,FAABE_NO_IWM,72,1.4324796199798584
COCOMO81,1,FAABE_NO_IWM,73,1.4324796199798584
COCOMO81,1,FAABE_NO_IWM,74,1.4324796199798584
COCOMO81,1,FAABE_NO_IWM,75,1.4324796199798584
COCOMO81,1,FAABE_NO_IWM,76,1.4324796199798584
COCOMO81,1,FAABE_NO_IWM,77,1.4324796199798584
COCOMO81,1,FAABE_NO_IWM,78,1.4324796199798584
COCOMO81,1,FAABE_NO_IWM,79,1.4324796199798584
COCOMO81,1,FAABE_NO_IWM,80,1.4324796199798584
COCOMO81,1,FAABE_NO_IWM,81,1.4324796199798584
COCOMO81,1,FAABE_NO_IWM,82,1.4324796199798584
COCOMO81,1,FAABE_NO_IWM,83,1.4324796199798584
COCOMO81,1,FAABE_NO_IWM,84,1.4324796199798584
COCOMO81,1,FAABE_NO_IWM,85,1.4324796199798584
COCOMO81,1,FAABE_NO_IWM,86,1.4324796199798584
COCOMO81,1,FAABE_NO_IWM,87,1.4324796199798584
COCOMO81,1,FAABE_NO_IWM,88,1.4324796199798584
COCOMO81,1,FAABE_NO_IWM,89,1.4324796199798584
COCOMO81,1,FAABE_NO_IWM,90,1.4324796199798584
COCOMO81,1,FAABE_NO_IWM,91,1.4324796199798584
COCOMO81,1,FAABE_NO_IWM,92,1.4324796199798584
COCOMO81,1,FAABE_NO_IWM,93,1.4324796199798584
COCOMO81,1,FAABE_NO_IWM,94,1.4324796199798584
COCOMO81,1,FAABE_NO_IWM,95,1.4324796199798584
COCOMO81,1,FAABE_NO_IWM,96,1.4324796199798584
COCOMO81,1,FAABE_NO_IWM,97,1.4324796199798584
COCOMO81,1,FAABE_NO_IWM,98,1.4324796199798584
COCOMO81,1,FAABE_NO_IWM,99,1.4324796199798584
COCOMO81,1,FAABE_NO_IWM,100,1.4324796199798584
COCOMO81,1,FAABE_FULL,0,1.8123130798339844
COCOMO81,1,FAABE_FULL,1,1.737776279449463
COCOMO81,1,FAABE_FULL,2,1.6895852088928223
COCOMO81,1,FAABE_FULL,3,1.6895852088928223
COCOMO81,1,FAABE_FULL,4,1.6895852088928223
COCOMO81,1,FAABE_FULL,5,1.6895852088928223
COCOMO81,1,FAABE_FULL,6,1.6818194389343262
COCOMO81,1,FAABE_FULL,7,1.6751086711883545
COCOMO81,1,FAABE_FULL,8,1.6751086711883545
COCOMO81,1,FAABE_FULL,9,1.6751086711883545
COCOMO81,1,FAABE_FULL,10,1.6751086711883545
COCOMO81,1,FAABE_FULL,11,1.6751086711883545
COCOMO81,1,FAABE_FULL,12,1.6751086711883545
COCOMO81,1,FAABE_FULL,13,1.6751086711883545
COCOMO81,1,FAABE_FULL,14,1.6751086711883545
COCOMO81,1,FAABE_FULL,15,1.6751086711883545
COCOMO81,1,FAABE_FULL,16,1.6751086711883545
COCOMO81,1,FAABE_FULL,17,1.6751086711883545
COCOMO81,1,FAABE_FULL,18,1.6751086711883545
COCOMO81,1,FAABE_FULL,19,1.6751086711883545
COCOMO81,1,FAABE_FULL,20,1.6751086711883545
COCOMO81,1,FAABE_FULL,21,1.6751086711883545
COCOMO81,1,FAABE_FULL,22,1.6695828437805176
COCOMO81,1,FAABE_FULL,23,1.6695828437805176
COCOMO81,1,FAABE_FULL,24,1.6695828437805176
COCOMO81,1,FAABE_FULL,25,1.6695828437805176
COCOMO81,1,FAABE_FULL,26,1.647494912147522
COCOMO81,1,FAABE_FULL,27,1.647494912147522
COCOMO81,1,FAABE_FULL,28,1.647494912147522
COCOMO81,1,FAABE_FULL,29,1.647494912147522
COCOMO81,1,FAABE_FULL,30,1.647494912147522
COCOMO81,1,FAABE_FULL,31,1.647494912147522
COCOMO81,1,FAABE_FULL,32,1.647494912147522
COCOMO81,1,FAABE_FULL,33,1.647494912147522
COCOMO81,1,FAABE_FULL,34,1.647494912147522
COCOMO81,1,FAABE_FULL,35,1.647494912147522
COCOMO81,1,FAABE_FULL,36,1.647494912147522
COCOMO81,1,FAABE_FULL,37,1.647494912147522
COCOMO81,1,FAABE_FULL,38,1.647494912147522
COCOMO81,1,FAABE_FULL,39,1.647494912147522
COCOMO81,1,FAABE_FULL,40,1.647494912147522
COCOMO81,1,FAABE_FULL,41,1.647494912147522
COCOMO81,1,FAABE_FULL,42,1.647494912147522
COCOMO81,1,FAABE_FULL,43,1.647494912147522
COCOMO81,1,FAABE_FULL,44,1.647494912147522
COCOMO81,1,FAABE_FULL,45,1.647494912147522
COCOMO81,1,FAABE_FULL,46,1.647494912147522
COCOMO81,1,FAABE_FULL,47,1.647494912147522
COCOMO81,1,FAABE_FULL,48,1.647494912147522
COCOMO81,1,FAABE_FULL,49,1.647494912147522
COCOMO81,1,FAABE_FULL,50,1.647494912147522
COCOMO81,1,FAABE_FULL,51,1.647494912147522
COCOMO81,1,FAABE_FULL,52,1.647494912147522
COCOMO81,1,FAABE_FULL,53,1.647494912147522
COCOMO81,1,FAABE_FULL,54,1.647494912147522
COCOMO81,1,FAABE_FULL,55,1.647494912147522
COCOMO81,1,FAABE_FULL,56,1.647494912147522
COCOMO81,1,FAABE_FULL,57,1.647494912147522
COCOMO81,1,FAABE_FULL,58,1.647494912147522
COCOMO81,1,FAABE_FULL,59,1.647494912147522
COCOMO81,1,FAABE_FULL,60,1.647494912147522
COCOMO81,1,FAABE_FULL,61,1.647494912147522
COCOMO81,1,FAABE_FULL,62,1.647494912147522
COCOMO81,1,FAABE_FULL,63,1.647494912147522
COCOMO81,1,FAABE_FULL,64,1.647494912147522
COCOMO81,1,FAABE_FULL,65,1.647494912147522
COCOMO81,1,FAABE_FULL,66,1.647494912147522
COCOMO81,1,FAABE_FULL,67,1.647494912147522
COCOMO81,1,FAABE_FULL,68,1.647494912147522
COCOMO81,1,FAABE_FULL,69,1.647494912147522
COCOMO81,1,FAABE_FULL,70,1.647494912147522
COCOMO81,1,FAABE_FULL,71,1.6323328018188477
COCOMO81,1,FAABE_FULL,72,1.6323328018188477
COCOMO81,1,FAABE_FULL,73,1.6323328018188477
COCOMO81,1,FAABE_FULL,74,1.6323328018188477
COCOMO81,1,FAABE_FULL,75,1.6323328018188477
COCOMO81,1,FAABE_FULL,76,1.6323328018188477
COCOMO81,1,FAABE_FULL,77,1.6323328018188477
COCOMO81,1,FAABE_FULL,78,1.6323328018188477
COCOMO81,1,FAABE_FULL,79,1.6323328018188477
COCOMO81,1,FAABE_FULL,80,1.6323328018188477
COCOMO81,1,FAABE_FULL,81,1.6323328018188477
COCOMO81,1,FAABE_FULL,82,1.6323328018188477
COCOMO81,1,FAABE_FULL,83,1.6323328018188477
COCOMO81,1,FAABE_FULL,84,1.6323328018188477
COCOMO81,1,FAABE_FULL,85,1.6323328018188477
COCOMO81,1,FAABE_FULL,86,1.6323328018188477
COCOMO81,1,FAABE_FULL,87,1.6323328018188477
COCOMO81,1,FAABE_FULL,88,1.6323328018188477
COCOMO81,1,FAABE_FULL,89,1.6323328018188477
COCOMO81,1,FAABE_FULL,90,1.6323328018188477
COCOMO81,1,FAABE_FULL,91,1.6323328018188477
COCOMO81,1,FAABE_FULL,92,1.6323328018188477
COCOMO81,1,FAABE_FULL,93,1.6323328018188477
COCOMO81,1,FAABE_FULL,94,1.6323328018188477
COCOMO81,1,FAABE_FULL,95,1.6323328018188477
COCOMO81,1,FAABE_FULL,96,1.6323328018188477
COCOMO81,1,FAABE_FULL,97,1.6323328018188477
COCOMO81,1,FAABE_FULL,98,1.6323328018188477
COCOMO81,1,FAABE_FULL,99,1.6323328018188477
COCOMO81,1,FAABE_FULL,100,1.6323328018188477
COCOMO81,2,FAABE_NO_PEARSON,0,3.3087446689605713
COCOMO81,2,FAABE_NO_PEARSON,1,2.780592441558838
COCOMO81,2,FAABE_NO_PEARSON,2,1.9715832471847534
COCOMO81,2,FAABE_NO_PEARSON,3,1.4849830865859985
COCOMO81,2,FAABE_NO_PEARSON,4,1.4849830865859985
COCOMO81,2,FAABE_NO_PEARSON,5,1.4849830865859985
COCOMO81,2,FAABE_NO_PEARSON,6,1.4849830865859985
COCOMO81,2,FAABE_NO_PEARSON,7,1.4849830865859985
COCOMO81,2,FAABE_NO_PEARSON,8,1.3848668336868286
COCOMO81,2,FAABE_NO_PEARSON,9,1.3848668336868286
COCOMO81,2,FAABE_NO_PEARSON,10,1.3848668336868286
COCOMO81,2,FAABE_NO_PEARSON,11,1.3633010387420654
COCOMO81,2,FAABE_NO_PEARSON,12,1.3633010387420654
COCOMO81,2,FAABE_NO_PEARSON,13,1.3633010387420654
COCOMO81,2,FAABE_NO_PEARSON,14,1.3633010387420654
COCOMO81,2,FAABE_NO_PEARSON,15,1.3013337850570679
COCOMO81,2,FAABE_NO_PEARSON,16,1.3013337850570679
COCOMO81,2,FAABE_NO_PEARSON,17,1.3013337850570679
COCOMO81,2,FAABE_NO_PEARSON,18,1.3013337850570679
COCOMO81,2,FAABE_NO_PEARSON,19,1.2661223411560059
COCOMO81,2,FAABE_NO_PEARSON,20,1.2661223411560059
COCOMO81,2,FAABE_NO_PEARSON,21,1.2661223411560059
COCOMO81,2,FAABE_NO_PEARSON,22,1.2661223411560059
COCOMO81,2,FAABE_NO_PEARSON,23,1.2661223411560059
COCOMO81,2,FAABE_NO_PEARSON,24,1.2661223411560059
COCOMO81,2,FAABE_NO_PEARSON,25,1.2661223411560059
COCOMO81,2,FAABE_NO_PEARSON,26,1.2661223411560059
COCOMO81,2,FAABE_NO_PEARSON,27,1.2661223411560059
COCOMO81,2,FAABE_NO_PEARSON,28,1.2661223411560059
COCOMO81,2,FAABE_NO_PEARSON,29,1.2661223411560059
COCOMO81,2,FAABE_NO_PEARSON,30,1.2661223411560059
COCOMO81,2,FAABE_NO_PEARSON,31,1.2661223411560059
COCOMO81,2,FAABE_NO_PEARSON,32,1.2661223411560059
COCOMO81,2,FAABE_NO_PEARSON,33,1.2661223411560059
COCOMO81,2,FAABE_NO_PEARSON,34,1.2661223411560059
COCOMO81,2,FAABE_NO_PEARSON,35,1.2661223411560059
COCOMO81,2,FAABE_NO_PEARSON,36,1.2661223411560059
COCOMO81,2,FAABE_NO_PEARSON,37,1.2661223411560059
COCOMO81,2,FAABE_NO_PEARSON,38,1.2661223411560059
COCOMO81,2,FAABE_NO_PEARSON,39,1.2396841049194336
COCOMO81,2,FAABE_NO_PEARSON,40,1.2231847047805786
COCOMO81,2,FAABE_NO_PEARSON,41,1.2231847047805786
COCOMO81,2,FAABE_NO_PEARSON,42,1.2231847047805786
COCOMO81,2,FAABE_NO_PEARSON,43,1.2231847047805786
COCOMO81,2,FAABE_NO_PEARSON,44,1.2231847047805786
COCOMO81,2,FAABE_NO_PEARSON,45,1.2231847047805786
COCOMO81,2,FAABE_NO_PEARSON,46,1.2231847047805786
COCOMO81,2,FAABE_NO_PEARSON,47,1.2231847047805786
COCOMO81,2,FAABE_NO_PEARSON,48,1.2231847047805786
COCOMO81,2,FAABE_NO_PEARSON,49,1.2231847047805786
COCOMO81,2,FAABE_NO_PEARSON,50,1.2231847047805786
COCOMO81,2,FAABE_NO_PEARSON,51,1.2231847047805786
COCOMO81,2,FAABE_NO_PEARSON,52,1.2111563682556152
COCOMO81,2,FAABE_NO_PEARSON,53,1.2111563682556152
COCOMO81,2,FAABE_NO_PEARSON,54,1.2111563682556152
COCOMO81,2,FAABE_NO_PEARSON,55,1.2111563682556152
COCOMO81,2,FAABE_NO_PEARSON,56,1.1857938766479492
COCOMO81,2,FAABE_NO_PEARSON,57,1.1857938766479492
COCOMO81,2,FAABE_NO_PEARSON,58,1.1857938766479492
COCOMO81,2,FAABE_NO_PEARSON,59,1.1857938766479492
COCOMO81,2,FAABE_NO_PEARSON,60,1.1857938766479492
COCOMO81,2,FAABE_NO_PEARSON,61,1.1857938766479492
COCOMO81,2,FAABE_NO_PEARSON,62,1.1857938766479492
COCOMO81,2,FAABE_NO_PEARSON,63,1.1857938766479492
COCOMO81,2,FAABE_NO_PEARSON,64,1.1857938766479492
COCOMO81,2,FAABE_NO_PEARSON,65,1.1857938766479492
COCOMO81,2,FAABE_NO_PEARSON,66,1.1857938766479492
COCOMO81,2,FAABE_NO_PEARSON,67,1.1857938766479492
COCOMO81,2,FAABE_NO_PEARSON,68,1.1857938766479492
COCOMO81,2,FAABE_NO_PEARSON,69,1.1477071046829224
COCOMO81,2,FAABE_NO_PEARSON,70,1.1477071046829224
COCOMO81,2,FAABE_NO_PEARSON,71,1.1477071046829224
COCOMO81,2,FAABE_NO_PEARSON,72,1.1477071046829224
COCOMO81,2,FAABE_NO_PEARSON,73,1.1477071046829224
COCOMO81,2,FAABE_NO_PEARSON,74,1.1477071046829224
COCOMO81,2,FAABE_NO_PEARSON,75,1.1477071046829224
COCOMO81,2,FAABE_NO_PEARSON,76,0.9959225654602051
COCOMO81,2,FAABE_NO_PEARSON,77,0.9959225654602051
COCOMO81,2,FAABE_NO_PEARSON,78,0.9959225654602051
COCOMO81,2,FAABE_NO_PEARSON,79,0.9959225654602051
COCOMO81,2,FAABE_NO_PEARSON,80,0.9578884243965149
COCOMO81,2,FAABE_NO_PEARSON,81,0.9578884243965149
COCOMO81,2,FAABE_NO_PEARSON,82,0.9578884243965149
COCOMO81,2,FAABE_NO_PEARSON,83,0.9578884243965149
COCOMO81,2,FAABE_NO_PEARSON,84,0.9578884243965149
COCOMO81,2,FAABE_NO_PEARSON,85,0.9578884243965149
COCOMO81,2,FAABE_NO_PEARSON,86,0.9578884243965149
COCOMO81,2,FAABE_NO_PEARSON,87,0.9578884243965149
COCOMO81,2,FAABE_NO_PEARSON,88,0.9578884243965149
COCOMO81,2,FAABE_NO_PEARSON,89,0.9578884243965149
COCOMO81,2,FAABE_NO_PEARSON,90,0.9578884243965149
COCOMO81,2,FAABE_NO_PEARSON,91,0.9578884243965149
COCOMO81,2,FAABE_NO_PEARSON,92,0.9578884243965149
COCOMO81,2,FAABE_NO_PEARSON,93,0.9578884243965149
COCOMO81,2,FAABE_NO_PEARSON,94,0.9578884243965149
COCOMO81,2,FAABE_NO_PEARSON,95,0.9578884243965149
COCOMO81,2,FAABE_NO_PEARSON,96,0.9578884243965149
COCOMO81,2,FAABE_NO_PEARSON,97,0.9578884243965149
COCOMO81,2,FAABE_NO_PEARSON,98,0.9578884243965149
COCOMO81,2,FAABE_NO_PEARSON,99,0.9578884243965149
COCOMO81,2,FAABE_NO_PEARSON,100,0.9578884243965149
COCOMO81,2,FAABE_NO_IWM,0,1.5728834867477417
COCOMO81,2,FAABE_NO_IWM,1,1.5728834867477417
COCOMO81,2,FAABE_NO_IWM,2,1.5728834867477417
COCOMO81,2,FAABE_NO_IWM,3,1.5728834867477417
COCOMO81,2,FAABE_NO_IWM,4,1.5728834867477417
COCOMO81,2,FAABE_NO_IWM,5,1.5728834867477417
COCOMO81,2,FAABE_NO_IWM,6,1.5728834867477417
COCOMO81,2,FAABE_NO_IWM,7,1.5728834867477417
COCOMO81,2,FAABE_NO_IWM,8,1.5728834867477417
COCOMO81,2,FAABE_NO_IWM,9,1.5728834867477417
COCOMO81,2,FAABE_NO_IWM,10,1.5728834867477417
COCOMO81,2,FAABE_NO_IWM,11,1.5728834867477417
COCOMO81,2,FAABE_NO_IWM,12,1.5728834867477417
COCOMO81,2,FAABE_NO_IWM,13,1.5728834867477417
COCOMO81,2,FAABE_NO_IWM,14,1.5728834867477417
COCOMO81,2,FAABE_NO_IWM,15,1.5728834867477417
COCOMO81,2,FAABE_NO_IWM,16,1.5728834867477417
COCOMO81,2,FAABE_NO_IWM,17,1.5728834867477417
COCOMO81,2,FAABE_NO_IWM,18,1.5728834867477417
COCOMO81,2,FAABE_NO_IWM,19,1.5728834867477417
COCOMO81,2,FAABE_NO_IWM,20,1.5728834867477417
COCOMO81,2,FAABE_NO_IWM,21,1.5728834867477417
COCOMO81,2,FAABE_NO_IWM,22,1.5728834867477417
COCOMO81,2,FAABE_NO_IWM,23,1.5728834867477417
COCOMO81,2,FAABE_NO_IWM,24,1.5728834867477417
COCOMO81,2,FAABE_NO_IWM,25,1.5728834867477417
COCOMO81,2,FAABE_NO_IWM,26,1.5728834867477417
COCOMO81,2,FAABE_NO_IWM,27,1.5728834867477417
COCOMO81,2,FAABE_NO_IWM,28,1.5728834867477417
COCOMO81,2,FAABE_NO_IWM,29,1.5728834867477417
COCOMO81,2,FAABE_NO_IWM,30,1.5728834867477417
COCOMO81,2,FAABE_NO_IWM,31,1.5728834867477417
COCOMO81,2,FAABE_NO_IWM,32,1.5728834867477417
COCOMO81,2,FAABE_NO_IWM,33,1.5728834867477417
COCOMO81,2,FAABE_NO_IWM,34,1.5728834867477417
COCOMO81,2,FAABE_NO_IWM,35,1.5728834867477417
COCOMO81,2,FAABE_NO_IWM,36,1.5728834867477417
COCOMO81,2,FAABE_NO_IWM,37,1.5728834867477417
COCOMO81,2,FAABE_NO_IWM,38,1.5728834867477417
COCOMO81,2,FAABE_NO_IWM,39,1.5728834867477417
COCOMO81,2,FAABE_NO_IWM,40,1.5728834867477417
COCOMO81,2,FAABE_NO_IWM,41,1.5728834867477417
COCOMO81,2,FAABE_NO_IWM,42,1.5728834867477417
COCOMO81,2,FAABE_NO_IWM,43,1.5728834867477417
COCOMO81,2,FAABE_NO_IWM,44,1.5728834867477417
COCOMO81,2,FAABE_NO_IWM,45,1.5728834867477417
COCOMO81,2,FAABE_NO_IWM,46,1.5728834867477417
COCOMO81,2,FAABE_NO_IWM,47,1.5728834867477417
COCOMO81,2,FAABE_NO_IWM,48,1.5728834867477417
COCOMO81,2,FAABE_NO_IWM,49,1.5728834867477417
COCOMO81,2,FAABE_NO_IWM,50,1.5728834867477417
COCOMO81,2,FAABE_NO_IWM,51,1.5728834867477417
COCOMO81,2,FAABE_NO_IWM,52,1.5728834867477417
COCOMO81,2,FAABE_NO_IWM,53,1.5728834867477417
COCOMO81,2,FAABE_NO_IWM,54,1.5728834867477417
COCOMO81,2,FAABE_NO_IWM,55,1.5728834867477417
COCOMO81,2,FAABE_NO_IWM,56,1.5728834867477417
COCOMO81,2,FAABE_NO_IWM,57,1.5728834867477417
COCOMO81,2,FAABE_NO_IWM,58,1.5728834867477417
COCOMO81,2,FAABE_NO_IWM,59,1.5728834867477417
COCOMO81,2,FAABE_NO_IWM,60,1.5728834867477417
COCOMO81,2,FAABE_NO_IWM,61,1.5728834867477417
COCOMO81,2,FAABE_NO_IWM,62,1.5728834867477417
COCOMO81,2,FAABE_NO_IWM,63,1.5728834867477417
COCOMO81,2,FAABE_NO_IWM,64,1.5728834867477417
COCOMO81,2,FAABE_NO_IWM,65,1.5728834867477417
COCOMO81,2,FAABE_NO_IWM,66,1.5728834867477417
COCOMO81,2,FAABE_NO_IWM,67,1.5728834867477417
COCOMO81,2,FAABE_NO_IWM,68,1.5728834867477417
COCOMO81,2,FAABE_NO_IWM,69,1.5728834867477417
COCOMO81,2,FAABE_NO_IWM,70,1.5728834867477417
COCOMO81,2,FAABE_NO_IWM,71,1.5728834867477417
COCOMO81,2,FAABE_NO_IWM,72,1.5728834867477417
COCOMO81,2,FAABE_NO_IWM,73,1.5728834867477417
COCOMO81,2,FAABE_NO_IWM,74,1.5728834867477417
COCOMO81,2,FAABE_NO_IWM,75,1.5728834867477417
COCOMO81,2,FAABE_NO_IWM,76,1.5728834867477417
COCOMO81,2,FAABE_NO_IWM,77,1.5728834867477417
COCOMO81,2,FAABE_NO_IWM,78,1.5728834867477417
COCOMO81,2,FAABE_NO_IWM,79,1.5728834867477417
COCOMO81,2,FAABE_NO_IWM,80,1.5728834867477417
COCOMO81,2,FAABE_NO_IWM,81,1.5728834867477417
COCOMO81,2,FAABE_NO_IWM,82,1.5728834867477417
COCOMO81,2,FAABE_NO_IWM,83,1.5728834867477417
COCOMO81,2,FAABE_NO_IWM,84,1.5728834867477417
COCOMO81,2,FAABE_NO_IWM,85,1.5728834867477417
COCOMO81,2,FAABE_NO_IWM,86,1.5728834867477417
COCOMO81,2,FAABE_NO_IWM,87,1.5728834867477417
COCOMO81,2,FAABE_NO_IWM,88,1.5728834867477417
COCOMO81,2,FAABE_NO_IWM,89,1.5728834867477417
COCOMO81,2,FAABE_NO_IWM,90,1.5728834867477417
COCOMO81,2,FAABE_NO_IWM,91,1.5728834867477417
COCOMO81,2,FAABE_NO_IWM,92,1.5728834867477417
COCOMO81,2,FAABE_NO_IWM,93,1.5728834867477417
COCOMO81,2,FAABE_NO_IWM,94,1.5728834867477417
COCOMO81,2,FAABE_NO_IWM,95,1.5728834867477417
COCOMO81,2,FAABE_NO_IWM,96,1.5728834867477417
COCOMO81,2,FAABE_NO_IWM,97,1.5728834867477417
COCOMO81,2,FAABE_NO_IWM,98,1.5728834867477417
COCOMO81,2,FAABE_NO_IWM,99,1.5728834867477417
COCOMO81,2,FAABE_NO_IWM,100,1.5728834867477417
COCOMO81,2,FAABE_FULL,0,3.024812698364258
COCOMO81,2,FAABE_FULL,1,2.094867706298828
COCOMO81,2,FAABE_FULL,2,2.094867706298828
COCOMO81,2,FAABE_FULL,3,2.094867706298828
COCOMO81,2,FAABE_FULL,4,2.094867706298828
COCOMO81,2,FAABE_FULL,5,2.0133540630340576
COCOMO81,2,FAABE_FULL,6,2.0133540630340576
COCOMO81,2,FAABE_FULL,7,2.0133540630340576
COCOMO81,2,FAABE_FULL,8,2.0133540630340576
COCOMO81,2,FAABE_FULL,9,2.0133540630340576
COCOMO81,2,FAABE_FULL,10,2.0133540630340576
COCOMO81,2,FAABE_FULL,11,2.0133540630340576
COCOMO81,2,FAABE_FULL,12,2.0133540630340576
COCOMO81,2,FAABE_FULL,13,2.0133540630340576
COCOMO81,2,FAABE_FULL,14,2.0133540630340576
COCOMO81,2,FAABE_FULL,15,2.0133540630340576
COCOMO81,2,FAABE_FULL,16,2.0133540630340576
COCOMO81,2,FAABE_FULL,17,2.0133540630340576
COCOMO81,2,FAABE_FULL,18,2.0133540630340576
COCOMO81,2,FAABE_FULL,19,2.0133540630340576
COCOMO81,2,FAABE_FULL,20,2.0133540630340576
COCOMO81,2,FAABE_FULL,21,2.0106678009033203
COCOMO81,2,FAABE_FULL,22,2.0106678009033203
COCOMO81,2,FAABE_FULL,23,2.0106678009033203
COCOMO81,2,FAABE_FULL,24,2.0106678009033203
COCOMO81,2,FAABE_FULL,25,2.0106678009033203
COCOMO81,2,FAABE_FULL,26,2.0104176998138428
COCOMO81,2,FAABE_FULL,27,2.0104176998138428
COCOMO81,2,FAABE_FULL,28,2.0104176998138428
COCOMO81,2,FAABE_FULL,29,2.0104176998138428
COCOMO81,2,FAABE_FULL,30,2.0104176998138428
COCOMO81,2,FAABE_FULL,31,2.0104176998138428
COCOMO81,2,FAABE_FULL,32,2.0104176998138428
COCOMO81,2,FAABE_FULL,33,2.0104176998138428
COCOMO81,2,FAABE_FULL,34,2.0104176998138428
COCOMO81,2,FAABE_FULL,35,2.0104176998138428
COCOMO81,2,FAABE_FULL,36,2.0104176998138428
COCOMO81,2,FAABE_FULL,37,2.0104176998138428
COCOMO81,2,FAABE_FULL,38,2.0104176998138428
COCOMO81,2,FAABE_FULL,39,2.0104176998138428
COCOMO81,2,FAABE_FULL,40,2.0104176998138428
COCOMO81,2,FAABE_FULL,41,2.0104176998138428
COCOMO81,2,FAABE_FULL,42,2.0104176998138428
COCOMO81,2,FAABE_FULL,43,2.0104176998138428
COCOMO81,2,FAABE_FULL,44,2.0104176998138428
COCOMO81,2,FAABE_FULL,45,2.0104176998138428
COCOMO81,2,FAABE_FULL,46,2.0104176998138428
COCOMO81,2,FAABE_FULL,47,2.0104176998138428
COCOMO81,2,FAABE_FULL,48,2.0104176998138428
COCOMO81,2,FAABE_FULL,49,2.0104176998138428
COCOMO81,2,FAABE_FULL,50,2.0104176998138428
COCOMO81,2,FAABE_FULL,51,2.0104176998138428
COCOMO81,2,FAABE_FULL,52,2.0104176998138428
COCOMO81,2,FAABE_FULL,53,2.0104176998138428
COCOMO81,2,FAABE_FULL,54,2.0104176998138428
COCOMO81,2,FAABE_FULL,55,2.0104176998138428
COCOMO81,2,FAABE_FULL,56,2.0023133754730225
COCOMO81,2,FAABE_FULL,57,2.0023133754730225
COCOMO81,2,FAABE_FULL,58,2.0023133754730225
COCOMO81,2,FAABE_FULL,59,2.0023133754730225
COCOMO81,2,FAABE_FULL,60,2.0023133754730225
COCOMO81,2,FAABE_FULL,61,2.0023133754730225
COCOMO81,2,FAABE_FULL,62,2.0023133754730225
COCOMO81,2,FAABE_FULL,63,2.0023133754730225
COCOMO81,2,FAABE_FULL,64,2.0023133754730225
COCOMO81,2,FAABE_FULL,65,2.0023133754730225
COCOMO81,2,FAABE_FULL,66,2.0023133754730225
COCOMO81,2,FAABE_FULL,67,2.0023133754730225
COCOMO81,2,FAABE_FULL,68,2.0023133754730225
COCOMO81,2,FAABE_FULL,69,2.0023133754730225
COCOMO81,2,FAABE_FULL,70,2.0023133754730225
COCOMO81,2,FAABE_FULL,71,2.0023133754730225
COCOMO81,2,FAABE_FULL,72,2.0023133754730225
COCOMO81,2,FAABE_FULL,73,2.0023133754730225
COCOMO81,2,FAABE_FULL,74,2.0023133754730225
COCOMO81,2,FAABE_FULL,75,2.0023133754730225
COCOMO81,2,FAABE_FULL,76,2.0023133754730225
COCOMO81,2,FAABE_FULL,77,2.0023133754730225
COCOMO81,2,FAABE_FULL,78,2.0023133754730225
COCOMO81,2,FAABE_FULL,79,2.0023133754730225
COCOMO81,2,FAABE_FULL,80,2.0023133754730225
COCOMO81,2,FAABE_FULL,81,2.0023133754730225
COCOMO81,2,FAABE_FULL,82,2.0023133754730225
COCOMO81,2,FAABE_FULL,83,2.0023133754730225
COCOMO81,2,FAABE_FULL,84,2.0023133754730225
COCOMO81,2,FAABE_FULL,85,2.0023133754730225
COCOMO81,2,FAABE_FULL,86,2.0023133754730225
COCOMO81,2,FAABE_FULL,87,2.0023133754730225
COCOMO81,2,FAABE_FULL,88,2.0023133754730225
COCOMO81,2,FAABE_FULL,89,2.0023133754730225
COCOMO81,2,FAABE_FULL,90,2.0023133754730225
COCOMO81,2,FAABE_FULL,91,2.0023133754730225
COCOMO81,2,FAABE_FULL,92,1.9971085786819458
COCOMO81,2,FAABE_FULL,93,1.9971085786819458
COCOMO81,2,FAABE_FULL,94,1.9971085786819458
COCOMO81,2,FAABE_FULL,95,1.9971085786819458
COCOMO81,2,FAABE_FULL,96,1.9945597648620605
COCOMO81,2,FAABE_FULL,97,1.9945597648620605
COCOMO81,2,FAABE_FULL,98,1.9945597648620605
COCOMO81,2,FAABE_FULL,99,1.9945597648620605
COCOMO81,2,FAABE_FULL,100,1.9945597648620605
COCOMO81,3,FAABE_NO_PEARSON,0,2.645354747772217
COCOMO81,3,FAABE_NO_PEARSON,1,2.3669097423553467
COCOMO81,3,FAABE_NO_PEARSON,2,1.909723162651062
COCOMO81,3,FAABE_NO_PEARSON,3,1.8467414379119873
COCOMO81,3,FAABE_NO_PEARSON,4,1.3681339025497437
COCOMO81,3,FAABE_NO_PEARSON,5,1.3681339025497437
COCOMO81,3,FAABE_NO_PEARSON,6,1.3681339025497437
COCOMO81,3,FAABE_NO_PEARSON,7,1.3681339025497437
COCOMO81,3,FAABE_NO_PEARSON,8,1.3681339025497437
COCOMO81,3,FAABE_NO_PEARSON,9,1.3681339025497437
COCOMO81,3,FAABE_NO_PEARSON,10,1.3681339025497437
COCOMO81,3,FAABE_NO_PEARSON,11,1.3681339025497437
COCOMO81,3,FAABE_NO_PEARSON,12,1.3681339025497437
COCOMO81,3,FAABE_NO_PEARSON,13,1.3681339025497437
COCOMO81,3,FAABE_NO_PEARSON,14,1.3681339025497437
COCOMO81,3,FAABE_NO_PEARSON,15,1.3681339025497437
COCOMO81,3,FAABE_NO_PEARSON,16,1.3681339025497437
COCOMO81,3,FAABE_NO_PEARSON,17,1.3681339025497437
COCOMO81,3,FAABE_NO_PEARSON,18,1.3681339025497437
COCOMO81,3,FAABE_NO_PEARSON,19,1.3681339025497437
COCOMO81,3,FAABE_NO_PEARSON,20,1.3681339025497437
COCOMO81,3,FAABE_NO_PEARSON,21,1.3681339025497437
COCOMO81,3,FAABE_NO_PEARSON,22,1.3681339025497437
COCOMO81,3,FAABE_NO_PEARSON,23,1.3681339025497437
COCOMO81,3,FAABE_NO_PEARSON,24,1.3681339025497437
COCOMO81,3,FAABE_NO_PEARSON,25,1.3681339025497437
COCOMO81,3,FAABE_NO_PEARSON,26,1.3681339025497437
COCOMO81,3,FAABE_NO_PEARSON,27,1.3681339025497437
COCOMO81,3,FAABE_NO_PEARSON,28,1.3681339025497437
COCOMO81,3,FAABE_NO_PEARSON,29,1.3341999053955078
COCOMO81,3,FAABE_NO_PEARSON,30,1.3341999053955078
COCOMO81,3,FAABE_NO_PEARSON,31,1.3341999053955078
COCOMO81,3,FAABE_NO_PEARSON,32,1.3341999053955078
COCOMO81,3,FAABE_NO_PEARSON,33,1.3341999053955078
COCOMO81,3,FAABE_NO_PEARSON,34,1.3341999053955078
COCOMO81,3,FAABE_NO_PEARSON,35,1.3341999053955078
COCOMO81,3,FAABE_NO_PEARSON,36,1.3341999053955078
COCOMO81,3,FAABE_NO_PEARSON,37,1.3341999053955078
COCOMO81,3,FAABE_NO_PEARSON,38,1.3341999053955078
COCOMO81,3,FAABE_NO_PEARSON,39,1.3341999053955078
COCOMO81,3,FAABE_NO_PEARSON,40,1.3341999053955078
COCOMO81,3,FAABE_NO_PEARSON,41,1.3341999053955078
COCOMO81,3,FAABE_NO_PEARSON,42,1.3007731437683105
COCOMO81,3,FAABE_NO_PEARSON,43,1.3007731437683105
COCOMO81,3,FAABE_NO_PEARSON,44,1.3007731437683105
COCOMO81,3,FAABE_NO_PEARSON,45,1.3007731437683105
COCOMO81,3,FAABE_NO_PEARSON,46,1.3007731437683105
COCOMO81,3,FAABE_NO_PEARSON,47,1.3007731437683105
COCOMO81,3,FAABE_NO_PEARSON,48,1.3007731437683105
COCOMO81,3,FAABE_NO_PEARSON,49,1.3007731437683105
COCOMO81,3,FAABE_NO_PEARSON,50,1.1354024410247803
COCOMO81,3,FAABE_NO_PEARSON,51,1.1354024410247803
COCOMO81,3,FAABE_NO_PEARSON,52,1.1354024410247803
COCOMO81,3,FAABE_NO_PEARSON,53,1.1354024410247803
COCOMO81,3,FAABE_NO_PEARSON,54,1.1354024410247803
COCOMO81,3,FAABE_NO_PEARSON,55,1.1354024410247803
COCOMO81,3,FAABE_NO_PEARSON,56,1.1354024410247803
COCOMO81,3,FAABE_NO_PEARSON,57,1.1354024410247803
COCOMO81,3,FAABE_NO_PEARSON,58,1.1354024410247803
COCOMO81,3,FAABE_NO_PEARSON,59,1.1354024410247803
COCOMO81,3,FAABE_NO_PEARSON,60,1.1354024410247803
COCOMO81,3,FAABE_NO_PEARSON,61,1.1354024410247803
COCOMO81,3,FAABE_NO_PEARSON,62,1.1354024410247803
COCOMO81,3,FAABE_NO_PEARSON,63,1.0550353527069092
COCOMO81,3,FAABE_NO_PEARSON,64,1.0550353527069092
COCOMO81,3,FAABE_NO_PEARSON,65,1.0550353527069092
COCOMO81,3,FAABE_NO_PEARSON,66,1.0550353527069092
COCOMO81,3,FAABE_NO_PEARSON,67,1.0550353527069092
COCOMO81,3,FAABE_NO_PEARSON,68,1.0550353527069092
COCOMO81,3,FAABE_NO_PEARSON,69,1.0550353527069092
COCOMO81,3,FAABE_NO_PEARSON,70,1.0550353527069092
COCOMO81,3,FAABE_NO_PEARSON,71,1.0550353527069092
COCOMO81,3,FAABE_NO_PEARSON,72,1.0550353527069092
COCOMO81,3,FAABE_NO_PEARSON,73,1.0550353527069092
COCOMO81,3,FAABE_NO_PEARSON,74,1.0550353527069092
COCOMO81,3,FAABE_NO_PEARSON,75,1.0550353527069092
COCOMO81,3,FAABE_NO_PEARSON,76,1.0550353527069092
COCOMO81,3,FAABE_NO_PEARSON,77,1.0550353527069092
COCOMO81,3,FAABE_NO_PEARSON,78,1.0550353527069092
COCOMO81,3,FAABE_NO_PEARSON,79,1.0550353527069092
COCOMO81,3,FAABE_NO_PEARSON,80,1.0550353527069092
COCOMO81,3,FAABE_NO_PEARSON,81,1.0550353527069092
COCOMO81,3,FAABE_NO_PEARSON,82,1.0550353527069092
COCOMO81,3,FAABE_NO_PEARSON,83,1.0550353527069092
COCOMO81,3,FAABE_NO_PEARSON,84,1.0550353527069092
COCOMO81,3,FAABE_NO_PEARSON,85,1.0550353527069092
COCOMO81,3,FAABE_NO_PEARSON,86,1.0550353527069092
COCOMO81,3,FAABE_NO_PEARSON,87,1.0550353527069092
COCOMO81,3,FAABE_NO_PEARSON,88,1.0550353527069092
COCOMO81,3,FAABE_NO_PEARSON,89,1.0550353527069092
COCOMO81,3,FAABE_NO_PEARSON,90,1.0550353527069092
COCOMO81,3,FAABE_NO_PEARSON,91,1.0550353527069092
COCOMO81,3,FAABE_NO_PEARSON,92,1.0550353527069092
COCOMO81,3,FAABE_NO_PEARSON,93,1.0550353527069092
COCOMO81,3,FAABE_NO_PEARSON,94,1.0451273918151855
COCOMO81,3,FAABE_NO_PEARSON,95,1.0451273918151855
COCOMO81,3,FAABE_NO_PEARSON,96,1.0451273918151855
COCOMO81,3,FAABE_NO_PEARSON,97,1.0451273918151855
COCOMO81,3,FAABE_NO_PEARSON,98,1.0451273918151855
COCOMO81,3,FAABE_NO_PEARSON,99,1.0451273918151855
COCOMO81,3,FAABE_NO_PEARSON,100,1.0451273918151855
COCOMO81,3,FAABE_NO_IWM,0,1.7700971364974976
COCOMO81,3,FAABE_NO_IWM,1,1.49640691280365
COCOMO81,3,FAABE_NO_IWM,2,1.4591999053955078
COCOMO81,3,FAABE_NO_IWM,3,1.4591999053955078
COCOMO81,3,FAABE_NO_IWM,4,1.4591999053955078
COCOMO81,3,FAABE_NO_IWM,5,1.457000732421875
COCOMO81,3,FAABE_NO_IWM,6,1.457000732421875
COCOMO81,3,FAABE_NO_IWM,7,1.457000732421875
COCOMO81,3,FAABE_NO_IWM,8,1.457000732421875
COCOMO81,3,FAABE_NO_IWM,9,1.457000732421875
COCOMO81,3,FAABE_NO_IWM,10,1.457000732421875
COCOMO81,3,FAABE_NO_IWM,11,1.457000732421875
COCOMO81,3,FAABE_NO_IWM,12,1.457000732421875
COCOMO81,3,FAABE_NO_IWM,13,1.457000732421875
COCOMO81,3,FAABE_NO_IWM,14,1.457000732421875
COCOMO81,3,FAABE_NO_IWM,15,1.457000732421875
COCOMO81,3,FAABE_NO_IWM,16,1.457000732421875
COCOMO81,3,FAABE_NO_IWM,17,1.457000732421875
COCOMO81,3,FAABE_NO_IWM,18,1.457000732421875
COCOMO81,3,FAABE_NO_IWM,19,1.457000732421875
COCOMO81,3,FAABE_NO_IWM,20,1.457000732421875
COCOMO81,3,FAABE_NO_IWM,21,1.457000732421875
COCOMO81,3,FAABE_NO_IWM,22,1.457000732421875
COCOMO81,3,FAABE_NO_IWM,23,1.457000732421875
COCOMO81,3,FAABE_NO_IWM,24,1.457000732421875
COCOMO81,3,FAABE_NO_IWM,25,1.457000732421875
COCOMO81,3,FAABE_NO_IWM,26,1.457000732421875
COCOMO81,3,FAABE_NO_IWM,27,1.457000732421875
COCOMO81,3,FAABE_NO_IWM,28,1.457000732421875
COCOMO81,3,FAABE_NO_IWM,29,1.457000732421875
COCOMO81,3,FAABE_NO_IWM,30,1.457000732421875
COCOMO81,3,FAABE_NO_IWM,31,1.457000732421875
COCOMO81,3,FAABE_NO_IWM,32,1.457000732421875
COCOMO81,3,FAABE_NO_IWM,33,1.457000732421875
COCOMO81,3,FAABE_NO_IWM,34,1.457000732421875
COCOMO81,3,FAABE_NO_IWM,35,1.457000732421875
COCOMO81,3,FAABE_NO_IWM,36,1.457000732421875
COCOMO81,3,FAABE_NO_IWM,37,1.457000732421875
COCOMO81,3,FAABE_NO_IWM,38,1.457000732421875
COCOMO81,3,FAABE_NO_IWM,39,1.457000732421875
COCOMO81,3,FAABE_NO_IWM,40,1.457000732421875
COCOMO81,3,FAABE_NO_IWM,41,1.457000732421875
COCOMO81,3,FAABE_NO_IWM,42,1.457000732421875
COCOMO81,3,FAABE_NO_IWM,43,1.457000732421875
COCOMO81,3,FAABE_NO_IWM,44,1.457000732421875
COCOMO81,3,FAABE_NO_IWM,45,1.457000732421875
COCOMO81,3,FAABE_NO_IWM,46,1.457000732421875
COCOMO81,3,FAABE_NO_IWM,47,1.457000732421875
COCOMO81,3,FAABE_NO_IWM,48,1.457000732421875
COCOMO81,3,FAABE_NO_IWM,49,1.457000732421875
COCOMO81,3,FAABE_NO_IWM,50,1.457000732421875
COCOMO81,3,FAABE_NO_IWM,51,1.457000732421875
COCOMO81,3,FAABE_NO_IWM,52,1.457000732421875
COCOMO81,3,FAABE_NO_IWM,53,1.457000732421875
COCOMO81,3,FAABE_NO_IWM,54,1.457000732421875
COCOMO81,3,FAABE_NO_IWM,55,1.457000732421875
COCOMO81,3,FAABE_NO_IWM,56,1.457000732421875
COCOMO81,3,FAABE_NO_IWM,57,1.457000732421875
COCOMO81,3,FAABE_NO_IWM,58,1.457000732421875
COCOMO81,3,FAABE_NO_IWM,59,1.457000732421875
COCOMO81,3,FAABE_NO_IWM,60,1.457000732421875
COCOMO81,3,FAABE_NO_IWM,61,1.457000732421875
COCOMO81,3,FAABE_NO_IWM,62,1.457000732421875
COCOMO81,3,FAABE_NO_IWM,63,1.457000732421875
COCOMO81,3,FAABE_NO_IWM,64,1.457000732421875
COCOMO81,3,FAABE_NO_IWM,65,1.457000732421875
COCOMO81,3,FAABE_NO_IWM,66,1.457000732421875
COCOMO81,3,FAABE_NO_IWM,67,1.457000732421875
COCOMO81,3,FAABE_NO_IWM,68,1.457000732421875
COCOMO81,3,FAABE_NO_IWM,69,1.457000732421875
COCOMO81,3,FAABE_NO_IWM,70,1.457000732421875
COCOMO81,3,FAABE_NO_IWM,71,1.457000732421875
COCOMO81,3,FAABE_NO_IWM,72,1.457000732421875
COCOMO81,3,FAABE_NO_IWM,73,1.457000732421875
COCOMO81,3,FAABE_NO_IWM,74,1.457000732421875
COCOMO81,3,FAABE_NO_IWM,75,1.457000732421875
COCOMO81,3,FAABE_NO_IWM,76,1.457000732421875
COCOMO81,3,FAABE_NO_IWM,77,1.457000732421875
COCOMO81,3,FAABE_NO_IWM,78,1.457000732421875
COCOMO81,3,FAABE_NO_IWM,79,1.457000732421875
COCOMO81,3,FAABE_NO_IWM,80,1.457000732421875
COCOMO81,3,FAABE_NO_IWM,81,1.457000732421875
COCOMO81,3,FAABE_NO_IWM,82,1.457000732421875
COCOMO81,3,FAABE_NO_IWM,83,1.457000732421875
COCOMO81,3,FAABE_NO_IWM,84,1.457000732421875
COCOMO81,3,FAABE_NO_IWM,85,1.457000732421875
COCOMO81,3,FAABE_NO_IWM,86,1.457000732421875
COCOMO81,3,FAABE_NO_IWM,87,1.457000732421875
COCOMO81,3,FAABE_NO_IWM,88,1.457000732421875
COCOMO81,3,FAABE_NO_IWM,89,1.457000732421875
COCOMO81,3,FAABE_NO_IWM,90,1.457000732421875
COCOMO81,3,FAABE_NO_IWM,91,1.457000732421875
COCOMO81,3,FAABE_NO_IWM,92,1.457000732421875
COCOMO81,3,FAABE_NO_IWM,93,1.457000732421875
COCOMO81,3,FAABE_NO_IWM,94,1.457000732421875
COCOMO81,3,FAABE_NO_IWM,95,1.457000732421875
COCOMO81,3,FAABE_NO_IWM,96,1.457000732421875
COCOMO81,3,FAABE_NO_IWM,97,1.457000732421875
COCOMO81,3,FAABE_NO_IWM,98,1.457000732421875
COCOMO81,3,FAABE_NO_IWM,99,1.457000732421875
COCOMO81,3,FAABE_NO_IWM,100,1.457000732421875
COCOMO81,3,FAABE_FULL,0,1.6477923393249512
COCOMO81,3,FAABE_FULL,1,1.6429286003112793
COCOMO81,3,FAABE_FULL,2,1.6429286003112793
COCOMO81,3,FAABE_FULL,3,1.6287044286727905
COCOMO81,3,FAABE_FULL,4,1.623573660850525
COCOMO81,3,FAABE_FULL,5,1.374238133430481
COCOMO81,3,FAABE_FULL,6,1.374238133430481
COCOMO81,3,FAABE_FULL,7,1.374238133430481
COCOMO81,3,FAABE_FULL,8,1.374238133430481
COCOMO81,3,FAABE_FULL,9,1.374238133430481
COCOMO81,3,FAABE_FULL,10,1.374238133430481
COCOMO81,3,FAABE_FULL,11,1.374238133430481
COCOMO81,3,FAABE_FULL,12,1.374238133430481
COCOMO81,3,FAABE_FULL,13,1.374238133430481
COCOMO81,3,FAABE_FULL,14,1.374238133430481
COCOMO81,3,FAABE_FULL,15,1.374238133430481
COCOMO81,3,FAABE_FULL,16,1.374238133430481
COCOMO81,3,FAABE_FULL,17,1.374238133430481
COCOMO81,3,FAABE_FULL,18,1.374238133430481
COCOMO81,3,FAABE_FULL,19,1.374238133430481
COCOMO81,3,FAABE_FULL,20,1.374238133430481
COCOMO81,3,FAABE_FULL,21,1.3741741180419922
COCOMO81,3,FAABE_FULL,22,1.3741741180419922
COCOMO81,3,FAABE_FULL,23,1.3741741180419922
COCOMO81,3,FAABE_FULL,24,1.3741639852523804
COCOMO81,3,FAABE_FULL,25,1.3741639852523804
COCOMO81,3,FAABE_FULL,26,1.3741639852523804
COCOMO81,3,FAABE_FULL,27,1.3741639852523804
COCOMO81,3,FAABE_FULL,28,1.3741639852523804
COCOMO81,3,FAABE_FULL,29,1.3726187944412231
COCOMO81,3,FAABE_FULL,30,1.3726187944412231
COCOMO81,3,FAABE_FULL,31,1.3726187944412231
COCOMO81,3,FAABE_FULL,32,1.3726187944412231
COCOMO81,3,FAABE_FULL,33,1.3726187944412231
COCOMO81,3,FAABE_FULL,34,1.3726187944412231
COCOMO81,3,FAABE_FULL,35,1.3726187944412231
COCOMO81,3,FAABE_FULL,36,1.3726187944412231
COCOMO81,3,FAABE_FULL,37,1.3726187944412231
COCOMO81,3,FAABE_FULL,38,1.3726187944412231
COCOMO81,3,FAABE_FULL,39,1.3726187944412231
COCOMO81,3,FAABE_FULL,40,1.3726187944412231
COCOMO81,3,FAABE_FULL,41,1.3726187944412231
COCOMO81,3,FAABE_FULL,42,1.3726187944412231
COCOMO81,3,FAABE_FULL,43,1.3726187944412231
COCOMO81,3,FAABE_FULL,44,1.3726187944412231
COCOMO81,3,FAABE_FULL,45,1.3726187944412231
COCOMO81,3,FAABE_FULL,46,1.3726187944412231
COCOMO81,3,FAABE_FULL,47,1.3726187944412231
COCOMO81,3,FAABE_FULL,48,1.3726187944412231
COCOMO81,3,FAABE_FULL,49,1.3726187944412231
COCOMO81,3,FAABE_FULL,50,1.3726187944412231
COCOMO81,3,FAABE_FULL,51,1.3726187944412231
COCOMO81,3,FAABE_FULL,52,1.3726187944412231
COCOMO81,3,FAABE_FULL,53,1.3726187944412231
COCOMO81,3,FAABE_FULL,54,1.3726187944412231
COCOMO81,3,FAABE_FULL,55,1.3726187944412231
COCOMO81,3,FAABE_FULL,56,1.3726187944412231
COCOMO81,3,FAABE_FULL,57,1.3726187944412231
COCOMO81,3,FAABE_FULL,58,1.3726187944412231
COCOMO81,3,FAABE_FULL,59,1.3726187944412231
COCOMO81,3,FAABE_FULL,60,1.3726187944412231
COCOMO81,3,FAABE_FULL,61,1.3726187944412231
COCOMO81,3,FAABE_FULL,62,1.3726187944412231
COCOMO81,3,FAABE_FULL,63,1.3726187944412231
COCOMO81,3,FAABE_FULL,64,1.3726187944412231
COCOMO81,3,FAABE_FULL,65,1.3726187944412231
COCOMO81,3,FAABE_FULL,66,1.3726187944412231
COCOMO81,3,FAABE_FULL,67,1.3726187944412231
COCOMO81,3,FAABE_FULL,68,1.3726187944412231
COCOMO81,3,FAABE_FULL,69,1.3726187944412231
COCOMO81,3,FAABE_FULL,70,1.3726187944412231
COCOMO81,3,FAABE_FULL,71,1.3726187944412231
COCOMO81,3,FAABE_FULL,72,1.3726187944412231
COCOMO81,3,FAABE_FULL,73,1.3726187944412231
COCOMO81,3,FAABE_FULL,74,1.3726187944412231
COCOMO81,3,FAABE_FULL,75,1.3726187944412231
COCOMO81,3,FAABE_FULL,76,1.3726187944412231
COCOMO81,3,FAABE_FULL,77,1.3726187944412231
COCOMO81,3,FAABE_FULL,78,1.3726187944412231
COCOMO81,3,FAABE_FULL,79,1.3726187944412231
COCOMO81,3,FAABE_FULL,80,1.3726187944412231
COCOMO81,3,FAABE_FULL,81,1.3726187944412231
COCOMO81,3,FAABE_FULL,82,1.3726187944412231
COCOMO81,3,FAABE_FULL,83,1.3726187944412231
COCOMO81,3,FAABE_FULL,84,1.3726187944412231
COCOMO81,3,FAABE_FULL,85,1.3726187944412231
COCOMO81,3,FAABE_FULL,86,1.3726187944412231
COCOMO81,3,FAABE_FULL,87,1.3726187944412231
COCOMO81,3,FAABE_FULL,88,1.3726187944412231
COCOMO81,3,FAABE_FULL,89,1.3726187944412231
COCOMO81,3,FAABE_FULL,90,1.3726187944412231
COCOMO81,3,FAABE_FULL,91,1.3726187944412231
COCOMO81,3,FAABE_FULL,92,1.3726187944412231
COCOMO81,3,FAABE_FULL,93,1.3726187944412231
COCOMO81,3,FAABE_FULL,94,1.3726187944412231
COCOMO81,3,FAABE_FULL,95,1.3726187944412231
COCOMO81,3,FAABE_FULL,96,1.3726187944412231
COCOMO81,3,FAABE_FULL,97,1.3726187944412231
COCOMO81,3,FAABE_FULL,98,1.3726187944412231
COCOMO81,3,FAABE_FULL,99,1.3726187944412231
COCOMO81,3,FAABE_FULL,100,1.3726187944412231
COCOMO81,4,FAABE_NO_PEARSON,0,2.703289747238159
COCOMO81,4,FAABE_NO_PEARSON,1,1.7900062799453735
COCOMO81,4,FAABE_NO_PEARSON,2,1.5675370693206787
COCOMO81,4,FAABE_NO_PEARSON,3,1.5675370693206787
COCOMO81,4,FAABE_NO_PEARSON,4,1.351159930229187
COCOMO81,4,FAABE_NO_PEARSON,5,1.2140302658081055
COCOMO81,4,FAABE_NO_PEARSON,6,1.2140302658081055
COCOMO81,4,FAABE_NO_PEARSON,7,1.2140302658081055
COCOMO81,4,FAABE_NO_PEARSON,8,1.2140302658081055
COCOMO81,4,FAABE_NO_PEARSON,9,1.2140302658081055
COCOMO81,4,FAABE_NO_PEARSON,10,1.2140302658081055
COCOMO81,4,FAABE_NO_PEARSON,11,1.2140302658081055
COCOMO81,4,FAABE_NO_PEARSON,12,1.2140302658081055
COCOMO81,4,FAABE_NO_PEARSON,13,1.2140302658081055
COCOMO81,4,FAABE_NO_PEARSON,14,1.2140302658081055
COCOMO81,4,FAABE_NO_PEARSON,15,1.2140302658081055
COCOMO81,4,FAABE_NO_PEARSON,16,1.2140302658081055
COCOMO81,4,FAABE_NO_PEARSON,17,1.2140302658081055
COCOMO81,4,FAABE_NO_PEARSON,18,1.2140302658081055
COCOMO81,4,FAABE_NO_PEARSON,19,1.2140302658081055
COCOMO81,4,FAABE_NO_PEARSON,20,1.2140302658081055
COCOMO81,4,FAABE_NO_PEARSON,21,1.2140302658081055
COCOMO81,4,FAABE_NO_PEARSON,22,1.2140302658081055
COCOMO81,4,FAABE_NO_PEARSON,23,1.2140302658081055
COCOMO81,4,FAABE_NO_PEARSON,24,1.2140302658081055
COCOMO81,4,FAABE_NO_PEARSON,25,1.2140302658081055
COCOMO81,4,FAABE_NO_PEARSON,26,1.1924808025360107
COCOMO81,4,FAABE_NO_PEARSON,27,1.1924808025360107
COCOMO81,4,FAABE_NO_PEARSON,28,1.1924808025360107
COCOMO81,4,FAABE_NO_PEARSON,29,1.1924808025360107
COCOMO81,4,FAABE_NO_PEARSON,30,1.1924808025360107
COCOMO81,4,FAABE_NO_PEARSON,31,1.1924808025360107
COCOMO81,4,FAABE_NO_PEARSON,32,1.1924808025360107
COCOMO81,4,FAABE_NO_PEARSON,33,1.1924808025360107
COCOMO81,4,FAABE_NO_PEARSON,34,1.1924808025360107
COCOMO81,4,FAABE_NO_PEARSON,35,1.1924808025360107
COCOMO81,4,FAABE_NO_PEARSON,36,1.187784194946289
COCOMO81,4,FAABE_NO_PEARSON,37,1.1166448593139648
COCOMO81,4,FAABE_NO_PEARSON,38,1.1166448593139648
COCOMO81,4,FAABE_NO_PEARSON,39,1.1166448593139648
COCOMO81,4,FAABE_NO_PEARSON,40,1.1166448593139648
COCOMO81,4,FAABE_NO_PEARSON,41,1.088043212890625
COCOMO81,4,FAABE_NO_PEARSON,42,1.088043212890625
COCOMO81,4,FAABE_NO_PEARSON,43,1.088043212890625
COCOMO81,4,FAABE_NO_PEARSON,44,1.088043212890625
COCOMO81,4,FAABE_NO_PEARSON,45,1.088043212890625
COCOMO81,4,FAABE_NO_PEARSON,46,1.088043212890625
COCOMO81,4,FAABE_NO_PEARSON,47,1.088043212890625
COCOMO81,4,FAABE_NO_PEARSON,48,1.088043212890625
COCOMO81,4,FAABE_NO_PEARSON,49,1.088043212890625
COCOMO81,4,FAABE_NO_PEARSON,50,1.088043212890625
COCOMO81,4,FAABE_NO_PEARSON,51,1.088043212890625
COCOMO81,4,FAABE_NO_PEARSON,52,1.088043212890625
COCOMO81,4,FAABE_NO_PEARSON,53,1.088043212890625
COCOMO81,4,FAABE_NO_PEARSON,54,1.088043212890625
COCOMO81,4,FAABE_NO_PEARSON,55,1.088043212890625
COCOMO81,4,FAABE_NO_PEARSON,56,1.088043212890625
COCOMO81,4,FAABE_NO_PEARSON,57,1.087390661239624
COCOMO81,4,FAABE_NO_PEARSON,58,1.087390661239624
COCOMO81,4,FAABE_NO_PEARSON,59,1.087390661239624
COCOMO81,4,FAABE_NO_PEARSON,60,1.087390661239624
COCOMO81,4,FAABE_NO_PEARSON,61,1.087390661239624
COCOMO81,4,FAABE_NO_PEARSON,62,1.087390661239624
COCOMO81,4,FAABE_NO_PEARSON,63,1.087390661239624
COCOMO81,4,FAABE_NO_PEARSON,64,1.087390661239624
COCOMO81,4,FAABE_NO_PEARSON,65,1.087390661239624
COCOMO81,4,FAABE_NO_PEARSON,66,1.087390661239624
COCOMO81,4,FAABE_NO_PEARSON,67,1.087390661239624
COCOMO81,4,FAABE_NO_PEARSON,68,1.087390661239624
COCOMO81,4,FAABE_NO_PEARSON,69,1.087390661239624
COCOMO81,4,FAABE_NO_PEARSON,70,1.087390661239624
COCOMO81,4,FAABE_NO_PEARSON,71,1.087390661239624
COCOMO81,4,FAABE_NO_PEARSON,72,1.087390661239624
COCOMO81,4,FAABE_NO_PEARSON,73,1.087390661239624
COCOMO81,4,FAABE_NO_PEARSON,74,1.087390661239624
COCOMO81,4,FAABE_NO_PEARSON,75,1.087390661239624
COCOMO81,4,FAABE_NO_PEARSON,76,1.087390661239624
COCOMO81,4,FAABE_NO_PEARSON,77,1.0031249523162842
COCOMO81,4,FAABE_NO_PEARSON,78,1.0031249523162842
COCOMO81,4,FAABE_NO_PEARSON,79,1.0031249523162842
COCOMO81,4,FAABE_NO_PEARSON,80,1.0031249523162842
COCOMO81,4,FAABE_NO_PEARSON,81,1.0031249523162842
COCOMO81,4,FAABE_NO_PEARSON,82,1.0031249523162842
COCOMO81,4,FAABE_NO_PEARSON,83,1.0031249523162842
COCOMO81,4,FAABE_NO_PEARSON,84,1.0031249523162842
COCOMO81,4,FAABE_NO_PEARSON,85,1.0031249523162842
COCOMO81,4,FAABE_NO_PEARSON,86,1.0031249523162842
COCOMO81,4,FAABE_NO_PEARSON,87,1.0031249523162842
COCOMO81,4,FAABE_NO_PEARSON,88,1.0031249523162842
COCOMO81,4,FAABE_NO_PEARSON,89,1.0031249523162842
COCOMO81,4,FAABE_NO_PEARSON,90,1.0031249523162842
COCOMO81,4,FAABE_NO_PEARSON,91,1.0031249523162842
COCOMO81,4,FAABE_NO_PEARSON,92,1.0031249523162842
COCOMO81,4,FAABE_NO_PEARSON,93,1.0031249523162842
COCOMO81,4,FAABE_NO_PEARSON,94,1.0031249523162842
COCOMO81,4,FAABE_NO_PEARSON,95,1.0031249523162842
COCOMO81,4,FAABE_NO_PEARSON,96,1.0031249523162842
COCOMO81,4,FAABE_NO_PEARSON,97,1.0031249523162842
COCOMO81,4,FAABE_NO_PEARSON,98,1.0031249523162842
COCOMO81,4,FAABE_NO_PEARSON,99,1.0031249523162842
COCOMO81,4,FAABE_NO_PEARSON,100,1.0031249523162842
COCOMO81,4,FAABE_NO_IWM,0,1.4881881475448608
COCOMO81,4,FAABE_NO_IWM,1,1.4881881475448608
COCOMO81,4,FAABE_NO_IWM,2,1.4881881475448608
COCOMO81,4,FAABE_NO_IWM,3,1.4881881475448608
COCOMO81,4,FAABE_NO_IWM,4,1.4881881475448608
COCOMO81,4,FAABE_NO_IWM,5,1.4881881475448608
COCOMO81,4,FAABE_NO_IWM,6,1.4881881475448608
COCOMO81,4,FAABE_NO_IWM,7,1.4881881475448608
COCOMO81,4,FAABE_NO_IWM,8,1.4881881475448608
COCOMO81,4,FAABE_NO_IWM,9,1.4881881475448608
COCOMO81,4,FAABE_NO_IWM,10,1.4881881475448608
COCOMO81,4,FAABE_NO_IWM,11,1.4881881475448608
COCOMO81,4,FAABE_NO_IWM,12,1.4881881475448608
COCOMO81,4,FAABE_NO_IWM,13,1.4881881475448608
COCOMO81,4,FAABE_NO_IWM,14,1.4881881475448608
COCOMO81,4,FAABE_NO_IWM,15,1.4881881475448608
COCOMO81,4,FAABE_NO_IWM,16,1.4881881475448608
COCOMO81,4,FAABE_NO_IWM,17,1.4881881475448608
COCOMO81,4,FAABE_NO_IWM,18,1.4881881475448608
COCOMO81,4,FAABE_NO_IWM,19,1.4881881475448608
COCOMO81,4,FAABE_NO_IWM,20,1.4881881475448608
COCOMO81,4,FAABE_NO_IWM,21,1.4881881475448608
COCOMO81,4,FAABE_NO_IWM,22,1.4881881475448608
COCOMO81,4,FAABE_NO_IWM,23,1.4881881475448608
COCOMO81,4,FAABE_NO_IWM,24,1.4881881475448608
COCOMO81,4,FAABE_NO_IWM,25,1.4881881475448608
COCOMO81,4,FAABE_NO_IWM,26,1.4881881475448608
COCOMO81,4,FAABE_NO_IWM,27,1.4881881475448608
COCOMO81,4,FAABE_NO_IWM,28,1.4881881475448608
COCOMO81,4,FAABE_NO_IWM,29,1.4881881475448608
COCOMO81,4,FAABE_NO_IWM,30,1.4881881475448608
COCOMO81,4,FAABE_NO_IWM,31,1.4881881475448608
COCOMO81,4,FAABE_NO_IWM,32,1.4881881475448608
COCOMO81,4,FAABE_NO_IWM,33,1.4881881475448608
COCOMO81,4,FAABE_NO_IWM,34,1.4881881475448608
COCOMO81,4,FAABE_NO_IWM,35,1.4881881475448608
COCOMO81,4,FAABE_NO_IWM,36,1.4881881475448608
COCOMO81,4,FAABE_NO_IWM,37,1.4881881475448608
COCOMO81,4,FAABE_NO_IWM,38,1.4881881475448608
COCOMO81,4,FAABE_NO_IWM,39,1.4881881475448608
COCOMO81,4,FAABE_NO_IWM,40,1.4881881475448608
COCOMO81,4,FAABE_NO_IWM,41,1.4881881475448608
COCOMO81,4,FAABE_NO_IWM,42,1.4881881475448608
COCOMO81,4,FAABE_NO_IWM,43,1.4881881475448608
COCOMO81,4,FAABE_NO_IWM,44,1.4881881475448608
COCOMO81,4,FAABE_NO_IWM,45,1.4881881475448608
COCOMO81,4,FAABE_NO_IWM,46,1.4881881475448608
COCOMO81,4,FAABE_NO_IWM,47,1.4881881475448608
COCOMO81,4,FAABE_NO_IWM,48,1.4881881475448608
COCOMO81,4,FAABE_NO_IWM,49,1.4881881475448608
COCOMO81,4,FAABE_NO_IWM,50,1.4881881475448608
COCOMO81,4,FAABE_NO_IWM,51,1.4881881475448608
COCOMO81,4,FAABE_NO_IWM,52,1.4881881475448608
COCOMO81,4,FAABE_NO_IWM,53,1.4881881475448608
COCOMO81,4,FAABE_NO_IWM,54,1.4881881475448608
COCOMO81,4,FAABE_NO_IWM,55,1.4881881475448608
COCOMO81,4,FAABE_NO_IWM,56,1.4881881475448608
COCOMO81,4,FAABE_NO_IWM,57,1.4881881475448608
COCOMO81,4,FAABE_NO_IWM,58,1.4881881475448608
COCOMO81,4,FAABE_NO_IWM,59,1.4881881475448608
COCOMO81,4,FAABE_NO_IWM,60,1.4881881475448608
COCOMO81,4,FAABE_NO_IWM,61,1.4881881475448608
COCOMO81,4,FAABE_NO_IWM,62,1.4881881475448608
COCOMO81,4,FAABE_NO_IWM,63,1.4881881475448608
COCOMO81,4,FAABE_NO_IWM,64,1.4881881475448608
COCOMO81,4,FAABE_NO_IWM,65,1.4881881475448608
COCOMO81,4,FAABE_NO_IWM,66,1.4881881475448608
COCOMO81,4,FAABE_NO_IWM,67,1.4881881475448608
COCOMO81,4,FAABE_NO_IWM,68,1.4881881475448608
COCOMO81,4,FAABE_NO_IWM,69,1.4881881475448608
COCOMO81,4,FAABE_NO_IWM,70,1.4881881475448608
COCOMO81,4,FAABE_NO_IWM,71,1.4881881475448608
COCOMO81,4,FAABE_NO_IWM,72,1.4881881475448608
COCOMO81,4,FAABE_NO_IWM,73,1.4881881475448608
COCOMO81,4,FAABE_NO_IWM,74,1.4881881475448608
COCOMO81,4,FAABE_NO_IWM,75,1.4881881475448608
COCOMO81,4,FAABE_NO_IWM,76,1.4881881475448608
COCOMO81,4,FAABE_NO_IWM,77,1.4881881475448608
COCOMO81,4,FAABE_NO_IWM,78,1.4881881475448608
COCOMO81,4,FAABE_NO_IWM,79,1.4881881475448608
COCOMO81,4,FAABE_NO_IWM,80,1.4881881475448608
COCOMO81,4,FAABE_NO_IWM,81,1.4881881475448608
COCOMO81,4,FAABE_NO_IWM,82,1.4881881475448608
COCOMO81,4,FAABE_NO_IWM,83,1.4881881475448608
COCOMO81,4,FAABE_NO_IWM,84,1.4881881475448608
COCOMO81,4,FAABE_NO_IWM,85,1.4881881475448608
COCOMO81,4,FAABE_NO_IWM,86,1.4881881475448608
COCOMO81,4,FAABE_NO_IWM,87,1.4881881475448608
COCOMO81,4,FAABE_NO_IWM,88,1.4881881475448608
COCOMO81,4,FAABE_NO_IWM,89,1.4881881475448608
COCOMO81,4,FAABE_NO_IWM,90,1.4881881475448608
COCOMO81,4,FAABE_NO_IWM,91,1.4881881475448608
COCOMO81,4,FAABE_NO_IWM,92,1.4881881475448608
COCOMO81,4,FAABE_NO_IWM,93,1.4881881475448608
COCOMO81,4,FAABE_NO_IWM,94,1.4881881475448608
COCOMO81,4,FAABE_NO_IWM,95,1.4881881475448608
COCOMO81,4,FAABE_NO_IWM,96,1.4881881475448608
COCOMO81,4,FAABE_NO_IWM,97,1.4881881475448608
COCOMO81,4,FAABE_NO_IWM,98,1.4881881475448608
COCOMO81,4,FAABE_NO_IWM,99,1.4881881475448608
COCOMO81,4,FAABE_NO_IWM,100,1.4881881475448608
COCOMO81,4,FAABE_FULL,0,1.4608861207962036
COCOMO81,4,FAABE_FULL,1,1.4608861207962036
COCOMO81,4,FAABE_FULL,2,1.4608861207962036
COCOMO81,4,FAABE_FULL,3,1.460273027420044
COCOMO81,4,FAABE_FULL,4,1.4602211713790894
COCOMO81,4,FAABE_FULL,5,1.4602211713790894
COCOMO81,4,FAABE_FULL,6,1.4602211713790894
COCOMO81,4,FAABE_FULL,7,1.4601994752883911
COCOMO81,4,FAABE_FULL,8,1.4601994752883911
COCOMO81,4,FAABE_FULL,9,1.4601994752883911
COCOMO81,4,FAABE_FULL,10,1.4601994752883911
COCOMO81,4,FAABE_FULL,11,1.4601994752883911
COCOMO81,4,FAABE_FULL,12,1.4601994752883911
COCOMO81,4,FAABE_FULL,13,1.4601994752883911
COCOMO81,4,FAABE_FULL,14,1.4601994752883911
COCOMO81,4,FAABE_FULL,15,1.4601994752883911
COCOMO81,4,FAABE_FULL,16,1.4601994752883911
COCOMO81,4,FAABE_FULL,17,1.4601994752883911
COCOMO81,4,FAABE_FULL,18,1.4601994752883911
COCOMO81,4,FAABE_FULL,19,1.4601994752883911
COCOMO81,4,FAABE_FULL,20,1.4601994752883911
COCOMO81,4,FAABE_FULL,21,1.4601994752883911
COCOMO81,4,FAABE_FULL,22,1.4601994752883911
COCOMO81,4,FAABE_FULL,23,1.4601994752883911
COCOMO81,4,FAABE_FULL,24,1.4601994752883911
COCOMO81,4,FAABE_FULL,25,1.4601994752883911
COCOMO81,4,FAABE_FULL,26,1.4601994752883911
COCOMO81,4,FAABE_FULL,27,1.4601994752883911
COCOMO81,4,FAABE_FULL,28,1.4601994752883911
COCOMO81,4,FAABE_FULL,29,1.4601994752883911
COCOMO81,4,FAABE_FULL,30,1.4601994752883911
COCOMO81,4,FAABE_FULL,31,1.4601994752883911
COCOMO81,4,FAABE_FULL,32,1.4601994752883911
COCOMO81,4,FAABE_FULL,33,1.4601994752883911
COCOMO81,4,FAABE_FULL,34,1.4601994752883911
COCOMO81,4,FAABE_FULL,35,1.4601994752883911
COCOMO81,4,FAABE_FULL,36,1.4601994752883911
COCOMO81,4,FAABE_FULL,37,1.4601994752883911
COCOMO81,4,FAABE_FULL,38,1.4601994752883911
COCOMO81,4,FAABE_FULL,39,1.4601994752883911
COCOMO81,4,FAABE_FULL,40,1.4601994752883911
COCOMO81,4,FAABE_FULL,41,1.4601994752883911
COCOMO81,4,FAABE_FULL,42,1.4601994752883911
COCOMO81,4,FAABE_FULL,43,1.4601994752883911
COCOMO81,4,FAABE_FULL,44,1.4601994752883911
COCOMO81,4,FAABE_FULL,45,1.4601994752883911
COCOMO81,4,FAABE_FULL,46,1.4601994752883911
COCOMO81,4,FAABE_FULL,47,1.4601994752883911
COCOMO81,4,FAABE_FULL,48,1.4601994752883911
COCOMO81,4,FAABE_FULL,49,1.4601994752883911
COCOMO81,4,FAABE_FULL,50,1.4601994752883911
COCOMO81,4,FAABE_FULL,51,1.4601994752883911
COCOMO81,4,FAABE_FULL,52,1.4601994752883911
COCOMO81,4,FAABE_FULL,53,1.4601994752883911
COCOMO81,4,FAABE_FULL,54,1.4601994752883911
COCOMO81,4,FAABE_FULL,55,1.4601994752883911
COCOMO81,4,FAABE_FULL,56,1.4601994752883911
COCOMO81,4,FAABE_FULL,57,1.4601994752883911
COCOMO81,4,FAABE_FULL,58,1.4601994752883911
COCOMO81,4,FAABE_FULL,59,1.4601994752883911
COCOMO81,4,FAABE_FULL,60,1.4601994752883911
COCOMO81,4,FAABE_FULL,61,1.4601988792419434
COCOMO81,4,FAABE_FULL,62,1.4601988792419434
COCOMO81,4,FAABE_FULL,63,1.4601988792419434
COCOMO81,4,FAABE_FULL,64,1.4601988792419434
COCOMO81,4,FAABE_FULL,65,1.4601988792419434
COCOMO81,4,FAABE_FULL,66,1.4601988792419434
COCOMO81,4,FAABE_FULL,67,1.4601988792419434
COCOMO81,4,FAABE_FULL,68,1.4601988792419434
COCOMO81,4,FAABE_FULL,69,1.4601988792419434
COCOMO81,4,FAABE_FULL,70,1.4601988792419434
COCOMO81,4,FAABE_FULL,71,1.4601988792419434
COCOMO81,4,FAABE_FULL,72,1.4601988792419434
COCOMO81,4,FAABE_FULL,73,1.4601988792419434
COCOMO81,4,FAABE_FULL,74,1.4601988792419434
COCOMO81,4,FAABE_FULL,75,1.4601988792419434
COCOMO81,4,FAABE_FULL,76,1.4601988792419434
COCOMO81,4,FAABE_FULL,77,1.4601988792419434
COCOMO81,4,FAABE_FULL,78,1.4601988792419434
COCOMO81,4,FAABE_FULL,79,1.4601988792419434
COCOMO81,4,FAABE_FULL,80,1.4601988792419434
COCOMO81,4,FAABE_FULL,81,1.4601988792419434
COCOMO81,4,FAABE_FULL,82,1.4601988792419434
COCOMO81,4,FAABE_FULL,83,1.4601988792419434
COCOMO81,4,FAABE_FULL,84,1.4601988792419434
COCOMO81,4,FAABE_FULL,85,1.4601988792419434
COCOMO81,4,FAABE_FULL,86,1.4601988792419434
COCOMO81,4,FAABE_FULL,87,1.4601988792419434
COCOMO81,4,FAABE_FULL,88,1.4601988792419434
COCOMO81,4,FAABE_FULL,89,1.4601988792419434
COCOMO81,4,FAABE_FULL,90,1.4601988792419434
COCOMO81,4,FAABE_FULL,91,1.4601988792419434
COCOMO81,4,FAABE_FULL,92,1.4601988792419434
COCOMO81,4,FAABE_FULL,93,1.4601988792419434
COCOMO81,4,FAABE_FULL,94,1.4601988792419434
COCOMO81,4,FAABE_FULL,95,1.4601988792419434
COCOMO81,4,FAABE_FULL,96,1.4601988792419434
COCOMO81,4,FAABE_FULL,97,1.4601988792419434
COCOMO81,4,FAABE_FULL,98,1.4601988792419434
COCOMO81,4,FAABE_FULL,99,1.4601988792419434
COCOMO81,4,FAABE_FULL,100,1.4601988792419434
COCOMO81,5,FAABE_NO_PEARSON,0,3.0887956619262695
COCOMO81,5,FAABE_NO_PEARSON,1,2.1281521320343018
COCOMO81,5,FAABE_NO_PEARSON,2,1.6046440601348877
COCOMO81,5,FAABE_NO_PEARSON,3,1.5532786846160889
COCOMO81,5,FAABE_NO_PEARSON,4,1.5244790315628052
COCOMO81,5,FAABE_NO_PEARSON,5,1.5244790315628052
COCOMO81,5,FAABE_NO_PEARSON,6,1.4663203954696655
COCOMO81,5,FAABE_NO_PEARSON,7,1.2550493478775024
COCOMO81,5,FAABE_NO_PEARSON,8,1.2550493478775024
COCOMO81,5,FAABE_NO_PEARSON,9,1.2550493478775024
COCOMO81,5,FAABE_NO_PEARSON,10,1.2550493478775024
COCOMO81,5,FAABE_NO_PEARSON,11,1.2550493478775024
COCOMO81,5,FAABE_NO_PEARSON,12,1.25301992893219
COCOMO81,5,FAABE_NO_PEARSON,13,1.25301992893219
COCOMO81,5,FAABE_NO_PEARSON,14,1.25301992893219
COCOMO81,5,FAABE_NO_PEARSON,15,1.25301992893219
COCOMO81,5,FAABE_NO_PEARSON,16,1.2446141242980957
COCOMO81,5,FAABE_NO_PEARSON,17,1.2446141242980957
COCOMO81,5,FAABE_NO_PEARSON,18,1.2446141242980957
COCOMO81,5,FAABE_NO_PEARSON,19,1.2446141242980957
COCOMO81,5,FAABE_NO_PEARSON,20,1.2446141242980957
COCOMO81,5,FAABE_NO_PEARSON,21,1.2446141242980957
COCOMO81,5,FAABE_NO_PEARSON,22,1.1725143194198608
COCOMO81,5,FAABE_NO_PEARSON,23,1.1725143194198608
COCOMO81,5,FAABE_NO_PEARSON,24,1.1725143194198608
COCOMO81,5,FAABE_NO_PEARSON,25,1.1725143194198608
COCOMO81,5,FAABE_NO_PEARSON,26,1.1725143194198608
COCOMO81,5,FAABE_NO_PEARSON,27,1.1725143194198608
COCOMO81,5,FAABE_NO_PEARSON,28,1.1725143194198608
COCOMO81,5,FAABE_NO_PEARSON,29,1.1725143194198608
COCOMO81,5,FAABE_NO_PEARSON,30,1.1725143194198608
COCOMO81,5,FAABE_NO_PEARSON,31,1.1725143194198608
COCOMO81,5,FAABE_NO_PEARSON,32,1.1725143194198608
COCOMO81,5,FAABE_NO_PEARSON,33,1.1725143194198608
COCOMO81,5,FAABE_NO_PEARSON,34,1.1725143194198608
COCOMO81,5,FAABE_NO_PEARSON,35,1.1725143194198608
COCOMO81,5,FAABE_NO_PEARSON,36,1.1725143194198608
COCOMO81,5,FAABE_NO_PEARSON,37,1.1725143194198608
COCOMO81,5,FAABE_NO_PEARSON,38,1.1725143194198608
COCOMO81,5,FAABE_NO_PEARSON,39,1.1725143194198608
COCOMO81,5,FAABE_NO_PEARSON,40,1.1725143194198608
COCOMO81,5,FAABE_NO_PEARSON,41,1.1725143194198608
COCOMO81,5,FAABE_NO_PEARSON,42,1.1725143194198608
COCOMO81,5,FAABE_NO_PEARSON,43,1.1725143194198608
COCOMO81,5,FAABE_NO_PEARSON,44,1.1725143194198608
COCOMO81,5,FAABE_NO_PEARSON,45,1.1725143194198608
COCOMO81,5,FAABE_NO_PEARSON,46,1.1725143194198608
COCOMO81,5,FAABE_NO_PEARSON,47,1.1725143194198608
COCOMO81,5,FAABE_NO_PEARSON,48,1.1725143194198608
COCOMO81,5,FAABE_NO_PEARSON,49,1.1725143194198608
COCOMO81,5,FAABE_NO_PEARSON,50,1.1725143194198608
COCOMO81,5,FAABE_NO_PEARSON,51,1.1725143194198608
COCOMO81,5,FAABE_NO_PEARSON,52,1.1725143194198608
COCOMO81,5,FAABE_NO_PEARSON,53,1.1725143194198608
COCOMO81,5,FAABE_NO_PEARSON,54,1.1725143194198608
COCOMO81,5,FAABE_NO_PEARSON,55,1.1725143194198608
COCOMO81,5,FAABE_NO_PEARSON,56,1.1583725214004517
COCOMO81,5,FAABE_NO_PEARSON,57,1.1583725214004517
COCOMO81,5,FAABE_NO_PEARSON,58,1.1583725214004517
COCOMO81,5,FAABE_NO_PEARSON,59,1.1583725214004517
COCOMO81,5,FAABE_NO_PEARSON,60,1.1583725214004517
COCOMO81,5,FAABE_NO_PEARSON,61,1.1583725214004517
COCOMO81,5,FAABE_NO_PEARSON,62,1.1583725214004517
COCOMO81,5,FAABE_NO_PEARSON,63,1.1583725214004517
COCOMO81,5,FAABE_NO_PEARSON,64,1.1583725214004517
COCOMO81,5,FAABE_NO_PEARSON,65,1.1583725214004517
COCOMO81,5,FAABE_NO_PEARSON,66,1.1583725214004517
COCOMO81,5,FAABE_NO_PEARSON,67,1.1583725214004517
COCOMO81,5,FAABE_NO_PEARSON,68,1.1583725214004517
COCOMO81,5,FAABE_NO_PEARSON,69,1.1583725214004517
COCOMO81,5,FAABE_NO_PEARSON,70,1.1583725214004517
COCOMO81,5,FAABE_NO_PEARSON,71,1.1583725214004517
COCOMO81,5,FAABE_NO_PEARSON,72,1.1583725214004517
COCOMO81,5,FAABE_NO_PEARSON,73,1.1583725214004517
COCOMO81,5,FAABE_NO_PEARSON,74,1.1583725214004517
COCOMO81,5,FAABE_NO_PEARSON,75,1.1583725214004517
COCOMO81,5,FAABE_NO_PEARSON,76,1.1583725214004517
COCOMO81,5,FAABE_NO_PEARSON,77,1.1583725214004517
COCOMO81,5,FAABE_NO_PEARSON,78,1.1583725214004517
COCOMO81,5,FAABE_NO_PEARSON,79,1.1583725214004517
COCOMO81,5,FAABE_NO_PEARSON,80,1.1583725214004517
COCOMO81,5,FAABE_NO_PEARSON,81,1.1583725214004517
COCOMO81,5,FAABE_NO_PEARSON,82,1.1583725214004517
COCOMO81,5,FAABE_NO_PEARSON,83,1.1583725214004517
COCOMO81,5,FAABE_NO_PEARSON,84,1.1583725214004517
COCOMO81,5,FAABE_NO_PEARSON,85,1.1583725214004517
COCOMO81,5,FAABE_NO_PEARSON,86,1.1583725214004517
COCOMO81,5,FAABE_NO_PEARSON,87,1.1583725214004517
COCOMO81,5,FAABE_NO_PEARSON,88,1.1583725214004517
COCOMO81,5,FAABE_NO_PEARSON,89,1.1583725214004517
COCOMO81,5,FAABE_NO_PEARSON,90,1.1583725214004517
COCOMO81,5,FAABE_NO_PEARSON,91,1.1583725214004517
COCOMO81,5,FAABE_NO_PEARSON,92,1.1583725214004517
COCOMO81,5,FAABE_NO_PEARSON,93,1.1583725214004517
COCOMO81,5,FAABE_NO_PEARSON,94,1.1583725214004517
COCOMO81,5,FAABE_NO_PEARSON,95,1.1583725214004517
COCOMO81,5,FAABE_NO_PEARSON,96,1.1583725214004517
COCOMO81,5,FAABE_NO_PEARSON,97,1.1583725214004517
COCOMO81,5,FAABE_NO_PEARSON,98,1.1583725214004517
COCOMO81,5,FAABE_NO_PEARSON,99,1.1583725214004517
COCOMO81,5,FAABE_NO_PEARSON,100,1.1583725214004517
COCOMO81,5,FAABE_NO_IWM,0,1.459331750869751
COCOMO81,5,FAABE_NO_IWM,1,1.4588791131973267
COCOMO81,5,FAABE_NO_IWM,2,1.4322189092636108
COCOMO81,5,FAABE_NO_IWM,3,1.2408770322799683
COCOMO81,5,FAABE_NO_IWM,4,1.2235383987426758
COCOMO81,5,FAABE_NO_IWM,5,1.2235383987426758
COCOMO81,5,FAABE_NO_IWM,6,1.2235383987426758
COCOMO81,5,FAABE_NO_IWM,7,1.2235383987426758
COCOMO81,5,FAABE_NO_IWM,8,1.2235383987426758
COCOMO81,5,FAABE_NO_IWM,9,1.2235383987426758
COCOMO81,5,FAABE_NO_IWM,10,1.2235383987426758
COCOMO81,5,FAABE_NO_IWM,11,1.2235383987426758
COCOMO81,5,FAABE_NO_IWM,12,1.2235383987426758
COCOMO81,5,FAABE_NO_IWM,13,1.2235383987426758
COCOMO81,5,FAABE_NO_IWM,14,1.2235383987426758
COCOMO81,5,FAABE_NO_IWM,15,1.2235383987426758
COCOMO81,5,FAABE_NO_IWM,16,1.2235383987426758
COCOMO81,5,FAABE_NO_IWM,17,1.2235383987426758
COCOMO81,5,FAABE_NO_IWM,18,1.2235383987426758
COCOMO81,5,FAABE_NO_IWM,19,1.2235383987426758
COCOMO81,5,FAABE_NO_IWM,20,1.2205392122268677
COCOMO81,5,FAABE_NO_IWM,21,1.2205392122268677
COCOMO81,5,FAABE_NO_IWM,22,1.2205392122268677
COCOMO81,5,FAABE_NO_IWM,23,1.2202534675598145
COCOMO81,5,FAABE_NO_IWM,24,1.2202534675598145
COCOMO81,5,FAABE_NO_IWM,25,1.2202534675598145
COCOMO81,5,FAABE_NO_IWM,26,1.2202534675598145
COCOMO81,5,FAABE_NO_IWM,27,1.218877911567688
COCOMO81,5,FAABE_NO_IWM,28,1.218877911567688
COCOMO81,5,FAABE_NO_IWM,29,1.2175971269607544
COCOMO81,5,FAABE_NO_IWM,30,1.2164816856384277
COCOMO81,5,FAABE_NO_IWM,31,1.1884634494781494
COCOMO81,5,FAABE_NO_IWM,32,1.1884634494781494
COCOMO81,5,FAABE_NO_IWM,33,1.1884634494781494
COCOMO81,5,FAABE_NO_IWM,34,1.1884634494781494
COCOMO81,5,FAABE_NO_IWM,35,1.1884634494781494
COCOMO81,5,FAABE_NO_IWM,36,1.1884634494781494
COCOMO81,5,FAABE_NO_IWM,37,1.1884634494781494
COCOMO81,5,FAABE_NO_IWM,38,1.1884634494781494
COCOMO81,5,FAABE_NO_IWM,39,1.1884634494781494
COCOMO81,5,FAABE_NO_IWM,40,1.1884634494781494
COCOMO81,5,FAABE_NO_IWM,41,1.1884634494781494
COCOMO81,5,FAABE_NO_IWM,42,1.1884634494781494
COCOMO81,5,FAABE_NO_IWM,43,1.1884634494781494
COCOMO81,5,FAABE_NO_IWM,44,1.1884634494781494
COCOMO81,5,FAABE_NO_IWM,45,1.1884634494781494
COCOMO81,5,FAABE_NO_IWM,46,1.1884634494781494
COCOMO81,5,FAABE_NO_IWM,47,1.1884634494781494
COCOMO81,5,FAABE_NO_IWM,48,1.1884634494781494
COCOMO81,5,FAABE_NO_IWM,49,1.1884634494781494
COCOMO81,5,FAABE_NO_IWM,50,1.1884634494781494
COCOMO81,5,FAABE_NO_IWM,51,1.1884634494781494
COCOMO81,5,FAABE_NO_IWM,52,1.1884634494781494
COCOMO81,5,FAABE_NO_IWM,53,1.1884634494781494
COCOMO81,5,FAABE_NO_IWM,54,1.1884634494781494
COCOMO81,5,FAABE_NO_IWM,55,1.1884634494781494
COCOMO81,5,FAABE_NO_IWM,56,1.1884634494781494
COCOMO81,5,FAABE_NO_IWM,57,1.1884634494781494
COCOMO81,5,FAABE_NO_IWM,58,1.1884634494781494
COCOMO81,5,FAABE_NO_IWM,59,1.1884634494781494
COCOMO81,5,FAABE_NO_IWM,60,1.1884634494781494
COCOMO81,5,FAABE_NO_IWM,61,1.1884634494781494
COCOMO81,5,FAABE_NO_IWM,62,1.1884634494781494
COCOMO81,5,FAABE_NO_IWM,63,1.1884634494781494
COCOMO81,5,FAABE_NO_IWM,64,1.1884634494781494
COCOMO81,5,FAABE_NO_IWM,65,1.1884634494781494
COCOMO81,5,FAABE_NO_IWM,66,1.1884634494781494
COCOMO81,5,FAABE_NO_IWM,67,1.1884634494781494
COCOMO81,5,FAABE_NO_IWM,68,1.1884634494781494
COCOMO81,5,FAABE_NO_IWM,69,1.1884634494781494
COCOMO81,5,FAABE_NO_IWM,70,1.1884634494781494
COCOMO81,5,FAABE_NO_IWM,71,1.1884634494781494
COCOMO81,5,FAABE_NO_IWM,72,1.1884634494781494
COCOMO81,5,FAABE_NO_IWM,73,1.1884634494781494
COCOMO81,5,FAABE_NO_IWM,74,1.1884634494781494
COCOMO81,5,FAABE_NO_IWM,75,1.1884634494781494
COCOMO81,5,FAABE_NO_IWM,76,1.1884634494781494
COCOMO81,5,FAABE_NO_IWM,77,1.1884634494781494
COCOMO81,5,FAABE_NO_IWM,78,1.1884634494781494
COCOMO81,5,FAABE_NO_IWM,79,1.1884634494781494
COCOMO81,5,FAABE_NO_IWM,80,1.1884634494781494
COCOMO81,5,FAABE_NO_IWM,81,1.1884634494781494
COCOMO81,5,FAABE_NO_IWM,82,1.1884634494781494
COCOMO81,5,FAABE_NO_IWM,83,1.1884634494781494
COCOMO81,5,FAABE_NO_IWM,84,1.1884634494781494
COCOMO81,5,FAABE_NO_IWM,85,1.1884634494781494
COCOMO81,5,FAABE_NO_IWM,86,1.1884634494781494
COCOMO81,5,FAABE_NO_IWM,87,1.1884634494781494
COCOMO81,5,FAABE_NO_IWM,88,1.1884634494781494
COCOMO81,5,FAABE_NO_IWM,89,1.1884634494781494
COCOMO81,5,FAABE_NO_IWM,90,1.1884634494781494
COCOMO81,5,FAABE_NO_IWM,91,1.1884634494781494
COCOMO81,5,FAABE_NO_IWM,92,1.1884634494781494
COCOMO81,5,FAABE_NO_IWM,93,1.1884634494781494
COCOMO81,5,FAABE_NO_IWM,94,1.1884634494781494
COCOMO81,5,FAABE_NO_IWM,95,1.1884634494781494
COCOMO81,5,FAABE_NO_IWM,96,1.1884634494781494
COCOMO81,5,FAABE_NO_IWM,97,1.1884634494781494
COCOMO81,5,FAABE_NO_IWM,98,1.1884634494781494
COCOMO81,5,FAABE_NO_IWM,99,1.1884634494781494
COCOMO81,5,FAABE_NO_IWM,100,1.1884634494781494
COCOMO81,5,FAABE_FULL,0,2.3624391555786133
COCOMO81,5,FAABE_FULL,1,1.343509554862976
COCOMO81,5,FAABE_FULL,2,1.3368444442749023
COCOMO81,5,FAABE_FULL,3,1.3368444442749023
COCOMO81,5,FAABE_FULL,4,1.3368444442749023
COCOMO81,5,FAABE_FULL,5,1.3364320993423462
COCOMO81,5,FAABE_FULL,6,1.324036955833435
COCOMO81,5,FAABE_FULL,7,1.324036955833435
COCOMO81,5,FAABE_FULL,8,1.324036955833435
COCOMO81,5,FAABE_FULL,9,1.324036955833435
COCOMO81,5,FAABE_FULL,10,1.324036955833435
COCOMO81,5,FAABE_FULL,11,1.324036955833435
COCOMO81,5,FAABE_FULL,12,1.324036955833435
COCOMO81,5,FAABE_FULL,13,1.324036955833435
COCOMO81,5,FAABE_FULL,14,1.324036955833435
COCOMO81,5,FAABE_FULL,15,1.324036955833435
COCOMO81,5,FAABE_FULL,16,1.324036955833435
COCOMO81,5,FAABE_FULL,17,1.324036955833435
COCOMO81,5,FAABE_FULL,18,1.324036955833435
COCOMO81,5,FAABE_FULL,19,1.324036955833435
COCOMO81,5,FAABE_FULL,20,1.324036955833435
COCOMO81,5,FAABE_FULL,21,1.324036955833435
COCOMO81,5,FAABE_FULL,22,1.324036955833435
COCOMO81,5,FAABE_FULL,23,1.324036955833435
COCOMO81,5,FAABE_FULL,24,1.324036955833435
COCOMO81,5,FAABE_FULL,25,1.324036955833435
COCOMO81,5,FAABE_FULL,26,1.324036955833435
COCOMO81,5,FAABE_FULL,27,1.324036955833435
COCOMO81,5,FAABE_FULL,28,1.324036955833435
COCOMO81,5,FAABE_FULL,29,1.324036955833435
COCOMO81,5,FAABE_FULL,30,1.324036955833435
COCOMO81,5,FAABE_FULL,31,1.324036955833435
COCOMO81,5,FAABE_FULL,32,1.324036955833435
COCOMO81,5,FAABE_FULL,33,1.324036955833435
COCOMO81,5,FAABE_FULL,34,1.324036955833435
COCOMO81,5,FAABE_FULL,35,1.324036955833435
COCOMO81,5,FAABE_FULL,36,1.324036955833435
COCOMO81,5,FAABE_FULL,37,1.324036955833435
COCOMO81,5,FAABE_FULL,38,1.324036955833435
COCOMO81,5,FAABE_FULL,39,1.324036955833435
COCOMO81,5,FAABE_FULL,40,1.324036955833435
COCOMO81,5,FAABE_FULL,41,1.324036955833435
COCOMO81,5,FAABE_FULL,42,1.324036955833435
COCOMO81,5,FAABE_FULL,43,1.324036955833435
COCOMO81,5,FAABE_FULL,44,1.324036955833435
COCOMO81,5,FAABE_FULL,45,1.324036955833435
COCOMO81,5,FAABE_FULL,46,1.324036955833435
COCOMO81,5,FAABE_FULL,47,1.324036955833435
COCOMO81,5,FAABE_FULL,48,1.324036955833435
COCOMO81,5,FAABE_FULL,49,1.324036955833435
COCOMO81,5,FAABE_FULL,50,1.324036955833435
COCOMO81,5,FAABE_FULL,51,1.324036955833435
COCOMO81,5,FAABE_FULL,52,1.324036955833435
COCOMO81,5,FAABE_FULL,53,1.324036955833435
COCOMO81,5,FAABE_FULL,54,1.324036955833435
COCOMO81,5,FAABE_FULL,55,1.3031095266342163
COCOMO81,5,FAABE_FULL,56,1.3031095266342163
COCOMO81,5,FAABE_FULL,57,1.3031095266342163
COCOMO81,5,FAABE_FULL,58,1.3031095266342163
COCOMO81,5,FAABE_FULL,59,1.3031095266342163
COCOMO81,5,FAABE_FULL,60,1.3031095266342163
COCOMO81,5,FAABE_FULL,61,1.3031095266342163
COCOMO81,5,FAABE_FULL,62,1.3031095266342163
COCOMO81,5,FAABE_FULL,63,1.3031095266342163
COCOMO81,5,FAABE_FULL,64,1.2998909950256348
COCOMO81,5,FAABE_FULL,65,1.2998909950256348
COCOMO81,5,FAABE_FULL,66,1.2998909950256348
COCOMO81,5,FAABE_FULL,67,1.2998909950256348
COCOMO81,5,FAABE_FULL,68,1.2998909950256348
COCOMO81,5,FAABE_FULL,69,1.2998909950256348
COCOMO81,5,FAABE_FULL,70,1.2998909950256348
COCOMO81,5,FAABE_FULL,71,1.2998909950256348
COCOMO81,5,FAABE_FULL,72,1.2998909950256348
COCOMO81,5,FAABE_FULL,73,1.2998909950256348
COCOMO81,5,FAABE_FULL,74,1.2998909950256348
COCOMO81,5,FAABE_FULL,75,1.2998909950256348
COCOMO81,5,FAABE_FULL,76,1.2998909950256348
COCOMO81,5,FAABE_FULL,77,1.2998909950256348
COCOMO81,5,FAABE_FULL,78,1.2998909950256348
COCOMO81,5,FAABE_FULL,79,1.2998909950256348
COCOMO81,5,FAABE_FULL,80,1.2998909950256348
COCOMO81,5,FAABE_FULL,81,1.2998909950256348
COCOMO81,5,FAABE_FULL,82,1.2998909950256348
COCOMO81,5,FAABE_FULL,83,1.2998909950256348
COCOMO81,5,FAABE_FULL,84,1.2998909950256348
COCOMO81,5,FAABE_FULL,85,1.2998909950256348
COCOMO81,5,FAABE_FULL,86,1.2998909950256348
COCOMO81,5,FAABE_FULL,87,1.2998909950256348
COCOMO81,5,FAABE_FULL,88,1.2998909950256348
COCOMO81,5,FAABE_FULL,89,1.2998909950256348
COCOMO81,5,FAABE_FULL,90,1.2998909950256348
COCOMO81,5,FAABE_FULL,91,1.2998909950256348
COCOMO81,5,FAABE_FULL,92,1.2998909950256348
COCOMO81,5,FAABE_FULL,93,1.2998909950256348
COCOMO81,5,FAABE_FULL,94,1.2998909950256348
COCOMO81,5,FAABE_FULL,95,1.2998909950256348
COCOMO81,5,FAABE_FULL,96,1.2998909950256348
COCOMO81,5,FAABE_FULL,97,1.2998909950256348
COCOMO81,5,FAABE_FULL,98,1.2998909950256348
COCOMO81,5,FAABE_FULL,99,1.2998909950256348
COCOMO81,5,FAABE_FULL,100,1.2998909950256348
COCOMO81,6,FAABE_NO_PEARSON,0,2.5315449237823486
COCOMO81,6,FAABE_NO_PEARSON,1,1.946090817451477
COCOMO81,6,FAABE_NO_PEARSON,2,1.946090817451477
COCOMO81,6,FAABE_NO_PEARSON,3,1.6704466342926025
COCOMO81,6,FAABE_NO_PEARSON,4,1.556028127670288
COCOMO81,6,FAABE_NO_PEARSON,5,1.3996734619140625
COCOMO81,6,FAABE_NO_PEARSON,6,1.3162816762924194
COCOMO81,6,FAABE_NO_PEARSON,7,1.3162816762924194
COCOMO81,6,FAABE_NO_PEARSON,8,1.3162816762924194
COCOMO81,6,FAABE_NO_PEARSON,9,1.3162816762924194
COCOMO81,6,FAABE_NO_PEARSON,10,1.3162816762924194
COCOMO81,6,FAABE_NO_PEARSON,11,1.3162816762924194
COCOMO81,6,FAABE_NO_PEARSON,12,1.3162816762924194
COCOMO81,6,FAABE_NO_PEARSON,13,1.3162816762924194
COCOMO81,6,FAABE_NO_PEARSON,14,1.3162816762924194
COCOMO81,6,FAABE_NO_PEARSON,15,1.3162816762924194
COCOMO81,6,FAABE_NO_PEARSON,16,1.3162816762924194
COCOMO81,6,FAABE_NO_PEARSON,17,1.3162816762924194
COCOMO81,6,FAABE_NO_PEARSON,18,1.2797322273254395
COCOMO81,6,FAABE_NO_PEARSON,19,1.2797322273254395
COCOMO81,6,FAABE_NO_PEARSON,20,1.2797322273254395
COCOMO81,6,FAABE_NO_PEARSON,21,1.2797322273254395
COCOMO81,6,FAABE_NO_PEARSON,22,1.2797322273254395
COCOMO81,6,FAABE_NO_PEARSON,23,1.2797322273254395
COCOMO81,6,FAABE_NO_PEARSON,24,1.2797322273254395
COCOMO81,6,FAABE_NO_PEARSON,25,1.2797322273254395
COCOMO81,6,FAABE_NO_PEARSON,26,1.109646201133728
COCOMO81,6,FAABE_NO_PEARSON,27,1.109646201133728
COCOMO81,6,FAABE_NO_PEARSON,28,1.109646201133728
COCOMO81,6,FAABE_NO_PEARSON,29,1.109646201133728
COCOMO81,6,FAABE_NO_PEARSON,30,1.109646201133728
COCOMO81,6,FAABE_NO_PEARSON,31,1.109646201133728
COCOMO81,6,FAABE_NO_PEARSON,32,1.109646201133728
COCOMO81,6,FAABE_NO_PEARSON,33,1.109646201133728
COCOMO81,6,FAABE_NO_PEARSON,34,1.109646201133728
COCOMO81,6,FAABE_NO_PEARSON,35,1.109646201133728
COCOMO81,6,FAABE_NO_PEARSON,36,1.109646201133728
COCOMO81,6,FAABE_NO_PEARSON,37,1.109646201133728
COCOMO81,6,FAABE_NO_PEARSON,38,1.0865398645401
COCOMO81,6,FAABE_NO_PEARSON,39,1.0865398645401
COCOMO81,6,FAABE_NO_PEARSON,40,1.0865398645401
COCOMO81,6,FAABE_NO_PEARSON,41,1.0865398645401
COCOMO81,6,FAABE_NO_PEARSON,42,1.0865398645401
COCOMO81,6,FAABE_NO_PEARSON,43,1.0865398645401
COCOMO81,6,FAABE_NO_PEARSON,44,1.0865398645401
COCOMO81,6,FAABE_NO_PEARSON,45,1.0865398645401
COCOMO81,6,FAABE_NO_PEARSON,46,1.0865398645401
COCOMO81,6,FAABE_NO_PEARSON,47,1.0865398645401
COCOMO81,6,FAABE_NO_PEARSON,48,1.0865398645401
COCOMO81,6,FAABE_NO_PEARSON,49,1.0865398645401
COCOMO81,6,FAABE_NO_PEARSON,50,1.0865398645401
COCOMO81,6,FAABE_NO_PEARSON,51,1.0865398645401
COCOMO81,6,FAABE_NO_PEARSON,52,1.0865398645401
COCOMO81,6,FAABE_NO_PEARSON,53,1.0865398645401
COCOMO81,6,FAABE_NO_PEARSON,54,1.0865398645401
COCOMO81,6,FAABE_NO_PEARSON,55,1.0865398645401
COCOMO81,6,FAABE_NO_PEARSON,56,1.0865398645401
COCOMO81,6,FAABE_NO_PEARSON,57,1.0865398645401
COCOMO81,6,FAABE_NO_PEARSON,58,1.0865398645401
COCOMO81,6,FAABE_NO_PEARSON,59,1.0865398645401
COCOMO81,6,FAABE_NO_PEARSON,60,1.0865398645401
COCOMO81,6,FAABE_NO_PEARSON,61,1.0865398645401
COCOMO81,6,FAABE_NO_PEARSON,62,1.0865398645401
COCOMO81,6,FAABE_NO_PEARSON,63,1.0865398645401
COCOMO81,6,FAABE_NO_PEARSON,64,1.0865398645401
COCOMO81,6,FAABE_NO_PEARSON,65,1.0865398645401
COCOMO81,6,FAABE_NO_PEARSON,66,1.0865398645401
COCOMO81,6,FAABE_NO_PEARSON,67,1.0865398645401
COCOMO81,6,FAABE_NO_PEARSON,68,1.0865398645401
COCOMO81,6,FAABE_NO_PEARSON,69,1.0865398645401
COCOMO81,6,FAABE_NO_PEARSON,70,1.0865398645401
COCOMO81,6,FAABE_NO_PEARSON,71,1.0865398645401
COCOMO81,6,FAABE_NO_PEARSON,72,1.0865398645401
COCOMO81,6,FAABE_NO_PEARSON,73,1.0865398645401
COCOMO81,6,FAABE_NO_PEARSON,74,1.0865398645401
COCOMO81,6,FAABE_NO_PEARSON,75,1.0865398645401
COCOMO81,6,FAABE_NO_PEARSON,76,1.0865398645401
COCOMO81,6,FAABE_NO_PEARSON,77,1.0865398645401
COCOMO81,6,FAABE_NO_PEARSON,78,1.0723681449890137
COCOMO81,6,FAABE_NO_PEARSON,79,1.0723681449890137
COCOMO81,6,FAABE_NO_PEARSON,80,1.0723681449890137
COCOMO81,6,FAABE_NO_PEARSON,81,1.0723681449890137
COCOMO81,6,FAABE_NO_PEARSON,82,1.0723681449890137
COCOMO81,6,FAABE_NO_PEARSON,83,1.0723681449890137
COCOMO81,6,FAABE_NO_PEARSON,84,1.0723681449890137
COCOMO81,6,FAABE_NO_PEARSON,85,1.0723681449890137
COCOMO81,6,FAABE_NO_PEARSON,86,1.0723681449890137
COCOMO81,6,FAABE_NO_PEARSON,87,1.0723681449890137
COCOMO81,6,FAABE_NO_PEARSON,88,1.0723681449890137
COCOMO81,6,FAABE_NO_PEARSON,89,1.0723681449890137
COCOMO81,6,FAABE_NO_PEARSON,90,1.0723681449890137
COCOMO81,6,FAABE_NO_PEARSON,91,1.0723681449890137
COCOMO81,6,FAABE_NO_PEARSON,92,1.0723681449890137
COCOMO81,6,FAABE_NO_PEARSON,93,1.0723681449890137
COCOMO81,6,FAABE_NO_PEARSON,94,1.0723681449890137
COCOMO81,6,FAABE_NO_PEARSON,95,1.0723681449890137
COCOMO81,6,FAABE_NO_PEARSON,96,1.0723681449890137
COCOMO81,6,FAABE_NO_PEARSON,97,1.0723681449890137
COCOMO81,6,FAABE_NO_PEARSON,98,1.0723681449890137
COCOMO81,6,FAABE_NO_PEARSON,99,1.0723681449890137
COCOMO81,6,FAABE_NO_PEARSON,100,1.0723681449890137
COCOMO81,6,FAABE_NO_IWM,0,1.7129381895065308
COCOMO81,6,FAABE_NO_IWM,1,1.5451656579971313
COCOMO81,6,FAABE_NO_IWM,2,1.4716068506240845
COCOMO81,6,FAABE_NO_IWM,3,1.4716068506240845
COCOMO81,6,FAABE_NO_IWM,4,1.4716068506240845
COCOMO81,6,FAABE_NO_IWM,5,1.4716068506240845
COCOMO81,6,FAABE_NO_IWM,6,1.4716068506240845
COCOMO81,6,FAABE_NO_IWM,7,1.4716068506240845
COCOMO81,6,FAABE_NO_IWM,8,1.4674564599990845
COCOMO81,6,FAABE_NO_IWM,9,1.4078716039657593
COCOMO81,6,FAABE_NO_IWM,10,1.4078716039657593
COCOMO81,6,FAABE_NO_IWM,11,1.4078716039657593
COCOMO81,6,FAABE_NO_IWM,12,1.4078716039657593
COCOMO81,6,FAABE_NO_IWM,13,1.4078716039657593
COCOMO81,6,FAABE_NO_IWM,14,1.4078716039657593
COCOMO81,6,FAABE_NO_IWM,15,1.4078716039657593
COCOMO81,6,FAABE_NO_IWM,16,1.4078716039657593
COCOMO81,6,FAABE_NO_IWM,17,1.4078716039657593
COCOMO81,6,FAABE_NO_IWM,18,1.4078716039657593
COCOMO81,6,FAABE_NO_IWM,19,1.4078716039657593
COCOMO81,6,FAABE_NO_IWM,20,1.4078716039657593
COCOMO81,6,FAABE_NO_IWM,21,1.4078716039657593
COCOMO81,6,FAABE_NO_IWM,22,1.4078716039657593
COCOMO81,6,FAABE_NO_IWM,23,1.4078716039657593
COCOMO81,6,FAABE_NO_IWM,24,1.4078716039657593
COCOMO81,6,FAABE_NO_IWM,25,1.4078716039657593
COCOMO81,6,FAABE_NO_IWM,26,1.4078716039657593
COCOMO81,6,FAABE_NO_IWM,27,1.4078716039657593
COCOMO81,6,FAABE_NO_IWM,28,1.4078716039657593
COCOMO81,6,FAABE_NO_IWM,29,1.4078716039657593
COCOMO81,6,FAABE_NO_IWM,30,1.4078716039657593
COCOMO81,6,FAABE_NO_IWM,31,1.4078716039657593
COCOMO81,6,FAABE_NO_IWM,32,1.4078716039657593
COCOMO81,6,FAABE_NO_IWM,33,1.4078716039657593
COCOMO81,6,FAABE_NO_IWM,34,1.4078716039657593
COCOMO81,6,FAABE_NO_IWM,35,1.4078716039657593
COCOMO81,6,FAABE_NO_IWM,36,1.4078716039657593
COCOMO81,6,FAABE_NO_IWM,37,1.4078716039657593
COCOMO81,6,FAABE_NO_IWM,38,1.4078716039657593
COCOMO81,6,FAABE_NO_IWM,39,1.4078716039657593
COCOMO81,6,FAABE_NO_IWM,40,1.4078716039657593
COCOMO81,6,FAABE_NO_IWM,41,1.4078716039657593
COCOMO81,6,FAABE_NO_IWM,42,1.4078716039657593
COCOMO81,6,FAABE_NO_IWM,43,1.4078716039657593
COCOMO81,6,FAABE_NO_IWM,44,1.4078716039657593
COCOMO81,6,FAABE_NO_IWM,45,1.4078716039657593
COCOMO81,6,FAABE_NO_IWM,46,1.4078716039657593
COCOMO81,6,FAABE_NO_IWM,47,1.4078716039657593
COCOMO81,6,FAABE_NO_IWM,48,1.4078716039657593
COCOMO81,6,FAABE_NO_IWM,49,1.4078716039657593
COCOMO81,6,FAABE_NO_IWM,50,1.4078716039657593
COCOMO81,6,FAABE_NO_IWM,51,1.4078716039657593
COCOMO81,6,FAABE_NO_IWM,52,1.4078716039657593
COCOMO81,6,FAABE_NO_IWM,53,1.4078716039657593
COCOMO81,6,FAABE_NO_IWM,54,1.4078716039657593
COCOMO81,6,FAABE_NO_IWM,55,1.4078716039657593
COCOMO81,6,FAABE_NO_IWM,56,1.4078716039657593
COCOMO81,6,FAABE_NO_IWM,57,1.4078716039657593
COCOMO81,6,FAABE_NO_IWM,58,1.4078716039657593
COCOMO81,6,FAABE_NO_IWM,59,1.4078716039657593
COCOMO81,6,FAABE_NO_IWM,60,1.4078716039657593
COCOMO81,6,FAABE_NO_IWM,61,1.4078716039657593
COCOMO81,6,FAABE_NO_IWM,62,1.4078716039657593
COCOMO81,6,FAABE_NO_IWM,63,1.4078716039657593
COCOMO81,6,FAABE_NO_IWM,64,1.4078716039657593
COCOMO81,6,FAABE_NO_IWM,65,1.4078716039657593
COCOMO81,6,FAABE_NO_IWM,66,1.4078716039657593
COCOMO81,6,FAABE_NO_IWM,67,1.4078716039657593
COCOMO81,6,FAABE_NO_IWM,68,1.4078716039657593
COCOMO81,6,FAABE_NO_IWM,69,1.4078716039657593
COCOMO81,6,FAABE_NO_IWM,70,1.4078716039657593
COCOMO81,6,FAABE_NO_IWM,71,1.4078716039657593
COCOMO81,6,FAABE_NO_IWM,72,1.4078716039657593
COCOMO81,6,FAABE_NO_IWM,73,1.4078716039657593
COCOMO81,6,FAABE_NO_IWM,74,1.4078716039657593
COCOMO81,6,FAABE_NO_IWM,75,1.4078716039657593
COCOMO81,6,FAABE_NO_IWM,76,1.4078716039657593
COCOMO81,6,FAABE_NO_IWM,77,1.4078716039657593
COCOMO81,6,FAABE_NO_IWM,78,1.4078716039657593
COCOMO81,6,FAABE_NO_IWM,79,1.4078716039657593
COCOMO81,6,FAABE_NO_IWM,80,1.4078716039657593
COCOMO81,6,FAABE_NO_IWM,81,1.4078716039657593
COCOMO81,6,FAABE_NO_IWM,82,1.4078716039657593
COCOMO81,6,FAABE_NO_IWM,83,1.4078716039657593
COCOMO81,6,FAABE_NO_IWM,84,1.4078716039657593
COCOMO81,6,FAABE_NO_IWM,85,1.4078716039657593
COCOMO81,6,FAABE_NO_IWM,86,1.4078716039657593
COCOMO81,6,FAABE_NO_IWM,87,1.4078716039657593
COCOMO81,6,FAABE_NO_IWM,88,1.4078716039657593
COCOMO81,6,FAABE_NO_IWM,89,1.4078716039657593
COCOMO81,6,FAABE_NO_IWM,90,1.4078716039657593
COCOMO81,6,FAABE_NO_IWM,91,1.4078716039657593
COCOMO81,6,FAABE_NO_IWM,92,1.4078716039657593
COCOMO81,6,FAABE_NO_IWM,93,1.4078716039657593
COCOMO81,6,FAABE_NO_IWM,94,1.4078716039657593
COCOMO81,6,FAABE_NO_IWM,95,1.4078716039657593
COCOMO81,6,FAABE_NO_IWM,96,1.4078716039657593
COCOMO81,6,FAABE_NO_IWM,97,1.4078716039657593
COCOMO81,6,FAABE_NO_IWM,98,1.4078716039657593
COCOMO81,6,FAABE_NO_IWM,99,1.4078716039657593
COCOMO81,6,FAABE_NO_IWM,100,1.4078716039657593
COCOMO81,6,FAABE_FULL,0,1.3938237428665161
COCOMO81,6,FAABE_FULL,1,1.3303720951080322
COCOMO81,6,FAABE_FULL,2,1.3303720951080322
COCOMO81,6,FAABE_FULL,3,1.3294885158538818
COCOMO81,6,FAABE_FULL,4,1.3294885158538818
COCOMO81,6,FAABE_FULL,5,1.329484462738037
COCOMO81,6,FAABE_FULL,6,1.329484462738037
COCOMO81,6,FAABE_FULL,7,1.329484462738037
COCOMO81,6,FAABE_FULL,8,1.329484462738037
COCOMO81,6,FAABE_FULL,9,1.329484462738037
COCOMO81,6,FAABE_FULL,10,1.329484462738037
COCOMO81,6,FAABE_FULL,11,1.329484462738037
COCOMO81,6,FAABE_FULL,12,1.329484462738037
COCOMO81,6,FAABE_FULL,13,1.329484462738037
COCOMO81,6,FAABE_FULL,14,1.329484462738037
COCOMO81,6,FAABE_FULL,15,1.329484462738037
COCOMO81,6,FAABE_FULL,16,1.329484462738037
COCOMO81,6,FAABE_FULL,17,1.3214752674102783
COCOMO81,6,FAABE_FULL,18,1.3214752674102783
COCOMO81,6,FAABE_FULL,19,1.3200212717056274
COCOMO81,6,FAABE_FULL,20,1.3200212717056274
COCOMO81,6,FAABE_FULL,21,1.3200212717056274
COCOMO81,6,FAABE_FULL,22,1.3200212717056274
COCOMO81,6,FAABE_FULL,23,1.3200212717056274
COCOMO81,6,FAABE_FULL,24,1.3200212717056274
COCOMO81,6,FAABE_FULL,25,1.3200212717056274
COCOMO81,6,FAABE_FULL,26,1.3200212717056274
COCOMO81,6,FAABE_FULL,27,1.3200212717056274
COCOMO81,6,FAABE_FULL,28,1.3200212717056274
COCOMO81,6,FAABE_FULL,29,1.3200212717056274
COCOMO81,6,FAABE_FULL,30,1.3200212717056274
COCOMO81,6,FAABE_FULL,31,1.3200212717056274
COCOMO81,6,FAABE_FULL,32,1.3200212717056274
COCOMO81,6,FAABE_FULL,33,1.3200212717056274
COCOMO81,6,FAABE_FULL,34,1.3200212717056274
COCOMO81,6,FAABE_FULL,35,1.3200212717056274
COCOMO81,6,FAABE_FULL,36,1.3200212717056274
COCOMO81,6,FAABE_FULL,37,1.3200212717056274
COCOMO81,6,FAABE_FULL,38,1.3200212717056274
COCOMO81,6,FAABE_FULL,39,1.3200212717056274
COCOMO81,6,FAABE_FULL,40,1.3200212717056274
COCOMO81,6,FAABE_FULL,41,1.3200212717056274
COCOMO81,6,FAABE_FULL,42,1.3200212717056274
COCOMO81,6,FAABE_FULL,43,1.3200212717056274
COCOMO81,6,FAABE_FULL,44,1.3200212717056274
COCOMO81,6,FAABE_FULL,45,1.3200212717056274
COCOMO81,6,FAABE_FULL,46,1.3200212717056274
COCOMO81,6,FAABE_FULL,47,1.3200212717056274
COCOMO81,6,FAABE_FULL,48,1.3200212717056274
COCOMO81,6,FAABE_FULL,49,1.3200212717056274
COCOMO81,6,FAABE_FULL,50,1.3200212717056274
COCOMO81,6,FAABE_FULL,51,1.3200212717056274
COCOMO81,6,FAABE_FULL,52,1.3200212717056274
COCOMO81,6,FAABE_FULL,53,1.3200212717056274
COCOMO81,6,FAABE_FULL,54,1.3200212717056274
COCOMO81,6,FAABE_FULL,55,1.3200212717056274
COCOMO81,6,FAABE_FULL,56,1.3200212717056274
COCOMO81,6,FAABE_FULL,57,1.319804072380066
COCOMO81,6,FAABE_FULL,58,1.319804072380066
COCOMO81,6,FAABE_FULL,59,1.319804072380066
COCOMO81,6,FAABE_FULL,60,1.319804072380066
COCOMO81,6,FAABE_FULL,61,1.319804072380066
COCOMO81,6,FAABE_FULL,62,1.319804072380066
COCOMO81,6,FAABE_FULL,63,1.319804072380066
COCOMO81,6,FAABE_FULL,64,1.319804072380066
COCOMO81,6,FAABE_FULL,65,1.319804072380066
COCOMO81,6,FAABE_FULL,66,1.319804072380066
COCOMO81,6,FAABE_FULL,67,1.319804072380066
COCOMO81,6,FAABE_FULL,68,1.319804072380066
COCOMO81,6,FAABE_FULL,69,1.319804072380066
COCOMO81,6,FAABE_FULL,70,1.319804072380066
COCOMO81,6,FAABE_FULL,71,1.319804072380066
COCOMO81,6,FAABE_FULL,72,1.318748116493225
COCOMO81,6,FAABE_FULL,73,1.318748116493225
COCOMO81,6,FAABE_FULL,74,1.318748116493225
COCOMO81,6,FAABE_FULL,75,1.318748116493225
COCOMO81,6,FAABE_FULL,76,1.318748116493225
COCOMO81,6,FAABE_FULL,77,1.318748116493225
COCOMO81,6,FAABE_FULL,78,1.318748116493225
COCOMO81,6,FAABE_FULL,79,1.318748116493225
COCOMO81,6,FAABE_FULL,80,1.318748116493225
COCOMO81,6,FAABE_FULL,81,1.318748116493225
COCOMO81,6,FAABE_FULL,82,1.318748116493225
COCOMO81,6,FAABE_FULL,83,1.318748116493225
COCOMO81,6,FAABE_FULL,84,1.318748116493225
COCOMO81,6,FAABE_FULL,85,1.318748116493225
COCOMO81,6,FAABE_FULL,86,1.318748116493225
COCOMO81,6,FAABE_FULL,87,1.318748116493225
COCOMO81,6,FAABE_FULL,88,1.318748116493225
COCOMO81,6,FAABE_FULL,89,1.318748116493225
COCOMO81,6,FAABE_FULL,90,1.318748116493225
COCOMO81,6,FAABE_FULL,91,1.318748116493225
COCOMO81,6,FAABE_FULL,92,1.318748116493225
COCOMO81,6,FAABE_FULL,93,1.318748116493225
COCOMO81,6,FAABE_FULL,94,1.318748116493225
COCOMO81,6,FAABE_FULL,95,1.318748116493225
COCOMO81,6,FAABE_FULL,96,1.318748116493225
COCOMO81,6,FAABE_FULL,97,1.318748116493225
COCOMO81,6,FAABE_FULL,98,1.318748116493225
COCOMO81,6,FAABE_FULL,99,1.318748116493225
COCOMO81,6,FAABE_FULL,100,1.318748116493225
COCOMO81,7,FAABE_NO_PEARSON,0,3.2233526706695557
COCOMO81,7,FAABE_NO_PEARSON,1,2.2745039463043213
COCOMO81,7,FAABE_NO_PEARSON,2,1.6102957725524902
COCOMO81,7,FAABE_NO_PEARSON,3,1.331843614578247
COCOMO81,7,FAABE_NO_PEARSON,4,1.331843614578247
COCOMO81,7,FAABE_NO_PEARSON,5,1.331843614578247
COCOMO81,7,FAABE_NO_PEARSON,6,1.331843614578247
COCOMO81,7,FAABE_NO_PEARSON,7,1.331843614578247
COCOMO81,7,FAABE_NO_PEARSON,8,1.331843614578247
COCOMO81,7,FAABE_NO_PEARSON,9,1.331843614578247
COCOMO81,7,FAABE_NO_PEARSON,10,1.2840224504470825
COCOMO81,7,FAABE_NO_PEARSON,11,1.2840224504470825
COCOMO81,7,FAABE_NO_PEARSON,12,1.2840224504470825
COCOMO81,7,FAABE_NO_PEARSON,13,1.2840224504470825
COCOMO81,7,FAABE_NO_PEARSON,14,1.2840224504470825
COCOMO81,7,FAABE_NO_PEARSON,15,1.2840224504470825
COCOMO81,7,FAABE_NO_PEARSON,16,1.2840224504470825
COCOMO81,7,FAABE_NO_PEARSON,17,1.2840224504470825
COCOMO81,7,FAABE_NO_PEARSON,18,1.189692735671997
COCOMO81,7,FAABE_NO_PEARSON,19,1.189692735671997
COCOMO81,7,FAABE_NO_PEARSON,20,1.189692735671997
COCOMO81,7,FAABE_NO_PEARSON,21,1.189692735671997
COCOMO81,7,FAABE_NO_PEARSON,22,1.189692735671997
COCOMO81,7,FAABE_NO_PEARSON,23,1.189692735671997
COCOMO81,7,FAABE_NO_PEARSON,24,1.189692735671997
COCOMO81,7,FAABE_NO_PEARSON,25,1.189692735671997
COCOMO81,7,FAABE_NO_PEARSON,26,1.189692735671997
COCOMO81,7,FAABE_NO_PEARSON,27,1.189692735671997
COCOMO81,7,FAABE_NO_PEARSON,28,1.189692735671997
COCOMO81,7,FAABE_NO_PEARSON,29,1.189692735671997
COCOMO81,7,FAABE_NO_PEARSON,30,1.189692735671997
COCOMO81,7,FAABE_NO_PEARSON,31,1.189692735671997
COCOMO81,7,FAABE_NO_PEARSON,32,1.189692735671997
COCOMO81,7,FAABE_NO_PEARSON,33,1.189692735671997
COCOMO81,7,FAABE_NO_PEARSON,34,1.189692735671997
COCOMO81,7,FAABE_NO_PEARSON,35,1.189692735671997
COCOMO81,7,FAABE_NO_PEARSON,36,1.189692735671997
COCOMO81,7,FAABE_NO_PEARSON,37,1.189692735671997
COCOMO81,7,FAABE_NO_PEARSON,38,1.189692735671997
COCOMO81,7,FAABE_NO_PEARSON,39,1.189692735671997
COCOMO81,7,FAABE_NO_PEARSON,40,1.189692735671997
COCOMO81,7,FAABE_NO_PEARSON,41,1.189692735671997
COCOMO81,7,FAABE_NO_PEARSON,42,1.189692735671997
COCOMO81,7,FAABE_NO_PEARSON,43,1.189692735671997
COCOMO81,7,FAABE_NO_PEARSON,44,1.189692735671997
COCOMO81,7,FAABE_NO_PEARSON,45,1.189692735671997
COCOMO81,7,FAABE_NO_PEARSON,46,1.189692735671997
COCOMO81,7,FAABE_NO_PEARSON,47,1.189692735671997
COCOMO81,7,FAABE_NO_PEARSON,48,1.189692735671997
COCOMO81,7,FAABE_NO_PEARSON,49,1.189692735671997
COCOMO81,7,FAABE_NO_PEARSON,50,1.189692735671997
COCOMO81,7,FAABE_NO_PEARSON,51,1.189692735671997
COCOMO81,7,FAABE_NO_PEARSON,52,1.189692735671997
COCOMO81,7,FAABE_NO_PEARSON,53,1.189692735671997
COCOMO81,7,FAABE_NO_PEARSON,54,1.189692735671997
COCOMO81,7,FAABE_NO_PEARSON,55,1.189692735671997
COCOMO81,7,FAABE_NO_PEARSON,56,1.189692735671997
COCOMO81,7,FAABE_NO_PEARSON,57,1.189692735671997
COCOMO81,7,FAABE_NO_PEARSON,58,1.189692735671997
COCOMO81,7,FAABE_NO_PEARSON,59,1.189692735671997
COCOMO81,7,FAABE_NO_PEARSON,60,1.189692735671997
COCOMO81,7,FAABE_NO_PEARSON,61,1.189692735671997
COCOMO81,7,FAABE_NO_PEARSON,62,1.189692735671997
COCOMO81,7,FAABE_NO_PEARSON,63,1.189692735671997
COCOMO81,7,FAABE_NO_PEARSON,64,1.189692735671997
COCOMO81,7,FAABE_NO_PEARSON,65,1.189692735671997
COCOMO81,7,FAABE_NO_PEARSON,66,1.189692735671997
COCOMO81,7,FAABE_NO_PEARSON,67,1.189692735671997
COCOMO81,7,FAABE_NO_PEARSON,68,1.189692735671997
COCOMO81,7,FAABE_NO_PEARSON,69,1.189692735671997
COCOMO81,7,FAABE_NO_PEARSON,70,1.189692735671997
COCOMO81,7,FAABE_NO_PEARSON,71,1.189692735671997
COCOMO81,7,FAABE_NO_PEARSON,72,1.189692735671997
COCOMO81,7,FAABE_NO_PEARSON,73,1.189692735671997
COCOMO81,7,FAABE_NO_PEARSON,74,1.189692735671997
COCOMO81,7,FAABE_NO_PEARSON,75,1.189692735671997
COCOMO81,7,FAABE_NO_PEARSON,76,1.189692735671997
COCOMO81,7,FAABE_NO_PEARSON,77,1.189692735671997
COCOMO81,7,FAABE_NO_PEARSON,78,1.189692735671997
COCOMO81,7,FAABE_NO_PEARSON,79,1.189692735671997
COCOMO81,7,FAABE_NO_PEARSON,80,1.189692735671997
COCOMO81,7,FAABE_NO_PEARSON,81,1.189692735671997
COCOMO81,7,FAABE_NO_PEARSON,82,1.189692735671997
COCOMO81,7,FAABE_NO_PEARSON,83,1.189692735671997
COCOMO81,7,FAABE_NO_PEARSON,84,1.189692735671997
COCOMO81,7,FAABE_NO_PEARSON,85,1.189692735671997
COCOMO81,7,FAABE_NO_PEARSON,86,1.189692735671997
COCOMO81,7,FAABE_NO_PEARSON,87,1.189692735671997
COCOMO81,7,FAABE_NO_PEARSON,88,1.189692735671997
COCOMO81,7,FAABE_NO_PEARSON,89,1.189692735671997
COCOMO81,7,FAABE_NO_PEARSON,90,1.189692735671997
COCOMO81,7,FAABE_NO_PEARSON,91,1.189692735671997
COCOMO81,7,FAABE_NO_PEARSON,92,1.189692735671997
COCOMO81,7,FAABE_NO_PEARSON,93,1.189692735671997
COCOMO81,7,FAABE_NO_PEARSON,94,1.189692735671997
COCOMO81,7,FAABE_NO_PEARSON,95,1.189692735671997
COCOMO81,7,FAABE_NO_PEARSON,96,1.189692735671997
COCOMO81,7,FAABE_NO_PEARSON,97,1.189692735671997
COCOMO81,7,FAABE_NO_PEARSON,98,1.189692735671997
COCOMO81,7,FAABE_NO_PEARSON,99,1.189692735671997
COCOMO81,7,FAABE_NO_PEARSON,100,1.189692735671997
COCOMO81,7,FAABE_NO_IWM,0,2.356351852416992
COCOMO81,7,FAABE_NO_IWM,1,1.5978068113327026
COCOMO81,7,FAABE_NO_IWM,2,1.4127497673034668
COCOMO81,7,FAABE_NO_IWM,3,1.3890869617462158
COCOMO81,7,FAABE_NO_IWM,4,1.3890869617462158
COCOMO81,7,FAABE_NO_IWM,5,1.3890869617462158
COCOMO81,7,FAABE_NO_IWM,6,1.3890869617462158
COCOMO81,7,FAABE_NO_IWM,7,1.3890869617462158
COCOMO81,7,FAABE_NO_IWM,8,1.3890869617462158
COCOMO81,7,FAABE_NO_IWM,9,1.3890869617462158
COCOMO81,7,FAABE_NO_IWM,10,1.3890869617462158
COCOMO81,7,FAABE_NO_IWM,11,1.3890869617462158
COCOMO81,7,FAABE_NO_IWM,12,1.3890869617462158
COCOMO81,7,FAABE_NO_IWM,13,1.3890869617462158
COCOMO81,7,FAABE_NO_IWM,14,1.3890869617462158
COCOMO81,7,FAABE_NO_IWM,15,1.3890869617462158
COCOMO81,7,FAABE_NO_IWM,16,1.3890869617462158
COCOMO81,7,FAABE_NO_IWM,17,1.3890869617462158
COCOMO81,7,FAABE_NO_IWM,18,1.3890869617462158
COCOMO81,7,FAABE_NO_IWM,19,1.3890869617462158
COCOMO81,7,FAABE_NO_IWM,20,1.3890869617462158
COCOMO81,7,FAABE_NO_IWM,21,1.3890869617462158
COCOMO81,7,FAABE_NO_IWM,22,1.3890869617462158
COCOMO81,7,FAABE_NO_IWM,23,1.3890869617462158
COCOMO81,7,FAABE_NO_IWM,24,1.3890869617462158
COCOMO81,7,FAABE_NO_IWM,25,1.3890869617462158
COCOMO81,7,FAABE_NO_IWM,26,1.3890869617462158
COCOMO81,7,FAABE_NO_IWM,27,1.3890869617462158
COCOMO81,7,FAABE_NO_IWM,28,1.3890869617462158
COCOMO81,7,FAABE_NO_IWM,29,1.3890869617462158
COCOMO81,7,FAABE_NO_IWM,30,1.3890869617462158
COCOMO81,7,FAABE_NO_IWM,31,1.3890869617462158
COCOMO81,7,FAABE_NO_IWM,32,1.3890869617462158
COCOMO81,7,FAABE_NO_IWM,33,1.3890869617462158
COCOMO81,7,FAABE_NO_IWM,34,1.3890869617462158
COCOMO81,7,FAABE_NO_IWM,35,1.3890869617462158
COCOMO81,7,FAABE_NO_IWM,36,1.3890869617462158
COCOMO81,7,FAABE_NO_IWM,37,1.3890869617462158
COCOMO81,7,FAABE_NO_IWM,38,1.3890869617462158
COCOMO81,7,FAABE_NO_IWM,39,1.3890869617462158
COCOMO81,7,FAABE_NO_IWM,40,1.3890869617462158
COCOMO81,7,FAABE_NO_IWM,41,1.3890869617462158
COCOMO81,7,FAABE_NO_IWM,42,1.3890869617462158
COCOMO81,7,FAABE_NO_IWM,43,1.3890869617462158
COCOMO81,7,FAABE_NO_IWM,44,1.3890869617462158
COCOMO81,7,FAABE_NO_IWM,45,1.3890869617462158
COCOMO81,7,FAABE_NO_IWM,46,1.3890869617462158
COCOMO81,7,FAABE_NO_IWM,47,1.3890869617462158
COCOMO81,7,FAABE_NO_IWM,48,1.3890869617462158
COCOMO81,7,FAABE_NO_IWM,49,1.3890869617462158
COCOMO81,7,FAABE_NO_IWM,50,1.3890869617462158
COCOMO81,7,FAABE_NO_IWM,51,1.3890869617462158
COCOMO81,7,FAABE_NO_IWM,52,1.3890869617462158
COCOMO81,7,FAABE_NO_IWM,53,1.3890869617462158
COCOMO81,7,FAABE_NO_IWM,54,1.3890869617462158
COCOMO81,7,FAABE_NO_IWM,55,1.3890869617462158
COCOMO81,7,FAABE_NO_IWM,56,1.3890869617462158
COCOMO81,7,FAABE_NO_IWM,57,1.3890869617462158
COCOMO81,7,FAABE_NO_IWM,58,1.3890869617462158
COCOMO81,7,FAABE_NO_IWM,59,1.3890869617462158
COCOMO81,7,FAABE_NO_IWM,60,1.3890869617462158
COCOMO81,7,FAABE_NO_IWM,61,1.3890869617462158
COCOMO81,7,FAABE_NO_IWM,62,1.3890869617462158
COCOMO81,7,FAABE_NO_IWM,63,1.3890869617462158
COCOMO81,7,FAABE_NO_IWM,64,1.3890869617462158
COCOMO81,7,FAABE_NO_IWM,65,1.3890869617462158
COCOMO81,7,FAABE_NO_IWM,66,1.3890869617462158
COCOMO81,7,FAABE_NO_IWM,67,1.3890869617462158
COCOMO81,7,FAABE_NO_IWM,68,1.3890869617462158
COCOMO81,7,FAABE_NO_IWM,69,1.3890869617462158
COCOMO81,7,FAABE_NO_IWM,70,1.3890869617462158
COCOMO81,7,FAABE_NO_IWM,71,1.3890869617462158
COCOMO81,7,FAABE_NO_IWM,72,1.3890869617462158
COCOMO81,7,FAABE_NO_IWM,73,1.3890869617462158
COCOMO81,7,FAABE_NO_IWM,74,1.3890869617462158
COCOMO81,7,FAABE_NO_IWM,75,1.3890869617462158
COCOMO81,7,FAABE_NO_IWM,76,1.3890869617462158
COCOMO81,7,FAABE_NO_IWM,77,1.3890869617462158
COCOMO81,7,FAABE_NO_IWM,78,1.3890869617462158
COCOMO81,7,FAABE_NO_IWM,79,1.3890869617462158
COCOMO81,7,FAABE_NO_IWM,80,1.3890869617462158
COCOMO81,7,FAABE_NO_IWM,81,1.3890869617462158
COCOMO81,7,FAABE_NO_IWM,82,1.3890869617462158
COCOMO81,7,FAABE_NO_IWM,83,1.3890869617462158
COCOMO81,7,FAABE_NO_IWM,84,1.3890869617462158
COCOMO81,7,FAABE_NO_IWM,85,1.3890869617462158
COCOMO81,7,FAABE_NO_IWM,86,1.3890869617462158
COCOMO81,7,FAABE_NO_IWM,87,1.3890869617462158
COCOMO81,7,FAABE_NO_IWM,88,1.3890869617462158
COCOMO81,7,FAABE_NO_IWM,89,1.3890869617462158
COCOMO81,7,FAABE_NO_IWM,90,1.3890869617462158
COCOMO81,7,FAABE_NO_IWM,91,1.3890869617462158
COCOMO81,7,FAABE_NO_IWM,92,1.3890869617462158
COCOMO81,7,FAABE_NO_IWM,93,1.3890869617462158
COCOMO81,7,FAABE_NO_IWM,94,1.3890869617462158
COCOMO81,7,FAABE_NO_IWM,95,1.3890869617462158
COCOMO81,7,FAABE_NO_IWM,96,1.3890869617462158
COCOMO81,7,FAABE_NO_IWM,97,1.3890869617462158
COCOMO81,7,FAABE_NO_IWM,98,1.3890869617462158
COCOMO81,7,FAABE_NO_IWM,99,1.3890869617462158
COCOMO81,7,FAABE_NO_IWM,100,1.3890869617462158
COCOMO81,7,FAABE_FULL,0,1.7785853147506714
COCOMO81,7,FAABE_FULL,1,1.613016963005066
COCOMO81,7,FAABE_FULL,2,1.613016963005066
COCOMO81,7,FAABE_FULL,3,1.5616672039031982
COCOMO81,7,FAABE_FULL,4,1.5616672039031982
COCOMO81,7,FAABE_FULL,5,1.5616672039031982
COCOMO81,7,FAABE_FULL,6,1.5616672039031982
COCOMO81,7,FAABE_FULL,7,1.5616672039031982
COCOMO81,7,FAABE_FULL,8,1.5616672039031982
COCOMO81,7,FAABE_FULL,9,1.5616672039031982
COCOMO81,7,FAABE_FULL,10,1.5616672039031982
COCOMO81,7,FAABE_FULL,11,1.5616672039031982
COCOMO81,7,FAABE_FULL,12,1.557915210723877
COCOMO81,7,FAABE_FULL,13,1.557915210723877
COCOMO81,7,FAABE_FULL,14,1.557915210723877
COCOMO81,7,FAABE_FULL,15,1.557915210723877
COCOMO81,7,FAABE_FULL,16,1.557915210723877
COCOMO81,7,FAABE_FULL,17,1.557915210723877
COCOMO81,7,FAABE_FULL,18,1.557915210723877
COCOMO81,7,FAABE_FULL,19,1.557915210723877
COCOMO81,7,FAABE_FULL,20,1.557915210723877
COCOMO81,7,FAABE_FULL,21,1.557915210723877
COCOMO81,7,FAABE_FULL,22,1.557915210723877
COCOMO81,7,FAABE_FULL,23,1.557915210723877
COCOMO81,7,FAABE_FULL,24,1.557915210723877
COCOMO81,7,FAABE_FULL,25,1.557915210723877
COCOMO81,7,FAABE_FULL,26,1.557915210723877
COCOMO81,7,FAABE_FULL,27,1.557915210723877
COCOMO81,7,FAABE_FULL,28,1.557915210723877
COCOMO81,7,FAABE_FULL,29,1.557915210723877
COCOMO81,7,FAABE_FULL,30,1.557915210723877
COCOMO81,7,FAABE_FULL,31,1.557915210723877
COCOMO81,7,FAABE_FULL,32,1.557915210723877
COCOMO81,7,FAABE_FULL,33,1.557915210723877
COCOMO81,7,FAABE_FULL,34,1.557915210723877
COCOMO81,7,FAABE_FULL,35,1.557915210723877
COCOMO81,7,FAABE_FULL,36,1.557915210723877
COCOMO81,7,FAABE_FULL,37,1.557915210723877
COCOMO81,7,FAABE_FULL,38,1.557915210723877
COCOMO81,7,FAABE_FULL,39,1.557915210723877
COCOMO81,7,FAABE_FULL,40,1.557915210723877
COCOMO81,7,FAABE_FULL,41,1.557915210723877
COCOMO81,7,FAABE_FULL,42,1.557915210723877
COCOMO81,7,FAABE_FULL,43,1.557915210723877
COCOMO81,7,FAABE_FULL,44,1.557915210723877
COCOMO81,7,FAABE_FULL,45,1.557915210723877
COCOMO81,7,FAABE_FULL,46,1.557915210723877
COCOMO81,7,FAABE_FULL,47,1.557915210723877
COCOMO81,7,FAABE_FULL,48,1.5577685832977295
COCOMO81,7,FAABE_FULL,49,1.5577685832977295
COCOMO81,7,FAABE_FULL,50,1.5517878532409668
COCOMO81,7,FAABE_FULL,51,1.5517878532409668
COCOMO81,7,FAABE_FULL,52,1.5191577672958374
COCOMO81,7,FAABE_FULL,53,1.5191577672958374
COCOMO81,7,FAABE_FULL,54,1.5191577672958374
COCOMO81,7,FAABE_FULL,55,1.5191577672958374
COCOMO81,7,FAABE_FULL,56,1.5191577672958374
COCOMO81,7,FAABE_FULL,57,1.5191577672958374
COCOMO81,7,FAABE_FULL,58,1.5191577672958374
COCOMO81,7,FAABE_FULL,59,1.5191577672958374
COCOMO81,7,FAABE_FULL,60,1.5191577672958374
COCOMO81,7,FAABE_FULL,61,1.5191577672958374
COCOMO81,7,FAABE_FULL,62,1.5191577672958374
COCOMO81,7,FAABE_FULL,63,1.5191577672958374
COCOMO81,7,FAABE_FULL,64,1.5191577672958374
COCOMO81,7,FAABE_FULL,65,1.5191577672958374
COCOMO81,7,FAABE_FULL,66,1.5191577672958374
COCOMO81,7,FAABE_FULL,67,1.5191577672958374
COCOMO81,7,FAABE_FULL,68,1.5191577672958374
COCOMO81,7,FAABE_FULL,69,1.5191577672958374
COCOMO81,7,FAABE_FULL,70,1.5191577672958374
COCOMO81,7,FAABE_FULL,71,1.5191577672958374
COCOMO81,7,FAABE_FULL,72,1.5191577672958374
COCOMO81,7,FAABE_FULL,73,1.5191577672958374
COCOMO81,7,FAABE_FULL,74,1.5169026851654053
COCOMO81,7,FAABE_FULL,75,1.5169026851654053
COCOMO81,7,FAABE_FULL,76,1.5169026851654053
COCOMO81,7,FAABE_FULL,77,1.5169026851654053
COCOMO81,7,FAABE_FULL,78,1.5169026851654053
COCOMO81,7,FAABE_FULL,79,1.5169026851654053
COCOMO81,7,FAABE_FULL,80,1.5169026851654053
COCOMO81,7,FAABE_FULL,81,1.5169026851654053
COCOMO81,7,FAABE_FULL,82,1.5169026851654053
COCOMO81,7,FAABE_FULL,83,1.5169026851654053
COCOMO81,7,FAABE_FULL,84,1.5169026851654053
COCOMO81,7,FAABE_FULL,85,1.5169026851654053
COCOMO81,7,FAABE_FULL,86,1.5169026851654053
COCOMO81,7,FAABE_FULL,87,1.5169026851654053
COCOMO81,7,FAABE_FULL,88,1.5169026851654053
COCOMO81,7,FAABE_FULL,89,1.5169026851654053
COCOMO81,7,FAABE_FULL,90,1.5169026851654053
COCOMO81,7,FAABE_FULL,91,1.5169026851654053
COCOMO81,7,FAABE_FULL,92,1.5169026851654053
COCOMO81,7,FAABE_FULL,93,1.5169026851654053
COCOMO81,7,FAABE_FULL,94,1.5169026851654053
COCOMO81,7,FAABE_FULL,95,1.5169026851654053
COCOMO81,7,FAABE_FULL,96,1.5169026851654053
COCOMO81,7,FAABE_FULL,97,1.5169026851654053
COCOMO81,7,FAABE_FULL,98,1.5169026851654053
COCOMO81,7,FAABE_FULL,99,1.5169026851654053
COCOMO81,7,FAABE_FULL,100,1.5169026851654053
COCOMO81,8,FAABE_NO_PEARSON,0,3.1110012531280518
COCOMO81,8,FAABE_NO_PEARSON,1,2.28732967376709
COCOMO81,8,FAABE_NO_PEARSON,2,1.828515887260437
COCOMO81,8,FAABE_NO_PEARSON,3,1.69525146484375
COCOMO81,8,FAABE_NO_PEARSON,4,1.69525146484375
COCOMO81,8,FAABE_NO_PEARSON,5,1.69525146484375
COCOMO81,8,FAABE_NO_PEARSON,6,1.531832218170166
COCOMO81,8,FAABE_NO_PEARSON,7,1.531832218170166
COCOMO81,8,FAABE_NO_PEARSON,8,1.531832218170166
COCOMO81,8,FAABE_NO_PEARSON,9,1.531832218170166
COCOMO81,8,FAABE_NO_PEARSON,10,1.531832218170166
COCOMO81,8,FAABE_NO_PEARSON,11,1.531832218170166
COCOMO81,8,FAABE_NO_PEARSON,12,1.531832218170166
COCOMO81,8,FAABE_NO_PEARSON,13,1.531832218170166
COCOMO81,8,FAABE_NO_PEARSON,14,1.462926983833313
COCOMO81,8,FAABE_NO_PEARSON,15,1.3905168771743774
COCOMO81,8,FAABE_NO_PEARSON,16,1.323122262954712
COCOMO81,8,FAABE_NO_PEARSON,17,1.323122262954712
COCOMO81,8,FAABE_NO_PEARSON,18,1.323122262954712
COCOMO81,8,FAABE_NO_PEARSON,19,1.323122262954712
COCOMO81,8,FAABE_NO_PEARSON,20,1.323122262954712
COCOMO81,8,FAABE_NO_PEARSON,21,1.323122262954712
COCOMO81,8,FAABE_NO_PEARSON,22,1.323122262954712
COCOMO81,8,FAABE_NO_PEARSON,23,1.323122262954712
COCOMO81,8,FAABE_NO_PEARSON,24,1.323122262954712
COCOMO81,8,FAABE_NO_PEARSON,25,1.323122262954712
COCOMO81,8,FAABE_NO_PEARSON,26,1.323122262954712
COCOMO81,8,FAABE_NO_PEARSON,27,1.323122262954712
COCOMO81,8,FAABE_NO_PEARSON,28,1.323122262954712
COCOMO81,8,FAABE_NO_PEARSON,29,1.3153620958328247
COCOMO81,8,FAABE_NO_PEARSON,30,1.3153620958328247
COCOMO81,8,FAABE_NO_PEARSON,31,1.3153620958328247
COCOMO81,8,FAABE_NO_PEARSON,32,1.3013945817947388
COCOMO81,8,FAABE_NO_PEARSON,33,1.285676121711731
COCOMO81,8,FAABE_NO_PEARSON,34,1.235718846321106
COCOMO81,8,FAABE_NO_PEARSON,35,1.235718846321106
COCOMO81,8,FAABE_NO_PEARSON,36,1.235718846321106
COCOMO81,8,FAABE_NO_PEARSON,37,1.235718846321106
COCOMO81,8,FAABE_NO_PEARSON,38,1.235718846321106
COCOMO81,8,FAABE_NO_PEARSON,39,1.235718846321106
COCOMO81,8,FAABE_NO_PEARSON,40,1.235718846321106
COCOMO81,8,FAABE_NO_PEARSON,41,1.235718846321106
COCOMO81,8,FAABE_NO_PEARSON,42,1.235718846321106
COCOMO81,8,FAABE_NO_PEARSON,43,1.235718846321106
COCOMO81,8,FAABE_NO_PEARSON,44,1.235718846321106
COCOMO81,8,FAABE_NO_PEARSON,45,1.235718846321106
COCOMO81,8,FAABE_NO_PEARSON,46,1.235718846321106
COCOMO81,8,FAABE_NO_PEARSON,47,1.235718846321106
COCOMO81,8,FAABE_NO_PEARSON,48,1.235718846321106
COCOMO81,8,FAABE_NO_PEARSON,49,1.148595929145813
COCOMO81,8,FAABE_NO_PEARSON,50,1.148595929145813
COCOMO81,8,FAABE_NO_PEARSON,51,1.148595929145813
COCOMO81,8,FAABE_NO_PEARSON,52,1.148595929145813
COCOMO81,8,FAABE_NO_PEARSON,53,1.148595929145813
COCOMO81,8,FAABE_NO_PEARSON,54,1.148595929145813
COCOMO81,8,FAABE_NO_PEARSON,55,1.148595929145813
COCOMO81,8,FAABE_NO_PEARSON,56,1.148595929145813
COCOMO81,8,FAABE_NO_PEARSON,57,1.148595929145813
COCOMO81,8,FAABE_NO_PEARSON,58,1.148595929145813
COCOMO81,8,FAABE_NO_PEARSON,59,1.148595929145813
COCOMO81,8,FAABE_NO_PEARSON,60,1.148595929145813
COCOMO81,8,FAABE_NO_PEARSON,61,1.148595929145813
COCOMO81,8,FAABE_NO_PEARSON,62,1.148595929145813
COCOMO81,8,FAABE_NO_PEARSON,63,1.148595929145813
COCOMO81,8,FAABE_NO_PEARSON,64,1.148595929145813
COCOMO81,8,FAABE_NO_PEARSON,65,1.148595929145813
COCOMO81,8,FAABE_NO_PEARSON,66,1.148595929145813
COCOMO81,8,FAABE_NO_PEARSON,67,1.148595929145813
COCOMO81,8,FAABE_NO_PEARSON,68,1.148595929145813
COCOMO81,8,FAABE_NO_PEARSON,69,1.148595929145813
COCOMO81,8,FAABE_NO_PEARSON,70,1.148595929145813
COCOMO81,8,FAABE_NO_PEARSON,71,1.148595929145813
COCOMO81,8,FAABE_NO_PEARSON,72,1.148595929145813
COCOMO81,8,FAABE_NO_PEARSON,73,1.148595929145813
COCOMO81,8,FAABE_NO_PEARSON,74,1.148595929145813
COCOMO81,8,FAABE_NO_PEARSON,75,1.148595929145813
COCOMO81,8,FAABE_NO_PEARSON,76,1.148595929145813
COCOMO81,8,FAABE_NO_PEARSON,77,1.148595929145813
COCOMO81,8,FAABE_NO_PEARSON,78,1.148595929145813
COCOMO81,8,FAABE_NO_PEARSON,79,1.148595929145813
COCOMO81,8,FAABE_NO_PEARSON,80,1.0839771032333374
COCOMO81,8,FAABE_NO_PEARSON,81,1.0839771032333374
COCOMO81,8,FAABE_NO_PEARSON,82,1.0839771032333374
COCOMO81,8,FAABE_NO_PEARSON,83,1.0839771032333374
COCOMO81,8,FAABE_NO_PEARSON,84,1.0839771032333374
COCOMO81,8,FAABE_NO_PEARSON,85,1.0839771032333374
COCOMO81,8,FAABE_NO_PEARSON,86,1.0839771032333374
COCOMO81,8,FAABE_NO_PEARSON,87,1.0839771032333374
COCOMO81,8,FAABE_NO_PEARSON,88,1.0839771032333374
COCOMO81,8,FAABE_NO_PEARSON,89,1.0839771032333374
COCOMO81,8,FAABE_NO_PEARSON,90,1.0839771032333374
COCOMO81,8,FAABE_NO_PEARSON,91,1.0839771032333374
COCOMO81,8,FAABE_NO_PEARSON,92,1.055552363395691
COCOMO81,8,FAABE_NO_PEARSON,93,1.055552363395691
COCOMO81,8,FAABE_NO_PEARSON,94,1.055552363395691
COCOMO81,8,FAABE_NO_PEARSON,95,1.055552363395691
COCOMO81,8,FAABE_NO_PEARSON,96,1.055552363395691
COCOMO81,8,FAABE_NO_PEARSON,97,1.055552363395691
COCOMO81,8,FAABE_NO_PEARSON,98,1.055552363395691
COCOMO81,8,FAABE_NO_PEARSON,99,1.055552363395691
COCOMO81,8,FAABE_NO_PEARSON,100,1.055552363395691
COCOMO81,8,FAABE_NO_IWM,0,2.3717072010040283
COCOMO81,8,FAABE_NO_IWM,1,1.41311514377594
COCOMO81,8,FAABE_NO_IWM,2,1.41311514377594
COCOMO81,8,FAABE_NO_IWM,3,1.41311514377594
COCOMO81,8,FAABE_NO_IWM,4,1.41311514377594
COCOMO81,8,FAABE_NO_IWM,5,1.41311514377594
COCOMO81,8,FAABE_NO_IWM,6,1.4124047756195068
COCOMO81,8,FAABE_NO_IWM,7,1.4124047756195068
COCOMO81,8,FAABE_NO_IWM,8,1.4124047756195068
COCOMO81,8,FAABE_NO_IWM,9,1.4124047756195068
COCOMO81,8,FAABE_NO_IWM,10,1.3900529146194458
COCOMO81,8,FAABE_NO_IWM,11,1.3900529146194458
COCOMO81,8,FAABE_NO_IWM,12,1.3900529146194458
COCOMO81,8,FAABE_NO_IWM,13,1.3900529146194458
COCOMO81,8,FAABE_NO_IWM,14,1.3900529146194458
COCOMO81,8,FAABE_NO_IWM,15,1.3900529146194458
COCOMO81,8,FAABE_NO_IWM,16,1.3900529146194458
COCOMO81,8,FAABE_NO_IWM,17,1.3900529146194458
COCOMO81,8,FAABE_NO_IWM,18,1.3900529146194458
COCOMO81,8,FAABE_NO_IWM,19,1.3900529146194458
COCOMO81,8,FAABE_NO_IWM,20,1.3900529146194458
COCOMO81,8,FAABE_NO_IWM,21,1.3900529146194458
COCOMO81,8,FAABE_NO_IWM,22,1.3900529146194458
COCOMO81,8,FAABE_NO_IWM,23,1.3900529146194458
COCOMO81,8,FAABE_NO_IWM,24,1.3900529146194458
COCOMO81,8,FAABE_NO_IWM,25,1.3900529146194458
COCOMO81,8,FAABE_NO_IWM,26,1.3900529146194458
COCOMO81,8,FAABE_NO_IWM,27,1.3900529146194458
COCOMO81,8,FAABE_NO_IWM,28,1.3900529146194458
COCOMO81,8,FAABE_NO_IWM,29,1.3900529146194458
COCOMO81,8,FAABE_NO_IWM,30,1.3900529146194458
COCOMO81,8,FAABE_NO_IWM,31,1.3900529146194458
COCOMO81,8,FAABE_NO_IWM,32,1.3900529146194458
COCOMO81,8,FAABE_NO_IWM,33,1.3900529146194458
COCOMO81,8,FAABE_NO_IWM,34,1.3900529146194458
COCOMO81,8,FAABE_NO_IWM,35,1.3900529146194458
COCOMO81,8,FAABE_NO_IWM,36,1.3900529146194458
COCOMO81,8,FAABE_NO_IWM,37,1.3900529146194458
COCOMO81,8,FAABE_NO_IWM,38,1.3900529146194458
COCOMO81,8,FAABE_NO_IWM,39,1.3900529146194458
COCOMO81,8,FAABE_NO_IWM,40,1.3900529146194458
COCOMO81,8,FAABE_NO_IWM,41,1.3900529146194458
COCOMO81,8,FAABE_NO_IWM,42,1.3900529146194458
COCOMO81,8,FAABE_NO_IWM,43,1.3900529146194458
COCOMO81,8,FAABE_NO_IWM,44,1.3900529146194458
COCOMO81,8,FAABE_NO_IWM,45,1.3900529146194458
COCOMO81,8,FAABE_NO_IWM,46,1.3900529146194458
COCOMO81,8,FAABE_NO_IWM,47,1.3900529146194458
COCOMO81,8,FAABE_NO_IWM,48,1.3900529146194458
COCOMO81,8,FAABE_NO_IWM,49,1.3900529146194458
COCOMO81,8,FAABE_NO_IWM,50,1.3900529146194458
COCOMO81,8,FAABE_NO_IWM,51,1.3900529146194458
COCOMO81,8,FAABE_NO_IWM,52,1.3900529146194458
COCOMO81,8,FAABE_NO_IWM,53,1.3900529146194458
COCOMO81,8,FAABE_NO_IWM,54,1.3900529146194458
COCOMO81,8,FAABE_NO_IWM,55,1.3900529146194458
COCOMO81,8,FAABE_NO_IWM,56,1.3900529146194458
COCOMO81,8,FAABE_NO_IWM,57,1.3900529146194458
COCOMO81,8,FAABE_NO_IWM,58,1.3900529146194458
COCOMO81,8,FAABE_NO_IWM,59,1.3900529146194458
COCOMO81,8,FAABE_NO_IWM,60,1.3900529146194458
COCOMO81,8,FAABE_NO_IWM,61,1.3900529146194458
COCOMO81,8,FAABE_NO_IWM,62,1.3900529146194458
COCOMO81,8,FAABE_NO_IWM,63,1.3900529146194458
COCOMO81,8,FAABE_NO_IWM,64,1.3900529146194458
COCOMO81,8,FAABE_NO_IWM,65,1.3900529146194458
COCOMO81,8,FAABE_NO_IWM,66,1.3900529146194458
COCOMO81,8,FAABE_NO_IWM,67,1.3900529146194458
COCOMO81,8,FAABE_NO_IWM,68,1.3900529146194458
COCOMO81,8,FAABE_NO_IWM,69,1.3900529146194458
COCOMO81,8,FAABE_NO_IWM,70,1.3900529146194458
COCOMO81,8,FAABE_NO_IWM,71,1.3900529146194458
COCOMO81,8,FAABE_NO_IWM,72,1.3900529146194458
COCOMO81,8,FAABE_NO_IWM,73,1.3900529146194458
COCOMO81,8,FAABE_NO_IWM,74,1.3900529146194458
COCOMO81,8,FAABE_NO_IWM,75,1.3900529146194458
COCOMO81,8,FAABE_NO_IWM,76,1.3900529146194458
COCOMO81,8,FAABE_NO_IWM,77,1.3900529146194458
COCOMO81,8,FAABE_NO_IWM,78,1.3900529146194458
COCOMO81,8,FAABE_NO_IWM,79,1.3900529146194458
COCOMO81,8,FAABE_NO_IWM,80,1.3900529146194458
COCOMO81,8,FAABE_NO_IWM,81,1.3900529146194458
COCOMO81,8,FAABE_NO_IWM,82,1.3900529146194458
COCOMO81,8,FAABE_NO_IWM,83,1.3900529146194458
COCOMO81,8,FAABE_NO_IWM,84,1.3900529146194458
COCOMO81,8,FAABE_NO_IWM,85,1.3900529146194458
COCOMO81,8,FAABE_NO_IWM,86,1.3900529146194458
COCOMO81,8,FAABE_NO_IWM,87,1.3900529146194458
COCOMO81,8,FAABE_NO_IWM,88,1.3900529146194458
COCOMO81,8,FAABE_NO_IWM,89,1.3900529146194458
COCOMO81,8,FAABE_NO_IWM,90,1.3900529146194458
COCOMO81,8,FAABE_NO_IWM,91,1.3900529146194458
COCOMO81,8,FAABE_NO_IWM,92,1.3900529146194458
COCOMO81,8,FAABE_NO_IWM,93,1.3900529146194458
COCOMO81,8,FAABE_NO_IWM,94,1.3900529146194458
COCOMO81,8,FAABE_NO_IWM,95,1.3900529146194458
COCOMO81,8,FAABE_NO_IWM,96,1.3900529146194458
COCOMO81,8,FAABE_NO_IWM,97,1.3900529146194458
COCOMO81,8,FAABE_NO_IWM,98,1.3900529146194458
COCOMO81,8,FAABE_NO_IWM,99,1.3900529146194458
COCOMO81,8,FAABE_NO_IWM,100,1.3900529146194458
COCOMO81,8,FAABE_FULL,0,1.574432611465454
COCOMO81,8,FAABE_FULL,1,1.494997262954712
COCOMO81,8,FAABE_FULL,2,1.494997262954712
COCOMO81,8,FAABE_FULL,3,1.494997262954712
COCOMO81,8,FAABE_FULL,4,1.494997262954712
COCOMO81,8,FAABE_FULL,5,1.4814751148223877
COCOMO81,8,FAABE_FULL,6,1.4814751148223877
COCOMO81,8,FAABE_FULL,7,1.4814751148223877
COCOMO81,8,FAABE_FULL,8,1.4814751148223877
COCOMO81,8,FAABE_FULL,9,1.4814751148223877
COCOMO81,8,FAABE_FULL,10,1.465621829032898
COCOMO81,8,FAABE_FULL,11,1.465621829032898
COCOMO81,8,FAABE_FULL,12,1.465621829032898
COCOMO81,8,FAABE_FULL,13,1.465621829032898
COCOMO81,8,FAABE_FULL,14,1.465621829032898
COCOMO81,8,FAABE_FULL,15,1.465621829032898
COCOMO81,8,FAABE_FULL,16,1.465621829032898
COCOMO81,8,FAABE_FULL,17,1.465621829032898
COCOMO81,8,FAABE_FULL,18,1.465621829032898
COCOMO81,8,FAABE_FULL,19,1.465621829032898
COCOMO81,8,FAABE_FULL,20,1.465621829032898
COCOMO81,8,FAABE_FULL,21,1.465621829032898
COCOMO81,8,FAABE_FULL,22,1.465621829032898
COCOMO81,8,FAABE_FULL,23,1.465621829032898
COCOMO81,8,FAABE_FULL,24,1.465621829032898
COCOMO81,8,FAABE_FULL,25,1.465621829032898
COCOMO81,8,FAABE_FULL,26,1.465621829032898
COCOMO81,8,FAABE_FULL,27,1.465621829032898
COCOMO81,8,FAABE_FULL,28,1.465621829032898
COCOMO81,8,FAABE_FULL,29,1.465621829032898
COCOMO81,8,FAABE_FULL,30,1.465621829032898
COCOMO81,8,FAABE_FULL,31,1.465621829032898
COCOMO81,8,FAABE_FULL,32,1.465621829032898
COCOMO81,8,FAABE_FULL,33,1.465621829032898
COCOMO81,8,FAABE_FULL,34,1.465621829032898
COCOMO81,8,FAABE_FULL,35,1.465621829032898
COCOMO81,8,FAABE_FULL,36,1.465621829032898
COCOMO81,8,FAABE_FULL,37,1.465621829032898
COCOMO81,8,FAABE_FULL,38,1.465621829032898
COCOMO81,8,FAABE_FULL,39,1.465621829032898
COCOMO81,8,FAABE_FULL,40,1.465621829032898
COCOMO81,8,FAABE_FULL,41,1.465621829032898
COCOMO81,8,FAABE_FULL,42,1.465621829032898
COCOMO81,8,FAABE_FULL,43,1.465621829032898
COCOMO81,8,FAABE_FULL,44,1.465621829032898
COCOMO81,8,FAABE_FULL,45,1.465621829032898
COCOMO81,8,FAABE_FULL,46,1.465621829032898
COCOMO81,8,FAABE_FULL,47,1.465621829032898
COCOMO81,8,FAABE_FULL,48,1.465621829032898
COCOMO81,8,FAABE_FULL,49,1.465621829032898
COCOMO81,8,FAABE_FULL,50,1.465621829032898
COCOMO81,8,FAABE_FULL,51,1.465621829032898
COCOMO81,8,FAABE_FULL,52,1.465621829032898
COCOMO81,8,FAABE_FULL,53,1.465621829032898
COCOMO81,8,FAABE_FULL,54,1.465621829032898
COCOMO81,8,FAABE_FULL,55,1.465621829032898
COCOMO81,8,FAABE_FULL,56,1.465621829032898
COCOMO81,8,FAABE_FULL,57,1.465621829032898
COCOMO81,8,FAABE_FULL,58,1.465621829032898
COCOMO81,8,FAABE_FULL,59,1.465621829032898
COCOMO81,8,FAABE_FULL,60,1.465621829032898
COCOMO81,8,FAABE_FULL,61,1.465621829032898
COCOMO81,8,FAABE_FULL,62,1.465621829032898
COCOMO81,8,FAABE_FULL,63,1.465621829032898
COCOMO81,8,FAABE_FULL,64,1.465621829032898
COCOMO81,8,FAABE_FULL,65,1.465621829032898
COCOMO81,8,FAABE_FULL,66,1.465621829032898
COCOMO81,8,FAABE_FULL,67,1.465621829032898
COCOMO81,8,FAABE_FULL,68,1.465621829032898
COCOMO81,8,FAABE_FULL,69,1.465621829032898
COCOMO81,8,FAABE_FULL,70,1.465621829032898
COCOMO81,8,FAABE_FULL,71,1.465621829032898
COCOMO81,8,FAABE_FULL,72,1.4627853631973267
COCOMO81,8,FAABE_FULL,73,1.4627853631973267
COCOMO81,8,FAABE_FULL,74,1.4627853631973267
COCOMO81,8,FAABE_FULL,75,1.4627853631973267
COCOMO81,8,FAABE_FULL,76,1.4627853631973267
COCOMO81,8,FAABE_FULL,77,1.4627853631973267
COCOMO81,8,FAABE_FULL,78,1.4627853631973267
COCOMO81,8,FAABE_FULL,79,1.4627853631973267
COCOMO81,8,FAABE_FULL,80,1.4627853631973267
COCOMO81,8,FAABE_FULL,81,1.4627853631973267
COCOMO81,8,FAABE_FULL,82,1.4627853631973267
COCOMO81,8,FAABE_FULL,83,1.4627853631973267
COCOMO81,8,FAABE_FULL,84,1.4627853631973267
COCOMO81,8,FAABE_FULL,85,1.4627853631973267
COCOMO81,8,FAABE_FULL,86,1.4627853631973267
COCOMO81,8,FAABE_FULL,87,1.4627853631973267
COCOMO81,8,FAABE_FULL,88,1.4627853631973267
COCOMO81,8,FAABE_FULL,89,1.4627853631973267
COCOMO81,8,FAABE_FULL,90,1.4627853631973267
COCOMO81,8,FAABE_FULL,91,1.4627853631973267
COCOMO81,8,FAABE_FULL,92,1.4627853631973267
COCOMO81,8,FAABE_FULL,93,1.4627853631973267
COCOMO81,8,FAABE_FULL,94,1.4627853631973267
COCOMO81,8,FAABE_FULL,95,1.4627853631973267
COCOMO81,8,FAABE_FULL,96,1.4627853631973267
COCOMO81,8,FAABE_FULL,97,1.4627853631973267
COCOMO81,8,FAABE_FULL,98,1.4627853631973267
COCOMO81,8,FAABE_FULL,99,1.4627853631973267
COCOMO81,8,FAABE_FULL,100,1.4627853631973267
COCOMO81,9,FAABE_NO_PEARSON,0,2.3944101333618164
COCOMO81,9,FAABE_NO_PEARSON,1,1.3864891529083252
COCOMO81,9,FAABE_NO_PEARSON,2,1.3864891529083252
COCOMO81,9,FAABE_NO_PEARSON,3,1.3864891529083252
COCOMO81,9,FAABE_NO_PEARSON,4,1.3852128982543945
COCOMO81,9,FAABE_NO_PEARSON,5,1.2201982736587524
COCOMO81,9,FAABE_NO_PEARSON,6,1.054329514503479
COCOMO81,9,FAABE_NO_PEARSON,7,1.054329514503479
COCOMO81,9,FAABE_NO_PEARSON,8,1.054329514503479
COCOMO81,9,FAABE_NO_PEARSON,9,1.054329514503479
COCOMO81,9,FAABE_NO_PEARSON,10,1.054329514503479
COCOMO81,9,FAABE_NO_PEARSON,11,1.054329514503479
COCOMO81,9,FAABE_NO_PEARSON,12,1.054329514503479
COCOMO81,9,FAABE_NO_PEARSON,13,1.054329514503479
COCOMO81,9,FAABE_NO_PEARSON,14,1.054329514503479
COCOMO81,9,FAABE_NO_PEARSON,15,1.054329514503479
COCOMO81,9,FAABE_NO_PEARSON,16,1.054329514503479
COCOMO81,9,FAABE_NO_PEARSON,17,1.054329514503479
COCOMO81,9,FAABE_NO_PEARSON,18,1.054329514503479
COCOMO81,9,FAABE_NO_PEARSON,19,1.054329514503479
COCOMO81,9,FAABE_NO_PEARSON,20,1.054329514503479
COCOMO81,9,FAABE_NO_PEARSON,21,1.054329514503479
COCOMO81,9,FAABE_NO_PEARSON,22,1.054329514503479
COCOMO81,9,FAABE_NO_PEARSON,23,1.054329514503479
COCOMO81,9,FAABE_NO_PEARSON,24,1.054329514503479
COCOMO81,9,FAABE_NO_PEARSON,25,1.054329514503479
COCOMO81,9,FAABE_NO_PEARSON,26,1.054329514503479
COCOMO81,9,FAABE_NO_PEARSON,27,1.054329514503479
COCOMO81,9,FAABE_NO_PEARSON,28,1.054329514503479
COCOMO81,9,FAABE_NO_PEARSON,29,1.054329514503479
COCOMO81,9,FAABE_NO_PEARSON,30,1.054329514503479
COCOMO81,9,FAABE_NO_PEARSON,31,1.054329514503479
COCOMO81,9,FAABE_NO_PEARSON,32,1.054329514503479
COCOMO81,9,FAABE_NO_PEARSON,33,1.054329514503479
COCOMO81,9,FAABE_NO_PEARSON,34,1.054329514503479
COCOMO81,9,FAABE_NO_PEARSON,35,1.054329514503479
COCOMO81,9,FAABE_NO_PEARSON,36,1.054329514503479
COCOMO81,9,FAABE_NO_PEARSON,37,1.054329514503479
COCOMO81,9,FAABE_NO_PEARSON,38,1.054329514503479
COCOMO81,9,FAABE_NO_PEARSON,39,1.054329514503479
COCOMO81,9,FAABE_NO_PEARSON,40,1.054329514503479
COCOMO81,9,FAABE_NO_PEARSON,41,1.054329514503479
COCOMO81,9,FAABE_NO_PEARSON,42,1.054329514503479
COCOMO81,9,FAABE_NO_PEARSON,43,1.054329514503479
COCOMO81,9,FAABE_NO_PEARSON,44,1.054329514503479
COCOMO81,9,FAABE_NO_PEARSON,45,1.054329514503479
COCOMO81,9,FAABE_NO_PEARSON,46,1.054329514503479
COCOMO81,9,FAABE_NO_PEARSON,47,1.054329514503479
COCOMO81,9,FAABE_NO_PEARSON,48,1.054329514503479
COCOMO81,9,FAABE_NO_PEARSON,49,1.054329514503479
COCOMO81,9,FAABE_NO_PEARSON,50,1.054329514503479
COCOMO81,9,FAABE_NO_PEARSON,51,1.054329514503479
COCOMO81,9,FAABE_NO_PEARSON,52,1.054329514503479
COCOMO81,9,FAABE_NO_PEARSON,53,1.054329514503479
COCOMO81,9,FAABE_NO_PEARSON,54,1.054329514503479
COCOMO81,9,FAABE_NO_PEARSON,55,1.054329514503479
COCOMO81,9,FAABE_NO_PEARSON,56,1.054329514503479
COCOMO81,9,FAABE_NO_PEARSON,57,1.0041264295578003
COCOMO81,9,FAABE_NO_PEARSON,58,1.0041264295578003
COCOMO81,9,FAABE_NO_PEARSON,59,1.0041264295578003
COCOMO81,9,FAABE_NO_PEARSON,60,1.0041264295578003
COCOMO81,9,FAABE_NO_PEARSON,61,1.0041264295578003
COCOMO81,9,FAABE_NO_PEARSON,62,1.0041264295578003
COCOMO81,9,FAABE_NO_PEARSON,63,1.0041264295578003
COCOMO81,9,FAABE_NO_PEARSON,64,1.0041264295578003
COCOMO81,9,FAABE_NO_PEARSON,65,1.0041264295578003
COCOMO81,9,FAABE_NO_PEARSON,66,1.0041264295578003
COCOMO81,9,FAABE_NO_PEARSON,67,1.0041264295578003
COCOMO81,9,FAABE_NO_PEARSON,68,1.0041264295578003
COCOMO81,9,FAABE_NO_PEARSON,69,1.0041264295578003
COCOMO81,9,FAABE_NO_PEARSON,70,1.0041264295578003
COCOMO81,9,FAABE_NO_PEARSON,71,1.0041264295578003
COCOMO81,9,FAABE_NO_PEARSON,72,1.0041264295578003
COCOMO81,9,FAABE_NO_PEARSON,73,1.0041264295578003
COCOMO81,9,FAABE_NO_PEARSON,74,1.0041264295578003
COCOMO81,9,FAABE_NO_PEARSON,75,1.0041264295578003
COCOMO81,9,FAABE_NO_PEARSON,76,1.0041264295578003
COCOMO81,9,FAABE_NO_PEARSON,77,1.0041264295578003
COCOMO81,9,FAABE_NO_PEARSON,78,1.0041264295578003
COCOMO81,9,FAABE_NO_PEARSON,79,1.0041264295578003
COCOMO81,9,FAABE_NO_PEARSON,80,1.0041264295578003
COCOMO81,9,FAABE_NO_PEARSON,81,1.0041264295578003
COCOMO81,9,FAABE_NO_PEARSON,82,1.0041264295578003
COCOMO81,9,FAABE_NO_PEARSON,83,1.0041264295578003
COCOMO81,9,FAABE_NO_PEARSON,84,1.0041264295578003
COCOMO81,9,FAABE_NO_PEARSON,85,1.0041264295578003
COCOMO81,9,FAABE_NO_PEARSON,86,0.9890024662017822
COCOMO81,9,FAABE_NO_PEARSON,87,0.9890024662017822
COCOMO81,9,FAABE_NO_PEARSON,88,0.9890024662017822
COCOMO81,9,FAABE_NO_PEARSON,89,0.9890024662017822
COCOMO81,9,FAABE_NO_PEARSON,90,0.9890024662017822
COCOMO81,9,FAABE_NO_PEARSON,91,0.9890024662017822
COCOMO81,9,FAABE_NO_PEARSON,92,0.9890024662017822
COCOMO81,9,FAABE_NO_PEARSON,93,0.9890024662017822
COCOMO81,9,FAABE_NO_PEARSON,94,0.9890024662017822
COCOMO81,9,FAABE_NO_PEARSON,95,0.9890024662017822
COCOMO81,9,FAABE_NO_PEARSON,96,0.9890024662017822
COCOMO81,9,FAABE_NO_PEARSON,97,0.9890024662017822
COCOMO81,9,FAABE_NO_PEARSON,98,0.9890024662017822
COCOMO81,9,FAABE_NO_PEARSON,99,0.9890024662017822
COCOMO81,9,FAABE_NO_PEARSON,100,0.9890024662017822
COCOMO81,9,FAABE_NO_IWM,0,1.5892176628112793
COCOMO81,9,FAABE_NO_IWM,1,1.4929914474487305
COCOMO81,9,FAABE_NO_IWM,2,1.4138730764389038
COCOMO81,9,FAABE_NO_IWM,3,1.394244909286499
COCOMO81,9,FAABE_NO_IWM,4,1.3823148012161255
COCOMO81,9,FAABE_NO_IWM,5,1.3369449377059937
COCOMO81,9,FAABE_NO_IWM,6,1.3369449377059937
COCOMO81,9,FAABE_NO_IWM,7,1.3369449377059937
COCOMO81,9,FAABE_NO_IWM,8,1.3369449377059937
COCOMO81,9,FAABE_NO_IWM,9,1.3308818340301514
COCOMO81,9,FAABE_NO_IWM,10,1.3308818340301514
COCOMO81,9,FAABE_NO_IWM,11,1.3308818340301514
COCOMO81,9,FAABE_NO_IWM,12,1.3308818340301514
COCOMO81,9,FAABE_NO_IWM,13,1.3308818340301514
COCOMO81,9,FAABE_NO_IWM,14,1.3043887615203857
COCOMO81,9,FAABE_NO_IWM,15,1.3043887615203857
COCOMO81,9,FAABE_NO_IWM,16,1.3043887615203857
COCOMO81,9,FAABE_NO_IWM,17,1.3043887615203857
COCOMO81,9,FAABE_NO_IWM,18,1.3043887615203857
COCOMO81,9,FAABE_NO_IWM,19,1.3043887615203857
COCOMO81,9,FAABE_NO_IWM,20,1.3043887615203857
COCOMO81,9,FAABE_NO_IWM,21,1.3043887615203857
COCOMO81,9,FAABE_NO_IWM,22,1.3043887615203857
COCOMO81,9,FAABE_NO_IWM,23,1.3043887615203857
COCOMO81,9,FAABE_NO_IWM,24,1.3043887615203857
COCOMO81,9,FAABE_NO_IWM,25,1.3043887615203857
COCOMO81,9,FAABE_NO_IWM,26,1.3043887615203857
COCOMO81,9,FAABE_NO_IWM,27,1.3043887615203857
COCOMO81,9,FAABE_NO_IWM,28,1.3043887615203857
COCOMO81,9,FAABE_NO_IWM,29,1.3043887615203857
COCOMO81,9,FAABE_NO_IWM,30,1.3043887615203857
COCOMO81,9,FAABE_NO_IWM,31,1.3043887615203857
COCOMO81,9,FAABE_NO_IWM,32,1.3043887615203857
COCOMO81,9,FAABE_NO_IWM,33,1.3043887615203857
COCOMO81,9,FAABE_NO_IWM,34,1.3043887615203857
COCOMO81,9,FAABE_NO_IWM,35,1.3043887615203857
COCOMO81,9,FAABE_NO_IWM,36,1.3043887615203857
COCOMO81,9,FAABE_NO_IWM,37,1.3043887615203857
COCOMO81,9,FAABE_NO_IWM,38,1.3043887615203857
COCOMO81,9,FAABE_NO_IWM,39,1.3043887615203857
COCOMO81,9,FAABE_NO_IWM,40,1.3043887615203857
COCOMO81,9,FAABE_NO_IWM,41,1.3043887615203857
COCOMO81,9,FAABE_NO_IWM,42,1.3043887615203857
COCOMO81,9,FAABE_NO_IWM,43,1.3043887615203857
COCOMO81,9,FAABE_NO_IWM,44,1.3043887615203857
COCOMO81,9,FAABE_NO_IWM,45,1.3043887615203857
COCOMO81,9,FAABE_NO_IWM,46,1.3043887615203857
COCOMO81,9,FAABE_NO_IWM,47,1.3043887615203857
COCOMO81,9,FAABE_NO_IWM,48,1.3043887615203857
COCOMO81,9,FAABE_NO_IWM,49,1.3043887615203857
COCOMO81,9,FAABE_NO_IWM,50,1.3043887615203857
COCOMO81,9,FAABE_NO_IWM,51,1.3043887615203857
COCOMO81,9,FAABE_NO_IWM,52,1.3043887615203857
COCOMO81,9,FAABE_NO_IWM,53,1.3043887615203857
COCOMO81,9,FAABE_NO_IWM,54,1.3043887615203857
COCOMO81,9,FAABE_NO_IWM,55,1.3043887615203857
COCOMO81,9,FAABE_NO_IWM,56,1.3043887615203857
COCOMO81,9,FAABE_NO_IWM,57,1.3043887615203857
COCOMO81,9,FAABE_NO_IWM,58,1.3043887615203857
COCOMO81,9,FAABE_NO_IWM,59,1.3043887615203857
COCOMO81,9,FAABE_NO_IWM,60,1.3043887615203857
COCOMO81,9,FAABE_NO_IWM,61,1.3043887615203857
COCOMO81,9,FAABE_NO_IWM,62,1.3043887615203857
COCOMO81,9,FAABE_NO_IWM,63,1.3043887615203857
COCOMO81,9,FAABE_NO_IWM,64,1.3043887615203857
COCOMO81,9,FAABE_NO_IWM,65,1.3043887615203857
COCOMO81,9,FAABE_NO_IWM,66,1.3043887615203857
COCOMO81,9,FAABE_NO_IWM,67,1.3043887615203857
COCOMO81,9,FAABE_NO_IWM,68,1.3043887615203857
COCOMO81,9,FAABE_NO_IWM,69,1.3043887615203857
COCOMO81,9,FAABE_NO_IWM,70,1.3043887615203857
COCOMO81,9,FAABE_NO_IWM,71,1.3043887615203857
COCOMO81,9,FAABE_NO_IWM,72,1.3043887615203857
COCOMO81,9,FAABE_NO_IWM,73,1.3043887615203857
COCOMO81,9,FAABE_NO_IWM,74,1.3043887615203857
COCOMO81,9,FAABE_NO_IWM,75,1.3043887615203857
COCOMO81,9,FAABE_NO_IWM,76,1.3043887615203857
COCOMO81,9,FAABE_NO_IWM,77,1.3043887615203857
COCOMO81,9,FAABE_NO_IWM,78,1.3043887615203857
COCOMO81,9,FAABE_NO_IWM,79,1.3043887615203857
COCOMO81,9,FAABE_NO_IWM,80,1.3043887615203857
COCOMO81,9,FAABE_NO_IWM,81,1.3043887615203857
COCOMO81,9,FAABE_NO_IWM,82,1.3043887615203857
COCOMO81,9,FAABE_NO_IWM,83,1.3043887615203857
COCOMO81,9,FAABE_NO_IWM,84,1.3043887615203857
COCOMO81,9,FAABE_NO_IWM,85,1.3043887615203857
COCOMO81,9,FAABE_NO_IWM,86,1.3043887615203857
COCOMO81,9,FAABE_NO_IWM,87,1.3043887615203857
COCOMO81,9,FAABE_NO_IWM,88,1.3043887615203857
COCOMO81,9,FAABE_NO_IWM,89,1.3043887615203857
COCOMO81,9,FAABE_NO_IWM,90,1.3043887615203857
COCOMO81,9,FAABE_NO_IWM,91,1.3043887615203857
COCOMO81,9,FAABE_NO_IWM,92,1.3043887615203857
COCOMO81,9,FAABE_NO_IWM,93,1.3043887615203857
COCOMO81,9,FAABE_NO_IWM,94,1.3043887615203857
COCOMO81,9,FAABE_NO_IWM,95,1.3043887615203857
COCOMO81,9,FAABE_NO_IWM,96,1.3043887615203857
COCOMO81,9,FAABE_NO_IWM,97,1.3043887615203857
COCOMO81,9,FAABE_NO_IWM,98,1.3043887615203857
COCOMO81,9,FAABE_NO_IWM,99,1.3043887615203857
COCOMO81,9,FAABE_NO_IWM,100,1.3043887615203857
COCOMO81,9,FAABE_FULL,0,2.1599929332733154
COCOMO81,9,FAABE_FULL,1,1.640625
COCOMO81,9,FAABE_FULL,2,1.5114942789077759
COCOMO81,9,FAABE_FULL,3,1.4957618713378906
COCOMO81,9,FAABE_FULL,4,1.4957618713378906
COCOMO81,9,FAABE_FULL,5,1.4139677286148071
COCOMO81,9,FAABE_FULL,6,1.4139677286148071
COCOMO81,9,FAABE_FULL,7,1.4139677286148071
COCOMO81,9,FAABE_FULL,8,1.3959437608718872
COCOMO81,9,FAABE_FULL,9,1.3628151416778564
COCOMO81,9,FAABE_FULL,10,1.3628151416778564
COCOMO81,9,FAABE_FULL,11,1.3562932014465332
COCOMO81,9,FAABE_FULL,12,1.3562932014465332
COCOMO81,9,FAABE_FULL,13,1.3542762994766235
COCOMO81,9,FAABE_FULL,14,1.3542762994766235
COCOMO81,9,FAABE_FULL,15,1.3542762994766235
COCOMO81,9,FAABE_FULL,16,1.3542762994766235
COCOMO81,9,FAABE_FULL,17,1.3542762994766235
COCOMO81,9,FAABE_FULL,18,1.3542762994766235
COCOMO81,9,FAABE_FULL,19,1.3542762994766235
COCOMO81,9,FAABE_FULL,20,1.3542762994766235
COCOMO81,9,FAABE_FULL,21,1.3542762994766235
COCOMO81,9,FAABE_FULL,22,1.3542762994766235
COCOMO81,9,FAABE_FULL,23,1.3542762994766235
COCOMO81,9,FAABE_FULL,24,1.3542762994766235
COCOMO81,9,FAABE_FULL,25,1.3542762994766235
COCOMO81,9,FAABE_FULL,26,1.3542762994766235
COCOMO81,9,FAABE_FULL,27,1.3542762994766235
COCOMO81,9,FAABE_FULL,28,1.3542762994766235
COCOMO81,9,FAABE_FULL,29,1.3348232507705688
COCOMO81,9,FAABE_FULL,30,1.3348232507705688
COCOMO81,9,FAABE_FULL,31,1.3348232507705688
COCOMO81,9,FAABE_FULL,32,1.3348232507705688
COCOMO81,9,FAABE_FULL,33,1.3348232507705688
COCOMO81,9,FAABE_FULL,34,1.3348232507705688
COCOMO81,9,FAABE_FULL,35,1.3348232507705688
COCOMO81,9,FAABE_FULL,36,1.3348232507705688
COCOMO81,9,FAABE_FULL,37,1.3348232507705688
COCOMO81,9,FAABE_FULL,38,1.3348232507705688
COCOMO81,9,FAABE_FULL,39,1.334323525428772
COCOMO81,9,FAABE_FULL,40,1.334323525428772
COCOMO81,9,FAABE_FULL,41,1.334323525428772
COCOMO81,9,FAABE_FULL,42,1.334323525428772
COCOMO81,9,FAABE_FULL,43,1.334323525428772
COCOMO81,9,FAABE_FULL,44,1.334323525428772
COCOMO81,9,FAABE_FULL,45,1.334323525428772
COCOMO81,9,FAABE_FULL,46,1.334323525428772
COCOMO81,9,FAABE_FULL,47,1.334323525428772
COCOMO81,9,FAABE_FULL,48,1.334323525428772
COCOMO81,9,FAABE_FULL,49,1.334323525428772
COCOMO81,9,FAABE_FULL,50,1.334323525428772
COCOMO81,9,FAABE_FULL,51,1.334323525428772
COCOMO81,9,FAABE_FULL,52,1.334323525428772
COCOMO81,9,FAABE_FULL,53,1.334323525428772
COCOMO81,9,FAABE_FULL,54,1.334323525428772
COCOMO81,9,FAABE_FULL,55,1.334323525428772
COCOMO81,9,FAABE_FULL,56,1.334323525428772
COCOMO81,9,FAABE_FULL,57,1.334323525428772
COCOMO81,9,FAABE_FULL,58,1.334323525428772
COCOMO81,9,FAABE_FULL,59,1.334323525428772
COCOMO81,9,FAABE_FULL,60,1.334323525428772
COCOMO81,9,FAABE_FULL,61,1.334323525428772
COCOMO81,9,FAABE_FULL,62,1.334323525428772
COCOMO81,9,FAABE_FULL,63,1.334323525428772
COCOMO81,9,FAABE_FULL,64,1.3055033683776855
COCOMO81,9,FAABE_FULL,65,1.2808318138122559
COCOMO81,9,FAABE_FULL,66,1.2808318138122559
COCOMO81,9,FAABE_FULL,67,1.260125756263733
COCOMO81,9,FAABE_FULL,68,1.260125756263733
COCOMO81,9,FAABE_FULL,69,1.260125756263733
COCOMO81,9,FAABE_FULL,70,1.260125756263733
COCOMO81,9,FAABE_FULL,71,1.260125756263733
COCOMO81,9,FAABE_FULL,72,1.260125756263733
COCOMO81,9,FAABE_FULL,73,1.260125756263733
COCOMO81,9,FAABE_FULL,74,1.260125756263733
COCOMO81,9,FAABE_FULL,75,1.260125756263733
COCOMO81,9,FAABE_FULL,76,1.260125756263733
COCOMO81,9,FAABE_FULL,77,1.260125756263733
COCOMO81,9,FAABE_FULL,78,1.260125756263733
COCOMO81,9,FAABE_FULL,79,1.2384177446365356
COCOMO81,9,FAABE_FULL,80,1.2384177446365356
COCOMO81,9,FAABE_FULL,81,1.2384177446365356
COCOMO81,9,FAABE_FULL,82,1.2384177446365356
COCOMO81,9,FAABE_FULL,83,1.2384177446365356
COCOMO81,9,FAABE_FULL,84,1.2384177446365356
COCOMO81,9,FAABE_FULL,85,1.2384177446365356
COCOMO81,9,FAABE_FULL,86,1.2384177446365356
COCOMO81,9,FAABE_FULL,87,1.2384177446365356
COCOMO81,9,FAABE_FULL,88,1.2384177446365356
COCOMO81,9,FAABE_FULL,89,1.2384177446365356
COCOMO81,9,FAABE_FULL,90,1.2384177446365356
COCOMO81,9,FAABE_FULL,91,1.2384177446365356
COCOMO81,9,FAABE_FULL,92,1.2384177446365356
COCOMO81,9,FAABE_FULL,93,1.2384177446365356
COCOMO81,9,FAABE_FULL,94,1.2384177446365356
COCOMO81,9,FAABE_FULL,95,1.2384177446365356
COCOMO81,9,FAABE_FULL,96,1.2384177446365356
COCOMO81,9,FAABE_FULL,97,1.2384177446365356
COCOMO81,9,FAABE_FULL,98,1.2384177446365356
COCOMO81,9,FAABE_FULL,99,1.2384177446365356
COCOMO81,9,FAABE_FULL,100,1.2384177446365356
COCOMO81,10,FAABE_NO_PEARSON,0,3.182976007461548
COCOMO81,10,FAABE_NO_PEARSON,1,2.393653392791748
COCOMO81,10,FAABE_NO_PEARSON,2,2.393653392791748
COCOMO81,10,FAABE_NO_PEARSON,3,2.3278582096099854
COCOMO81,10,FAABE_NO_PEARSON,4,2.3278582096099854
COCOMO81,10,FAABE_NO_PEARSON,5,2.1941215991973877
COCOMO81,10,FAABE_NO_PEARSON,6,1.790571689605713
COCOMO81,10,FAABE_NO_PEARSON,7,1.3949596881866455
COCOMO81,10,FAABE_NO_PEARSON,8,1.3949596881866455
COCOMO81,10,FAABE_NO_PEARSON,9,1.3949596881866455
COCOMO81,10,FAABE_NO_PEARSON,10,1.3949596881866455
COCOMO81,10,FAABE_NO_PEARSON,11,1.3949596881866455
COCOMO81,10,FAABE_NO_PEARSON,12,1.3089386224746704
COCOMO81,10,FAABE_NO_PEARSON,13,1.3089386224746704
COCOMO81,10,FAABE_NO_PEARSON,14,1.3089386224746704
COCOMO81,10,FAABE_NO_PEARSON,15,1.3089386224746704
COCOMO81,10,FAABE_NO_PEARSON,16,1.3089386224746704
COCOMO81,10,FAABE_NO_PEARSON,17,1.3089386224746704
COCOMO81,10,FAABE_NO_PEARSON,18,1.3089386224746704
COCOMO81,10,FAABE_NO_PEARSON,19,1.3089386224746704
COCOMO81,10,FAABE_NO_PEARSON,20,1.3089386224746704
COCOMO81,10,FAABE_NO_PEARSON,21,1.3089386224746704
COCOMO81,10,FAABE_NO_PEARSON,22,1.3089386224746704
COCOMO81,10,FAABE_NO_PEARSON,23,1.3089386224746704
COCOMO81,10,FAABE_NO_PEARSON,24,1.3089386224746704
COCOMO81,10,FAABE_NO_PEARSON,25,1.3089386224746704
COCOMO81,10,FAABE_NO_PEARSON,26,1.3089386224746704
COCOMO81,10,FAABE_NO_PEARSON,27,1.3089386224746704
COCOMO81,10,FAABE_NO_PEARSON,28,1.3089386224746704
COCOMO81,10,FAABE_NO_PEARSON,29,1.3089386224746704
COCOMO81,10,FAABE_NO_PEARSON,30,1.3089386224746704
COCOMO81,10,FAABE_NO_PEARSON,31,1.3089386224746704
COCOMO81,10,FAABE_NO_PEARSON,32,1.3089386224746704
COCOMO81,10,FAABE_NO_PEARSON,33,1.3089386224746704
COCOMO81,10,FAABE_NO_PEARSON,34,1.3089386224746704
COCOMO81,10,FAABE_NO_PEARSON,35,1.3089386224746704
COCOMO81,10,FAABE_NO_PEARSON,36,1.3089386224746704
COCOMO81,10,FAABE_NO_PEARSON,37,1.3089386224746704
COCOMO81,10,FAABE_NO_PEARSON,38,1.3089386224746704
COCOMO81,10,FAABE_NO_PEARSON,39,1.1868207454681396
COCOMO81,10,FAABE_NO_PEARSON,40,1.1868207454681396
COCOMO81,10,FAABE_NO_PEARSON,41,1.1868207454681396
COCOMO81,10,FAABE_NO_PEARSON,42,1.1868207454681396
COCOMO81,10,FAABE_NO_PEARSON,43,1.1300079822540283
COCOMO81,10,FAABE_NO_PEARSON,44,1.1300079822540283
COCOMO81,10,FAABE_NO_PEARSON,45,1.1300079822540283
COCOMO81,10,FAABE_NO_PEARSON,46,1.1300079822540283
COCOMO81,10,FAABE_NO_PEARSON,47,1.1300079822540283
COCOMO81,10,FAABE_NO_PEARSON,48,1.1300079822540283
COCOMO81,10,FAABE_NO_PEARSON,49,1.1300079822540283
COCOMO81,10,FAABE_NO_PEARSON,50,1.099692702293396
COCOMO81,10,FAABE_NO_PEARSON,51,1.099692702293396
COCOMO81,10,FAABE_NO_PEARSON,52,1.099692702293396
COCOMO81,10,FAABE_NO_PEARSON,53,1.099692702293396
COCOMO81,10,FAABE_NO_PEARSON,54,1.099692702293396
COCOMO81,10,FAABE_NO_PEARSON,55,1.099692702293396
COCOMO81,10,FAABE_NO_PEARSON,56,1.099692702293396
COCOMO81,10,FAABE_NO_PEARSON,57,1.099692702293396
COCOMO81,10,FAABE_NO_PEARSON,58,1.099692702293396
COCOMO81,10,FAABE_NO_PEARSON,59,1.099692702293396
COCOMO81,10,FAABE_NO_PEARSON,60,1.099692702293396
COCOMO81,10,FAABE_NO_PEARSON,61,1.099692702293396
COCOMO81,10,FAABE_NO_PEARSON,62,1.099692702293396
COCOMO81,10,FAABE_NO_PEARSON,63,1.099692702293396
COCOMO81,10,FAABE_NO_PEARSON,64,1.099692702293396
COCOMO81,10,FAABE_NO_PEARSON,65,1.099692702293396
COCOMO81,10,FAABE_NO_PEARSON,66,1.099692702293396
COCOMO81,10,FAABE_NO_PEARSON,67,1.099692702293396
COCOMO81,10,FAABE_NO_PEARSON,68,1.099692702293396
COCOMO81,10,FAABE_NO_PEARSON,69,1.099692702293396
COCOMO81,10,FAABE_NO_PEARSON,70,1.099692702293396
COCOMO81,10,FAABE_NO_PEARSON,71,1.099692702293396
COCOMO81,10,FAABE_NO_PEARSON,72,1.099692702293396
COCOMO81,10,FAABE_NO_PEARSON,73,1.099692702293396
COCOMO81,10,FAABE_NO_PEARSON,74,1.099692702293396
COCOMO81,10,FAABE_NO_PEARSON,75,1.099692702293396
COCOMO81,10,FAABE_NO_PEARSON,76,1.099692702293396
COCOMO81,10,FAABE_NO_PEARSON,77,1.099692702293396
COCOMO81,10,FAABE_NO_PEARSON,78,1.099692702293396
COCOMO81,10,FAABE_NO_PEARSON,79,1.099692702293396
COCOMO81,10,FAABE_NO_PEARSON,80,1.099692702293396
COCOMO81,10,FAABE_NO_PEARSON,81,1.099692702293396
COCOMO81,10,FAABE_NO_PEARSON,82,1.099692702293396
COCOMO81,10,FAABE_NO_PEARSON,83,1.099692702293396
COCOMO81,10,FAABE_NO_PEARSON,84,1.099692702293396
COCOMO81,10,FAABE_NO_PEARSON,85,1.099692702293396
COCOMO81,10,FAABE_NO_PEARSON,86,1.099692702293396
COCOMO81,10,FAABE_NO_PEARSON,87,1.099692702293396
COCOMO81,10,FAABE_NO_PEARSON,88,1.099692702293396
COCOMO81,10,FAABE_NO_PEARSON,89,1.099692702293396
COCOMO81,10,FAABE_NO_PEARSON,90,1.099692702293396
COCOMO81,10,FAABE_NO_PEARSON,91,1.099692702293396
COCOMO81,10,FAABE_NO_PEARSON,92,1.099692702293396
COCOMO81,10,FAABE_NO_PEARSON,93,1.099692702293396
COCOMO81,10,FAABE_NO_PEARSON,94,1.099692702293396
COCOMO81,10,FAABE_NO_PEARSON,95,1.099692702293396
COCOMO81,10,FAABE_NO_PEARSON,96,1.099692702293396
COCOMO81,10,FAABE_NO_PEARSON,97,1.099692702293396
COCOMO81,10,FAABE_NO_PEARSON,98,1.099692702293396
COCOMO81,10,FAABE_NO_PEARSON,99,1.099692702293396
COCOMO81,10,FAABE_NO_PEARSON,100,1.099692702293396
COCOMO81,10,FAABE_NO_IWM,0,1.3375037908554077
COCOMO81,10,FAABE_NO_IWM,1,1.3375037908554077
COCOMO81,10,FAABE_NO_IWM,2,1.3367520570755005
COCOMO81,10,FAABE_NO_IWM,3,1.3351866006851196
COCOMO81,10,FAABE_NO_IWM,4,1.3351866006851196
COCOMO81,10,FAABE_NO_IWM,5,1.3351866006851196
COCOMO81,10,FAABE_NO_IWM,6,1.3351866006851196
COCOMO81,10,FAABE_NO_IWM,7,1.3351866006851196
COCOMO81,10,FAABE_NO_IWM,8,1.3351866006851196
COCOMO81,10,FAABE_NO_IWM,9,1.3351866006851196
COCOMO81,10,FAABE_NO_IWM,10,1.3351866006851196
COCOMO81,10,FAABE_NO_IWM,11,1.3351866006851196
COCOMO81,10,FAABE_NO_IWM,12,1.3351866006851196
COCOMO81,10,FAABE_NO_IWM,13,1.3351866006851196
COCOMO81,10,FAABE_NO_IWM,14,1.3351866006851196
COCOMO81,10,FAABE_NO_IWM,15,1.3351866006851196
COCOMO81,10,FAABE_NO_IWM,16,1.3351866006851196
COCOMO81,10,FAABE_NO_IWM,17,1.3351866006851196
COCOMO81,10,FAABE_NO_IWM,18,1.3351866006851196
COCOMO81,10,FAABE_NO_IWM,19,1.3351866006851196
COCOMO81,10,FAABE_NO_IWM,20,1.3351866006851196
COCOMO81,10,FAABE_NO_IWM,21,1.3351866006851196
COCOMO81,10,FAABE_NO_IWM,22,1.3351866006851196
COCOMO81,10,FAABE_NO_IWM,23,1.3351866006851196
COCOMO81,10,FAABE_NO_IWM,24,1.3351866006851196
COCOMO81,10,FAABE_NO_IWM,25,1.3351866006851196
COCOMO81,10,FAABE_NO_IWM,26,1.3351866006851196
COCOMO81,10,FAABE_NO_IWM,27,1.3351866006851196
COCOMO81,10,FAABE_NO_IWM,28,1.3351866006851196
COCOMO81,10,FAABE_NO_IWM,29,1.3351866006851196
COCOMO81,10,FAABE_NO_IWM,30,1.3351866006851196
COCOMO81,10,FAABE_NO_IWM,31,1.3351866006851196
COCOMO81,10,FAABE_NO_IWM,32,1.3351866006851196
COCOMO81,10,FAABE_NO_IWM,33,1.3351866006851196
COCOMO81,10,FAABE_NO_IWM,34,1.3351866006851196
COCOMO81,10,FAABE_NO_IWM,35,1.3351866006851196
COCOMO81,10,FAABE_NO_IWM,36,1.3351866006851196
COCOMO81,10,FAABE_NO_IWM,37,1.3351866006851196
COCOMO81,10,FAABE_NO_IWM,38,1.3351866006851196
COCOMO81,10,FAABE_NO_IWM,39,1.3351866006851196
COCOMO81,10,FAABE_NO_IWM,40,1.3351866006851196
COCOMO81,10,FAABE_NO_IWM,41,1.3351866006851196
COCOMO81,10,FAABE_NO_IWM,42,1.3351866006851196
COCOMO81,10,FAABE_NO_IWM,43,1.3351866006851196
COCOMO81,10,FAABE_NO_IWM,44,1.3351866006851196
COCOMO81,10,FAABE_NO_IWM,45,1.3351866006851196
COCOMO81,10,FAABE_NO_IWM,46,1.3351866006851196
COCOMO81,10,FAABE_NO_IWM,47,1.3351866006851196
COCOMO81,10,FAABE_NO_IWM,48,1.3351866006851196
COCOMO81,10,FAABE_NO_IWM,49,1.3351866006851196
COCOMO81,10,FAABE_NO_IWM,50,1.3351866006851196
COCOMO81,10,FAABE_NO_IWM,51,1.3351866006851196
COCOMO81,10,FAABE_NO_IWM,52,1.3351866006851196
COCOMO81,10,FAABE_NO_IWM,53,1.3351866006851196
COCOMO81,10,FAABE_NO_IWM,54,1.3351866006851196
COCOMO81,10,FAABE_NO_IWM,55,1.3351866006851196
COCOMO81,10,FAABE_NO_IWM,56,1.3351866006851196
COCOMO81,10,FAABE_NO_IWM,57,1.3351866006851196
COCOMO81,10,FAABE_NO_IWM,58,1.3351866006851196
COCOMO81,10,FAABE_NO_IWM,59,1.3351866006851196
COCOMO81,10,FAABE_NO_IWM,60,1.3351866006851196
COCOMO81,10,FAABE_NO_IWM,61,1.3351866006851196
COCOMO81,10,FAABE_NO_IWM,62,1.3351866006851196
COCOMO81,10,FAABE_NO_IWM,63,1.3351866006851196
COCOMO81,10,FAABE_NO_IWM,64,1.3351866006851196
COCOMO81,10,FAABE_NO_IWM,65,1.3351866006851196
COCOMO81,10,FAABE_NO_IWM,66,1.3351866006851196
COCOMO81,10,FAABE_NO_IWM,67,1.3351866006851196
COCOMO81,10,FAABE_NO_IWM,68,1.3351866006851196
COCOMO81,10,FAABE_NO_IWM,69,1.3351866006851196
COCOMO81,10,FAABE_NO_IWM,70,1.3351866006851196
COCOMO81,10,FAABE_NO_IWM,71,1.3351866006851196
COCOMO81,10,FAABE_NO_IWM,72,1.3351866006851196
COCOMO81,10,FAABE_NO_IWM,73,1.3351866006851196
COCOMO81,10,FAABE_NO_IWM,74,1.3351866006851196
COCOMO81,10,FAABE_NO_IWM,75,1.3351866006851196
COCOMO81,10,FAABE_NO_IWM,76,1.3351866006851196
COCOMO81,10,FAABE_NO_IWM,77,1.3351866006851196
COCOMO81,10,FAABE_NO_IWM,78,1.3351866006851196
COCOMO81,10,FAABE_NO_IWM,79,1.3351866006851196
COCOMO81,10,FAABE_NO_IWM,80,1.3351866006851196
COCOMO81,10,FAABE_NO_IWM,81,1.3351866006851196
COCOMO81,10,FAABE_NO_IWM,82,1.3351866006851196
COCOMO81,10,FAABE_NO_IWM,83,1.3351866006851196
COCOMO81,10,FAABE_NO_IWM,84,1.3351866006851196
COCOMO81,10,FAABE_NO_IWM,85,1.3351866006851196
COCOMO81,10,FAABE_NO_IWM,86,1.3351866006851196
COCOMO81,10,FAABE_NO_IWM,87,1.3351866006851196
COCOMO81,10,FAABE_NO_IWM,88,1.3351866006851196
COCOMO81,10,FAABE_NO_IWM,89,1.3351866006851196
COCOMO81,10,FAABE_NO_IWM,90,1.3351866006851196
COCOMO81,10,FAABE_NO_IWM,91,1.3351866006851196
COCOMO81,10,FAABE_NO_IWM,92,1.3351866006851196
COCOMO81,10,FAABE_NO_IWM,93,1.3351866006851196
COCOMO81,10,FAABE_NO_IWM,94,1.3351866006851196
COCOMO81,10,FAABE_NO_IWM,95,1.3351866006851196
COCOMO81,10,FAABE_NO_IWM,96,1.3351866006851196
COCOMO81,10,FAABE_NO_IWM,97,1.3351866006851196
COCOMO81,10,FAABE_NO_IWM,98,1.3351866006851196
COCOMO81,10,FAABE_NO_IWM,99,1.3351866006851196
COCOMO81,10,FAABE_NO_IWM,100,1.3351866006851196
COCOMO81,10,FAABE_FULL,0,1.8068934679031372
COCOMO81,10,FAABE_FULL,1,1.691847324371338
COCOMO81,10,FAABE_FULL,2,1.6627238988876343
COCOMO81,10,FAABE_FULL,3,1.6515228748321533
COCOMO81,10,FAABE_FULL,4,1.6515228748321533
COCOMO81,10,FAABE_FULL,5,1.6503400802612305
COCOMO81,10,FAABE_FULL,6,1.6503400802612305
COCOMO81,10,FAABE_FULL,7,1.6503400802612305
COCOMO81,10,FAABE_FULL,8,1.6503400802612305
COCOMO81,10,FAABE_FULL,9,1.6503400802612305
COCOMO81,10,FAABE_FULL,10,1.6211920976638794
COCOMO81,10,FAABE_FULL,11,1.614436149597168
COCOMO81,10,FAABE_FULL,12,1.614436149597168
COCOMO81,10,FAABE_FULL,13,1.614436149597168
COCOMO81,10,FAABE_FULL,14,1.614436149597168
COCOMO81,10,FAABE_FULL,15,1.614436149597168
COCOMO81,10,FAABE_FULL,16,1.614436149597168
COCOMO81,10,FAABE_FULL,17,1.614436149597168
COCOMO81,10,FAABE_FULL,18,1.614436149597168
COCOMO81,10,FAABE_FULL,19,1.614436149597168
COCOMO81,10,FAABE_FULL,20,1.614436149597168
COCOMO81,10,FAABE_FULL,21,1.6048208475112915
COCOMO81,10,FAABE_FULL,22,1.6048208475112915
COCOMO81,10,FAABE_FULL,23,1.6048208475112915
COCOMO81,10,FAABE_FULL,24,1.6048208475112915
COCOMO81,10,FAABE_FULL,25,1.6048208475112915
COCOMO81,10,FAABE_FULL,26,1.6048208475112915
COCOMO81,10,FAABE_FULL,27,1.6048208475112915
COCOMO81,10,FAABE_FULL,28,1.6048208475112915
COCOMO81,10,FAABE_FULL,29,1.6048208475112915
COCOMO81,10,FAABE_FULL,30,1.6048208475112915
COCOMO81,10,FAABE_FULL,31,1.6048208475112915
COCOMO81,10,FAABE_FULL,32,1.6048208475112915
COCOMO81,10,FAABE_FULL,33,1.6048208475112915
COCOMO81,10,FAABE_FULL,34,1.6048208475112915
COCOMO81,10,FAABE_FULL,35,1.6048208475112915
COCOMO81,10,FAABE_FULL,36,1.6048208475112915
COCOMO81,10,FAABE_FULL,37,1.6048208475112915
COCOMO81,10,FAABE_FULL,38,1.6048208475112915
COCOMO81,10,FAABE_FULL,39,1.6048208475112915
COCOMO81,10,FAABE_FULL,40,1.6048208475112915
COCOMO81,10,FAABE_FULL,41,1.6048208475112915
COCOMO81,10,FAABE_FULL,42,1.6048208475112915
COCOMO81,10,FAABE_FULL,43,1.6048208475112915
COCOMO81,10,FAABE_FULL,44,1.6048208475112915
COCOMO81,10,FAABE_FULL,45,1.6048208475112915
COCOMO81,10,FAABE_FULL,46,1.6048208475112915
COCOMO81,10,FAABE_FULL,47,1.6048208475112915
COCOMO81,10,FAABE_FULL,48,1.6048208475112915
COCOMO81,10,FAABE_FULL,49,1.6048208475112915
COCOMO81,10,FAABE_FULL,50,1.6048208475112915
COCOMO81,10,FAABE_FULL,51,1.6048208475112915
COCOMO81,10,FAABE_FULL,52,1.6048208475112915
COCOMO81,10,FAABE_FULL,53,1.6048208475112915
COCOMO81,10,FAABE_FULL,54,1.6048208475112915
COCOMO81,10,FAABE_FULL,55,1.6048208475112915
COCOMO81,10,FAABE_FULL,56,1.6048208475112915
COCOMO81,10,FAABE_FULL,57,1.6048208475112915
COCOMO81,10,FAABE_FULL,58,1.6048208475112915
COCOMO81,10,FAABE_FULL,59,1.6048208475112915
COCOMO81,10,FAABE_FULL,60,1.6048208475112915
COCOMO81,10,FAABE_FULL,61,1.6048208475112915
COCOMO81,10,FAABE_FULL,62,1.6048208475112915
COCOMO81,10,FAABE_FULL,63,1.6048208475112915
COCOMO81,10,FAABE_FULL,64,1.6048208475112915
COCOMO81,10,FAABE_FULL,65,1.6048208475112915
COCOMO81,10,FAABE_FULL,66,1.6048208475112915
COCOMO81,10,FAABE_FULL,67,1.6048208475112915
COCOMO81,10,FAABE_FULL,68,1.6048208475112915
COCOMO81,10,FAABE_FULL,69,1.6048208475112915
COCOMO81,10,FAABE_FULL,70,1.6048208475112915
COCOMO81,10,FAABE_FULL,71,1.6048208475112915
COCOMO81,10,FAABE_FULL,72,1.6048208475112915
COCOMO81,10,FAABE_FULL,73,1.6048208475112915
COCOMO81,10,FAABE_FULL,74,1.6048208475112915
COCOMO81,10,FAABE_FULL,75,1.6048208475112915
COCOMO81,10,FAABE_FULL,76,1.6048208475112915
COCOMO81,10,FAABE_FULL,77,1.6048208475112915
COCOMO81,10,FAABE_FULL,78,1.6048208475112915
COCOMO81,10,FAABE_FULL,79,1.6048208475112915
COCOMO81,10,FAABE_FULL,80,1.6048208475112915
COCOMO81,10,FAABE_FULL,81,1.6048208475112915
COCOMO81,10,FAABE_FULL,82,1.6048208475112915
COCOMO81,10,FAABE_FULL,83,1.6048208475112915
COCOMO81,10,FAABE_FULL,84,1.6048208475112915
COCOMO81,10,FAABE_FULL,85,1.6048208475112915
COCOMO81,10,FAABE_FULL,86,1.6048208475112915
COCOMO81,10,FAABE_FULL,87,1.6048208475112915
COCOMO81,10,FAABE_FULL,88,1.6048208475112915
COCOMO81,10,FAABE_FULL,89,1.6048208475112915
COCOMO81,10,FAABE_FULL,90,1.6048208475112915
COCOMO81,10,FAABE_FULL,91,1.6048208475112915
COCOMO81,10,FAABE_FULL,92,1.6048208475112915
COCOMO81,10,FAABE_FULL,93,1.6048208475112915
COCOMO81,10,FAABE_FULL,94,1.6048208475112915
COCOMO81,10,FAABE_FULL,95,1.6048208475112915
COCOMO81,10,FAABE_FULL,96,1.6048208475112915
COCOMO81,10,FAABE_FULL,97,1.6048208475112915
COCOMO81,10,FAABE_FULL,98,1.6048208475112915
COCOMO81,10,FAABE_FULL,99,1.6048208475112915
COCOMO81,10,FAABE_FULL,100,1.6048208475112915
