Dataset,Fold,Project_Index,Actual,ABE_Prediction,ABE_Absolute_Error,ABE_MRE,GA-ABE_Prediction,GA-ABE_Absolute_Error,GA-ABE_MRE,PSO-ABE_Prediction,PSO-ABE_Absolute_Error,PSO-ABE_MRE,DE-ABE_Prediction,DE-ABE_Absolute_Error,DE-ABE_MRE,GWO-ABE_Prediction,GWO-ABE_Absolute_Error,GWO-ABE_MRE,WOA-ABE_Prediction,WOA-ABE_Absolute_Error,WOA-ABE_MRE,FAABE_Prediction,FAABE_Absolute_Error,FAABE_MRE
Albrecht,1,0,102.4,70.14330291748047,32.25669708251954,0.31500680744647985,72.50141906738281,29.898580932617193,0.2919783294200898,66.34204864501953,36.057951354980474,0.3521284312009812,71.20285034179688,31.19714965820313,0.30465966463088995,70.4990463256836,31.900953674316412,0.3115327507257462,52.702606201171875,49.69739379882813,0.48532611131668096,76.5552978515625,25.844702148437506,0.252389669418335
Albrecht,1,8,12.9,17.046199798583984,4.146199798583984,0.3214108370995336,15.850317001342773,2.950317001342773,0.22870674429013743,17.725955963134766,4.825955963134765,0.3741051134212996,17.358959197998047,4.4589591979980465,0.3456557517827943,9.947013854980469,2.9529861450195316,0.22891365465267685,26.24698829650879,13.346988296508789,1.034650255543317,10.094162940979004,2.8058370590209964,0.21750674876131754
Albrecht,1,16,18.3,17.055011749267578,1.2449882507324226,0.06803214484876625,14.742883682250977,3.557116317749024,0.1943779408606024,15.811880111694336,2.4881198883056648,0.13596283542653906,17.527873992919922,0.7721260070800788,0.04219267798251797,14.542242050170898,3.7577579498291023,0.20534196447153563,25.26067352294922,6.960673522949218,0.38036467338520313,9.796323776245117,8.503676223754884,0.46468176086092255
Albrecht,2,9,19.0,18.024097442626953,0.9759025573730469,0.05136329249331826,18.370452880859375,0.629547119140625,0.03313405890213816,19.277721405029297,0.2777214050292969,0.01461691605417352,17.496707916259766,1.5032920837402344,0.07912063598632812,16.717662811279297,2.282337188720703,0.12012300993266858,18.11325454711914,0.8867454528808594,0.046670813309518916,16.38826560974121,2.611734390258789,0.13745970475046257
Albrecht,2,11,2.9,4.706106185913086,1.806106185913086,0.6227952365217538,4.826323509216309,1.9263235092163087,0.6642494859366582,4.5773701667785645,1.6773701667785645,0.578403505785712,4.463054180145264,1.5630541801452638,0.538984200050091,5.365528106689453,2.465528106689453,0.8501821057549839,7.415002822875977,4.515002822875976,1.556897525129647,7.350334167480469,4.450334167480468,1.5345979887863685
Albrecht,2,18,38.1,28.84624481201172,9.253755187988283,0.242880713595493,15.067891120910645,23.032108879089357,0.6045172934144188,16.883790969848633,21.21620903015137,0.5568558800564664,14.285713195800781,23.81428680419922,0.625046897748011,32.490081787109375,5.609918212890626,0.14724194784489833,15.25147819519043,22.84852180480957,0.599698735034372,28.832454681396484,9.267545318603517,0.2432426592809322
Albrecht,3,1,105.2,68.49571990966797,36.704280090332034,0.3489000008586695,71.46063995361328,33.73936004638672,0.32071635025082434,72.27346801757812,32.92653198242188,0.31298984774165284,68.73760986328125,36.46239013671875,0.3466006666988474,70.78435516357422,34.415644836425784,0.3271449128937812,71.53085327148438,33.66914672851563,0.3200489232748634,67.29947662353516,37.90052337646485,0.3602711347572704
Albrecht,3,13,12.0,12.924781799316406,0.9247817993164062,0.07706514994303386,11.761913299560547,0.23808670043945312,0.019840558369954426,12.912496566772461,0.9124965667724609,0.07604138056437175,13.140769004821777,1.1407690048217773,0.09506408373514812,16.4932804107666,4.493280410766602,0.3744400342305501,18.877126693725586,6.877126693725586,0.5730938911437988,13.582965850830078,1.5829658508300781,0.1319138209025065
Albrecht,3,21,11.8,17.10066795349121,5.30066795349121,0.44920914860095,19.936302185058594,8.136302185058593,0.6895171343269993,18.317602157592773,6.517602157592773,0.5523391658976926,19.756521224975586,7.956521224975585,0.6742814597436936,17.01470947265625,5.214709472656249,0.44192453158103806,17.0703125,5.270312499999999,0.4466366525423728,17.58464241027832,5.78464241027832,0.49022393307443385
Albrecht,4,2,11.1,7.130107879638672,3.9698921203613278,0.3576479387712908,7.813948631286621,3.2860513687133786,0.2960406638480521,4.867115020751953,6.2328849792480465,0.5615211693016259,5.91767692565918,5.18232307434082,0.4668759526433171,5.984818458557129,5.115181541442871,0.4608271658957541,7.916273593902588,3.1837264060974118,0.2868221987475146,7.823407173156738,3.2765928268432614,0.2951885429588524
Albrecht,4,5,10.0,5.788850784301758,4.211149215698242,0.4211149215698242,5.8440937995910645,4.1559062004089355,0.41559062004089353,3.854904890060425,6.145095109939575,0.6145095109939576,5.639582633972168,4.360417366027832,0.4360417366027832,5.801793575286865,4.198206424713135,0.41982064247131345,5.75101900100708,4.24898099899292,0.424898099899292,3.8726301193237305,6.1273698806762695,0.612736988067627
Albrecht,4,12,7.5,14.436555862426758,6.936555862426758,0.9248741149902344,18.16797637939453,10.667976379394531,1.4223968505859375,14.510649681091309,7.010649681091309,0.9347532908121745,18.250553131103516,10.750553131103516,1.4334070841471354,14.026589393615723,6.526589393615723,0.8702119191487631,18.14696502685547,10.646965026855469,1.4195953369140626,10.711614608764648,3.2116146087646484,0.4282152811686198
Albrecht,5,3,21.1,17.615041732788086,3.4849582672119155,0.16516389891999597,17.541540145874023,3.558459854125978,0.16864738645146815,17.597368240356445,3.502631759643556,0.16600150519637705,17.563961029052734,3.536038970947267,0.16758478535295104,17.862825393676758,3.2371746063232436,0.1534205974560779,17.87003517150879,3.2299648284912124,0.15307890182422806,17.65296745300293,3.4470325469970717,0.16336647142166216
Albrecht,5,15,15.8,8.007944107055664,7.792055892944337,0.49316809449014787,9.139309883117676,6.660690116882325,0.4215626656254636,9.144064903259277,6.655935096740723,0.42126171498359005,7.830038547515869,7.969961452484132,0.5044279400306412,12.26504135131836,3.5349586486816413,0.22373156004314185,12.207040786743164,3.5929592132568366,0.2274024818516985,12.209999084472656,3.5900009155273445,0.22721524781818636
Albrecht,6,4,28.8,8.438154220581055,20.361845779418946,0.7070085340076023,9.840911865234375,18.959088134765626,0.6583016713460287,10.185676574707031,18.61432342529297,0.6463306744893392,10.236715316772461,18.56328468322754,0.6445584959454007,10.274449348449707,18.525550651550294,0.6432482865121629,9.845242500305176,18.954757499694825,0.658151302072737,6.700936317443848,22.099063682556153,0.7673286000887553
Albrecht,6,22,0.5,4.989565372467041,4.489565372467041,8.979130744934082,5.014358997344971,4.514358997344971,9.028717994689941,3.9953036308288574,3.4953036308288574,6.990607261657715,3.982649564743042,3.482649564743042,6.965299129486084,3.9871132373809814,3.4871132373809814,6.974226474761963,3.951587677001953,3.451587677001953,6.903175354003906,6.227775573730469,5.727775573730469,11.455551147460938
Albrecht,7,17,8.9,10.275504112243652,1.375504112243652,0.15455102384760133,11.214111328125,2.3141113281249996,0.26001250877808985,11.23633098602295,2.336330986022949,0.26250909955314033,9.881936073303223,0.9819360733032223,0.11032989587676655,11.231879234313965,2.3318792343139645,0.26200890273190613,10.567337989807129,1.6673379898071286,0.18734134716934028,10.503761291503906,1.603761291503906,0.18019789792178717
Albrecht,7,20,3.6,11.168939590454102,7.568939590454102,2.102483219570584,5.747620582580566,2.1476205825805663,0.5965612729390461,5.753266334533691,2.1532663345336913,0.5981295373704698,7.969023704528809,4.369023704528809,1.213617695702447,5.759805679321289,2.159805679321289,0.5999460220336914,5.548514366149902,1.9485143661499023,0.541253990597195,5.9425883293151855,2.3425883293151855,0.6507189803653293
Albrecht,8,7,4.9,4.633214950561523,0.2667850494384769,0.05444592845683202,10.182344436645508,5.2823444366455075,1.07802947686643,10.201932907104492,5.301932907104492,1.082027123898876,4.559882164001465,0.3401178359985355,0.06941180326500725,10.048202514648438,5.148202514648437,1.0506535744180483,10.114767074584961,5.214767074584961,1.0642381784867265,2.5396556854248047,2.3603443145751957,0.48170292134187664
Albrecht,8,23,6.1,4.13597297668457,1.9640270233154293,0.3219716431664638,9.65751838684082,3.5575183868408207,0.5831997355476756,9.67410945892334,3.57410945892334,0.5859195834300558,4.393558502197266,1.706441497802734,0.2797445078365138,9.666133880615234,3.5661338806152347,0.584612111576268,9.652984619140625,3.5529846191406254,0.5824564949410862,6.405840873718262,0.3058408737182621,0.05013784815053477
Albrecht,9,10,10.8,11.057147979736328,0.2571479797363274,0.02380999812373402,14.000621795654297,3.200621795654296,0.29635386996799035,12.171866416931152,1.3718664169311516,0.1270246682343659,14.671998023986816,3.8719980239868157,0.35851833555433477,12.258167266845703,1.4581672668457024,0.13501548767089835,12.222993850708008,1.422993850708007,0.131758689880371,12.229990005493164,1.4299900054931634,0.1324064819901077
Albrecht,9,14,4.1,2.801565647125244,1.2984343528747555,0.31669130557920866,2.8329570293426514,1.2670429706573483,0.3090348708920362,2.92619252204895,1.1738074779510494,0.28629450681732915,3.0394351482391357,1.060564851760864,0.2586743540880156,3.0829415321350098,1.0170584678649899,0.24806304094268047,3.060136079788208,1.0398639202117916,0.25362534639311995,3.0780696868896484,1.0219303131103512,0.2492512958805735
Albrecht,10,6,8.0,3.0346193313598633,4.965380668640137,0.6206725835800171,2.722899913787842,5.277100086212158,0.6596375107765198,3.111029863357544,4.888970136642456,0.611121267080307,2.6375060081481934,5.362493991851807,0.6703117489814758,8.762429237365723,0.7624292373657227,0.09530365467071533,8.813421249389648,0.8134212493896484,0.10167765617370605,3.047088623046875,4.952911376953125,0.6191139221191406
Albrecht,10,19,61.2,24.087451934814453,37.11254806518555,0.6064141840716593,53.34480667114258,7.855193328857425,0.12835283217087295,23.634912490844727,37.565087509155276,0.6138086194306417,81.16224670410156,19.96224670410156,0.3261805017010059,17.395858764648438,43.804141235351565,0.7157539417541106,17.22456169128418,43.97543830871582,0.7185529135411082,23.687620162963867,37.512379837036136,0.6129473829581068
China,1,0,7490.0,13319.71484375,5829.71484375,0.778333089953271,2602.386474609375,4887.613525390625,0.6525518725488151,12138.458984375,4648.458984375,0.6206220272863818,5483.47607421875,2006.52392578125,0.26789371505757675,6667.70849609375,822.29150390625,0.10978524751752336,5987.54443359375,1502.45556640625,0.20059486867907209,5431.40966796875,2058.59033203125,0.27484517116572094
China,1,2,668.0,1700.7613525390625,1032.7613525390625,1.5460499289506924,1949.3955078125,1281.3955078125,1.9182567482223054,1108.252197265625,440.252197265625,0.6590601755473429,1107.8839111328125,439.8839111328125,0.6585088490012163,1728.6580810546875,1060.6580810546875,1.5878114985848615,1107.794921875,439.794921875,0.6583756315494012,1684.87841796875,1016.87841796875,1.5222730807915419
China,1,9,3372.0,1712.6522216796875,1659.3477783203125,0.4920960196679456,1889.772216796875,1482.227783203125,0.4395693307245329,1413.962646484375,1958.037353515625,0.5806753717424747,1413.49658203125,1958.50341796875,0.5808135877724644,1115.44677734375,2256.55322265625,0.6692032095659104,2103.793212890625,1268.206787109375,0.37609928443338525,1413.90380859375,1958.09619140625,0.5806928207017349
China,1,11,1704.0,1659.6512451171875,44.3487548828125,0.026026264602589496,1873.1343994140625,169.1343994140625,0.09925727665144513,1393.5048828125,310.4951171875,0.1822154443588615,1035.597412109375,668.402587890625,0.39225503984191606,1058.5758056640625,645.4241943359375,0.3787700670985549,1003.1156005859375,700.8843994140625,0.4113171358063747,1397.153564453125,306.846435546875,0.180074199264598
China,1,30,406.0,780.009765625,374.009765625,0.921206319273399,1290.216552734375,884.216552734375,2.1778732825969827,1074.439453125,668.439453125,1.6464025939039408,1069.4560546875,663.4560546875,1.6341282135160098,1095.8311767578125,689.8311767578125,1.6990915683689962,1078.94970703125,672.94970703125,1.6575115936730296,1070.722900390625,664.722900390625,1.6372485231296183
China,1,33,700.0,1413.4971923828125,713.4971923828125,1.0192817034040178,2176.4248046875,1476.4248046875,2.1091782924107143,1542.38330078125,842.38330078125,1.2034047154017857,1095.23193359375,395.23193359375,0.5646170479910714,1098.9959716796875,398.9959716796875,0.5699942452566964,1423.600341796875,723.600341796875,1.0337147739955357,1084.5572509765625,384.5572509765625,0.5493675013950893
China,1,55,2400.0,34972.21875,32572.21875,13.5717578125,35634.96875,33234.96875,13.847903645833334,36891.26171875,34491.26171875,14.371359049479167,36815.96875,34415.96875,14.339986979166667,36728.38671875,34328.38671875,14.303494466145834,36844.7578125,34444.7578125,14.351982421875,36892.28125,34492.28125,14.371783854166667
China,1,63,950.0,1723.8311767578125,773.8311767578125,0.8145591334292763,727.547119140625,222.452880859375,0.23416092722039475,3488.4482421875,2538.4482421875,2.67205078125,2354.63427734375,1404.63427734375,1.4785623972039474,2075.470703125,1125.470703125,1.1847060032894736,1750.9345703125,800.9345703125,0.8430890213815789,1712.391357421875,762.391357421875,0.8025172183388158
China,1,68,1223.0,1339.877685546875,116.877685546875,0.0955663822950736,1199.6082763671875,23.3917236328125,0.019126511555856502,1596.816162109375,373.816162109375,0.30565507940259606,1598.9736328125,375.9736328125,0.30741916010834014,1931.8885498046875,708.8885498046875,0.5796308665614779,1356.54150390625,133.54150390625,0.10919174481295993,1959.626953125,736.626953125,0.6023114906991006
China,1,72,286.0,1899.22998046875,1613.22998046875,5.640664267373252,2543.597900390625,2257.597900390625,7.8936989524147725,2519.091552734375,2233.091552734375,7.808012422148164,2393.197998046875,2107.197998046875,7.367825167996067,1649.42724609375,1363.42724609375,4.76722813319493,1988.0103759765625,1702.0103759765625,5.951085230687282,1816.517578125,1530.517578125,5.351460063374126
China,1,73,305.0,1077.37060546875,772.37060546875,2.5323626408811477,1578.086181640625,1273.086181640625,4.174053054559426,969.6285400390625,664.6285400390625,2.1791099673411884,1096.138671875,791.138671875,2.5938972848360655,1013.9818115234375,708.9818115234375,2.324530529585041,981.2734375,676.2734375,2.2172899590163935,988.3951416015625,683.3951416015625,2.2406398085297132
China,1,76,440.0,225.94073486328125,214.05926513671875,0.48649832985617897,295.74346923828125,144.25653076171875,0.327855751731179,345.598388671875,94.401611328125,0.21454911665482954,347.4293518066406,92.57064819335938,0.21038783680308948,332.92218017578125,107.07781982421875,0.24335868141867897,342.8343505859375,97.1656494140625,0.2208310213955966,342.4416198730469,97.55838012695312,0.22172359119762075
China,1,77,1362.0,534.8038940429688,827.1961059570312,0.6073392848436353,488.8904113769531,873.1095886230469,0.641049624539682,612.3160400390625,749.6839599609375,0.5504287518068557,613.7705078125,748.2294921875,0.549360860636931,1112.233642578125,249.766357421875,0.1833820539073972,549.7508544921875,812.2491455078125,0.5963650113860591,615.2254028320312,746.7745971679688,0.5482926557767759
China,1,79,225.0,1402.864013671875,1177.864013671875,5.234951171875,1218.142822265625,993.142822265625,4.413968098958334,1622.3424072265625,1397.3424072265625,6.210410698784722,1632.530517578125,1407.530517578125,6.255691189236111,2158.501953125,1933.501953125,8.593342013888888,1650.3294677734375,1425.3294677734375,6.334797634548611,1154.793212890625,929.793212890625,4.132414279513889
China,1,84,2362.0,1394.9810791015625,967.0189208984375,0.409406825105181,1558.056884765625,803.943115234375,0.3403654171187024,2411.23095703125,49.23095703125,0.020842911528895003,2388.466064453125,26.466064453125,0.011204938379815834,2556.290771484375,194.290771484375,0.08225688885875318,2401.2470703125,39.2470703125,0.016616033155165116,2379.033447265625,17.033447265625,0.007211451001534717
China,1,93,3189.0,13735.3232421875,10546.3232421875,3.307094149321888,7179.94921875,3990.94921875,1.2514735712605833,11430.388671875,8241.388671875,2.5843175515443715,11212.7294921875,8023.7294921875,2.516064437813578,5981.7236328125,2792.7236328125,0.8757364794018501,11081.78125,7892.78125,2.4750019598620256,11239.9560546875,8050.9560546875,2.524602086763092
China,1,101,729.0,1210.213134765625,481.213134765625,0.6601003220378944,723.6231689453125,5.3768310546875,0.007375625589420439,1193.88330078125,464.88330078125,0.6377000010716736,1188.070068359375,459.070068359375,0.6297257453489369,1114.935791015625,385.935791015625,0.5294043772505144,1206.5548095703125,477.5548095703125,0.6550820433063271,1196.761962890625,467.761962890625,0.641648783114712
China,1,104,2856.0,2375.35546875,480.64453125,0.16829290309873948,2480.888671875,375.111328125,0.13134150144432774,2008.22900390625,847.77099609375,0.2968385840664391,2007.3714599609375,848.6285400390625,0.2971388445514925,1986.73876953125,869.26123046875,0.3043631759344363,2008.337158203125,847.662841796875,0.2968007149148722,2005.0855712890625,850.9144287109375,0.2979392257391238
China,1,137,6138.0,1396.4530029296875,4741.5469970703125,0.7724905501906667,2783.17919921875,3354.82080078125,0.5465657870285516,1883.426025390625,4254.573974609375,0.6931531402100644,1882.431640625,4255.568359375,0.6933151448965461,1106.867919921875,5031.132080078125,0.8196696122642758,1904.68408203125,4233.31591796875,0.6896897878736966,1887.5306396484375,4250.4693603515625,0.692484418434598
China,1,140,2445.0,850.7198486328125,1594.2801513671875,0.6520573216225716,793.8750610351562,1651.1249389648438,0.6753067235030036,973.9129638671875,1471.0870361328125,0.6016715894203732,976.3408203125,1468.6591796875,0.600678601099182,1258.947998046875,1186.052001953125,0.48509284333461145,964.3475341796875,1480.6524658203125,0.6055838306013548,973.1724853515625,1471.8275146484375,0.6019744436189929
China,1,155,140.0,349.46209716796875,209.46209716796875,1.4961578369140625,538.6319580078125,398.6319580078125,2.8473711286272323,1331.937255859375,1191.937255859375,8.513837541852679,1346.5615234375,1206.5615234375,8.618296595982143,339.81695556640625,199.81695556640625,1.4272639683314732,348.03094482421875,208.03094482421875,1.485935320172991,349.8528747558594,209.85287475585938,1.4989491053989956
China,1,173,8227.0,2061.305419921875,6165.694580078125,0.7494462841957122,1344.562255859375,6882.437744140625,0.8365671258223685,2530.88037109375,5696.11962890625,0.6923689837007718,2148.853271484375,6078.146728515625,0.7388047561098365,6076.6865234375,2150.3134765625,0.261372733263948,2152.009033203125,6074.990966796875,0.7384211701466968,2123.47119140625,6103.52880859375,0.741889973087851
China,1,175,4164.0,9655.890625,5491.890625,1.3188978446205573,6994.64453125,2830.64453125,0.6797897529418828,10662.056640625,6498.056640625,1.5605323344440443,14076.892578125,9912.892578125,2.3806178141510568,9527.01171875,5363.01171875,1.2879470986431316,16820.671875,12656.671875,3.039546559798271,15286.462890625,11122.462890625,2.671100598132805
China,1,182,893.0,1730.9649658203125,837.9649658203125,0.9383706224191629,1384.3328857421875,491.3328857421875,0.5502047992633678,1443.6927490234375,550.6927490234375,0.6166772105525616,2014.6890869140625,1121.6890869140625,1.2560908028152995,1749.1962890625,856.1962890625,0.9587864379199328,1808.28173828125,915.28173828125,1.0249515546262598,2407.169921875,1514.169921875,1.695599016657335
China,1,192,3287.0,788.4537353515625,2498.5462646484375,0.7601296819739695,1589.340576171875,1697.659423828125,0.5164768554390402,3754.26220703125,467.26220703125,0.14215461120512626,3779.519287109375,492.519287109375,0.14983854186473228,3963.27197265625,676.27197265625,0.20574139721820808,3755.38427734375,468.38427734375,0.14249597728742014,3737.848876953125,450.848876953125,0.13716120381902192
China,1,195,2014.0,2071.65576171875,57.65576171875,0.02862748844029295,2094.956298828125,80.956298828125,0.040196772009992554,1782.82861328125,231.17138671875,0.11478221783453327,1853.82275390625,160.17724609375,0.07953189974863456,2201.94580078125,187.94580078125,0.09331966275136544,2555.654052734375,541.654052734375,0.2689444154589747,1606.001220703125,407.998779296875,0.20258132040559831
China,1,209,1238.0,3034.97705078125,1796.97705078125,1.4515161961076333,3190.3271484375,1952.3271484375,1.5770009276554928,2183.323974609375,945.323974609375,0.763589640233744,2176.875732421875,938.875732421875,0.7583810439595113,2198.240234375,960.240234375,0.7756383153271406,2144.1103515625,906.1103515625,0.7319146620052503,2177.89697265625,939.89697265625,0.7592059552958401
China,1,231,198.0,1958.5250244140625,1760.5250244140625,8.89154052734375,1890.4453125,1692.4453125,8.547703598484848,1572.513427734375,1374.513427734375,6.94198700875947,1598.91943359375,1400.91943359375,7.075350674715909,1792.989501953125,1594.989501953125,8.055502535116792,1614.76806640625,1416.76806640625,7.155394274779041,1625.385986328125,1427.385986328125,7.209020132970328
China,1,237,13130.0,20553.201171875,7423.201171875,0.565361856197639,17311.396484375,4181.396484375,0.31846127070639757,7748.40234375,5381.59765625,0.4098703470106626,7800.4228515625,5329.5771484375,0.4059083890660701,5462.974609375,7667.025390625,0.5839318652418126,7811.927734375,5318.072265625,0.4050321603674791,6805.31982421875,6324.68017578125,0.48169689076780275
China,1,261,2306.0,1664.06103515625,641.93896484375,0.27837769507534693,2455.605224609375,149.605224609375,0.06487650676902645,1630.639892578125,675.360107421875,0.29287081848303337,956.1717529296875,1349.8282470703125,0.5853548339420263,3684.995849609375,1378.995849609375,0.5980034039936578,1644.49658203125,661.50341796875,0.28686184647387253,954.89208984375,1351.10791015625,0.5859097615595187
China,1,266,780.0,9201.111328125,8421.111328125,10.79629657451923,6986.27099609375,6206.27099609375,7.95675768729968,6286.48046875,5506.48046875,7.059590344551282,6281.30078125,5501.30078125,7.0529497195512825,7286.1005859375,6506.1005859375,8.34115459735577,2462.87841796875,1682.87841796875,2.157536433293269,5263.7421875,4483.7421875,5.748387419871795
China,1,287,114.0,524.57861328125,410.57861328125,3.6015667831688596,315.7664794921875,201.7664794921875,1.7698813990542763,594.32275390625,480.32275390625,4.213357490405702,599.86328125,485.86328125,4.26195860745614,587.1370849609375,473.1370849609375,4.15032530667489,596.21875,482.21875,4.229989035087719,564.4254150390625,450.4254150390625,3.951100131921601
China,1,289,4723.0,2902.139404296875,1820.860595703125,0.38553050935912025,3352.580322265625,1370.419677734375,0.2901587291413032,1270.2899169921875,3452.7100830078125,0.7310417283522788,1264.980224609375,3458.019775390625,0.7321659486323576,1287.8299560546875,3435.1700439453125,0.7273279788154378,2756.256591796875,1966.743408203125,0.41641825284842793,1286.2176513671875,3436.7823486328125,0.7276693518172375
China,1,316,2553.0,2774.63623046875,221.63623046875,0.08681403465285938,3447.4287109375,894.4287109375,0.350344187597924,2165.9599609375,387.0400390625,0.15160205212005484,2173.307373046875,379.692626953125,0.14872409986413043,3517.2529296875,964.2529296875,0.3776940578486095,2172.4404296875,380.5595703125,0.14906367814825694,3665.64306640625,1112.64306640625,0.4358178873506659
China,1,322,3201.0,1874.2823486328125,1326.7176513671875,0.4144697442571657,1807.039306640625,1393.960693359375,0.4354766302278585,1894.259521484375,1306.740478515625,0.40822882802737426,1926.24267578125,1274.75732421875,0.39823721468876916,3190.8447265625,10.1552734375,0.0031725315331146515,1931.1846923828125,1269.8153076171875,0.3966933169688183,1948.360595703125,1252.639404296875,0.3913275239915261
China,1,332,2450.0,1310.0059814453125,1139.9940185546875,0.46530368104272957,2128.430419921875,321.569580078125,0.1312528898278061,1276.7662353515625,1173.2337646484375,0.478870924346301,920.2706298828125,1529.7293701171875,0.6243793347417091,3636.486083984375,1186.486083984375,0.48428003427933675,1288.6710205078125,1161.3289794921875,0.47401182836415817,5169.029296875,2719.029296875,1.1098078762755101
China,1,333,3500.0,5270.33544921875,1770.33544921875,0.5058101283482143,4872.14794921875,1372.14794921875,0.3920422712053571,3129.57421875,370.42578125,0.1058359375,3128.69580078125,371.30419921875,0.1060869140625,5067.0283203125,1567.0283203125,0.44772237723214287,5929.3916015625,2429.3916015625,0.6941118861607143,5954.7958984375,2454.7958984375,0.7013702566964286
China,1,352,10222.0,11970.390625,1748.390625,0.17104193161807865,10508.64453125,286.64453125,0.028041922446683624,20713.033203125,10491.033203125,1.026319037676091,11974.6826171875,1752.6826171875,0.1714618095468108,8838.666015625,1383.333984375,0.1353290925821757,17855.640625,7633.640625,0.7467854260418705,11926.697265625,1704.697265625,0.166767488321757
China,1,355,1708.0,5025.251953125,3317.251953125,1.9421849842652226,4896.05615234375,3188.05615234375,1.866543414721165,4378.0986328125,2670.0986328125,1.5632895976653982,5182.29638671875,3474.29638671875,2.0341313739571136,5135.49658203125,3427.49658203125,2.0067310199246196,5239.404296875,3531.404296875,2.067566918545082,5167.28515625,3459.28515625,2.0253425973360657
China,1,370,89.0,916.1878051757812,827.1878051757812,9.29424500197507,1088.9228515625,999.9228515625,11.235088219803371,1123.1484375,1034.1484375,11.61964536516854,949.4949951171875,860.4949951171875,9.668483091204354,943.082763671875,854.082763671875,9.596435546875,949.929931640625,860.929931640625,9.673370018433989,951.3215942382812,862.3215942382812,9.689006676834621
China,1,407,9296.0,6549.3154296875,2746.6845703125,0.2954695105757853,8588.4453125,707.5546875,0.07611388634896729,5499.51513671875,3796.48486328125,0.4083998346903238,5515.8427734375,3780.1572265625,0.4066434193806476,6351.2041015625,2944.7958984375,0.3167809701417276,5512.2841796875,3783.7158203125,0.4070262285189867,5543.287109375,3752.712890625,0.40369114572127796
China,1,425,1417.0,3091.954345703125,1674.954345703125,1.1820425869464537,1519.8634033203125,102.8634033203125,0.07259238060713656,3384.376953125,1967.376953125,1.3884099880910374,3561.64404296875,2144.64404296875,1.513510263210127,3067.3125,1650.3125,1.1646524347212421,3356.072509765625,1939.072509765625,1.3684350809919725,4130.4912109375,2713.4912109375,1.9149549830187014
China,1,438,7505.0,9001.296875,1496.296875,0.1993733344437042,4631.3359375,2873.6640625,0.38289994170552966,8958.15625,1453.15625,0.1936250832778148,9099.94140625,1594.94140625,0.21251717604930045,5200.0419921875,2304.9580078125,0.3071229857178548,8934.77734375,1429.77734375,0.1905099725183211,8928.048828125,1423.048828125,0.189613434793471
China,1,439,300.0,2261.548095703125,1961.548095703125,6.53849365234375,295.1203308105469,4.879669189453125,0.01626556396484375,2066.54443359375,1766.54443359375,5.8884814453125,2085.642578125,1785.642578125,5.952141927083333,2344.78564453125,2044.78564453125,6.8159521484375,2283.096923828125,1983.096923828125,6.610323079427084,2121.45703125,1821.45703125,6.0715234375
China,1,442,601.0,927.731201171875,326.731201171875,0.5436459254107737,1128.3177490234375,527.3177490234375,0.8774005807378328,746.6470947265625,145.6470947265625,0.24234125578462978,999.8361206054688,398.83612060546875,0.6636208329541909,1242.592041015625,641.592041015625,1.0675408336366472,744.7564086914062,143.75640869140625,0.23919535555974417,938.009765625,337.009765625,0.5607483621048253
China,1,454,3800.0,8551.70703125,4751.70703125,1.25044921875,4354.96484375,554.96484375,0.14604337993421052,3389.229736328125,410.770263671875,0.10809743780838815,4149.46923828125,349.46923828125,0.09196558902138158,8751.3173828125,4951.3173828125,1.3029782586348684,4296.9326171875,496.9326171875,0.1307717413651316,4331.37158203125,531.37158203125,0.13983462685032894
China,1,460,300.0,2768.11328125,2468.11328125,8.227044270833334,2462.54296875,2162.54296875,7.2084765625,1412.3990478515625,1112.3990478515625,3.707996826171875,2219.95654296875,1919.95654296875,6.399855143229167,3316.501953125,3016.501953125,10.055006510416666,2231.234619140625,1931.234619140625,6.43744873046875,2232.052001953125,1932.052001953125,6.44017333984375
China,1,482,2835.0,1278.830810546875,1556.169189453125,0.5489132943397266,1357.5350341796875,1477.4649658203125,0.5211516634286817,1255.4078369140625,1579.5921630859375,0.5571753661678792,1260.628662109375,1574.371337890625,0.555333805252425,1261.4947509765625,1573.5052490234375,0.5550283065338404,1273.860107421875,1561.139892578125,0.5506666287753528,1261.5762939453125,1573.4237060546875,0.5549995435819004
China,1,489,601.0,3754.3994140625,3153.3994140625,5.246920822067388,2979.74072265625,2378.74072265625,3.95797125233985,3130.09912109375,2529.09912109375,4.208151615796589,3140.4248046875,2539.4248046875,4.225332453722961,3846.61669921875,3245.61669921875,5.400360564423877,2569.84228515625,1968.84228515625,3.2759439020902663,2556.9580078125,1955.9580078125,3.254505836626456
China,1,493,1786.0,1563.456298828125,222.543701171875,0.12460453593050112,1557.594482421875,228.405517578125,0.1278866279832727,1886.9603271484375,100.9603271484375,0.05652873860494821,2019.957275390625,233.957275390625,0.13099511500034994,1975.9324951171875,189.9324951171875,0.10634518203649916,1934.102783203125,148.102783203125,0.08292429070723684,1950.705810546875,164.705810546875,0.09222049862646976
China,2,15,911.0,477.83062744140625,433.16937255859375,0.47548778546497666,484.1737976074219,426.8262023925781,0.4685249202992076,471.917236328125,439.082763671875,0.4819788843818606,1489.6107177734375,578.6107177734375,0.6351379997513035,469.8489685058594,441.1510314941406,0.48424921129982507,465.1802673339844,445.8197326660156,0.48937402048958906,468.1988525390625,442.8011474609375,0.4860605350833562
China,2,18,3532.0,4806.72802734375,1274.72802734375,0.36090827501238676,3365.11279296875,166.88720703125,0.047250058615869193,2928.2861328125,603.7138671875,0.17092691596475085,3278.3994140625,253.6005859375,0.07180084539566818,2923.32666015625,608.67333984375,0.17233107017093716,6616.86376953125,3084.86376953125,0.8734042382591308,2925.72412109375,606.27587890625,0.1716522873460504
China,2,19,436.0,1126.6817626953125,690.6817626953125,1.5841324832461297,1193.871826171875,757.871826171875,1.7382381334217316,959.302490234375,523.302490234375,1.2002350693448969,1637.205078125,1201.205078125,2.7550575186353212,940.1214599609375,504.1214599609375,1.156241880644352,1663.5927734375,1227.5927734375,2.8155797555905964,968.0714111328125,532.0714111328125,1.2203472732403957
China,2,39,1262.0,675.8355712890625,586.1644287109375,0.4644726059516145,1645.2734375,383.2734375,0.30370319928684625,440.1724853515625,821.8275146484375,0.6512103919559726,307.4326477050781,954.5673522949219,0.7563925137043755,424.2781982421875,837.7218017578125,0.6638049142296454,351.3277893066406,910.6722106933594,0.7216103095826937,442.7704162597656,819.2295837402344,0.6491518096198371
China,2,69,976.0,199.00672912597656,776.9932708740234,0.7960996627807617,269.4776611328125,706.5223388671875,0.7238958390032659,419.1821594238281,556.8178405761719,0.5705100825575532,385.45794677734375,590.5420532226562,0.605063579121574,413.59295654296875,562.4070434570312,0.5762367248535156,271.1234130859375,704.8765869140625,0.7222096177398182,416.6859130859375,559.3140869140625,0.5730677120021133
China,2,70,387.0,1135.6795654296875,748.6795654296875,1.9345725204901485,557.0287475585938,170.02874755859375,0.43935076888525515,1134.9844970703125,747.9844970703125,1.9327764782178618,722.7437744140625,335.7437744140625,0.8675549726461563,1130.8748779296875,743.8748779296875,1.922157307311854,675.128173828125,288.128173828125,0.7445172450339147,1131.166015625,744.166015625,1.9229096010981912
China,2,75,4266.0,14173.125,9907.125,2.322345288326301,5136.3876953125,870.3876953125,0.20402899561943272,12226.505859375,7960.505859375,1.8660351287798875,3390.25439453125,875.74560546875,0.20528495205549696,12146.68359375,7880.68359375,1.8473238616385372,3184.12548828125,1081.87451171875,0.25360396430350446,12540.15625,8274.15625,1.939558427097984
China,2,78,2533.0,597.0861206054688,1935.9138793945312,0.764277094115488,847.8698120117188,1685.1301879882812,0.6652705045354447,597.913818359375,1935.086181640625,0.7639503283223944,1653.100830078125,879.899169921875,0.3473743268542736,592.6651611328125,1940.3348388671875,0.7660224393474881,1069.3126220703125,1463.6873779296875,0.5778473659414479,602.2559204101562,1930.7440795898438,0.762236115116401
China,2,82,2054.0,1496.1207275390625,557.8792724609375,0.27160626702090435,1660.718505859375,393.281494140625,0.191471029279759,1320.37841796875,733.62158203125,0.35716727460138753,1526.497314453125,527.502685546875,0.25681727631298684,1315.623046875,738.376953125,0.35948245040165533,2469.1689453125,415.1689453125,0.20212704250851996,589.30419921875,1464.69580078125,0.7130943528633155
China,2,86,8706.0,3796.10302734375,4909.89697265625,0.5639670310884735,3432.91552734375,5273.08447265625,0.605683950454428,8115.357421875,590.642578125,0.06784316312026188,6638.53955078125,2067.46044921875,0.23747535598653227,3966.255859375,4739.744140625,0.5444227131432345,5513.08154296875,3192.91845703125,0.36674919102127845,8164.3896484375,541.6103515625,0.062211159150298644
China,2,90,136.0,318.44525146484375,182.44525146484375,1.3415092019473804,315.2832946777344,179.28329467773438,1.3182595196892233,386.8064880371094,250.80648803710938,1.8441653532140396,272.806884765625,136.806884765625,1.0059329762178308,388.4018249511719,252.40182495117188,1.8558957716997933,274.08648681640625,138.08648681640625,1.0153418148265165,388.10955810546875,252.10955810546875,1.8537467507755054
China,2,117,1080.0,5180.55224609375,4100.55224609375,3.796807635271991,5091.298828125,4011.298828125,3.7141655815972223,5300.9599609375,4220.9599609375,3.908296260127315,5203.97607421875,4123.97607421875,3.818496365017361,5329.82763671875,4249.82763671875,3.935025589554398,1116.0155029296875,36.0155029296875,0.033347687897858795,5310.08837890625,4230.08837890625,3.9167484989872685
China,2,124,448.0,499.28826904296875,51.28826904296875,0.11448274339948382,574.8509521484375,126.8509521484375,0.2831494467599051,727.9613647460938,279.96136474609375,0.6249137605939593,502.72967529296875,54.72967529296875,0.1221644537789481,717.6304321289062,269.63043212890625,0.60185364314488,678.3133544921875,230.3133544921875,0.5140923091343471,728.7535400390625,280.7535400390625,0.6266820090157645
China,2,126,211.0,768.1273193359375,557.1273193359375,2.6404138357153437,458.4910888671875,247.4910888671875,1.17294354913359,799.2049560546875,588.2049560546875,2.7877012135293247,751.8875732421875,540.8875732421875,2.5634482144179502,1994.2276611328125,1783.2276611328125,8.451315929539396,776.7062377929688,565.7062377929688,2.681072217028288,799.5489501953125,588.5489501953125,2.7893315175133293
China,2,131,683.0,2586.4755859375,1903.4755859375,2.7869335079612005,2545.46240234375,1862.46240234375,2.7268849229044654,2579.98681640625,1896.98681640625,2.7774331133327235,2913.716796875,2230.716796875,3.266056803623719,2539.5546875,1856.5546875,2.718235267203514,1262.1591796875,579.1591796875,0.8479636598645681,2582.355712890625,1899.355712890625,2.780901483002379
China,2,132,2521.0,1205.239501953125,1315.760498046875,0.5219200706254958,780.9135131835938,1740.0864868164062,0.6902366072258652,1214.1845703125,1306.8154296875,0.5183718483488695,834.033935546875,1686.966064453125,0.66916543611786,1224.3388671875,1296.6611328125,0.5143439638288377,583.0609741210938,1937.9390258789062,0.7687183759932195,890.47705078125,1630.52294921875,0.6467762591109679
China,2,153,2741.0,2508.7421875,232.2578125,0.08473469992703393,3978.99267578125,1237.99267578125,0.45165730601286025,2852.0380859375,111.0380859375,0.040510064187340385,3443.4921875,702.4921875,0.25629047336738414,2852.0615234375,111.0615234375,0.040518614898759575,3503.27880859375,762.27880859375,0.2781024474986319,2934.7509765625,193.7509765625,0.0706862373449471
China,2,203,3133.0,4900.3671875,1767.3671875,0.5641133697733801,5204.17724609375,2071.17724609375,0.6610843428323492,7931.3193359375,4798.3193359375,1.5315414414099904,7657.9052734375,4524.9052734375,1.4442723502832748,7818.15234375,4685.15234375,1.4954204735876158,7004.4580078125,3871.4580078125,1.2357031624042452,7797.7509765625,4664.7509765625,1.488908706212097
China,2,218,140.0,396.2915344238281,256.2915344238281,1.830653817313058,235.8747100830078,95.87471008300781,0.6848193577357701,235.58218383789062,95.58218383789062,0.6827298845563616,377.58782958984375,237.58782958984375,1.697055925641741,235.75161743164062,95.75161743164062,0.6839401245117187,306.9581298828125,166.9581298828125,1.1925580705915177,233.3037109375,93.3037109375,0.666455078125
China,2,245,1668.0,1913.08740234375,245.08740234375,0.14693489349145683,981.4537353515625,686.5462646484375,0.41159848000505844,1119.100341796875,548.899658203125,0.32907653369491907,2033.4483642578125,365.4483642578125,0.21909374355983963,1116.276123046875,551.723876953125,0.33076971040355213,391.248291015625,1276.751708984375,0.7654386744510642,1139.9244384765625,528.0755615234375,0.31659206326345174
China,2,247,5103.0,5298.724609375,195.724609375,0.03835481273270625,7946.16015625,2843.16015625,0.5571546455516363,2709.8681640625,2393.1318359375,0.46896567429698216,5754.17529296875,651.17529296875,0.12760636742479914,2773.889892578125,2329.110107421875,0.45641977413714974,4100.716796875,1002.283203125,0.19641058262296687,1445.7706298828125,3657.2293701171875,0.7166822202855551
China,2,248,2836.0,1308.6322021484375,1527.3677978515625,0.5385641036147963,1021.1805419921875,1814.8194580078125,0.6399222348405544,2510.427734375,325.572265625,0.11479981157440057,2141.359375,694.640625,0.24493675070521861,2551.00537109375,284.99462890625,0.1004917591347849,2272.2685546875,563.7314453125,0.19877695532880818,2598.22412109375,237.77587890625,0.08384198833083568
China,2,265,3566.0,6330.0126953125,2764.0126953125,0.7751017092856142,3910.0751953125,344.0751953125,0.09648771601584408,6255.85498046875,2689.85498046875,0.7543059395593803,3929.957763671875,363.957763671875,0.10206331005941531,6181.74609375,2615.74609375,0.733523862521032,4080.907470703125,514.907470703125,0.14439357002331044,2585.97705078125,980.02294921875,0.2748241585021733
China,2,268,49034.0,29577.9375,19456.0625,0.3967871782844557,25308.90234375,23725.09765625,0.48384993384692254,26554.40625,22479.59375,0.45844911184076353,22061.01953125,26972.98046875,0.5500872959324142,27886.43359375,21147.56640625,0.4312837297844353,21950.048828125,27083.951171875,0.5523504338188808,27804.55078125,21229.44921875,0.4329536488711914
China,2,271,591.0,2385.6767578125,1794.6767578125,3.0366781012055837,2493.5478515625,1902.5478515625,3.2192011024746194,2287.6640625,1696.6640625,2.8708359771573604,6792.0400390625,6201.0400390625,10.492453534792725,2228.9716796875,1637.9716796875,2.771525684750423,6036.68115234375,5445.68115234375,9.21435051157995,2225.85595703125,1634.85595703125,2.766253734401438
China,2,278,7443.0,6223.7919921875,1219.2080078125,0.1638059932570872,4858.501953125,2584.498046875,0.3472387541146043,4827.09375,2615.90625,0.3514585852478839,6167.56103515625,1275.43896484375,0.17136087126746608,4702.4072265625,2740.5927734375,0.3682107716562542,3536.480224609375,3906.519775390625,0.5248582259022739,4813.85791015625,2629.14208984375,0.3532368789256684
China,2,302,2515.0,1362.404052734375,1152.595947265625,0.4582886470241054,1744.7569580078125,770.2430419921875,0.3062596588438121,680.7485961914062,1834.2514038085938,0.7293246138403952,2266.0078125,248.9921875,0.09900285785288271,1155.117919921875,1359.882080078125,0.5407085805479622,2153.43896484375,361.56103515625,0.14376184300447317,676.1116943359375,1838.8883056640625,0.7311683123912773
China,2,320,2088.0,6138.326171875,4050.326171875,1.9398113849976053,4729.154296875,2641.154296875,1.2649206402658046,6531.56787109375,4443.56787109375,2.128145532133022,1679.9610595703125,408.0389404296875,0.1954209484816511,6637.62109375,4549.62109375,2.1789373054358236,1624.730712890625,463.269287109375,0.22187226394127155,6440.052734375,4352.052734375,2.0843164436661876
China,2,321,4695.0,1032.8421630859375,3662.1578369140625,0.7800123188315362,1154.0426025390625,3540.9573974609375,0.7541975287456736,1133.052734375,3561.947265625,0.7586682141906284,1374.719482421875,3320.280517578125,0.707194998419196,5651.78125,956.78125,0.20378727369542066,1136.1348876953125,3558.8651123046875,0.7580117385100505,1222.3616943359375,3472.6383056640625,0.739646071493943
China,2,331,1434.0,2239.209228515625,805.209228515625,0.5615127116566423,1442.8450927734375,8.8450927734375,0.006168126062369247,3414.73876953125,1980.73876953125,1.381268319059449,2211.09521484375,777.09521484375,0.5419074022620293,3405.63720703125,1971.63720703125,1.3749213438153767,2286.0947265625,852.0947265625,0.5942083169891911,3422.84521484375,1988.84521484375,1.386921349263424
China,2,342,691.0,322.3111572265625,368.6888427734375,0.5335583831742945,361.6910705566406,329.3089294433594,0.4765686388471192,430.27093505859375,260.72906494140625,0.37732136749841716,452.21197509765625,238.78802490234375,0.34556877699326155,421.6826171875,269.3173828125,0.3897501922033285,348.4083251953125,342.5916748046875,0.49579113575208034,318.03466796875,372.96533203125,0.5397472243578147
China,2,346,1121.0,1371.96435546875,250.96435546875,0.2238754286072703,354.87030029296875,766.1296997070312,0.6834341656619369,1288.3055419921875,167.3055419921875,0.14924669223210305,423.9140930175781,697.0859069824219,0.6218429143464959,535.959228515625,585.040771484375,0.5218918568103256,522.7060546875,598.2939453125,0.5337144918041927,530.1845703125,590.8154296875,0.5270432022190009
China,2,351,1213.0,1021.1012573242188,191.89874267578125,0.15820176642686007,2210.08203125,997.08203125,0.8219967281533388,949.7425537109375,263.2574462890625,0.21703004640483306,2302.15234375,1089.15234375,0.8978997063066777,955.6357421875,257.3642578125,0.21217168822135202,1816.2894287109375,603.2894287109375,0.4973531976182502,950.7890625,262.2109375,0.216167302143446
China,2,361,4301.0,7216.89794921875,2915.89794921875,0.6779581374607649,8738.951171875,4437.951171875,1.0318417046907695,12190.9013671875,7889.9013671875,1.834434170469077,6432.9638671875,2131.9638671875,0.49569027370088353,8574.47265625,4273.47265625,0.993599780574285,7666.26904296875,3365.26904296875,0.7824387451682748,12161.3291015625,7860.3291015625,1.827558498387003
China,2,384,736.0,1914.611083984375,1178.611083984375,1.601373755413553,2994.8359375,2258.8359375,3.0690705672554346,1796.900390625,1060.900390625,1.4414407481317935,3475.346435546875,2739.346435546875,3.7219380917756455,2482.2578125,1746.2578125,2.372632897418478,3027.560546875,2291.560546875,3.113533351732337,1747.62646484375,1011.62646484375,1.374492479407269
China,2,390,1210.0,9830.361328125,8620.361328125,7.1242655604338845,9749.220703125,8539.220703125,7.057207192665289,11905.99609375,10695.99609375,8.839666193181818,9245.166015625,8035.166015625,6.640633070764463,11937.1376953125,10727.1376953125,8.865403053977273,9934.6923828125,8724.6923828125,7.210489572572314,11848.283203125,10638.283203125,8.791969589359503
China,2,408,329.0,636.7868041992188,307.78680419921875,0.9355222012134309,455.94512939453125,126.94512939453125,0.3858514571262348,340.0087890625,11.0087890625,0.03346136493161094,820.9755859375,491.9755859375,1.495366522606383,339.35394287109375,10.35394287109375,0.031470950975968845,893.8267822265625,564.8267822265625,1.7167987301719225,333.95526123046875,4.95526123046875,0.015061584287139058
China,2,420,560.0,2371.360107421875,1811.360107421875,3.2345716203962054,2196.341552734375,1636.341552734375,2.9220384870256697,2808.646484375,2248.646484375,4.015440150669643,3719.3671875,3159.3671875,5.641727120535714,3256.856201171875,2696.856201171875,4.815814644949777,2460.31005859375,1900.31005859375,3.3934108189174106,2255.31201171875,1695.31201171875,3.0273428780691964
China,2,430,992.0,316.34228515625,675.65771484375,0.6811065673828125,279.7786865234375,712.2213134765625,0.7179650337465348,309.6033935546875,682.3966064453125,0.6878998048843876,316.2653503417969,675.7346496582031,0.6811841226393177,303.02301025390625,688.9769897460938,0.6945332557924332,410.37030029296875,581.6296997070312,0.5863202618014428,308.0036926269531,683.9963073730469,0.6895124066260553
China,2,432,3431.0,4302.26513671875,871.26513671875,0.2539391246629991,2805.150146484375,625.849853515625,0.1824103332893107,3175.3154296875,255.6845703125,0.07452188000947246,4339.18212890625,908.18212890625,0.26469895916824543,4492.0400390625,1061.0400390625,0.30925095863086566,4047.95654296875,616.95654296875,0.1798182870792043,3146.610107421875,284.389892578125,0.08288833942819149
China,2,437,1930.0,1370.6517333984375,559.3482666015625,0.2898177547158355,1610.1373291015625,319.8626708984375,0.16573195383338732,1046.388671875,883.611328125,0.45782970369170983,2854.817626953125,924.817626953125,0.47918011759229273,1348.6302490234375,581.3697509765625,0.30122785024692356,1690.869384765625,239.130615234375,0.12390187317843264,1618.566650390625,311.433349609375,0.1613644298494171
China,2,449,1823.0,3519.3896484375,1696.3896484375,0.9305483535038398,3756.286376953125,1933.286376953125,1.0604971897713247,2624.657470703125,801.657470703125,0.43974628124142895,4176.349609375,2353.349609375,1.2909213435957214,1923.2215576171875,100.2215576171875,0.05497616983937877,2610.1640625,787.1640625,0.431795975041141,2621.6103515625,798.6103515625,0.4380747951522216
China,2,450,3612.0,2773.05419921875,838.94580078125,0.23226627928606036,2037.293701171875,1574.706298828125,0.4359651990111088,2184.6689453125,1427.3310546875,0.39516363640296237,3703.12939453125,91.12939453125,0.025229621963247507,1880.14208984375,1731.85791015625,0.47947339705322534,7765.0361328125,4153.0361328125,1.1497885196047897,2161.340576171875,1450.659423828125,0.40162221036216084
China,2,463,5196.0,1187.3248291015625,4008.6751708984375,0.7714925271167123,2322.508056640625,2873.491943359375,0.5530200044956457,1384.5894775390625,3811.4105224609375,0.7335278141764698,2257.3427734375,2938.6572265625,0.5655614369827752,1377.885498046875,3818.114501953125,0.7348180334782766,2755.12353515625,2440.87646484375,0.4697606745272806,1353.715576171875,3842.284423828125,0.7394696735619948
China,2,469,12551.0,6135.3134765625,6415.6865234375,0.5111693509232332,6677.486328125,5873.513671875,0.4679717689327544,4176.56591796875,8374.43408203125,0.6672324182958529,4917.9990234375,7633.0009765625,0.6081587902607362,2864.7236328125,9686.2763671875,0.7717533556838101,6159.17529296875,6391.82470703125,0.5092681624596646,4683.7646484375,7867.2353515625,0.6268213968259502
China,2,477,2385.0,1563.767822265625,821.232177734375,0.34433214999344863,1789.3558349609375,595.6441650390625,0.24974598114845387,1780.259033203125,604.740966796875,0.253560153793239,1628.716552734375,756.283447265625,0.31709997788915095,1813.8458251953125,571.1541748046875,0.23947764142754194,531.7916259765625,1853.2083740234375,0.7770265719175838,1752.8797607421875,632.1202392578125,0.2650399326028564
China,2,484,1017.0,2267.384521484375,1250.384521484375,1.2294833052943708,2171.200439453125,1154.200439453125,1.1349070201112341,3075.664794921875,2058.664794921875,2.0242525023813913,2245.29052734375,1228.29052734375,1.2077586306231562,3713.4443359375,2696.4443359375,2.6513710284537857,2125.7958984375,1108.7958984375,1.0902614537241888,3247.3642578125,2230.3642578125,2.193081866088987
China,2,490,16179.0,8037.30517578125,8141.69482421875,0.5032260846911892,8265.576171875,7913.423828125,0.4891169928997466,7775.39990234375,8403.60009765625,0.5194140612928024,3446.5888671875,12732.4111328125,0.7869714526739909,7572.57958984375,8606.42041015625,0.5319500840692409,4256.4140625,11922.5859375,0.736917358149453,7604.4287109375,8574.5712890625,0.5299815371198776
China,2,492,338.0,1039.62841796875,701.62841796875,2.0758237218010356,1045.978515625,707.978515625,2.0946109929733727,1034.0748291015625,696.0748291015625,2.059392985507581,1034.105224609375,696.105224609375,2.059482913045488,1040.6636962890625,702.6636962890625,2.0788866754114275,779.4378051757812,441.43780517578125,1.3060290093958025,1036.6795654296875,698.6795654296875,2.0670993060049927
China,2,494,899.0,270.958984375,628.041015625,0.6985995724416018,287.8488464355469,611.1511535644531,0.6798121841651315,411.860107421875,487.139892578125,0.5418686235574249,679.0294799804688,219.97052001953125,0.24468355953229282,394.6853942871094,504.3146057128906,0.5609728650866415,594.2255859375,304.7744140625,0.339014921092881,415.5841064453125,483.4158935546875,0.5377262442210095
China,3,5,1333.0,490.70355224609375,842.2964477539062,0.6318803058919027,459.2419738769531,873.7580261230469,0.6554823901898326,419.5098876953125,913.4901123046875,0.6852889064551294,1928.114990234375,595.114990234375,0.4464478546394411,596.4908447265625,736.5091552734375,0.5525199964541917,486.33782958984375,846.6621704101562,0.6351554166617827,423.8814697265625,909.1185302734375,0.6820094000550919
China,3,16,2496.0,884.474365234375,1611.525634765625,0.6456432831593049,1025.30078125,1470.69921875,0.5892224434094552,910.2655029296875,1585.7344970703125,0.635310295300606,1033.3031005859375,1462.6968994140625,0.5860163859831982,933.006103515625,1562.993896484375,0.6261994777581631,719.9520874023438,1776.0479125976562,0.7115576572907276,1036.3397216796875,1459.6602783203125,0.5847997909937149
China,3,17,1171.0,1364.8294677734375,193.8294677734375,0.16552473763743594,1381.7537841796875,210.7537841796875,0.1799776124506298,935.3368530273438,235.66314697265625,0.20124948503215734,896.0692138671875,274.9307861328125,0.23478290873852475,917.7676391601562,253.23236083984375,0.2162530835523858,1375.5537109375,204.5537109375,0.17468292992100767,1370.4935302734375,199.4935302734375,0.1703616825563087
China,3,22,344.0,1492.60302734375,1148.60302734375,3.338962288789971,902.7929077148438,558.7929077148438,1.6243979875431505,815.600830078125,471.600830078125,1.3709326455759447,807.301513671875,463.301513671875,1.3468067257903342,1131.1396484375,787.1396484375,2.288196652434593,1457.332763671875,1113.332763671875,3.2364324525345203,815.3560791015625,471.3560791015625,1.3702211601789607
China,3,23,296.0,945.580078125,649.580078125,2.1945272909628377,949.9063110351562,653.9063110351562,2.2091429426863387,935.0762939453125,639.0762939453125,2.1590415335990287,924.595703125,628.595703125,2.123634132179054,947.5548706054688,651.5548706054688,2.2011988871806376,944.357421875,648.357421875,2.1903966955236487,940.7264404296875,644.7264404296875,2.1781298663165116
China,3,24,3503.0,2548.1865234375,954.8134765625,0.2725702188302883,2564.029541015625,938.970458984375,0.26804751897926776,2106.26123046875,1396.73876953125,0.39872645433378534,2218.881103515625,1284.118896484375,0.3665769045059592,2529.47314453125,973.52685546875,0.27791231957429346,2677.768798828125,825.231201171875,0.2355784188329646,2217.125732421875,1285.874267578125,0.3670780095855338
China,3,25,246.0,314.5943603515625,68.5943603515625,0.2788388632177337,316.2502136230469,70.25021362304688,0.28556997407742635,808.717041015625,562.717041015625,2.2874676464049797,350.90478515625,104.90478515625,0.4264422160823171,320.16424560546875,74.16424560546875,0.3014806731929624,273.7907409667969,27.790740966796875,0.11297049173494665,353.81658935546875,107.81658935546875,0.43827881851816564
China,3,31,1785.0,3585.022705078125,1800.022705078125,1.0084160812762606,3797.783203125,2012.783203125,1.127609637605042,3659.328125,1874.328125,1.050043767507003,3884.634521484375,2099.634521484375,1.1762658383665967,3423.0498046875,1638.0498046875,0.9176749606092437,3860.09130859375,2075.09130859375,1.1625161392682073,3869.475341796875,2084.475341796875,1.1677733007265405
China,3,42,667.0,2347.27978515625,1680.27978515625,2.5191600976855324,2911.41650390625,2244.41650390625,3.3649422847170163,1807.54248046875,1140.54248046875,1.7099587413324588,2214.38232421875,1547.38232421875,2.3199135295633435,2474.70849609375,1807.70849609375,2.7102076403204647,2924.352294921875,2257.352294921875,3.3843362742456895,2215.354248046875,1548.354248046875,2.321370686726949
China,3,45,5333.0,17282.427734375,11949.427734375,2.240657741304144,17013.9375,11680.9375,2.190312675792237,20161.3359375,14828.3359375,2.7804867687042942,15571.4736328125,10238.4736328125,1.919833795764579,19723.7265625,14390.7265625,2.698429882336396,16706.755859375,11373.755859375,2.132712518165198,16332.8671875,10999.8671875,2.0626040104069006
China,3,46,1775.0,6280.0322265625,4505.0322265625,2.5380463248239438,6151.94677734375,4376.94677734375,2.465885508362676,2776.9287109375,1001.9287109375,0.5644668794014085,2792.7412109375,1017.7412109375,0.5733753301056338,2044.730224609375,269.730224609375,0.15196068992077466,6255.0126953125,4480.0126953125,2.5239508142605636,1602.330322265625,172.669677734375,0.09727869168133803
China,3,56,5650.0,10088.4990234375,4438.4990234375,0.7855750483960177,10404.5478515625,4754.5478515625,0.8415128940818584,4966.802734375,683.197265625,0.1209198700221239,9797.796875,4147.796875,0.7341233407079646,4903.6689453125,746.3310546875,0.1320939919800885,10335.451171875,4685.451171875,0.8292833932522123,10384.611328125,4734.611328125,0.8379843058628319
China,3,57,1525.0,1663.841796875,138.841796875,0.0910438012295082,1698.02783203125,173.02783203125,0.11346087346311476,1761.588623046875,236.588623046875,0.15514008068647542,1720.682373046875,195.682373046875,0.12831631019467213,1726.3404541015625,201.3404541015625,0.13202652727971312,1689.266357421875,164.266357421875,0.10771564421106557,1767.620361328125,242.620361328125,0.15909531890368853
China,3,66,3677.0,365.8881530761719,3311.111846923828,0.9004927514070786,663.0882568359375,3013.9117431640625,0.8196659622420621,354.55364990234375,3322.4463500976562,0.9035752923844591,363.67047119140625,3313.3295288085938,0.9010958740300772,690.10400390625,2986.89599609375,0.8123187370393663,358.5545654296875,3318.4454345703125,0.9024872000463183,364.1863098144531,3312.813690185547,0.9009555861260666
China,3,94,22500.0,5473.94677734375,17026.05322265625,0.7567134765625,5537.85205078125,16962.14794921875,0.7538732421875,5409.56005859375,17090.43994140625,0.7595751085069444,5822.35791015625,16677.64208984375,0.7412285373263889,5533.98974609375,16966.01025390625,0.7540449001736111,5501.333984375,16998.666015625,0.7554962673611111,5504.474609375,16995.525390625,0.7553566840277778
China,3,113,246.0,649.5142822265625,403.5142822265625,1.6403019602705793,2284.483154296875,2038.483154296875,8.286516887385671,1960.89306640625,1714.89306640625,6.971110026041667,1462.626708984375,1216.626708984375,4.9456370283917686,1971.1064453125,1725.1064453125,7.012627826473577,2293.16015625,2047.16015625,8.321789253048781,1461.178466796875,1215.178466796875,4.939749865027947
China,3,116,395.0,1445.023193359375,1050.023193359375,2.658286565466772,1399.151611328125,1004.151611328125,2.5421559780458862,1757.810546875,1362.810546875,3.450153283227848,1399.541748046875,1004.541748046875,2.543143665941456,873.6986694335938,478.69866943359375,1.2118953656546678,1425.123779296875,1030.123779296875,2.607908302017405,1376.919921875,981.919921875,2.485873219936709
China,3,148,562.0,1626.2884521484375,1064.2884521484375,1.8937516942143016,1584.31396484375,1022.31396484375,1.8190639943838969,1510.628662109375,948.628662109375,1.6879513560665036,1536.5179443359375,974.5179443359375,1.7340176945479315,2813.88037109375,2251.88037109375,4.006904574899911,2898.237548828125,2336.237548828125,4.157006314640792,1566.6015625,1004.6015625,1.7875472642348755
China,3,154,3546.0,755.1934814453125,2790.8065185546875,0.7870294750577235,1061.7545166015625,2484.2454833984375,0.7005768424699486,801.693359375,2744.306640625,0.7739161423082346,414.161865234375,3131.838134765625,0.8832030836902496,817.7792358398438,2728.2207641601562,0.7693797981275117,1076.69287109375,2469.30712890625,0.6963641085466018,413.3200988769531,3132.679901123047,0.8834404684498158
China,3,172,6765.0,1554.6800537109375,5210.3199462890625,0.7701877230286862,1907.88525390625,4857.11474609375,0.7179770504203622,1085.78515625,5679.21484375,0.8394996073540281,1878.25927734375,4886.74072265625,0.7223563522034369,1073.726318359375,5691.273681640625,0.8412821406711937,2718.33251953125,4046.66748046875,0.5981770111557649,612.2010498046875,6152.7989501953125,0.9095046489571785
China,3,180,665.0,1896.771240234375,1231.771240234375,1.8522875792998121,2365.736083984375,1700.736083984375,2.5574978706531954,2310.90869140625,1645.90869140625,2.475050663768797,2624.71630859375,1959.71630859375,2.9469418174342104,4153.421875,3488.421875,5.2457471804511275,2347.02197265625,1682.02197265625,2.5293563498590226,3203.884765625,2538.884765625,3.817871828007519
China,3,193,764.0,1026.29541015625,262.29541015625,0.3433185996809555,1104.156494140625,340.156494140625,0.44523101327306935,982.0186767578125,218.0186767578125,0.28536476015420487,967.129638671875,203.129638671875,0.2658764904082134,1664.9451904296875,900.9451904296875,1.1792476314524705,1547.376220703125,783.376220703125,1.0253615454229386,1000.5357666015625,236.5357666015625,0.30960178874550065
China,3,220,5242.0,2592.84423828125,2649.15576171875,0.5053711868978921,3035.49560546875,2206.50439453125,0.42092796538177224,2474.347412109375,2767.652587890625,0.5279764570565862,3763.2431640625,1478.7568359375,0.28209783211322015,2444.2333984375,2797.7666015625,0.5337212135754483,3031.09130859375,2210.90869140625,0.42176815936784623,3768.20263671875,1473.79736328125,0.2811517289739126
China,3,225,5639.0,3525.50341796875,2113.49658203125,0.37479989041164213,1938.3140869140625,3700.6859130859375,0.6562663438705333,3513.58203125,2125.41796875,0.37691398630076256,3638.68408203125,2000.31591796875,0.3547288380863185,3470.01513671875,2168.98486328125,0.38463998284824436,1965.0352783203125,3673.9647216796875,0.651527703791397,3811.41357421875,1827.58642578125,0.32409761053045755
China,3,227,410.0,853.6427001953125,443.6427001953125,1.0820553663300305,791.8825073242188,381.88250732421875,0.9314207495712652,768.89892578125,358.89892578125,0.8753632336128049,767.10986328125,357.10986328125,0.8709996665396341,785.1839599609375,375.1839599609375,0.9150828291730183,803.7328491210938,393.73284912109375,0.9603240222465701,753.0423583984375,343.0423583984375,0.8366886790205793
China,3,229,2552.0,2474.3818359375,77.6181640625,0.030414641090321316,2417.28515625,134.71484375,0.05278794817789969,3278.40087890625,726.40087890625,0.28463984283160265,1390.7308349609375,1161.2691650390625,0.4550427762692251,3277.49365234375,725.49365234375,0.2842843465296826,2441.798583984375,110.201416015625,0.043182373046875,1371.12890625,1180.87109375,0.4627237828173981
China,3,234,249.0,1664.1688232421875,1415.1688232421875,5.683408928683484,1106.9327392578125,857.9327392578125,3.44551300906752,831.1410522460938,582.1410522460938,2.337915872474272,1612.4415283203125,1363.4415283203125,5.47566878843499,407.0541687011719,158.05416870117188,0.6347556975950678,1161.71533203125,912.71533203125,3.665523421812249,1589.800537109375,1340.800537109375,5.384741112889056
China,3,255,2244.0,1916.8494873046875,327.1505126953125,0.14578899852732286,1712.989501953125,531.010498046875,0.2366356943167892,2096.282958984375,147.717041015625,0.06582755838485962,1832.345947265625,411.654052734375,0.18344654756433823,2137.5341796875,106.4658203125,0.047444661458333336,1783.9097900390625,460.0902099609375,0.20503128786138033,1737.61181640625,506.38818359375,0.2256631834196747
China,3,274,8549.0,20019.970703125,11470.970703125,1.3417909349777752,23192.998046875,14643.998046875,1.7129486544478887,21866.716796875,13317.716796875,1.5578098955287167,20125.677734375,11576.677734375,1.3541557766259211,22345.89453125,13796.89453125,1.6138606306293133,19310.732421875,10761.732421875,1.258829386112411,22818.083984375,14269.083984375,1.6690939272868173
China,3,275,391.0,1214.1846923828125,823.1846923828125,2.1053316940736893,717.3032836914062,326.30328369140625,0.8345352524076887,1246.9774169921875,855.9774169921875,2.1892005549672313,1211.7373046875,820.7373046875,2.099072390505115,1436.847412109375,1045.847412109375,2.674801565497123,713.6976928710938,322.69769287109375,0.8253137925091911,701.2869873046875,310.2869873046875,0.7935728575567456
China,3,277,540.0,388.50347900390625,151.49652099609375,0.28054911295572915,387.9815979003906,152.01840209960938,0.2815155594437211,784.0883178710938,244.08831787109375,0.4520154034649884,390.6953125,149.3046875,0.276490162037037,801.153076171875,261.153076171875,0.48361680772569443,387.7499694824219,152.25003051757812,0.281944500958478,352.5325927734375,187.4674072265625,0.347161865234375
China,3,280,4622.0,1209.596435546875,3412.403564453125,0.7382958815346441,1221.82763671875,3400.17236328125,0.7356495809782021,1294.2958984375,3327.7041015625,0.7199705974821505,1254.785400390625,3367.214599609375,0.7285189527497566,2195.17236328125,2426.82763671875,0.5250600685241779,1204.848876953125,3417.151123046875,0.7393230469595142,1252.4927978515625,3369.5072021484375,0.7290149723384763
China,3,312,1383.0,1834.2857666015625,451.2857666015625,0.32630930339953906,2177.4072265625,794.4072265625,0.5744086959960232,6571.29833984375,5188.29833984375,3.7514810844857194,2144.190185546875,761.190185546875,0.5503905896940527,7065.029296875,5682.029296875,4.108481053416486,2167.92138671875,784.92138671875,0.5675498096303326,1802.19873046875,419.19873046875,0.3031082649810195
China,3,323,11490.0,8966.67578125,2523.32421875,0.21961046290252392,8948.77734375,2541.22265625,0.2211682033289817,7596.794921875,3893.205078125,0.33883421045474327,7727.7939453125,3762.2060546875,0.32743307699630114,6386.19140625,5103.80859375,0.44419570006527415,9220.650390625,2269.349609375,0.19750649341818974,9197.4111328125,2292.5888671875,0.1995290571964752
China,3,325,29399.0,19082.78125,10316.21875,0.35090372971869793,18571.138671875,10827.861328125,0.36830713045086566,8005.35888671875,21393.64111328125,0.7276996194864196,15057.62890625,14341.37109375,0.4878183303428688,9263.7392578125,20135.2607421875,0.6848961101461785,18677.41015625,10721.58984375,0.3646923311592231,15021.7275390625,14377.2724609375,0.4890395068178339
China,3,334,1896.0,2366.133056640625,470.133056640625,0.24796047291172205,2385.83984375,489.83984375,0.25835434796940926,2383.431884765625,487.431884765625,0.25708432740803006,2395.380615234375,499.380615234375,0.2633864004400712,2381.290283203125,485.290283203125,0.2559547907189478,2396.20166015625,500.20166015625,0.2638194410106804,2387.414794921875,491.414794921875,0.25918501841871044
China,3,376,1248.0,1767.5234375,519.5234375,0.4162848056891026,2706.360595703125,1458.360595703125,1.1685581696339142,1756.75,508.75,0.4076522435897436,1805.909423828125,557.909423828125,0.44704280755458736,1811.4385986328125,563.4385986328125,0.4514732360839844,2682.42431640625,1434.42431640625,1.1493784586588542,2648.251953125,1400.251953125,1.1219967573116987
China,3,403,763.0,2474.447509765625,1711.447509765625,2.2430504715145805,2160.33544921875,1397.33544921875,1.8313701824623199,3241.135986328125,2478.135986328125,3.247884647874345,2256.3974609375,1493.3974609375,1.9572705910058978,2634.868408203125,1871.868408203125,2.4533006660591417,2155.1357421875,1392.1357421875,1.8245553632863696,2239.987060546875,1476.987060546875,1.9357628578596002
China,3,404,1238.0,1807.1463623046875,569.1463623046875,0.459730502669376,1852.614013671875,614.614013671875,0.4964572000580573,1903.4239501953125,665.4239501953125,0.5374991520155997,2010.098876953125,772.098876953125,0.6236662980235258,1087.24951171875,150.75048828125,0.12176937664075121,2311.505615234375,1073.505615234375,0.8671289299146809,1773.06201171875,535.06201171875,0.4321987170587641
China,3,405,1249.0,2554.501953125,1305.501953125,1.0452377527021617,1938.553955078125,689.553955078125,0.5520848319280425,3096.2041015625,1847.2041015625,1.4789464384007205,1452.74072265625,203.74072265625,0.163123076586269,3555.116455078125,2306.116455078125,1.8463702602707166,3329.8876953125,2080.8876953125,1.666042990642514,1719.80615234375,470.80615234375,0.3769464790582466
China,3,409,3088.0,2538.263671875,549.736328125,0.17802342232027202,899.0872192382812,2188.9127807617188,0.7088448124228364,2722.94921875,365.05078125,0.11821592657059586,2639.327392578125,448.672607421875,0.14529553349153984,2619.072998046875,468.927001953125,0.15185459907808452,2508.843017578125,579.156982421875,0.18755083627651392,2476.00048828125,611.99951171875,0.19818637037524287
China,3,416,190.0,617.90673828125,427.90673828125,2.2521407277960526,615.9151000976562,425.91510009765625,2.241658421566612,563.9609985351562,373.96099853515625,1.9682157817639803,619.8222045898438,429.82220458984375,2.26222212942023,1229.8349609375,1039.8349609375,5.472815583881579,610.3265380859375,420.3265380859375,2.212244937294408,628.3406982421875,438.3406982421875,2.307056306537829
China,3,422,7816.0,3212.810546875,4603.189453125,0.5889444029074974,9477.8798828125,1661.8798828125,0.21262536883476202,9117.6318359375,1301.6318359375,0.16653426764809365,9528.6611328125,1712.6611328125,0.21912245813875383,3667.20068359375,4148.79931640625,0.5308085102873913,9336.3759765625,1520.3759765625,0.19452097960113868,9689.0048828125,1873.0048828125,0.23963726750415815
China,3,436,19699.0,10282.1767578125,9416.8232421875,0.47803559785712474,8265.37109375,11433.62890625,0.5804167169018732,16119.4853515625,3579.5146484375,0.18171047507170415,13383.201171875,6315.798828125,0.3206152001687903,7374.7294921875,12324.2705078125,0.6256292455359409,10193.607421875,9505.392578125,0.48253173146479517,16145.8291015625,3553.1708984375,0.18037316099484746
China,3,448,170.0,526.3605346679688,356.36053466796875,2.0962384392233457,510.7554016113281,340.7554016113281,2.0044435388901656,513.9658203125,343.9658203125,2.023328354779412,755.08642578125,585.08642578125,3.4416848575367647,494.9921875,324.9921875,1.91171875,517.0889892578125,347.0889892578125,2.041699936810662,508.9824523925781,338.9824523925781,1.994014425838695
China,3,471,784.0,4758.6796875,3974.6796875,5.069744499362245,4388.412109375,3604.412109375,4.597464425223214,4250.98095703125,3466.98095703125,4.422169588050064,4871.2373046875,4087.2373046875,5.213312888632015,4163.83154296875,3379.83154296875,4.31100962113361,4404.5859375,3620.5859375,4.618094308035714,4436.1494140625,3652.1494140625,4.658353844467475
China,3,474,450.0,448.01995849609375,1.98004150390625,0.004400092230902777,788.7310791015625,338.7310791015625,0.7527357313368056,608.3123779296875,158.3123779296875,0.35180528428819446,598.23779296875,148.23779296875,0.3294173177083333,606.4253540039062,156.42535400390625,0.34761189778645835,445.8861083984375,4.1138916015625,0.009141981336805556,446.5135498046875,3.4864501953125,0.007747667100694445
China,3,478,10398.0,10879.6728515625,481.6728515625,0.04632360565132718,17130.61328125,6732.61328125,0.647491179193114,10916.78515625,518.78515625,0.04989278286689748,6010.03515625,4387.96484375,0.42200085052413927,20868.41015625,10470.41015625,1.0069638542267745,12567.544921875,2169.544921875,0.2086502136829198,16688.8828125,6290.8828125,0.6050089259953837
China,3,483,594.0,1904.262451171875,1310.262451171875,2.205829042376894,2222.41455078125,1628.41455078125,2.741438637678872,2826.786376953125,2232.786376953125,3.7588996245002106,2831.706787109375,2237.706787109375,3.767183143281776,2077.915771484375,1483.915771484375,2.498174699468645,2186.82373046875,1592.82373046875,2.6815214317655722,2837.690185546875,2243.690185546875,3.7772562046243685
China,3,486,774.0,500.85662841796875,273.14337158203125,0.3528984128966812,500.57879638671875,273.42120361328125,0.3532573690094073,499.81414794921875,274.18585205078125,0.35424528688731427,501.2049560546875,272.7950439453125,0.35244837719032623,498.36260986328125,275.63739013671875,0.3561206590913679,500.9122009277344,273.0877990722656,0.35282661378845687,501.3194274902344,272.6805725097656,0.35230048127876695
China,4,3,3238.0,5340.03369140625,2102.03369140625,0.649176556950664,1032.472412109375,2205.527587890625,0.6811388474029108,1378.3507080078125,1859.6492919921875,0.5743203495961049,5494.7998046875,2256.7998046875,0.696973380076436,1063.32763671875,2174.67236328125,0.6716097477706146,1038.71240234375,2199.28759765625,0.679211734915457,1028.744873046875,2209.255126953125,0.6822900330306131
China,4,7,1158.0,1959.5458984375,801.5458984375,0.6921812594451641,1989.966796875,831.966796875,0.7184514653497409,1428.6728515625,270.6728515625,0.23374166801597582,1875.7783203125,717.7783203125,0.619843109078152,1955.094482421875,797.094482421875,0.688337204163968,1960.43359375,802.43359375,0.6929478357081175,1978.19775390625,820.19775390625,0.7082882158085061
China,4,26,2082.0,2668.751708984375,586.751708984375,0.2818211858714577,5454.21240234375,3372.21240234375,1.6196985602035303,5195.0830078125,3113.0830078125,1.4952367952989913,5737.3935546875,3655.3935546875,1.7557125622898655,5285.59033203125,3203.59033203125,1.538708132579851,5159.3193359375,3077.3193359375,1.4780592391630643,5551.64990234375,3469.64990234375,1.6664985121727907
China,4,29,328.0,1808.134521484375,1480.134521484375,4.512605248427972,2125.788330078125,1797.788330078125,5.481061981945503,1780.253173828125,1452.253173828125,4.4276011397198936,4215.53857421875,3887.53857421875,11.852251750666921,2445.061279296875,2117.061279296875,6.4544551198075455,2444.10498046875,2116.10498046875,6.451539574599847,2006.49267578125,1678.49267578125,5.117355718845275
China,4,37,14520.0,5445.09765625,9074.90234375,0.6249932743629476,7896.203125,6623.796875,0.45618435778236915,8032.904296875,6487.095703125,0.4467696765237603,5421.74365234375,9098.25634765625,0.6266016768358299,20347.31640625,5827.31640625,0.40133033100895316,7816.3173828125,6703.6826171875,0.4616861306602961,7838.95263671875,6681.04736328125,0.4601272288761191
China,4,60,8470.0,2645.36474609375,5824.63525390625,0.6876783062463105,1546.28662109375,6923.71337890625,0.8174395960928277,2383.19873046875,6086.80126953125,0.718630610334268,1652.544677734375,6817.455322265625,0.8048943709876771,2316.4755859375,6153.5244140625,0.7265081952848288,2322.35107421875,6147.64892578125,0.7258145130792503,1907.6055908203125,6562.3944091796875,0.774780921981073
China,4,67,570.0,864.8024291992188,294.80242919921875,0.5171972442091557,1320.7236328125,750.7236328125,1.3170590049342106,1198.401123046875,628.401123046875,1.1024581106085527,927.5563354492188,357.55633544921875,0.6272918165775767,1448.72265625,878.72265625,1.5416186951754387,1439.2464599609375,869.2464599609375,1.5249937894051535,894.58642578125,324.58642578125,0.5694498697916667
China,4,83,252.0,1795.6435546875,1543.6435546875,6.125569661458333,1405.6812744140625,1153.6812744140625,4.578100295293899,1145.840576171875,893.840576171875,3.5469864133804565,1008.3726196289062,756.3726196289062,3.0014786493210566,1394.7060546875,1142.7060546875,4.534547836061508,1409.209716796875,1157.209716796875,4.59210205078125,1372.1982421875,1120.1982421875,4.445231119791667
China,4,92,481.0,796.1549072265625,315.1549072265625,0.6552077073317307,1526.762451171875,1045.762451171875,2.174142310128638,891.442138671875,410.442138671875,0.8533100596088877,808.6240234375,327.6240234375,0.6811310258575883,1454.369140625,973.369140625,2.023636466995842,1458.4683837890625,977.4683837890625,2.032158802056263,1533.8179931640625,1052.8179931640625,2.1888107965988826
China,4,108,21014.0,36111.1875,15097.1875,0.7184347339868659,37961.8828125,16947.8828125,0.8065043691110688,38976.3671875,17962.3671875,0.8547809644760636,35795.37109375,14781.37109375,0.7034058767369373,36460.61328125,15446.61328125,0.7350629714119159,36429.3125,15415.3125,0.7335734510326449,36531.65234375,15517.65234375,0.7384435302060531
China,4,109,417.0,566.6004028320312,149.60040283203125,0.3587539636259742,537.70166015625,120.70166015625,0.2894524224370504,608.3828735351562,191.38287353515625,0.45895173509629794,279.5266418457031,137.47335815429688,0.32967232171294214,541.0947875976562,124.09478759765625,0.29758941869941546,533.0930786132812,116.09307861328125,0.2784006681373651,531.5210571289062,114.52105712890625,0.27463083244342024
China,4,110,2683.0,947.1368408203125,1735.8631591796875,0.6469858960788996,1004.2155151367188,1678.7844848632812,0.6257116976754682,1250.53173828125,1432.46826171875,0.5339054274016959,899.149169921875,1783.850830078125,0.6648717219821562,1368.6475830078125,1314.3524169921875,0.4898816313798686,1356.538330078125,1326.461669921875,0.4943949571084141,1001.4002075195312,1681.5997924804688,0.6267610109878751
China,4,114,686.0,274.51910400390625,411.48089599609375,0.5998263790030521,236.00653076171875,449.99346923828125,0.6559671563240251,229.29196166992188,456.7080383300781,0.6657551579155658,404.2515563964844,281.7484436035156,0.4107120169147458,226.12440490722656,459.87559509277344,0.6703725875987951,226.94223022460938,459.0577697753906,0.6691804224131058,246.9043731689453,439.0956268310547,0.6400810886750068
China,4,118,1396.0,2144.6650390625,748.6650390625,0.5362930079244269,1520.4591064453125,124.4591064453125,0.0891540877115419,1223.9390869140625,172.0609130859375,0.1232528030701558,1416.6890869140625,20.6890869140625,0.014820262832422994,1470.20263671875,74.20263671875,0.053153751231196276,1482.82275390625,86.82275390625,0.06219394978957737,1542.53466796875,146.53466796875,0.10496752719824498
China,4,141,237.0,588.0113525390625,351.0113525390625,1.4810605592365507,586.0230712890625,349.0230712890625,1.4726711868736815,1008.3394775390625,771.3394775390625,3.2545969516416138,718.739501953125,481.739501953125,2.0326561263844938,586.43896484375,349.43896484375,1.4744260119989452,586.8773193359375,349.8773193359375,1.4762756090123945,715.708251953125,478.708251953125,2.019866041996308
China,4,144,2430.0,3550.99853515625,1120.99853515625,0.46131626961162553,1704.2113037109375,725.7886962890625,0.2986784758391204,1712.899658203125,717.100341796875,0.2951030213155864,2399.236083984375,30.763916015625,0.012660047743055555,1671.69775390625,758.30224609375,0.3120585374871399,3536.88916015625,1106.88916015625,0.4555099424511317,1726.30712890625,703.69287109375,0.2895855436599794
China,4,145,2532.0,2741.802490234375,209.802490234375,0.08286038318893167,3145.9697265625,613.9697265625,0.24248409421899683,3113.7451171875,581.7451171875,0.22975715528732227,2603.35791015625,71.35791015625,0.028182428971662718,3163.05908203125,631.05908203125,0.24923344472008294,3155.761474609375,623.761474609375,0.2463512932896426,3160.577880859375,628.577880859375,0.24825350744841035
China,4,152,2326.0,1307.2022705078125,1018.7977294921875,0.43800418292871346,1052.515869140625,1273.484130859375,0.5474996263367906,1372.392333984375,953.607666015625,0.40997750043664016,1099.534423828125,1226.465576171875,0.5272852864023538,1297.8896484375,1028.1103515625,0.4420078897517197,1076.2242431640625,1249.7757568359375,0.5373068602046163,1073.8397216796875,1252.1602783203125,0.5383320199141498
China,4,157,929.0,831.5452270507812,97.45477294921875,0.10490287723274354,4850.88916015625,3921.88916015625,4.2216244996299785,4052.282958984375,3123.282958984375,3.361983809455732,619.13330078125,309.86669921875,0.333548653626211,5066.30322265625,4137.30322265625,4.4535018543124325,5131.76416015625,4202.76416015625,4.52396572675592,3441.039306640625,2512.039306640625,2.704025087880113
China,4,165,1586.0,4830.6533203125,3244.6533203125,2.0458091553042244,2978.314453125,1392.314453125,0.8778779654003783,2711.98681640625,1125.98681640625,0.709953856498266,4938.068359375,3352.068359375,2.113536166062421,2965.2451171875,1379.2451171875,0.869637526599937,3013.853271484375,1427.853271484375,0.9002857953873739,3143.424072265625,1557.424072265625,0.981982391088036
China,4,168,1278.0,2659.80859375,1381.80859375,1.0812273816510172,428.8240661621094,849.1759338378906,0.6644569122362212,7937.61376953125,6659.61376953125,5.210965390869522,2606.35009765625,1328.35009765625,1.039397572500978,424.00543212890625,853.9945678710938,0.6682273614014818,422.3894348144531,855.6105651855469,0.6694918350434639,433.085205078125,844.914794921875,0.6611226877322965
China,4,176,6844.0,2487.3056640625,4356.6943359375,0.6365713524163501,2221.444580078125,4622.555419921875,0.6754172150674861,1783.51611328125,5060.48388671875,0.7394044252949664,2170.337890625,4673.662109375,0.6828845864078025,4233.44140625,2610.55859375,0.38143755022647574,4237.97265625,2606.02734375,0.3807754739552893,2517.509033203125,4326.490966796875,0.6321582359434359
China,4,181,544.0,1315.6490478515625,771.6490478515625,1.4184725144330192,1857.1868896484375,1313.1868896484375,2.4139464883243336,2007.6669921875,1463.6669921875,2.690564323874081,2638.13623046875,2094.13623046875,3.8495151295381436,1289.7117919921875,745.7117919921875,1.3707937352797563,1280.0289306640625,736.0289306640625,1.35299435783835,1299.762939453125,755.762939453125,1.3892701092888327
China,4,185,404.0,119.35006713867188,284.6499328613281,0.7045790417359608,404.019775390625,0.019775390625,4.894898669554456e-05,152.30300903320312,251.69699096679688,0.6230123538782101,428.9078063964844,24.907806396484375,0.06165298612991182,448.65496826171875,44.65496826171875,0.11053209965771968,365.2755126953125,38.7244873046875,0.09585269134823639,409.3187255859375,5.3187255859375,0.013165162341429455
China,4,199,563.0,1475.9945068359375,912.9945068359375,1.6216598700460703,1592.76904296875,1029.76904296875,1.8290746766762878,2596.42138671875,2033.42138671875,3.6117609000333037,1805.9814453125,1242.9814453125,2.2077823184946714,2716.171142578125,2153.171142578125,3.8244602887710926,2742.391357421875,2179.391357421875,3.8710326064331704,1816.474853515625,1253.474853515625,2.2264206989620337
China,4,204,1801.0,635.278564453125,1165.721435546875,0.6472634289544004,563.8182373046875,1237.1817626953125,0.686941567293344,1145.773681640625,655.226318359375,0.36381250325340087,898.1476440429688,902.8523559570312,0.501306138787913,555.0447998046875,1245.9552001953125,0.6918129928902346,558.4629516601562,1242.5370483398438,0.6899150740365596,1113.667724609375,687.332275390625,0.38163924230462243
China,4,208,1788.0,443.3382873535156,1344.6617126464844,0.7520479377217474,657.4154663085938,1130.5845336914062,0.6323179718632026,680.99365234375,1107.00634765625,0.6191310669218401,895.8558349609375,892.1441650390625,0.49896206098381574,656.55029296875,1131.44970703125,0.6328018495700504,657.36083984375,1130.63916015625,0.6323485235773211,2259.5068359375,471.5068359375,0.26370628408137586
China,4,211,3368.0,4742.759765625,1374.759765625,0.40818282827345603,3034.790283203125,333.209716796875,0.0989340014242503,2712.494873046875,655.505126953125,0.19462741299083283,1754.38623046875,1613.61376953125,0.4791014755140291,2671.72900390625,696.27099609375,0.20673129337700416,2639.903076171875,728.096923828125,0.21618079686108224,1730.9306640625,1637.0693359375,0.4860657173211104
China,4,262,1634.0,3695.6337890625,2061.6337890625,1.2617097852279682,3427.2392578125,1793.2392578125,1.0974536461520807,2339.86376953125,705.86376953125,0.43198517107175644,3851.98974609375,2217.98974609375,1.3573988654184517,3453.96484375,1819.96484375,1.1138095738984088,3417.801513671875,1783.801513671875,1.091677792944844,3822.70166015625,2188.70166015625,1.3394747002180232
China,4,291,5841.0,3878.4130859375,1962.5869140625,0.3360018685263653,2915.4580078125,2925.5419921875,0.500863207017206,3103.06787109375,2737.93212890625,0.46874373033834105,943.4290771484375,4897.5709228515625,0.8384815824091016,3300.4755859375,2540.5244140625,0.4349468265814929,3336.95166015625,2504.04833984375,0.4287019927826999,2152.237548828125,3688.762451171875,0.631529267449388
China,4,294,5597.0,14234.9931640625,8637.9931640625,1.5433255608473289,12052.138671875,6455.138671875,1.1533211848981597,10648.41015625,5051.41015625,0.9025210213060568,11381.546875,5784.546875,1.033508464355905,14669.4072265625,9072.4072265625,1.6209410803220474,14665.109375,9068.109375,1.6201731954618546,12938.4365234375,7341.4365234375,1.3116734899834732
China,4,311,1186.0,1008.648193359375,177.351806640625,0.14953777962953205,1475.020263671875,289.020263671875,0.243693308323672,2999.53955078125,1813.53955078125,1.5291227240988616,1466.8057861328125,280.8057861328125,0.23676710466510328,2880.951416015625,1694.951416015625,1.4291327285123314,2919.468505859375,1733.468505859375,1.4616091954969435,1493.18115234375,307.18115234375,0.2590060306439713
China,4,317,16921.0,18466.40625,1545.40625,0.09133066899119438,11656.876953125,5264.123046875,0.3110999968604101,17979.37890625,1058.37890625,0.06254824810885881,22649.8046875,5728.8046875,0.3385618277584067,17867.0234375,946.0234375,0.05590824640978666,17670.2890625,749.2890625,0.04428160643578985,19035.3203125,2114.3203125,0.12495244444772767
China,4,340,252.0,233.24232482910156,18.757675170898438,0.07443521893213666,543.56787109375,291.56787109375,1.1570153614831349,282.0040588378906,30.004058837890625,0.11906372554718501,227.19808959960938,24.801910400390625,0.09842027936662946,541.1630859375,289.1630859375,1.1474725632440477,541.3544921875,289.3544921875,1.1482321118551588,533.5263061523438,281.52630615234375,1.1171678815569197
China,4,347,16042.0,1631.834716796875,14410.165283203125,0.8982773521507995,1758.9527587890625,14283.047241210938,0.8903532752282095,1534.343505859375,14507.656494140625,0.9043546000586351,1739.0196533203125,14302.980346679688,0.8915958326068874,2579.7646484375,13462.2353515625,0.8391868440071375,1792.6082763671875,14249.391723632812,0.8882553125316552,1600.584716796875,14441.415283203125,0.9002253636206909
China,4,356,2108.0,1330.5477294921875,777.4522705078125,0.3688103750037061,1565.105224609375,542.894775390625,0.2575402160297083,832.8671875,1275.1328125,0.6049017137096774,743.6356201171875,1364.3643798828125,0.6472316792612962,1628.3553466796875,479.6446533203125,0.2275354142885733,1621.7528076171875,486.2471923828125,0.23066754856869665,1260.4013671875,847.5986328125,0.40208663795659394
China,4,357,454.0,1273.6219482421875,819.6219482421875,1.8053346877581222,655.95166015625,201.95166015625,0.4448274452780837,1014.0726318359375,560.0726318359375,1.2336401582289371,1077.6004638671875,623.6004638671875,1.3735693036722192,458.645263671875,4.645263671875,0.010231858308094713,447.4552001953125,6.5447998046875,0.01441585860063326,656.8550415039062,202.85504150390625,0.4468172720350358
China,4,364,2672.0,2130.19384765625,541.80615234375,0.20277176360170285,4693.24462890625,2021.24462890625,0.7564538281834768,2434.9091796875,237.0908203125,0.08873159442833084,1538.9619140625,1133.0380859375,0.4240411998269087,3899.93017578125,1227.93017578125,0.45955470650495883,1948.6328125,723.3671875,0.27072125280688625,2389.94580078125,282.05419921875,0.10555920629444236
China,4,368,4867.0,11936.4677734375,7069.4677734375,1.452530875988802,11816.8505859375,6949.8505859375,1.4279536852141976,8922.994140625,4055.994140625,0.8333663736644751,12792.212890625,7925.212890625,1.6283568708906924,14998.69140625,10131.69140625,2.0817118155434557,15032.1591796875,10165.1591796875,2.0885882842998766,11596.3583984375,6729.3583984375,1.3826501743245325
China,4,374,3853.0,406.11505126953125,3446.8849487304688,0.8945977027590108,490.3318176269531,3362.668182373047,0.8727402497723973,482.9358215332031,3370.064178466797,0.8746597919716577,617.298583984375,3235.701416015625,0.8397875463315922,489.5475158691406,3363.4524841308594,0.8729438058995223,490.74761962890625,3362.2523803710938,0.8726323333431336,490.2860107421875,3362.7139892578125,0.872752138400678
China,4,378,4947.0,1495.2529296875,3451.7470703125,0.6977455165378007,1876.26171875,3070.73828125,0.6207273663331312,2425.423828125,2521.576171875,0.5097182478016979,2198.7275390625,2748.2724609375,0.5555432506443299,2483.994140625,2463.005859375,0.4978786859460279,2508.351806640625,2438.648193359375,0.49295496126124416,2500.31396484375,2446.68603515625,0.49457975240676166
China,4,380,5400.0,9432.015625,4032.015625,0.7466695601851852,6037.8115234375,637.8115234375,0.11811324508101852,15962.9873046875,10562.9873046875,1.9561087601273148,8963.99609375,3563.99609375,0.6599992766203704,5276.3798828125,123.6201171875,0.02289261429398148,5268.677734375,131.322265625,0.024318938078703705,6027.0224609375,627.0224609375,0.11611527054398148
China,4,393,1050.0,1618.89111328125,568.89111328125,0.5418010602678571,1155.38720703125,105.38720703125,0.10036876860119047,1241.1875,191.1875,0.18208333333333335,2680.1748046875,1630.1748046875,1.5525474330357143,1987.250732421875,937.250732421875,0.8926197451636905,1974.96533203125,924.96533203125,0.8809193638392857,1588.4127197265625,538.4127197265625,0.5127740187872024
China,4,399,1829.0,9142.90234375,7313.90234375,3.9988531130399125,1343.845458984375,485.154541015625,0.2652567200741525,939.7939453125,889.2060546875,0.4861706149193548,2074.701416015625,245.701416015625,0.13433647677180152,1140.5770263671875,688.4229736328125,0.37639309657343495,2288.810546875,459.810546875,0.25139997095407324,560.8506469726562,1268.1493530273438,0.6933566719668364
China,4,444,3585.0,1157.33203125,2427.66796875,0.6771737709205021,638.854736328125,2946.145263671875,0.821797842028417,1200.929931640625,2384.070068359375,0.6650125713694212,1164.39208984375,2420.60791015625,0.6752044379794282,545.4005737304688,3039.5994262695312,0.8478659487502179,545.9765014648438,3039.0234985351562,0.8477052994519264,641.6009521484375,2943.3990478515625,0.8210318125108961
China,4,452,1984.0,1883.26171875,100.73828125,0.050775343371975805,1915.98876953125,68.01123046875,0.03427985406691028,3121.350830078125,1137.350830078125,0.5732615070958291,1046.83935546875,937.16064453125,0.47235919583228325,1926.93310546875,57.06689453125,0.028763555711315524,1928.557373046875,55.442626953125,0.0279448724562122,1626.185302734375,357.814697265625,0.18035014983146422
China,4,461,7575.0,28146.41015625,20571.41015625,2.71569771039604,18675.685546875,11100.685546875,1.465437035891089,12283.173828125,4708.173828125,0.6215410994224423,28630.4375,21055.4375,2.779595709570957,19907.25390625,12332.25390625,1.6280203176567656,19863.44921875,12288.44921875,1.6222375206270627,28243.66796875,20668.66796875,2.7285370255775576
China,4,465,1686.0,1445.451171875,240.548828125,0.1426742752817319,1377.5845947265625,308.4154052734375,0.18292728663904953,968.60498046875,717.39501953125,0.4255011978239917,1260.24462890625,425.75537109375,0.25252394489546265,730.0797119140625,955.9202880859375,0.5669752598374481,735.34814453125,950.65185546875,0.5638504480834816,719.0712280273438,966.9287719726562,0.5735046097109467
China,4,470,399.0,1014.8479614257812,615.8479614257812,1.5434786000646146,1489.6387939453125,1090.6387939453125,2.7334305612664473,854.009033203125,455.009033203125,1.1403735167998121,905.8713989257812,506.87139892578125,1.2703543832726347,1467.578369140625,1068.578369140625,2.6781412760416665,1476.88623046875,1077.88623046875,2.701469249295113,1533.681884765625,1134.681884765625,2.8438142475328947
China,4,497,440.0,2250.55810546875,1810.55810546875,4.11490478515625,4155.11865234375,3715.11865234375,8.443451482599432,4265.5537109375,3825.5537109375,8.694440252130681,2202.095703125,1762.095703125,4.004762961647727,4190.642578125,3750.642578125,8.524187677556819,4217.94384765625,3777.94384765625,8.586236017400568,2236.12646484375,1796.12646484375,4.082105601917614
China,5,6,1607.0,1019.205810546875,587.794189453125,0.36577111975925636,1989.2568359375,382.2568359375,0.23786984190261357,1005.7545166015625,601.2454833984375,0.37414155780861075,1014.2713012695312,592.7286987304688,0.3688417540326501,1656.712890625,49.712890625,0.030935215074673304,1070.138671875,536.861328125,0.33407674432171747,1127.8111572265625,479.1888427734375,0.29818845225478374
China,5,10,10200.0,1897.4371337890625,8302.562866210938,0.8139767515893076,1904.954833984375,8295.045166015625,0.8132397221583946,2672.42529296875,7527.57470703125,0.7379975202971814,2642.987548828125,7557.012451171875,0.7408835736443015,1425.5338134765625,8774.466186523438,0.8602417829924939,1699.360595703125,8500.639404296875,0.8333960200291054,1925.0081787109375,8274.991821289062,0.8112737079695159
China,5,36,1139.0,1677.4453125,538.4453125,0.47273512949956104,1797.2401123046875,658.2401123046875,0.5779105463605685,1815.915771484375,676.915771484375,0.5943070864656497,1838.489013671875,699.489013671875,0.6141255607303556,922.6839599609375,216.3160400390625,0.18991750661901888,1645.1761474609375,506.1761474609375,0.444403992503018,1518.6292724609375,379.6292724609375,0.33330050259959393
China,5,38,239.0,271.7685546875,32.7685546875,0.1371069233786611,341.64703369140625,102.64703369140625,0.42948549661676255,293.83709716796875,54.83709716796875,0.22944392120489016,347.44329833984375,108.44329833984375,0.4537376499575052,336.3681640625,97.3681640625,0.40739817599372385,295.8616943359375,56.8616943359375,0.2379150390625,339.45458984375,100.45458984375,0.4203120913964435
China,5,59,503.0,1251.3287353515625,748.3287353515625,1.4877310841979374,987.2294311523438,484.22943115234375,0.962682765710425,332.8382263183594,170.16177368164062,0.33829378465534915,1076.81103515625,573.81103515625,1.1407774058772366,474.1297607421875,28.8702392578125,0.0573961019041998,530.5159912109375,27.5159912109375,0.054703759862698806,792.1263427734375,289.1263427734375,0.5748038623726391
China,5,74,129.0,2103.728271484375,1974.728271484375,15.3079710967781,929.435302734375,800.435302734375,6.204924827398256,1767.39013671875,1638.39013671875,12.700698734253876,986.8028564453125,857.8028564453125,6.649634546087694,1819.564453125,1690.564453125,13.105150799418604,2294.440673828125,2165.440673828125,16.786361812621124,2210.527587890625,2081.527587890625,16.13587277434593
China,5,81,32760.0,7092.85791015625,25667.14208984375,0.7834902957827763,10773.03125,21986.96875,0.6711528922466422,11897.63671875,20862.36328125,0.6368242759844323,10958.40234375,21801.59765625,0.6654944339514652,13416.3310546875,19343.6689453125,0.5904660850217491,9395.759765625,23364.240234375,0.7131941463484432,13297.5673828125,19462.4326171875,0.5940913497309982
China,5,103,34085.0,15038.427734375,19046.572265625,0.5587963111522664,13633.734375,20451.265625,0.6000077930174563,15045.185546875,19039.814453125,0.5585980476199208,13610.337890625,20474.662109375,0.6006942088712044,17842.13671875,16242.86328125,0.47653992317001614,18940.693359375,15144.306640625,0.4443100085264779,13688.494140625,20396.505859375,0.5984012280878686
China,5,111,5532.0,1942.2027587890625,3589.7972412109375,0.648914902605014,1886.61669921875,3645.38330078125,0.6589629972489606,2095.33251953125,3436.66748046875,0.6212341794050524,2231.442626953125,3300.557373046875,0.5966300385117272,803.3222045898438,4728.677795410156,0.8547862970734195,2201.057861328125,3330.942138671875,0.6021225847201509,2173.45458984375,3358.54541015625,0.607112330107782
China,5,119,2933.0,2898.52294921875,34.47705078125,0.011754875820405727,3572.38134765625,639.38134765625,0.217995686210791,4515.06298828125,1582.06298828125,0.5394009506584555,3525.8740234375,592.8740234375,0.20213911470763724,2978.74072265625,45.74072265625,0.015595200360126151,2857.982666015625,75.017333984375,0.025576997608037846,2896.5986328125,36.4013671875,0.012410967332935561
China,5,139,311.0,1246.162841796875,935.162841796875,3.0069544752311095,941.0363159179688,630.0363159179688,2.0258402441092245,627.0748291015625,316.0748291015625,1.0163177784616158,1247.321533203125,936.321533203125,3.0106801710711415,1768.1109619140625,1457.1109619140625,4.685244250527532,1575.3104248046875,1264.3104248046875,4.065306832169413,1356.360595703125,1045.360595703125,3.3612880890775725
China,5,150,499.0,2291.35205078125,1792.35205078125,3.5918878773171343,4319.43603515625,3820.43603515625,7.6561844391908815,969.809326171875,470.809326171875,0.9435056636710922,4340.861328125,3841.861328125,7.699120898046092,3994.024169921875,3495.024169921875,7.004056452749248,2204.402587890625,1705.402587890625,3.4176404566946395,2173.03564453125,1674.03564453125,3.354780850764028
China,5,158,528.0,894.4346923828125,366.4346923828125,0.6940050992098722,892.5712890625,364.5712890625,0.6904759262547349,1096.1260986328125,568.1260986328125,1.0759963989257812,1428.385009765625,900.385009765625,1.705274639707623,1797.267578125,1269.267578125,2.403915867660985,2114.42431640625,1586.42431640625,3.0045915083451704,1805.63818359375,1277.63818359375,2.419769287109375
China,5,167,212.0,765.8753662109375,553.8753662109375,2.6126196519383846,646.063720703125,434.063720703125,2.0474703806751178,613.5831298828125,401.5831298828125,1.89426004661704,648.4095458984375,436.4095458984375,2.058535593860554,606.0478515625,394.0478515625,1.8587162809551887,466.82867431640625,254.82867431640625,1.2020220486622937,624.9505615234375,412.9505615234375,1.947880007186026
China,5,177,1661.0,3832.636962890625,2171.636962890625,1.3074274309997742,4190.1298828125,2529.1298828125,1.5226549565397351,3598.1328125,1937.1328125,1.166244920228778,4182.82177734375,2521.82177734375,1.5182551338613788,4233.1376953125,2572.1376953125,1.5485476792971102,1520.927490234375,140.072509765625,0.08433022863673992,4113.23583984375,2452.23583984375,1.4763611317542142
China,5,184,3344.0,6583.419921875,3239.419921875,0.9687260531922847,4486.2216796875,1142.2216796875,0.3415734688060706,17259.21875,13915.21875,4.161249626196172,2976.64794921875,367.35205078125,0.10985408217142643,3081.22314453125,262.77685546875,0.07858159553491328,9041.73828125,5697.73828125,1.7038691032446172,5754.1611328125,2410.1611328125,0.7207419655539773
China,5,196,827.0,1276.6512451171875,449.6512451171875,0.5437137184004686,1789.497314453125,962.497314453125,1.1638419763641172,1318.593994140625,491.593994140625,0.594430464498942,1815.678466796875,988.678466796875,1.1954999598511185,1841.875244140625,1014.875244140625,1.2271768369294136,1233.3154296875,406.3154296875,0.49131249055320436,1565.834716796875,738.834716796875,0.8933914350627267
China,5,198,201.0,625.1727294921875,424.1727294921875,2.1103120870258083,452.782958984375,251.782958984375,1.2526515372356966,1685.714111328125,1484.714111328125,7.386637369791667,422.4391784667969,221.43917846679688,1.1016874550586908,508.82476806640625,307.82476806640625,1.5314665077930658,695.92333984375,494.92333984375,2.46230517335199,622.53173828125,421.53173828125,2.0971728272699006
China,5,210,442.0,622.1979370117188,180.19793701171875,0.40768764029800625,852.6314697265625,410.6314697265625,0.9290304744944853,1389.103759765625,947.103759765625,2.1427686872525453,847.6710205078125,405.6710205078125,0.9178077387054582,915.2735595703125,473.2735595703125,1.0707546596613404,1557.3489990234375,1115.3489990234375,2.5234140249399037,847.9725341796875,405.9725341796875,0.9184898963341346
China,5,222,742.0,863.07421875,121.07421875,0.16317280154986524,770.0597534179688,28.05975341796875,0.03781637926949966,1260.9609375,518.9609375,0.6994082715633423,769.1878662109375,27.1878662109375,0.0366413291252527,636.070556640625,105.929443359375,0.1427620530449798,856.070068359375,114.070068359375,0.15373324576735176,634.379638671875,107.620361328125,0.1450409182319744
China,5,228,1001.0,3722.6875,2721.6875,2.7189685314685317,1163.844970703125,162.844970703125,0.1626822884147103,3280.01806640625,2279.01806640625,2.276741325081169,3309.40625,2308.40625,2.30610014985015,1749.71240234375,748.71240234375,0.7479644379058441,937.6380615234375,63.3619384765625,0.06329863983672578,3948.84228515625,2947.84228515625,2.9448973877684814
China,5,238,1644.0,1461.54443359375,182.45556640625,0.11098270462667274,1373.3375244140625,270.6624755859375,0.1646365423272126,753.3682250976562,890.6317749023438,0.5417468217167541,837.7105712890625,806.2894287109375,0.49044369143001065,915.9348754882812,728.0651245117188,0.44286199787817443,762.9462890625,881.0537109375,0.5359207487454379,794.222412109375,849.777587890625,0.5168963429991636
China,5,244,2551.0,5770.43359375,3219.43359375,1.2620280649745197,3860.244140625,1309.244140625,0.5132278089474716,11404.4296875,8853.4296875,3.4705722020776166,4032.746826171875,1481.746826171875,0.5808494026545963,2686.37548828125,135.37548828125,0.05306761594717758,4951.76416015625,2400.76416015625,0.9411070796378871,4125.1201171875,1574.1201171875,0.6170600224176793
China,5,249,14938.0,9780.033203125,5157.966796875,0.3452916586474093,9193.0595703125,5744.9404296875,0.38458564932972955,13017.201171875,1920.798828125,0.12858473879535412,4211.89111328125,10726.10888671875,0.7180418320202671,6679.63916015625,8258.36083984375,0.5528424715386095,7488.9580078125,7449.0419921875,0.4986639437801245,6760.68310546875,8177.31689453125,0.5474171170525672
China,5,250,1049.0,1178.1444091796875,129.1444091796875,0.12311192486147521,1453.249267578125,404.249267578125,0.385366317996306,1752.226806640625,703.226806640625,0.670378271344733,768.7847900390625,280.2152099609375,0.2671260342811606,1625.8907470703125,576.8907470703125,0.5499435148430052,1185.3870849609375,136.3870849609375,0.13001628690270495,981.298583984375,67.701416015625,0.06453900478133937
China,5,281,915.0,1764.6248779296875,849.6248779296875,0.9285517791581284,1216.565673828125,301.565673828125,0.3295799713968579,1790.4571533203125,875.4571533203125,0.9567837741205601,1206.59619140625,291.59619140625,0.31868436219262297,1226.9425048828125,311.9425048828125,0.34092077036372953,1809.47216796875,894.47216796875,0.9775652108948087,1952.2451171875,1037.2451171875,1.1336012209699453
China,5,284,1512.0,1656.187744140625,144.187744140625,0.09536226464327051,1444.334228515625,67.665771484375,0.044752494367972885,2214.5615234375,702.5615234375,0.4646570922205688,1105.637939453125,406.362060546875,0.268757976552166,965.7560424804688,546.2439575195312,0.36127245867693863,1138.6396484375,373.3603515625,0.24693144944609788,1698.40966796875,186.40966796875,0.12328681743964948
China,5,296,3219.0,559.8082275390625,2659.1917724609375,0.8260925046476972,742.6298828125,2476.3701171875,0.7692979550132029,1354.79833984375,1864.20166015625,0.5791244672743865,801.0721435546875,2417.9278564453125,0.751142546270678,557.9602661132812,2661.0397338867188,0.8266665839971167,548.0265502929688,2670.9734497070312,0.8297525472839489,552.2540283203125,2666.7459716796875,0.8284392580551996
China,5,298,4112.0,4485.16259765625,373.16259765625,0.09074965896309582,2404.5634765625,1707.4365234375,0.4152326175674854,2422.548583984375,1689.451416015625,0.410858807396796,2407.38037109375,1704.61962890625,0.4145475751231153,1919.430419921875,2192.569580078125,0.5332124465170538,4299.39111328125,187.39111328125,0.04557176879407831,4606.1572265625,494.1572265625,0.1201744228021644
China,5,307,16357.0,15633.3984375,723.6015625,0.0442380364675674,7812.57763671875,8544.42236328125,0.5223709948817784,16824.51953125,467.51953125,0.028582229702879502,17659.2578125,1302.2578125,0.07961471006296998,19547.12890625,3190.12890625,0.19503141812373906,20009.796875,3652.796875,0.223317043161949,20518.232421875,4161.232421875,0.2544007105138473
China,5,314,4504.0,6147.26025390625,1643.26025390625,0.3648446389667518,3057.193359375,1446.806640625,0.32122705164853466,3625.834716796875,878.165283203125,0.19497453001845583,1808.62548828125,2695.37451171875,0.5984401669002554,2788.673828125,1715.326171875,0.380845064803508,2131.7724609375,2372.2275390625,0.5266935033442496,2730.658203125,1773.341796875,0.39372597621558614
China,5,335,6821.0,6024.2890625,796.7109375,0.1168026590675854,2075.368408203125,4745.631591796875,0.6957383949269719,4868.64599609375,1952.35400390625,0.28622694676825244,1774.7625732421875,5046.2374267578125,0.7398090348567384,6071.18505859375,749.81494140625,0.10992742140540243,6097.1943359375,723.8056640625,0.10611430348372673,5016.5048828125,1804.4951171875,0.26454993654706055
China,5,353,241.0,810.0228271484375,569.0228271484375,2.3610905690806536,689.5072021484375,448.5072021484375,1.8610257350557573,865.2734985351562,624.2734985351562,2.590346466950856,365.5809631347656,124.58096313476562,0.5169334569907287,456.6605224609375,215.6605224609375,0.8948569396719398,803.4639892578125,562.4639892578125,2.3338754740988072,465.68994140625,224.68994140625,0.9323234083246889
China,5,360,293.0,281.2371520996094,11.762847900390625,0.04014623856788609,285.1562194824219,7.843780517578125,0.0267705819712564,490.4414978027344,197.44149780273438,0.6738617672448273,308.58721923828125,15.58721923828125,0.05319870047194966,307.74688720703125,14.74688720703125,0.050330673061540106,161.1220703125,131.8779296875,0.450095323165529,272.40887451171875,20.59112548828125,0.07027687879959471
China,5,381,33028.0,31464.052734375,1563.947265625,0.047352163789057766,17650.7421875,15377.2578125,0.46558246979835294,28587.509765625,4440.490234375,0.13444623453963303,31156.34375,1871.65625,0.05666877346493884,23492.609375,9535.390625,0.28870626816640427,31255.5078125,1772.4921875,0.05366634938536999,30925.3671875,2102.6328125,0.06366212948104638
China,5,383,701.0,753.4642944335938,52.46429443359375,0.07484207479827924,911.6804809570312,210.68048095703125,0.3005427688402728,763.6097412109375,62.6097412109375,0.08931489473742868,869.5765380859375,168.5765380859375,0.2404800828615371,1412.359130859375,711.359130859375,1.0147776474456134,630.4153442382812,70.58465576171875,0.10069137769146755,590.4174194335938,110.58258056640625,0.1577497582972985
China,5,392,2395.0,2404.416015625,9.416015625,0.003931530532359081,4474.0859375,2079.0859375,0.8680943371607516,1800.7825927734375,594.2174072265625,0.24810747692132046,2432.764404296875,37.764404296875,0.015768018495563675,950.3076171875,1444.6923828125,0.6032118508611691,2336.751953125,58.248046875,0.02432068763048017,2472.4619140625,77.4619140625,0.03234317914926931
China,5,396,3193.0,4669.755859375,1476.755859375,0.46249792025524583,3555.840087890625,362.840087890625,0.11363610644867679,8054.328125,4861.328125,1.5224954979642968,3610.56787109375,417.56787109375,0.13077603228742563,4973.60498046875,1780.60498046875,0.5576589353174913,4810.8046875,1617.8046875,0.5066723105230191,4890.65380859375,1697.65380859375,0.5316798648899937
China,5,398,3437.0,2315.8310546875,1121.1689453125,0.32620568673625255,1366.8489990234375,2070.1510009765625,0.6023133549539024,1702.534912109375,1734.465087890625,0.5046450648503419,868.4088745117188,2568.5911254882812,0.7473352125365962,654.203857421875,2782.796142578125,0.8096584645266585,1394.15771484375,2042.84228515625,0.5943678455502619,1453.0191650390625,1983.9808349609375,0.577242023555699
China,5,400,408.0,1724.668701171875,1316.668701171875,3.2271291695389093,1694.90673828125,1286.90673828125,3.154183182061887,1567.833740234375,1159.833740234375,2.8427297554764093,2084.98291015625,1676.98291015625,4.110252230775123,1692.2049560546875,1284.2049560546875,3.147561166800705,2377.57958984375,1969.57958984375,4.827400955499387,1602.843505859375,1194.843505859375,2.9285380045572915
China,5,414,553.0,883.5909423828125,330.5909423828125,0.5978136390285941,1581.168701171875,1028.168701171875,1.8592562408171338,865.1348876953125,312.1348876953125,0.564439218255538,1400.4588623046875,847.4588623046875,1.5324753387064873,1087.5595703125,534.5595703125,0.9666538341998192,724.4842529296875,171.4842529296875,0.3100981065636302,717.517822265625,164.517822265625,0.2975005827588155
China,5,418,3191.0,5890.400390625,2699.400390625,0.8459418334769665,6268.6494140625,3077.6494140625,0.964478036371827,1961.813232421875,1229.186767578125,0.38520425182642587,9655.06640625,6464.06640625,2.0257180840645566,4979.1064453125,1788.1064453125,0.5603592746200251,2920.556884765625,270.443115234375,0.08475183805527264,2212.31689453125,978.68310546875,0.30670106721051393
China,5,421,80.0,1351.57080078125,1271.57080078125,15.894635009765626,680.313232421875,600.313232421875,7.503915405273437,909.2520141601562,829.2520141601562,10.365650177001953,682.759765625,602.759765625,7.5344970703125,665.8336181640625,585.8336181640625,7.322920227050782,1106.168701171875,1026.168701171875,12.827108764648438,990.9791259765625,910.9791259765625,11.387239074707031
China,5,428,646.0,3136.035888671875,2490.035888671875,3.854544719306308,4255.98876953125,3609.98876953125,5.588217909491099,1144.9892578125,498.9892578125,0.7724291916602167,1336.1278076171875,690.1278076171875,1.0683092997170085,3116.6796875,2470.6796875,3.824581559597523,1073.630859375,427.630859375,0.6619672745743034,1252.337890625,606.337890625,0.9386035458591331
China,5,441,2038.0,3261.21044921875,1223.21044921875,0.6002013980464916,2575.0517578125,537.0517578125,0.2635190175723749,1209.112060546875,828.887939453125,0.4067163589073234,3332.90283203125,1294.90283203125,0.6353792110065015,709.0499877929688,1328.9500122070312,0.6520853838111046,1287.00634765625,750.99365234375,0.36849541331881747,1148.8389892578125,889.1610107421875,0.436290976811672
China,5,451,3981.0,5739.3173828125,1758.3173828125,0.44167731293958806,5587.521484375,1606.521484375,0.40354722039060537,18482.82421875,14501.82421875,3.642759160700829,5134.2724609375,1153.2724609375,0.28969416250627983,6217.17431640625,2236.17431640625,0.5617117097227455,4008.40234375,27.40234375,0.006883281524742527,5628.37841796875,1647.37841796875,0.4138102029562296
China,5,464,2566.0,5935.287109375,3369.287109375,1.313050315422837,4963.66455078125,2397.66455078125,0.9343977204915238,5909.951171875,3343.951171875,1.3031766063425565,4863.81787109375,2297.81787109375,0.8954863098572681,4324.97216796875,1758.97216796875,0.685491881515491,4356.0625,1790.0625,0.6976081449727202,4293.28173828125,1727.28173828125,0.6731417530324435
China,5,468,500.0,363.85467529296875,136.14532470703125,0.2722906494140625,476.1954040527344,23.804595947265625,0.04760919189453125,316.271484375,183.728515625,0.36745703125,474.6308288574219,25.369171142578125,0.05073834228515625,545.4330444335938,45.43304443359375,0.0908660888671875,415.9951171875,84.0048828125,0.168009765625,541.5802001953125,41.5802001953125,0.083160400390625
China,5,476,2565.0,2743.9296875,178.9296875,0.06975816276803119,2802.830078125,237.830078125,0.09272127802144249,2448.06591796875,116.93408203125,0.045588336074561406,3309.4794921875,744.4794921875,0.29024541605750487,8007.2861328125,5442.2861328125,2.121748979653996,4387.578125,1822.578125,0.7105567738791423,3559.583984375,994.583984375,0.3877520406920078
China,5,488,500.0,869.0079345703125,369.0079345703125,0.738015869140625,1135.656494140625,635.656494140625,1.27131298828125,3048.226318359375,2548.226318359375,5.09645263671875,1196.8338623046875,696.8338623046875,1.393667724609375,2820.388427734375,2320.388427734375,4.64077685546875,1411.302734375,911.302734375,1.82260546875,1988.1829833984375,1488.1829833984375,2.976365966796875
China,6,89,762.0,391.68994140625,370.31005859375,0.48597120550360895,484.96600341796875,277.03399658203125,0.36356167530450295,485.31060791015625,276.68939208984375,0.36310943843811516,484.56683349609375,277.43316650390625,0.3640855203463337,484.0518493652344,277.9481506347656,0.3647613525390625,486.023193359375,275.976806640625,0.36217428692995407,486.8077392578125,275.1922607421875,0.361144699136729
China,6,96,183.0,895.0250854492188,712.0250854492188,3.890847461471141,664.2478637695312,481.24786376953125,2.6297697473744877,654.7740478515625,471.7740478515625,2.578000261483948,883.5106201171875,700.5106201171875,3.8279268858862703,676.36083984375,493.36083984375,2.6959608734631146,648.9523315429688,465.95233154296875,2.5461876040599387,643.360595703125,460.360595703125,2.51563167050888
China,6,97,1482.0,1603.01708984375,121.01708984375,0.0816579553601552,1591.4345703125,109.4345703125,0.0738424900894062,2043.1331787109375,561.1331787109375,0.3786323742988782,1627.310546875,145.310546875,0.09805030153508772,1639.972900390625,157.972900390625,0.10659439972376855,1557.226318359375,75.226318359375,0.050759998892965584,1543.491455078125,61.491455078125,0.04149220990426788
China,6,112,4815.0,2215.639404296875,2599.360595703125,0.5398464373215213,2198.21142578125,2616.78857421875,0.5434659551856179,2112.19775390625,2702.80224609375,0.5613296461253894,2166.227294921875,2648.772705078125,0.5501085576486241,2050.88134765625,2764.11865234375,0.5740641022520768,1081.7568359375,3733.2431640625,0.7753360673026999,1090.4163818359375,3724.5836181640625,0.7735376154027129
China,6,122,2540.0,8221.9873046875,5681.9873046875,2.2370028758612204,8083.2998046875,5543.2998046875,2.1824014979084647,6805.46484375,4265.46484375,1.6793168676181103,6769.98291015625,4229.98291015625,1.6653476024237204,8221.03515625,5681.03515625,2.2366280142716537,7682.17431640625,5142.17431640625,2.0244780773252953,4637.32275390625,2097.32275390625,0.82571761964813
China,6,123,26.0,796.4767456054688,770.4767456054688,29.63372098482572,816.39306640625,790.39306640625,30.399733323317307,1139.3994140625,1113.3994140625,42.82305438701923,788.526123046875,762.526123046875,29.327927809495193,1156.697021484375,1130.697021484375,43.48834698016827,1115.572509765625,1089.572509765625,41.90663499098558,1060.69384765625,1034.69384765625,39.79591721754808
China,6,125,906.0,825.799560546875,80.200439453125,0.08852145635002759,626.6771240234375,279.3228759765625,0.3083033951176187,828.482421875,77.517578125,0.08556024075607065,2162.531982421875,1256.531982421875,1.3869006428497517,826.1295166015625,79.8704833984375,0.0881572664441915,2031.5604248046875,1125.5604248046875,1.2423404247292356,526.5204467773438,379.47955322265625,0.41885160399851684
China,6,129,148.0,2124.6689453125,1976.6689453125,13.355871252111486,2134.64599609375,1986.64599609375,13.423283757390204,2139.46630859375,1991.46630859375,13.455853436444256,1795.0750732421875,1647.0750732421875,11.12888563001478,2136.77490234375,1988.77490234375,13.437668259079391,2250.41943359375,2102.41943359375,14.205536713471284,2245.571533203125,2097.571533203125,14.172780629750845
China,6,143,2941.0,4082.480712890625,1141.480712890625,0.3881267299866117,3977.874755859375,1036.874755859375,0.35255857050641787,3939.37109375,998.37109375,0.33946653986739206,3994.439697265625,1053.439697265625,0.3581909885296243,3986.06005859375,1045.06005859375,0.35534174042630057,2046.616455078125,894.383544921875,0.30410865179254504,2254.90576171875,686.09423828125,0.23328603817791568
China,6,146,26408.0,9527.474609375,16880.525390625,0.639220137482013,5245.52734375,21162.47265625,0.8013659745626326,7540.0087890625,18867.9912109375,0.7144801276483452,8124.79150390625,18283.20849609375,0.6923359775861008,7514.0009765625,18893.9990234375,0.7154649736230498,12771.3740234375,13636.6259765625,0.5163823832385073,17244.18359375,9163.81640625,0.3470091035387004
China,6,147,1244.0,388.324951171875,855.675048828125,0.687841679122287,384.8217468261719,859.1782531738281,0.6906577597860355,385.4295349121094,858.5704650878906,0.6901691841542529,1069.599609375,174.400390625,0.1401932400522508,748.2095336914062,495.79046630859375,0.3985453909233069,1055.18017578125,188.81982421875,0.1517844246131431,886.9970703125,357.0029296875,0.28697984701567525
China,6,163,1076.0,8281.103515625,7205.103515625,6.696192858387547,3746.6279296875,2670.6279296875,2.4819962171816914,3033.04345703125,1957.04345703125,1.8188136217762547,8955.2666015625,7879.2666015625,7.322738477288569,2223.294677734375,1147.294677734375,1.0662589941769285,2203.08056640625,1127.08056640625,1.0474726453589684,2697.69140625,1621.69140625,1.5071481470724908
China,6,179,6063.0,896.739501953125,5166.260498046875,0.8520964040981156,986.8251953125,5076.1748046875,0.8372381337106218,1637.0341796875,4425.9658203125,0.7299960119268514,762.49951171875,5300.50048828125,0.8742372568499506,898.301025390625,5164.698974609375,0.851838854463034,3798.258056640625,2264.741943359375,0.3735348743789172,2798.9033203125,3264.0966796875,0.5383632986454725
China,6,183,352.0,531.103271484375,179.103271484375,0.5088161121715199,532.6378173828125,180.6378173828125,0.5131756175648082,755.0333251953125,403.0333251953125,1.1449810374866833,548.0554809570312,196.05548095703125,0.5569757981733843,528.8382568359375,176.8382568359375,0.5023814114657316,544.28369140625,192.28369140625,0.5462604869495739,989.0863037109375,637.0863037109375,1.8099042719060725
China,6,194,2194.0,1270.123779296875,923.876220703125,0.42109216987380355,1248.2879638671875,945.7120361328125,0.4310446837433056,1251.0609130859375,942.9390869140625,0.42978080533913515,1243.72607421875,950.27392578125,0.4331239406477894,1265.3736572265625,928.6263427734375,0.4232572209541648,1332.810546875,861.189453125,0.39252026122379213,1726.662841796875,467.337158203125,0.21300690893487922
China,6,202,43303.0,7323.5439453125,35979.4560546875,0.8308767534509733,6237.1591796875,37065.8408203125,0.8559647327047202,6222.1640625,37080.8359375,0.8563110162690807,7348.0791015625,35954.9208984375,0.8303101609227421,6043.39990234375,37259.60009765625,0.8604392327934843,7427.009765625,35875.990234375,0.8284874081328083,6161.19775390625,37141.80224609375,0.8577189166130234
China,6,219,1265.0,4714.0791015625,3449.0791015625,2.726544744318182,1958.77001953125,693.77001953125,0.548434798048419,2070.427734375,805.427734375,0.6367017663043478,3405.4375,2140.4375,1.6920454545454546,2023.32763671875,758.32763671875,0.5994684875247036,2015.1854248046875,750.1854248046875,0.5930319563673419,2398.07666015625,1133.07666015625,0.8957127748270751
China,6,223,584.0,754.3533935546875,170.3533935546875,0.2917010163607663,755.1296997070312,171.12969970703125,0.29303030771751926,1308.888916015625,724.888916015625,1.2412481438623715,750.737548828125,166.737548828125,0.2855095014180223,748.0073852539062,164.00738525390625,0.28083456379093535,503.33294677734375,80.66705322265625,0.1381285157922196,577.75830078125,6.24169921875,0.010687841127996575
China,6,239,13528.0,754.2635498046875,12773.736450195312,0.9442442674597363,2281.483154296875,11246.516845703125,0.8313510382690069,2289.58544921875,11238.41455078125,0.8307521104953615,1113.636474609375,12414.363525390625,0.917679148831359,2287.837890625,11240.162109375,0.8308812913494235,2316.84814453125,11211.15185546875,0.8287368314214038,2335.29638671875,11192.70361328125,0.8273731233945335
China,6,246,1817.0,6694.27880859375,4877.27880859375,2.6842481059954597,8057.72705078125,6240.72705078125,3.4346323889825263,10752.46875,8935.46875,4.9177043203082,8787.8857421875,6970.8857421875,3.836480870769125,15352.2890625,13535.2890625,7.44925099752339,9172.2998046875,7355.2998046875,4.048046122557787,5124.5478515625,3307.5478515625,1.82033453580765
China,6,253,3675.0,2015.6617431640625,1659.3382568359375,0.451520614105017,1730.9061279296875,1944.0938720703125,0.5290051352572279,1791.8427734375,1883.1572265625,0.5124237351190476,2320.54833984375,1354.45166015625,0.36855827487244897,1846.0780029296875,1828.9219970703125,0.4976658495429422,1908.7694091796875,1766.2305908203125,0.4806069634885204,1770.385986328125,1904.614013671875,0.5182623166454081
China,6,272,812.0,1939.032470703125,1127.032470703125,1.3879710230334052,1042.823486328125,230.823486328125,0.28426537725138545,2465.28759765625,1653.28759765625,2.0360684700200125,1053.10205078125,241.10205078125,0.2969237078586823,748.90673828125,63.09326171875,0.07770106122998768,1418.6328125,606.6328125,0.7470847444581281,1482.113525390625,670.113525390625,0.8252629623037254
China,6,286,1939.0,799.914794921875,1139.085205078125,0.5874601367086771,887.3267822265625,1051.6732177734375,0.5423791736840833,570.4556884765625,1368.5443115234375,0.7057990260564402,803.5629272460938,1135.4370727539062,0.5855786863093895,770.3526611328125,1168.6473388671875,0.6027062088020565,797.3264770507812,1141.6735229492188,0.5887950092569463,816.0726928710938,1122.9273071289062,0.5791270279158877
China,6,290,2971.0,2025.086181640625,945.913818359375,0.31838230170291987,2734.189453125,236.810546875,0.07970735337428475,1756.108642578125,1214.891357421875,0.4089166467256395,2763.8486328125,207.1513671875,0.06972445883120161,1757.4425048828125,1213.5574951171875,0.40846768600376554,2722.3046875,248.6953125,0.08370761107371255,3159.966796875,188.966796875,0.0636037687226523
China,6,297,4630.0,7415.384765625,2785.384765625,0.6015949817764579,14763.443359375,10133.443359375,2.1886486737311017,14604.107421875,9974.107421875,2.1542348643358533,4702.8916015625,72.8916015625,0.01574332647138229,14703.6103515625,10073.6103515625,2.17572577787527,9044.1865234375,4414.1865234375,0.9533880180210583,11370.9765625,6740.9765625,1.4559344627429807
China,6,299,580.0,367.7460632324219,212.25393676757812,0.3659550633923761,418.54180908203125,161.45819091796875,0.27837619123787716,421.392822265625,158.607177734375,0.2734606512661638,418.4957580566406,161.50424194335938,0.27845558955751615,422.33843994140625,157.66156005859375,0.27183027596309267,499.74249267578125,80.25750732421875,0.13837501262796337,498.37213134765625,81.62786865234375,0.14073770457300647
China,6,301,937.0,1242.995361328125,305.995361328125,0.3265692223352455,937.1637573242188,0.16375732421875,0.00017476768860058697,934.953369140625,2.046630859375,0.002184237843516542,920.6651000976562,16.33489990234375,0.01743319093099653,920.1292724609375,16.8707275390625,0.018005045399212913,917.8134765625,19.1865234375,0.020476545824439703,933.4591674804688,3.54083251953125,0.0037789034359991995
China,6,304,25217.0,4436.611328125,20780.388671875,0.8240626827883967,30131.294921875,4914.294921875,0.19488023642284966,30178.568359375,4961.568359375,0.19675490182714042,14252.6640625,10964.3359375,0.43479937889122416,30083.908203125,4866.908203125,0.19300107876135147,5949.74755859375,19267.25244140625,0.7640580735775965,5620.21826171875,19596.78173828125,0.7771258174359064
China,6,305,176.0,542.12646484375,366.12646484375,2.080264004794034,1227.0843505859375,1051.0843505859375,5.972070173783735,1195.2620849609375,1019.2620849609375,5.791261846368963,1218.12646484375,1042.12646484375,5.921173095703125,1199.6356201171875,1023.6356201171875,5.816111477938565,505.3297119140625,329.3297119140625,1.8711915449662642,502.72088623046875,326.72088623046875,1.856368671764027
China,6,318,7459.0,2531.71337890625,4927.28662109375,0.6605827350977007,2558.43212890625,4900.56787109375,0.6570006530491688,1350.47509765625,6108.52490234375,0.8189468966810229,2349.5546875,5109.4453125,0.685004063882558,1360.195068359375,6098.804931640625,0.8176437768656154,1801.2095947265625,5657.7904052734375,0.7585186225061586,1188.3436279296875,6270.6563720703125,0.8406832513836053
China,6,329,3703.0,5282.279296875,1579.279296875,0.42648644258034024,3442.07275390625,260.92724609375,0.07046374455677828,2771.44482421875,931.55517578125,0.2515676953230489,3941.75146484375,238.75146484375,0.06447514578551175,2669.708984375,1033.291015625,0.279041592121253,2698.07568359375,1004.92431640625,0.27138112784397783,2672.491455078125,1030.508544921875,0.2782901822635363
China,6,338,3638.0,3173.61572265625,464.38427734375,0.12764823456397745,2715.29541015625,922.70458984375,0.25362962887403795,2751.073486328125,886.926513671875,0.24379508347220313,3447.564208984375,190.435791015625,0.05234628670028175,2717.99462890625,920.00537109375,0.2528876775958631,2748.745849609375,889.254150390625,0.2444348956543774,2717.4814453125,920.5185546875,0.25302873960623967
China,6,349,1440.0,2327.993896484375,887.993896484375,0.6166624281141493,3783.28125,2343.28125,1.6272786458333333,3271.150634765625,1831.150634765625,1.2716323852539062,2892.357421875,1452.357421875,1.00858154296875,6690.658203125,5250.658203125,3.6462904188368057,2817.8671875,1377.8671875,0.9568522135416667,2744.01220703125,1304.01220703125,0.9055640326605903
China,6,354,1200.0,6313.791015625,5113.791015625,4.261492513020833,4943.16845703125,3743.16845703125,3.119307047526042,3411.78369140625,2211.78369140625,1.843153076171875,3900.69970703125,2700.69970703125,2.2505830891927086,3554.92431640625,2354.92431640625,1.9624369303385416,7031.3017578125,5831.3017578125,4.859418131510417,5072.4755859375,3872.4755859375,3.22706298828125
China,6,358,4086.0,13905.28125,9819.28125,2.4031525330396475,8094.3681640625,4008.3681640625,0.9810005296286098,8106.8125,4020.8125,0.9840461331375429,6033.55712890625,1947.55712890625,0.4766414901875306,7375.6181640625,3289.6181640625,0.8050949985468674,6815.02490234375,2729.02490234375,0.6678964518707171,2035.1865234375,2050.8134765625,0.5019122556442731
China,6,365,1869.0,1676.272705078125,192.727294921875,0.10311786780196629,549.8631591796875,1319.1368408203125,0.7057982026860955,1557.12841796875,311.87158203125,0.16686547995251472,4100.35107421875,2231.35107421875,1.1938743040228732,1613.12060546875,255.87939453125,0.13690711317883894,2544.411376953125,675.411376953125,0.361375803613229,503.59368896484375,1365.4063110351562,0.730554473534059
China,6,367,4019.0,1062.585693359375,2956.414306640625,0.7356094318588268,1006.5150756835938,3012.4849243164062,0.7495608171974139,1192.647216796875,2826.352783203125,0.7032477688985133,1087.2025146484375,2931.7974853515625,0.729484320814024,1192.472412109375,2826.527587890625,0.7032912634711682,1748.38525390625,2270.61474609375,0.5649700786498507,1808.0921630859375,2210.9078369140625,0.5501139181174577
China,6,373,7263.0,10988.8720703125,3725.8720703125,0.5129935385257469,8197.41796875,934.41796875,0.12865454615861213,11401.86328125,4138.86328125,0.5698558834159438,7538.88818359375,275.88818359375,0.03798543075777915,7098.365234375,164.634765625,0.02266759818601129,11749.4775390625,4486.4775390625,0.6177168579185598,7896.72705078125,633.72705078125,0.08725417193738813
China,6,375,28855.0,12691.818359375,16163.181640625,0.5601518503075723,16796.353515625,12058.646484375,0.4179049206160111,15389.916015625,13465.083984375,0.46664647320655,4398.18603515625,24456.81396484375,0.8475762940510744,14681.4375,14173.5625,0.491199532143476,9649.666015625,19205.333984375,0.665580800012996,11931.51953125,16923.48046875,0.5865007960058916
China,6,391,5876.0,2948.563232421875,2927.436767578125,0.4982023089819818,2312.93505859375,3563.06494140625,0.6063759260391848,2019.2974853515625,3856.7025146484375,0.6563482836365618,1543.6767578125,4332.3232421875,0.7372912256956263,1254.425048828125,4621.574951171875,0.786517180253893,2359.97802734375,3516.02197265625,0.598369974924481,2331.76904296875,3544.23095703125,0.6031706870373128
China,6,394,1741.0,631.4525146484375,1109.5474853515625,0.6373047015230112,653.2573852539062,1087.7426147460938,0.6247803645870728,508.02197265625,1232.97802734375,0.7082010495943424,1309.8916015625,431.1083984375,0.24762113637995406,648.5780639648438,1092.4219360351562,0.6274680850288089,1282.6156005859375,458.3843994140625,0.2632879950683874,1446.781494140625,294.218505859375,0.1689939723488656
China,6,395,1579.0,1413.5218505859375,165.4781494140625,0.10479933465108454,1297.5928955078125,281.4071044921875,0.178218558893089,1435.7178955078125,143.2821044921875,0.0907423081014487,1812.063232421875,233.063232421875,0.1476017938073939,1314.247802734375,264.752197265625,0.16767080257481,1595.576416015625,16.576416015625,0.010498046875,1902.3447265625,323.3447265625,0.20477816755066497
China,6,406,13752.0,1165.890869140625,12586.109130859375,0.9152202683870982,1080.1290283203125,12671.870971679688,0.9214565860732757,2118.863037109375,11633.136962890625,0.845923281187509,1799.7203369140625,11952.279663085938,0.8691302838195126,1086.0123291015625,12665.987670898438,0.9210287718803402,2055.4189453125,11696.5810546875,0.8505367259080497,1954.112548828125,11797.887451171875,0.8579033923190718
China,6,415,354.0,1863.1751708984375,1509.1751708984375,4.263206697453214,2295.5849609375,1941.5849609375,5.484703279484464,2024.44287109375,1670.44287109375,4.7187651725812145,1430.7225341796875,1076.7225341796875,3.041589079603637,2287.577880859375,1933.577880859375,5.462084409207274,3336.4189453125,2982.4189453125,8.424912274894067,3318.867431640625,2964.867431640625,8.375331727798375
China,6,417,5482.0,3661.1884765625,1820.8115234375,0.3321436562271981,3658.062744140625,1823.937255859375,0.33271383726001,3469.64599609375,2012.35400390625,0.36708391169395294,3661.769775390625,1820.230224609375,0.3320376184986091,3356.2529296875,2125.7470703125,0.38776852796652683,3589.37451171875,1892.62548828125,0.34524361333112913,5268.4501953125,213.5498046875,0.03895472540815396
China,6,423,2002.0,1392.238037109375,609.761962890625,0.3045764050402722,1051.763427734375,950.236572265625,0.4746436424903222,1472.445068359375,529.554931640625,0.26451295286744503,1503.0426025390625,498.9573974609375,0.24922946926120754,1181.114013671875,820.885986328125,0.41003296020385865,1736.6572265625,265.3427734375,0.13253884787087913,1761.02587890625,240.97412109375,0.12036669385302198
China,6,431,7091.0,2893.876953125,4197.123046875,0.5918943797595544,980.1400756835938,6110.859924316406,0.8617768896229595,2350.97802734375,4740.02197265625,0.6684560672198914,2336.2890625,4754.7109375,0.6705275613453674,2854.2548828125,4236.7451171875,0.5974820359875194,2033.7315673828125,5057.2684326171875,0.7131953790180775,2039.3623046875,5051.6376953125,0.712401310860598
China,6,446,3655.0,5393.1474609375,1738.1474609375,0.4755533408857729,15653.908203125,11998.908203125,3.282875021374829,18095.76953125,14440.76953125,3.9509629360465115,6026.939453125,2371.939453125,0.6489574427154583,15490.8740234375,11835.8740234375,3.2382692266586868,8395.05859375,4740.05859375,1.2968696562927498,8522.53125,4867.53125,1.3317458960328317
China,6,473,600.0,1174.516357421875,574.516357421875,0.9575272623697917,1074.5406494140625,474.5406494140625,0.7909010823567708,2140.69970703125,1540.69970703125,2.5678328450520835,1463.57080078125,863.57080078125,1.43928466796875,2113.649169921875,1513.649169921875,2.5227486165364583,2032.031982421875,1432.031982421875,2.386719970703125,1146.6669921875,546.6669921875,0.9111116536458334
China,6,480,400.0,2789.63720703125,2389.63720703125,5.974093017578125,2116.519287109375,1716.519287109375,4.291298217773438,2773.1435546875,2373.1435546875,5.93285888671875,548.2523193359375,148.2523193359375,0.37063079833984375,2741.59912109375,2341.59912109375,5.853997802734375,580.5088500976562,180.50885009765625,0.4512721252441406,582.3421630859375,182.3421630859375,0.45585540771484373
China,7,12,2640.0,2634.994140625,5.005859375,0.0018961588541666667,1819.98583984375,820.01416015625,0.3106114243016099,844.4490966796875,1795.5509033203125,0.6801329179243608,2466.202880859375,173.797119140625,0.06583224209872159,920.66259765625,1719.33740234375,0.6512641675544507,1003.16796875,1636.83203125,0.6200121330492424,926.9714965820312,1713.0285034179688,0.648874433112867
China,7,28,2974.0,1171.024658203125,1802.975341796875,0.6062459118348604,948.3578491210938,2025.6421508789062,0.6811170648550459,2830.10009765625,143.89990234375,0.048385979268241425,846.6969604492188,2127.3030395507812,0.715300282296833,3177.0693359375,203.0693359375,0.06828155209734364,3172.029296875,198.029296875,0.06658685167283121,3093.529541015625,119.529541015625,0.04019150673020343
China,7,35,1211.0,494.58642578125,716.41357421875,0.5915884180171346,623.1371459960938,587.8628540039062,0.48543588274476157,507.17681884765625,703.8231811523438,0.5811917267979717,776.632080078125,434.367919921875,0.35868531785456237,516.8589477539062,694.1410522460938,0.5731965749348421,513.096435546875,697.903564453125,0.5763035214311519,508.95794677734375,702.0420532226562,0.5797209357742826
China,7,41,1514.0,1935.151123046875,421.151123046875,0.2781711512859148,1777.324462890625,263.324462890625,0.17392632951824638,2292.14599609375,778.14599609375,0.5139669723208389,1979.771240234375,465.771240234375,0.307642827103286,2293.378662109375,779.378662109375,0.5147811506666942,2306.603759765625,792.603759765625,0.523516353874257,1991.216552734375,477.216552734375,0.3152024786884908
China,7,44,973.0,2244.0654296875,1271.0654296875,1.3063365156089415,1456.3299560546875,483.3299560546875,0.49674198977871276,2481.8388671875,1508.8388671875,1.550707982720966,591.8723754882812,381.12762451171875,0.3917036223142022,1808.9248046875,835.9248046875,0.8591210736767728,2584.794677734375,1611.794677734375,1.6565207376509508,2565.19921875,1592.19921875,1.6363815197841727
China,7,51,1358.0,749.6712646484375,608.3287353515625,0.4479593043825939,907.7003173828125,450.2996826171875,0.3315903406606683,584.7115478515625,773.2884521484375,0.5694318498883929,798.5081787109375,559.4918212890625,0.41199692289327133,629.1884765625,728.8115234375,0.5366800614414581,541.213623046875,816.786376953125,0.6014627223513439,705.4306640625,652.5693359375,0.4805370662279087
China,7,65,2040.0,2450.318359375,410.318359375,0.2011364506740196,1962.51904296875,77.48095703125,0.03798086128982843,2275.46484375,235.46484375,0.11542394301470588,2769.317626953125,729.317626953125,0.3575086406632966,2264.1806640625,224.1806640625,0.10989248238357843,2283.7890625,243.7890625,0.11950444240196079,2275.8662109375,235.8662109375,0.11562069163602941
China,7,85,2459.0,1914.6102294921875,544.3897705078125,0.22138664925083876,2379.9921875,79.0078125,0.032130057950386336,2069.046630859375,389.953369140625,0.15858209399781414,528.5530395507812,1930.4469604492188,0.7850536642737774,1946.43701171875,512.56298828125,0.20844367152551851,1918.0875244140625,540.9124755859375,0.21997253988854717,1961.09326171875,497.90673828125,0.20248342345719805
China,7,95,11719.0,3371.21875,8347.78125,0.7123288036521888,1912.82177734375,9806.17822265625,0.8367760237781594,2598.965087890625,9120.034912109375,0.7782263770039572,3984.14111328125,7734.85888671875,0.6600272110861635,1883.768310546875,9835.231689453125,0.8392552000557322,3235.33935546875,8483.66064453125,0.7239235979632435,3143.971923828125,8575.028076171875,0.7317201191374584
China,7,107,2184.0,1520.4173583984375,663.5826416015625,0.30383820586152127,3076.07373046875,892.07373046875,0.4084586677970467,1376.34375,807.65625,0.36980597527472525,7594.611328125,5410.611328125,2.4773861392513736,1579.306396484375,604.693603515625,0.2768743605840774,1837.889404296875,346.110595703125,0.15847554748311585,1484.960205078125,699.039794921875,0.3200731661730197
China,7,115,470.0,2076.48583984375,1606.48583984375,3.4180549783909573,2807.943359375,2337.943359375,4.974347573138298,1935.4652099609375,1465.4652099609375,3.118011085023271,2255.333740234375,1785.333740234375,3.798582426030585,1922.00927734375,1452.00927734375,3.089381441156915,2386.3212890625,1916.3212890625,4.077279338430851,1968.435546875,1498.435546875,3.188160738031915
China,7,120,4551.0,3049.70703125,1501.29296875,0.329881997088552,1861.5384521484375,2689.4615478515625,0.5909605686336108,4123.51953125,427.48046875,0.09393110717424742,2321.230712890625,2229.769287109375,0.4899515023312184,4188.59228515625,362.40771484375,0.07963254556004175,4223.67041015625,327.32958984375,0.07192476155652604,3272.355224609375,1278.644775390625,0.28095908050771806
China,7,127,1724.0,4337.24853515625,2613.24853515625,1.515805414823811,6390.78173828125,4666.78173828125,2.7069499642002612,12329.3134765625,10605.3134765625,6.151573942321636,6678.37060546875,4954.37060546875,2.873764852360064,7842.3134765625,6118.3134765625,3.5489057288645594,8488.638671875,6764.638671875,3.9238043340342226,11839.0791015625,10115.0791015625,5.86721525612674
China,7,133,2933.0,1155.8226318359375,1777.1773681640625,0.6059247760532092,2746.1923828125,186.8076171875,0.06369165263808388,2375.54736328125,557.45263671875,0.1900622695938459,1302.26171875,1630.73828125,0.5559966864132287,4217.4462890625,1284.4462890625,0.4379291814055575,5331.3134765625,2398.3134765625,0.8176997874403341,4297.6884765625,1364.6884765625,0.4652875815078418
China,7,136,4955.0,3649.729248046875,1305.270751953125,0.26342497516712915,4419.423828125,535.576171875,0.10808802661453078,4289.13671875,665.86328125,0.1343820951059536,2074.89892578125,2880.10107421875,0.5812514781470737,4959.6181640625,4.6181640625,0.0009320210015136226,4759.6904296875,195.3095703125,0.03941666403884965,4854.1015625,100.8984375,0.02036295408678103
China,7,142,3711.0,3296.48486328125,414.51513671875,0.11169903980564538,2372.01904296875,1338.98095703125,0.36081405471065753,3128.466552734375,582.533447265625,0.15697479042458232,3602.107177734375,108.892822265625,0.02934325579779709,3123.637939453125,587.362060546875,0.15827595272079628,2621.27734375,1089.72265625,0.29364663331985985,3124.716552734375,586.283447265625,0.15798529972126785
China,7,159,3748.0,3543.74658203125,204.25341796875,0.054496643001267345,8299.40625,4551.40625,1.2143559898612593,7729.986328125,3981.986328125,1.0624296499799892,4865.8251953125,1117.8251953125,0.29824578316768946,10158.2626953125,6410.2626953125,1.7103155537119796,5898.74462890625,2150.74462890625,0.5738379479472385,8050.220703125,4302.220703125,1.1478710520610993
China,7,164,2387.0,1639.95263671875,747.04736328125,0.3129649615757227,1435.51025390625,951.48974609375,0.3986132157912652,1646.348876953125,740.651123046875,0.31028534689856513,1902.2860107421875,484.7139892578125,0.20306409269284142,1641.59765625,745.40234375,0.31227580383326353,1670.156982421875,716.843017578125,0.30031127673989316,1640.69140625,746.30859375,0.3126554644951822
China,7,170,702.0,1663.0477294921875,961.0477294921875,1.3690138596754808,1945.9295654296875,1243.9295654296875,1.7719794379340277,4047.5595703125,3345.5595703125,4.76575437366453,2412.14208984375,1710.14208984375,2.436099843082265,4124.15966796875,3422.15966796875,4.874871321892806,4390.546875,3688.546875,5.254340277777778,3823.126220703125,3121.126220703125,4.446048747440349
China,7,178,6068.0,11271.173828125,5203.173828125,0.8574775590186223,10711.6318359375,4643.6318359375,0.7652656288624753,10904.1064453125,4836.1064453125,0.7969852414819545,7606.83251953125,1538.83251953125,0.2535979761917024,10535.666015625,4467.666015625,0.7362666472684575,10592.8837890625,4524.8837890625,0.7456960759826137,11000.3681640625,4932.3681640625,0.8128490712034443
China,7,186,5732.0,2319.637939453125,3412.362060546875,0.5953178751826369,3682.028076171875,2049.971923828125,0.35763641378718164,1845.6251220703125,3886.3748779296875,0.6780137609786615,2253.419189453125,3478.580810546875,0.6068703437799852,2685.60107421875,3046.39892578125,0.5314722480427861,2640.32861328125,3091.67138671875,0.539370444298456,2664.860107421875,3067.139892578125,0.5350907000310755
China,7,197,2508.0,2971.623046875,463.623046875,0.18485767419258373,4951.9765625,2443.9765625,0.9744723135964912,2979.89111328125,471.89111328125,0.18815435138805822,2969.455078125,461.455078125,0.1839932528409091,3001.947998046875,493.947998046875,0.1969489625386264,2994.17138671875,486.17138671875,0.19384824031848086,3179.945068359375,671.945068359375,0.2679206811640251
China,7,206,2360.0,3927.654296875,1567.654296875,0.6642602952860169,2008.439697265625,351.560302734375,0.1489662299721928,1355.5692138671875,1004.4307861328125,0.42560626531051376,2306.7763671875,53.2236328125,0.022552386784957627,1386.46337890625,973.53662109375,0.41251551741260595,1822.3037109375,537.6962890625,0.2278374106197034,1416.20703125,943.79296875,0.3999122748940678
China,7,221,2791.0,2961.48876953125,170.48876953125,0.061085191519616625,2955.25390625,164.25390625,0.058851274184879974,2953.870361328125,162.870361328125,0.05835555762383554,2815.4189453125,24.4189453125,0.00874917424310283,2944.88720703125,153.88720703125,0.055136942684073806,2937.376953125,146.376953125,0.052446059879971335,2938.1376953125,147.1376953125,0.052718629635435325
China,7,224,893.0,976.1558227539062,83.15582275390625,0.09311962234479983,1001.3206787109375,108.3206787109375,0.12129975219589866,1447.4361572265625,554.4361572265625,0.6208691570286254,1003.300537109375,110.300537109375,0.12351683886828108,1457.10009765625,564.10009765625,0.6316910388087906,2036.5751953125,1143.5751953125,1.2805993228583428,1447.1192626953125,554.1192626953125,0.6205142919320409
China,7,232,2347.0,589.4810791015625,1757.5189208984375,0.7488363531735993,409.5451965332031,1937.4548034667969,0.8255026857549198,420.523193359375,1926.476806640625,0.8208252265192266,481.0434875488281,1865.9565124511719,0.7950389912446407,459.07305908203125,1887.9269409179688,0.8044000600417421,389.48095703125,1957.51904296875,0.8340515734847678,469.06048583984375,1877.9395141601562,0.8001446587814897
China,7,233,817.0,1822.9234619140625,1005.9234619140625,1.231240467459073,923.81787109375,106.81787109375,0.13074402826652387,937.2264404296875,120.2264404296875,0.14715598583805078,1293.6689453125,476.6689453125,0.5834381215575275,1023.533203125,206.533203125,0.25279461826805383,942.314208984375,125.314208984375,0.15338336472995717,1046.58740234375,229.58740234375,0.28101273236689106
China,7,240,617.0,949.806396484375,332.806396484375,0.5393944837672204,1271.337158203125,654.337158203125,1.0605140327441247,2924.12255859375,2307.12255859375,3.7392586038796596,1111.168701171875,494.168701171875,0.8009217198895867,2900.9599609375,2283.9599609375,3.701717926965154,2734.3720703125,2117.3720703125,3.4317213457252835,2877.1171875,2260.1171875,3.663074858184765
China,7,242,605.0,3375.231689453125,2770.231689453125,4.578895354467975,2282.15087890625,1677.15087890625,2.7721502130681817,919.9469604492188,314.94696044921875,0.5205734883458161,3638.43603515625,3033.43603515625,5.013943859762397,1211.9501953125,606.9501953125,1.0032234633264463,1447.788818359375,842.788818359375,1.3930393691890497,1732.017333984375,1127.017333984375,1.8628385685692148
China,7,254,2542.0,2150.663330078125,391.336669921875,0.15394833592520654,2573.4794921875,31.4794921875,0.012383749877065304,1909.1798095703125,632.8201904296875,0.24894578695109656,1739.39892578125,802.60107421875,0.31573606381540126,1668.24072265625,873.75927734375,0.34372906268440206,1551.209228515625,990.790771484375,0.3897682027869296,1808.831298828125,733.168701171875,0.2884219910196204
China,7,258,1313.0,1656.7186279296875,343.7186279296875,0.261781133229008,1617.3448486328125,304.3448486328125,0.23179348715370335,2311.342041015625,998.342041015625,0.7603518971939262,1389.95361328125,76.95361328125,0.05860899716774562,2113.634033203125,800.634033203125,0.6097745873595773,3091.059326171875,1778.059326171875,1.3541959833753807,2084.037109375,771.037109375,0.5872331373762376
China,7,282,25401.0,2508.11279296875,22892.88720703125,0.9012592892811798,2192.21728515625,23208.78271484375,0.91369563067768,3733.63916015625,21667.36083984375,0.8530121192017539,3179.17333984375,22221.82666015625,0.874840622816277,3802.3779296875,21598.6220703125,0.8503059749739184,3732.785400390625,21668.214599609375,0.8530457304676735,3764.683349609375,21636.316650390625,0.8517899551352555
China,7,283,569.0,752.9558715820312,183.95587158203125,0.32329678661165423,1077.511962890625,508.511962890625,0.8936941351329086,729.5051879882812,160.50518798828125,0.28208293143810415,747.3875732421875,178.3875732421875,0.31351067353635764,816.3408203125,247.3408203125,0.43469388455623903,712.979248046875,143.979248046875,0.2530391002581283,520.5862426757812,48.41375732421875,0.08508568949774824
China,7,285,5053.0,14706.0546875,9653.0546875,1.91036110973679,11079.423828125,6026.423828125,1.1926427524490402,9223.0810546875,4170.0810546875,0.825268366255195,6547.77978515625,1494.77978515625,0.2958202622513853,9194.291015625,4141.291015625,0.819570753141698,4980.212890625,72.787109375,0.014404731718780922,9227.033203125,4174.033203125,0.826050505269147
China,7,310,1134.0,3796.38037109375,2662.38037109375,2.3477781050209434,2054.781494140625,920.781494140625,0.8119766262263007,3932.818359375,2798.818359375,2.4680937913359786,3615.2197265625,2481.2197265625,2.1880244502314814,2376.940185546875,1242.940185546875,1.0960671830219357,3050.870849609375,1916.870849609375,1.690362301242835,4013.700439453125,2879.700439453125,2.539418376942791
China,7,324,752.0,2944.8154296875,2192.8154296875,2.9159779650099735,8628.7587890625,7876.7587890625,10.474413283327793,4610.49365234375,3858.49365234375,5.1309756015209445,6513.60546875,5761.60546875,7.66170939993351,5083.6552734375,4331.6552734375,5.7601798848902925,8799.255859375,8047.255859375,10.70113811087101,4588.97412109375,3836.97412109375,5.102359203582115
China,7,336,1393.0,1443.3525390625,50.3525390625,0.03614683349784637,2622.757568359375,1229.757568359375,0.8828123247375269,1691.0069580078125,298.0069580078125,0.21393177172132985,1455.64892578125,62.64892578125,0.04497410321697774,1754.841064453125,361.841064453125,0.2597566866138729,1479.336669921875,86.336669921875,0.0619789446675341,1699.71142578125,306.71142578125,0.2201804923052764
China,7,341,1028.0,739.5557250976562,288.44427490234375,0.2805878160528636,1004.25439453125,23.74560546875,0.023098838004620623,782.3999633789062,245.60003662109375,0.23891054146020793,1335.1492919921875,307.1492919921875,0.298783357969054,758.7823486328125,269.2176513671875,0.261884874870805,754.390380859375,273.609619140625,0.26615721706286477,761.1121826171875,266.8878173828125,0.25961849939962306
China,7,362,16788.0,4915.50830078125,11872.49169921875,0.707201078104524,4665.22607421875,12122.77392578125,0.7221094785430814,1868.6038818359375,14919.396118164062,0.8886940742294533,4228.189453125,12559.810546875,0.7481421579029665,4982.171875,11805.828125,0.7032301718489398,1764.2008056640625,15023.799194335938,0.8949129851284213,1718.814208984375,15069.185791015625,0.8976164993457008
China,7,369,3132.0,2229.0078125,902.9921875,0.2883116818326948,2631.135986328125,500.864013671875,0.1599182674558988,2807.36572265625,324.63427734375,0.10365079097820881,4305.6005859375,1173.6005859375,0.3747128307590996,2855.9248046875,276.0751953125,0.08814661408445083,2850.9521484375,281.0478515625,0.08973430765086207,2817.70751953125,314.29248046875,0.10034881241020115
China,7,371,1126.0,969.8831787109375,156.1168212890625,0.13864726579845693,974.9495849609375,151.0504150390625,0.13414779310751554,960.1809692382812,165.81903076171875,0.1472637928612067,748.7284545898438,377.27154541015625,0.3350546584459647,1297.569580078125,171.569580078125,0.1523708526448712,940.947509765625,185.052490234375,0.16434501797013765,937.138671875,188.861328125,0.16772764487122557
China,7,377,15039.0,8190.71728515625,6848.28271484375,0.455368223608202,8766.9833984375,6272.0166015625,0.4170501098186382,7955.0634765625,7083.9365234375,0.4710377367802048,3008.1357421875,12030.8642578125,0.7999776752318971,3627.904296875,11411.095703125,0.7587669195508345,7761.21484375,7277.78515625,0.4839274656725846,7842.158203125,7196.841796875,0.4785452355126671
China,7,382,5078.0,2520.961181640625,2557.038818359375,0.5035523470577737,2631.453857421875,2446.546142578125,0.48179325375701554,3641.0361328125,1436.9638671875,0.28297831177382826,4730.83447265625,347.16552734375,0.0683665867159807,3441.258056640625,1636.741943359375,0.32232019365092063,3658.63671875,1419.36328125,0.27951226491729025,3446.142822265625,1631.857177734375,0.3213582468953082
China,7,386,1167.0,658.7362060546875,508.2637939453125,0.43553024331217866,3155.21875,1988.21875,1.7037007283633248,1518.4349365234375,351.4349365234375,0.3011439044759533,3920.876953125,2753.876953125,2.359791733611825,1481.469482421875,314.469482421875,0.2694682797102613,1833.64794921875,666.64794921875,0.5712493138121251,1864.0498046875,697.0498046875,0.5973006038453299
China,7,397,36046.0,6763.4521484375,29282.5478515625,0.8123660836587278,12220.568359375,23825.431640625,0.6609729690014149,10391.7939453125,25654.2060546875,0.7117074309129306,7261.8486328125,28784.1513671875,0.7985394042941658,13595.982421875,22450.017578125,0.6228157792300116,12839.607421875,23206.392578125,0.6437993835134272,13684.3125,22361.6875,0.6203652971203463
China,7,410,380.0,235.9873046875,144.0126953125,0.3789807771381579,633.14599609375,253.14599609375,0.6661736739309211,224.95411682128906,155.04588317871094,0.4080154820492393,231.51625061035156,148.48374938964844,0.3907467089201275,224.33087158203125,155.66912841796875,0.4096556010999178,172.2142333984375,207.7857666015625,0.5468046489514803,219.89779663085938,160.10220336914062,0.42132158781352796
China,7,412,2109.0,4136.88134765625,2027.88134765625,0.9615369121177099,2001.16796875,107.83203125,0.05112946005215742,4463.96435546875,2354.96435546875,1.1166260575954243,5881.8564453125,3772.8564453125,1.7889314581851588,2492.6005859375,383.6005859375,0.1818874281353722,3948.99658203125,1839.99658203125,0.8724497781087008,2555.915771484375,446.915771484375,0.2119088532405761
China,7,434,54620.0,27102.556640625,27517.443359375,0.5037979377402966,19118.95703125,35501.04296875,0.6499641700613329,13413.58203125,41206.41796875,0.7544199554879165,17795.33984375,36824.66015625,0.6741973664637495,13395.5185546875,41224.4814453125,0.7547506672521512,12934.828125,41685.171875,0.7631851313621384,13406.5009765625,41213.4990234375,0.7545495976462376
China,7,467,117.0,4668.30419921875,4551.30419921875,38.900035890758545,5776.9169921875,5659.9169921875,48.37535890758547,6555.060546875,6438.060546875,55.02615852029915,8861.962890625,8744.962890625,74.74327256944444,6323.607421875,6206.607421875,53.04792668269231,6211.0087890625,6094.0087890625,52.08554520566239,6519.62060546875,6402.62060546875,54.72325303819444
China,7,496,526.0,1052.1107177734375,526.1107177734375,1.0002104900635693,1002.3756103515625,476.3756103515625,0.9056570539003089,1920.106201171875,1394.106201171875,2.650392017437025,1267.521484375,741.521484375,1.409736662309886,2059.3173828125,1533.3173828125,2.9150520585788975,2049.39208984375,1523.39208984375,2.8961826803113118,1851.3447265625,1325.3447265625,2.5196667805370723
China,8,4,2994.0,9967.4609375,6973.4609375,2.329145269706079,8983.2021484375,5989.2021484375,2.000401519184202,545.1214599609375,2448.8785400390625,0.8179287040878632,1733.53564453125,1260.46435546875,0.42099677871367736,8809.10546875,5815.10546875,1.9422529955744823,9250.6279296875,6256.6279296875,2.089722087403975,1067.736328125,1926.263671875,0.6433746399048096
China,8,8,1243.0,1842.556884765625,599.556884765625,0.4823466490471641,1558.7264404296875,315.7264404296875,0.25400357234890386,801.7582397460938,441.24176025390625,0.3549813035027403,1616.4063720703125,373.4063720703125,0.30040737897852976,1544.9268798828125,301.9268798828125,0.2429017537271219,2187.42041015625,944.42041015625,0.7597911586132341,2181.0927734375,938.0927734375,0.7547005417839904
China,8,14,676.0,1511.5433349609375,835.5433349609375,1.2360108505339311,5517.78173828125,4841.78173828125,7.1623990211261095,1775.97607421875,1099.97607421875,1.627183541743713,3603.048828125,2927.048828125,4.329953887758876,5414.81982421875,4738.81982421875,7.010088497365015,1752.78125,1076.78125,1.5928716715976332,1767.35693359375,1091.35693359375,1.614433333718565
China,8,27,191.0,3093.1044921875,2902.1044921875,15.194264357002618,1882.7249755859375,1691.7249755859375,8.857198825057264,3080.2939453125,2889.2939453125,15.127193430955497,3483.835693359375,3292.835693359375,17.239977452143325,1902.2679443359375,1711.2679443359375,8.959518033172447,1841.579833984375,1650.579833984375,8.641779235520287,1460.85546875,1269.85546875,6.6484579515706805
China,8,32,471.0,1819.632568359375,1348.632568359375,2.8633387863256368,1936.613525390625,1465.613525390625,3.1117059987062103,1915.17578125,1444.17578125,3.0661906183651806,1022.03076171875,551.03076171875,1.1699166915472399,1940.45703125,1469.45703125,3.119866308386412,1005.7555541992188,534.7555541992188,1.1353621108263667,1910.9361572265625,1439.9361572265625,3.057189293474655
China,8,40,1754.0,1105.2291259765625,648.7708740234375,0.3698807719631913,2057.19482421875,303.19482421875,0.17285907880202395,1470.6259765625,283.3740234375,0.1615587362813569,1095.377197265625,658.622802734375,0.3754976070321408,2034.286376953125,280.286376953125,0.15979839050919328,2126.86962890625,372.86962890625,0.21258245661701825,2069.652099609375,315.652099609375,0.1799612882607611
China,8,47,204.0,760.6336669921875,556.6336669921875,2.7285964068244484,751.5531616210938,547.5531616210938,2.6840841255935968,1039.340576171875,835.340576171875,4.094806745940564,1443.9871826171875,1239.9871826171875,6.078368542241115,759.116943359375,555.116943359375,2.7211614870557597,1357.6083984375,1153.6083984375,5.654943129595588,709.6773681640625,505.6773681640625,2.4788106282552085
China,8,61,778.0,1137.3126220703125,359.3126220703125,0.46184141654281813,1712.91748046875,934.91748046875,1.2016934196256426,1747.5556640625,969.5556640625,1.2462155065070695,1052.7413330078125,274.7413330078125,0.3531379601642834,1722.6334228515625,944.6334228515625,1.2141817774441677,1520.55322265625,742.55322265625,0.954438589532455,1814.90625,1036.90625,1.332784383033419
China,8,62,2597.0,1265.7191162109375,1331.2808837890625,0.5126225967612871,1724.349365234375,872.650634765625,0.3360225778843377,1142.0858154296875,1454.9141845703125,0.5602287965230314,1677.71923828125,919.28076171875,0.3539779598454948,1837.395751953125,759.604248046875,0.2924929719086927,1599.12939453125,997.87060546875,0.38423974026520985,1601.5364990234375,995.4635009765625,0.38331286136948883
China,8,64,5727.0,3169.611328125,2557.388671875,0.44654944506286015,2638.884033203125,3088.115966796875,0.5392205285135105,2620.270751953125,3106.729248046875,0.5424706212758643,3746.7744140625,1980.2255859375,0.3457701389798324,2594.9951171875,3132.0048828125,0.5468840375087306,2056.569580078125,3670.430419921875,0.6408993224937795,2731.48486328125,2995.51513671875,0.5230513596505587
China,8,98,1251.0,2133.210205078125,882.210205078125,0.7052040008618106,3897.29736328125,2646.29736328125,2.1153456141336933,2917.3173828125,1666.3173828125,1.331988315597522,4255.2822265625,3004.2822265625,2.4015045775879296,3893.24755859375,2642.24755859375,2.1121083601868507,3159.954345703125,1908.954345703125,1.5259427223845923,3057.677978515625,1806.677978515625,1.4441870331859512
China,8,100,2684.0,2614.772216796875,69.227783203125,0.025792765723966094,2187.51611328125,496.48388671875,0.18497909341235097,2143.865966796875,540.134033203125,0.20124218822769188,2526.637451171875,157.362548828125,0.05862986170943554,2194.62841796875,489.37158203125,0.1823292034393629,2172.279541015625,511.720458984375,0.19065590871250931,2200.43115234375,483.56884765625,0.18016723087043593
China,8,128,1584.0,377.4658203125,1206.5341796875,0.7617008710148359,677.5994262695312,906.4005737304688,0.572222584425801,407.8358459472656,1176.1641540527344,0.7425278750332919,709.6834106445312,874.3165893554688,0.5519675437850181,683.2767333984375,900.7232666015625,0.5686384258848248,666.0095825195312,917.9904174804688,0.5795394049750434,660.5457763671875,923.4542236328125,0.5829887775459675
China,8,135,486.0,1484.1728515625,998.1728515625,2.053853604038066,1483.427001953125,997.427001953125,2.052318934059928,1843.619384765625,1357.619384765625,2.793455524209105,1331.9798583984375,845.9798583984375,1.7406992971161266,1487.400146484375,1001.400146484375,2.060494128568673,1538.00390625,1052.00390625,2.164617091049383,1739.4127197265625,1253.4127197265625,2.57903851795589
China,8,138,1451.0,2219.84130859375,768.84130859375,0.5298699576800483,2785.52001953125,1334.52001953125,0.9197243415101654,2023.620361328125,572.620361328125,0.39463842958519985,761.268310546875,689.731689453125,0.47534920017444865,2492.127197265625,1041.127197265625,0.7175239126572192,2112.076416015625,661.076416015625,0.4556005623815472,2590.784423828125,1139.784423828125,0.7855164878208993
China,8,156,1404.0,1582.6043701171875,178.6043701171875,0.12721108982705662,1378.528076171875,25.471923828125,0.01814239588897792,1128.84912109375,275.15087890625,0.19597640947738604,1379.9595947265625,24.0404052734375,0.017122795778801637,374.45538330078125,1029.5446166992188,0.7332938865379051,1541.0950927734375,137.0950927734375,0.09764607747395833,1648.47265625,244.47265625,0.17412582353988604
China,8,162,2890.0,3493.94189453125,603.94189453125,0.20897643409385813,6709.94091796875,3819.94091796875,1.3217788643490485,3386.041015625,496.041015625,0.17164048983564015,3496.94287109375,606.94287109375,0.21001483428849482,6224.4404296875,3334.4404296875,1.1537856158088236,3133.63427734375,243.63427734375,0.08430251811202422,6409.734375,3519.734375,1.2179011678200693
China,8,171,903.0,3262.459228515625,2359.459228515625,2.612911659485742,4298.27734375,3395.27734375,3.7599970584163898,5878.9296875,4975.9296875,5.510442621816169,2481.461181640625,1578.461181640625,1.7480190272875138,3653.919189453125,2750.919189453125,3.046422136714424,8773.7626953125,7870.7626953125,8.716237757821151,3561.7978515625,2658.7978515625,2.9444051512320044
China,8,200,534.0,559.8743896484375,25.8743896484375,0.04845391319932116,853.349853515625,319.349853515625,0.5980334335498596,748.656005859375,214.656005859375,0.4019775390625,744.16455078125,210.16455078125,0.39356657449672283,1072.701171875,538.701171875,1.0088036926498127,1064.8365478515625,530.8365478515625,0.9940759323062968,938.3009643554688,404.30096435546875,0.7571179107780314
China,8,207,2520.0,1652.599853515625,867.400146484375,0.34420640733506946,1250.3258056640625,1269.6741943359375,0.5038389660063244,2178.80078125,341.19921875,0.13539651537698413,1506.302734375,1013.697265625,0.4022608196924603,1111.699951171875,1408.300048828125,0.5588492257254464,2500.0087890625,19.9912109375,0.00793302021329365,860.5489501953125,1659.4510498046875,0.6585123213510665
China,8,212,281.0,2328.5810546875,2047.5810546875,7.286765319172598,373.59423828125,92.59423828125,0.3295168622108541,2356.588623046875,2075.588623046875,7.386436380949733,611.5338134765625,330.5338134765625,1.1762769162866993,374.1033935546875,93.1033935546875,0.3313288026857206,370.4056396484375,89.4056396484375,0.31816953611543597,464.85369873046875,183.85369873046875,0.6542836253753336
China,8,213,687.0,368.8544616699219,318.1455383300781,0.4630939422563,596.8804321289062,90.11956787109375,0.13117841029271288,544.031005859375,142.968994140625,0.20810625056859533,610.5437622070312,76.45623779296875,0.11129001134347707,598.9449462890625,88.0550537109375,0.1281732950668668,484.9606018066406,202.03939819335938,0.294089371460494,486.45556640625,200.54443359375,0.2919132948962882
China,8,215,11388.0,1467.8114013671875,9920.188598632812,0.8711089391142266,2689.0029296875,8698.9970703125,0.7638739963393484,3062.87841796875,8325.12158203125,0.731043342292874,3893.389892578125,7494.610107421875,0.6581146915544323,2684.952880859375,8703.047119140625,0.7642296381402024,3687.05419921875,7700.94580078125,0.6762333860889752,3083.26806640625,8304.73193359375,0.7292528919558966
China,8,216,9720.0,4015.93603515625,5704.06396484375,0.5868378564654064,3166.47607421875,6553.52392578125,0.674230856561857,3697.18359375,6022.81640625,0.6196313175154321,2476.594482421875,7243.405517578125,0.7452063289689429,3169.3984375,6550.6015625,0.6739302019032922,3557.158203125,6162.841796875,0.6340372219007202,3380.647216796875,6339.352783203125,0.6521967883953832
China,8,226,5533.0,1542.47314453125,3990.52685546875,0.7212229993617838,1230.84033203125,4302.15966796875,0.777545575269971,1252.0487060546875,4280.9512939453125,0.7737125056832301,1487.7886962890625,4045.2113037109375,0.7311063263529618,1227.32177734375,4305.67822265625,0.7781814969557654,926.203125,4606.796875,0.8326038089643955,1475.6016845703125,4057.3983154296875,0.7333089310373554
China,8,230,8740.0,4992.05078125,3747.94921875,0.42882714173340963,5108.35400390625,3631.64599609375,0.4155201368528318,4126.6962890625,4613.3037109375,0.5278379531965103,3369.12109375,5370.87890625,0.6145170373283753,4169.63623046875,4570.36376953125,0.5229249164223398,5291.25390625,3448.74609375,0.39459337457093824,5194.9921875,3545.0078125,0.405607301201373
China,8,236,776.0,455.44134521484375,320.55865478515625,0.4130910499808715,809.5977172851562,33.59771728515625,0.04329602742932506,437.20245361328125,338.79754638671875,0.4365947762715448,647.3548583984375,128.6451416015625,0.16577982165149807,803.5289306640625,27.5289306640625,0.0354754261134826,810.630126953125,34.630126953125,0.0446264522591817,550.720947265625,225.279052734375,0.2903080576473905
China,8,256,8046.0,4858.38134765625,3187.61865234375,0.3961743291503542,4005.89404296875,4040.10595703125,0.5021260200138268,3446.919189453125,4599.080810546875,0.5715984104582246,3454.9072265625,4591.0927734375,0.5706056143969053,4026.253662109375,4019.746337890625,0.4995956174360707,2580.671875,5465.328125,0.6792602690778027,2555.07373046875,5490.92626953125,0.6824417436653306
China,8,260,483.0,453.33660888671875,29.66339111328125,0.06141488843329451,451.286865234375,31.713134765625,0.06565866411102485,505.96881103515625,22.96881103515625,0.04755447419287008,457.37835693359375,25.62164306640625,0.05304688005467133,448.42254638671875,34.57745361328125,0.07158893087635869,452.1279296875,30.8720703125,0.06391732983954451,454.3504943847656,28.649505615234375,0.05931574661539208
China,8,267,3995.0,2268.4130859375,1726.5869140625,0.432186962218398,1691.1666259765625,2303.8333740234375,0.5766791924964799,1830.4049072265625,2164.5950927734375,0.5418260557630632,2416.4765625,1578.5234375,0.3951247653316646,1685.640869140625,2309.359130859375,0.5780623606656758,1641.72509765625,2353.27490234375,0.5890550443914268,2426.021728515625,1568.978271484375,0.3927354872301314
China,8,279,8663.0,3663.28564453125,4999.71435546875,0.5771342901383758,3924.339599609375,4738.660400390625,0.5469999307850196,3896.11328125,4766.88671875,0.5502581921678402,1299.279541015625,7363.720458984375,0.8500196766690956,3909.353515625,4753.646484375,0.5487298262005079,3770.293212890625,4892.706787109375,0.5647820370667638,3954.51220703125,4708.48779296875,0.5435170025359287
China,8,288,1532.0,2761.7890625,1229.7890625,0.802734375,5937.0673828125,4405.0673828125,2.8753703543162534,2789.88671875,1257.88671875,0.8210748816906005,2741.472412109375,1209.472412109375,0.7894728538572944,6835.07373046875,5303.07373046875,3.461536377590568,2786.00341796875,1254.00341796875,0.8185400900579308,2885.66357421875,1353.66357421875,0.8835924113699413
China,8,292,941.0,2005.239013671875,1064.239013671875,1.1309660081528958,1487.03759765625,546.03759765625,0.5802737488376727,1864.2947998046875,923.2947998046875,0.9811846969231536,3207.7412109375,2266.7412109375,2.408864198658342,2109.3486328125,1168.3486328125,1.2416032229675877,1897.6165771484375,956.6165771484375,1.016595724918637,1904.32373046875,963.32373046875,1.0237234117627525
China,8,300,10942.0,2687.811767578125,8254.188232421875,0.7543582738459034,3324.28271484375,7617.71728515625,0.6961905762343493,5985.634765625,4956.365234375,0.4529670292793822,2640.29736328125,8301.70263671875,0.7587006613707503,3331.97314453125,7610.02685546875,0.6954877404010921,4145.79638671875,6796.20361328125,0.6211116444234372,4180.0595703125,6761.9404296875,0.6179802988199141
China,8,326,2299.0,1616.80419921875,682.19580078125,0.2967358855072858,1194.6199951171875,1104.3800048828125,0.48037407780896585,1950.224853515625,348.775146484375,0.15170732774439974,873.5419921875,1425.4580078125,0.62003393119291,1189.231201171875,1109.768798828125,0.48271805081693125,437.0904541015625,1861.9095458984375,0.8098780103951446,1181.646484375,1117.353515625,0.48601718817964334
China,8,327,883.0,1888.7080078125,1005.7080078125,1.1389671662655718,1428.80615234375,545.80615234375,0.618127012846829,1875.6282958984375,992.6282958984375,1.1241543554908693,1915.64208984375,1032.64208984375,1.1694700904232729,1429.0509033203125,546.0509033203125,0.618404194020739,1388.2236328125,505.2236328125,0.5721671945781427,1416.371826171875,533.371826171875,0.6040451032524066
China,8,337,2604.0,1779.1773681640625,824.8226318359375,0.31675216276341683,1735.653076171875,868.346923828125,0.33346656060987906,1546.01171875,1057.98828125,0.4062935027841782,2197.350341796875,406.649658203125,0.15616346321164554,1835.895751953125,768.104248046875,0.29497090938820086,1598.7603759765625,1005.2396240234375,0.3860367219752064,1725.7088623046875,878.2911376953125,0.33728538313952094
China,8,379,2019.0,1715.302001953125,303.697998046875,0.15042000893852153,908.7874755859375,1110.2125244140625,0.5498823796008234,954.298095703125,1064.701904296875,0.5273412106472882,813.2200927734375,1205.7799072265625,0.5972163978338596,1015.0392456054688,1003.9607543945312,0.49725644100769256,1417.7572021484375,601.2427978515625,0.297792371397505,654.0498046875,1364.9501953125,0.6760525979754829
China,8,388,619.0,1637.7899169921875,1018.7899169921875,1.6458641631537763,1657.905517578125,1038.905517578125,1.6783610946334815,1425.3031005859375,806.3031005859375,1.30258982324061,1627.59423828125,1008.59423828125,1.6293929536046041,1659.68310546875,1040.68310546875,1.6812328036651858,1787.6282958984375,1168.6282958984375,1.8879293956356018,1626.60986328125,1007.60986328125,1.6278026870456381
China,8,402,597.0,1689.30615234375,1092.30615234375,1.8296585466394473,974.933349609375,377.933349609375,0.6330541869503769,843.954345703125,246.954345703125,0.4136588705244975,1853.7333984375,1256.7333984375,2.1050810694095476,1713.4150390625,1116.4150390625,1.8700419414782246,1861.321533203125,1264.321533203125,2.117791512903057,639.409912109375,42.409912109375,0.07103837874267169
China,8,411,2333.0,3768.5869140625,1435.5869140625,0.6153394402325332,1101.1214599609375,1231.8785400390625,0.5280233776421185,2019.2135009765625,313.7864990234375,0.1344991423160898,3910.681640625,1577.681640625,0.6762458811080154,1323.3514404296875,1009.6485595703125,0.43276834958007393,2481.37890625,148.37890625,0.06360004554222032,1060.984375,1272.015625,0.5452274432061723
China,8,424,1557.0,3223.24609375,1666.24609375,1.0701644789659601,1715.593505859375,158.593505859375,0.1018583852661368,1593.159912109375,36.159912109375,0.023224092555796404,3061.03369140625,1504.03369140625,0.965981818501124,1429.2242431640625,127.7757568359375,0.08206535442256743,1783.781494140625,226.781494140625,0.14565285429712588,1305.0860595703125,251.9139404296875,0.1617944382978083
China,8,426,1246.0,1303.72021484375,57.72021484375,0.04632440998695827,1161.357666015625,84.642333984375,0.06793124717847111,923.0471801757812,322.95281982421875,0.2591916692008176,1197.21240234375,48.78759765625,0.03915537532604334,1156.2186279296875,89.7813720703125,0.07205567581887039,1196.74072265625,49.25927734375,0.03953393045244783,1164.7684326171875,81.2315673828125,0.06519387430402288
China,8,429,2310.0,2385.996826171875,75.996826171875,0.032899058948863635,2782.89111328125,472.89111328125,0.20471476765422078,4310.0771484375,2000.0771484375,0.8658342633928572,2270.88037109375,39.11962890625,0.016934904288419914,2860.76171875,550.76171875,0.23842498647186147,2877.541015625,567.541015625,0.24568875135281384,2792.72900390625,482.72900390625,0.2089735947646104
China,8,433,1007.0,1446.785400390625,439.785400390625,0.4367283022747021,1410.615966796875,403.615966796875,0.4008102947337388,377.1795349121094,629.8204650878906,0.6254423685083323,1612.11865234375,605.11865234375,0.6009122664784012,834.7805786132812,172.21942138671875,0.1710222655280226,1438.174560546875,431.174560546875,0.42817731931169317,1410.728759765625,403.728759765625,0.400922303640144
China,8,447,5432.0,2570.560546875,2861.439453125,0.5267745679537923,9474.0888671875,4042.0888671875,0.7441253437384941,2947.386962890625,2484.613037109375,0.4574029891585742,2566.478759765625,2865.521240234375,0.5275260015159011,4879.74853515625,552.25146484375,0.1016663226884665,10315.435546875,4883.435546875,0.8990124349917158,10091.5146484375,4659.5146484375,0.8577898837329713
China,8,453,3646.0,1946.59326171875,1699.40673828125,0.46610168356589415,1867.246826171875,1778.753173828125,0.4878642824542307,3353.453857421875,292.546142578125,0.0802375596758434,1531.6148681640625,2114.3851318359375,0.5799191255721167,1863.759521484375,1782.240478515625,0.48882075658684176,1616.07177734375,2029.92822265625,0.5567548608492183,1512.793701171875,2133.206298828125,0.5850812668206596
China,8,462,3322.0,6154.0498046875,2832.0498046875,0.852513487262944,4324.1796875,1002.1796875,0.3016796169476219,8854.88671875,5532.88671875,1.66552881359121,5598.7490234375,2276.7490234375,0.6853549137379591,3903.337158203125,581.337158203125,0.1749961343176174,5175.474609375,1853.474609375,0.5579393766932571,6419.2939453125,3097.2939453125,0.9323582014787778
China,8,475,5800.0,14069.740234375,8269.740234375,1.425817281788793,6678.8642578125,878.8642578125,0.1515283203125,5464.6728515625,335.3271484375,0.05781502559267242,11899.115234375,6099.115234375,1.0515715921336206,5406.576171875,393.423828125,0.06783169450431034,5030.90869140625,769.09130859375,0.1326019497575431,4431.4814453125,1368.5185546875,0.23595147494612068
China,8,485,789.0,572.8468017578125,216.1531982421875,0.2739584261624683,624.2672729492188,164.73272705078125,0.20878672630010298,556.6539306640625,232.3460693359375,0.29448171018496516,609.7578735351562,179.24212646484375,0.2271763326550618,620.7957153320312,168.20428466796875,0.21318667258297688,572.200927734375,216.799072265625,0.2747770244177757,594.207275390625,194.792724609375,0.24688558252138784
China,9,1,4150.0,1631.257568359375,2518.742431640625,0.6069258871423193,1443.592041015625,2706.407958984375,0.6521464961408132,1548.4815673828125,2601.5184326171875,0.6268719114740211,1717.7525634765625,2432.2474365234375,0.5860837196442018,1699.035888671875,2450.964111328125,0.5905937617658132,2794.616455078125,1355.383544921875,0.32659844455948794,2706.67236328125,1443.32763671875,0.3477897919804217
China,9,13,3348.0,1552.3973388671875,1795.6026611328125,0.5363209860014374,2485.961181640625,862.038818359375,0.25747873905596624,2919.31689453125,428.68310546875,0.12804154882579152,3113.41552734375,234.58447265625,0.07006704679099462,3147.884765625,200.115234375,0.05977157538082437,1991.2763671875,1356.7236328125,0.4052340599798387,1305.4471435546875,2042.5528564453125,0.6100814983408939
China,9,34,579.0,309.2041015625,269.7958984375,0.46596873650690845,498.2403564453125,80.7596435546875,0.13948124966267272,504.5334167480469,74.46658325195312,0.12861240630734563,1257.09814453125,678.09814453125,1.1711539629209844,504.036376953125,74.963623046875,0.12947085154900692,215.7804718017578,363.2195281982422,0.6273221557828017,234.74169921875,344.25830078125,0.5945739219019862
China,9,43,5864.0,4247.65966796875,1616.34033203125,0.2756378465264751,3007.74560546875,2856.25439453125,0.48708294586140005,2427.525390625,3436.474609375,0.5860290943681787,4510.7705078125,1353.2294921875,0.23076901299241132,4225.3740234375,1638.6259765625,0.27943826339742495,4284.7626953125,1579.2373046875,0.26931059084029674,4158.7216796875,1705.2783203125,0.2908046248827592
China,9,49,8716.0,1954.549560546875,6761.450439453125,0.7757515419289955,1363.083984375,7352.916015625,0.8436112913750574,1476.860595703125,7239.139404296875,0.8305575268812385,1985.0234375,6730.9765625,0.7722552274552547,1661.077392578125,7054.922607421875,0.8094220522512477,1673.0152587890625,7042.9847412109375,0.8080524026171337,1479.3406982421875,7236.6593017578125,0.8302729809267798
China,9,52,281.0,1257.93408203125,976.93408203125,3.476633743883452,1216.8035888671875,935.8035888671875,3.3302618820896353,1266.2215576171875,985.2215576171875,3.5061265395629446,1497.271240234375,1216.271240234375,4.328367402969306,1483.828857421875,1202.828857421875,4.280529741714858,1225.6231689453125,944.6231689453125,3.3616482880616103,1158.7952880859375,877.7952880859375,3.12382664799266
China,9,53,2321.0,2389.59130859375,68.59130859375,0.0295524810830461,2625.0732421875,304.0732421875,0.13100958301917276,2895.352783203125,574.352783203125,0.24745919138437097,2912.2392578125,591.2392578125,0.25473470823459715,2794.39013671875,473.39013671875,0.20395955912052993,2927.4423828125,606.4423828125,0.2612849559726411,1610.6611328125,710.3388671875,0.3060486286891426
China,9,80,11045.0,5060.2578125,5984.7421875,0.5418508091896785,7299.921875,3745.078125,0.3390745246717972,4308.1083984375,6736.8916015625,0.6099494433284292,5721.71044921875,5323.28955078125,0.4819637438461974,3570.1279296875,7474.8720703125,0.6767652395031688,8883.001953125,2161.998046875,0.19574450401765506,7677.294921875,3367.705078125,0.3049076575939339
China,9,88,8111.0,2824.699951171875,5286.300048828125,0.6517445504658026,2873.892822265625,5237.107177734375,0.6456795928657841,2491.35791015625,5619.64208984375,0.6928420774064542,3188.738525390625,4922.261474609375,0.606862467588383,2486.665771484375,5624.334228515625,0.6934205681809426,2671.2080078125,5439.7919921875,0.6706684739474171,4003.482666015625,4107.517333984375,0.5064131838225095
China,9,91,358.0,1641.48779296875,1283.48779296875,3.5851614328736034,1458.1025390625,1100.1025390625,3.072912120286313,1965.088134765625,1607.088134765625,4.489073002138618,999.395751953125,641.395751953125,1.79160824567912,952.3157348632812,594.3157348632812,1.6600998180538582,579.9640502929688,221.96405029296875,0.6200113136675105,1037.404296875,679.404296875,1.8977773655726258
China,9,105,5757.0,3524.55029296875,2232.44970703125,0.3877800429097186,3578.3583984375,2178.6416015625,0.37843348993616466,3646.54931640625,2110.45068359375,0.3665886196966736,4573.89404296875,1183.10595703125,0.20550737485343928,3463.793212890625,2293.206787109375,0.3983336437570566,5467.197265625,289.802734375,0.05033919304759423,5557.00439453125,199.99560546875,0.03473955279985235
China,9,134,494.0,297.0641174316406,196.93588256835938,0.3986556327294724,400.6327209472656,93.36727905273438,0.18900258917557566,501.501220703125,7.501220703125,0.015184657293775303,508.43536376953125,14.43536376953125,0.029221384148848683,506.41943359375,12.41943359375,0.025140553833502024,507.2685546875,13.2685546875,0.026859422444331985,418.673583984375,75.326416015625,0.15248262351341094
China,9,161,1853.0,1544.8262939453125,308.1737060546875,0.16631068864257287,2395.40869140625,542.40869140625,0.2927192074507555,1503.0531005859375,349.9468994140625,0.18885423605723825,718.5743408203125,1134.4256591796875,0.6122102855799717,2035.728759765625,182.728759765625,0.09861239059127092,2727.3896484375,874.3896484375,0.4718778458917971,2749.908203125,896.908203125,0.4840303308823529
China,9,166,997.0,912.1282348632812,84.87176513671875,0.0851271465764481,990.337890625,6.662109375,0.006682155842527583,941.4765625,55.5234375,0.055690509027081246,1740.941650390625,743.941650390625,0.7461801909635155,999.6123657226562,2.61236572265625,0.0026202264018618357,977.7850341796875,19.2149658203125,0.019272784172830994,995.8688354492188,1.13116455078125,0.0011345682555478937
China,9,190,1293.0,810.2144775390625,482.7855224609375,0.3733840080904389,1185.4962158203125,107.5037841796875,0.08314291119852088,1013.6249389648438,279.37506103515625,0.2160673325871278,670.5137329101562,622.4862670898438,0.48142789411434167,674.6900024414062,618.3099975585938,0.47819798728429525,826.1681518554688,466.83184814453125,0.3610455128728007,574.6878051757812,718.3121948242188,0.5555392071339665
China,9,201,1039.0,916.106201171875,122.893798828125,0.1182808458403513,1964.563720703125,925.563720703125,0.8908216753639316,929.1212158203125,109.8787841796875,0.10575436398429981,832.2866821289062,206.71331787109375,0.19895410767189003,946.9291381835938,92.07086181640625,0.088614881440237,545.2325439453125,493.7674560546875,0.47523335520181664,1616.807373046875,577.807373046875,0.5561187421047883
China,9,205,2639.0,999.307861328125,1639.692138671875,0.6213308596710402,929.2215576171875,1709.7784423828125,0.6478887617972007,1335.9571533203125,1303.0428466796875,0.49376386763156027,1264.983154296875,1374.016845703125,0.5206581453971675,1278.49609375,1360.50390625,0.5155376681508147,1320.8280029296875,1318.1719970703125,0.49949677797283537,1275.485595703125,1363.514404296875,0.5166784404307977
China,9,217,145.0,370.4964294433594,225.49642944335938,1.5551477892645473,1096.439208984375,951.439208984375,6.561649717133621,327.85772705078125,182.85772705078125,1.2610877727640086,325.6797790527344,180.67977905273438,1.2460674417429958,328.10150146484375,183.10150146484375,1.262768975619612,371.7757568359375,226.7757568359375,1.563970736799569,373.4757080078125,228.4757080078125,1.5756945379849139
China,9,241,2391.0,681.66796875,1709.33203125,0.7149025643036386,2750.93603515625,359.93603515625,0.1505378649754287,555.9113159179688,1835.0886840820312,0.7674984040493648,683.012939453125,1707.987060546875,0.714340050416928,563.988037109375,1827.011962890625,0.7641204361734107,677.4357299804688,1713.5642700195312,0.7166726348889717,568.8250122070312,1822.1749877929688,0.7620974436607983
China,9,243,2064.0,2232.49755859375,168.49755859375,0.0816364140473595,2219.091552734375,155.091552734375,0.07514125616975532,2493.0615234375,429.0615234375,0.20787864507630813,1720.32373046875,343.67626953125,0.16650982050932656,2240.734375,176.734375,0.08562711967054264,2231.103515625,167.103515625,0.08096100563226744,2272.958740234375,208.958740234375,0.10123969972595688
China,9,251,1061.0,1152.977783203125,91.977783203125,0.08668971084177662,283.4405212402344,777.5594787597656,0.7328553051458677,957.1431274414062,103.85687255859375,0.09788583653024858,910.279541015625,150.720458984375,0.1420550980060085,935.4279174804688,125.57208251953125,0.11835257541897384,903.717529296875,157.282470703125,0.1482398404364986,277.4388427734375,783.5611572265625,0.7385119295255066
China,9,259,3214.0,5837.52783203125,2623.52783203125,0.816281217184583,5942.6572265625,2728.6572265625,0.8489910474681083,2825.819580078125,388.180419921875,0.120777977573701,2835.358154296875,378.641845703125,0.11781015734384723,2805.283203125,408.716796875,0.12716764059583074,5248.1640625,2034.1640625,0.6329073000933416,7168.5263671875,3954.5263671875,1.2304064614771313
China,9,263,720.0,1175.5155029296875,455.5155029296875,0.6326604207356771,1236.9530029296875,516.9530029296875,0.7179902818467881,1522.902587890625,802.902587890625,1.1151424831814236,1451.9398193359375,731.9398193359375,1.0165830824110242,1479.444580078125,759.444580078125,1.0547841389973958,1441.240966796875,721.240966796875,1.0017235649956597,1446.78369140625,726.78369140625,1.0094217936197916
China,9,264,1073.0,374.8904724121094,698.1095275878906,0.6506146575842411,633.7586669921875,439.2413330078125,0.40935818546860436,367.2627868652344,705.7372131347656,0.657723404599036,360.2090148925781,712.7909851074219,0.6642972834179142,363.38104248046875,709.6189575195312,0.6613410601300385,630.0135498046875,442.9864501953125,0.41284850903570597,633.8507690429688,439.14923095703125,0.409272349447373
China,9,269,392.0,2405.54443359375,2013.54443359375,5.136592942841199,2521.817626953125,2129.817626953125,5.433208232023278,2701.725830078125,2309.725830078125,5.892157729791135,2611.09130859375,2219.09130859375,5.660947215800383,2650.02294921875,2258.02294921875,5.760262625558036,2670.488525390625,2278.488525390625,5.812470728037309,2392.6240234375,2000.6240234375,5.103632712850765
China,9,273,564.0,989.01220703125,425.01220703125,0.7535677429632093,542.7402954101562,21.25970458984375,0.03769451168412012,1016.536865234375,452.536865234375,0.8023703284297429,1024.6954345703125,460.6954345703125,0.8168358768977172,1028.802001953125,464.802001953125,0.8241170247395834,1023.5072631835938,459.50726318359375,0.8147291900418329,991.7213134765625,427.7213134765625,0.7583711231853945
China,9,295,2988.0,1679.7574462890625,1308.2425537109375,0.4378321799568064,1430.393310546875,1557.606689453125,0.5212873793350485,1443.714599609375,1544.285400390625,0.5168291165965947,1135.3212890625,1852.6787109375,0.6200397292294176,1129.587158203125,1858.412841796875,0.6219587823952059,1206.98828125,1781.01171875,0.5960547920850067,768.8773803710938,2219.1226196289062,0.7426782528878535
China,9,303,2600.0,3754.6181640625,1154.6181640625,0.4440839092548077,2332.926025390625,267.073974609375,0.10272075946514424,2906.496826171875,306.496826171875,0.11788339468149038,4314.9619140625,1714.9619140625,0.6596007361778846,2921.56201171875,321.56201171875,0.12367769681490384,2484.496826171875,115.503173828125,0.044424297626201925,2932.03564453125,332.03564453125,0.12770601712740384
China,9,306,341.0,670.0829467773438,329.08294677734375,0.9650526298455828,659.4616088867188,318.46160888671875,0.9339050113980022,664.584716796875,323.584716796875,0.9489287882606305,678.048583984375,337.048583984375,0.9884122697489003,673.93359375,332.93359375,0.9763448497067448,677.498779296875,336.498779296875,0.9867999392870235,532.2180786132812,191.21807861328125,0.5607568287779509
China,9,309,1694.0,3496.48486328125,1802.48486328125,1.0640406512876328,1386.437744140625,307.562255859375,0.18155977323457792,4057.30908203125,2363.30908203125,1.3951057154847992,2348.02880859375,654.02880859375,0.38608548323125735,2847.00439453125,1153.00439453125,0.6806401384481995,3430.53955078125,1736.53955078125,1.0251118953844451,2669.921875,975.921875,0.5761050029515938
China,9,315,4800.0,2244.97314453125,2555.02685546875,0.5322972615559896,1764.4002685546875,3035.5997314453125,0.6324166107177734,3279.024658203125,1520.975341796875,0.316869862874349,3712.341064453125,1087.658935546875,0.22659561157226563,3604.366455078125,1195.633544921875,0.24909032185872396,1788.38427734375,3011.61572265625,0.627419942220052,1551.3829345703125,3248.6170654296875,0.6767952219645182
China,9,319,3877.0,963.8075561523438,2913.1924438476562,0.7514037771079846,798.45849609375,3078.54150390625,0.7940524900454604,955.0352783203125,2921.9647216796875,0.7536664229248614,982.6573486328125,2894.3426513671875,0.7465418239275696,972.8743896484375,2904.1256103515625,0.7490651561391701,957.8140869140625,2919.1859130859375,0.7529496809610362,2097.59033203125,1779.40966796875,0.4589656094838148
China,9,328,8702.0,4704.50390625,3997.49609375,0.4593767057860262,4564.8974609375,4137.1025390625,0.4754197355852103,4335.44775390625,4366.55224609375,0.5017872036421225,2420.32666015625,6281.67333984375,0.7218654722872615,4302.40625,4399.59375,0.5055842047805102,4656.462890625,4045.537109375,0.46489739248161344,4758.4716796875,3943.5283203125,0.4531749391303723
China,9,339,3234.0,1418.7357177734375,1815.2642822265625,0.5613062097175517,1721.454833984375,1512.545166015625,0.467701040821158,1491.7762451171875,1742.2237548828125,0.5387210126415624,1091.2720947265625,2142.7279052734375,0.6625627412719349,1094.984375,2139.015625,0.6614148500309215,1395.4656982421875,1838.5343017578125,0.5685016393808944,1135.765380859375,2098.234619140625,0.6488047678233225
China,9,345,2738.0,1779.760009765625,958.239990234375,0.34997808262760227,1448.4678955078125,1289.5321044921875,0.47097593297742424,1426.3109130859375,1311.6890869140625,0.4790683297713888,1420.5643310546875,1317.4356689453125,0.48116715447235664,1444.2283935546875,1293.7716064453125,0.47252432667834643,1760.8125,977.1875,0.3568982834185537,1416.85693359375,1321.14306640625,0.48252120759906864
China,9,350,6416.0,6555.07861328125,139.07861328125,0.02167684122213996,6581.9853515625,165.9853515625,0.0258705348445293,6577.09326171875,161.09326171875,0.025108052013520885,6588.28125,172.28125,0.02685181577306733,6631.7705078125,215.7705078125,0.03363006667900561,6552.89111328125,136.89111328125,0.021335896708424253,5784.8818359375,631.1181640625,0.09836629739128741
China,9,366,803.0,664.751220703125,138.248779296875,0.1721653540434309,654.031005859375,148.968994140625,0.18551555932830013,635.231201171875,167.768798828125,0.2089275203339041,638.95849609375,164.04150390625,0.20428580810242838,645.4910278320312,157.50897216796875,0.19615065027144302,658.5250854492188,144.47491455078125,0.17991894713671389,611.7620849609375,191.2379150390625,0.23815431511713886
China,9,387,3762.0,3383.46630859375,378.53369140625,0.10062033264387293,3852.388427734375,90.388427734375,0.024026695304193248,3854.203369140625,92.203369140625,0.024509135869384635,2134.3955078125,1627.6044921875,0.43264340568514087,3945.091552734375,183.091552734375,0.04866867430472488,3365.576416015625,396.423583984375,0.10537575331854732,3881.38720703125,119.38720703125,0.031735036425106326
China,9,389,1101.0,654.27099609375,446.72900390625,0.4057484140837875,654.8828735351562,446.11712646484375,0.4051926670888681,658.5144653320312,442.48553466796875,0.401894218590344,1955.392822265625,854.392822265625,0.7760152790786785,1483.2471923828125,382.2471923828125,0.3471818277773047,787.0469970703125,313.9530029296875,0.28515259121679154,1042.3740234375,58.6259765625,0.053247935115803814
China,9,401,801.0,711.2861328125,89.7138671875,0.11200233107053682,933.9866943359375,132.9866943359375,0.16602583562539014,613.896728515625,187.103271484375,0.2335871054736267,616.4227294921875,184.5772705078125,0.23043354620201312,457.0755920410156,343.9244079589844,0.42936879895004293,450.58062744140625,350.41937255859375,0.43747736898700845,415.4190673828125,385.5809326171875,0.48137444771184457
China,9,419,3986.0,2294.87890625,1691.12109375,0.4242652016432514,2950.733642578125,1035.266357421875,0.25972562905716884,6513.15087890625,2527.15087890625,0.6340067433282113,2294.499755859375,1691.500244140625,0.4243603221627258,2292.615234375,1693.384765625,0.42483310728173607,2274.29150390625,1711.70849609375,0.42943012947660564,2247.427490234375,1738.572509765625,0.43616972146653915
China,9,427,4158.0,7070.83203125,2912.83203125,0.700536804052429,8539.40234375,4381.40234375,1.0537283174001923,4713.1728515625,555.1728515625,0.13351920431998557,6108.494140625,1950.494140625,0.4690943099146224,6048.611328125,1890.611328125,0.4546924791065416,7106.60888671875,2948.60888671875,0.7091411463970058,5091.3984375,933.3984375,0.2244825487012987
China,9,440,349.0,659.5462036132812,310.54620361328125,0.8898172023303188,434.51019287109375,85.51019287109375,0.24501487928680157,640.5579833984375,291.5579833984375,0.8354096945513968,667.4363403320312,318.43634033203125,0.9124250439313216,660.5269775390625,311.5269775390625,0.8926274428053367,659.6700439453125,310.6700439453125,0.8901720456885746,535.0091552734375,186.0091552734375,0.5329775222734598
China,9,456,27000.0,13441.427734375,13558.572265625,0.5021693431712962,12174.1181640625,14825.8818359375,0.5491067346643519,13129.9111328125,13870.0888671875,0.5137069950810185,13266.7666015625,13733.2333984375,0.5086382740162037,13133.1123046875,13866.8876953125,0.5135884331597222,13234.7734375,13765.2265625,0.5098232060185185,13206.58984375,13793.41015625,0.510867042824074
China,9,457,1694.0,559.7300415039062,1134.2699584960938,0.6695808491712478,1339.98193359375,354.01806640625,0.20898351027523612,1012.5337524414062,681.4662475585938,0.40228231851156654,668.3743896484375,1025.6256103515625,0.6054460509749483,659.082275390625,1034.917724609375,0.6109313604541765,417.185302734375,1276.814697265625,0.7537276843362604,1410.232666015625,283.767333984375,0.16751318417023317
China,9,472,2112.0,2254.091552734375,142.091552734375,0.0672781973174124,2544.1240234375,432.1240234375,0.2046041777639678,2309.9951171875,197.9951171875,0.09374768806226326,1919.7060546875,192.2939453125,0.0910482695608428,2281.311767578125,169.311767578125,0.0801665566184304,2244.036865234375,132.036865234375,0.0625174551299124,2295.80908203125,183.80908203125,0.08703081535570549
China,9,479,3434.0,2408.998779296875,1025.001220703125,0.2984860864016089,2406.670654296875,1027.329345703125,0.29916404941849883,2443.224609375,990.775390625,0.2885193333211998,3088.319580078125,345.680419921875,0.10066407103141381,2466.8779296875,967.1220703125,0.2816313541970006,2439.7490234375,994.2509765625,0.2895314433787129,3083.45068359375,350.54931640625,0.10208192091038149
China,9,481,338.0,405.0061950683594,67.00619506835938,0.19824318067561944,1127.9920654296875,789.9920654296875,2.3372546314487797,399.0837097167969,61.083709716796875,0.18072103466507952,542.1022338867188,204.10223388671875,0.6038527629784578,397.35943603515625,59.35943603515625,0.17561963324010724,554.3717041015625,216.3717041015625,0.6401529707146819,1352.520751953125,1014.520751953125,3.001540686251849
China,9,487,640.0,291.62005615234375,348.37994384765625,0.5443436622619628,951.4983520507812,311.49835205078125,0.4867161750793457,286.2353515625,353.7646484375,0.5527572631835938,290.86285400390625,349.13714599609375,0.5455267906188965,288.8218994140625,351.1781005859375,0.5487157821655273,296.1793212890625,343.8206787109375,0.5372198104858399,298.82794189453125,341.17205810546875,0.533081340789795
China,9,491,2446.0,930.2111206054688,1515.7888793945312,0.6197010954188599,868.9181518554688,1577.0818481445312,0.6447595454393014,899.0748291015625,1546.9251708984375,0.6324305686420432,927.7339477539062,1518.2660522460938,0.620713839838959,919.2264404296875,1526.7735595703125,0.6241919703885169,708.08935546875,1737.91064453125,0.7105113019342805,676.7490234375,1769.2509765625,0.7233241931980785
China,10,20,909.0,1340.560302734375,431.560302734375,0.4747638093887514,1234.9344482421875,325.9344482421875,0.3585637494413504,955.9129028320312,46.91290283203125,0.05160935405063944,1235.39453125,326.39453125,0.3590698913641364,1478.27392578125,569.27392578125,0.6262639447538504,1229.025390625,320.025390625,0.3520631360011001,1002.6260986328125,93.6260986328125,0.10299900839693345
China,10,21,9094.0,2189.150390625,6904.849609375,0.7592753034280845,1682.0147705078125,7411.9852294921875,0.8150412612153274,3857.89306640625,5236.10693359375,0.5757759988557015,2217.6923828125,6876.3076171875,0.7561367513951507,4658.40771484375,4435.59228515625,0.4877493165995437,3900.177734375,5193.822265625,0.5711262662882121,3332.54443359375,5761.45556640625,0.633544707104272
China,10,48,3148.0,3837.3369140625,689.3369140625,0.21897614805034943,3819.2587890625,671.2587890625,0.21323341456877382,3953.7744140625,805.7744140625,0.2559639180630559,3830.687744140625,682.687744140625,0.21686395938393424,3482.072265625,334.072265625,0.10612206658989835,3514.027099609375,366.027099609375,0.11627290330666296,3553.5009765625,405.5009765625,0.128812254308291
China,10,50,1464.0,3177.6357421875,1713.6357421875,1.1705162173411885,4337.4814453125,2873.4814453125,1.9627605500768444,4676.21728515625,3212.21728515625,2.1941374898608266,4732.6484375,3268.6484375,2.2326833589480874,3889.2265625,2425.2265625,1.6565755208333333,3899.77392578125,2435.77392578125,1.6637800039489412,4728.18115234375,3264.18115234375,2.2296319346610316
China,10,54,4054.0,9855.5615234375,5801.5615234375,1.431070923393562,9274.5693359375,5220.5693359375,1.287757606299334,9590.4931640625,5536.4931640625,1.3656865229557227,10053.107421875,5999.107421875,1.4797995613899853,9269.744140625,5215.744140625,1.286567375585841,8804.56640625,4750.56640625,1.1718220045017267,10133.0966796875,6079.0966796875,1.4995305080630241
China,10,58,477.0,1059.1787109375,582.1787109375,1.2205004422169812,688.32568359375,211.32568359375,0.4430307832154088,710.7368774414062,233.73687744140625,0.49001441811615565,691.6578369140625,214.6578369140625,0.45001642958922955,666.4517211914062,189.45172119140625,0.3971734196884827,672.8128662109375,195.8128662109375,0.41050915348204925,689.277099609375,212.277099609375,0.44502536605738996
China,10,71,4416.0,2178.178955078125,2237.821044921875,0.5067529540131057,1411.11376953125,3004.88623046875,0.6804543094358583,4652.3447265625,236.3447265625,0.053520092065783516,1428.59912109375,2987.40087890625,0.6764947642450747,1513.54833984375,2902.45166015625,0.6572580752165421,2208.72509765625,2207.27490234375,0.4998358021611753,1418.078369140625,2997.921630859375,0.6788771809011266
China,10,87,770.0,2230.26416015625,1460.26416015625,1.896446961241883,1781.3812255859375,1011.3812255859375,1.3134821111505681,1882.572509765625,1112.572509765625,1.4448993633319804,1769.1134033203125,999.1134033203125,1.2975498744419642,3351.763427734375,2581.763427734375,3.3529395165381493,4034.9951171875,3264.9951171875,4.240253398944805,1661.4512939453125,891.4512939453125,1.1577289531757304
China,10,99,943.0,3124.24755859375,2181.24755859375,2.313093911552227,3211.6748046875,2268.6748046875,2.405805731375928,1479.7135009765625,536.7135009765625,0.5691553562847959,3255.7744140625,2312.7744140625,2.452570958708908,3757.77880859375,2814.77880859375,2.9849192031747083,3669.89306640625,2726.89306640625,2.891721173283404,3619.258056640625,2676.258056640625,2.838025510753579
China,10,102,3630.0,2002.1517333984375,1627.8482666015625,0.44844304865056817,3145.6064453125,484.3935546875,0.1334417506026171,2002.93798828125,1627.06201171875,0.4482264495092975,1991.977294921875,1638.022705078125,0.4512459242639463,3002.2900390625,627.7099609375,0.17292285425275483,2132.0087890625,1497.9912109375,0.4126697550792011,1976.5517578125,1653.4482421875,0.4554953835227273
China,10,106,631.0,1451.88232421875,820.88232421875,1.3009228593007132,2051.52197265625,1420.52197265625,2.2512234114996037,1423.3243408203125,792.3243408203125,1.255664565483855,2070.275634765625,1439.275634765625,2.28094395366977,1300.1075439453125,669.1075439453125,1.0603923041922543,1298.46728515625,667.46728515625,1.0577928449385896,1743.97607421875,1112.97607421875,1.7638289607270206
China,10,121,2999.0,1117.944091796875,1881.055908203125,0.6272277119716989,1376.56396484375,1622.43603515625,0.5409923424995832,1373.0301513671875,1625.9698486328125,0.5421706731019715,1378.15869140625,1620.84130859375,0.540460589727826,1404.9677734375,1594.0322265625,0.5315212492705902,1405.920166015625,1593.079833984375,0.5312036792211987,967.7244873046875,2031.2755126953125,0.6773176101018048
China,10,130,25482.0,14707.181640625,10774.818359375,0.4228403720027863,16906.359375,8575.640625,0.3365371880150695,7628.06494140625,17853.93505859375,0.7006488917115513,16633.94921875,8848.05078125,0.3472274853327839,7088.40625,18393.59375,0.7218269268503257,7090.9306640625,18391.0693359375,0.7217278602910878,7622.6484375,17859.3515625,0.7008614536731811
China,10,149,3303.0,3385.81201171875,82.81201171875,0.025071756499772932,3385.363525390625,82.363525390625,0.024935974989592793,2870.83740234375,432.16259765625,0.1308394180006812,3378.7529296875,75.7529296875,0.022934583617166212,3448.0673828125,145.0673828125,0.0439198858045716,3391.951416015625,88.951416015625,0.026930492284476235,3326.2119140625,23.2119140625,0.007027524693460491
China,10,151,2078.0,2492.27978515625,414.27978515625,0.19936467043130413,1965.667236328125,112.332763671875,0.054058115337764674,2065.224365234375,12.775634765625,0.0061480436793190565,3546.584228515625,1468.584228515625,0.7067296576109842,1278.92822265625,799.07177734375,0.38453887263895575,1953.70849609375,124.29150390625,0.05981304326576035,4727.0703125,2649.0703125,1.274817282242541
China,10,160,4900.0,7765.9189453125,2865.9189453125,0.5848814174107143,1843.373291015625,3056.626708984375,0.6238013691804847,3309.669677734375,1590.330322265625,0.32455720862563775,1822.13818359375,3077.86181640625,0.6281350645727041,1793.0587158203125,3106.9412841796875,0.6340696498325893,2237.37353515625,2662.62646484375,0.5433931560905613,1884.756103515625,3015.243896484375,0.6153558972417091
China,10,169,7060.0,10058.4267578125,2998.4267578125,0.4247063396334986,10349.919921875,3289.919921875,0.4659943232117564,9512.662109375,2452.662109375,0.34740256506728046,9472.66015625,2412.66015625,0.3417365660410765,9729.01171875,2669.01171875,0.3780469856586402,7574.4794921875,514.4794921875,0.07287244931834277,9656.546875,2596.546875,0.36778284348441925
China,10,174,334.0,982.2401123046875,648.2401123046875,1.9408386595948728,2071.447509765625,1737.447509765625,5.201938651992889,969.7393798828125,635.7393798828125,1.9034113170144087,1572.1959228515625,1238.1959228515625,3.707173421711265,1598.355224609375,1264.355224609375,3.7854946844592066,1589.02001953125,1255.02001953125,3.757544968656437,972.79052734375,638.79052734375,1.9125464890531436
China,10,187,22920.0,3422.95556640625,19497.04443359375,0.8506563889002509,3001.54345703125,19918.45654296875,0.8690426065867692,3783.70849609375,19136.29150390625,0.8349167322821226,2997.19287109375,19922.80712890625,0.8692324227271487,3238.035888671875,19681.964111328125,0.8587244376670211,3257.94091796875,19662.05908203125,0.8578559808914158,3157.056640625,19762.943359375,0.8622575636725567
China,10,188,9409.0,5612.64404296875,3796.35595703125,0.4034813430790998,3973.134765625,5435.865234375,0.5777303894542459,6328.271484375,3080.728515625,0.3274235854633861,8138.68798828125,1270.31201171875,0.13501031052383355,4551.29638671875,4857.70361328125,0.5162826669445477,6348.00390625,3060.99609375,0.32532639959081733,7170.349609375,2238.650390625,0.23792649491178658
China,10,189,285.0,990.6652221679688,705.6652221679688,2.4760183233963815,342.29400634765625,57.29400634765625,0.20103160121984648,1013.2884521484375,728.2884521484375,2.5553980777138157,341.3097839355469,56.309783935546875,0.1975781892475329,963.4244995117188,678.4244995117188,2.3804368403919955,410.9052734375,125.9052734375,0.44177288925438596,1018.5501708984375,733.5501708984375,2.5738602487664473
China,10,191,15165.0,7328.46826171875,7836.53173828125,0.5167511861708705,7980.2734375,7184.7265625,0.47377029756017147,2940.93115234375,12224.06884765625,0.8060711406301516,7436.8583984375,7728.1416015625,0.5096037983226178,9247.0361328125,5917.9638671875,0.3902383031445763,7652.0390625,7512.9609375,0.49541450296735906,2825.05224609375,12339.94775390625,0.8137123477682987
China,10,214,220.0,615.0547485351562,395.05474853515625,1.7957034024325285,420.90045166015625,200.90045166015625,0.9131838711825284,785.6502685546875,565.6502685546875,2.5711375843394886,433.651123046875,213.651123046875,0.9711414683948864,641.0731201171875,421.0731201171875,1.9139687278053976,784.9251708984375,564.9251708984375,2.5678416859019886,767.3550415039062,547.3550415039062,2.487977461381392
China,10,235,7762.0,2188.908203125,5573.091796875,0.7179968818442412,2199.53271484375,5562.46728515625,0.7166280965158787,2358.435546875,5403.564453125,0.6961562037007215,2463.420654296875,5298.579345703125,0.6826306809718017,2203.31982421875,5558.68017578125,0.7161401927056493,2216.190185546875,5545.809814453125,0.7144820683397481,2458.914794921875,5303.085205078125,0.683211183339104
China,10,252,13919.0,4291.4580078125,9627.5419921875,0.6916834537098571,3146.9033203125,10772.0966796875,0.7739131172991953,3582.77099609375,10336.22900390625,0.7425985346581112,3169.22998046875,10749.77001953125,0.7723090753309325,3937.293212890625,9981.706787109375,0.7171281548321988,3595.9931640625,10323.0068359375,0.7416485980269775,3959.056640625,9959.943359375,0.7155645778701775
China,10,257,4945.0,508.6529846191406,4436.347015380859,0.8971379201983538,1699.3548583984375,3245.6451416015625,0.6563488658446032,986.445068359375,3958.554931640625,0.8005166696947674,1269.931396484375,3675.068603515625,0.7431887974753539,1835.758544921875,3109.241455078125,0.6287647027458291,1731.5177001953125,3213.4822998046875,0.6498447522355283,984.3905029296875,3960.6094970703125,0.800932153098142
China,10,270,17607.0,7893.197265625,9713.802734375,0.5517011833006759,17819.091796875,212.091796875,0.012045879302266143,6611.146484375,10995.853515625,0.6245160172445618,19130.6953125,1523.6953125,0.08653917830976317,26613.462890625,9006.462890625,0.5115273976614415,26541.984375,8934.984375,0.5074677330039189,6234.337890625,11372.662109375,0.6459170846467314
China,10,276,1817.0,996.8223876953125,820.1776123046875,0.451391090976713,1343.9718017578125,473.0281982421875,0.2603347266054967,779.2371826171875,1037.7628173828125,0.5711407910747455,1327.17041015625,489.82958984375,0.2695815023906164,1381.8466796875,435.1533203125,0.23948999466840948,1394.2261962890625,422.7738037109375,0.2326768319818038,798.7808837890625,1018.2191162109375,0.5603847640126238
China,10,293,1035.0,1912.328125,877.328125,0.8476600241545894,1947.404296875,912.404296875,0.881550045289855,1614.99365234375,579.99365234375,0.560380340428744,1946.338134765625,911.338134765625,0.8805199369716183,1649.2939453125,614.2939453125,0.5935207201086956,1658.6324462890625,623.6324462890625,0.6025434263662439,1575.4447021484375,540.4447021484375,0.5221687943463165
China,10,308,3006.0,6774.91552734375,3768.91552734375,1.25379758062001,7142.00244140625,4136.00244140625,1.3759156491704092,5442.88427734375,2436.88427734375,0.8106734122900033,5309.44140625,2303.44140625,0.7662812396041251,5331.70947265625,2325.70947265625,0.7736891126600964,7675.54296875,4669.54296875,1.553407507900865,7396.666015625,4390.666015625,1.460634070400865
China,10,313,1727.0,1922.8408203125,195.8408203125,0.11339943272292993,1921.192626953125,194.192626953125,0.11244506482520267,1917.2681884765625,190.2681884765625,0.11017266269633035,1911.98388671875,184.98388671875,0.1071128469709033,1893.9991455078125,166.9991455078125,0.09669898408095687,1910.7706298828125,183.7706298828125,0.10641032419386942,1903.6898193359375,176.6898193359375,0.10231026018294007
China,10,330,705.0,1177.8802490234375,472.8802490234375,0.6707521262743794,1762.8875732421875,1057.8875732421875,1.5005497492796986,2673.4345703125,1968.4345703125,2.792105773492908,1559.2606201171875,854.2606201171875,1.2117171916555851,1440.3052978515625,735.3052978515625,1.0429862380873227,556.8751831054688,148.12481689453125,0.21010612325465425,3460.07666015625,2755.07666015625,3.90791015625
China,10,343,7824.0,2453.181884765625,5370.818115234375,0.6864542580821031,4714.29833984375,3109.70166015625,0.3974567561549399,15732.6005859375,7908.6005859375,1.0108129583253451,3028.50927734375,4795.49072265625,0.612920593386535,1868.001220703125,5955.998779296875,0.7612472877424431,1684.435546875,6139.564453125,0.7847091581192485,3061.498779296875,4762.501220703125,0.6087041437503994
China,10,344,247.0,837.3162231445312,590.3162231445312,2.3899442232572117,719.988037109375,472.988037109375,1.9149313243294535,610.9829711914062,363.98297119140625,1.4736152679814019,719.976806640625,472.976806640625,1.9148858568446356,506.3427429199219,259.3427429199219,1.0499706191089955,531.8438720703125,284.8438720703125,1.153214056964828,583.4005737304688,336.40057373046875,1.3619456426334766
China,10,348,2435.0,8082.6884765625,5647.6884765625,2.3193792511550306,8128.47998046875,5693.47998046875,2.3381847969070844,4662.6298828125,2227.6298828125,0.914837734214579,12310.6640625,9875.6640625,4.055714194045175,11949.5263671875,9514.5263671875,3.9074030255390144,11898.4296875,9463.4296875,3.8864187628336757,8537.833984375,6102.833984375,2.506297324178645
China,10,359,2027.0,1478.1253662109375,548.8746337890625,0.27078176309277874,1512.7427978515625,514.2572021484375,0.2537036024412617,1619.064208984375,407.935791015625,0.2012510069144672,1496.77685546875,530.22314453125,0.26158023903860383,1680.4267578125,346.5732421875,0.170978412524667,1660.0264892578125,366.9735107421875,0.18104267920186853,1624.228271484375,402.771728515625,0.19870336877929207
China,10,363,566.0,240.468505859375,325.531494140625,0.5751439825806095,420.4063720703125,145.5936279296875,0.2572325581796599,240.6693115234375,325.3306884765625,0.5747892022554107,417.36181640625,148.63818359375,0.2626116317910777,240.96107482910156,325.03892517089844,0.5742737193832128,239.48114013671875,326.51885986328125,0.5768884449881294,241.3166046142578,324.6833953857422,0.5736455748864703
China,10,372,1538.0,2819.483642578125,1281.483642578125,0.8332143319753739,2727.83349609375,1189.83349609375,0.7736238596188232,3150.77783203125,1612.77783203125,1.0486201768733745,2733.86767578125,1195.86767578125,0.7775472534338427,2745.515380859375,1207.515380859375,0.7851205337187094,2212.25439453125,674.25439453125,0.4383968755079649,3488.686279296875,1950.686279296875,1.2683265795168237
China,10,385,976.0,587.817138671875,388.182861328125,0.39772834152471825,593.330322265625,382.669677734375,0.39207958784259733,598.49609375,377.50390625,0.38678678919057374,592.8018798828125,383.1981201171875,0.3926210247102331,575.7620849609375,400.2379150390625,0.410079830982646,588.4064331054688,387.59356689453125,0.3971245562443968,589.0050048828125,386.9949951171875,0.3965112654889216
China,10,413,10080.0,11945.5146484375,1865.5146484375,0.18507089766245038,12383.6650390625,2303.6650390625,0.22853819831969246,11450.783203125,1370.783203125,0.13599039713541666,12360.736328125,2280.736328125,0.2262635246155754,13274.1416015625,3194.1416015625,0.3168791271391369,12825.48046875,2745.48046875,0.2723690941220238,11607.02734375,1527.02734375,0.15149080791170635
China,10,435,871.0,1050.394287109375,179.394287109375,0.20596359025186567,255.64752197265625,615.3524780273438,0.7064896418224383,492.14788818359375,378.85211181640625,0.4349622408913964,966.7447509765625,95.7447509765625,0.10992508722911883,253.21522521972656,617.7847747802734,0.7092821754078914,251.11758422851562,619.8824157714844,0.7116904888306365,967.6253662109375,96.6253662109375,0.11093612653379736
China,10,443,667.0,979.6033935546875,312.6033935546875,0.46867075495455396,2393.272216796875,1726.272216796875,2.5881142680612816,661.7842407226562,5.21575927734375,0.00781972905148988,935.5601196289062,268.56011962890625,0.4026388600133527,977.645751953125,310.645751953125,0.46573576004966266,970.7760620117188,303.77606201171875,0.455436374830163,604.802490234375,62.197509765625,0.09324963982852325
China,10,445,1916.0,1554.246337890625,361.753662109375,0.18880671300071764,1448.001708984375,467.998291015625,0.2442579806970903,650.5634765625,1265.4365234375,0.6604574756980689,1449.761962890625,466.238037109375,0.2433392678023878,694.2848510742188,1221.7151489257812,0.6376383867044787,682.7191162109375,1233.2808837890625,0.6436747827709094,670.8726806640625,1245.1273193359375,0.6498576823256459
China,10,455,498.0,285.767333984375,212.232666015625,0.4261700120795683,291.4713134765625,206.5286865234375,0.4147162379988705,565.7030029296875,67.7030029296875,0.1359498050796938,290.9018249511719,207.09817504882812,0.4158597892546749,480.9854431152344,17.014556884765625,0.03416577687703941,571.9174194335938,73.91741943359375,0.14842855307950553,1144.0797119140625,646.0797119140625,1.2973488191045432
China,10,458,2952.0,2312.274169921875,639.725830078125,0.21670929203188516,1796.3846435546875,1155.6153564453125,0.39146861668201643,2429.97412109375,522.02587890625,0.1768380348598408,1796.439697265625,1155.560302734375,0.39144996705094004,1443.271728515625,1508.728271484375,0.5110868128334604,1460.7420654296875,1491.2579345703125,0.5051686770224636,2049.272216796875,902.727783203125,0.3058020945810044
China,10,459,374.0,502.9229431152344,128.92294311523438,0.3447137516450117,524.1568603515625,150.1568603515625,0.4014889314212901,698.724609375,324.724609375,0.8682476186497327,521.6793823242188,147.67938232421875,0.39486465862090575,403.83013916015625,29.83013916015625,0.07975973037474933,406.4200439453125,32.4200439453125,0.08668460947944519,651.2705688476562,277.27056884765625,0.7413651573466745
China,10,466,25054.0,5394.0908203125,19659.9091796875,0.7847014121372835,4367.92138671875,20686.07861328125,0.82565971953705,4420.8916015625,20633.1083984375,0.8235454777056558,4375.4365234375,20678.5634765625,0.8253597619766305,3643.050048828125,21410.949951171875,0.8545920791558983,3626.122314453125,21427.877685546875,0.8552677291269608,4415.3525390625,20638.6474609375,0.8237665626621498
China,10,495,16560.0,8782.064453125,7777.935546875,0.46968209824124396,4104.76611328125,12455.23388671875,0.7521276501641757,12895.115234375,3664.884765625,0.2213094665232488,4112.41650390625,12447.58349609375,0.7516656700539704,7233.14501953125,9326.85498046875,0.5632158804630888,7241.47412109375,9318.52587890625,0.5627129153928895,6806.0712890625,9753.9287109375,0.5890053569406702
China,10,498,2185.0,1245.2545166015625,939.7454833984375,0.43008946608624143,802.6884155273438,1382.3115844726562,0.6326368807655177,1236.473876953125,948.526123046875,0.43410806546767733,1472.3729248046875,712.6270751953125,0.32614511450586386,800.330810546875,1384.669189453125,0.6337158761799199,1472.406494140625,712.593505859375,0.32612975096538904,1691.411376953125,493.588623046875,0.22589868331664759
COCOMO81,1,0,2040.0,3589.373291015625,1549.373291015625,0.7594967112821691,311.63824462890625,1728.3617553710938,0.8472361545936734,313.4098815917969,1726.5901184082031,0.8463677051020604,150.58900451660156,1889.4109954833984,0.9261818605310776,314.63525390625,1725.36474609375,0.8457670323988971,330.96588134765625,1709.0341186523438,0.837761822868796,150.73995971679688,1889.2600402832031,0.9261078628839231
COCOMO81,1,5,43.0,108.68974304199219,65.68974304199219,1.5276684428370275,76.6020278930664,33.602027893066406,0.7814425091410793,71.36443328857422,28.36443328857422,0.6596379834552144,88.79360961914062,45.793609619140625,1.06496766556141,62.813880920410156,19.813880920410156,0.4607879283816315,57.55402755737305,14.554027557373047,0.33846575714821037,89.25099182128906,46.25099182128906,1.0756044609602107
COCOMO81,1,16,9.0,203.41770935058594,194.41770935058594,21.60196770562066,22.08063507080078,13.080635070800781,1.4534038967556424,20.34296226501465,11.342962265014648,1.2603291405571833,210.0858917236328,201.0858917236328,22.342876858181423,18.80128288269043,9.80128288269043,1.0890314314100478,17.85097312927246,8.850973129272461,0.9834414588080512,202.0718536376953,193.0718536376953,21.452428181966145
COCOMO81,1,36,47.0,258.6235046386719,211.62350463867188,4.502627758269615,247.83633422851562,200.83633422851562,4.273113494223737,247.63137817382812,200.63137817382812,4.268752727102726,357.98663330078125,310.98663330078125,6.616736878740027,245.53497314453125,198.53497314453125,4.22414836477726,246.77554321289062,199.77554321289062,4.2505434726146945,357.93597412109375,310.93597412109375,6.615659023853058
COCOMO81,1,44,106.0,88.50670623779297,17.49329376220703,0.1650310732283682,72.93400573730469,33.06599426269531,0.3119433421008992,72.46266174316406,33.53733825683594,0.316389983555056,274.1734924316406,168.17349243164062,1.586542381430572,72.85104370117188,33.148956298828125,0.31272600281913326,71.69796752929688,34.302032470703125,0.3236040799122936,271.77862548828125,165.77862548828125,1.563949297059257
COCOMO81,1,52,14.0,234.30279541015625,220.30279541015625,15.735913957868304,28.735130310058594,14.735130310058594,1.0525093078613281,28.804954528808594,14.804954528808594,1.0574967520577567,178.55935668945312,164.55935668945312,11.754239763532366,28.526893615722656,14.526893615722656,1.037635258265904,28.98882293701172,14.988822937011719,1.0706302097865514,178.11318969726562,164.11318969726562,11.72237069266183
COCOMO81,1,58,70.0,195.06271362304688,125.06271362304688,1.7866101946149553,200.83883666992188,130.83883666992188,1.869126238141741,200.7530517578125,130.7530517578125,1.8679007393973215,196.64825439453125,126.64825439453125,1.8092607770647322,204.07211303710938,134.07211303710938,1.915315900530134,197.23330688476562,127.23330688476562,1.817618669782366,194.70913696289062,124.70913696289062,1.781559099469866
COCOMO81,2,9,321.0,140.37062072753906,180.62937927246094,0.5627083466431805,496.0215759277344,175.02157592773438,0.5452385542920074,532.9786987304688,211.97869873046875,0.6603697779765382,312.7690124511719,8.230987548828125,0.025641705759589174,527.91357421875,206.91357421875,0.6445905738901869,430.8421630859375,109.8421630859375,0.34218742394373053,489.6378173828125,168.6378173828125,0.5253514560212228
COCOMO81,2,12,79.0,50.552547454833984,28.447452545166016,0.3600943360147597,82.52470397949219,3.5247039794921875,0.04461650606952136,83.33248138427734,4.332481384277344,0.05484153650983979,32.22135543823242,46.77864456176758,0.5921347412881972,83.12611389160156,4.1261138916015625,0.05222928976710839,266.308837890625,187.308837890625,2.370997947982595,82.26382446289062,3.263824462890625,0.041314233707476264
COCOMO81,2,13,60.0,18.863412857055664,41.136587142944336,0.6856097857157389,22.452091217041016,37.547908782958984,0.6257984797159831,27.665870666503906,32.334129333496094,0.5389021555582683,18.085115432739258,41.91488456726074,0.6985814094543457,27.461044311523438,32.53895568847656,0.542315928141276,22.92548370361328,37.07451629638672,0.6179086049397786,18.575008392333984,41.424991607666016,0.6904165267944335
COCOMO81,2,25,387.0,7.774406433105469,379.22559356689453,0.9799110944880995,466.8822937011719,79.88229370117188,0.20641419561026325,466.1075744628906,79.10757446289062,0.20441233711341247,419.270263671875,32.270263671875,0.08338569424257106,466.27655029296875,79.27655029296875,0.20484896716529394,467.13629150390625,80.13629150390625,0.2070705206819283,466.91448974609375,79.91448974609375,0.20649738952479005
COCOMO81,2,40,6.0,42.66470718383789,36.66470718383789,6.110784530639648,33.123531341552734,27.123531341552734,4.520588556925456,31.667495727539062,25.667495727539062,4.277915954589844,32.17346954345703,26.17346954345703,4.362244923909505,31.867313385009766,25.867313385009766,4.311218897501628,16.261611938476562,10.261611938476562,1.7102686564127605,33.28811264038086,27.28811264038086,4.54801877339681
COCOMO81,2,56,237.0,681.4221801757812,444.42218017578125,1.8751990724716507,409.9749755859375,172.9749755859375,0.7298522176621836,689.6595458984375,452.6595458984375,1.909955889866825,681.41552734375,444.41552734375,1.875171001450422,688.0553588867188,451.05535888671875,1.9031871682983914,294.0511169433594,57.051116943359375,0.24072201241923788,413.93341064453125,176.93341064453125,0.7465544752933808
COCOMO81,2,61,38.0,47.016048431396484,9.016048431396484,0.23726443240517064,41.5914192199707,3.591419219970703,0.09451103210449219,56.332698822021484,18.332698822021484,0.4824394426847759,29.8819580078125,8.1180419921875,0.2136326840049342,56.18701171875,18.18701171875,0.47860557154605265,53.62019348144531,15.620193481445312,0.41105772319592926,41.67631912231445,3.676319122314453,0.09674524006090666
COCOMO81,3,3,240.0,1579.615966796875,1339.615966796875,5.581733194986979,973.944580078125,733.944580078125,3.0581024169921873,756.3004150390625,516.3004150390625,2.151251729329427,756.356201171875,516.356201171875,2.151484171549479,746.5452880859375,506.5452880859375,2.1106053670247396,756.86572265625,516.86572265625,2.153607177734375,761.0736083984375,521.0736083984375,2.1711400349934897
COCOMO81,3,6,8.0,108.36910247802734,100.36910247802734,12.546137809753418,17.18972396850586,9.18972396850586,1.1487154960632324,41.651145935058594,33.651145935058594,4.206393241882324,41.6512451171875,33.6512451171875,4.2064056396484375,33.068016052246094,25.068016052246094,3.1335020065307617,41.65100860595703,33.65100860595703,4.206376075744629,41.62940979003906,33.62940979003906,4.203676223754883
COCOMO81,3,8,423.0,208.36767578125,214.63232421875,0.5074050217937353,209.65835571289062,213.34164428710938,0.5043537690002585,209.51718139648438,213.48281860351562,0.504687514429115,209.5174102783203,213.4825897216797,0.5046869733373043,209.5966033935547,213.4033966064453,0.5044997555707927,209.51934814453125,213.48065185546875,0.5046823920933068,209.5325927734375,213.4674072265625,0.5046510809138594
COCOMO81,3,17,11400.0,1701.0625,9698.9375,0.8507839912280701,2800.5703125,8599.4296875,0.7543359375,1686.77392578125,9713.22607421875,0.8520373749314692,1686.772705078125,9713.227294921875,0.8520374820106907,1677.578369140625,9722.421630859375,0.8528440027069627,1686.77294921875,9713.22705078125,0.8520374605948465,1686.96484375,9713.03515625,0.8520206277412281
COCOMO81,3,34,82.0,123.64454650878906,41.64454650878906,0.5078603232779154,123.697021484375,41.697021484375,0.5085002620045732,123.69164276123047,41.69164276123047,0.5084346678198838,123.691650390625,41.691650390625,0.5084347608612805,123.69467163085938,41.694671630859375,0.5084716052543826,123.69171142578125,41.69171142578125,0.5084355051924543,123.69223022460938,41.692230224609375,0.5084418320074314
COCOMO81,3,49,176.0,456.3931884765625,280.3931884765625,1.5931431163441052,465.33160400390625,289.33160400390625,1.6439295682040127,464.39190673828125,288.39190673828125,1.6385903791947798,464.393310546875,288.393310546875,1.6385983553799717,464.9217529296875,288.9217529296875,1.641600868918679,464.4062805175781,288.4062805175781,1.6386720483953303,464.4947509765625,288.4947509765625,1.6391747214577415
COCOMO81,3,50,122.0,41.46550369262695,80.53449630737305,0.6601188221915824,40.58076858520508,81.41923141479492,0.6673707493015977,41.51981735229492,80.48018264770508,0.6596736282598777,41.51963806152344,80.48036193847656,0.6596750978563652,41.45271682739258,80.54728317260742,0.6602236325623559,41.51811218261719,80.48188781738281,0.6596876050605148,41.507469177246094,80.4925308227539,0.6597748428094582
COCOMO81,4,4,33.0,142.75440979003906,109.75440979003906,3.3258912057587593,143.169921875,110.169921875,3.338482481060606,143.17295837402344,110.17295837402344,3.3385744961825283,143.17295837402344,110.17295837402344,3.3385744961825283,370.4713134765625,337.4713134765625,10.226403438683713,370.3656311035156,337.3656311035156,10.223200942530777,143.17068481445312,110.17068481445312,3.3385056004379736
COCOMO81,4,19,6400.0,776.96630859375,5623.03369140625,0.8785990142822265,776.963134765625,5623.036865234375,0.8785995101928711,776.963134765625,5623.036865234375,0.8785995101928711,776.963134765625,5623.036865234375,0.8785995101928711,776.9635009765625,5623.0364990234375,0.8785994529724122,776.963134765625,5623.036865234375,0.8785995101928711,776.963134765625,5623.036865234375,0.8785995101928711
COCOMO81,4,33,230.0,483.07086181640625,253.07086181640625,1.1003080948539403,482.8990783691406,252.89907836914062,1.0995612103006114,482.8978271484375,252.8978271484375,1.0995557702105978,482.8978271484375,252.8978271484375,1.0995557702105978,482.91912841796875,252.91912841796875,1.099648384425951,482.89788818359375,252.89788818359375,1.0995560355808425,482.89874267578125,252.89874267578125,1.0995597507642663
COCOMO81,4,41,45.0,93.01245880126953,48.01245880126953,1.0669435289171008,93.01483154296875,48.01483154296875,1.0669962565104167,93.01485443115234,48.014854431152344,1.0669967651367187,93.01485443115234,48.014854431152344,1.0669967651367187,93.01455688476562,48.014556884765625,1.0669901529947916,93.01485443115234,48.014854431152344,1.0669967651367187,93.01484680175781,48.01484680175781,1.0669965955946181
COCOMO81,4,47,1272.0,154.2073974609375,1117.7926025390625,0.8787677692917159,154.20730590820312,1117.7926940917969,0.8787678412671359,154.20730590820312,1117.7926940917969,0.8787678412671359,154.20730590820312,1117.7926940917969,0.8787678412671359,154.20733642578125,1117.7926635742188,0.8787678172753292,154.20730590820312,1117.7926940917969,0.8787678412671359,154.20730590820312,1117.7926940917969,0.8787678412671359
COCOMO81,4,54,18.0,29.332523345947266,11.332523345947266,0.6295846303304037,29.470691680908203,11.470691680908203,0.6372606489393446,29.471717834472656,11.471717834472656,0.6373176574707031,29.471717834472656,11.471717834472656,0.6373176574707031,29.454038619995117,11.454038619995117,0.6363354788886176,29.47171401977539,11.47171401977539,0.6373174455430772,29.470947265625,11.470947265625,0.6372748480902778
COCOMO81,4,55,958.0,139.64381408691406,818.3561859130859,0.8542340145230543,139.4414520263672,818.5585479736328,0.8544452484067149,139.43997192382812,818.5600280761719,0.8544467933989268,139.43997192382812,818.5600280761719,0.8544467933989268,139.46543884277344,818.5345611572266,0.8544202099762281,139.43995666503906,818.5600433349609,0.8544468093266816,139.44107055664062,818.5589294433594,0.8544456466005839
COCOMO81,5,15,40.0,191.75958251953125,151.75958251953125,3.793989562988281,21.05607795715332,18.94392204284668,0.473598051071167,14.36734390258789,25.63265609741211,0.6408164024353027,8.301614761352539,31.69838523864746,0.7924596309661865,19.442455291748047,20.557544708251953,0.5139386177062988,14.36734390258789,25.63265609741211,0.6408164024353027,8.30154800415039,31.69845199584961,0.7924612998962403
COCOMO81,5,27,98.0,76.21464538574219,21.785354614257812,0.22229953688018175,424.09228515625,326.09228515625,3.327472297512755,304.72332763671875,206.72332763671875,2.1094217105787627,329.18377685546875,231.18377685546875,2.3590181311782525,398.0011901855469,300.0011901855469,3.061236634546397,304.723388671875,206.723388671875,2.1094223333864797,312.26129150390625,214.26129150390625,2.186339709223533
COCOMO81,5,30,1063.0,95.02117919921875,967.9788208007812,0.9106103676394932,213.3265380859375,849.6734619140625,0.7993165210856655,378.2974853515625,684.7025146484375,0.6441227795375706,385.3660583496094,677.6339416503906,0.6374731341960401,168.88079833984375,894.1192016601562,0.8411281295015581,378.29754638671875,684.7024536132812,0.6441227221197378,381.77532958984375,681.2246704101562,0.6408510540076728
COCOMO81,5,31,702.0,2789.9560546875,2087.9560546875,2.974296374198718,1156.974365234375,454.974365234375,0.6481116313879985,6532.01953125,5830.01953125,8.304871127136753,3383.212890625,2681.212890625,3.8193915820868947,1163.8746337890625,461.8746337890625,0.6579410737735933,6532.01953125,5830.01953125,8.304871127136753,6510.197265625,5808.197265625,8.273785278668091
COCOMO81,5,59,57.0,25.388774871826172,31.611225128173828,0.5545828969855058,26.39559555053711,30.60440444946289,0.5369193763063665,13.64212417602539,43.35787582397461,0.7606644881399054,22.044790267944336,34.955209732055664,0.6132492935448363,25.042524337768555,31.957475662231445,0.5606574677584464,13.642125129699707,43.35787487030029,0.760664471408777,25.968149185180664,31.031850814819336,0.5444184353477076
COCOMO81,5,60,50.0,66.25315856933594,16.253158569335938,0.32506317138671875,47.316802978515625,2.683197021484375,0.0536639404296875,581.4658813476562,531.4658813476562,10.629317626953124,269.647216796875,219.647216796875,4.3929443359375,184.10890197753906,134.10890197753906,2.6821780395507813,581.4658813476562,531.4658813476562,10.629317626953124,269.38079833984375,219.38079833984375,4.387615966796875
COCOMO81,6,11,201.0,221.28541564941406,20.285415649414062,0.1009224659174829,326.339111328125,125.339111328125,0.6235776682991293,305.40924072265625,104.40924072265625,0.5194489588191853,326.09918212890625,125.09918212890625,0.6223839906910759,304.4888000488281,103.48880004882812,0.5148696519842195,258.9184265136719,57.918426513671875,0.28815137568990984,305.5338134765625,104.5338134765625,0.5200687237639925
COCOMO81,6,24,523.0,980.0780029296875,457.0780029296875,0.8739541165003585,758.5850830078125,235.5850830078125,0.45044948949868546,47.35749435424805,475.64250564575195,0.9094502976018202,758.1091918945312,235.10919189453125,0.4495395638518762,47.37400817871094,475.62599182128906,0.9094187224116426,767.8085327148438,244.80853271484375,0.4680851485943475,47.36577224731445,475.63422775268555,0.9094344698904121
COCOMO81,6,26,88.0,30.948314666748047,57.05168533325195,0.6483146060596813,18.72777557373047,69.27222442626953,0.7871843684803356,24.716157913208008,63.28384208679199,0.7191345691680908,18.768047332763672,69.23195266723633,0.7867267348549583,26.526546478271484,61.473453521728516,0.6985619718378241,17.985858917236328,70.01414108276367,0.7956152395768599,24.489765167236328,63.51023483276367,0.7217072140086781
COCOMO81,6,32,605.0,348.27264404296875,256.72735595703125,0.4243427371190599,477.89764404296875,127.10235595703125,0.2100865387719525,342.53839111328125,262.46160888671875,0.4338208411350723,478.0523681640625,126.9476318359375,0.2098307964230372,342.8439025878906,262.1560974121094,0.43331586349108986,472.50146484375,132.49853515625,0.21900584323347108,342.603515625,262.396484375,0.4337131973140496
COCOMO81,6,46,36.0,851.4364013671875,815.4364013671875,22.651011149088543,858.1510620117188,822.1510620117188,22.83752950032552,852.4039306640625,816.4039306640625,22.677886962890625,858.14990234375,822.14990234375,22.83749728732639,833.311279296875,797.311279296875,22.147535536024307,853.80029296875,817.80029296875,22.7166748046875,854.6854248046875,818.6854248046875,22.741261800130207
COCOMO81,6,57,130.0,178.53009033203125,48.53009033203125,0.3733083871694712,171.10743713378906,41.10743713378906,0.3162110548753005,178.39405822753906,48.39405822753906,0.3722619863656851,170.7480926513672,40.74809265136719,0.31344686654897835,181.05154418945312,51.051544189453125,0.39270418607271634,179.803466796875,49.803466796875,0.3831035907451923,178.07388305664062,48.073883056640625,0.36979910043569714
COCOMO81,7,1,1600.0,5141.20556640625,3541.20556640625,2.2132534790039062,5991.544921875,4391.544921875,2.744715576171875,6069.83544921875,4469.83544921875,2.7936471557617186,7184.9658203125,5584.9658203125,3.4906036376953127,5981.52490234375,4381.52490234375,2.738453063964844,4699.41796875,3099.41796875,1.93713623046875,2475.125,875.125,0.546953125
COCOMO81,7,29,5.9,7.573675155639648,1.673675155639648,0.2836737551931607,7.903575897216797,2.0035758972167965,0.3395891351214909,15.444391250610352,9.544391250610351,1.617693432306839,15.183116912841797,9.283116912841797,1.5734096462443723,7.95235538482666,2.05235538482666,0.34785684488587454,8.100000381469727,2.200000381469726,0.37288142058808915,7.5448384284973145,1.644838428497314,0.27878617432157865
COCOMO81,7,37,12.0,221.1590576171875,209.1590576171875,17.429921468098957,17.943653106689453,5.943653106689453,0.4953044255574544,52.686283111572266,40.686283111572266,3.390523592631022,52.73357009887695,40.73357009887695,3.3944641749064126,18.00930404663086,6.009304046630859,0.5007753372192383,18.666658401489258,6.666658401489258,0.5555548667907715,59.41008758544922,47.41008758544922,3.950840632120768
COCOMO81,7,43,87.0,95.72966003417969,8.729660034179688,0.10034091993309986,82.56805419921875,4.43194580078125,0.05094190575610632,83.68029022216797,3.3197097778320312,0.03815758365324174,83.70287322998047,3.2971267700195312,0.03789800885079921,82.39952087402344,4.6004791259765625,0.05287907041352371,78.00005340576172,8.999946594238281,0.10344766200273886,697.1443481445312,610.1443481445312,7.013153426948635
COCOMO81,7,45,126.0,85.58769989013672,40.41230010986328,0.3207325405544705,76.33189392089844,49.66810607910156,0.39419131808810765,76.02330780029297,49.97669219970703,0.39664041428338914,76.02049255371094,49.97950744628906,0.39666275751023067,76.34654235839844,49.65345764160156,0.3940750606476314,77.99995422363281,48.00004577636719,0.3809527442568824,580.8162231445312,454.81622314453125,3.609652564639137
COCOMO81,7,48,156.0,465.74462890625,309.74462890625,1.9855424929887822,515.7775268554688,359.77752685546875,2.3062661977914662,507.4608459472656,351.4608459472656,2.2529541406876,506.7966613769531,350.7966613769531,2.2486965472881613,520.9448852539062,364.94488525390625,2.339390290089143,571.9994506835938,415.99945068359375,2.6666631454076524,418.5611572265625,262.5611572265625,1.6830843411959135
COCOMO81,8,2,243.0,1470.377197265625,1227.377197265625,5.050934968171297,1162.92333984375,919.92333984375,3.785692756558642,1166.213134765625,923.213134765625,3.7992310072659463,1167.06298828125,924.06298828125,3.8027283468364197,1179.3309326171875,936.3309326171875,3.853213714474023,1167.0511474609375,924.0511474609375,3.8026796191808128,1166.150390625,923.150390625,3.798972800925926
COCOMO81,8,21,724.0,154.53082275390625,569.4691772460938,0.78655963708024,344.3455505371094,379.6544494628906,0.52438459870565,344.06292724609375,379.93707275390625,0.5247749623672738,343.9884033203125,380.0115966796875,0.5248778959664192,343.68951416015625,380.31048583984375,0.5252907262981267,343.98870849609375,380.01129150390625,0.5248774744529092,344.04266357421875,379.95733642578125,0.5248029508643387
COCOMO81,8,23,453.0,153.1192169189453,299.8807830810547,0.6619884836226373,268.42022705078125,184.57977294921875,0.407460867437569,255.7439727783203,197.2560272216797,0.43544376870127965,251.56185913085938,201.43814086914062,0.44467580765814707,253.31771850585938,199.68228149414062,0.4407997383976614,251.56207275390625,201.43792724609375,0.44467533608409215,254.01803588867188,198.98196411132812,0.43925378391021663
COCOMO81,8,35,55.0,103.24002838134766,48.240028381347656,0.8770914251154119,91.96937561035156,36.96937561035156,0.6721704656427557,91.88140869140625,36.88140869140625,0.6705710671164773,89.09040069580078,34.09040069580078,0.6198254671963779,89.13455963134766,34.134559631347656,0.6206283569335938,89.0873031616211,34.087303161621094,0.6197691483931108,91.82898712158203,36.82898712158203,0.6696179476651278
COCOMO81,8,39,8.0,51.37910079956055,43.37910079956055,5.422387599945068,49.108787536621094,41.108787536621094,5.138598442077637,51.80326843261719,43.80326843261719,5.475408554077148,53.64228820800781,45.64228820800781,5.705286026000977,53.653419494628906,45.653419494628906,5.706677436828613,53.64113235473633,45.64113235473633,5.705141544342041,52.41407012939453,44.41407012939453,5.551758766174316
COCOMO81,8,62,15.0,80.64069366455078,65.64069366455078,4.376046244303385,55.28643035888672,40.28643035888672,2.6857620239257813,58.47282028198242,43.47282028198242,2.898188018798828,59.73665237426758,44.73665237426758,2.9824434916178384,58.78388214111328,43.78388214111328,2.918925476074219,59.73691177368164,44.73691177368164,2.982460784912109,58.99113845825195,43.99113845825195,2.9327425638834637
COCOMO81,9,10,218.0,254.22264099121094,36.22264099121094,0.16615890362940797,294.54132080078125,76.54132080078125,0.35110697615037273,198.11805725097656,19.881942749023438,0.09120157224322678,208.01318359375,9.98681640625,0.04581108443233945,192.7917022705078,25.208297729492188,0.11563439325455131,202.55722045898438,15.442779541015625,0.07083843826153956,228.5426483154297,10.542648315429688,0.04836077208912701
COCOMO81,9,18,6600.0,520.8837890625,6079.1162109375,0.921078213778409,748.0023193359375,5851.9976806640625,0.8866663152521307,757.447509765625,5842.552490234375,0.8852352257930871,4271.5263671875,2328.4736328125,0.3527990352746212,4250.7060546875,2349.2939453125,0.3559536280776515,747.5433349609375,5852.4566650390625,0.886735858339252,739.7659912109375,5860.2340087890625,0.8879142437559185
COCOMO81,9,20,2455.0,331.2869567871094,2123.7130432128906,0.8650562294146193,378.115478515625,2076.884521484375,0.8459814751463849,372.081298828125,2082.918701171875,0.8484393894793788,2694.630126953125,239.630126953125,0.09760901301552953,671.6826171875,1783.3173828125,0.7264021925916497,372.1130065917969,2082.886993408203,0.8484264738933618,375.50347900390625,2079.4965209960938,0.8470454260676553
COCOMO81,9,22,539.0,268.41943359375,270.58056640625,0.5020047614216141,328.53582763671875,210.46417236328125,0.3904715628261248,277.17816162109375,261.82183837890625,0.4857548021872101,362.7195739746094,176.28042602539062,0.32705088316399,122.91267395019531,416.0873260498047,0.7719616438771887,299.3232116699219,239.67678833007812,0.44466936610404106,309.016357421875,229.983642578125,0.4266857932803803
COCOMO81,9,53,20.0,39.85601043701172,19.85601043701172,0.992800521850586,31.935768127441406,11.935768127441406,0.5967884063720703,32.571529388427734,12.571529388427734,0.6285764694213867,33.388675689697266,13.388675689697266,0.6694337844848632,32.458457946777344,12.458457946777344,0.6229228973388672,31.721393585205078,11.721393585205078,0.5860696792602539,43.050025939941406,23.050025939941406,1.1525012969970703
COCOMO81,9,63,683.3206349,7.072268486022949,676.248366413977,0.9896501464688565,7.098512172698975,676.222122727301,0.9896117403600174,709.3387451171875,26.01811021718754,0.038075990813588034,424.0101318359375,259.31050306406246,0.3794858369848747,708.3590087890625,25.03837388906254,0.036642203689234064,435.8662414550781,247.45439344492183,0.3621351102343563,406.4337463378906,276.88688856210933,0.4052078547322519
COCOMO81,10,7,1075.0,317.1848449707031,757.8151550292969,0.7049443302598111,346.6768493652344,728.3231506347656,0.6775099075672238,409.7590637207031,665.2409362792969,0.6188287779342296,409.32489013671875,665.6751098632812,0.619232660337936,351.3018798828125,723.6981201171875,0.6732075535973837,410.2407531738281,664.7592468261719,0.6183806947220204,257.12164306640625,817.8783569335938,0.7608170762172966
COCOMO81,10,14,61.0,18.698043823242188,42.30195617675781,0.6934746914222593,19.241619110107422,41.75838088989258,0.68456362114578,21.30864143371582,39.69135856628418,0.6506780092833472,21.29005241394043,39.70994758605957,0.650982747312452,19.35209083557129,41.64790916442871,0.6827526092529297,21.329345703125,39.670654296875,0.6503385950307377,14.387014389038086,46.612985610961914,0.7641473050977363
COCOMO81,10,28,7.3,34.42961883544922,27.129618835449218,3.7163861418423587,9.425220489501953,2.1252204895019533,0.2911260944523224,7.629449844360352,0.32944984436035174,0.04513011566580161,11.261404037475586,3.961404037475586,0.5426580873254228,9.548528671264648,2.2485286712646486,0.30801762620063683,7.632267475128174,0.332267475128174,0.04551609248331151,6.892266273498535,0.40773372650146467,0.05585393513718694
COCOMO81,10,38,8.0,43.85979461669922,35.85979461669922,4.482474327087402,6.915241241455078,1.0847587585449219,0.13559484481811523,17.946834564208984,9.946834564208984,1.243354320526123,6.637835502624512,1.3621644973754883,0.17027056217193604,6.894611358642578,1.1053886413574219,0.13817358016967773,17.956378936767578,9.956378936767578,1.2445473670959473,19.570241928100586,11.570241928100586,1.4462802410125732
COCOMO81,10,42,83.0,101.00904083251953,18.00904083251953,0.21697639557252446,332.47747802734375,249.47747802734375,3.0057527473173944,79.4999008178711,3.5000991821289062,0.04216986966420369,322.1491394042969,239.14913940429688,2.88131493258189,331.96661376953125,248.96661376953125,2.9995977562594125,79.36415100097656,3.6358489990234375,0.0438054096267884,84.81413269042969,1.8141326904296875,0.02185702036662274
COCOMO81,10,51,41.0,64.4013442993164,23.401344299316406,0.5707644951052782,78.90521240234375,37.90521240234375,0.9245173756669207,57.36166763305664,16.36166763305664,0.39906506422089366,78.9976577758789,37.997657775878906,0.9267721408750953,78.87979125976562,37.879791259765625,0.9238973477991616,57.33810043334961,16.33810043334961,0.3984902544719417,38.04463195800781,2.9553680419921875,0.07208214736566311
Desharnais,1,0,5152.0,4275.2001953125,876.7998046875,0.17018629749369177,4439.765625,712.234375,0.1382442498059006,4497.99609375,654.00390625,0.12694175198951863,4543.00927734375,608.99072265625,0.11820472101247088,3529.9375,1622.0625,0.31484132375776397,3603.124267578125,1548.875732421875,0.3006358176284695,4496.00390625,655.99609375,0.1273284343458851
Desharnais,1,4,2149.0,2379.1015625,230.1015625,0.10707378431828758,2320.38720703125,171.38720703125,0.079752074002443,2367.922119140625,218.922119140625,0.10187162361127268,2371.65478515625,222.65478515625,0.10360855521463472,2318.41796875,169.41796875,0.07883572301070266,2348.02392578125,199.02392578125,0.09261234331375058,2354.220947265625,205.220947265625,0.09549602013291066
Desharnais,1,10,4067.0,4797.533203125,730.533203125,0.17962458891689206,6113.9833984375,2046.9833984375,0.5033153180323334,5706.52685546875,1639.52685546875,0.4031292981236169,6583.806640625,2516.806640625,0.6188361545672486,5606.1298828125,1539.1298828125,0.3784435413849275,6197.501953125,2130.501953125,0.5238509842943201,6466.1298828125,2399.1298828125,0.5899016185917138
Desharnais,1,18,4494.0,5399.9482421875,905.9482421875,0.20159061908934134,5108.1474609375,614.1474609375,0.13665942610981308,5144.39794921875,650.39794921875,0.1447258453980307,5335.84326171875,841.84326171875,0.18732604844653983,5010.2685546875,516.2685546875,0.11487951817701379,5250.2509765625,756.2509765625,0.16828014609757455,5153.4794921875,659.4794921875,0.14674666047785936
Desharnais,1,22,5775.0,5444.52978515625,330.47021484375,0.057224279626623374,2990.716064453125,2784.283935546875,0.4821270884063853,5525.6142578125,249.3857421875,0.0431836783008658,5580.4716796875,194.5283203125,0.03368455762987013,4805.1552734375,969.8447265625,0.16793848079004328,5511.16455078125,263.83544921875,0.04568579207251082,5552.73779296875,222.26220703125,0.03848696225649351
Desharnais,1,28,7252.0,4184.3916015625,3067.6083984375,0.42300170965768064,5957.8525390625,1294.1474609375,0.1784538694067154,6037.9365234375,1214.0634765625,0.16741084894684224,5971.78759765625,1280.21240234375,0.1765323224412231,6018.5458984375,1233.4541015625,0.17008468030370932,5974.1455078125,1277.8544921875,0.17620718314775236,5986.578125,1265.421875,0.17449281232763375
Desharnais,1,30,3927.0,4274.4345703125,347.4345703125,0.08847327993697479,3955.993896484375,28.993896484375,0.00738321784679781,4063.525146484375,136.525146484375,0.034765761773459386,4047.717529296875,120.717529296875,0.030740394524286986,3143.11572265625,783.88427734375,0.19961402529761904,4042.00048828125,115.00048828125,0.02928456538865546,4089.0166015625,162.0166015625,0.04125709232556659
Desharnais,1,31,710.0,2616.896484375,1906.896484375,2.685769696302817,3222.00830078125,2512.00830078125,3.5380398602552816,3216.66650390625,2506.66650390625,3.530516202684859,2290.5341796875,1580.5341796875,2.2261044784330988,3286.083740234375,2576.083740234375,3.6282869580765844,2290.78125,1580.78125,2.2264524647887325,3202.28955078125,2492.28955078125,3.510266972931338
Desharnais,1,70,546.0,1895.9920654296875,1349.9920654296875,2.472512940347413,2211.8154296875,1665.8154296875,3.0509440104166665,2223.6767578125,1677.6767578125,3.0726680546016483,2216.5576171875,1670.5576171875,3.059629335508242,2212.15234375,1666.15234375,3.0515610691391943,2210.888671875,1664.888671875,3.0492466517857144,2220.76513671875,1674.76513671875,3.0673354152358057
Desharnais,2,12,2282.0,1474.05322265625,807.94677734375,0.3540520496686021,1456.399658203125,825.600341796875,0.3617880551257121,1257.11376953125,1024.88623046875,0.4491175418355609,1028.609130859375,1253.390869140625,0.5492510381860758,1381.9661865234375,900.0338134765625,0.39440570266282315,767.5663452148438,1514.4336547851562,0.663643144077632,1446.6146240234375,835.3853759765625,0.3660759754498521
Desharnais,2,33,6405.0,4272.302734375,2132.697265625,0.33297381196330994,4032.904541015625,2372.095458984375,0.3703505790764052,4259.36376953125,2145.63623046875,0.3349939469896565,3367.663818359375,3037.336181640625,0.4742132992413154,4263.7353515625,2141.2646484375,0.33431142052107726,3632.24853515625,2772.75146484375,0.4329042099677986,4029.33349609375,2375.66650390625,0.3709081192671741
Desharnais,2,35,9135.0,12214.56640625,3079.56640625,0.33711728585112205,11100.619140625,1965.619140625,0.21517450909961686,6186.70458984375,2948.29541015625,0.3227471713362069,6111.013671875,3023.986328125,0.3310329861111111,10944.123046875,1809.123046875,0.1980430264778325,3758.028564453125,5376.971435546875,0.588612089277162,11070.2197265625,1935.2197265625,0.21184671336206898
Desharnais,2,45,14987.0,5339.783203125,9647.216796875,0.6437056647010743,5285.3564453125,9701.6435546875,0.6473372626067592,5309.44775390625,9677.55224609375,0.6457297822175052,3906.07568359375,11080.92431640625,0.7393690742914693,7528.4853515625,7458.5146484375,0.49766562009991994,5139.8759765625,9847.1240234375,0.657044373352739,3937.209228515625,11049.790771484375,0.7372917042426352
Desharnais,2,49,5817.0,2647.247314453125,3169.752685546875,0.5449119280637571,5240.8994140625,576.1005859375,0.09903740518093519,3416.1435546875,2400.8564453125,0.4127310375300842,3243.491455078125,2573.508544921875,0.4424116460240459,1515.241455078125,4301.758544921875,0.7395149638854865,3070.372802734375,2746.627197265625,0.4721724595608776,4162.66748046875,1654.33251953125,0.2843961697664174
Desharnais,2,67,1267.0,1523.88916015625,256.88916015625,0.20275387541929754,1034.7747802734375,232.2252197265625,0.1832874662403808,1226.105224609375,40.894775390625,0.03227685508336622,1526.9765625,259.9765625,0.20519065706393055,1730.2637939453125,463.2637939453125,0.36563835354799723,1183.8974609375,83.1025390625,0.06559000715272297,1035.67578125,231.32421875,0.18257633681925808
Desharnais,2,68,2548.0,1908.353515625,639.646484375,0.25103865163854006,2394.6376953125,153.3623046875,0.0601892875539639,1443.47021484375,1104.52978515625,0.43348892667042777,1953.45263671875,594.54736328125,0.23333883959232732,1831.8363037109375,716.1636962890625,0.28106895458754416,2293.819091796875,254.180908203125,0.09975702833717622,2389.111328125,158.888671875,0.06235819147370487
Desharnais,2,73,595.0,2190.54443359375,1595.54443359375,2.6815872833508405,2031.938720703125,1436.938720703125,2.415023060005252,3262.89404296875,2667.89404296875,4.48385553440126,2288.5625,1693.5625,2.8463235294117646,4305.333984375,3710.333984375,6.235855435924369,2846.005615234375,2251.005615234375,3.783202714679622,2082.700439453125,1487.700439453125,2.500336873030462
Desharnais,3,5,2821.0,5132.03271484375,2311.03271484375,0.8192246419155441,4328.0712890625,1507.0712890625,0.5342329986042184,4022.034912109375,1201.034912109375,0.42574793055986354,4429.34130859375,1608.34130859375,0.5701316230392591,5963.87353515625,3142.87353515625,1.11409909080335,4142.44921875,1321.44921875,0.46843290278270117,5029.01318359375,2208.01318359375,0.7827058431739631
Desharnais,3,9,2422.0,1985.587890625,436.412109375,0.1801866677848885,2081.18896484375,340.81103515625,0.14071471311158135,1679.2855224609375,742.7144775390625,0.30665337635799444,2094.28857421875,327.71142578125,0.13530612129696531,2093.26025390625,328.73974609375,0.13573069615761768,1977.3267822265625,444.6732177734375,0.1835975300468363,1685.21240234375,736.78759765625,0.30420627483742774
Desharnais,3,34,651.0,2990.843994140625,2339.843994140625,3.5942304057459675,2154.734130859375,1503.734130859375,2.3098834575412828,2447.809814453125,1796.809814453125,2.7600765198972734,5082.8173828125,4431.8173828125,6.807707193260368,5147.80322265625,4496.80322265625,6.90753183203725,2073.610595703125,1422.610595703125,2.185269732262865,2447.908203125,1796.908203125,2.7602276545698925
Desharnais,3,40,4620.0,4257.08349609375,362.91650390625,0.07855335582386364,7655.3310546875,3035.3310546875,0.6569980637851731,1610.8707275390625,3009.1292724609375,0.6513266823508522,3442.90576171875,1177.09423828125,0.2547823026582792,3503.759521484375,1116.240478515625,0.24161049318520023,4079.9384765625,540.0615234375,0.11689643364448052,1609.2413330078125,3010.7586669921875,0.6516793651498242
Desharnais,3,47,12824.0,2924.7158203125,9899.2841796875,0.7719341999132486,4849.3955078125,7974.6044921875,0.6218500071886697,4984.38623046875,7839.61376953125,0.6113235940058679,4059.0654296875,8764.9345703125,0.6834789901990409,4229.00634765625,8594.99365234375,0.6702272030835738,1853.6771240234375,10970.322875976562,0.855452501245833,5053.86279296875,7770.13720703125,0.6059058957447949
Desharnais,3,55,8232.0,6498.2919921875,1733.7080078125,0.21060592903456024,3742.30615234375,4489.69384765625,0.5453952681798165,6383.638671875,1848.361328125,0.22453368903364918,3336.59228515625,4895.40771484375,0.5946802374688714,3537.51171875,4694.48828125,0.5702731148262876,3826.830078125,4405.169921875,0.5351275415300049,4143.130859375,4088.869140625,0.4967042201925413
Desharnais,3,61,1876.0,1672.4029541015625,203.5970458984375,0.10852720996718417,1361.110107421875,514.889892578125,0.2744615632079558,1677.3621826171875,198.6378173828125,0.10588369796525186,2542.780029296875,666.780029296875,0.3554264548490805,2224.166015625,348.166015625,0.18558956056769724,1599.3424072265625,276.6575927734375,0.14747206437816499,1681.7802734375,194.2197265625,0.10352863889259062
Desharnais,3,64,3626.0,5149.0078125,1523.0078125,0.42002421745725316,4450.2705078125,824.2705078125,0.22732225808397682,5048.07958984375,1422.07958984375,0.3921896276458218,5468.4521484375,1842.4521484375,0.5081224899165747,4944.03662109375,1318.03662109375,0.36349603449910367,4340.8076171875,714.8076171875,0.1971339264168505,5574.9580078125,1948.9580078125,0.5374953137927468
Desharnais,4,7,3913.0,4863.35107421875,950.35107421875,0.24287019530251724,4778.53369140625,865.53369140625,0.2211944010749425,5797.3505859375,1884.3505859375,0.48156161153526705,5833.52001953125,1920.52001953125,0.49080501393591874,5956.93798828125,2043.93798828125,0.5223455119553412,6148.796875,2235.796875,0.5713766611295681,5885.34765625,1972.34765625,0.50405000159724
Desharnais,4,16,3192.0,2127.43310546875,1064.56689453125,0.33351093187069236,2261.108154296875,930.891845703125,0.2916327837415805,2135.85888671875,1056.14111328125,0.3308712760906172,2280.57177734375,911.42822265625,0.2855351574737625,2158.300048828125,1033.699951171875,0.3238408368332942,2508.283447265625,683.716552734375,0.21419691501703478,2619.817626953125,572.182373046875,0.17925512940065005
Desharnais,4,39,8050.0,11559.486328125,3509.486328125,0.43596103454968943,11650.3525390625,3600.3525390625,0.4472487626164596,11585.19140625,3535.19140625,0.4391542119565217,11233.4814453125,3183.4814453125,0.39546353357919256,11801.4482421875,3751.4482421875,0.46601841517857145,11596.86328125,3546.86328125,0.4406041343167702,11801.603515625,3751.603515625,0.46603770380434784
Desharnais,4,42,2174.0,2140.130615234375,33.869384765625,0.015579293820434683,2129.854248046875,44.145751953125,0.020306233649091537,2132.33447265625,41.66552734375,0.019165375963086477,2139.901611328125,34.098388671875,0.015684631403806347,2208.54150390625,34.54150390625,0.015888456258624655,4114.12451171875,1940.12451171875,0.8924215785274839,2116.508056640625,57.491943359375,0.026445236135867065
Desharnais,4,54,3647.0,2050.70703125,1596.29296875,0.4377002930490814,2040.796875,1606.203125,0.4404176377844804,2046.87939453125,1600.12060546875,0.43874982327083906,2020.44091796875,1626.55908203125,0.4459991998988895,2068.2666015625,1578.7333984375,0.43288549449890323,2101.130126953125,1545.869873046875,0.4238743825190225,2165.890625,1481.109375,0.40611718535782837
Desharnais,4,56,3276.0,2028.79443359375,1247.20556640625,0.3807098798553877,2031.775146484375,1244.224853515625,0.37980001633566085,2098.610595703125,1177.389404296875,0.35939847506009615,2039.705078125,1236.294921875,0.37737940228174605,2009.6796875,1266.3203125,0.3865446619352869,3684.059814453125,408.059814453125,0.12456038292219933,1999.967529296875,1276.032470703125,0.3895093011914301
Desharnais,4,62,2520.0,2413.9638671875,106.0361328125,0.042077830481150796,2394.9365234375,125.0634765625,0.049628363715277776,2412.10595703125,107.89404296875,0.04281509641617064,2412.72998046875,107.27001953125,0.042567468067956346,2913.1787109375,393.1787109375,0.15602329799107142,3097.96923828125,577.96923828125,0.22935287233382937,2930.032470703125,410.032470703125,0.1627112978980655
Desharnais,4,80,23940.0,7032.8779296875,16907.1220703125,0.7062289920765455,11282.64453125,12657.35546875,0.52871159017335,11456.6708984375,12483.3291015625,0.5214423183610066,12889.0341796875,11050.9658203125,0.46161093652099,11556.7109375,12383.2890625,0.5172635364452799,13391.685546875,10548.314453125,0.44061463881056806,11574.4892578125,12365.5107421875,0.5165209165491854
Desharnais,5,13,4172.0,5651.13818359375,1479.13818359375,0.35453935368977707,5893.73046875,1721.73046875,0.4126870730465005,5904.41259765625,1732.41259765625,0.4152475066290149,5901.890625,1729.890625,0.41464300695110257,3902.663818359375,269.336181640625,0.06455804929065796,5867.8359375,1695.8359375,0.40648033017737295,3922.28662109375,249.71337890625,0.05985459705327181
Desharnais,5,19,840.0,2589.3544921875,1749.3544921875,2.0825648716517855,2565.7177734375,1725.7177734375,2.0544259207589284,2584.286865234375,1744.286865234375,2.076531982421875,2585.8046875,1745.8046875,2.078338913690476,1853.958740234375,1013.958740234375,1.207093738374256,2582.403564453125,1742.403564453125,2.0742899576822915,1865.322021484375,1025.322021484375,1.2206214541480656
Desharnais,5,25,3164.0,4205.1845703125,1041.1845703125,0.32907224093315424,4298.962890625,1134.962890625,0.3587114066450695,4219.3154296875,1055.3154296875,0.3335383785358723,4223.99609375,1059.99609375,0.33501772874525915,4657.72412109375,1493.72412109375,0.47209991185011063,4200.54931640625,1036.54931640625,0.3276072428591182,4182.859375,1018.859375,0.32201623735777496
Desharnais,5,44,6699.0,10243.5703125,3544.5703125,0.5291193181818182,9187.5908203125,2488.5908203125,0.371486911525974,10303.794921875,3604.794921875,0.5381094076541275,10352.880859375,3653.880859375,0.5454367606172563,4886.43603515625,1812.56396484375,0.2705723189795119,9524.19140625,2825.19140625,0.4217333044111061,9604.634765625,2905.634765625,0.4337415682377967
Desharnais,5,50,2989.0,2327.89501953125,661.10498046875,0.22117931765431584,2153.701171875,835.298828125,0.27945762065071933,2095.69091796875,893.30908203125,0.2988655343028605,2104.43994140625,884.56005859375,0.2959384605532787,3116.499755859375,127.499755859375,0.042656325145324525,1886.466064453125,1102.533935546875,0.3688638124947725,3962.15185546875,973.15185546875,0.3255777368580629
Desharnais,5,53,2583.0,2058.412841796875,524.587158203125,0.20309220216923152,2134.705078125,448.294921875,0.173555912456446,2104.47216796875,478.52783203125,0.18526048471980255,2099.99072265625,483.00927734375,0.1869954616119822,2383.44970703125,199.55029296875,0.07725524311604723,2116.508544921875,466.491455078125,0.1806006407580817,2051.94287109375,531.05712890625,0.20559703016114983
Desharnais,5,66,11361.0,10752.9140625,608.0859375,0.0535239800633747,10834.5439453125,526.4560546875,0.04633888343345656,10866.3203125,494.6796875,0.04354191422409999,10922.875,438.125,0.03856394683566587,10409.47265625,951.52734375,0.08375383714021653,10925.90234375,435.09765625,0.0382974787650735,10494.494140625,866.505859375,0.0762702103137928
Desharnais,5,77,2800.0,6218.63330078125,3418.63330078125,1.2209404645647322,5632.65673828125,2832.65673828125,1.0116631208147322,8267.314453125,5467.314453125,1.9526123046875,8135.17236328125,5335.17236328125,1.905418701171875,5146.95751953125,2346.95751953125,0.8381991141183036,8004.45703125,5204.45703125,1.858734654017857,5136.60595703125,2336.60595703125,0.8345021275111607
Desharnais,6,3,3829.0,5660.2626953125,1831.2626953125,0.47826134638613216,5451.1884765625,1622.1884765625,0.4236585209095064,5454.271484375,1625.271484375,0.4244636940127971,5448.66845703125,1619.66845703125,0.42300038052526767,5743.25341796875,1914.25341796875,0.49993560145436144,5622.10205078125,1793.10205078125,0.46829512948060853,5464.51025390625,1635.51025390625,0.42713770015833114
Desharnais,6,6,2569.0,1466.4681396484375,1102.5318603515625,0.42916771520107533,2082.26220703125,486.73779296875,0.18946585946623198,2452.361083984375,116.638916015625,0.045402458550262745,2088.46826171875,480.53173828125,0.18705011221535617,1708.834228515625,860.165771484375,0.33482513487130205,1524.2103271484375,1044.7896728515625,0.40669119223494066,1496.1893310546875,1072.8106689453125,0.41759854766263627
Desharnais,6,8,7854.0,3617.39599609375,4236.60400390625,0.5394199139172714,4300.0595703125,3553.9404296875,0.4525006913276674,3221.359130859375,4632.640869140625,0.5898447758009454,4713.21484375,3140.78515625,0.399896251114082,3607.16015625,4246.83984375,0.5407231784759359,4303.23291015625,3550.76708984375,0.45209665009469696,4261.11572265625,3592.88427734375,0.45745916441860834
Desharnais,6,17,3437.0,5394.74755859375,1957.74755859375,0.5696094147785132,8994.08203125,5557.08203125,1.616840858670352,5246.4189453125,1809.4189453125,0.5264529954356998,8794.919921875,5357.919921875,1.5588943619071864,5546.3955078125,2109.3955078125,0.613731599596305,8522.1572265625,5085.1572265625,1.4795336708066629,8935.501953125,5498.501953125,1.5997969022766947
Desharnais,6,36,1435.0,4595.78076171875,3160.78076171875,2.2026346771559235,5113.74462890625,3678.74462890625,2.5635851072517424,5344.17041015625,3909.17041015625,2.724160564568815,4601.93603515625,3166.93603515625,2.2069240663109757,7204.96826171875,5769.96826171875,4.020883806075784,4589.73681640625,3154.73681640625,2.198422868575784,4564.6650390625,3129.6650390625,2.1809512467334495
Desharnais,6,38,847.0,2636.8037109375,1789.8037109375,2.1131094580135774,2091.19482421875,1244.19482421875,1.4689431218639315,2685.53955078125,1838.53955078125,2.170648820284829,2237.694580078125,1390.694580078125,1.6419062338584711,2014.487548828125,1167.487548828125,1.3783796326188016,2131.12548828125,1284.12548828125,1.5160867630239079,2051.699462890625,1204.699462890625,1.4223134154552834
Desharnais,6,65,6783.0,4107.84130859375,2675.15869140625,0.3943916690853973,4966.5556640625,1816.4443359375,0.2677936511775763,4112.611328125,2670.388671875,0.3936884375460711,5647.07763671875,1135.92236328125,0.16746607154374907,6833.3232421875,50.3232421875,0.007419024353162318,4956.31494140625,1826.68505859375,0.2693034142110792,4764.87109375,2018.12890625,0.29752748138729174
Desharnais,6,72,9100.0,8967.986328125,132.013671875,0.01450699690934066,10195.392578125,1095.392578125,0.12037281078296704,9416.900390625,316.900390625,0.03482421875,7035.3974609375,2064.6025390625,0.22687939989697803,9908.509765625,808.509765625,0.08884722699175825,8305.8291015625,794.1708984375,0.08727152730082417,8697.9765625,402.0234375,0.04417839972527472
Desharnais,7,15,1617.0,2601.786376953125,984.786376953125,0.609020641282081,2269.631103515625,652.631103515625,0.4036061246231447,2243.598388671875,626.598388671875,0.38750673387252627,2222.97509765625,605.97509765625,0.3747526887175325,2609.25146484375,992.25146484375,0.6136372695384972,2905.564208984375,1288.564208984375,0.796885719841914,2461.89599609375,844.89599609375,0.5225083463783241
Desharnais,7,26,3542.0,4129.58154296875,587.58154296875,0.1658897636840062,4180.1865234375,638.1865234375,0.18017688408738,3693.076171875,151.076171875,0.04265278709062677,3695.852783203125,153.852783203125,0.04343669768580604,5269.17919921875,1727.17919921875,0.48762823241636083,4799.7568359375,1257.7568359375,0.3550979209309712,5256.36865234375,1714.36865234375,0.48401147722861376
Desharnais,7,27,4277.0,6508.9619140625,2231.9619140625,0.5218522127805705,5871.375,1594.375,0.3727788169277531,3726.2333984375,550.7666015625,0.12877404759469255,4988.00830078125,711.00830078125,0.16623995809708908,4634.1240234375,357.1240234375,0.083498719531798,4607.033203125,330.033203125,0.07716464884849193,4614.017578125,337.017578125,0.07879765679798925
Desharnais,7,41,2352.0,8374.73828125,6022.73828125,2.5606880447491496,1243.721435546875,1108.278564453125,0.4712068726416348,3852.5869140625,1500.5869140625,0.6380046403326955,3687.720703125,1335.720703125,0.5679084622130102,5208.3203125,2856.3203125,1.2144219015731292,1725.79638671875,626.20361328125,0.2662430328576743,8141.07958984375,5789.07958984375,2.461343363028805
Desharnais,7,46,4004.0,4407.43994140625,403.43994140625,0.10075922612543706,5402.3330078125,1398.3330078125,0.3492340179351898,4419.2275390625,415.2275390625,0.10370318158404096,4506.0185546875,502.0185546875,0.12537925941246253,5571.34814453125,1567.34814453125,0.39144559054227024,5540.45947265625,1536.45947265625,0.3837311370270355,6069.47802734375,2065.47802734375,0.5158536531827548
Desharnais,7,48,2331.0,2362.3154296875,31.3154296875,0.01343433277027027,2200.8017578125,130.1982421875,0.055855101753539256,2380.14306640625,49.14306640625,0.02108239657067782,2366.05078125,35.05078125,0.015036800193050193,2057.718994140625,273.281005859375,0.11723766875134063,2722.953369140625,391.953369140625,0.16814816350949163,2062.837158203125,268.162841796875,0.11504197417283354
Desharnais,7,58,3472.0,2511.167236328125,960.832763671875,0.276737547140517,2632.112060546875,839.887939453125,0.24190320836783555,2599.680908203125,872.319091796875,0.2512439780520953,2598.546630859375,873.453369140625,0.25157067083543344,2653.328125,818.671875,0.23579259072580644,2752.669189453125,719.330810546875,0.20718053299161146,2654.408203125,817.591796875,0.23548150831653225
Desharnais,7,79,5880.0,8695.7802734375,2815.7802734375,0.47887419616284016,1726.985107421875,4153.014892578125,0.7062950497581846,1716.1929931640625,4163.8070068359375,0.7081304433394452,1726.6552734375,4153.3447265625,0.7063511439732143,1720.703857421875,4159.296142578125,0.7073632895541029,1715.577392578125,4164.422607421875,0.7082351373166454,5215.50634765625,664.49365234375,0.1130091245482568
Desharnais,8,11,9051.0,8739.7119140625,311.2880859375,0.034392673288863106,8788.140625,262.859375,0.02904202574301182,8934.8564453125,116.1435546875,0.012832124040161309,6003.4873046875,3047.5126953125,0.33670452936830186,6303.8623046875,2747.1376953125,0.30351758869876255,6401.484375,2649.515625,0.292731811402055,4355.296875,4695.703125,0.5188048972489228
Desharnais,8,24,3983.0,3433.504638671875,549.495361328125,0.13796017105903213,3888.58837890625,94.41162109375,0.02370364576795129,3892.57470703125,90.42529296875,0.02270281018547577,4567.67236328125,584.67236328125,0.14679195663601557,4527.224609375,544.224609375,0.13663685899447653,3914.28955078125,68.71044921875,0.017250928751883002,4519.30859375,536.30859375,0.13464940842329903
Desharnais,8,32,2429.0,4701.564453125,2272.564453125,0.9355967283347056,4700.712890625,2271.712890625,0.9352461468196789,4247.6328125,1818.6328125,0.7487166786743515,5975.22265625,3546.22265625,1.4599516905104981,7156.0439453125,4727.0439453125,1.9460864328170029,5953.201171875,3524.201171875,1.4508856203684644,6539.970703125,4110.970703125,1.692453974114862
Desharnais,8,43,19894.0,11026.705078125,8867.294921875,0.4457270997222781,11072.46875,8821.53125,0.44342672413793105,10353.41796875,9540.58203125,0.47957082694531017,12428.369140625,7465.630859375,0.3752704764941691,11301.3037109375,8592.6962890625,0.43192401171521566,11546.32421875,8347.67578125,0.41960770992510305,8996.189453125,10897.810546875,0.5477938346674877
Desharnais,8,57,2723.0,2026.209228515625,696.790771484375,0.2558908452017536,2015.683837890625,707.316162109375,0.2597562108370823,2000.4990234375,722.5009765625,0.26533271265607783,2357.2333984375,365.7666015625,0.13432486285806097,2551.84326171875,171.15673828125,0.06285594501698494,2391.108154296875,331.891845703125,0.12188462934378443,1981.9151611328125,741.0848388671875,0.27215748764861825
Desharnais,8,59,1575.0,1273.19580078125,301.80419921875,0.19162171378968254,1266.205322265625,308.794677734375,0.19606011284722222,1251.986083984375,323.013916015625,0.20508820064484126,1019.1824951171875,555.8175048828125,0.3529000031001984,1409.1903076171875,165.8096923828125,0.10527599516369048,1006.7673950195312,568.2326049804688,0.36078260633680553,1475.275390625,99.724609375,0.06331721230158731
Desharnais,8,76,1400.0,10535.8642578125,9135.8642578125,6.525617327008929,9979.7841796875,8579.7841796875,6.1284172712053575,10126.8291015625,8726.8291015625,6.2334493582589285,9445.212890625,8045.212890625,5.746580636160714,8658.8564453125,7258.8564453125,5.1848974609375,8501.24609375,7101.24609375,5.072318638392857,9082.375,7682.375,5.487410714285715
Desharnais,8,78,9520.0,10977.5751953125,1457.5751953125,0.15310663816307774,10995.37109375,1475.37109375,0.15497595522584034,11785.412109375,2265.412109375,0.23796345686712184,11474.8046875,1954.8046875,0.20533662683823528,12521.70703125,3001.70703125,0.3153053604254202,12524.869140625,3004.869140625,0.3156375147715336,10857.4541015625,1337.4541015625,0.1404888762145483
Desharnais,9,1,5635.0,4937.61376953125,697.38623046875,0.12375975695984916,4970.8544921875,664.1455078125,0.1178607822204969,3525.1181640625,2109.8818359375,0.37442446068101154,4427.31787109375,1207.68212890625,0.21431803529835847,4966.97314453125,668.02685546875,0.11854957506100267,4526.2548828125,1108.7451171875,0.19676044670585627,4962.85498046875,672.14501953125,0.11928039388309672
Desharnais,9,2,805.0,2498.91015625,1693.91015625,2.1042362189440995,2515.11083984375,1710.11083984375,2.1243612917313666,1923.0047607421875,1118.0047607421875,1.388825789741848,2543.20166015625,1738.20166015625,2.1592567206909936,2504.577880859375,1699.577880859375,2.111276870632764,1899.754638671875,1094.754638671875,1.3599436505240683,2514.83251953125,1709.83251953125,2.124015552212733
Desharnais,9,21,5180.0,7622.1630859375,2442.1630859375,0.47146005520028955,5821.3232421875,641.3232421875,0.12380757571187259,8031.1650390625,2851.1650390625,0.5504179612089768,4605.4638671875,574.5361328125,0.11091431135376448,5807.5400390625,627.5400390625,0.12114672568774132,7740.23681640625,2560.23681640625,0.49425421166143824,5838.7705078125,658.7705078125,0.12717577370897684
Desharnais,9,29,3948.0,3761.989013671875,186.010986328125,0.04711524476396277,3730.87060546875,217.12939453125,0.054997313711056234,4895.32275390625,947.32275390625,0.239950038983346,4389.54638671875,441.54638671875,0.1118405234849924,3752.925048828125,195.074951171875,0.0494110818571112,4110.53564453125,162.53564453125,0.041169109557054204,3732.302978515625,215.697021484375,0.0546345039220808
Desharnais,9,37,5922.0,4848.166015625,1073.833984375,0.18132961573370482,4312.33837890625,1609.66162109375,0.27181047299793143,7242.72509765625,1320.72509765625,0.22302011105306485,3782.35693359375,2139.64306640625,0.3613041314431358,4854.787109375,1067.212890625,0.18021156545508274,7270.927734375,1348.927734375,0.227782461056231,4311.3349609375,1610.6650390625,0.27197991203351907
Desharnais,9,52,14434.0,6280.96435546875,8153.03564453125,0.5648493587731225,6393.6865234375,8040.3134765625,0.5570398695138216,4992.50244140625,9441.49755859375,0.6541151142160004,5108.78515625,9325.21484375,0.6460589471906609,6362.08984375,8071.91015625,0.5592289148018568,6490.66796875,7943.33203125,0.550320911129971,6401.9365234375,8032.0634765625,0.5564683023806637
Desharnais,9,63,1603.0,2682.25048828125,1079.25048828125,0.6732691754717717,2685.423828125,1082.423828125,0.6752488010761073,2372.5078125,769.5078125,0.4800423034934498,2674.43115234375,1071.43115234375,0.6683912366461322,2446.6748046875,843.6748046875,0.5263099218262632,2813.06103515625,1210.06103515625,0.7548727605466313,2686.162353515625,1083.162353515625,0.6757095156055053
Desharnais,9,69,1155.0,2609.371337890625,1454.371337890625,1.2591959635416667,2741.63232421875,1586.63232421875,1.3737076400162338,2604.72021484375,1449.72021484375,1.255169017180736,2633.31689453125,1478.31689453125,1.2799280472132035,2741.502685546875,1586.502685546875,1.3735953987418832,2853.06494140625,1698.06494140625,1.4701860964556277,2310.647705078125,1155.647705078125,1.0005607836174242
Desharnais,10,14,4977.0,5054.52294921875,77.52294921875,0.015576240550281294,7805.119140625,2828.119140625,0.568237721644565,5068.73388671875,91.73388671875,0.018431562531394413,5140.8603515625,163.8603515625,0.032923518497588906,4744.7548828125,232.2451171875,0.04666367634870404,4151.30419921875,825.69580078125,0.16590231078586498,4644.05615234375,332.94384765625,0.06689649340089411
Desharnais,10,20,14973.0,10033.3046875,4939.6953125,0.3299068531690376,9657.7412109375,5315.2587890625,0.3549895671583851,9748.8046875,5224.1953125,0.34890772139851733,8441.0185546875,6531.9814453125,0.4362506809131437,9538.8037109375,5434.1962890625,0.36293303206187805,9481.896484375,5491.103515625,0.3667336883473586,9327.3779296875,5645.6220703125,0.3770535009892807
Desharnais,10,23,10577.0,8232.5029296875,2344.4970703125,0.22165992912097002,9371.484375,1205.515625,0.11397519381677224,8221.4599609375,2355.5400390625,0.22270398402784344,10125.1826171875,451.8173828125,0.04271696916067883,14117.0302734375,3540.0302734375,0.33469133718800226,14118.0078125,3541.0078125,0.33478375839084806,8653.458984375,1923.541015625,0.18186073703554884
Desharnais,10,51,3136.0,1770.4150390625,1365.5849609375,0.43545438805404973,2313.578857421875,822.421142578125,0.26225163985271843,2376.83056640625,759.16943359375,0.24208208979392537,2438.46923828125,697.53076171875,0.22242690105827487,2873.242431640625,262.757568359375,0.08378748991051499,2669.260009765625,466.739990234375,0.14883290504922672,3106.00927734375,29.99072265625,0.00956336819395727
Desharnais,10,60,2926.0,2557.670654296875,368.329345703125,0.12588152621432844,3492.37109375,566.37109375,0.19356496710526316,3161.861328125,235.861328125,0.08060879293403965,4256.5966796875,1330.5966796875,0.4547493778836295,2975.90283203125,49.90283203125,0.017054966517857144,3014.074462890625,88.074462890625,0.03010063666801948,2939.61083984375,13.61083984375,0.004651688258287765
Desharnais,10,71,2275.0,3225.28564453125,950.28564453125,0.4177079756181319,3306.26953125,1031.26953125,0.45330528846153845,3235.152587890625,960.152587890625,0.4220450935782967,3226.263916015625,951.263916015625,0.4181379850618132,2973.0771484375,698.0771484375,0.30684709821428574,2756.30029296875,481.30029296875,0.2115605683379121,2943.513671875,668.513671875,0.2938521634615385
Desharnais,10,74,3941.0,4775.8369140625,834.8369140625,0.2118337767222786,4656.19775390625,715.19775390625,0.18147621261259833,4534.6298828125,593.6298828125,0.15062925217267192,6402.5771484375,2461.5771484375,0.6246072439577518,4602.54296875,661.54296875,0.16786170229637148,4606.9677734375,665.9677734375,0.1689844642064197,5667.509765625,1726.509765625,0.43808925796117737
Desharnais,10,75,13860.0,9929.26953125,3930.73046875,0.28360248692279943,9810.0078125,4049.9921875,0.2922072285353535,9832.65625,4027.34375,0.2905731421356421,9869.015625,3990.984375,0.2879498106060606,9397.521484375,4462.478515625,0.32196814687049063,9383.7685546875,4476.2314453125,0.3229604217397186,9395.4921875,4464.5078125,0.3221145607864358
Kemerer,1,9,72.0,70.18340301513672,1.8165969848632812,0.025230513678656682,67.90804290771484,4.091957092285156,0.05683273739284939,67.44306182861328,4.556938171386719,0.06329080793592665,67.69332885742188,4.306671142578125,0.05981487698025174,68.2840805053711,3.7159194946289062,0.05160999298095703,67.25293731689453,4.747062683105469,0.06593142615424262,67.75725555419922,4.242744445800781,0.05892700619167752
Kemerer,1,11,230.7,128.90048217773438,101.79951782226561,0.44126362298337934,127.0615463256836,103.6384536743164,0.4492347363429406,127.1522216796875,103.54777832031249,0.4488416918955895,127.0663070678711,103.6336929321289,0.449214100269306,128.18072509765625,102.51927490234374,0.44438350629537815,161.9944305419922,68.7055694580078,0.29781347836154226,127.13580322265625,103.56419677734374,0.4489128598931242
Kemerer,2,0,287.0,152.78204345703125,134.21795654296875,0.4676583851671385,156.64065551757812,130.35934448242188,0.4542137438411912,156.61550903320312,130.38449096679688,0.45430136225364764,178.18182373046875,108.81817626953125,0.3791574086046385,104.34904479980469,182.6509552001953,0.636414478049461,103.5428237915039,183.4571762084961,0.6392236104825648,103.53932189941406,183.46067810058594,0.6392358121971635
Kemerer,2,13,246.9,168.98272705078125,77.91727294921876,0.3155823124715219,126.81086730957031,120.0891326904297,0.48638773872186997,126.80622100830078,120.09377899169922,0.4864065572770321,170.01220703125,76.88779296875,0.3114126892213447,233.5725860595703,13.327413940429693,0.05397899530348195,230.5585479736328,16.341452026367193,0.06618652096544023,230.551025390625,16.348974609375006,0.06621698910236941
Kemerer,3,5,84.0,108.12184143066406,24.121841430664062,0.28716477893647696,64.77632141113281,19.223678588867188,0.22885331653413318,64.76020812988281,19.239791870117188,0.2290451413109189,67.63098907470703,16.36901092529297,0.19486917768205916,64.82857513427734,19.171424865722656,0.2282312484014602,64.76010131835938,19.239898681640625,0.2290464128766741,65.71131896972656,18.288681030273438,0.21772239321754092
Kemerer,3,8,116.0,262.6952209472656,146.69522094726562,1.2646139736833244,264.70257568359375,148.70257568359375,1.2819187558930496,264.67913818359375,148.67913818359375,1.2817167084792565,238.59002685546875,122.59002685546875,1.0568105763402478,264.77130126953125,148.77130126953125,1.2825112178407867,264.6595764160156,148.65957641601562,1.2815480725518589,264.32757568359375,148.32757568359375,1.2786859972723599
Kemerer,4,1,82.5,94.52422332763672,12.024223327636719,0.14574816154711173,67.4056625366211,15.094337463378906,0.18296166622277463,92.9089126586914,10.408912658691406,0.12616863828716857,92.90217590332031,10.402175903320312,0.12608698064630683,67.48825073242188,15.011749267578125,0.18196059718276514,68.77593231201172,13.724067687988281,0.16635233561197918,67.96598052978516,14.534019470214844,0.17616993297230113
Kemerer,4,2,1107.31,239.48721313476562,867.8227868652343,0.7837216198401842,278.453857421875,828.856142578125,0.7485312537393548,246.5966339111328,860.7133660888671,0.7773011768058332,246.56784057617188,860.7421594238281,0.7773271797634159,278.27593994140625,829.0340600585937,0.7486919291423303,327.97119140625,779.33880859375,0.7038126708814605,245.83193969726562,861.4780603027343,0.7779917640974383
Kemerer,5,4,336.3,462.05615234375,125.75615234374999,0.37394038758177217,507.9481201171875,171.6481201171875,0.5104017844697813,506.58038330078125,170.28038330078124,0.5063347704453798,507.98968505859375,171.68968505859374,0.5105253793000111,507.6931457519531,171.3931457519531,0.5096436091345617,508.0058288574219,171.70582885742186,0.5105733834594762,507.8597717285156,171.5597717285156,0.510139077396716
Kemerer,5,14,69.9,150.6387939453125,80.7387939453125,1.1550614298327966,134.70655822753906,64.80655822753906,0.9271324496071395,134.56906127929688,64.66906127929687,0.9251653974148335,134.7003936767578,64.8003936767578,0.9270442586088383,134.66766357421875,64.76766357421874,0.9265760167985514,134.70440673828125,64.80440673828124,0.9271016700755542,134.68592834472656,64.78592834472656,0.926837315375201
Kemerer,6,7,130.3,173.86447143554688,43.564471435546864,0.33433976543013705,167.77305603027344,37.473056030273426,0.28759060652550594,167.48104858398438,37.181048583984364,0.2853495670298109,167.70176696777344,37.401766967773426,0.28704349169434706,166.970703125,36.67070312499999,0.2814328712586338,167.55731201171875,37.25731201171874,0.2859348581098905,166.76698303222656,36.46698303222655,0.27986940162875323
Kemerer,7,10,258.7,192.08009338378906,66.61990661621093,0.25751800006266307,184.52294921875,74.17705078124999,0.28672999915442593,186.49575805664062,72.20424194335936,0.2791041435769593,208.59442138671875,50.10557861328124,0.193682174771091,183.5149383544922,75.1850616455078,0.2906264462524461,184.22872924804688,74.47127075195311,0.28786730093526525,208.61361694335938,50.086383056640614,0.19360797470676697
Kemerer,8,12,157.0,159.91732788085938,2.917327880859375,0.01858170624751194,153.8431854248047,3.1568145751953125,0.020107099205065683,191.29190063476562,34.291900634765625,0.2184197492660231,192.61434936523438,35.614349365234375,0.2268429895874801,153.76385498046875,3.23614501953125,0.020612388659434714,205.52145385742188,48.521453857421875,0.30905384622561705,192.02804565429688,35.028045654296875,0.2231085710464769
Kemerer,9,3,86.9,169.279296875,82.379296875,0.9479780998273877,170.34796142578125,83.44796142578124,0.9602757356246403,166.975341796875,80.075341796875,0.9214653831631184,181.23941040039062,94.33941040039062,1.0856088653669806,181.42425537109375,94.52425537109374,1.087735965144922,181.9096221923828,95.0096221923828,1.0933213140665454,167.688720703125,80.788720703125,0.9296745765607018
Kemerer,10,6,23.2,78.41294860839844,55.212948608398435,2.3798684744999328,78.48035430908203,55.28035430908203,2.382773892632846,78.47212982177734,55.27212982177734,2.382419388869713,78.44246673583984,55.24246673583984,2.3811408075793037,78.44732666015625,55.24732666015625,2.3813502870757004,78.47213745117188,55.27213745117187,2.3824197177229256,78.47232818603516,55.27232818603515,2.3824279390532395
Kitchenham,1,12,1024.0,727.7398071289062,296.26019287109375,0.2893165946006775,980.584228515625,43.415771484375,0.04239821434020996,1092.52783203125,68.52783203125,0.06692171096801758,978.1386108398438,45.86138916015625,0.04478651285171509,1091.1524658203125,67.1524658203125,0.06557857990264893,980.6551513671875,43.3448486328125,0.04232895374298096,981.640380859375,42.359619140625,0.0413668155670166
Kitchenham,1,18,380.0,408.4523010253906,28.452301025390625,0.07487447638260691,335.9700927734375,44.0299072265625,0.11586817691200658,363.69451904296875,16.30548095703125,0.04290916041324013,335.859619140625,44.140380859375,0.11615889699835526,336.88031005859375,43.11968994140625,0.11347286826685855,335.9736328125,44.0263671875,0.11585886101973684,336.0116271972656,43.988372802734375,0.11575887579666941
Kitchenham,1,19,220.0,534.837646484375,314.837646484375,1.4310802112926135,346.8728942871094,126.87289428710938,0.5766949740323153,412.7893981933594,192.78939819335938,0.8763154463334517,345.36328125,125.36328125,0.5698330965909091,365.58099365234375,145.58099365234375,0.6617317893288353,346.9151306152344,126.91513061523438,0.5768869573419745,347.52740478515625,127.52740478515625,0.5796700217507103
Kitchenham,1,27,2172.0,1618.0732421875,553.9267578125,0.25503073564111417,2268.21875,96.21875,0.04429960865561694,2165.9716796875,6.0283203125,0.00277546975713628,2265.226806640625,93.226806640625,0.042922102504891806,2159.451171875,12.548828125,0.005777545177255985,2268.288818359375,96.288818359375,0.044331868489583336,2269.664794921875,97.664794921875,0.04496537519423342
Kitchenham,1,42,892.0,929.4613037109375,37.4613037109375,0.04199697725441424,1389.7154541015625,497.7154541015625,0.5579769664815724,1349.5645751953125,457.5645751953125,0.5129647703983324,1388.296142578125,496.296142578125,0.5563858100651625,1376.3624267578125,484.3624267578125,0.5430072048854401,1389.886962890625,497.886962890625,0.5581692409087724,1389.067138671875,497.067138671875,0.5572501554617433
Kitchenham,1,55,4009.0,2515.231201171875,1493.768798828125,0.37260384106463584,1706.091552734375,2302.908447265625,0.5744346338901534,2473.68505859375,1535.31494140625,0.38296705946776005,1707.556396484375,2301.443603515625,0.5740692450774819,2353.21337890625,1655.78662109375,0.41301736619948864,1705.9619140625,2303.0380859375,0.5744669708000748,1646.4599609375,2362.5400390625,0.5893090643707907
Kitchenham,1,69,2029.0,1613.93212890625,415.06787109375,0.20456770384117792,948.8410034179688,1080.1589965820312,0.5323602743134703,1400.298583984375,628.701416015625,0.3098577703379128,940.5501708984375,1088.4498291015625,0.5364464411540476,1352.895751953125,676.104248046875,0.3332204278200468,949.0674438476562,1079.9325561523438,0.5322486723274242,952.557861328125,1076.442138671875,0.5305284074282282
Kitchenham,1,73,1884.0,1280.472412109375,603.527587890625,0.3203437303028795,1985.88623046875,101.88623046875,0.05407974016388004,2421.191650390625,537.191650390625,0.28513357239417464,1986.0125732421875,102.0125732421875,0.05414680108396364,2361.503662109375,477.503662109375,0.2534520499518976,1985.86669921875,101.86669921875,0.05406937325835987,1985.982421875,101.982421875,0.05413079717356688
Kitchenham,1,78,502.0,674.1876220703125,172.1876220703125,0.34300323121576193,1018.6439208984375,516.6439208984375,1.0291711571682023,689.5902709960938,187.59027099609375,0.3736857987969995,1016.7349243164062,514.7349243164062,1.0253683751322833,1049.557373046875,547.557373046875,1.0907517391372012,1018.7517700195312,516.7517700195312,1.029385996054843,1018.9425048828125,516.9425048828125,1.0297659459816981
Kitchenham,1,84,3050.0,2325.3466796875,724.6533203125,0.2375912525614754,2238.97998046875,811.02001953125,0.265908203125,2500.6328125,549.3671875,0.1801203893442623,2237.765380859375,812.234619140625,0.2663064325051229,2502.06884765625,547.93115234375,0.1796495581454918,2238.99267578125,811.00732421875,0.265904040727459,2239.711669921875,810.288330078125,0.2656683049436475
Kitchenham,1,108,2408.0,1798.64453125,609.35546875,0.25305459665697677,1515.88818359375,892.11181640625,0.37047832907236294,1943.326171875,464.673828125,0.19297085885589702,1515.142578125,892.857421875,0.37078796589493357,1968.927734375,439.072265625,0.18233898074127908,1515.86279296875,892.13720703125,0.370488873351848,1516.642822265625,891.357177734375,0.37016494091959096
Kitchenham,1,117,3555.0,2555.04443359375,999.95556640625,0.28128145327883264,4103.3603515625,548.3603515625,0.1542504505098453,4277.71142578125,722.71142578125,0.20329435324367087,4092.640625,537.640625,0.15123505625879044,4479.89892578125,924.89892578125,0.26016847420007033,4103.68310546875,548.68310546875,0.1543412392317159,4108.05126953125,553.05126953125,0.1555699773646273
Kitchenham,1,126,1860.0,1651.324951171875,208.675048828125,0.11219088646673388,2183.60693359375,323.60693359375,0.17398222236223118,1679.75439453125,180.24560546875,0.09690623949932796,2186.66796875,326.66796875,0.17562794018817204,1667.4117431640625,192.5882568359375,0.10354207356770834,2183.7578125,323.7578125,0.17406334005376345,2180.09765625,320.09765625,0.17209551411290322
Kitchenham,1,128,5192.0,5604.83837890625,412.83837890625,0.0795143256753178,5508.79150390625,316.79150390625,0.061015312770849386,5650.2890625,458.2890625,0.0882683094183359,5506.4462890625,314.4462890625,0.06056361499662943,5539.568359375,347.568359375,0.06694305843124038,5508.392578125,316.392578125,0.0609384780672188,5514.21435546875,322.21435546875,0.06205977570661595
Kitchenham,1,140,593.0,1261.1339111328125,668.1339111328125,1.1267013678462268,788.7634887695312,195.76348876953125,0.33012392709870364,937.525146484375,344.525146484375,0.5809867562974284,790.9085693359375,197.9085693359375,0.33374126363564505,985.8612060546875,392.8612060546875,0.6624978179674326,788.7216186523438,195.72161865234375,0.33005331981845487,787.626953125,194.626953125,0.328207340851602
Kitchenham,2,9,1401.0,811.816162109375,589.183837890625,0.420545209058262,907.9701538085938,493.02984619140625,0.3519128095584627,797.931640625,603.068359375,0.43045564552105636,754.0154418945312,646.9845581054688,0.4618019686691426,731.2493896484375,669.7506103515625,0.47805182751717523,752.3135375976562,648.6864624023438,0.4630167468967479,749.7984008789062,651.2015991210938,0.4648119908073474
Kitchenham,2,11,1122.0,1746.247314453125,624.247314453125,0.5563701554840687,1467.438720703125,345.438720703125,0.30787764768549464,1085.09716796875,36.90283203125,0.03289022462678253,1095.0115966796875,26.9884033203125,0.02405383540134804,1091.24853515625,30.75146484375,0.027407722677139038,1118.5648193359375,3.4351806640625,0.003061658345866756,1086.3795166015625,35.6204833984375,0.03174731140680704
Kitchenham,2,31,1425.0,1622.495849609375,197.495849609375,0.13859357867324562,1572.9298095703125,147.9298095703125,0.10381039268092106,1794.13330078125,369.13330078125,0.25904091282894737,1769.124267578125,344.124267578125,0.24149071408991227,1506.096923828125,81.096923828125,0.05691012198464912,1566.224365234375,141.224365234375,0.09910481770833333,1771.19482421875,346.19482421875,0.24294373629385965
Kitchenham,2,36,6607.0,5452.83837890625,1154.16162109375,0.17468769806171486,5183.404296875,1423.595703125,0.21546779220902074,5326.51025390625,1280.48974609375,0.1938080439070304,5301.470703125,1305.529296875,0.19759789569774483,5295.97412109375,1311.02587890625,0.1984298288037309,5284.24267578125,1322.75732421875,0.20020543729661722,5315.70556640625,1291.29443359375,0.19544338331977448
Kitchenham,2,45,1532.0,1817.7799072265625,285.7799072265625,0.18654040941681627,1654.8206787109375,122.8206787109375,0.08017015581653884,1097.1153564453125,434.8846435546875,0.2838672608059318,1191.2479248046875,340.7520751953125,0.22242302558440763,1226.1611328125,305.8388671875,0.1996337253182115,1255.902099609375,276.097900390625,0.1802205616126795,1126.4527587890625,405.5472412109375,0.2647175203726746
Kitchenham,2,51,1939.0,1683.844970703125,255.155029296875,0.1315910414114879,1420.790283203125,518.209716796875,0.26725617163325166,1629.614501953125,309.385498046875,0.15955930791484013,1629.053955078125,309.946044921875,0.15984839861881125,1626.39990234375,312.60009765625,0.16121717259218668,1533.476318359375,405.523681640625,0.2091406300364234,1628.0347900390625,310.9652099609375,0.16037401235736848
Kitchenham,2,66,2265.0,2077.45654296875,187.54345703125,0.08280064328090508,1691.3482666015625,573.6517333984375,0.25326787346509383,1773.4268798828125,491.5731201171875,0.21703007510692604,1771.7119140625,493.2880859375,0.21778723440949227,1773.493896484375,491.506103515625,0.21700048720336645,1872.3701171875,392.6298828125,0.17334652662803532,1773.8717041015625,491.1282958984375,0.21683368472337197
Kitchenham,2,76,437.0,323.51654052734375,113.48345947265625,0.2596875502806779,460.01715087890625,23.01715087890625,0.05267082580985412,366.4084777832031,70.59152221679688,0.16153666411166334,386.26300048828125,50.73699951171875,0.11610297371102689,395.46112060546875,41.53887939453125,0.09505464392341247,399.50640869140625,37.49359130859375,0.08579769178167906,387.217529296875,49.782470703125,0.11391869726115561
Kitchenham,2,94,698.0,531.9501342773438,166.04986572265625,0.23789379043360495,527.993896484375,170.006103515625,0.2435617528877149,652.6246337890625,45.3753662109375,0.06500768798128581,652.8098754882812,45.19012451171875,0.06474229872739076,699.6499633789062,1.64996337890625,0.002363844382387178,692.3240966796875,5.6759033203125,0.008131666648012178,652.8626098632812,45.13739013671875,0.064666748046875
Kitchenham,2,100,874.0,4714.7216796875,3840.7216796875,4.394418397811785,1501.913818359375,627.913818359375,0.7184368631114131,741.1243286132812,132.87567138671875,0.15203166062553633,822.5155639648438,51.48443603515625,0.0589066773857623,910.4553833007812,36.45538330078125,0.041710964875035755,989.1768188476562,115.17681884765625,0.1317812572627646,912.062255859375,38.062255859375,0.043549491829948515
Kitchenham,2,101,113930.0,13984.0849609375,99945.9150390625,0.877257219688076,13992.76953125,99937.23046875,0.8771809924405337,12369.349609375,101560.650390625,0.8914302676259546,12368.322265625,101561.677734375,0.8914392849501888,12369.693359375,101560.306640625,0.8914272504224084,12371.50390625,101558.49609375,0.8914113586741859,12369.771484375,101560.228515625,0.8914265646943299
Kitchenham,2,111,4414.0,2653.1728515625,1760.8271484375,0.3989187015037381,5263.7890625,849.7890625,0.1925213100362483,4908.16650390625,494.16650390625,0.1119543506810716,4916.39599609375,502.39599609375,0.11381875761072723,4950.0791015625,536.0791015625,0.12144972849173086,5275.86181640625,861.86181640625,0.19525641513508155,4930.328125,516.328125,0.11697510761214318
Kitchenham,2,112,2480.0,1492.843017578125,987.156982421875,0.3980471703314012,1545.1376953125,934.8623046875,0.37696060672883064,1483.4481201171875,996.5518798828125,0.4018354354366179,1471.9891357421875,1008.0108642578125,0.40645599365234375,1468.2847900390625,1011.7152099609375,0.4079496814358619,1462.46826171875,1017.53173828125,0.41029505575856856,1477.23388671875,1002.76611328125,0.40434117471018144
Kitchenham,2,133,2964.0,3930.439208984375,966.439208984375,0.3260591123429065,3956.414306640625,992.414306640625,0.3348226405670125,3682.83544921875,718.83544921875,0.24252208138284412,3687.590087890625,723.590087890625,0.24412621048941463,3679.8642578125,715.8642578125,0.2415196551324224,3668.5283203125,704.5283203125,0.2376951148152834,3679.972412109375,715.972412109375,0.24155614443636134
Kitchenham,2,136,955.0,2663.81396484375,1708.81396484375,1.7893339946007853,2197.90087890625,1242.90087890625,1.301466888907068,2734.76123046875,1779.76123046875,1.8636243250981674,2744.4755859375,1789.4755859375,1.873796425065445,2648.83447265625,1693.83447265625,1.7736486624672776,2184.9580078125,1229.9580078125,1.2879141443062827,2709.6962890625,1754.6962890625,1.8373783131544503
Kitchenham,3,0,485.0,547.9859619140625,62.9859619140625,0.1298679627094072,429.45635986328125,55.54364013671875,0.11452296935405928,428.56109619140625,56.43890380859375,0.11636887383215207,412.4461669921875,72.5538330078125,0.14959553197487113,396.682861328125,88.317138671875,0.1820971931378866,429.546142578125,55.453857421875,0.11433785035438145,410.960205078125,74.039794921875,0.15265937097293814
Kitchenham,3,4,3826.0,5771.7431640625,1945.7431640625,0.5085580669269472,5509.16796875,1683.16796875,0.4399288993073706,5976.90087890625,2150.90087890625,0.5621800519880423,5442.3994140625,1616.3994140625,0.42247763043975434,4754.84814453125,928.84814453125,0.2427726462444459,5501.8095703125,1675.8095703125,0.43800563782344487,5365.18310546875,1539.18310546875,0.40229563655743594
Kitchenham,3,10,2170.0,2269.9443359375,99.9443359375,0.04605729766705069,2118.519775390625,51.480224609375,0.02372360581077189,1683.458251953125,486.541748046875,0.22421278711837558,2172.56201171875,2.56201171875,0.0011806505616359447,2115.8427734375,54.1572265625,0.024957247263824884,2168.380859375,1.619140625,0.0007461477534562212,2183.16064453125,13.16064453125,0.0060648131480414745
Kitchenham,3,16,580.0,1235.1533203125,655.1533203125,1.1295746901939656,492.7394714355469,87.26052856445312,0.1504491871800916,717.443359375,137.443359375,0.2369713092672414,490.7684326171875,89.2315673828125,0.15384752997036638,439.6585388183594,140.34146118164062,0.24196803652007004,491.7398986816406,88.26010131835938,0.15217258847992995,448.6722106933594,131.32778930664062,0.22642722294248382
Kitchenham,3,26,1868.0,1501.15283203125,366.84716796875,0.196384993559288,1682.7188720703125,185.2811279296875,0.09918689931996119,1659.3914794921875,208.6085205078125,0.11167479684572404,1707.39794921875,160.60205078125,0.08597540191715738,1729.840087890625,138.159912109375,0.07396140905212795,1697.308837890625,170.691162109375,0.09137642511208512,1730.62939453125,137.37060546875,0.07353886802395611
Kitchenham,3,60,2037.0,1422.233642578125,614.766357421875,0.301799880914028,2035.8853759765625,1.1146240234375,0.0005471890149423171,1815.009765625,221.990234375,0.10897900558419243,2078.620361328125,41.620361328125,0.020432185237174768,2706.955322265625,669.955322265625,0.3288931380783628,2051.79248046875,14.79248046875,0.007261895173662249,2623.8193359375,586.8193359375,0.2880801845544919
Kitchenham,3,65,995.0,886.3944702148438,108.60552978515625,0.10915128621623743,879.196533203125,115.803466796875,0.11638539376570352,969.6107177734375,25.3892822265625,0.025516866559359298,938.7918090820312,56.20819091796875,0.05649064413866206,994.3929443359375,0.6070556640625,0.0006101061950376885,876.8958129882812,118.10418701171875,0.11869767538866206,974.1737670898438,20.82623291015625,0.020930887346890702
Kitchenham,3,67,654.0,1675.802490234375,1021.802490234375,1.5623891287987386,804.0676879882812,150.06768798828125,0.22946129661816705,932.5535888671875,278.5535888671875,0.4259229187571674,801.3323364257812,147.33233642578125,0.22527880187428326,669.07275390625,15.07275390625,0.02304702432148318,802.49658203125,148.49658203125,0.22705899393157492,777.2291870117188,123.22918701171875,0.1884238333512519
Kitchenham,3,97,219.0,645.3220825195312,426.32208251953125,1.9466761758882705,337.3846740722656,118.38467407226562,0.5405692880012128,336.66815185546875,117.66815185546875,0.537297497056935,336.3928527832031,117.39285278320312,0.5360404236675942,286.34808349609375,67.34808349609375,0.3075254954159532,336.5735778808594,117.57357788085938,0.5368656524240154,335.6341247558594,116.63412475585938,0.5325759121272118
Kitchenham,3,98,254.0,418.7976379394531,164.79763793945312,0.6488095981868234,335.28961181640625,81.28961181640625,0.320037841796875,330.48016357421875,76.48016357421875,0.30110300619771163,334.12261962890625,80.12261962890625,0.3154433843657726,335.34661865234375,81.34661865234375,0.3202622781588337,333.9655456542969,79.96554565429688,0.3148249828909326,333.72027587890625,79.72027587890625,0.31385935385396163
Kitchenham,3,110,12646.0,9066.2021484375,3579.7978515625,0.2830774831221335,13069.3154296875,423.3154296875,0.03347425507571564,13117.822265625,471.822265625,0.03731000044480468,13095.17578125,449.17578125,0.035519198264273286,13072.98046875,426.98046875,0.03376407312588961,13095.3310546875,449.3310546875,0.035531476726830616,13104.298828125,458.298828125,0.03624061585679266
Kitchenham,3,114,3189.0,2613.51025390625,575.48974609375,0.180460879929053,4444.654296875,1255.654296875,0.39374546781906555,4244.91455078125,1055.91455078125,0.3311114928759015,4469.623046875,1280.623046875,0.4015751166117905,4470.15185546875,1281.15185546875,0.40174093931287236,4463.60107421875,1274.60107421875,0.39968675892717154,4335.22216796875,1146.22216796875,0.35942996800525245
Kitchenham,3,118,570.0,521.3384399414062,48.66156005859375,0.08537115799753289,418.6167297363281,151.38327026367188,0.26558468467310853,426.7983703613281,143.20162963867188,0.25123092919065243,409.09552001953125,160.90447998046875,0.2822885613692434,397.85369873046875,172.14630126953125,0.30201105485882673,413.260009765625,156.739990234375,0.27498243900767544,399.62591552734375,170.37408447265625,0.29890190258360744
Kitchenham,3,120,1742.0,1122.0062255859375,619.9937744140625,0.35590917015732637,1315.947998046875,426.052001953125,0.24457635014530713,1572.4256591796875,169.5743408203125,0.09734462733657434,1306.36474609375,435.63525390625,0.25007764288533296,1290.5057373046875,451.4942626953125,0.25918155148984645,1311.125732421875,430.874267578125,0.2473445852916906,1295.774169921875,446.225830078125,0.256157192926593
Kitchenham,3,125,585.0,1462.8056640625,877.8056640625,1.5005225026709401,995.2008056640625,410.2008056640625,0.7011979584001068,929.207763671875,344.207763671875,0.5883893396100427,1008.0894775390625,423.0894775390625,0.7232298761351496,1044.93798828125,459.93798828125,0.7862187833867521,994.709228515625,409.709228515625,0.7003576555822649,1027.4061279296875,442.4061279296875,0.7562497913327991
Kitchenham,4,15,322.0,692.3211059570312,370.32110595703125,1.1500655464504077,409.457275390625,87.457275390625,0.2716064453125,409.4283447265625,87.4283447265625,0.27151659852969723,411.2099914550781,89.20999145507812,0.2770496629039693,409.472412109375,87.472412109375,0.271653453755823,356.7802734375,34.7802734375,0.10801327154503106,409.0340881347656,87.03408813476562,0.27029219917629077
Kitchenham,4,22,1066.0,1409.6435546875,343.6435546875,0.32236731208958724,1745.2139892578125,679.2139892578125,0.6371613407671787,1745.164794921875,679.164794921875,0.6371151922344043,1895.757080078125,829.757080078125,0.7783837524185038,1745.252685546875,679.252685546875,0.6371976412259616,1766.3896484375,700.3896484375,0.6570259366205441,1744.7835693359375,678.7835693359375,0.6367575697335248
Kitchenham,4,23,2860.0,2245.577392578125,614.422607421875,0.2148330795181381,1873.186767578125,986.813232421875,0.3450395917559004,1873.0701904296875,986.9298095703125,0.34508035299661277,1884.6251220703125,975.3748779296875,0.34104016710828233,1873.203369140625,986.796630859375,0.34503378701376747,1922.94873046875,937.05126953125,0.3276403040319056,1870.5010986328125,989.4989013671875,0.34597863684167396
Kitchenham,4,24,1143.0,1027.809326171875,115.190673828125,0.10077924219433508,1054.8863525390625,88.1136474609375,0.07708980530265748,1054.8828125,88.1171875,0.07709290244969379,1055.1195068359375,87.8804931640625,0.07688582079095582,1054.88623046875,88.11376953125,0.07708991210083115,1064.10009765625,78.89990234375,0.06902878595253718,1054.780029296875,88.219970703125,0.07718282651192039
Kitchenham,4,25,1431.0,1758.204345703125,327.204345703125,0.22865432963181342,1837.8309326171875,406.8309326171875,0.28429834564443573,1837.7119140625,406.7119140625,0.2842151740478686,1838.2574462890625,407.2574462890625,0.2845963985248515,1837.9725341796875,406.9725341796875,0.28439729851830015,1824.323486328125,393.323486328125,0.2748591798239867,1837.919921875,406.919921875,0.2843605324074074
Kitchenham,4,28,8509.0,3386.35302734375,5122.64697265625,0.6020269094671818,5083.3017578125,3425.6982421875,0.40259704338788344,5084.4541015625,3424.5458984375,0.4024616169276648,4276.080078125,4232.919921875,0.4974638526119403,5082.271484375,3426.728515625,0.4027181238247738,4302.7431640625,4206.2568359375,0.49433033681249267,5090.66064453125,3418.33935546875,0.40173220771756374
Kitchenham,4,39,4824.0,3787.132568359375,1036.867431640625,0.21493935150095875,5743.6708984375,919.6708984375,0.1906448794439262,5743.19677734375,919.19677734375,0.19054659563510573,5731.087890625,907.087890625,0.1880364615723466,5744.404296875,920.404296875,0.19079691062914594,5568.50390625,744.50390625,0.15433331389925373,5747.771484375,923.771484375,0.19149491798818408
Kitchenham,4,40,5094.0,4463.73779296875,630.26220703125,0.12372638536145465,5341.81787109375,247.81787109375,0.04864897351663722,5341.90625,247.90625,0.04866632312524539,6138.5751953125,1044.5751953125,0.205059912703671,5341.6337890625,247.6337890625,0.048612836486552805,5888.8388671875,794.8388671875,0.15603432806978798,5340.02880859375,246.02880859375,0.048297763760060855
Kitchenham,4,44,5646.0,2793.857421875,2852.142578125,0.5051616326824301,4142.84375,1503.15625,0.26623383811547996,4142.31689453125,1503.68310546875,0.26632715293459974,4175.8984375,1470.1015625,0.260379306145944,4143.0947265625,1502.9052734375,0.266189386014435,4215.8466796875,1430.1533203125,0.25330381160334753,4134.4228515625,1511.5771484375,0.2677253185330322
Kitchenham,4,56,630.0,682.2410888671875,52.2410888671875,0.08292236328125,635.4564819335938,5.45648193359375,0.008661082434275793,635.4630126953125,5.4630126953125,0.008671448722718253,635.2970581054688,5.29705810546875,0.008408028738839286,635.45068359375,5.45068359375,0.008651878720238095,806.747314453125,176.747314453125,0.2805512927827381,635.4984130859375,5.4984130859375,0.008727639818948413
Kitchenham,4,64,1318.0,1286.5008544921875,31.4991455078125,0.023899199930055008,1665.9842529296875,347.9842529296875,0.26402447111508914,1666.052490234375,348.052490234375,0.2640762444873862,1775.99609375,457.99609375,0.3474932426024279,1665.8759765625,347.8759765625,0.2639423190914264,1672.93701171875,354.93701171875,0.26929970540117604,1665.355712890625,347.355712890625,0.2635475818593513
Kitchenham,4,68,718.0,369.9180908203125,348.0819091796875,0.4847937453756093,382.41217041015625,335.58782958984375,0.46739252032011663,382.42315673828125,335.57684326171875,0.46737721902746343,382.22283935546875,335.77716064453125,0.4676562125968402,382.4000244140625,335.5999755859375,0.4674094367492166,382.13812255859375,335.86187744140625,0.46777420256463265,382.4212646484375,335.5787353515625,0.46737985425008705
Kitchenham,4,80,1693.0,741.2810668945312,951.7189331054688,0.5621493993534961,641.34765625,1051.65234375,0.6211768126107502,641.4769287109375,1051.5230712890625,0.621100455575347,644.0845947265625,1048.9154052734375,0.6195601921284333,641.15380859375,1051.84619140625,0.6212913121123745,747.804931640625,945.195068359375,0.5582959647722239,640.4071044921875,1052.5928955078125,0.6217323659231024
Kitchenham,4,85,1113.0,941.8394165039062,171.16058349609375,0.1537830938868767,988.0845947265625,124.9154052734375,0.11223306852959344,988.07763671875,124.92236328125,0.1122393201089398,989.353271484375,123.646728515625,0.11109319722877359,988.0777587890625,124.9222412109375,0.11223921043210916,1077.0030517578125,35.9969482421875,0.032342271556323,987.75439453125,125.24560546875,0.11252974435646901
Kitchenham,4,96,6307.0,5821.45556640625,485.54443359375,0.07698500611919296,4496.689453125,1810.310546875,0.2870319560607262,4497.03125,1809.96875,0.2869777628032345,4465.48046875,1841.51953125,0.29198026498335183,4496.6376953125,1810.3623046875,0.28704016246828923,4408.974609375,1898.025390625,0.30093949431187567,4504.5458984375,1802.4541015625,0.28578628532781036
Kitchenham,5,5,1079.0,1764.401611328125,685.401611328125,0.6352192876071594,820.0700073242188,258.92999267578125,0.2399721896902514,913.095703125,165.904296875,0.1537574577154773,888.8099365234375,190.1900634765625,0.17626511907003012,819.9352416992188,259.06475830078125,0.2400970883232449,876.0582275390625,202.9417724609375,0.1880831996857623,821.9260864257812,257.07391357421875,0.23825200516609707
Kitchenham,5,30,2663.0,1739.1776123046875,923.8223876953125,0.3469103971818673,2080.820068359375,582.179931640625,0.21861807421728313,2074.55126953125,588.44873046875,0.22097211057782576,2167.99072265625,495.00927734375,0.1858840695996057,2080.863037109375,582.136962890625,0.2186019387497653,2077.78662109375,585.21337890625,0.2197571832167668,2079.19091796875,583.80908203125,0.21922984680107022
Kitchenham,5,33,652.0,378.2465515136719,273.7534484863281,0.4198672522796444,570.1087646484375,81.8912353515625,0.12560005422018788,661.99560546875,9.99560546875,0.01533068323427914,910.4031372070312,258.40313720703125,0.39632383007213384,570.1113891601562,81.88861083984375,0.12559602889546587,663.5482788085938,11.54827880859375,0.017712084062260353,570.06103515625,81.93896484375,0.12567325896280676
Kitchenham,5,47,313.0,527.1525268554688,214.15252685546875,0.684193376535044,305.65765380859375,7.34234619140625,0.023457975052416133,260.2347412109375,52.7652587890625,0.1685791015625,466.98956298828125,153.98956298828125,0.49197943446735226,305.6723327636719,7.327667236328125,0.023411077432358228,261.30926513671875,51.69073486328125,0.1651461177740615,278.65655517578125,34.34344482421875,0.10972346589207269
Kitchenham,5,53,1413.0,810.5576171875,602.4423828125,0.4263569588198868,1036.740966796875,376.259033203125,0.2662838168458068,1562.86083984375,149.86083984375,0.10605862692409766,1178.111083984375,234.888916015625,0.16623419392471692,1036.7200927734375,376.2799072265625,0.26629858968617304,1039.936767578125,373.063232421875,0.2640221036248231,1037.00048828125,375.99951171875,0.2661001498363411
Kitchenham,5,62,1252.0,1521.6405029296875,269.6405029296875,0.21536781384160344,2006.0408935546875,754.0408935546875,0.6022690843088558,1950.8873291015625,698.8873291015625,0.5582167165347943,1914.791259765625,662.791259765625,0.529385990228135,2006.177734375,754.177734375,0.6023783820886581,1968.633056640625,716.633056640625,0.572390620319988,2004.214111328125,752.214111328125,0.6008099930735823
Kitchenham,5,81,3319.0,3327.229248046875,8.229248046875,0.0024794359888144018,1962.091796875,1356.908203125,0.40883043179421513,1884.126953125,1434.873046875,0.4323208939062971,1818.23779296875,1500.76220703125,0.4521730060353269,1962.0528564453125,1356.9471435546875,0.4088421643732111,1893.6790771484375,1425.3209228515625,0.4294428812448215,1963.8985595703125,1355.1014404296875,0.40828606219635055
Kitchenham,5,82,1557.0,1228.09130859375,328.90869140625,0.21124514541184972,1633.3707275390625,76.3707275390625,0.049049921348145474,1780.99609375,223.99609375,0.1438639009312781,1585.768310546875,28.768310546875,0.01847675693440912,1633.30712890625,76.30712890625,0.04900907444203597,1638.88134765625,81.88134765625,0.052589176400931276,1635.578857421875,78.578857421875,0.05046811652015093
Kitchenham,5,86,5456.0,2371.64501953125,3084.35498046875,0.5653143292648002,4933.5390625,522.4609375,0.09575896948313783,5404.9599609375,51.0400390625,0.00935484586922654,5483.9716796875,27.9716796875,0.005126774136271994,4933.4365234375,522.5634765625,0.09577776329957845,5407.6103515625,48.3896484375,0.008869070461418622,4934.76708984375,521.23291015625,0.09553389115767046
Kitchenham,5,89,3483.0,1838.199462890625,1644.800537109375,0.47223673187177,3479.1201171875,3.8798828125,0.0011139485536893483,3485.411865234375,2.411865234375,0.0006924677675495263,3210.664794921875,272.335205078125,0.07818983780595033,3479.1220703125,3.8779296875,0.0011133877942865345,3486.340087890625,3.340087890625,0.0009589686737367212,3477.406982421875,5.593017578125,0.0016058046448822853
Kitchenham,5,93,4068.0,3242.05908203125,825.94091796875,0.20303365731778517,4837.8466796875,769.8466796875,0.1892445131975172,5416.86767578125,1348.86767578125,0.3315800579599926,3902.52197265625,165.47802734375,0.040677981156280726,4837.66455078125,769.66455078125,0.1891997420799533,5417.4970703125,1349.4970703125,0.3317347763796706,4842.302734375,774.302734375,0.19033990520526056
Kitchenham,5,95,676.0,760.021728515625,84.021728515625,0.12429249780417899,836.2706298828125,160.2706298828125,0.23708673059587648,663.9967041015625,12.0032958984375,0.017756354879345414,601.2922973632812,74.70770263671875,0.11051435301289755,836.2257080078125,160.2257080078125,0.23702027811806584,668.272705078125,7.727294921875,0.011430909647744084,839.9218139648438,163.92181396484375,0.2424878904805381
Kitchenham,5,119,464.0,566.2181396484375,102.2181396484375,0.22029771475956358,627.5419311523438,163.54193115234375,0.3524610585179822,682.8612670898438,218.86126708984375,0.4716837652798357,696.6083984375,232.6083984375,0.5013112035290949,627.51513671875,163.51513671875,0.35240331189385776,631.369140625,167.369140625,0.3607093547952586,628.2806396484375,164.2806396484375,0.3540531026905981
Kitchenham,5,132,1328.0,1610.4544677734375,282.4544677734375,0.21269161729927522,1094.821533203125,233.178466796875,0.1755861948771649,1094.4910888671875,233.5089111328125,0.1758350234433829,1295.538330078125,32.461669921875,0.024444028555628765,1094.828857421875,233.171142578125,0.17558067965220256,1095.1114501953125,232.8885498046875,0.1753678838890719,1094.4007568359375,233.5992431640625,0.17590304455125189
Kitchenham,5,134,1304.0,1774.7142333984375,470.7142333984375,0.3609771728515625,1221.01318359375,82.98681640625,0.06364019663055982,1197.8568115234375,106.1431884765625,0.08139815067221051,1248.139404296875,55.860595703125,0.042837880140433285,1220.98095703125,83.01904296875,0.0636649102521089,1233.3248291015625,70.6751708984375,0.05419875068898581,1220.8472900390625,83.1527099609375,0.06376741561421588
Kitchenham,6,7,1698.0,1395.474609375,302.525390625,0.17816571886042404,1793.788330078125,95.788330078125,0.05641244409783569,1541.0810546875,156.9189453125,0.09241398428297998,1533.214599609375,164.785400390625,0.09704676112522084,1793.7430419921875,95.7430419921875,0.056385772669132805,1541.147216796875,156.852783203125,0.092375019554255,1540.72265625,157.27734375,0.09262505521201414
Kitchenham,6,8,1173.0,1445.83935546875,272.83935546875,0.2325996210304774,1813.4912109375,640.4912109375,0.5460283128196931,1683.2373046875,510.2373046875,0.4349849144820972,1825.80517578125,652.80517578125,0.5565261515611679,1812.8984375,639.8984375,0.5455229646206309,1682.118408203125,509.118408203125,0.43403103853633845,1687.2763671875,514.2763671875,0.4384282755221654
Kitchenham,6,34,7649.0,3383.74853515625,4265.25146484375,0.5576221028688391,4861.0888671875,2787.9111328125,0.3644804723248137,4131.5478515625,3517.4521484375,0.4598577785903386,4116.724609375,3532.275390625,0.4617957106321088,4862.0771484375,2786.9228515625,0.3643512683439012,4131.63232421875,3517.36767578125,0.45984673496944045,4130.77734375,3518.22265625,0.45995851173355995
Kitchenham,6,35,5927.0,5726.501953125,200.498046875,0.03382791410072549,5957.9248046875,30.9248046875,0.005217615098279062,5946.3291015625,19.3291015625,0.0032611947971148978,6679.8017578125,752.8017578125,0.12701227565589673,5956.9970703125,29.9970703125,0.005061088292981272,5945.88134765625,18.88134765625,0.0031856500179264385,5948.3359375,21.3359375,0.0035997869917327482
Kitchenham,6,43,750.0,852.6937866210938,102.69378662109375,0.136925048828125,920.1883544921875,170.1883544921875,0.22691780598958333,925.6988525390625,175.6988525390625,0.23426513671875,921.969482421875,171.969482421875,0.22929264322916668,920.269287109375,170.269287109375,0.22702571614583333,925.7450561523438,175.74505615234375,0.23432674153645833,925.5535888671875,175.5535888671875,0.23407145182291667
Kitchenham,6,49,583.0,416.6619873046875,166.3380126953125,0.28531391542935247,620.8384399414062,37.83843994140625,0.06490298446210334,579.7677612304688,3.23223876953125,0.00554414883281518,687.5490112304688,104.54901123046875,0.17932935030955188,620.639892578125,37.639892578125,0.06456242294704116,579.8469848632812,3.15301513671875,0.005408259239654802,579.7278442382812,3.27215576171875,0.005612617086996141
Kitchenham,6,70,1650.0,2841.98193359375,1191.98193359375,0.7224132930871212,1907.2237548828125,257.2237548828125,0.1558931847774621,1973.5142822265625,323.5142822265625,0.19606926195549243,1738.2706298828125,88.2706298828125,0.05349735144412879,1907.0966796875,257.0966796875,0.15581616950757576,1973.61865234375,323.61865234375,0.1961325165719697,1739.24169921875,89.24169921875,0.05408587831439394
Kitchenham,6,77,570.0,563.4840698242188,6.51593017578125,0.011431456448739035,735.1761474609375,165.1761474609375,0.28978271484375,640.4221801757812,70.42218017578125,0.12354768451891447,891.9307250976562,321.93072509765625,0.5647907457853618,735.0970458984375,165.0970458984375,0.28964394017269735,640.3961791992188,70.39617919921875,0.1235020687705592,640.4530029296875,70.4530029296875,0.12360175952576755
Kitchenham,6,83,557.0,578.9439697265625,21.9439697265625,0.039396714051279175,622.550048828125,65.550048828125,0.1176841092066876,672.2307739257812,115.23077392578125,0.20687751153641157,673.511474609375,116.511474609375,0.20917679463083483,622.4500732421875,65.4500732421875,0.11750461982439407,672.2183227539062,115.21832275390625,0.206855157547408,672.2862548828125,115.2862548828125,0.2069771182815305
Kitchenham,6,104,693.0,830.8092041015625,137.8092041015625,0.19885888037743507,596.3931274414062,96.60687255859375,0.13940385650590728,559.1215209960938,133.87847900390625,0.19318683838947512,562.673095703125,130.326904296875,0.1880619109623016,596.3201904296875,96.6798095703125,0.13950910471906566,559.1221923828125,133.8778076171875,0.19318586957747114,559.3153076171875,133.6846923828125,0.19290720401560246
Kitchenham,6,113,980.0,856.398193359375,123.601806640625,0.12612429249043366,808.3093872070312,171.69061279296875,0.17519450284996813,825.212158203125,154.787841796875,0.15794677734375,749.1135864257812,230.88641357421875,0.2355983811981824,808.2789306640625,171.7210693359375,0.17522558095503826,825.2952270507812,154.70477294921875,0.15786201321348853,825.1793823242188,154.82061767578125,0.15798022211814414
Kitchenham,6,124,989.0,1017.8743896484375,28.8743896484375,0.029195540594982305,595.51708984375,393.48291015625,0.39785936315091003,680.3317260742188,308.66827392578125,0.3121013892070589,699.5984497070312,289.40155029296875,0.2926203744114952,595.4918212890625,393.5081787109375,0.3978849127512007,680.2811279296875,308.7188720703125,0.31215255012165066,680.4921875,308.5078125,0.31193914307381193
Kitchenham,6,131,2570.0,2760.4716796875,190.4716796875,0.07411349404182879,2694.141845703125,124.141845703125,0.04830422011794747,1973.214599609375,596.785400390625,0.23221221805082684,1910.45361328125,659.54638671875,0.2566328352991245,2694.794921875,124.794921875,0.048558335359922176,1973.51513671875,596.48486328125,0.2320952775413424,1970.528564453125,599.471435546875,0.233257367917072
Kitchenham,6,143,1040.0,1586.62353515625,546.62353515625,0.5255995530348557,995.1854858398438,44.81451416015625,0.04309087900015024,981.9209594726562,58.07904052734375,0.05584523127629207,1018.87548828125,21.12451171875,0.020312030498798078,995.18408203125,44.81591796875,0.04309222881610577,981.744384765625,58.255615234375,0.0560150146484375,983.5034790039062,56.49652099609375,0.054323577880859376
Kitchenham,7,2,13635.0,2552.565673828125,11082.434326171875,0.8127931298989274,7216.83935546875,6418.16064453125,0.47071218515080676,7325.5380859375,6309.4619140625,0.46274014771268795,7225.521484375,6409.478515625,0.4700754320223689,7199.4208984375,6435.5791015625,0.47198966641455814,7283.70703125,6351.29296875,0.4658080651815181,7205.56396484375,6429.43603515625,0.4715391298244408
Kitchenham,7,3,1576.0,1462.285888671875,113.714111328125,0.0721536239391656,1406.031982421875,169.968017578125,0.10784772688967323,1385.2181396484375,190.7818603515625,0.12105447991850413,1404.7982177734375,171.2017822265625,0.10863057247878331,1401.583984375,174.416015625,0.11067006067576142,1389.274169921875,186.725830078125,0.11848085664855647,1399.387451171875,176.612548828125,0.11206380001784581
Kitchenham,7,6,2224.0,2058.205078125,165.794921875,0.07454807638264388,2446.3505859375,222.3505859375,0.09997778144671762,2726.04736328125,502.04736328125,0.22574072089984262,2712.7763671875,488.7763671875,0.21977354639725719,2432.38134765625,208.38134765625,0.0936966491260117,2719.071044921875,495.071044921875,0.22260388710515963,2436.6162109375,212.6162109375,0.09560081427045863
Kitchenham,7,13,1832.0,1395.4405517578125,436.5594482421875,0.2382966420535958,1887.364990234375,55.364990234375,0.0302210645384143,1903.8193359375,71.8193359375,0.03920269428902838,1888.4820556640625,56.4820556640625,0.030830816410514467,1880.23388671875,48.23388671875,0.026328540785343888,1892.4052734375,60.4052734375,0.032972310828329694,1879.984375,47.984375,0.02619234443231441
Kitchenham,7,17,1003.0,1121.84765625,118.84765625,0.1184921797108674,949.5829467773438,53.41705322265625,0.05325728137852069,761.430419921875,241.569580078125,0.24084703896124127,823.9132080078125,179.0867919921875,0.17855113857645813,946.50732421875,56.49267578125,0.05632370466724825,826.1952514648438,176.80474853515625,0.17627592077283774,944.3661499023438,58.63385009765625,0.058458474673635345
Kitchenham,7,38,4494.0,5388.9638671875,894.9638671875,0.19914638789218958,6597.53125,2103.53125,0.46807548954161105,6655.5595703125,2161.5595703125,0.4809878883650423,6602.22998046875,2108.22998046875,0.46912104594320203,6572.982421875,2078.982421875,0.4626129109646195,6617.6474609375,2123.6474609375,0.47255172695538494,6573.11767578125,2079.11767578125,0.4626430075169671
Kitchenham,7,50,726.0,1473.613037109375,747.613037109375,1.0297700235666323,641.6936645507812,84.30633544921875,0.11612442899341426,498.401123046875,227.598876953125,0.31349707569300966,534.9575805664062,191.04241943359375,0.26314382842092804,761.5845947265625,35.5845947265625,0.04901459328727617,492.03155517578125,233.96844482421875,0.3222705851573261,780.949462890625,54.949462890625,0.07568796541408403
Kitchenham,7,54,4115.0,3547.56787109375,567.43212890625,0.1378935914717497,4049.575439453125,65.424560546875,0.015899042660236937,4062.560546875,52.439453125,0.012743488001215067,4050.4091796875,64.5908203125,0.015696432639732687,4040.6376953125,74.3623046875,0.018071033945929526,4065.96044921875,49.03955078125,0.011917266289489671,4043.4560546875,71.5439453125,0.01738613494835966
Kitchenham,7,72,8600.0,5823.2939453125,2776.7060546875,0.32287279705668603,7045.5634765625,1554.4365234375,0.18074843295784884,7071.56298828125,1528.43701171875,0.17772523392078488,7047.87890625,1552.12109375,0.18047919694767442,7046.693359375,1553.306640625,0.18061705123546512,7065.83447265625,1534.16552734375,0.17839134038880813,7049.48095703125,1550.51904296875,0.18029291197311045
Kitchenham,7,109,1737.0,1408.563232421875,328.436767578125,0.18908276774791308,1954.19775390625,217.19775390625,0.12504188480497985,2741.169189453125,1004.169189453125,0.5781054631278785,2163.046142578125,426.046142578125,0.24527699630289293,1953.3289794921875,216.3289794921875,0.12454172682336644,2205.14501953125,468.14501953125,0.2695135403173575,1953.3814697265625,216.3814697265625,0.12457194572628814
Kitchenham,7,115,2895.0,2763.74560546875,131.25439453125,0.045338305537564766,2294.88232421875,600.11767578125,0.2072945339486183,2840.7236328125,54.2763671875,0.01874831336355786,2306.04052734375,588.95947265625,0.20344023235103628,2275.98046875,619.01953125,0.21382367227979274,2391.693359375,503.306640625,0.17385376187392054,2282.318359375,612.681640625,0.2116344181778929
Kitchenham,7,123,3966.0,2703.963623046875,1262.036376953125,0.3182139124944844,4104.22021484375,138.22021484375,0.034851289673159355,4106.53271484375,140.53271484375,0.03543437086327534,4104.09326171875,138.09326171875,0.03481927930376954,4117.458984375,151.458984375,0.038189355616490166,4115.2529296875,149.2529296875,0.037633113889939486,4119.7080078125,153.7080078125,0.038756431621911246
Kitchenham,7,137,286.0,3512.68408203125,3226.68408203125,11.28211217493444,1116.8427734375,830.8427734375,2.9050446623688813,1220.3836669921875,934.3836669921875,3.2670757587139425,1117.2060546875,831.2060546875,2.9063148765297204,1112.9840087890625,826.9840087890625,2.8915524782834354,1116.77294921875,830.77294921875,2.9048005217438813,1112.5185546875,826.5185546875,2.88992501638986
Kitchenham,7,138,1432.0,1741.3370361328125,309.3370361328125,0.21601748333296963,1447.9769287109375,15.9769287109375,0.01115707312216306,1443.0562744140625,11.0562744140625,0.007720862020993366,1448.042724609375,16.042724609375,0.011203019978613827,1967.1580810546875,535.1580810546875,0.3737137437532734,1508.7669677734375,76.7669677734375,0.053608217718880934,1966.547119140625,534.547119140625,0.37328709437194485
Kitchenham,8,41,3088.0,2153.0556640625,934.9443359375,0.30276694816628885,2700.976806640625,387.023193359375,0.12533134499979762,2701.01220703125,386.98779296875,0.12531988114272993,2701.000244140625,386.999755859375,0.12532375513580796,2698.029541015625,389.970458984375,0.1262857703964945,2694.861572265625,393.138427734375,0.12731166701242713,2700.580810546875,387.419189453125,0.12545958207678917
Kitchenham,8,46,1280.0,1245.408447265625,34.591552734375,0.02702465057373047,1253.68212890625,26.31787109375,0.020560836791992186,1253.6309814453125,26.3690185546875,0.02060079574584961,1253.6353759765625,26.3646240234375,0.020597362518310548,1243.867431640625,36.132568359375,0.028228569030761718,1259.225341796875,20.774658203125,0.016230201721191405,1253.54541015625,26.45458984375,0.020667648315429686
Kitchenham,8,48,339.0,437.73992919921875,98.73992919921875,0.291268227726309,375.08587646484375,36.08587646484375,0.10644801317063053,375.07086181640625,36.07086181640625,0.10640372217228983,375.0751953125,36.0751953125,0.10641650534660767,357.9208984375,18.9208984375,0.05581385969764012,376.87493896484375,37.87493896484375,0.11172548367210546,375.21099853515625,36.21099853515625,0.10681710482346976
Kitchenham,8,58,1584.0,2485.936767578125,901.936767578125,0.56940452498619,1817.602294921875,233.602294921875,0.1474761962890625,1817.6114501953125,233.6114501953125,0.14748197613340436,1817.609130859375,233.609130859375,0.1474805119061711,1711.820068359375,127.820068359375,0.08069448760061552,1816.254638671875,232.254638671875,0.14662540320194128,1817.52880859375,233.52880859375,0.1474298034051452
Kitchenham,8,61,1428.0,607.8287353515625,820.1712646484375,0.5743496251039478,2403.16943359375,975.16943359375,0.6828917602197129,2402.90380859375,974.90380859375,0.682705748314951,2402.932373046875,974.932373046875,0.6827257514333859,2078.5810546875,650.5810546875,0.45558897387079833,2606.83740234375,1178.83740234375,0.8255163881959033,2402.7529296875,974.7529296875,0.682600090817577
Kitchenham,8,79,1877.0,2477.517822265625,600.517822265625,0.319934907973162,2269.089599609375,392.089599609375,0.20889163538059402,2269.212646484375,392.212646484375,0.20895719045518113,2269.183349609375,392.183349609375,0.20894158210408897,2273.071533203125,396.071533203125,0.21101307043320458,2256.88037109375,379.88037109375,0.20238698513252532,2268.4072265625,391.4072265625,0.20852809086973895
Kitchenham,8,88,2203.0,2047.731689453125,155.268310546875,0.07048039516426464,2569.835205078125,366.835205078125,0.16651620747985701,2569.76220703125,366.76220703125,0.1664830717345665,2569.759765625,366.759765625,0.16648196351566047,2232.71435546875,29.71435546875,0.01348813230537903,2574.84814453125,371.84814453125,0.16879171335962323,2569.1435546875,366.1435546875,0.16620224906377667
Kitchenham,8,90,2393.0,1604.48876953125,788.51123046875,0.3295074093057877,5062.880859375,2669.880859375,1.1157044961867948,5062.62109375,2669.62109375,1.1155959438988716,5062.654296875,2669.654296875,1.115609819003343,4774.435546875,2381.435546875,0.9951673827308818,5605.5205078125,3212.5205078125,1.3424657366537818,5062.7587890625,2669.7587890625,1.115653484773297
Kitchenham,8,91,15673.0,6849.4970703125,8823.5029296875,0.5629747291321062,11873.2060546875,3799.7939453125,0.24244203058205194,11873.0537109375,3799.9462890625,0.24245175072178268,11873.0859375,3799.9140625,0.2424496945383781,11862.3115234375,3810.6884765625,0.2431371451899764,11886.16015625,3786.83984375,0.24161550716199834,11873.90625,3799.09375,0.24239735532444331
Kitchenham,8,105,1455.0,2100.76708984375,645.76708984375,0.44382617858676976,2244.47216796875,789.47216796875,0.5425925553049828,2244.73681640625,789.73681640625,0.542774444265464,2244.69873046875,789.69873046875,0.5427482683634021,2242.608642578125,787.608642578125,0.5413117818406358,2220.135009765625,765.135009765625,0.5258659860932131,2244.34716796875,789.34716796875,0.5425066446520619
Kitchenham,8,122,8656.0,5963.7783203125,2692.2216796875,0.3110237615165781,10122.2822265625,1466.2822265625,0.16939489678402264,10120.869140625,1464.869140625,0.1692316474844039,10121.068359375,1465.068359375,0.16925466258953328,9887.482421875,1231.482421875,0.14226922618703788,10230.7392578125,1574.7392578125,0.18192459078240528,10122.7783203125,1466.7783203125,0.16945220890856053
Kitchenham,8,127,5249.0,5828.07421875,579.07421875,0.1103208646885121,4924.4443359375,324.5556640625,0.061831903993617834,4924.6787109375,324.3212890625,0.06178725263145361,4924.64501953125,324.35498046875,0.06179367126476472,4996.23095703125,252.76904296875,0.04815565688107259,4722.4404296875,526.5595703125,0.10031616885359115,4924.359375,324.640625,0.06184809011240236
Kitchenham,8,141,302.0,2107.599609375,1805.599609375,5.9788066535596025,434.88067626953125,132.88067626953125,0.44000223930308363,434.8765563964844,132.87655639648438,0.43998859733935225,434.87701416015625,132.87701416015625,0.43999011311310016,526.3711547851562,224.37115478515625,0.7429508436594577,415.3193664550781,113.31936645507812,0.3752296902486031,417.2351379394531,115.23513793945312,0.38157330443527526
Kitchenham,8,142,2634.0,3464.995361328125,830.995361328125,0.31548798835540054,1882.4754638671875,751.5245361328125,0.28531683224480353,1882.714599609375,751.285400390625,0.28522604418778474,1882.639404296875,751.360595703125,0.2852545921424165,1857.2034912109375,776.7965087890625,0.29491135489334186,1851.4234619140625,782.5765380859375,0.29710574718524585,1880.0888671875,753.9111328125,0.2862229053957859
Kitchenham,9,1,990.0,919.7723999023438,70.22760009765625,0.07093696979561237,1069.962646484375,79.962646484375,0.08077034998421717,1106.043212890625,116.043212890625,0.11721536655618686,1136.437255859375,146.437255859375,0.14791642005997474,1070.4239501953125,80.4239501953125,0.08123631332859849,1106.043701171875,116.043701171875,0.1172158597695707,1069.9859619140625,79.9859619140625,0.08079390092329546
Kitchenham,9,21,1388.0,1910.132568359375,522.132568359375,0.3761762019880223,1370.810791015625,17.189208984375,0.012384156328800432,1355.4627685546875,32.5372314453125,0.02344180939864013,1206.3203125,181.6796875,0.13089314661383286,1370.642822265625,17.357177734375,0.012505171278368156,1355.462890625,32.537109375,0.023441721451729108,1371.7381591796875,16.2618408203125,0.011716023645758286
Kitchenham,9,29,5927.0,4119.32958984375,1807.67041015625,0.3049891024390501,5205.17578125,721.82421875,0.12178576324447445,4967.7890625,959.2109375,0.16183751265395646,5215.1396484375,711.8603515625,0.12010466535557618,5204.9404296875,722.0595703125,0.12182547162350262,4967.7890625,959.2109375,0.16183751265395646,5205.44140625,721.55859375,0.12174094714864181
Kitchenham,9,32,3504.0,2622.51220703125,881.48779296875,0.2515661509614013,3498.237548828125,5.762451171875,0.0016445351517908105,3492.13623046875,11.86376953125,0.003385778975813356,3538.31640625,34.31640625,0.009793494934360731,3496.784912109375,7.215087890625,0.002059100425406678,3492.1357421875,11.8642578125,0.00338591832548516,3500.902099609375,3.097900390625,0.0008841039927582762
Kitchenham,9,37,2591.0,2133.5986328125,457.4013671875,0.17653468436414513,1114.4173583984375,1476.5826416015625,0.5698890936324055,1111.6190185546875,1479.3809814453125,0.5709691167291827,1047.5771484375,1543.4228515625,0.59568616424643,1114.0419921875,1476.9580078125,0.5700339667358163,1111.619384765625,1479.380615234375,0.5709689753895697,1115.757080078125,1475.242919921875,0.5693720262145407
Kitchenham,9,52,669.0,452.30072021484375,216.69927978515625,0.32391521642026344,639.2813110351562,29.71868896484375,0.0444225545064929,761.4029541015625,92.4029541015625,0.13812100762565396,640.5599365234375,28.4400634765625,0.04251130564508595,639.3674926757812,29.63250732421875,0.04429373292110426,761.4030151367188,92.40301513671875,0.13812109885907137,638.84423828125,30.15576171875,0.04507587700859492
Kitchenham,9,57,718.0,1198.903564453125,480.903564453125,0.6697821231937674,691.3290405273438,26.67095947265625,0.03714618310954909,733.4183349609375,15.4183349609375,0.021474004123868386,687.9336547851562,30.06634521484375,0.04187513261120299,690.1128540039062,27.88714599609375,0.038840036206258706,733.4183349609375,15.4183349609375,0.021474004123868386,695.831298828125,22.168701171875,0.030875628373084957
Kitchenham,9,59,5816.0,2832.02587890625,2983.97412109375,0.5130629506694894,5518.0146484375,297.9853515625,0.05123544559190165,5564.30126953125,251.69873046875,0.043276948154874484,6093.849609375,277.849609375,0.04777331660505502,5521.08203125,294.91796875,0.05070804139442916,5564.302734375,251.697265625,0.04327669629040578,5509.51708984375,306.48291015625,0.052696511374871045
Kitchenham,9,63,655.0,673.611083984375,18.611083984375,0.028413868678435115,766.2040405273438,111.20404052734375,0.16977716111044847,911.1635131835938,256.16351318359375,0.39108933310472327,768.9210205078125,113.9210205078125,0.17392522214933206,767.1781616210938,112.17816162109375,0.17126436888716604,911.1634521484375,256.1634521484375,0.39108923992127864,762.324951171875,107.324951171875,0.16385488728530534
Kitchenham,9,75,1159.0,955.2474365234375,203.7525634765625,0.1758003136122196,1232.22998046875,73.22998046875,0.06318376226811907,1133.8939208984375,25.1060791015625,0.021661845644143658,1145.0184326171875,13.9815673828125,0.012063474877318809,1231.7392578125,72.7392578125,0.0627603604939603,1133.8935546875,25.1064453125,0.02166216161561691,1233.490966796875,74.490966796875,0.0642717573743529
Kitchenham,9,107,1940.0,1449.8326416015625,490.1673583984375,0.2526635868033183,1792.4134521484375,147.5865478515625,0.0760755401296714,1890.6448974609375,49.3551025390625,0.02544077450467139,1466.521240234375,473.478759765625,0.2440612163740335,1793.4619140625,146.5380859375,0.07553509584407217,1890.644775390625,49.355224609375,0.025440837427512887,1720.33154296875,219.66845703125,0.1132311634181701
Kitchenham,9,129,1832.0,2550.76611328125,718.76611328125,0.3923395814853985,2535.35693359375,703.35693359375,0.3839284572018286,2645.2421875,813.2421875,0.4439094909934498,2594.050537109375,762.050537109375,0.4159664503872134,2538.864013671875,706.864013671875,0.38584280222263917,2645.2421875,813.2421875,0.4439094909934498,2518.18017578125,686.18017578125,0.37455249769718885
Kitchenham,9,135,1631.0,3154.750244140625,1523.750244140625,0.9342429455184703,2189.546142578125,558.546142578125,0.3424562492814991,1656.69873046875,25.69873046875,0.015756425793225014,2082.8759765625,451.8759765625,0.2770545533798283,2188.774169921875,557.774169921875,0.3419829368006591,1656.698974609375,25.698974609375,0.015756575480916614,2191.99658203125,560.99658203125,0.34395866464209074
Kitchenham,9,139,321.0,478.14483642578125,157.14483642578125,0.4895477770273559,414.8004150390625,93.8004150390625,0.29221313096281154,420.07171630859375,99.07171630859375,0.30863463024484034,427.2997741699219,106.29977416992188,0.3311519444545853,414.86859130859375,93.86859130859375,0.29242551809530765,420.0713806152344,99.07138061523438,0.30863358447113515,413.5242004394531,92.52420043945312,0.28823738454658293
Kitchenham,10,14,1016.0,1883.56689453125,867.56689453125,0.8539044237512303,1240.704345703125,224.704345703125,0.22116569458968996,1765.23974609375,749.23974609375,0.7374406949741634,1279.0242919921875,263.0242919921875,0.2588821771576649,1247.025146484375,231.025146484375,0.2273869552011565,1765.23828125,749.23828125,0.7374392531988189,1241.5333251953125,225.5333251953125,0.2219816192867249
Kitchenham,10,20,2356.0,3191.319580078125,835.319580078125,0.3545499066545522,2548.227783203125,192.227783203125,0.08159073989945882,2409.36474609375,53.36474609375,0.02265057134709253,3049.9150390625,693.9150390625,0.29453100129987264,2506.81396484375,150.81396484375,0.06401271852451189,2409.3662109375,53.3662109375,0.022651193097410868,2781.924072265625,425.924072265625,0.18078271318574915
Kitchenham,10,71,2223.0,2895.03125,672.03125,0.3023082546108862,1782.927490234375,440.072509765625,0.1979633422247526,1648.4610595703125,574.5389404296875,0.2584520649706197,2287.552978515625,64.552978515625,0.029038676795152946,1778.2064208984375,444.7935791015625,0.20008708011766194,1648.46044921875,574.53955078125,0.25845233953272606,1782.317138671875,440.682861328125,0.19823790433114036
Kitchenham,10,74,5359.0,3441.21533203125,1917.78466796875,0.35786241238454003,3598.12646484375,1760.87353515625,0.32858248463449335,3602.91650390625,1756.08349609375,0.3276886538708248,3695.287841796875,1663.712158203125,0.31045197951168596,3600.2373046875,1758.7626953125,0.3281885977444486,3602.916015625,1756.083984375,0.32768874498507183,3597.9990234375,1761.0009765625,0.3286062654529763
Kitchenham,10,87,763.0,852.5134887695312,89.51348876953125,0.1173178096586255,914.10107421875,151.10107421875,0.1980354839039974,738.65625,24.34375,0.031905307994757534,913.0333251953125,150.0333251953125,0.1966360749610911,773.21533203125,10.21533203125,0.01338837749836173,738.65625,24.34375,0.031905307994757534,914.8558959960938,151.85589599609375,0.19902476539461827
Kitchenham,10,92,2972.0,3666.043212890625,694.043212890625,0.23352732600626683,6730.94189453125,3758.94189453125,1.2647852942568136,6703.59326171875,3731.59326171875,1.2555831970789872,4417.11083984375,1445.11083984375,0.48624187074150405,6719.61767578125,3747.61767578125,1.2609749918510262,6703.5947265625,3731.5947265625,1.2555836899604644,6730.53125,3758.53125,1.2646471231493943
Kitchenham,10,99,324.0,1126.5830078125,802.5830078125,2.4771080488040123,617.5236206054688,293.52362060546875,0.9059371006341628,619.259033203125,295.259033203125,0.9112933123553241,659.995361328125,335.995361328125,1.037022720148534,618.2299194335938,294.22991943359375,0.9081170352888696,619.2589111328125,295.2589111328125,0.9112929355951003,617.5568237304688,293.55682373046875,0.906039579415027
Kitchenham,10,102,1722.0,2383.019775390625,661.019775390625,0.3838674653836382,1708.9569091796875,13.0430908203125,0.0075743849130734614,1521.0782470703125,200.9217529296875,0.11667929903001598,1145.8345947265625,576.1654052734375,0.33459082768492304,1713.517578125,8.482421875,0.004925912819396051,1521.077392578125,200.922607421875,0.1166797952507985,1709.2847900390625,12.7152099609375,0.007383977909952091
Kitchenham,10,103,1660.0,1204.7783203125,455.2216796875,0.27422992752259034,1668.3836669921875,8.3836669921875,0.00505040180252259,1464.3419189453125,195.6580810546875,0.11786631388836596,1820.356689453125,160.356689453125,0.09660041533320783,1669.2889404296875,9.2889404296875,0.005595747246799699,1464.3411865234375,195.6588134765625,0.11786675510636295,1668.52490234375,8.52490234375,0.005135483339608434
Kitchenham,10,106,988.0,906.8683471679688,81.13165283203125,0.08211705752229884,805.962646484375,182.037353515625,0.18424833351783906,907.0817260742188,80.91827392578125,0.08190108696941423,1197.28955078125,209.28955078125,0.21183152913081985,802.4462890625,185.5537109375,0.18780739973431174,907.0817260742188,80.91827392578125,0.08190108696941423,805.4174194335938,182.58258056640625,0.1848001827595205
Kitchenham,10,116,322.0,422.887451171875,100.887451171875,0.3133150657511646,320.25909423828125,1.74090576171875,0.005406539632666925,321.6851806640625,0.3148193359375,0.0009776998010481367,355.1530456542969,33.153045654296875,0.10295976911272321,320.5450439453125,1.4549560546875,0.004518497064246894,321.68524169921875,0.31475830078125,0.0009775102508734472,320.322509765625,1.677490234375,0.005209597001164596
Kitchenham,10,121,896.0,725.0064697265625,170.9935302734375,0.1908409936087472,952.6638793945312,56.66387939453125,0.06324093682425362,1034.818115234375,138.818115234375,0.1549309321812221,1024.1405029296875,128.1405029296875,0.14301395416259766,996.0687866210938,100.06878662109375,0.11168391363961357,1034.818115234375,138.818115234375,0.1549309321812221,988.0197143554688,92.01971435546875,0.1027005740574428
Kitchenham,10,130,928.0,503.9635009765625,424.0364990234375,0.4569358825683594,1241.9739990234375,313.9739990234375,0.33833405067180766,1678.0211181640625,750.0211181640625,0.8082124118147225,1225.0521240234375,297.0521240234375,0.32009927157698004,1238.3974609375,310.3974609375,0.3344800225619612,1678.019775390625,750.019775390625,0.8082109648605873,1241.3701171875,313.3701171875,0.33768331593480605
Kitchenham,10,144,887.0,1948.4862060546875,1061.4862060546875,1.1967150011890502,1282.0985107421875,395.0985107421875,0.4454323683677424,931.3558349609375,44.3558349609375,0.050006578309963357,1480.7955322265625,593.7955322265625,0.6694425391505778,1277.7608642578125,390.7608642578125,0.44054212430418543,931.3565673828125,44.3565673828125,0.050007404039247465,1281.388427734375,394.388427734375,0.44463182382680383
Maxwell,1,0,7871.0,7978.0166015625,107.0166015625,0.013596315787384069,8354.896484375,483.896484375,0.06147839974272647,7887.56103515625,16.56103515625,0.002104057318796849,10402.935546875,2531.935546875,0.3216790175168339,8155.0556640625,284.0556640625,0.03608889138133655,8196.388671875,325.388671875,0.04134019462266548,7918.9404296875,47.9404296875,0.006090767334201499
Maxwell,1,5,2826.0,3436.8876953125,610.8876953125,0.216166912707891,4396.9482421875,1570.9482421875,0.5558910977308917,4279.58203125,1453.58203125,0.5143602375265393,4602.140625,1776.140625,0.6284998673036093,4289.04736328125,1463.04736328125,0.5177096119183475,3418.76025390625,592.76025390625,0.20975238991728593,3460.172607421875,634.172607421875,0.22440644282444266
Maxwell,1,16,25910.0,9614.5517578125,16295.4482421875,0.628925057591181,18088.228515625,7821.771484375,0.3018823421217677,16954.552734375,8955.447265625,0.3456367142271324,18327.16796875,7582.83203125,0.29266044119066,17091.3046875,8818.6953125,0.3403587538595137,17117.3828125,8792.6171875,0.3393522650521034,16579.908203125,9330.091796875,0.36009617124179855
Maxwell,1,48,1755.0,2742.460693359375,987.460693359375,0.5626556657318376,4424.0576171875,2669.0576171875,1.5208305511039886,2638.69091796875,883.69091796875,0.5035275885861823,4422.7392578125,2667.7392578125,1.5200793491809117,4655.94140625,2900.94140625,1.6529580662393162,3869.276611328125,2114.276611328125,1.2047160178507834,4701.37451171875,2946.37451171875,1.6788458756232194
Maxwell,1,50,4456.0,4666.05908203125,210.05908203125,0.047140727565361314,5992.740234375,1536.740234375,0.3448698910177289,4402.1591796875,53.8408203125,0.012082769369950628,5972.2724609375,1516.2724609375,0.3402765845910009,4460.798828125,4.798828125,0.0010769362937612208,4416.7802734375,39.2197265625,0.008801554435031419,6156.7216796875,1700.7216796875,0.38167003583651254
Maxwell,1,56,13700.0,7461.95458984375,6238.04541015625,0.4553317817632299,6401.8212890625,7298.1787109375,0.5327137745209855,6809.279296875,6890.720703125,0.5029723140967153,6971.294921875,6728.705078125,0.4911463560675183,9042.265625,4657.734375,0.3399806113138686,6625.740234375,7074.259765625,0.5163693259580292,9105.4951171875,4594.5048828125,0.3353653199133212
Maxwell,1,57,7105.0,6154.1796875,950.8203125,0.1338241115411682,6303.5966796875,801.4033203125,0.11279427449859254,3544.630126953125,3560.369873046875,0.5011076527863301,6994.43994140625,110.56005859375,0.01556088087174525,6898.7822265625,206.2177734375,0.029024317162209712,3534.4384765625,3570.5615234375,0.5025420863388459,5590.76513671875,1514.23486328125,0.213122429736981
Maxwell,2,9,4300.0,1973.0394287109375,2326.9605712890625,0.5411536212300145,1487.6702880859375,2812.3297119140625,0.6540301655614099,1662.09423828125,2637.90576171875,0.6134664562136628,1546.4462890625,2753.5537109375,0.640361328125,2234.5380859375,2065.4619140625,0.4803399800145349,1688.26025390625,2611.73974609375,0.6073813363008721,2199.68359375,2100.31640625,0.48844567587209303
Maxwell,2,12,583.0,2271.863525390625,1688.863525390625,2.8968499577883793,1208.073486328125,625.073486328125,1.0721672149710548,1023.149658203125,440.149658203125,0.754973684739494,1221.6624755859375,638.6624755859375,1.095475944401265,3069.90966796875,2486.90966796875,4.265711265812607,1672.6527099609375,1089.6527099609375,1.8690440994184176,7349.5654296875,6766.5654296875,11.606458713014579
Maxwell,2,13,2565.0,5491.2080078125,2926.2080078125,1.1408218354044835,7505.0380859375,4940.0380859375,1.9259407742446393,7315.9140625,4750.9140625,1.8522082115009746,6749.44677734375,4184.44677734375,1.6313632660209552,5975.17529296875,3410.17529296875,1.3295030381944444,7113.921875,4548.921875,1.773458820662768,8326.61328125,5761.61328125,2.2462429946393763
Maxwell,2,25,63694.0,18574.5078125,45119.4921875,0.7083790025355606,26313.814453125,37380.185546875,0.5868713779457249,31974.875,31719.125,0.4979923540678871,34266.73828125,29427.26171875,0.4620099494261626,23812.587890625,39881.412109375,0.6261407999085471,31888.57421875,31805.42578125,0.4993472820242095,34151.546875,29542.453125,0.4638184621000408
Maxwell,2,30,2957.0,9123.1298828125,6166.1298828125,2.0852654321313833,4807.3583984375,1850.3583984375,0.6257552919978018,10513.232421875,7556.232421875,2.555371126775448,4768.15478515625,1811.15478515625,0.612497390989601,9567.4208984375,6610.4208984375,2.2355160292314844,10301.91796875,7344.91796875,2.4839086806729793,9466.205078125,6509.205078125,2.2012868035593507
Maxwell,2,47,11023.0,8616.85546875,2406.14453125,0.21828399993196046,8627.4560546875,2395.5439453125,0.2173223210843237,7279.99853515625,3743.00146484375,0.33956286535822827,8534.1611328125,2488.8388671875,0.22578598087521545,13517.7021484375,2494.7021484375,0.22631789426086366,7201.849609375,3821.150390625,0.3466524893971695,7622.7001953125,3400.2998046875,0.30847317469722396
Maxwell,2,59,4620.0,6120.7236328125,1500.7236328125,0.32483195515422075,3986.044921875,633.955078125,0.13721971387987014,1683.712890625,2936.287109375,0.6355599803841991,8364.4130859375,3744.4130859375,0.8104790229301948,12719.6611328125,8099.6611328125,1.753173405370671,2307.867431640625,2312.132568359375,0.5004615948829816,7865.10595703125,3245.10595703125,0.7024038868033009
Maxwell,3,3,21272.0,5615.81982421875,15656.18017578125,0.7359994441416533,6484.4697265625,14787.5302734375,0.6951640782924736,7651.6337890625,13620.3662109375,0.6402955157454635,7184.0966796875,14087.9033203125,0.6622745073482748,8350.63671875,12921.36328125,0.6074352802392817,8321.638671875,12950.361328125,0.6087984828941801,7695.8828125,13576.1171875,0.6382153623307635
Maxwell,3,8,11900.0,6646.55517578125,5253.44482421875,0.441465951615021,7326.1845703125,4573.8154296875,0.38435423778886557,6233.89794921875,5666.10205078125,0.476143029477416,5688.31396484375,6211.68603515625,0.521990423122374,6835.7353515625,5064.2646484375,0.42556845785189074,8293.2119140625,3606.7880859375,0.30309143579306724,10245.6494140625,1654.3505859375,0.13902105764180672
Maxwell,3,17,37286.0,33585.296875,3700.703125,0.09925181368342005,33884.41796875,3401.58203125,0.09122947034409698,19183.181640625,18102.818359375,0.48551248080713943,32883.15234375,4402.84765625,0.11808313190607735,19194.53125,18091.46875,0.48520808748591965,19115.056640625,18170.943359375,0.4873395740861181,32415.953125,4870.046875,0.1306132831357614
Maxwell,3,33,3240.0,4695.4404296875,1455.4404296875,0.4492100091628086,6593.65234375,3353.65234375,1.035077883873457,6311.20361328125,3071.20361328125,0.9479023497781636,4138.98583984375,898.98583984375,0.27746476538387344,7683.49267578125,4443.49267578125,1.3714483567226081,7701.3125,4461.3125,1.3769483024691358,5970.4296875,2730.4296875,0.842725212191358
Maxwell,3,34,10000.0,7543.2353515625,2456.7646484375,0.24567646484375,7654.6494140625,2345.3505859375,0.23453505859375,8214.9072265625,1785.0927734375,0.17850927734375,8188.373046875,1811.626953125,0.1811626953125,12717.91796875,2717.91796875,0.271791796875,13040.33984375,3040.33984375,0.304033984375,7192.73388671875,2807.26611328125,0.280726611328125
Maxwell,3,54,3440.0,2833.9267578125,606.0732421875,0.17618408203125,3426.033447265625,13.966552734375,0.004060044399527616,2337.993896484375,1102.006103515625,0.3203506114871003,3304.75634765625,135.24365234375,0.039315015216206395,2754.802001953125,685.197998046875,0.1991854645485102,2375.4462890625,1064.5537109375,0.30946328806322676,2723.0029296875,716.9970703125,0.2084293809047965
Maxwell,4,4,4224.0,7199.2138671875,2975.2138671875,0.7043593435576467,5151.70947265625,927.70947265625,0.2196281895493016,4765.52734375,541.52734375,0.1282024961529356,7450.03125,3226.03125,0.7637384588068182,7124.57568359375,2900.57568359375,0.6866893190326113,5946.9736328125,1722.9736328125,0.40790095473780774,5656.62353515625,1432.62353515625,0.3391627687396425
Maxwell,4,6,7320.0,5162.6552734375,2157.3447265625,0.2947192249402322,4788.05517578125,2531.94482421875,0.3458941016692281,10038.89453125,2718.89453125,0.3714336791325137,9286.80859375,1966.80859375,0.2686896985997268,7288.529296875,31.470703125,0.004299276383196721,9922.447265625,2602.447265625,0.35552558273565577,7339.44921875,19.44921875,0.0026569970969945356
Maxwell,4,19,11039.0,4957.67431640625,6081.32568359375,0.5508946175916071,7216.20361328125,3822.79638671875,0.34629915632926445,10127.06640625,911.93359375,0.08261016339795271,9459.12890625,1579.87109375,0.14311722925536732,7977.908203125,3061.091796875,0.27729792525364616,10069.7333984375,969.2666015625,0.08780384106916388,10613.85546875,425.14453125,0.03851295690279917
Maxwell,4,31,963.0,3832.330810546875,2869.330810546875,2.9795750888337227,3133.48291015625,2170.48291015625,2.2538763345340085,2309.85595703125,1346.85595703125,1.3986043167510385,3878.70947265625,2915.70947265625,3.0277356933086708,1943.571044921875,980.571044921875,1.0182461525668485,1722.501708984375,759.501708984375,0.7886829792153427,3163.18701171875,2200.18701171875,2.2847217151804258
Maxwell,4,45,8710.0,4792.77978515625,3917.22021484375,0.4497382565836682,3981.96142578125,4728.03857421875,0.5428287685670207,4129.6455078125,4580.3544921875,0.5258730760261194,6202.47021484375,2507.52978515625,0.287890905299225,9802.0185546875,1092.0185546875,0.12537526460246842,9154.8330078125,444.8330078125,0.051071527877439724,4101.1591796875,4608.8408203125,0.5291436073837543
Maxwell,4,52,4557.0,2173.40966796875,2383.59033203125,0.5230612973516019,2482.411376953125,2074.588623046875,0.45525315405900263,4641.4482421875,84.4482421875,0.018531543161619486,3574.2509765625,982.7490234375,0.2156570163347597,4436.3505859375,120.6494140625,0.026475623011301293,4386.9794921875,170.0205078125,0.037309744966535004,4369.2783203125,187.7216796875,0.04119413642473118
Maxwell,5,15,1520.0,5442.78857421875,3922.78857421875,2.580781956722862,5525.0546875,4005.0546875,2.634904399671053,3258.7578125,1738.7578125,1.1439196134868421,5714.6005859375,4194.6005859375,2.759605648643092,3272.2548828125,1752.2548828125,1.1527992650082237,5874.6796875,4354.6796875,2.864920847039474,3309.384765625,1789.384765625,1.1772268194901316
Maxwell,5,36,3850.0,8524.08984375,4674.08984375,1.214049310064935,6847.81494140625,2997.81494140625,0.7786532315340909,6838.111328125,2988.111328125,0.7761328125,6978.62353515625,3128.62353515625,0.812629489650974,6851.15771484375,3001.15771484375,0.779521484375,6773.7021484375,2923.7021484375,0.7594031554383117,6904.4150390625,3054.4150390625,0.7933545556006494
Maxwell,5,40,1100.0,4357.5576171875,3257.5576171875,2.961416015625,1835.8438720703125,735.8438720703125,0.668948974609375,1516.167724609375,416.167724609375,0.37833429509943184,3859.24853515625,2759.24853515625,2.5084077592329543,1513.2882080078125,413.2882080078125,0.375716552734375,1319.50341796875,219.50341796875,0.19954856178977273,1494.5350341796875,394.5350341796875,0.358668212890625
Maxwell,5,41,5578.0,3667.98876953125,1910.01123046875,0.3424186501378182,3220.6865234375,2357.3134765625,0.42260908507753675,3286.688232421875,2291.311767578125,0.4107765807777205,3367.73779296875,2210.26220703125,0.39624636196329327,3293.95947265625,2284.04052734375,0.4094730239052976,3882.908203125,1695.091796875,0.3038888126344568,4827.181640625,750.818359375,0.13460350652115455
Maxwell,5,53,8752.0,3937.909912109375,4814.090087890625,0.5500559972452725,6107.46875,2644.53125,0.3021630770109689,5863.30078125,2888.69921875,0.3300616109175046,5789.54833984375,2962.45166015625,0.3384885352098092,5847.0302734375,2904.9697265625,0.33192067259626373,4154.6865234375,4597.3134765625,0.5252871888211266,5244.216796875,3507.783203125,0.4007978979804616
Maxwell,5,58,6816.0,5744.0126953125,1071.9873046875,0.1572751327299736,8412.6845703125,1596.6845703125,0.2342553653627494,8439.0029296875,1623.0029296875,0.2381166270081426,7483.470703125,667.470703125,0.09792703977772887,8423.431640625,1607.431640625,0.23583210689920775,5912.56298828125,903.43701171875,0.13254650993526262,8494.130859375,1678.130859375,0.24620464486135563
Maxwell,6,11,900.0,1650.2684326171875,750.2684326171875,0.833631591796875,907.2783203125,7.2783203125,0.008087022569444444,1681.028564453125,781.028564453125,0.8678095160590278,909.53564453125,9.53564453125,0.010595160590277777,909.1412963867188,9.14129638671875,0.010156995985243056,903.0347900390625,3.0347900390625,0.003371988932291667,1288.37255859375,388.37255859375,0.43152506510416666
Maxwell,6,24,5100.0,4793.1845703125,306.8154296875,0.060159888174019606,5793.80615234375,693.80615234375,0.13604042202818628,5476.47265625,376.47265625,0.07381816789215687,5712.60986328125,612.60986328125,0.12011958103553921,5735.4443359375,635.4443359375,0.12459692861519608,5531.90234375,431.90234375,0.08468673406862745,5859.27099609375,759.27099609375,0.14887666590073528
Maxwell,6,26,1651.0,3149.525390625,1498.525390625,0.9076471172774077,1662.664306640625,11.664306640625,0.007064994936780739,1662.656005859375,11.656005859375,0.0070599672073743186,1661.7169189453125,10.7169189453125,0.00649116834967444,1653.33642578125,2.33642578125,0.0014151579535130224,2407.3984375,756.3984375,0.45814563143549364,1619.6072998046875,31.3927001953125,0.019014355054701695
Maxwell,6,27,1450.0,3439.561767578125,1989.561767578125,1.3721115638469827,1432.6177978515625,17.3822021484375,0.01198772561961207,1130.33251953125,319.66748046875,0.2204603313577586,1175.7828369140625,274.2171630859375,0.18911528488685345,1175.921630859375,274.078369140625,0.18901956492456898,2368.61474609375,918.61474609375,0.6335274110991379,1537.78466796875,87.78466796875,0.06054115032327586
Maxwell,6,32,1233.0,3497.36669921875,2264.36669921875,1.8364693424320762,1009.3589477539062,223.64105224609375,0.18137960441694545,1044.7254638671875,188.2745361328125,0.1526962985667579,1044.788818359375,188.211181640625,0.15264491617244524,1045.0242919921875,187.9757080078125,0.15245393999011558,1002.09814453125,230.90185546875,0.18726833371350365,1012.1293334960938,220.87066650390625,0.17913273844599048
Maxwell,6,44,8117.0,3090.37841796875,5026.62158203125,0.6192708614058458,5403.255859375,2713.744140625,0.3343284637951214,5079.64208984375,3037.35791015625,0.3741971060929223,6895.2001953125,1221.7998046875,0.15052356839811507,6954.42578125,1162.57421875,0.14322708128002956,7674.724609375,442.275390625,0.054487543504373535,5530.154296875,2586.845703125,0.31869480141985956
Maxwell,7,1,845.0,1144.4228515625,299.4228515625,0.3543465698964497,1338.85888671875,493.85888671875,0.5844483866494082,1490.2596435546875,645.2596435546875,0.7636208799463757,1013.256103515625,168.256103515625,0.19911964913091715,1325.051513671875,480.051513671875,0.5681083002034024,1320.140869140625,475.140869140625,0.5622968865569526,1349.65576171875,504.65576171875,0.5972257535133136
Maxwell,7,29,1798.0,2507.75048828125,709.75048828125,0.39474443174708007,1215.231689453125,582.768310546875,0.32412030619959675,2619.544677734375,821.544677734375,0.45692140029720524,2678.49658203125,880.49658203125,0.4897088887826752,1217.47119140625,580.52880859375,0.32287475450152947,1207.421630859375,590.578369140625,0.32846405402704393,1806.71337890625,8.71337890625,0.004846150670884316
Maxwell,7,37,14000.0,19842.142578125,5842.142578125,0.4172958984375,23506.853515625,9506.853515625,0.6790609654017857,23632.32421875,9632.32421875,0.6880231584821429,18148.931640625,4148.931640625,0.2963522600446429,23560.904296875,9560.904296875,0.6829217354910714,23565.51171875,9565.51171875,0.6832508370535715,24089.755859375,10089.755859375,0.7206968470982142
Maxwell,7,43,5279.0,11582.43359375,6303.43359375,1.194058267427543,1044.552978515625,4234.447021484375,0.8021305212131796,1050.6944580078125,4228.3055419921875,0.8009671418814525,3627.984130859375,1651.015869140625,0.31275163272222484,1043.7991943359375,4235.2008056640625,0.8022733104118323,1045.8641357421875,4233.1358642578125,0.801882148940673,1045.8878173828125,4233.1121826171875,0.8018776629318408
Maxwell,7,46,796.0,3708.6103515625,2912.6103515625,3.659058230606156,1827.8348388671875,1031.8348388671875,1.2962749231999844,4618.3837890625,3822.3837890625,4.801989684751884,4984.7802734375,4188.7802734375,5.262286775675252,1798.83251953125,1002.83251953125,1.2598398486573492,1803.176025390625,1007.176025390625,1.2652965143098305,2397.1044921875,1601.1044921875,2.011437804255653
Maxwell,7,55,1981.0,7566.62890625,5585.62890625,2.8196006593891974,1659.829833984375,321.170166015625,0.1621252731022842,1833.81640625,147.18359375,0.07429762430590611,3472.513916015625,1491.513916015625,0.7529095992002145,1659.4879150390625,321.5120849609375,0.1622978722670053,1658.582275390625,322.417724609375,0.16275503513850328,1694.0584716796875,286.9415283203125,0.14484680884417592
Maxwell,8,2,2330.0,3879.32470703125,1549.32470703125,0.6649462261936695,1610.6717529296875,719.3282470703125,0.30872456955807404,1378.100341796875,951.899658203125,0.40854062583825107,3860.95947265625,1530.95947265625,0.6570641513546137,1652.364013671875,677.635986328125,0.2908308954197961,1323.244384765625,1006.755615234375,0.43208395503621244,1354.48681640625,975.51318359375,0.4186751860917382
Maxwell,8,21,9369.0,4538.10595703125,4830.89404296875,0.5156253648168161,5039.33544921875,4329.66455078125,0.46212664647040774,5629.65576171875,3739.34423828125,0.39911882146240263,2794.07275390625,6574.92724609375,0.701774708730254,5099.7421875,4269.2578125,0.45567913464617354,5407.91943359375,3961.08056640625,0.4227858433564148,5004.29248046875,4364.70751953125,0.46586695693577224
Maxwell,8,23,10447.0,10953.4736328125,506.4736328125,0.048480294133483294,7627.75048828125,2819.24951171875,0.2698621146471475,7393.935546875,3053.064453125,0.2922431753733129,10866.12890625,419.12890625,0.040119546879486934,6869.298828125,3577.701171875,0.3424620629726237,7338.1015625,3108.8984375,0.29758767469129893,6270.83349609375,4176.16650390625,0.39974791843651286
Maxwell,8,35,6800.0,9148.123046875,2348.123046875,0.3453122127757353,7291.150390625,491.150390625,0.07222799862132354,10351.775390625,3551.775390625,0.5223199103860294,9004.126953125,2204.126953125,0.32413631663602943,9931.560546875,3131.560546875,0.4605236098345588,10025.404296875,3225.404296875,0.47432416130514704,7361.05078125,561.05078125,0.08250746783088235
Maxwell,8,39,9700.0,13589.3701171875,3889.3701171875,0.40096599146262885,9737.267578125,37.267578125,0.003842018363402062,10317.037109375,617.037109375,0.0636120731314433,3765.95654296875,5934.04345703125,0.611757057425902,10125.623046875,425.623046875,0.04387866462628866,12313.09765625,2613.09765625,0.26939151095360825,9904.71484375,204.71484375,0.02110462306701031
Maxwell,8,49,5931.0,12701.138671875,6770.138671875,1.141483505627213,15651.8818359375,9720.8818359375,1.63899541998609,17449.06640625,11518.06640625,1.9420108592564491,16133.515625,10202.515625,1.7202015891080762,17532.822265625,11601.822265625,1.9561325688121733,17520.837890625,11589.837890625,1.9541119356980272,16788.18359375,10857.18359375,1.830582295354915
Maxwell,9,10,4150.0,4198.73291015625,48.73291015625,0.011742869917168674,7332.09423828125,3182.09423828125,0.7667696959713856,6193.03369140625,2043.03369140625,0.4922972750376506,7410.595703125,3260.595703125,0.7856857115963856,5534.8203125,1384.8203125,0.3336916415662651,5445.7978515625,1295.7978515625,0.31224044615963853,5424.10888671875,1274.10888671875,0.30701418957078314
Maxwell,9,18,15052.0,9302.64453125,5749.35546875,0.3819662150378687,10352.2724609375,4699.7275390625,0.3122327623613141,9365.1640625,5686.8359375,0.3778126453295243,10360.2734375,4691.7265625,0.311701206650279,10878.23828125,4173.76171875,0.27728951094538934,10314.04296875,4737.95703125,0.31477259043648687,10327.650390625,4724.349609375,0.31386856294014087
Maxwell,9,20,18500.0,10030.703125,8469.296875,0.4577998310810811,11223.921875,7276.078125,0.39330152027027027,20091.453125,1591.453125,0.08602449324324324,5045.4140625,13454.5859375,0.7272749155405406,14955.560546875,3544.439453125,0.19159132179054053,10013.984375,8486.015625,0.4587035472972973,10048.328125,8451.671875,0.4568471283783784
Maxwell,9,22,7184.0,4696.70068359375,2487.29931640625,0.34622763313004595,6774.02734375,409.97265625,0.05706746328646993,8460.228515625,1276.228515625,0.17764873547118598,6844.5166015625,339.4833984375,0.04725548419230234,7084.099609375,99.900390625,0.013905956378758352,6899.5458984375,284.4541015625,0.03959550411504733,7009.36181640625,174.63818359375,0.02430932399690284
Maxwell,9,60,7451.0,9873.830078125,2422.830078125,0.32516844425244934,5244.1689453125,2206.8310546875,0.2961791779207489,8252.494140625,801.494140625,0.10756866737686216,4991.90673828125,2459.09326171875,0.33003533240085225,5936.78662109375,1514.21337890625,0.2032228397404711,5609.69775390625,1841.30224609375,0.24712149323496846,5680.8857421875,1770.1142578125,0.2375673410028855
Maxwell,9,61,39479.0,10189.9833984375,29289.0166015625,0.7418885129198435,15315.8603515625,24163.1396484375,0.6120504483000456,40731.1875,1252.1875,0.03171781200131715,15314.171875,24164.828125,0.6120932172800729,34515.671875,4963.328125,0.1257207154436536,28012.5078125,11466.4921875,0.2904453554421338,38556.6796875,922.3203125,0.023362301793358495
Maxwell,10,7,9125.0,9767.1484375,642.1484375,0.07037243150684931,10252.5625,1127.5625,0.12356849315068494,8793.1396484375,331.8603515625,0.036368257705479454,10362.2001953125,1237.2001953125,0.1355835830479452,8133.10205078125,991.89794921875,0.10870114511986301,8133.74609375,991.25390625,0.10863056506849315,6092.7509765625,3032.2490234375,0.33230126284246575
Maxwell,10,14,4047.0,2794.699951171875,1252.300048828125,0.30943910274972203,3609.541748046875,437.458251953125,0.10809445316360884,3662.331298828125,384.668701171875,0.0950503338699963,3660.57470703125,386.42529296875,0.09548438175654805,5403.900390625,1356.900390625,0.33528549311218186,5434.42822265625,1387.42822265625,0.3428288170635656,5387.974609375,1340.974609375,0.33135028647763776
Maxwell,10,28,1745.0,3390.61669921875,1645.61669921875,0.943046819036533,3808.525390625,2063.525390625,1.1825360404727794,3829.825927734375,2084.825927734375,1.1947426519967765,5696.6494140625,3951.6494140625,2.264555538144699,2086.255615234375,341.255615234375,0.19556195715436964,2096.699951171875,351.699951171875,0.2015472499552292,2123.940673828125,378.940673828125,0.2171579792711318
Maxwell,10,38,5787.0,3805.15478515625,1981.84521484375,0.3424650449012874,5124.8583984375,662.1416015625,0.11441880103032659,5526.6201171875,260.3798828125,0.04499393171116295,4028.285400390625,1758.714599609375,0.30390782782259806,7290.3662109375,1503.3662109375,0.25978334386340074,7346.3486328125,1559.3486328125,0.26945716827587696,7309.75390625,1522.75390625,0.263133559054778
Maxwell,10,42,1060.0,3564.697265625,2504.697265625,2.36292194870283,1397.517333984375,337.517333984375,0.31841257923054245,1390.5338134765625,330.5338134765625,0.31182435233637973,2556.307861328125,1496.307861328125,1.4116111899321935,1009.1962280273438,50.80377197265625,0.04792808676665684,1006.9510498046875,53.0489501953125,0.050046179429540094,1002.4317016601562,57.56829833984375,0.05430971541494693
Maxwell,10,51,3600.0,3064.575927734375,535.424072265625,0.1487289089626736,5779.322265625,2179.322265625,0.6053672960069445,5560.037109375,1960.037109375,0.5444547526041666,6746.57080078125,3146.57080078125,0.8740474446614583,5936.328125,2336.328125,0.6489800347222222,5952.88623046875,2352.88623046875,0.6535795084635416,5961.53125,2361.53125,0.6559809027777778
Miyazaki94,1,24,54.0,47.33749771118164,6.662502288818359,0.1233796720151548,62.35707092285156,8.357070922851562,0.1547605726453993,61.6400146484375,7.6400146484375,0.1414817527488426,56.25698471069336,2.2569847106933594,0.04179601316098814,79.31063842773438,25.310638427734375,0.46871552643952547,78.46167755126953,24.46167755126953,0.45299402872721356,75.93186950683594,21.931869506835938,0.40614573160807294
Miyazaki94,1,26,157.0,136.26376342773438,20.736236572265625,0.13207793995073647,240.85934448242188,83.85934448242188,0.5341359521173368,252.2975311279297,95.29753112792969,0.6069906441269407,184.52667236328125,27.52667236328125,0.1753291233330016,253.16384887695312,96.16384887695312,0.6125085915729498,254.20440673828125,97.20440673828125,0.6191363486514729,242.84442138671875,85.84442138671875,0.5467797540555335
Miyazaki94,1,27,39.0,37.410518646240234,1.5894813537597656,0.040755932147686295,54.949859619140625,15.949859619140625,0.4089707594651442,75.50262451171875,36.50262451171875,0.9359647310697116,31.369781494140625,7.630218505859375,0.19564662835536858,76.2427978515625,37.2427978515625,0.9549435346554487,76.4045181274414,37.404518127441406,0.9590902083959335,48.04086685180664,9.04086685180664,0.23181709876427284
Miyazaki94,1,40,55.7,46.424461364746094,9.275538635253909,0.16652672594710788,37.564422607421875,18.135577392578128,0.32559384905885325,37.49380111694336,18.206198883056643,0.3268617393726507,32.88907241821289,22.810927581787112,0.40953191349707563,49.432960510253906,6.267039489746097,0.1125141739631256,49.2120361328125,6.487963867187503,0.11648050030857275,37.36530303955078,18.33469696044922,0.3291687066507939
Miyazaki94,1,43,6.0,31.39881134033203,25.39881134033203,4.233135223388672,22.665206909179688,16.665206909179688,2.7775344848632812,23.937725067138672,17.937725067138672,2.989620844523112,22.597806930541992,16.597806930541992,2.766301155090332,26.434463500976562,20.434463500976562,3.4057439168294272,26.289566040039062,20.289566040039062,3.3815943400065103,26.24126434326172,20.24126434326172,3.3735440572102866
Miyazaki94,2,4,58.9,40.795074462890625,18.104925537109374,0.307384134755677,50.3331413269043,8.566858673095702,0.145447515672253,56.99077606201172,1.9092239379882798,0.03241466787755993,49.02125549316406,9.878744506835936,0.16772061981045733,43.173980712890625,15.726019287109374,0.26699523407655984,62.02430725097656,3.124307250976564,0.05304426572116407,43.10236358642578,15.797636413574217,0.268211144542856
Miyazaki94,2,12,103.5,41.32501220703125,62.17498779296875,0.6007245197388285,51.84967803955078,51.65032196044922,0.49903692715409875,50.07362365722656,53.42637634277344,0.5161968728770381,49.488983154296875,54.011016845703125,0.521845573388436,61.995216369628906,41.504783630371094,0.4010124022258077,49.0386848449707,54.4613151550293,0.5261962816911043,61.35346221923828,42.14653778076172,0.40721292541798765
Miyazaki94,2,19,32.7,47.910926818847656,15.210926818847653,0.46516595776292513,71.23172760009766,38.53172760009765,1.178340293580968,58.53252029418945,25.83252029418945,0.7899853300975367,70.77969360351562,38.07969360351562,1.1645166239607223,75.77958679199219,43.079586791992185,1.317418556330036,76.95561981201172,44.255619812011716,1.3533828688688596,76.10847473144531,43.40847473144531,1.327476291481508
Miyazaki94,2,25,37.1,63.82242202758789,26.72242202758789,0.7202809171856573,61.816463470458984,24.716463470458983,0.6662119533816437,64.06837463378906,26.96837463378906,0.7269103674875758,59.709495544433594,22.609495544433592,0.6094203650790726,54.45030975341797,17.350309753417967,0.4676633356716433,60.90094757080078,23.80094757080078,0.6415349749541989,72.05062103271484,34.95062103271484,0.9420652569464917
Miyazaki94,2,37,22.0,24.758289337158203,2.758289337158203,0.1253767880526456,17.571380615234375,4.428619384765625,0.20130088112571023,52.16081237792969,30.160812377929688,1.370946017178622,26.511322021484375,4.511322021484375,0.2050600918856534,21.269351959228516,0.7306480407714844,0.03321127458052202,17.609333038330078,4.390666961669922,0.19957577098499646,21.349376678466797,0.6506233215332031,0.029573787342418324
Miyazaki94,3,3,58.9,39.923683166503906,18.976316833496092,0.3221785540491697,38.782798767089844,20.117201232910155,0.3415484080290349,47.97130584716797,10.92869415283203,0.18554659003110408,46.36937713623047,12.53062286376953,0.21274402145618895,46.53036880493164,12.369631195068358,0.21001071638486177,47.67753601074219,11.222463989257811,0.190534193366007,39.13270950317383,19.76729049682617,0.335607648502991
Miyazaki94,3,6,8.2,13.8579683303833,5.6579683303833015,0.6899961378516222,7.851401329040527,0.34859867095947195,0.04251203304383805,9.43284797668457,1.232847976684571,0.15034731422982575,10.100981712341309,1.9009817123413093,0.2318270380904036,9.454506874084473,1.2545068740844734,0.15298864318103336,9.372488021850586,1.1724880218505866,0.14298634412812034,9.42058277130127,1.2205827713012702,0.14885155747576467
Miyazaki94,3,8,36.0,54.20390319824219,18.203903198242188,0.5056639777289497,43.86419677734375,7.86419677734375,0.21844991048177084,49.167320251464844,13.167320251464844,0.36575889587402344,50.55440139770508,14.554401397705078,0.40428892771402997,52.20949172973633,16.209491729736328,0.45026365915934247,49.87565612792969,13.875656127929688,0.3854348924424913,49.97716522216797,13.977165222167969,0.3882545895046658
Miyazaki94,3,33,36.9,11.625011444091797,25.2749885559082,0.6849590394555068,13.063426971435547,23.83657302856445,0.6459775888499851,16.73764419555664,20.162355804443358,0.5464053063534785,12.840002059936523,24.059997940063475,0.6520324645003652,12.48658561706543,24.41341438293457,0.6616101458789856,19.319398880004883,17.580601119995116,0.4764390547424151,13.476767539978027,23.42323246002197,0.6347759474260697
Miyazaki94,3,39,34.3,35.94242858886719,1.6424285888671903,0.047884215418868524,33.18910217285156,1.1108978271484347,0.03238769175359868,32.07796859741211,2.222031402587888,0.06478225663521539,39.952701568603516,5.6527015686035185,0.16480179500301803,32.083831787109375,2.216168212890622,0.06461131816007645,32.13328170776367,2.1667182922363253,0.06316962951126313,39.60438537597656,5.304385375976565,0.15464680396433136
Miyazaki94,4,9,89.5,76.23115539550781,13.268844604492188,0.14825524697756634,40.699951171875,48.800048828125,0.5452519422136871,37.71336364746094,51.78663635253906,0.5786216352239001,78.10108947753906,11.398910522460938,0.1273621287425803,40.66691589355469,48.83308410644531,0.5456210514686627,60.948081970214844,28.551918029785156,0.319015843908214,40.55598831176758,48.94401168823242,0.5468604657903063
Miyazaki94,4,13,212.0,221.85618591308594,9.856185913085938,0.04649144298625442,684.8167724609375,472.8167724609375,2.2302677946270637,641.800537109375,429.800537109375,2.0273610241008253,217.68020629882812,5.680206298828125,0.026793425937868515,706.8566284179688,494.85662841796875,2.3342293793300413,220.9562225341797,8.956222534179688,0.04224633270839475,719.1461791992188,507.14617919921875,2.392198958486881
Miyazaki94,4,15,18.0,57.183345794677734,39.183345794677734,2.176852544148763,59.07038497924805,41.07038497924805,2.2816880544026694,58.0882453918457,40.0882453918457,2.227124743991428,59.98719787597656,41.98719787597656,2.33262210422092,58.956119537353516,40.956119537353516,2.2753399742974176,62.87667465209961,44.87667465209961,2.493148591783312,58.771148681640625,40.771148681640625,2.2650638156467013
Miyazaki94,4,17,7.1,15.574848175048828,8.474848175048828,1.1936405880350462,8.134807586669922,1.0348075866699222,0.1457475474182989,8.240093231201172,1.1400932312011722,0.16057651143678484,14.696136474609375,7.596136474609375,1.069878376705546,8.135268211364746,1.0352682113647464,0.14581242413587978,8.062301635742188,0.9623016357421879,0.13553544165382927,9.451353073120117,2.3513530731201175,0.33117648917184755
Miyazaki94,4,45,20.1,14.71154499053955,5.388455009460451,0.2680823387791269,16.57183837890625,3.5281616210937514,0.17553042891013687,15.372638702392578,4.727361297607423,0.23519210435857826,24.982877731323242,4.882877731323241,0.24292924036434033,16.526363372802734,3.573636627197267,0.17779286702473965,21.114734649658203,1.0147346496582017,0.05048431092826874,28.59790802001953,8.49790802001953,0.4227814935333099
Miyazaki94,5,0,59.5,64.23110961914062,4.731109619140625,0.0795144473805147,44.8502082824707,14.649791717529297,0.24621498684923188,50.780601501464844,8.719398498535156,0.14654451258042278,46.343406677246094,13.156593322753906,0.22111921550846902,39.94856262207031,19.551437377929688,0.3285955861836922,39.86717987060547,19.63282012939453,0.32996336351923583,46.21779251098633,13.282207489013672,0.22323037796661632
Miyazaki94,5,16,43.8,28.749937057495117,15.05006294250488,0.3436087429795635,34.462738037109375,9.337261962890622,0.21317949686964893,33.84860610961914,9.951393890380857,0.2272007737529876,37.07115936279297,6.728840637207028,0.15362649856637053,42.2855224609375,1.5144775390624972,0.03457711276398395,57.256343841552734,13.456343841552737,0.30722246213590726,49.06511688232422,5.265116882324222,0.12020814799826991
Miyazaki94,5,29,37.0,31.5452823638916,5.454717636108398,0.14742480097590266,39.64187240600586,2.6418724060058594,0.07140195691907728,39.598690032958984,2.5986900329589844,0.07023486575564823,40.55784606933594,3.5578460693359375,0.09615800187394426,34.58122253417969,2.4187774658203125,0.06537236394108953,34.610801696777344,2.3891983032226562,0.06457292711412585,31.911399841308594,5.088600158691406,0.13752973401868665
Miyazaki94,5,32,29.0,12.57327651977539,16.42672348022461,0.5664387406974003,24.18450164794922,4.815498352050781,0.16605166731209592,24.03111457824707,4.96888542175293,0.17134087661216998,17.314828872680664,11.685171127319336,0.4029369354248047,27.87332534790039,1.1266746520996094,0.03885085007240032,27.928316116333008,1.0716838836669922,0.036954616678172146,18.474098205566406,10.525901794433594,0.3629621308425377
Miyazaki94,5,46,31.5,55.080421447753906,23.580421447753906,0.7485848078652034,39.9274787902832,8.427478790283203,0.2675390092153398,45.62713623046875,14.12713623046875,0.44848051525297616,43.55852508544922,12.058525085449219,0.38281032017299105,44.04709243774414,12.54709243774414,0.3983203948490203,40.35089111328125,8.85089111328125,0.2809806702628968,50.56220245361328,19.06220245361328,0.6051492842416915
Miyazaki94,6,5,67.3,40.08538055419922,27.21461944580078,0.4043777035037263,31.24650001525879,36.05349998474121,0.5357132241417714,43.844627380371094,23.455372619628903,0.3485196525947831,40.27317810058594,27.02682189941406,0.4015872496198226,42.83687210083008,24.46312789916992,0.3634937280708755,42.86546325683594,24.43453674316406,0.36306889662948083,37.377410888671875,29.922589111328122,0.4446149942247864
Miyazaki94,6,11,27.5,39.31404495239258,11.814044952392578,0.4296016346324574,59.159088134765625,31.659088134765625,1.1512395685369319,47.234344482421875,19.734344482421875,0.7176125266335227,52.36709213256836,24.86709213256836,0.9042578957297586,52.12578582763672,24.62578582763672,0.8954831210049716,52.2172737121582,24.717273712158203,0.8988099531693892,51.878299713134766,24.378299713134766,0.8864836259321733
Miyazaki94,6,30,340.0,73.2812728881836,266.7187271118164,0.7844668444465188,65.02877807617188,274.9712219238281,0.8087388880112591,47.74639129638672,292.2536087036133,0.8595694373635685,77.00820922851562,262.9917907714844,0.773505266974954,103.39747619628906,236.60252380371094,0.6958897758932675,103.3369369506836,236.6630630493164,0.6960678324979894,121.87347412109375,218.12652587890625,0.6415486055261949
Miyazaki94,6,31,1586.0,179.95883178710938,1406.0411682128906,0.8865328929463371,182.17770385742188,1403.8222961425781,0.8851338563320165,180.7318115234375,1405.2681884765625,0.8860455160634063,183.36102294921875,1402.6389770507812,0.8843877534998621,180.77838134765625,1405.2216186523438,0.8860161529964337,180.75596618652344,1405.2440338134766,0.8860302861371226,181.65011596679688,1404.3498840332031,0.8854665094786905
Miyazaki94,6,34,37.0,36.54798889160156,0.4520111083984375,0.012216516443201014,50.10068893432617,13.100688934326172,0.35407267390070735,39.84574890136719,2.8457489013671875,0.07691213246938344,40.21348571777344,3.2134857177734375,0.08685096534522804,39.83790588378906,2.8379058837890625,0.07670015902132601,39.850914001464844,2.8509140014648438,0.07705172976932011,41.07440948486328,4.074409484863281,0.11011917526657516
Miyazaki94,7,1,85.0,42.38676452636719,42.61323547363281,0.501332182042739,36.01332092285156,48.98667907714844,0.576313871495864,37.56492614746094,47.43507385253906,0.5580596923828125,35.781856536865234,49.218143463134766,0.5790369819192326,37.55897903442383,47.44102096557617,0.5581296584185432,31.863811492919922,53.13618850708008,0.6251316294950597,35.93370056152344,49.06629943847656,0.577250581629136
Miyazaki94,7,2,31.5,65.93228912353516,34.432289123535156,1.0930885436042908,40.60845947265625,9.10845947265625,0.2891574435763889,52.5599365234375,21.0599365234375,0.6685694134424603,39.92292022705078,8.422920227050781,0.26739429292224703,52.628929138183594,21.128929138183594,0.6707596551804316,44.99943542480469,13.499435424804688,0.4285535055493552,40.0629997253418,8.562999725341797,0.27184126112196183
Miyazaki94,7,21,7.5,10.328004837036133,2.828004837036133,0.3770673116048177,8.165148735046387,0.6651487350463867,0.0886864980061849,8.049827575683594,0.5498275756835938,0.07331034342447916,8.174962997436523,0.6749629974365234,0.0899950663248698,8.052042961120605,0.5520429611206055,0.07360572814941406,8.012024879455566,0.5120248794555664,0.06826998392740885,8.167256355285645,0.6672563552856445,0.08896751403808593
Miyazaki94,7,36,52.0,50.141357421875,1.858642578125,0.03574312650240385,59.14061737060547,7.140617370605469,0.13731956481933594,48.40435791015625,3.59564208984375,0.06914696326622596,49.693382263183594,2.3066177368164062,0.04435803340031551,41.22138595581055,10.778614044189453,0.20728103931133562,50.13622283935547,1.8637771606445312,0.035841868473933294,59.13252639770508,7.132526397705078,0.13716396918663612
Miyazaki94,7,44,5.6,12.265204429626465,6.665204429626465,1.1902150767190116,22.303524017333984,16.703524017333983,2.982772145952497,8.051437377929688,2.451437377929688,0.43775667463030143,21.769622802734375,16.169622802734374,2.887432643345424,8.045839309692383,2.445839309692383,0.43675701958792557,7.149717330932617,1.5497173309326175,0.27673523766653885,22.456676483154297,16.856676483154295,3.0101208005632674
Miyazaki94,8,10,39.5,40.28378677368164,0.7837867736816406,0.019842703131180774,50.2039909362793,10.703990936279297,0.27098711231086825,52.17194747924805,12.671947479248047,0.32080879694298853,50.27415084838867,10.774150848388672,0.27276331261743475,58.07905578613281,18.579055786132812,0.47035584268690667,39.21891784667969,0.2810821533203125,0.0071160038815268984,50.983673095703125,11.483673095703125,0.29072590115704117
Miyazaki94,8,22,37.2,37.72154998779297,0.5215499877929659,0.014020160962176502,37.00727844238281,0.19272155761719034,0.00518068703272017,37.98577880859375,0.7857788085937472,0.021123086252520084,38.095436096191406,0.8954360961914034,0.024070862800844174,37.73161315917969,0.5316131591796847,0.014290676322034533,47.27741622924805,10.077416229248044,0.27089828573247426,32.94403076171875,4.255969238281253,0.11440777522261432
Miyazaki94,8,23,59.1,27.900169372558594,31.199830627441408,0.5279159158619527,39.661590576171875,19.438409423828126,0.3289070968498837,42.47089385986328,16.62910614013672,0.28137235431703417,47.61383819580078,11.48616180419922,0.19435129956343858,42.268394470214844,16.831605529785158,0.2847987399286829,57.59153747558594,1.508462524414064,0.025523900582302264,40.63231658935547,18.467683410644533,0.31248195280278396
Miyazaki94,8,35,23.0,10.05778694152832,12.94221305847168,0.5627049155857252,28.63996124267578,5.639961242675781,0.24521570620329483,38.279541015625,15.279541015625,0.6643278702445652,26.959178924560547,3.959178924560547,0.17213821411132812,28.58673095703125,5.58673095703125,0.24290134595788043,34.47899627685547,11.478996276855469,0.49908679464588995,26.807376861572266,3.8073768615722656,0.16553812441618546
Miyazaki94,8,41,39.0,34.97172546386719,4.0282745361328125,0.10328909067007211,43.14848327636719,4.1484832763671875,0.10637136606069711,52.03094482421875,13.03094482421875,0.3341267903645833,39.322662353515625,0.322662353515625,0.00827339367988782,48.04978561401367,9.049785614013672,0.23204578497470954,55.99689865112305,16.996898651123047,0.4358179141313602,44.38431930541992,5.384319305419922,0.1380594693697416
Miyazaki94,9,7,13.9,11.436734199523926,2.4632658004760746,0.1772133669407248,14.518851280212402,0.618851280212402,0.0445216748354246,7.104700088500977,6.795299911499024,0.4888704972301456,18.84999656677246,4.949996566772461,0.35611486091888206,18.353343963623047,4.4533439636230465,0.32038445781460767,20.4285945892334,6.528594589233398,0.46968306397362575,14.587895393371582,0.6878953933715817,0.0494888772209771
Miyazaki94,9,18,20.6,31.300989151000977,10.700989151000975,0.5194654927670376,22.578264236450195,1.978264236450194,0.09603224448787348,27.013532638549805,6.413532638549803,0.31133653585193216,22.09571647644043,1.4957164764404283,0.07260759594371011,21.831375122070312,1.231375122070311,0.059775491362636456,22.47774887084961,1.877748870849608,0.09115285780823339,22.793190002441406,2.193190002441405,0.10646553409909731
Miyazaki94,9,20,9.0,11.771591186523438,2.7715911865234375,0.3079545762803819,7.5910186767578125,1.4089813232421875,0.15655348036024305,7.609996795654297,1.3900032043457031,0.15444480048285592,16.389209747314453,7.389209747314453,0.8210233052571615,16.530994415283203,7.530994415283203,0.8367771572536893,7.290807723999023,1.7091922760009766,0.1899102528889974,16.2160587310791,7.216058731079102,0.8017843034532335
Miyazaki94,9,47,50.1,31.714595794677734,18.385404205322267,0.3669741358347758,34.054046630859375,16.045953369140626,0.3202785103620883,34.14485168457031,15.955148315429689,0.31846603424011355,34.04465103149414,16.05534896850586,0.3204660472755661,36.078433990478516,14.021566009521486,0.279871577036357,37.883995056152344,12.216004943847658,0.24383243400893528,34.03767395019531,16.06232604980469,0.32060531037534307
Miyazaki94,10,14,48.0,35.85420227050781,12.145797729492188,0.2530374526977539,46.361263275146484,1.6387367248535156,0.03414034843444824,43.24570083618164,4.754299163818359,0.09904789924621582,45.86326217651367,2.136737823486328,0.044515371322631836,46.6803092956543,1.3196907043457031,0.02749355634053548,45.655609130859375,2.344390869140625,0.04884147644042969,45.24166488647461,2.7583351135253906,0.057465314865112305
Miyazaki94,10,28,170.0,51.8243293762207,118.1756706237793,0.69515100366929,187.757568359375,17.757568359375,0.10445628446691177,200.43914794921875,30.43914794921875,0.17905381146599264,82.07518768310547,87.92481231689453,0.5172047783346737,184.69053649902344,14.690536499023438,0.08641492058249081,185.26565551757812,15.265655517578125,0.0897979736328125,185.4314422607422,15.431442260742188,0.09077318976907169
Miyazaki94,10,38,42.3,36.867027282714844,5.432972717285153,0.1284390713306183,51.77095413208008,9.470954132080081,0.22389962487186954,49.38515853881836,7.085158538818362,0.1674978377971244,48.818504333496094,6.518504333496097,0.15410175729305195,41.7200927734375,0.5799072265624972,0.013709390698877002,51.53471374511719,9.23471374511719,0.21831474574745133,52.284027099609375,9.984027099609378,0.23602900944703023
Miyazaki94,10,42,120.0,42.658546447753906,77.3414535522461,0.6445121129353841,36.34520721435547,83.65479278564453,0.6971232732137044,41.739707946777344,78.26029205322266,0.6521691004435222,53.43983459472656,66.56016540527344,0.5546680450439453,58.47859191894531,61.52140808105469,0.5126784006754558,56.15319061279297,63.84680938720703,0.5320567448933919,55.659400939941406,64.3405990600586,0.5361716588338216
Subbiah,1,0,5576.0,7947.95703125,2371.95703125,0.42538684204626975,8812.3876953125,3236.3876953125,0.5804138621435617,8822.578125,3246.578125,0.5822414140961263,8006.447265625,2430.447265625,0.43587648235742465,8823.4111328125,3247.4111328125,0.5823908057411227,8798.7763671875,3222.7763671875,0.5779728061670553,8091.85498046875,2515.85498046875,0.4511935043882263
Subbiah,1,4,4321.0,5020.8701171875,699.8701171875,0.16196947863631103,5073.72509765625,752.72509765625,0.17420159631017126,6641.62353515625,2320.62353515625,0.5370570551160032,6950.98583984375,2629.98583984375,0.6086521267863342,10630.580078125,6309.580078125,1.460212931757695,8984.4296875,4663.4296875,1.0792477869706087,10351.04296875,6030.04296875,1.3955202427100208
Subbiah,1,10,14507.0,8493.27734375,6013.72265625,0.41453937107947886,7811.3330078125,6695.6669921875,0.4615473214439581,8395.5546875,6111.4453125,0.4212756126352795,8455.2421875,6051.7578125,0.41716121958364927,6233.2421875,8273.7578125,0.5703286559936582,5248.2138671875,9258.7861328125,0.6382288641905631,6206.54345703125,8300.45654296875,0.572169059279572
Subbiah,1,18,17091.0,11495.138671875,5595.861328125,0.32741567656222575,10700.017578125,6390.982421875,0.3739384718199637,11006.1259765625,6084.8740234375,0.35602796930767655,11140.9658203125,5950.0341796875,0.3481384459474285,6925.56982421875,10165.43017578125,0.5947826444199432,6552.0849609375,10538.9150390625,0.6166353659272424,7027.67578125,10063.32421875,0.5888083914779708
Subbiah,1,28,22448.0,7874.8544921875,14573.1455078125,0.6491957193430372,2829.510498046875,19618.489501953125,0.8739526684761727,2803.18115234375,19644.81884765625,0.8751255723296619,2885.015625,19562.984375,0.8714800594707769,2768.662109375,19679.337890625,0.8766633058902797,3011.64306640625,19436.35693359375,0.8658391363860366,2746.36767578125,19701.63232421875,0.8776564649063948
Subbiah,1,34,4552.0,2222.1357421875,2329.8642578125,0.511833097058985,4570.373046875,18.373046875,0.004036258100834798,3448.833984375,1103.166015625,0.24234754297561512,3421.09326171875,1130.90673828125,0.24844172633595124,5252.80224609375,700.80224609375,0.15395479922973418,6013.90673828125,1461.90673828125,0.32115701631837656,5912.1728515625,1360.1728515625,0.29880774419211337
Subbiah,1,50,3483.0,7858.88720703125,4375.88720703125,1.256355787261341,7556.587890625,4073.587890625,1.1695629889821992,7471.22265625,3988.22265625,1.1450538777634223,7696.94873046875,4213.94873046875,1.2098618232755527,6977.3515625,3494.3515625,1.003259133649153,9367.99609375,5884.99609375,1.689634250287109,4637.63671875,1154.63671875,0.3315063791989664
Subbiah,1,62,5896.0,10653.796875,4757.796875,0.8069533370081411,7964.19580078125,2068.19580078125,0.3507794777444454,6803.484375,907.484375,0.15391526034599728,6879.95068359375,983.95068359375,0.16688444430016114,6560.9462890625,664.9462890625,0.11277922134709972,8973.41796875,3077.41796875,0.5219501303850068,6296.2861328125,400.2861328125,0.06789113514458955
Subbiah,2,5,8804.0,8739.107421875,64.892578125,0.007370806238641526,9317.205078125,513.205078125,0.05829226239493412,13324.751953125,4520.751953125,0.513488409032826,7779.73095703125,1024.26904296875,0.11634132700690027,4583.0908203125,4220.9091796875,0.479430847306622,13197.328125,4393.328125,0.49901500738300775,6908.6923828125,1895.3076171875,0.21527801194769422
Subbiah,2,9,15017.0,8680.1484375,6336.8515625,0.4219785285010322,15613.654296875,596.654296875,0.03973192361157355,15472.7646484375,455.7646484375,0.030349913327395617,6619.6435546875,8397.3564453125,0.559190014337917,6205.029296875,8811.970703125,0.5867996739112339,15805.361328125,788.361328125,0.05249792422754212,16930.625,1913.625,0.12743057867749882
Subbiah,2,12,38476.0,24712.6484375,13763.3515625,0.3577126406721073,12420.322265625,26055.677734375,0.6771929965270558,8775.6005859375,29700.3994140625,0.7719201427919352,11114.9091796875,27361.0908203125,0.7111209798397052,7808.03515625,30667.96484375,0.7970673885993866,9622.630859375,28853.369140625,0.74990563313819,11583.5234375,26892.4765625,0.6989415885876911
Subbiah,2,22,2012.0,10535.2314453125,8523.2314453125,4.236198531467445,13236.94140625,11224.94140625,5.57899672278827,16208.0810546875,14196.0810546875,7.055706289606113,5794.626953125,3782.626953125,1.8800332769010935,8298.908203125,6286.908203125,3.124705866364314,16664.552734375,14652.552734375,7.2825808818961235,7316.17236328125,5304.17236328125,2.636268570219309
Subbiah,2,31,13591.0,7366.89599609375,6224.10400390625,0.4579577664562026,5470.55859375,8120.44140625,0.5974866754653815,6894.314453125,6696.685546875,0.49272941997461556,6210.99267578125,7380.00732421875,0.5430069401970974,5987.2490234375,7603.7509765625,0.559469573729858,9196.751953125,4394.248046875,0.32332043608822014,5509.74609375,8081.25390625,0.5946033335479362
Subbiah,2,45,13121.0,11168.6875,1952.3125,0.14879296547519244,10925.3271484375,2195.6728515625,0.16734035908562608,11888.42578125,1232.57421875,0.09393904570916851,6599.20849609375,6521.79150390625,0.4970498821664698,6461.9150390625,6659.0849609375,0.5075135249552245,13782.970703125,661.970703125,0.05045123871084521,9944.904296875,3176.095703125,0.24206201532848107
Subbiah,2,47,9211.0,17202.169921875,7991.169921875,0.867568116586147,14570.70703125,5359.70703125,0.581881123792205,13370.095703125,4159.095703125,0.4515357402155032,2614.06298828125,6596.93701171875,0.7162020423101455,3098.963623046875,6112.036376953125,0.6635583950660217,14816.9130859375,5605.9130859375,0.6086106922090435,14679.9794921875,5468.9794921875,0.593744380869341
Subbiah,2,54,8067.0,10275.00390625,2208.00390625,0.2737081822548655,10116.287109375,2049.287109375,0.2540333592878393,11751.8671875,3684.8671875,0.45678284213462256,17040.541015625,8973.541015625,1.1123764739835131,17041.06640625,8974.06640625,1.1124416023614727,13114.556640625,5047.556640625,0.6257043065110945,6855.3662109375,1211.6337890625,0.15019632937430272
Subbiah,3,16,19024.0,8985.2509765625,10038.7490234375,0.5276886576659745,9222.384765625,9801.615234375,0.5152236771643713,9212.865234375,9811.134765625,0.5157240730458894,9313.3818359375,9710.6181640625,0.5104403997089203,8511.216796875,10512.783203125,0.5526063500381098,9170.505859375,9853.494140625,0.5179507012523654,8643.6396484375,10380.3603515625,0.5456455189004679
Subbiah,3,33,7971.0,9262.783203125,1291.783203125,0.1620603692290804,9657.0,1686.0,0.21151674821226948,9674.306640625,1703.306640625,0.21368794889286163,10756.06640625,2785.06640625,0.34939987532931877,10669.6630859375,2698.6630859375,0.3385601663451888,9700.572265625,1729.572265625,0.2169830969294944,10699.50390625,2728.50390625,0.3423038397001631
Subbiah,3,35,37836.0,16894.734375,20941.265625,0.5534746174278465,25271.26953125,12564.73046875,0.33208400646870706,25266.171875,12569.828125,0.3322187367850724,25284.201171875,12551.798828125,0.3317422250799503,25100.7109375,12735.2890625,0.33659184539856224,25276.896484375,12559.103515625,0.3319352869125965,25131.087890625,12704.912109375,0.3357889869271329
Subbiah,3,39,6369.0,7894.708984375,1525.708984375,0.23955236055503218,6720.6025390625,351.6025390625,0.05520529738773748,6735.6279296875,366.6279296875,0.05756444177853666,7214.75927734375,845.75927734375,0.13279310368091538,7254.10400390625,885.10400390625,0.13897063964613754,6777.28076171875,408.28076171875,0.06410437458294081,7232.755859375,863.755859375,0.13561875637855236
Subbiah,3,49,3884.0,4674.9658203125,790.9658203125,0.20364722459127188,3827.84033203125,56.15966796875,0.014459234801428938,3827.68603515625,56.31396484375,0.014498961082324922,4386.46484375,502.46484375,0.12936787944129763,10982.939453125,7098.939453125,1.8277393030702884,3829.634033203125,54.365966796875,0.01399741678601313,11626.6796875,7742.6796875,1.9934808670185376
Subbiah,3,56,3371.0,28484.11328125,25113.11328125,7.44975178915752,19100.185546875,15729.185546875,4.666029530369326,19102.671875,15731.671875,4.666767094334025,19315.3203125,15944.3203125,4.729848802284189,28591.46484375,25220.46484375,7.48159740247701,19134.4140625,15763.4140625,4.676183346929695,28446.29296875,25075.29296875,7.438532473672501
Subbiah,3,59,2454.0,3464.29638671875,1010.29638671875,0.41169371911929503,4619.337890625,2165.337890625,0.8823707785757946,4623.611328125,2169.611328125,0.8841121956499592,5472.232421875,3018.232421875,1.229923562296251,4594.11865234375,2140.11865234375,0.8720939903601264,4647.810546875,2193.810546875,0.8939733279849226,4628.0009765625,2174.0009765625,0.8859009684443765
Subbiah,4,7,13334.0,10061.67578125,3272.32421875,0.2454120458039598,7778.5498046875,5555.4501953125,0.4166379327517999,13729.171875,395.171875,0.029636408804559772,9956.158203125,3377.841796875,0.2533254684922004,15997.419921875,2663.419921875,0.19974650681528425,14744.9814453125,1410.9814453125,0.10581831748256337,14174.7626953125,840.7626953125,0.0630540494459652
Subbiah,4,30,34472.0,13719.37890625,20752.62109375,0.6020138400368414,13233.91015625,21238.08984375,0.6160968276789859,12388.359375,22083.640625,0.6406254532664192,13616.908203125,20855.091796875,0.604986417871751,14547.4580078125,19924.5419921875,0.577992051293441,16211.6513671875,18260.3486328125,0.5297153815506063,13537.306640625,20934.693359375,0.607295583643972
Subbiah,4,42,3901.0,3365.9697265625,535.0302734375,0.1371520823987439,7065.1865234375,3164.1865234375,0.8111218978306844,3440.327392578125,460.672607421875,0.11809090167184697,3405.792724609375,495.207275390625,0.12694367479892976,4877.5419921875,976.5419921875,0.2503311951262497,12873.4677734375,8972.4677734375,2.3000430078024867,3441.57470703125,459.42529296875,0.11777115943828506
Subbiah,4,44,6078.0,8306.4189453125,2228.4189453125,0.3666368781363113,10543.2724609375,4465.2724609375,0.7346614776139355,8706.3671875,2628.3671875,0.4324394846166502,8769.9296875,2691.9296875,0.44289728323461663,11789.134765625,5711.134765625,0.9396404681844357,9790.6806640625,3712.6806640625,0.610839201063261,8786.12109375,2708.12109375,0.44556121976801577
Subbiah,4,46,2850.0,3524.94873046875,674.94873046875,0.23682411595394737,3820.837890625,970.837890625,0.3406448739035088,4590.46337890625,1740.46337890625,0.610688904879386,3494.281494140625,644.281494140625,0.22606368215460526,2056.32470703125,793.67529296875,0.2784825589364035,7103.58056640625,4253.58056640625,1.4924844092653509,5234.076171875,2384.076171875,0.8365179550438596
Subbiah,4,55,6931.0,5991.017578125,939.982421875,0.13562002912638868,5346.1982421875,1584.8017578125,0.22865412751587072,5981.64013671875,949.35986328125,0.13697300004057855,5924.892578125,1006.107421875,0.14516049947698745,7292.8203125,361.8203125,0.052203190376569036,7111.65966796875,180.65966796875,0.02606545490820228,5946.43359375,984.56640625,0.14205257628769297
Subbiah,4,69,316.0,14650.791015625,14334.791015625,45.36326270767405,9986.587890625,9670.587890625,30.603126236155063,10742.67578125,10426.67578125,32.99580943433544,14242.404296875,13926.404296875,44.07089967365506,9467.73828125,9151.73828125,28.961197092563292,9630.1416015625,9314.1416015625,29.47513165051424,10658.40234375,10342.40234375,32.72912134098101
Subbiah,5,13,11915.0,10509.6015625,1405.3984375,0.11795203000419639,5848.2880859375,6066.7119140625,0.5091659180916911,7837.462890625,4077.537109375,0.3422188090117499,5884.962890625,6030.037109375,0.506087881609316,5802.95361328125,6112.04638671875,0.512970741646559,7245.4033203125,4669.5966796875,0.3919090792855644,7175.84375,4739.15625,0.39774706252622744
Subbiah,5,19,9925.0,11326.923828125,1401.923828125,0.14125177109571788,8702.291015625,1222.708984375,0.12319485988664987,11747.75,1822.75,0.18365239294710328,7832.4365234375,2092.5634765625,0.21083762988035265,11234.43359375,1309.43359375,0.13193285579345088,9231.02734375,693.97265625,0.0699216782115869,11541.59765625,1616.59765625,0.16288137594458438
Subbiah,5,25,2978.0,4354.24169921875,1376.24169921875,0.4621362321083781,2032.8359375,945.1640625,0.3173821566487576,2228.07763671875,749.92236328125,0.2518208070118368,2004.2496337890625,973.7503662109375,0.3269813184052846,1999.4398193359375,978.5601806640625,0.3285964340712097,1210.4395751953125,1767.5604248046875,0.5935394307604727,2257.71337890625,720.28662109375,0.24186924818460376
Subbiah,5,40,14851.0,7643.263671875,7207.736328125,0.48533676709480844,9826.2158203125,5024.7841796875,0.3383465207519696,6078.2685546875,8772.7314453125,0.5907165473915897,13970.611328125,880.388671875,0.059281440433304154,8203.52734375,6647.47265625,0.44761111415056226,7641.9208984375,7209.0791015625,0.485427183459868,6315.78076171875,8535.21923828125,0.5747235363464581
Subbiah,5,58,3723.0,8824.955078125,5101.955078125,1.3703881488383025,6992.17578125,3269.17578125,0.8781025466693527,7414.3896484375,3691.3896484375,0.9915094408910825,6932.8642578125,3209.8642578125,0.8621714364255977,7543.833984375,3820.833984375,1.0262782660153102,6924.056640625,3201.056640625,0.8598057052444266,6725.078125,3002.078125,0.8063599583669084
Subbiah,5,64,1625.0,10199.53515625,8574.53515625,5.276637019230769,8195.2509765625,6570.2509765625,4.0432313701923075,1912.654052734375,287.654052734375,0.17701787860576923,10653.9638671875,9028.9638671875,5.55628545673077,8935.126953125,7310.126953125,4.498539663461538,6604.6123046875,4979.6123046875,3.0643768028846154,7397.3515625,5772.3515625,3.552216346153846
Subbiah,5,71,382.0,10720.884765625,10338.884765625,27.065143365510473,8447.015625,8065.015625,21.11260634816754,10422.4912109375,10040.4912109375,26.28400840559555,8462.123046875,8080.123046875,21.152154572971206,8395.697265625,8013.697265625,20.97826509325916,10775.560546875,10393.560546875,27.208273682918847,8634.3681640625,8252.3681640625,21.603058021106023
Subbiah,6,3,27447.0,6952.759765625,20494.240234375,0.7466841634559332,7515.03125,19931.96875,0.7261984460961125,10299.4599609375,17147.5400390625,0.6247509760288009,6938.4052734375,20508.5947265625,0.7472071529333807,10259.427734375,17187.572265625,0.6262095043401829,8698.0078125,18748.9921875,0.6830980503333698,9744.212890625,17702.787109375,0.6449807669098626
Subbiah,6,6,43609.0,17542.69140625,26066.30859375,0.5977277303710243,16306.0244140625,27302.9755859375,0.6260857984805316,19511.16015625,24097.83984375,0.552588682238758,18791.8671875,24817.1328125,0.569082822639822,19499.640625,24109.359375,0.5528528371437089,20591.30859375,23017.69140625,0.5278197483604302,18920.1171875,24688.8828125,0.5661419159462496
Subbiah,6,8,19806.0,19417.728515625,388.271484375,0.019603730403665556,19332.716796875,473.283203125,0.023895950879783905,17439.41015625,2366.58984375,0.11948853093759466,18936.875,869.125,0.0438819044733919,17442.01171875,2363.98828125,0.11935717869584975,17748.30859375,2057.69140625,0.10389232587347269,17976.01953125,1829.98046875,0.09239525743461577
Subbiah,6,17,217.0,8810.966796875,8593.966796875,39.60353362615207,4914.86669921875,4697.86669921875,21.64915529593894,12838.330078125,12621.330078125,58.162811419930875,7944.197265625,7727.197265625,35.6092039890553,12777.9658203125,12560.9658203125,57.884635116647466,3008.114990234375,2791.114990234375,12.862281060987904,8985.1435546875,8768.1435546875,40.40619149625576
Subbiah,6,36,8636.0,8510.6904296875,125.3095703125,0.01451014014734831,9786.265625,1150.265625,0.13319425949513664,8543.1826171875,92.8173828125,0.010747728440539601,11834.623046875,3198.623046875,0.3703824741633858,8626.087890625,9.912109375,0.001147766254631774,14080.021484375,5444.021484375,0.6303869250086845,13956.4609375,5320.4609375,0.6160793118920797
Subbiah,6,38,11237.0,11854.05078125,617.05078125,0.05491241267687105,8940.392578125,2296.607421875,0.20437905329491857,12322.1083984375,1085.1083984375,0.09656566685392008,8115.55322265625,3121.44677734375,0.2777829293711622,12328.2373046875,1091.2373046875,0.0971110887859304,9331.29296875,1905.70703125,0.16959215371095487,8118.52587890625,3118.47412109375,0.2775183875673
Subbiah,6,57,1274.0,7155.82275390625,5881.82275390625,4.616815348435047,8314.115234375,7040.115234375,5.52599311960361,2464.25634765625,1190.25634765625,0.9342671488667582,7809.03662109375,6535.03662109375,5.129542088770604,2463.0810546875,1189.0810546875,0.9333446269132653,7259.81005859375,5985.81005859375,4.698438036572802,2368.040283203125,1094.040283203125,0.858744335324274
Subbiah,7,15,9575.0,11816.8212890625,2241.8212890625,0.23413277170365535,11151.640625,1576.640625,0.16466220626631853,8578.8994140625,996.1005859375,0.10403139278720627,12051.943359375,2476.943359375,0.25868860150130546,5804.6630859375,3770.3369140625,0.3937688683093995,8312.8544921875,1262.1455078125,0.13181676321801566,14028.248046875,4453.248046875,0.4650911798302872
Subbiah,7,26,7472.0,4175.90234375,3296.09765625,0.4411265599906317,3922.548583984375,3549.451416015625,0.47503364775369716,7187.53125,284.46875,0.03807129951820128,3749.10888671875,3722.89111328125,0.49824559867254414,3965.56591796875,3506.43408203125,0.46927650990782255,2362.9150390625,5109.0849609375,0.6837640472346761,5115.3369140625,2356.6630859375,0.315399235270008
Subbiah,7,27,9786.0,7730.5625,2055.4375,0.21003857551604332,7726.5185546875,2059.4814453125,0.21045181333665441,8103.4541015625,1682.5458984375,0.1719339769504905,2052.37451171875,7733.62548828125,0.7902744214470928,1924.1240234375,7861.8759765625,0.8033799281179747,1969.61962890625,7816.38037109375,0.798730877896357,997.430419921875,8788.569580078125,0.898075779693248
Subbiah,7,41,3936.0,6454.287109375,2518.287109375,0.6398087168127541,7741.099609375,3805.099609375,0.9667427869347053,4352.9248046875,416.9248046875,0.10592601745109248,3873.999755859375,62.000244140625,0.015752094547923017,8753.2666015625,4817.2666015625,1.2238990349498222,9205.4267578125,5269.4267578125,1.3387771234279726,6218.4775390625,2282.4775390625,0.5798977487455539
Subbiah,7,53,12121.0,6231.9482421875,5889.0517578125,0.48585527248679977,6319.02880859375,5801.97119140625,0.4786710000335162,5198.3564453125,6922.6435546875,0.5711280880032588,6084.9931640625,6036.0068359375,0.4979792786022193,5661.8115234375,6459.1884765625,0.5328923749329676,9480.318359375,2640.681640625,0.2178600479024008,6160.9404296875,5960.0595703125,0.49171351953737313
Subbiah,7,66,2186.0,13971.16015625,11785.16015625,5.391198607616651,12092.0751953125,9906.0751953125,4.531598899959972,13123.6142578125,10937.6142578125,5.003483192045975,13678.306640625,11492.306640625,5.257230851155078,11724.2119140625,9538.2119140625,4.363317435527219,11220.3876953125,9034.3876953125,4.13283975082914,11247.08203125,9061.08203125,4.145051249428179
Subbiah,7,70,7715.0,12275.837890625,4560.837890625,0.5911649890635127,12325.025390625,4610.025390625,0.5975405561406352,10137.693359375,2422.693359375,0.3140237666072586,10260.4462890625,2545.4462890625,0.3299347101830849,12188.8388671875,4473.8388671875,0.579888382007453,10283.8212890625,2568.8212890625,0.3329645222375243,10419.2294921875,2704.2294921875,0.35051581233797796
Subbiah,8,11,7792.0,9614.505859375,1822.505859375,0.23389448913950206,9933.55078125,2141.55078125,0.2748396793185318,5231.29736328125,2560.70263671875,0.32863226857273486,10964.927734375,3172.927734375,0.4072032513314938,9365.8447265625,1573.8447265625,0.20198212609888347,9627.1416015625,1835.1416015625,0.23551611929703542,10605.65625,2813.65625,0.36109551463039014
Subbiah,8,24,1667.0,2438.1552734375,771.1552734375,0.46260064393371325,2169.7373046875,502.7373046875,0.30158206639922014,4742.25390625,3075.25390625,1.8447833870725854,2393.221923828125,726.221923828125,0.4356460250918566,1549.314208984375,117.685791015625,0.07059735513834733,5409.2880859375,3742.2880859375,2.2449238667891422,2458.944580078125,791.944580078125,0.47507173370013495
Subbiah,8,32,7043.0,6640.98876953125,402.01123046875,0.057079544294867245,7326.21630859375,283.21630859375,0.04021245330026267,5356.3994140625,1686.6005859375,0.23947189918181172,8749.2158203125,1706.2158203125,0.24225696724584694,6136.23974609375,906.76025390625,0.12874630894593922,2617.690185546875,4425.309814453125,0.6283273909489032,8959.9248046875,1916.9248046875,0.2721744717716172
Subbiah,8,48,2655.0,5087.56640625,2432.56640625,0.9162208686440678,6618.0751953125,3963.0751953125,1.4926836893832391,3577.96435546875,922.96435546875,0.34763252560028246,4999.10498046875,2344.10498046875,0.8829020642066855,4358.6884765625,1703.6884765625,0.6416905749764595,4724.64453125,2069.64453125,0.7795271304143127,4494.0439453125,1839.0439453125,0.6926719191384181
Subbiah,8,61,8754.0,13192.5888671875,4438.5888671875,0.5070355114447681,14531.1845703125,5777.1845703125,0.6599479746758624,7593.4921875,1160.5078125,0.13256886137765592,13800.13671875,5046.13671875,0.5764378248514964,9513.79296875,759.79296875,0.08679380497486863,9818.419921875,1064.419921875,0.12159240597155586,12604.2783203125,3850.2783203125,0.43983074255340415
Subbiah,8,65,4287.0,3237.55224609375,1049.44775390625,0.24479770326714487,7184.71728515625,2897.71728515625,0.6759312538269769,8892.4033203125,4605.4033203125,1.0742718265249591,3179.69189453125,1107.30810546875,0.2582944029551551,11078.638671875,6791.638671875,1.584240417978773,11070.2734375,6783.2734375,1.5822891153487286,3183.3935546875,1103.6064453125,0.2574309412905295
Subbiah,8,68,5832.0,1990.070556640625,3841.929443359375,0.6587670513304826,7237.779296875,1405.779296875,0.24104583279749658,3123.64404296875,2708.35595703125,0.46439574023169583,2190.0986328125,3641.9013671875,0.6244686843599966,8085.5849609375,2253.5849609375,0.3864171743719993,7328.447265625,1496.447265625,0.25659246667095337,1649.60400390625,4182.39599609375,0.7171460898651835
Subbiah,9,1,29326.0,11356.3232421875,17969.6767578125,0.6127558056950317,11051.1826171875,18274.8173828125,0.6231609282824968,11603.51171875,17722.48828125,0.6043268185654368,7132.53759765625,22193.46240234375,0.7567845052971339,8766.5830078125,20559.4169921875,0.7010644817631965,8509.533203125,20816.466796875,0.7098297345998431,7470.81298828125,21855.18701171875,0.7452495059578105
Subbiah,9,29,13753.0,21295.3671875,7542.3671875,0.5484161410237767,29696.80078125,15943.80078125,1.1592962103722824,16485.060546875,2732.060546875,0.19865197025194503,13520.751953125,232.248046875,0.01688708259107104,22577.88671875,8824.88671875,0.6416699424670981,21344.44140625,7591.44140625,0.5519843965861994,21112.734375,7359.734375,0.5351366520031993
Subbiah,9,37,9658.0,4853.4501953125,4804.5498046875,0.49746839973985296,5944.9736328125,3713.0263671875,0.38445085599373574,4312.17578125,5345.82421875,0.553512551123421,3824.335205078125,5833.664794921875,0.60402410384364,5751.095703125,3906.904296875,0.4045251912274798,5595.35107421875,4062.64892578125,0.4206511623298043,2821.2080078125,6836.7919921875,0.7078890031256472
Subbiah,9,43,5362.0,1956.90283203125,3405.09716796875,0.6350423662754103,2601.32470703125,2760.67529296875,0.5148592489684353,2351.10595703125,3010.89404296875,0.5615244391959623,2671.15869140625,2690.84130859375,0.5018353801927918,5297.669921875,64.330078125,0.011997403604065647,4897.44970703125,464.55029296875,0.08663750335112831,2665.25146484375,2696.74853515625,0.5029370636248135
Subbiah,9,52,12025.0,2448.98779296875,9576.01220703125,0.7963419714786902,5292.74755859375,6732.25244140625,0.5598546728820166,4461.234375,7563.765625,0.6290033783783784,3586.53515625,8438.46484375,0.7017434381496882,3624.870849609375,8400.129150390625,0.698555438701923,1423.98876953125,10601.01123046875,0.8815809755067567,3137.615478515625,8887.384521484375,0.7390756358822765
Subbiah,9,63,2638.0,4038.935546875,1400.935546875,0.5310597220905989,5052.3330078125,2414.3330078125,0.9152134222185367,6892.97216796875,4254.97216796875,1.6129538165158264,4740.3408203125,2102.3408203125,0.7969449660017058,5180.322265625,2542.322265625,0.9637309574014404,5138.43798828125,2500.43798828125,0.9478536725857657,2435.9814453125,202.0185546875,0.07658019510519333
Subbiah,9,67,3767.0,2367.577880859375,1399.422119140625,0.3714951205576387,8584.6494140625,4817.6494140625,1.2789087905661003,5756.47265625,1989.47265625,0.5281318439739846,3224.655517578125,542.344482421875,0.1439725198890032,5385.70263671875,1618.70263671875,0.42970603576287497,5216.7431640625,1449.7431640625,0.38485350784775685,2757.507568359375,1009.492431640625,0.26798312493778204
Subbiah,10,2,3110.0,11274.2412109375,8164.2412109375,2.6251579456390677,18172.90234375,15062.90234375,4.843376959405145,11982.3642578125,8872.3642578125,2.852850243669614,18237.892578125,15127.892578125,4.864274140876206,18180.578125,15070.578125,4.845845056270097,16734.396484375,13624.396484375,4.380834882435692,18058.859375,14948.859375,4.806707194533762
Subbiah,10,14,15159.0,9834.68359375,5324.31640625,0.35123137451349035,9852.6787109375,5306.3212890625,0.3500442832022231,10132.3310546875,5026.6689453125,0.3315963417977769,9691.970703125,5467.029296875,0.3606457745811069,11345.8896484375,3813.1103515625,0.2515410219382875,8071.2685546875,7087.7314453125,0.4675593010958836,9878.185546875,5280.814453125,0.34836166324460716
Subbiah,10,20,1028.0,6958.85595703125,5930.85595703125,5.769315133298881,10493.154296875,9465.154296875,9.207348537816149,9114.419921875,8086.419921875,7.866167239178016,10783.7177734375,9755.7177734375,9.489997834083171,10521.521484375,9493.521484375,9.234943078185797,9241.267578125,8213.267578125,7.989559900899805,10404.7890625,9376.7890625,9.121390138618677
Subbiah,10,21,10661.0,9497.453125,1163.546875,0.10914050042209925,11321.974609375,660.974609375,0.06199930676062283,4722.84423828125,5938.15576171875,0.5569980078528046,15161.30078125,4500.30078125,0.4221274534518338,15117.39453125,4456.39453125,0.4180090546149517,3386.0986328125,7274.9013671875,0.6823845199500516,11196.001953125,535.001953125,0.05018309287355783
Subbiah,10,23,2217.0,5569.240234375,3352.240234375,1.5120614498759586,10702.6494140625,8485.6494140625,3.8275369481562924,7510.9287109375,5293.9287109375,2.38787943659788,8101.7177734375,5884.7177734375,2.654360745799504,7874.02978515625,5657.02978515625,2.551659803859382,8755.6494140625,6538.6494140625,2.949323145720568,10662.333984375,8445.333984375,3.809352270805142
Subbiah,10,51,1714.0,2758.537353515625,1044.537353515625,0.609415025388346,2762.05859375,1048.05859375,0.6114694245915986,2094.9990234375,380.9990234375,0.22228647808488916,3799.0556640625,2085.0556640625,1.2164852182394983,3753.488525390625,2039.488525390625,1.1898999564706096,3802.037109375,2088.037109375,1.218224684582847,2734.869384765625,1020.869384765625,0.5956064088480892
Subbiah,10,60,7670.0,6948.70556640625,721.29443359375,0.09404099525342242,1778.6871337890625,5891.3128662109375,0.768098157263486,9075.328125,1405.328125,0.18322400586701434,3494.9365234375,4175.0634765625,0.5443368287565189,3445.489990234375,4224.510009765625,0.5507835736330672,9120.1875,1450.1875,0.18907268578878747,2399.591064453125,5270.408935546875,0.6871458846866851
Valdes-Souto,1,0,5040.0,3643.1328125,1396.8671875,0.27715618799603176,3643.1328125,1396.8671875,0.27715618799603176,3643.1328125,1396.8671875,0.27715618799603176,3643.1328125,1396.8671875,0.27715618799603176,3643.1328125,1396.8671875,0.27715618799603176,3643.1328125,1396.8671875,0.27715618799603176,3643.1328125,1396.8671875,0.27715618799603176
Valdes-Souto,1,5,1193.8,86.92399597167969,1106.8760040283203,0.927187136897571,86.92399597167969,1106.8760040283203,0.927187136897571,86.92399597167969,1106.8760040283203,0.927187136897571,86.92399597167969,1106.8760040283203,0.927187136897571,86.92399597167969,1106.8760040283203,0.927187136897571,86.92399597167969,1106.8760040283203,0.927187136897571,86.92399597167969,1106.8760040283203,0.927187136897571
Valdes-Souto,1,13,16.0,87.14328002929688,71.14328002929688,4.446455001831055,87.14328002929688,71.14328002929688,4.446455001831055,87.14328002929688,71.14328002929688,4.446455001831055,87.14328002929688,71.14328002929688,4.446455001831055,87.14328002929688,71.14328002929688,4.446455001831055,87.14328002929688,71.14328002929688,4.446455001831055,87.14328002929688,71.14328002929688,4.446455001831055
Valdes-Souto,1,30,491.0,816.9984130859375,325.9984130859375,0.6639478881587322,816.9984130859375,325.9984130859375,0.6639478881587322,816.9984130859375,325.9984130859375,0.6639478881587322,816.9984130859375,325.9984130859375,0.6639478881587322,816.9984130859375,325.9984130859375,0.6639478881587322,816.9984130859375,325.9984130859375,0.6639478881587322,816.9984130859375,325.9984130859375,0.6639478881587322
Valdes-Souto,1,34,606.0,3602.9638671875,2996.9638671875,4.94548492935231,3602.9638671875,2996.9638671875,4.94548492935231,3602.9638671875,2996.9638671875,4.94548492935231,3602.9638671875,2996.9638671875,4.94548492935231,3602.9638671875,2996.9638671875,4.94548492935231,3602.9638671875,2996.9638671875,4.94548492935231,3602.9638671875,2996.9638671875,4.94548492935231
Valdes-Souto,1,55,7373.0,9591.287109375,2218.287109375,0.30086628365319407,9591.287109375,2218.287109375,0.30086628365319407,9591.287109375,2218.287109375,0.30086628365319407,9591.287109375,2218.287109375,0.30086628365319407,9591.287109375,2218.287109375,0.30086628365319407,9591.287109375,2218.287109375,0.30086628365319407,9591.287109375,2218.287109375,0.30086628365319407
Valdes-Souto,2,3,394.0,161.23802185058594,232.76197814941406,0.590766442003589,161.23802185058594,232.76197814941406,0.590766442003589,161.23802185058594,232.76197814941406,0.590766442003589,161.23802185058594,232.76197814941406,0.590766442003589,161.23802185058594,232.76197814941406,0.590766442003589,161.23802185058594,232.76197814941406,0.590766442003589,161.23802185058594,232.76197814941406,0.590766442003589
Valdes-Souto,2,12,1848.0,184.75161743164062,1663.2483825683594,0.9000261810434845,184.75161743164062,1663.2483825683594,0.9000261810434845,184.75161743164062,1663.2483825683594,0.9000261810434845,184.75161743164062,1663.2483825683594,0.9000261810434845,184.75161743164062,1663.2483825683594,0.9000261810434845,184.75161743164062,1663.2483825683594,0.9000261810434845,184.75161743164062,1663.2483825683594,0.9000261810434845
Valdes-Souto,2,27,6182.0,6253.97216796875,71.97216796875,0.011642214165116467,6253.97216796875,71.97216796875,0.011642214165116467,6253.97216796875,71.97216796875,0.011642214165116467,6253.97216796875,71.97216796875,0.011642214165116467,6253.97216796875,71.97216796875,0.011642214165116467,6253.97216796875,71.97216796875,0.011642214165116467,6253.97216796875,71.97216796875,0.011642214165116467
Valdes-Souto,2,31,1192.0,191.11624145507812,1000.8837585449219,0.8396675826719143,191.11624145507812,1000.8837585449219,0.8396675826719143,191.11624145507812,1000.8837585449219,0.8396675826719143,191.11624145507812,1000.8837585449219,0.8396675826719143,191.11624145507812,1000.8837585449219,0.8396675826719143,191.11624145507812,1000.8837585449219,0.8396675826719143,191.11624145507812,1000.8837585449219,0.8396675826719143
Valdes-Souto,2,45,120.0,185.3421173095703,65.34211730957031,0.5445176442464192,185.3421173095703,65.34211730957031,0.5445176442464192,185.3421173095703,65.34211730957031,0.5445176442464192,185.3421173095703,65.34211730957031,0.5445176442464192,185.3421173095703,65.34211730957031,0.5445176442464192,185.3421173095703,65.34211730957031,0.5445176442464192,185.3421173095703,65.34211730957031,0.5445176442464192
Valdes-Souto,2,47,5568.0,4923.95361328125,644.04638671875,0.11566925048828125,4923.95361328125,644.04638671875,0.11566925048828125,4923.95361328125,644.04638671875,0.11566925048828125,4923.95361328125,644.04638671875,0.11566925048828125,4923.95361328125,644.04638671875,0.11566925048828125,4923.95361328125,644.04638671875,0.11566925048828125,4923.95361328125,644.04638671875,0.11566925048828125
Valdes-Souto,3,4,6928.0,2106.918701171875,4821.081298828125,0.6958835592996716,2106.918701171875,4821.081298828125,0.6958835592996716,2106.918701171875,4821.081298828125,0.6958835592996716,2106.918701171875,4821.081298828125,0.6958835592996716,2106.918701171875,4821.081298828125,0.6958835592996716,2106.918701171875,4821.081298828125,0.6958835592996716,2106.918701171875,4821.081298828125,0.6958835592996716
Valdes-Souto,3,6,4368.0,3440.615234375,927.384765625,0.21231336209363552,3440.615234375,927.384765625,0.21231336209363552,3440.615234375,927.384765625,0.21231336209363552,3440.615234375,927.384765625,0.21231336209363552,3440.615234375,927.384765625,0.21231336209363552,3440.615234375,927.384765625,0.21231336209363552,3440.615234375,927.384765625,0.21231336209363552
Valdes-Souto,3,8,13048.0,4470.560546875,8577.439453125,0.6573758011285254,4470.560546875,8577.439453125,0.6573758011285254,4470.560546875,8577.439453125,0.6573758011285254,4470.560546875,8577.439453125,0.6573758011285254,4470.560546875,8577.439453125,0.6573758011285254,4470.560546875,8577.439453125,0.6573758011285254,4470.560546875,8577.439453125,0.6573758011285254
Valdes-Souto,3,17,48.0,71.01524353027344,23.015243530273438,0.47948424021402997,71.01524353027344,23.015243530273438,0.47948424021402997,71.01524353027344,23.015243530273438,0.47948424021402997,71.01524353027344,23.015243530273438,0.47948424021402997,71.01524353027344,23.015243530273438,0.47948424021402997,71.01524353027344,23.015243530273438,0.47948424021402997,71.01524353027344,23.015243530273438,0.47948424021402997
Valdes-Souto,3,26,489.0,378.6763916015625,110.3236083984375,0.22561065112154907,378.6763916015625,110.3236083984375,0.22561065112154907,378.6763916015625,110.3236083984375,0.22561065112154907,378.6763916015625,110.3236083984375,0.22561065112154907,378.6763916015625,110.3236083984375,0.22561065112154907,378.6763916015625,110.3236083984375,0.22561065112154907,378.6763916015625,110.3236083984375,0.22561065112154907
Valdes-Souto,3,43,184.0,249.11575317382812,65.11575317382812,0.3538899629012398,249.11575317382812,65.11575317382812,0.3538899629012398,249.11575317382812,65.11575317382812,0.3538899629012398,249.11575317382812,65.11575317382812,0.3538899629012398,249.11575317382812,65.11575317382812,0.3538899629012398,249.11575317382812,65.11575317382812,0.3538899629012398,249.11575317382812,65.11575317382812,0.3538899629012398
Valdes-Souto,4,19,4414.0,6759.0732421875,2345.0732421875,0.5312807526478251,6759.0732421875,2345.0732421875,0.5312807526478251,6759.0732421875,2345.0732421875,0.5312807526478251,6759.0732421875,2345.0732421875,0.5312807526478251,6759.0732421875,2345.0732421875,0.5312807526478251,6759.0732421875,2345.0732421875,0.5312807526478251,6759.0732421875,2345.0732421875,0.5312807526478251
Valdes-Souto,4,36,509.0,3311.728515625,2802.728515625,5.506342859774067,3311.728515625,2802.728515625,5.506342859774067,3311.728515625,2802.728515625,5.506342859774067,3311.728515625,2802.728515625,5.506342859774067,3311.728515625,2802.728515625,5.506342859774067,3311.728515625,2802.728515625,5.506342859774067,3311.728515625,2802.728515625,5.506342859774067
Valdes-Souto,4,37,2682.0,3089.5927734375,407.5927734375,0.15197344274328858,3089.5927734375,407.5927734375,0.15197344274328858,3089.5927734375,407.5927734375,0.15197344274328858,3089.5927734375,407.5927734375,0.15197344274328858,3089.5927734375,407.5927734375,0.15197344274328858,3089.5927734375,407.5927734375,0.15197344274328858,3089.5927734375,407.5927734375,0.15197344274328858
Valdes-Souto,4,40,47493.0,14259.9873046875,33233.0126953125,0.6997454929213253,14259.9873046875,33233.0126953125,0.6997454929213253,14259.9873046875,33233.0126953125,0.6997454929213253,14259.9873046875,33233.0126953125,0.6997454929213253,14259.9873046875,33233.0126953125,0.6997454929213253,14259.9873046875,33233.0126953125,0.6997454929213253,14259.9873046875,33233.0126953125,0.6997454929213253
Valdes-Souto,4,48,10563.0,10889.0458984375,326.0458984375,0.0308667895898419,10889.0458984375,326.0458984375,0.0308667895898419,10889.0458984375,326.0458984375,0.0308667895898419,10889.0458984375,326.0458984375,0.0308667895898419,10889.0458984375,326.0458984375,0.0308667895898419,10889.0458984375,326.0458984375,0.0308667895898419,10889.0458984375,326.0458984375,0.0308667895898419
Valdes-Souto,4,53,3776.0,2699.83349609375,1076.16650390625,0.28500172243279925,2699.83349609375,1076.16650390625,0.28500172243279925,2699.83349609375,1076.16650390625,0.28500172243279925,2699.83349609375,1076.16650390625,0.28500172243279925,2699.83349609375,1076.16650390625,0.28500172243279925,2699.83349609375,1076.16650390625,0.28500172243279925,2699.83349609375,1076.16650390625,0.28500172243279925
Valdes-Souto,5,9,1034.0,592.537841796875,441.462158203125,0.4269459943937379,592.537841796875,441.462158203125,0.4269459943937379,592.537841796875,441.462158203125,0.4269459943937379,592.537841796875,441.462158203125,0.4269459943937379,592.537841796875,441.462158203125,0.4269459943937379,592.537841796875,441.462158203125,0.4269459943937379,592.537841796875,441.462158203125,0.4269459943937379
Valdes-Souto,5,15,40.0,777.1611328125,737.1611328125,18.4290283203125,777.1611328125,737.1611328125,18.4290283203125,777.1611328125,737.1611328125,18.4290283203125,777.1611328125,737.1611328125,18.4290283203125,777.1611328125,737.1611328125,18.4290283203125,777.1611328125,737.1611328125,18.4290283203125,777.1611328125,737.1611328125,18.4290283203125
Valdes-Souto,5,16,20.0,440.7958984375,420.7958984375,21.039794921875,440.7958984375,420.7958984375,21.039794921875,440.7958984375,420.7958984375,21.039794921875,440.7958984375,420.7958984375,21.039794921875,440.7958984375,420.7958984375,21.039794921875,440.7958984375,420.7958984375,21.039794921875,440.7958984375,420.7958984375,21.039794921875
Valdes-Souto,5,24,355.0,1206.0452880859375,851.0452880859375,2.397310670664613,1206.0452880859375,851.0452880859375,2.397310670664613,1206.0452880859375,851.0452880859375,2.397310670664613,1206.0452880859375,851.0452880859375,2.397310670664613,1206.0452880859375,851.0452880859375,2.397310670664613,1206.0452880859375,851.0452880859375,2.397310670664613,1206.0452880859375,851.0452880859375,2.397310670664613
Valdes-Souto,5,33,3416.0,7625.34375,4209.34375,1.2322434865339578,7625.34375,4209.34375,1.2322434865339578,7625.34375,4209.34375,1.2322434865339578,7625.34375,4209.34375,1.2322434865339578,7625.34375,4209.34375,1.2322434865339578,7625.34375,4209.34375,1.2322434865339578,7625.34375,4209.34375,1.2322434865339578
Valdes-Souto,5,54,12264.0,8861.4052734375,3402.5947265625,0.2774457539597603,8861.4052734375,3402.5947265625,0.2774457539597603,8861.4052734375,3402.5947265625,0.2774457539597603,8861.4052734375,3402.5947265625,0.2774457539597603,8861.4052734375,3402.5947265625,0.2774457539597603,8861.4052734375,3402.5947265625,0.2774457539597603,8861.4052734375,3402.5947265625,0.2774457539597603
Valdes-Souto,6,11,148.0,50.5833740234375,97.4166259765625,0.6582204457875844,50.5833740234375,97.4166259765625,0.6582204457875844,50.5833740234375,97.4166259765625,0.6582204457875844,50.5833740234375,97.4166259765625,0.6582204457875844,50.5833740234375,97.4166259765625,0.6582204457875844,50.5833740234375,97.4166259765625,0.6582204457875844,50.5833740234375,97.4166259765625,0.6582204457875844
Valdes-Souto,6,25,11354.0,20507.85546875,9153.85546875,0.8062229583186542,20507.85546875,9153.85546875,0.8062229583186542,20507.85546875,9153.85546875,0.8062229583186542,20507.85546875,9153.85546875,0.8062229583186542,20507.85546875,9153.85546875,0.8062229583186542,20507.85546875,9153.85546875,0.8062229583186542,20507.85546875,9153.85546875,0.8062229583186542
Valdes-Souto,6,32,600.0,569.7297973632812,30.27020263671875,0.050450337727864586,569.7297973632812,30.27020263671875,0.050450337727864586,569.7297973632812,30.27020263671875,0.050450337727864586,569.7297973632812,30.27020263671875,0.050450337727864586,569.7297973632812,30.27020263671875,0.050450337727864586,569.7297973632812,30.27020263671875,0.050450337727864586,569.7297973632812,30.27020263671875,0.050450337727864586
Valdes-Souto,6,49,3919.1,9891.244140625,5972.144140625,1.5238560232259957,9891.244140625,5972.144140625,1.5238560232259957,9891.244140625,5972.144140625,1.5238560232259957,9891.244140625,5972.144140625,1.5238560232259957,9891.244140625,5972.144140625,1.5238560232259957,9891.244140625,5972.144140625,1.5238560232259957,9891.244140625,5972.144140625,1.5238560232259957
Valdes-Souto,6,50,23358.0,26320.7109375,2962.7109375,0.12683923869766248,26320.7109375,2962.7109375,0.12683923869766248,26320.7109375,2962.7109375,0.12683923869766248,26320.7109375,2962.7109375,0.12683923869766248,26320.7109375,2962.7109375,0.12683923869766248,26320.7109375,2962.7109375,0.12683923869766248,26320.7109375,2962.7109375,0.12683923869766248
Valdes-Souto,6,52,12111.0,8888.0888671875,3222.9111328125,0.2661143698135992,8888.0888671875,3222.9111328125,0.2661143698135992,8888.0888671875,3222.9111328125,0.2661143698135992,8888.0888671875,3222.9111328125,0.2661143698135992,8888.0888671875,3222.9111328125,0.2661143698135992,8888.0888671875,3222.9111328125,0.2661143698135992,8888.0888671875,3222.9111328125,0.2661143698135992
Valdes-Souto,7,1,22743.0,13757.14453125,8985.85546875,0.3951042284988788,14251.8203125,8491.1796875,0.37335354559644723,14252.0615234375,8490.9384765625,0.3733429396545091,14252.0615234375,8490.9384765625,0.3733429396545091,14251.302734375,8491.697265625,0.3733763032856263,14252.0625,8490.9375,0.3733428967154729,14251.93359375,8491.06640625,0.37334856466824956
Valdes-Souto,7,2,2440.0,3135.1142578125,695.1142578125,0.28488289254610655,3107.33447265625,667.33447265625,0.2734977346951844,3107.300537109375,667.300537109375,0.2734838266841701,3107.300537109375,667.300537109375,0.2734838266841701,3107.4072265625,667.4072265625,0.27352755186987704,3107.30029296875,667.30029296875,0.27348372662653686,3107.318359375,667.318359375,0.27349113089139343
Valdes-Souto,7,21,8400.0,26500.4765625,18100.4765625,2.154818638392857,27925.490234375,19525.490234375,2.324463123139881,27927.26171875,19527.26171875,2.324674014136905,27927.26171875,19527.26171875,2.324674014136905,27921.673828125,19521.673828125,2.3240087890625,27927.26171875,19527.26171875,2.324674014136905,27926.310546875,19526.310546875,2.324560779389881
Valdes-Souto,7,29,6882.0,6462.080078125,419.919921875,0.061017134826358614,6600.1015625,281.8984375,0.040961702630049404,6600.23681640625,281.76318359375,0.040942049345212145,6600.23681640625,281.76318359375,0.040942049345212145,6599.8125,282.1875,0.04100370531822145,6600.236328125,281.763671875,0.04094212029569892,6600.1640625,281.8359375,0.04095262096774194
Valdes-Souto,7,41,408.0,2780.828369140625,2372.828369140625,5.815755806717218,2756.76953125,2348.76953125,5.756788066789215,2756.7294921875,2348.7294921875,5.756689931832108,2756.7294921875,2348.7294921875,5.756689931832108,2756.85498046875,2348.85498046875,5.756997501148897,2756.72998046875,2348.72998046875,5.756691128599877,2756.751220703125,2348.751220703125,5.756743187997856
Valdes-Souto,7,44,784.0,721.03759765625,62.96240234375,0.08030918666294642,732.6442260742188,51.35577392578125,0.06550481368084343,732.65966796875,51.34033203125,0.06548511738679846,732.65966796875,51.34033203125,0.06548511738679846,732.6109619140625,51.3890380859375,0.06554724245655294,732.65966796875,51.34033203125,0.06548511738679846,732.6513061523438,51.34869384765625,0.0654957829689493
Valdes-Souto,8,10,3400.0,2830.640380859375,569.359619140625,0.16745871151194852,2830.640380859375,569.359619140625,0.16745871151194852,2830.640380859375,569.359619140625,0.16745871151194852,2830.640380859375,569.359619140625,0.16745871151194852,2830.640380859375,569.359619140625,0.16745871151194852,2830.640380859375,569.359619140625,0.16745871151194852,2830.640380859375,569.359619140625,0.16745871151194852
Valdes-Souto,8,23,79.0,275.26654052734375,196.26654052734375,2.4843865889537184,275.26654052734375,196.26654052734375,2.4843865889537184,275.26654052734375,196.26654052734375,2.4843865889537184,275.26654052734375,196.26654052734375,2.4843865889537184,275.26654052734375,196.26654052734375,2.4843865889537184,275.26654052734375,196.26654052734375,2.4843865889537184,275.26654052734375,196.26654052734375,2.4843865889537184
Valdes-Souto,8,35,3733.0,3932.0830078125,199.0830078125,0.0533305673218591,3932.0830078125,199.0830078125,0.0533305673218591,3932.0830078125,199.0830078125,0.0533305673218591,3932.0830078125,199.0830078125,0.0533305673218591,3932.0830078125,199.0830078125,0.0533305673218591,3932.0830078125,199.0830078125,0.0533305673218591,3932.0830078125,199.0830078125,0.0533305673218591
Valdes-Souto,8,39,96.0,75.50379943847656,20.496200561523438,0.2135020891825358,75.50379943847656,20.496200561523438,0.2135020891825358,75.50379943847656,20.496200561523438,0.2135020891825358,75.50379943847656,20.496200561523438,0.2135020891825358,75.50379943847656,20.496200561523438,0.2135020891825358,75.50379943847656,20.496200561523438,0.2135020891825358,75.50379943847656,20.496200561523438,0.2135020891825358
Valdes-Souto,8,46,9656.4,10556.919921875,900.5199218750004,0.09325627789600684,10556.919921875,900.5199218750004,0.09325627789600684,10556.919921875,900.5199218750004,0.09325627789600684,10556.919921875,900.5199218750004,0.09325627789600684,10556.919921875,900.5199218750004,0.09325627789600684,10556.919921875,900.5199218750004,0.09325627789600684,10556.919921875,900.5199218750004,0.09325627789600684
Valdes-Souto,9,7,260.0,225.76068115234375,34.23931884765625,0.13168968787560095,225.76068115234375,34.23931884765625,0.13168968787560095,225.76068115234375,34.23931884765625,0.13168968787560095,225.76068115234375,34.23931884765625,0.13168968787560095,225.76068115234375,34.23931884765625,0.13168968787560095,225.76068115234375,34.23931884765625,0.13168968787560095,225.76068115234375,34.23931884765625,0.13168968787560095
Valdes-Souto,9,18,429.0,553.9503173828125,124.9503173828125,0.291259481078817,553.9503173828125,124.9503173828125,0.291259481078817,553.9503173828125,124.9503173828125,0.291259481078817,553.9503173828125,124.9503173828125,0.291259481078817,553.9503173828125,124.9503173828125,0.291259481078817,553.9503173828125,124.9503173828125,0.291259481078817,553.9503173828125,124.9503173828125,0.291259481078817
Valdes-Souto,9,20,20.0,1170.6630859375,1150.6630859375,57.533154296875,1170.6630859375,1150.6630859375,57.533154296875,1170.6630859375,1150.6630859375,57.533154296875,1170.6630859375,1150.6630859375,57.533154296875,1170.6630859375,1150.6630859375,57.533154296875,1170.6630859375,1150.6630859375,57.533154296875,1170.6630859375,1150.6630859375,57.533154296875
Valdes-Souto,9,22,694.0,2088.536865234375,1394.536865234375,2.0094191141705693,2088.536865234375,1394.536865234375,2.0094191141705693,2088.536865234375,1394.536865234375,2.0094191141705693,2088.536865234375,1394.536865234375,2.0094191141705693,2088.536865234375,1394.536865234375,2.0094191141705693,2088.536865234375,1394.536865234375,2.0094191141705693,2088.536865234375,1394.536865234375,2.0094191141705693
Valdes-Souto,9,56,16566.0,17507.265625,941.265625,0.05681912501509115,17507.265625,941.265625,0.05681912501509115,17507.265625,941.265625,0.05681912501509115,17507.265625,941.265625,0.05681912501509115,17507.265625,941.265625,0.05681912501509115,17507.265625,941.265625,0.05681912501509115,17507.265625,941.265625,0.05681912501509115
Valdes-Souto,10,14,3360.0,1510.0556640625,1849.9443359375,0.5505786714099702,1510.0556640625,1849.9443359375,0.5505786714099702,1510.0556640625,1849.9443359375,0.5505786714099702,1510.0556640625,1849.9443359375,0.5505786714099702,1510.0556640625,1849.9443359375,0.5505786714099702,1510.0556640625,1849.9443359375,0.5505786714099702,1510.0556640625,1849.9443359375,0.5505786714099702
Valdes-Souto,10,28,20.0,541.576171875,521.576171875,26.07880859375,541.576171875,521.576171875,26.07880859375,541.576171875,521.576171875,26.07880859375,541.576171875,521.576171875,26.07880859375,541.576171875,521.576171875,26.07880859375,541.576171875,521.576171875,26.07880859375,541.576171875,521.576171875,26.07880859375
Valdes-Souto,10,38,899.0,634.5928344726562,264.40716552734375,0.29411253117613323,634.5928344726562,264.40716552734375,0.29411253117613323,634.5928344726562,264.40716552734375,0.29411253117613323,634.5928344726562,264.40716552734375,0.29411253117613323,634.5928344726562,264.40716552734375,0.29411253117613323,634.5928344726562,264.40716552734375,0.29411253117613323,634.5928344726562,264.40716552734375,0.29411253117613323
Valdes-Souto,10,42,669.0,614.8855590820312,54.11444091796875,0.08088855144688901,614.8855590820312,54.11444091796875,0.08088855144688901,614.8855590820312,54.11444091796875,0.08088855144688901,614.8855590820312,54.11444091796875,0.08088855144688901,614.8855590820312,54.11444091796875,0.08088855144688901,614.8855590820312,54.11444091796875,0.08088855144688901,614.8855590820312,54.11444091796875,0.08088855144688901
Valdes-Souto,10,51,2865.0,4311.658203125,1446.658203125,0.5049417811954625,4311.658203125,1446.658203125,0.5049417811954625,4311.658203125,1446.658203125,0.5049417811954625,4311.658203125,1446.658203125,0.5049417811954625,4311.658203125,1446.658203125,0.5049417811954625,4311.658203125,1446.658203125,0.5049417811954625,4311.658203125,1446.658203125,0.5049417811954625
