Dataset,Fold,Method,Training_MMRE,Fitness_Evaluations,Input,Output,Inquiry,File,FPAdj,RawFPcounts,AdjFP,AFP,Enquiry,Interface,Added,Duration,AdjFactor,Resource,data,modp,loc,pcap,turn,Length,Transactions,Entities,PointsNonAdjust,Adjustment,PointsAjust,Language,KSLOC,RAWFP,Actual.duration,Adjusted.function.points,First.estimate,Nlan,T07,T11,T14,T15,Size,T09,T10,T01,T08,KLOC,SCRN,FORM,FILE,ESCRN,EFORM,EFILE,TotalUFP,ExternalInterface,ExternalQueries,ExternalInputs,InternalLogicalFiles,ExternalOutputs,COSMIC_FP,HH_CFP
Albrecht,1,ABE,,0,0.1428571492433548,0.1428571492433548,0.1428571492433548,0.1428571492433548,0.1428571492433548,0.1428571492433548,0.1428571492433548,,,,,,,,,,,,,,,,,,,,,,,,,,,,,,,,,,,,,,,,,,,,,,,,,
Albrecht,1,GA-ABE,0.5960819125175476,1000,0.10177036374807358,0.09791790693998337,0.3820086121559143,0.19561481475830078,0.11359719932079315,0.10387842357158661,0.005212724674493074,,,,,,,,,,,,,,,,,,,,,,,,,,,,,,,,,,,,,,,,,,,,,,,,,
Albrecht,1,PSO-ABE,0.695163905620575,1000,0.33673059940338135,0.04321178048849106,0.15260231494903564,0.18068167567253113,0.0,0.0,0.2867736220359802,,,,,,,,,,,,,,,,,,,,,,,,,,,,,,,,,,,,,,,,,,,,,,,,,
Albrecht,1,DE-ABE,0.7902147173881531,1000,0.14546805620193481,0.14221493899822235,0.2234652191400528,0.03266756609082222,0.03871815651655197,0.01871475763618946,0.3987513482570648,,,,,,,,,,,,,,,,,,,,,,,,,,,,,,,,,,,,,,,,,,,,,,,,,
Albrecht,1,GWO-ABE,0.5637792348861694,1000,0.025990601629018784,0.11754690110683441,0.6509338021278381,0.08790815621614456,0.10136139392852783,0.011706763878464699,0.00455239275470376,,,,,,,,,,,,,,,,,,,,,,,,,,,,,,,,,,,,,,,,,,,,,,,,,
Albrecht,1,WOA-ABE,0.628974974155426,1000,0.19054833054542542,0.09695867449045181,0.7124930024147034,0.0,0.0,0.0,0.0,,,,,,,,,,,,,,,,,,,,,,,,,,,,,,,,,,,,,,,,,,,,,,,,,
Albrecht,1,FAABE,0.5937909483909607,1000,0.029802372679114342,0.09615416079759598,0.5944845676422119,0.1283331960439682,0.09891808032989502,0.052307672798633575,0.0,,,,,,,,,,,,,,,,,,,,,,,,,,,,,,,,,,,,,,,,,,,,,,,,,
Albrecht,2,ABE,,0,0.1666666716337204,0.1666666716337204,0.1666666716337204,0.1666666716337204,,0.1666666716337204,0.1666666716337204,,,,,,,,,,,,,,,,,,,,,,,,,,,,,,,,,,,,,,,,,,,,,,,,,
Albrecht,2,GA-ABE,0.7792222499847412,1000,0.3351970911026001,0.1449674516916275,0.1983880251646042,0.07659748196601868,,0.2306213229894638,0.014228646643459797,,,,,,,,,,,,,,,,,,,,,,,,,,,,,,,,,,,,,,,,,,,,,,,,,
Albrecht,2,PSO-ABE,0.767583966255188,1000,0.25327613949775696,0.526011049747467,0.17873091995716095,0.041981857270002365,,0.0,0.0,,,,,,,,,,,,,,,,,,,,,,,,,,,,,,,,,,,,,,,,,,,,,,,,,
Albrecht,2,DE-ABE,0.7520917654037476,1000,0.27084648609161377,0.16380611062049866,0.3479229807853699,0.08942359685897827,,0.05131766200065613,0.07668312638998032,,,,,,,,,,,,,,,,,,,,,,,,,,,,,,,,,,,,,,,,,,,,,,,,,
Albrecht,2,GWO-ABE,0.8037551641464233,1000,0.3183629810810089,0.028884917497634888,0.01066545769572258,0.05113133415579796,,0.09695315361022949,0.49400216341018677,,,,,,,,,,,,,,,,,,,,,,,,,,,,,,,,,,,,,,,,,,,,,,,,,
Albrecht,2,WOA-ABE,0.7872416973114014,1000,0.34992045164108276,0.30883339047431946,0.0,0.14669038355350494,,0.0,0.19455578923225403,,,,,,,,,,,,,,,,,,,,,,,,,,,,,,,,,,,,,,,,,,,,,,,,,
Albrecht,2,FAABE,0.7878426313400269,1000,0.27377113699913025,0.08216123282909393,0.0,0.024816356599330902,,0.4466707110404968,0.17258061468601227,,,,,,,,,,,,,,,,,,,,,,,,,,,,,,,,,,,,,,,,,,,,,,,,,
Albrecht,3,ABE,,0,0.1428571492433548,0.1428571492433548,0.1428571492433548,0.1428571492433548,0.1428571492433548,0.1428571492433548,0.1428571492433548,,,,,,,,,,,,,,,,,,,,,,,,,,,,,,,,,,,,,,,,,,,,,,,,,
Albrecht,3,GA-ABE,0.6062548756599426,1000,0.0,0.2744392156600952,0.4122369587421417,0.20516042411327362,0.09754795581102371,0.0,0.010615495964884758,,,,,,,,,,,,,,,,,,,,,,,,,,,,,,,,,,,,,,,,,,,,,,,,,
Albrecht,3,PSO-ABE,0.5883113145828247,1000,0.03629431873559952,0.13872170448303223,0.4908854067325592,0.138652503490448,0.09406084567308426,0.0,0.10138527303934097,,,,,,,,,,,,,,,,,,,,,,,,,,,,,,,,,,,,,,,,,,,,,,,,,
Albrecht,3,DE-ABE,0.676857590675354,1000,0.07063636183738708,0.2520783245563507,0.23397193849086761,0.1887204498052597,0.03714433312416077,0.015042942017316818,0.2024056315422058,,,,,,,,,,,,,,,,,,,,,,,,,,,,,,,,,,,,,,,,,,,,,,,,,
Albrecht,3,GWO-ABE,0.6282236576080322,1000,0.0025235924404114485,0.12261336296796799,0.7069771885871887,0.014203262515366077,0.01740647852420807,0.00032038622885011137,0.1359557807445526,,,,,,,,,,,,,,,,,,,,,,,,,,,,,,,,,,,,,,,,,,,,,,,,,
Albrecht,3,WOA-ABE,0.6295109391212463,1000,0.0,0.12490355223417282,0.6977088451385498,0.0003354893415234983,0.016337648034095764,0.007573827635496855,0.1531406193971634,,,,,,,,,,,,,,,,,,,,,,,,,,,,,,,,,,,,,,,,,,,,,,,,,
Albrecht,3,FAABE,0.5790587663650513,1000,0.0015677716583013535,0.2010149359703064,0.5531602501869202,0.09926515072584152,0.09404774755239487,0.0,0.050944164395332336,,,,,,,,,,,,,,,,,,,,,,,,,,,,,,,,,,,,,,,,,,,,,,,,,
Albrecht,4,ABE,,0,0.1666666716337204,0.1666666716337204,0.1666666716337204,0.1666666716337204,,0.1666666716337204,0.1666666716337204,,,,,,,,,,,,,,,,,,,,,,,,,,,,,,,,,,,,,,,,,,,,,,,,,
Albrecht,4,GA-ABE,0.6646226644515991,1000,0.19301627576351166,0.21157296001911163,0.3432512581348419,0.11127246171236038,,0.11018756777048111,0.03069950081408024,,,,,,,,,,,,,,,,,,,,,,,,,,,,,,,,,,,,,,,,,,,,,,,,,
Albrecht,4,PSO-ABE,0.6625375151634216,1000,0.25212210416793823,0.3307628631591797,0.2182166874408722,0.11781623959541321,,0.0,0.08108212798833847,,,,,,,,,,,,,,,,,,,,,,,,,,,,,,,,,,,,,,,,,,,,,,,,,
Albrecht,4,DE-ABE,0.7007510662078857,1000,0.0,0.3335539400577545,0.3264566957950592,0.3005973994731903,,2.2135763799724373e-07,0.03939177468419075,,,,,,,,,,,,,,,,,,,,,,,,,,,,,,,,,,,,,,,,,,,,,,,,,
Albrecht,4,GWO-ABE,0.6846460700035095,1000,0.0004971505841240287,0.25835129618644714,0.5171457529067993,0.19285321235656738,,0.014350911602377892,0.016801655292510986,,,,,,,,,,,,,,,,,,,,,,,,,,,,,,,,,,,,,,,,,,,,,,,,,
Albrecht,4,WOA-ABE,0.6738543510437012,1000,0.1879895180463791,0.17402099072933197,0.30068689584732056,0.15484964847564697,,0.17440754175186157,0.00804542563855648,,,,,,,,,,,,,,,,,,,,,,,,,,,,,,,,,,,,,,,,,,,,,,,,,
Albrecht,4,FAABE,0.6610618233680725,1000,0.31556931138038635,0.2525671422481537,0.20741142332553864,0.10920669138431549,,0.015883278101682663,0.09936212748289108,,,,,,,,,,,,,,,,,,,,,,,,,,,,,,,,,,,,,,,,,,,,,,,,,
Albrecht,5,ABE,,0,0.1428571492433548,0.1428571492433548,0.1428571492433548,0.1428571492433548,0.1428571492433548,0.1428571492433548,0.1428571492433548,,,,,,,,,,,,,,,,,,,,,,,,,,,,,,,,,,,,,,,,,,,,,,,,,
Albrecht,5,GA-ABE,0.5642383694648743,1000,0.12000031024217606,0.11594077199697495,0.33495032787323,0.16722330451011658,0.07853736728429794,0.06146566569805145,0.12188220024108887,,,,,,,,,,,,,,,,,,,,,,,,,,,,,,,,,,,,,,,,,,,,,,,,,
Albrecht,5,PSO-ABE,0.5613480806350708,1000,0.14673253893852234,0.10347533226013184,0.3640972673892975,0.14043234288692474,0.07692641764879227,0.00011210121738258749,0.1682240515947342,,,,,,,,,,,,,,,,,,,,,,,,,,,,,,,,,,,,,,,,,,,,,,,,,
Albrecht,5,DE-ABE,0.703919529914856,1000,0.21197588741779327,0.11072362214326859,0.1777862161397934,0.046673599630594254,0.24984405934810638,0.021055568009614944,0.18194107711315155,,,,,,,,,,,,,,,,,,,,,,,,,,,,,,,,,,,,,,,,,,,,,,,,,
Albrecht,5,GWO-ABE,0.5857383012771606,1000,0.0003759654937312007,0.20874932408332825,0.6140322089195251,0.10073427855968475,0.06084991246461868,0.014908937737345695,0.0003493938420433551,,,,,,,,,,,,,,,,,,,,,,,,,,,,,,,,,,,,,,,,,,,,,,,,,
Albrecht,5,WOA-ABE,0.5815844535827637,1000,0.0,0.12798117101192474,0.5889381170272827,0.046989161521196365,0.06797657161951065,0.16308249533176422,0.005032567773014307,,,,,,,,,,,,,,,,,,,,,,,,,,,,,,,,,,,,,,,,,,,,,,,,,
Albrecht,5,FAABE,0.5897337198257446,1000,0.06775467842817307,0.11423379927873611,0.4525589048862457,0.1623607873916626,0.09239533543586731,0.0841422826051712,0.02655424363911152,,,,,,,,,,,,,,,,,,,,,,,,,,,,,,,,,,,,,,,,,,,,,,,,,
Albrecht,6,ABE,,0,0.1428571492433548,0.1428571492433548,0.1428571492433548,0.1428571492433548,0.1428571492433548,0.1428571492433548,0.1428571492433548,,,,,,,,,,,,,,,,,,,,,,,,,,,,,,,,,,,,,,,,,,,,,,,,,
Albrecht,6,GA-ABE,0.3044672906398773,1000,0.05763428658246994,0.19075247645378113,0.36855024099349976,0.11748751997947693,0.1375671923160553,0.014412562362849712,0.11359570920467377,,,,,,,,,,,,,,,,,,,,,,,,,,,,,,,,,,,,,,,,,,,,,,,,,
Albrecht,6,PSO-ABE,0.3305318355560303,1000,0.051965534687042236,0.12041296809911728,0.22764012217521667,0.2780143618583679,0.06468934565782547,0.03757986053824425,0.21969786286354065,,,,,,,,,,,,,,,,,,,,,,,,,,,,,,,,,,,,,,,,,,,,,,,,,
Albrecht,6,DE-ABE,0.30476999282836914,1000,4.95931672048755e-05,0.14811667799949646,0.2595663368701935,0.18272516131401062,0.07713717222213745,1.2259085302446238e-08,0.3324050307273865,,,,,,,,,,,,,,,,,,,,,,,,,,,,,,,,,,,,,,,,,,,,,,,,,
Albrecht,6,GWO-ABE,0.299368679523468,1000,0.003066503908485174,0.1982080489397049,0.26492148637771606,0.16854692995548248,0.07764045149087906,0.0029025699477642775,0.2847140431404114,,,,,,,,,,,,,,,,,,,,,,,,,,,,,,,,,,,,,,,,,,,,,,,,,
Albrecht,6,WOA-ABE,0.321103572845459,1000,0.06884749233722687,0.17493990063667297,0.34125620126724243,0.09167115390300751,0.04917329177260399,0.04580157622694969,0.22831034660339355,,,,,,,,,,,,,,,,,,,,,,,,,,,,,,,,,,,,,,,,,,,,,,,,,
Albrecht,6,FAABE,0.3373824656009674,1000,0.27011579275131226,0.0793965682387352,0.4821126163005829,0.0,0.007306176237761974,0.0,0.1610688716173172,,,,,,,,,,,,,,,,,,,,,,,,,,,,,,,,,,,,,,,,,,,,,,,,,
Albrecht,7,ABE,,0,0.1428571492433548,0.1428571492433548,0.1428571492433548,0.1428571492433548,0.1428571492433548,0.1428571492433548,0.1428571492433548,,,,,,,,,,,,,,,,,,,,,,,,,,,,,,,,,,,,,,,,,,,,,,,,,
Albrecht,7,GA-ABE,0.5726809501647949,1000,0.0,0.0863087996840477,0.5704597234725952,0.10988554358482361,0.08309479057788849,0.08911909908056259,0.061132073402404785,,,,,,,,,,,,,,,,,,,,,,,,,,,,,,,,,,,,,,,,,,,,,,,,,
Albrecht,7,PSO-ABE,0.5707276463508606,1000,0.0,0.08990400284528732,0.5717886686325073,0.10235302895307541,0.08110260963439941,0.0,0.1548517495393753,,,,,,,,,,,,,,,,,,,,,,,,,,,,,,,,,,,,,,,,,,,,,,,,,
Albrecht,7,DE-ABE,0.6336732506752014,1000,0.33258509635925293,0.07059060037136078,0.17121952772140503,0.1736476868391037,0.008714087307453156,0.0698092132806778,0.17343378067016602,,,,,,,,,,,,,,,,,,,,,,,,,,,,,,,,,,,,,,,,,,,,,,,,,
Albrecht,7,GWO-ABE,0.5713260769844055,1000,0.00406717648729682,0.08997353911399841,0.5672857165336609,0.10949293524026871,0.07992475479841232,0.0029300858732312918,0.14632576704025269,,,,,,,,,,,,,,,,,,,,,,,,,,,,,,,,,,,,,,,,,,,,,,,,,
Albrecht,7,WOA-ABE,0.5780029296875,1000,0.04136710986495018,0.17144447565078735,0.32028743624687195,0.17349563539028168,0.09682901948690414,0.07674743980169296,0.1198289543390274,,,,,,,,,,,,,,,,,,,,,,,,,,,,,,,,,,,,,,,,,,,,,,,,,
Albrecht,7,FAABE,0.5967364311218262,1000,0.040591850876808167,0.2096860110759735,0.3016242980957031,0.15293578803539276,0.08855218440294266,0.02801458351314068,0.17859533429145813,,,,,,,,,,,,,,,,,,,,,,,,,,,,,,,,,,,,,,,,,,,,,,,,,
Albrecht,8,ABE,,0,0.1428571492433548,0.1428571492433548,0.1428571492433548,0.1428571492433548,0.1428571492433548,0.1428571492433548,0.1428571492433548,,,,,,,,,,,,,,,,,,,,,,,,,,,,,,,,,,,,,,,,,,,,,,,,,
Albrecht,8,GA-ABE,0.5600032806396484,1000,0.049273405224084854,0.13042248785495758,0.55450838804245,0.13056480884552002,0.08599027991294861,0.04612400382757187,0.0031166302505880594,,,,,,,,,,,,,,,,,,,,,,,,,,,,,,,,,,,,,,,,,,,,,,,,,
Albrecht,8,PSO-ABE,0.5585300922393799,1000,0.05275077000260353,0.11187040060758591,0.5592937469482422,0.13297238945960999,0.0803636834025383,0.0019209100864827633,0.06082817539572716,,,,,,,,,,,,,,,,,,,,,,,,,,,,,,,,,,,,,,,,,,,,,,,,,
Albrecht,8,DE-ABE,0.7847408056259155,1000,0.0,0.19218221306800842,0.2629472613334656,0.024558836594223976,0.10957992821931839,0.22662462294101715,0.18410715460777283,,,,,,,,,,,,,,,,,,,,,,,,,,,,,,,,,,,,,,,,,,,,,,,,,
Albrecht,8,GWO-ABE,0.5679433941841125,1000,0.0011340717319399118,0.14036183059215546,0.528130054473877,0.11322548240423203,0.0901026800274849,0.011486964300274849,0.11555896699428558,,,,,,,,,,,,,,,,,,,,,,,,,,,,,,,,,,,,,,,,,,,,,,,,,
Albrecht,8,WOA-ABE,0.5584193468093872,1000,0.07075420022010803,0.10498736053705215,0.5448744893074036,0.11296211183071136,0.0776124820113182,0.0,0.08880939334630966,,,,,,,,,,,,,,,,,,,,,,,,,,,,,,,,,,,,,,,,,,,,,,,,,
Albrecht,8,FAABE,0.7786746025085449,1000,0.14198696613311768,0.22268572449684143,0.1285991668701172,0.11841898411512375,0.0,0.24184182286262512,0.14646734297275543,,,,,,,,,,,,,,,,,,,,,,,,,,,,,,,,,,,,,,,,,,,,,,,,,
Albrecht,9,ABE,,0,0.1666666716337204,0.1666666716337204,0.1666666716337204,0.1666666716337204,,0.1666666716337204,0.1666666716337204,,,,,,,,,,,,,,,,,,,,,,,,,,,,,,,,,,,,,,,,,,,,,,,,,
Albrecht,9,GA-ABE,0.741111695766449,1000,0.16273978352546692,0.13987353444099426,0.1666434407234192,0.31192925572395325,,0.0,0.21881401538848877,,,,,,,,,,,,,,,,,,,,,,,,,,,,,,,,,,,,,,,,,,,,,,,,,
Albrecht,9,PSO-ABE,0.6798768043518066,1000,0.21245628595352173,0.3026067614555359,0.3989207148551941,0.05458514019846916,,0.0,0.031431082636117935,,,,,,,,,,,,,,,,,,,,,,,,,,,,,,,,,,,,,,,,,,,,,,,,,
Albrecht,9,DE-ABE,0.6642098426818848,1000,0.1523599773645401,0.13552209734916687,0.5856253504753113,0.05767754837870598,,0.056329064071178436,0.01248595304787159,,,,,,,,,,,,,,,,,,,,,,,,,,,,,,,,,,,,,,,,,,,,,,,,,
Albrecht,9,GWO-ABE,0.6316803097724915,1000,0.09822341799736023,0.13596586883068085,0.6834120750427246,0.002025261987000704,,0.06317248195409775,0.017200957983732224,,,,,,,,,,,,,,,,,,,,,,,,,,,,,,,,,,,,,,,,,,,,,,,,,
Albrecht,9,WOA-ABE,0.6189516186714172,1000,0.13259311020374298,0.16094651818275452,0.658268392086029,0.018863031640648842,,0.0,0.02932893857359886,,,,,,,,,,,,,,,,,,,,,,,,,,,,,,,,,,,,,,,,,,,,,,,,,
Albrecht,9,FAABE,0.6290807127952576,1000,0.14043790102005005,0.14758914709091187,0.681201159954071,0.0,,0.030771814286708832,0.0,,,,,,,,,,,,,,,,,,,,,,,,,,,,,,,,,,,,,,,,,,,,,,,,,
Albrecht,10,ABE,,0,0.1666666716337204,0.1666666716337204,0.1666666716337204,0.1666666716337204,,0.1666666716337204,0.1666666716337204,,,,,,,,,,,,,,,,,,,,,,,,,,,,,,,,,,,,,,,,,,,,,,,,,
Albrecht,10,GA-ABE,0.6806896924972534,1000,0.02348819375038147,0.26479876041412354,0.09672282636165619,0.2366185188293457,,0.2399176061153412,0.1384541392326355,,,,,,,,,,,,,,,,,,,,,,,,,,,,,,,,,,,,,,,,,,,,,,,,,
Albrecht,10,PSO-ABE,0.6402576565742493,1000,0.0,0.15365417301654816,0.39972028136253357,0.2216195911169052,,0.0,0.22500596940517426,,,,,,,,,,,,,,,,,,,,,,,,,,,,,,,,,,,,,,,,,,,,,,,,,
Albrecht,10,DE-ABE,0.6608607172966003,1000,0.06134632229804993,0.2112276554107666,0.08151735365390778,0.31120580434799194,,0.01772524043917656,0.31697767972946167,,,,,,,,,,,,,,,,,,,,,,,,,,,,,,,,,,,,,,,,,,,,,,,,,
Albrecht,10,GWO-ABE,0.6226313710212708,1000,0.08851205557584763,0.16400966048240662,0.6724089980125427,0.050621580332517624,,0.00016781997692305595,0.02427985705435276,,,,,,,,,,,,,,,,,,,,,,,,,,,,,,,,,,,,,,,,,,,,,,,,,
Albrecht,10,WOA-ABE,0.6322833299636841,1000,0.0018569043604657054,0.1867266595363617,0.6839882135391235,0.12008894234895706,,0.007339288480579853,0.0,,,,,,,,,,,,,,,,,,,,,,,,,,,,,,,,,,,,,,,,,,,,,,,,,
Albrecht,10,FAABE,0.6475710272789001,1000,0.0,0.1879442185163498,0.35438182950019836,0.23834942281246185,,0.0,0.21932452917099,,,,,,,,,,,,,,,,,,,,,,,,,,,,,,,,,,,,,,,,,,,,,,,,,
China,1,ABE,,0,0.1111111119389534,0.1111111119389534,,0.1111111119389534,,,,0.1111111119389534,0.1111111119389534,0.1111111119389534,0.1111111119389534,0.1111111119389534,0.1111111119389534,,,,,,,,,,,,,,,,,,,,,,,,,,,,,,,,,,,,,,,,,,,
China,1,GA-ABE,1.1784871816635132,1000,0.10481694340705872,0.06147848814725876,,0.1633688062429428,,,,0.042315803468227386,0.08029824495315552,0.2226342260837555,0.030336789786815643,0.2148619294166565,0.0798887386918068,,,,,,,,,,,,,,,,,,,,,,,,,,,,,,,,,,,,,,,,,,,
China,1,PSO-ABE,1.1311750411987305,1000,0.09701305627822876,0.22441019117832184,,0.058918021619319916,,,,0.025139249861240387,0.08053650707006454,0.2351512759923935,0.07341644167900085,0.05643227696418762,0.14898303151130676,,,,,,,,,,,,,,,,,,,,,,,,,,,,,,,,,,,,,,,,,,,
China,1,DE-ABE,1.1313302516937256,1000,0.16864782571792603,0.22405576705932617,,0.07310664653778076,,,,0.0,0.059059321880340576,0.17981189489364624,0.08373559266328812,0.0558227114379406,0.1557602882385254,,,,,,,,,,,,,,,,,,,,,,,,,,,,,,,,,,,,,,,,,,,
China,1,GWO-ABE,1.1542820930480957,1000,0.008650088682770729,0.05429839715361595,,0.2870194911956787,,,,0.008488694205880165,0.044490713626146317,0.005588904023170471,0.2158336192369461,0.07058149576187134,0.3050486445426941,,,,,,,,,,,,,,,,,,,,,,,,,,,,,,,,,,,,,,,,,,,
China,1,WOA-ABE,1.1320483684539795,1000,0.1058289036154747,0.2055790275335312,,0.11325414478778839,,,,0.027860643342137337,0.061164967715740204,0.18382854759693146,0.1082916408777237,0.058086443692445755,0.1361057311296463,,,,,,,,,,,,,,,,,,,,,,,,,,,,,,,,,,,,,,,,,,,
China,1,FAABE,1.159712553024292,1000,0.12276339530944824,0.21385325491428375,,0.14201763272285461,,,,0.0,0.05092354118824005,0.17027656733989716,0.05318770185112953,0.07116806507110596,0.1758098006248474,,,,,,,,,,,,,,,,,,,,,,,,,,,,,,,,,,,,,,,,,,,
China,2,ABE,,0,0.1111111119389534,0.1111111119389534,,0.1111111119389534,,,,0.1111111119389534,0.1111111119389534,0.1111111119389534,0.1111111119389534,0.1111111119389534,0.1111111119389534,,,,,,,,,,,,,,,,,,,,,,,,,,,,,,,,,,,,,,,,,,,
China,2,GA-ABE,1.1804670095443726,1000,0.1929817646741867,0.06747809052467346,,0.03989829868078232,,,,0.027574123814702034,0.08009413629770279,0.034120555967092514,0.41569629311561584,0.044288091361522675,0.09786859154701233,,,,,,,,,,,,,,,,,,,,,,,,,,,,,,,,,,,,,,,,,,,
China,2,PSO-ABE,1.2095154523849487,1000,0.11541345715522766,0.0,,0.1866385042667389,,,,0.08369562029838562,0.04757988825440407,0.1509411633014679,0.04121260344982147,0.23769162595272064,0.13682714104652405,,,,,,,,,,,,,,,,,,,,,,,,,,,,,,,,,,,,,,,,,,,
China,2,DE-ABE,1.177114725112915,1000,0.08317927271127701,0.08882056176662445,,0.044352442026138306,,,,0.018803689628839493,0.10970228910446167,0.22457396984100342,0.29648539423942566,0.07759201526641846,0.05649038404226303,,,,,,,,,,,,,,,,,,,,,,,,,,,,,,,,,,,,,,,,,,,
China,2,GWO-ABE,1.2100814580917358,1000,0.008417573757469654,0.020095115527510643,,0.19912584125995636,,,,0.11637471616268158,0.04974471405148506,0.17233267426490784,0.004457566421478987,0.2733583450317383,0.15609341859817505,,,,,,,,,,,,,,,,,,,,,,,,,,,,,,,,,,,,,,,,,,,
China,2,WOA-ABE,1.214266300201416,1000,0.11182869225740433,0.148270845413208,,0.14549332857131958,,,,0.0,0.04950224980711937,0.08377037197351456,0.3712192177772522,0.03811592981219292,0.05179937928915024,,,,,,,,,,,,,,,,,,,,,,,,,,,,,,,,,,,,,,,,,,,
China,2,FAABE,1.2518634796142578,1000,0.14510008692741394,0.0,,0.14082348346710205,,,,0.12507662177085876,0.025413474068045616,0.21624283492565155,0.0,0.2237073928117752,0.12363608181476593,,,,,,,,,,,,,,,,,,,,,,,,,,,,,,,,,,,,,,,,,,,
China,3,ABE,,0,0.1111111119389534,0.1111111119389534,,0.1111111119389534,,,,0.1111111119389534,0.1111111119389534,0.1111111119389534,0.1111111119389534,0.1111111119389534,0.1111111119389534,,,,,,,,,,,,,,,,,,,,,,,,,,,,,,,,,,,,,,,,,,,
China,3,GA-ABE,1.2104384899139404,1000,0.09663747996091843,0.07895836234092712,,0.13066524267196655,,,,0.07875043898820877,0.04039178043603897,0.17948758602142334,0.12467034161090851,0.1336158961057663,0.13682284951210022,,,,,,,,,,,,,,,,,,,,,,,,,,,,,,,,,,,,,,,,,,,
China,3,PSO-ABE,1.2164130210876465,1000,0.0,0.09401366859674454,,0.027011945843696594,,,,0.03443213179707527,0.07163511961698532,0.06879869103431702,0.3169386386871338,0.08999569714069366,0.2971740961074829,,,,,,,,,,,,,,,,,,,,,,,,,,,,,,,,,,,,,,,,,,,
China,3,DE-ABE,1.2212270498275757,1000,0.14473839104175568,0.1073218435049057,,0.03663758933544159,,,,0.0659341961145401,0.0511595644056797,0.22189775109291077,0.06119474396109581,0.07607506215572357,0.23504090309143066,,,,,,,,,,,,,,,,,,,,,,,,,,,,,,,,,,,,,,,,,,,
China,3,GWO-ABE,1.1966944932937622,1000,0.0133518623188138,0.001294344780035317,,0.05125401169061661,,,,0.004793976433575153,0.05684463307261467,0.0003786582965403795,0.5097641944885254,0.13314686715602875,0.22917144000530243,,,,,,,,,,,,,,,,,,,,,,,,,,,,,,,,,,,,,,,,,,,
China,3,WOA-ABE,1.2162141799926758,1000,0.11350633203983307,0.11791376024484634,,0.0861901044845581,,,,0.10910447686910629,0.048695094883441925,0.18333719670772552,0.1040266677737236,0.12080494314432144,0.1164214238524437,,,,,,,,,,,,,,,,,,,,,,,,,,,,,,,,,,,,,,,,,,,
China,3,FAABE,1.241773247718811,1000,0.11707242578268051,0.09794838726520538,,0.15684518218040466,,,,0.0,0.03278438746929169,0.19068628549575806,0.08739197999238968,0.09052503108978271,0.2267463356256485,,,,,,,,,,,,,,,,,,,,,,,,,,,,,,,,,,,,,,,,,,,
China,4,ABE,,0,0.1111111119389534,0.1111111119389534,,0.1111111119389534,,,,0.1111111119389534,0.1111111119389534,0.1111111119389534,0.1111111119389534,0.1111111119389534,0.1111111119389534,,,,,,,,,,,,,,,,,,,,,,,,,,,,,,,,,,,,,,,,,,,
China,4,GA-ABE,1.1039156913757324,1000,0.05730535835027695,0.08616207540035248,,0.07978085428476334,,,,0.0007110753795132041,0.026687487959861755,0.14010275900363922,0.087889164686203,0.10977984964847565,0.4115813374519348,,,,,,,,,,,,,,,,,,,,,,,,,,,,,,,,,,,,,,,,,,,
China,4,PSO-ABE,1.1868003606796265,1000,0.0028288280591368675,0.0,,0.0,,,,0.13698545098304749,0.02198774367570877,0.2045447677373886,0.16503097116947174,0.28703755140304565,0.18158476054668427,,,,,,,,,,,,,,,,,,,,,,,,,,,,,,,,,,,,,,,,,,,
China,4,DE-ABE,1.173184871673584,1000,0.09193649888038635,0.04110461473464966,,0.2953280210494995,,,,0.09024803340435028,0.014252756722271442,0.13453000783920288,0.19724199175834656,0.06046466901898384,0.07489337027072906,,,,,,,,,,,,,,,,,,,,,,,,,,,,,,,,,,,,,,,,,,,
China,4,GWO-ABE,1.0974152088165283,1000,0.0003401885915081948,0.05960361286997795,,0.0947674810886383,,,,0.07297447323799133,0.029871774837374687,0.01934020034968853,0.15389218926429749,0.16346101462841034,0.4057490825653076,,,,,,,,,,,,,,,,,,,,,,,,,,,,,,,,,,,,,,,,,,,
China,4,WOA-ABE,1.0945091247558594,1000,0.007045926060527563,0.03852609172463417,,0.06836448609828949,,,,0.0671105831861496,0.04005536437034607,0.025213584303855896,0.16519466042518616,0.15617431700229645,0.432314932346344,,,,,,,,,,,,,,,,,,,,,,,,,,,,,,,,,,,,,,,,,,,
China,4,FAABE,1.1401855945587158,1000,0.08711954951286316,0.05302510783076286,,0.12750662863254547,,,,0.0,0.01704232208430767,0.11472110450267792,0.17532777786254883,0.09065812826156616,0.3345993757247925,,,,,,,,,,,,,,,,,,,,,,,,,,,,,,,,,,,,,,,,,,,
China,5,ABE,,0,0.1111111119389534,0.1111111119389534,,0.1111111119389534,,,,0.1111111119389534,0.1111111119389534,0.1111111119389534,0.1111111119389534,0.1111111119389534,0.1111111119389534,,,,,,,,,,,,,,,,,,,,,,,,,,,,,,,,,,,,,,,,,,,
China,5,GA-ABE,1.2663497924804688,1000,0.16385410726070404,0.16740682721138,,0.10103936493396759,,,,0.0,0.05512015521526337,0.1913387030363083,0.08356302976608276,0.0643560141324997,0.17332184314727783,,,,,,,,,,,,,,,,,,,,,,,,,,,,,,,,,,,,,,,,,,,
China,5,PSO-ABE,1.2587742805480957,1000,0.0,0.02256695181131363,,0.2334311604499817,,,,0.14114215970039368,0.06610403954982758,0.12689563632011414,0.1815810203552246,0.22011569142341614,0.00816334132105112,,,,,,,,,,,,,,,,,,,,,,,,,,,,,,,,,,,,,,,,,,,
China,5,DE-ABE,1.2907800674438477,1000,0.10490559041500092,0.19470179080963135,,0.10868237912654877,,,,0.01898902654647827,0.03021436370909214,0.15216028690338135,0.022994156926870346,0.1551142930984497,0.212238147854805,,,,,,,,,,,,,,,,,,,,,,,,,,,,,,,,,,,,,,,,,,,
China,5,GWO-ABE,1.2551391124725342,1000,0.29455602169036865,0.013214513659477234,,0.04767515882849693,,,,0.002540272893384099,0.04626878723502159,0.09867394715547562,0.00032325589563697577,0.09099800139665604,0.4057500958442688,,,,,,,,,,,,,,,,,,,,,,,,,,,,,,,,,,,,,,,,,,,
China,5,WOA-ABE,1.2906901836395264,1000,0.5017822980880737,0.0,,0.0226682648062706,,,,0.07546665519475937,0.09205564856529236,0.08474740386009216,0.023941075429320335,0.1286173313856125,0.07072139531373978,,,,,,,,,,,,,,,,,,,,,,,,,,,,,,,,,,,,,,,,,,,
China,5,FAABE,1.3182612657546997,1000,0.17877724766731262,0.06303051114082336,,0.06411851942539215,,,,0.08580999821424484,0.05934467539191246,0.17156945168972015,0.026125634089112282,0.2036908119916916,0.14753314852714539,,,,,,,,,,,,,,,,,,,,,,,,,,,,,,,,,,,,,,,,,,,
China,6,ABE,,0,0.10000000149011612,0.10000000149011612,,0.10000000149011612,,,,0.10000000149011612,0.10000000149011612,0.10000000149011612,0.10000000149011612,0.10000000149011612,0.10000000149011612,0.10000000149011612,,,,,,,,,,,,,,,,,,,,,,,,,,,,,,,,,,,,,,,,,,
China,6,GA-ABE,1.116068720817566,1000,0.033828455954790115,0.13663707673549652,,0.06585181504487991,,,,0.1571820080280304,0.09441754966974258,0.14305619895458221,7.630654152990246e-08,0.22979463636875153,0.13914315402507782,8.90730443643406e-05,,,,,,,,,,,,,,,,,,,,,,,,,,,,,,,,,,,,,,,,,,
China,6,PSO-ABE,1.0891848802566528,1000,0.10451995581388474,0.09819600731134415,,0.0,,,,0.17968109250068665,0.082618348300457,0.14225810766220093,0.0,0.170689195394516,0.21527257561683655,0.006764692720025778,,,,,,,,,,,,,,,,,,,,,,,,,,,,,,,,,,,,,,,,,,
China,6,DE-ABE,1.114506721496582,1000,0.07687683403491974,0.1712985783815384,,0.14703620970249176,,,,0.001745504909195006,0.06817901134490967,0.07264557480812073,0.01607389934360981,0.23433499038219452,0.15353555977344513,0.058273881673812866,,,,,,,,,,,,,,,,,,,,,,,,,,,,,,,,,,,,,,,,,,
China,6,GWO-ABE,1.0969511270523071,1000,0.12266981601715088,0.13033747673034668,,0.004008259624242783,,,,0.019327005371451378,0.06843870133161545,0.17972761392593384,0.08513277024030685,0.21201708912849426,0.17156310379505157,0.006778234615921974,,,,,,,,,,,,,,,,,,,,,,,,,,,,,,,,,,,,,,,,,,
China,6,WOA-ABE,1.1117833852767944,1000,0.08845358341932297,0.0250569898635149,,0.13286708295345306,,,,0.09918855130672455,0.039291009306907654,0.07981318980455399,0.0835191085934639,0.25174689292907715,0.18701514601707458,0.01304840762168169,,,,,,,,,,,,,,,,,,,,,,,,,,,,,,,,,,,,,,,,,,
China,6,FAABE,1.1347981691360474,1000,0.0,0.0,,0.24176505208015442,,,,0.1189376711845398,0.09615199267864227,0.06119421869516373,0.05656575411558151,0.25377920269966125,0.17160610854625702,0.0,,,,,,,,,,,,,,,,,,,,,,,,,,,,,,,,,,,,,,,,,,
China,7,ABE,,0,0.1111111119389534,0.1111111119389534,,0.1111111119389534,,,,0.1111111119389534,0.1111111119389534,0.1111111119389534,0.1111111119389534,0.1111111119389534,0.1111111119389534,,,,,,,,,,,,,,,,,,,,,,,,,,,,,,,,,,,,,,,,,,,
China,7,GA-ABE,1.1157262325286865,1000,0.031961552798748016,0.1265755593776703,,0.0012598717585206032,,,,0.11991828680038452,0.1322557032108307,0.0,0.1507924497127533,0.42113617062568665,0.016100376844406128,,,,,,,,,,,,,,,,,,,,,,,,,,,,,,,,,,,,,,,,,,,
China,7,PSO-ABE,1.0716856718063354,1000,0.020522285252809525,0.06796833127737045,,0.08107355237007141,,,,0.11688705533742905,0.05481003224849701,0.18137694895267487,0.01591568812727928,0.26701366901397705,0.19443243741989136,,,,,,,,,,,,,,,,,,,,,,,,,,,,,,,,,,,,,,,,,,,
China,7,DE-ABE,1.1277645826339722,1000,0.2116990089416504,0.14142584800720215,,0.0,,,,0.0398448221385479,0.2534434199333191,0.14278644323349,0.0,0.15734699368476868,0.053453437983989716,,,,,,,,,,,,,,,,,,,,,,,,,,,,,,,,,,,,,,,,,,,
China,7,GWO-ABE,1.1186619997024536,1000,0.006237342022359371,0.00781906396150589,,0.10700498521327972,,,,0.010667195543646812,0.07754793018102646,0.31842055916786194,0.03493132069706917,0.2695998549461365,0.16777175664901733,,,,,,,,,,,,,,,,,,,,,,,,,,,,,,,,,,,,,,,,,,,
China,7,WOA-ABE,1.12666654586792,1000,0.0,0.0,,0.0,,,,0.13902448117733002,0.04595407098531723,0.30759376287460327,0.0,0.36548683047294617,0.14194084703922272,,,,,,,,,,,,,,,,,,,,,,,,,,,,,,,,,,,,,,,,,,,
China,7,FAABE,1.1364624500274658,1000,0.0,0.011222101747989655,,0.1176404282450676,,,,0.1043769121170044,0.06441522389650345,0.2615327835083008,0.012675072997808456,0.3127676248550415,0.11536987870931625,,,,,,,,,,,,,,,,,,,,,,,,,,,,,,,,,,,,,,,,,,,
China,8,ABE,,0,0.1111111119389534,0.1111111119389534,,0.1111111119389534,,,,0.1111111119389534,0.1111111119389534,0.1111111119389534,0.1111111119389534,0.1111111119389534,0.1111111119389534,,,,,,,,,,,,,,,,,,,,,,,,,,,,,,,,,,,,,,,,,,,
China,8,GA-ABE,1.1840157508850098,1000,0.13600336015224457,0.06679296493530273,,0.06032858416438103,,,,0.0,0.04343728721141815,0.1778557002544403,0.05658489093184471,0.06277114897966385,0.396226167678833,,,,,,,,,,,,,,,,,,,,,,,,,,,,,,,,,,,,,,,,,,,
China,8,PSO-ABE,1.2290363311767578,1000,0.04351324215531349,0.12483064085245132,,0.08132731169462204,,,,0.02817591279745102,0.05224871262907982,0.024055298417806625,0.48084720969200134,0.048189837485551834,0.1168118491768837,,,,,,,,,,,,,,,,,,,,,,,,,,,,,,,,,,,,,,,,,,,
China,8,DE-ABE,1.2605526447296143,1000,0.10549072921276093,0.22686858475208282,,0.08959373086690903,,,,0.0069724684581160545,0.05482838302850723,0.21873509883880615,0.0,0.16833320260047913,0.12917782366275787,,,,,,,,,,,,,,,,,,,,,,,,,,,,,,,,,,,,,,,,,,,
China,8,GWO-ABE,1.1697158813476562,1000,0.17019325494766235,0.08425654470920563,,0.10281769931316376,,,,9.667680387792643e-06,0.03648308664560318,0.15790705382823944,0.008093803189694881,0.05794956535100937,0.382289320230484,,,,,,,,,,,,,,,,,,,,,,,,,,,,,,,,,,,,,,,,,,,
China,8,WOA-ABE,1.237683653831482,1000,0.15751215815544128,0.0480901338160038,,0.0036949822679162025,,,,0.06390064209699631,0.034843750298023224,0.05877632275223732,0.194231778383255,0.12870952486991882,0.3102407455444336,,,,,,,,,,,,,,,,,,,,,,,,,,,,,,,,,,,,,,,,,,,
China,8,FAABE,1.2445462942123413,1000,0.08906563371419907,0.058720093220472336,,0.0,,,,0.0,0.057811032980680466,0.10994299501180649,0.26576924324035645,0.06287777423858643,0.35581323504447937,,,,,,,,,,,,,,,,,,,,,,,,,,,,,,,,,,,,,,,,,,,
China,9,ABE,,0,0.1111111119389534,0.1111111119389534,,0.1111111119389534,,,,0.1111111119389534,0.1111111119389534,0.1111111119389534,0.1111111119389534,0.1111111119389534,0.1111111119389534,,,,,,,,,,,,,,,,,,,,,,,,,,,,,,,,,,,,,,,,,,,
China,9,GA-ABE,1.2315754890441895,1000,0.017673920840024948,0.1195431724190712,,0.03539494052529335,,,,0.04578821361064911,0.0806279256939888,0.2932758033275604,0.2706012427806854,0.05272339656949043,0.08437138050794601,,,,,,,,,,,,,,,,,,,,,,,,,,,,,,,,,,,,,,,,,,,
China,9,PSO-ABE,1.2753520011901855,1000,0.028057580813765526,0.11369860917329788,,0.0,,,,0.12104794383049011,0.07702814042568207,0.33591634035110474,0.0749046802520752,0.14887122809886932,0.10047547519207001,,,,,,,,,,,,,,,,,,,,,,,,,,,,,,,,,,,,,,,,,,,
China,9,DE-ABE,1.2932096719741821,1000,0.06604310870170593,0.20382282137870789,,0.08345434069633484,,,,0.09010390937328339,0.07081509381532669,0.0801166370511055,0.009290422312915325,0.25009772181510925,0.14625602960586548,,,,,,,,,,,,,,,,,,,,,,,,,,,,,,,,,,,,,,,,,,,
China,9,GWO-ABE,1.2710076570510864,1000,0.059571608901023865,0.15185648202896118,,0.07266039401292801,,,,0.03097236342728138,0.067768394947052,0.22670742869377136,0.04705183953046799,0.1994861662387848,0.14392538368701935,,,,,,,,,,,,,,,,,,,,,,,,,,,,,,,,,,,,,,,,,,,
China,9,WOA-ABE,1.3113459348678589,1000,0.19881084561347961,0.08959899842739105,,0.03322445973753929,,,,0.144553080201149,0.08149659633636475,0.10557251423597336,0.043687302619218826,0.13763746619224548,0.16541874408721924,,,,,,,,,,,,,,,,,,,,,,,,,,,,,,,,,,,,,,,,,,,
China,9,FAABE,1.280837893486023,1000,0.15464738011360168,0.10227923840284348,,0.1297813206911087,,,,0.04715540260076523,0.039274848997592926,0.18003758788108826,0.0,0.08610089123249054,0.2607233226299286,,,,,,,,,,,,,,,,,,,,,,,,,,,,,,,,,,,,,,,,,,,
China,10,ABE,,0,0.1111111119389534,0.1111111119389534,,0.1111111119389534,,,,0.1111111119389534,0.1111111119389534,0.1111111119389534,0.1111111119389534,0.1111111119389534,0.1111111119389534,,,,,,,,,,,,,,,,,,,,,,,,,,,,,,,,,,,,,,,,,,,
China,10,GA-ABE,1.2612746953964233,1000,0.12813428044319153,0.1222495287656784,,0.08133125305175781,,,,0.027544967830181122,0.05997447669506073,0.16546374559402466,0.0,0.21902158856391907,0.1962801218032837,,,,,,,,,,,,,,,,,,,,,,,,,,,,,,,,,,,,,,,,,,,
China,10,PSO-ABE,1.225379228591919,1000,0.19086576998233795,0.11100585758686066,,0.03103036805987358,,,,0.00013434373249765486,0.054249752312898636,0.13193285465240479,0.1665496528148651,0.060060031712055206,0.2541714012622833,,,,,,,,,,,,,,,,,,,,,,,,,,,,,,,,,,,,,,,,,,,
China,10,DE-ABE,1.2808489799499512,1000,0.08396009355783463,0.13934624195098877,,0.023244231939315796,,,,0.09839093685150146,0.06471823900938034,0.158001109957695,0.009807916358113289,0.22302314639091492,0.19950813055038452,,,,,,,,,,,,,,,,,,,,,,,,,,,,,,,,,,,,,,,,,,,
China,10,GWO-ABE,1.2344393730163574,1000,0.01786782778799534,0.14609716832637787,,0.07503315061330795,,,,0.052358195185661316,0.06470131129026413,0.04238399118185043,0.00026202143635600805,0.17523039877414703,0.42606592178344727,,,,,,,,,,,,,,,,,,,,,,,,,,,,,,,,,,,,,,,,,,,
China,10,WOA-ABE,1.25202476978302,1000,0.12999974191188812,0.12217240035533905,,0.0,,,,0.027017012238502502,0.069326251745224,0.10347110778093338,0.0,0.1514991819858551,0.3965143859386444,,,,,,,,,,,,,,,,,,,,,,,,,,,,,,,,,,,,,,,,,,,
China,10,FAABE,1.249142050743103,1000,0.10085486620664597,0.22614650428295135,,0.029769444838166237,,,,0.0,0.0602148212492466,0.08027799427509308,0.13191135227680206,0.08569381386041641,0.28513118624687195,,,,,,,,,,,,,,,,,,,,,,,,,,,,,,,,,,,,,,,,,,,
COCOMO81,1,ABE,,0,,,,,,,,,,,,,,,0.3333333432674408,0.3333333432674408,0.3333333432674408,,,,,,,,,,,,,,,,,,,,,,,,,,,,,,,,,,,,,,,
COCOMO81,1,GA-ABE,1.4657857418060303,1000,,,,,,,,,,,,,,,0.9777144193649292,0.0014283994678407907,0.020857203751802444,,,,,,,,,,,,,,,,,,,,,,,,,,,,,,,,,,,,,,,
COCOMO81,1,PSO-ABE,1.4486089944839478,1000,,,,,,,,,,,,,,,0.9912123680114746,0.0005576188559643924,0.008230019360780716,,,,,,,,,,,,,,,,,,,,,,,,,,,,,,,,,,,,,,,
COCOMO81,1,DE-ABE,1.6612873077392578,1000,,,,,,,,,,,,,,,0.0055883838795125484,0.8593040108680725,0.1351076364517212,,,,,,,,,,,,,,,,,,,,,,,,,,,,,,,,,,,,,,,
COCOMO81,1,GWO-ABE,1.4607049226760864,1000,,,,,,,,,,,,,,,0.9851515293121338,0.0002566189505159855,0.01459184568375349,,,,,,,,,,,,,,,,,,,,,,,,,,,,,,,,,,,,,,,
COCOMO81,1,WOA-ABE,1.434277892112732,1000,,,,,,,,,,,,,,,0.9997668862342834,1.5904102838248946e-05,0.00021721287339460105,,,,,,,,,,,,,,,,,,,,,,,,,,,,,,,,,,,,,,,
COCOMO81,1,FAABE,1.6881554126739502,1000,,,,,,,,,,,,,,,0.018824370577931404,0.5268622040748596,0.4543134272098541,,,,,,,,,,,,,,,,,,,,,,,,,,,,,,,,,,,,,,,
COCOMO81,2,ABE,,0,,,,,,,,,,,,,,,0.3333333432674408,0.3333333432674408,0.3333333432674408,,,,,,,,,,,,,,,,,,,,,,,,,,,,,,,,,,,,,,,
COCOMO81,2,GA-ABE,1.663063406944275,1000,,,,,,,,,,,,,,,0.8965058922767639,0.001720436499454081,0.1017736867070198,,,,,,,,,,,,,,,,,,,,,,,,,,,,,,,,,,,,,,,
COCOMO81,2,PSO-ABE,1.5752619504928589,1000,,,,,,,,,,,,,,,0.9999926686286926,1.8162188553105807e-07,7.123923296603607e-06,,,,,,,,,,,,,,,,,,,,,,,,,,,,,,,,,,,,,,,
COCOMO81,2,DE-ABE,2.009429931640625,1000,,,,,,,,,,,,,,,0.004947579000145197,0.5662345290184021,0.42881786823272705,,,,,,,,,,,,,,,,,,,,,,,,,,,,,,,,,,,,,,,
COCOMO81,2,GWO-ABE,1.6018799543380737,1000,,,,,,,,,,,,,,,0.9980517625808716,4.756417911266908e-05,0.0019007028313353658,,,,,,,,,,,,,,,,,,,,,,,,,,,,,,,,,,,,,,,
COCOMO81,2,WOA-ABE,1.7789905071258545,1000,,,,,,,,,,,,,,,0.39975351095199585,0.0,0.6002464890480042,,,,,,,,,,,,,,,,,,,,,,,,,,,,,,,,,,,,,,,
COCOMO81,2,FAABE,1.6823962926864624,1000,,,,,,,,,,,,,,,0.6279924511909485,0.006203344091773033,0.3658042252063751,,,,,,,,,,,,,,,,,,,,,,,,,,,,,,,,,,,,,,,
COCOMO81,3,ABE,,0,,,,,,,,,,,,,,,0.3333333432674408,,0.3333333432674408,0.3333333432674408,,,,,,,,,,,,,,,,,,,,,,,,,,,,,,,,,,,,,,
COCOMO81,3,GA-ABE,1.3725463151931763,1000,,,,,,,,,,,,,,,0.17655567824840546,,0.6353574395179749,0.18808691203594208,,,,,,,,,,,,,,,,,,,,,,,,,,,,,,,,,,,,,,
COCOMO81,3,PSO-ABE,1.3740818500518799,1000,,,,,,,,,,,,,,,0.13401131331920624,,0.582741379737854,0.2832472622394562,,,,,,,,,,,,,,,,,,,,,,,,,,,,,,,,,,,,,,
COCOMO81,3,DE-ABE,1.3740841150283813,1000,,,,,,,,,,,,,,,0.13402655720710754,,0.5828195810317993,0.28315386176109314,,,,,,,,,,,,,,,,,,,,,,,,,,,,,,,,,,,,,,
COCOMO81,3,GWO-ABE,1.3794413805007935,1000,,,,,,,,,,,,,,,0.11903706938028336,,0.6113649606704712,0.26959794759750366,,,,,,,,,,,,,,,,,,,,,,,,,,,,,,,,,,,,,,
COCOMO81,3,WOA-ABE,1.3741055727005005,1000,,,,,,,,,,,,,,,0.13418041169643402,,0.5834859609603882,0.2823336124420166,,,,,,,,,,,,,,,,,,,,,,,,,,,,,,,,,,,,,,
COCOMO81,3,FAABE,1.3743001222610474,1000,,,,,,,,,,,,,,,0.13570009171962738,,0.5881024599075317,0.27619749307632446,,,,,,,,,,,,,,,,,,,,,,,,,,,,,,,,,,,,,,
COCOMO81,4,ABE,,0,,,,,,,,,,,,,,,0.5,,0.5,,,,,,,,,,,,,,,,,,,,,,,,,,,,,,,,,,,,,,,
COCOMO81,4,GA-ABE,1.460273265838623,1000,,,,,,,,,,,,,,,0.4243882894515991,,0.5756117105484009,,,,,,,,,,,,,,,,,,,,,,,,,,,,,,,,,,,,,,,
COCOMO81,4,PSO-ABE,1.4601980447769165,1000,,,,,,,,,,,,,,,0.4237630367279053,,0.5762370228767395,,,,,,,,,,,,,,,,,,,,,,,,,,,,,,,,,,,,,,,
COCOMO81,4,DE-ABE,1.4601980447769165,1000,,,,,,,,,,,,,,,0.4237630069255829,,0.5762370228767395,,,,,,,,,,,,,,,,,,,,,,,,,,,,,,,,,,,,,,,
COCOMO81,4,GWO-ABE,1.4614757299423218,1000,,,,,,,,,,,,,,,0.43435683846473694,,0.5656431913375854,,,,,,,,,,,,,,,,,,,,,,,,,,,,,,,,,,,,,,,
COCOMO81,4,WOA-ABE,1.4601980447769165,1000,,,,,,,,,,,,,,,0.42376309633255005,,0.57623690366745,,,,,,,,,,,,,,,,,,,,,,,,,,,,,,,,,,,,,,,
COCOMO81,4,FAABE,1.460254430770874,1000,,,,,,,,,,,,,,,0.4242311418056488,,0.5757688879966736,,,,,,,,,,,,,,,,,,,,,,,,,,,,,,,,,,,,,,,
COCOMO81,5,ABE,,0,,,,,,,,,,,,,,,0.3333333432674408,0.3333333432674408,0.3333333432674408,,,,,,,,,,,,,,,,,,,,,,,,,,,,,,,,,,,,,,,
COCOMO81,5,GA-ABE,2.0316548347473145,1000,,,,,,,,,,,,,,,0.0013531477889046073,0.8889297842979431,0.10971705615520477,,,,,,,,,,,,,,,,,,,,,,,,,,,,,,,,,,,,,,,
COCOMO81,5,PSO-ABE,1.3362703323364258,1000,,,,,,,,,,,,,,,0.27076098322868347,0.0,0.7292390465736389,,,,,,,,,,,,,,,,,,,,,,,,,,,,,,,,,,,,,,,
COCOMO81,5,DE-ABE,1.3206156492233276,1000,,,,,,,,,,,,,,,0.5069076418876648,0.0027902903966605663,0.49030208587646484,,,,,,,,,,,,,,,,,,,,,,,,,,,,,,,,,,,,,,,
COCOMO81,5,GWO-ABE,2.0647945404052734,1000,,,,,,,,,,,,,,,1.578499109200493e-08,0.4349606931209564,0.565039336681366,,,,,,,,,,,,,,,,,,,,,,,,,,,,,,,,,,,,,,,
COCOMO81,5,WOA-ABE,1.3362704515457153,1000,,,,,,,,,,,,,,,0.270761638879776,0.0,0.7292383313179016,,,,,,,,,,,,,,,,,,,,,,,,,,,,,,,,,,,,,,,
COCOMO81,5,FAABE,1.3017550706863403,1000,,,,,,,,,,,,,,,0.3233925998210907,0.0038720201700925827,0.6727353930473328,,,,,,,,,,,,,,,,,,,,,,,,,,,,,,,,,,,,,,,
COCOMO81,6,ABE,,0,,,,,,,,,,,,,,,0.3333333432674408,0.3333333432674408,0.3333333432674408,,,,,,,,,,,,,,,,,,,,,,,,,,,,,,,,,,,,,,,
COCOMO81,6,GA-ABE,1.3645377159118652,1000,,,,,,,,,,,,,,,0.27058160305023193,0.013466193340718746,0.7159521579742432,,,,,,,,,,,,,,,,,,,,,,,,,,,,,,,,,,,,,,,
COCOMO81,6,PSO-ABE,1.4809117317199707,1000,,,,,,,,,,,,,,,0.008860242553055286,0.6277627348899841,0.36337703466415405,,,,,,,,,,,,,,,,,,,,,,,,,,,,,,,,,,,,,,,
COCOMO81,6,DE-ABE,1.3644527196884155,1000,,,,,,,,,,,,,,,0.27108773589134216,0.013094321824610233,0.7158179879188538,,,,,,,,,,,,,,,,,,,,,,,,,,,,,,,,,,,,,,,
COCOMO81,6,GWO-ABE,1.4661424160003662,1000,,,,,,,,,,,,,,,0.002640919992700219,0.8870183825492859,0.11034068465232849,,,,,,,,,,,,,,,,,,,,,,,,,,,,,,,,,,,,,,,
COCOMO81,6,WOA-ABE,1.3187386989593506,1000,,,,,,,,,,,,,,,0.5689015984535217,0.015217097476124763,0.41588130593299866,,,,,,,,,,,,,,,,,,,,,,,,,,,,,,,,,,,,,,,
COCOMO81,6,FAABE,1.4839110374450684,1000,,,,,,,,,,,,,,,0.011061439290642738,0.5324337482452393,0.45650485157966614,,,,,,,,,,,,,,,,,,,,,,,,,,,,,,,,,,,,,,,
COCOMO81,7,ABE,,0,,,,,,,,,,,,,,,0.3333333432674408,0.3333333432674408,0.3333333432674408,,,,,,,,,,,,,,,,,,,,,,,,,,,,,,,,,,,,,,,
COCOMO81,7,GA-ABE,1.486696481704712,1000,,,,,,,,,,,,,,,0.8975745439529419,0.0009347705054096878,0.10149066895246506,,,,,,,,,,,,,,,,,,,,,,,,,,,,,,,,,,,,,,,
COCOMO81,7,PSO-ABE,1.6848210096359253,1000,,,,,,,,,,,,,,,0.39976826310157776,0.0,0.6002317667007446,,,,,,,,,,,,,,,,,,,,,,,,,,,,,,,,,,,,,,,
COCOMO81,7,DE-ABE,1.7052725553512573,1000,,,,,,,,,,,,,,,0.2145266979932785,0.0,0.7854733467102051,,,,,,,,,,,,,,,,,,,,,,,,,,,,,,,,,,,,,,,
COCOMO81,7,GWO-ABE,1.4709463119506836,1000,,,,,,,,,,,,,,,0.9358726143836975,0.0005413130857050419,0.0635860487818718,,,,,,,,,,,,,,,,,,,,,,,,,,,,,,,,,,,,,,,
COCOMO81,7,WOA-ABE,1.3920124769210815,1000,,,,,,,,,,,,,,,0.9999998807907104,1.0193389465840141e-09,9.14442352950573e-08,,,,,,,,,,,,,,,,,,,,,,,,,,,,,,,,,,,,,,,
COCOMO81,7,FAABE,1.8822908401489258,1000,,,,,,,,,,,,,,,0.014105738140642643,0.3565210998058319,0.6293731331825256,,,,,,,,,,,,,,,,,,,,,,,,,,,,,,,,,,,,,,,
COCOMO81,8,ABE,,0,,,,,,,,,,,,,,,0.3333333432674408,0.3333333432674408,0.3333333432674408,,,,,,,,,,,,,,,,,,,,,,,,,,,,,,,,,,,,,,,
COCOMO81,8,GA-ABE,1.4207748174667358,1000,,,,,,,,,,,,,,,0.8708314299583435,0.0010436696466058493,0.12812486290931702,,,,,,,,,,,,,,,,,,,,,,,,,,,,,,,,,,,,,,,
COCOMO81,8,PSO-ABE,1.4318732023239136,1000,,,,,,,,,,,,,,,0.5998773574829102,0.0032267854548990726,0.3968958854675293,,,,,,,,,,,,,,,,,,,,,,,,,,,,,,,,,,,,,,,
COCOMO81,8,DE-ABE,1.46073317527771,1000,,,,,,,,,,,,,,,0.1205950379371643,0.007091856561601162,0.8723131418228149,,,,,,,,,,,,,,,,,,,,,,,,,,,,,,,,,,,,,,,
COCOMO81,8,GWO-ABE,1.4731411933898926,1000,,,,,,,,,,,,,,,0.11804894357919693,0.0052368841134011745,0.8767141699790955,,,,,,,,,,,,,,,,,,,,,,,,,,,,,,,,,,,,,,,
COCOMO81,8,WOA-ABE,1.4607545137405396,1000,,,,,,,,,,,,,,,0.12105416506528854,0.007090000901371241,0.8718558549880981,,,,,,,,,,,,,,,,,,,,,,,,,,,,,,,,,,,,,,,
COCOMO81,8,FAABE,1.4339392185211182,1000,,,,,,,,,,,,,,,0.4840380847454071,0.004199697636067867,0.511762261390686,,,,,,,,,,,,,,,,,,,,,,,,,,,,,,,,,,,,,,,
COCOMO81,9,ABE,,0,,,,,,,,,,,,,,,0.25,0.25,0.25,,0.25,,,,,,,,,,,,,,,,,,,,,,,,,,,,,,,,,,,,,
COCOMO81,9,GA-ABE,1.3143244981765747,1000,,,,,,,,,,,,,,,0.05624464899301529,0.005064180586487055,0.31211748719215393,,0.6265736818313599,,,,,,,,,,,,,,,,,,,,,,,,,,,,,,,,,,,,,
COCOMO81,9,PSO-ABE,1.3303669691085815,1000,,,,,,,,,,,,,,,0.01200166530907154,0.05670952796936035,0.4582991898059845,,0.47298964858055115,,,,,,,,,,,,,,,,,,,,,,,,,,,,,,,,,,,,,
COCOMO81,9,DE-ABE,1.4127622842788696,1000,,,,,,,,,,,,,,,0.03425005078315735,0.09718076139688492,0.7929297685623169,,0.07563941925764084,,,,,,,,,,,,,,,,,,,,,,,,,,,,,,,,,,,,,
COCOMO81,9,GWO-ABE,1.3349864482879639,1000,,,,,,,,,,,,,,,0.013181474059820175,0.0683654174208641,0.7057642936706543,,0.21268883347511292,,,,,,,,,,,,,,,,,,,,,,,,,,,,,,,,,,,,,
COCOMO81,9,WOA-ABE,1.2179516553878784,1000,,,,,,,,,,,,,,,0.009882290847599506,0.0042509823106229305,0.29735592007637024,,0.6885108351707458,,,,,,,,,,,,,,,,,,,,,,,,,,,,,,,,,,,,,
COCOMO81,9,FAABE,1.2354167699813843,1000,,,,,,,,,,,,,,,0.02659342996776104,0.012753881514072418,0.23823358118534088,,0.7224190831184387,,,,,,,,,,,,,,,,,,,,,,,,,,,,,,,,,,,,,
COCOMO81,10,ABE,,0,,,,,,,,,,,,,,,0.3333333432674408,0.3333333432674408,0.3333333432674408,,,,,,,,,,,,,,,,,,,,,,,,,,,,,,,,,,,,,,,
COCOMO81,10,GA-ABE,1.6176053285598755,1000,,,,,,,,,,,,,,,0.0015821134438738227,0.9213060736656189,0.07711181789636612,,,,,,,,,,,,,,,,,,,,,,,,,,,,,,,,,,,,,,,
COCOMO81,10,PSO-ABE,1.3466742038726807,1000,,,,,,,,,,,,,,,0.9997289776802063,5.269679604680277e-06,0.00026580068515613675,,,,,,,,,,,,,,,,,,,,,,,,,,,,,,,,,,,,,,,
COCOMO81,10,DE-ABE,1.518215537071228,1000,,,,,,,,,,,,,,,9.427722034160979e-06,0.9995216131210327,0.00046895164996385574,,,,,,,,,,,,,,,,,,,,,,,,,,,,,,,,,,,,,,,
COCOMO81,10,GWO-ABE,1.6137495040893555,1000,,,,,,,,,,,,,,,0.0013312241062521935,0.9341766834259033,0.06449206918478012,,,,,,,,,,,,,,,,,,,,,,,,,,,,,,,,,,,,,,,
COCOMO81,10,WOA-ABE,1.33724045753479,1000,,,,,,,,,,,,,,,0.9999556541442871,1.7489090851086075e-06,4.263591836206615e-05,,,,,,,,,,,,,,,,,,,,,,,,,,,,,,,,,,,,,,,
COCOMO81,10,FAABE,1.4749171733856201,1000,,,,,,,,,,,,,,,0.20626850426197052,0.003342815674841404,0.7903887033462524,,,,,,,,,,,,,,,,,,,,,,,,,,,,,,,,,,,,,,,
Desharnais,1,ABE,,0,,,,,,,,,,,,,,,,,,,,0.1666666716337204,0.1666666716337204,0.1666666716337204,0.1666666716337204,0.1666666716337204,0.1666666716337204,,,,,,,,,,,,,,,,,,,,,,,,,,,,,,,
Desharnais,1,GA-ABE,0.5635353922843933,1000,,,,,,,,,,,,,,,,,,,,0.24864713847637177,0.285501629114151,0.006714349612593651,0.07097017765045166,0.035479214042425156,0.3526875376701355,,,,,,,,,,,,,,,,,,,,,,,,,,,,,,,
Desharnais,1,PSO-ABE,0.5534708499908447,1000,,,,,,,,,,,,,,,,,,,,0.1897590458393097,0.25933903455734253,0.0033846835140138865,0.051467377692461014,0.0220558550208807,0.47399407625198364,,,,,,,,,,,,,,,,,,,,,,,,,,,,,,,
Desharnais,1,DE-ABE,0.57343989610672,1000,,,,,,,,,,,,,,,,,,,,0.1916169673204422,0.3309471011161804,0.045809514820575714,0.0037342789582908154,0.014254211448132992,0.4136379063129425,,,,,,,,,,,,,,,,,,,,,,,,,,,,,,,
Desharnais,1,GWO-ABE,0.5758282542228699,1000,,,,,,,,,,,,,,,,,,,,0.32479041814804077,0.19954442977905273,3.342414856888354e-05,0.017338017001748085,0.03726312518119812,0.42103058099746704,,,,,,,,,,,,,,,,,,,,,,,,,,,,,,,
Desharnais,1,WOA-ABE,0.5631636381149292,1000,,,,,,,,,,,,,,,,,,,,0.23690581321716309,0.3113163411617279,0.03302273899316788,0.017046717926859856,0.020790493115782738,0.3809179663658142,,,,,,,,,,,,,,,,,,,,,,,,,,,,,,,
Desharnais,1,FAABE,0.5627190470695496,1000,,,,,,,,,,,,,,,,,,,,0.1823924481868744,0.2795642018318176,0.007366033736616373,0.08582337200641632,0.027010876685380936,0.41784313321113586,,,,,,,,,,,,,,,,,,,,,,,,,,,,,,,
Desharnais,2,ABE,,0,,,,,,,,,,,,,,,,,,,,0.1666666716337204,0.1666666716337204,0.1666666716337204,0.1666666716337204,0.1666666716337204,0.1666666716337204,,,,,,,,,,,,,,,,,,,,,,,,,,,,,,,
Desharnais,2,GA-ABE,0.5830287337303162,1000,,,,,,,,,,,,,,,,,,,,0.24130043387413025,0.11555064469575882,0.1693105548620224,0.0,0.3695608079433441,0.10427752137184143,,,,,,,,,,,,,,,,,,,,,,,,,,,,,,,
Desharnais,2,PSO-ABE,0.5425233840942383,1000,,,,,,,,,,,,,,,,,,,,0.13726499676704407,0.20357103645801544,1.955408151843585e-05,0.0,0.0,0.659144401550293,,,,,,,,,,,,,,,,,,,,,,,,,,,,,,,
Desharnais,2,DE-ABE,0.5402929186820984,1000,,,,,,,,,,,,,,,,,,,,0.04598568379878998,0.21434104442596436,0.18342721462249756,0.018227754160761833,0.04257991164922714,0.4954383969306946,,,,,,,,,,,,,,,,,,,,,,,,,,,,,,,
Desharnais,2,GWO-ABE,0.5461384654045105,1000,,,,,,,,,,,,,,,,,,,,0.5327833890914917,0.22557544708251953,0.027693822979927063,0.1883685290813446,0.0011134129017591476,0.024465464055538177,,,,,,,,,,,,,,,,,,,,,,,,,,,,,,,
Desharnais,2,WOA-ABE,0.5616328716278076,1000,,,,,,,,,,,,,,,,,,,,0.0,0.0,0.0,0.0,0.0,1.0,,,,,,,,,,,,,,,,,,,,,,,,,,,,,,,
Desharnais,2,FAABE,0.5781897306442261,1000,,,,,,,,,,,,,,,,,,,,0.18520979583263397,0.13713254034519196,0.11409363150596619,0.05681734159588814,0.4172608256340027,0.08948583155870438,,,,,,,,,,,,,,,,,,,,,,,,,,,,,,,
Desharnais,3,ABE,,0,,,,,,,,,,,,,,,,,,,,0.1666666716337204,0.1666666716337204,0.1666666716337204,0.1666666716337204,0.1666666716337204,0.1666666716337204,,,,,,,,,,,,,,,,,,,,,,,,,,,,,,,
Desharnais,3,GA-ABE,0.5791515111923218,1000,,,,,,,,,,,,,,,,,,,,0.17055946588516235,0.44070443511009216,0.0,3.4739048260234995e-07,0.05288510024547577,0.33585065603256226,,,,,,,,,,,,,,,,,,,,,,,,,,,,,,,
Desharnais,3,PSO-ABE,0.5549696683883667,1000,,,,,,,,,,,,,,,,,,,,0.2923901081085205,0.0,0.3985680937767029,0.0,0.19945217669010162,0.10958966612815857,,,,,,,,,,,,,,,,,,,,,,,,,,,,,,,
Desharnais,3,DE-ABE,0.5474291443824768,1000,,,,,,,,,,,,,,,,,,,,0.31242433190345764,0.25879237055778503,0.09997844696044922,0.0,0.32811668515205383,0.000688138825353235,,,,,,,,,,,,,,,,,,,,,,,,,,,,,,,
Desharnais,3,GWO-ABE,0.5583569407463074,1000,,,,,,,,,,,,,,,,,,,,0.3390199840068817,0.001485475106164813,0.06990554928779602,0.03358744829893112,0.4013453423976898,0.15465621650218964,,,,,,,,,,,,,,,,,,,,,,,,,,,,,,,
Desharnais,3,WOA-ABE,0.5819388628005981,1000,,,,,,,,,,,,,,,,,,,,0.3812757432460785,0.020087340846657753,0.08125171065330505,0.14848804473876953,0.13407129049301147,0.23482592403888702,,,,,,,,,,,,,,,,,,,,,,,,,,,,,,,
Desharnais,3,FAABE,0.5523300766944885,1000,,,,,,,,,,,,,,,,,,,,0.2864901125431061,0.03491285443305969,0.4017900228500366,0.061094317585229874,0.2157127410173416,0.0,,,,,,,,,,,,,,,,,,,,,,,,,,,,,,,
Desharnais,4,ABE,,0,,,,,,,,,,,,,,,,,,,,0.1428571492433548,0.1428571492433548,0.1428571492433548,0.1428571492433548,0.1428571492433548,0.1428571492433548,0.1428571492433548,,,,,,,,,,,,,,,,,,,,,,,,,,,,,,
Desharnais,4,GA-ABE,0.37645983695983887,1000,,,,,,,,,,,,,,,,,,,,0.06423886865377426,0.07724513113498688,0.05377189815044403,0.06265807896852493,0.10245171934366226,0.10690280050039291,0.5327315330505371,,,,,,,,,,,,,,,,,,,,,,,,,,,,,,
Desharnais,4,PSO-ABE,0.38489416241645813,1000,,,,,,,,,,,,,,,,,,,,0.13435092568397522,0.15757712721824646,0.14255520701408386,0.0,0.09403397142887115,0.11535996943712234,0.3561228811740875,,,,,,,,,,,,,,,,,,,,,,,,,,,,,,
Desharnais,4,DE-ABE,0.387661337852478,1000,,,,,,,,,,,,,,,,,,,,0.18610674142837524,0.10135310888290405,0.16905176639556885,0.13650938868522644,0.19322678446769714,0.0,0.21375218033790588,,,,,,,,,,,,,,,,,,,,,,,,,,,,,,
Desharnais,4,GWO-ABE,0.33685019612312317,1000,,,,,,,,,,,,,,,,,,,,0.1196838989853859,0.016595304012298584,0.0008435964700765908,0.0015968468505889177,0.053244125097990036,0.30148473381996155,0.5065515041351318,,,,,,,,,,,,,,,,,,,,,,,,,,,,,,
Desharnais,4,WOA-ABE,0.3739757835865021,1000,,,,,,,,,,,,,,,,,,,,0.20816244184970856,0.18569055199623108,0.00921359658241272,0.0561787374317646,0.09829968214035034,0.0,0.442454993724823,,,,,,,,,,,,,,,,,,,,,,,,,,,,,,
Desharnais,4,FAABE,0.3383626639842987,1000,,,,,,,,,,,,,,,,,,,,0.07900659739971161,0.0,0.0,0.0,0.014515156857669353,0.24887590110301971,0.6576023697853088,,,,,,,,,,,,,,,,,,,,,,,,,,,,,,
Desharnais,5,ABE,,0,,,,,,,,,,,,,,,,,,,,0.1428571492433548,0.1428571492433548,0.1428571492433548,0.1428571492433548,0.1428571492433548,0.1428571492433548,0.1428571492433548,,,,,,,,,,,,,,,,,,,,,,,,,,,,,,
Desharnais,5,GA-ABE,0.3413282036781311,1000,,,,,,,,,,,,,,,,,,,,0.029635149985551834,0.01584794372320175,0.08062254637479782,0.004220189526677132,0.16169577836990356,0.4166666865348816,0.29131174087524414,,,,,,,,,,,,,,,,,,,,,,,,,,,,,,
Desharnais,5,PSO-ABE,0.34756797552108765,1000,,,,,,,,,,,,,,,,,,,,0.07376360893249512,0.31264728307724,0.1365566849708557,0.0,0.1350555270910263,0.02884220890700817,0.31313470005989075,,,,,,,,,,,,,,,,,,,,,,,,,,,,,,
Desharnais,5,DE-ABE,0.35640302300453186,1000,,,,,,,,,,,,,,,,,,,,0.08536214381456375,0.28882962465286255,0.115298792719841,0.13392341136932373,0.1791755110025406,0.0010874817380681634,0.19632305204868317,,,,,,,,,,,,,,,,,,,,,,,,,,,,,,
Desharnais,5,GWO-ABE,0.3336714208126068,1000,,,,,,,,,,,,,,,,,,,,0.02383432909846306,0.0029135672375559807,0.02095479890704155,0.00853225588798523,0.026426158845424652,0.4122088849544525,0.5051299929618835,,,,,,,,,,,,,,,,,,,,,,,,,,,,,,
Desharnais,5,WOA-ABE,0.3635677695274353,1000,,,,,,,,,,,,,,,,,,,,0.0509924441576004,0.1694597750902176,0.10200712084770203,0.076950803399086,0.16747896373271942,0.08662939816713333,0.3464815020561218,,,,,,,,,,,,,,,,,,,,,,,,,,,,,,
Desharnais,5,FAABE,0.34025371074676514,1000,,,,,,,,,,,,,,,,,,,,0.06525672227144241,0.07856883108615875,0.008171722292900085,0.11444088816642761,0.026444608345627785,0.34101638197898865,0.36610081791877747,,,,,,,,,,,,,,,,,,,,,,,,,,,,,,
Desharnais,6,ABE,,0,,,,,,,,,,,,,,,,,,,,0.1666666716337204,0.1666666716337204,0.1666666716337204,0.1666666716337204,0.1666666716337204,0.1666666716337204,,,,,,,,,,,,,,,,,,,,,,,,,,,,,,,
Desharnais,6,GA-ABE,0.5524933934211731,1000,,,,,,,,,,,,,,,,,,,,0.10263501107692719,0.009277457371354103,0.27463480830192566,0.19582852721214294,0.34339025616645813,0.0742340087890625,,,,,,,,,,,,,,,,,,,,,,,,,,,,,,,
Desharnais,6,PSO-ABE,0.6019779443740845,1000,,,,,,,,,,,,,,,,,,,,0.3889428675174713,0.17854724824428558,0.0,0.1765371561050415,0.07107269763946533,0.18489998579025269,,,,,,,,,,,,,,,,,,,,,,,,,,,,,,,
Desharnais,6,DE-ABE,0.5377117395401001,1000,,,,,,,,,,,,,,,,,,,,0.058610282838344574,0.04997435212135315,0.13858546316623688,0.20654186606407166,0.46881598234176636,0.07747213542461395,,,,,,,,,,,,,,,,,,,,,,,,,,,,,,,
Desharnais,6,GWO-ABE,0.5872962474822998,1000,,,,,,,,,,,,,,,,,,,,0.002549867844209075,0.46059682965278625,0.12239262461662292,0.046972088515758514,0.10051152855157852,0.26697707176208496,,,,,,,,,,,,,,,,,,,,,,,,,,,,,,,
Desharnais,6,WOA-ABE,0.5315304398536682,1000,,,,,,,,,,,,,,,,,,,,0.13129909336566925,0.08134178072214127,0.1355464905500412,0.2151739001274109,0.4012312889099121,0.035407450050115585,,,,,,,,,,,,,,,,,,,,,,,,,,,,,,,
Desharnais,6,FAABE,0.5452198386192322,1000,,,,,,,,,,,,,,,,,,,,0.1780737191438675,0.16029800474643707,0.292026549577713,0.027666466310620308,0.33717378973960876,0.004761537071317434,,,,,,,,,,,,,,,,,,,,,,,,,,,,,,,
Desharnais,7,ABE,,0,,,,,,,,,,,,,,,,,,,,0.1428571492433548,0.1428571492433548,0.1428571492433548,0.1428571492433548,0.1428571492433548,0.1428571492433548,0.1428571492433548,,,,,,,,,,,,,,,,,,,,,,,,,,,,,,
Desharnais,7,GA-ABE,0.3768661320209503,1000,,,,,,,,,,,,,,,,,,,,0.04904048889875412,2.0682694668039403e-08,0.06358647346496582,0.18851330876350403,0.1568489968776703,0.1367674618959427,0.4052432179450989,,,,,,,,,,,,,,,,,,,,,,,,,,,,,,
Desharnais,7,PSO-ABE,0.36629724502563477,1000,,,,,,,,,,,,,,,,,,,,0.15880538523197174,0.1460091918706894,0.15126043558120728,0.045545872300863266,0.1452808678150177,0.03647005185484886,0.31662818789482117,,,,,,,,,,,,,,,,,,,,,,,,,,,,,,
Desharnais,7,DE-ABE,0.37367045879364014,1000,,,,,,,,,,,,,,,,,,,,0.14891475439071655,0.11997484415769577,0.17260043323040009,0.013746937736868858,0.24881087243556976,0.03476092591881752,0.2611912488937378,,,,,,,,,,,,,,,,,,,,,,,,,,,,,,
Desharnais,7,GWO-ABE,0.3240058422088623,1000,,,,,,,,,,,,,,,,,,,,0.07603303343057632,0.0059480126947164536,0.0011452677426859736,0.014983291737735271,0.04205697402358055,0.43950316309928894,0.420330286026001,,,,,,,,,,,,,,,,,,,,,,,,,,,,,,
Desharnais,7,WOA-ABE,0.3388608694076538,1000,,,,,,,,,,,,,,,,,,,,0.04854130744934082,4.593916310113855e-05,0.0,0.0,0.0,0.22433818876743317,0.7270745635032654,,,,,,,,,,,,,,,,,,,,,,,,,,,,,,
Desharnais,7,FAABE,0.33512112498283386,1000,,,,,,,,,,,,,,,,,,,,0.11325838416814804,0.0,0.0003625729004852474,0.0329565703868866,0.04204224422574043,0.48277196288108826,0.3286082148551941,,,,,,,,,,,,,,,,,,,,,,,,,,,,,,
Desharnais,8,ABE,,0,,,,,,,,,,,,,,,,,,,,0.1666666716337204,0.1666666716337204,0.1666666716337204,0.1666666716337204,0.1666666716337204,0.1666666716337204,,,,,,,,,,,,,,,,,,,,,,,,,,,,,,,
Desharnais,8,GA-ABE,0.5816173553466797,1000,,,,,,,,,,,,,,,,,,,,0.16993927955627441,0.1135324090719223,0.2132754772901535,0.21625354886054993,0.14283305406570435,0.1441662311553955,,,,,,,,,,,,,,,,,,,,,,,,,,,,,,,
Desharnais,8,PSO-ABE,0.5690369009971619,1000,,,,,,,,,,,,,,,,,,,,0.18393810093402863,0.07860353589057922,0.2723671793937683,0.0,0.10957687348127365,0.3555143475532532,,,,,,,,,,,,,,,,,,,,,,,,,,,,,,,
Desharnais,8,DE-ABE,0.5518478751182556,1000,,,,,,,,,,,,,,,,,,,,0.1367824524641037,0.1017853394150734,0.2476808726787567,0.0036965347826480865,0.0,0.5100547671318054,,,,,,,,,,,,,,,,,,,,,,,,,,,,,,,
Desharnais,8,GWO-ABE,0.5542523860931396,1000,,,,,,,,,,,,,,,,,,,,0.013134436681866646,0.062435880303382874,0.01468299888074398,0.014484048821032047,0.03221635892987251,0.8630462884902954,,,,,,,,,,,,,,,,,,,,,,,,,,,,,,,
Desharnais,8,WOA-ABE,0.5356152653694153,1000,,,,,,,,,,,,,,,,,,,,0.07642127573490143,0.239739328622818,0.06629208475351334,0.0,0.04333712160587311,0.5742102265357971,,,,,,,,,,,,,,,,,,,,,,,,,,,,,,,
Desharnais,8,FAABE,0.5726720094680786,1000,,,,,,,,,,,,,,,,,,,,0.017935648560523987,0.0,0.23220601677894592,0.20786923170089722,0.4243292510509491,0.1176597997546196,,,,,,,,,,,,,,,,,,,,,,,,,,,,,,,
Desharnais,9,ABE,,0,,,,,,,,,,,,,,,,,,,,0.1428571492433548,0.1428571492433548,0.1428571492433548,0.1428571492433548,0.1428571492433548,0.1428571492433548,0.1428571492433548,,,,,,,,,,,,,,,,,,,,,,,,,,,,,,
Desharnais,9,GA-ABE,0.33395546674728394,1000,,,,,,,,,,,,,,,,,,,,0.11536402255296707,0.10997265577316284,0.12038654088973999,0.0031610995065420866,0.10960184037685394,0.05543230473995209,0.4860815703868866,,,,,,,,,,,,,,,,,,,,,,,,,,,,,,
Desharnais,9,PSO-ABE,0.32235419750213623,1000,,,,,,,,,,,,,,,,,,,,0.03336964175105095,0.0,0.0,0.0,0.04356604814529419,0.48849818110466003,0.43456611037254333,,,,,,,,,,,,,,,,,,,,,,,,,,,,,,
Desharnais,9,DE-ABE,0.34797653555870056,1000,,,,,,,,,,,,,,,,,,,,0.07189329713582993,0.125075563788414,0.05930313467979431,0.13167527318000793,0.18704338371753693,0.07933329045772552,0.345676064491272,,,,,,,,,,,,,,,,,,,,,,,,,,,,,,
Desharnais,9,GWO-ABE,0.33847343921661377,1000,,,,,,,,,,,,,,,,,,,,0.10784091055393219,0.09239325672388077,0.06877477467060089,0.06641187518835068,0.07481400668621063,0.0034336228854954243,0.5863316059112549,,,,,,,,,,,,,,,,,,,,,,,,,,,,,,
Desharnais,9,WOA-ABE,0.3241770565509796,1000,,,,,,,,,,,,,,,,,,,,0.13919678330421448,0.0,0.0,0.0,0.0,0.17718417942523956,0.6836190819740295,,,,,,,,,,,,,,,,,,,,,,,,,,,,,,
Desharnais,9,FAABE,0.339917927980423,1000,,,,,,,,,,,,,,,,,,,,0.15634404122829437,0.13221637904644012,0.17023113369941711,0.017652658745646477,0.14996550977230072,0.0876074805855751,0.28598278760910034,,,,,,,,,,,,,,,,,,,,,,,,,,,,,,
Desharnais,10,ABE,,0,,,,,,,,,,,,,,,,,,,,0.1428571492433548,0.1428571492433548,0.1428571492433548,0.1428571492433548,0.1428571492433548,0.1428571492433548,0.1428571492433548,,,,,,,,,,,,,,,,,,,,,,,,,,,,,,
Desharnais,10,GA-ABE,0.3690888583660126,1000,,,,,,,,,,,,,,,,,,,,0.12463375926017761,0.02635555900633335,0.01395736075937748,0.43495455384254456,0.008701035752892494,0.21552424132823944,0.17587342858314514,,,,,,,,,,,,,,,,,,,,,,,,,,,,,,
Desharnais,10,PSO-ABE,0.38711661100387573,1000,,,,,,,,,,,,,,,,,,,,0.13732948899269104,0.15508873760700226,0.11097607761621475,0.15206585824489594,0.10077974945306778,0.0,0.3437601327896118,,,,,,,,,,,,,,,,,,,,,,,,,,,,,,
Desharnais,10,DE-ABE,0.37934765219688416,1000,,,,,,,,,,,,,,,,,,,,0.15310101211071014,0.11307987570762634,0.15364333987236023,8.56933111208491e-05,0.12615050375461578,0.0787542387843132,0.3751853108406067,,,,,,,,,,,,,,,,,,,,,,,,,,,,,,
Desharnais,10,GWO-ABE,0.34710484743118286,1000,,,,,,,,,,,,,,,,,,,,0.08586530387401581,0.0006345767760649323,0.0006715893978253007,0.0062050847336649895,0.013305900618433952,0.44299161434173584,0.45032593607902527,,,,,,,,,,,,,,,,,,,,,,,,,,,,,,
Desharnais,10,WOA-ABE,0.3530394434928894,1000,,,,,,,,,,,,,,,,,,,,0.0274929441511631,0.0014204808976501226,0.001097368192858994,0.0,0.0,0.23232994973659515,0.7376592755317688,,,,,,,,,,,,,,,,,,,,,,,,,,,,,,
Desharnais,10,FAABE,0.3615035116672516,1000,,,,,,,,,,,,,,,,,,,,0.2608223557472229,0.0,0.0,0.10360152274370193,0.0,0.19677676260471344,0.4387993812561035,,,,,,,,,,,,,,,,,,,,,,,,,,,,,,
Kemerer,1,ABE,,0,,,,,,,0.25,,,,,,,,,,,,,,,,,,,0.25,0.25,0.25,,,,,,,,,,,,,,,,,,,,,,,,,,,,
Kemerer,1,GA-ABE,0.5531197786331177,1000,,,,,,,0.46381622552871704,,,,,,,,,,,,,,,,,,,0.15643930435180664,0.3797445297241211,0.0,,,,,,,,,,,,,,,,,,,,,,,,,,,,
Kemerer,1,PSO-ABE,0.5523149371147156,1000,,,,,,,0.4651852548122406,,,,,,,,,,,,,,,,,,,0.14026996493339539,0.394544780254364,0.0,,,,,,,,,,,,,,,,,,,,,,,,,,,,
Kemerer,1,DE-ABE,0.552726149559021,1000,,,,,,,0.46729761362075806,,,,,,,,,,,,,,,,,,,0.149410218000412,0.38329029083251953,1.8423513665766222e-06,,,,,,,,,,,,,,,,,,,,,,,,,,,,
Kemerer,1,GWO-ABE,0.5687094926834106,1000,,,,,,,0.3607204854488373,,,,,,,,,,,,,,,,,,,0.14566031098365784,0.4895756244659424,0.004043589346110821,,,,,,,,,,,,,,,,,,,,,,,,,,,,
Kemerer,1,WOA-ABE,0.5627133846282959,1000,,,,,,,0.3124392330646515,,,,,,,,,,,,,,,,,,,0.10340060293674469,0.5841602087020874,0.0,,,,,,,,,,,,,,,,,,,,,,,,,,,,
Kemerer,1,FAABE,0.5529659986495972,1000,,,,,,,0.4601052701473236,,,,,,,,,,,,,,,,,,,0.15070681273937225,0.3851931691169739,0.00399472052231431,,,,,,,,,,,,,,,,,,,,,,,,,,,,
Kemerer,2,ABE,,0,,,,,,,0.3333333432674408,,,,,,,,,,,,,,,,,,,,0.3333333432674408,0.3333333432674408,,,,,,,,,,,,,,,,,,,,,,,,,,,,
Kemerer,2,GA-ABE,0.5556530356407166,1000,,,,,,,0.0,,,,,,,,,,,,,,,,,,,,0.6540815830230713,0.3459184169769287,,,,,,,,,,,,,,,,,,,,,,,,,,,,
Kemerer,2,PSO-ABE,0.5556118488311768,1000,,,,,,,0.0,,,,,,,,,,,,,,,,,,,,0.6536496877670288,0.34635037183761597,,,,,,,,,,,,,,,,,,,,,,,,,,,,
Kemerer,2,DE-ABE,0.5606048703193665,1000,,,,,,,0.273377001285553,,,,,,,,,,,,,,,,,,,,0.6800578236579895,0.04656524211168289,,,,,,,,,,,,,,,,,,,,,,,,,,,,
Kemerer,2,GWO-ABE,0.6060997843742371,1000,,,,,,,0.0,,,,,,,,,,,,,,,,,,,,0.0,1.0,,,,,,,,,,,,,,,,,,,,,,,,,,,,
Kemerer,2,WOA-ABE,0.5788819789886475,1000,,,,,,,0.0,,,,,,,,,,,,,,,,,,,,0.08026418089866638,0.919735848903656,,,,,,,,,,,,,,,,,,,,,,,,,,,,
Kemerer,2,FAABE,0.5789272785186768,1000,,,,,,,0.0,,,,,,,,,,,,,,,,,,,,0.08055931329727173,0.919440746307373,,,,,,,,,,,,,,,,,,,,,,,,,,,,
Kemerer,3,ABE,,0,,,,,,,0.25,,,,,,,,,,,,,,,,,,,0.25,0.25,0.25,,,,,,,,,,,,,,,,,,,,,,,,,,,,
Kemerer,3,GA-ABE,0.5443123579025269,1000,,,,,,,0.40098974108695984,,,,,,,,,,,,,,,,,,,0.04574046656489372,0.5532697439193726,0.0,,,,,,,,,,,,,,,,,,,,,,,,,,,,
Kemerer,3,PSO-ABE,0.544292688369751,1000,,,,,,,0.4050642251968384,,,,,,,,,,,,,,,,,,,0.04472748190164566,0.5502082705497742,0.0,,,,,,,,,,,,,,,,,,,,,,,,,,,,
Kemerer,3,DE-ABE,0.5655136108398438,1000,,,,,,,0.23022370040416718,,,,,,,,,,,,,,,,,,,0.1744534969329834,0.5745890140533447,0.02073380909860134,,,,,,,,,,,,,,,,,,,,,,,,,,,,
Kemerer,3,GWO-ABE,0.5443971753120422,1000,,,,,,,0.3885057866573334,,,,,,,,,,,,,,,,,,,0.04885140433907509,0.562250554561615,0.00039219771861098707,,,,,,,,,,,,,,,,,,,,,,,,,,,,
Kemerer,3,WOA-ABE,0.5443192720413208,1000,,,,,,,0.40385475754737854,,,,,,,,,,,,,,,,,,,0.044196199625730515,0.5485996007919312,0.003349489299580455,,,,,,,,,,,,,,,,,,,,,,,,,,,,
Kemerer,3,FAABE,0.5445504188537598,1000,,,,,,,0.4448471963405609,,,,,,,,,,,,,,,,,,,0.07559388875961304,0.47955888509750366,0.0,,,,,,,,,,,,,,,,,,,,,,,,,,,,
Kemerer,4,ABE,,0,,,,,,,0.20000000298023224,,,,,0.20000000298023224,,,,,,,,,,,,,,0.20000000298023224,0.20000000298023224,0.20000000298023224,,,,,,,,,,,,,,,,,,,,,,,,,,,,
Kemerer,4,GA-ABE,0.5249055027961731,1000,,,,,,,0.054570868611335754,,,,,0.0017417020862922072,,,,,,,,,,,,,,0.12941573560237885,0.8142716884613037,0.0,,,,,,,,,,,,,,,,,,,,,,,,,,,,
Kemerer,4,PSO-ABE,0.5050644278526306,1000,,,,,,,0.23262356221675873,,,,,0.08427701890468597,,,,,,,,,,,,,,0.2695452570915222,0.4135541617870331,0.0,,,,,,,,,,,,,,,,,,,,,,,,,,,,
Kemerer,4,DE-ABE,0.5052869915962219,1000,,,,,,,0.22350716590881348,,,,,0.08352547138929367,,,,,,,,,,,,,,0.29602688550949097,0.3969387412071228,1.7846969058155082e-06,,,,,,,,,,,,,,,,,,,,,,,,,,,,
Kemerer,4,GWO-ABE,0.5256309509277344,1000,,,,,,,0.05417196825146675,,,,,0.003557939315214753,,,,,,,,,,,,,,0.13314448297023773,0.8085790276527405,0.0005465518333949149,,,,,,,,,,,,,,,,,,,,,,,,,,,,
Kemerer,4,WOA-ABE,0.5291104912757874,1000,,,,,,,0.0,,,,,0.0,,,,,,,,,,,,,,0.1427082121372223,0.8572917580604553,0.0,,,,,,,,,,,,,,,,,,,,,,,,,,,,
Kemerer,4,FAABE,0.5065586566925049,1000,,,,,,,0.2624412477016449,,,,,0.10308828204870224,,,,,,,,,,,,,,0.19889913499355316,0.4355713427066803,0.0,,,,,,,,,,,,,,,,,,,,,,,,,,,,
Kemerer,5,ABE,,0,,,,,,,0.3333333432674408,,,,,,,,,,,,,,,,,,,,0.3333333432674408,0.3333333432674408,,,,,,,,,,,,,,,,,,,,,,,,,,,,
Kemerer,5,GA-ABE,0.5656648874282837,1000,,,,,,,0.46874159574508667,,,,,,,,,,,,,,,,,,,,0.4512726664543152,0.07998577505350113,,,,,,,,,,,,,,,,,,,,,,,,,,,,
Kemerer,5,PSO-ABE,0.5663375854492188,1000,,,,,,,0.5401726961135864,,,,,,,,,,,,,,,,,,,,0.45982733368873596,0.0,,,,,,,,,,,,,,,,,,,,,,,,,,,,
Kemerer,5,DE-ABE,0.5656660199165344,1000,,,,,,,0.46927106380462646,,,,,,,,,,,,,,,,,,,,0.45151829719543457,0.07921061664819717,,,,,,,,,,,,,,,,,,,,,,,,,,,,
Kemerer,5,GWO-ABE,0.5658261179924011,1000,,,,,,,0.48608681559562683,,,,,,,,,,,,,,,,,,,,0.4535454213619232,0.060367755591869354,,,,,,,,,,,,,,,,,,,,,,,,,,,,
Kemerer,5,WOA-ABE,0.5656523108482361,1000,,,,,,,0.4677405059337616,,,,,,,,,,,,,,,,,,,,0.4512975215911865,0.08096199482679367,,,,,,,,,,,,,,,,,,,,,,,,,,,,
Kemerer,5,FAABE,0.5657371878623962,1000,,,,,,,0.4767168462276459,,,,,,,,,,,,,,,,,,,,0.4524146020412445,0.07086852192878723,,,,,,,,,,,,,,,,,,,,,,,,,,,,
Kemerer,6,ABE,,0,,,,,,,0.25,,,,,,,,,,,,,,,,,,,0.25,0.25,0.25,,,,,,,,,,,,,,,,,,,,,,,,,,,,
Kemerer,6,GA-ABE,0.596973180770874,1000,,,,,,,0.24397778511047363,,,,,,,,,,,,,,,,,,,0.14892832934856415,0.4557337760925293,0.15136012434959412,,,,,,,,,,,,,,,,,,,,,,,,,,,,
Kemerer,6,PSO-ABE,0.5950836539268494,1000,,,,,,,0.30633556842803955,,,,,,,,,,,,,,,,,,,0.14642244577407837,0.4543379843235016,0.0929040014743805,,,,,,,,,,,,,,,,,,,,,,,,,,,,
Kemerer,6,DE-ABE,0.5956670045852661,1000,,,,,,,0.2811119556427002,,,,,,,,,,,,,,,,,,,0.14600113034248352,0.4524672329425812,0.12041975557804108,,,,,,,,,,,,,,,,,,,,,,,,,,,,
Kemerer,6,GWO-ABE,0.5976026058197021,1000,,,,,,,0.3713558614253998,,,,,,,,,,,,,,,,,,,0.14238758385181427,0.46191781759262085,0.02433871105313301,,,,,,,,,,,,,,,,,,,,,,,,,,,,
Kemerer,6,WOA-ABE,0.5952872037887573,1000,,,,,,,0.297465056180954,,,,,,,,,,,,,,,,,,,0.14630091190338135,0.4536673128604889,0.10256673395633698,,,,,,,,,,,,,,,,,,,,,,,,,,,,
Kemerer,6,FAABE,0.5968593955039978,1000,,,,,,,0.39064544439315796,,,,,,,,,,,,,,,,,,,0.14569784700870514,0.4636566936969757,0.0,,,,,,,,,,,,,,,,,,,,,,,,,,,,
Kemerer,7,ABE,,0,,,,,,,0.3333333432674408,,,,,,,,,,,,,,,,,,,,0.3333333432674408,0.3333333432674408,,,,,,,,,,,,,,,,,,,,,,,,,,,,
Kemerer,7,GA-ABE,0.5702771544456482,1000,,,,,,,0.25711050629615784,,,,,,,,,,,,,,,,,,,,0.6801456212997437,0.06274386495351791,,,,,,,,,,,,,,,,,,,,,,,,,,,,
Kemerer,7,PSO-ABE,0.5702977180480957,1000,,,,,,,0.3158404529094696,,,,,,,,,,,,,,,,,,,,0.6841595768928528,0.0,,,,,,,,,,,,,,,,,,,,,,,,,,,,
Kemerer,7,DE-ABE,0.6370699405670166,1000,,,,,,,0.3406597077846527,,,,,,,,,,,,,,,,,,,,0.0,0.6593402624130249,,,,,,,,,,,,,,,,,,,,,,,,,,,,
Kemerer,7,GWO-ABE,0.5700250267982483,1000,,,,,,,0.2308206409215927,,,,,,,,,,,,,,,,,,,,0.6760345697402954,0.09314480423927307,,,,,,,,,,,,,,,,,,,,,,,,,,,,
Kemerer,7,WOA-ABE,0.5700759887695312,1000,,,,,,,0.252822607755661,,,,,,,,,,,,,,,,,,,,0.6780800819396973,0.0690973699092865,,,,,,,,,,,,,,,,,,,,,,,,,,,,
Kemerer,7,FAABE,0.6370747089385986,1000,,,,,,,0.34036341309547424,,,,,,,,,,,,,,,,,,,,0.0,0.6596366167068481,,,,,,,,,,,,,,,,,,,,,,,,,,,,
Kemerer,8,ABE,,0,,,,,,,0.3333333432674408,,,,,,,,,,,,,,,,,,,,0.3333333432674408,0.3333333432674408,,,,,,,,,,,,,,,,,,,,,,,,,,,,
Kemerer,8,GA-ABE,0.6592862606048584,1000,,,,,,,0.44447338581085205,,,,,,,,,,,,,,,,,,,,0.0,0.555526614189148,,,,,,,,,,,,,,,,,,,,,,,,,,,,
Kemerer,8,PSO-ABE,0.6376976370811462,1000,,,,,,,0.31584036350250244,,,,,,,,,,,,,,,,,,,,0.6841596961021423,0.0,,,,,,,,,,,,,,,,,,,,,,,,,,,,
Kemerer,8,DE-ABE,0.6361846327781677,1000,,,,,,,0.23035480082035065,,,,,,,,,,,,,,,,,,,,0.7061660289764404,0.06347920000553131,,,,,,,,,,,,,,,,,,,,,,,,,,,,
Kemerer,8,GWO-ABE,0.6595391631126404,1000,,,,,,,0.4456372857093811,,,,,,,,,,,,,,,,,,,,0.0013271026546135545,0.5530356168746948,,,,,,,,,,,,,,,,,,,,,,,,,,,,
Kemerer,8,WOA-ABE,0.6390955448150635,1000,,,,,,,0.17580552399158478,,,,,,,,,,,,,,,,,,,,0.6820518374443054,0.14214268326759338,,,,,,,,,,,,,,,,,,,,,,,,,,,,
Kemerer,8,FAABE,0.6375969648361206,1000,,,,,,,0.24640312790870667,,,,,,,,,,,,,,,,,,,,0.6891130805015564,0.06448382139205933,,,,,,,,,,,,,,,,,,,,,,,,,,,,
Kemerer,9,ABE,,0,,,,,,,0.25,,,,,,,,,,,,,,,,,,,0.25,0.25,0.25,,,,,,,,,,,,,,,,,,,,,,,,,,,,
Kemerer,9,GA-ABE,0.572951078414917,1000,,,,,,,0.4208560883998871,,,,,,,,,,,,,,,,,,,0.0,0.3271888792514801,0.2519550621509552,,,,,,,,,,,,,,,,,,,,,,,,,,,,
Kemerer,9,PSO-ABE,0.5522720813751221,1000,,,,,,,0.3122797906398773,,,,,,,,,,,,,,,,,,,0.14695203304290771,0.45558828115463257,0.08517992496490479,,,,,,,,,,,,,,,,,,,,,,,,,,,,
Kemerer,9,DE-ABE,0.5533329844474792,1000,,,,,,,0.2799606919288635,,,,,,,,,,,,,,,,,,,0.18893137574195862,0.5302972793579102,0.00081063830293715,,,,,,,,,,,,,,,,,,,,,,,,,,,,
Kemerer,9,GWO-ABE,0.5541409254074097,1000,,,,,,,0.2650420665740967,,,,,,,,,,,,,,,,,,,0.18293166160583496,0.5343387126922607,0.017687590792775154,,,,,,,,,,,,,,,,,,,,,,,,,,,,
Kemerer,9,WOA-ABE,0.5536810159683228,1000,,,,,,,0.21966734528541565,,,,,,,,,,,,,,,,,,,0.19033262133598328,0.5309430360794067,0.05905698984861374,,,,,,,,,,,,,,,,,,,,,,,,,,,,
Kemerer,9,FAABE,0.5524681806564331,1000,,,,,,,0.3841148912906647,,,,,,,,,,,,,,,,,,,0.14838340878486633,0.4626835882663727,0.004818102810531855,,,,,,,,,,,,,,,,,,,,,,,,,,,,
Kemerer,10,ABE,,0,,,,,,,0.3333333432674408,,,,,,,,,,,,,,,,,,,,0.3333333432674408,0.3333333432674408,,,,,,,,,,,,,,,,,,,,,,,,,,,,
Kemerer,10,GA-ABE,0.41096818447113037,1000,,,,,,,0.24700702726840973,,,,,,,,,,,,,,,,,,,,0.7310735583305359,0.021919406950473785,,,,,,,,,,,,,,,,,,,,,,,,,,,,
Kemerer,10,PSO-ABE,0.41062819957733154,1000,,,,,,,0.26244935393333435,,,,,,,,,,,,,,,,,,,,0.737550675868988,0.0,,,,,,,,,,,,,,,,,,,,,,,,,,,,
Kemerer,10,DE-ABE,0.41137102246284485,1000,,,,,,,0.3018419146537781,,,,,,,,,,,,,,,,,,,,0.6981581449508667,0.0,,,,,,,,,,,,,,,,,,,,,,,,,,,,
Kemerer,10,GWO-ABE,0.41164931654930115,1000,,,,,,,0.29316386580467224,,,,,,,,,,,,,,,,,,,,0.6974881887435913,0.009347894228994846,,,,,,,,,,,,,,,,,,,,,,,,,,,,
Kemerer,10,WOA-ABE,0.4106289744377136,1000,,,,,,,0.26244086027145386,,,,,,,,,,,,,,,,,,,,0.7375591397285461,0.0,,,,,,,,,,,,,,,,,,,,,,,,,,,,
Kemerer,10,FAABE,0.4106489419937134,1000,,,,,,,0.26221033930778503,,,,,,,,,,,,,,,,,,,,0.7377896308898926,0.0,,,,,,,,,,,,,,,,,,,,,,,,,,,,
Kitchenham,1,ABE,,0,,,,,,,,,,,,,,,,,,,,,,,,,,,,,0.3333333432674408,0.3333333432674408,0.3333333432674408,,,,,,,,,,,,,,,,,,,,,,,,,
Kitchenham,1,GA-ABE,0.25892409682273865,1000,,,,,,,,,,,,,,,,,,,,,,,,,,,,,0.0053178174421191216,0.23719307780265808,0.7574890851974487,,,,,,,,,,,,,,,,,,,,,,,,,
Kitchenham,1,PSO-ABE,0.2843033969402313,1000,,,,,,,,,,,,,,,,,,,,,,,,,,,,,0.010898379608988762,0.0,0.9891016483306885,,,,,,,,,,,,,,,,,,,,,,,,,
Kitchenham,1,DE-ABE,0.26031312346458435,1000,,,,,,,,,,,,,,,,,,,,,,,,,,,,,0.005305903032422066,0.254428505897522,0.7402656078338623,,,,,,,,,,,,,,,,,,,,,,,,,
Kitchenham,1,GWO-ABE,0.25901302695274353,1000,,,,,,,,,,,,,,,,,,,,,,,,,,,,,0.005407940596342087,0.07102189213037491,0.9235702157020569,,,,,,,,,,,,,,,,,,,,,,,,,
Kitchenham,1,WOA-ABE,0.2589147388935089,1000,,,,,,,,,,,,,,,,,,,,,,,,,,,,,0.005289364606142044,0.23661670088768005,0.7580939531326294,,,,,,,,,,,,,,,,,,,,,,,,,
Kitchenham,1,FAABE,0.2627243399620056,1000,,,,,,,,,,,,,,,,,,,,,,,,,,,,,0.005597114097326994,0.2307925671339035,0.763610303401947,,,,,,,,,,,,,,,,,,,,,,,,,
Kitchenham,2,ABE,,0,,,,,,,,,,,,,,,,,,,,,,,,,,,,,0.3333333432674408,0.3333333432674408,0.3333333432674408,,,,,,,,,,,,,,,,,,,,,,,,,
Kitchenham,2,GA-ABE,0.28292661905288696,1000,,,,,,,,,,,,,,,,,,,,,,,,,,,,,0.27916717529296875,0.0668228343129158,0.654009997844696,,,,,,,,,,,,,,,,,,,,,,,,,
Kitchenham,2,PSO-ABE,0.26075685024261475,1000,,,,,,,,,,,,,,,,,,,,,,,,,,,,,0.0,0.04707055538892746,0.9529294967651367,,,,,,,,,,,,,,,,,,,,,,,,,
Kitchenham,2,DE-ABE,0.2462451010942459,1000,,,,,,,,,,,,,,,,,,,,,,,,,,,,,0.006237028632313013,0.06250116974115372,0.9312617778778076,,,,,,,,,,,,,,,,,,,,,,,,,
Kitchenham,2,GWO-ABE,0.2468317747116089,1000,,,,,,,,,,,,,,,,,,,,,,,,,,,,,0.017558790743350983,0.04856812581419945,0.9338731169700623,,,,,,,,,,,,,,,,,,,,,,,,,
Kitchenham,2,WOA-ABE,0.2488628625869751,1000,,,,,,,,,,,,,,,,,,,,,,,,,,,,,0.03690635412931442,0.032652538269758224,0.9304410815238953,,,,,,,,,,,,,,,,,,,,,,,,,
Kitchenham,2,FAABE,0.24838238954544067,1000,,,,,,,,,,,,,,,,,,,,,,,,,,,,,0.006718032993376255,0.043900419026613235,0.9493815898895264,,,,,,,,,,,,,,,,,,,,,,,,,
Kitchenham,3,ABE,,0,,,,,,,,,,,,,,,,,,,,,,,,,,,,,0.3333333432674408,0.3333333432674408,0.3333333432674408,,,,,,,,,,,,,,,,,,,,,,,,,
Kitchenham,3,GA-ABE,0.2689729630947113,1000,,,,,,,,,,,,,,,,,,,,,,,,,,,,,0.012355892919003963,0.08685345947742462,0.9007906913757324,,,,,,,,,,,,,,,,,,,,,,,,,
Kitchenham,3,PSO-ABE,0.2900666892528534,1000,,,,,,,,,,,,,,,,,,,,,,,,,,,,,0.020104503259062767,0.0,0.9798954725265503,,,,,,,,,,,,,,,,,,,,,,,,,
Kitchenham,3,DE-ABE,0.266620934009552,1000,,,,,,,,,,,,,,,,,,,,,,,,,,,,,0.005745789501816034,0.06935402750968933,0.924900233745575,,,,,,,,,,,,,,,,,,,,,,,,,
Kitchenham,3,GWO-ABE,0.28777316212654114,1000,,,,,,,,,,,,,,,,,,,,,,,,,,,,,0.0,0.1149267628788948,0.8850732445716858,,,,,,,,,,,,,,,,,,,,,,,,,
Kitchenham,3,WOA-ABE,0.26706641912460327,1000,,,,,,,,,,,,,,,,,,,,,,,,,,,,,0.008222449570894241,0.062429849058389664,0.9293476939201355,,,,,,,,,,,,,,,,,,,,,,,,,
Kitchenham,3,FAABE,0.27001896500587463,1000,,,,,,,,,,,,,,,,,,,,,,,,,,,,,0.0018758544465526938,0.0677092894911766,0.9304148554801941,,,,,,,,,,,,,,,,,,,,,,,,,
Kitchenham,4,ABE,,0,,,,,,,,,,,,,,,,,,,,,,,,,,,,,0.3333333432674408,0.3333333432674408,0.3333333432674408,,,,,,,,,,,,,,,,,,,,,,,,,
Kitchenham,4,GA-ABE,0.25575393438339233,1000,,,,,,,,,,,,,,,,,,,,,,,,,,,,,0.010354965925216675,0.06197785213589668,0.9276672005653381,,,,,,,,,,,,,,,,,,,,,,,,,
Kitchenham,4,PSO-ABE,0.2554665803909302,1000,,,,,,,,,,,,,,,,,,,,,,,,,,,,,0.010294209234416485,0.06276653707027435,0.9269392490386963,,,,,,,,,,,,,,,,,,,,,,,,,
Kitchenham,4,DE-ABE,0.25389155745506287,1000,,,,,,,,,,,,,,,,,,,,,,,,,,,,,0.008212272077798843,0.040834568440914154,0.9509531855583191,,,,,,,,,,,,,,,,,,,,,,,,,
Kitchenham,4,GWO-ABE,0.2565341293811798,1000,,,,,,,,,,,,,,,,,,,,,,,,,,,,,0.01046047080308199,0.0612906739115715,0.9282488822937012,,,,,,,,,,,,,,,,,,,,,,,,,
Kitchenham,4,WOA-ABE,0.2857654392719269,1000,,,,,,,,,,,,,,,,,,,,,,,,,,,,,0.0,0.042368631809949875,0.9576314091682434,,,,,,,,,,,,,,,,,,,,,,,,,
Kitchenham,4,FAABE,0.2576153576374054,1000,,,,,,,,,,,,,,,,,,,,,,,,,,,,,0.011158113367855549,0.06748932600021362,0.9213525652885437,,,,,,,,,,,,,,,,,,,,,,,,,
Kitchenham,5,ABE,,0,,,,,,,,,,,,,,,,,,,,,,,,,,,,,0.3333333432674408,0.3333333432674408,0.3333333432674408,,,,,,,,,,,,,,,,,,,,,,,,,
Kitchenham,5,GA-ABE,0.2688785195350647,1000,,,,,,,,,,,,,,,,,,,,,,,,,,,,,0.012012001127004623,0.07053525000810623,0.9174527525901794,,,,,,,,,,,,,,,,,,,,,,,,,
Kitchenham,5,PSO-ABE,0.28329774737358093,1000,,,,,,,,,,,,,,,,,,,,,,,,,,,,,0.0,0.05193279683589935,0.9480671882629395,,,,,,,,,,,,,,,,,,,,,,,,,
Kitchenham,5,DE-ABE,0.3267621695995331,1000,,,,,,,,,,,,,,,,,,,,,,,,,,,,,0.0,0.5780808329582214,0.42191916704177856,,,,,,,,,,,,,,,,,,,,,,,,,
Kitchenham,5,GWO-ABE,0.2688761055469513,1000,,,,,,,,,,,,,,,,,,,,,,,,,,,,,0.012084011919796467,0.07071660459041595,0.9171993732452393,,,,,,,,,,,,,,,,,,,,,,,,,
Kitchenham,5,WOA-ABE,0.2685721218585968,1000,,,,,,,,,,,,,,,,,,,,,,,,,,,,,0.0022562749218195677,0.060246847569942474,0.9374969005584717,,,,,,,,,,,,,,,,,,,,,,,,,
Kitchenham,5,FAABE,0.2707073390483856,1000,,,,,,,,,,,,,,,,,,,,,,,,,,,,,0.010815818794071674,0.06412273645401001,0.9250614643096924,,,,,,,,,,,,,,,,,,,,,,,,,
Kitchenham,6,ABE,,0,,,,,,,,,,,,,,,,,,,,,,,,,,,,,0.3333333432674408,0.3333333432674408,0.3333333432674408,,,,,,,,,,,,,,,,,,,,,,,,,
Kitchenham,6,GA-ABE,0.2719431221485138,1000,,,,,,,,,,,,,,,,,,,,,,,,,,,,,0.00969220232218504,0.05200817063450813,0.9382996559143066,,,,,,,,,,,,,,,,,,,,,,,,,
Kitchenham,6,PSO-ABE,0.2729194462299347,1000,,,,,,,,,,,,,,,,,,,,,,,,,,,,,0.005066482350230217,0.2071894109249115,0.7877441644668579,,,,,,,,,,,,,,,,,,,,,,,,,
Kitchenham,6,DE-ABE,0.2876951992511749,1000,,,,,,,,,,,,,,,,,,,,,,,,,,,,,0.010536822490394115,0.2677587568759918,0.7217044234275818,,,,,,,,,,,,,,,,,,,,,,,,,
Kitchenham,6,GWO-ABE,0.271855890750885,1000,,,,,,,,,,,,,,,,,,,,,,,,,,,,,0.00959076453000307,0.05163417011499405,0.9387751221656799,,,,,,,,,,,,,,,,,,,,,,,,,
Kitchenham,6,WOA-ABE,0.27292153239250183,1000,,,,,,,,,,,,,,,,,,,,,,,,,,,,,0.005010232329368591,0.20718637108802795,0.7878034114837646,,,,,,,,,,,,,,,,,,,,,,,,,
Kitchenham,6,FAABE,0.27573826909065247,1000,,,,,,,,,,,,,,,,,,,,,,,,,,,,,0.005259648431092501,0.20980826020240784,0.7849321365356445,,,,,,,,,,,,,,,,,,,,,,,,,
Kitchenham,7,ABE,,0,,,,,,,,,,,,,,,,,,,,,,,,,,,,,0.3333333432674408,0.3333333432674408,0.3333333432674408,,,,,,,,,,,,,,,,,,,,,,,,,
Kitchenham,7,GA-ABE,0.2587044835090637,1000,,,,,,,,,,,,,,,,,,,,,,,,,,,,,0.005928966216742992,0.07406479120254517,0.920006275177002,,,,,,,,,,,,,,,,,,,,,,,,,
Kitchenham,7,PSO-ABE,0.27170464396476746,1000,,,,,,,,,,,,,,,,,,,,,,,,,,,,,0.0,0.040703628212213516,0.9592963457107544,,,,,,,,,,,,,,,,,,,,,,,,,
Kitchenham,7,DE-ABE,0.25727909803390503,1000,,,,,,,,,,,,,,,,,,,,,,,,,,,,,0.005358164198696613,0.07038241624832153,0.9242594242095947,,,,,,,,,,,,,,,,,,,,,,,,,
Kitchenham,7,GWO-ABE,0.25921177864074707,1000,,,,,,,,,,,,,,,,,,,,,,,,,,,,,0.006432878784835339,0.10342802107334137,0.890139102935791,,,,,,,,,,,,,,,,,,,,,,,,,
Kitchenham,7,WOA-ABE,0.25980889797210693,1000,,,,,,,,,,,,,,,,,,,,,,,,,,,,,0.0016346920747309923,0.06271735578775406,0.9356479048728943,,,,,,,,,,,,,,,,,,,,,,,,,
Kitchenham,7,FAABE,0.25920286774635315,1000,,,,,,,,,,,,,,,,,,,,,,,,,,,,,0.005878871772438288,0.10423673689365387,0.889884352684021,,,,,,,,,,,,,,,,,,,,,,,,,
Kitchenham,8,ABE,,0,,,,,,,,,,,,,,,,,,,,,,,,,,,,,0.3333333432674408,0.3333333432674408,0.3333333432674408,,,,,,,,,,,,,,,,,,,,,,,,,
Kitchenham,8,GA-ABE,0.2605171799659729,1000,,,,,,,,,,,,,,,,,,,,,,,,,,,,,0.0021313175093382597,0.0636233538389206,0.9342452883720398,,,,,,,,,,,,,,,,,,,,,,,,,
Kitchenham,8,PSO-ABE,0.2605016827583313,1000,,,,,,,,,,,,,,,,,,,,,,,,,,,,,0.002164633246138692,0.06385922431945801,0.9339761137962341,,,,,,,,,,,,,,,,,,,,,,,,,
Kitchenham,8,DE-ABE,0.2605045735836029,1000,,,,,,,,,,,,,,,,,,,,,,,,,,,,,0.0021606639493256807,0.06379309296607971,0.9340462684631348,,,,,,,,,,,,,,,,,,,,,,,,,
Kitchenham,8,GWO-ABE,0.2642471194267273,1000,,,,,,,,,,,,,,,,,,,,,,,,,,,,,0.010806800797581673,0.05323922261595726,0.9359539747238159,,,,,,,,,,,,,,,,,,,,,,,,,
Kitchenham,8,WOA-ABE,0.2750031352043152,1000,,,,,,,,,,,,,,,,,,,,,,,,,,,,,0.0,0.04070975258946419,0.9592902660369873,,,,,,,,,,,,,,,,,,,,,,,,,
Kitchenham,8,FAABE,0.2635772228240967,1000,,,,,,,,,,,,,,,,,,,,,,,,,,,,,0.002162244403734803,0.06175687536597252,0.9360809326171875,,,,,,,,,,,,,,,,,,,,,,,,,
Kitchenham,9,ABE,,0,,,,,,,,,,,,,,,,,,,,,,,,,,,,,0.3333333432674408,0.3333333432674408,0.3333333432674408,,,,,,,,,,,,,,,,,,,,,,,,,
Kitchenham,9,GA-ABE,0.2730001211166382,1000,,,,,,,,,,,,,,,,,,,,,,,,,,,,,0.008525218814611435,0.11267246305942535,0.8788023591041565,,,,,,,,,,,,,,,,,,,,,,,,,
Kitchenham,9,PSO-ABE,0.2792011797428131,1000,,,,,,,,,,,,,,,,,,,,,,,,,,,,,0.0,0.1066519170999527,0.8933480978012085,,,,,,,,,,,,,,,,,,,,,,,,,
Kitchenham,9,DE-ABE,0.28482136130332947,1000,,,,,,,,,,,,,,,,,,,,,,,,,,,,,0.00556959118694067,0.23193427920341492,0.7624961733818054,,,,,,,,,,,,,,,,,,,,,,,,,
Kitchenham,9,GWO-ABE,0.2729641795158386,1000,,,,,,,,,,,,,,,,,,,,,,,,,,,,,0.008032052777707577,0.10960816591978073,0.8823598027229309,,,,,,,,,,,,,,,,,,,,,,,,,
Kitchenham,9,WOA-ABE,0.2792012393474579,1000,,,,,,,,,,,,,,,,,,,,,,,,,,,,,0.0,0.10665003955364227,0.8933499455451965,,,,,,,,,,,,,,,,,,,,,,,,,
Kitchenham,9,FAABE,0.2742917239665985,1000,,,,,,,,,,,,,,,,,,,,,,,,,,,,,0.010693101212382317,0.11738783866167068,0.8719190955162048,,,,,,,,,,,,,,,,,,,,,,,,,
Kitchenham,10,ABE,,0,,,,,,,,,,,,,,,,,,,,,,,,,,,,,0.3333333432674408,0.3333333432674408,0.3333333432674408,,,,,,,,,,,,,,,,,,,,,,,,,
Kitchenham,10,GA-ABE,0.2560390830039978,1000,,,,,,,,,,,,,,,,,,,,,,,,,,,,,0.008703378960490227,0.06438008695840836,0.9269165396690369,,,,,,,,,,,,,,,,,,,,,,,,,
Kitchenham,10,PSO-ABE,0.27343419194221497,1000,,,,,,,,,,,,,,,,,,,,,,,,,,,,,0.0,0.09105006605386734,0.9089499115943909,,,,,,,,,,,,,,,,,,,,,,,,,
Kitchenham,10,DE-ABE,0.29108425974845886,1000,,,,,,,,,,,,,,,,,,,,,,,,,,,,,0.013705427758395672,0.32998350262641907,0.6563110947608948,,,,,,,,,,,,,,,,,,,,,,,,,
Kitchenham,10,GWO-ABE,0.2544177174568176,1000,,,,,,,,,,,,,,,,,,,,,,,,,,,,,0.0059606097638607025,0.07573654502630234,0.9183028936386108,,,,,,,,,,,,,,,,,,,,,,,,,
Kitchenham,10,WOA-ABE,0.27343428134918213,1000,,,,,,,,,,,,,,,,,,,,,,,,,,,,,0.0,0.09104721248149872,0.9089527726173401,,,,,,,,,,,,,,,,,,,,,,,,,
Kitchenham,10,FAABE,0.25969430804252625,1000,,,,,,,,,,,,,,,,,,,,,,,,,,,,,0.008183909580111504,0.06448802351951599,0.9273280501365662,,,,,,,,,,,,,,,,,,,,,,,,,
Maxwell,1,ABE,,0,,,,,,,,,,,,0.1428571492433548,,,,,,,,,,,,,,,,,,,,0.1428571492433548,0.1428571492433548,0.1428571492433548,0.1428571492433548,0.1428571492433548,0.1428571492433548,,,,,,,,,,,,,,,,,,,
Maxwell,1,GA-ABE,0.43781182169914246,1000,,,,,,,,,,,,0.4320276379585266,,,,,,,,,,,,,,,,,,,,0.10777147114276886,0.054175347089767456,4.0045392779575195e-07,0.0,0.06363558024168015,0.3423895835876465,,,,,,,,,,,,,,,,,,,
Maxwell,1,PSO-ABE,0.42183586955070496,1000,,,,,,,,,,,,0.47508642077445984,,,,,,,,,,,,,,,,,,,,0.0,0.00027252311701886356,0.010823646560311317,0.0,0.0,0.5138174295425415,,,,,,,,,,,,,,,,,,,
Maxwell,1,DE-ABE,0.4557841718196869,1000,,,,,,,,,,,,0.3400067985057831,,,,,,,,,,,,,,,,,,,,0.2201630175113678,0.057276852428913116,0.000971623114310205,0.0017738391179591417,0.04551161825656891,0.3342962861061096,,,,,,,,,,,,,,,,,,,
Maxwell,1,GWO-ABE,0.397473007440567,1000,,,,,,,,,,,,0.39178499579429626,,,,,,,,,,,,,,,,,,,,0.035128362476825714,0.00033897493267431855,5.644318662234582e-05,0.05439712479710579,0.07553979009389877,0.442754328250885,,,,,,,,,,,,,,,,,,,
Maxwell,1,WOA-ABE,0.4262988567352295,1000,,,,,,,,,,,,0.4410364329814911,,,,,,,,,,,,,,,,,,,,0.0,0.023694319650530815,0.019479786977171898,0.0,0.010899968445301056,0.5048894286155701,,,,,,,,,,,,,,,,,,,
Maxwell,1,FAABE,0.4038827121257782,1000,,,,,,,,,,,,0.44667762517929077,,,,,,,,,,,,,,,,,,,,0.05576351657509804,0.006125969346612692,0.03942771628499031,0.07209844887256622,0.0,0.3799067437648773,,,,,,,,,,,,,,,,,,,
Maxwell,2,ABE,,0,,,,,,,,,,,,0.1428571492433548,,,,,,,,,,,,,,,,,,,,0.1428571492433548,0.1428571492433548,0.1428571492433548,,,0.1428571492433548,0.1428571492433548,0.1428571492433548,,,,,,,,,,,,,,,,,
Maxwell,2,GA-ABE,0.38452789187431335,1000,,,,,,,,,,,,0.2815214991569519,,,,,,,,,,,,,,,,,,,,0.07397954165935516,0.0,0.041737496852874756,,,0.2807455062866211,0.2900916039943695,0.03192431479692459,,,,,,,,,,,,,,,,,
Maxwell,2,PSO-ABE,0.36228933930397034,1000,,,,,,,,,,,,0.4210217297077179,,,,,,,,,,,,,,,,,,,,0.0,0.0,0.009532333351671696,,,0.5694459080696106,0.0,0.0,,,,,,,,,,,,,,,,,
Maxwell,2,DE-ABE,0.3790279030799866,1000,,,,,,,,,,,,0.37051674723625183,,,,,,,,,,,,,,,,,,,,0.0003256142372265458,0.0005189742660149932,0.05009528994560242,,,0.31276974081993103,0.24955905973911285,0.01621454581618309,,,,,,,,,,,,,,,,,
Maxwell,2,GWO-ABE,0.4841981828212738,1000,,,,,,,,,,,,0.5239761471748352,,,,,,,,,,,,,,,,,,,,0.004212690982967615,0.1426958590745926,0.1400090903043747,,,0.004706414416432381,0.09739428013563156,0.08700549602508545,,,,,,,,,,,,,,,,,
Maxwell,2,WOA-ABE,0.36253973841667175,1000,,,,,,,,,,,,0.47762832045555115,,,,,,,,,,,,,,,,,,,,0.007542068604379892,0.0,0.0,,,0.5148295760154724,0.0,0.0,,,,,,,,,,,,,,,,,
Maxwell,2,FAABE,0.4173325002193451,1000,,,,,,,,,,,,0.3446420431137085,,,,,,,,,,,,,,,,,,,,0.0,0.0,0.2871459126472473,,,0.2980560064315796,0.04543450474739075,0.024721594527363777,,,,,,,,,,,,,,,,,
Maxwell,3,ABE,,0,,,,,,,,,,,,0.1666666716337204,,,,,,,,,,,,,,,,,,,,,0.1666666716337204,0.1666666716337204,,0.1666666716337204,0.1666666716337204,,0.1666666716337204,,,,,,,,,,,,,,,,,
Maxwell,3,GA-ABE,0.4673879146575928,1000,,,,,,,,,,,,0.25670093297958374,,,,,,,,,,,,,,,,,,,,,0.13374437391757965,0.04377580061554909,,0.16602501273155212,0.29069533944129944,,0.10905852913856506,,,,,,,,,,,,,,,,,
Maxwell,3,PSO-ABE,0.47701579332351685,1000,,,,,,,,,,,,0.07038236409425735,,,,,,,,,,,,,,,,,,,,,0.0,0.0,,0.0,0.4926234483718872,,0.4369942247867584,,,,,,,,,,,,,,,,,
Maxwell,3,DE-ABE,0.45735085010528564,1000,,,,,,,,,,,,0.29327237606048584,,,,,,,,,,,,,,,,,,,,,0.026092272251844406,0.027692783623933792,,0.0,0.3886266350746155,,0.2643158733844757,,,,,,,,,,,,,,,,,
Maxwell,3,GWO-ABE,0.4085254371166229,1000,,,,,,,,,,,,0.16606451570987701,,,,,,,,,,,,,,,,,,,,,0.00024317321367561817,0.01374319288879633,,0.0015324816340580583,0.7852082252502441,,0.03320843353867531,,,,,,,,,,,,,,,,,
Maxwell,3,WOA-ABE,0.3827928304672241,1000,,,,,,,,,,,,0.09188719838857651,,,,,,,,,,,,,,,,,,,,,0.0002546539471950382,0.021684201434254646,,0.0,0.8408260941505432,,0.045347798615694046,,,,,,,,,,,,,,,,,
Maxwell,3,FAABE,0.4315219819545746,1000,,,,,,,,,,,,0.31365692615509033,,,,,,,,,,,,,,,,,,,,,0.0,0.017661727964878082,,0.0,0.6332677006721497,,0.03541366010904312,,,,,,,,,,,,,,,,,
Maxwell,4,ABE,,0,,,,,,,,,,,,0.125,,,,,,,,,,,,,,,,,,,,0.125,0.125,0.125,0.125,0.125,0.125,,0.125,,,,,,,,,,,,,,,,,
Maxwell,4,GA-ABE,0.45047253370285034,1000,,,,,,,,,,,,0.28838470578193665,,,,,,,,,,,,,,,,,,,,0.09338054060935974,0.08589711040258408,0.029278898611664772,0.10770061612129211,0.0643429085612297,0.2108820378780365,,0.1201331838965416,,,,,,,,,,,,,,,,,
Maxwell,4,PSO-ABE,0.47507914900779724,1000,,,,,,,,,,,,0.3979457914829254,,,,,,,,,,,,,,,,,,,,0.07874070852994919,0.07098495215177536,0.0,0.1970040649175644,0.0,0.1986144483089447,,0.05671001225709915,,,,,,,,,,,,,,,,,
Maxwell,4,DE-ABE,0.43681514263153076,1000,,,,,,,,,,,,0.24178558588027954,,,,,,,,,,,,,,,,,,,,0.06123819947242737,0.09589380025863647,0.07859022170305252,0.15514928102493286,0.004171776585280895,0.27304989099502563,,0.09012126922607422,,,,,,,,,,,,,,,,,
Maxwell,4,GWO-ABE,0.39666691422462463,1000,,,,,,,,,,,,0.2893514335155487,,,,,,,,,,,,,,,,,,,,0.03188706189393997,0.0029618400149047375,0.0008978163241408765,0.03624003380537033,0.0008289572433568537,0.6228556632995605,,0.01497725397348404,,,,,,,,,,,,,,,,,
Maxwell,4,WOA-ABE,0.37024298310279846,1000,,,,,,,,,,,,0.33001407980918884,,,,,,,,,,,,,,,,,,,,0.01006308477371931,0.0,0.02280868962407112,0.07027813792228699,0.0,0.5318326354026794,,0.035003405064344406,,,,,,,,,,,,,,,,,
Maxwell,4,FAABE,0.405439168214798,1000,,,,,,,,,,,,0.40098199248313904,,,,,,,,,,,,,,,,,,,,0.035002924501895905,0.0,0.051728639751672745,0.05219137668609619,0.0,0.38303881883621216,,0.07705625146627426,,,,,,,,,,,,,,,,,
Maxwell,5,ABE,,0,,,,,,,,,,,,0.1666666716337204,,,,,,,,,,,,,,,,,,,,0.1666666716337204,0.1666666716337204,0.1666666716337204,0.1666666716337204,,0.1666666716337204,,,,,,,,,,,,,,,,,,,
Maxwell,5,GA-ABE,0.3565167188644409,1000,,,,,,,,,,,,0.38150548934936523,,,,,,,,,,,,,,,,,,,,0.03521927073597908,0.013008014298975468,0.012308035045862198,0.05368008464574814,,0.5042791366577148,,,,,,,,,,,,,,,,,,,
Maxwell,5,PSO-ABE,0.37017354369163513,1000,,,,,,,,,,,,0.4004583954811096,,,,,,,,,,,,,,,,,,,,0.0472278892993927,0.0,0.0,0.0564194992184639,,0.4958942234516144,,,,,,,,,,,,,,,,,,,
Maxwell,5,DE-ABE,0.46125563979148865,1000,,,,,,,,,,,,0.2431582510471344,,,,,,,,,,,,,,,,,,,,0.12376658618450165,0.1397411823272705,0.06181411072611809,0.10940929502248764,,0.3221105933189392,,,,,,,,,,,,,,,,,,,
Maxwell,5,GWO-ABE,0.373460978269577,1000,,,,,,,,,,,,0.3906700015068054,,,,,,,,,,,,,,,,,,,,0.04638328030705452,0.000738089787773788,0.0012058401480317116,0.06279980391263962,,0.49820300936698914,,,,,,,,,,,,,,,,,,,
Maxwell,5,WOA-ABE,0.5511060357093811,1000,,,,,,,,,,,,0.6062380075454712,,,,,,,,,,,,,,,,,,,,0.1182176023721695,0.1287490278482437,0.0,0.14679540693759918,,0.0,,,,,,,,,,,,,,,,,,,
Maxwell,5,FAABE,0.38513535261154175,1000,,,,,,,,,,,,0.43911024928092957,,,,,,,,,,,,,,,,,,,,0.05239023268222809,0.0,0.04708243906497955,0.029850028455257416,,0.43156713247299194,,,,,,,,,,,,,,,,,,,
Maxwell,6,ABE,,0,,,,,,,,,,,,0.1666666716337204,,,,,,,,,,,,,,,,,,,,0.1666666716337204,0.1666666716337204,0.1666666716337204,0.1666666716337204,,0.1666666716337204,,,,,,,,,,,,,,,,,,,
Maxwell,6,GA-ABE,0.432372510433197,1000,,,,,,,,,,,,0.3757728934288025,,,,,,,,,,,,,,,,,,,,0.056114617735147476,0.017496101558208466,0.018076209351420403,0.10486723482608795,,0.42767298221588135,,,,,,,,,,,,,,,,,,,
Maxwell,6,PSO-ABE,0.4471489489078522,1000,,,,,,,,,,,,0.4616326689720154,,,,,,,,,,,,,,,,,,,,0.0956641212105751,0.01140557136386633,0.0,0.005680059548467398,,0.42561760544776917,,,,,,,,,,,,,,,,,,,
Maxwell,6,DE-ABE,0.416740745306015,1000,,,,,,,,,,,,0.4224652051925659,,,,,,,,,,,,,,,,,,,,0.04605458304286003,0.0013919429620727897,0.002578286686912179,0.05389080569148064,,0.4736191928386688,,,,,,,,,,,,,,,,,,,
Maxwell,6,GWO-ABE,0.4088449776172638,1000,,,,,,,,,,,,0.4098984897136688,,,,,,,,,,,,,,,,,,,,0.046747319400310516,0.0008860722882673144,0.007215915247797966,0.04968545585870743,,0.48556679487228394,,,,,,,,,,,,,,,,,,,
Maxwell,6,WOA-ABE,0.4302402436733246,1000,,,,,,,,,,,,0.36538267135620117,,,,,,,,,,,,,,,,,,,,0.0,0.0011782278306782246,0.02596413902938366,0.052481140941381454,,0.5549938678741455,,,,,,,,,,,,,,,,,,,
Maxwell,6,FAABE,0.41835349798202515,1000,,,,,,,,,,,,0.39110201597213745,,,,,,,,,,,,,,,,,,,,0.04132915660738945,0.0,0.03276236355304718,0.06285709142684937,,0.47194939851760864,,,,,,,,,,,,,,,,,,,
Maxwell,7,ABE,,0,,,,,,,,,,,,0.125,,,,,,,,,,,,,,,,,,,,0.125,0.125,0.125,0.125,0.125,0.125,,0.125,,,,,,,,,,,,,,,,,
Maxwell,7,GA-ABE,0.34884822368621826,1000,,,,,,,,,,,,0.5646749138832092,,,,,,,,,,,,,,,,,,,,0.0,0.0063223689794540405,0.00015617602912243456,0.0,0.05549950152635574,0.3324359953403473,,0.04091108217835426,,,,,,,,,,,,,,,,,
Maxwell,7,PSO-ABE,0.3631149232387543,1000,,,,,,,,,,,,0.3605489730834961,,,,,,,,,,,,,,,,,,,,0.0,0.08316048979759216,0.01828286051750183,0.0,0.12085812538862228,0.3204953074455261,,0.09665420651435852,,,,,,,,,,,,,,,,,
Maxwell,7,DE-ABE,0.4755164086818695,1000,,,,,,,,,,,,0.2539721727371216,,,,,,,,,,,,,,,,,,,,0.04788953810930252,0.09202641248703003,0.05338338017463684,0.13364531099796295,0.006730358581990004,0.3278837203979492,,0.08446909487247467,,,,,,,,,,,,,,,,,
Maxwell,7,GWO-ABE,0.3469259440898895,1000,,,,,,,,,,,,0.4973759055137634,,,,,,,,,,,,,,,,,,,,0.001391207450069487,0.00010328767530154437,0.0,0.00520713347941637,0.043173447251319885,0.413711816072464,,0.03903723135590553,,,,,,,,,,,,,,,,,
Maxwell,7,WOA-ABE,0.3425823748111725,1000,,,,,,,,,,,,0.5001795291900635,,,,,,,,,,,,,,,,,,,,0.0006856921827420592,0.0,0.0,0.0031432549003511667,0.027791151776909828,0.41948723793029785,,0.048713162541389465,,,,,,,,,,,,,,,,,
Maxwell,7,FAABE,0.3605477213859558,1000,,,,,,,,,,,,0.5300304293632507,,,,,,,,,,,,,,,,,,,,0.0,0.0,0.022853314876556396,0.0,0.14541411399841309,0.2586813271045685,,0.043020837008953094,,,,,,,,,,,,,,,,,
Maxwell,8,ABE,,0,,,,,,,,,,,,0.125,,,,,,,,,,,,,,,,,,,,0.125,0.125,0.125,0.125,0.125,0.125,,0.125,,,,,,,,,,,,,,,,,
Maxwell,8,GA-ABE,0.33680686354637146,1000,,,,,,,,,,,,0.39920592308044434,,,,,,,,,,,,,,,,,,,,0.0006715242634527385,0.0,0.025320429354906082,0.05745504051446915,0.003385944524779916,0.4797438681125641,,0.03421732783317566,,,,,,,,,,,,,,,,,
Maxwell,8,PSO-ABE,0.37284785509109497,1000,,,,,,,,,,,,0.3804953396320343,,,,,,,,,,,,,,,,,,,,0.02246382273733616,0.0,7.161301709857071e-06,0.0,0.0,0.5741136074066162,,0.02292008325457573,,,,,,,,,,,,,,,,,
Maxwell,8,DE-ABE,0.47680047154426575,1000,,,,,,,,,,,,0.23938575387001038,,,,,,,,,,,,,,,,,,,,0.05476352572441101,0.08729001134634018,0.07080353051424026,0.18963973224163055,0.010671444237232208,0.20079609751701355,,0.14664986729621887,,,,,,,,,,,,,,,,,
Maxwell,8,GWO-ABE,0.32027968764305115,1000,,,,,,,,,,,,0.34614551067352295,,,,,,,,,,,,,,,,,,,,0.00016800634330138564,0.0010941572254523635,0.025627940893173218,0.057892948389053345,0.0015172497369349003,0.548856258392334,,0.018697917461395264,,,,,,,,,,,,,,,,,
Maxwell,8,WOA-ABE,0.3568834662437439,1000,,,,,,,,,,,,0.34396764636039734,,,,,,,,,,,,,,,,,,,,0.040377505123615265,0.003019009018316865,0.0,0.04378829896450043,0.0,0.5688164234161377,,3.1098315957933664e-05,,,,,,,,,,,,,,,,,
Maxwell,8,FAABE,0.3837530016899109,1000,,,,,,,,,,,,0.43422070145606995,,,,,,,,,,,,,,,,,,,,0.0,0.0,0.008742010220885277,0.0779733955860138,0.0,0.47906389832496643,,0.0,,,,,,,,,,,,,,,,,
Maxwell,9,ABE,,0,,,,,,,,,,,,0.1428571492433548,,,,,,,,,,,,,,,,,,,,,0.1428571492433548,0.1428571492433548,0.1428571492433548,,0.1428571492433548,,,0.1428571492433548,0.1428571492433548,,,,,,,,,,,,,,,
Maxwell,9,GA-ABE,0.47921717166900635,1000,,,,,,,,,,,,0.3233051598072052,,,,,,,,,,,,,,,,,,,,,0.06008734554052353,0.03171524032950401,0.2631324529647827,,0.2395942509174347,,,0.00441413838416338,0.07775143533945084,,,,,,,,,,,,,,,
Maxwell,9,PSO-ABE,0.4890698790550232,1000,,,,,,,,,,,,0.446891725063324,,,,,,,,,,,,,,,,,,,,,0.0,0.0,0.0,,0.5347428321838379,,,0.018365414813160896,0.0,,,,,,,,,,,,,,,
Maxwell,9,DE-ABE,0.46828991174697876,1000,,,,,,,,,,,,0.38098829984664917,,,,,,,,,,,,,,,,,,,,,0.08793485164642334,0.006807589903473854,0.2672603130340576,,0.15363164246082306,,,0.014575261622667313,0.0888020396232605,,,,,,,,,,,,,,,
Maxwell,9,GWO-ABE,0.4570125639438629,1000,,,,,,,,,,,,0.48607534170150757,,,,,,,,,,,,,,,,,,,,,0.001826312392950058,0.05160980299115181,0.11425792425870895,,0.337986022233963,,,0.00823462475091219,9.953116204997059e-06,,,,,,,,,,,,,,,
Maxwell,9,WOA-ABE,0.45892077684402466,1000,,,,,,,,,,,,0.26898226141929626,,,,,,,,,,,,,,,,,,,,,0.0,0.05830161273479462,0.16775676608085632,,0.36260277032852173,,,0.0,0.14235663414001465,,,,,,,,,,,,,,,
Maxwell,9,FAABE,0.4762962758541107,1000,,,,,,,,,,,,0.25958243012428284,,,,,,,,,,,,,,,,,,,,,0.019016657024621964,0.06414838880300522,0.12520697712898254,,0.39556169509887695,,,0.012554625980556011,0.12392927706241608,,,,,,,,,,,,,,,
Maxwell,10,ABE,,0,,,,,,,,,,,,0.1666666716337204,,,,,,,,,,,,,,,,,,,,0.1666666716337204,0.1666666716337204,0.1666666716337204,0.1666666716337204,,0.1666666716337204,,,,,,,,,,,,,,,,,,,
Maxwell,10,GA-ABE,0.4703616499900818,1000,,,,,,,,,,,,0.26681801676750183,,,,,,,,,,,,,,,,,,,,0.11086930334568024,0.07708603143692017,0.0017156503163278103,0.2511070966720581,,0.292403906583786,,,,,,,,,,,,,,,,,,,
Maxwell,10,PSO-ABE,0.45870450139045715,1000,,,,,,,,,,,,0.43504011631011963,,,,,,,,,,,,,,,,,,,,0.07990271598100662,0.0933779776096344,0.0,0.18834620714187622,,0.2033330351114273,,,,,,,,,,,,,,,,,,,
Maxwell,10,DE-ABE,0.5253456830978394,1000,,,,,,,,,,,,0.34010234475135803,,,,,,,,,,,,,,,,,,,,0.09947049617767334,0.18839262425899506,0.0,0.2063516080379486,,0.16568292677402496,,,,,,,,,,,,,,,,,,,
Maxwell,10,GWO-ABE,0.4195893108844757,1000,,,,,,,,,,,,0.4229225218296051,,,,,,,,,,,,,,,,,,,,0.03518068790435791,0.004472446162253618,0.005448361858725548,0.037247203290462494,,0.49472877383232117,,,,,,,,,,,,,,,,,,,
Maxwell,10,WOA-ABE,0.4064100980758667,1000,,,,,,,,,,,,0.4176844358444214,,,,,,,,,,,,,,,,,,,,0.03505046293139458,0.0,0.0,0.041937798261642456,,0.5053273439407349,,,,,,,,,,,,,,,,,,,
Maxwell,10,FAABE,0.4205232262611389,1000,,,,,,,,,,,,0.46107083559036255,,,,,,,,,,,,,,,,,,,,0.042487043887376785,0.0,0.0,0.038287390023469925,,0.4581547677516937,,,,,,,,,,,,,,,,,,,
Miyazaki94,1,ABE,,0,,,,,,,,,,,,,,,,,,,,,,,,,,,,,,,,,,,,,,,,,,0.1428571492433548,0.1428571492433548,0.1428571492433548,0.1428571492433548,0.1428571492433548,0.1428571492433548,0.1428571492433548,,,,,,,,
Miyazaki94,1,GA-ABE,0.3502901494503021,1000,,,,,,,,,,,,,,,,,,,,,,,,,,,,,,,,,,,,,,,,,,0.27570492029190063,0.19160772860050201,0.014530208893120289,0.1371709555387497,0.16776123642921448,0.029379334300756454,0.1838456690311432,,,,,,,,
Miyazaki94,1,PSO-ABE,0.33635959029197693,1000,,,,,,,,,,,,,,,,,,,,,,,,,,,,,,,,,,,,,,,,,,0.4382888972759247,0.19751472771167755,0.0,0.05028165876865387,0.0,0.0,0.3139146864414215,,,,,,,,
Miyazaki94,1,DE-ABE,0.39969223737716675,1000,,,,,,,,,,,,,,,,,,,,,,,,,,,,,,,,,,,,,,,,,,0.278340607881546,0.32891497015953064,0.07835853844881058,0.0008835283806547523,0.18924571573734283,0.0,0.12425658106803894,,,,,,,,
Miyazaki94,1,GWO-ABE,0.3273131251335144,1000,,,,,,,,,,,,,,,,,,,,,,,,,,,,,,,,,,,,,,,,,,0.5493975281715393,0.003494848497211933,5.4880467359907925e-05,0.006649103946983814,0.0063706678338348866,0.0004780843446496874,0.43355488777160645,,,,,,,,
Miyazaki94,1,WOA-ABE,0.31110936403274536,1000,,,,,,,,,,,,,,,,,,,,,,,,,,,,,,,,,,,,,,,,,,0.4952656328678131,0.014054141007363796,0.0010774487163871527,0.01768932305276394,0.0,0.0,0.47191348671913147,,,,,,,,
Miyazaki94,1,FAABE,0.3312595784664154,1000,,,,,,,,,,,,,,,,,,,,,,,,,,,,,,,,,,,,,,,,,,0.4093010723590851,0.0017672007670626044,0.0032104812562465668,0.0679200068116188,0.10108032822608948,0.0,0.4167208969593048,,,,,,,,
Miyazaki94,2,ABE,,0,,,,,,,,,,,,,,,,,,,,,,,,,,,,,,,,,,,,,,,,,,0.1428571492433548,0.1428571492433548,0.1428571492433548,0.1428571492433548,0.1428571492433548,0.1428571492433548,0.1428571492433548,,,,,,,,
Miyazaki94,2,GA-ABE,0.38222238421440125,1000,,,,,,,,,,,,,,,,,,,,,,,,,,,,,,,,,,,,,,,,,,0.3222081959247589,0.19051147997379303,0.030042529106140137,0.09989266097545624,0.24865546822547913,0.02145363762974739,0.08723608404397964,,,,,,,,
Miyazaki94,2,PSO-ABE,0.37336277961730957,1000,,,,,,,,,,,,,,,,,,,,,,,,,,,,,,,,,,,,,,,,,,0.26059019565582275,0.5124726295471191,0.0,0.07440627366304398,0.15253090858459473,0.0,0.0,,,,,,,,
Miyazaki94,2,DE-ABE,0.3841205835342407,1000,,,,,,,,,,,,,,,,,,,,,,,,,,,,,,,,,,,,,,,,,,0.29956889152526855,0.2825886905193329,0.050075359642505646,0.15387940406799316,0.0904109925031662,0.0002627589274197817,0.12321385741233826,,,,,,,,
Miyazaki94,2,GWO-ABE,0.38077107071876526,1000,,,,,,,,,,,,,,,,,,,,,,,,,,,,,,,,,,,,,,,,,,0.5216814279556274,0.046904221177101135,0.0018712161108851433,0.2983427345752716,0.11006251722574234,6.707557622576132e-05,0.021070806309580803,,,,,,,,
Miyazaki94,2,WOA-ABE,0.3578907251358032,1000,,,,,,,,,,,,,,,,,,,,,,,,,,,,,,,,,,,,,,,,,,0.36900243163108826,0.08462956547737122,0.0,0.0,0.11940038204193115,0.0,0.42696765065193176,,,,,,,,
Miyazaki94,2,FAABE,0.36939147114753723,1000,,,,,,,,,,,,,,,,,,,,,,,,,,,,,,,,,,,,,,,,,,0.5301077961921692,0.0,0.0,0.2321281135082245,0.14367473125457764,0.0,0.09408942610025406,,,,,,,,
Miyazaki94,3,ABE,,0,,,,,,,,,,,,,,,,,,,,,,,,,,,,,,,,,,,,,,,,,,0.1428571492433548,0.1428571492433548,0.1428571492433548,0.1428571492433548,0.1428571492433548,0.1428571492433548,0.1428571492433548,,,,,,,,
Miyazaki94,3,GA-ABE,0.36122778058052063,1000,,,,,,,,,,,,,,,,,,,,,,,,,,,,,,,,,,,,,,,,,,0.32410985231399536,0.3494566082954407,0.0,0.0,0.19639307260513306,0.036158766597509384,0.09388173371553421,,,,,,,,
Miyazaki94,3,PSO-ABE,0.36991003155708313,1000,,,,,,,,,,,,,,,,,,,,,,,,,,,,,,,,,,,,,,,,,,0.5484499931335449,0.09208282083272934,0.0,0.20136338472366333,0.15810374915599823,0.0,0.0,,,,,,,,
Miyazaki94,3,DE-ABE,0.4133293330669403,1000,,,,,,,,,,,,,,,,,,,,,,,,,,,,,,,,,,,,,,,,,,0.21671485900878906,0.28486937284469604,0.04365203529596329,0.0,0.12013022601604462,0.003074430162087083,0.33155912160873413,,,,,,,,
Miyazaki94,3,GWO-ABE,0.37998801469802856,1000,,,,,,,,,,,,,,,,,,,,,,,,,,,,,,,,,,,,,,,,,,0.5965347290039062,0.06875243782997131,0.0007826538640074432,0.07563654333353043,0.09222441166639328,0.012796989642083645,0.15327231585979462,,,,,,,,
Miyazaki94,3,WOA-ABE,0.36444994807243347,1000,,,,,,,,,,,,,,,,,,,,,,,,,,,,,,,,,,,,,,,,,,0.5579441785812378,0.11115405708551407,0.0,0.15328852832317352,0.13124552369117737,0.0,0.04636774957180023,,,,,,,,
Miyazaki94,3,FAABE,0.35640662908554077,1000,,,,,,,,,,,,,,,,,,,,,,,,,,,,,,,,,,,,,,,,,,0.3631843626499176,0.31440412998199463,0.0,0.0,0.1999242901802063,0.02190272882580757,0.1005844920873642,,,,,,,,
Miyazaki94,4,ABE,,0,,,,,,,,,,,,,,,,,,,,,,,,,,,,,,,,,,,,,,,,,,0.1428571492433548,0.1428571492433548,0.1428571492433548,0.1428571492433548,0.1428571492433548,0.1428571492433548,0.1428571492433548,,,,,,,,
Miyazaki94,4,GA-ABE,0.32712700963020325,1000,,,,,,,,,,,,,,,,,,,,,,,,,,,,,,,,,,,,,,,,,,0.6811078190803528,0.0002157433336833492,0.0,0.01535648200660944,0.15360623598098755,6.0537880926858634e-05,0.14965316653251648,,,,,,,,
Miyazaki94,4,PSO-ABE,0.35676294565200806,1000,,,,,,,,,,,,,,,,,,,,,,,,,,,,,,,,,,,,,,,,,,0.48019304871559143,0.32422980666160583,0.0,0.0070297811180353165,0.14700742065906525,0.041539888828992844,0.0,,,,,,,,
Miyazaki94,4,DE-ABE,0.38775283098220825,1000,,,,,,,,,,,,,,,,,,,,,,,,,,,,,,,,,,,,,,,,,,0.30229121446609497,0.3488035202026367,0.07851067930459976,0.005541074089705944,0.04655066132545471,0.10412062704563141,0.1141822338104248,,,,,,,,
Miyazaki94,4,GWO-ABE,0.33717697858810425,1000,,,,,,,,,,,,,,,,,,,,,,,,,,,,,,,,,,,,,,,,,,0.7041192054748535,0.002298572799190879,9.197647887049243e-05,0.004610640928149223,0.16828791797161102,3.6596211430151016e-05,0.12055505067110062,,,,,,,,
Miyazaki94,4,WOA-ABE,0.3455908000469208,1000,,,,,,,,,,,,,,,,,,,,,,,,,,,,,,,,,,,,,,,,,,0.42735618352890015,0.0,0.0,0.0,0.0,0.0,0.5726438164710999,,,,,,,,
Miyazaki94,4,FAABE,0.34180766344070435,1000,,,,,,,,,,,,,,,,,,,,,,,,,,,,,,,,,,,,,,,,,,0.693548321723938,0.0,0.0,0.08661697804927826,0.19890926778316498,0.0,0.02092546410858631,,,,,,,,
Miyazaki94,5,ABE,,0,,,,,,,,,,,,,,,,,,,,,,,,,,,,,,,,,,,,,,,,,,0.1428571492433548,0.1428571492433548,0.1428571492433548,0.1428571492433548,0.1428571492433548,0.1428571492433548,0.1428571492433548,,,,,,,,
Miyazaki94,5,GA-ABE,0.39264562726020813,1000,,,,,,,,,,,,,,,,,,,,,,,,,,,,,,,,,,,,,,,,,,0.6099162697792053,0.017133697867393494,0.0,0.0,0.09310289472341537,0.0,0.2798471450805664,,,,,,,,
Miyazaki94,5,PSO-ABE,0.39394262433052063,1000,,,,,,,,,,,,,,,,,,,,,,,,,,,,,,,,,,,,,,,,,,0.4797150790691376,0.0,0.0,0.21849943697452545,0.13779035210609436,0.0,0.1639951467514038,,,,,,,,
Miyazaki94,5,DE-ABE,0.4261901378631592,1000,,,,,,,,,,,,,,,,,,,,,,,,,,,,,,,,,,,,,,,,,,0.2590019404888153,0.26009175181388855,0.0,0.013702883385121822,0.2849656641483307,0.0020201520528644323,0.1802176982164383,,,,,,,,
Miyazaki94,5,GWO-ABE,0.3900947868824005,1000,,,,,,,,,,,,,,,,,,,,,,,,,,,,,,,,,,,,,,,,,,0.43651098012924194,0.006204608362168074,5.460354805109091e-05,0.0012378119863569736,0.0003220295184291899,0.00044797605369240046,0.5552219748497009,,,,,,,,
Miyazaki94,5,WOA-ABE,0.39046603441238403,1000,,,,,,,,,,,,,,,,,,,,,,,,,,,,,,,,,,,,,,,,,,0.44347116351127625,0.0,0.0,0.0,0.0,0.0,0.5565288662910461,,,,,,,,
Miyazaki94,5,FAABE,0.4142501652240753,1000,,,,,,,,,,,,,,,,,,,,,,,,,,,,,,,,,,,,,,,,,,0.40682452917099,0.22000284492969513,0.0,0.0,0.10574080795049667,0.007130896206945181,0.260300874710083,,,,,,,,
Miyazaki94,6,ABE,,0,,,,,,,,,,,,,,,,,,,,,,,,,,,,,,,,,,,,,,,,,,0.1428571492433548,0.1428571492433548,0.1428571492433548,0.1428571492433548,0.1428571492433548,0.1428571492433548,0.1428571492433548,,,,,,,,
Miyazaki94,6,GA-ABE,0.3643910586833954,1000,,,,,,,,,,,,,,,,,,,,,,,,,,,,,,,,,,,,,,,,,,0.4479202628135681,0.3600861728191376,0.0,0.0,0.18909859657287598,0.0028950106352567673,4.526309282937291e-08,,,,,,,,
Miyazaki94,6,PSO-ABE,0.3981609642505646,1000,,,,,,,,,,,,,,,,,,,,,,,,,,,,,,,,,,,,,,,,,,0.5551508665084839,0.0,0.0,0.11099322885274887,0.318028062582016,0.015827827155590057,0.0,,,,,,,,
Miyazaki94,6,DE-ABE,0.3996709883213043,1000,,,,,,,,,,,,,,,,,,,,,,,,,,,,,,,,,,,,,,,,,,0.5456128120422363,0.19959449768066406,0.04610008746385574,0.0009872658411040902,0.10179178416728973,0.10591355711221695,0.0,,,,,,,,
Miyazaki94,6,GWO-ABE,0.3384605646133423,1000,,,,,,,,,,,,,,,,,,,,,,,,,,,,,,,,,,,,,,,,,,0.6403045058250427,0.25188466906547546,0.0017526497831568122,0.003973645623773336,2.7280632366455393e-06,1.895428249554243e-05,0.10206285864114761,,,,,,,,
Miyazaki94,6,WOA-ABE,0.3406757712364197,1000,,,,,,,,,,,,,,,,,,,,,,,,,,,,,,,,,,,,,,,,,,0.6384211778640747,0.2559613585472107,0.0,0.0,0.0,0.0,0.1056174784898758,,,,,,,,
Miyazaki94,6,FAABE,0.3689804673194885,1000,,,,,,,,,,,,,,,,,,,,,,,,,,,,,,,,,,,,,,,,,,0.6894901394844055,0.15037329494953156,0.0,0.0019946079701185226,0.12449420243501663,0.0,0.033647771924734116,,,,,,,,
Miyazaki94,7,ABE,,0,,,,,,,,,,,,,,,,,,,,,,,,,,,,,,,,,,,,,,,,,,0.1428571492433548,0.1428571492433548,0.1428571492433548,0.1428571492433548,0.1428571492433548,0.1428571492433548,0.1428571492433548,,,,,,,,
Miyazaki94,7,GA-ABE,0.3227127194404602,1000,,,,,,,,,,,,,,,,,,,,,,,,,,,,,,,,,,,,,,,,,,0.2691971957683563,0.44017690420150757,1.565324237162713e-05,0.020320110023021698,0.07307790964841843,1.9728483380276884e-07,0.1972120702266693,,,,,,,,
Miyazaki94,7,PSO-ABE,0.3533474802970886,1000,,,,,,,,,,,,,,,,,,,,,,,,,,,,,,,,,,,,,,,,,,0.580880880355835,0.0602542944252491,0.025250829756259918,0.03213328868150711,0.1138918399810791,0.001346791977994144,0.18624213337898254,,,,,,,,
Miyazaki94,7,DE-ABE,0.35864022374153137,1000,,,,,,,,,,,,,,,,,,,,,,,,,,,,,,,,,,,,,,,,,,0.24045787751674652,0.31308576464653015,0.0,0.0001608092716196552,0.1456564962863922,0.0,0.3006390631198883,,,,,,,,
Miyazaki94,7,GWO-ABE,0.3598600924015045,1000,,,,,,,,,,,,,,,,,,,,,,,,,,,,,,,,,,,,,,,,,,0.5870271325111389,0.030349325388669968,0.030954627320170403,0.048244912177324295,0.11560894548892975,9.214013698510826e-05,0.18772295117378235,,,,,,,,
Miyazaki94,7,WOA-ABE,0.373183935880661,1000,,,,,,,,,,,,,,,,,,,,,,,,,,,,,,,,,,,,,,,,,,0.5773264169692993,0.09304391592741013,0.0,0.08102032542228699,0.05037924274802208,0.0010535719338804483,0.19717657566070557,,,,,,,,
Miyazaki94,7,FAABE,0.33530429005622864,1000,,,,,,,,,,,,,,,,,,,,,,,,,,,,,,,,,,,,,,,,,,0.25137779116630554,0.424753874540329,0.0,0.0,0.0868442952632904,0.0,0.23702405393123627,,,,,,,,
Miyazaki94,8,ABE,,0,,,,,,,,,,,,,,,,,,,,,,,,,,,,,,,,,,,,,,,,,,0.1428571492433548,0.1428571492433548,0.1428571492433548,0.1428571492433548,0.1428571492433548,0.1428571492433548,0.1428571492433548,,,,,,,,
Miyazaki94,8,GA-ABE,0.4148334562778473,1000,,,,,,,,,,,,,,,,,,,,,,,,,,,,,,,,,,,,,,,,,,0.34508076310157776,0.22839710116386414,0.027221061289310455,0.134248286485672,0.0889568105340004,0.009830942377448082,0.1662651002407074,,,,,,,,
Miyazaki94,8,PSO-ABE,0.389340877532959,1000,,,,,,,,,,,,,,,,,,,,,,,,,,,,,,,,,,,,,,,,,,0.5150768160820007,0.0,0.0,0.22387370467185974,0.141808420419693,0.0,0.11924100667238235,,,,,,,,
Miyazaki94,8,DE-ABE,0.40038737654685974,1000,,,,,,,,,,,,,,,,,,,,,,,,,,,,,,,,,,,,,,,,,,0.2785789966583252,0.29086729884147644,0.0,0.05350293591618538,0.15542300045490265,0.03516167029738426,0.18646608293056488,,,,,,,,
Miyazaki94,8,GWO-ABE,0.38380804657936096,1000,,,,,,,,,,,,,,,,,,,,,,,,,,,,,,,,,,,,,,,,,,0.48401233553886414,0.04096696153283119,0.012377552688121796,0.27962014079093933,0.13203367590904236,0.0006744636339135468,0.050314925611019135,,,,,,,,
Miyazaki94,8,WOA-ABE,0.47531867027282715,1000,,,,,,,,,,,,,,,,,,,,,,,,,,,,,,,,,,,,,,,,,,0.727029025554657,0.0,0.0,0.0,0.272970974445343,0.0,0.0,,,,,,,,
Miyazaki94,8,FAABE,0.41602379083633423,1000,,,,,,,,,,,,,,,,,,,,,,,,,,,,,,,,,,,,,,,,,,0.3085439205169678,0.43298083543777466,0.0,0.0,0.04555327445268631,0.0,0.21292199194431305,,,,,,,,
Miyazaki94,9,ABE,,0,,,,,,,,,,,,,,,,,,,,,,,,,,,,,,,,,,,,,,,,,,0.1428571492433548,0.1428571492433548,0.1428571492433548,0.1428571492433548,0.1428571492433548,0.1428571492433548,0.1428571492433548,,,,,,,,
Miyazaki94,9,GA-ABE,0.4004298150539398,1000,,,,,,,,,,,,,,,,,,,,,,,,,,,,,,,,,,,,,,,,,,0.5312445759773254,0.13512203097343445,0.0,0.1077485978603363,0.09879312664270401,0.0025302846916019917,0.12456141412258148,,,,,,,,
Miyazaki94,9,PSO-ABE,0.42386865615844727,1000,,,,,,,,,,,,,,,,,,,,,,,,,,,,,,,,,,,,,,,,,,0.6108219027519226,0.11379606276750565,0.0,0.0,0.0,0.0,0.27538201212882996,,,,,,,,
Miyazaki94,9,DE-ABE,0.39843252301216125,1000,,,,,,,,,,,,,,,,,,,,,,,,,,,,,,,,,,,,,,,,,,0.38706550002098083,0.09089767932891846,0.0,6.55248950351961e-05,0.12745033204555511,1.868390609160997e-05,0.39450234174728394,,,,,,,,
Miyazaki94,9,GWO-ABE,0.4085861146450043,1000,,,,,,,,,,,,,,,,,,,,,,,,,,,,,,,,,,,,,,,,,,0.5058147311210632,0.003448775038123131,0.00010874059807974845,0.03896123170852661,0.12581315636634827,0.00018575774447526783,0.3256675899028778,,,,,,,,
Miyazaki94,9,WOA-ABE,0.4444234371185303,1000,,,,,,,,,,,,,,,,,,,,,,,,,,,,,,,,,,,,,,,,,,0.2818495035171509,0.6360776424407959,0.0,0.009476511739194393,0.06729037314653397,0.005306008737534285,0.0,,,,,,,,
Miyazaki94,9,FAABE,0.39433982968330383,1000,,,,,,,,,,,,,,,,,,,,,,,,,,,,,,,,,,,,,,,,,,0.4786394536495209,0.15096573531627655,0.0,0.16499605774879456,0.1397625207901001,0.0,0.06563623249530792,,,,,,,,
Miyazaki94,10,ABE,,0,,,,,,,,,,,,,,,,,,,,,,,,,,,,,,,,,,,,,,,,,,0.1428571492433548,0.1428571492433548,0.1428571492433548,0.1428571492433548,0.1428571492433548,0.1428571492433548,0.1428571492433548,,,,,,,,
Miyazaki94,10,GA-ABE,0.3767012059688568,1000,,,,,,,,,,,,,,,,,,,,,,,,,,,,,,,,,,,,,,,,,,0.46063482761383057,0.11481603235006332,0.0,0.22785086929798126,0.04639589041471481,0.0,0.1503024399280548,,,,,,,,
Miyazaki94,10,PSO-ABE,0.39276739954948425,1000,,,,,,,,,,,,,,,,,,,,,,,,,,,,,,,,,,,,,,,,,,0.5336394309997559,0.0,0.0,0.30088046193122864,0.0,0.0,0.1654801219701767,,,,,,,,
Miyazaki94,10,DE-ABE,0.4186907410621643,1000,,,,,,,,,,,,,,,,,,,,,,,,,,,,,,,,,,,,,,,,,,0.28072962164878845,0.16980288922786713,0.02447381243109703,0.015229099430143833,0.21517112851142883,0.04315687716007233,0.2514365613460541,,,,,,,,
Miyazaki94,10,GWO-ABE,0.40321817994117737,1000,,,,,,,,,,,,,,,,,,,,,,,,,,,,,,,,,,,,,,,,,,0.5383660197257996,0.07094630599021912,0.0130680613219738,0.07389136403799057,0.05894208699464798,0.0,0.24478624761104584,,,,,,,,
Miyazaki94,10,WOA-ABE,0.3687668740749359,1000,,,,,,,,,,,,,,,,,,,,,,,,,,,,,,,,,,,,,,,,,,0.4760309159755707,0.08196906745433807,0.0,0.1918969303369522,0.08631068468093872,0.0,0.16379235684871674,,,,,,,,
Miyazaki94,10,FAABE,0.38712382316589355,1000,,,,,,,,,,,,,,,,,,,,,,,,,,,,,,,,,,,,,,,,,,0.5210453867912292,0.014208429493010044,0.0,0.23967024683952332,0.12664465606212616,0.0,0.09843128174543381,,,,,,,,
Subbiah,1,ABE,,0,,,,,,,,,,,,,,,,,,,,,,,,,,,,,,,,,,,,,,,,,,,,,,,,,0.1666666716337204,0.1666666716337204,0.1666666716337204,0.1666666716337204,0.1666666716337204,0.1666666716337204,,
Subbiah,1,GA-ABE,1.4498487710952759,1000,,,,,,,,,,,,,,,,,,,,,,,,,,,,,,,,,,,,,,,,,,,,,,,,,0.12240176647901535,0.208572655916214,0.0037820162251591682,0.18853145837783813,0.17316852509975433,0.3035436272621155,,
Subbiah,1,PSO-ABE,1.4101428985595703,1000,,,,,,,,,,,,,,,,,,,,,,,,,,,,,,,,,,,,,,,,,,,,,,,,,0.13161583244800568,0.154214546084404,0.006268575321882963,0.0971754640340805,0.12971702218055725,0.4810085892677307,,
Subbiah,1,DE-ABE,1.4565143585205078,1000,,,,,,,,,,,,,,,,,,,,,,,,,,,,,,,,,,,,,,,,,,,,,,,,,0.061139822006225586,0.16895532608032227,0.06189380958676338,0.13074009120464325,0.20464083552360535,0.37263011932373047,,
Subbiah,1,GWO-ABE,1.2047066688537598,1000,,,,,,,,,,,,,,,,,,,,,,,,,,,,,,,,,,,,,,,,,,,,,,,,,0.025585094466805458,0.1083563044667244,0.00017751551058609039,0.08552423864603043,0.00020033553300891072,0.7801565527915955,,
Subbiah,1,WOA-ABE,1.2906049489974976,1000,,,,,,,,,,,,,,,,,,,,,,,,,,,,,,,,,,,,,,,,,,,,,,,,,0.0,0.0,0.012927052564918995,0.14010491967201233,0.0,0.8469680547714233,,
Subbiah,1,FAABE,1.259530782699585,1000,,,,,,,,,,,,,,,,,,,,,,,,,,,,,,,,,,,,,,,,,,,,,,,,,0.0,0.17009611427783966,0.0,0.05885777249932289,0.0,0.7710461616516113,,
Subbiah,2,ABE,,0,,,,,,,,,,,,,,,,,,,,,,,,,,,,,,,,,,,,,,,,,,,,,,,,,0.1666666716337204,0.1666666716337204,0.1666666716337204,0.1666666716337204,0.1666666716337204,0.1666666716337204,,
Subbiah,2,GA-ABE,1.7734004259109497,1000,,,,,,,,,,,,,,,,,,,,,,,,,,,,,,,,,,,,,,,,,,,,,,,,,0.11925826221704483,0.150750532746315,0.0,0.12287361919879913,0.2697865068912506,0.3373311460018158,,
Subbiah,2,PSO-ABE,1.6734695434570312,1000,,,,,,,,,,,,,,,,,,,,,,,,,,,,,,,,,,,,,,,,,,,,,,,,,0.0,0.3480200469493866,0.0,0.1881251335144043,0.3577418625354767,0.10611292719841003,,
Subbiah,2,DE-ABE,1.5273399353027344,1000,,,,,,,,,,,,,,,,,,,,,,,,,,,,,,,,,,,,,,,,,,,,,,,,,0.00660824216902256,0.03680017963051796,0.0,0.11445218324661255,0.02059280499815941,0.8215465545654297,,
Subbiah,2,GWO-ABE,1.2186803817749023,1000,,,,,,,,,,,,,,,,,,,,,,,,,,,,,,,,,,,,,,,,,,,,,,,,,0.0037230986636132,0.03820887207984924,0.00042803407995961607,0.048035938292741776,0.00017216199194081128,0.9094318747520447,,
Subbiah,2,WOA-ABE,1.7584352493286133,1000,,,,,,,,,,,,,,,,,,,,,,,,,,,,,,,,,,,,,,,,,,,,,,,,,0.0,0.498048335313797,0.0,0.2195337563753128,0.26887208223342896,0.013545893132686615,,
Subbiah,2,FAABE,1.8161520957946777,1000,,,,,,,,,,,,,,,,,,,,,,,,,,,,,,,,,,,,,,,,,,,,,,,,,0.053368303924798965,0.03660247102379799,0.0,0.14404349029064178,0.39043015241622925,0.3755556344985962,,
Subbiah,3,ABE,,0,,,,,,,,,,,,,,,,,,,,,,,,,,,,,,,,,,,,,,,,,,,,,,,,,0.20000000298023224,0.20000000298023224,0.20000000298023224,0.20000000298023224,0.20000000298023224,,,
Subbiah,3,GA-ABE,1.6892300844192505,1000,,,,,,,,,,,,,,,,,,,,,,,,,,,,,,,,,,,,,,,,,,,,,,,,,0.12428975105285645,0.4044561982154846,0.03960220888257027,0.24318847060203552,0.18846331536769867,,,
Subbiah,3,PSO-ABE,1.6875296831130981,1000,,,,,,,,,,,,,,,,,,,,,,,,,,,,,,,,,,,,,,,,,,,,,,,,,0.13084256649017334,0.40606889128685,0.03753553703427315,0.23955361545085907,0.18599942326545715,,,
Subbiah,3,DE-ABE,1.7252647876739502,1000,,,,,,,,,,,,,,,,,,,,,,,,,,,,,,,,,,,,,,,,,,,,,,,,,0.1975904405117035,0.4961632192134857,0.09133540093898773,0.10591219365596771,0.10899876058101654,,,
Subbiah,3,GWO-ABE,1.7186274528503418,1000,,,,,,,,,,,,,,,,,,,,,,,,,,,,,,,,,,,,,,,,,,,,,,,,,0.3436812162399292,0.34431493282318115,0.0018592317355796695,0.17497500777244568,0.13516965508460999,,,
Subbiah,3,WOA-ABE,1.6889160871505737,1000,,,,,,,,,,,,,,,,,,,,,,,,,,,,,,,,,,,,,,,,,,,,,,,,,0.14182667434215546,0.4080849289894104,0.04110850393772125,0.23723292350769043,0.17174696922302246,,,
Subbiah,3,FAABE,1.709481120109558,1000,,,,,,,,,,,,,,,,,,,,,,,,,,,,,,,,,,,,,,,,,,,,,,,,,0.3096359372138977,0.36402276158332825,0.020889120176434517,0.17257104814052582,0.13288114964962006,,,
Subbiah,4,ABE,,0,,,,,,,,,,,,,,,,,,,,,,,,,,,,,,,,,,,,,,,,,,,,,,,,,0.1666666716337204,0.1666666716337204,0.1666666716337204,0.1666666716337204,0.1666666716337204,0.1666666716337204,,
Subbiah,4,GA-ABE,1.2955844402313232,1000,,,,,,,,,,,,,,,,,,,,,,,,,,,,,,,,,,,,,,,,,,,,,,,,,0.04817710816860199,0.07391320914030075,0.35441604256629944,0.17772549390792847,0.0,0.34576815366744995,,
Subbiah,4,PSO-ABE,1.1698042154312134,1000,,,,,,,,,,,,,,,,,,,,,,,,,,,,,,,,,,,,,,,,,,,,,,,,,0.15755386650562286,0.08711269497871399,0.0,0.0772009864449501,0.20987814664840698,0.46825429797172546,,
Subbiah,4,DE-ABE,1.2029999494552612,1000,,,,,,,,,,,,,,,,,,,,,,,,,,,,,,,,,,,,,,,,,,,,,,,,,0.13417166471481323,0.16125419735908508,0.03514714539051056,0.11150147765874863,0.2344728708267212,0.3234526515007019,,
Subbiah,4,GWO-ABE,1.047876238822937,1000,,,,,,,,,,,,,,,,,,,,,,,,,,,,,,,,,,,,,,,,,,,,,,,,,0.0048106759786605835,0.1262139528989792,0.0013526692055165768,0.06471022963523865,0.000548751384485513,0.8023636937141418,,
Subbiah,4,WOA-ABE,1.0968029499053955,1000,,,,,,,,,,,,,,,,,,,,,,,,,,,,,,,,,,,,,,,,,,,,,,,,,0.006459013558924198,0.0033440596889704466,6.04423948971089e-05,0.12968359887599945,0.02341388165950775,0.8370389938354492,,
Subbiah,4,FAABE,1.1921093463897705,1000,,,,,,,,,,,,,,,,,,,,,,,,,,,,,,,,,,,,,,,,,,,,,,,,,0.1263120472431183,0.0718998983502388,0.0,0.07362598925828934,0.22188076376914978,0.5062813758850098,,
Subbiah,5,ABE,,0,,,,,,,,,,,,,,,,,,,,,,,,,,,,,,,,,,,,,,,,,,,,,,,,,0.1666666716337204,0.1666666716337204,0.1666666716337204,0.1666666716337204,0.1666666716337204,0.1666666716337204,,
Subbiah,5,GA-ABE,1.2734485864639282,1000,,,,,,,,,,,,,,,,,,,,,,,,,,,,,,,,,,,,,,,,,,,,,,,,,0.0,0.07470449805259705,0.0,0.18999938666820526,0.15070821344852448,0.5845878720283508,,
Subbiah,5,PSO-ABE,1.2400676012039185,1000,,,,,,,,,,,,,,,,,,,,,,,,,,,,,,,,,,,,,,,,,,,,,,,,,0.026718836277723312,0.10693035274744034,0.0,0.0830649733543396,0.0,0.7832858562469482,,
Subbiah,5,DE-ABE,1.4352741241455078,1000,,,,,,,,,,,,,,,,,,,,,,,,,,,,,,,,,,,,,,,,,,,,,,,,,0.0,0.0730370357632637,0.012714163400232792,0.20486611127853394,0.2388869822025299,0.4704957604408264,,
Subbiah,5,GWO-ABE,1.2395669221878052,1000,,,,,,,,,,,,,,,,,,,,,,,,,,,,,,,,,,,,,,,,,,,,,,,,,0.002085084328427911,0.03846224024891853,0.00014066808216739446,0.21877893805503845,0.04385192319750786,0.6966811418533325,,
Subbiah,5,WOA-ABE,1.47078537940979,1000,,,,,,,,,,,,,,,,,,,,,,,,,,,,,,,,,,,,,,,,,,,,,,,,,8.317015453940257e-05,0.23097138106822968,0.0,0.14239390194416046,0.5360102653503418,0.09054134786128998,,
Subbiah,5,FAABE,1.07142972946167,1000,,,,,,,,,,,,,,,,,,,,,,,,,,,,,,,,,,,,,,,,,,,,,,,,,0.0,0.05043444782495499,0.0,0.09509056061506271,0.0,0.8544749617576599,,
Subbiah,6,ABE,,0,,,,,,,,,,,,,,,,,,,,,,,,,,,,,,,,,,,,,,,,,,,,,,,,,0.20000000298023224,0.20000000298023224,0.20000000298023224,0.20000000298023224,,0.20000000298023224,,
Subbiah,6,GA-ABE,1.3906439542770386,1000,,,,,,,,,,,,,,,,,,,,,,,,,,,,,,,,,,,,,,,,,,,,,,,,,0.15125593543052673,0.18885010480880737,0.15854057669639587,0.0659007728099823,,0.4354526102542877,,
Subbiah,6,PSO-ABE,1.4331761598587036,1000,,,,,,,,,,,,,,,,,,,,,,,,,,,,,,,,,,,,,,,,,,,,,,,,,0.0,0.06307873129844666,0.0,0.9369212985038757,,0.0,,
Subbiah,6,DE-ABE,1.3983097076416016,1000,,,,,,,,,,,,,,,,,,,,,,,,,,,,,,,,,,,,,,,,,,,,,,,,,0.05661195516586304,0.2059345841407776,0.15646983683109283,0.07755480706691742,,0.5034288763999939,,
Subbiah,6,GWO-ABE,1.4389978647232056,1000,,,,,,,,,,,,,,,,,,,,,,,,,,,,,,,,,,,,,,,,,,,,,,,,,0.002254340099170804,0.06964544206857681,0.0004054601304233074,0.9273544549942017,,0.0003403035516384989,,
Subbiah,6,WOA-ABE,1.1445118188858032,1000,,,,,,,,,,,,,,,,,,,,,,,,,,,,,,,,,,,,,,,,,,,,,,,,,0.0,0.1360340118408203,0.0,0.027497611939907074,,0.8364683985710144,,
Subbiah,6,FAABE,1.3534027338027954,1000,,,,,,,,,,,,,,,,,,,,,,,,,,,,,,,,,,,,,,,,,,,,,,,,,0.0,0.33387112617492676,0.06099071726202965,0.08763069659471512,,0.5175074338912964,,
Subbiah,7,ABE,,0,,,,,,,,,,,,,,,,,,,,,,,,,,,,,,,,,,,,,,,,,,,,,,,,,0.1666666716337204,0.1666666716337204,0.1666666716337204,0.1666666716337204,0.1666666716337204,0.1666666716337204,,
Subbiah,7,GA-ABE,1.5777084827423096,1000,,,,,,,,,,,,,,,,,,,,,,,,,,,,,,,,,,,,,,,,,,,,,,,,,0.17245909571647644,0.15106847882270813,1.9104092643829063e-05,0.11992956697940826,0.1112394630908966,0.44528433680534363,,
Subbiah,7,PSO-ABE,1.7113662958145142,1000,,,,,,,,,,,,,,,,,,,,,,,,,,,,,,,,,,,,,,,,,,,,,,,,,0.0,0.14700143039226532,0.0,0.1871461421251297,0.4204613268375397,0.2453911155462265,,
Subbiah,7,DE-ABE,1.561138391494751,1000,,,,,,,,,,,,,,,,,,,,,,,,,,,,,,,,,,,,,,,,,,,,,,,,,0.03999751806259155,0.19179704785346985,0.3768261671066284,0.14608828723430634,0.008931437507271767,0.23635953664779663,,
Subbiah,7,GWO-ABE,1.2079908847808838,1000,,,,,,,,,,,,,,,,,,,,,,,,,,,,,,,,,,,,,,,,,,,,,,,,,0.0053701759316027164,0.010353672318160534,0.0027330336160957813,0.05514277517795563,0.0008429288864135742,0.9255574345588684,,
Subbiah,7,WOA-ABE,1.0571335554122925,1000,,,,,,,,,,,,,,,,,,,,,,,,,,,,,,,,,,,,,,,,,,,,,,,,,0.0,0.07828966528177261,0.0020705710630863905,0.0442047156393528,0.0,0.8754350543022156,,
Subbiah,7,FAABE,1.520837664604187,1000,,,,,,,,,,,,,,,,,,,,,,,,,,,,,,,,,,,,,,,,,,,,,,,,,0.02986534684896469,0.17240704596042633,0.0,0.10379112511873245,0.0,0.6939365267753601,,
Subbiah,8,ABE,,0,,,,,,,,,,,,,,,,,,,,,,,,,,,,,,,,,,,,,,,,,,,,,,,,,0.1666666716337204,0.1666666716337204,0.1666666716337204,0.1666666716337204,0.1666666716337204,0.1666666716337204,,
Subbiah,8,GA-ABE,1.5548478364944458,1000,,,,,,,,,,,,,,,,,,,,,,,,,,,,,,,,,,,,,,,,,,,,,,,,,0.0,0.31055277585983276,0.013487767428159714,0.1183909922838211,0.08106805384159088,0.47650039196014404,,
Subbiah,8,PSO-ABE,1.7326632738113403,1000,,,,,,,,,,,,,,,,,,,,,,,,,,,,,,,,,,,,,,,,,,,,,,,,,0.034518420696258545,0.23473908007144928,0.3580363094806671,0.13557478785514832,0.0,0.23713143169879913,,
Subbiah,8,DE-ABE,1.9196006059646606,1000,,,,,,,,,,,,,,,,,,,,,,,,,,,,,,,,,,,,,,,,,,,,,,,,,0.08517859131097794,0.0664578378200531,0.017990577965974808,0.13200795650482178,0.3416975140571594,0.35666757822036743,,
Subbiah,8,GWO-ABE,1.2993030548095703,1000,,,,,,,,,,,,,,,,,,,,,,,,,,,,,,,,,,,,,,,,,,,,,,,,,0.0013266542227938771,0.04139921814203262,0.0015295553021132946,0.05328710004687309,0.000618550693616271,0.9018388986587524,,
Subbiah,8,WOA-ABE,1.378446340560913,1000,,,,,,,,,,,,,,,,,,,,,,,,,,,,,,,,,,,,,,,,,,,,,,,,,0.0,0.004687665030360222,0.0,0.011050686240196228,0.0,0.984261691570282,,
Subbiah,8,FAABE,1.7944272756576538,1000,,,,,,,,,,,,,,,,,,,,,,,,,,,,,,,,,,,,,,,,,,,,,,,,,0.0,0.28506341576576233,0.058279335498809814,0.17238150537014008,0.3216848373413086,0.1625908762216568,,
Subbiah,9,ABE,,0,,,,,,,,,,,,,,,,,,,,,,,,,,,,,,,,,,,,,,,,,,,,,,,,,0.1666666716337204,0.1666666716337204,0.1666666716337204,0.1666666716337204,0.1666666716337204,0.1666666716337204,,
Subbiah,9,GA-ABE,1.7270163297653198,1000,,,,,,,,,,,,,,,,,,,,,,,,,,,,,,,,,,,,,,,,,,,,,,,,,0.013711445033550262,0.27766892313957214,0.011004292406141758,0.13006308674812317,0.2590429186820984,0.30850934982299805,,
Subbiah,9,PSO-ABE,1.7395508289337158,1000,,,,,,,,,,,,,,,,,,,,,,,,,,,,,,,,,,,,,,,,,,,,,,,,,0.003191346535459161,0.26804447174072266,0.04192119464278221,0.17114853858947754,0.37191691994667053,0.14377759397029877,,
Subbiah,9,DE-ABE,1.4016097784042358,1000,,,,,,,,,,,,,,,,,,,,,,,,,,,,,,,,,,,,,,,,,,,,,,,,,0.031192699447274208,0.187980517745018,0.6353747844696045,0.13312433660030365,0.0046637943014502525,0.007663930766284466,,
Subbiah,9,GWO-ABE,1.199169397354126,1000,,,,,,,,,,,,,,,,,,,,,,,,,,,,,,,,,,,,,,,,,,,,,,,,,0.003944338299334049,0.023155229166150093,5.105474883748684e-06,0.03698549419641495,0.0019337671110406518,0.9339761137962341,,
Subbiah,9,WOA-ABE,1.1483612060546875,1000,,,,,,,,,,,,,,,,,,,,,,,,,,,,,,,,,,,,,,,,,,,,,,,,,0.0,0.03925664722919464,0.0,0.061578210443258286,0.0,0.899165153503418,,
Subbiah,9,FAABE,1.6738483905792236,1000,,,,,,,,,,,,,,,,,,,,,,,,,,,,,,,,,,,,,,,,,,,,,,,,,0.0,0.20108361542224884,0.28356823325157166,0.1486392468214035,0.040112316608428955,0.32659658789634705,,
Subbiah,10,ABE,,0,,,,,,,,,,,,,,,,,,,,,,,,,,,,,,,,,,,,,,,,,,,,,,,,,0.1666666716337204,0.1666666716337204,0.1666666716337204,0.1666666716337204,0.1666666716337204,0.1666666716337204,,
Subbiah,10,GA-ABE,1.6373851299285889,1000,,,,,,,,,,,,,,,,,,,,,,,,,,,,,,,,,,,,,,,,,,,,,,,,,0.001425598282366991,0.22707302868366241,0.3703049421310425,0.14253711700439453,0.0011218540603294969,0.25753748416900635,,
Subbiah,10,PSO-ABE,1.1193546056747437,1000,,,,,,,,,,,,,,,,,,,,,,,,,,,,,,,,,,,,,,,,,,,,,,,,,0.0,0.13435207307338715,0.0,0.040302060544490814,0.0,0.8253458738327026,,
Subbiah,10,DE-ABE,1.5221973657608032,1000,,,,,,,,,,,,,,,,,,,,,,,,,,,,,,,,,,,,,,,,,,,,,,,,,0.003569737309589982,0.1962777078151703,0.6595095992088318,0.14064298570156097,0.0,0.0,,
Subbiah,10,GWO-ABE,1.419047474861145,1000,,,,,,,,,,,,,,,,,,,,,,,,,,,,,,,,,,,,,,,,,,,,,,,,,0.0033142147585749626,0.128278449177742,0.6612879633903503,0.1615435779094696,0.0004351958632469177,0.045140594244003296,,
Subbiah,10,WOA-ABE,1.2297000885009766,1000,,,,,,,,,,,,,,,,,,,,,,,,,,,,,,,,,,,,,,,,,,,,,,,,,0.0014667549403384328,0.06733456999063492,0.00010973324970109388,0.004424956627190113,0.0,0.9266639947891235,,
Subbiah,10,FAABE,1.631453037261963,1000,,,,,,,,,,,,,,,,,,,,,,,,,,,,,,,,,,,,,,,,,,,,,,,,,0.0536290667951107,0.2390749156475067,0.23485958576202393,0.13168169558048248,0.0,0.34075477719306946,,
Valdes-Souto,1,ABE,,0,,,,,,,,,,,,,,,,,,,,,,,,,,,,,,,,,,,,,,,,,,,,,,,,,,,,,,,1.0,
Valdes-Souto,1,GA-ABE,2.8331761360168457,1000,,,,,,,,,,,,,,,,,,,,,,,,,,,,,,,,,,,,,,,,,,,,,,,,,,,,,,,1.0,
Valdes-Souto,1,PSO-ABE,2.8331761360168457,1000,,,,,,,,,,,,,,,,,,,,,,,,,,,,,,,,,,,,,,,,,,,,,,,,,,,,,,,1.0,
Valdes-Souto,1,DE-ABE,2.8331761360168457,1000,,,,,,,,,,,,,,,,,,,,,,,,,,,,,,,,,,,,,,,,,,,,,,,,,,,,,,,1.0,
Valdes-Souto,1,GWO-ABE,2.8331761360168457,1000,,,,,,,,,,,,,,,,,,,,,,,,,,,,,,,,,,,,,,,,,,,,,,,,,,,,,,,1.0,
Valdes-Souto,1,WOA-ABE,2.8331761360168457,1000,,,,,,,,,,,,,,,,,,,,,,,,,,,,,,,,,,,,,,,,,,,,,,,,,,,,,,,1.0,
Valdes-Souto,1,FAABE,2.8331761360168457,1000,,,,,,,,,,,,,,,,,,,,,,,,,,,,,,,,,,,,,,,,,,,,,,,,,,,,,,,1.0,
Valdes-Souto,2,ABE,,0,,,,,,,,,,,,,,,,,,,,,,,,,,,,,,,,,,,,,,,,,,,,,,,,,,,,,,,1.0,
Valdes-Souto,2,GA-ABE,2.513115882873535,1000,,,,,,,,,,,,,,,,,,,,,,,,,,,,,,,,,,,,,,,,,,,,,,,,,,,,,,,1.0,
Valdes-Souto,2,PSO-ABE,2.513115882873535,1000,,,,,,,,,,,,,,,,,,,,,,,,,,,,,,,,,,,,,,,,,,,,,,,,,,,,,,,1.0,
Valdes-Souto,2,DE-ABE,2.513115882873535,1000,,,,,,,,,,,,,,,,,,,,,,,,,,,,,,,,,,,,,,,,,,,,,,,,,,,,,,,1.0,
Valdes-Souto,2,GWO-ABE,2.513115882873535,1000,,,,,,,,,,,,,,,,,,,,,,,,,,,,,,,,,,,,,,,,,,,,,,,,,,,,,,,1.0,
Valdes-Souto,2,WOA-ABE,2.513115882873535,1000,,,,,,,,,,,,,,,,,,,,,,,,,,,,,,,,,,,,,,,,,,,,,,,,,,,,,,,1.0,
Valdes-Souto,2,FAABE,2.513115882873535,1000,,,,,,,,,,,,,,,,,,,,,,,,,,,,,,,,,,,,,,,,,,,,,,,,,,,,,,,1.0,
Valdes-Souto,3,ABE,,0,,,,,,,,,,,,,,,,,,,,,,,,,,,,,,,,,,,,,,,,,,,,,,,,,,,,,,,1.0,
Valdes-Souto,3,GA-ABE,3.231212854385376,1000,,,,,,,,,,,,,,,,,,,,,,,,,,,,,,,,,,,,,,,,,,,,,,,,,,,,,,,1.0,
Valdes-Souto,3,PSO-ABE,3.231212854385376,1000,,,,,,,,,,,,,,,,,,,,,,,,,,,,,,,,,,,,,,,,,,,,,,,,,,,,,,,1.0,
Valdes-Souto,3,DE-ABE,3.231212854385376,1000,,,,,,,,,,,,,,,,,,,,,,,,,,,,,,,,,,,,,,,,,,,,,,,,,,,,,,,1.0,
Valdes-Souto,3,GWO-ABE,3.231212854385376,1000,,,,,,,,,,,,,,,,,,,,,,,,,,,,,,,,,,,,,,,,,,,,,,,,,,,,,,,1.0,
Valdes-Souto,3,WOA-ABE,3.231212854385376,1000,,,,,,,,,,,,,,,,,,,,,,,,,,,,,,,,,,,,,,,,,,,,,,,,,,,,,,,1.0,
Valdes-Souto,3,FAABE,3.231212854385376,1000,,,,,,,,,,,,,,,,,,,,,,,,,,,,,,,,,,,,,,,,,,,,,,,,,,,,,,,1.0,
Valdes-Souto,4,ABE,,0,,,,,,,,,,,,,,,,,,,,,,,,,,,,,,,,,,,,,,,,,,,,,,,,,,,,,,,1.0,
Valdes-Souto,4,GA-ABE,3.236502170562744,1000,,,,,,,,,,,,,,,,,,,,,,,,,,,,,,,,,,,,,,,,,,,,,,,,,,,,,,,1.0,
Valdes-Souto,4,PSO-ABE,3.236502170562744,1000,,,,,,,,,,,,,,,,,,,,,,,,,,,,,,,,,,,,,,,,,,,,,,,,,,,,,,,1.0,
Valdes-Souto,4,DE-ABE,3.236502170562744,1000,,,,,,,,,,,,,,,,,,,,,,,,,,,,,,,,,,,,,,,,,,,,,,,,,,,,,,,1.0,
Valdes-Souto,4,GWO-ABE,3.236502170562744,1000,,,,,,,,,,,,,,,,,,,,,,,,,,,,,,,,,,,,,,,,,,,,,,,,,,,,,,,1.0,
Valdes-Souto,4,WOA-ABE,3.236502170562744,1000,,,,,,,,,,,,,,,,,,,,,,,,,,,,,,,,,,,,,,,,,,,,,,,,,,,,,,,1.0,
Valdes-Souto,4,FAABE,3.236502170562744,1000,,,,,,,,,,,,,,,,,,,,,,,,,,,,,,,,,,,,,,,,,,,,,,,,,,,,,,,1.0,
Valdes-Souto,5,ABE,,0,,,,,,,,,,,,,,,,,,,,,,,,,,,,,,,,,,,,,,,,,,,,,,,,,,,,,,,1.0,
Valdes-Souto,5,GA-ABE,3.290559768676758,1000,,,,,,,,,,,,,,,,,,,,,,,,,,,,,,,,,,,,,,,,,,,,,,,,,,,,,,,1.0,
Valdes-Souto,5,PSO-ABE,3.290559768676758,1000,,,,,,,,,,,,,,,,,,,,,,,,,,,,,,,,,,,,,,,,,,,,,,,,,,,,,,,1.0,
Valdes-Souto,5,DE-ABE,3.290559768676758,1000,,,,,,,,,,,,,,,,,,,,,,,,,,,,,,,,,,,,,,,,,,,,,,,,,,,,,,,1.0,
Valdes-Souto,5,GWO-ABE,3.290559768676758,1000,,,,,,,,,,,,,,,,,,,,,,,,,,,,,,,,,,,,,,,,,,,,,,,,,,,,,,,1.0,
Valdes-Souto,5,WOA-ABE,3.290559768676758,1000,,,,,,,,,,,,,,,,,,,,,,,,,,,,,,,,,,,,,,,,,,,,,,,,,,,,,,,1.0,
Valdes-Souto,5,FAABE,3.290559768676758,1000,,,,,,,,,,,,,,,,,,,,,,,,,,,,,,,,,,,,,,,,,,,,,,,,,,,,,,,1.0,
Valdes-Souto,6,ABE,,0,,,,,,,,,,,,,,,,,,,,,,,,,,,,,,,,,,,,,,,,,,,,,,,,,,,,,,,1.0,
Valdes-Souto,6,GA-ABE,3.277672290802002,1000,,,,,,,,,,,,,,,,,,,,,,,,,,,,,,,,,,,,,,,,,,,,,,,,,,,,,,,1.0,
Valdes-Souto,6,PSO-ABE,3.277672290802002,1000,,,,,,,,,,,,,,,,,,,,,,,,,,,,,,,,,,,,,,,,,,,,,,,,,,,,,,,1.0,
Valdes-Souto,6,DE-ABE,3.277672290802002,1000,,,,,,,,,,,,,,,,,,,,,,,,,,,,,,,,,,,,,,,,,,,,,,,,,,,,,,,1.0,
Valdes-Souto,6,GWO-ABE,3.277672290802002,1000,,,,,,,,,,,,,,,,,,,,,,,,,,,,,,,,,,,,,,,,,,,,,,,,,,,,,,,1.0,
Valdes-Souto,6,WOA-ABE,3.277672290802002,1000,,,,,,,,,,,,,,,,,,,,,,,,,,,,,,,,,,,,,,,,,,,,,,,,,,,,,,,1.0,
Valdes-Souto,6,FAABE,3.277672290802002,1000,,,,,,,,,,,,,,,,,,,,,,,,,,,,,,,,,,,,,,,,,,,,,,,,,,,,,,,1.0,
Valdes-Souto,7,ABE,,0,,,,,,,,,,,,,,,,,,,,,,,,,,,,,,,,,,,,,,,,,,,,,,,,,,,,,,,0.5,0.5
Valdes-Souto,7,GA-ABE,0.48090028762817383,1000,,,,,,,,,,,,,,,,,,,,,,,,,,,,,,,,,,,,,,,,,,,,,,,,,,,,,,,0.6700815558433533,0.3299185037612915
Valdes-Souto,7,PSO-ABE,0.4808705449104309,1000,,,,,,,,,,,,,,,,,,,,,,,,,,,,,,,,,,,,,,,,,,,,,,,,,,,,,,,0.6702710390090942,0.32972899079322815
Valdes-Souto,7,DE-ABE,0.4808705449104309,1000,,,,,,,,,,,,,,,,,,,,,,,,,,,,,,,,,,,,,,,,,,,,,,,,,,,,,,,0.6702710390090942,0.32972899079322815
Valdes-Souto,7,GWO-ABE,0.48096418380737305,1000,,,,,,,,,,,,,,,,,,,,,,,,,,,,,,,,,,,,,,,,,,,,,,,,,,,,,,,0.6696732044219971,0.33032679557800293
Valdes-Souto,7,WOA-ABE,0.4808706045150757,1000,,,,,,,,,,,,,,,,,,,,,,,,,,,,,,,,,,,,,,,,,,,,,,,,,,,,,,,0.6702708601951599,0.3297291100025177
Valdes-Souto,7,FAABE,0.4808865785598755,1000,,,,,,,,,,,,,,,,,,,,,,,,,,,,,,,,,,,,,,,,,,,,,,,,,,,,,,,0.6701690554618835,0.32983100414276123
Valdes-Souto,8,ABE,,0,,,,,,,,,,,,,,,,,,,,,,,,,,,,,,,,,,,,,,,,,,,,,,,,,,,,,,,1.0,
Valdes-Souto,8,GA-ABE,3.3132174015045166,1000,,,,,,,,,,,,,,,,,,,,,,,,,,,,,,,,,,,,,,,,,,,,,,,,,,,,,,,1.0,
Valdes-Souto,8,PSO-ABE,3.3132174015045166,1000,,,,,,,,,,,,,,,,,,,,,,,,,,,,,,,,,,,,,,,,,,,,,,,,,,,,,,,1.0,
Valdes-Souto,8,DE-ABE,3.3132174015045166,1000,,,,,,,,,,,,,,,,,,,,,,,,,,,,,,,,,,,,,,,,,,,,,,,,,,,,,,,1.0,
Valdes-Souto,8,GWO-ABE,3.3132174015045166,1000,,,,,,,,,,,,,,,,,,,,,,,,,,,,,,,,,,,,,,,,,,,,,,,,,,,,,,,1.0,
Valdes-Souto,8,WOA-ABE,3.3132174015045166,1000,,,,,,,,,,,,,,,,,,,,,,,,,,,,,,,,,,,,,,,,,,,,,,,,,,,,,,,1.0,
Valdes-Souto,8,FAABE,3.3132174015045166,1000,,,,,,,,,,,,,,,,,,,,,,,,,,,,,,,,,,,,,,,,,,,,,,,,,,,,,,,1.0,
Valdes-Souto,9,ABE,,0,,,,,,,,,,,,,,,,,,,,,,,,,,,,,,,,,,,,,,,,,,,,,,,,,,,,,,,1.0,
Valdes-Souto,9,GA-ABE,2.138270854949951,1000,,,,,,,,,,,,,,,,,,,,,,,,,,,,,,,,,,,,,,,,,,,,,,,,,,,,,,,1.0,
Valdes-Souto,9,PSO-ABE,2.138270854949951,1000,,,,,,,,,,,,,,,,,,,,,,,,,,,,,,,,,,,,,,,,,,,,,,,,,,,,,,,1.0,
Valdes-Souto,9,DE-ABE,2.138270854949951,1000,,,,,,,,,,,,,,,,,,,,,,,,,,,,,,,,,,,,,,,,,,,,,,,,,,,,,,,1.0,
Valdes-Souto,9,GWO-ABE,2.138270854949951,1000,,,,,,,,,,,,,,,,,,,,,,,,,,,,,,,,,,,,,,,,,,,,,,,,,,,,,,,1.0,
Valdes-Souto,9,WOA-ABE,2.138270854949951,1000,,,,,,,,,,,,,,,,,,,,,,,,,,,,,,,,,,,,,,,,,,,,,,,,,,,,,,,1.0,
Valdes-Souto,9,FAABE,2.138270854949951,1000,,,,,,,,,,,,,,,,,,,,,,,,,,,,,,,,,,,,,,,,,,,,,,,,,,,,,,,1.0,
Valdes-Souto,10,ABE,,0,,,,,,,,,,,,,,,,,,,,,,,,,,,,,,,,,,,,,,,,,,,,,,,,,,,,,,,1.0,
Valdes-Souto,10,GA-ABE,3.068263292312622,1000,,,,,,,,,,,,,,,,,,,,,,,,,,,,,,,,,,,,,,,,,,,,,,,,,,,,,,,1.0,
Valdes-Souto,10,PSO-ABE,3.068263292312622,1000,,,,,,,,,,,,,,,,,,,,,,,,,,,,,,,,,,,,,,,,,,,,,,,,,,,,,,,1.0,
Valdes-Souto,10,DE-ABE,3.068263292312622,1000,,,,,,,,,,,,,,,,,,,,,,,,,,,,,,,,,,,,,,,,,,,,,,,,,,,,,,,1.0,
Valdes-Souto,10,GWO-ABE,3.068263292312622,1000,,,,,,,,,,,,,,,,,,,,,,,,,,,,,,,,,,,,,,,,,,,,,,,,,,,,,,,1.0,
Valdes-Souto,10,WOA-ABE,3.068263292312622,1000,,,,,,,,,,,,,,,,,,,,,,,,,,,,,,,,,,,,,,,,,,,,,,,,,,,,,,,1.0,
Valdes-Souto,10,FAABE,3.068263292312622,1000,,,,,,,,,,,,,,,,,,,,,,,,,,,,,,,,,,,,,,,,,,,,,,,,,,,,,,,1.0,
