Dataset,Fold,Method,Iteration,Best_Training_MMRE,Fitness_Evaluations
Desharnais,1,GA-ABE,0,0.6542456150054932,10
Desharnais,1,GA-ABE,1,0.6006790399551392,20
Desharnais,1,GA-ABE,2,0.5791657567024231,30
Desharnais,1,GA-ABE,3,0.5752026438713074,40
Desharnais,1,GA-ABE,4,0.5736811757087708,50
Desharnais,1,GA-ABE,5,0.5689738392829895,60
Desharnais,1,GA-ABE,6,0.5689738392829895,70
Desharnais,1,GA-ABE,7,0.5689738392829895,80
Desharnais,1,GA-ABE,8,0.5667862296104431,90
Desharnais,1,GA-ABE,9,0.5667862296104431,100
Desharnais,1,GA-ABE,10,0.5667862296104431,110
Desharnais,1,GA-ABE,11,0.5667862296104431,120
Desharnais,1,GA-ABE,12,0.5648583173751831,130
Desharnais,1,GA-ABE,13,0.5648583173751831,140
Desharnais,1,GA-ABE,14,0.5648583173751831,150
Desharnais,1,GA-ABE,15,0.5648583173751831,160
Desharnais,1,GA-ABE,16,0.5648583173751831,170
Desharnais,1,GA-ABE,17,0.5648583173751831,180
Desharnais,1,GA-ABE,18,0.5648583173751831,190
Desharnais,1,GA-ABE,19,0.5648582577705383,200
Desharnais,1,GA-ABE,20,0.5648582577705383,210
Desharnais,1,GA-ABE,21,0.5648582577705383,220
Desharnais,1,GA-ABE,22,0.5648582577705383,230
Desharnais,1,GA-ABE,23,0.5642886757850647,240
Desharnais,1,GA-ABE,24,0.5639233589172363,250
Desharnais,1,GA-ABE,25,0.5639119148254395,260
Desharnais,1,GA-ABE,26,0.5638764500617981,270
Desharnais,1,GA-ABE,27,0.5638507008552551,280
Desharnais,1,GA-ABE,28,0.5638507008552551,290
Desharnais,1,GA-ABE,29,0.5638507008552551,300
Desharnais,1,GA-ABE,30,0.5638507008552551,310
Desharnais,1,GA-ABE,31,0.5638507008552551,320
Desharnais,1,GA-ABE,32,0.5638507008552551,330
Desharnais,1,GA-ABE,33,0.5638507008552551,340
Desharnais,1,GA-ABE,34,0.5638507008552551,350
Desharnais,1,GA-ABE,35,0.5638507008552551,360
Desharnais,1,GA-ABE,36,0.5638507008552551,370
Desharnais,1,GA-ABE,37,0.5638459920883179,380
Desharnais,1,GA-ABE,38,0.5638131499290466,390
Desharnais,1,GA-ABE,39,0.5637957453727722,400
Desharnais,1,GA-ABE,40,0.5637957453727722,410
Desharnais,1,GA-ABE,41,0.5637835264205933,420
Desharnais,1,GA-ABE,42,0.5637835264205933,430
Desharnais,1,GA-ABE,43,0.5637835264205933,440
Desharnais,1,GA-ABE,44,0.5637835264205933,450
Desharnais,1,GA-ABE,45,0.5637835264205933,460
Desharnais,1,GA-ABE,46,0.5637835264205933,470
Desharnais,1,GA-ABE,47,0.5637835264205933,480
Desharnais,1,GA-ABE,48,0.5637835264205933,490
Desharnais,1,GA-ABE,49,0.5637727975845337,500
Desharnais,1,GA-ABE,50,0.5637727975845337,510
Desharnais,1,GA-ABE,51,0.5637408494949341,520
Desharnais,1,GA-ABE,52,0.5636711120605469,530
Desharnais,1,GA-ABE,53,0.5636711120605469,540
Desharnais,1,GA-ABE,54,0.5636711120605469,550
Desharnais,1,GA-ABE,55,0.5636711120605469,560
Desharnais,1,GA-ABE,56,0.5636711120605469,570
Desharnais,1,GA-ABE,57,0.5636711120605469,580
Desharnais,1,GA-ABE,58,0.5636711120605469,590
Desharnais,1,GA-ABE,59,0.5636711120605469,600
Desharnais,1,GA-ABE,60,0.5636675953865051,610
Desharnais,1,GA-ABE,61,0.5636623501777649,620
Desharnais,1,GA-ABE,62,0.5636623501777649,630
Desharnais,1,GA-ABE,63,0.5636609792709351,640
Desharnais,1,GA-ABE,64,0.5636584162712097,650
Desharnais,1,GA-ABE,65,0.5636569857597351,660
Desharnais,1,GA-ABE,66,0.5636569857597351,670
Desharnais,1,GA-ABE,67,0.5636569857597351,680
Desharnais,1,GA-ABE,68,0.5636569857597351,690
Desharnais,1,GA-ABE,69,0.5636569261550903,700
Desharnais,1,GA-ABE,70,0.5636569261550903,710
Desharnais,1,GA-ABE,71,0.5636569261550903,720
Desharnais,1,GA-ABE,72,0.5636569261550903,730
Desharnais,1,GA-ABE,73,0.5636569261550903,740
Desharnais,1,GA-ABE,74,0.5636569261550903,750
Desharnais,1,GA-ABE,75,0.5636569261550903,760
Desharnais,1,GA-ABE,76,0.5636569261550903,770
Desharnais,1,GA-ABE,77,0.5636569261550903,780
Desharnais,1,GA-ABE,78,0.5636569261550903,790
Desharnais,1,GA-ABE,79,0.5636569261550903,800
Desharnais,1,GA-ABE,80,0.5636569261550903,810
Desharnais,1,GA-ABE,81,0.5636569261550903,820
Desharnais,1,GA-ABE,82,0.5636569261550903,830
Desharnais,1,GA-ABE,83,0.5636569261550903,840
Desharnais,1,GA-ABE,84,0.5636569261550903,850
Desharnais,1,GA-ABE,85,0.5636569261550903,860
Desharnais,1,GA-ABE,86,0.5636569261550903,870
Desharnais,1,GA-ABE,87,0.5636569261550903,880
Desharnais,1,GA-ABE,88,0.5636569261550903,890
Desharnais,1,GA-ABE,89,0.5636569261550903,900
Desharnais,1,GA-ABE,90,0.5636569261550903,910
Desharnais,1,GA-ABE,91,0.5636569261550903,920
Desharnais,1,GA-ABE,92,0.5636569261550903,930
Desharnais,1,GA-ABE,93,0.5635353922843933,940
Desharnais,1,GA-ABE,94,0.5635353922843933,950
Desharnais,1,GA-ABE,95,0.5635353922843933,960
Desharnais,1,GA-ABE,96,0.5635353922843933,970
Desharnais,1,GA-ABE,97,0.5635353922843933,980
Desharnais,1,GA-ABE,98,0.5635353922843933,990
Desharnais,1,GA-ABE,99,0.5635353922843933,1000
Desharnais,1,PSO-ABE,0,0.6267025470733643,10
Desharnais,1,PSO-ABE,1,0.600304365158081,20
Desharnais,1,PSO-ABE,2,0.600304365158081,30
Desharnais,1,PSO-ABE,3,0.600304365158081,40
Desharnais,1,PSO-ABE,4,0.590103030204773,50
Desharnais,1,PSO-ABE,5,0.5819475650787354,60
Desharnais,1,PSO-ABE,6,0.5774479508399963,70
Desharnais,1,PSO-ABE,7,0.5774479508399963,80
Desharnais,1,PSO-ABE,8,0.5774479508399963,90
Desharnais,1,PSO-ABE,9,0.5745919346809387,100
Desharnais,1,PSO-ABE,10,0.5735197067260742,110
Desharnais,1,PSO-ABE,11,0.5735197067260742,120
Desharnais,1,PSO-ABE,12,0.5735197067260742,130
Desharnais,1,PSO-ABE,13,0.5735197067260742,140
Desharnais,1,PSO-ABE,14,0.5683389902114868,150
Desharnais,1,PSO-ABE,15,0.5683389902114868,160
Desharnais,1,PSO-ABE,16,0.5683389902114868,170
Desharnais,1,PSO-ABE,17,0.5683389902114868,180
Desharnais,1,PSO-ABE,18,0.5680698156356812,190
Desharnais,1,PSO-ABE,19,0.5680698156356812,200
Desharnais,1,PSO-ABE,20,0.5680698156356812,210
Desharnais,1,PSO-ABE,21,0.5680698156356812,220
Desharnais,1,PSO-ABE,22,0.5680698156356812,230
Desharnais,1,PSO-ABE,23,0.5680698156356812,240
Desharnais,1,PSO-ABE,24,0.5680698156356812,250
Desharnais,1,PSO-ABE,25,0.5680698156356812,260
Desharnais,1,PSO-ABE,26,0.5680698156356812,270
Desharnais,1,PSO-ABE,27,0.5659115314483643,280
Desharnais,1,PSO-ABE,28,0.5659115314483643,290
Desharnais,1,PSO-ABE,29,0.5659115314483643,300
Desharnais,1,PSO-ABE,30,0.5641993880271912,310
Desharnais,1,PSO-ABE,31,0.5606067180633545,320
Desharnais,1,PSO-ABE,32,0.5606067180633545,330
Desharnais,1,PSO-ABE,33,0.5606067180633545,340
Desharnais,1,PSO-ABE,34,0.5606067180633545,350
Desharnais,1,PSO-ABE,35,0.5606067180633545,360
Desharnais,1,PSO-ABE,36,0.5606067180633545,370
Desharnais,1,PSO-ABE,37,0.5606067180633545,380
Desharnais,1,PSO-ABE,38,0.5605871081352234,390
Desharnais,1,PSO-ABE,39,0.5605871081352234,400
Desharnais,1,PSO-ABE,40,0.5605697631835938,410
Desharnais,1,PSO-ABE,41,0.5605610013008118,420
Desharnais,1,PSO-ABE,42,0.560540497303009,430
Desharnais,1,PSO-ABE,43,0.560540497303009,440
Desharnais,1,PSO-ABE,44,0.560540497303009,450
Desharnais,1,PSO-ABE,45,0.5565609335899353,460
Desharnais,1,PSO-ABE,46,0.5565609335899353,470
Desharnais,1,PSO-ABE,47,0.5565609335899353,480
Desharnais,1,PSO-ABE,48,0.5565609335899353,490
Desharnais,1,PSO-ABE,49,0.5558311939239502,500
Desharnais,1,PSO-ABE,50,0.5558311939239502,510
Desharnais,1,PSO-ABE,51,0.5558311939239502,520
Desharnais,1,PSO-ABE,52,0.5558311939239502,530
Desharnais,1,PSO-ABE,53,0.5558180212974548,540
Desharnais,1,PSO-ABE,54,0.5557078123092651,550
Desharnais,1,PSO-ABE,55,0.5557078123092651,560
Desharnais,1,PSO-ABE,56,0.5556939840316772,570
Desharnais,1,PSO-ABE,57,0.5556939840316772,580
Desharnais,1,PSO-ABE,58,0.5556933283805847,590
Desharnais,1,PSO-ABE,59,0.5556891560554504,600
Desharnais,1,PSO-ABE,60,0.5556891560554504,610
Desharnais,1,PSO-ABE,61,0.554375946521759,620
Desharnais,1,PSO-ABE,62,0.5543732643127441,630
Desharnais,1,PSO-ABE,63,0.5543732047080994,640
Desharnais,1,PSO-ABE,64,0.553601086139679,650
Desharnais,1,PSO-ABE,65,0.5535987615585327,660
Desharnais,1,PSO-ABE,66,0.5535987615585327,670
Desharnais,1,PSO-ABE,67,0.5535987615585327,680
Desharnais,1,PSO-ABE,68,0.5535945892333984,690
Desharnais,1,PSO-ABE,69,0.5535945892333984,700
Desharnais,1,PSO-ABE,70,0.5535936951637268,710
Desharnais,1,PSO-ABE,71,0.5535936951637268,720
Desharnais,1,PSO-ABE,72,0.5535936951637268,730
Desharnais,1,PSO-ABE,73,0.5535709857940674,740
Desharnais,1,PSO-ABE,74,0.5535674691200256,750
Desharnais,1,PSO-ABE,75,0.5535674691200256,760
Desharnais,1,PSO-ABE,76,0.5535674691200256,770
Desharnais,1,PSO-ABE,77,0.5535674691200256,780
Desharnais,1,PSO-ABE,78,0.5535674691200256,790
Desharnais,1,PSO-ABE,79,0.5535650849342346,800
Desharnais,1,PSO-ABE,80,0.5535553693771362,810
Desharnais,1,PSO-ABE,81,0.5535483360290527,820
Desharnais,1,PSO-ABE,82,0.5535352826118469,830
Desharnais,1,PSO-ABE,83,0.5535352826118469,840
Desharnais,1,PSO-ABE,84,0.5535224676132202,850
Desharnais,1,PSO-ABE,85,0.5535224676132202,860
Desharnais,1,PSO-ABE,86,0.5535224676132202,870
Desharnais,1,PSO-ABE,87,0.5535224676132202,880
Desharnais,1,PSO-ABE,88,0.5535224676132202,890
Desharnais,1,PSO-ABE,89,0.5535174608230591,900
Desharnais,1,PSO-ABE,90,0.553512454032898,910
Desharnais,1,PSO-ABE,91,0.5535112023353577,920
Desharnais,1,PSO-ABE,92,0.5535033345222473,930
Desharnais,1,PSO-ABE,93,0.553493857383728,940
Desharnais,1,PSO-ABE,94,0.55348801612854,950
Desharnais,1,PSO-ABE,95,0.5534744262695312,960
Desharnais,1,PSO-ABE,96,0.5534744262695312,970
Desharnais,1,PSO-ABE,97,0.5534743070602417,980
Desharnais,1,PSO-ABE,98,0.5534743070602417,990
Desharnais,1,PSO-ABE,99,0.5534708499908447,1000
Desharnais,1,DE-ABE,0,0.6648125052452087,10
Desharnais,1,DE-ABE,1,0.6648125052452087,20
Desharnais,1,DE-ABE,2,0.6422433853149414,30
Desharnais,1,DE-ABE,3,0.6359589695930481,40
Desharnais,1,DE-ABE,4,0.6359589695930481,50
Desharnais,1,DE-ABE,5,0.6241024136543274,60
Desharnais,1,DE-ABE,6,0.6241024136543274,70
Desharnais,1,DE-ABE,7,0.6240070462226868,80
Desharnais,1,DE-ABE,8,0.6240070462226868,90
Desharnais,1,DE-ABE,9,0.5975655913352966,100
Desharnais,1,DE-ABE,10,0.5975655913352966,110
Desharnais,1,DE-ABE,11,0.5975655913352966,120
Desharnais,1,DE-ABE,12,0.5975655913352966,130
Desharnais,1,DE-ABE,13,0.5917999744415283,140
Desharnais,1,DE-ABE,14,0.5859584212303162,150
Desharnais,1,DE-ABE,15,0.5777228474617004,160
Desharnais,1,DE-ABE,16,0.5777228474617004,170
Desharnais,1,DE-ABE,17,0.5777228474617004,180
Desharnais,1,DE-ABE,18,0.5777228474617004,190
Desharnais,1,DE-ABE,19,0.5777228474617004,200
Desharnais,1,DE-ABE,20,0.5777228474617004,210
Desharnais,1,DE-ABE,21,0.5777228474617004,220
Desharnais,1,DE-ABE,22,0.5777228474617004,230
Desharnais,1,DE-ABE,23,0.5777228474617004,240
Desharnais,1,DE-ABE,24,0.5777228474617004,250
Desharnais,1,DE-ABE,25,0.5777228474617004,260
Desharnais,1,DE-ABE,26,0.577391505241394,270
Desharnais,1,DE-ABE,27,0.5763528943061829,280
Desharnais,1,DE-ABE,28,0.5743902325630188,290
Desharnais,1,DE-ABE,29,0.5743902325630188,300
Desharnais,1,DE-ABE,30,0.5743902325630188,310
Desharnais,1,DE-ABE,31,0.5743530988693237,320
Desharnais,1,DE-ABE,32,0.5742338299751282,330
Desharnais,1,DE-ABE,33,0.5741710066795349,340
Desharnais,1,DE-ABE,34,0.5741710066795349,350
Desharnais,1,DE-ABE,35,0.5741649270057678,360
Desharnais,1,DE-ABE,36,0.5741450190544128,370
Desharnais,1,DE-ABE,37,0.5741327404975891,380
Desharnais,1,DE-ABE,38,0.5741327404975891,390
Desharnais,1,DE-ABE,39,0.5740912556648254,400
Desharnais,1,DE-ABE,40,0.5740822553634644,410
Desharnais,1,DE-ABE,41,0.5740694999694824,420
Desharnais,1,DE-ABE,42,0.5740650296211243,430
Desharnais,1,DE-ABE,43,0.5740596652030945,440
Desharnais,1,DE-ABE,44,0.5740534067153931,450
Desharnais,1,DE-ABE,45,0.5740419626235962,460
Desharnais,1,DE-ABE,46,0.5740390419960022,470
Desharnais,1,DE-ABE,47,0.5740368366241455,480
Desharnais,1,DE-ABE,48,0.5740360617637634,490
Desharnais,1,DE-ABE,49,0.5740330815315247,500
Desharnais,1,DE-ABE,50,0.5740313529968262,510
Desharnais,1,DE-ABE,51,0.5740292072296143,520
Desharnais,1,DE-ABE,52,0.5740282535552979,530
Desharnais,1,DE-ABE,53,0.5740208029747009,540
Desharnais,1,DE-ABE,54,0.5740181803703308,550
Desharnais,1,DE-ABE,55,0.5740087628364563,560
Desharnais,1,DE-ABE,56,0.5740084052085876,570
Desharnais,1,DE-ABE,57,0.5740066170692444,580
Desharnais,1,DE-ABE,58,0.5740066170692444,590
Desharnais,1,DE-ABE,59,0.5740044116973877,600
Desharnais,1,DE-ABE,60,0.5740044116973877,610
Desharnais,1,DE-ABE,61,0.5740044116973877,620
Desharnais,1,DE-ABE,62,0.5740041136741638,630
Desharnais,1,DE-ABE,63,0.5740039944648743,640
Desharnais,1,DE-ABE,64,0.5740032196044922,650
Desharnais,1,DE-ABE,65,0.5740031599998474,660
Desharnais,1,DE-ABE,66,0.5740025639533997,670
Desharnais,1,DE-ABE,67,0.5740002393722534,680
Desharnais,1,DE-ABE,68,0.5739985704421997,690
Desharnais,1,DE-ABE,69,0.5739976167678833,700
Desharnais,1,DE-ABE,70,0.5739976167678833,710
Desharnais,1,DE-ABE,71,0.5739960074424744,720
Desharnais,1,DE-ABE,72,0.5739960074424744,730
Desharnais,1,DE-ABE,73,0.5739946365356445,740
Desharnais,1,DE-ABE,74,0.5739943385124207,750
Desharnais,1,DE-ABE,75,0.5739937424659729,760
Desharnais,1,DE-ABE,76,0.5739930272102356,770
Desharnais,1,DE-ABE,77,0.5739912986755371,780
Desharnais,1,DE-ABE,78,0.573990523815155,790
Desharnais,1,DE-ABE,79,0.5739893913269043,800
Desharnais,1,DE-ABE,80,0.5739893913269043,810
Desharnais,1,DE-ABE,81,0.5739893913269043,820
Desharnais,1,DE-ABE,82,0.5739888548851013,830
Desharnais,1,DE-ABE,83,0.5739883780479431,840
Desharnais,1,DE-ABE,84,0.5739880800247192,850
Desharnais,1,DE-ABE,85,0.5739880800247192,860
Desharnais,1,DE-ABE,86,0.573985755443573,870
Desharnais,1,DE-ABE,87,0.573985755443573,880
Desharnais,1,DE-ABE,88,0.5739850997924805,890
Desharnais,1,DE-ABE,89,0.5739845037460327,900
Desharnais,1,DE-ABE,90,0.5739834904670715,910
Desharnais,1,DE-ABE,91,0.5739832520484924,920
Desharnais,1,DE-ABE,92,0.5739820599555969,930
Desharnais,1,DE-ABE,93,0.5739814043045044,940
Desharnais,1,DE-ABE,94,0.5739811062812805,950
Desharnais,1,DE-ABE,95,0.5737007260322571,960
Desharnais,1,DE-ABE,96,0.5737007260322571,970
Desharnais,1,DE-ABE,97,0.5737003684043884,980
Desharnais,1,DE-ABE,98,0.573440432548523,990
Desharnais,1,DE-ABE,99,0.57343989610672,1000
Desharnais,1,GWO-ABE,0,0.652410089969635,10
Desharnais,1,GWO-ABE,1,0.6418085098266602,20
Desharnais,1,GWO-ABE,2,0.6256653666496277,30
Desharnais,1,GWO-ABE,3,0.6047327518463135,40
Desharnais,1,GWO-ABE,4,0.5982332229614258,50
Desharnais,1,GWO-ABE,5,0.5955941081047058,60
Desharnais,1,GWO-ABE,6,0.5706613063812256,70
Desharnais,1,GWO-ABE,7,0.5885144472122192,80
Desharnais,1,GWO-ABE,8,0.5836450457572937,90
Desharnais,1,GWO-ABE,9,0.57316654920578,100
Desharnais,1,GWO-ABE,10,0.5797997713088989,110
Desharnais,1,GWO-ABE,11,0.5655198693275452,120
Desharnais,1,GWO-ABE,12,0.5660731792449951,130
Desharnais,1,GWO-ABE,13,0.5969491600990295,140
Desharnais,1,GWO-ABE,14,0.5882688164710999,150
Desharnais,1,GWO-ABE,15,0.5757463574409485,160
Desharnais,1,GWO-ABE,16,0.5804123282432556,170
Desharnais,1,GWO-ABE,17,0.5844399333000183,180
Desharnais,1,GWO-ABE,18,0.5861083269119263,190
Desharnais,1,GWO-ABE,19,0.5834936499595642,200
Desharnais,1,GWO-ABE,20,0.5839617848396301,210
Desharnais,1,GWO-ABE,21,0.5787703394889832,220
Desharnais,1,GWO-ABE,22,0.5827468037605286,230
Desharnais,1,GWO-ABE,23,0.581773579120636,240
Desharnais,1,GWO-ABE,24,0.5737119317054749,250
Desharnais,1,GWO-ABE,25,0.5803579092025757,260
Desharnais,1,GWO-ABE,26,0.5829891562461853,270
Desharnais,1,GWO-ABE,27,0.5795747637748718,280
Desharnais,1,GWO-ABE,28,0.5818656086921692,290
Desharnais,1,GWO-ABE,29,0.5825979709625244,300
Desharnais,1,GWO-ABE,30,0.5932547450065613,310
Desharnais,1,GWO-ABE,31,0.5796570181846619,320
Desharnais,1,GWO-ABE,32,0.5749049186706543,330
Desharnais,1,GWO-ABE,33,0.5838001370429993,340
Desharnais,1,GWO-ABE,34,0.5802915692329407,350
Desharnais,1,GWO-ABE,35,0.5860843658447266,360
Desharnais,1,GWO-ABE,36,0.574469804763794,370
Desharnais,1,GWO-ABE,37,0.5831682085990906,380
Desharnais,1,GWO-ABE,38,0.5760164260864258,390
Desharnais,1,GWO-ABE,39,0.5780642032623291,400
Desharnais,1,GWO-ABE,40,0.584191620349884,410
Desharnais,1,GWO-ABE,41,0.5796471834182739,420
Desharnais,1,GWO-ABE,42,0.586246132850647,430
Desharnais,1,GWO-ABE,43,0.5934573411941528,440
Desharnais,1,GWO-ABE,44,0.579645574092865,450
Desharnais,1,GWO-ABE,45,0.5766592025756836,460
Desharnais,1,GWO-ABE,46,0.5789785385131836,470
Desharnais,1,GWO-ABE,47,0.5771061778068542,480
Desharnais,1,GWO-ABE,48,0.5863362550735474,490
Desharnais,1,GWO-ABE,49,0.5753134489059448,500
Desharnais,1,GWO-ABE,50,0.578521192073822,510
Desharnais,1,GWO-ABE,51,0.5794545412063599,520
Desharnais,1,GWO-ABE,52,0.5842018127441406,530
Desharnais,1,GWO-ABE,53,0.5808587670326233,540
Desharnais,1,GWO-ABE,54,0.5883738398551941,550
Desharnais,1,GWO-ABE,55,0.5704628825187683,560
Desharnais,1,GWO-ABE,56,0.5919976830482483,570
Desharnais,1,GWO-ABE,57,0.5871685743331909,580
Desharnais,1,GWO-ABE,58,0.5841240882873535,590
Desharnais,1,GWO-ABE,59,0.5821067094802856,600
Desharnais,1,GWO-ABE,60,0.5822862982749939,610
Desharnais,1,GWO-ABE,61,0.5800790786743164,620
Desharnais,1,GWO-ABE,62,0.5809716582298279,630
Desharnais,1,GWO-ABE,63,0.5823556780815125,640
Desharnais,1,GWO-ABE,64,0.5836111903190613,650
Desharnais,1,GWO-ABE,65,0.5804069638252258,660
Desharnais,1,GWO-ABE,66,0.5736735463142395,670
Desharnais,1,GWO-ABE,67,0.5820803642272949,680
Desharnais,1,GWO-ABE,68,0.5746971964836121,690
Desharnais,1,GWO-ABE,69,0.5800180435180664,700
Desharnais,1,GWO-ABE,70,0.5806925296783447,710
Desharnais,1,GWO-ABE,71,0.5803210139274597,720
Desharnais,1,GWO-ABE,72,0.5823357105255127,730
Desharnais,1,GWO-ABE,73,0.5798210501670837,740
Desharnais,1,GWO-ABE,74,0.5824102759361267,750
Desharnais,1,GWO-ABE,75,0.5846541523933411,760
Desharnais,1,GWO-ABE,76,0.5844517946243286,770
Desharnais,1,GWO-ABE,77,0.5799738764762878,780
Desharnais,1,GWO-ABE,78,0.57854825258255,790
Desharnais,1,GWO-ABE,79,0.5793160200119019,800
Desharnais,1,GWO-ABE,80,0.5807743072509766,810
Desharnais,1,GWO-ABE,81,0.5764128565788269,820
Desharnais,1,GWO-ABE,82,0.5788057446479797,830
Desharnais,1,GWO-ABE,83,0.5787033438682556,840
Desharnais,1,GWO-ABE,84,0.5756168365478516,850
Desharnais,1,GWO-ABE,85,0.5777117609977722,860
Desharnais,1,GWO-ABE,86,0.575700044631958,870
Desharnais,1,GWO-ABE,87,0.5799504518508911,880
Desharnais,1,GWO-ABE,88,0.5759192705154419,890
Desharnais,1,GWO-ABE,89,0.575932502746582,900
Desharnais,1,GWO-ABE,90,0.5758671164512634,910
Desharnais,1,GWO-ABE,91,0.5757112503051758,920
Desharnais,1,GWO-ABE,92,0.575953483581543,930
Desharnais,1,GWO-ABE,93,0.575873613357544,940
Desharnais,1,GWO-ABE,94,0.5765746235847473,950
Desharnais,1,GWO-ABE,95,0.5758944749832153,960
Desharnais,1,GWO-ABE,96,0.5758309960365295,970
Desharnais,1,GWO-ABE,97,0.575847327709198,980
Desharnais,1,GWO-ABE,98,0.5758194923400879,990
Desharnais,1,GWO-ABE,99,0.5758282542228699,1000
Desharnais,1,WOA-ABE,0,0.6815190315246582,10
Desharnais,1,WOA-ABE,1,0.616298258304596,20
Desharnais,1,WOA-ABE,2,0.616298258304596,30
Desharnais,1,WOA-ABE,3,0.6085503697395325,40
Desharnais,1,WOA-ABE,4,0.5898969769477844,50
Desharnais,1,WOA-ABE,5,0.5898969769477844,60
Desharnais,1,WOA-ABE,6,0.5862712264060974,70
Desharnais,1,WOA-ABE,7,0.5862712264060974,80
Desharnais,1,WOA-ABE,8,0.5862195491790771,90
Desharnais,1,WOA-ABE,9,0.5843095779418945,100
Desharnais,1,WOA-ABE,10,0.5826863646507263,110
Desharnais,1,WOA-ABE,11,0.5751950144767761,120
Desharnais,1,WOA-ABE,12,0.5751950144767761,130
Desharnais,1,WOA-ABE,13,0.5719023942947388,140
Desharnais,1,WOA-ABE,14,0.5679500699043274,150
Desharnais,1,WOA-ABE,15,0.5679448246955872,160
Desharnais,1,WOA-ABE,16,0.565129816532135,170
Desharnais,1,WOA-ABE,17,0.565129816532135,180
Desharnais,1,WOA-ABE,18,0.565129816532135,190
Desharnais,1,WOA-ABE,19,0.565129816532135,200
Desharnais,1,WOA-ABE,20,0.5643230080604553,210
Desharnais,1,WOA-ABE,21,0.5643230080604553,220
Desharnais,1,WOA-ABE,22,0.5643230080604553,230
Desharnais,1,WOA-ABE,23,0.5643230080604553,240
Desharnais,1,WOA-ABE,24,0.5643230080604553,250
Desharnais,1,WOA-ABE,25,0.5643230080604553,260
Desharnais,1,WOA-ABE,26,0.5643230080604553,270
Desharnais,1,WOA-ABE,27,0.5643168687820435,280
Desharnais,1,WOA-ABE,28,0.5643168687820435,290
Desharnais,1,WOA-ABE,29,0.5643168687820435,300
Desharnais,1,WOA-ABE,30,0.5643168687820435,310
Desharnais,1,WOA-ABE,31,0.5643167495727539,320
Desharnais,1,WOA-ABE,32,0.5643167495727539,330
Desharnais,1,WOA-ABE,33,0.5643167495727539,340
Desharnais,1,WOA-ABE,34,0.5643167495727539,350
Desharnais,1,WOA-ABE,35,0.5643167495727539,360
Desharnais,1,WOA-ABE,36,0.5643166303634644,370
Desharnais,1,WOA-ABE,37,0.56431645154953,380
Desharnais,1,WOA-ABE,38,0.56431645154953,390
Desharnais,1,WOA-ABE,39,0.5643113255500793,400
Desharnais,1,WOA-ABE,40,0.5642505884170532,410
Desharnais,1,WOA-ABE,41,0.5642505884170532,420
Desharnais,1,WOA-ABE,42,0.5642467141151428,430
Desharnais,1,WOA-ABE,43,0.5642467141151428,440
Desharnais,1,WOA-ABE,44,0.5642467141151428,450
Desharnais,1,WOA-ABE,45,0.5642467141151428,460
Desharnais,1,WOA-ABE,46,0.5642467141151428,470
Desharnais,1,WOA-ABE,47,0.5642467141151428,480
Desharnais,1,WOA-ABE,48,0.5642467141151428,490
Desharnais,1,WOA-ABE,49,0.5642465949058533,500
Desharnais,1,WOA-ABE,50,0.5642062425613403,510
Desharnais,1,WOA-ABE,51,0.5642062425613403,520
Desharnais,1,WOA-ABE,52,0.5642062425613403,530
Desharnais,1,WOA-ABE,53,0.5642062425613403,540
Desharnais,1,WOA-ABE,54,0.5642039775848389,550
Desharnais,1,WOA-ABE,55,0.5642039775848389,560
Desharnais,1,WOA-ABE,56,0.5642039775848389,570
Desharnais,1,WOA-ABE,57,0.5642011761665344,580
Desharnais,1,WOA-ABE,58,0.564191460609436,590
Desharnais,1,WOA-ABE,59,0.5641801953315735,600
Desharnais,1,WOA-ABE,60,0.5641801953315735,610
Desharnais,1,WOA-ABE,61,0.5641801953315735,620
Desharnais,1,WOA-ABE,62,0.5641801953315735,630
Desharnais,1,WOA-ABE,63,0.5641534924507141,640
Desharnais,1,WOA-ABE,64,0.5641534924507141,650
Desharnais,1,WOA-ABE,65,0.5641534924507141,660
Desharnais,1,WOA-ABE,66,0.5641534924507141,670
Desharnais,1,WOA-ABE,67,0.5641534924507141,680
Desharnais,1,WOA-ABE,68,0.5641025900840759,690
Desharnais,1,WOA-ABE,69,0.5641025900840759,700
Desharnais,1,WOA-ABE,70,0.5641025900840759,710
Desharnais,1,WOA-ABE,71,0.5641025900840759,720
Desharnais,1,WOA-ABE,72,0.5641025900840759,730
Desharnais,1,WOA-ABE,73,0.5641025900840759,740
Desharnais,1,WOA-ABE,74,0.5641025900840759,750
Desharnais,1,WOA-ABE,75,0.5641025900840759,760
Desharnais,1,WOA-ABE,76,0.5641025900840759,770
Desharnais,1,WOA-ABE,77,0.5641019940376282,780
Desharnais,1,WOA-ABE,78,0.5640660524368286,790
Desharnais,1,WOA-ABE,79,0.5631675720214844,800
Desharnais,1,WOA-ABE,80,0.5631675720214844,810
Desharnais,1,WOA-ABE,81,0.5631675720214844,820
Desharnais,1,WOA-ABE,82,0.5631675720214844,830
Desharnais,1,WOA-ABE,83,0.5631675720214844,840
Desharnais,1,WOA-ABE,84,0.5631675720214844,850
Desharnais,1,WOA-ABE,85,0.5631668567657471,860
Desharnais,1,WOA-ABE,86,0.5631668567657471,870
Desharnais,1,WOA-ABE,87,0.5631659626960754,880
Desharnais,1,WOA-ABE,88,0.5631659626960754,890
Desharnais,1,WOA-ABE,89,0.5631659626960754,900
Desharnais,1,WOA-ABE,90,0.563164472579956,910
Desharnais,1,WOA-ABE,91,0.5631638765335083,920
Desharnais,1,WOA-ABE,92,0.5631638765335083,930
Desharnais,1,WOA-ABE,93,0.5631638169288635,940
Desharnais,1,WOA-ABE,94,0.5631638169288635,950
Desharnais,1,WOA-ABE,95,0.5631637573242188,960
Desharnais,1,WOA-ABE,96,0.5631637573242188,970
Desharnais,1,WOA-ABE,97,0.5631637573242188,980
Desharnais,1,WOA-ABE,98,0.5631636381149292,990
Desharnais,1,WOA-ABE,99,0.5631636381149292,1000
Desharnais,1,FAABE,0,0.6001285910606384,10
Desharnais,1,FAABE,1,0.6001285910606384,20
Desharnais,1,FAABE,2,0.5865383744239807,30
Desharnais,1,FAABE,3,0.5865383744239807,40
Desharnais,1,FAABE,4,0.5865383744239807,50
Desharnais,1,FAABE,5,0.5865383744239807,60
Desharnais,1,FAABE,6,0.5865383744239807,70
Desharnais,1,FAABE,7,0.5865383744239807,80
Desharnais,1,FAABE,8,0.5865383744239807,90
Desharnais,1,FAABE,9,0.5865383744239807,100
Desharnais,1,FAABE,10,0.5865383744239807,110
Desharnais,1,FAABE,11,0.5865383744239807,120
Desharnais,1,FAABE,12,0.5865383744239807,130
Desharnais,1,FAABE,13,0.5865383744239807,140
Desharnais,1,FAABE,14,0.5865383744239807,150
Desharnais,1,FAABE,15,0.5865383744239807,160
Desharnais,1,FAABE,16,0.5829923748970032,170
Desharnais,1,FAABE,17,0.5829923748970032,180
Desharnais,1,FAABE,18,0.5768616795539856,190
Desharnais,1,FAABE,19,0.5705435872077942,200
Desharnais,1,FAABE,20,0.5705435872077942,210
Desharnais,1,FAABE,21,0.5705435872077942,220
Desharnais,1,FAABE,22,0.5687601566314697,230
Desharnais,1,FAABE,23,0.5687601566314697,240
Desharnais,1,FAABE,24,0.5687601566314697,250
Desharnais,1,FAABE,25,0.5687601566314697,260
Desharnais,1,FAABE,26,0.5687601566314697,270
Desharnais,1,FAABE,27,0.5687601566314697,280
Desharnais,1,FAABE,28,0.5687601566314697,290
Desharnais,1,FAABE,29,0.5687601566314697,300
Desharnais,1,FAABE,30,0.5687601566314697,310
Desharnais,1,FAABE,31,0.5687601566314697,320
Desharnais,1,FAABE,32,0.5687601566314697,330
Desharnais,1,FAABE,33,0.5687601566314697,340
Desharnais,1,FAABE,34,0.5687601566314697,350
Desharnais,1,FAABE,35,0.5687601566314697,360
Desharnais,1,FAABE,36,0.5687601566314697,370
Desharnais,1,FAABE,37,0.5687601566314697,380
Desharnais,1,FAABE,38,0.5687601566314697,390
Desharnais,1,FAABE,39,0.5687601566314697,400
Desharnais,1,FAABE,40,0.5687601566314697,410
Desharnais,1,FAABE,41,0.5687601566314697,420
Desharnais,1,FAABE,42,0.5687601566314697,430
Desharnais,1,FAABE,43,0.5687601566314697,440
Desharnais,1,FAABE,44,0.5687601566314697,450
Desharnais,1,FAABE,45,0.5661256909370422,460
Desharnais,1,FAABE,46,0.5661256909370422,470
Desharnais,1,FAABE,47,0.5661256909370422,480
Desharnais,1,FAABE,48,0.5661256909370422,490
Desharnais,1,FAABE,49,0.5661256909370422,500
Desharnais,1,FAABE,50,0.5661256909370422,510
Desharnais,1,FAABE,51,0.5661256909370422,520
Desharnais,1,FAABE,52,0.5661256909370422,530
Desharnais,1,FAABE,53,0.5661256909370422,540
Desharnais,1,FAABE,54,0.5661256909370422,550
Desharnais,1,FAABE,55,0.5661256909370422,560
Desharnais,1,FAABE,56,0.5661256909370422,570
Desharnais,1,FAABE,57,0.5661256909370422,580
Desharnais,1,FAABE,58,0.5661256909370422,590
Desharnais,1,FAABE,59,0.5661256909370422,600
Desharnais,1,FAABE,60,0.5661256909370422,610
Desharnais,1,FAABE,61,0.5661256909370422,620
Desharnais,1,FAABE,62,0.5661256909370422,630
Desharnais,1,FAABE,63,0.5661256909370422,640
Desharnais,1,FAABE,64,0.5661256909370422,650
Desharnais,1,FAABE,65,0.5661256909370422,660
Desharnais,1,FAABE,66,0.5661256909370422,670
Desharnais,1,FAABE,67,0.5657982230186462,680
Desharnais,1,FAABE,68,0.5657982230186462,690
Desharnais,1,FAABE,69,0.5627190470695496,700
Desharnais,1,FAABE,70,0.5627190470695496,710
Desharnais,1,FAABE,71,0.5627190470695496,720
Desharnais,1,FAABE,72,0.5627190470695496,730
Desharnais,1,FAABE,73,0.5627190470695496,740
Desharnais,1,FAABE,74,0.5627190470695496,750
Desharnais,1,FAABE,75,0.5627190470695496,760
Desharnais,1,FAABE,76,0.5627190470695496,770
Desharnais,1,FAABE,77,0.5627190470695496,780
Desharnais,1,FAABE,78,0.5627190470695496,790
Desharnais,1,FAABE,79,0.5627190470695496,800
Desharnais,1,FAABE,80,0.5627190470695496,810
Desharnais,1,FAABE,81,0.5627190470695496,820
Desharnais,1,FAABE,82,0.5627190470695496,830
Desharnais,1,FAABE,83,0.5627190470695496,840
Desharnais,1,FAABE,84,0.5627190470695496,850
Desharnais,1,FAABE,85,0.5627190470695496,860
Desharnais,1,FAABE,86,0.5627190470695496,870
Desharnais,1,FAABE,87,0.5627190470695496,880
Desharnais,1,FAABE,88,0.5627190470695496,890
Desharnais,1,FAABE,89,0.5627190470695496,900
Desharnais,1,FAABE,90,0.5627190470695496,910
Desharnais,1,FAABE,91,0.5627190470695496,920
Desharnais,1,FAABE,92,0.5627190470695496,930
Desharnais,1,FAABE,93,0.5627190470695496,940
Desharnais,1,FAABE,94,0.5627190470695496,950
Desharnais,1,FAABE,95,0.5627190470695496,960
Desharnais,1,FAABE,96,0.5627190470695496,970
Desharnais,1,FAABE,97,0.5627190470695496,980
Desharnais,1,FAABE,98,0.5627190470695496,990
Desharnais,1,FAABE,99,0.5627190470695496,1000
Desharnais,2,GA-ABE,0,0.6053617000579834,10
Desharnais,2,GA-ABE,1,0.6053617000579834,20
Desharnais,2,GA-ABE,2,0.6053617000579834,30
Desharnais,2,GA-ABE,3,0.6053617000579834,40
Desharnais,2,GA-ABE,4,0.6053617000579834,50
Desharnais,2,GA-ABE,5,0.6053617000579834,60
Desharnais,2,GA-ABE,6,0.6053617000579834,70
Desharnais,2,GA-ABE,7,0.6053617000579834,80
Desharnais,2,GA-ABE,8,0.6053617000579834,90
Desharnais,2,GA-ABE,9,0.6053617000579834,100
Desharnais,2,GA-ABE,10,0.6053617000579834,110
Desharnais,2,GA-ABE,11,0.6053617000579834,120
Desharnais,2,GA-ABE,12,0.6053617000579834,130
Desharnais,2,GA-ABE,13,0.6003115773200989,140
Desharnais,2,GA-ABE,14,0.6003115773200989,150
Desharnais,2,GA-ABE,15,0.5943645238876343,160
Desharnais,2,GA-ABE,16,0.5943645238876343,170
Desharnais,2,GA-ABE,17,0.5943645238876343,180
Desharnais,2,GA-ABE,18,0.583095371723175,190
Desharnais,2,GA-ABE,19,0.5830765962600708,200
Desharnais,2,GA-ABE,20,0.5830765962600708,210
Desharnais,2,GA-ABE,21,0.5830765962600708,220
Desharnais,2,GA-ABE,22,0.5830765962600708,230
Desharnais,2,GA-ABE,23,0.5830765962600708,240
Desharnais,2,GA-ABE,24,0.5830765962600708,250
Desharnais,2,GA-ABE,25,0.5830765962600708,260
Desharnais,2,GA-ABE,26,0.5830765962600708,270
Desharnais,2,GA-ABE,27,0.5830765962600708,280
Desharnais,2,GA-ABE,28,0.5830765962600708,290
Desharnais,2,GA-ABE,29,0.5830549597740173,300
Desharnais,2,GA-ABE,30,0.5830549597740173,310
Desharnais,2,GA-ABE,31,0.5830549597740173,320
Desharnais,2,GA-ABE,32,0.5830549001693726,330
Desharnais,2,GA-ABE,33,0.5830549001693726,340
Desharnais,2,GA-ABE,34,0.5830549001693726,350
Desharnais,2,GA-ABE,35,0.5830549001693726,360
Desharnais,2,GA-ABE,36,0.5830549001693726,370
Desharnais,2,GA-ABE,37,0.5830549001693726,380
Desharnais,2,GA-ABE,38,0.583050012588501,390
Desharnais,2,GA-ABE,39,0.5830355882644653,400
Desharnais,2,GA-ABE,40,0.5830355882644653,410
Desharnais,2,GA-ABE,41,0.5830355882644653,420
Desharnais,2,GA-ABE,42,0.5830355882644653,430
Desharnais,2,GA-ABE,43,0.5830355882644653,440
Desharnais,2,GA-ABE,44,0.5830355882644653,450
Desharnais,2,GA-ABE,45,0.5830355882644653,460
Desharnais,2,GA-ABE,46,0.5830355882644653,470
Desharnais,2,GA-ABE,47,0.5830355882644653,480
Desharnais,2,GA-ABE,48,0.5830355882644653,490
Desharnais,2,GA-ABE,49,0.5830355882644653,500
Desharnais,2,GA-ABE,50,0.5830355882644653,510
Desharnais,2,GA-ABE,51,0.5830355882644653,520
Desharnais,2,GA-ABE,52,0.5830355286598206,530
Desharnais,2,GA-ABE,53,0.5830355286598206,540
Desharnais,2,GA-ABE,54,0.5830354690551758,550
Desharnais,2,GA-ABE,55,0.5830354690551758,560
Desharnais,2,GA-ABE,56,0.5830354690551758,570
Desharnais,2,GA-ABE,57,0.5830354690551758,580
Desharnais,2,GA-ABE,58,0.5830354690551758,590
Desharnais,2,GA-ABE,59,0.5830354690551758,600
Desharnais,2,GA-ABE,60,0.5830354690551758,610
Desharnais,2,GA-ABE,61,0.5830354690551758,620
Desharnais,2,GA-ABE,62,0.583035409450531,630
Desharnais,2,GA-ABE,63,0.583035409450531,640
Desharnais,2,GA-ABE,64,0.583035409450531,650
Desharnais,2,GA-ABE,65,0.583035409450531,660
Desharnais,2,GA-ABE,66,0.583035409450531,670
Desharnais,2,GA-ABE,67,0.583035409450531,680
Desharnais,2,GA-ABE,68,0.583035409450531,690
Desharnais,2,GA-ABE,69,0.583035409450531,700
Desharnais,2,GA-ABE,70,0.583035409450531,710
Desharnais,2,GA-ABE,71,0.583035409450531,720
Desharnais,2,GA-ABE,72,0.583035409450531,730
Desharnais,2,GA-ABE,73,0.583035409450531,740
Desharnais,2,GA-ABE,74,0.583035409450531,750
Desharnais,2,GA-ABE,75,0.583035409450531,760
Desharnais,2,GA-ABE,76,0.583035409450531,770
Desharnais,2,GA-ABE,77,0.583035409450531,780
Desharnais,2,GA-ABE,78,0.583035409450531,790
Desharnais,2,GA-ABE,79,0.583035409450531,800
Desharnais,2,GA-ABE,80,0.583035409450531,810
Desharnais,2,GA-ABE,81,0.583035409450531,820
Desharnais,2,GA-ABE,82,0.5830336213111877,830
Desharnais,2,GA-ABE,83,0.5830336213111877,840
Desharnais,2,GA-ABE,84,0.5830336213111877,850
Desharnais,2,GA-ABE,85,0.5830336213111877,860
Desharnais,2,GA-ABE,86,0.5830287933349609,870
Desharnais,2,GA-ABE,87,0.5830287933349609,880
Desharnais,2,GA-ABE,88,0.5830287933349609,890
Desharnais,2,GA-ABE,89,0.5830287933349609,900
Desharnais,2,GA-ABE,90,0.5830287933349609,910
Desharnais,2,GA-ABE,91,0.5830287337303162,920
Desharnais,2,GA-ABE,92,0.5830287337303162,930
Desharnais,2,GA-ABE,93,0.5830287337303162,940
Desharnais,2,GA-ABE,94,0.5830287337303162,950
Desharnais,2,GA-ABE,95,0.5830287337303162,960
Desharnais,2,GA-ABE,96,0.5830287337303162,970
Desharnais,2,GA-ABE,97,0.5830287337303162,980
Desharnais,2,GA-ABE,98,0.5830287337303162,990
Desharnais,2,GA-ABE,99,0.5830287337303162,1000
Desharnais,2,PSO-ABE,0,0.6150684952735901,10
Desharnais,2,PSO-ABE,1,0.6117554903030396,20
Desharnais,2,PSO-ABE,2,0.6053063273429871,30
Desharnais,2,PSO-ABE,3,0.5948033928871155,40
Desharnais,2,PSO-ABE,4,0.5883294939994812,50
Desharnais,2,PSO-ABE,5,0.5866530537605286,60
Desharnais,2,PSO-ABE,6,0.5866530537605286,70
Desharnais,2,PSO-ABE,7,0.5866530537605286,80
Desharnais,2,PSO-ABE,8,0.581449568271637,90
Desharnais,2,PSO-ABE,9,0.581449568271637,100
Desharnais,2,PSO-ABE,10,0.581449568271637,110
Desharnais,2,PSO-ABE,11,0.581449568271637,120
Desharnais,2,PSO-ABE,12,0.581449568271637,130
Desharnais,2,PSO-ABE,13,0.581449568271637,140
Desharnais,2,PSO-ABE,14,0.5807467699050903,150
Desharnais,2,PSO-ABE,15,0.5807467699050903,160
Desharnais,2,PSO-ABE,16,0.5807467699050903,170
Desharnais,2,PSO-ABE,17,0.580687940120697,180
Desharnais,2,PSO-ABE,18,0.5748509168624878,190
Desharnais,2,PSO-ABE,19,0.5649686455726624,200
Desharnais,2,PSO-ABE,20,0.5552399754524231,210
Desharnais,2,PSO-ABE,21,0.5552399754524231,220
Desharnais,2,PSO-ABE,22,0.5536541938781738,230
Desharnais,2,PSO-ABE,23,0.5500548481941223,240
Desharnais,2,PSO-ABE,24,0.5451215505599976,250
Desharnais,2,PSO-ABE,25,0.5451215505599976,260
Desharnais,2,PSO-ABE,26,0.5451215505599976,270
Desharnais,2,PSO-ABE,27,0.5451215505599976,280
Desharnais,2,PSO-ABE,28,0.5451215505599976,290
Desharnais,2,PSO-ABE,29,0.5451215505599976,300
Desharnais,2,PSO-ABE,30,0.5451215505599976,310
Desharnais,2,PSO-ABE,31,0.5451215505599976,320
Desharnais,2,PSO-ABE,32,0.5451215505599976,330
Desharnais,2,PSO-ABE,33,0.545116126537323,340
Desharnais,2,PSO-ABE,34,0.545116126537323,350
Desharnais,2,PSO-ABE,35,0.545116126537323,360
Desharnais,2,PSO-ABE,36,0.545102596282959,370
Desharnais,2,PSO-ABE,37,0.5425857305526733,380
Desharnais,2,PSO-ABE,38,0.5425857305526733,390
Desharnais,2,PSO-ABE,39,0.5425857305526733,400
Desharnais,2,PSO-ABE,40,0.5425857305526733,410
Desharnais,2,PSO-ABE,41,0.5425857305526733,420
Desharnais,2,PSO-ABE,42,0.5425857305526733,430
Desharnais,2,PSO-ABE,43,0.5425857305526733,440
Desharnais,2,PSO-ABE,44,0.5425857305526733,450
Desharnais,2,PSO-ABE,45,0.5425760746002197,460
Desharnais,2,PSO-ABE,46,0.5425760746002197,470
Desharnais,2,PSO-ABE,47,0.5425601601600647,480
Desharnais,2,PSO-ABE,48,0.5425601601600647,490
Desharnais,2,PSO-ABE,49,0.5425493121147156,500
Desharnais,2,PSO-ABE,50,0.5425416827201843,510
Desharnais,2,PSO-ABE,51,0.5425416827201843,520
Desharnais,2,PSO-ABE,52,0.5425416827201843,530
Desharnais,2,PSO-ABE,53,0.5425416827201843,540
Desharnais,2,PSO-ABE,54,0.5425416827201843,550
Desharnais,2,PSO-ABE,55,0.5425416827201843,560
Desharnais,2,PSO-ABE,56,0.5425416827201843,570
Desharnais,2,PSO-ABE,57,0.5425416827201843,580
Desharnais,2,PSO-ABE,58,0.5425416827201843,590
Desharnais,2,PSO-ABE,59,0.5425416827201843,600
Desharnais,2,PSO-ABE,60,0.542536735534668,610
Desharnais,2,PSO-ABE,61,0.542536735534668,620
Desharnais,2,PSO-ABE,62,0.542536735534668,630
Desharnais,2,PSO-ABE,63,0.542536735534668,640
Desharnais,2,PSO-ABE,64,0.5425340533256531,650
Desharnais,2,PSO-ABE,65,0.5425340533256531,660
Desharnais,2,PSO-ABE,66,0.5425308346748352,670
Desharnais,2,PSO-ABE,67,0.542529821395874,680
Desharnais,2,PSO-ABE,68,0.5425270199775696,690
Desharnais,2,PSO-ABE,69,0.5425270199775696,700
Desharnais,2,PSO-ABE,70,0.5425259470939636,710
Desharnais,2,PSO-ABE,71,0.5425259470939636,720
Desharnais,2,PSO-ABE,72,0.5425259470939636,730
Desharnais,2,PSO-ABE,73,0.5425259470939636,740
Desharnais,2,PSO-ABE,74,0.5425259470939636,750
Desharnais,2,PSO-ABE,75,0.5425254702568054,760
Desharnais,2,PSO-ABE,76,0.5425254702568054,770
Desharnais,2,PSO-ABE,77,0.5425248742103577,780
Desharnais,2,PSO-ABE,78,0.5425239205360413,790
Desharnais,2,PSO-ABE,79,0.5425239205360413,800
Desharnais,2,PSO-ABE,80,0.5425239205360413,810
Desharnais,2,PSO-ABE,81,0.5425239205360413,820
Desharnais,2,PSO-ABE,82,0.5425239205360413,830
Desharnais,2,PSO-ABE,83,0.5425239205360413,840
Desharnais,2,PSO-ABE,84,0.5425239205360413,850
Desharnais,2,PSO-ABE,85,0.5425239205360413,860
Desharnais,2,PSO-ABE,86,0.5425239205360413,870
Desharnais,2,PSO-ABE,87,0.5425236225128174,880
Desharnais,2,PSO-ABE,88,0.5425236225128174,890
Desharnais,2,PSO-ABE,89,0.5425234436988831,900
Desharnais,2,PSO-ABE,90,0.5425234436988831,910
Desharnais,2,PSO-ABE,91,0.5425234436988831,920
Desharnais,2,PSO-ABE,92,0.5425234436988831,930
Desharnais,2,PSO-ABE,93,0.5425234436988831,940
Desharnais,2,PSO-ABE,94,0.5425234436988831,950
Desharnais,2,PSO-ABE,95,0.5425233840942383,960
Desharnais,2,PSO-ABE,96,0.5425233840942383,970
Desharnais,2,PSO-ABE,97,0.5425233840942383,980
Desharnais,2,PSO-ABE,98,0.5425233840942383,990
Desharnais,2,PSO-ABE,99,0.5425233840942383,1000
Desharnais,2,DE-ABE,0,0.6399273872375488,10
Desharnais,2,DE-ABE,1,0.6046428084373474,20
Desharnais,2,DE-ABE,2,0.5914011597633362,30
Desharnais,2,DE-ABE,3,0.5762804746627808,40
Desharnais,2,DE-ABE,4,0.5762804746627808,50
Desharnais,2,DE-ABE,5,0.5598685145378113,60
Desharnais,2,DE-ABE,6,0.5598685145378113,70
Desharnais,2,DE-ABE,7,0.5598685145378113,80
Desharnais,2,DE-ABE,8,0.5598685145378113,90
Desharnais,2,DE-ABE,9,0.5519550442695618,100
Desharnais,2,DE-ABE,10,0.5519550442695618,110
Desharnais,2,DE-ABE,11,0.5519550442695618,120
Desharnais,2,DE-ABE,12,0.5519550442695618,130
Desharnais,2,DE-ABE,13,0.5516617894172668,140
Desharnais,2,DE-ABE,14,0.5516617894172668,150
Desharnais,2,DE-ABE,15,0.5516617894172668,160
Desharnais,2,DE-ABE,16,0.5516617894172668,170
Desharnais,2,DE-ABE,17,0.551636278629303,180
Desharnais,2,DE-ABE,18,0.551636278629303,190
Desharnais,2,DE-ABE,19,0.551636278629303,200
Desharnais,2,DE-ABE,20,0.5515953898429871,210
Desharnais,2,DE-ABE,21,0.5464053153991699,220
Desharnais,2,DE-ABE,22,0.5464053153991699,230
Desharnais,2,DE-ABE,23,0.5464053153991699,240
Desharnais,2,DE-ABE,24,0.5464053153991699,250
Desharnais,2,DE-ABE,25,0.5464053153991699,260
Desharnais,2,DE-ABE,26,0.5464053153991699,270
Desharnais,2,DE-ABE,27,0.5464053153991699,280
Desharnais,2,DE-ABE,28,0.5464053153991699,290
Desharnais,2,DE-ABE,29,0.5463947653770447,300
Desharnais,2,DE-ABE,30,0.5463947653770447,310
Desharnais,2,DE-ABE,31,0.5463947653770447,320
Desharnais,2,DE-ABE,32,0.5463661551475525,330
Desharnais,2,DE-ABE,33,0.5415389537811279,340
Desharnais,2,DE-ABE,34,0.5415332317352295,350
Desharnais,2,DE-ABE,35,0.5415332317352295,360
Desharnais,2,DE-ABE,36,0.5415332317352295,370
Desharnais,2,DE-ABE,37,0.5414891839027405,380
Desharnais,2,DE-ABE,38,0.5414891839027405,390
Desharnais,2,DE-ABE,39,0.5413649082183838,400
Desharnais,2,DE-ABE,40,0.5413649082183838,410
Desharnais,2,DE-ABE,41,0.5413649082183838,420
Desharnais,2,DE-ABE,42,0.5413649082183838,430
Desharnais,2,DE-ABE,43,0.5413643717765808,440
Desharnais,2,DE-ABE,44,0.5413643717765808,450
Desharnais,2,DE-ABE,45,0.5413639545440674,460
Desharnais,2,DE-ABE,46,0.5413451194763184,470
Desharnais,2,DE-ABE,47,0.5413451194763184,480
Desharnais,2,DE-ABE,48,0.5413451194763184,490
Desharnais,2,DE-ABE,49,0.5413327217102051,500
Desharnais,2,DE-ABE,50,0.5413327217102051,510
Desharnais,2,DE-ABE,51,0.5413327217102051,520
Desharnais,2,DE-ABE,52,0.5413327217102051,530
Desharnais,2,DE-ABE,53,0.5413238406181335,540
Desharnais,2,DE-ABE,54,0.5413132905960083,550
Desharnais,2,DE-ABE,55,0.5413036942481995,560
Desharnais,2,DE-ABE,56,0.5403493046760559,570
Desharnais,2,DE-ABE,57,0.5403451919555664,580
Desharnais,2,DE-ABE,58,0.5403298139572144,590
Desharnais,2,DE-ABE,59,0.5403298139572144,600
Desharnais,2,DE-ABE,60,0.5403298139572144,610
Desharnais,2,DE-ABE,61,0.5403298139572144,620
Desharnais,2,DE-ABE,62,0.5403298139572144,630
Desharnais,2,DE-ABE,63,0.5403270125389099,640
Desharnais,2,DE-ABE,64,0.5403192639350891,650
Desharnais,2,DE-ABE,65,0.5403159260749817,660
Desharnais,2,DE-ABE,66,0.5403120517730713,670
Desharnais,2,DE-ABE,67,0.5403092503547668,680
Desharnais,2,DE-ABE,68,0.5403037667274475,690
Desharnais,2,DE-ABE,69,0.5403037667274475,700
Desharnais,2,DE-ABE,70,0.5403037667274475,710
Desharnais,2,DE-ABE,71,0.5403026938438416,720
Desharnais,2,DE-ABE,72,0.540298581123352,730
Desharnais,2,DE-ABE,73,0.540298581123352,740
Desharnais,2,DE-ABE,74,0.540298581123352,750
Desharnais,2,DE-ABE,75,0.540298581123352,760
Desharnais,2,DE-ABE,76,0.540298581123352,770
Desharnais,2,DE-ABE,77,0.540298581123352,780
Desharnais,2,DE-ABE,78,0.5402969717979431,790
Desharnais,2,DE-ABE,79,0.5402969717979431,800
Desharnais,2,DE-ABE,80,0.5402969717979431,810
Desharnais,2,DE-ABE,81,0.5402969717979431,820
Desharnais,2,DE-ABE,82,0.5402944684028625,830
Desharnais,2,DE-ABE,83,0.5402944684028625,840
Desharnais,2,DE-ABE,84,0.5402944684028625,850
Desharnais,2,DE-ABE,85,0.5402944684028625,860
Desharnais,2,DE-ABE,86,0.5402944684028625,870
Desharnais,2,DE-ABE,87,0.5402944684028625,880
Desharnais,2,DE-ABE,88,0.5402944684028625,890
Desharnais,2,DE-ABE,89,0.5402944684028625,900
Desharnais,2,DE-ABE,90,0.5402944087982178,910
Desharnais,2,DE-ABE,91,0.5402942299842834,920
Desharnais,2,DE-ABE,92,0.5402942299842834,930
Desharnais,2,DE-ABE,93,0.5402942299842834,940
Desharnais,2,DE-ABE,94,0.5402938723564148,950
Desharnais,2,DE-ABE,95,0.5402935743331909,960
Desharnais,2,DE-ABE,96,0.5402933955192566,970
Desharnais,2,DE-ABE,97,0.5402933955192566,980
Desharnais,2,DE-ABE,98,0.5402930378913879,990
Desharnais,2,DE-ABE,99,0.5402929186820984,1000
Desharnais,2,GWO-ABE,0,0.6287643909454346,10
Desharnais,2,GWO-ABE,1,0.5892619490623474,20
Desharnais,2,GWO-ABE,2,0.5672077536582947,30
Desharnais,2,GWO-ABE,3,0.598089337348938,40
Desharnais,2,GWO-ABE,4,0.5786792039871216,50
Desharnais,2,GWO-ABE,5,0.5778785347938538,60
Desharnais,2,GWO-ABE,6,0.552833616733551,70
Desharnais,2,GWO-ABE,7,0.5671815276145935,80
Desharnais,2,GWO-ABE,8,0.5747096538543701,90
Desharnais,2,GWO-ABE,9,0.559997022151947,100
Desharnais,2,GWO-ABE,10,0.5619848370552063,110
Desharnais,2,GWO-ABE,11,0.5597395896911621,120
Desharnais,2,GWO-ABE,12,0.5656350255012512,130
Desharnais,2,GWO-ABE,13,0.5529695153236389,140
Desharnais,2,GWO-ABE,14,0.554388165473938,150
Desharnais,2,GWO-ABE,15,0.5572340488433838,160
Desharnais,2,GWO-ABE,16,0.5700609087944031,170
Desharnais,2,GWO-ABE,17,0.56394362449646,180
Desharnais,2,GWO-ABE,18,0.5628642439842224,190
Desharnais,2,GWO-ABE,19,0.55968177318573,200
Desharnais,2,GWO-ABE,20,0.5640979409217834,210
Desharnais,2,GWO-ABE,21,0.5496119856834412,220
Desharnais,2,GWO-ABE,22,0.5604263544082642,230
Desharnais,2,GWO-ABE,23,0.5503970384597778,240
Desharnais,2,GWO-ABE,24,0.5478836894035339,250
Desharnais,2,GWO-ABE,25,0.5547626614570618,260
Desharnais,2,GWO-ABE,26,0.5346081852912903,270
Desharnais,2,GWO-ABE,27,0.5508991479873657,280
Desharnais,2,GWO-ABE,28,0.5493882298469543,290
Desharnais,2,GWO-ABE,29,0.544092059135437,300
Desharnais,2,GWO-ABE,30,0.5485930442810059,310
Desharnais,2,GWO-ABE,31,0.5512461066246033,320
Desharnais,2,GWO-ABE,32,0.5442126989364624,330
Desharnais,2,GWO-ABE,33,0.5519994497299194,340
Desharnais,2,GWO-ABE,34,0.5505262017250061,350
Desharnais,2,GWO-ABE,35,0.5480367541313171,360
Desharnais,2,GWO-ABE,36,0.5513164401054382,370
Desharnais,2,GWO-ABE,37,0.5555824041366577,380
Desharnais,2,GWO-ABE,38,0.5521933436393738,390
Desharnais,2,GWO-ABE,39,0.5517807006835938,400
Desharnais,2,GWO-ABE,40,0.552004337310791,410
Desharnais,2,GWO-ABE,41,0.5519520044326782,420
Desharnais,2,GWO-ABE,42,0.5507869720458984,430
Desharnais,2,GWO-ABE,43,0.550177276134491,440
Desharnais,2,GWO-ABE,44,0.5490573048591614,450
Desharnais,2,GWO-ABE,45,0.5452344417572021,460
Desharnais,2,GWO-ABE,46,0.5532495975494385,470
Desharnais,2,GWO-ABE,47,0.5493942499160767,480
Desharnais,2,GWO-ABE,48,0.5488211512565613,490
Desharnais,2,GWO-ABE,49,0.5512614250183105,500
Desharnais,2,GWO-ABE,50,0.5463354587554932,510
Desharnais,2,GWO-ABE,51,0.545386791229248,520
Desharnais,2,GWO-ABE,52,0.5531057119369507,530
Desharnais,2,GWO-ABE,53,0.5481312274932861,540
Desharnais,2,GWO-ABE,54,0.5473372936248779,550
Desharnais,2,GWO-ABE,55,0.5452804565429688,560
Desharnais,2,GWO-ABE,56,0.5538302063941956,570
Desharnais,2,GWO-ABE,57,0.54762202501297,580
Desharnais,2,GWO-ABE,58,0.5527823567390442,590
Desharnais,2,GWO-ABE,59,0.547025203704834,600
Desharnais,2,GWO-ABE,60,0.5450150966644287,610
Desharnais,2,GWO-ABE,61,0.5469288229942322,620
Desharnais,2,GWO-ABE,62,0.5555646419525146,630
Desharnais,2,GWO-ABE,63,0.5495786070823669,640
Desharnais,2,GWO-ABE,64,0.5452681183815002,650
Desharnais,2,GWO-ABE,65,0.5478702783584595,660
Desharnais,2,GWO-ABE,66,0.5503502488136292,670
Desharnais,2,GWO-ABE,67,0.5518622994422913,680
Desharnais,2,GWO-ABE,68,0.5488630533218384,690
Desharnais,2,GWO-ABE,69,0.5451726913452148,700
Desharnais,2,GWO-ABE,70,0.5488821268081665,710
Desharnais,2,GWO-ABE,71,0.5511408448219299,720
Desharnais,2,GWO-ABE,72,0.5499628186225891,730
Desharnais,2,GWO-ABE,73,0.5522435307502747,740
Desharnais,2,GWO-ABE,74,0.5463860630989075,750
Desharnais,2,GWO-ABE,75,0.551125168800354,760
Desharnais,2,GWO-ABE,76,0.5486057996749878,770
Desharnais,2,GWO-ABE,77,0.5507528781890869,780
Desharnais,2,GWO-ABE,78,0.5470462441444397,790
Desharnais,2,GWO-ABE,79,0.544364869594574,800
Desharnais,2,GWO-ABE,80,0.5457896590232849,810
Desharnais,2,GWO-ABE,81,0.5451192855834961,820
Desharnais,2,GWO-ABE,82,0.5451216697692871,830
Desharnais,2,GWO-ABE,83,0.546156108379364,840
Desharnais,2,GWO-ABE,84,0.5470392107963562,850
Desharnais,2,GWO-ABE,85,0.5461893677711487,860
Desharnais,2,GWO-ABE,86,0.5464242696762085,870
Desharnais,2,GWO-ABE,87,0.545418381690979,880
Desharnais,2,GWO-ABE,88,0.5453914403915405,890
Desharnais,2,GWO-ABE,89,0.5471794605255127,900
Desharnais,2,GWO-ABE,90,0.5414679050445557,910
Desharnais,2,GWO-ABE,91,0.5461423397064209,920
Desharnais,2,GWO-ABE,92,0.546021044254303,930
Desharnais,2,GWO-ABE,93,0.5462086796760559,940
Desharnais,2,GWO-ABE,94,0.5462199449539185,950
Desharnais,2,GWO-ABE,95,0.5460824966430664,960
Desharnais,2,GWO-ABE,96,0.5461142063140869,970
Desharnais,2,GWO-ABE,97,0.5462192893028259,980
Desharnais,2,GWO-ABE,98,0.5461173057556152,990
Desharnais,2,GWO-ABE,99,0.5461384654045105,1000
Desharnais,2,WOA-ABE,0,0.6297121644020081,10
Desharnais,2,WOA-ABE,1,0.6194319725036621,20
Desharnais,2,WOA-ABE,2,0.6075498461723328,30
Desharnais,2,WOA-ABE,3,0.5919763445854187,40
Desharnais,2,WOA-ABE,4,0.5919763445854187,50
Desharnais,2,WOA-ABE,5,0.5919763445854187,60
Desharnais,2,WOA-ABE,6,0.5919607281684875,70
Desharnais,2,WOA-ABE,7,0.5919589400291443,80
Desharnais,2,WOA-ABE,8,0.5919589400291443,90
Desharnais,2,WOA-ABE,9,0.5919535160064697,100
Desharnais,2,WOA-ABE,10,0.5919535160064697,110
Desharnais,2,WOA-ABE,11,0.5909098982810974,120
Desharnais,2,WOA-ABE,12,0.5900429487228394,130
Desharnais,2,WOA-ABE,13,0.5866780877113342,140
Desharnais,2,WOA-ABE,14,0.5852319598197937,150
Desharnais,2,WOA-ABE,15,0.5845109820365906,160
Desharnais,2,WOA-ABE,16,0.5845109820365906,170
Desharnais,2,WOA-ABE,17,0.5845109820365906,180
Desharnais,2,WOA-ABE,18,0.5845109820365906,190
Desharnais,2,WOA-ABE,19,0.5845109820365906,200
Desharnais,2,WOA-ABE,20,0.5845109820365906,210
Desharnais,2,WOA-ABE,21,0.5845109820365906,220
Desharnais,2,WOA-ABE,22,0.5845109820365906,230
Desharnais,2,WOA-ABE,23,0.5845109820365906,240
Desharnais,2,WOA-ABE,24,0.5845109820365906,250
Desharnais,2,WOA-ABE,25,0.5845109820365906,260
Desharnais,2,WOA-ABE,26,0.5845109820365906,270
Desharnais,2,WOA-ABE,27,0.5845108032226562,280
Desharnais,2,WOA-ABE,28,0.5845108032226562,290
Desharnais,2,WOA-ABE,29,0.5845108032226562,300
Desharnais,2,WOA-ABE,30,0.5845108032226562,310
Desharnais,2,WOA-ABE,31,0.5845062136650085,320
Desharnais,2,WOA-ABE,32,0.5616328716278076,330
Desharnais,2,WOA-ABE,33,0.5616328716278076,340
Desharnais,2,WOA-ABE,34,0.5616328716278076,350
Desharnais,2,WOA-ABE,35,0.5616328716278076,360
Desharnais,2,WOA-ABE,36,0.5616328716278076,370
Desharnais,2,WOA-ABE,37,0.5616328716278076,380
Desharnais,2,WOA-ABE,38,0.5616328716278076,390
Desharnais,2,WOA-ABE,39,0.5616328716278076,400
Desharnais,2,WOA-ABE,40,0.5616328716278076,410
Desharnais,2,WOA-ABE,41,0.5616328716278076,420
Desharnais,2,WOA-ABE,42,0.5616328716278076,430
Desharnais,2,WOA-ABE,43,0.5616328716278076,440
Desharnais,2,WOA-ABE,44,0.5616328716278076,450
Desharnais,2,WOA-ABE,45,0.5616328716278076,460
Desharnais,2,WOA-ABE,46,0.5616328716278076,470
Desharnais,2,WOA-ABE,47,0.5616328716278076,480
Desharnais,2,WOA-ABE,48,0.5616328716278076,490
Desharnais,2,WOA-ABE,49,0.5616328716278076,500
Desharnais,2,WOA-ABE,50,0.5616328716278076,510
Desharnais,2,WOA-ABE,51,0.5616328716278076,520
Desharnais,2,WOA-ABE,52,0.5616328716278076,530
Desharnais,2,WOA-ABE,53,0.5616328716278076,540
Desharnais,2,WOA-ABE,54,0.5616328716278076,550
Desharnais,2,WOA-ABE,55,0.5616328716278076,560
Desharnais,2,WOA-ABE,56,0.5616328716278076,570
Desharnais,2,WOA-ABE,57,0.5616328716278076,580
Desharnais,2,WOA-ABE,58,0.5616328716278076,590
Desharnais,2,WOA-ABE,59,0.5616328716278076,600
Desharnais,2,WOA-ABE,60,0.5616328716278076,610
Desharnais,2,WOA-ABE,61,0.5616328716278076,620
Desharnais,2,WOA-ABE,62,0.5616328716278076,630
Desharnais,2,WOA-ABE,63,0.5616328716278076,640
Desharnais,2,WOA-ABE,64,0.5616328716278076,650
Desharnais,2,WOA-ABE,65,0.5616328716278076,660
Desharnais,2,WOA-ABE,66,0.5616328716278076,670
Desharnais,2,WOA-ABE,67,0.5616328716278076,680
Desharnais,2,WOA-ABE,68,0.5616328716278076,690
Desharnais,2,WOA-ABE,69,0.5616328716278076,700
Desharnais,2,WOA-ABE,70,0.5616328716278076,710
Desharnais,2,WOA-ABE,71,0.5616328716278076,720
Desharnais,2,WOA-ABE,72,0.5616328716278076,730
Desharnais,2,WOA-ABE,73,0.5616328716278076,740
Desharnais,2,WOA-ABE,74,0.5616328716278076,750
Desharnais,2,WOA-ABE,75,0.5616328716278076,760
Desharnais,2,WOA-ABE,76,0.5616328716278076,770
Desharnais,2,WOA-ABE,77,0.5616328716278076,780
Desharnais,2,WOA-ABE,78,0.5616328716278076,790
Desharnais,2,WOA-ABE,79,0.5616328716278076,800
Desharnais,2,WOA-ABE,80,0.5616328716278076,810
Desharnais,2,WOA-ABE,81,0.5616328716278076,820
Desharnais,2,WOA-ABE,82,0.5616328716278076,830
Desharnais,2,WOA-ABE,83,0.5616328716278076,840
Desharnais,2,WOA-ABE,84,0.5616328716278076,850
Desharnais,2,WOA-ABE,85,0.5616328716278076,860
Desharnais,2,WOA-ABE,86,0.5616328716278076,870
Desharnais,2,WOA-ABE,87,0.5616328716278076,880
Desharnais,2,WOA-ABE,88,0.5616328716278076,890
Desharnais,2,WOA-ABE,89,0.5616328716278076,900
Desharnais,2,WOA-ABE,90,0.5616328716278076,910
Desharnais,2,WOA-ABE,91,0.5616328716278076,920
Desharnais,2,WOA-ABE,92,0.5616328716278076,930
Desharnais,2,WOA-ABE,93,0.5616328716278076,940
Desharnais,2,WOA-ABE,94,0.5616328716278076,950
Desharnais,2,WOA-ABE,95,0.5616328716278076,960
Desharnais,2,WOA-ABE,96,0.5616328716278076,970
Desharnais,2,WOA-ABE,97,0.5616328716278076,980
Desharnais,2,WOA-ABE,98,0.5616328716278076,990
Desharnais,2,WOA-ABE,99,0.5616328716278076,1000
Desharnais,2,FAABE,0,0.6096622347831726,10
Desharnais,2,FAABE,1,0.6096622347831726,20
Desharnais,2,FAABE,2,0.6096622347831726,30
Desharnais,2,FAABE,3,0.6025353074073792,40
Desharnais,2,FAABE,4,0.5976236462593079,50
Desharnais,2,FAABE,5,0.5976236462593079,60
Desharnais,2,FAABE,6,0.5976236462593079,70
Desharnais,2,FAABE,7,0.5976236462593079,80
Desharnais,2,FAABE,8,0.5976236462593079,90
Desharnais,2,FAABE,9,0.5976236462593079,100
Desharnais,2,FAABE,10,0.5976236462593079,110
Desharnais,2,FAABE,11,0.5976236462593079,120
Desharnais,2,FAABE,12,0.5976236462593079,130
Desharnais,2,FAABE,13,0.5976236462593079,140
Desharnais,2,FAABE,14,0.5924198627471924,150
Desharnais,2,FAABE,15,0.5924198627471924,160
Desharnais,2,FAABE,16,0.5924198627471924,170
Desharnais,2,FAABE,17,0.5924198627471924,180
Desharnais,2,FAABE,18,0.5924198627471924,190
Desharnais,2,FAABE,19,0.5924198627471924,200
Desharnais,2,FAABE,20,0.5781897306442261,210
Desharnais,2,FAABE,21,0.5781897306442261,220
Desharnais,2,FAABE,22,0.5781897306442261,230
Desharnais,2,FAABE,23,0.5781897306442261,240
Desharnais,2,FAABE,24,0.5781897306442261,250
Desharnais,2,FAABE,25,0.5781897306442261,260
Desharnais,2,FAABE,26,0.5781897306442261,270
Desharnais,2,FAABE,27,0.5781897306442261,280
Desharnais,2,FAABE,28,0.5781897306442261,290
Desharnais,2,FAABE,29,0.5781897306442261,300
Desharnais,2,FAABE,30,0.5781897306442261,310
Desharnais,2,FAABE,31,0.5781897306442261,320
Desharnais,2,FAABE,32,0.5781897306442261,330
Desharnais,2,FAABE,33,0.5781897306442261,340
Desharnais,2,FAABE,34,0.5781897306442261,350
Desharnais,2,FAABE,35,0.5781897306442261,360
Desharnais,2,FAABE,36,0.5781897306442261,370
Desharnais,2,FAABE,37,0.5781897306442261,380
Desharnais,2,FAABE,38,0.5781897306442261,390
Desharnais,2,FAABE,39,0.5781897306442261,400
Desharnais,2,FAABE,40,0.5781897306442261,410
Desharnais,2,FAABE,41,0.5781897306442261,420
Desharnais,2,FAABE,42,0.5781897306442261,430
Desharnais,2,FAABE,43,0.5781897306442261,440
Desharnais,2,FAABE,44,0.5781897306442261,450
Desharnais,2,FAABE,45,0.5781897306442261,460
Desharnais,2,FAABE,46,0.5781897306442261,470
Desharnais,2,FAABE,47,0.5781897306442261,480
Desharnais,2,FAABE,48,0.5781897306442261,490
Desharnais,2,FAABE,49,0.5781897306442261,500
Desharnais,2,FAABE,50,0.5781897306442261,510
Desharnais,2,FAABE,51,0.5781897306442261,520
Desharnais,2,FAABE,52,0.5781897306442261,530
Desharnais,2,FAABE,53,0.5781897306442261,540
Desharnais,2,FAABE,54,0.5781897306442261,550
Desharnais,2,FAABE,55,0.5781897306442261,560
Desharnais,2,FAABE,56,0.5781897306442261,570
Desharnais,2,FAABE,57,0.5781897306442261,580
Desharnais,2,FAABE,58,0.5781897306442261,590
Desharnais,2,FAABE,59,0.5781897306442261,600
Desharnais,2,FAABE,60,0.5781897306442261,610
Desharnais,2,FAABE,61,0.5781897306442261,620
Desharnais,2,FAABE,62,0.5781897306442261,630
Desharnais,2,FAABE,63,0.5781897306442261,640
Desharnais,2,FAABE,64,0.5781897306442261,650
Desharnais,2,FAABE,65,0.5781897306442261,660
Desharnais,2,FAABE,66,0.5781897306442261,670
Desharnais,2,FAABE,67,0.5781897306442261,680
Desharnais,2,FAABE,68,0.5781897306442261,690
Desharnais,2,FAABE,69,0.5781897306442261,700
Desharnais,2,FAABE,70,0.5781897306442261,710
Desharnais,2,FAABE,71,0.5781897306442261,720
Desharnais,2,FAABE,72,0.5781897306442261,730
Desharnais,2,FAABE,73,0.5781897306442261,740
Desharnais,2,FAABE,74,0.5781897306442261,750
Desharnais,2,FAABE,75,0.5781897306442261,760
Desharnais,2,FAABE,76,0.5781897306442261,770
Desharnais,2,FAABE,77,0.5781897306442261,780
Desharnais,2,FAABE,78,0.5781897306442261,790
Desharnais,2,FAABE,79,0.5781897306442261,800
Desharnais,2,FAABE,80,0.5781897306442261,810
Desharnais,2,FAABE,81,0.5781897306442261,820
Desharnais,2,FAABE,82,0.5781897306442261,830
Desharnais,2,FAABE,83,0.5781897306442261,840
Desharnais,2,FAABE,84,0.5781897306442261,850
Desharnais,2,FAABE,85,0.5781897306442261,860
Desharnais,2,FAABE,86,0.5781897306442261,870
Desharnais,2,FAABE,87,0.5781897306442261,880
Desharnais,2,FAABE,88,0.5781897306442261,890
Desharnais,2,FAABE,89,0.5781897306442261,900
Desharnais,2,FAABE,90,0.5781897306442261,910
Desharnais,2,FAABE,91,0.5781897306442261,920
Desharnais,2,FAABE,92,0.5781897306442261,930
Desharnais,2,FAABE,93,0.5781897306442261,940
Desharnais,2,FAABE,94,0.5781897306442261,950
Desharnais,2,FAABE,95,0.5781897306442261,960
Desharnais,2,FAABE,96,0.5781897306442261,970
Desharnais,2,FAABE,97,0.5781897306442261,980
Desharnais,2,FAABE,98,0.5781897306442261,990
Desharnais,2,FAABE,99,0.5781897306442261,1000
Desharnais,3,GA-ABE,0,0.6135438084602356,10
Desharnais,3,GA-ABE,1,0.6135438084602356,20
Desharnais,3,GA-ABE,2,0.6135438084602356,30
Desharnais,3,GA-ABE,3,0.6135438084602356,40
Desharnais,3,GA-ABE,4,0.6122890114784241,50
Desharnais,3,GA-ABE,5,0.6122890114784241,60
Desharnais,3,GA-ABE,6,0.6089545488357544,70
Desharnais,3,GA-ABE,7,0.6001715064048767,80
Desharnais,3,GA-ABE,8,0.5951287150382996,90
Desharnais,3,GA-ABE,9,0.5951287150382996,100
Desharnais,3,GA-ABE,10,0.5950548052787781,110
Desharnais,3,GA-ABE,11,0.5950548052787781,120
Desharnais,3,GA-ABE,12,0.5950548052787781,130
Desharnais,3,GA-ABE,13,0.5950548052787781,140
Desharnais,3,GA-ABE,14,0.5950548052787781,150
Desharnais,3,GA-ABE,15,0.5950548052787781,160
Desharnais,3,GA-ABE,16,0.595054030418396,170
Desharnais,3,GA-ABE,17,0.595054030418396,180
Desharnais,3,GA-ABE,18,0.5950493812561035,190
Desharnais,3,GA-ABE,19,0.5950493812561035,200
Desharnais,3,GA-ABE,20,0.5950493812561035,210
Desharnais,3,GA-ABE,21,0.5928652286529541,220
Desharnais,3,GA-ABE,22,0.5928652286529541,230
Desharnais,3,GA-ABE,23,0.5928652286529541,240
Desharnais,3,GA-ABE,24,0.5928652286529541,250
Desharnais,3,GA-ABE,25,0.5928652286529541,260
Desharnais,3,GA-ABE,26,0.5928652286529541,270
Desharnais,3,GA-ABE,27,0.5928651690483093,280
Desharnais,3,GA-ABE,28,0.5928380489349365,290
Desharnais,3,GA-ABE,29,0.5928380489349365,300
Desharnais,3,GA-ABE,30,0.5928341150283813,310
Desharnais,3,GA-ABE,31,0.5928341150283813,320
Desharnais,3,GA-ABE,32,0.5928341150283813,330
Desharnais,3,GA-ABE,33,0.592819333076477,340
Desharnais,3,GA-ABE,34,0.592819333076477,350
Desharnais,3,GA-ABE,35,0.592819333076477,360
Desharnais,3,GA-ABE,36,0.592819333076477,370
Desharnais,3,GA-ABE,37,0.592819333076477,380
Desharnais,3,GA-ABE,38,0.592819333076477,390
Desharnais,3,GA-ABE,39,0.5928164124488831,400
Desharnais,3,GA-ABE,40,0.5928164124488831,410
Desharnais,3,GA-ABE,41,0.5928164124488831,420
Desharnais,3,GA-ABE,42,0.5928164124488831,430
Desharnais,3,GA-ABE,43,0.5928164124488831,440
Desharnais,3,GA-ABE,44,0.5928163528442383,450
Desharnais,3,GA-ABE,45,0.5928163528442383,460
Desharnais,3,GA-ABE,46,0.5914705991744995,470
Desharnais,3,GA-ABE,47,0.5914705991744995,480
Desharnais,3,GA-ABE,48,0.5914705991744995,490
Desharnais,3,GA-ABE,49,0.5914705991744995,500
Desharnais,3,GA-ABE,50,0.5914705991744995,510
Desharnais,3,GA-ABE,51,0.5914400815963745,520
Desharnais,3,GA-ABE,52,0.5913935899734497,530
Desharnais,3,GA-ABE,53,0.5913935899734497,540
Desharnais,3,GA-ABE,54,0.5913935899734497,550
Desharnais,3,GA-ABE,55,0.5913935303688049,560
Desharnais,3,GA-ABE,56,0.5913935303688049,570
Desharnais,3,GA-ABE,57,0.5897471904754639,580
Desharnais,3,GA-ABE,58,0.5897471904754639,590
Desharnais,3,GA-ABE,59,0.5897471904754639,600
Desharnais,3,GA-ABE,60,0.5839945077896118,610
Desharnais,3,GA-ABE,61,0.5802792310714722,620
Desharnais,3,GA-ABE,62,0.5802371501922607,630
Desharnais,3,GA-ABE,63,0.5802371501922607,640
Desharnais,3,GA-ABE,64,0.5802371501922607,650
Desharnais,3,GA-ABE,65,0.5802371501922607,660
Desharnais,3,GA-ABE,66,0.5802371501922607,670
Desharnais,3,GA-ABE,67,0.5802371501922607,680
Desharnais,3,GA-ABE,68,0.5802371501922607,690
Desharnais,3,GA-ABE,69,0.5802371501922607,700
Desharnais,3,GA-ABE,70,0.5802371501922607,710
Desharnais,3,GA-ABE,71,0.5802371501922607,720
Desharnais,3,GA-ABE,72,0.5802371501922607,730
Desharnais,3,GA-ABE,73,0.5802371501922607,740
Desharnais,3,GA-ABE,74,0.5802371501922607,750
Desharnais,3,GA-ABE,75,0.5802371501922607,760
Desharnais,3,GA-ABE,76,0.5802371501922607,770
Desharnais,3,GA-ABE,77,0.5802371501922607,780
Desharnais,3,GA-ABE,78,0.5802285075187683,790
Desharnais,3,GA-ABE,79,0.5802285075187683,800
Desharnais,3,GA-ABE,80,0.5801958441734314,810
Desharnais,3,GA-ABE,81,0.5801958441734314,820
Desharnais,3,GA-ABE,82,0.5801958441734314,830
Desharnais,3,GA-ABE,83,0.5801958441734314,840
Desharnais,3,GA-ABE,84,0.5801958441734314,850
Desharnais,3,GA-ABE,85,0.5796557068824768,860
Desharnais,3,GA-ABE,86,0.5796557068824768,870
Desharnais,3,GA-ABE,87,0.5796557068824768,880
Desharnais,3,GA-ABE,88,0.5796557068824768,890
Desharnais,3,GA-ABE,89,0.5796557068824768,900
Desharnais,3,GA-ABE,90,0.5796557068824768,910
Desharnais,3,GA-ABE,91,0.5796557068824768,920
Desharnais,3,GA-ABE,92,0.5796557068824768,930
Desharnais,3,GA-ABE,93,0.5796557068824768,940
Desharnais,3,GA-ABE,94,0.5791515111923218,950
Desharnais,3,GA-ABE,95,0.5791515111923218,960
Desharnais,3,GA-ABE,96,0.5791515111923218,970
Desharnais,3,GA-ABE,97,0.5791515111923218,980
Desharnais,3,GA-ABE,98,0.5791515111923218,990
Desharnais,3,GA-ABE,99,0.5791515111923218,1000
Desharnais,3,PSO-ABE,0,0.6408646702766418,10
Desharnais,3,PSO-ABE,1,0.5893675088882446,20
Desharnais,3,PSO-ABE,2,0.5893675088882446,30
Desharnais,3,PSO-ABE,3,0.5807090401649475,40
Desharnais,3,PSO-ABE,4,0.5807090401649475,50
Desharnais,3,PSO-ABE,5,0.5721638202667236,60
Desharnais,3,PSO-ABE,6,0.5643118023872375,70
Desharnais,3,PSO-ABE,7,0.5643118023872375,80
Desharnais,3,PSO-ABE,8,0.5643118023872375,90
Desharnais,3,PSO-ABE,9,0.5643118023872375,100
Desharnais,3,PSO-ABE,10,0.5643118023872375,110
Desharnais,3,PSO-ABE,11,0.5560348629951477,120
Desharnais,3,PSO-ABE,12,0.5560348629951477,130
Desharnais,3,PSO-ABE,13,0.5560348629951477,140
Desharnais,3,PSO-ABE,14,0.5560348629951477,150
Desharnais,3,PSO-ABE,15,0.5560348629951477,160
Desharnais,3,PSO-ABE,16,0.5560348629951477,170
Desharnais,3,PSO-ABE,17,0.5560348629951477,180
Desharnais,3,PSO-ABE,18,0.5560348629951477,190
Desharnais,3,PSO-ABE,19,0.5560348629951477,200
Desharnais,3,PSO-ABE,20,0.5560348629951477,210
Desharnais,3,PSO-ABE,21,0.5560348629951477,220
Desharnais,3,PSO-ABE,22,0.5560348629951477,230
Desharnais,3,PSO-ABE,23,0.5560348629951477,240
Desharnais,3,PSO-ABE,24,0.5560348629951477,250
Desharnais,3,PSO-ABE,25,0.5560348629951477,260
Desharnais,3,PSO-ABE,26,0.5560348629951477,270
Desharnais,3,PSO-ABE,27,0.5560348629951477,280
Desharnais,3,PSO-ABE,28,0.5560348629951477,290
Desharnais,3,PSO-ABE,29,0.5560348629951477,300
Desharnais,3,PSO-ABE,30,0.5560348629951477,310
Desharnais,3,PSO-ABE,31,0.5560348629951477,320
Desharnais,3,PSO-ABE,32,0.5560348629951477,330
Desharnais,3,PSO-ABE,33,0.5560348629951477,340
Desharnais,3,PSO-ABE,34,0.5560348629951477,350
Desharnais,3,PSO-ABE,35,0.5560348629951477,360
Desharnais,3,PSO-ABE,36,0.5560348629951477,370
Desharnais,3,PSO-ABE,37,0.5560348629951477,380
Desharnais,3,PSO-ABE,38,0.5560348629951477,390
Desharnais,3,PSO-ABE,39,0.5560348629951477,400
Desharnais,3,PSO-ABE,40,0.5560348629951477,410
Desharnais,3,PSO-ABE,41,0.5560348629951477,420
Desharnais,3,PSO-ABE,42,0.5560348629951477,430
Desharnais,3,PSO-ABE,43,0.5552576184272766,440
Desharnais,3,PSO-ABE,44,0.5550710558891296,450
Desharnais,3,PSO-ABE,45,0.5550710558891296,460
Desharnais,3,PSO-ABE,46,0.5550710558891296,470
Desharnais,3,PSO-ABE,47,0.5550710558891296,480
Desharnais,3,PSO-ABE,48,0.5550710558891296,490
Desharnais,3,PSO-ABE,49,0.5550710558891296,500
Desharnais,3,PSO-ABE,50,0.5550710558891296,510
Desharnais,3,PSO-ABE,51,0.5550710558891296,520
Desharnais,3,PSO-ABE,52,0.5550710558891296,530
Desharnais,3,PSO-ABE,53,0.5550710558891296,540
Desharnais,3,PSO-ABE,54,0.5550710558891296,550
Desharnais,3,PSO-ABE,55,0.5550710558891296,560
Desharnais,3,PSO-ABE,56,0.5550710558891296,570
Desharnais,3,PSO-ABE,57,0.5550710558891296,580
Desharnais,3,PSO-ABE,58,0.5550710558891296,590
Desharnais,3,PSO-ABE,59,0.5550710558891296,600
Desharnais,3,PSO-ABE,60,0.5550617575645447,610
Desharnais,3,PSO-ABE,61,0.5550617575645447,620
Desharnais,3,PSO-ABE,62,0.555060625076294,630
Desharnais,3,PSO-ABE,63,0.555060625076294,640
Desharnais,3,PSO-ABE,64,0.555060625076294,650
Desharnais,3,PSO-ABE,65,0.5550515055656433,660
Desharnais,3,PSO-ABE,66,0.5550515055656433,670
Desharnais,3,PSO-ABE,67,0.5550487637519836,680
Desharnais,3,PSO-ABE,68,0.5550456643104553,690
Desharnais,3,PSO-ABE,69,0.5550334453582764,700
Desharnais,3,PSO-ABE,70,0.5550314784049988,710
Desharnais,3,PSO-ABE,71,0.5550227761268616,720
Desharnais,3,PSO-ABE,72,0.5549951195716858,730
Desharnais,3,PSO-ABE,73,0.554970383644104,740
Desharnais,3,PSO-ABE,74,0.554970383644104,750
Desharnais,3,PSO-ABE,75,0.554970383644104,760
Desharnais,3,PSO-ABE,76,0.554970383644104,770
Desharnais,3,PSO-ABE,77,0.554970383644104,780
Desharnais,3,PSO-ABE,78,0.554970383644104,790
Desharnais,3,PSO-ABE,79,0.554970383644104,800
Desharnais,3,PSO-ABE,80,0.554970383644104,810
Desharnais,3,PSO-ABE,81,0.554970383644104,820
Desharnais,3,PSO-ABE,82,0.5549696683883667,830
Desharnais,3,PSO-ABE,83,0.5549696683883667,840
Desharnais,3,PSO-ABE,84,0.5549696683883667,850
Desharnais,3,PSO-ABE,85,0.5549696683883667,860
Desharnais,3,PSO-ABE,86,0.5549696683883667,870
Desharnais,3,PSO-ABE,87,0.5549696683883667,880
Desharnais,3,PSO-ABE,88,0.5549696683883667,890
Desharnais,3,PSO-ABE,89,0.5549696683883667,900
Desharnais,3,PSO-ABE,90,0.5549696683883667,910
Desharnais,3,PSO-ABE,91,0.5549696683883667,920
Desharnais,3,PSO-ABE,92,0.5549696683883667,930
Desharnais,3,PSO-ABE,93,0.5549696683883667,940
Desharnais,3,PSO-ABE,94,0.5549696683883667,950
Desharnais,3,PSO-ABE,95,0.5549696683883667,960
Desharnais,3,PSO-ABE,96,0.5549696683883667,970
Desharnais,3,PSO-ABE,97,0.5549696683883667,980
Desharnais,3,PSO-ABE,98,0.5549696683883667,990
Desharnais,3,PSO-ABE,99,0.5549696683883667,1000
Desharnais,3,DE-ABE,0,0.6270546317100525,10
Desharnais,3,DE-ABE,1,0.5875133872032166,20
Desharnais,3,DE-ABE,2,0.5875133872032166,30
Desharnais,3,DE-ABE,3,0.5875133872032166,40
Desharnais,3,DE-ABE,4,0.5582298636436462,50
Desharnais,3,DE-ABE,5,0.5582298636436462,60
Desharnais,3,DE-ABE,6,0.5582298636436462,70
Desharnais,3,DE-ABE,7,0.5582298636436462,80
Desharnais,3,DE-ABE,8,0.5582298636436462,90
Desharnais,3,DE-ABE,9,0.5582298636436462,100
Desharnais,3,DE-ABE,10,0.5582298636436462,110
Desharnais,3,DE-ABE,11,0.5582298636436462,120
Desharnais,3,DE-ABE,12,0.5582298636436462,130
Desharnais,3,DE-ABE,13,0.5582298636436462,140
Desharnais,3,DE-ABE,14,0.5582298636436462,150
Desharnais,3,DE-ABE,15,0.55817049741745,160
Desharnais,3,DE-ABE,16,0.5487553477287292,170
Desharnais,3,DE-ABE,17,0.5487553477287292,180
Desharnais,3,DE-ABE,18,0.5487553477287292,190
Desharnais,3,DE-ABE,19,0.5487553477287292,200
Desharnais,3,DE-ABE,20,0.5487553477287292,210
Desharnais,3,DE-ABE,21,0.5487553477287292,220
Desharnais,3,DE-ABE,22,0.5487553477287292,230
Desharnais,3,DE-ABE,23,0.5474595427513123,240
Desharnais,3,DE-ABE,24,0.5474595427513123,250
Desharnais,3,DE-ABE,25,0.5474595427513123,260
Desharnais,3,DE-ABE,26,0.5474595427513123,270
Desharnais,3,DE-ABE,27,0.5474595427513123,280
Desharnais,3,DE-ABE,28,0.5474595427513123,290
Desharnais,3,DE-ABE,29,0.5474595427513123,300
Desharnais,3,DE-ABE,30,0.5474595427513123,310
Desharnais,3,DE-ABE,31,0.5474595427513123,320
Desharnais,3,DE-ABE,32,0.5474595427513123,330
Desharnais,3,DE-ABE,33,0.5474595427513123,340
Desharnais,3,DE-ABE,34,0.5474595427513123,350
Desharnais,3,DE-ABE,35,0.5474595427513123,360
Desharnais,3,DE-ABE,36,0.5474595427513123,370
Desharnais,3,DE-ABE,37,0.5474439859390259,380
Desharnais,3,DE-ABE,38,0.5474439859390259,390
Desharnais,3,DE-ABE,39,0.5474439859390259,400
Desharnais,3,DE-ABE,40,0.5474439859390259,410
Desharnais,3,DE-ABE,41,0.547443151473999,420
Desharnais,3,DE-ABE,42,0.547443151473999,430
Desharnais,3,DE-ABE,43,0.547443151473999,440
Desharnais,3,DE-ABE,44,0.547443151473999,450
Desharnais,3,DE-ABE,45,0.547439455986023,460
Desharnais,3,DE-ABE,46,0.547439455986023,470
Desharnais,3,DE-ABE,47,0.547439455986023,480
Desharnais,3,DE-ABE,48,0.547439455986023,490
Desharnais,3,DE-ABE,49,0.5474383234977722,500
Desharnais,3,DE-ABE,50,0.5474383234977722,510
Desharnais,3,DE-ABE,51,0.5474368333816528,520
Desharnais,3,DE-ABE,52,0.5474354028701782,530
Desharnais,3,DE-ABE,53,0.5474354028701782,540
Desharnais,3,DE-ABE,54,0.5474353432655334,550
Desharnais,3,DE-ABE,55,0.5474349856376648,560
Desharnais,3,DE-ABE,56,0.5474348664283752,570
Desharnais,3,DE-ABE,57,0.5474343299865723,580
Desharnais,3,DE-ABE,58,0.5474343299865723,590
Desharnais,3,DE-ABE,59,0.5474343299865723,600
Desharnais,3,DE-ABE,60,0.5474343299865723,610
Desharnais,3,DE-ABE,61,0.5474343299865723,620
Desharnais,3,DE-ABE,62,0.5474343299865723,630
Desharnais,3,DE-ABE,63,0.5474342703819275,640
Desharnais,3,DE-ABE,64,0.5474342703819275,650
Desharnais,3,DE-ABE,65,0.5474342703819275,660
Desharnais,3,DE-ABE,66,0.5474342703819275,670
Desharnais,3,DE-ABE,67,0.5474332571029663,680
Desharnais,3,DE-ABE,68,0.547433078289032,690
Desharnais,3,DE-ABE,69,0.5474314093589783,700
Desharnais,3,DE-ABE,70,0.5474314093589783,710
Desharnais,3,DE-ABE,71,0.5474314093589783,720
Desharnais,3,DE-ABE,72,0.5474312901496887,730
Desharnais,3,DE-ABE,73,0.5474309921264648,740
Desharnais,3,DE-ABE,74,0.5474309921264648,750
Desharnais,3,DE-ABE,75,0.5474309921264648,760
Desharnais,3,DE-ABE,76,0.5474309921264648,770
Desharnais,3,DE-ABE,77,0.5474308729171753,780
Desharnais,3,DE-ABE,78,0.5474308729171753,790
Desharnais,3,DE-ABE,79,0.5474308133125305,800
Desharnais,3,DE-ABE,80,0.5474308133125305,810
Desharnais,3,DE-ABE,81,0.5474308133125305,820
Desharnais,3,DE-ABE,82,0.5474308133125305,830
Desharnais,3,DE-ABE,83,0.5474303960800171,840
Desharnais,3,DE-ABE,84,0.5474303960800171,850
Desharnais,3,DE-ABE,85,0.547430157661438,860
Desharnais,3,DE-ABE,86,0.5474299788475037,870
Desharnais,3,DE-ABE,87,0.5474299788475037,880
Desharnais,3,DE-ABE,88,0.5474298596382141,890
Desharnais,3,DE-ABE,89,0.5474298000335693,900
Desharnais,3,DE-ABE,90,0.5474297404289246,910
Desharnais,3,DE-ABE,91,0.547429621219635,920
Desharnais,3,DE-ABE,92,0.5474295616149902,930
Desharnais,3,DE-ABE,93,0.5474295616149902,940
Desharnais,3,DE-ABE,94,0.5474295616149902,950
Desharnais,3,DE-ABE,95,0.5474295616149902,960
Desharnais,3,DE-ABE,96,0.5474294424057007,970
Desharnais,3,DE-ABE,97,0.5474294424057007,980
Desharnais,3,DE-ABE,98,0.5474293231964111,990
Desharnais,3,DE-ABE,99,0.5474291443824768,1000
Desharnais,3,GWO-ABE,0,0.6145876049995422,10
Desharnais,3,GWO-ABE,1,0.6139071583747864,20
Desharnais,3,GWO-ABE,2,0.5975614786148071,30
Desharnais,3,GWO-ABE,3,0.5911985635757446,40
Desharnais,3,GWO-ABE,4,0.6007256507873535,50
Desharnais,3,GWO-ABE,5,0.5871821045875549,60
Desharnais,3,GWO-ABE,6,0.587813675403595,70
Desharnais,3,GWO-ABE,7,0.5813906192779541,80
Desharnais,3,GWO-ABE,8,0.5722901821136475,90
Desharnais,3,GWO-ABE,9,0.5879974365234375,100
Desharnais,3,GWO-ABE,10,0.589925229549408,110
Desharnais,3,GWO-ABE,11,0.5886332392692566,120
Desharnais,3,GWO-ABE,12,0.5927042365074158,130
Desharnais,3,GWO-ABE,13,0.5867301225662231,140
Desharnais,3,GWO-ABE,14,0.5847530364990234,150
Desharnais,3,GWO-ABE,15,0.5780485272407532,160
Desharnais,3,GWO-ABE,16,0.5932340025901794,170
Desharnais,3,GWO-ABE,17,0.5736104249954224,180
Desharnais,3,GWO-ABE,18,0.5924490094184875,190
Desharnais,3,GWO-ABE,19,0.5853627920150757,200
Desharnais,3,GWO-ABE,20,0.596633791923523,210
Desharnais,3,GWO-ABE,21,0.5857280492782593,220
Desharnais,3,GWO-ABE,22,0.5844116806983948,230
Desharnais,3,GWO-ABE,23,0.5824757218360901,240
Desharnais,3,GWO-ABE,24,0.5826444029808044,250
Desharnais,3,GWO-ABE,25,0.5823115706443787,260
Desharnais,3,GWO-ABE,26,0.5856732130050659,270
Desharnais,3,GWO-ABE,27,0.5931141972541809,280
Desharnais,3,GWO-ABE,28,0.590855598449707,290
Desharnais,3,GWO-ABE,29,0.5857951641082764,300
Desharnais,3,GWO-ABE,30,0.5831876993179321,310
Desharnais,3,GWO-ABE,31,0.5929192304611206,320
Desharnais,3,GWO-ABE,32,0.5937921404838562,330
Desharnais,3,GWO-ABE,33,0.5851309895515442,340
Desharnais,3,GWO-ABE,34,0.5836812853813171,350
Desharnais,3,GWO-ABE,35,0.5934070348739624,360
Desharnais,3,GWO-ABE,36,0.58267742395401,370
Desharnais,3,GWO-ABE,37,0.5637051463127136,380
Desharnais,3,GWO-ABE,38,0.5911210179328918,390
Desharnais,3,GWO-ABE,39,0.588075578212738,400
Desharnais,3,GWO-ABE,40,0.5883675813674927,410
Desharnais,3,GWO-ABE,41,0.5828491449356079,420
Desharnais,3,GWO-ABE,42,0.5899977684020996,430
Desharnais,3,GWO-ABE,43,0.5816656351089478,440
Desharnais,3,GWO-ABE,44,0.592317521572113,450
Desharnais,3,GWO-ABE,45,0.5786973834037781,460
Desharnais,3,GWO-ABE,46,0.589964747428894,470
Desharnais,3,GWO-ABE,47,0.5724065899848938,480
Desharnais,3,GWO-ABE,48,0.5869078636169434,490
Desharnais,3,GWO-ABE,49,0.5801399350166321,500
Desharnais,3,GWO-ABE,50,0.5836487412452698,510
Desharnais,3,GWO-ABE,51,0.5817604660987854,520
Desharnais,3,GWO-ABE,52,0.584868848323822,530
Desharnais,3,GWO-ABE,53,0.5740922093391418,540
Desharnais,3,GWO-ABE,54,0.5880670547485352,550
Desharnais,3,GWO-ABE,55,0.5809881091117859,560
Desharnais,3,GWO-ABE,56,0.5859219431877136,570
Desharnais,3,GWO-ABE,57,0.5896283388137817,580
Desharnais,3,GWO-ABE,58,0.5903135538101196,590
Desharnais,3,GWO-ABE,59,0.5769907832145691,600
Desharnais,3,GWO-ABE,60,0.5747843384742737,610
Desharnais,3,GWO-ABE,61,0.5842885971069336,620
Desharnais,3,GWO-ABE,62,0.5781674385070801,630
Desharnais,3,GWO-ABE,63,0.5889235138893127,640
Desharnais,3,GWO-ABE,64,0.5759668946266174,650
Desharnais,3,GWO-ABE,65,0.5805098414421082,660
Desharnais,3,GWO-ABE,66,0.5775981545448303,670
Desharnais,3,GWO-ABE,67,0.5827001333236694,680
Desharnais,3,GWO-ABE,68,0.5769807696342468,690
Desharnais,3,GWO-ABE,69,0.5805326104164124,700
Desharnais,3,GWO-ABE,70,0.5761252641677856,710
Desharnais,3,GWO-ABE,71,0.5803758502006531,720
Desharnais,3,GWO-ABE,72,0.5853934288024902,730
Desharnais,3,GWO-ABE,73,0.5911709666252136,740
Desharnais,3,GWO-ABE,74,0.5811759829521179,750
Desharnais,3,GWO-ABE,75,0.5810909867286682,760
Desharnais,3,GWO-ABE,76,0.5701396465301514,770
Desharnais,3,GWO-ABE,77,0.5728585124015808,780
Desharnais,3,GWO-ABE,78,0.5621269345283508,790
Desharnais,3,GWO-ABE,79,0.5631741881370544,800
Desharnais,3,GWO-ABE,80,0.569324254989624,810
Desharnais,3,GWO-ABE,81,0.5739604830741882,820
Desharnais,3,GWO-ABE,82,0.5788998603820801,830
Desharnais,3,GWO-ABE,83,0.5794327855110168,840
Desharnais,3,GWO-ABE,84,0.5766618251800537,850
Desharnais,3,GWO-ABE,85,0.5703297257423401,860
Desharnais,3,GWO-ABE,86,0.5618078112602234,870
Desharnais,3,GWO-ABE,87,0.5628566145896912,880
Desharnais,3,GWO-ABE,88,0.5670088529586792,890
Desharnais,3,GWO-ABE,89,0.562237024307251,900
Desharnais,3,GWO-ABE,90,0.561688244342804,910
Desharnais,3,GWO-ABE,91,0.5632782578468323,920
Desharnais,3,GWO-ABE,92,0.566391110420227,930
Desharnais,3,GWO-ABE,93,0.5662623047828674,940
Desharnais,3,GWO-ABE,94,0.5623492002487183,950
Desharnais,3,GWO-ABE,95,0.5582493543624878,960
Desharnais,3,GWO-ABE,96,0.5591506958007812,970
Desharnais,3,GWO-ABE,97,0.5570932030677795,980
Desharnais,3,GWO-ABE,98,0.5575754642486572,990
Desharnais,3,GWO-ABE,99,0.5583569407463074,1000
Desharnais,3,WOA-ABE,0,0.5999032258987427,10
Desharnais,3,WOA-ABE,1,0.5999032258987427,20
Desharnais,3,WOA-ABE,2,0.5983253121376038,30
Desharnais,3,WOA-ABE,3,0.5983253121376038,40
Desharnais,3,WOA-ABE,4,0.596427857875824,50
Desharnais,3,WOA-ABE,5,0.596427857875824,60
Desharnais,3,WOA-ABE,6,0.596427857875824,70
Desharnais,3,WOA-ABE,7,0.596427857875824,80
Desharnais,3,WOA-ABE,8,0.596427857875824,90
Desharnais,3,WOA-ABE,9,0.5944444537162781,100
Desharnais,3,WOA-ABE,10,0.5944444537162781,110
Desharnais,3,WOA-ABE,11,0.5944444537162781,120
Desharnais,3,WOA-ABE,12,0.5944398045539856,130
Desharnais,3,WOA-ABE,13,0.5944398045539856,140
Desharnais,3,WOA-ABE,14,0.5944398045539856,150
Desharnais,3,WOA-ABE,15,0.5944398045539856,160
Desharnais,3,WOA-ABE,16,0.5943934917449951,170
Desharnais,3,WOA-ABE,17,0.5943934917449951,180
Desharnais,3,WOA-ABE,18,0.594390869140625,190
Desharnais,3,WOA-ABE,19,0.594390869140625,200
Desharnais,3,WOA-ABE,20,0.594390869140625,210
Desharnais,3,WOA-ABE,21,0.594390869140625,220
Desharnais,3,WOA-ABE,22,0.594390869140625,230
Desharnais,3,WOA-ABE,23,0.594390869140625,240
Desharnais,3,WOA-ABE,24,0.5943896174430847,250
Desharnais,3,WOA-ABE,25,0.5943896174430847,260
Desharnais,3,WOA-ABE,26,0.5943896174430847,270
Desharnais,3,WOA-ABE,27,0.5943896174430847,280
Desharnais,3,WOA-ABE,28,0.5943896174430847,290
Desharnais,3,WOA-ABE,29,0.5943896174430847,300
Desharnais,3,WOA-ABE,30,0.5943896174430847,310
Desharnais,3,WOA-ABE,31,0.5943896174430847,320
Desharnais,3,WOA-ABE,32,0.5943896174430847,330
Desharnais,3,WOA-ABE,33,0.5943896174430847,340
Desharnais,3,WOA-ABE,34,0.5943896174430847,350
Desharnais,3,WOA-ABE,35,0.5943624377250671,360
Desharnais,3,WOA-ABE,36,0.5943624377250671,370
Desharnais,3,WOA-ABE,37,0.5900079607963562,380
Desharnais,3,WOA-ABE,38,0.5900079607963562,390
Desharnais,3,WOA-ABE,39,0.5889357924461365,400
Desharnais,3,WOA-ABE,40,0.5822772979736328,410
Desharnais,3,WOA-ABE,41,0.5822772979736328,420
Desharnais,3,WOA-ABE,42,0.5822650194168091,430
Desharnais,3,WOA-ABE,43,0.5822650194168091,440
Desharnais,3,WOA-ABE,44,0.5822650194168091,450
Desharnais,3,WOA-ABE,45,0.5822650194168091,460
Desharnais,3,WOA-ABE,46,0.5822251439094543,470
Desharnais,3,WOA-ABE,47,0.5822251439094543,480
Desharnais,3,WOA-ABE,48,0.5822086930274963,490
Desharnais,3,WOA-ABE,49,0.5821398496627808,500
Desharnais,3,WOA-ABE,50,0.5821398496627808,510
Desharnais,3,WOA-ABE,51,0.5821398496627808,520
Desharnais,3,WOA-ABE,52,0.5821398496627808,530
Desharnais,3,WOA-ABE,53,0.5821398496627808,540
Desharnais,3,WOA-ABE,54,0.5821398496627808,550
Desharnais,3,WOA-ABE,55,0.5821398496627808,560
Desharnais,3,WOA-ABE,56,0.5821143388748169,570
Desharnais,3,WOA-ABE,57,0.5821143388748169,580
Desharnais,3,WOA-ABE,58,0.5821143388748169,590
Desharnais,3,WOA-ABE,59,0.5821070671081543,600
Desharnais,3,WOA-ABE,60,0.5821070671081543,610
Desharnais,3,WOA-ABE,61,0.5821070671081543,620
Desharnais,3,WOA-ABE,62,0.5821070671081543,630
Desharnais,3,WOA-ABE,63,0.5821070671081543,640
Desharnais,3,WOA-ABE,64,0.5821070671081543,650
Desharnais,3,WOA-ABE,65,0.5821070671081543,660
Desharnais,3,WOA-ABE,66,0.5821070671081543,670
Desharnais,3,WOA-ABE,67,0.5821070671081543,680
Desharnais,3,WOA-ABE,68,0.5821070671081543,690
Desharnais,3,WOA-ABE,69,0.5821070671081543,700
Desharnais,3,WOA-ABE,70,0.5821070671081543,710
Desharnais,3,WOA-ABE,71,0.58210688829422,720
Desharnais,3,WOA-ABE,72,0.58210688829422,730
Desharnais,3,WOA-ABE,73,0.58210688829422,740
Desharnais,3,WOA-ABE,74,0.58210688829422,750
Desharnais,3,WOA-ABE,75,0.58210688829422,760
Desharnais,3,WOA-ABE,76,0.58210688829422,770
Desharnais,3,WOA-ABE,77,0.58210688829422,780
Desharnais,3,WOA-ABE,78,0.58210688829422,790
Desharnais,3,WOA-ABE,79,0.58210688829422,800
Desharnais,3,WOA-ABE,80,0.58210688829422,810
Desharnais,3,WOA-ABE,81,0.58210688829422,820
Desharnais,3,WOA-ABE,82,0.58210688829422,830
Desharnais,3,WOA-ABE,83,0.58210688829422,840
Desharnais,3,WOA-ABE,84,0.58210688829422,850
Desharnais,3,WOA-ABE,85,0.58210688829422,860
Desharnais,3,WOA-ABE,86,0.58210688829422,870
Desharnais,3,WOA-ABE,87,0.58210688829422,880
Desharnais,3,WOA-ABE,88,0.5820900797843933,890
Desharnais,3,WOA-ABE,89,0.5820900797843933,900
Desharnais,3,WOA-ABE,90,0.5820428729057312,910
Desharnais,3,WOA-ABE,91,0.5820428729057312,920
Desharnais,3,WOA-ABE,92,0.5820245742797852,930
Desharnais,3,WOA-ABE,93,0.5820245742797852,940
Desharnais,3,WOA-ABE,94,0.5820245742797852,950
Desharnais,3,WOA-ABE,95,0.5820245742797852,960
Desharnais,3,WOA-ABE,96,0.5819776058197021,970
Desharnais,3,WOA-ABE,97,0.5819776058197021,980
Desharnais,3,WOA-ABE,98,0.5819505453109741,990
Desharnais,3,WOA-ABE,99,0.5819388628005981,1000
Desharnais,3,FAABE,0,0.5990381240844727,10
Desharnais,3,FAABE,1,0.5990381240844727,20
Desharnais,3,FAABE,2,0.5990381240844727,30
Desharnais,3,FAABE,3,0.5863203406333923,40
Desharnais,3,FAABE,4,0.566618025302887,50
Desharnais,3,FAABE,5,0.566618025302887,60
Desharnais,3,FAABE,6,0.566618025302887,70
Desharnais,3,FAABE,7,0.566618025302887,80
Desharnais,3,FAABE,8,0.566618025302887,90
Desharnais,3,FAABE,9,0.566618025302887,100
Desharnais,3,FAABE,10,0.566618025302887,110
Desharnais,3,FAABE,11,0.5619153380393982,120
Desharnais,3,FAABE,12,0.5619153380393982,130
Desharnais,3,FAABE,13,0.5619153380393982,140
Desharnais,3,FAABE,14,0.5619153380393982,150
Desharnais,3,FAABE,15,0.5619153380393982,160
Desharnais,3,FAABE,16,0.5619153380393982,170
Desharnais,3,FAABE,17,0.5619153380393982,180
Desharnais,3,FAABE,18,0.5619153380393982,190
Desharnais,3,FAABE,19,0.5619153380393982,200
Desharnais,3,FAABE,20,0.5619153380393982,210
Desharnais,3,FAABE,21,0.5619153380393982,220
Desharnais,3,FAABE,22,0.5619153380393982,230
Desharnais,3,FAABE,23,0.5619153380393982,240
Desharnais,3,FAABE,24,0.5619153380393982,250
Desharnais,3,FAABE,25,0.5619153380393982,260
Desharnais,3,FAABE,26,0.5619153380393982,270
Desharnais,3,FAABE,27,0.5619153380393982,280
Desharnais,3,FAABE,28,0.5619153380393982,290
Desharnais,3,FAABE,29,0.5541285872459412,300
Desharnais,3,FAABE,30,0.5541285872459412,310
Desharnais,3,FAABE,31,0.5541285872459412,320
Desharnais,3,FAABE,32,0.5541285872459412,330
Desharnais,3,FAABE,33,0.5541285872459412,340
Desharnais,3,FAABE,34,0.5541285872459412,350
Desharnais,3,FAABE,35,0.5541285872459412,360
Desharnais,3,FAABE,36,0.5541285872459412,370
Desharnais,3,FAABE,37,0.5541285872459412,380
Desharnais,3,FAABE,38,0.5541285872459412,390
Desharnais,3,FAABE,39,0.5541285872459412,400
Desharnais,3,FAABE,40,0.5541285872459412,410
Desharnais,3,FAABE,41,0.5541285872459412,420
Desharnais,3,FAABE,42,0.5541285872459412,430
Desharnais,3,FAABE,43,0.5541285872459412,440
Desharnais,3,FAABE,44,0.5541285872459412,450
Desharnais,3,FAABE,45,0.5541285872459412,460
Desharnais,3,FAABE,46,0.5541285872459412,470
Desharnais,3,FAABE,47,0.5541285872459412,480
Desharnais,3,FAABE,48,0.5541285872459412,490
Desharnais,3,FAABE,49,0.5541285872459412,500
Desharnais,3,FAABE,50,0.5541285872459412,510
Desharnais,3,FAABE,51,0.5541285872459412,520
Desharnais,3,FAABE,52,0.5541285872459412,530
Desharnais,3,FAABE,53,0.5541285872459412,540
Desharnais,3,FAABE,54,0.5541285872459412,550
Desharnais,3,FAABE,55,0.5541285872459412,560
Desharnais,3,FAABE,56,0.5541285872459412,570
Desharnais,3,FAABE,57,0.5541285872459412,580
Desharnais,3,FAABE,58,0.5541285872459412,590
Desharnais,3,FAABE,59,0.5541285872459412,600
Desharnais,3,FAABE,60,0.5541285872459412,610
Desharnais,3,FAABE,61,0.5541285872459412,620
Desharnais,3,FAABE,62,0.5541285872459412,630
Desharnais,3,FAABE,63,0.5541285872459412,640
Desharnais,3,FAABE,64,0.5541285872459412,650
Desharnais,3,FAABE,65,0.5541285872459412,660
Desharnais,3,FAABE,66,0.5541285872459412,670
Desharnais,3,FAABE,67,0.5541285872459412,680
Desharnais,3,FAABE,68,0.5541285872459412,690
Desharnais,3,FAABE,69,0.5541285872459412,700
Desharnais,3,FAABE,70,0.5541285872459412,710
Desharnais,3,FAABE,71,0.5541285872459412,720
Desharnais,3,FAABE,72,0.5541285872459412,730
Desharnais,3,FAABE,73,0.5541285872459412,740
Desharnais,3,FAABE,74,0.5541285872459412,750
Desharnais,3,FAABE,75,0.5541285872459412,760
Desharnais,3,FAABE,76,0.5541285872459412,770
Desharnais,3,FAABE,77,0.5541285872459412,780
Desharnais,3,FAABE,78,0.5541285872459412,790
Desharnais,3,FAABE,79,0.5541285872459412,800
Desharnais,3,FAABE,80,0.5541285872459412,810
Desharnais,3,FAABE,81,0.5541285872459412,820
Desharnais,3,FAABE,82,0.5541285872459412,830
Desharnais,3,FAABE,83,0.5541285872459412,840
Desharnais,3,FAABE,84,0.5541285872459412,850
Desharnais,3,FAABE,85,0.5541285872459412,860
Desharnais,3,FAABE,86,0.5541285872459412,870
Desharnais,3,FAABE,87,0.5541285872459412,880
Desharnais,3,FAABE,88,0.5541285872459412,890
Desharnais,3,FAABE,89,0.5541285872459412,900
Desharnais,3,FAABE,90,0.5541285872459412,910
Desharnais,3,FAABE,91,0.5541285872459412,920
Desharnais,3,FAABE,92,0.5541285872459412,930
Desharnais,3,FAABE,93,0.5541285872459412,940
Desharnais,3,FAABE,94,0.5541285872459412,950
Desharnais,3,FAABE,95,0.5523300766944885,960
Desharnais,3,FAABE,96,0.5523300766944885,970
Desharnais,3,FAABE,97,0.5523300766944885,980
Desharnais,3,FAABE,98,0.5523300766944885,990
Desharnais,3,FAABE,99,0.5523300766944885,1000
Desharnais,4,GA-ABE,0,0.4358612298965454,10
Desharnais,4,GA-ABE,1,0.4358612298965454,20
Desharnais,4,GA-ABE,2,0.4327922761440277,30
Desharnais,4,GA-ABE,3,0.4249911308288574,40
Desharnais,4,GA-ABE,4,0.4249911308288574,50
Desharnais,4,GA-ABE,5,0.4107714891433716,60
Desharnais,4,GA-ABE,6,0.3838411569595337,70
Desharnais,4,GA-ABE,7,0.3838411569595337,80
Desharnais,4,GA-ABE,8,0.3838411569595337,90
Desharnais,4,GA-ABE,9,0.3838411569595337,100
Desharnais,4,GA-ABE,10,0.3838411569595337,110
Desharnais,4,GA-ABE,11,0.3838411569595337,120
Desharnais,4,GA-ABE,12,0.3836575448513031,130
Desharnais,4,GA-ABE,13,0.3836575448513031,140
Desharnais,4,GA-ABE,14,0.3836575448513031,150
Desharnais,4,GA-ABE,15,0.3836575448513031,160
Desharnais,4,GA-ABE,16,0.3836575448513031,170
Desharnais,4,GA-ABE,17,0.3836575448513031,180
Desharnais,4,GA-ABE,18,0.3836575448513031,190
Desharnais,4,GA-ABE,19,0.3836575448513031,200
Desharnais,4,GA-ABE,20,0.3836575150489807,210
Desharnais,4,GA-ABE,21,0.3836390972137451,220
Desharnais,4,GA-ABE,22,0.3836390972137451,230
Desharnais,4,GA-ABE,23,0.3836390972137451,240
Desharnais,4,GA-ABE,24,0.3836390972137451,250
Desharnais,4,GA-ABE,25,0.38363906741142273,260
Desharnais,4,GA-ABE,26,0.38363906741142273,270
Desharnais,4,GA-ABE,27,0.38363906741142273,280
Desharnais,4,GA-ABE,28,0.38363906741142273,290
Desharnais,4,GA-ABE,29,0.3835293650627136,300
Desharnais,4,GA-ABE,30,0.3835293650627136,310
Desharnais,4,GA-ABE,31,0.3835293650627136,320
Desharnais,4,GA-ABE,32,0.3835293650627136,330
Desharnais,4,GA-ABE,33,0.3835293650627136,340
Desharnais,4,GA-ABE,34,0.3835293650627136,350
Desharnais,4,GA-ABE,35,0.3835293650627136,360
Desharnais,4,GA-ABE,36,0.3835293650627136,370
Desharnais,4,GA-ABE,37,0.3801967203617096,380
Desharnais,4,GA-ABE,38,0.3801967203617096,390
Desharnais,4,GA-ABE,39,0.3801967203617096,400
Desharnais,4,GA-ABE,40,0.3774610459804535,410
Desharnais,4,GA-ABE,41,0.3774610459804535,420
Desharnais,4,GA-ABE,42,0.3774610459804535,430
Desharnais,4,GA-ABE,43,0.3774610459804535,440
Desharnais,4,GA-ABE,44,0.3774610459804535,450
Desharnais,4,GA-ABE,45,0.3774610459804535,460
Desharnais,4,GA-ABE,46,0.3774610161781311,470
Desharnais,4,GA-ABE,47,0.3774610161781311,480
Desharnais,4,GA-ABE,48,0.3774610161781311,490
Desharnais,4,GA-ABE,49,0.3774610161781311,500
Desharnais,4,GA-ABE,50,0.3774610161781311,510
Desharnais,4,GA-ABE,51,0.3774610161781311,520
Desharnais,4,GA-ABE,52,0.37745779752731323,530
Desharnais,4,GA-ABE,53,0.37745779752731323,540
Desharnais,4,GA-ABE,54,0.37745779752731323,550
Desharnais,4,GA-ABE,55,0.377456396818161,560
Desharnais,4,GA-ABE,56,0.3764888644218445,570
Desharnais,4,GA-ABE,57,0.37647801637649536,580
Desharnais,4,GA-ABE,58,0.37647801637649536,590
Desharnais,4,GA-ABE,59,0.37647801637649536,600
Desharnais,4,GA-ABE,60,0.37647801637649536,610
Desharnais,4,GA-ABE,61,0.37647801637649536,620
Desharnais,4,GA-ABE,62,0.37647801637649536,630
Desharnais,4,GA-ABE,63,0.37647801637649536,640
Desharnais,4,GA-ABE,64,0.37647801637649536,650
Desharnais,4,GA-ABE,65,0.37647801637649536,660
Desharnais,4,GA-ABE,66,0.37647801637649536,670
Desharnais,4,GA-ABE,67,0.37647801637649536,680
Desharnais,4,GA-ABE,68,0.37647801637649536,690
Desharnais,4,GA-ABE,69,0.37647801637649536,700
Desharnais,4,GA-ABE,70,0.37647801637649536,710
Desharnais,4,GA-ABE,71,0.37647801637649536,720
Desharnais,4,GA-ABE,72,0.37647801637649536,730
Desharnais,4,GA-ABE,73,0.37646782398223877,740
Desharnais,4,GA-ABE,74,0.3764662742614746,750
Desharnais,4,GA-ABE,75,0.3764662742614746,760
Desharnais,4,GA-ABE,76,0.3764662742614746,770
Desharnais,4,GA-ABE,77,0.3764662742614746,780
Desharnais,4,GA-ABE,78,0.3764662742614746,790
Desharnais,4,GA-ABE,79,0.3764662742614746,800
Desharnais,4,GA-ABE,80,0.3764632046222687,810
Desharnais,4,GA-ABE,81,0.3764632046222687,820
Desharnais,4,GA-ABE,82,0.3764632046222687,830
Desharnais,4,GA-ABE,83,0.3764632046222687,840
Desharnais,4,GA-ABE,84,0.3764632046222687,850
Desharnais,4,GA-ABE,85,0.3764632046222687,860
Desharnais,4,GA-ABE,86,0.3764632046222687,870
Desharnais,4,GA-ABE,87,0.3764632046222687,880
Desharnais,4,GA-ABE,88,0.3764632046222687,890
Desharnais,4,GA-ABE,89,0.3764632046222687,900
Desharnais,4,GA-ABE,90,0.3764632046222687,910
Desharnais,4,GA-ABE,91,0.3764632046222687,920
Desharnais,4,GA-ABE,92,0.3764631748199463,930
Desharnais,4,GA-ABE,93,0.3764631748199463,940
Desharnais,4,GA-ABE,94,0.3764631748199463,950
Desharnais,4,GA-ABE,95,0.3764631748199463,960
Desharnais,4,GA-ABE,96,0.37645983695983887,970
Desharnais,4,GA-ABE,97,0.37645983695983887,980
Desharnais,4,GA-ABE,98,0.37645983695983887,990
Desharnais,4,GA-ABE,99,0.37645983695983887,1000
Desharnais,4,PSO-ABE,0,0.433037668466568,10
Desharnais,4,PSO-ABE,1,0.41244685649871826,20
Desharnais,4,PSO-ABE,2,0.41244685649871826,30
Desharnais,4,PSO-ABE,3,0.38995301723480225,40
Desharnais,4,PSO-ABE,4,0.38995301723480225,50
Desharnais,4,PSO-ABE,5,0.38995301723480225,60
Desharnais,4,PSO-ABE,6,0.38995301723480225,70
Desharnais,4,PSO-ABE,7,0.38995301723480225,80
Desharnais,4,PSO-ABE,8,0.38995301723480225,90
Desharnais,4,PSO-ABE,9,0.3897394835948944,100
Desharnais,4,PSO-ABE,10,0.3897394835948944,110
Desharnais,4,PSO-ABE,11,0.3888951539993286,120
Desharnais,4,PSO-ABE,12,0.3888951539993286,130
Desharnais,4,PSO-ABE,13,0.3888951539993286,140
Desharnais,4,PSO-ABE,14,0.3888951539993286,150
Desharnais,4,PSO-ABE,15,0.3888951539993286,160
Desharnais,4,PSO-ABE,16,0.3888951539993286,170
Desharnais,4,PSO-ABE,17,0.38868704438209534,180
Desharnais,4,PSO-ABE,18,0.38868704438209534,190
Desharnais,4,PSO-ABE,19,0.38734006881713867,200
Desharnais,4,PSO-ABE,20,0.38734006881713867,210
Desharnais,4,PSO-ABE,21,0.38734006881713867,220
Desharnais,4,PSO-ABE,22,0.38734006881713867,230
Desharnais,4,PSO-ABE,23,0.38734006881713867,240
Desharnais,4,PSO-ABE,24,0.38734006881713867,250
Desharnais,4,PSO-ABE,25,0.38734006881713867,260
Desharnais,4,PSO-ABE,26,0.38734006881713867,270
Desharnais,4,PSO-ABE,27,0.38734006881713867,280
Desharnais,4,PSO-ABE,28,0.38734006881713867,290
Desharnais,4,PSO-ABE,29,0.38734006881713867,300
Desharnais,4,PSO-ABE,30,0.38734006881713867,310
Desharnais,4,PSO-ABE,31,0.38734006881713867,320
Desharnais,4,PSO-ABE,32,0.38734006881713867,330
Desharnais,4,PSO-ABE,33,0.38734006881713867,340
Desharnais,4,PSO-ABE,34,0.38734006881713867,350
Desharnais,4,PSO-ABE,35,0.3865939974784851,360
Desharnais,4,PSO-ABE,36,0.3856428563594818,370
Desharnais,4,PSO-ABE,37,0.3856428563594818,380
Desharnais,4,PSO-ABE,38,0.38521456718444824,390
Desharnais,4,PSO-ABE,39,0.38521456718444824,400
Desharnais,4,PSO-ABE,40,0.38521456718444824,410
Desharnais,4,PSO-ABE,41,0.38521456718444824,420
Desharnais,4,PSO-ABE,42,0.38521456718444824,430
Desharnais,4,PSO-ABE,43,0.38496413826942444,440
Desharnais,4,PSO-ABE,44,0.38496413826942444,450
Desharnais,4,PSO-ABE,45,0.38496413826942444,460
Desharnais,4,PSO-ABE,46,0.38496413826942444,470
Desharnais,4,PSO-ABE,47,0.38496413826942444,480
Desharnais,4,PSO-ABE,48,0.384958952665329,490
Desharnais,4,PSO-ABE,49,0.384958952665329,500
Desharnais,4,PSO-ABE,50,0.38494858145713806,510
Desharnais,4,PSO-ABE,51,0.384948194026947,520
Desharnais,4,PSO-ABE,52,0.38493645191192627,530
Desharnais,4,PSO-ABE,53,0.38493645191192627,540
Desharnais,4,PSO-ABE,54,0.38493645191192627,550
Desharnais,4,PSO-ABE,55,0.3849337100982666,560
Desharnais,4,PSO-ABE,56,0.3849337100982666,570
Desharnais,4,PSO-ABE,57,0.3849238455295563,580
Desharnais,4,PSO-ABE,58,0.3849238157272339,590
Desharnais,4,PSO-ABE,59,0.38492274284362793,600
Desharnais,4,PSO-ABE,60,0.3849162459373474,610
Desharnais,4,PSO-ABE,61,0.384912371635437,620
Desharnais,4,PSO-ABE,62,0.38491174578666687,630
Desharnais,4,PSO-ABE,63,0.38490787148475647,640
Desharnais,4,PSO-ABE,64,0.38490477204322815,650
Desharnais,4,PSO-ABE,65,0.38490477204322815,660
Desharnais,4,PSO-ABE,66,0.38490477204322815,670
Desharnais,4,PSO-ABE,67,0.38490477204322815,680
Desharnais,4,PSO-ABE,68,0.38490477204322815,690
Desharnais,4,PSO-ABE,69,0.384899765253067,700
Desharnais,4,PSO-ABE,70,0.3848968744277954,710
Desharnais,4,PSO-ABE,71,0.3848968744277954,720
Desharnais,4,PSO-ABE,72,0.3848968744277954,730
Desharnais,4,PSO-ABE,73,0.3848968744277954,740
Desharnais,4,PSO-ABE,74,0.3848966062068939,750
Desharnais,4,PSO-ABE,75,0.38489630818367004,760
Desharnais,4,PSO-ABE,76,0.38489505648612976,770
Desharnais,4,PSO-ABE,77,0.38489505648612976,780
Desharnais,4,PSO-ABE,78,0.38489505648612976,790
Desharnais,4,PSO-ABE,79,0.38489484786987305,800
Desharnais,4,PSO-ABE,80,0.38489484786987305,810
Desharnais,4,PSO-ABE,81,0.38489463925361633,820
Desharnais,4,PSO-ABE,82,0.38489454984664917,830
Desharnais,4,PSO-ABE,83,0.384894460439682,840
Desharnais,4,PSO-ABE,84,0.3848944306373596,850
Desharnais,4,PSO-ABE,85,0.38489437103271484,860
Desharnais,4,PSO-ABE,86,0.38489434123039246,870
Desharnais,4,PSO-ABE,87,0.38489434123039246,880
Desharnais,4,PSO-ABE,88,0.38489434123039246,890
Desharnais,4,PSO-ABE,89,0.38489434123039246,900
Desharnais,4,PSO-ABE,90,0.3848942816257477,910
Desharnais,4,PSO-ABE,91,0.3848942518234253,920
Desharnais,4,PSO-ABE,92,0.3848942220211029,930
Desharnais,4,PSO-ABE,93,0.3848941922187805,940
Desharnais,4,PSO-ABE,94,0.3848941922187805,950
Desharnais,4,PSO-ABE,95,0.3848941922187805,960
Desharnais,4,PSO-ABE,96,0.3848941922187805,970
Desharnais,4,PSO-ABE,97,0.3848941922187805,980
Desharnais,4,PSO-ABE,98,0.38489416241645813,990
Desharnais,4,PSO-ABE,99,0.38489416241645813,1000
Desharnais,4,DE-ABE,0,0.44264909625053406,10
Desharnais,4,DE-ABE,1,0.44264909625053406,20
Desharnais,4,DE-ABE,2,0.439300537109375,30
Desharnais,4,DE-ABE,3,0.4315474033355713,40
Desharnais,4,DE-ABE,4,0.40514692664146423,50
Desharnais,4,DE-ABE,5,0.4028514623641968,60
Desharnais,4,DE-ABE,6,0.401304692029953,70
Desharnais,4,DE-ABE,7,0.401304692029953,80
Desharnais,4,DE-ABE,8,0.401304692029953,90
Desharnais,4,DE-ABE,9,0.40095606446266174,100
Desharnais,4,DE-ABE,10,0.39853426814079285,110
Desharnais,4,DE-ABE,11,0.39853426814079285,120
Desharnais,4,DE-ABE,12,0.39853426814079285,130
Desharnais,4,DE-ABE,13,0.39422252774238586,140
Desharnais,4,DE-ABE,14,0.39238786697387695,150
Desharnais,4,DE-ABE,15,0.3878892958164215,160
Desharnais,4,DE-ABE,16,0.3878892958164215,170
Desharnais,4,DE-ABE,17,0.3878892958164215,180
Desharnais,4,DE-ABE,18,0.3878892958164215,190
Desharnais,4,DE-ABE,19,0.3877447545528412,200
Desharnais,4,DE-ABE,20,0.3877447545528412,210
Desharnais,4,DE-ABE,21,0.3877042233943939,220
Desharnais,4,DE-ABE,22,0.3877042233943939,230
Desharnais,4,DE-ABE,23,0.3877042233943939,240
Desharnais,4,DE-ABE,24,0.3877042233943939,250
Desharnais,4,DE-ABE,25,0.38769516348838806,260
Desharnais,4,DE-ABE,26,0.38769516348838806,270
Desharnais,4,DE-ABE,27,0.38768282532691956,280
Desharnais,4,DE-ABE,28,0.3876824676990509,290
Desharnais,4,DE-ABE,29,0.3876805603504181,300
Desharnais,4,DE-ABE,30,0.3876805603504181,310
Desharnais,4,DE-ABE,31,0.3876805603504181,320
Desharnais,4,DE-ABE,32,0.38767433166503906,330
Desharnais,4,DE-ABE,33,0.387670636177063,340
Desharnais,4,DE-ABE,34,0.387670636177063,350
Desharnais,4,DE-ABE,35,0.387670636177063,360
Desharnais,4,DE-ABE,36,0.387670636177063,370
Desharnais,4,DE-ABE,37,0.38767009973526,380
Desharnais,4,DE-ABE,38,0.38766875863075256,390
Desharnais,4,DE-ABE,39,0.38766783475875854,400
Desharnais,4,DE-ABE,40,0.38766732811927795,410
Desharnais,4,DE-ABE,41,0.38766732811927795,420
Desharnais,4,DE-ABE,42,0.38766729831695557,430
Desharnais,4,DE-ABE,43,0.3876655101776123,440
Desharnais,4,DE-ABE,44,0.38766512274742126,450
Desharnais,4,DE-ABE,45,0.38766494393348694,460
Desharnais,4,DE-ABE,46,0.38766494393348694,470
Desharnais,4,DE-ABE,47,0.38766488432884216,480
Desharnais,4,DE-ABE,48,0.3876647353172302,490
Desharnais,4,DE-ABE,49,0.3876647353172302,500
Desharnais,4,DE-ABE,50,0.387664258480072,510
Desharnais,4,DE-ABE,51,0.38766369223594666,520
Desharnais,4,DE-ABE,52,0.38766369223594666,530
Desharnais,4,DE-ABE,53,0.38766366243362427,540
Desharnais,4,DE-ABE,54,0.3876636028289795,550
Desharnais,4,DE-ABE,55,0.3876635730266571,560
Desharnais,4,DE-ABE,56,0.38766342401504517,570
Desharnais,4,DE-ABE,57,0.3876633644104004,580
Desharnais,4,DE-ABE,58,0.3876631259918213,590
Desharnais,4,DE-ABE,59,0.3876631259918213,600
Desharnais,4,DE-ABE,60,0.38766297698020935,610
Desharnais,4,DE-ABE,61,0.38766276836395264,620
Desharnais,4,DE-ABE,62,0.3876625895500183,630
Desharnais,4,DE-ABE,63,0.3876625895500183,640
Desharnais,4,DE-ABE,64,0.38766252994537354,650
Desharnais,4,DE-ABE,65,0.38766252994537354,660
Desharnais,4,DE-ABE,66,0.38766244053840637,670
Desharnais,4,DE-ABE,67,0.3876623511314392,680
Desharnais,4,DE-ABE,68,0.38766229152679443,690
Desharnais,4,DE-ABE,69,0.38766229152679443,700
Desharnais,4,DE-ABE,70,0.38766229152679443,710
Desharnais,4,DE-ABE,71,0.38766229152679443,720
Desharnais,4,DE-ABE,72,0.38766220211982727,730
Desharnais,4,DE-ABE,73,0.38766220211982727,740
Desharnais,4,DE-ABE,74,0.38766220211982727,750
Desharnais,4,DE-ABE,75,0.38766220211982727,760
Desharnais,4,DE-ABE,76,0.38766220211982727,770
Desharnais,4,DE-ABE,77,0.3876621723175049,780
Desharnais,4,DE-ABE,78,0.3876621723175049,790
Desharnais,4,DE-ABE,79,0.3876621127128601,800
Desharnais,4,DE-ABE,80,0.3876620829105377,810
Desharnais,4,DE-ABE,81,0.3876620829105377,820
Desharnais,4,DE-ABE,82,0.38766205310821533,830
Desharnais,4,DE-ABE,83,0.38766202330589294,840
Desharnais,4,DE-ABE,84,0.38766202330589294,850
Desharnais,4,DE-ABE,85,0.38766196370124817,860
Desharnais,4,DE-ABE,86,0.3876619040966034,870
Desharnais,4,DE-ABE,87,0.38766181468963623,880
Desharnais,4,DE-ABE,88,0.3876616954803467,890
Desharnais,4,DE-ABE,89,0.3876616954803467,900
Desharnais,4,DE-ABE,90,0.38766148686408997,910
Desharnais,4,DE-ABE,91,0.387661337852478,920
Desharnais,4,DE-ABE,92,0.387661337852478,930
Desharnais,4,DE-ABE,93,0.387661337852478,940
Desharnais,4,DE-ABE,94,0.387661337852478,950
Desharnais,4,DE-ABE,95,0.387661337852478,960
Desharnais,4,DE-ABE,96,0.387661337852478,970
Desharnais,4,DE-ABE,97,0.387661337852478,980
Desharnais,4,DE-ABE,98,0.387661337852478,990
Desharnais,4,DE-ABE,99,0.387661337852478,1000
Desharnais,4,GWO-ABE,0,0.4309425354003906,10
Desharnais,4,GWO-ABE,1,0.4215976595878601,20
Desharnais,4,GWO-ABE,2,0.419549822807312,30
Desharnais,4,GWO-ABE,3,0.4064181447029114,40
Desharnais,4,GWO-ABE,4,0.3909418284893036,50
Desharnais,4,GWO-ABE,5,0.37676987051963806,60
Desharnais,4,GWO-ABE,6,0.3819052278995514,70
Desharnais,4,GWO-ABE,7,0.39474669098854065,80
Desharnais,4,GWO-ABE,8,0.37515273690223694,90
Desharnais,4,GWO-ABE,9,0.3796349763870239,100
Desharnais,4,GWO-ABE,10,0.3636593222618103,110
Desharnais,4,GWO-ABE,11,0.3385468125343323,120
Desharnais,4,GWO-ABE,12,0.3446912467479706,130
Desharnais,4,GWO-ABE,13,0.3364771604537964,140
Desharnais,4,GWO-ABE,14,0.33688122034072876,150
Desharnais,4,GWO-ABE,15,0.33879077434539795,160
Desharnais,4,GWO-ABE,16,0.3348150849342346,170
Desharnais,4,GWO-ABE,17,0.3397252559661865,180
Desharnais,4,GWO-ABE,18,0.348784476518631,190
Desharnais,4,GWO-ABE,19,0.3434114158153534,200
Desharnais,4,GWO-ABE,20,0.3422611653804779,210
Desharnais,4,GWO-ABE,21,0.3455120325088501,220
Desharnais,4,GWO-ABE,22,0.34837231040000916,230
Desharnais,4,GWO-ABE,23,0.34848496317863464,240
Desharnais,4,GWO-ABE,24,0.3496023714542389,250
Desharnais,4,GWO-ABE,25,0.3472139239311218,260
Desharnais,4,GWO-ABE,26,0.3458162844181061,270
Desharnais,4,GWO-ABE,27,0.3455162048339844,280
Desharnais,4,GWO-ABE,28,0.34717124700546265,290
Desharnais,4,GWO-ABE,29,0.3439261019229889,300
Desharnais,4,GWO-ABE,30,0.3441351652145386,310
Desharnais,4,GWO-ABE,31,0.3404921293258667,320
Desharnais,4,GWO-ABE,32,0.34688428044319153,330
Desharnais,4,GWO-ABE,33,0.3381802439689636,340
Desharnais,4,GWO-ABE,34,0.34576424956321716,350
Desharnais,4,GWO-ABE,35,0.34333157539367676,360
Desharnais,4,GWO-ABE,36,0.3440035283565521,370
Desharnais,4,GWO-ABE,37,0.34589481353759766,380
Desharnais,4,GWO-ABE,38,0.34234440326690674,390
Desharnais,4,GWO-ABE,39,0.344942182302475,400
Desharnais,4,GWO-ABE,40,0.34266892075538635,410
Desharnais,4,GWO-ABE,41,0.34219005703926086,420
Desharnais,4,GWO-ABE,42,0.3405177593231201,430
Desharnais,4,GWO-ABE,43,0.3401709496974945,440
Desharnais,4,GWO-ABE,44,0.34029826521873474,450
Desharnais,4,GWO-ABE,45,0.33822572231292725,460
Desharnais,4,GWO-ABE,46,0.34054574370384216,470
Desharnais,4,GWO-ABE,47,0.3366793394088745,480
Desharnais,4,GWO-ABE,48,0.3375617265701294,490
Desharnais,4,GWO-ABE,49,0.33951082825660706,500
Desharnais,4,GWO-ABE,50,0.33791038393974304,510
Desharnais,4,GWO-ABE,51,0.34073084592819214,520
Desharnais,4,GWO-ABE,52,0.3412402272224426,530
Desharnais,4,GWO-ABE,53,0.3393765389919281,540
Desharnais,4,GWO-ABE,54,0.33691689372062683,550
Desharnais,4,GWO-ABE,55,0.3400748670101166,560
Desharnais,4,GWO-ABE,56,0.33899974822998047,570
Desharnais,4,GWO-ABE,57,0.33934733271598816,580
Desharnais,4,GWO-ABE,58,0.34015092253685,590
Desharnais,4,GWO-ABE,59,0.33981406688690186,600
Desharnais,4,GWO-ABE,60,0.33845648169517517,610
Desharnais,4,GWO-ABE,61,0.33928486704826355,620
Desharnais,4,GWO-ABE,62,0.34017324447631836,630
Desharnais,4,GWO-ABE,63,0.3355370759963989,640
Desharnais,4,GWO-ABE,64,0.33565640449523926,650
Desharnais,4,GWO-ABE,65,0.338072806596756,660
Desharnais,4,GWO-ABE,66,0.3376731872558594,670
Desharnais,4,GWO-ABE,67,0.3371284008026123,680
Desharnais,4,GWO-ABE,68,0.3423914313316345,690
Desharnais,4,GWO-ABE,69,0.3374714255332947,700
Desharnais,4,GWO-ABE,70,0.3375832140445709,710
Desharnais,4,GWO-ABE,71,0.3380017578601837,720
Desharnais,4,GWO-ABE,72,0.3369041979312897,730
Desharnais,4,GWO-ABE,73,0.3389524817466736,740
Desharnais,4,GWO-ABE,74,0.3398841917514801,750
Desharnais,4,GWO-ABE,75,0.33691397309303284,760
Desharnais,4,GWO-ABE,76,0.33813050389289856,770
Desharnais,4,GWO-ABE,77,0.3388957381248474,780
Desharnais,4,GWO-ABE,78,0.33980271220207214,790
Desharnais,4,GWO-ABE,79,0.33765754103660583,800
Desharnais,4,GWO-ABE,80,0.33769890666007996,810
Desharnais,4,GWO-ABE,81,0.3368338942527771,820
Desharnais,4,GWO-ABE,82,0.33791300654411316,830
Desharnais,4,GWO-ABE,83,0.33764633536338806,840
Desharnais,4,GWO-ABE,84,0.33688876032829285,850
Desharnais,4,GWO-ABE,85,0.3368861973285675,860
Desharnais,4,GWO-ABE,86,0.33685803413391113,870
Desharnais,4,GWO-ABE,87,0.33684802055358887,880
Desharnais,4,GWO-ABE,88,0.33686456084251404,890
Desharnais,4,GWO-ABE,89,0.3369060158729553,900
Desharnais,4,GWO-ABE,90,0.3368736803531647,910
Desharnais,4,GWO-ABE,91,0.33683347702026367,920
Desharnais,4,GWO-ABE,92,0.3368658423423767,930
Desharnais,4,GWO-ABE,93,0.3368523418903351,940
Desharnais,4,GWO-ABE,94,0.3368465304374695,950
Desharnais,4,GWO-ABE,95,0.33676618337631226,960
Desharnais,4,GWO-ABE,96,0.33677977323532104,970
Desharnais,4,GWO-ABE,97,0.3368534743785858,980
Desharnais,4,GWO-ABE,98,0.3368561267852783,990
Desharnais,4,GWO-ABE,99,0.33685019612312317,1000
Desharnais,4,WOA-ABE,0,0.4208650588989258,10
Desharnais,4,WOA-ABE,1,0.40667450428009033,20
Desharnais,4,WOA-ABE,2,0.40667450428009033,30
Desharnais,4,WOA-ABE,3,0.40667450428009033,40
Desharnais,4,WOA-ABE,4,0.39424702525138855,50
Desharnais,4,WOA-ABE,5,0.39222556352615356,60
Desharnais,4,WOA-ABE,6,0.39222556352615356,70
Desharnais,4,WOA-ABE,7,0.39222556352615356,80
Desharnais,4,WOA-ABE,8,0.39222556352615356,90
Desharnais,4,WOA-ABE,9,0.3918699026107788,100
Desharnais,4,WOA-ABE,10,0.3918699026107788,110
Desharnais,4,WOA-ABE,11,0.3918699026107788,120
Desharnais,4,WOA-ABE,12,0.39186275005340576,130
Desharnais,4,WOA-ABE,13,0.39186275005340576,140
Desharnais,4,WOA-ABE,14,0.39185279607772827,150
Desharnais,4,WOA-ABE,15,0.39182764291763306,160
Desharnais,4,WOA-ABE,16,0.3918223977088928,170
Desharnais,4,WOA-ABE,17,0.3918120861053467,180
Desharnais,4,WOA-ABE,18,0.3918120861053467,190
Desharnais,4,WOA-ABE,19,0.390720009803772,200
Desharnais,4,WOA-ABE,20,0.39015740156173706,210
Desharnais,4,WOA-ABE,21,0.39015740156173706,220
Desharnais,4,WOA-ABE,22,0.3901473879814148,230
Desharnais,4,WOA-ABE,23,0.3901473879814148,240
Desharnais,4,WOA-ABE,24,0.3900962769985199,250
Desharnais,4,WOA-ABE,25,0.3900962769985199,260
Desharnais,4,WOA-ABE,26,0.3900962769985199,270
Desharnais,4,WOA-ABE,27,0.3900865912437439,280
Desharnais,4,WOA-ABE,28,0.38927847146987915,290
Desharnais,4,WOA-ABE,29,0.37627172470092773,300
Desharnais,4,WOA-ABE,30,0.37627172470092773,310
Desharnais,4,WOA-ABE,31,0.37627172470092773,320
Desharnais,4,WOA-ABE,32,0.37627172470092773,330
Desharnais,4,WOA-ABE,33,0.37627172470092773,340
Desharnais,4,WOA-ABE,34,0.37627172470092773,350
Desharnais,4,WOA-ABE,35,0.37627172470092773,360
Desharnais,4,WOA-ABE,36,0.37627172470092773,370
Desharnais,4,WOA-ABE,37,0.37627172470092773,380
Desharnais,4,WOA-ABE,38,0.3762267231941223,390
Desharnais,4,WOA-ABE,39,0.3762238323688507,400
Desharnais,4,WOA-ABE,40,0.37579527497291565,410
Desharnais,4,WOA-ABE,41,0.37579402327537537,420
Desharnais,4,WOA-ABE,42,0.3757939040660858,430
Desharnais,4,WOA-ABE,43,0.3757939040660858,440
Desharnais,4,WOA-ABE,44,0.3757939040660858,450
Desharnais,4,WOA-ABE,45,0.3757939040660858,460
Desharnais,4,WOA-ABE,46,0.3757724463939667,470
Desharnais,4,WOA-ABE,47,0.3740330636501312,480
Desharnais,4,WOA-ABE,48,0.3740330636501312,490
Desharnais,4,WOA-ABE,49,0.3740330636501312,500
Desharnais,4,WOA-ABE,50,0.3740330636501312,510
Desharnais,4,WOA-ABE,51,0.3740330636501312,520
Desharnais,4,WOA-ABE,52,0.3740330636501312,530
Desharnais,4,WOA-ABE,53,0.3740330636501312,540
Desharnais,4,WOA-ABE,54,0.3740311563014984,550
Desharnais,4,WOA-ABE,55,0.3740311563014984,560
Desharnais,4,WOA-ABE,56,0.37402868270874023,570
Desharnais,4,WOA-ABE,57,0.37402868270874023,580
Desharnais,4,WOA-ABE,58,0.37402868270874023,590
Desharnais,4,WOA-ABE,59,0.37402868270874023,600
Desharnais,4,WOA-ABE,60,0.37402868270874023,610
Desharnais,4,WOA-ABE,61,0.37402868270874023,620
Desharnais,4,WOA-ABE,62,0.37402868270874023,630
Desharnais,4,WOA-ABE,63,0.3740258812904358,640
Desharnais,4,WOA-ABE,64,0.3740258514881134,650
Desharnais,4,WOA-ABE,65,0.3740239143371582,660
Desharnais,4,WOA-ABE,66,0.3740239143371582,670
Desharnais,4,WOA-ABE,67,0.3740239143371582,680
Desharnais,4,WOA-ABE,68,0.3740239143371582,690
Desharnais,4,WOA-ABE,69,0.3740232288837433,700
Desharnais,4,WOA-ABE,70,0.3740232288837433,710
Desharnais,4,WOA-ABE,71,0.3740232288837433,720
Desharnais,4,WOA-ABE,72,0.3740232288837433,730
Desharnais,4,WOA-ABE,73,0.3740232288837433,740
Desharnais,4,WOA-ABE,74,0.3740038275718689,750
Desharnais,4,WOA-ABE,75,0.3740029036998749,760
Desharnais,4,WOA-ABE,76,0.3740027844905853,770
Desharnais,4,WOA-ABE,77,0.3740026354789734,780
Desharnais,4,WOA-ABE,78,0.3740026354789734,790
Desharnais,4,WOA-ABE,79,0.3740026354789734,800
Desharnais,4,WOA-ABE,80,0.3740026354789734,810
Desharnais,4,WOA-ABE,81,0.3740026354789734,820
Desharnais,4,WOA-ABE,82,0.3740026354789734,830
Desharnais,4,WOA-ABE,83,0.3740026354789734,840
Desharnais,4,WOA-ABE,84,0.3740026354789734,850
Desharnais,4,WOA-ABE,85,0.3740026354789734,860
Desharnais,4,WOA-ABE,86,0.37399956583976746,870
Desharnais,4,WOA-ABE,87,0.37399956583976746,880
Desharnais,4,WOA-ABE,88,0.37399956583976746,890
Desharnais,4,WOA-ABE,89,0.37399834394454956,900
Desharnais,4,WOA-ABE,90,0.37399834394454956,910
Desharnais,4,WOA-ABE,91,0.37399834394454956,920
Desharnais,4,WOA-ABE,92,0.37399834394454956,930
Desharnais,4,WOA-ABE,93,0.37399834394454956,940
Desharnais,4,WOA-ABE,94,0.37399834394454956,950
Desharnais,4,WOA-ABE,95,0.37399834394454956,960
Desharnais,4,WOA-ABE,96,0.37399834394454956,970
Desharnais,4,WOA-ABE,97,0.37399494647979736,980
Desharnais,4,WOA-ABE,98,0.3739791512489319,990
Desharnais,4,WOA-ABE,99,0.3739757835865021,1000
Desharnais,4,FAABE,0,0.436365008354187,10
Desharnais,4,FAABE,1,0.436365008354187,20
Desharnais,4,FAABE,2,0.4329017996788025,30
Desharnais,4,FAABE,3,0.4329017996788025,40
Desharnais,4,FAABE,4,0.4041741192340851,50
Desharnais,4,FAABE,5,0.4041741192340851,60
Desharnais,4,FAABE,6,0.4041741192340851,70
Desharnais,4,FAABE,7,0.4041741192340851,80
Desharnais,4,FAABE,8,0.4041741192340851,90
Desharnais,4,FAABE,9,0.4041741192340851,100
Desharnais,4,FAABE,10,0.4041741192340851,110
Desharnais,4,FAABE,11,0.4041741192340851,120
Desharnais,4,FAABE,12,0.4023468792438507,130
Desharnais,4,FAABE,13,0.39519238471984863,140
Desharnais,4,FAABE,14,0.3441081941127777,150
Desharnais,4,FAABE,15,0.3441081941127777,160
Desharnais,4,FAABE,16,0.3441081941127777,170
Desharnais,4,FAABE,17,0.3441081941127777,180
Desharnais,4,FAABE,18,0.3441081941127777,190
Desharnais,4,FAABE,19,0.3441081941127777,200
Desharnais,4,FAABE,20,0.3441081941127777,210
Desharnais,4,FAABE,21,0.3441081941127777,220
Desharnais,4,FAABE,22,0.3441081941127777,230
Desharnais,4,FAABE,23,0.3441081941127777,240
Desharnais,4,FAABE,24,0.3441081941127777,250
Desharnais,4,FAABE,25,0.3441081941127777,260
Desharnais,4,FAABE,26,0.3441081941127777,270
Desharnais,4,FAABE,27,0.3441081941127777,280
Desharnais,4,FAABE,28,0.3441081941127777,290
Desharnais,4,FAABE,29,0.3441081941127777,300
Desharnais,4,FAABE,30,0.3441081941127777,310
Desharnais,4,FAABE,31,0.3441081941127777,320
Desharnais,4,FAABE,32,0.3441081941127777,330
Desharnais,4,FAABE,33,0.3441081941127777,340
Desharnais,4,FAABE,34,0.3441081941127777,350
Desharnais,4,FAABE,35,0.3441081941127777,360
Desharnais,4,FAABE,36,0.3441081941127777,370
Desharnais,4,FAABE,37,0.3441081941127777,380
Desharnais,4,FAABE,38,0.3441081941127777,390
Desharnais,4,FAABE,39,0.3441081941127777,400
Desharnais,4,FAABE,40,0.3441081941127777,410
Desharnais,4,FAABE,41,0.3441081941127777,420
Desharnais,4,FAABE,42,0.3441081941127777,430
Desharnais,4,FAABE,43,0.3441081941127777,440
Desharnais,4,FAABE,44,0.3441081941127777,450
Desharnais,4,FAABE,45,0.3441081941127777,460
Desharnais,4,FAABE,46,0.3441081941127777,470
Desharnais,4,FAABE,47,0.3441081941127777,480
Desharnais,4,FAABE,48,0.3441081941127777,490
Desharnais,4,FAABE,49,0.3441081941127777,500
Desharnais,4,FAABE,50,0.3441081941127777,510
Desharnais,4,FAABE,51,0.3441081941127777,520
Desharnais,4,FAABE,52,0.3441081941127777,530
Desharnais,4,FAABE,53,0.3441081941127777,540
Desharnais,4,FAABE,54,0.3441081941127777,550
Desharnais,4,FAABE,55,0.3441081941127777,560
Desharnais,4,FAABE,56,0.3441081941127777,570
Desharnais,4,FAABE,57,0.3441081941127777,580
Desharnais,4,FAABE,58,0.3441081941127777,590
Desharnais,4,FAABE,59,0.3441081941127777,600
Desharnais,4,FAABE,60,0.3441081941127777,610
Desharnais,4,FAABE,61,0.3441081941127777,620
Desharnais,4,FAABE,62,0.3441081941127777,630
Desharnais,4,FAABE,63,0.3441081941127777,640
Desharnais,4,FAABE,64,0.3441081941127777,650
Desharnais,4,FAABE,65,0.3441081941127777,660
Desharnais,4,FAABE,66,0.3441081941127777,670
Desharnais,4,FAABE,67,0.3441081941127777,680
Desharnais,4,FAABE,68,0.3441081941127777,690
Desharnais,4,FAABE,69,0.3441081941127777,700
Desharnais,4,FAABE,70,0.3441081941127777,710
Desharnais,4,FAABE,71,0.33997470140457153,720
Desharnais,4,FAABE,72,0.33997470140457153,730
Desharnais,4,FAABE,73,0.33997470140457153,740
Desharnais,4,FAABE,74,0.33997470140457153,750
Desharnais,4,FAABE,75,0.33997470140457153,760
Desharnais,4,FAABE,76,0.33997470140457153,770
Desharnais,4,FAABE,77,0.33997470140457153,780
Desharnais,4,FAABE,78,0.33997470140457153,790
Desharnais,4,FAABE,79,0.33997470140457153,800
Desharnais,4,FAABE,80,0.33997470140457153,810
Desharnais,4,FAABE,81,0.33997470140457153,820
Desharnais,4,FAABE,82,0.33997470140457153,830
Desharnais,4,FAABE,83,0.33997470140457153,840
Desharnais,4,FAABE,84,0.33997470140457153,850
Desharnais,4,FAABE,85,0.33997470140457153,860
Desharnais,4,FAABE,86,0.33997470140457153,870
Desharnais,4,FAABE,87,0.33997470140457153,880
Desharnais,4,FAABE,88,0.33997470140457153,890
Desharnais,4,FAABE,89,0.33997470140457153,900
Desharnais,4,FAABE,90,0.33997470140457153,910
Desharnais,4,FAABE,91,0.33997470140457153,920
Desharnais,4,FAABE,92,0.33997470140457153,930
Desharnais,4,FAABE,93,0.33997470140457153,940
Desharnais,4,FAABE,94,0.33997470140457153,950
Desharnais,4,FAABE,95,0.33997470140457153,960
Desharnais,4,FAABE,96,0.33997470140457153,970
Desharnais,4,FAABE,97,0.3383626639842987,980
Desharnais,4,FAABE,98,0.3383626639842987,990
Desharnais,4,FAABE,99,0.3383626639842987,1000
Desharnais,5,GA-ABE,0,0.3876042664051056,10
Desharnais,5,GA-ABE,1,0.3876042664051056,20
Desharnais,5,GA-ABE,2,0.3876042664051056,30
Desharnais,5,GA-ABE,3,0.3876042664051056,40
Desharnais,5,GA-ABE,4,0.3876042664051056,50
Desharnais,5,GA-ABE,5,0.3876042664051056,60
Desharnais,5,GA-ABE,6,0.38360047340393066,70
Desharnais,5,GA-ABE,7,0.38360047340393066,80
Desharnais,5,GA-ABE,8,0.38360047340393066,90
Desharnais,5,GA-ABE,9,0.3645833134651184,100
Desharnais,5,GA-ABE,10,0.3645833134651184,110
Desharnais,5,GA-ABE,11,0.3645833134651184,120
Desharnais,5,GA-ABE,12,0.3645833134651184,130
Desharnais,5,GA-ABE,13,0.3645833134651184,140
Desharnais,5,GA-ABE,14,0.354977011680603,150
Desharnais,5,GA-ABE,15,0.35353532433509827,160
Desharnais,5,GA-ABE,16,0.35353532433509827,170
Desharnais,5,GA-ABE,17,0.35346144437789917,180
Desharnais,5,GA-ABE,18,0.35346144437789917,190
Desharnais,5,GA-ABE,19,0.35346144437789917,200
Desharnais,5,GA-ABE,20,0.35346144437789917,210
Desharnais,5,GA-ABE,21,0.35346144437789917,220
Desharnais,5,GA-ABE,22,0.35346144437789917,230
Desharnais,5,GA-ABE,23,0.35346144437789917,240
Desharnais,5,GA-ABE,24,0.35346144437789917,250
Desharnais,5,GA-ABE,25,0.35346144437789917,260
Desharnais,5,GA-ABE,26,0.35346144437789917,270
Desharnais,5,GA-ABE,27,0.35346144437789917,280
Desharnais,5,GA-ABE,28,0.35346144437789917,290
Desharnais,5,GA-ABE,29,0.35346144437789917,300
Desharnais,5,GA-ABE,30,0.35346144437789917,310
Desharnais,5,GA-ABE,31,0.35346144437789917,320
Desharnais,5,GA-ABE,32,0.3530725836753845,330
Desharnais,5,GA-ABE,33,0.3530725836753845,340
Desharnais,5,GA-ABE,34,0.3530725836753845,350
Desharnais,5,GA-ABE,35,0.3530725836753845,360
Desharnais,5,GA-ABE,36,0.3530725836753845,370
Desharnais,5,GA-ABE,37,0.3530725836753845,380
Desharnais,5,GA-ABE,38,0.3530725836753845,390
Desharnais,5,GA-ABE,39,0.35299232602119446,400
Desharnais,5,GA-ABE,40,0.35299232602119446,410
Desharnais,5,GA-ABE,41,0.3504005968570709,420
Desharnais,5,GA-ABE,42,0.3504005968570709,430
Desharnais,5,GA-ABE,43,0.3504005968570709,440
Desharnais,5,GA-ABE,44,0.3504005968570709,450
Desharnais,5,GA-ABE,45,0.3504005968570709,460
Desharnais,5,GA-ABE,46,0.3504005968570709,470
Desharnais,5,GA-ABE,47,0.3487144410610199,480
Desharnais,5,GA-ABE,48,0.3487144410610199,490
Desharnais,5,GA-ABE,49,0.3487144410610199,500
Desharnais,5,GA-ABE,50,0.3487144410610199,510
Desharnais,5,GA-ABE,51,0.3487144410610199,520
Desharnais,5,GA-ABE,52,0.3487144410610199,530
Desharnais,5,GA-ABE,53,0.34612810611724854,540
Desharnais,5,GA-ABE,54,0.34612810611724854,550
Desharnais,5,GA-ABE,55,0.34612810611724854,560
Desharnais,5,GA-ABE,56,0.34612810611724854,570
Desharnais,5,GA-ABE,57,0.34612810611724854,580
Desharnais,5,GA-ABE,58,0.34612810611724854,590
Desharnais,5,GA-ABE,59,0.34612807631492615,600
Desharnais,5,GA-ABE,60,0.34612807631492615,610
Desharnais,5,GA-ABE,61,0.34612807631492615,620
Desharnais,5,GA-ABE,62,0.34612807631492615,630
Desharnais,5,GA-ABE,63,0.34612807631492615,640
Desharnais,5,GA-ABE,64,0.34612807631492615,650
Desharnais,5,GA-ABE,65,0.34612807631492615,660
Desharnais,5,GA-ABE,66,0.3449438810348511,670
Desharnais,5,GA-ABE,67,0.3449438810348511,680
Desharnais,5,GA-ABE,68,0.3449438810348511,690
Desharnais,5,GA-ABE,69,0.34480634331703186,700
Desharnais,5,GA-ABE,70,0.34477412700653076,710
Desharnais,5,GA-ABE,71,0.34477412700653076,720
Desharnais,5,GA-ABE,72,0.34477412700653076,730
Desharnais,5,GA-ABE,73,0.34477412700653076,740
Desharnais,5,GA-ABE,74,0.34477412700653076,750
Desharnais,5,GA-ABE,75,0.34477412700653076,760
Desharnais,5,GA-ABE,76,0.34310752153396606,770
Desharnais,5,GA-ABE,77,0.3430365324020386,780
Desharnais,5,GA-ABE,78,0.34279364347457886,790
Desharnais,5,GA-ABE,79,0.34279364347457886,800
Desharnais,5,GA-ABE,80,0.34279364347457886,810
Desharnais,5,GA-ABE,81,0.34279364347457886,820
Desharnais,5,GA-ABE,82,0.34279364347457886,830
Desharnais,5,GA-ABE,83,0.34279364347457886,840
Desharnais,5,GA-ABE,84,0.34279364347457886,850
Desharnais,5,GA-ABE,85,0.3426540791988373,860
Desharnais,5,GA-ABE,86,0.34173354506492615,870
Desharnais,5,GA-ABE,87,0.34173354506492615,880
Desharnais,5,GA-ABE,88,0.34173354506492615,890
Desharnais,5,GA-ABE,89,0.3413282036781311,900
Desharnais,5,GA-ABE,90,0.3413282036781311,910
Desharnais,5,GA-ABE,91,0.3413282036781311,920
Desharnais,5,GA-ABE,92,0.3413282036781311,930
Desharnais,5,GA-ABE,93,0.3413282036781311,940
Desharnais,5,GA-ABE,94,0.3413282036781311,950
Desharnais,5,GA-ABE,95,0.3413282036781311,960
Desharnais,5,GA-ABE,96,0.3413282036781311,970
Desharnais,5,GA-ABE,97,0.3413282036781311,980
Desharnais,5,GA-ABE,98,0.3413282036781311,990
Desharnais,5,GA-ABE,99,0.3413282036781311,1000
Desharnais,5,PSO-ABE,0,0.39689871668815613,10
Desharnais,5,PSO-ABE,1,0.39689871668815613,20
Desharnais,5,PSO-ABE,2,0.3949682116508484,30
Desharnais,5,PSO-ABE,3,0.3851969838142395,40
Desharnais,5,PSO-ABE,4,0.3851969838142395,50
Desharnais,5,PSO-ABE,5,0.3851969838142395,60
Desharnais,5,PSO-ABE,6,0.38501036167144775,70
Desharnais,5,PSO-ABE,7,0.38501036167144775,80
Desharnais,5,PSO-ABE,8,0.38501036167144775,90
Desharnais,5,PSO-ABE,9,0.3833760917186737,100
Desharnais,5,PSO-ABE,10,0.3833760917186737,110
Desharnais,5,PSO-ABE,11,0.3833760917186737,120
Desharnais,5,PSO-ABE,12,0.3805057406425476,130
Desharnais,5,PSO-ABE,13,0.3805057406425476,140
Desharnais,5,PSO-ABE,14,0.37551936507225037,150
Desharnais,5,PSO-ABE,15,0.37514644861221313,160
Desharnais,5,PSO-ABE,16,0.3735843002796173,170
Desharnais,5,PSO-ABE,17,0.3676665425300598,180
Desharnais,5,PSO-ABE,18,0.3613138496875763,190
Desharnais,5,PSO-ABE,19,0.3534519076347351,200
Desharnais,5,PSO-ABE,20,0.3534519076347351,210
Desharnais,5,PSO-ABE,21,0.3534519076347351,220
Desharnais,5,PSO-ABE,22,0.3534519076347351,230
Desharnais,5,PSO-ABE,23,0.3534519076347351,240
Desharnais,5,PSO-ABE,24,0.3530026078224182,250
Desharnais,5,PSO-ABE,25,0.3530026078224182,260
Desharnais,5,PSO-ABE,26,0.3530026078224182,270
Desharnais,5,PSO-ABE,27,0.3530026078224182,280
Desharnais,5,PSO-ABE,28,0.3530026078224182,290
Desharnais,5,PSO-ABE,29,0.3530026078224182,300
Desharnais,5,PSO-ABE,30,0.35147562623023987,310
Desharnais,5,PSO-ABE,31,0.3514575660228729,320
Desharnais,5,PSO-ABE,32,0.3514575660228729,330
Desharnais,5,PSO-ABE,33,0.3514575660228729,340
Desharnais,5,PSO-ABE,34,0.3514575660228729,350
Desharnais,5,PSO-ABE,35,0.3514336347579956,360
Desharnais,5,PSO-ABE,36,0.3514336347579956,370
Desharnais,5,PSO-ABE,37,0.3503345847129822,380
Desharnais,5,PSO-ABE,38,0.3497849106788635,390
Desharnais,5,PSO-ABE,39,0.3497849106788635,400
Desharnais,5,PSO-ABE,40,0.34954482316970825,410
Desharnais,5,PSO-ABE,41,0.34954482316970825,420
Desharnais,5,PSO-ABE,42,0.34954482316970825,430
Desharnais,5,PSO-ABE,43,0.34954482316970825,440
Desharnais,5,PSO-ABE,44,0.34766581654548645,450
Desharnais,5,PSO-ABE,45,0.34766581654548645,460
Desharnais,5,PSO-ABE,46,0.34766581654548645,470
Desharnais,5,PSO-ABE,47,0.34766581654548645,480
Desharnais,5,PSO-ABE,48,0.34766581654548645,490
Desharnais,5,PSO-ABE,49,0.34766581654548645,500
Desharnais,5,PSO-ABE,50,0.3475922644138336,510
Desharnais,5,PSO-ABE,51,0.3475922644138336,520
Desharnais,5,PSO-ABE,52,0.3475922644138336,530
Desharnais,5,PSO-ABE,53,0.3475922644138336,540
Desharnais,5,PSO-ABE,54,0.3475922644138336,550
Desharnais,5,PSO-ABE,55,0.3475922644138336,560
Desharnais,5,PSO-ABE,56,0.3475922644138336,570
Desharnais,5,PSO-ABE,57,0.3475922644138336,580
Desharnais,5,PSO-ABE,58,0.3475922644138336,590
Desharnais,5,PSO-ABE,59,0.3475922644138336,600
Desharnais,5,PSO-ABE,60,0.3475922644138336,610
Desharnais,5,PSO-ABE,61,0.3475922644138336,620
Desharnais,5,PSO-ABE,62,0.3475922644138336,630
Desharnais,5,PSO-ABE,63,0.3475922644138336,640
Desharnais,5,PSO-ABE,64,0.3475922644138336,650
Desharnais,5,PSO-ABE,65,0.3475922644138336,660
Desharnais,5,PSO-ABE,66,0.3475898802280426,670
Desharnais,5,PSO-ABE,67,0.3475898802280426,680
Desharnais,5,PSO-ABE,68,0.3475898802280426,690
Desharnais,5,PSO-ABE,69,0.3475898802280426,700
Desharnais,5,PSO-ABE,70,0.3475898802280426,710
Desharnais,5,PSO-ABE,71,0.3475898802280426,720
Desharnais,5,PSO-ABE,72,0.3475898802280426,730
Desharnais,5,PSO-ABE,73,0.3475898802280426,740
Desharnais,5,PSO-ABE,74,0.3475898802280426,750
Desharnais,5,PSO-ABE,75,0.3475898802280426,760
Desharnais,5,PSO-ABE,76,0.34758538007736206,770
Desharnais,5,PSO-ABE,77,0.34758538007736206,780
Desharnais,5,PSO-ABE,78,0.34758538007736206,790
Desharnais,5,PSO-ABE,79,0.34758538007736206,800
Desharnais,5,PSO-ABE,80,0.34758538007736206,810
Desharnais,5,PSO-ABE,81,0.34758538007736206,820
Desharnais,5,PSO-ABE,82,0.34758538007736206,830
Desharnais,5,PSO-ABE,83,0.3475746214389801,840
Desharnais,5,PSO-ABE,84,0.3475746214389801,850
Desharnais,5,PSO-ABE,85,0.3475746214389801,860
Desharnais,5,PSO-ABE,86,0.3475746214389801,870
Desharnais,5,PSO-ABE,87,0.3475746214389801,880
Desharnais,5,PSO-ABE,88,0.3475746214389801,890
Desharnais,5,PSO-ABE,89,0.3475746214389801,900
Desharnais,5,PSO-ABE,90,0.3475722670555115,910
Desharnais,5,PSO-ABE,91,0.34756797552108765,920
Desharnais,5,PSO-ABE,92,0.34756797552108765,930
Desharnais,5,PSO-ABE,93,0.34756797552108765,940
Desharnais,5,PSO-ABE,94,0.34756797552108765,950
Desharnais,5,PSO-ABE,95,0.34756797552108765,960
Desharnais,5,PSO-ABE,96,0.34756797552108765,970
Desharnais,5,PSO-ABE,97,0.34756797552108765,980
Desharnais,5,PSO-ABE,98,0.34756797552108765,990
Desharnais,5,PSO-ABE,99,0.34756797552108765,1000
Desharnais,5,DE-ABE,0,0.3886682689189911,10
Desharnais,5,DE-ABE,1,0.3886682689189911,20
Desharnais,5,DE-ABE,2,0.3886682689189911,30
Desharnais,5,DE-ABE,3,0.3886682689189911,40
Desharnais,5,DE-ABE,4,0.3886682689189911,50
Desharnais,5,DE-ABE,5,0.38345465064048767,60
Desharnais,5,DE-ABE,6,0.3823254406452179,70
Desharnais,5,DE-ABE,7,0.38069817423820496,80
Desharnais,5,DE-ABE,8,0.38069817423820496,90
Desharnais,5,DE-ABE,9,0.3777409791946411,100
Desharnais,5,DE-ABE,10,0.3777409791946411,110
Desharnais,5,DE-ABE,11,0.3777409791946411,120
Desharnais,5,DE-ABE,12,0.37126508355140686,130
Desharnais,5,DE-ABE,13,0.37126508355140686,140
Desharnais,5,DE-ABE,14,0.37066563963890076,150
Desharnais,5,DE-ABE,15,0.37066563963890076,160
Desharnais,5,DE-ABE,16,0.37066563963890076,170
Desharnais,5,DE-ABE,17,0.3693569004535675,180
Desharnais,5,DE-ABE,18,0.3693569004535675,190
Desharnais,5,DE-ABE,19,0.3693569004535675,200
Desharnais,5,DE-ABE,20,0.3658640384674072,210
Desharnais,5,DE-ABE,21,0.3657449781894684,220
Desharnais,5,DE-ABE,22,0.3657449781894684,230
Desharnais,5,DE-ABE,23,0.36345869302749634,240
Desharnais,5,DE-ABE,24,0.36345869302749634,250
Desharnais,5,DE-ABE,25,0.36345869302749634,260
Desharnais,5,DE-ABE,26,0.36126047372817993,270
Desharnais,5,DE-ABE,27,0.36126047372817993,280
Desharnais,5,DE-ABE,28,0.3602181375026703,290
Desharnais,5,DE-ABE,29,0.3601825535297394,300
Desharnais,5,DE-ABE,30,0.3591187596321106,310
Desharnais,5,DE-ABE,31,0.35886794328689575,320
Desharnais,5,DE-ABE,32,0.3588375151157379,330
Desharnais,5,DE-ABE,33,0.3588375151157379,340
Desharnais,5,DE-ABE,34,0.3588375151157379,350
Desharnais,5,DE-ABE,35,0.3588375151157379,360
Desharnais,5,DE-ABE,36,0.3588375151157379,370
Desharnais,5,DE-ABE,37,0.3586064577102661,380
Desharnais,5,DE-ABE,38,0.3586064577102661,390
Desharnais,5,DE-ABE,39,0.3586064577102661,400
Desharnais,5,DE-ABE,40,0.35773196816444397,410
Desharnais,5,DE-ABE,41,0.35773196816444397,420
Desharnais,5,DE-ABE,42,0.3566456735134125,430
Desharnais,5,DE-ABE,43,0.3566456735134125,440
Desharnais,5,DE-ABE,44,0.3566456735134125,450
Desharnais,5,DE-ABE,45,0.3566456735134125,460
Desharnais,5,DE-ABE,46,0.3566456735134125,470
Desharnais,5,DE-ABE,47,0.35650157928466797,480
Desharnais,5,DE-ABE,48,0.35650157928466797,490
Desharnais,5,DE-ABE,49,0.35650157928466797,500
Desharnais,5,DE-ABE,50,0.35645997524261475,510
Desharnais,5,DE-ABE,51,0.3564503490924835,520
Desharnais,5,DE-ABE,52,0.3564503490924835,530
Desharnais,5,DE-ABE,53,0.3564503490924835,540
Desharnais,5,DE-ABE,54,0.3564503490924835,550
Desharnais,5,DE-ABE,55,0.3564503490924835,560
Desharnais,5,DE-ABE,56,0.3564503490924835,570
Desharnais,5,DE-ABE,57,0.3564503490924835,580
Desharnais,5,DE-ABE,58,0.3564503490924835,590
Desharnais,5,DE-ABE,59,0.35644862055778503,600
Desharnais,5,DE-ABE,60,0.35644862055778503,610
Desharnais,5,DE-ABE,61,0.35644716024398804,620
Desharnais,5,DE-ABE,62,0.35644441843032837,630
Desharnais,5,DE-ABE,63,0.35643741488456726,640
Desharnais,5,DE-ABE,64,0.3564360737800598,650
Desharnais,5,DE-ABE,65,0.3564360737800598,660
Desharnais,5,DE-ABE,66,0.356425017118454,670
Desharnais,5,DE-ABE,67,0.35641831159591675,680
Desharnais,5,DE-ABE,68,0.35641831159591675,690
Desharnais,5,DE-ABE,69,0.35641831159591675,700
Desharnais,5,DE-ABE,70,0.3564182221889496,710
Desharnais,5,DE-ABE,71,0.35641732811927795,720
Desharnais,5,DE-ABE,72,0.35641539096832275,730
Desharnais,5,DE-ABE,73,0.3564121425151825,740
Desharnais,5,DE-ABE,74,0.3564121425151825,750
Desharnais,5,DE-ABE,75,0.3564121425151825,760
Desharnais,5,DE-ABE,76,0.3564121425151825,770
Desharnais,5,DE-ABE,77,0.3564109802246094,780
Desharnais,5,DE-ABE,78,0.3564109802246094,790
Desharnais,5,DE-ABE,79,0.3564109802246094,800
Desharnais,5,DE-ABE,80,0.35640937089920044,810
Desharnais,5,DE-ABE,81,0.3564084470272064,820
Desharnais,5,DE-ABE,82,0.3564084470272064,830
Desharnais,5,DE-ABE,83,0.35640770196914673,840
Desharnais,5,DE-ABE,84,0.356407105922699,850
Desharnais,5,DE-ABE,85,0.3564065992832184,860
Desharnais,5,DE-ABE,86,0.3564048111438751,870
Desharnais,5,DE-ABE,87,0.3564048111438751,880
Desharnais,5,DE-ABE,88,0.3564048111438751,890
Desharnais,5,DE-ABE,89,0.3564048111438751,900
Desharnais,5,DE-ABE,90,0.3564046621322632,910
Desharnais,5,DE-ABE,91,0.3564043641090393,920
Desharnais,5,DE-ABE,92,0.35640400648117065,930
Desharnais,5,DE-ABE,93,0.3564038574695587,940
Desharnais,5,DE-ABE,94,0.3564035892486572,950
Desharnais,5,DE-ABE,95,0.3564034402370453,960
Desharnais,5,DE-ABE,96,0.35640302300453186,970
Desharnais,5,DE-ABE,97,0.35640302300453186,980
Desharnais,5,DE-ABE,98,0.35640302300453186,990
Desharnais,5,DE-ABE,99,0.35640302300453186,1000
Desharnais,5,GWO-ABE,0,0.3943942189216614,10
Desharnais,5,GWO-ABE,1,0.39364081621170044,20
Desharnais,5,GWO-ABE,2,0.3646947145462036,30
Desharnais,5,GWO-ABE,3,0.3694911003112793,40
Desharnais,5,GWO-ABE,4,0.36668509244918823,50
Desharnais,5,GWO-ABE,5,0.37510016560554504,60
Desharnais,5,GWO-ABE,6,0.38825178146362305,70
Desharnais,5,GWO-ABE,7,0.38322728872299194,80
Desharnais,5,GWO-ABE,8,0.3694741427898407,90
Desharnais,5,GWO-ABE,9,0.3534659743309021,100
Desharnais,5,GWO-ABE,10,0.35798969864845276,110
Desharnais,5,GWO-ABE,11,0.35619834065437317,120
Desharnais,5,GWO-ABE,12,0.3452189564704895,130
Desharnais,5,GWO-ABE,13,0.34134626388549805,140
Desharnais,5,GWO-ABE,14,0.3408445119857788,150
Desharnais,5,GWO-ABE,15,0.3449926972389221,160
Desharnais,5,GWO-ABE,16,0.3449339270591736,170
Desharnais,5,GWO-ABE,17,0.3406940698623657,180
Desharnais,5,GWO-ABE,18,0.34744757413864136,190
Desharnais,5,GWO-ABE,19,0.3404335081577301,200
Desharnais,5,GWO-ABE,20,0.33881157636642456,210
Desharnais,5,GWO-ABE,21,0.33842021226882935,220
Desharnais,5,GWO-ABE,22,0.33813026547431946,230
Desharnais,5,GWO-ABE,23,0.332891583442688,240
Desharnais,5,GWO-ABE,24,0.3327687382698059,250
Desharnais,5,GWO-ABE,25,0.33153000473976135,260
Desharnais,5,GWO-ABE,26,0.339109867811203,270
Desharnais,5,GWO-ABE,27,0.3384421765804291,280
Desharnais,5,GWO-ABE,28,0.34352949261665344,290
Desharnais,5,GWO-ABE,29,0.34080037474632263,300
Desharnais,5,GWO-ABE,30,0.3358888030052185,310
Desharnais,5,GWO-ABE,31,0.3405584692955017,320
Desharnais,5,GWO-ABE,32,0.3420718312263489,330
Desharnais,5,GWO-ABE,33,0.33406752347946167,340
Desharnais,5,GWO-ABE,34,0.3400045335292816,350
Desharnais,5,GWO-ABE,35,0.3394988179206848,360
Desharnais,5,GWO-ABE,36,0.3392646014690399,370
Desharnais,5,GWO-ABE,37,0.3358392119407654,380
Desharnais,5,GWO-ABE,38,0.34062841534614563,390
Desharnais,5,GWO-ABE,39,0.3382234275341034,400
Desharnais,5,GWO-ABE,40,0.3434760868549347,410
Desharnais,5,GWO-ABE,41,0.33846673369407654,420
Desharnais,5,GWO-ABE,42,0.34109699726104736,430
Desharnais,5,GWO-ABE,43,0.338899701833725,440
Desharnais,5,GWO-ABE,44,0.3402467966079712,450
Desharnais,5,GWO-ABE,45,0.33910438418388367,460
Desharnais,5,GWO-ABE,46,0.3347652852535248,470
Desharnais,5,GWO-ABE,47,0.3349608778953552,480
Desharnais,5,GWO-ABE,48,0.33537861704826355,490
Desharnais,5,GWO-ABE,49,0.3353278338909149,500
Desharnais,5,GWO-ABE,50,0.3357032239437103,510
Desharnais,5,GWO-ABE,51,0.3353244960308075,520
Desharnais,5,GWO-ABE,52,0.33745256066322327,530
Desharnais,5,GWO-ABE,53,0.33398911356925964,540
Desharnais,5,GWO-ABE,54,0.3346288502216339,550
Desharnais,5,GWO-ABE,55,0.3349190354347229,560
Desharnais,5,GWO-ABE,56,0.33462852239608765,570
Desharnais,5,GWO-ABE,57,0.33329010009765625,580
Desharnais,5,GWO-ABE,58,0.3320313096046448,590
Desharnais,5,GWO-ABE,59,0.3364534080028534,600
Desharnais,5,GWO-ABE,60,0.33506372570991516,610
Desharnais,5,GWO-ABE,61,0.3347473740577698,620
Desharnais,5,GWO-ABE,62,0.3320331871509552,630
Desharnais,5,GWO-ABE,63,0.33453038334846497,640
Desharnais,5,GWO-ABE,64,0.3353394865989685,650
Desharnais,5,GWO-ABE,65,0.33430245518684387,660
Desharnais,5,GWO-ABE,66,0.3354658782482147,670
Desharnais,5,GWO-ABE,67,0.33435648679733276,680
Desharnais,5,GWO-ABE,68,0.3369166851043701,690
Desharnais,5,GWO-ABE,69,0.33576327562332153,700
Desharnais,5,GWO-ABE,70,0.3341120779514313,710
Desharnais,5,GWO-ABE,71,0.33381417393684387,720
Desharnais,5,GWO-ABE,72,0.33483925461769104,730
Desharnais,5,GWO-ABE,73,0.3342490792274475,740
Desharnais,5,GWO-ABE,74,0.33216026425361633,750
Desharnais,5,GWO-ABE,75,0.3342820107936859,760
Desharnais,5,GWO-ABE,76,0.3342660963535309,770
Desharnais,5,GWO-ABE,77,0.3339346647262573,780
Desharnais,5,GWO-ABE,78,0.33411964774131775,790
Desharnais,5,GWO-ABE,79,0.3342806100845337,800
Desharnais,5,GWO-ABE,80,0.33390119671821594,810
Desharnais,5,GWO-ABE,81,0.33408617973327637,820
Desharnais,5,GWO-ABE,82,0.33400532603263855,830
Desharnais,5,GWO-ABE,83,0.3320392370223999,840
Desharnais,5,GWO-ABE,84,0.33406949043273926,850
Desharnais,5,GWO-ABE,85,0.3337500989437103,860
Desharnais,5,GWO-ABE,86,0.3339075446128845,870
Desharnais,5,GWO-ABE,87,0.33373817801475525,880
Desharnais,5,GWO-ABE,88,0.33361783623695374,890
Desharnais,5,GWO-ABE,89,0.3338242471218109,900
Desharnais,5,GWO-ABE,90,0.3337630331516266,910
Desharnais,5,GWO-ABE,91,0.3336823284626007,920
Desharnais,5,GWO-ABE,92,0.33371251821517944,930
Desharnais,5,GWO-ABE,93,0.3336023688316345,940
Desharnais,5,GWO-ABE,94,0.3336314260959625,950
Desharnais,5,GWO-ABE,95,0.3336476981639862,960
Desharnais,5,GWO-ABE,96,0.33368611335754395,970
Desharnais,5,GWO-ABE,97,0.3336706757545471,980
Desharnais,5,GWO-ABE,98,0.33367741107940674,990
Desharnais,5,GWO-ABE,99,0.3336714208126068,1000
Desharnais,5,WOA-ABE,0,0.4118702709674835,10
Desharnais,5,WOA-ABE,1,0.368930846452713,20
Desharnais,5,WOA-ABE,2,0.368930846452713,30
Desharnais,5,WOA-ABE,3,0.368930846452713,40
Desharnais,5,WOA-ABE,4,0.3689197897911072,50
Desharnais,5,WOA-ABE,5,0.3689197897911072,60
Desharnais,5,WOA-ABE,6,0.3689197897911072,70
Desharnais,5,WOA-ABE,7,0.3689197897911072,80
Desharnais,5,WOA-ABE,8,0.36890965700149536,90
Desharnais,5,WOA-ABE,9,0.36890965700149536,100
Desharnais,5,WOA-ABE,10,0.36890965700149536,110
Desharnais,5,WOA-ABE,11,0.36890965700149536,120
Desharnais,5,WOA-ABE,12,0.36890965700149536,130
Desharnais,5,WOA-ABE,13,0.36890965700149536,140
Desharnais,5,WOA-ABE,14,0.36890965700149536,150
Desharnais,5,WOA-ABE,15,0.36890965700149536,160
Desharnais,5,WOA-ABE,16,0.36890965700149536,170
Desharnais,5,WOA-ABE,17,0.36890965700149536,180
Desharnais,5,WOA-ABE,18,0.36890965700149536,190
Desharnais,5,WOA-ABE,19,0.36890965700149536,200
Desharnais,5,WOA-ABE,20,0.36890965700149536,210
Desharnais,5,WOA-ABE,21,0.36890965700149536,220
Desharnais,5,WOA-ABE,22,0.36890965700149536,230
Desharnais,5,WOA-ABE,23,0.3689095079898834,240
Desharnais,5,WOA-ABE,24,0.3689095079898834,250
Desharnais,5,WOA-ABE,25,0.3689095079898834,260
Desharnais,5,WOA-ABE,26,0.3689095079898834,270
Desharnais,5,WOA-ABE,27,0.3689095079898834,280
Desharnais,5,WOA-ABE,28,0.3689095079898834,290
Desharnais,5,WOA-ABE,29,0.36890947818756104,300
Desharnais,5,WOA-ABE,30,0.36890947818756104,310
Desharnais,5,WOA-ABE,31,0.36890947818756104,320
Desharnais,5,WOA-ABE,32,0.36890947818756104,330
Desharnais,5,WOA-ABE,33,0.36890947818756104,340
Desharnais,5,WOA-ABE,34,0.36890947818756104,350
Desharnais,5,WOA-ABE,35,0.36890947818756104,360
Desharnais,5,WOA-ABE,36,0.36890849471092224,370
Desharnais,5,WOA-ABE,37,0.36890849471092224,380
Desharnais,5,WOA-ABE,38,0.36890849471092224,390
Desharnais,5,WOA-ABE,39,0.36890849471092224,400
Desharnais,5,WOA-ABE,40,0.36890849471092224,410
Desharnais,5,WOA-ABE,41,0.36890822649002075,420
Desharnais,5,WOA-ABE,42,0.36890822649002075,430
Desharnais,5,WOA-ABE,43,0.36890822649002075,440
Desharnais,5,WOA-ABE,44,0.36890822649002075,450
Desharnais,5,WOA-ABE,45,0.36890822649002075,460
Desharnais,5,WOA-ABE,46,0.36890822649002075,470
Desharnais,5,WOA-ABE,47,0.3689059019088745,480
Desharnais,5,WOA-ABE,48,0.3689059019088745,490
Desharnais,5,WOA-ABE,49,0.3689059019088745,500
Desharnais,5,WOA-ABE,50,0.3689059019088745,510
Desharnais,5,WOA-ABE,51,0.3689059019088745,520
Desharnais,5,WOA-ABE,52,0.3689059019088745,530
Desharnais,5,WOA-ABE,53,0.3689059019088745,540
Desharnais,5,WOA-ABE,54,0.36890465021133423,550
Desharnais,5,WOA-ABE,55,0.36890465021133423,560
Desharnais,5,WOA-ABE,56,0.36890465021133423,570
Desharnais,5,WOA-ABE,57,0.36890432238578796,580
Desharnais,5,WOA-ABE,58,0.36890432238578796,590
Desharnais,5,WOA-ABE,59,0.36890432238578796,600
Desharnais,5,WOA-ABE,60,0.368899941444397,610
Desharnais,5,WOA-ABE,61,0.368899941444397,620
Desharnais,5,WOA-ABE,62,0.368899941444397,630
Desharnais,5,WOA-ABE,63,0.368899941444397,640
Desharnais,5,WOA-ABE,64,0.368899941444397,650
Desharnais,5,WOA-ABE,65,0.36889952421188354,660
Desharnais,5,WOA-ABE,66,0.36889952421188354,670
Desharnais,5,WOA-ABE,67,0.36889952421188354,680
Desharnais,5,WOA-ABE,68,0.36889952421188354,690
Desharnais,5,WOA-ABE,69,0.368899405002594,700
Desharnais,5,WOA-ABE,70,0.368899405002594,710
Desharnais,5,WOA-ABE,71,0.36889922618865967,720
Desharnais,5,WOA-ABE,72,0.36889922618865967,730
Desharnais,5,WOA-ABE,73,0.36889922618865967,740
Desharnais,5,WOA-ABE,74,0.36889922618865967,750
Desharnais,5,WOA-ABE,75,0.36889922618865967,760
Desharnais,5,WOA-ABE,76,0.36889922618865967,770
Desharnais,5,WOA-ABE,77,0.36889922618865967,780
Desharnais,5,WOA-ABE,78,0.36889922618865967,790
Desharnais,5,WOA-ABE,79,0.3687114417552948,800
Desharnais,5,WOA-ABE,80,0.3676006495952606,810
Desharnais,5,WOA-ABE,81,0.36630237102508545,820
Desharnais,5,WOA-ABE,82,0.36630237102508545,830
Desharnais,5,WOA-ABE,83,0.36622026562690735,840
Desharnais,5,WOA-ABE,84,0.3636030852794647,850
Desharnais,5,WOA-ABE,85,0.3636002838611603,860
Desharnais,5,WOA-ABE,86,0.3636002838611603,870
Desharnais,5,WOA-ABE,87,0.3635944128036499,880
Desharnais,5,WOA-ABE,88,0.3635944128036499,890
Desharnais,5,WOA-ABE,89,0.3635944128036499,900
Desharnais,5,WOA-ABE,90,0.3635939955711365,910
Desharnais,5,WOA-ABE,91,0.3635939955711365,920
Desharnais,5,WOA-ABE,92,0.36358535289764404,930
Desharnais,5,WOA-ABE,93,0.36357685923576355,940
Desharnais,5,WOA-ABE,94,0.363576203584671,950
Desharnais,5,WOA-ABE,95,0.363576203584671,960
Desharnais,5,WOA-ABE,96,0.363576203584671,970
Desharnais,5,WOA-ABE,97,0.3635733723640442,980
Desharnais,5,WOA-ABE,98,0.3635718524456024,990
Desharnais,5,WOA-ABE,99,0.3635677695274353,1000
Desharnais,5,FAABE,0,0.3898821771144867,10
Desharnais,5,FAABE,1,0.3898821771144867,20
Desharnais,5,FAABE,2,0.38739264011383057,30
Desharnais,5,FAABE,3,0.38739264011383057,40
Desharnais,5,FAABE,4,0.38739264011383057,50
Desharnais,5,FAABE,5,0.38739264011383057,60
Desharnais,5,FAABE,6,0.38739264011383057,70
Desharnais,5,FAABE,7,0.38739264011383057,80
Desharnais,5,FAABE,8,0.38739264011383057,90
Desharnais,5,FAABE,9,0.38739264011383057,100
Desharnais,5,FAABE,10,0.38739264011383057,110
Desharnais,5,FAABE,11,0.38739264011383057,120
Desharnais,5,FAABE,12,0.3820555508136749,130
Desharnais,5,FAABE,13,0.3820555508136749,140
Desharnais,5,FAABE,14,0.3820555508136749,150
Desharnais,5,FAABE,15,0.3820555508136749,160
Desharnais,5,FAABE,16,0.3820555508136749,170
Desharnais,5,FAABE,17,0.3820555508136749,180
Desharnais,5,FAABE,18,0.3820555508136749,190
Desharnais,5,FAABE,19,0.3820555508136749,200
Desharnais,5,FAABE,20,0.3820555508136749,210
Desharnais,5,FAABE,21,0.3820555508136749,220
Desharnais,5,FAABE,22,0.3820555508136749,230
Desharnais,5,FAABE,23,0.3820555508136749,240
Desharnais,5,FAABE,24,0.3820555508136749,250
Desharnais,5,FAABE,25,0.3820555508136749,260
Desharnais,5,FAABE,26,0.3820555508136749,270
Desharnais,5,FAABE,27,0.3820555508136749,280
Desharnais,5,FAABE,28,0.3820555508136749,290
Desharnais,5,FAABE,29,0.3820555508136749,300
Desharnais,5,FAABE,30,0.3820555508136749,310
Desharnais,5,FAABE,31,0.3820555508136749,320
Desharnais,5,FAABE,32,0.3820555508136749,330
Desharnais,5,FAABE,33,0.3820555508136749,340
Desharnais,5,FAABE,34,0.3820555508136749,350
Desharnais,5,FAABE,35,0.3820555508136749,360
Desharnais,5,FAABE,36,0.36504796147346497,370
Desharnais,5,FAABE,37,0.36504796147346497,380
Desharnais,5,FAABE,38,0.36504796147346497,390
Desharnais,5,FAABE,39,0.35644227266311646,400
Desharnais,5,FAABE,40,0.35644227266311646,410
Desharnais,5,FAABE,41,0.353736013174057,420
Desharnais,5,FAABE,42,0.34325143694877625,430
Desharnais,5,FAABE,43,0.34325143694877625,440
Desharnais,5,FAABE,44,0.34325143694877625,450
Desharnais,5,FAABE,45,0.34325143694877625,460
Desharnais,5,FAABE,46,0.34325143694877625,470
Desharnais,5,FAABE,47,0.34325143694877625,480
Desharnais,5,FAABE,48,0.34325143694877625,490
Desharnais,5,FAABE,49,0.34325143694877625,500
Desharnais,5,FAABE,50,0.34325143694877625,510
Desharnais,5,FAABE,51,0.34325143694877625,520
Desharnais,5,FAABE,52,0.34325143694877625,530
Desharnais,5,FAABE,53,0.34325143694877625,540
Desharnais,5,FAABE,54,0.34325143694877625,550
Desharnais,5,FAABE,55,0.34325143694877625,560
Desharnais,5,FAABE,56,0.34325143694877625,570
Desharnais,5,FAABE,57,0.34025371074676514,580
Desharnais,5,FAABE,58,0.34025371074676514,590
Desharnais,5,FAABE,59,0.34025371074676514,600
Desharnais,5,FAABE,60,0.34025371074676514,610
Desharnais,5,FAABE,61,0.34025371074676514,620
Desharnais,5,FAABE,62,0.34025371074676514,630
Desharnais,5,FAABE,63,0.34025371074676514,640
Desharnais,5,FAABE,64,0.34025371074676514,650
Desharnais,5,FAABE,65,0.34025371074676514,660
Desharnais,5,FAABE,66,0.34025371074676514,670
Desharnais,5,FAABE,67,0.34025371074676514,680
Desharnais,5,FAABE,68,0.34025371074676514,690
Desharnais,5,FAABE,69,0.34025371074676514,700
Desharnais,5,FAABE,70,0.34025371074676514,710
Desharnais,5,FAABE,71,0.34025371074676514,720
Desharnais,5,FAABE,72,0.34025371074676514,730
Desharnais,5,FAABE,73,0.34025371074676514,740
Desharnais,5,FAABE,74,0.34025371074676514,750
Desharnais,5,FAABE,75,0.34025371074676514,760
Desharnais,5,FAABE,76,0.34025371074676514,770
Desharnais,5,FAABE,77,0.34025371074676514,780
Desharnais,5,FAABE,78,0.34025371074676514,790
Desharnais,5,FAABE,79,0.34025371074676514,800
Desharnais,5,FAABE,80,0.34025371074676514,810
Desharnais,5,FAABE,81,0.34025371074676514,820
Desharnais,5,FAABE,82,0.34025371074676514,830
Desharnais,5,FAABE,83,0.34025371074676514,840
Desharnais,5,FAABE,84,0.34025371074676514,850
Desharnais,5,FAABE,85,0.34025371074676514,860
Desharnais,5,FAABE,86,0.34025371074676514,870
Desharnais,5,FAABE,87,0.34025371074676514,880
Desharnais,5,FAABE,88,0.34025371074676514,890
Desharnais,5,FAABE,89,0.34025371074676514,900
Desharnais,5,FAABE,90,0.34025371074676514,910
Desharnais,5,FAABE,91,0.34025371074676514,920
Desharnais,5,FAABE,92,0.34025371074676514,930
Desharnais,5,FAABE,93,0.34025371074676514,940
Desharnais,5,FAABE,94,0.34025371074676514,950
Desharnais,5,FAABE,95,0.34025371074676514,960
Desharnais,5,FAABE,96,0.34025371074676514,970
Desharnais,5,FAABE,97,0.34025371074676514,980
Desharnais,5,FAABE,98,0.34025371074676514,990
Desharnais,5,FAABE,99,0.34025371074676514,1000
Desharnais,6,GA-ABE,0,0.6210163235664368,10
Desharnais,6,GA-ABE,1,0.6194577217102051,20
Desharnais,6,GA-ABE,2,0.5843611359596252,30
Desharnais,6,GA-ABE,3,0.5725061893463135,40
Desharnais,6,GA-ABE,4,0.5617291331291199,50
Desharnais,6,GA-ABE,5,0.5617291331291199,60
Desharnais,6,GA-ABE,6,0.5617291331291199,70
Desharnais,6,GA-ABE,7,0.5617291331291199,80
Desharnais,6,GA-ABE,8,0.5614727735519409,90
Desharnais,6,GA-ABE,9,0.5614727735519409,100
Desharnais,6,GA-ABE,10,0.5599581003189087,110
Desharnais,6,GA-ABE,11,0.5599581003189087,120
Desharnais,6,GA-ABE,12,0.5599581003189087,130
Desharnais,6,GA-ABE,13,0.5599581003189087,140
Desharnais,6,GA-ABE,14,0.5599581003189087,150
Desharnais,6,GA-ABE,15,0.5599581003189087,160
Desharnais,6,GA-ABE,16,0.5559839606285095,170
Desharnais,6,GA-ABE,17,0.5559839606285095,180
Desharnais,6,GA-ABE,18,0.5551704168319702,190
Desharnais,6,GA-ABE,19,0.5551704168319702,200
Desharnais,6,GA-ABE,20,0.5551704168319702,210
Desharnais,6,GA-ABE,21,0.5551704168319702,220
Desharnais,6,GA-ABE,22,0.5551704168319702,230
Desharnais,6,GA-ABE,23,0.5551704168319702,240
Desharnais,6,GA-ABE,24,0.5551704168319702,250
Desharnais,6,GA-ABE,25,0.5551704168319702,260
Desharnais,6,GA-ABE,26,0.5551704168319702,270
Desharnais,6,GA-ABE,27,0.5551704168319702,280
Desharnais,6,GA-ABE,28,0.5551704168319702,290
Desharnais,6,GA-ABE,29,0.5551704168319702,300
Desharnais,6,GA-ABE,30,0.5551704168319702,310
Desharnais,6,GA-ABE,31,0.5551704168319702,320
Desharnais,6,GA-ABE,32,0.5551704168319702,330
Desharnais,6,GA-ABE,33,0.5551704168319702,340
Desharnais,6,GA-ABE,34,0.5551704168319702,350
Desharnais,6,GA-ABE,35,0.5551704168319702,360
Desharnais,6,GA-ABE,36,0.5551704168319702,370
Desharnais,6,GA-ABE,37,0.5525159239768982,380
Desharnais,6,GA-ABE,38,0.5525159239768982,390
Desharnais,6,GA-ABE,39,0.5525025725364685,400
Desharnais,6,GA-ABE,40,0.5525025725364685,410
Desharnais,6,GA-ABE,41,0.5525025725364685,420
Desharnais,6,GA-ABE,42,0.5525025725364685,430
Desharnais,6,GA-ABE,43,0.5525025725364685,440
Desharnais,6,GA-ABE,44,0.5525025725364685,450
Desharnais,6,GA-ABE,45,0.5525025725364685,460
Desharnais,6,GA-ABE,46,0.5525025725364685,470
Desharnais,6,GA-ABE,47,0.5525025725364685,480
Desharnais,6,GA-ABE,48,0.5525025725364685,490
Desharnais,6,GA-ABE,49,0.5525025725364685,500
Desharnais,6,GA-ABE,50,0.5525025725364685,510
Desharnais,6,GA-ABE,51,0.5525025725364685,520
Desharnais,6,GA-ABE,52,0.5525025725364685,530
Desharnais,6,GA-ABE,53,0.5525025725364685,540
Desharnais,6,GA-ABE,54,0.5525025725364685,550
Desharnais,6,GA-ABE,55,0.5525025725364685,560
Desharnais,6,GA-ABE,56,0.5525025725364685,570
Desharnais,6,GA-ABE,57,0.5525025725364685,580
Desharnais,6,GA-ABE,58,0.552498459815979,590
Desharnais,6,GA-ABE,59,0.552498459815979,600
Desharnais,6,GA-ABE,60,0.552498459815979,610
Desharnais,6,GA-ABE,61,0.552498459815979,620
Desharnais,6,GA-ABE,62,0.552498459815979,630
Desharnais,6,GA-ABE,63,0.5524933934211731,640
Desharnais,6,GA-ABE,64,0.5524933934211731,650
Desharnais,6,GA-ABE,65,0.5524933934211731,660
Desharnais,6,GA-ABE,66,0.5524933934211731,670
Desharnais,6,GA-ABE,67,0.5524933934211731,680
Desharnais,6,GA-ABE,68,0.5524933934211731,690
Desharnais,6,GA-ABE,69,0.5524933934211731,700
Desharnais,6,GA-ABE,70,0.5524933934211731,710
Desharnais,6,GA-ABE,71,0.5524933934211731,720
Desharnais,6,GA-ABE,72,0.5524933934211731,730
Desharnais,6,GA-ABE,73,0.5524933934211731,740
Desharnais,6,GA-ABE,74,0.5524933934211731,750
Desharnais,6,GA-ABE,75,0.5524933934211731,760
Desharnais,6,GA-ABE,76,0.5524933934211731,770
Desharnais,6,GA-ABE,77,0.5524933934211731,780
Desharnais,6,GA-ABE,78,0.5524933934211731,790
Desharnais,6,GA-ABE,79,0.5524933934211731,800
Desharnais,6,GA-ABE,80,0.5524933934211731,810
Desharnais,6,GA-ABE,81,0.5524933934211731,820
Desharnais,6,GA-ABE,82,0.5524933934211731,830
Desharnais,6,GA-ABE,83,0.5524933934211731,840
Desharnais,6,GA-ABE,84,0.5524933934211731,850
Desharnais,6,GA-ABE,85,0.5524933934211731,860
Desharnais,6,GA-ABE,86,0.5524933934211731,870
Desharnais,6,GA-ABE,87,0.5524933934211731,880
Desharnais,6,GA-ABE,88,0.5524933934211731,890
Desharnais,6,GA-ABE,89,0.5524933934211731,900
Desharnais,6,GA-ABE,90,0.5524933934211731,910
Desharnais,6,GA-ABE,91,0.5524933934211731,920
Desharnais,6,GA-ABE,92,0.5524933934211731,930
Desharnais,6,GA-ABE,93,0.5524933934211731,940
Desharnais,6,GA-ABE,94,0.5524933934211731,950
Desharnais,6,GA-ABE,95,0.5524933934211731,960
Desharnais,6,GA-ABE,96,0.5524933934211731,970
Desharnais,6,GA-ABE,97,0.5524933934211731,980
Desharnais,6,GA-ABE,98,0.5524933934211731,990
Desharnais,6,GA-ABE,99,0.5524933934211731,1000
Desharnais,6,PSO-ABE,0,0.6286148428916931,10
Desharnais,6,PSO-ABE,1,0.6286148428916931,20
Desharnais,6,PSO-ABE,2,0.6165021061897278,30
Desharnais,6,PSO-ABE,3,0.6165021061897278,40
Desharnais,6,PSO-ABE,4,0.6147943139076233,50
Desharnais,6,PSO-ABE,5,0.6147943139076233,60
Desharnais,6,PSO-ABE,6,0.6067118048667908,70
Desharnais,6,PSO-ABE,7,0.6067118048667908,80
Desharnais,6,PSO-ABE,8,0.6067118048667908,90
Desharnais,6,PSO-ABE,9,0.6067118048667908,100
Desharnais,6,PSO-ABE,10,0.6067118048667908,110
Desharnais,6,PSO-ABE,11,0.6066471934318542,120
Desharnais,6,PSO-ABE,12,0.6066471934318542,130
Desharnais,6,PSO-ABE,13,0.6020702123641968,140
Desharnais,6,PSO-ABE,14,0.6020702123641968,150
Desharnais,6,PSO-ABE,15,0.6020702123641968,160
Desharnais,6,PSO-ABE,16,0.6020702123641968,170
Desharnais,6,PSO-ABE,17,0.6020702123641968,180
Desharnais,6,PSO-ABE,18,0.6020678281784058,190
Desharnais,6,PSO-ABE,19,0.6020678281784058,200
Desharnais,6,PSO-ABE,20,0.6020678281784058,210
Desharnais,6,PSO-ABE,21,0.6020678281784058,220
Desharnais,6,PSO-ABE,22,0.6020678281784058,230
Desharnais,6,PSO-ABE,23,0.6020286083221436,240
Desharnais,6,PSO-ABE,24,0.6020286083221436,250
Desharnais,6,PSO-ABE,25,0.6020286083221436,260
Desharnais,6,PSO-ABE,26,0.6020286083221436,270
Desharnais,6,PSO-ABE,27,0.6020286083221436,280
Desharnais,6,PSO-ABE,28,0.6020286083221436,290
Desharnais,6,PSO-ABE,29,0.6020286083221436,300
Desharnais,6,PSO-ABE,30,0.6020286083221436,310
Desharnais,6,PSO-ABE,31,0.6020286083221436,320
Desharnais,6,PSO-ABE,32,0.6020286083221436,330
Desharnais,6,PSO-ABE,33,0.6020286083221436,340
Desharnais,6,PSO-ABE,34,0.6020286083221436,350
Desharnais,6,PSO-ABE,35,0.6020286083221436,360
Desharnais,6,PSO-ABE,36,0.6020286083221436,370
Desharnais,6,PSO-ABE,37,0.6020286083221436,380
Desharnais,6,PSO-ABE,38,0.6020286083221436,390
Desharnais,6,PSO-ABE,39,0.6020286083221436,400
Desharnais,6,PSO-ABE,40,0.6020286083221436,410
Desharnais,6,PSO-ABE,41,0.6020286083221436,420
Desharnais,6,PSO-ABE,42,0.6020286083221436,430
Desharnais,6,PSO-ABE,43,0.6020280718803406,440
Desharnais,6,PSO-ABE,44,0.6020280718803406,450
Desharnais,6,PSO-ABE,45,0.60202556848526,460
Desharnais,6,PSO-ABE,46,0.6020201444625854,470
Desharnais,6,PSO-ABE,47,0.6020201444625854,480
Desharnais,6,PSO-ABE,48,0.6020127534866333,490
Desharnais,6,PSO-ABE,49,0.6020127534866333,500
Desharnais,6,PSO-ABE,50,0.6020127534866333,510
Desharnais,6,PSO-ABE,51,0.6020127534866333,520
Desharnais,6,PSO-ABE,52,0.6020127534866333,530
Desharnais,6,PSO-ABE,53,0.6020127534866333,540
Desharnais,6,PSO-ABE,54,0.6020127534866333,550
Desharnais,6,PSO-ABE,55,0.6019956469535828,560
Desharnais,6,PSO-ABE,56,0.6019956469535828,570
Desharnais,6,PSO-ABE,57,0.6019903421401978,580
Desharnais,6,PSO-ABE,58,0.6019903421401978,590
Desharnais,6,PSO-ABE,59,0.6019903421401978,600
Desharnais,6,PSO-ABE,60,0.6019812822341919,610
Desharnais,6,PSO-ABE,61,0.6019812822341919,620
Desharnais,6,PSO-ABE,62,0.6019812822341919,630
Desharnais,6,PSO-ABE,63,0.6019812822341919,640
Desharnais,6,PSO-ABE,64,0.6019812822341919,650
Desharnais,6,PSO-ABE,65,0.6019812822341919,660
Desharnais,6,PSO-ABE,66,0.6019812822341919,670
Desharnais,6,PSO-ABE,67,0.6019812822341919,680
Desharnais,6,PSO-ABE,68,0.6019812822341919,690
Desharnais,6,PSO-ABE,69,0.6019812822341919,700
Desharnais,6,PSO-ABE,70,0.6019812822341919,710
Desharnais,6,PSO-ABE,71,0.6019812822341919,720
Desharnais,6,PSO-ABE,72,0.6019812822341919,730
Desharnais,6,PSO-ABE,73,0.6019812822341919,740
Desharnais,6,PSO-ABE,74,0.6019812822341919,750
Desharnais,6,PSO-ABE,75,0.6019812822341919,760
Desharnais,6,PSO-ABE,76,0.6019812822341919,770
Desharnais,6,PSO-ABE,77,0.6019812822341919,780
Desharnais,6,PSO-ABE,78,0.6019812822341919,790
Desharnais,6,PSO-ABE,79,0.6019812822341919,800
Desharnais,6,PSO-ABE,80,0.6019812822341919,810
Desharnais,6,PSO-ABE,81,0.6019806265830994,820
Desharnais,6,PSO-ABE,82,0.6019797325134277,830
Desharnais,6,PSO-ABE,83,0.6019790768623352,840
Desharnais,6,PSO-ABE,84,0.6019786596298218,850
Desharnais,6,PSO-ABE,85,0.6019783020019531,860
Desharnais,6,PSO-ABE,86,0.6019783020019531,870
Desharnais,6,PSO-ABE,87,0.6019781827926636,880
Desharnais,6,PSO-ABE,88,0.6019781827926636,890
Desharnais,6,PSO-ABE,89,0.6019781827926636,900
Desharnais,6,PSO-ABE,90,0.6019781827926636,910
Desharnais,6,PSO-ABE,91,0.601978063583374,920
Desharnais,6,PSO-ABE,92,0.6019779443740845,930
Desharnais,6,PSO-ABE,93,0.6019779443740845,940
Desharnais,6,PSO-ABE,94,0.6019779443740845,950
Desharnais,6,PSO-ABE,95,0.6019779443740845,960
Desharnais,6,PSO-ABE,96,0.6019779443740845,970
Desharnais,6,PSO-ABE,97,0.6019779443740845,980
Desharnais,6,PSO-ABE,98,0.6019779443740845,990
Desharnais,6,PSO-ABE,99,0.6019779443740845,1000
Desharnais,6,DE-ABE,0,0.6256189346313477,10
Desharnais,6,DE-ABE,1,0.6125545501708984,20
Desharnais,6,DE-ABE,2,0.5917556881904602,30
Desharnais,6,DE-ABE,3,0.5917556881904602,40
Desharnais,6,DE-ABE,4,0.5816607475280762,50
Desharnais,6,DE-ABE,5,0.5814222693443298,60
Desharnais,6,DE-ABE,6,0.5799371004104614,70
Desharnais,6,DE-ABE,7,0.5799371004104614,80
Desharnais,6,DE-ABE,8,0.5733001828193665,90
Desharnais,6,DE-ABE,9,0.5713302493095398,100
Desharnais,6,DE-ABE,10,0.5713302493095398,110
Desharnais,6,DE-ABE,11,0.5713302493095398,120
Desharnais,6,DE-ABE,12,0.5524566769599915,130
Desharnais,6,DE-ABE,13,0.5524566769599915,140
Desharnais,6,DE-ABE,14,0.5524566769599915,150
Desharnais,6,DE-ABE,15,0.5460416078567505,160
Desharnais,6,DE-ABE,16,0.5460416078567505,170
Desharnais,6,DE-ABE,17,0.5460416078567505,180
Desharnais,6,DE-ABE,18,0.5460416078567505,190
Desharnais,6,DE-ABE,19,0.5460416078567505,200
Desharnais,6,DE-ABE,20,0.5460357666015625,210
Desharnais,6,DE-ABE,21,0.5460357666015625,220
Desharnais,6,DE-ABE,22,0.5460092425346375,230
Desharnais,6,DE-ABE,23,0.5460092425346375,240
Desharnais,6,DE-ABE,24,0.5460092425346375,250
Desharnais,6,DE-ABE,25,0.5441359281539917,260
Desharnais,6,DE-ABE,26,0.5439596176147461,270
Desharnais,6,DE-ABE,27,0.5439596176147461,280
Desharnais,6,DE-ABE,28,0.5439596176147461,290
Desharnais,6,DE-ABE,29,0.5439596176147461,300
Desharnais,6,DE-ABE,30,0.5419495701789856,310
Desharnais,6,DE-ABE,31,0.5418359637260437,320
Desharnais,6,DE-ABE,32,0.5418359637260437,330
Desharnais,6,DE-ABE,33,0.5418359637260437,340
Desharnais,6,DE-ABE,34,0.5418359637260437,350
Desharnais,6,DE-ABE,35,0.5418359637260437,360
Desharnais,6,DE-ABE,36,0.5402330756187439,370
Desharnais,6,DE-ABE,37,0.5400851368904114,380
Desharnais,6,DE-ABE,38,0.5400851368904114,390
Desharnais,6,DE-ABE,39,0.5395002961158752,400
Desharnais,6,DE-ABE,40,0.5394670963287354,410
Desharnais,6,DE-ABE,41,0.5394670963287354,420
Desharnais,6,DE-ABE,42,0.5394670963287354,430
Desharnais,6,DE-ABE,43,0.5378109216690063,440
Desharnais,6,DE-ABE,44,0.5378109216690063,450
Desharnais,6,DE-ABE,45,0.5378109216690063,460
Desharnais,6,DE-ABE,46,0.5378109216690063,470
Desharnais,6,DE-ABE,47,0.5378109216690063,480
Desharnais,6,DE-ABE,48,0.5378109216690063,490
Desharnais,6,DE-ABE,49,0.5378109216690063,500
Desharnais,6,DE-ABE,50,0.5378046035766602,510
Desharnais,6,DE-ABE,51,0.5378046035766602,520
Desharnais,6,DE-ABE,52,0.5377782583236694,530
Desharnais,6,DE-ABE,53,0.5377782583236694,540
Desharnais,6,DE-ABE,54,0.5377782583236694,550
Desharnais,6,DE-ABE,55,0.5377692580223083,560
Desharnais,6,DE-ABE,56,0.5377692580223083,570
Desharnais,6,DE-ABE,57,0.5377647876739502,580
Desharnais,6,DE-ABE,58,0.5377647876739502,590
Desharnais,6,DE-ABE,59,0.537745475769043,600
Desharnais,6,DE-ABE,60,0.5377382636070251,610
Desharnais,6,DE-ABE,61,0.5377369523048401,620
Desharnais,6,DE-ABE,62,0.5377369523048401,630
Desharnais,6,DE-ABE,63,0.5377369523048401,640
Desharnais,6,DE-ABE,64,0.5377341508865356,650
Desharnais,6,DE-ABE,65,0.5377331376075745,660
Desharnais,6,DE-ABE,66,0.5377280116081238,670
Desharnais,6,DE-ABE,67,0.537722110748291,680
Desharnais,6,DE-ABE,68,0.537722110748291,690
Desharnais,6,DE-ABE,69,0.537722110748291,700
Desharnais,6,DE-ABE,70,0.537722110748291,710
Desharnais,6,DE-ABE,71,0.537722110748291,720
Desharnais,6,DE-ABE,72,0.537722110748291,730
Desharnais,6,DE-ABE,73,0.537722110748291,740
Desharnais,6,DE-ABE,74,0.537722110748291,750
Desharnais,6,DE-ABE,75,0.5377203226089478,760
Desharnais,6,DE-ABE,76,0.5377192497253418,770
Desharnais,6,DE-ABE,77,0.537714421749115,780
Desharnais,6,DE-ABE,78,0.537714421749115,790
Desharnais,6,DE-ABE,79,0.537714421749115,800
Desharnais,6,DE-ABE,80,0.537714421749115,810
Desharnais,6,DE-ABE,81,0.537714421749115,820
Desharnais,6,DE-ABE,82,0.537714421749115,830
Desharnais,6,DE-ABE,83,0.5377137064933777,840
Desharnais,6,DE-ABE,84,0.5377137064933777,850
Desharnais,6,DE-ABE,85,0.5377137064933777,860
Desharnais,6,DE-ABE,86,0.5377137064933777,870
Desharnais,6,DE-ABE,87,0.5377131104469299,880
Desharnais,6,DE-ABE,88,0.5377131104469299,890
Desharnais,6,DE-ABE,89,0.5377131104469299,900
Desharnais,6,DE-ABE,90,0.5377131104469299,910
Desharnais,6,DE-ABE,91,0.5377129316329956,920
Desharnais,6,DE-ABE,92,0.5377129316329956,930
Desharnais,6,DE-ABE,93,0.5377129316329956,940
Desharnais,6,DE-ABE,94,0.5377122759819031,950
Desharnais,6,DE-ABE,95,0.5377122759819031,960
Desharnais,6,DE-ABE,96,0.5377122759819031,970
Desharnais,6,DE-ABE,97,0.5377120971679688,980
Desharnais,6,DE-ABE,98,0.5377119779586792,990
Desharnais,6,DE-ABE,99,0.5377117395401001,1000
Desharnais,6,GWO-ABE,0,0.6270819902420044,10
Desharnais,6,GWO-ABE,1,0.6266211867332458,20
Desharnais,6,GWO-ABE,2,0.6222849488258362,30
Desharnais,6,GWO-ABE,3,0.6154263615608215,40
Desharnais,6,GWO-ABE,4,0.5904411673545837,50
Desharnais,6,GWO-ABE,5,0.6284218430519104,60
Desharnais,6,GWO-ABE,6,0.6201387047767639,70
Desharnais,6,GWO-ABE,7,0.6026884913444519,80
Desharnais,6,GWO-ABE,8,0.5939489006996155,90
Desharnais,6,GWO-ABE,9,0.6073394417762756,100
Desharnais,6,GWO-ABE,10,0.6067476272583008,110
Desharnais,6,GWO-ABE,11,0.5959246158599854,120
Desharnais,6,GWO-ABE,12,0.6130239963531494,130
Desharnais,6,GWO-ABE,13,0.5978876352310181,140
Desharnais,6,GWO-ABE,14,0.6089586019515991,150
Desharnais,6,GWO-ABE,15,0.6137990355491638,160
Desharnais,6,GWO-ABE,16,0.6101434826850891,170
Desharnais,6,GWO-ABE,17,0.5996690392494202,180
Desharnais,6,GWO-ABE,18,0.6123582720756531,190
Desharnais,6,GWO-ABE,19,0.6152285933494568,200
Desharnais,6,GWO-ABE,20,0.6106909513473511,210
Desharnais,6,GWO-ABE,21,0.6087450385093689,220
Desharnais,6,GWO-ABE,22,0.5971171855926514,230
Desharnais,6,GWO-ABE,23,0.6037485003471375,240
Desharnais,6,GWO-ABE,24,0.6016272306442261,250
Desharnais,6,GWO-ABE,25,0.6089246273040771,260
Desharnais,6,GWO-ABE,26,0.6083877682685852,270
Desharnais,6,GWO-ABE,27,0.614948034286499,280
Desharnais,6,GWO-ABE,28,0.6074333786964417,290
Desharnais,6,GWO-ABE,29,0.6186618804931641,300
Desharnais,6,GWO-ABE,30,0.6118397116661072,310
Desharnais,6,GWO-ABE,31,0.6168899536132812,320
Desharnais,6,GWO-ABE,32,0.6115395426750183,330
Desharnais,6,GWO-ABE,33,0.6078062057495117,340
Desharnais,6,GWO-ABE,34,0.6102113127708435,350
Desharnais,6,GWO-ABE,35,0.6060587167739868,360
Desharnais,6,GWO-ABE,36,0.6088992953300476,370
Desharnais,6,GWO-ABE,37,0.6124745607376099,380
Desharnais,6,GWO-ABE,38,0.603351891040802,390
Desharnais,6,GWO-ABE,39,0.6157252788543701,400
Desharnais,6,GWO-ABE,40,0.6183127164840698,410
Desharnais,6,GWO-ABE,41,0.6096151471138,420
Desharnais,6,GWO-ABE,42,0.6210700273513794,430
Desharnais,6,GWO-ABE,43,0.6121440529823303,440
Desharnais,6,GWO-ABE,44,0.6115201115608215,450
Desharnais,6,GWO-ABE,45,0.6057270765304565,460
Desharnais,6,GWO-ABE,46,0.6145860552787781,470
Desharnais,6,GWO-ABE,47,0.6087186932563782,480
Desharnais,6,GWO-ABE,48,0.605510950088501,490
Desharnais,6,GWO-ABE,49,0.6054243445396423,500
Desharnais,6,GWO-ABE,50,0.6027172803878784,510
Desharnais,6,GWO-ABE,51,0.6152018904685974,520
Desharnais,6,GWO-ABE,52,0.6054970026016235,530
Desharnais,6,GWO-ABE,53,0.6134145259857178,540
Desharnais,6,GWO-ABE,54,0.6084573864936829,550
Desharnais,6,GWO-ABE,55,0.6123481392860413,560
Desharnais,6,GWO-ABE,56,0.6045145392417908,570
Desharnais,6,GWO-ABE,57,0.6056855916976929,580
Desharnais,6,GWO-ABE,58,0.6144914031028748,590
Desharnais,6,GWO-ABE,59,0.6049908399581909,600
Desharnais,6,GWO-ABE,60,0.6072339415550232,610
Desharnais,6,GWO-ABE,61,0.5971554517745972,620
Desharnais,6,GWO-ABE,62,0.6125572323799133,630
Desharnais,6,GWO-ABE,63,0.6067273020744324,640
Desharnais,6,GWO-ABE,64,0.6064658761024475,650
Desharnais,6,GWO-ABE,65,0.5991449952125549,660
Desharnais,6,GWO-ABE,66,0.6126887798309326,670
Desharnais,6,GWO-ABE,67,0.5994082093238831,680
Desharnais,6,GWO-ABE,68,0.5983694195747375,690
Desharnais,6,GWO-ABE,69,0.5986461639404297,700
Desharnais,6,GWO-ABE,70,0.5894322395324707,710
Desharnais,6,GWO-ABE,71,0.5889692306518555,720
Desharnais,6,GWO-ABE,72,0.5888347625732422,730
Desharnais,6,GWO-ABE,73,0.5913864970207214,740
Desharnais,6,GWO-ABE,74,0.5973783731460571,750
Desharnais,6,GWO-ABE,75,0.5979006886482239,760
Desharnais,6,GWO-ABE,76,0.5894877910614014,770
Desharnais,6,GWO-ABE,77,0.5903323292732239,780
Desharnais,6,GWO-ABE,78,0.5875696539878845,790
Desharnais,6,GWO-ABE,79,0.590093195438385,800
Desharnais,6,GWO-ABE,80,0.588535487651825,810
Desharnais,6,GWO-ABE,81,0.5855190753936768,820
Desharnais,6,GWO-ABE,82,0.5888532996177673,830
Desharnais,6,GWO-ABE,83,0.5888624787330627,840
Desharnais,6,GWO-ABE,84,0.5888175368309021,850
Desharnais,6,GWO-ABE,85,0.5856741666793823,860
Desharnais,6,GWO-ABE,86,0.5855618715286255,870
Desharnais,6,GWO-ABE,87,0.5869290232658386,880
Desharnais,6,GWO-ABE,88,0.5898144841194153,890
Desharnais,6,GWO-ABE,89,0.5873285531997681,900
Desharnais,6,GWO-ABE,90,0.5886921882629395,910
Desharnais,6,GWO-ABE,91,0.5886768102645874,920
Desharnais,6,GWO-ABE,92,0.5875269174575806,930
Desharnais,6,GWO-ABE,93,0.5867230892181396,940
Desharnais,6,GWO-ABE,94,0.5874597430229187,950
Desharnais,6,GWO-ABE,95,0.5867533087730408,960
Desharnais,6,GWO-ABE,96,0.5874181985855103,970
Desharnais,6,GWO-ABE,97,0.5873920917510986,980
Desharnais,6,GWO-ABE,98,0.5872951149940491,990
Desharnais,6,GWO-ABE,99,0.5872962474822998,1000
Desharnais,6,WOA-ABE,0,0.5835123658180237,10
Desharnais,6,WOA-ABE,1,0.5818687081336975,20
Desharnais,6,WOA-ABE,2,0.5818687081336975,30
Desharnais,6,WOA-ABE,3,0.5818687081336975,40
Desharnais,6,WOA-ABE,4,0.5774019956588745,50
Desharnais,6,WOA-ABE,5,0.5603837370872498,60
Desharnais,6,WOA-ABE,6,0.5593928694725037,70
Desharnais,6,WOA-ABE,7,0.5593928694725037,80
Desharnais,6,WOA-ABE,8,0.5497439503669739,90
Desharnais,6,WOA-ABE,9,0.5497439503669739,100
Desharnais,6,WOA-ABE,10,0.5464382171630859,110
Desharnais,6,WOA-ABE,11,0.5409519076347351,120
Desharnais,6,WOA-ABE,12,0.5409519076347351,130
Desharnais,6,WOA-ABE,13,0.5402546525001526,140
Desharnais,6,WOA-ABE,14,0.5402546525001526,150
Desharnais,6,WOA-ABE,15,0.5402541160583496,160
Desharnais,6,WOA-ABE,16,0.5402541160583496,170
Desharnais,6,WOA-ABE,17,0.5402286648750305,180
Desharnais,6,WOA-ABE,18,0.5367595553398132,190
Desharnais,6,WOA-ABE,19,0.5367595553398132,200
Desharnais,6,WOA-ABE,20,0.5367595553398132,210
Desharnais,6,WOA-ABE,21,0.5367595553398132,220
Desharnais,6,WOA-ABE,22,0.5367595553398132,230
Desharnais,6,WOA-ABE,23,0.5367595553398132,240
Desharnais,6,WOA-ABE,24,0.5367595553398132,250
Desharnais,6,WOA-ABE,25,0.533424973487854,260
Desharnais,6,WOA-ABE,26,0.533424973487854,270
Desharnais,6,WOA-ABE,27,0.5318012237548828,280
Desharnais,6,WOA-ABE,28,0.5318012237548828,290
Desharnais,6,WOA-ABE,29,0.5317409038543701,300
Desharnais,6,WOA-ABE,30,0.5317409038543701,310
Desharnais,6,WOA-ABE,31,0.5317328572273254,320
Desharnais,6,WOA-ABE,32,0.5317328572273254,330
Desharnais,6,WOA-ABE,33,0.5317328572273254,340
Desharnais,6,WOA-ABE,34,0.531731367111206,350
Desharnais,6,WOA-ABE,35,0.531731367111206,360
Desharnais,6,WOA-ABE,36,0.531731367111206,370
Desharnais,6,WOA-ABE,37,0.531731367111206,380
Desharnais,6,WOA-ABE,38,0.531731367111206,390
Desharnais,6,WOA-ABE,39,0.531731367111206,400
Desharnais,6,WOA-ABE,40,0.531731367111206,410
Desharnais,6,WOA-ABE,41,0.531731367111206,420
Desharnais,6,WOA-ABE,42,0.5316992998123169,430
Desharnais,6,WOA-ABE,43,0.5316992998123169,440
Desharnais,6,WOA-ABE,44,0.5316992998123169,450
Desharnais,6,WOA-ABE,45,0.5316992998123169,460
Desharnais,6,WOA-ABE,46,0.5316992998123169,470
Desharnais,6,WOA-ABE,47,0.5316992998123169,480
Desharnais,6,WOA-ABE,48,0.5316992998123169,490
Desharnais,6,WOA-ABE,49,0.53165203332901,500
Desharnais,6,WOA-ABE,50,0.53165203332901,510
Desharnais,6,WOA-ABE,51,0.53165203332901,520
Desharnais,6,WOA-ABE,52,0.53165203332901,530
Desharnais,6,WOA-ABE,53,0.5316516160964966,540
Desharnais,6,WOA-ABE,54,0.5316516160964966,550
Desharnais,6,WOA-ABE,55,0.5316516160964966,560
Desharnais,6,WOA-ABE,56,0.5316516160964966,570
Desharnais,6,WOA-ABE,57,0.5316516160964966,580
Desharnais,6,WOA-ABE,58,0.5316241979598999,590
Desharnais,6,WOA-ABE,59,0.5316192507743835,600
Desharnais,6,WOA-ABE,60,0.5316192507743835,610
Desharnais,6,WOA-ABE,61,0.5316192507743835,620
Desharnais,6,WOA-ABE,62,0.5316192507743835,630
Desharnais,6,WOA-ABE,63,0.5316192507743835,640
Desharnais,6,WOA-ABE,64,0.5316192507743835,650
Desharnais,6,WOA-ABE,65,0.5316192507743835,660
Desharnais,6,WOA-ABE,66,0.5316192507743835,670
Desharnais,6,WOA-ABE,67,0.5316192507743835,680
Desharnais,6,WOA-ABE,68,0.5316192507743835,690
Desharnais,6,WOA-ABE,69,0.5316192507743835,700
Desharnais,6,WOA-ABE,70,0.5316119194030762,710
Desharnais,6,WOA-ABE,71,0.5316119194030762,720
Desharnais,6,WOA-ABE,72,0.5316119194030762,730
Desharnais,6,WOA-ABE,73,0.5316119194030762,740
Desharnais,6,WOA-ABE,74,0.5316119194030762,750
Desharnais,6,WOA-ABE,75,0.5316119194030762,760
Desharnais,6,WOA-ABE,76,0.5316119194030762,770
Desharnais,6,WOA-ABE,77,0.5316119194030762,780
Desharnais,6,WOA-ABE,78,0.5316119194030762,790
Desharnais,6,WOA-ABE,79,0.5316119194030762,800
Desharnais,6,WOA-ABE,80,0.5316119194030762,810
Desharnais,6,WOA-ABE,81,0.5315849781036377,820
Desharnais,6,WOA-ABE,82,0.5315849781036377,830
Desharnais,6,WOA-ABE,83,0.5315849781036377,840
Desharnais,6,WOA-ABE,84,0.5315812826156616,850
Desharnais,6,WOA-ABE,85,0.5315588116645813,860
Desharnais,6,WOA-ABE,86,0.5315588116645813,870
Desharnais,6,WOA-ABE,87,0.5315588116645813,880
Desharnais,6,WOA-ABE,88,0.5315588116645813,890
Desharnais,6,WOA-ABE,89,0.5315588116645813,900
Desharnais,6,WOA-ABE,90,0.5315588116645813,910
Desharnais,6,WOA-ABE,91,0.5315465927124023,920
Desharnais,6,WOA-ABE,92,0.5315409302711487,930
Desharnais,6,WOA-ABE,93,0.5315409302711487,940
Desharnais,6,WOA-ABE,94,0.5315409302711487,950
Desharnais,6,WOA-ABE,95,0.5315408706665039,960
Desharnais,6,WOA-ABE,96,0.5315304398536682,970
Desharnais,6,WOA-ABE,97,0.5315304398536682,980
Desharnais,6,WOA-ABE,98,0.5315304398536682,990
Desharnais,6,WOA-ABE,99,0.5315304398536682,1000
Desharnais,6,FAABE,0,0.6135543584823608,10
Desharnais,6,FAABE,1,0.6135543584823608,20
Desharnais,6,FAABE,2,0.6135543584823608,30
Desharnais,6,FAABE,3,0.6135543584823608,40
Desharnais,6,FAABE,4,0.6135543584823608,50
Desharnais,6,FAABE,5,0.6135543584823608,60
Desharnais,6,FAABE,6,0.5978651642799377,70
Desharnais,6,FAABE,7,0.5978651642799377,80
Desharnais,6,FAABE,8,0.5978651642799377,90
Desharnais,6,FAABE,9,0.5978651642799377,100
Desharnais,6,FAABE,10,0.5978651642799377,110
Desharnais,6,FAABE,11,0.5978651642799377,120
Desharnais,6,FAABE,12,0.5978651642799377,130
Desharnais,6,FAABE,13,0.5978651642799377,140
Desharnais,6,FAABE,14,0.5978651642799377,150
Desharnais,6,FAABE,15,0.5978651642799377,160
Desharnais,6,FAABE,16,0.5978651642799377,170
Desharnais,6,FAABE,17,0.5978651642799377,180
Desharnais,6,FAABE,18,0.5978651642799377,190
Desharnais,6,FAABE,19,0.5978651642799377,200
Desharnais,6,FAABE,20,0.5978651642799377,210
Desharnais,6,FAABE,21,0.5978651642799377,220
Desharnais,6,FAABE,22,0.5957176685333252,230
Desharnais,6,FAABE,23,0.5957176685333252,240
Desharnais,6,FAABE,24,0.5940769910812378,250
Desharnais,6,FAABE,25,0.5940769910812378,260
Desharnais,6,FAABE,26,0.5940769910812378,270
Desharnais,6,FAABE,27,0.5940769910812378,280
Desharnais,6,FAABE,28,0.5940769910812378,290
Desharnais,6,FAABE,29,0.5878040790557861,300
Desharnais,6,FAABE,30,0.5878040790557861,310
Desharnais,6,FAABE,31,0.5878040790557861,320
Desharnais,6,FAABE,32,0.5878040790557861,330
Desharnais,6,FAABE,33,0.5878040790557861,340
Desharnais,6,FAABE,34,0.5878040790557861,350
Desharnais,6,FAABE,35,0.5878040790557861,360
Desharnais,6,FAABE,36,0.5878040790557861,370
Desharnais,6,FAABE,37,0.5878040790557861,380
Desharnais,6,FAABE,38,0.5717453360557556,390
Desharnais,6,FAABE,39,0.5717453360557556,400
Desharnais,6,FAABE,40,0.5717453360557556,410
Desharnais,6,FAABE,41,0.5717453360557556,420
Desharnais,6,FAABE,42,0.5717453360557556,430
Desharnais,6,FAABE,43,0.5717453360557556,440
Desharnais,6,FAABE,44,0.5717453360557556,450
Desharnais,6,FAABE,45,0.5717453360557556,460
Desharnais,6,FAABE,46,0.5712632536888123,470
Desharnais,6,FAABE,47,0.5607653260231018,480
Desharnais,6,FAABE,48,0.5607653260231018,490
Desharnais,6,FAABE,49,0.5607653260231018,500
Desharnais,6,FAABE,50,0.5607653260231018,510
Desharnais,6,FAABE,51,0.5607653260231018,520
Desharnais,6,FAABE,52,0.5607653260231018,530
Desharnais,6,FAABE,53,0.5607653260231018,540
Desharnais,6,FAABE,54,0.5607653260231018,550
Desharnais,6,FAABE,55,0.5563150644302368,560
Desharnais,6,FAABE,56,0.5563150644302368,570
Desharnais,6,FAABE,57,0.5563150644302368,580
Desharnais,6,FAABE,58,0.5563150644302368,590
Desharnais,6,FAABE,59,0.5563150644302368,600
Desharnais,6,FAABE,60,0.5563150644302368,610
Desharnais,6,FAABE,61,0.5563150644302368,620
Desharnais,6,FAABE,62,0.5563150644302368,630
Desharnais,6,FAABE,63,0.5563150644302368,640
Desharnais,6,FAABE,64,0.5563150644302368,650
Desharnais,6,FAABE,65,0.5538204908370972,660
Desharnais,6,FAABE,66,0.5452198386192322,670
Desharnais,6,FAABE,67,0.5452198386192322,680
Desharnais,6,FAABE,68,0.5452198386192322,690
Desharnais,6,FAABE,69,0.5452198386192322,700
Desharnais,6,FAABE,70,0.5452198386192322,710
Desharnais,6,FAABE,71,0.5452198386192322,720
Desharnais,6,FAABE,72,0.5452198386192322,730
Desharnais,6,FAABE,73,0.5452198386192322,740
Desharnais,6,FAABE,74,0.5452198386192322,750
Desharnais,6,FAABE,75,0.5452198386192322,760
Desharnais,6,FAABE,76,0.5452198386192322,770
Desharnais,6,FAABE,77,0.5452198386192322,780
Desharnais,6,FAABE,78,0.5452198386192322,790
Desharnais,6,FAABE,79,0.5452198386192322,800
Desharnais,6,FAABE,80,0.5452198386192322,810
Desharnais,6,FAABE,81,0.5452198386192322,820
Desharnais,6,FAABE,82,0.5452198386192322,830
Desharnais,6,FAABE,83,0.5452198386192322,840
Desharnais,6,FAABE,84,0.5452198386192322,850
Desharnais,6,FAABE,85,0.5452198386192322,860
Desharnais,6,FAABE,86,0.5452198386192322,870
Desharnais,6,FAABE,87,0.5452198386192322,880
Desharnais,6,FAABE,88,0.5452198386192322,890
Desharnais,6,FAABE,89,0.5452198386192322,900
Desharnais,6,FAABE,90,0.5452198386192322,910
Desharnais,6,FAABE,91,0.5452198386192322,920
Desharnais,6,FAABE,92,0.5452198386192322,930
Desharnais,6,FAABE,93,0.5452198386192322,940
Desharnais,6,FAABE,94,0.5452198386192322,950
Desharnais,6,FAABE,95,0.5452198386192322,960
Desharnais,6,FAABE,96,0.5452198386192322,970
Desharnais,6,FAABE,97,0.5452198386192322,980
Desharnais,6,FAABE,98,0.5452198386192322,990
Desharnais,6,FAABE,99,0.5452198386192322,1000
Desharnais,7,GA-ABE,0,0.4158795475959778,10
Desharnais,7,GA-ABE,1,0.3958483636379242,20
Desharnais,7,GA-ABE,2,0.39246875047683716,30
Desharnais,7,GA-ABE,3,0.39246875047683716,40
Desharnais,7,GA-ABE,4,0.3861767053604126,50
Desharnais,7,GA-ABE,5,0.3861767053604126,60
Desharnais,7,GA-ABE,6,0.3861767053604126,70
Desharnais,7,GA-ABE,7,0.3861767053604126,80
Desharnais,7,GA-ABE,8,0.3861098289489746,90
Desharnais,7,GA-ABE,9,0.38141945004463196,100
Desharnais,7,GA-ABE,10,0.38141945004463196,110
Desharnais,7,GA-ABE,11,0.38141945004463196,120
Desharnais,7,GA-ABE,12,0.38141945004463196,130
Desharnais,7,GA-ABE,13,0.38141945004463196,140
Desharnais,7,GA-ABE,14,0.38141945004463196,150
Desharnais,7,GA-ABE,15,0.381418913602829,160
Desharnais,7,GA-ABE,16,0.381418913602829,170
Desharnais,7,GA-ABE,17,0.381418913602829,180
Desharnais,7,GA-ABE,18,0.381418913602829,190
Desharnais,7,GA-ABE,19,0.381418913602829,200
Desharnais,7,GA-ABE,20,0.381418913602829,210
Desharnais,7,GA-ABE,21,0.381418913602829,220
Desharnais,7,GA-ABE,22,0.3810705840587616,230
Desharnais,7,GA-ABE,23,0.3810705840587616,240
Desharnais,7,GA-ABE,24,0.3810705840587616,250
Desharnais,7,GA-ABE,25,0.3810397684574127,260
Desharnais,7,GA-ABE,26,0.3810397684574127,270
Desharnais,7,GA-ABE,27,0.381030410528183,280
Desharnais,7,GA-ABE,28,0.381030410528183,290
Desharnais,7,GA-ABE,29,0.381030410528183,300
Desharnais,7,GA-ABE,30,0.38097241520881653,310
Desharnais,7,GA-ABE,31,0.38094955682754517,320
Desharnais,7,GA-ABE,32,0.38094955682754517,330
Desharnais,7,GA-ABE,33,0.3769184648990631,340
Desharnais,7,GA-ABE,34,0.3769184648990631,350
Desharnais,7,GA-ABE,35,0.3769184648990631,360
Desharnais,7,GA-ABE,36,0.3769184648990631,370
Desharnais,7,GA-ABE,37,0.3769184648990631,380
Desharnais,7,GA-ABE,38,0.3769184648990631,390
Desharnais,7,GA-ABE,39,0.3769184648990631,400
Desharnais,7,GA-ABE,40,0.3769184648990631,410
Desharnais,7,GA-ABE,41,0.3769184648990631,420
Desharnais,7,GA-ABE,42,0.3769184648990631,430
Desharnais,7,GA-ABE,43,0.3769184648990631,440
Desharnais,7,GA-ABE,44,0.3769184648990631,450
Desharnais,7,GA-ABE,45,0.3769184648990631,460
Desharnais,7,GA-ABE,46,0.3769184648990631,470
Desharnais,7,GA-ABE,47,0.3769177496433258,480
Desharnais,7,GA-ABE,48,0.37690895795822144,490
Desharnais,7,GA-ABE,49,0.37690895795822144,500
Desharnais,7,GA-ABE,50,0.37690895795822144,510
Desharnais,7,GA-ABE,51,0.37690895795822144,520
Desharnais,7,GA-ABE,52,0.37690895795822144,530
Desharnais,7,GA-ABE,53,0.37690895795822144,540
Desharnais,7,GA-ABE,54,0.37690895795822144,550
Desharnais,7,GA-ABE,55,0.376893013715744,560
Desharnais,7,GA-ABE,56,0.376893013715744,570
Desharnais,7,GA-ABE,57,0.376893013715744,580
Desharnais,7,GA-ABE,58,0.376893013715744,590
Desharnais,7,GA-ABE,59,0.376893013715744,600
Desharnais,7,GA-ABE,60,0.376893013715744,610
Desharnais,7,GA-ABE,61,0.376893013715744,620
Desharnais,7,GA-ABE,62,0.376893013715744,630
Desharnais,7,GA-ABE,63,0.376893013715744,640
Desharnais,7,GA-ABE,64,0.376892626285553,650
Desharnais,7,GA-ABE,65,0.376892626285553,660
Desharnais,7,GA-ABE,66,0.376892626285553,670
Desharnais,7,GA-ABE,67,0.376892626285553,680
Desharnais,7,GA-ABE,68,0.37689119577407837,690
Desharnais,7,GA-ABE,69,0.37689119577407837,700
Desharnais,7,GA-ABE,70,0.37689119577407837,710
Desharnais,7,GA-ABE,71,0.37689119577407837,720
Desharnais,7,GA-ABE,72,0.37689119577407837,730
Desharnais,7,GA-ABE,73,0.37689119577407837,740
Desharnais,7,GA-ABE,74,0.37689119577407837,750
Desharnais,7,GA-ABE,75,0.37689119577407837,760
Desharnais,7,GA-ABE,76,0.37689119577407837,770
Desharnais,7,GA-ABE,77,0.37689119577407837,780
Desharnais,7,GA-ABE,78,0.37689119577407837,790
Desharnais,7,GA-ABE,79,0.37689119577407837,800
Desharnais,7,GA-ABE,80,0.37689119577407837,810
Desharnais,7,GA-ABE,81,0.37689119577407837,820
Desharnais,7,GA-ABE,82,0.37689119577407837,830
Desharnais,7,GA-ABE,83,0.37689119577407837,840
Desharnais,7,GA-ABE,84,0.37689119577407837,850
Desharnais,7,GA-ABE,85,0.37689119577407837,860
Desharnais,7,GA-ABE,86,0.37689119577407837,870
Desharnais,7,GA-ABE,87,0.37686917185783386,880
Desharnais,7,GA-ABE,88,0.37686917185783386,890
Desharnais,7,GA-ABE,89,0.37686917185783386,900
Desharnais,7,GA-ABE,90,0.37686917185783386,910
Desharnais,7,GA-ABE,91,0.37686917185783386,920
Desharnais,7,GA-ABE,92,0.37686917185783386,930
Desharnais,7,GA-ABE,93,0.37686753273010254,940
Desharnais,7,GA-ABE,94,0.37686753273010254,950
Desharnais,7,GA-ABE,95,0.37686753273010254,960
Desharnais,7,GA-ABE,96,0.37686753273010254,970
Desharnais,7,GA-ABE,97,0.3768661618232727,980
Desharnais,7,GA-ABE,98,0.3768661320209503,990
Desharnais,7,GA-ABE,99,0.3768661320209503,1000
Desharnais,7,PSO-ABE,0,0.41523244976997375,10
Desharnais,7,PSO-ABE,1,0.40665918588638306,20
Desharnais,7,PSO-ABE,2,0.3835122585296631,30
Desharnais,7,PSO-ABE,3,0.3835122585296631,40
Desharnais,7,PSO-ABE,4,0.3835122585296631,50
Desharnais,7,PSO-ABE,5,0.3835122585296631,60
Desharnais,7,PSO-ABE,6,0.3835122585296631,70
Desharnais,7,PSO-ABE,7,0.3835122585296631,80
Desharnais,7,PSO-ABE,8,0.3835122585296631,90
Desharnais,7,PSO-ABE,9,0.3835122585296631,100
Desharnais,7,PSO-ABE,10,0.3710513710975647,110
Desharnais,7,PSO-ABE,11,0.3710513710975647,120
Desharnais,7,PSO-ABE,12,0.3710513710975647,130
Desharnais,7,PSO-ABE,13,0.3710513710975647,140
Desharnais,7,PSO-ABE,14,0.3710513710975647,150
Desharnais,7,PSO-ABE,15,0.3710513710975647,160
Desharnais,7,PSO-ABE,16,0.3710513710975647,170
Desharnais,7,PSO-ABE,17,0.3710513710975647,180
Desharnais,7,PSO-ABE,18,0.3710513710975647,190
Desharnais,7,PSO-ABE,19,0.3710513710975647,200
Desharnais,7,PSO-ABE,20,0.3710513710975647,210
Desharnais,7,PSO-ABE,21,0.3710513710975647,220
Desharnais,7,PSO-ABE,22,0.3710513710975647,230
Desharnais,7,PSO-ABE,23,0.3710513710975647,240
Desharnais,7,PSO-ABE,24,0.3683405816555023,250
Desharnais,7,PSO-ABE,25,0.3683405816555023,260
Desharnais,7,PSO-ABE,26,0.3683405816555023,270
Desharnais,7,PSO-ABE,27,0.3683405816555023,280
Desharnais,7,PSO-ABE,28,0.3683405816555023,290
Desharnais,7,PSO-ABE,29,0.3683405816555023,300
Desharnais,7,PSO-ABE,30,0.3683405816555023,310
Desharnais,7,PSO-ABE,31,0.3683405816555023,320
Desharnais,7,PSO-ABE,32,0.3683405816555023,330
Desharnais,7,PSO-ABE,33,0.3683405816555023,340
Desharnais,7,PSO-ABE,34,0.3683405816555023,350
Desharnais,7,PSO-ABE,35,0.3683405816555023,360
Desharnais,7,PSO-ABE,36,0.3683405816555023,370
Desharnais,7,PSO-ABE,37,0.36746108531951904,380
Desharnais,7,PSO-ABE,38,0.36746108531951904,390
Desharnais,7,PSO-ABE,39,0.36746108531951904,400
Desharnais,7,PSO-ABE,40,0.36746108531951904,410
Desharnais,7,PSO-ABE,41,0.36746108531951904,420
Desharnais,7,PSO-ABE,42,0.36746108531951904,430
Desharnais,7,PSO-ABE,43,0.36746108531951904,440
Desharnais,7,PSO-ABE,44,0.36746108531951904,450
Desharnais,7,PSO-ABE,45,0.36716288328170776,460
Desharnais,7,PSO-ABE,46,0.36716288328170776,470
Desharnais,7,PSO-ABE,47,0.36716288328170776,480
Desharnais,7,PSO-ABE,48,0.36716288328170776,490
Desharnais,7,PSO-ABE,49,0.36716288328170776,500
Desharnais,7,PSO-ABE,50,0.36716288328170776,510
Desharnais,7,PSO-ABE,51,0.36716288328170776,520
Desharnais,7,PSO-ABE,52,0.36716288328170776,530
Desharnais,7,PSO-ABE,53,0.36716288328170776,540
Desharnais,7,PSO-ABE,54,0.36715996265411377,550
Desharnais,7,PSO-ABE,55,0.36715996265411377,560
Desharnais,7,PSO-ABE,56,0.36715975403785706,570
Desharnais,7,PSO-ABE,57,0.36715975403785706,580
Desharnais,7,PSO-ABE,58,0.36715975403785706,590
Desharnais,7,PSO-ABE,59,0.36715754866600037,600
Desharnais,7,PSO-ABE,60,0.36715754866600037,610
Desharnais,7,PSO-ABE,61,0.36715710163116455,620
Desharnais,7,PSO-ABE,62,0.36715710163116455,630
Desharnais,7,PSO-ABE,63,0.36715710163116455,640
Desharnais,7,PSO-ABE,64,0.36715710163116455,650
Desharnais,7,PSO-ABE,65,0.36715710163116455,660
Desharnais,7,PSO-ABE,66,0.36715710163116455,670
Desharnais,7,PSO-ABE,67,0.36715710163116455,680
Desharnais,7,PSO-ABE,68,0.36715710163116455,690
Desharnais,7,PSO-ABE,69,0.36715710163116455,700
Desharnais,7,PSO-ABE,70,0.36715710163116455,710
Desharnais,7,PSO-ABE,71,0.36715710163116455,720
Desharnais,7,PSO-ABE,72,0.36715710163116455,730
Desharnais,7,PSO-ABE,73,0.36715710163116455,740
Desharnais,7,PSO-ABE,74,0.36678364872932434,750
Desharnais,7,PSO-ABE,75,0.36678364872932434,760
Desharnais,7,PSO-ABE,76,0.366783082485199,770
Desharnais,7,PSO-ABE,77,0.366783082485199,780
Desharnais,7,PSO-ABE,78,0.366783082485199,790
Desharnais,7,PSO-ABE,79,0.36631709337234497,800
Desharnais,7,PSO-ABE,80,0.36631709337234497,810
Desharnais,7,PSO-ABE,81,0.36631709337234497,820
Desharnais,7,PSO-ABE,82,0.36631709337234497,830
Desharnais,7,PSO-ABE,83,0.36631709337234497,840
Desharnais,7,PSO-ABE,84,0.36631709337234497,850
Desharnais,7,PSO-ABE,85,0.3662979006767273,860
Desharnais,7,PSO-ABE,86,0.3662979006767273,870
Desharnais,7,PSO-ABE,87,0.3662979006767273,880
Desharnais,7,PSO-ABE,88,0.3662979006767273,890
Desharnais,7,PSO-ABE,89,0.3662979006767273,900
Desharnais,7,PSO-ABE,90,0.3662979006767273,910
Desharnais,7,PSO-ABE,91,0.36629772186279297,920
Desharnais,7,PSO-ABE,92,0.36629757285118103,930
Desharnais,7,PSO-ABE,93,0.36629757285118103,940
Desharnais,7,PSO-ABE,94,0.36629757285118103,950
Desharnais,7,PSO-ABE,95,0.36629757285118103,960
Desharnais,7,PSO-ABE,96,0.36629757285118103,970
Desharnais,7,PSO-ABE,97,0.36629757285118103,980
Desharnais,7,PSO-ABE,98,0.36629757285118103,990
Desharnais,7,PSO-ABE,99,0.36629724502563477,1000
Desharnais,7,DE-ABE,0,0.39619016647338867,10
Desharnais,7,DE-ABE,1,0.39619016647338867,20
Desharnais,7,DE-ABE,2,0.39619016647338867,30
Desharnais,7,DE-ABE,3,0.38825318217277527,40
Desharnais,7,DE-ABE,4,0.3823326826095581,50
Desharnais,7,DE-ABE,5,0.3823326826095581,60
Desharnais,7,DE-ABE,6,0.3823326826095581,70
Desharnais,7,DE-ABE,7,0.3823326826095581,80
Desharnais,7,DE-ABE,8,0.3823326826095581,90
Desharnais,7,DE-ABE,9,0.3823326826095581,100
Desharnais,7,DE-ABE,10,0.3823326826095581,110
Desharnais,7,DE-ABE,11,0.38076889514923096,120
Desharnais,7,DE-ABE,12,0.38076889514923096,130
Desharnais,7,DE-ABE,13,0.38012000918388367,140
Desharnais,7,DE-ABE,14,0.37992623448371887,150
Desharnais,7,DE-ABE,15,0.37992623448371887,160
Desharnais,7,DE-ABE,16,0.37992623448371887,170
Desharnais,7,DE-ABE,17,0.37992623448371887,180
Desharnais,7,DE-ABE,18,0.37992623448371887,190
Desharnais,7,DE-ABE,19,0.3767128586769104,200
Desharnais,7,DE-ABE,20,0.3767128586769104,210
Desharnais,7,DE-ABE,21,0.3767128586769104,220
Desharnais,7,DE-ABE,22,0.3767128586769104,230
Desharnais,7,DE-ABE,23,0.3767128586769104,240
Desharnais,7,DE-ABE,24,0.3767128586769104,250
Desharnais,7,DE-ABE,25,0.3767128586769104,260
Desharnais,7,DE-ABE,26,0.3767128586769104,270
Desharnais,7,DE-ABE,27,0.3767128586769104,280
Desharnais,7,DE-ABE,28,0.3767128586769104,290
Desharnais,7,DE-ABE,29,0.3767128586769104,300
Desharnais,7,DE-ABE,30,0.3767128586769104,310
Desharnais,7,DE-ABE,31,0.3767128586769104,320
Desharnais,7,DE-ABE,32,0.3767128586769104,330
Desharnais,7,DE-ABE,33,0.3767128586769104,340
Desharnais,7,DE-ABE,34,0.3767128586769104,350
Desharnais,7,DE-ABE,35,0.3767128586769104,360
Desharnais,7,DE-ABE,36,0.3767128586769104,370
Desharnais,7,DE-ABE,37,0.3767128586769104,380
Desharnais,7,DE-ABE,38,0.3767128586769104,390
Desharnais,7,DE-ABE,39,0.3767128586769104,400
Desharnais,7,DE-ABE,40,0.3767128586769104,410
Desharnais,7,DE-ABE,41,0.3767128586769104,420
Desharnais,7,DE-ABE,42,0.3767128586769104,430
Desharnais,7,DE-ABE,43,0.3767128586769104,440
Desharnais,7,DE-ABE,44,0.3749467432498932,450
Desharnais,7,DE-ABE,45,0.3749467432498932,460
Desharnais,7,DE-ABE,46,0.3749467432498932,470
Desharnais,7,DE-ABE,47,0.3749467432498932,480
Desharnais,7,DE-ABE,48,0.3749467432498932,490
Desharnais,7,DE-ABE,49,0.3744446635246277,500
Desharnais,7,DE-ABE,50,0.37378185987472534,510
Desharnais,7,DE-ABE,51,0.373736172914505,520
Desharnais,7,DE-ABE,52,0.3737070858478546,530
Desharnais,7,DE-ABE,53,0.3737070858478546,540
Desharnais,7,DE-ABE,54,0.3737070858478546,550
Desharnais,7,DE-ABE,55,0.3737070858478546,560
Desharnais,7,DE-ABE,56,0.3737070858478546,570
Desharnais,7,DE-ABE,57,0.3737070858478546,580
Desharnais,7,DE-ABE,58,0.3737070858478546,590
Desharnais,7,DE-ABE,59,0.3737036883831024,600
Desharnais,7,DE-ABE,60,0.3737036883831024,610
Desharnais,7,DE-ABE,61,0.3737036883831024,620
Desharnais,7,DE-ABE,62,0.3737036883831024,630
Desharnais,7,DE-ABE,63,0.37369802594184875,640
Desharnais,7,DE-ABE,64,0.37369802594184875,650
Desharnais,7,DE-ABE,65,0.37369802594184875,660
Desharnais,7,DE-ABE,66,0.37369802594184875,670
Desharnais,7,DE-ABE,67,0.37369802594184875,680
Desharnais,7,DE-ABE,68,0.3736953139305115,690
Desharnais,7,DE-ABE,69,0.3736953139305115,700
Desharnais,7,DE-ABE,70,0.37369322776794434,710
Desharnais,7,DE-ABE,71,0.3736917972564697,720
Desharnais,7,DE-ABE,72,0.3736896216869354,730
Desharnais,7,DE-ABE,73,0.3736896216869354,740
Desharnais,7,DE-ABE,74,0.37368443608283997,750
Desharnais,7,DE-ABE,75,0.37368443608283997,760
Desharnais,7,DE-ABE,76,0.37368443608283997,770
Desharnais,7,DE-ABE,77,0.37368443608283997,780
Desharnais,7,DE-ABE,78,0.3736840784549713,790
Desharnais,7,DE-ABE,79,0.3736840784549713,800
Desharnais,7,DE-ABE,80,0.37368306517601013,810
Desharnais,7,DE-ABE,81,0.37368306517601013,820
Desharnais,7,DE-ABE,82,0.3736804723739624,830
Desharnais,7,DE-ABE,83,0.3736802041530609,840
Desharnais,7,DE-ABE,84,0.37367698550224304,850
Desharnais,7,DE-ABE,85,0.37367698550224304,860
Desharnais,7,DE-ABE,86,0.3736727833747864,870
Desharnais,7,DE-ABE,87,0.3736727833747864,880
Desharnais,7,DE-ABE,88,0.3736727833747864,890
Desharnais,7,DE-ABE,89,0.3736727833747864,900
Desharnais,7,DE-ABE,90,0.3736727833747864,910
Desharnais,7,DE-ABE,91,0.373672753572464,920
Desharnais,7,DE-ABE,92,0.373672753572464,930
Desharnais,7,DE-ABE,93,0.37367144227027893,940
Desharnais,7,DE-ABE,94,0.37367144227027893,950
Desharnais,7,DE-ABE,95,0.37367144227027893,960
Desharnais,7,DE-ABE,96,0.37367045879364014,970
Desharnais,7,DE-ABE,97,0.37367045879364014,980
Desharnais,7,DE-ABE,98,0.37367045879364014,990
Desharnais,7,DE-ABE,99,0.37367045879364014,1000
Desharnais,7,GWO-ABE,0,0.40323391556739807,10
Desharnais,7,GWO-ABE,1,0.4261375665664673,20
Desharnais,7,GWO-ABE,2,0.4176744222640991,30
Desharnais,7,GWO-ABE,3,0.3973671495914459,40
Desharnais,7,GWO-ABE,4,0.3801302909851074,50
Desharnais,7,GWO-ABE,5,0.38853657245635986,60
Desharnais,7,GWO-ABE,6,0.4078978896141052,70
Desharnais,7,GWO-ABE,7,0.3905588388442993,80
Desharnais,7,GWO-ABE,8,0.3819325864315033,90
Desharnais,7,GWO-ABE,9,0.3739422559738159,100
Desharnais,7,GWO-ABE,10,0.39147013425827026,110
Desharnais,7,GWO-ABE,11,0.3780776262283325,120
Desharnais,7,GWO-ABE,12,0.3803190290927887,130
Desharnais,7,GWO-ABE,13,0.3702824115753174,140
Desharnais,7,GWO-ABE,14,0.37164363265037537,150
Desharnais,7,GWO-ABE,15,0.3645707666873932,160
Desharnais,7,GWO-ABE,16,0.35706910490989685,170
Desharnais,7,GWO-ABE,17,0.361649751663208,180
Desharnais,7,GWO-ABE,18,0.3759409785270691,190
Desharnais,7,GWO-ABE,19,0.36394640803337097,200
Desharnais,7,GWO-ABE,20,0.36537373065948486,210
Desharnais,7,GWO-ABE,21,0.3576197028160095,220
Desharnais,7,GWO-ABE,22,0.363330215215683,230
Desharnais,7,GWO-ABE,23,0.36451202630996704,240
Desharnais,7,GWO-ABE,24,0.36458513140678406,250
Desharnais,7,GWO-ABE,25,0.34494102001190186,260
Desharnais,7,GWO-ABE,26,0.35476842522621155,270
Desharnais,7,GWO-ABE,27,0.3460109233856201,280
Desharnais,7,GWO-ABE,28,0.34468427300453186,290
Desharnais,7,GWO-ABE,29,0.3377382755279541,300
Desharnais,7,GWO-ABE,30,0.34098151326179504,310
Desharnais,7,GWO-ABE,31,0.34067389369010925,320
Desharnais,7,GWO-ABE,32,0.3387390077114105,330
Desharnais,7,GWO-ABE,33,0.3447573781013489,340
Desharnais,7,GWO-ABE,34,0.33965128660202026,350
Desharnais,7,GWO-ABE,35,0.33813679218292236,360
Desharnais,7,GWO-ABE,36,0.34511393308639526,370
Desharnais,7,GWO-ABE,37,0.3390984833240509,380
Desharnais,7,GWO-ABE,38,0.3407236635684967,390
Desharnais,7,GWO-ABE,39,0.33354824781417847,400
Desharnais,7,GWO-ABE,40,0.33816292881965637,410
Desharnais,7,GWO-ABE,41,0.3365046977996826,420
Desharnais,7,GWO-ABE,42,0.33499181270599365,430
Desharnais,7,GWO-ABE,43,0.32974913716316223,440
Desharnais,7,GWO-ABE,44,0.33627718687057495,450
Desharnais,7,GWO-ABE,45,0.3392103612422943,460
Desharnais,7,GWO-ABE,46,0.33555835485458374,470
Desharnais,7,GWO-ABE,47,0.3351832926273346,480
Desharnais,7,GWO-ABE,48,0.33470895886421204,490
Desharnais,7,GWO-ABE,49,0.33570265769958496,500
Desharnais,7,GWO-ABE,50,0.33532583713531494,510
Desharnais,7,GWO-ABE,51,0.3346199095249176,520
Desharnais,7,GWO-ABE,52,0.3357775807380676,530
Desharnais,7,GWO-ABE,53,0.3347773551940918,540
Desharnais,7,GWO-ABE,54,0.3321467339992523,550
Desharnais,7,GWO-ABE,55,0.3376419246196747,560
Desharnais,7,GWO-ABE,56,0.33486208319664,570
Desharnais,7,GWO-ABE,57,0.33315908908843994,580
Desharnais,7,GWO-ABE,58,0.3351512551307678,590
Desharnais,7,GWO-ABE,59,0.32489848136901855,600
Desharnais,7,GWO-ABE,60,0.33309105038642883,610
Desharnais,7,GWO-ABE,61,0.3274790942668915,620
Desharnais,7,GWO-ABE,62,0.3336488902568817,630
Desharnais,7,GWO-ABE,63,0.3337850570678711,640
Desharnais,7,GWO-ABE,64,0.33662888407707214,650
Desharnais,7,GWO-ABE,65,0.3322714567184448,660
Desharnais,7,GWO-ABE,66,0.33569857478141785,670
Desharnais,7,GWO-ABE,67,0.33345118165016174,680
Desharnais,7,GWO-ABE,68,0.337442547082901,690
Desharnais,7,GWO-ABE,69,0.3319903016090393,700
Desharnais,7,GWO-ABE,70,0.3273480534553528,710
Desharnais,7,GWO-ABE,71,0.33396783471107483,720
Desharnais,7,GWO-ABE,72,0.33088603615760803,730
Desharnais,7,GWO-ABE,73,0.3299742341041565,740
Desharnais,7,GWO-ABE,74,0.3301594853401184,750
Desharnais,7,GWO-ABE,75,0.3315051198005676,760
Desharnais,7,GWO-ABE,76,0.3327646553516388,770
Desharnais,7,GWO-ABE,77,0.3321314752101898,780
Desharnais,7,GWO-ABE,78,0.33271488547325134,790
Desharnais,7,GWO-ABE,79,0.33214443922042847,800
Desharnais,7,GWO-ABE,80,0.32885369658470154,810
Desharnais,7,GWO-ABE,81,0.3336865305900574,820
Desharnais,7,GWO-ABE,82,0.33253178000450134,830
Desharnais,7,GWO-ABE,83,0.3319861888885498,840
Desharnais,7,GWO-ABE,84,0.33083686232566833,850
Desharnais,7,GWO-ABE,85,0.33117732405662537,860
Desharnais,7,GWO-ABE,86,0.3308466970920563,870
Desharnais,7,GWO-ABE,87,0.33149996399879456,880
Desharnais,7,GWO-ABE,88,0.32403260469436646,890
Desharnais,7,GWO-ABE,89,0.3311586081981659,900
Desharnais,7,GWO-ABE,90,0.3291770815849304,910
Desharnais,7,GWO-ABE,91,0.32740509510040283,920
Desharnais,7,GWO-ABE,92,0.328124463558197,930
Desharnais,7,GWO-ABE,93,0.32470887899398804,940
Desharnais,7,GWO-ABE,94,0.3239971995353699,950
Desharnais,7,GWO-ABE,95,0.3281581699848175,960
Desharnais,7,GWO-ABE,96,0.32470521330833435,970
Desharnais,7,GWO-ABE,97,0.3247036337852478,980
Desharnais,7,GWO-ABE,98,0.3240105211734772,990
Desharnais,7,GWO-ABE,99,0.3240058422088623,1000
Desharnais,7,WOA-ABE,0,0.41422969102859497,10
Desharnais,7,WOA-ABE,1,0.41010305285453796,20
Desharnais,7,WOA-ABE,2,0.40395665168762207,30
Desharnais,7,WOA-ABE,3,0.3980778753757477,40
Desharnais,7,WOA-ABE,4,0.3958260416984558,50
Desharnais,7,WOA-ABE,5,0.39097288250923157,60
Desharnais,7,WOA-ABE,6,0.383550763130188,70
Desharnais,7,WOA-ABE,7,0.383550763130188,80
Desharnais,7,WOA-ABE,8,0.3783513307571411,90
Desharnais,7,WOA-ABE,9,0.3783513307571411,100
Desharnais,7,WOA-ABE,10,0.3762255609035492,110
Desharnais,7,WOA-ABE,11,0.37458711862564087,120
Desharnais,7,WOA-ABE,12,0.37458711862564087,130
Desharnais,7,WOA-ABE,13,0.3745865821838379,140
Desharnais,7,WOA-ABE,14,0.3745865821838379,150
Desharnais,7,WOA-ABE,15,0.3745865821838379,160
Desharnais,7,WOA-ABE,16,0.3745865821838379,170
Desharnais,7,WOA-ABE,17,0.3740749657154083,180
Desharnais,7,WOA-ABE,18,0.35662052035331726,190
Desharnais,7,WOA-ABE,19,0.35662052035331726,200
Desharnais,7,WOA-ABE,20,0.3525543212890625,210
Desharnais,7,WOA-ABE,21,0.3525543212890625,220
Desharnais,7,WOA-ABE,22,0.34994909167289734,230
Desharnais,7,WOA-ABE,23,0.34994909167289734,240
Desharnais,7,WOA-ABE,24,0.34994614124298096,250
Desharnais,7,WOA-ABE,25,0.34994614124298096,260
Desharnais,7,WOA-ABE,26,0.34994614124298096,270
Desharnais,7,WOA-ABE,27,0.3499453663825989,280
Desharnais,7,WOA-ABE,28,0.34994369745254517,290
Desharnais,7,WOA-ABE,29,0.3499435782432556,300
Desharnais,7,WOA-ABE,30,0.34994304180145264,310
Desharnais,7,WOA-ABE,31,0.3416999280452728,320
Desharnais,7,WOA-ABE,32,0.3410162329673767,330
Desharnais,7,WOA-ABE,33,0.34098386764526367,340
Desharnais,7,WOA-ABE,34,0.34098386764526367,350
Desharnais,7,WOA-ABE,35,0.34098386764526367,360
Desharnais,7,WOA-ABE,36,0.3409729599952698,370
Desharnais,7,WOA-ABE,37,0.3409729599952698,380
Desharnais,7,WOA-ABE,38,0.3409729599952698,390
Desharnais,7,WOA-ABE,39,0.340970903635025,400
Desharnais,7,WOA-ABE,40,0.3406705856323242,410
Desharnais,7,WOA-ABE,41,0.3406705856323242,420
Desharnais,7,WOA-ABE,42,0.3406705856323242,430
Desharnais,7,WOA-ABE,43,0.3388800323009491,440
Desharnais,7,WOA-ABE,44,0.3388800323009491,450
Desharnais,7,WOA-ABE,45,0.3388800323009491,460
Desharnais,7,WOA-ABE,46,0.3388800323009491,470
Desharnais,7,WOA-ABE,47,0.33887699246406555,480
Desharnais,7,WOA-ABE,48,0.33887699246406555,490
Desharnais,7,WOA-ABE,49,0.33887699246406555,500
Desharnais,7,WOA-ABE,50,0.33886149525642395,510
Desharnais,7,WOA-ABE,51,0.33886149525642395,520
Desharnais,7,WOA-ABE,52,0.33886149525642395,530
Desharnais,7,WOA-ABE,53,0.3388610780239105,540
Desharnais,7,WOA-ABE,54,0.3388610780239105,550
Desharnais,7,WOA-ABE,55,0.3388610780239105,560
Desharnais,7,WOA-ABE,56,0.3388610780239105,570
Desharnais,7,WOA-ABE,57,0.3388610780239105,580
Desharnais,7,WOA-ABE,58,0.3388610780239105,590
Desharnais,7,WOA-ABE,59,0.3388610780239105,600
Desharnais,7,WOA-ABE,60,0.3388610780239105,610
Desharnais,7,WOA-ABE,61,0.3388610780239105,620
Desharnais,7,WOA-ABE,62,0.3388610780239105,630
Desharnais,7,WOA-ABE,63,0.3388610780239105,640
Desharnais,7,WOA-ABE,64,0.3388610780239105,650
Desharnais,7,WOA-ABE,65,0.3388610780239105,660
Desharnais,7,WOA-ABE,66,0.3388608992099762,670
Desharnais,7,WOA-ABE,67,0.3388608992099762,680
Desharnais,7,WOA-ABE,68,0.3388608992099762,690
Desharnais,7,WOA-ABE,69,0.3388608992099762,700
Desharnais,7,WOA-ABE,70,0.3388608992099762,710
Desharnais,7,WOA-ABE,71,0.3388608992099762,720
Desharnais,7,WOA-ABE,72,0.3388608992099762,730
Desharnais,7,WOA-ABE,73,0.3388608992099762,740
Desharnais,7,WOA-ABE,74,0.3388608992099762,750
Desharnais,7,WOA-ABE,75,0.3388608992099762,760
Desharnais,7,WOA-ABE,76,0.3388608992099762,770
Desharnais,7,WOA-ABE,77,0.3388608992099762,780
Desharnais,7,WOA-ABE,78,0.3388608992099762,790
Desharnais,7,WOA-ABE,79,0.3388608992099762,800
Desharnais,7,WOA-ABE,80,0.3388608992099762,810
Desharnais,7,WOA-ABE,81,0.3388608992099762,820
Desharnais,7,WOA-ABE,82,0.3388608992099762,830
Desharnais,7,WOA-ABE,83,0.3388608992099762,840
Desharnais,7,WOA-ABE,84,0.3388608992099762,850
Desharnais,7,WOA-ABE,85,0.3388608992099762,860
Desharnais,7,WOA-ABE,86,0.3388608992099762,870
Desharnais,7,WOA-ABE,87,0.3388608992099762,880
Desharnais,7,WOA-ABE,88,0.3388608992099762,890
Desharnais,7,WOA-ABE,89,0.3388608992099762,900
Desharnais,7,WOA-ABE,90,0.3388608992099762,910
Desharnais,7,WOA-ABE,91,0.3388608992099762,920
Desharnais,7,WOA-ABE,92,0.3388608992099762,930
Desharnais,7,WOA-ABE,93,0.3388608992099762,940
Desharnais,7,WOA-ABE,94,0.3388608694076538,950
Desharnais,7,WOA-ABE,95,0.3388608694076538,960
Desharnais,7,WOA-ABE,96,0.3388608694076538,970
Desharnais,7,WOA-ABE,97,0.3388608694076538,980
Desharnais,7,WOA-ABE,98,0.3388608694076538,990
Desharnais,7,WOA-ABE,99,0.3388608694076538,1000
Desharnais,7,FAABE,0,0.43681177496910095,10
Desharnais,7,FAABE,1,0.40718334913253784,20
Desharnais,7,FAABE,2,0.40718334913253784,30
Desharnais,7,FAABE,3,0.4067343473434448,40
Desharnais,7,FAABE,4,0.4067343473434448,50
Desharnais,7,FAABE,5,0.3938889801502228,60
Desharnais,7,FAABE,6,0.37634995579719543,70
Desharnais,7,FAABE,7,0.37634995579719543,80
Desharnais,7,FAABE,8,0.37634995579719543,90
Desharnais,7,FAABE,9,0.37634995579719543,100
Desharnais,7,FAABE,10,0.37634995579719543,110
Desharnais,7,FAABE,11,0.37634995579719543,120
Desharnais,7,FAABE,12,0.3699162006378174,130
Desharnais,7,FAABE,13,0.368193119764328,140
Desharnais,7,FAABE,14,0.35181882977485657,150
Desharnais,7,FAABE,15,0.35181882977485657,160
Desharnais,7,FAABE,16,0.35116344690322876,170
Desharnais,7,FAABE,17,0.35116344690322876,180
Desharnais,7,FAABE,18,0.35116344690322876,190
Desharnais,7,FAABE,19,0.3501889705657959,200
Desharnais,7,FAABE,20,0.3501889705657959,210
Desharnais,7,FAABE,21,0.3501889705657959,220
Desharnais,7,FAABE,22,0.3501889705657959,230
Desharnais,7,FAABE,23,0.3501889705657959,240
Desharnais,7,FAABE,24,0.3446211516857147,250
Desharnais,7,FAABE,25,0.3446211516857147,260
Desharnais,7,FAABE,26,0.3446211516857147,270
Desharnais,7,FAABE,27,0.3446211516857147,280
Desharnais,7,FAABE,28,0.3446211516857147,290
Desharnais,7,FAABE,29,0.3407410979270935,300
Desharnais,7,FAABE,30,0.3407410979270935,310
Desharnais,7,FAABE,31,0.3407410979270935,320
Desharnais,7,FAABE,32,0.3407410979270935,330
Desharnais,7,FAABE,33,0.3407410979270935,340
Desharnais,7,FAABE,34,0.3407410979270935,350
Desharnais,7,FAABE,35,0.3407410979270935,360
Desharnais,7,FAABE,36,0.3407410979270935,370
Desharnais,7,FAABE,37,0.3407410979270935,380
Desharnais,7,FAABE,38,0.3407410979270935,390
Desharnais,7,FAABE,39,0.33867454528808594,400
Desharnais,7,FAABE,40,0.33867454528808594,410
Desharnais,7,FAABE,41,0.33867454528808594,420
Desharnais,7,FAABE,42,0.33867454528808594,430
Desharnais,7,FAABE,43,0.33867454528808594,440
Desharnais,7,FAABE,44,0.3363044261932373,450
Desharnais,7,FAABE,45,0.3363044261932373,460
Desharnais,7,FAABE,46,0.3363044261932373,470
Desharnais,7,FAABE,47,0.3363044261932373,480
Desharnais,7,FAABE,48,0.3363044261932373,490
Desharnais,7,FAABE,49,0.3363044261932373,500
Desharnais,7,FAABE,50,0.3363044261932373,510
Desharnais,7,FAABE,51,0.3363044261932373,520
Desharnais,7,FAABE,52,0.33512112498283386,530
Desharnais,7,FAABE,53,0.33512112498283386,540
Desharnais,7,FAABE,54,0.33512112498283386,550
Desharnais,7,FAABE,55,0.33512112498283386,560
Desharnais,7,FAABE,56,0.33512112498283386,570
Desharnais,7,FAABE,57,0.33512112498283386,580
Desharnais,7,FAABE,58,0.33512112498283386,590
Desharnais,7,FAABE,59,0.33512112498283386,600
Desharnais,7,FAABE,60,0.33512112498283386,610
Desharnais,7,FAABE,61,0.33512112498283386,620
Desharnais,7,FAABE,62,0.33512112498283386,630
Desharnais,7,FAABE,63,0.33512112498283386,640
Desharnais,7,FAABE,64,0.33512112498283386,650
Desharnais,7,FAABE,65,0.33512112498283386,660
Desharnais,7,FAABE,66,0.33512112498283386,670
Desharnais,7,FAABE,67,0.33512112498283386,680
Desharnais,7,FAABE,68,0.33512112498283386,690
Desharnais,7,FAABE,69,0.33512112498283386,700
Desharnais,7,FAABE,70,0.33512112498283386,710
Desharnais,7,FAABE,71,0.33512112498283386,720
Desharnais,7,FAABE,72,0.33512112498283386,730
Desharnais,7,FAABE,73,0.33512112498283386,740
Desharnais,7,FAABE,74,0.33512112498283386,750
Desharnais,7,FAABE,75,0.33512112498283386,760
Desharnais,7,FAABE,76,0.33512112498283386,770
Desharnais,7,FAABE,77,0.33512112498283386,780
Desharnais,7,FAABE,78,0.33512112498283386,790
Desharnais,7,FAABE,79,0.33512112498283386,800
Desharnais,7,FAABE,80,0.33512112498283386,810
Desharnais,7,FAABE,81,0.33512112498283386,820
Desharnais,7,FAABE,82,0.33512112498283386,830
Desharnais,7,FAABE,83,0.33512112498283386,840
Desharnais,7,FAABE,84,0.33512112498283386,850
Desharnais,7,FAABE,85,0.33512112498283386,860
Desharnais,7,FAABE,86,0.33512112498283386,870
Desharnais,7,FAABE,87,0.33512112498283386,880
Desharnais,7,FAABE,88,0.33512112498283386,890
Desharnais,7,FAABE,89,0.33512112498283386,900
Desharnais,7,FAABE,90,0.33512112498283386,910
Desharnais,7,FAABE,91,0.33512112498283386,920
Desharnais,7,FAABE,92,0.33512112498283386,930
Desharnais,7,FAABE,93,0.33512112498283386,940
Desharnais,7,FAABE,94,0.33512112498283386,950
Desharnais,7,FAABE,95,0.33512112498283386,960
Desharnais,7,FAABE,96,0.33512112498283386,970
Desharnais,7,FAABE,97,0.33512112498283386,980
Desharnais,7,FAABE,98,0.33512112498283386,990
Desharnais,7,FAABE,99,0.33512112498283386,1000
Desharnais,8,GA-ABE,0,0.6060846447944641,10
Desharnais,8,GA-ABE,1,0.6060846447944641,20
Desharnais,8,GA-ABE,2,0.6060846447944641,30
Desharnais,8,GA-ABE,3,0.6060846447944641,40
Desharnais,8,GA-ABE,4,0.6060846447944641,50
Desharnais,8,GA-ABE,5,0.6031140685081482,60
Desharnais,8,GA-ABE,6,0.6031140685081482,70
Desharnais,8,GA-ABE,7,0.6015797257423401,80
Desharnais,8,GA-ABE,8,0.6015797257423401,90
Desharnais,8,GA-ABE,9,0.6015797257423401,100
Desharnais,8,GA-ABE,10,0.6015797257423401,110
Desharnais,8,GA-ABE,11,0.6015797257423401,120
Desharnais,8,GA-ABE,12,0.6015797257423401,130
Desharnais,8,GA-ABE,13,0.6015797257423401,140
Desharnais,8,GA-ABE,14,0.6015797257423401,150
Desharnais,8,GA-ABE,15,0.5903716087341309,160
Desharnais,8,GA-ABE,16,0.5903716087341309,170
Desharnais,8,GA-ABE,17,0.5903716087341309,180
Desharnais,8,GA-ABE,18,0.5903716087341309,190
Desharnais,8,GA-ABE,19,0.5903716087341309,200
Desharnais,8,GA-ABE,20,0.5903716087341309,210
Desharnais,8,GA-ABE,21,0.5903716087341309,220
Desharnais,8,GA-ABE,22,0.5903716087341309,230
Desharnais,8,GA-ABE,23,0.5895319581031799,240
Desharnais,8,GA-ABE,24,0.5895319581031799,250
Desharnais,8,GA-ABE,25,0.5895319581031799,260
Desharnais,8,GA-ABE,26,0.5895319581031799,270
Desharnais,8,GA-ABE,27,0.5895319581031799,280
Desharnais,8,GA-ABE,28,0.5895300507545471,290
Desharnais,8,GA-ABE,29,0.5895300507545471,300
Desharnais,8,GA-ABE,30,0.5895300507545471,310
Desharnais,8,GA-ABE,31,0.5885338187217712,320
Desharnais,8,GA-ABE,32,0.5875392556190491,330
Desharnais,8,GA-ABE,33,0.5871750116348267,340
Desharnais,8,GA-ABE,34,0.5871750116348267,350
Desharnais,8,GA-ABE,35,0.5858103036880493,360
Desharnais,8,GA-ABE,36,0.5858103036880493,370
Desharnais,8,GA-ABE,37,0.5858103036880493,380
Desharnais,8,GA-ABE,38,0.5858103036880493,390
Desharnais,8,GA-ABE,39,0.5853590965270996,400
Desharnais,8,GA-ABE,40,0.5853590965270996,410
Desharnais,8,GA-ABE,41,0.5853590965270996,420
Desharnais,8,GA-ABE,42,0.5853302478790283,430
Desharnais,8,GA-ABE,43,0.5853302478790283,440
Desharnais,8,GA-ABE,44,0.583623468875885,450
Desharnais,8,GA-ABE,45,0.583623468875885,460
Desharnais,8,GA-ABE,46,0.5816215872764587,470
Desharnais,8,GA-ABE,47,0.5816215872764587,480
Desharnais,8,GA-ABE,48,0.5816215872764587,490
Desharnais,8,GA-ABE,49,0.5816215872764587,500
Desharnais,8,GA-ABE,50,0.5816215872764587,510
Desharnais,8,GA-ABE,51,0.5816215872764587,520
Desharnais,8,GA-ABE,52,0.5816215872764587,530
Desharnais,8,GA-ABE,53,0.5816215872764587,540
Desharnais,8,GA-ABE,54,0.5816215872764587,550
Desharnais,8,GA-ABE,55,0.5816215872764587,560
Desharnais,8,GA-ABE,56,0.5816215872764587,570
Desharnais,8,GA-ABE,57,0.5816215872764587,580
Desharnais,8,GA-ABE,58,0.5816215872764587,590
Desharnais,8,GA-ABE,59,0.5816215872764587,600
Desharnais,8,GA-ABE,60,0.5816215872764587,610
Desharnais,8,GA-ABE,61,0.5816215872764587,620
Desharnais,8,GA-ABE,62,0.5816215872764587,630
Desharnais,8,GA-ABE,63,0.5816181898117065,640
Desharnais,8,GA-ABE,64,0.5816181898117065,650
Desharnais,8,GA-ABE,65,0.5816181898117065,660
Desharnais,8,GA-ABE,66,0.5816181898117065,670
Desharnais,8,GA-ABE,67,0.5816181898117065,680
Desharnais,8,GA-ABE,68,0.5816181898117065,690
Desharnais,8,GA-ABE,69,0.5816181898117065,700
Desharnais,8,GA-ABE,70,0.5816181898117065,710
Desharnais,8,GA-ABE,71,0.5816181898117065,720
Desharnais,8,GA-ABE,72,0.5816181898117065,730
Desharnais,8,GA-ABE,73,0.5816181898117065,740
Desharnais,8,GA-ABE,74,0.5816181898117065,750
Desharnais,8,GA-ABE,75,0.5816181898117065,760
Desharnais,8,GA-ABE,76,0.5816181898117065,770
Desharnais,8,GA-ABE,77,0.5816181898117065,780
Desharnais,8,GA-ABE,78,0.5816181898117065,790
Desharnais,8,GA-ABE,79,0.5816181898117065,800
Desharnais,8,GA-ABE,80,0.5816181898117065,810
Desharnais,8,GA-ABE,81,0.5816181898117065,820
Desharnais,8,GA-ABE,82,0.5816181898117065,830
Desharnais,8,GA-ABE,83,0.5816181898117065,840
Desharnais,8,GA-ABE,84,0.5816181898117065,850
Desharnais,8,GA-ABE,85,0.5816181898117065,860
Desharnais,8,GA-ABE,86,0.5816181898117065,870
Desharnais,8,GA-ABE,87,0.5816181898117065,880
Desharnais,8,GA-ABE,88,0.5816173553466797,890
Desharnais,8,GA-ABE,89,0.5816173553466797,900
Desharnais,8,GA-ABE,90,0.5816173553466797,910
Desharnais,8,GA-ABE,91,0.5816173553466797,920
Desharnais,8,GA-ABE,92,0.5816173553466797,930
Desharnais,8,GA-ABE,93,0.5816173553466797,940
Desharnais,8,GA-ABE,94,0.5816173553466797,950
Desharnais,8,GA-ABE,95,0.5816173553466797,960
Desharnais,8,GA-ABE,96,0.5816173553466797,970
Desharnais,8,GA-ABE,97,0.5816173553466797,980
Desharnais,8,GA-ABE,98,0.5816173553466797,990
Desharnais,8,GA-ABE,99,0.5816173553466797,1000
Desharnais,8,PSO-ABE,0,0.6179159283638,10
Desharnais,8,PSO-ABE,1,0.6147216558456421,20
Desharnais,8,PSO-ABE,2,0.6147216558456421,30
Desharnais,8,PSO-ABE,3,0.6094547510147095,40
Desharnais,8,PSO-ABE,4,0.603937029838562,50
Desharnais,8,PSO-ABE,5,0.591891348361969,60
Desharnais,8,PSO-ABE,6,0.591891348361969,70
Desharnais,8,PSO-ABE,7,0.591891348361969,80
Desharnais,8,PSO-ABE,8,0.591891348361969,90
Desharnais,8,PSO-ABE,9,0.5911077857017517,100
Desharnais,8,PSO-ABE,10,0.5911077857017517,110
Desharnais,8,PSO-ABE,11,0.5911077857017517,120
Desharnais,8,PSO-ABE,12,0.5911077857017517,130
Desharnais,8,PSO-ABE,13,0.5911077857017517,140
Desharnais,8,PSO-ABE,14,0.5911077857017517,150
Desharnais,8,PSO-ABE,15,0.5911077857017517,160
Desharnais,8,PSO-ABE,16,0.5911077857017517,170
Desharnais,8,PSO-ABE,17,0.5910539627075195,180
Desharnais,8,PSO-ABE,18,0.5910539627075195,190
Desharnais,8,PSO-ABE,19,0.5890437960624695,200
Desharnais,8,PSO-ABE,20,0.5890437960624695,210
Desharnais,8,PSO-ABE,21,0.5890437960624695,220
Desharnais,8,PSO-ABE,22,0.5890437960624695,230
Desharnais,8,PSO-ABE,23,0.5890437960624695,240
Desharnais,8,PSO-ABE,24,0.5890437960624695,250
Desharnais,8,PSO-ABE,25,0.586742639541626,260
Desharnais,8,PSO-ABE,26,0.5824596881866455,270
Desharnais,8,PSO-ABE,27,0.5824596881866455,280
Desharnais,8,PSO-ABE,28,0.5824596881866455,290
Desharnais,8,PSO-ABE,29,0.5824596881866455,300
Desharnais,8,PSO-ABE,30,0.5823624134063721,310
Desharnais,8,PSO-ABE,31,0.5823624134063721,320
Desharnais,8,PSO-ABE,32,0.5823624134063721,330
Desharnais,8,PSO-ABE,33,0.5823624134063721,340
Desharnais,8,PSO-ABE,34,0.5823624134063721,350
Desharnais,8,PSO-ABE,35,0.5823624134063721,360
Desharnais,8,PSO-ABE,36,0.5823624134063721,370
Desharnais,8,PSO-ABE,37,0.5823624134063721,380
Desharnais,8,PSO-ABE,38,0.5823624134063721,390
Desharnais,8,PSO-ABE,39,0.5819386839866638,400
Desharnais,8,PSO-ABE,40,0.5819386839866638,410
Desharnais,8,PSO-ABE,41,0.5819386839866638,420
Desharnais,8,PSO-ABE,42,0.5819386839866638,430
Desharnais,8,PSO-ABE,43,0.5819386839866638,440
Desharnais,8,PSO-ABE,44,0.5819386839866638,450
Desharnais,8,PSO-ABE,45,0.5819386839866638,460
Desharnais,8,PSO-ABE,46,0.5819386839866638,470
Desharnais,8,PSO-ABE,47,0.5819386839866638,480
Desharnais,8,PSO-ABE,48,0.5819386839866638,490
Desharnais,8,PSO-ABE,49,0.5819386839866638,500
Desharnais,8,PSO-ABE,50,0.5819386839866638,510
Desharnais,8,PSO-ABE,51,0.5818740725517273,520
Desharnais,8,PSO-ABE,52,0.5818740725517273,530
Desharnais,8,PSO-ABE,53,0.5818740725517273,540
Desharnais,8,PSO-ABE,54,0.5818740725517273,550
Desharnais,8,PSO-ABE,55,0.5818740725517273,560
Desharnais,8,PSO-ABE,56,0.577111542224884,570
Desharnais,8,PSO-ABE,57,0.577111542224884,580
Desharnais,8,PSO-ABE,58,0.5714995265007019,590
Desharnais,8,PSO-ABE,59,0.5714995265007019,600
Desharnais,8,PSO-ABE,60,0.5714995265007019,610
Desharnais,8,PSO-ABE,61,0.5714995265007019,620
Desharnais,8,PSO-ABE,62,0.5714995265007019,630
Desharnais,8,PSO-ABE,63,0.5714995265007019,640
Desharnais,8,PSO-ABE,64,0.5714995265007019,650
Desharnais,8,PSO-ABE,65,0.5714995265007019,660
Desharnais,8,PSO-ABE,66,0.5714995265007019,670
Desharnais,8,PSO-ABE,67,0.5714659690856934,680
Desharnais,8,PSO-ABE,68,0.5714659690856934,690
Desharnais,8,PSO-ABE,69,0.5714617371559143,700
Desharnais,8,PSO-ABE,70,0.5714617371559143,710
Desharnais,8,PSO-ABE,71,0.5714617371559143,720
Desharnais,8,PSO-ABE,72,0.5714617371559143,730
Desharnais,8,PSO-ABE,73,0.5704501271247864,740
Desharnais,8,PSO-ABE,74,0.5704501271247864,750
Desharnais,8,PSO-ABE,75,0.5704501271247864,760
Desharnais,8,PSO-ABE,76,0.5704501271247864,770
Desharnais,8,PSO-ABE,77,0.5704501271247864,780
Desharnais,8,PSO-ABE,78,0.5704501271247864,790
Desharnais,8,PSO-ABE,79,0.5690961480140686,800
Desharnais,8,PSO-ABE,80,0.5690636038780212,810
Desharnais,8,PSO-ABE,81,0.5690636038780212,820
Desharnais,8,PSO-ABE,82,0.5690475106239319,830
Desharnais,8,PSO-ABE,83,0.5690475106239319,840
Desharnais,8,PSO-ABE,84,0.5690475106239319,850
Desharnais,8,PSO-ABE,85,0.56904137134552,860
Desharnais,8,PSO-ABE,86,0.56904137134552,870
Desharnais,8,PSO-ABE,87,0.56904137134552,880
Desharnais,8,PSO-ABE,88,0.56904137134552,890
Desharnais,8,PSO-ABE,89,0.569039523601532,900
Desharnais,8,PSO-ABE,90,0.5690369009971619,910
Desharnais,8,PSO-ABE,91,0.5690369009971619,920
Desharnais,8,PSO-ABE,92,0.5690369009971619,930
Desharnais,8,PSO-ABE,93,0.5690369009971619,940
Desharnais,8,PSO-ABE,94,0.5690369009971619,950
Desharnais,8,PSO-ABE,95,0.5690369009971619,960
Desharnais,8,PSO-ABE,96,0.5690369009971619,970
Desharnais,8,PSO-ABE,97,0.5690369009971619,980
Desharnais,8,PSO-ABE,98,0.5690369009971619,990
Desharnais,8,PSO-ABE,99,0.5690369009971619,1000
Desharnais,8,DE-ABE,0,0.6228672862052917,10
Desharnais,8,DE-ABE,1,0.6228672862052917,20
Desharnais,8,DE-ABE,2,0.6228672862052917,30
Desharnais,8,DE-ABE,3,0.6228672862052917,40
Desharnais,8,DE-ABE,4,0.6228672862052917,50
Desharnais,8,DE-ABE,5,0.6158852577209473,60
Desharnais,8,DE-ABE,6,0.6154806017875671,70
Desharnais,8,DE-ABE,7,0.597194492816925,80
Desharnais,8,DE-ABE,8,0.5960524082183838,90
Desharnais,8,DE-ABE,9,0.5960524082183838,100
Desharnais,8,DE-ABE,10,0.5960524082183838,110
Desharnais,8,DE-ABE,11,0.5885700583457947,120
Desharnais,8,DE-ABE,12,0.5885700583457947,130
Desharnais,8,DE-ABE,13,0.5885700583457947,140
Desharnais,8,DE-ABE,14,0.5885700583457947,150
Desharnais,8,DE-ABE,15,0.5885700583457947,160
Desharnais,8,DE-ABE,16,0.5885700583457947,170
Desharnais,8,DE-ABE,17,0.5885700583457947,180
Desharnais,8,DE-ABE,18,0.5885700583457947,190
Desharnais,8,DE-ABE,19,0.5885700583457947,200
Desharnais,8,DE-ABE,20,0.5885700583457947,210
Desharnais,8,DE-ABE,21,0.5604584813117981,220
Desharnais,8,DE-ABE,22,0.5604584813117981,230
Desharnais,8,DE-ABE,23,0.5604584813117981,240
Desharnais,8,DE-ABE,24,0.5604584813117981,250
Desharnais,8,DE-ABE,25,0.5604584813117981,260
Desharnais,8,DE-ABE,26,0.5604584813117981,270
Desharnais,8,DE-ABE,27,0.5565186738967896,280
Desharnais,8,DE-ABE,28,0.5565186738967896,290
Desharnais,8,DE-ABE,29,0.5565186738967896,300
Desharnais,8,DE-ABE,30,0.5565186738967896,310
Desharnais,8,DE-ABE,31,0.5565045475959778,320
Desharnais,8,DE-ABE,32,0.5555422902107239,330
Desharnais,8,DE-ABE,33,0.5555422902107239,340
Desharnais,8,DE-ABE,34,0.5555422902107239,350
Desharnais,8,DE-ABE,35,0.5555422902107239,360
Desharnais,8,DE-ABE,36,0.5555422902107239,370
Desharnais,8,DE-ABE,37,0.5555422902107239,380
Desharnais,8,DE-ABE,38,0.5555422902107239,390
Desharnais,8,DE-ABE,39,0.5555422902107239,400
Desharnais,8,DE-ABE,40,0.5555422902107239,410
Desharnais,8,DE-ABE,41,0.5555422902107239,420
Desharnais,8,DE-ABE,42,0.5555422902107239,430
Desharnais,8,DE-ABE,43,0.5555422902107239,440
Desharnais,8,DE-ABE,44,0.5555422902107239,450
Desharnais,8,DE-ABE,45,0.5555422902107239,460
Desharnais,8,DE-ABE,46,0.5553662776947021,470
Desharnais,8,DE-ABE,47,0.5553264021873474,480
Desharnais,8,DE-ABE,48,0.5553264021873474,490
Desharnais,8,DE-ABE,49,0.5523724555969238,500
Desharnais,8,DE-ABE,50,0.5523724555969238,510
Desharnais,8,DE-ABE,51,0.5523724555969238,520
Desharnais,8,DE-ABE,52,0.5523724555969238,530
Desharnais,8,DE-ABE,53,0.551992654800415,540
Desharnais,8,DE-ABE,54,0.5519611835479736,550
Desharnais,8,DE-ABE,55,0.5519611835479736,560
Desharnais,8,DE-ABE,56,0.5519611835479736,570
Desharnais,8,DE-ABE,57,0.551936149597168,580
Desharnais,8,DE-ABE,58,0.551936149597168,590
Desharnais,8,DE-ABE,59,0.551936149597168,600
Desharnais,8,DE-ABE,60,0.551936149597168,610
Desharnais,8,DE-ABE,61,0.551936149597168,620
Desharnais,8,DE-ABE,62,0.5518847107887268,630
Desharnais,8,DE-ABE,63,0.5518847107887268,640
Desharnais,8,DE-ABE,64,0.5518800020217896,650
Desharnais,8,DE-ABE,65,0.5518800020217896,660
Desharnais,8,DE-ABE,66,0.5518800020217896,670
Desharnais,8,DE-ABE,67,0.5518800020217896,680
Desharnais,8,DE-ABE,68,0.5518789887428284,690
Desharnais,8,DE-ABE,69,0.5518789887428284,700
Desharnais,8,DE-ABE,70,0.5518732666969299,710
Desharnais,8,DE-ABE,71,0.5518732666969299,720
Desharnais,8,DE-ABE,72,0.5518711805343628,730
Desharnais,8,DE-ABE,73,0.5518694519996643,740
Desharnais,8,DE-ABE,74,0.5518694519996643,750
Desharnais,8,DE-ABE,75,0.5518676042556763,760
Desharnais,8,DE-ABE,76,0.5518664121627808,770
Desharnais,8,DE-ABE,77,0.5518664121627808,780
Desharnais,8,DE-ABE,78,0.5518661737442017,790
Desharnais,8,DE-ABE,79,0.5518654584884644,800
Desharnais,8,DE-ABE,80,0.5518651604652405,810
Desharnais,8,DE-ABE,81,0.5518585443496704,820
Desharnais,8,DE-ABE,82,0.5518585443496704,830
Desharnais,8,DE-ABE,83,0.5518558621406555,840
Desharnais,8,DE-ABE,84,0.551855742931366,850
Desharnais,8,DE-ABE,85,0.551855742931366,860
Desharnais,8,DE-ABE,86,0.5518541932106018,870
Desharnais,8,DE-ABE,87,0.5518525838851929,880
Desharnais,8,DE-ABE,88,0.5518525838851929,890
Desharnais,8,DE-ABE,89,0.5518510341644287,900
Desharnais,8,DE-ABE,90,0.5518510341644287,910
Desharnais,8,DE-ABE,91,0.5518507361412048,920
Desharnais,8,DE-ABE,92,0.5518498420715332,930
Desharnais,8,DE-ABE,93,0.5518490076065063,940
Desharnais,8,DE-ABE,94,0.5518489480018616,950
Desharnais,8,DE-ABE,95,0.5518489480018616,960
Desharnais,8,DE-ABE,96,0.5518487095832825,970
Desharnais,8,DE-ABE,97,0.5518485307693481,980
Desharnais,8,DE-ABE,98,0.5518478751182556,990
Desharnais,8,DE-ABE,99,0.5518478751182556,1000
Desharnais,8,GWO-ABE,0,0.6546598672866821,10
Desharnais,8,GWO-ABE,1,0.6346220970153809,20
Desharnais,8,GWO-ABE,2,0.6305489540100098,30
Desharnais,8,GWO-ABE,3,0.6108509302139282,40
Desharnais,8,GWO-ABE,4,0.613585889339447,50
Desharnais,8,GWO-ABE,5,0.6057076454162598,60
Desharnais,8,GWO-ABE,6,0.6292315125465393,70
Desharnais,8,GWO-ABE,7,0.6292446851730347,80
Desharnais,8,GWO-ABE,8,0.6205806136131287,90
Desharnais,8,GWO-ABE,9,0.5916487574577332,100
Desharnais,8,GWO-ABE,10,0.5863718390464783,110
Desharnais,8,GWO-ABE,11,0.5719316005706787,120
Desharnais,8,GWO-ABE,12,0.5707408785820007,130
Desharnais,8,GWO-ABE,13,0.5761200785636902,140
Desharnais,8,GWO-ABE,14,0.5624880194664001,150
Desharnais,8,GWO-ABE,15,0.5549030303955078,160
Desharnais,8,GWO-ABE,16,0.5697389245033264,170
Desharnais,8,GWO-ABE,17,0.5789761543273926,180
Desharnais,8,GWO-ABE,18,0.5728322863578796,190
Desharnais,8,GWO-ABE,19,0.5644397139549255,200
Desharnais,8,GWO-ABE,20,0.5607678890228271,210
Desharnais,8,GWO-ABE,21,0.5731255412101746,220
Desharnais,8,GWO-ABE,22,0.5696963667869568,230
Desharnais,8,GWO-ABE,23,0.5762048959732056,240
Desharnais,8,GWO-ABE,24,0.5709273219108582,250
Desharnais,8,GWO-ABE,25,0.5661859512329102,260
Desharnais,8,GWO-ABE,26,0.5737470984458923,270
Desharnais,8,GWO-ABE,27,0.5740960836410522,280
Desharnais,8,GWO-ABE,28,0.5805371403694153,290
Desharnais,8,GWO-ABE,29,0.571914792060852,300
Desharnais,8,GWO-ABE,30,0.5780364871025085,310
Desharnais,8,GWO-ABE,31,0.574880838394165,320
Desharnais,8,GWO-ABE,32,0.5853556990623474,330
Desharnais,8,GWO-ABE,33,0.5874066948890686,340
Desharnais,8,GWO-ABE,34,0.5782496333122253,350
Desharnais,8,GWO-ABE,35,0.5789691209793091,360
Desharnais,8,GWO-ABE,36,0.5639045238494873,370
Desharnais,8,GWO-ABE,37,0.5666990876197815,380
Desharnais,8,GWO-ABE,38,0.560946524143219,390
Desharnais,8,GWO-ABE,39,0.5580092072486877,400
Desharnais,8,GWO-ABE,40,0.5486912131309509,410
Desharnais,8,GWO-ABE,41,0.5567378401756287,420
Desharnais,8,GWO-ABE,42,0.5589659810066223,430
Desharnais,8,GWO-ABE,43,0.5562750101089478,440
Desharnais,8,GWO-ABE,44,0.560609757900238,450
Desharnais,8,GWO-ABE,45,0.555779755115509,460
Desharnais,8,GWO-ABE,46,0.5561290383338928,470
Desharnais,8,GWO-ABE,47,0.5545057654380798,480
Desharnais,8,GWO-ABE,48,0.5540237426757812,490
Desharnais,8,GWO-ABE,49,0.5563902854919434,500
Desharnais,8,GWO-ABE,50,0.551643431186676,510
Desharnais,8,GWO-ABE,51,0.5557180047035217,520
Desharnais,8,GWO-ABE,52,0.5565271377563477,530
Desharnais,8,GWO-ABE,53,0.5560653805732727,540
Desharnais,8,GWO-ABE,54,0.5543888807296753,550
Desharnais,8,GWO-ABE,55,0.5515968203544617,560
Desharnais,8,GWO-ABE,56,0.5498306155204773,570
Desharnais,8,GWO-ABE,57,0.5580667853355408,580
Desharnais,8,GWO-ABE,58,0.5511999726295471,590
Desharnais,8,GWO-ABE,59,0.5497585535049438,600
Desharnais,8,GWO-ABE,60,0.549433171749115,610
Desharnais,8,GWO-ABE,61,0.5517987012863159,620
Desharnais,8,GWO-ABE,62,0.548179566860199,630
Desharnais,8,GWO-ABE,63,0.5536016225814819,640
Desharnais,8,GWO-ABE,64,0.5559316277503967,650
Desharnais,8,GWO-ABE,65,0.5557419657707214,660
Desharnais,8,GWO-ABE,66,0.5545517206192017,670
Desharnais,8,GWO-ABE,67,0.5536520481109619,680
Desharnais,8,GWO-ABE,68,0.5557143092155457,690
Desharnais,8,GWO-ABE,69,0.5544984340667725,700
Desharnais,8,GWO-ABE,70,0.5521101355552673,710
Desharnais,8,GWO-ABE,71,0.5500420331954956,720
Desharnais,8,GWO-ABE,72,0.5489807724952698,730
Desharnais,8,GWO-ABE,73,0.5550203919410706,740
Desharnais,8,GWO-ABE,74,0.554140031337738,750
Desharnais,8,GWO-ABE,75,0.5545008182525635,760
Desharnais,8,GWO-ABE,76,0.5546741485595703,770
Desharnais,8,GWO-ABE,77,0.5544435977935791,780
Desharnais,8,GWO-ABE,78,0.5546317100524902,790
Desharnais,8,GWO-ABE,79,0.5560783743858337,800
Desharnais,8,GWO-ABE,80,0.5550175905227661,810
Desharnais,8,GWO-ABE,81,0.556068480014801,820
Desharnais,8,GWO-ABE,82,0.5544124245643616,830
Desharnais,8,GWO-ABE,83,0.554467499256134,840
Desharnais,8,GWO-ABE,84,0.554275631904602,850
Desharnais,8,GWO-ABE,85,0.5541731119155884,860
Desharnais,8,GWO-ABE,86,0.553759753704071,870
Desharnais,8,GWO-ABE,87,0.5542987585067749,880
Desharnais,8,GWO-ABE,88,0.5540844798088074,890
Desharnais,8,GWO-ABE,89,0.5541732907295227,900
Desharnais,8,GWO-ABE,90,0.5543342232704163,910
Desharnais,8,GWO-ABE,91,0.5543099045753479,920
Desharnais,8,GWO-ABE,92,0.5542885065078735,930
Desharnais,8,GWO-ABE,93,0.5543661117553711,940
Desharnais,8,GWO-ABE,94,0.5537538528442383,950
Desharnais,8,GWO-ABE,95,0.5537430047988892,960
Desharnais,8,GWO-ABE,96,0.5542564392089844,970
Desharnais,8,GWO-ABE,97,0.5542913675308228,980
Desharnais,8,GWO-ABE,98,0.554248034954071,990
Desharnais,8,GWO-ABE,99,0.5542523860931396,1000
Desharnais,8,WOA-ABE,0,0.6262474060058594,10
Desharnais,8,WOA-ABE,1,0.6203070878982544,20
Desharnais,8,WOA-ABE,2,0.5784074068069458,30
Desharnais,8,WOA-ABE,3,0.5752736926078796,40
Desharnais,8,WOA-ABE,4,0.5752736926078796,50
Desharnais,8,WOA-ABE,5,0.5683331489562988,60
Desharnais,8,WOA-ABE,6,0.5683274865150452,70
Desharnais,8,WOA-ABE,7,0.5683274865150452,80
Desharnais,8,WOA-ABE,8,0.5671676397323608,90
Desharnais,8,WOA-ABE,9,0.5671676397323608,100
Desharnais,8,WOA-ABE,10,0.5664717555046082,110
Desharnais,8,WOA-ABE,11,0.5650386810302734,120
Desharnais,8,WOA-ABE,12,0.5650386810302734,130
Desharnais,8,WOA-ABE,13,0.5650386810302734,140
Desharnais,8,WOA-ABE,14,0.5650089383125305,150
Desharnais,8,WOA-ABE,15,0.5620788931846619,160
Desharnais,8,WOA-ABE,16,0.5620788931846619,170
Desharnais,8,WOA-ABE,17,0.5559524893760681,180
Desharnais,8,WOA-ABE,18,0.5558803081512451,190
Desharnais,8,WOA-ABE,19,0.5558803081512451,200
Desharnais,8,WOA-ABE,20,0.5488105416297913,210
Desharnais,8,WOA-ABE,21,0.5487707853317261,220
Desharnais,8,WOA-ABE,22,0.5487707853317261,230
Desharnais,8,WOA-ABE,23,0.5487707853317261,240
Desharnais,8,WOA-ABE,24,0.5487707853317261,250
Desharnais,8,WOA-ABE,25,0.5487707853317261,260
Desharnais,8,WOA-ABE,26,0.5487707853317261,270
Desharnais,8,WOA-ABE,27,0.5487707853317261,280
Desharnais,8,WOA-ABE,28,0.5487576127052307,290
Desharnais,8,WOA-ABE,29,0.548753559589386,300
Desharnais,8,WOA-ABE,30,0.5487475395202637,310
Desharnais,8,WOA-ABE,31,0.5462939739227295,320
Desharnais,8,WOA-ABE,32,0.5462939739227295,330
Desharnais,8,WOA-ABE,33,0.5462939739227295,340
Desharnais,8,WOA-ABE,34,0.5462898015975952,350
Desharnais,8,WOA-ABE,35,0.5462898015975952,360
Desharnais,8,WOA-ABE,36,0.5367806553840637,370
Desharnais,8,WOA-ABE,37,0.5366882085800171,380
Desharnais,8,WOA-ABE,38,0.5366882085800171,390
Desharnais,8,WOA-ABE,39,0.5366827845573425,400
Desharnais,8,WOA-ABE,40,0.5366827845573425,410
Desharnais,8,WOA-ABE,41,0.5366827845573425,420
Desharnais,8,WOA-ABE,42,0.5366430282592773,430
Desharnais,8,WOA-ABE,43,0.5366430282592773,440
Desharnais,8,WOA-ABE,44,0.5366430282592773,450
Desharnais,8,WOA-ABE,45,0.5366430282592773,460
Desharnais,8,WOA-ABE,46,0.5366407632827759,470
Desharnais,8,WOA-ABE,47,0.5357397198677063,480
Desharnais,8,WOA-ABE,48,0.5357356071472168,490
Desharnais,8,WOA-ABE,49,0.5357356071472168,500
Desharnais,8,WOA-ABE,50,0.5357356071472168,510
Desharnais,8,WOA-ABE,51,0.5357356071472168,520
Desharnais,8,WOA-ABE,52,0.5356550812721252,530
Desharnais,8,WOA-ABE,53,0.5356550812721252,540
Desharnais,8,WOA-ABE,54,0.5356550812721252,550
Desharnais,8,WOA-ABE,55,0.5356550812721252,560
Desharnais,8,WOA-ABE,56,0.5356550812721252,570
Desharnais,8,WOA-ABE,57,0.5356543064117432,580
Desharnais,8,WOA-ABE,58,0.5356543064117432,590
Desharnais,8,WOA-ABE,59,0.5356542468070984,600
Desharnais,8,WOA-ABE,60,0.5356542468070984,610
Desharnais,8,WOA-ABE,61,0.5356542468070984,620
Desharnais,8,WOA-ABE,62,0.5356542468070984,630
Desharnais,8,WOA-ABE,63,0.5356542468070984,640
Desharnais,8,WOA-ABE,64,0.5356542468070984,650
Desharnais,8,WOA-ABE,65,0.5356542468070984,660
Desharnais,8,WOA-ABE,66,0.5356542468070984,670
Desharnais,8,WOA-ABE,67,0.5356329083442688,680
Desharnais,8,WOA-ABE,68,0.5356329083442688,690
Desharnais,8,WOA-ABE,69,0.5356294512748718,700
Desharnais,8,WOA-ABE,70,0.5356294512748718,710
Desharnais,8,WOA-ABE,71,0.5356294512748718,720
Desharnais,8,WOA-ABE,72,0.5356284379959106,730
Desharnais,8,WOA-ABE,73,0.5356284379959106,740
Desharnais,8,WOA-ABE,74,0.5356284379959106,750
Desharnais,8,WOA-ABE,75,0.5356284379959106,760
Desharnais,8,WOA-ABE,76,0.5356284379959106,770
Desharnais,8,WOA-ABE,77,0.5356284379959106,780
Desharnais,8,WOA-ABE,78,0.5356281399726868,790
Desharnais,8,WOA-ABE,79,0.5356281399726868,800
Desharnais,8,WOA-ABE,80,0.5356281399726868,810
Desharnais,8,WOA-ABE,81,0.5356281399726868,820
Desharnais,8,WOA-ABE,82,0.5356279611587524,830
Desharnais,8,WOA-ABE,83,0.5356279611587524,840
Desharnais,8,WOA-ABE,84,0.5356279611587524,850
Desharnais,8,WOA-ABE,85,0.5356191396713257,860
Desharnais,8,WOA-ABE,86,0.5356191396713257,870
Desharnais,8,WOA-ABE,87,0.5356159806251526,880
Desharnais,8,WOA-ABE,88,0.5356159806251526,890
Desharnais,8,WOA-ABE,89,0.5356159806251526,900
Desharnais,8,WOA-ABE,90,0.5356159806251526,910
Desharnais,8,WOA-ABE,91,0.5356159806251526,920
Desharnais,8,WOA-ABE,92,0.5356152653694153,930
Desharnais,8,WOA-ABE,93,0.5356152653694153,940
Desharnais,8,WOA-ABE,94,0.5356152653694153,950
Desharnais,8,WOA-ABE,95,0.5356152653694153,960
Desharnais,8,WOA-ABE,96,0.5356152653694153,970
Desharnais,8,WOA-ABE,97,0.5356152653694153,980
Desharnais,8,WOA-ABE,98,0.5356152653694153,990
Desharnais,8,WOA-ABE,99,0.5356152653694153,1000
Desharnais,8,FAABE,0,0.593264639377594,10
Desharnais,8,FAABE,1,0.593264639377594,20
Desharnais,8,FAABE,2,0.5929078459739685,30
Desharnais,8,FAABE,3,0.5929078459739685,40
Desharnais,8,FAABE,4,0.5929078459739685,50
Desharnais,8,FAABE,5,0.5929078459739685,60
Desharnais,8,FAABE,6,0.5929078459739685,70
Desharnais,8,FAABE,7,0.5929078459739685,80
Desharnais,8,FAABE,8,0.5907982587814331,90
Desharnais,8,FAABE,9,0.5873164534568787,100
Desharnais,8,FAABE,10,0.5851026773452759,110
Desharnais,8,FAABE,11,0.5768385529518127,120
Desharnais,8,FAABE,12,0.5768385529518127,130
Desharnais,8,FAABE,13,0.5726720094680786,140
Desharnais,8,FAABE,14,0.5726720094680786,150
Desharnais,8,FAABE,15,0.5726720094680786,160
Desharnais,8,FAABE,16,0.5726720094680786,170
Desharnais,8,FAABE,17,0.5726720094680786,180
Desharnais,8,FAABE,18,0.5726720094680786,190
Desharnais,8,FAABE,19,0.5726720094680786,200
Desharnais,8,FAABE,20,0.5726720094680786,210
Desharnais,8,FAABE,21,0.5726720094680786,220
Desharnais,8,FAABE,22,0.5726720094680786,230
Desharnais,8,FAABE,23,0.5726720094680786,240
Desharnais,8,FAABE,24,0.5726720094680786,250
Desharnais,8,FAABE,25,0.5726720094680786,260
Desharnais,8,FAABE,26,0.5726720094680786,270
Desharnais,8,FAABE,27,0.5726720094680786,280
Desharnais,8,FAABE,28,0.5726720094680786,290
Desharnais,8,FAABE,29,0.5726720094680786,300
Desharnais,8,FAABE,30,0.5726720094680786,310
Desharnais,8,FAABE,31,0.5726720094680786,320
Desharnais,8,FAABE,32,0.5726720094680786,330
Desharnais,8,FAABE,33,0.5726720094680786,340
Desharnais,8,FAABE,34,0.5726720094680786,350
Desharnais,8,FAABE,35,0.5726720094680786,360
Desharnais,8,FAABE,36,0.5726720094680786,370
Desharnais,8,FAABE,37,0.5726720094680786,380
Desharnais,8,FAABE,38,0.5726720094680786,390
Desharnais,8,FAABE,39,0.5726720094680786,400
Desharnais,8,FAABE,40,0.5726720094680786,410
Desharnais,8,FAABE,41,0.5726720094680786,420
Desharnais,8,FAABE,42,0.5726720094680786,430
Desharnais,8,FAABE,43,0.5726720094680786,440
Desharnais,8,FAABE,44,0.5726720094680786,450
Desharnais,8,FAABE,45,0.5726720094680786,460
Desharnais,8,FAABE,46,0.5726720094680786,470
Desharnais,8,FAABE,47,0.5726720094680786,480
Desharnais,8,FAABE,48,0.5726720094680786,490
Desharnais,8,FAABE,49,0.5726720094680786,500
Desharnais,8,FAABE,50,0.5726720094680786,510
Desharnais,8,FAABE,51,0.5726720094680786,520
Desharnais,8,FAABE,52,0.5726720094680786,530
Desharnais,8,FAABE,53,0.5726720094680786,540
Desharnais,8,FAABE,54,0.5726720094680786,550
Desharnais,8,FAABE,55,0.5726720094680786,560
Desharnais,8,FAABE,56,0.5726720094680786,570
Desharnais,8,FAABE,57,0.5726720094680786,580
Desharnais,8,FAABE,58,0.5726720094680786,590
Desharnais,8,FAABE,59,0.5726720094680786,600
Desharnais,8,FAABE,60,0.5726720094680786,610
Desharnais,8,FAABE,61,0.5726720094680786,620
Desharnais,8,FAABE,62,0.5726720094680786,630
Desharnais,8,FAABE,63,0.5726720094680786,640
Desharnais,8,FAABE,64,0.5726720094680786,650
Desharnais,8,FAABE,65,0.5726720094680786,660
Desharnais,8,FAABE,66,0.5726720094680786,670
Desharnais,8,FAABE,67,0.5726720094680786,680
Desharnais,8,FAABE,68,0.5726720094680786,690
Desharnais,8,FAABE,69,0.5726720094680786,700
Desharnais,8,FAABE,70,0.5726720094680786,710
Desharnais,8,FAABE,71,0.5726720094680786,720
Desharnais,8,FAABE,72,0.5726720094680786,730
Desharnais,8,FAABE,73,0.5726720094680786,740
Desharnais,8,FAABE,74,0.5726720094680786,750
Desharnais,8,FAABE,75,0.5726720094680786,760
Desharnais,8,FAABE,76,0.5726720094680786,770
Desharnais,8,FAABE,77,0.5726720094680786,780
Desharnais,8,FAABE,78,0.5726720094680786,790
Desharnais,8,FAABE,79,0.5726720094680786,800
Desharnais,8,FAABE,80,0.5726720094680786,810
Desharnais,8,FAABE,81,0.5726720094680786,820
Desharnais,8,FAABE,82,0.5726720094680786,830
Desharnais,8,FAABE,83,0.5726720094680786,840
Desharnais,8,FAABE,84,0.5726720094680786,850
Desharnais,8,FAABE,85,0.5726720094680786,860
Desharnais,8,FAABE,86,0.5726720094680786,870
Desharnais,8,FAABE,87,0.5726720094680786,880
Desharnais,8,FAABE,88,0.5726720094680786,890
Desharnais,8,FAABE,89,0.5726720094680786,900
Desharnais,8,FAABE,90,0.5726720094680786,910
Desharnais,8,FAABE,91,0.5726720094680786,920
Desharnais,8,FAABE,92,0.5726720094680786,930
Desharnais,8,FAABE,93,0.5726720094680786,940
Desharnais,8,FAABE,94,0.5726720094680786,950
Desharnais,8,FAABE,95,0.5726720094680786,960
Desharnais,8,FAABE,96,0.5726720094680786,970
Desharnais,8,FAABE,97,0.5726720094680786,980
Desharnais,8,FAABE,98,0.5726720094680786,990
Desharnais,8,FAABE,99,0.5726720094680786,1000
Desharnais,9,GA-ABE,0,0.3964847922325134,10
Desharnais,9,GA-ABE,1,0.35853472352027893,20
Desharnais,9,GA-ABE,2,0.3481947183609009,30
Desharnais,9,GA-ABE,3,0.3481947183609009,40
Desharnais,9,GA-ABE,4,0.3481947183609009,50
Desharnais,9,GA-ABE,5,0.3481947183609009,60
Desharnais,9,GA-ABE,6,0.3481947183609009,70
Desharnais,9,GA-ABE,7,0.3481947183609009,80
Desharnais,9,GA-ABE,8,0.3481947183609009,90
Desharnais,9,GA-ABE,9,0.3481947183609009,100
Desharnais,9,GA-ABE,10,0.3481947183609009,110
Desharnais,9,GA-ABE,11,0.3481947183609009,120
Desharnais,9,GA-ABE,12,0.3481947183609009,130
Desharnais,9,GA-ABE,13,0.3481947183609009,140
Desharnais,9,GA-ABE,14,0.3475480377674103,150
Desharnais,9,GA-ABE,15,0.3475480377674103,160
Desharnais,9,GA-ABE,16,0.3475480377674103,170
Desharnais,9,GA-ABE,17,0.3475480377674103,180
Desharnais,9,GA-ABE,18,0.3475480377674103,190
Desharnais,9,GA-ABE,19,0.3475480377674103,200
Desharnais,9,GA-ABE,20,0.3475480377674103,210
Desharnais,9,GA-ABE,21,0.3475480377674103,220
Desharnais,9,GA-ABE,22,0.3475480377674103,230
Desharnais,9,GA-ABE,23,0.3475480377674103,240
Desharnais,9,GA-ABE,24,0.3475480377674103,250
Desharnais,9,GA-ABE,25,0.3475480377674103,260
Desharnais,9,GA-ABE,26,0.3475480377674103,270
Desharnais,9,GA-ABE,27,0.3475480377674103,280
Desharnais,9,GA-ABE,28,0.3465416133403778,290
Desharnais,9,GA-ABE,29,0.3465269207954407,300
Desharnais,9,GA-ABE,30,0.3465269207954407,310
Desharnais,9,GA-ABE,31,0.3465171158313751,320
Desharnais,9,GA-ABE,32,0.3412385582923889,330
Desharnais,9,GA-ABE,33,0.3412385582923889,340
Desharnais,9,GA-ABE,34,0.3412385582923889,350
Desharnais,9,GA-ABE,35,0.3412385582923889,360
Desharnais,9,GA-ABE,36,0.3412385582923889,370
Desharnais,9,GA-ABE,37,0.34061184525489807,380
Desharnais,9,GA-ABE,38,0.34061184525489807,390
Desharnais,9,GA-ABE,39,0.34061184525489807,400
Desharnais,9,GA-ABE,40,0.34061184525489807,410
Desharnais,9,GA-ABE,41,0.33764657378196716,420
Desharnais,9,GA-ABE,42,0.33764657378196716,430
Desharnais,9,GA-ABE,43,0.33764657378196716,440
Desharnais,9,GA-ABE,44,0.33764657378196716,450
Desharnais,9,GA-ABE,45,0.33764657378196716,460
Desharnais,9,GA-ABE,46,0.33764657378196716,470
Desharnais,9,GA-ABE,47,0.33764657378196716,480
Desharnais,9,GA-ABE,48,0.3376445770263672,490
Desharnais,9,GA-ABE,49,0.3376445770263672,500
Desharnais,9,GA-ABE,50,0.3376430869102478,510
Desharnais,9,GA-ABE,51,0.3376430869102478,520
Desharnais,9,GA-ABE,52,0.3376430869102478,530
Desharnais,9,GA-ABE,53,0.3376430869102478,540
Desharnais,9,GA-ABE,54,0.3376430869102478,550
Desharnais,9,GA-ABE,55,0.3376430869102478,560
Desharnais,9,GA-ABE,56,0.3376430869102478,570
Desharnais,9,GA-ABE,57,0.3365062475204468,580
Desharnais,9,GA-ABE,58,0.3360579013824463,590
Desharnais,9,GA-ABE,59,0.33402490615844727,600
Desharnais,9,GA-ABE,60,0.33402490615844727,610
Desharnais,9,GA-ABE,61,0.33402490615844727,620
Desharnais,9,GA-ABE,62,0.33402490615844727,630
Desharnais,9,GA-ABE,63,0.33402490615844727,640
Desharnais,9,GA-ABE,64,0.33402490615844727,650
Desharnais,9,GA-ABE,65,0.33402490615844727,660
Desharnais,9,GA-ABE,66,0.33402490615844727,670
Desharnais,9,GA-ABE,67,0.33402490615844727,680
Desharnais,9,GA-ABE,68,0.33402490615844727,690
Desharnais,9,GA-ABE,69,0.33402490615844727,700
Desharnais,9,GA-ABE,70,0.33402490615844727,710
Desharnais,9,GA-ABE,71,0.33402490615844727,720
Desharnais,9,GA-ABE,72,0.33402490615844727,730
Desharnais,9,GA-ABE,73,0.33402490615844727,740
Desharnais,9,GA-ABE,74,0.33402490615844727,750
Desharnais,9,GA-ABE,75,0.33402490615844727,760
Desharnais,9,GA-ABE,76,0.33402490615844727,770
Desharnais,9,GA-ABE,77,0.3340228796005249,780
Desharnais,9,GA-ABE,78,0.3340228796005249,790
Desharnais,9,GA-ABE,79,0.3340228796005249,800
Desharnais,9,GA-ABE,80,0.3340228796005249,810
Desharnais,9,GA-ABE,81,0.3340228796005249,820
Desharnais,9,GA-ABE,82,0.3340228796005249,830
Desharnais,9,GA-ABE,83,0.3340228796005249,840
Desharnais,9,GA-ABE,84,0.3340228796005249,850
Desharnais,9,GA-ABE,85,0.3340228796005249,860
Desharnais,9,GA-ABE,86,0.333958238363266,870
Desharnais,9,GA-ABE,87,0.333958238363266,880
Desharnais,9,GA-ABE,88,0.333958238363266,890
Desharnais,9,GA-ABE,89,0.333958238363266,900
Desharnais,9,GA-ABE,90,0.33395546674728394,910
Desharnais,9,GA-ABE,91,0.33395546674728394,920
Desharnais,9,GA-ABE,92,0.33395546674728394,930
Desharnais,9,GA-ABE,93,0.33395546674728394,940
Desharnais,9,GA-ABE,94,0.33395546674728394,950
Desharnais,9,GA-ABE,95,0.33395546674728394,960
Desharnais,9,GA-ABE,96,0.33395546674728394,970
Desharnais,9,GA-ABE,97,0.33395546674728394,980
Desharnais,9,GA-ABE,98,0.33395546674728394,990
Desharnais,9,GA-ABE,99,0.33395546674728394,1000
Desharnais,9,PSO-ABE,0,0.40079131722450256,10
Desharnais,9,PSO-ABE,1,0.3984454274177551,20
Desharnais,9,PSO-ABE,2,0.37937137484550476,30
Desharnais,9,PSO-ABE,3,0.36261144280433655,40
Desharnais,9,PSO-ABE,4,0.3358869254589081,50
Desharnais,9,PSO-ABE,5,0.33527106046676636,60
Desharnais,9,PSO-ABE,6,0.32475781440734863,70
Desharnais,9,PSO-ABE,7,0.32475781440734863,80
Desharnais,9,PSO-ABE,8,0.32475781440734863,90
Desharnais,9,PSO-ABE,9,0.32475781440734863,100
Desharnais,9,PSO-ABE,10,0.32475781440734863,110
Desharnais,9,PSO-ABE,11,0.32475781440734863,120
Desharnais,9,PSO-ABE,12,0.3246632516384125,130
Desharnais,9,PSO-ABE,13,0.3246632516384125,140
Desharnais,9,PSO-ABE,14,0.32432785630226135,150
Desharnais,9,PSO-ABE,15,0.32432785630226135,160
Desharnais,9,PSO-ABE,16,0.32432785630226135,170
Desharnais,9,PSO-ABE,17,0.3240976929664612,180
Desharnais,9,PSO-ABE,18,0.3240976929664612,190
Desharnais,9,PSO-ABE,19,0.3239738643169403,200
Desharnais,9,PSO-ABE,20,0.3225826323032379,210
Desharnais,9,PSO-ABE,21,0.3225826323032379,220
Desharnais,9,PSO-ABE,22,0.3225826323032379,230
Desharnais,9,PSO-ABE,23,0.32254737615585327,240
Desharnais,9,PSO-ABE,24,0.32254737615585327,250
Desharnais,9,PSO-ABE,25,0.32254737615585327,260
Desharnais,9,PSO-ABE,26,0.32254737615585327,270
Desharnais,9,PSO-ABE,27,0.32254737615585327,280
Desharnais,9,PSO-ABE,28,0.32254737615585327,290
Desharnais,9,PSO-ABE,29,0.32254737615585327,300
Desharnais,9,PSO-ABE,30,0.32254737615585327,310
Desharnais,9,PSO-ABE,31,0.32251402735710144,320
Desharnais,9,PSO-ABE,32,0.32251402735710144,330
Desharnais,9,PSO-ABE,33,0.32251402735710144,340
Desharnais,9,PSO-ABE,34,0.32251402735710144,350
Desharnais,9,PSO-ABE,35,0.3225060999393463,360
Desharnais,9,PSO-ABE,36,0.3225060999393463,370
Desharnais,9,PSO-ABE,37,0.32242316007614136,380
Desharnais,9,PSO-ABE,38,0.32242316007614136,390
Desharnais,9,PSO-ABE,39,0.32241061329841614,400
Desharnais,9,PSO-ABE,40,0.32241061329841614,410
Desharnais,9,PSO-ABE,41,0.32240137457847595,420
Desharnais,9,PSO-ABE,42,0.32240137457847595,430
Desharnais,9,PSO-ABE,43,0.32239073514938354,440
Desharnais,9,PSO-ABE,44,0.32239073514938354,450
Desharnais,9,PSO-ABE,45,0.32239073514938354,460
Desharnais,9,PSO-ABE,46,0.32238247990608215,470
Desharnais,9,PSO-ABE,47,0.32238247990608215,480
Desharnais,9,PSO-ABE,48,0.32236841320991516,490
Desharnais,9,PSO-ABE,49,0.32236841320991516,500
Desharnais,9,PSO-ABE,50,0.3223632276058197,510
Desharnais,9,PSO-ABE,51,0.3223632276058197,520
Desharnais,9,PSO-ABE,52,0.3223632276058197,530
Desharnais,9,PSO-ABE,53,0.3223632276058197,540
Desharnais,9,PSO-ABE,54,0.3223632276058197,550
Desharnais,9,PSO-ABE,55,0.3223632276058197,560
Desharnais,9,PSO-ABE,56,0.3223632276058197,570
Desharnais,9,PSO-ABE,57,0.3223632276058197,580
Desharnais,9,PSO-ABE,58,0.3223593235015869,590
Desharnais,9,PSO-ABE,59,0.3223593235015869,600
Desharnais,9,PSO-ABE,60,0.32235583662986755,610
Desharnais,9,PSO-ABE,61,0.32235583662986755,620
Desharnais,9,PSO-ABE,62,0.32235583662986755,630
Desharnais,9,PSO-ABE,63,0.32235583662986755,640
Desharnais,9,PSO-ABE,64,0.32235583662986755,650
Desharnais,9,PSO-ABE,65,0.32235583662986755,660
Desharnais,9,PSO-ABE,66,0.32235583662986755,670
Desharnais,9,PSO-ABE,67,0.32235583662986755,680
Desharnais,9,PSO-ABE,68,0.32235583662986755,690
Desharnais,9,PSO-ABE,69,0.32235583662986755,700
Desharnais,9,PSO-ABE,70,0.32235583662986755,710
Desharnais,9,PSO-ABE,71,0.32235583662986755,720
Desharnais,9,PSO-ABE,72,0.32235532999038696,730
Desharnais,9,PSO-ABE,73,0.32235532999038696,740
Desharnais,9,PSO-ABE,74,0.32235532999038696,750
Desharnais,9,PSO-ABE,75,0.32235532999038696,760
Desharnais,9,PSO-ABE,76,0.32235532999038696,770
Desharnais,9,PSO-ABE,77,0.32235532999038696,780
Desharnais,9,PSO-ABE,78,0.32235532999038696,790
Desharnais,9,PSO-ABE,79,0.32235532999038696,800
Desharnais,9,PSO-ABE,80,0.32235532999038696,810
Desharnais,9,PSO-ABE,81,0.32235515117645264,820
Desharnais,9,PSO-ABE,82,0.32235515117645264,830
Desharnais,9,PSO-ABE,83,0.32235515117645264,840
Desharnais,9,PSO-ABE,84,0.32235515117645264,850
Desharnais,9,PSO-ABE,85,0.32235461473464966,860
Desharnais,9,PSO-ABE,86,0.32235461473464966,870
Desharnais,9,PSO-ABE,87,0.32235461473464966,880
Desharnais,9,PSO-ABE,88,0.32235461473464966,890
Desharnais,9,PSO-ABE,89,0.32235461473464966,900
Desharnais,9,PSO-ABE,90,0.32235461473464966,910
Desharnais,9,PSO-ABE,91,0.32235461473464966,920
Desharnais,9,PSO-ABE,92,0.32235461473464966,930
Desharnais,9,PSO-ABE,93,0.32235461473464966,940
Desharnais,9,PSO-ABE,94,0.32235461473464966,950
Desharnais,9,PSO-ABE,95,0.3223545551300049,960
Desharnais,9,PSO-ABE,96,0.32235434651374817,970
Desharnais,9,PSO-ABE,97,0.32235419750213623,980
Desharnais,9,PSO-ABE,98,0.32235419750213623,990
Desharnais,9,PSO-ABE,99,0.32235419750213623,1000
Desharnais,9,DE-ABE,0,0.38256314396858215,10
Desharnais,9,DE-ABE,1,0.38256314396858215,20
Desharnais,9,DE-ABE,2,0.3809041976928711,30
Desharnais,9,DE-ABE,3,0.3809041976928711,40
Desharnais,9,DE-ABE,4,0.3671630024909973,50
Desharnais,9,DE-ABE,5,0.3671630024909973,60
Desharnais,9,DE-ABE,6,0.3671630024909973,70
Desharnais,9,DE-ABE,7,0.3588514029979706,80
Desharnais,9,DE-ABE,8,0.3588514029979706,90
Desharnais,9,DE-ABE,9,0.3588514029979706,100
Desharnais,9,DE-ABE,10,0.3588514029979706,110
Desharnais,9,DE-ABE,11,0.3555988371372223,120
Desharnais,9,DE-ABE,12,0.35508474707603455,130
Desharnais,9,DE-ABE,13,0.3519749045372009,140
Desharnais,9,DE-ABE,14,0.3519749045372009,150
Desharnais,9,DE-ABE,15,0.3519749045372009,160
Desharnais,9,DE-ABE,16,0.3519749045372009,170
Desharnais,9,DE-ABE,17,0.35187655687332153,180
Desharnais,9,DE-ABE,18,0.35187655687332153,190
Desharnais,9,DE-ABE,19,0.35187655687332153,200
Desharnais,9,DE-ABE,20,0.35187655687332153,210
Desharnais,9,DE-ABE,21,0.35187655687332153,220
Desharnais,9,DE-ABE,22,0.35187655687332153,230
Desharnais,9,DE-ABE,23,0.3517678678035736,240
Desharnais,9,DE-ABE,24,0.3517678678035736,250
Desharnais,9,DE-ABE,25,0.3517678678035736,260
Desharnais,9,DE-ABE,26,0.35171371698379517,270
Desharnais,9,DE-ABE,27,0.35171371698379517,280
Desharnais,9,DE-ABE,28,0.3517093062400818,290
Desharnais,9,DE-ABE,29,0.35021063685417175,300
Desharnais,9,DE-ABE,30,0.35021063685417175,310
Desharnais,9,DE-ABE,31,0.35021063685417175,320
Desharnais,9,DE-ABE,32,0.35021063685417175,330
Desharnais,9,DE-ABE,33,0.35021063685417175,340
Desharnais,9,DE-ABE,34,0.35021063685417175,350
Desharnais,9,DE-ABE,35,0.35021063685417175,360
Desharnais,9,DE-ABE,36,0.35021063685417175,370
Desharnais,9,DE-ABE,37,0.3502078056335449,380
Desharnais,9,DE-ABE,38,0.34893062710762024,390
Desharnais,9,DE-ABE,39,0.34888529777526855,400
Desharnais,9,DE-ABE,40,0.34888529777526855,410
Desharnais,9,DE-ABE,41,0.34888529777526855,420
Desharnais,9,DE-ABE,42,0.34888529777526855,430
Desharnais,9,DE-ABE,43,0.34888529777526855,440
Desharnais,9,DE-ABE,44,0.34818851947784424,450
Desharnais,9,DE-ABE,45,0.34818851947784424,460
Desharnais,9,DE-ABE,46,0.34818851947784424,470
Desharnais,9,DE-ABE,47,0.34818851947784424,480
Desharnais,9,DE-ABE,48,0.34818851947784424,490
Desharnais,9,DE-ABE,49,0.34818851947784424,500
Desharnais,9,DE-ABE,50,0.34818851947784424,510
Desharnais,9,DE-ABE,51,0.34818851947784424,520
Desharnais,9,DE-ABE,52,0.34817028045654297,530
Desharnais,9,DE-ABE,53,0.34816014766693115,540
Desharnais,9,DE-ABE,54,0.34814944863319397,550
Desharnais,9,DE-ABE,55,0.3481459617614746,560
Desharnais,9,DE-ABE,56,0.3481459617614746,570
Desharnais,9,DE-ABE,57,0.3481414020061493,580
Desharnais,9,DE-ABE,58,0.3481409549713135,590
Desharnais,9,DE-ABE,59,0.34813982248306274,600
Desharnais,9,DE-ABE,60,0.34813445806503296,610
Desharnais,9,DE-ABE,61,0.3480943739414215,620
Desharnais,9,DE-ABE,62,0.3480943739414215,630
Desharnais,9,DE-ABE,63,0.3480943739414215,640
Desharnais,9,DE-ABE,64,0.3480927050113678,650
Desharnais,9,DE-ABE,65,0.3480927050113678,660
Desharnais,9,DE-ABE,66,0.34809038043022156,670
Desharnais,9,DE-ABE,67,0.3480760455131531,680
Desharnais,9,DE-ABE,68,0.3480584919452667,690
Desharnais,9,DE-ABE,69,0.3480584919452667,700
Desharnais,9,DE-ABE,70,0.3480584919452667,710
Desharnais,9,DE-ABE,71,0.3480520248413086,720
Desharnais,9,DE-ABE,72,0.34805160760879517,730
Desharnais,9,DE-ABE,73,0.34805160760879517,740
Desharnais,9,DE-ABE,74,0.348039835691452,750
Desharnais,9,DE-ABE,75,0.34803399443626404,760
Desharnais,9,DE-ABE,76,0.34802812337875366,770
Desharnais,9,DE-ABE,77,0.3480246663093567,780
Desharnais,9,DE-ABE,78,0.3480246663093567,790
Desharnais,9,DE-ABE,79,0.34802088141441345,800
Desharnais,9,DE-ABE,80,0.34800559282302856,810
Desharnais,9,DE-ABE,81,0.34800219535827637,820
Desharnais,9,DE-ABE,82,0.34800171852111816,830
Desharnais,9,DE-ABE,83,0.34799832105636597,840
Desharnais,9,DE-ABE,84,0.34799832105636597,850
Desharnais,9,DE-ABE,85,0.3479975461959839,860
Desharnais,9,DE-ABE,86,0.3479890525341034,870
Desharnais,9,DE-ABE,87,0.3479890525341034,880
Desharnais,9,DE-ABE,88,0.3479877710342407,890
Desharnais,9,DE-ABE,89,0.3479877710342407,900
Desharnais,9,DE-ABE,90,0.3479877710342407,910
Desharnais,9,DE-ABE,91,0.34798648953437805,920
Desharnais,9,DE-ABE,92,0.3479856848716736,930
Desharnais,9,DE-ABE,93,0.3479773998260498,940
Desharnais,9,DE-ABE,94,0.3479773998260498,950
Desharnais,9,DE-ABE,95,0.3479773998260498,960
Desharnais,9,DE-ABE,96,0.3479773998260498,970
Desharnais,9,DE-ABE,97,0.3479766249656677,980
Desharnais,9,DE-ABE,98,0.3479766249656677,990
Desharnais,9,DE-ABE,99,0.34797653555870056,1000
Desharnais,9,GWO-ABE,0,0.37579336762428284,10
Desharnais,9,GWO-ABE,1,0.38738498091697693,20
Desharnais,9,GWO-ABE,2,0.37478402256965637,30
Desharnais,9,GWO-ABE,3,0.378948837518692,40
Desharnais,9,GWO-ABE,4,0.3696582615375519,50
Desharnais,9,GWO-ABE,5,0.35071611404418945,60
Desharnais,9,GWO-ABE,6,0.3662925958633423,70
Desharnais,9,GWO-ABE,7,0.3696768879890442,80
Desharnais,9,GWO-ABE,8,0.3590097427368164,90
Desharnais,9,GWO-ABE,9,0.3727221190929413,100
Desharnais,9,GWO-ABE,10,0.3626759946346283,110
Desharnais,9,GWO-ABE,11,0.3615037202835083,120
Desharnais,9,GWO-ABE,12,0.3691214621067047,130
Desharnais,9,GWO-ABE,13,0.36626601219177246,140
Desharnais,9,GWO-ABE,14,0.3711291253566742,150
Desharnais,9,GWO-ABE,15,0.35974323749542236,160
Desharnais,9,GWO-ABE,16,0.3537577688694,170
Desharnais,9,GWO-ABE,17,0.35904228687286377,180
Desharnais,9,GWO-ABE,18,0.3569211959838867,190
Desharnais,9,GWO-ABE,19,0.3602718710899353,200
Desharnais,9,GWO-ABE,20,0.3587220013141632,210
Desharnais,9,GWO-ABE,21,0.362451434135437,220
Desharnais,9,GWO-ABE,22,0.3578282296657562,230
Desharnais,9,GWO-ABE,23,0.34960415959358215,240
Desharnais,9,GWO-ABE,24,0.3535096049308777,250
Desharnais,9,GWO-ABE,25,0.36060014367103577,260
Desharnais,9,GWO-ABE,26,0.3438263237476349,270
Desharnais,9,GWO-ABE,27,0.36432507634162903,280
Desharnais,9,GWO-ABE,28,0.36111360788345337,290
Desharnais,9,GWO-ABE,29,0.35475844144821167,300
Desharnais,9,GWO-ABE,30,0.34976592659950256,310
Desharnais,9,GWO-ABE,31,0.3638603985309601,320
Desharnais,9,GWO-ABE,32,0.34973523020744324,330
Desharnais,9,GWO-ABE,33,0.3531966507434845,340
Desharnais,9,GWO-ABE,34,0.35522329807281494,350
Desharnais,9,GWO-ABE,35,0.35103657841682434,360
Desharnais,9,GWO-ABE,36,0.35349705815315247,370
Desharnais,9,GWO-ABE,37,0.3562343120574951,380
Desharnais,9,GWO-ABE,38,0.36135342717170715,390
Desharnais,9,GWO-ABE,39,0.35302406549453735,400
Desharnais,9,GWO-ABE,40,0.34922632575035095,410
Desharnais,9,GWO-ABE,41,0.35336101055145264,420
Desharnais,9,GWO-ABE,42,0.34046095609664917,430
Desharnais,9,GWO-ABE,43,0.35177215933799744,440
Desharnais,9,GWO-ABE,44,0.35656097531318665,450
Desharnais,9,GWO-ABE,45,0.35283902287483215,460
Desharnais,9,GWO-ABE,46,0.3466055989265442,470
Desharnais,9,GWO-ABE,47,0.3499624729156494,480
Desharnais,9,GWO-ABE,48,0.3453902006149292,490
Desharnais,9,GWO-ABE,49,0.359898179769516,500
Desharnais,9,GWO-ABE,50,0.3471815586090088,510
Desharnais,9,GWO-ABE,51,0.34294822812080383,520
Desharnais,9,GWO-ABE,52,0.35438650846481323,530
Desharnais,9,GWO-ABE,53,0.3459363281726837,540
Desharnais,9,GWO-ABE,54,0.35299575328826904,550
Desharnais,9,GWO-ABE,55,0.3439140319824219,560
Desharnais,9,GWO-ABE,56,0.3435729444026947,570
Desharnais,9,GWO-ABE,57,0.3510887622833252,580
Desharnais,9,GWO-ABE,58,0.34660956263542175,590
Desharnais,9,GWO-ABE,59,0.35660427808761597,600
Desharnais,9,GWO-ABE,60,0.34351590275764465,610
Desharnais,9,GWO-ABE,61,0.3469119071960449,620
Desharnais,9,GWO-ABE,62,0.34514331817626953,630
Desharnais,9,GWO-ABE,63,0.3421901762485504,640
Desharnais,9,GWO-ABE,64,0.34382912516593933,650
Desharnais,9,GWO-ABE,65,0.338598370552063,660
Desharnais,9,GWO-ABE,66,0.34361615777015686,670
Desharnais,9,GWO-ABE,67,0.34469395875930786,680
Desharnais,9,GWO-ABE,68,0.3457731008529663,690
Desharnais,9,GWO-ABE,69,0.3445473909378052,700
Desharnais,9,GWO-ABE,70,0.34481221437454224,710
Desharnais,9,GWO-ABE,71,0.3424060642719269,720
Desharnais,9,GWO-ABE,72,0.3461063802242279,730
Desharnais,9,GWO-ABE,73,0.3445943295955658,740
Desharnais,9,GWO-ABE,74,0.3492894172668457,750
Desharnais,9,GWO-ABE,75,0.3428798317909241,760
Desharnais,9,GWO-ABE,76,0.3395918011665344,770
Desharnais,9,GWO-ABE,77,0.3444022536277771,780
Desharnais,9,GWO-ABE,78,0.342191606760025,790
Desharnais,9,GWO-ABE,79,0.3401411473751068,800
Desharnais,9,GWO-ABE,80,0.34037691354751587,810
Desharnais,9,GWO-ABE,81,0.33914297819137573,820
Desharnais,9,GWO-ABE,82,0.33960390090942383,830
Desharnais,9,GWO-ABE,83,0.34053781628608704,840
Desharnais,9,GWO-ABE,84,0.34325021505355835,850
Desharnais,9,GWO-ABE,85,0.33976906538009644,860
Desharnais,9,GWO-ABE,86,0.3390952944755554,870
Desharnais,9,GWO-ABE,87,0.3401036560535431,880
Desharnais,9,GWO-ABE,88,0.3410647511482239,890
Desharnais,9,GWO-ABE,89,0.34165695309638977,900
Desharnais,9,GWO-ABE,90,0.3390031158924103,910
Desharnais,9,GWO-ABE,91,0.3408683240413666,920
Desharnais,9,GWO-ABE,92,0.33836373686790466,930
Desharnais,9,GWO-ABE,93,0.33911415934562683,940
Desharnais,9,GWO-ABE,94,0.33831849694252014,950
Desharnais,9,GWO-ABE,95,0.33939942717552185,960
Desharnais,9,GWO-ABE,96,0.3385051488876343,970
Desharnais,9,GWO-ABE,97,0.338489830493927,980
Desharnais,9,GWO-ABE,98,0.33847901225090027,990
Desharnais,9,GWO-ABE,99,0.33847343921661377,1000
Desharnais,9,WOA-ABE,0,0.380831778049469,10
Desharnais,9,WOA-ABE,1,0.3747614026069641,20
Desharnais,9,WOA-ABE,2,0.3745785653591156,30
Desharnais,9,WOA-ABE,3,0.34538209438323975,40
Desharnais,9,WOA-ABE,4,0.3438701927661896,50
Desharnais,9,WOA-ABE,5,0.3424597978591919,60
Desharnais,9,WOA-ABE,6,0.3424597978591919,70
Desharnais,9,WOA-ABE,7,0.3402329087257385,80
Desharnais,9,WOA-ABE,8,0.33906465768814087,90
Desharnais,9,WOA-ABE,9,0.338151752948761,100
Desharnais,9,WOA-ABE,10,0.338151752948761,110
Desharnais,9,WOA-ABE,11,0.33238017559051514,120
Desharnais,9,WOA-ABE,12,0.324187695980072,130
Desharnais,9,WOA-ABE,13,0.324187695980072,140
Desharnais,9,WOA-ABE,14,0.324187695980072,150
Desharnais,9,WOA-ABE,15,0.324187695980072,160
Desharnais,9,WOA-ABE,16,0.324187695980072,170
Desharnais,9,WOA-ABE,17,0.324187695980072,180
Desharnais,9,WOA-ABE,18,0.324187695980072,190
Desharnais,9,WOA-ABE,19,0.324187695980072,200
Desharnais,9,WOA-ABE,20,0.324187695980072,210
Desharnais,9,WOA-ABE,21,0.32418692111968994,220
Desharnais,9,WOA-ABE,22,0.32418692111968994,230
Desharnais,9,WOA-ABE,23,0.32418692111968994,240
Desharnais,9,WOA-ABE,24,0.32418692111968994,250
Desharnais,9,WOA-ABE,25,0.32417842745780945,260
Desharnais,9,WOA-ABE,26,0.32417842745780945,270
Desharnais,9,WOA-ABE,27,0.324177622795105,280
Desharnais,9,WOA-ABE,28,0.324177622795105,290
Desharnais,9,WOA-ABE,29,0.324177622795105,300
Desharnais,9,WOA-ABE,30,0.32417741417884827,310
Desharnais,9,WOA-ABE,31,0.32417741417884827,320
Desharnais,9,WOA-ABE,32,0.32417741417884827,330
Desharnais,9,WOA-ABE,33,0.32417741417884827,340
Desharnais,9,WOA-ABE,34,0.32417741417884827,350
Desharnais,9,WOA-ABE,35,0.32417741417884827,360
Desharnais,9,WOA-ABE,36,0.32417741417884827,370
Desharnais,9,WOA-ABE,37,0.32417741417884827,380
Desharnais,9,WOA-ABE,38,0.32417741417884827,390
Desharnais,9,WOA-ABE,39,0.32417741417884827,400
Desharnais,9,WOA-ABE,40,0.32417741417884827,410
Desharnais,9,WOA-ABE,41,0.32417741417884827,420
Desharnais,9,WOA-ABE,42,0.32417741417884827,430
Desharnais,9,WOA-ABE,43,0.32417741417884827,440
Desharnais,9,WOA-ABE,44,0.32417741417884827,450
Desharnais,9,WOA-ABE,45,0.32417741417884827,460
Desharnais,9,WOA-ABE,46,0.32417741417884827,470
Desharnais,9,WOA-ABE,47,0.32417741417884827,480
Desharnais,9,WOA-ABE,48,0.32417741417884827,490
Desharnais,9,WOA-ABE,49,0.3241773545742035,500
Desharnais,9,WOA-ABE,50,0.3241773545742035,510
Desharnais,9,WOA-ABE,51,0.3241773545742035,520
Desharnais,9,WOA-ABE,52,0.3241773545742035,530
Desharnais,9,WOA-ABE,53,0.3241773545742035,540
Desharnais,9,WOA-ABE,54,0.3241773545742035,550
Desharnais,9,WOA-ABE,55,0.3241773545742035,560
Desharnais,9,WOA-ABE,56,0.3241773545742035,570
Desharnais,9,WOA-ABE,57,0.3241773545742035,580
Desharnais,9,WOA-ABE,58,0.3241773545742035,590
Desharnais,9,WOA-ABE,59,0.3241773545742035,600
Desharnais,9,WOA-ABE,60,0.3241773545742035,610
Desharnais,9,WOA-ABE,61,0.32417720556259155,620
Desharnais,9,WOA-ABE,62,0.32417720556259155,630
Desharnais,9,WOA-ABE,63,0.32417720556259155,640
Desharnais,9,WOA-ABE,64,0.32417720556259155,650
Desharnais,9,WOA-ABE,65,0.32417720556259155,660
Desharnais,9,WOA-ABE,66,0.32417720556259155,670
Desharnais,9,WOA-ABE,67,0.32417720556259155,680
Desharnais,9,WOA-ABE,68,0.32417720556259155,690
Desharnais,9,WOA-ABE,69,0.32417720556259155,700
Desharnais,9,WOA-ABE,70,0.32417720556259155,710
Desharnais,9,WOA-ABE,71,0.32417720556259155,720
Desharnais,9,WOA-ABE,72,0.32417720556259155,730
Desharnais,9,WOA-ABE,73,0.32417720556259155,740
Desharnais,9,WOA-ABE,74,0.32417720556259155,750
Desharnais,9,WOA-ABE,75,0.32417720556259155,760
Desharnais,9,WOA-ABE,76,0.32417720556259155,770
Desharnais,9,WOA-ABE,77,0.32417720556259155,780
Desharnais,9,WOA-ABE,78,0.32417720556259155,790
Desharnais,9,WOA-ABE,79,0.32417720556259155,800
Desharnais,9,WOA-ABE,80,0.32417720556259155,810
Desharnais,9,WOA-ABE,81,0.32417720556259155,820
Desharnais,9,WOA-ABE,82,0.324177086353302,830
Desharnais,9,WOA-ABE,83,0.324177086353302,840
Desharnais,9,WOA-ABE,84,0.324177086353302,850
Desharnais,9,WOA-ABE,85,0.324177086353302,860
Desharnais,9,WOA-ABE,86,0.324177086353302,870
Desharnais,9,WOA-ABE,87,0.324177086353302,880
Desharnais,9,WOA-ABE,88,0.324177086353302,890
Desharnais,9,WOA-ABE,89,0.3241770565509796,900
Desharnais,9,WOA-ABE,90,0.3241770565509796,910
Desharnais,9,WOA-ABE,91,0.3241770565509796,920
Desharnais,9,WOA-ABE,92,0.3241770565509796,930
Desharnais,9,WOA-ABE,93,0.3241770565509796,940
Desharnais,9,WOA-ABE,94,0.3241770565509796,950
Desharnais,9,WOA-ABE,95,0.3241770565509796,960
Desharnais,9,WOA-ABE,96,0.3241770565509796,970
Desharnais,9,WOA-ABE,97,0.3241770565509796,980
Desharnais,9,WOA-ABE,98,0.3241770565509796,990
Desharnais,9,WOA-ABE,99,0.3241770565509796,1000
Desharnais,9,FAABE,0,0.3732806444168091,10
Desharnais,9,FAABE,1,0.36710503697395325,20
Desharnais,9,FAABE,2,0.36710503697395325,30
Desharnais,9,FAABE,3,0.36710503697395325,40
Desharnais,9,FAABE,4,0.36710503697395325,50
Desharnais,9,FAABE,5,0.36710503697395325,60
Desharnais,9,FAABE,6,0.36710503697395325,70
Desharnais,9,FAABE,7,0.36710503697395325,80
Desharnais,9,FAABE,8,0.36710503697395325,90
Desharnais,9,FAABE,9,0.36282140016555786,100
Desharnais,9,FAABE,10,0.36282140016555786,110
Desharnais,9,FAABE,11,0.36282140016555786,120
Desharnais,9,FAABE,12,0.36282140016555786,130
Desharnais,9,FAABE,13,0.36282140016555786,140
Desharnais,9,FAABE,14,0.34152311086654663,150
Desharnais,9,FAABE,15,0.34152311086654663,160
Desharnais,9,FAABE,16,0.34152311086654663,170
Desharnais,9,FAABE,17,0.34152311086654663,180
Desharnais,9,FAABE,18,0.34152311086654663,190
Desharnais,9,FAABE,19,0.34152311086654663,200
Desharnais,9,FAABE,20,0.34152311086654663,210
Desharnais,9,FAABE,21,0.34152311086654663,220
Desharnais,9,FAABE,22,0.34152311086654663,230
Desharnais,9,FAABE,23,0.34152311086654663,240
Desharnais,9,FAABE,24,0.34152311086654663,250
Desharnais,9,FAABE,25,0.34152311086654663,260
Desharnais,9,FAABE,26,0.34152311086654663,270
Desharnais,9,FAABE,27,0.34152311086654663,280
Desharnais,9,FAABE,28,0.34152311086654663,290
Desharnais,9,FAABE,29,0.34152311086654663,300
Desharnais,9,FAABE,30,0.34152311086654663,310
Desharnais,9,FAABE,31,0.34152311086654663,320
Desharnais,9,FAABE,32,0.34152311086654663,330
Desharnais,9,FAABE,33,0.34152311086654663,340
Desharnais,9,FAABE,34,0.34152311086654663,350
Desharnais,9,FAABE,35,0.34152311086654663,360
Desharnais,9,FAABE,36,0.34152311086654663,370
Desharnais,9,FAABE,37,0.34152311086654663,380
Desharnais,9,FAABE,38,0.34152311086654663,390
Desharnais,9,FAABE,39,0.34152311086654663,400
Desharnais,9,FAABE,40,0.34152311086654663,410
Desharnais,9,FAABE,41,0.34152311086654663,420
Desharnais,9,FAABE,42,0.34152311086654663,430
Desharnais,9,FAABE,43,0.34152311086654663,440
Desharnais,9,FAABE,44,0.34152311086654663,450
Desharnais,9,FAABE,45,0.34152311086654663,460
Desharnais,9,FAABE,46,0.34152311086654663,470
Desharnais,9,FAABE,47,0.34152311086654663,480
Desharnais,9,FAABE,48,0.34152311086654663,490
Desharnais,9,FAABE,49,0.34152311086654663,500
Desharnais,9,FAABE,50,0.34152311086654663,510
Desharnais,9,FAABE,51,0.34152311086654663,520
Desharnais,9,FAABE,52,0.34152311086654663,530
Desharnais,9,FAABE,53,0.34152311086654663,540
Desharnais,9,FAABE,54,0.34152311086654663,550
Desharnais,9,FAABE,55,0.34152311086654663,560
Desharnais,9,FAABE,56,0.34152311086654663,570
Desharnais,9,FAABE,57,0.34152311086654663,580
Desharnais,9,FAABE,58,0.34152311086654663,590
Desharnais,9,FAABE,59,0.34152311086654663,600
Desharnais,9,FAABE,60,0.34152311086654663,610
Desharnais,9,FAABE,61,0.34152311086654663,620
Desharnais,9,FAABE,62,0.34152311086654663,630
Desharnais,9,FAABE,63,0.34152311086654663,640
Desharnais,9,FAABE,64,0.34152311086654663,650
Desharnais,9,FAABE,65,0.34152311086654663,660
Desharnais,9,FAABE,66,0.34152311086654663,670
Desharnais,9,FAABE,67,0.34152311086654663,680
Desharnais,9,FAABE,68,0.339917927980423,690
Desharnais,9,FAABE,69,0.339917927980423,700
Desharnais,9,FAABE,70,0.339917927980423,710
Desharnais,9,FAABE,71,0.339917927980423,720
Desharnais,9,FAABE,72,0.339917927980423,730
Desharnais,9,FAABE,73,0.339917927980423,740
Desharnais,9,FAABE,74,0.339917927980423,750
Desharnais,9,FAABE,75,0.339917927980423,760
Desharnais,9,FAABE,76,0.339917927980423,770
Desharnais,9,FAABE,77,0.339917927980423,780
Desharnais,9,FAABE,78,0.339917927980423,790
Desharnais,9,FAABE,79,0.339917927980423,800
Desharnais,9,FAABE,80,0.339917927980423,810
Desharnais,9,FAABE,81,0.339917927980423,820
Desharnais,9,FAABE,82,0.339917927980423,830
Desharnais,9,FAABE,83,0.339917927980423,840
Desharnais,9,FAABE,84,0.339917927980423,850
Desharnais,9,FAABE,85,0.339917927980423,860
Desharnais,9,FAABE,86,0.339917927980423,870
Desharnais,9,FAABE,87,0.339917927980423,880
Desharnais,9,FAABE,88,0.339917927980423,890
Desharnais,9,FAABE,89,0.339917927980423,900
Desharnais,9,FAABE,90,0.339917927980423,910
Desharnais,9,FAABE,91,0.339917927980423,920
Desharnais,9,FAABE,92,0.339917927980423,930
Desharnais,9,FAABE,93,0.339917927980423,940
Desharnais,9,FAABE,94,0.339917927980423,950
Desharnais,9,FAABE,95,0.339917927980423,960
Desharnais,9,FAABE,96,0.339917927980423,970
Desharnais,9,FAABE,97,0.339917927980423,980
Desharnais,9,FAABE,98,0.339917927980423,990
Desharnais,9,FAABE,99,0.339917927980423,1000
Desharnais,10,GA-ABE,0,0.4194561839103699,10
Desharnais,10,GA-ABE,1,0.4194561839103699,20
Desharnais,10,GA-ABE,2,0.4194561839103699,30
Desharnais,10,GA-ABE,3,0.4194561839103699,40
Desharnais,10,GA-ABE,4,0.4194561839103699,50
Desharnais,10,GA-ABE,5,0.4120343327522278,60
Desharnais,10,GA-ABE,6,0.4120343327522278,70
Desharnais,10,GA-ABE,7,0.4018288552761078,80
Desharnais,10,GA-ABE,8,0.4018288552761078,90
Desharnais,10,GA-ABE,9,0.4018288552761078,100
Desharnais,10,GA-ABE,10,0.3987571597099304,110
Desharnais,10,GA-ABE,11,0.3987571597099304,120
Desharnais,10,GA-ABE,12,0.3987571597099304,130
Desharnais,10,GA-ABE,13,0.3987571597099304,140
Desharnais,10,GA-ABE,14,0.3987571597099304,150
Desharnais,10,GA-ABE,15,0.3987571597099304,160
Desharnais,10,GA-ABE,16,0.3987571597099304,170
Desharnais,10,GA-ABE,17,0.3987571597099304,180
Desharnais,10,GA-ABE,18,0.3987571597099304,190
Desharnais,10,GA-ABE,19,0.3987571597099304,200
Desharnais,10,GA-ABE,20,0.39669913053512573,210
Desharnais,10,GA-ABE,21,0.39663103222846985,220
Desharnais,10,GA-ABE,22,0.39663103222846985,230
Desharnais,10,GA-ABE,23,0.39663103222846985,240
Desharnais,10,GA-ABE,24,0.3963193893432617,250
Desharnais,10,GA-ABE,25,0.3963193893432617,260
Desharnais,10,GA-ABE,26,0.3963193893432617,270
Desharnais,10,GA-ABE,27,0.3963193893432617,280
Desharnais,10,GA-ABE,28,0.3963193893432617,290
Desharnais,10,GA-ABE,29,0.3963193893432617,300
Desharnais,10,GA-ABE,30,0.3963193893432617,310
Desharnais,10,GA-ABE,31,0.3962344229221344,320
Desharnais,10,GA-ABE,32,0.3962344229221344,330
Desharnais,10,GA-ABE,33,0.396186500787735,340
Desharnais,10,GA-ABE,34,0.396186500787735,350
Desharnais,10,GA-ABE,35,0.396186500787735,360
Desharnais,10,GA-ABE,36,0.396186500787735,370
Desharnais,10,GA-ABE,37,0.396186500787735,380
Desharnais,10,GA-ABE,38,0.396186500787735,390
Desharnais,10,GA-ABE,39,0.3949085772037506,400
Desharnais,10,GA-ABE,40,0.3949085772037506,410
Desharnais,10,GA-ABE,41,0.3949085772037506,420
Desharnais,10,GA-ABE,42,0.3949085772037506,430
Desharnais,10,GA-ABE,43,0.3949085772037506,440
Desharnais,10,GA-ABE,44,0.3949085772037506,450
Desharnais,10,GA-ABE,45,0.39489373564720154,460
Desharnais,10,GA-ABE,46,0.39489373564720154,470
Desharnais,10,GA-ABE,47,0.39489373564720154,480
Desharnais,10,GA-ABE,48,0.39489373564720154,490
Desharnais,10,GA-ABE,49,0.39489373564720154,500
Desharnais,10,GA-ABE,50,0.39489373564720154,510
Desharnais,10,GA-ABE,51,0.39489373564720154,520
Desharnais,10,GA-ABE,52,0.39489373564720154,530
Desharnais,10,GA-ABE,53,0.39489373564720154,540
Desharnais,10,GA-ABE,54,0.39489373564720154,550
Desharnais,10,GA-ABE,55,0.39489373564720154,560
Desharnais,10,GA-ABE,56,0.39489373564720154,570
Desharnais,10,GA-ABE,57,0.39489373564720154,580
Desharnais,10,GA-ABE,58,0.39489373564720154,590
Desharnais,10,GA-ABE,59,0.39489373564720154,600
Desharnais,10,GA-ABE,60,0.39489373564720154,610
Desharnais,10,GA-ABE,61,0.39489373564720154,620
Desharnais,10,GA-ABE,62,0.39489373564720154,630
Desharnais,10,GA-ABE,63,0.39489373564720154,640
Desharnais,10,GA-ABE,64,0.39489373564720154,650
Desharnais,10,GA-ABE,65,0.39489373564720154,660
Desharnais,10,GA-ABE,66,0.39489373564720154,670
Desharnais,10,GA-ABE,67,0.39489373564720154,680
Desharnais,10,GA-ABE,68,0.39489373564720154,690
Desharnais,10,GA-ABE,69,0.39489373564720154,700
Desharnais,10,GA-ABE,70,0.39489373564720154,710
Desharnais,10,GA-ABE,71,0.39489373564720154,720
Desharnais,10,GA-ABE,72,0.39489373564720154,730
Desharnais,10,GA-ABE,73,0.39489373564720154,740
Desharnais,10,GA-ABE,74,0.39489373564720154,750
Desharnais,10,GA-ABE,75,0.39489373564720154,760
Desharnais,10,GA-ABE,76,0.39489373564720154,770
Desharnais,10,GA-ABE,77,0.39489373564720154,780
Desharnais,10,GA-ABE,78,0.39489373564720154,790
Desharnais,10,GA-ABE,79,0.39489373564720154,800
Desharnais,10,GA-ABE,80,0.39489373564720154,810
Desharnais,10,GA-ABE,81,0.39489373564720154,820
Desharnais,10,GA-ABE,82,0.39489373564720154,830
Desharnais,10,GA-ABE,83,0.39489373564720154,840
Desharnais,10,GA-ABE,84,0.39489373564720154,850
Desharnais,10,GA-ABE,85,0.39480942487716675,860
Desharnais,10,GA-ABE,86,0.39480942487716675,870
Desharnais,10,GA-ABE,87,0.390834242105484,880
Desharnais,10,GA-ABE,88,0.3747096061706543,890
Desharnais,10,GA-ABE,89,0.3747096061706543,900
Desharnais,10,GA-ABE,90,0.3747096061706543,910
Desharnais,10,GA-ABE,91,0.3733065724372864,920
Desharnais,10,GA-ABE,92,0.37067127227783203,930
Desharnais,10,GA-ABE,93,0.36984995007514954,940
Desharnais,10,GA-ABE,94,0.36984995007514954,950
Desharnais,10,GA-ABE,95,0.36984995007514954,960
Desharnais,10,GA-ABE,96,0.36984995007514954,970
Desharnais,10,GA-ABE,97,0.3690888583660126,980
Desharnais,10,GA-ABE,98,0.3690888583660126,990
Desharnais,10,GA-ABE,99,0.3690888583660126,1000
Desharnais,10,PSO-ABE,0,0.4364660978317261,10
Desharnais,10,PSO-ABE,1,0.4302700459957123,20
Desharnais,10,PSO-ABE,2,0.4221903681755066,30
Desharnais,10,PSO-ABE,3,0.41217008233070374,40
Desharnais,10,PSO-ABE,4,0.41217008233070374,50
Desharnais,10,PSO-ABE,5,0.4076445400714874,60
Desharnais,10,PSO-ABE,6,0.4037250280380249,70
Desharnais,10,PSO-ABE,7,0.4037250280380249,80
Desharnais,10,PSO-ABE,8,0.4037250280380249,90
Desharnais,10,PSO-ABE,9,0.4037250280380249,100
Desharnais,10,PSO-ABE,10,0.4037250280380249,110
Desharnais,10,PSO-ABE,11,0.4037250280380249,120
Desharnais,10,PSO-ABE,12,0.4037250280380249,130
Desharnais,10,PSO-ABE,13,0.40138712525367737,140
Desharnais,10,PSO-ABE,14,0.40138712525367737,150
Desharnais,10,PSO-ABE,15,0.40138712525367737,160
Desharnais,10,PSO-ABE,16,0.40138712525367737,170
Desharnais,10,PSO-ABE,17,0.40138712525367737,180
Desharnais,10,PSO-ABE,18,0.40138712525367737,190
Desharnais,10,PSO-ABE,19,0.40115994215011597,200
Desharnais,10,PSO-ABE,20,0.39779147505760193,210
Desharnais,10,PSO-ABE,21,0.3893148899078369,220
Desharnais,10,PSO-ABE,22,0.3893148899078369,230
Desharnais,10,PSO-ABE,23,0.3893148899078369,240
Desharnais,10,PSO-ABE,24,0.3893148899078369,250
Desharnais,10,PSO-ABE,25,0.3891981542110443,260
Desharnais,10,PSO-ABE,26,0.3891981542110443,270
Desharnais,10,PSO-ABE,27,0.3891981542110443,280
Desharnais,10,PSO-ABE,28,0.3891981542110443,290
Desharnais,10,PSO-ABE,29,0.3891981542110443,300
Desharnais,10,PSO-ABE,30,0.3891981542110443,310
Desharnais,10,PSO-ABE,31,0.3891981542110443,320
Desharnais,10,PSO-ABE,32,0.38917604088783264,330
Desharnais,10,PSO-ABE,33,0.38917604088783264,340
Desharnais,10,PSO-ABE,34,0.38917604088783264,350
Desharnais,10,PSO-ABE,35,0.38915205001831055,360
Desharnais,10,PSO-ABE,36,0.38915205001831055,370
Desharnais,10,PSO-ABE,37,0.38915205001831055,380
Desharnais,10,PSO-ABE,38,0.38915205001831055,390
Desharnais,10,PSO-ABE,39,0.38915205001831055,400
Desharnais,10,PSO-ABE,40,0.3880935609340668,410
Desharnais,10,PSO-ABE,41,0.3880935609340668,420
Desharnais,10,PSO-ABE,42,0.3880935609340668,430
Desharnais,10,PSO-ABE,43,0.3880935609340668,440
Desharnais,10,PSO-ABE,44,0.3880935609340668,450
Desharnais,10,PSO-ABE,45,0.3880935609340668,460
Desharnais,10,PSO-ABE,46,0.3880935609340668,470
Desharnais,10,PSO-ABE,47,0.3880935609340668,480
Desharnais,10,PSO-ABE,48,0.3880935609340668,490
Desharnais,10,PSO-ABE,49,0.3880935609340668,500
Desharnais,10,PSO-ABE,50,0.3880935609340668,510
Desharnais,10,PSO-ABE,51,0.3880935609340668,520
Desharnais,10,PSO-ABE,52,0.3871884346008301,530
Desharnais,10,PSO-ABE,53,0.3871884346008301,540
Desharnais,10,PSO-ABE,54,0.3871884346008301,550
Desharnais,10,PSO-ABE,55,0.3871884346008301,560
Desharnais,10,PSO-ABE,56,0.3871884346008301,570
Desharnais,10,PSO-ABE,57,0.3871884346008301,580
Desharnais,10,PSO-ABE,58,0.387146919965744,590
Desharnais,10,PSO-ABE,59,0.387146919965744,600
Desharnais,10,PSO-ABE,60,0.387146919965744,610
Desharnais,10,PSO-ABE,61,0.387146919965744,620
Desharnais,10,PSO-ABE,62,0.387146919965744,630
Desharnais,10,PSO-ABE,63,0.387146919965744,640
Desharnais,10,PSO-ABE,64,0.387146919965744,650
Desharnais,10,PSO-ABE,65,0.387146919965744,660
Desharnais,10,PSO-ABE,66,0.387146919965744,670
Desharnais,10,PSO-ABE,67,0.387146919965744,680
Desharnais,10,PSO-ABE,68,0.3871403634548187,690
Desharnais,10,PSO-ABE,69,0.3871403634548187,700
Desharnais,10,PSO-ABE,70,0.3871403634548187,710
Desharnais,10,PSO-ABE,71,0.3871403634548187,720
Desharnais,10,PSO-ABE,72,0.3871403634548187,730
Desharnais,10,PSO-ABE,73,0.38713687658309937,740
Desharnais,10,PSO-ABE,74,0.38713687658309937,750
Desharnais,10,PSO-ABE,75,0.38713687658309937,760
Desharnais,10,PSO-ABE,76,0.38713687658309937,770
Desharnais,10,PSO-ABE,77,0.3871349096298218,780
Desharnais,10,PSO-ABE,78,0.3871332108974457,790
Desharnais,10,PSO-ABE,79,0.3871319890022278,800
Desharnais,10,PSO-ABE,80,0.3871319890022278,810
Desharnais,10,PSO-ABE,81,0.3871319890022278,820
Desharnais,10,PSO-ABE,82,0.3871319890022278,830
Desharnais,10,PSO-ABE,83,0.3871319890022278,840
Desharnais,10,PSO-ABE,84,0.3871317207813263,850
Desharnais,10,PSO-ABE,85,0.3871317207813263,860
Desharnais,10,PSO-ABE,86,0.3871317207813263,870
Desharnais,10,PSO-ABE,87,0.3871317207813263,880
Desharnais,10,PSO-ABE,88,0.3871317207813263,890
Desharnais,10,PSO-ABE,89,0.3871317207813263,900
Desharnais,10,PSO-ABE,90,0.3871317207813263,910
Desharnais,10,PSO-ABE,91,0.3871317207813263,920
Desharnais,10,PSO-ABE,92,0.38712382316589355,930
Desharnais,10,PSO-ABE,93,0.38712382316589355,940
Desharnais,10,PSO-ABE,94,0.38711798191070557,950
Desharnais,10,PSO-ABE,95,0.38711798191070557,960
Desharnais,10,PSO-ABE,96,0.3871168792247772,970
Desharnais,10,PSO-ABE,97,0.3871168792247772,980
Desharnais,10,PSO-ABE,98,0.38711661100387573,990
Desharnais,10,PSO-ABE,99,0.38711661100387573,1000
Desharnais,10,DE-ABE,0,0.41392552852630615,10
Desharnais,10,DE-ABE,1,0.41392552852630615,20
Desharnais,10,DE-ABE,2,0.4098026752471924,30
Desharnais,10,DE-ABE,3,0.4098026752471924,40
Desharnais,10,DE-ABE,4,0.4079202711582184,50
Desharnais,10,DE-ABE,5,0.4079202711582184,60
Desharnais,10,DE-ABE,6,0.4079202711582184,70
Desharnais,10,DE-ABE,7,0.4038298428058624,80
Desharnais,10,DE-ABE,8,0.4038298428058624,90
Desharnais,10,DE-ABE,9,0.4038298428058624,100
Desharnais,10,DE-ABE,10,0.4037479758262634,110
Desharnais,10,DE-ABE,11,0.3966235816478729,120
Desharnais,10,DE-ABE,12,0.3966235816478729,130
Desharnais,10,DE-ABE,13,0.3966235816478729,140
Desharnais,10,DE-ABE,14,0.3966235816478729,150
Desharnais,10,DE-ABE,15,0.3965303301811218,160
Desharnais,10,DE-ABE,16,0.3965303301811218,170
Desharnais,10,DE-ABE,17,0.3965303301811218,180
Desharnais,10,DE-ABE,18,0.3965303301811218,190
Desharnais,10,DE-ABE,19,0.3965303301811218,200
Desharnais,10,DE-ABE,20,0.39160946011543274,210
Desharnais,10,DE-ABE,21,0.39160946011543274,220
Desharnais,10,DE-ABE,22,0.39160946011543274,230
Desharnais,10,DE-ABE,23,0.39160946011543274,240
Desharnais,10,DE-ABE,24,0.39160946011543274,250
Desharnais,10,DE-ABE,25,0.388633131980896,260
Desharnais,10,DE-ABE,26,0.388633131980896,270
Desharnais,10,DE-ABE,27,0.388633131980896,280
Desharnais,10,DE-ABE,28,0.388633131980896,290
Desharnais,10,DE-ABE,29,0.388633131980896,300
Desharnais,10,DE-ABE,30,0.388633131980896,310
Desharnais,10,DE-ABE,31,0.388633131980896,320
Desharnais,10,DE-ABE,32,0.388633131980896,330
Desharnais,10,DE-ABE,33,0.388633131980896,340
Desharnais,10,DE-ABE,34,0.388633131980896,350
Desharnais,10,DE-ABE,35,0.38339975476264954,360
Desharnais,10,DE-ABE,36,0.38339975476264954,370
Desharnais,10,DE-ABE,37,0.38339975476264954,380
Desharnais,10,DE-ABE,38,0.38339975476264954,390
Desharnais,10,DE-ABE,39,0.38339975476264954,400
Desharnais,10,DE-ABE,40,0.38339975476264954,410
Desharnais,10,DE-ABE,41,0.38016077876091003,420
Desharnais,10,DE-ABE,42,0.38016077876091003,430
Desharnais,10,DE-ABE,43,0.38016077876091003,440
Desharnais,10,DE-ABE,44,0.38016077876091003,450
Desharnais,10,DE-ABE,45,0.3801425099372864,460
Desharnais,10,DE-ABE,46,0.3801425099372864,470
Desharnais,10,DE-ABE,47,0.3801425099372864,480
Desharnais,10,DE-ABE,48,0.3801425099372864,490
Desharnais,10,DE-ABE,49,0.3801425099372864,500
Desharnais,10,DE-ABE,50,0.3801425099372864,510
Desharnais,10,DE-ABE,51,0.3801425099372864,520
Desharnais,10,DE-ABE,52,0.3801425099372864,530
Desharnais,10,DE-ABE,53,0.3801240622997284,540
Desharnais,10,DE-ABE,54,0.3801240622997284,550
Desharnais,10,DE-ABE,55,0.3801240622997284,560
Desharnais,10,DE-ABE,56,0.3801240622997284,570
Desharnais,10,DE-ABE,57,0.37995994091033936,580
Desharnais,10,DE-ABE,58,0.37954816222190857,590
Desharnais,10,DE-ABE,59,0.37954816222190857,600
Desharnais,10,DE-ABE,60,0.37939146161079407,610
Desharnais,10,DE-ABE,61,0.37939146161079407,620
Desharnais,10,DE-ABE,62,0.37938883900642395,630
Desharnais,10,DE-ABE,63,0.3793858289718628,640
Desharnais,10,DE-ABE,64,0.3793858289718628,650
Desharnais,10,DE-ABE,65,0.3793858289718628,660
Desharnais,10,DE-ABE,66,0.3793752193450928,670
Desharnais,10,DE-ABE,67,0.3793676793575287,680
Desharnais,10,DE-ABE,68,0.3793676793575287,690
Desharnais,10,DE-ABE,69,0.3793613314628601,700
Desharnais,10,DE-ABE,70,0.3793613314628601,710
Desharnais,10,DE-ABE,71,0.3793586790561676,720
Desharnais,10,DE-ABE,72,0.3793586790561676,730
Desharnais,10,DE-ABE,73,0.3793551027774811,740
Desharnais,10,DE-ABE,74,0.3793538212776184,750
Desharnais,10,DE-ABE,75,0.379353791475296,760
Desharnais,10,DE-ABE,76,0.37935322523117065,770
Desharnais,10,DE-ABE,77,0.37935125827789307,780
Desharnais,10,DE-ABE,78,0.3793511986732483,790
Desharnais,10,DE-ABE,79,0.3793511986732483,800
Desharnais,10,DE-ABE,80,0.37935084104537964,810
Desharnais,10,DE-ABE,81,0.3793504238128662,820
Desharnais,10,DE-ABE,82,0.3793504238128662,830
Desharnais,10,DE-ABE,83,0.3793504238128662,840
Desharnais,10,DE-ABE,84,0.3793496787548065,850
Desharnais,10,DE-ABE,85,0.3793496787548065,860
Desharnais,10,DE-ABE,86,0.3793496787548065,870
Desharnais,10,DE-ABE,87,0.3793496787548065,880
Desharnais,10,DE-ABE,88,0.3793492317199707,890
Desharnais,10,DE-ABE,89,0.3793489634990692,900
Desharnais,10,DE-ABE,90,0.3793489634990692,910
Desharnais,10,DE-ABE,91,0.3793485164642334,920
Desharnais,10,DE-ABE,92,0.3793485164642334,930
Desharnais,10,DE-ABE,93,0.3793480694293976,940
Desharnais,10,DE-ABE,94,0.3793477714061737,950
Desharnais,10,DE-ABE,95,0.3793477714061737,960
Desharnais,10,DE-ABE,96,0.3793477714061737,970
Desharnais,10,DE-ABE,97,0.3793477714061737,980
Desharnais,10,DE-ABE,98,0.3793477714061737,990
Desharnais,10,DE-ABE,99,0.37934765219688416,1000
Desharnais,10,GWO-ABE,0,0.42235568165779114,10
Desharnais,10,GWO-ABE,1,0.41530951857566833,20
Desharnais,10,GWO-ABE,2,0.4332684278488159,30
Desharnais,10,GWO-ABE,3,0.41271689534187317,40
Desharnais,10,GWO-ABE,4,0.4140501022338867,50
Desharnais,10,GWO-ABE,5,0.41828015446662903,60
Desharnais,10,GWO-ABE,6,0.4085066318511963,70
Desharnais,10,GWO-ABE,7,0.4080764651298523,80
Desharnais,10,GWO-ABE,8,0.4034257233142853,90
Desharnais,10,GWO-ABE,9,0.42166435718536377,100
Desharnais,10,GWO-ABE,10,0.3958962857723236,110
Desharnais,10,GWO-ABE,11,0.40555113554000854,120
Desharnais,10,GWO-ABE,12,0.39195898175239563,130
Desharnais,10,GWO-ABE,13,0.3890819251537323,140
Desharnais,10,GWO-ABE,14,0.39348241686820984,150
Desharnais,10,GWO-ABE,15,0.3717440068721771,160
Desharnais,10,GWO-ABE,16,0.3699391186237335,170
Desharnais,10,GWO-ABE,17,0.38950806856155396,180
Desharnais,10,GWO-ABE,18,0.3874027132987976,190
Desharnais,10,GWO-ABE,19,0.368560254573822,200
Desharnais,10,GWO-ABE,20,0.3580222725868225,210
Desharnais,10,GWO-ABE,21,0.35399413108825684,220
Desharnais,10,GWO-ABE,22,0.3548348844051361,230
Desharnais,10,GWO-ABE,23,0.35899436473846436,240
Desharnais,10,GWO-ABE,24,0.3543681800365448,250
Desharnais,10,GWO-ABE,25,0.3531571328639984,260
Desharnais,10,GWO-ABE,26,0.35170626640319824,270
Desharnais,10,GWO-ABE,27,0.3575688302516937,280
Desharnais,10,GWO-ABE,28,0.35074612498283386,290
Desharnais,10,GWO-ABE,29,0.3544096350669861,300
Desharnais,10,GWO-ABE,30,0.3515642285346985,310
Desharnais,10,GWO-ABE,31,0.3507939279079437,320
Desharnais,10,GWO-ABE,32,0.3510887324810028,330
Desharnais,10,GWO-ABE,33,0.34895649552345276,340
Desharnais,10,GWO-ABE,34,0.3510977625846863,350
Desharnais,10,GWO-ABE,35,0.34919658303260803,360
Desharnais,10,GWO-ABE,36,0.3503101170063019,370
Desharnais,10,GWO-ABE,37,0.3521111309528351,380
Desharnais,10,GWO-ABE,38,0.3499901592731476,390
Desharnais,10,GWO-ABE,39,0.3575713336467743,400
Desharnais,10,GWO-ABE,40,0.35161617398262024,410
Desharnais,10,GWO-ABE,41,0.35153913497924805,420
Desharnais,10,GWO-ABE,42,0.35046955943107605,430
Desharnais,10,GWO-ABE,43,0.3544120788574219,440
Desharnais,10,GWO-ABE,44,0.3539256453514099,450
Desharnais,10,GWO-ABE,45,0.35117191076278687,460
Desharnais,10,GWO-ABE,46,0.3516874313354492,470
Desharnais,10,GWO-ABE,47,0.35060030221939087,480
Desharnais,10,GWO-ABE,48,0.3496204912662506,490
Desharnais,10,GWO-ABE,49,0.3488949239253998,500
Desharnais,10,GWO-ABE,50,0.36032915115356445,510
Desharnais,10,GWO-ABE,51,0.3494344651699066,520
Desharnais,10,GWO-ABE,52,0.34891220927238464,530
Desharnais,10,GWO-ABE,53,0.34892475605010986,540
Desharnais,10,GWO-ABE,54,0.3488750457763672,550
Desharnais,10,GWO-ABE,55,0.3493063449859619,560
Desharnais,10,GWO-ABE,56,0.34885385632514954,570
Desharnais,10,GWO-ABE,57,0.3492872416973114,580
Desharnais,10,GWO-ABE,58,0.3479228615760803,590
Desharnais,10,GWO-ABE,59,0.3487635552883148,600
Desharnais,10,GWO-ABE,60,0.34786456823349,610
Desharnais,10,GWO-ABE,61,0.3488772511482239,620
Desharnais,10,GWO-ABE,62,0.3471357822418213,630
Desharnais,10,GWO-ABE,63,0.3471570909023285,640
Desharnais,10,GWO-ABE,64,0.3471846878528595,650
Desharnais,10,GWO-ABE,65,0.3488049805164337,660
Desharnais,10,GWO-ABE,66,0.3493073582649231,670
Desharnais,10,GWO-ABE,67,0.349629670381546,680
Desharnais,10,GWO-ABE,68,0.34963715076446533,690
Desharnais,10,GWO-ABE,69,0.34788084030151367,700
Desharnais,10,GWO-ABE,70,0.3498845398426056,710
Desharnais,10,GWO-ABE,71,0.34888312220573425,720
Desharnais,10,GWO-ABE,72,0.349415123462677,730
Desharnais,10,GWO-ABE,73,0.34888342022895813,740
Desharnais,10,GWO-ABE,74,0.3488728106021881,750
Desharnais,10,GWO-ABE,75,0.3488588035106659,760
Desharnais,10,GWO-ABE,76,0.34885522723197937,770
Desharnais,10,GWO-ABE,77,0.3469565510749817,780
Desharnais,10,GWO-ABE,78,0.3471301794052124,790
Desharnais,10,GWO-ABE,79,0.3508138954639435,800
Desharnais,10,GWO-ABE,80,0.34889525175094604,810
Desharnais,10,GWO-ABE,81,0.3471733629703522,820
Desharnais,10,GWO-ABE,82,0.34714555740356445,830
Desharnais,10,GWO-ABE,83,0.3488670885562897,840
Desharnais,10,GWO-ABE,84,0.3471461832523346,850
Desharnais,10,GWO-ABE,85,0.34713342785835266,860
Desharnais,10,GWO-ABE,86,0.3471042513847351,870
Desharnais,10,GWO-ABE,87,0.3471206724643707,880
Desharnais,10,GWO-ABE,88,0.34713906049728394,890
Desharnais,10,GWO-ABE,89,0.34712526202201843,900
Desharnais,10,GWO-ABE,90,0.3471022844314575,910
Desharnais,10,GWO-ABE,91,0.34711724519729614,920
Desharnais,10,GWO-ABE,92,0.34711581468582153,930
Desharnais,10,GWO-ABE,93,0.3470863997936249,940
Desharnais,10,GWO-ABE,94,0.3470887243747711,950
Desharnais,10,GWO-ABE,95,0.3471228778362274,960
Desharnais,10,GWO-ABE,96,0.34711194038391113,970
Desharnais,10,GWO-ABE,97,0.3471111059188843,980
Desharnais,10,GWO-ABE,98,0.3471059501171112,990
Desharnais,10,GWO-ABE,99,0.34710484743118286,1000
Desharnais,10,WOA-ABE,0,0.43076223134994507,10
Desharnais,10,WOA-ABE,1,0.4261239171028137,20
Desharnais,10,WOA-ABE,2,0.42455795407295227,30
Desharnais,10,WOA-ABE,3,0.4204396903514862,40
Desharnais,10,WOA-ABE,4,0.4204394817352295,50
Desharnais,10,WOA-ABE,5,0.40361288189888,60
Desharnais,10,WOA-ABE,6,0.3929484188556671,70
Desharnais,10,WOA-ABE,7,0.3917069137096405,80
Desharnais,10,WOA-ABE,8,0.37028712034225464,90
Desharnais,10,WOA-ABE,9,0.3589569628238678,100
Desharnais,10,WOA-ABE,10,0.35865452885627747,110
Desharnais,10,WOA-ABE,11,0.35744866728782654,120
Desharnais,10,WOA-ABE,12,0.3562237620353699,130
Desharnais,10,WOA-ABE,13,0.354111909866333,140
Desharnais,10,WOA-ABE,14,0.35393214225769043,150
Desharnais,10,WOA-ABE,15,0.35393214225769043,160
Desharnais,10,WOA-ABE,16,0.353906512260437,170
Desharnais,10,WOA-ABE,17,0.3538929522037506,180
Desharnais,10,WOA-ABE,18,0.3538929522037506,190
Desharnais,10,WOA-ABE,19,0.35387787222862244,200
Desharnais,10,WOA-ABE,20,0.35387787222862244,210
Desharnais,10,WOA-ABE,21,0.35387787222862244,220
Desharnais,10,WOA-ABE,22,0.35387787222862244,230
Desharnais,10,WOA-ABE,23,0.35387787222862244,240
Desharnais,10,WOA-ABE,24,0.35387787222862244,250
Desharnais,10,WOA-ABE,25,0.35323479771614075,260
Desharnais,10,WOA-ABE,26,0.35323479771614075,270
Desharnais,10,WOA-ABE,27,0.35323479771614075,280
Desharnais,10,WOA-ABE,28,0.35323479771614075,290
Desharnais,10,WOA-ABE,29,0.3532329201698303,300
Desharnais,10,WOA-ABE,30,0.3532329201698303,310
Desharnais,10,WOA-ABE,31,0.3532329201698303,320
Desharnais,10,WOA-ABE,32,0.3532329201698303,330
Desharnais,10,WOA-ABE,33,0.3532329201698303,340
Desharnais,10,WOA-ABE,34,0.3532329201698303,350
Desharnais,10,WOA-ABE,35,0.3532329201698303,360
Desharnais,10,WOA-ABE,36,0.3532329201698303,370
Desharnais,10,WOA-ABE,37,0.3532329201698303,380
Desharnais,10,WOA-ABE,38,0.3532329201698303,390
Desharnais,10,WOA-ABE,39,0.3532329201698303,400
Desharnais,10,WOA-ABE,40,0.3532329201698303,410
Desharnais,10,WOA-ABE,41,0.3532329201698303,420
Desharnais,10,WOA-ABE,42,0.3532329201698303,430
Desharnais,10,WOA-ABE,43,0.3532324433326721,440
Desharnais,10,WOA-ABE,44,0.3532324433326721,450
Desharnais,10,WOA-ABE,45,0.3532324433326721,460
Desharnais,10,WOA-ABE,46,0.3532324433326721,470
Desharnais,10,WOA-ABE,47,0.3532324433326721,480
Desharnais,10,WOA-ABE,48,0.3532324433326721,490
Desharnais,10,WOA-ABE,49,0.3532324433326721,500
Desharnais,10,WOA-ABE,50,0.3532324433326721,510
Desharnais,10,WOA-ABE,51,0.3532324433326721,520
Desharnais,10,WOA-ABE,52,0.3532324433326721,530
Desharnais,10,WOA-ABE,53,0.3532324433326721,540
Desharnais,10,WOA-ABE,54,0.3532324433326721,550
Desharnais,10,WOA-ABE,55,0.3532324433326721,560
Desharnais,10,WOA-ABE,56,0.3532324433326721,570
Desharnais,10,WOA-ABE,57,0.3532324433326721,580
Desharnais,10,WOA-ABE,58,0.3532324433326721,590
Desharnais,10,WOA-ABE,59,0.3532324433326721,600
Desharnais,10,WOA-ABE,60,0.3532324433326721,610
Desharnais,10,WOA-ABE,61,0.3532324433326721,620
Desharnais,10,WOA-ABE,62,0.3532324433326721,630
Desharnais,10,WOA-ABE,63,0.3532324433326721,640
Desharnais,10,WOA-ABE,64,0.3532324433326721,650
Desharnais,10,WOA-ABE,65,0.3532324433326721,660
Desharnais,10,WOA-ABE,66,0.3532324433326721,670
Desharnais,10,WOA-ABE,67,0.3532324433326721,680
Desharnais,10,WOA-ABE,68,0.3532324433326721,690
Desharnais,10,WOA-ABE,69,0.3532324433326721,700
Desharnais,10,WOA-ABE,70,0.3532324433326721,710
Desharnais,10,WOA-ABE,71,0.3532324433326721,720
Desharnais,10,WOA-ABE,72,0.3532324433326721,730
Desharnais,10,WOA-ABE,73,0.3532324433326721,740
Desharnais,10,WOA-ABE,74,0.3532324433326721,750
Desharnais,10,WOA-ABE,75,0.3532324433326721,760
Desharnais,10,WOA-ABE,76,0.3532324433326721,770
Desharnais,10,WOA-ABE,77,0.3532324433326721,780
Desharnais,10,WOA-ABE,78,0.3532324433326721,790
Desharnais,10,WOA-ABE,79,0.3532264828681946,800
Desharnais,10,WOA-ABE,80,0.35304883122444153,810
Desharnais,10,WOA-ABE,81,0.35304883122444153,820
Desharnais,10,WOA-ABE,82,0.35304883122444153,830
Desharnais,10,WOA-ABE,83,0.35304883122444153,840
Desharnais,10,WOA-ABE,84,0.35304883122444153,850
Desharnais,10,WOA-ABE,85,0.35304883122444153,860
Desharnais,10,WOA-ABE,86,0.35304883122444153,870
Desharnais,10,WOA-ABE,87,0.3530474305152893,880
Desharnais,10,WOA-ABE,88,0.3530474305152893,890
Desharnais,10,WOA-ABE,89,0.3530474305152893,900
Desharnais,10,WOA-ABE,90,0.35304728150367737,910
Desharnais,10,WOA-ABE,91,0.35304728150367737,920
Desharnais,10,WOA-ABE,92,0.35304516553878784,930
Desharnais,10,WOA-ABE,93,0.353042334318161,940
Desharnais,10,WOA-ABE,94,0.3530394434928894,950
Desharnais,10,WOA-ABE,95,0.3530394434928894,960
Desharnais,10,WOA-ABE,96,0.3530394434928894,970
Desharnais,10,WOA-ABE,97,0.3530394434928894,980
Desharnais,10,WOA-ABE,98,0.3530394434928894,990
Desharnais,10,WOA-ABE,99,0.3530394434928894,1000
Desharnais,10,FAABE,0,0.42144325375556946,10
Desharnais,10,FAABE,1,0.42144325375556946,20
Desharnais,10,FAABE,2,0.40511563420295715,30
Desharnais,10,FAABE,3,0.3973367214202881,40
Desharnais,10,FAABE,4,0.3973367214202881,50
Desharnais,10,FAABE,5,0.38767969608306885,60
Desharnais,10,FAABE,6,0.3854854702949524,70
Desharnais,10,FAABE,7,0.3854854702949524,80
Desharnais,10,FAABE,8,0.3844211995601654,90
Desharnais,10,FAABE,9,0.3844211995601654,100
Desharnais,10,FAABE,10,0.3844211995601654,110
Desharnais,10,FAABE,11,0.3844211995601654,120
Desharnais,10,FAABE,12,0.3844211995601654,130
Desharnais,10,FAABE,13,0.3844211995601654,140
Desharnais,10,FAABE,14,0.3844211995601654,150
Desharnais,10,FAABE,15,0.3760152757167816,160
Desharnais,10,FAABE,16,0.3760152757167816,170
Desharnais,10,FAABE,17,0.3760152757167816,180
Desharnais,10,FAABE,18,0.3760152757167816,190
Desharnais,10,FAABE,19,0.3760152757167816,200
Desharnais,10,FAABE,20,0.3760152757167816,210
Desharnais,10,FAABE,21,0.3760152757167816,220
Desharnais,10,FAABE,22,0.3760152757167816,230
Desharnais,10,FAABE,23,0.3760152757167816,240
Desharnais,10,FAABE,24,0.3760152757167816,250
Desharnais,10,FAABE,25,0.3760152757167816,260
Desharnais,10,FAABE,26,0.3760152757167816,270
Desharnais,10,FAABE,27,0.3760152757167816,280
Desharnais,10,FAABE,28,0.3760152757167816,290
Desharnais,10,FAABE,29,0.3760152757167816,300
Desharnais,10,FAABE,30,0.3760152757167816,310
Desharnais,10,FAABE,31,0.3760152757167816,320
Desharnais,10,FAABE,32,0.3760152757167816,330
Desharnais,10,FAABE,33,0.3760152757167816,340
Desharnais,10,FAABE,34,0.3760152757167816,350
Desharnais,10,FAABE,35,0.3760152757167816,360
Desharnais,10,FAABE,36,0.3760152757167816,370
Desharnais,10,FAABE,37,0.3760152757167816,380
Desharnais,10,FAABE,38,0.3760152757167816,390
Desharnais,10,FAABE,39,0.3760152757167816,400
Desharnais,10,FAABE,40,0.3760152757167816,410
Desharnais,10,FAABE,41,0.3760152757167816,420
Desharnais,10,FAABE,42,0.3760152757167816,430
Desharnais,10,FAABE,43,0.3760152757167816,440
Desharnais,10,FAABE,44,0.3760152757167816,450
Desharnais,10,FAABE,45,0.3760152757167816,460
Desharnais,10,FAABE,46,0.3760152757167816,470
Desharnais,10,FAABE,47,0.3760152757167816,480
Desharnais,10,FAABE,48,0.3760152757167816,490
Desharnais,10,FAABE,49,0.3760152757167816,500
Desharnais,10,FAABE,50,0.3760152757167816,510
Desharnais,10,FAABE,51,0.3760152757167816,520
Desharnais,10,FAABE,52,0.3760152757167816,530
Desharnais,10,FAABE,53,0.3760152757167816,540
Desharnais,10,FAABE,54,0.3760152757167816,550
Desharnais,10,FAABE,55,0.3760152757167816,560
Desharnais,10,FAABE,56,0.3760152757167816,570
Desharnais,10,FAABE,57,0.3760152757167816,580
Desharnais,10,FAABE,58,0.3760152757167816,590
Desharnais,10,FAABE,59,0.3760152757167816,600
Desharnais,10,FAABE,60,0.3760152757167816,610
Desharnais,10,FAABE,61,0.3760152757167816,620
Desharnais,10,FAABE,62,0.3760152757167816,630
Desharnais,10,FAABE,63,0.37276387214660645,640
Desharnais,10,FAABE,64,0.37276387214660645,650
Desharnais,10,FAABE,65,0.37276387214660645,660
Desharnais,10,FAABE,66,0.36557847261428833,670
Desharnais,10,FAABE,67,0.36557847261428833,680
Desharnais,10,FAABE,68,0.36557847261428833,690
Desharnais,10,FAABE,69,0.36557847261428833,700
Desharnais,10,FAABE,70,0.36557847261428833,710
Desharnais,10,FAABE,71,0.36557847261428833,720
Desharnais,10,FAABE,72,0.36557847261428833,730
Desharnais,10,FAABE,73,0.36557847261428833,740
Desharnais,10,FAABE,74,0.36557847261428833,750
Desharnais,10,FAABE,75,0.36557847261428833,760
Desharnais,10,FAABE,76,0.36557847261428833,770
Desharnais,10,FAABE,77,0.3622035086154938,780
Desharnais,10,FAABE,78,0.3622035086154938,790
Desharnais,10,FAABE,79,0.3622035086154938,800
Desharnais,10,FAABE,80,0.36154118180274963,810
Desharnais,10,FAABE,81,0.36154118180274963,820
Desharnais,10,FAABE,82,0.36154118180274963,830
Desharnais,10,FAABE,83,0.36154118180274963,840
Desharnais,10,FAABE,84,0.36154118180274963,850
Desharnais,10,FAABE,85,0.36154118180274963,860
Desharnais,10,FAABE,86,0.36154118180274963,870
Desharnais,10,FAABE,87,0.36154118180274963,880
Desharnais,10,FAABE,88,0.36154118180274963,890
Desharnais,10,FAABE,89,0.36154118180274963,900
Desharnais,10,FAABE,90,0.36154118180274963,910
Desharnais,10,FAABE,91,0.36154118180274963,920
Desharnais,10,FAABE,92,0.36154118180274963,930
Desharnais,10,FAABE,93,0.3615035116672516,940
Desharnais,10,FAABE,94,0.3615035116672516,950
Desharnais,10,FAABE,95,0.3615035116672516,960
Desharnais,10,FAABE,96,0.3615035116672516,970
Desharnais,10,FAABE,97,0.3615035116672516,980
Desharnais,10,FAABE,98,0.3615035116672516,990
Desharnais,10,FAABE,99,0.3615035116672516,1000
