Dataset,Fold,Variant,Iteration,Best_Training_MMRE
Kemerer,1,FAABE_NO_PEARSON,0,0.6707814335823059
Kemerer,1,FAABE_NO_PEARSON,1,0.6152239441871643
Kemerer,1,FAABE_NO_PEARSON,2,0.5769650340080261
Kemerer,1,FAABE_NO_PEARSON,3,0.5719459652900696
Kemerer,1,FAABE_NO_PEARSON,4,0.5689848065376282
Kemerer,1,FAABE_NO_PEARSON,5,0.5654045939445496
Kemerer,1,FAABE_NO_PEARSON,6,0.5557465553283691
Kemerer,1,FAABE_NO_PEARSON,7,0.5557465553283691
Kemerer,1,FAABE_NO_PEARSON,8,0.5557465553283691
Kemerer,1,FAABE_NO_PEARSON,9,0.5557465553283691
Kemerer,1,FAABE_NO_PEARSON,10,0.5549435019493103
Kemerer,1,FAABE_NO_PEARSON,11,0.5549435019493103
Kemerer,1,FAABE_NO_PEARSON,12,0.55378258228302
Kemerer,1,FAABE_NO_PEARSON,13,0.55378258228302
Kemerer,1,FAABE_NO_PEARSON,14,0.55378258228302
Kemerer,1,FAABE_NO_PEARSON,15,0.55378258228302
Kemerer,1,FAABE_NO_PEARSON,16,0.55378258228302
Kemerer,1,FAABE_NO_PEARSON,17,0.55378258228302
Kemerer,1,FAABE_NO_PEARSON,18,0.55378258228302
Kemerer,1,FAABE_NO_PEARSON,19,0.5534979701042175
Kemerer,1,FAABE_NO_PEARSON,20,0.5534979701042175
Kemerer,1,FAABE_NO_PEARSON,21,0.5534979701042175
Kemerer,1,FAABE_NO_PEARSON,22,0.5534979701042175
Kemerer,1,FAABE_NO_PEARSON,23,0.5534979701042175
Kemerer,1,FAABE_NO_PEARSON,24,0.5534979701042175
Kemerer,1,FAABE_NO_PEARSON,25,0.5534979701042175
Kemerer,1,FAABE_NO_PEARSON,26,0.5534979701042175
Kemerer,1,FAABE_NO_PEARSON,27,0.5534979701042175
Kemerer,1,FAABE_NO_PEARSON,28,0.5534979701042175
Kemerer,1,FAABE_NO_PEARSON,29,0.5534979701042175
Kemerer,1,FAABE_NO_PEARSON,30,0.5534979701042175
Kemerer,1,FAABE_NO_PEARSON,31,0.5534979701042175
Kemerer,1,FAABE_NO_PEARSON,32,0.5534979701042175
Kemerer,1,FAABE_NO_PEARSON,33,0.5534979701042175
Kemerer,1,FAABE_NO_PEARSON,34,0.5534979701042175
Kemerer,1,FAABE_NO_PEARSON,35,0.5534979701042175
Kemerer,1,FAABE_NO_PEARSON,36,0.5534979701042175
Kemerer,1,FAABE_NO_PEARSON,37,0.5534979701042175
Kemerer,1,FAABE_NO_PEARSON,38,0.5534979701042175
Kemerer,1,FAABE_NO_PEARSON,39,0.5488667488098145
Kemerer,1,FAABE_NO_PEARSON,40,0.5488667488098145
Kemerer,1,FAABE_NO_PEARSON,41,0.5488667488098145
Kemerer,1,FAABE_NO_PEARSON,42,0.5488667488098145
Kemerer,1,FAABE_NO_PEARSON,43,0.5488667488098145
Kemerer,1,FAABE_NO_PEARSON,44,0.5488667488098145
Kemerer,1,FAABE_NO_PEARSON,45,0.5488667488098145
Kemerer,1,FAABE_NO_PEARSON,46,0.5488667488098145
Kemerer,1,FAABE_NO_PEARSON,47,0.5488667488098145
Kemerer,1,FAABE_NO_PEARSON,48,0.5488667488098145
Kemerer,1,FAABE_NO_PEARSON,49,0.5488667488098145
Kemerer,1,FAABE_NO_PEARSON,50,0.5488667488098145
Kemerer,1,FAABE_NO_PEARSON,51,0.5488667488098145
Kemerer,1,FAABE_NO_PEARSON,52,0.5488667488098145
Kemerer,1,FAABE_NO_PEARSON,53,0.5488667488098145
Kemerer,1,FAABE_NO_PEARSON,54,0.5488667488098145
Kemerer,1,FAABE_NO_PEARSON,55,0.5488667488098145
Kemerer,1,FAABE_NO_PEARSON,56,0.5488667488098145
Kemerer,1,FAABE_NO_PEARSON,57,0.5488667488098145
Kemerer,1,FAABE_NO_PEARSON,58,0.5488667488098145
Kemerer,1,FAABE_NO_PEARSON,59,0.5488667488098145
Kemerer,1,FAABE_NO_PEARSON,60,0.5488667488098145
Kemerer,1,FAABE_NO_PEARSON,61,0.5488667488098145
Kemerer,1,FAABE_NO_PEARSON,62,0.5488667488098145
Kemerer,1,FAABE_NO_PEARSON,63,0.5488667488098145
Kemerer,1,FAABE_NO_PEARSON,64,0.5488667488098145
Kemerer,1,FAABE_NO_PEARSON,65,0.5488667488098145
Kemerer,1,FAABE_NO_PEARSON,66,0.5488667488098145
Kemerer,1,FAABE_NO_PEARSON,67,0.5488667488098145
Kemerer,1,FAABE_NO_PEARSON,68,0.5488667488098145
Kemerer,1,FAABE_NO_PEARSON,69,0.5488667488098145
Kemerer,1,FAABE_NO_PEARSON,70,0.5488667488098145
Kemerer,1,FAABE_NO_PEARSON,71,0.5488667488098145
Kemerer,1,FAABE_NO_PEARSON,72,0.5488667488098145
Kemerer,1,FAABE_NO_PEARSON,73,0.5488667488098145
Kemerer,1,FAABE_NO_PEARSON,74,0.5488667488098145
Kemerer,1,FAABE_NO_PEARSON,75,0.5488667488098145
Kemerer,1,FAABE_NO_PEARSON,76,0.5488667488098145
Kemerer,1,FAABE_NO_PEARSON,77,0.5488667488098145
Kemerer,1,FAABE_NO_PEARSON,78,0.5488667488098145
Kemerer,1,FAABE_NO_PEARSON,79,0.5488667488098145
Kemerer,1,FAABE_NO_PEARSON,80,0.5488667488098145
Kemerer,1,FAABE_NO_PEARSON,81,0.5488667488098145
Kemerer,1,FAABE_NO_PEARSON,82,0.5488667488098145
Kemerer,1,FAABE_NO_PEARSON,83,0.5488667488098145
Kemerer,1,FAABE_NO_PEARSON,84,0.5488667488098145
Kemerer,1,FAABE_NO_PEARSON,85,0.5488667488098145
Kemerer,1,FAABE_NO_PEARSON,86,0.5488667488098145
Kemerer,1,FAABE_NO_PEARSON,87,0.5488667488098145
Kemerer,1,FAABE_NO_PEARSON,88,0.5488667488098145
Kemerer,1,FAABE_NO_PEARSON,89,0.5488667488098145
Kemerer,1,FAABE_NO_PEARSON,90,0.5488667488098145
Kemerer,1,FAABE_NO_PEARSON,91,0.5488667488098145
Kemerer,1,FAABE_NO_PEARSON,92,0.5488667488098145
Kemerer,1,FAABE_NO_PEARSON,93,0.5488667488098145
Kemerer,1,FAABE_NO_PEARSON,94,0.5488667488098145
Kemerer,1,FAABE_NO_PEARSON,95,0.5488667488098145
Kemerer,1,FAABE_NO_PEARSON,96,0.5488667488098145
Kemerer,1,FAABE_NO_PEARSON,97,0.5488667488098145
Kemerer,1,FAABE_NO_PEARSON,98,0.5488667488098145
Kemerer,1,FAABE_NO_PEARSON,99,0.5488667488098145
Kemerer,1,FAABE_NO_PEARSON,100,0.5488667488098145
Kemerer,1,FAABE_NO_IWM,0,0.5721027851104736
Kemerer,1,FAABE_NO_IWM,1,0.5721027851104736
Kemerer,1,FAABE_NO_IWM,2,0.5697917938232422
Kemerer,1,FAABE_NO_IWM,3,0.5697917938232422
Kemerer,1,FAABE_NO_IWM,4,0.5697917938232422
Kemerer,1,FAABE_NO_IWM,5,0.5697917938232422
Kemerer,1,FAABE_NO_IWM,6,0.5697917938232422
Kemerer,1,FAABE_NO_IWM,7,0.5697917938232422
Kemerer,1,FAABE_NO_IWM,8,0.5697917938232422
Kemerer,1,FAABE_NO_IWM,9,0.5697917938232422
Kemerer,1,FAABE_NO_IWM,10,0.5697917938232422
Kemerer,1,FAABE_NO_IWM,11,0.5697917938232422
Kemerer,1,FAABE_NO_IWM,12,0.5697917938232422
Kemerer,1,FAABE_NO_IWM,13,0.5697917938232422
Kemerer,1,FAABE_NO_IWM,14,0.5697917938232422
Kemerer,1,FAABE_NO_IWM,15,0.5697917938232422
Kemerer,1,FAABE_NO_IWM,16,0.5697917938232422
Kemerer,1,FAABE_NO_IWM,17,0.5697917938232422
Kemerer,1,FAABE_NO_IWM,18,0.5697917938232422
Kemerer,1,FAABE_NO_IWM,19,0.5697917938232422
Kemerer,1,FAABE_NO_IWM,20,0.5697917938232422
Kemerer,1,FAABE_NO_IWM,21,0.5697917938232422
Kemerer,1,FAABE_NO_IWM,22,0.5697917938232422
Kemerer,1,FAABE_NO_IWM,23,0.5697917938232422
Kemerer,1,FAABE_NO_IWM,24,0.5697917938232422
Kemerer,1,FAABE_NO_IWM,25,0.5697917938232422
Kemerer,1,FAABE_NO_IWM,26,0.5697917938232422
Kemerer,1,FAABE_NO_IWM,27,0.5697917938232422
Kemerer,1,FAABE_NO_IWM,28,0.5697917938232422
Kemerer,1,FAABE_NO_IWM,29,0.5697917938232422
Kemerer,1,FAABE_NO_IWM,30,0.5697917938232422
Kemerer,1,FAABE_NO_IWM,31,0.5697917938232422
Kemerer,1,FAABE_NO_IWM,32,0.5697917938232422
Kemerer,1,FAABE_NO_IWM,33,0.5697917938232422
Kemerer,1,FAABE_NO_IWM,34,0.5697917938232422
Kemerer,1,FAABE_NO_IWM,35,0.5697917938232422
Kemerer,1,FAABE_NO_IWM,36,0.5697917938232422
Kemerer,1,FAABE_NO_IWM,37,0.5697917938232422
Kemerer,1,FAABE_NO_IWM,38,0.5697917938232422
Kemerer,1,FAABE_NO_IWM,39,0.5697917938232422
Kemerer,1,FAABE_NO_IWM,40,0.5697917938232422
Kemerer,1,FAABE_NO_IWM,41,0.5697917938232422
Kemerer,1,FAABE_NO_IWM,42,0.5697917938232422
Kemerer,1,FAABE_NO_IWM,43,0.5697917938232422
Kemerer,1,FAABE_NO_IWM,44,0.5697917938232422
Kemerer,1,FAABE_NO_IWM,45,0.5697917938232422
Kemerer,1,FAABE_NO_IWM,46,0.5697917938232422
Kemerer,1,FAABE_NO_IWM,47,0.5697917938232422
Kemerer,1,FAABE_NO_IWM,48,0.5697917938232422
Kemerer,1,FAABE_NO_IWM,49,0.5697917938232422
Kemerer,1,FAABE_NO_IWM,50,0.5697917938232422
Kemerer,1,FAABE_NO_IWM,51,0.5697917938232422
Kemerer,1,FAABE_NO_IWM,52,0.5697917938232422
Kemerer,1,FAABE_NO_IWM,53,0.5697917938232422
Kemerer,1,FAABE_NO_IWM,54,0.5697917938232422
Kemerer,1,FAABE_NO_IWM,55,0.5697917938232422
Kemerer,1,FAABE_NO_IWM,56,0.5697917938232422
Kemerer,1,FAABE_NO_IWM,57,0.5697917938232422
Kemerer,1,FAABE_NO_IWM,58,0.5697917938232422
Kemerer,1,FAABE_NO_IWM,59,0.5697917938232422
Kemerer,1,FAABE_NO_IWM,60,0.5697917938232422
Kemerer,1,FAABE_NO_IWM,61,0.5697917938232422
Kemerer,1,FAABE_NO_IWM,62,0.5697917938232422
Kemerer,1,FAABE_NO_IWM,63,0.5697917938232422
Kemerer,1,FAABE_NO_IWM,64,0.5697917938232422
Kemerer,1,FAABE_NO_IWM,65,0.5697917938232422
Kemerer,1,FAABE_NO_IWM,66,0.5697917938232422
Kemerer,1,FAABE_NO_IWM,67,0.5697917938232422
Kemerer,1,FAABE_NO_IWM,68,0.5697917938232422
Kemerer,1,FAABE_NO_IWM,69,0.5697917938232422
Kemerer,1,FAABE_NO_IWM,70,0.5697917938232422
Kemerer,1,FAABE_NO_IWM,71,0.5697917938232422
Kemerer,1,FAABE_NO_IWM,72,0.5697917938232422
Kemerer,1,FAABE_NO_IWM,73,0.5697917938232422
Kemerer,1,FAABE_NO_IWM,74,0.5697917938232422
Kemerer,1,FAABE_NO_IWM,75,0.5697917938232422
Kemerer,1,FAABE_NO_IWM,76,0.5697917938232422
Kemerer,1,FAABE_NO_IWM,77,0.5697917938232422
Kemerer,1,FAABE_NO_IWM,78,0.5697917938232422
Kemerer,1,FAABE_NO_IWM,79,0.5697917938232422
Kemerer,1,FAABE_NO_IWM,80,0.5697917938232422
Kemerer,1,FAABE_NO_IWM,81,0.5697917938232422
Kemerer,1,FAABE_NO_IWM,82,0.5697917938232422
Kemerer,1,FAABE_NO_IWM,83,0.5697917938232422
Kemerer,1,FAABE_NO_IWM,84,0.5697917938232422
Kemerer,1,FAABE_NO_IWM,85,0.5697917938232422
Kemerer,1,FAABE_NO_IWM,86,0.5697917938232422
Kemerer,1,FAABE_NO_IWM,87,0.5697917938232422
Kemerer,1,FAABE_NO_IWM,88,0.5697917938232422
Kemerer,1,FAABE_NO_IWM,89,0.5697917938232422
Kemerer,1,FAABE_NO_IWM,90,0.5697917938232422
Kemerer,1,FAABE_NO_IWM,91,0.5697917938232422
Kemerer,1,FAABE_NO_IWM,92,0.5697917938232422
Kemerer,1,FAABE_NO_IWM,93,0.5697917938232422
Kemerer,1,FAABE_NO_IWM,94,0.5697917938232422
Kemerer,1,FAABE_NO_IWM,95,0.5697917938232422
Kemerer,1,FAABE_NO_IWM,96,0.5697917938232422
Kemerer,1,FAABE_NO_IWM,97,0.5697917938232422
Kemerer,1,FAABE_NO_IWM,98,0.5697917938232422
Kemerer,1,FAABE_NO_IWM,99,0.5697917938232422
Kemerer,1,FAABE_NO_IWM,100,0.5697917938232422
Kemerer,1,FAABE_FULL,0,0.5781400799751282
Kemerer,1,FAABE_FULL,1,0.571663498878479
Kemerer,1,FAABE_FULL,2,0.5565118193626404
Kemerer,1,FAABE_FULL,3,0.5552693009376526
Kemerer,1,FAABE_FULL,4,0.5552189946174622
Kemerer,1,FAABE_FULL,5,0.5552189946174622
Kemerer,1,FAABE_FULL,6,0.5552189946174622
Kemerer,1,FAABE_FULL,7,0.5548414587974548
Kemerer,1,FAABE_FULL,8,0.5548414587974548
Kemerer,1,FAABE_FULL,9,0.5548414587974548
Kemerer,1,FAABE_FULL,10,0.5548414587974548
Kemerer,1,FAABE_FULL,11,0.5548414587974548
Kemerer,1,FAABE_FULL,12,0.5539452433586121
Kemerer,1,FAABE_FULL,13,0.5539452433586121
Kemerer,1,FAABE_FULL,14,0.5539452433586121
Kemerer,1,FAABE_FULL,15,0.5539452433586121
Kemerer,1,FAABE_FULL,16,0.5539452433586121
Kemerer,1,FAABE_FULL,17,0.5539452433586121
Kemerer,1,FAABE_FULL,18,0.5539452433586121
Kemerer,1,FAABE_FULL,19,0.5539452433586121
Kemerer,1,FAABE_FULL,20,0.5539452433586121
Kemerer,1,FAABE_FULL,21,0.5539452433586121
Kemerer,1,FAABE_FULL,22,0.5539452433586121
Kemerer,1,FAABE_FULL,23,0.5539452433586121
Kemerer,1,FAABE_FULL,24,0.5539452433586121
Kemerer,1,FAABE_FULL,25,0.5539452433586121
Kemerer,1,FAABE_FULL,26,0.5539452433586121
Kemerer,1,FAABE_FULL,27,0.5527346730232239
Kemerer,1,FAABE_FULL,28,0.5527346730232239
Kemerer,1,FAABE_FULL,29,0.5527346730232239
Kemerer,1,FAABE_FULL,30,0.5527346730232239
Kemerer,1,FAABE_FULL,31,0.5527346730232239
Kemerer,1,FAABE_FULL,32,0.5527346730232239
Kemerer,1,FAABE_FULL,33,0.5527346730232239
Kemerer,1,FAABE_FULL,34,0.5527346730232239
Kemerer,1,FAABE_FULL,35,0.5527346730232239
Kemerer,1,FAABE_FULL,36,0.5527346730232239
Kemerer,1,FAABE_FULL,37,0.5527346730232239
Kemerer,1,FAABE_FULL,38,0.5527346730232239
Kemerer,1,FAABE_FULL,39,0.5527346730232239
Kemerer,1,FAABE_FULL,40,0.5527346730232239
Kemerer,1,FAABE_FULL,41,0.5527346730232239
Kemerer,1,FAABE_FULL,42,0.5527346730232239
Kemerer,1,FAABE_FULL,43,0.5527346730232239
Kemerer,1,FAABE_FULL,44,0.5527346730232239
Kemerer,1,FAABE_FULL,45,0.5527346730232239
Kemerer,1,FAABE_FULL,46,0.5527346730232239
Kemerer,1,FAABE_FULL,47,0.5527346730232239
Kemerer,1,FAABE_FULL,48,0.5527346730232239
Kemerer,1,FAABE_FULL,49,0.5527346730232239
Kemerer,1,FAABE_FULL,50,0.5527346730232239
Kemerer,1,FAABE_FULL,51,0.5527346730232239
Kemerer,1,FAABE_FULL,52,0.5527346730232239
Kemerer,1,FAABE_FULL,53,0.5527346730232239
Kemerer,1,FAABE_FULL,54,0.5527346730232239
Kemerer,1,FAABE_FULL,55,0.5527346730232239
Kemerer,1,FAABE_FULL,56,0.5527346730232239
Kemerer,1,FAABE_FULL,57,0.5527346730232239
Kemerer,1,FAABE_FULL,58,0.5527346730232239
Kemerer,1,FAABE_FULL,59,0.5527346730232239
Kemerer,1,FAABE_FULL,60,0.5527346730232239
Kemerer,1,FAABE_FULL,61,0.5527346730232239
Kemerer,1,FAABE_FULL,62,0.5527346730232239
Kemerer,1,FAABE_FULL,63,0.5527346730232239
Kemerer,1,FAABE_FULL,64,0.5527346730232239
Kemerer,1,FAABE_FULL,65,0.5527346730232239
Kemerer,1,FAABE_FULL,66,0.5527346730232239
Kemerer,1,FAABE_FULL,67,0.5527346730232239
Kemerer,1,FAABE_FULL,68,0.5527346730232239
Kemerer,1,FAABE_FULL,69,0.5527346730232239
Kemerer,1,FAABE_FULL,70,0.5527346730232239
Kemerer,1,FAABE_FULL,71,0.5527346730232239
Kemerer,1,FAABE_FULL,72,0.5527346730232239
Kemerer,1,FAABE_FULL,73,0.5527346730232239
Kemerer,1,FAABE_FULL,74,0.5527346730232239
Kemerer,1,FAABE_FULL,75,0.5527346730232239
Kemerer,1,FAABE_FULL,76,0.5527346730232239
Kemerer,1,FAABE_FULL,77,0.5527346730232239
Kemerer,1,FAABE_FULL,78,0.5527346730232239
Kemerer,1,FAABE_FULL,79,0.5527346730232239
Kemerer,1,FAABE_FULL,80,0.5527346730232239
Kemerer,1,FAABE_FULL,81,0.5527346730232239
Kemerer,1,FAABE_FULL,82,0.5527346730232239
Kemerer,1,FAABE_FULL,83,0.5527346730232239
Kemerer,1,FAABE_FULL,84,0.5527346730232239
Kemerer,1,FAABE_FULL,85,0.5527346730232239
Kemerer,1,FAABE_FULL,86,0.5527346730232239
Kemerer,1,FAABE_FULL,87,0.5527346730232239
Kemerer,1,FAABE_FULL,88,0.5527346730232239
Kemerer,1,FAABE_FULL,89,0.5527346730232239
Kemerer,1,FAABE_FULL,90,0.5527346730232239
Kemerer,1,FAABE_FULL,91,0.5527346730232239
Kemerer,1,FAABE_FULL,92,0.5525141954421997
Kemerer,1,FAABE_FULL,93,0.5525141954421997
Kemerer,1,FAABE_FULL,94,0.5525141954421997
Kemerer,1,FAABE_FULL,95,0.5525141954421997
Kemerer,1,FAABE_FULL,96,0.5525141954421997
Kemerer,1,FAABE_FULL,97,0.5525141954421997
Kemerer,1,FAABE_FULL,98,0.5525141954421997
Kemerer,1,FAABE_FULL,99,0.5525141954421997
Kemerer,1,FAABE_FULL,100,0.5525141954421997
Kemerer,2,FAABE_NO_PEARSON,0,0.5703410506248474
Kemerer,2,FAABE_NO_PEARSON,1,0.522305428981781
Kemerer,2,FAABE_NO_PEARSON,2,0.5199125409126282
Kemerer,2,FAABE_NO_PEARSON,3,0.4853653311729431
Kemerer,2,FAABE_NO_PEARSON,4,0.4853653311729431
Kemerer,2,FAABE_NO_PEARSON,5,0.4853653311729431
Kemerer,2,FAABE_NO_PEARSON,6,0.4853653311729431
Kemerer,2,FAABE_NO_PEARSON,7,0.4840644896030426
Kemerer,2,FAABE_NO_PEARSON,8,0.4840644896030426
Kemerer,2,FAABE_NO_PEARSON,9,0.4840644896030426
Kemerer,2,FAABE_NO_PEARSON,10,0.4840644896030426
Kemerer,2,FAABE_NO_PEARSON,11,0.4840644896030426
Kemerer,2,FAABE_NO_PEARSON,12,0.4840644896030426
Kemerer,2,FAABE_NO_PEARSON,13,0.4840644896030426
Kemerer,2,FAABE_NO_PEARSON,14,0.4840644896030426
Kemerer,2,FAABE_NO_PEARSON,15,0.4840644896030426
Kemerer,2,FAABE_NO_PEARSON,16,0.4840644896030426
Kemerer,2,FAABE_NO_PEARSON,17,0.4840644896030426
Kemerer,2,FAABE_NO_PEARSON,18,0.4840644896030426
Kemerer,2,FAABE_NO_PEARSON,19,0.4840644896030426
Kemerer,2,FAABE_NO_PEARSON,20,0.4840644896030426
Kemerer,2,FAABE_NO_PEARSON,21,0.4840644896030426
Kemerer,2,FAABE_NO_PEARSON,22,0.4840644896030426
Kemerer,2,FAABE_NO_PEARSON,23,0.4840644896030426
Kemerer,2,FAABE_NO_PEARSON,24,0.4840644896030426
Kemerer,2,FAABE_NO_PEARSON,25,0.4840644896030426
Kemerer,2,FAABE_NO_PEARSON,26,0.4840644896030426
Kemerer,2,FAABE_NO_PEARSON,27,0.4840644896030426
Kemerer,2,FAABE_NO_PEARSON,28,0.4840644896030426
Kemerer,2,FAABE_NO_PEARSON,29,0.4840644896030426
Kemerer,2,FAABE_NO_PEARSON,30,0.4840644896030426
Kemerer,2,FAABE_NO_PEARSON,31,0.4840644896030426
Kemerer,2,FAABE_NO_PEARSON,32,0.4840644896030426
Kemerer,2,FAABE_NO_PEARSON,33,0.4840644896030426
Kemerer,2,FAABE_NO_PEARSON,34,0.4840644896030426
Kemerer,2,FAABE_NO_PEARSON,35,0.4840644896030426
Kemerer,2,FAABE_NO_PEARSON,36,0.4840644896030426
Kemerer,2,FAABE_NO_PEARSON,37,0.4840644896030426
Kemerer,2,FAABE_NO_PEARSON,38,0.4840644896030426
Kemerer,2,FAABE_NO_PEARSON,39,0.4840644896030426
Kemerer,2,FAABE_NO_PEARSON,40,0.4840644896030426
Kemerer,2,FAABE_NO_PEARSON,41,0.4840644896030426
Kemerer,2,FAABE_NO_PEARSON,42,0.4840644896030426
Kemerer,2,FAABE_NO_PEARSON,43,0.4840644896030426
Kemerer,2,FAABE_NO_PEARSON,44,0.4840644896030426
Kemerer,2,FAABE_NO_PEARSON,45,0.4840644896030426
Kemerer,2,FAABE_NO_PEARSON,46,0.4840644896030426
Kemerer,2,FAABE_NO_PEARSON,47,0.4840644896030426
Kemerer,2,FAABE_NO_PEARSON,48,0.4840644896030426
Kemerer,2,FAABE_NO_PEARSON,49,0.4840644896030426
Kemerer,2,FAABE_NO_PEARSON,50,0.4840644896030426
Kemerer,2,FAABE_NO_PEARSON,51,0.4840644896030426
Kemerer,2,FAABE_NO_PEARSON,52,0.4840644896030426
Kemerer,2,FAABE_NO_PEARSON,53,0.4840644896030426
Kemerer,2,FAABE_NO_PEARSON,54,0.4840644896030426
Kemerer,2,FAABE_NO_PEARSON,55,0.4840644896030426
Kemerer,2,FAABE_NO_PEARSON,56,0.4840644896030426
Kemerer,2,FAABE_NO_PEARSON,57,0.4840644896030426
Kemerer,2,FAABE_NO_PEARSON,58,0.4840644896030426
Kemerer,2,FAABE_NO_PEARSON,59,0.4840644896030426
Kemerer,2,FAABE_NO_PEARSON,60,0.4840644896030426
Kemerer,2,FAABE_NO_PEARSON,61,0.4840644896030426
Kemerer,2,FAABE_NO_PEARSON,62,0.4840644896030426
Kemerer,2,FAABE_NO_PEARSON,63,0.4840644896030426
Kemerer,2,FAABE_NO_PEARSON,64,0.4840644896030426
Kemerer,2,FAABE_NO_PEARSON,65,0.4840644896030426
Kemerer,2,FAABE_NO_PEARSON,66,0.4840644896030426
Kemerer,2,FAABE_NO_PEARSON,67,0.4840644896030426
Kemerer,2,FAABE_NO_PEARSON,68,0.4840644896030426
Kemerer,2,FAABE_NO_PEARSON,69,0.4840644896030426
Kemerer,2,FAABE_NO_PEARSON,70,0.4840644896030426
Kemerer,2,FAABE_NO_PEARSON,71,0.4840644896030426
Kemerer,2,FAABE_NO_PEARSON,72,0.4840644896030426
Kemerer,2,FAABE_NO_PEARSON,73,0.4840644896030426
Kemerer,2,FAABE_NO_PEARSON,74,0.4840644896030426
Kemerer,2,FAABE_NO_PEARSON,75,0.4840644896030426
Kemerer,2,FAABE_NO_PEARSON,76,0.4840644896030426
Kemerer,2,FAABE_NO_PEARSON,77,0.4840644896030426
Kemerer,2,FAABE_NO_PEARSON,78,0.4840644896030426
Kemerer,2,FAABE_NO_PEARSON,79,0.4840644896030426
Kemerer,2,FAABE_NO_PEARSON,80,0.4840644896030426
Kemerer,2,FAABE_NO_PEARSON,81,0.4840644896030426
Kemerer,2,FAABE_NO_PEARSON,82,0.48360154032707214
Kemerer,2,FAABE_NO_PEARSON,83,0.48360154032707214
Kemerer,2,FAABE_NO_PEARSON,84,0.48360154032707214
Kemerer,2,FAABE_NO_PEARSON,85,0.48360154032707214
Kemerer,2,FAABE_NO_PEARSON,86,0.48360154032707214
Kemerer,2,FAABE_NO_PEARSON,87,0.48360154032707214
Kemerer,2,FAABE_NO_PEARSON,88,0.48360154032707214
Kemerer,2,FAABE_NO_PEARSON,89,0.48360154032707214
Kemerer,2,FAABE_NO_PEARSON,90,0.48360154032707214
Kemerer,2,FAABE_NO_PEARSON,91,0.48360154032707214
Kemerer,2,FAABE_NO_PEARSON,92,0.48360154032707214
Kemerer,2,FAABE_NO_PEARSON,93,0.48360154032707214
Kemerer,2,FAABE_NO_PEARSON,94,0.48360154032707214
Kemerer,2,FAABE_NO_PEARSON,95,0.48360154032707214
Kemerer,2,FAABE_NO_PEARSON,96,0.48360154032707214
Kemerer,2,FAABE_NO_PEARSON,97,0.48360154032707214
Kemerer,2,FAABE_NO_PEARSON,98,0.48360154032707214
Kemerer,2,FAABE_NO_PEARSON,99,0.48360154032707214
Kemerer,2,FAABE_NO_PEARSON,100,0.48360154032707214
Kemerer,2,FAABE_NO_IWM,0,0.5525956749916077
Kemerer,2,FAABE_NO_IWM,1,0.5525956749916077
Kemerer,2,FAABE_NO_IWM,2,0.5525956749916077
Kemerer,2,FAABE_NO_IWM,3,0.5525956749916077
Kemerer,2,FAABE_NO_IWM,4,0.5525956749916077
Kemerer,2,FAABE_NO_IWM,5,0.5525956749916077
Kemerer,2,FAABE_NO_IWM,6,0.5525956749916077
Kemerer,2,FAABE_NO_IWM,7,0.5525956749916077
Kemerer,2,FAABE_NO_IWM,8,0.5525956749916077
Kemerer,2,FAABE_NO_IWM,9,0.5525956749916077
Kemerer,2,FAABE_NO_IWM,10,0.5525956749916077
Kemerer,2,FAABE_NO_IWM,11,0.5525956749916077
Kemerer,2,FAABE_NO_IWM,12,0.5525956749916077
Kemerer,2,FAABE_NO_IWM,13,0.5525956749916077
Kemerer,2,FAABE_NO_IWM,14,0.5525956749916077
Kemerer,2,FAABE_NO_IWM,15,0.5525956749916077
Kemerer,2,FAABE_NO_IWM,16,0.5525956749916077
Kemerer,2,FAABE_NO_IWM,17,0.5525956749916077
Kemerer,2,FAABE_NO_IWM,18,0.5525956749916077
Kemerer,2,FAABE_NO_IWM,19,0.5525956749916077
Kemerer,2,FAABE_NO_IWM,20,0.5525956749916077
Kemerer,2,FAABE_NO_IWM,21,0.5525956749916077
Kemerer,2,FAABE_NO_IWM,22,0.5525956749916077
Kemerer,2,FAABE_NO_IWM,23,0.5525956749916077
Kemerer,2,FAABE_NO_IWM,24,0.5525956749916077
Kemerer,2,FAABE_NO_IWM,25,0.5525956749916077
Kemerer,2,FAABE_NO_IWM,26,0.5525956749916077
Kemerer,2,FAABE_NO_IWM,27,0.5525956749916077
Kemerer,2,FAABE_NO_IWM,28,0.5525956749916077
Kemerer,2,FAABE_NO_IWM,29,0.5525956749916077
Kemerer,2,FAABE_NO_IWM,30,0.5525956749916077
Kemerer,2,FAABE_NO_IWM,31,0.5525956749916077
Kemerer,2,FAABE_NO_IWM,32,0.5525956749916077
Kemerer,2,FAABE_NO_IWM,33,0.5525956749916077
Kemerer,2,FAABE_NO_IWM,34,0.5525956749916077
Kemerer,2,FAABE_NO_IWM,35,0.5525956749916077
Kemerer,2,FAABE_NO_IWM,36,0.5525956749916077
Kemerer,2,FAABE_NO_IWM,37,0.5525956749916077
Kemerer,2,FAABE_NO_IWM,38,0.5525956749916077
Kemerer,2,FAABE_NO_IWM,39,0.5525956749916077
Kemerer,2,FAABE_NO_IWM,40,0.5525956749916077
Kemerer,2,FAABE_NO_IWM,41,0.5525956749916077
Kemerer,2,FAABE_NO_IWM,42,0.5525956749916077
Kemerer,2,FAABE_NO_IWM,43,0.5525956749916077
Kemerer,2,FAABE_NO_IWM,44,0.5525956749916077
Kemerer,2,FAABE_NO_IWM,45,0.5525956749916077
Kemerer,2,FAABE_NO_IWM,46,0.5525956749916077
Kemerer,2,FAABE_NO_IWM,47,0.5525956749916077
Kemerer,2,FAABE_NO_IWM,48,0.5525956749916077
Kemerer,2,FAABE_NO_IWM,49,0.5525956749916077
Kemerer,2,FAABE_NO_IWM,50,0.5525956749916077
Kemerer,2,FAABE_NO_IWM,51,0.5525956749916077
Kemerer,2,FAABE_NO_IWM,52,0.5525956749916077
Kemerer,2,FAABE_NO_IWM,53,0.5525956749916077
Kemerer,2,FAABE_NO_IWM,54,0.5525956749916077
Kemerer,2,FAABE_NO_IWM,55,0.5525956749916077
Kemerer,2,FAABE_NO_IWM,56,0.5525956749916077
Kemerer,2,FAABE_NO_IWM,57,0.5525956749916077
Kemerer,2,FAABE_NO_IWM,58,0.5525956749916077
Kemerer,2,FAABE_NO_IWM,59,0.5525956749916077
Kemerer,2,FAABE_NO_IWM,60,0.5525956749916077
Kemerer,2,FAABE_NO_IWM,61,0.5525956749916077
Kemerer,2,FAABE_NO_IWM,62,0.5525956749916077
Kemerer,2,FAABE_NO_IWM,63,0.5525956749916077
Kemerer,2,FAABE_NO_IWM,64,0.5525956749916077
Kemerer,2,FAABE_NO_IWM,65,0.5525956749916077
Kemerer,2,FAABE_NO_IWM,66,0.5525956749916077
Kemerer,2,FAABE_NO_IWM,67,0.5525956749916077
Kemerer,2,FAABE_NO_IWM,68,0.5525956749916077
Kemerer,2,FAABE_NO_IWM,69,0.5525956749916077
Kemerer,2,FAABE_NO_IWM,70,0.5525956749916077
Kemerer,2,FAABE_NO_IWM,71,0.5525956749916077
Kemerer,2,FAABE_NO_IWM,72,0.5525956749916077
Kemerer,2,FAABE_NO_IWM,73,0.5525956749916077
Kemerer,2,FAABE_NO_IWM,74,0.5525956749916077
Kemerer,2,FAABE_NO_IWM,75,0.5525956749916077
Kemerer,2,FAABE_NO_IWM,76,0.5525956749916077
Kemerer,2,FAABE_NO_IWM,77,0.5525956749916077
Kemerer,2,FAABE_NO_IWM,78,0.5525956749916077
Kemerer,2,FAABE_NO_IWM,79,0.5525956749916077
Kemerer,2,FAABE_NO_IWM,80,0.5525956749916077
Kemerer,2,FAABE_NO_IWM,81,0.5525956749916077
Kemerer,2,FAABE_NO_IWM,82,0.5525956749916077
Kemerer,2,FAABE_NO_IWM,83,0.5525956749916077
Kemerer,2,FAABE_NO_IWM,84,0.5525956749916077
Kemerer,2,FAABE_NO_IWM,85,0.5525956749916077
Kemerer,2,FAABE_NO_IWM,86,0.5525956749916077
Kemerer,2,FAABE_NO_IWM,87,0.5525956749916077
Kemerer,2,FAABE_NO_IWM,88,0.5525956749916077
Kemerer,2,FAABE_NO_IWM,89,0.5525956749916077
Kemerer,2,FAABE_NO_IWM,90,0.5525956749916077
Kemerer,2,FAABE_NO_IWM,91,0.5525956749916077
Kemerer,2,FAABE_NO_IWM,92,0.5525956749916077
Kemerer,2,FAABE_NO_IWM,93,0.5525956749916077
Kemerer,2,FAABE_NO_IWM,94,0.5525956749916077
Kemerer,2,FAABE_NO_IWM,95,0.5525956749916077
Kemerer,2,FAABE_NO_IWM,96,0.5525956749916077
Kemerer,2,FAABE_NO_IWM,97,0.5525956749916077
Kemerer,2,FAABE_NO_IWM,98,0.5525956749916077
Kemerer,2,FAABE_NO_IWM,99,0.5525956749916077
Kemerer,2,FAABE_NO_IWM,100,0.5525956749916077
Kemerer,2,FAABE_FULL,0,0.6088723540306091
Kemerer,2,FAABE_FULL,1,0.5619675517082214
Kemerer,2,FAABE_FULL,2,0.5592681169509888
Kemerer,2,FAABE_FULL,3,0.5587347745895386
Kemerer,2,FAABE_FULL,4,0.5574110746383667
Kemerer,2,FAABE_FULL,5,0.5571228265762329
Kemerer,2,FAABE_FULL,6,0.5564367175102234
Kemerer,2,FAABE_FULL,7,0.5564367175102234
Kemerer,2,FAABE_FULL,8,0.5559348464012146
Kemerer,2,FAABE_FULL,9,0.5559348464012146
Kemerer,2,FAABE_FULL,10,0.5559348464012146
Kemerer,2,FAABE_FULL,11,0.5558307766914368
Kemerer,2,FAABE_FULL,12,0.5557603240013123
Kemerer,2,FAABE_FULL,13,0.5556438565254211
Kemerer,2,FAABE_FULL,14,0.5556438565254211
Kemerer,2,FAABE_FULL,15,0.5556438565254211
Kemerer,2,FAABE_FULL,16,0.5556438565254211
Kemerer,2,FAABE_FULL,17,0.5556438565254211
Kemerer,2,FAABE_FULL,18,0.5556438565254211
Kemerer,2,FAABE_FULL,19,0.5556438565254211
Kemerer,2,FAABE_FULL,20,0.5556438565254211
Kemerer,2,FAABE_FULL,21,0.5556211471557617
Kemerer,2,FAABE_FULL,22,0.5556211471557617
Kemerer,2,FAABE_FULL,23,0.5556211471557617
Kemerer,2,FAABE_FULL,24,0.5556211471557617
Kemerer,2,FAABE_FULL,25,0.5556211471557617
Kemerer,2,FAABE_FULL,26,0.5556211471557617
Kemerer,2,FAABE_FULL,27,0.5556211471557617
Kemerer,2,FAABE_FULL,28,0.5556211471557617
Kemerer,2,FAABE_FULL,29,0.5556211471557617
Kemerer,2,FAABE_FULL,30,0.5556211471557617
Kemerer,2,FAABE_FULL,31,0.5556211471557617
Kemerer,2,FAABE_FULL,32,0.5556211471557617
Kemerer,2,FAABE_FULL,33,0.5556211471557617
Kemerer,2,FAABE_FULL,34,0.5556211471557617
Kemerer,2,FAABE_FULL,35,0.5556211471557617
Kemerer,2,FAABE_FULL,36,0.5556211471557617
Kemerer,2,FAABE_FULL,37,0.5556211471557617
Kemerer,2,FAABE_FULL,38,0.5556211471557617
Kemerer,2,FAABE_FULL,39,0.5556211471557617
Kemerer,2,FAABE_FULL,40,0.5556211471557617
Kemerer,2,FAABE_FULL,41,0.5556211471557617
Kemerer,2,FAABE_FULL,42,0.5556211471557617
Kemerer,2,FAABE_FULL,43,0.5556211471557617
Kemerer,2,FAABE_FULL,44,0.5556211471557617
Kemerer,2,FAABE_FULL,45,0.5556175112724304
Kemerer,2,FAABE_FULL,46,0.5556175112724304
Kemerer,2,FAABE_FULL,47,0.5556175112724304
Kemerer,2,FAABE_FULL,48,0.5556175112724304
Kemerer,2,FAABE_FULL,49,0.5556175112724304
Kemerer,2,FAABE_FULL,50,0.5556175112724304
Kemerer,2,FAABE_FULL,51,0.5556175112724304
Kemerer,2,FAABE_FULL,52,0.5556175112724304
Kemerer,2,FAABE_FULL,53,0.5556175112724304
Kemerer,2,FAABE_FULL,54,0.5556175112724304
Kemerer,2,FAABE_FULL,55,0.5556175112724304
Kemerer,2,FAABE_FULL,56,0.5556175112724304
Kemerer,2,FAABE_FULL,57,0.5556175112724304
Kemerer,2,FAABE_FULL,58,0.5556175112724304
Kemerer,2,FAABE_FULL,59,0.5556175112724304
Kemerer,2,FAABE_FULL,60,0.5556175112724304
Kemerer,2,FAABE_FULL,61,0.5556175112724304
Kemerer,2,FAABE_FULL,62,0.5556175112724304
Kemerer,2,FAABE_FULL,63,0.5556175112724304
Kemerer,2,FAABE_FULL,64,0.5556175112724304
Kemerer,2,FAABE_FULL,65,0.5556175112724304
Kemerer,2,FAABE_FULL,66,0.5556175112724304
Kemerer,2,FAABE_FULL,67,0.5556175112724304
Kemerer,2,FAABE_FULL,68,0.5556175112724304
Kemerer,2,FAABE_FULL,69,0.5556175112724304
Kemerer,2,FAABE_FULL,70,0.5556175112724304
Kemerer,2,FAABE_FULL,71,0.5556175112724304
Kemerer,2,FAABE_FULL,72,0.5556175112724304
Kemerer,2,FAABE_FULL,73,0.5556175112724304
Kemerer,2,FAABE_FULL,74,0.5556175112724304
Kemerer,2,FAABE_FULL,75,0.5556175112724304
Kemerer,2,FAABE_FULL,76,0.5556175112724304
Kemerer,2,FAABE_FULL,77,0.5556175112724304
Kemerer,2,FAABE_FULL,78,0.5556175112724304
Kemerer,2,FAABE_FULL,79,0.5556175112724304
Kemerer,2,FAABE_FULL,80,0.5556175112724304
Kemerer,2,FAABE_FULL,81,0.5556175112724304
Kemerer,2,FAABE_FULL,82,0.5556175112724304
Kemerer,2,FAABE_FULL,83,0.5556175112724304
Kemerer,2,FAABE_FULL,84,0.5556175112724304
Kemerer,2,FAABE_FULL,85,0.5556175112724304
Kemerer,2,FAABE_FULL,86,0.5556175112724304
Kemerer,2,FAABE_FULL,87,0.5556175112724304
Kemerer,2,FAABE_FULL,88,0.5556175112724304
Kemerer,2,FAABE_FULL,89,0.5556175112724304
Kemerer,2,FAABE_FULL,90,0.5556175112724304
Kemerer,2,FAABE_FULL,91,0.5556175112724304
Kemerer,2,FAABE_FULL,92,0.5556175112724304
Kemerer,2,FAABE_FULL,93,0.5556175112724304
Kemerer,2,FAABE_FULL,94,0.5556175112724304
Kemerer,2,FAABE_FULL,95,0.5556175112724304
Kemerer,2,FAABE_FULL,96,0.5556175112724304
Kemerer,2,FAABE_FULL,97,0.5556175112724304
Kemerer,2,FAABE_FULL,98,0.5556175112724304
Kemerer,2,FAABE_FULL,99,0.5556175112724304
Kemerer,2,FAABE_FULL,100,0.5556175112724304
Kemerer,3,FAABE_NO_PEARSON,0,0.5841038823127747
Kemerer,3,FAABE_NO_PEARSON,1,0.4929298460483551
Kemerer,3,FAABE_NO_PEARSON,2,0.4929298460483551
Kemerer,3,FAABE_NO_PEARSON,3,0.4929298460483551
Kemerer,3,FAABE_NO_PEARSON,4,0.48632168769836426
Kemerer,3,FAABE_NO_PEARSON,5,0.4846206307411194
Kemerer,3,FAABE_NO_PEARSON,6,0.473948210477829
Kemerer,3,FAABE_NO_PEARSON,7,0.45955005288124084
Kemerer,3,FAABE_NO_PEARSON,8,0.45955005288124084
Kemerer,3,FAABE_NO_PEARSON,9,0.45955005288124084
Kemerer,3,FAABE_NO_PEARSON,10,0.45955005288124084
Kemerer,3,FAABE_NO_PEARSON,11,0.45955005288124084
Kemerer,3,FAABE_NO_PEARSON,12,0.45955005288124084
Kemerer,3,FAABE_NO_PEARSON,13,0.45955005288124084
Kemerer,3,FAABE_NO_PEARSON,14,0.45955005288124084
Kemerer,3,FAABE_NO_PEARSON,15,0.45955005288124084
Kemerer,3,FAABE_NO_PEARSON,16,0.45955005288124084
Kemerer,3,FAABE_NO_PEARSON,17,0.45955005288124084
Kemerer,3,FAABE_NO_PEARSON,18,0.45955005288124084
Kemerer,3,FAABE_NO_PEARSON,19,0.45955005288124084
Kemerer,3,FAABE_NO_PEARSON,20,0.45955005288124084
Kemerer,3,FAABE_NO_PEARSON,21,0.45955005288124084
Kemerer,3,FAABE_NO_PEARSON,22,0.45955005288124084
Kemerer,3,FAABE_NO_PEARSON,23,0.45955005288124084
Kemerer,3,FAABE_NO_PEARSON,24,0.45955005288124084
Kemerer,3,FAABE_NO_PEARSON,25,0.45955005288124084
Kemerer,3,FAABE_NO_PEARSON,26,0.45955005288124084
Kemerer,3,FAABE_NO_PEARSON,27,0.45955005288124084
Kemerer,3,FAABE_NO_PEARSON,28,0.45955005288124084
Kemerer,3,FAABE_NO_PEARSON,29,0.45955005288124084
Kemerer,3,FAABE_NO_PEARSON,30,0.45955005288124084
Kemerer,3,FAABE_NO_PEARSON,31,0.45955005288124084
Kemerer,3,FAABE_NO_PEARSON,32,0.4575673043727875
Kemerer,3,FAABE_NO_PEARSON,33,0.4575673043727875
Kemerer,3,FAABE_NO_PEARSON,34,0.4575673043727875
Kemerer,3,FAABE_NO_PEARSON,35,0.4575673043727875
Kemerer,3,FAABE_NO_PEARSON,36,0.4575673043727875
Kemerer,3,FAABE_NO_PEARSON,37,0.4575673043727875
Kemerer,3,FAABE_NO_PEARSON,38,0.4575673043727875
Kemerer,3,FAABE_NO_PEARSON,39,0.4575673043727875
Kemerer,3,FAABE_NO_PEARSON,40,0.4575673043727875
Kemerer,3,FAABE_NO_PEARSON,41,0.4575673043727875
Kemerer,3,FAABE_NO_PEARSON,42,0.4575673043727875
Kemerer,3,FAABE_NO_PEARSON,43,0.4575673043727875
Kemerer,3,FAABE_NO_PEARSON,44,0.4575673043727875
Kemerer,3,FAABE_NO_PEARSON,45,0.4575673043727875
Kemerer,3,FAABE_NO_PEARSON,46,0.4575673043727875
Kemerer,3,FAABE_NO_PEARSON,47,0.4575673043727875
Kemerer,3,FAABE_NO_PEARSON,48,0.4575673043727875
Kemerer,3,FAABE_NO_PEARSON,49,0.4575673043727875
Kemerer,3,FAABE_NO_PEARSON,50,0.45731809735298157
Kemerer,3,FAABE_NO_PEARSON,51,0.45731809735298157
Kemerer,3,FAABE_NO_PEARSON,52,0.45731809735298157
Kemerer,3,FAABE_NO_PEARSON,53,0.45731809735298157
Kemerer,3,FAABE_NO_PEARSON,54,0.45731809735298157
Kemerer,3,FAABE_NO_PEARSON,55,0.45731809735298157
Kemerer,3,FAABE_NO_PEARSON,56,0.45731809735298157
Kemerer,3,FAABE_NO_PEARSON,57,0.45731809735298157
Kemerer,3,FAABE_NO_PEARSON,58,0.4572732150554657
Kemerer,3,FAABE_NO_PEARSON,59,0.4572732150554657
Kemerer,3,FAABE_NO_PEARSON,60,0.4572732150554657
Kemerer,3,FAABE_NO_PEARSON,61,0.4572732150554657
Kemerer,3,FAABE_NO_PEARSON,62,0.4572732150554657
Kemerer,3,FAABE_NO_PEARSON,63,0.4572732150554657
Kemerer,3,FAABE_NO_PEARSON,64,0.4572732150554657
Kemerer,3,FAABE_NO_PEARSON,65,0.4572732150554657
Kemerer,3,FAABE_NO_PEARSON,66,0.4572732150554657
Kemerer,3,FAABE_NO_PEARSON,67,0.4572732150554657
Kemerer,3,FAABE_NO_PEARSON,68,0.4572732150554657
Kemerer,3,FAABE_NO_PEARSON,69,0.4572732150554657
Kemerer,3,FAABE_NO_PEARSON,70,0.4572732150554657
Kemerer,3,FAABE_NO_PEARSON,71,0.4572732150554657
Kemerer,3,FAABE_NO_PEARSON,72,0.4572732150554657
Kemerer,3,FAABE_NO_PEARSON,73,0.4572732150554657
Kemerer,3,FAABE_NO_PEARSON,74,0.4572732150554657
Kemerer,3,FAABE_NO_PEARSON,75,0.4572732150554657
Kemerer,3,FAABE_NO_PEARSON,76,0.4572732150554657
Kemerer,3,FAABE_NO_PEARSON,77,0.4572732150554657
Kemerer,3,FAABE_NO_PEARSON,78,0.4572732150554657
Kemerer,3,FAABE_NO_PEARSON,79,0.4572732150554657
Kemerer,3,FAABE_NO_PEARSON,80,0.4572732150554657
Kemerer,3,FAABE_NO_PEARSON,81,0.4572732150554657
Kemerer,3,FAABE_NO_PEARSON,82,0.4572732150554657
Kemerer,3,FAABE_NO_PEARSON,83,0.4572732150554657
Kemerer,3,FAABE_NO_PEARSON,84,0.4572732150554657
Kemerer,3,FAABE_NO_PEARSON,85,0.4572732150554657
Kemerer,3,FAABE_NO_PEARSON,86,0.4572732150554657
Kemerer,3,FAABE_NO_PEARSON,87,0.4572732150554657
Kemerer,3,FAABE_NO_PEARSON,88,0.4572732150554657
Kemerer,3,FAABE_NO_PEARSON,89,0.4572732150554657
Kemerer,3,FAABE_NO_PEARSON,90,0.4572732150554657
Kemerer,3,FAABE_NO_PEARSON,91,0.4572732150554657
Kemerer,3,FAABE_NO_PEARSON,92,0.4572732150554657
Kemerer,3,FAABE_NO_PEARSON,93,0.4467163383960724
Kemerer,3,FAABE_NO_PEARSON,94,0.4467163383960724
Kemerer,3,FAABE_NO_PEARSON,95,0.4467163383960724
Kemerer,3,FAABE_NO_PEARSON,96,0.4467163383960724
Kemerer,3,FAABE_NO_PEARSON,97,0.4467163383960724
Kemerer,3,FAABE_NO_PEARSON,98,0.4467163383960724
Kemerer,3,FAABE_NO_PEARSON,99,0.4467163383960724
Kemerer,3,FAABE_NO_PEARSON,100,0.4467163383960724
Kemerer,3,FAABE_NO_IWM,0,0.641107439994812
Kemerer,3,FAABE_NO_IWM,1,0.5852084159851074
Kemerer,3,FAABE_NO_IWM,2,0.5852084159851074
Kemerer,3,FAABE_NO_IWM,3,0.5627495646476746
Kemerer,3,FAABE_NO_IWM,4,0.5627495050430298
Kemerer,3,FAABE_NO_IWM,5,0.5627495050430298
Kemerer,3,FAABE_NO_IWM,6,0.5627495050430298
Kemerer,3,FAABE_NO_IWM,7,0.5627495050430298
Kemerer,3,FAABE_NO_IWM,8,0.5579258799552917
Kemerer,3,FAABE_NO_IWM,9,0.5579258799552917
Kemerer,3,FAABE_NO_IWM,10,0.5579258799552917
Kemerer,3,FAABE_NO_IWM,11,0.5579258799552917
Kemerer,3,FAABE_NO_IWM,12,0.5579258799552917
Kemerer,3,FAABE_NO_IWM,13,0.5579258799552917
Kemerer,3,FAABE_NO_IWM,14,0.5579258799552917
Kemerer,3,FAABE_NO_IWM,15,0.5579258799552917
Kemerer,3,FAABE_NO_IWM,16,0.5579258799552917
Kemerer,3,FAABE_NO_IWM,17,0.5579258799552917
Kemerer,3,FAABE_NO_IWM,18,0.5579258799552917
Kemerer,3,FAABE_NO_IWM,19,0.5579258799552917
Kemerer,3,FAABE_NO_IWM,20,0.5579258799552917
Kemerer,3,FAABE_NO_IWM,21,0.5579258799552917
Kemerer,3,FAABE_NO_IWM,22,0.5579258799552917
Kemerer,3,FAABE_NO_IWM,23,0.5579258799552917
Kemerer,3,FAABE_NO_IWM,24,0.5579258799552917
Kemerer,3,FAABE_NO_IWM,25,0.5579258799552917
Kemerer,3,FAABE_NO_IWM,26,0.5579258799552917
Kemerer,3,FAABE_NO_IWM,27,0.5579258799552917
Kemerer,3,FAABE_NO_IWM,28,0.5579258799552917
Kemerer,3,FAABE_NO_IWM,29,0.5579258799552917
Kemerer,3,FAABE_NO_IWM,30,0.5579258799552917
Kemerer,3,FAABE_NO_IWM,31,0.5579258799552917
Kemerer,3,FAABE_NO_IWM,32,0.5579258799552917
Kemerer,3,FAABE_NO_IWM,33,0.5579258799552917
Kemerer,3,FAABE_NO_IWM,34,0.5579258799552917
Kemerer,3,FAABE_NO_IWM,35,0.5579258799552917
Kemerer,3,FAABE_NO_IWM,36,0.5579258799552917
Kemerer,3,FAABE_NO_IWM,37,0.5579258799552917
Kemerer,3,FAABE_NO_IWM,38,0.5579258799552917
Kemerer,3,FAABE_NO_IWM,39,0.5579258799552917
Kemerer,3,FAABE_NO_IWM,40,0.5579258799552917
Kemerer,3,FAABE_NO_IWM,41,0.5579258799552917
Kemerer,3,FAABE_NO_IWM,42,0.5579258799552917
Kemerer,3,FAABE_NO_IWM,43,0.5579258799552917
Kemerer,3,FAABE_NO_IWM,44,0.5579258799552917
Kemerer,3,FAABE_NO_IWM,45,0.5579258799552917
Kemerer,3,FAABE_NO_IWM,46,0.5579258799552917
Kemerer,3,FAABE_NO_IWM,47,0.5579258799552917
Kemerer,3,FAABE_NO_IWM,48,0.5579258799552917
Kemerer,3,FAABE_NO_IWM,49,0.5579258799552917
Kemerer,3,FAABE_NO_IWM,50,0.5579258799552917
Kemerer,3,FAABE_NO_IWM,51,0.5579258799552917
Kemerer,3,FAABE_NO_IWM,52,0.5579258799552917
Kemerer,3,FAABE_NO_IWM,53,0.5579258799552917
Kemerer,3,FAABE_NO_IWM,54,0.5579258799552917
Kemerer,3,FAABE_NO_IWM,55,0.5579258799552917
Kemerer,3,FAABE_NO_IWM,56,0.5579258799552917
Kemerer,3,FAABE_NO_IWM,57,0.5579258799552917
Kemerer,3,FAABE_NO_IWM,58,0.5579258799552917
Kemerer,3,FAABE_NO_IWM,59,0.5579258799552917
Kemerer,3,FAABE_NO_IWM,60,0.5579258799552917
Kemerer,3,FAABE_NO_IWM,61,0.5579258799552917
Kemerer,3,FAABE_NO_IWM,62,0.5579258799552917
Kemerer,3,FAABE_NO_IWM,63,0.5579258799552917
Kemerer,3,FAABE_NO_IWM,64,0.5579258799552917
Kemerer,3,FAABE_NO_IWM,65,0.5579258799552917
Kemerer,3,FAABE_NO_IWM,66,0.5579258799552917
Kemerer,3,FAABE_NO_IWM,67,0.5579258799552917
Kemerer,3,FAABE_NO_IWM,68,0.5579258799552917
Kemerer,3,FAABE_NO_IWM,69,0.5579258799552917
Kemerer,3,FAABE_NO_IWM,70,0.5579258799552917
Kemerer,3,FAABE_NO_IWM,71,0.5579258799552917
Kemerer,3,FAABE_NO_IWM,72,0.5579258799552917
Kemerer,3,FAABE_NO_IWM,73,0.5579258799552917
Kemerer,3,FAABE_NO_IWM,74,0.5579258799552917
Kemerer,3,FAABE_NO_IWM,75,0.5579258799552917
Kemerer,3,FAABE_NO_IWM,76,0.5579258799552917
Kemerer,3,FAABE_NO_IWM,77,0.5579258799552917
Kemerer,3,FAABE_NO_IWM,78,0.5579258799552917
Kemerer,3,FAABE_NO_IWM,79,0.5579258799552917
Kemerer,3,FAABE_NO_IWM,80,0.5579258799552917
Kemerer,3,FAABE_NO_IWM,81,0.5579258799552917
Kemerer,3,FAABE_NO_IWM,82,0.5579258799552917
Kemerer,3,FAABE_NO_IWM,83,0.5579258799552917
Kemerer,3,FAABE_NO_IWM,84,0.5579258799552917
Kemerer,3,FAABE_NO_IWM,85,0.5579258799552917
Kemerer,3,FAABE_NO_IWM,86,0.5579258799552917
Kemerer,3,FAABE_NO_IWM,87,0.5579258799552917
Kemerer,3,FAABE_NO_IWM,88,0.5579258799552917
Kemerer,3,FAABE_NO_IWM,89,0.5579258799552917
Kemerer,3,FAABE_NO_IWM,90,0.5579258799552917
Kemerer,3,FAABE_NO_IWM,91,0.5579258799552917
Kemerer,3,FAABE_NO_IWM,92,0.5579258799552917
Kemerer,3,FAABE_NO_IWM,93,0.5579258799552917
Kemerer,3,FAABE_NO_IWM,94,0.5579258799552917
Kemerer,3,FAABE_NO_IWM,95,0.5579258799552917
Kemerer,3,FAABE_NO_IWM,96,0.5579258799552917
Kemerer,3,FAABE_NO_IWM,97,0.5579258799552917
Kemerer,3,FAABE_NO_IWM,98,0.5579258799552917
Kemerer,3,FAABE_NO_IWM,99,0.5579258799552917
Kemerer,3,FAABE_NO_IWM,100,0.5579258799552917
Kemerer,3,FAABE_FULL,0,0.5887066125869751
Kemerer,3,FAABE_FULL,1,0.5671481490135193
Kemerer,3,FAABE_FULL,2,0.5511531829833984
Kemerer,3,FAABE_FULL,3,0.5511531829833984
Kemerer,3,FAABE_FULL,4,0.5511531829833984
Kemerer,3,FAABE_FULL,5,0.5511531829833984
Kemerer,3,FAABE_FULL,6,0.5511531829833984
Kemerer,3,FAABE_FULL,7,0.5511531829833984
Kemerer,3,FAABE_FULL,8,0.5511531829833984
Kemerer,3,FAABE_FULL,9,0.5510139465332031
Kemerer,3,FAABE_FULL,10,0.5445378422737122
Kemerer,3,FAABE_FULL,11,0.5445378422737122
Kemerer,3,FAABE_FULL,12,0.5445378422737122
Kemerer,3,FAABE_FULL,13,0.5445378422737122
Kemerer,3,FAABE_FULL,14,0.5445378422737122
Kemerer,3,FAABE_FULL,15,0.5445378422737122
Kemerer,3,FAABE_FULL,16,0.5445378422737122
Kemerer,3,FAABE_FULL,17,0.5445378422737122
Kemerer,3,FAABE_FULL,18,0.5445378422737122
Kemerer,3,FAABE_FULL,19,0.5445378422737122
Kemerer,3,FAABE_FULL,20,0.5445378422737122
Kemerer,3,FAABE_FULL,21,0.5445378422737122
Kemerer,3,FAABE_FULL,22,0.5445378422737122
Kemerer,3,FAABE_FULL,23,0.5445378422737122
Kemerer,3,FAABE_FULL,24,0.5445378422737122
Kemerer,3,FAABE_FULL,25,0.5445378422737122
Kemerer,3,FAABE_FULL,26,0.5445378422737122
Kemerer,3,FAABE_FULL,27,0.5445378422737122
Kemerer,3,FAABE_FULL,28,0.5445378422737122
Kemerer,3,FAABE_FULL,29,0.5445378422737122
Kemerer,3,FAABE_FULL,30,0.5445378422737122
Kemerer,3,FAABE_FULL,31,0.5445378422737122
Kemerer,3,FAABE_FULL,32,0.5445378422737122
Kemerer,3,FAABE_FULL,33,0.5445378422737122
Kemerer,3,FAABE_FULL,34,0.5445378422737122
Kemerer,3,FAABE_FULL,35,0.5445378422737122
Kemerer,3,FAABE_FULL,36,0.5445378422737122
Kemerer,3,FAABE_FULL,37,0.5445378422737122
Kemerer,3,FAABE_FULL,38,0.5445378422737122
Kemerer,3,FAABE_FULL,39,0.5445378422737122
Kemerer,3,FAABE_FULL,40,0.5445378422737122
Kemerer,3,FAABE_FULL,41,0.5445378422737122
Kemerer,3,FAABE_FULL,42,0.5445378422737122
Kemerer,3,FAABE_FULL,43,0.5445378422737122
Kemerer,3,FAABE_FULL,44,0.5445378422737122
Kemerer,3,FAABE_FULL,45,0.5445378422737122
Kemerer,3,FAABE_FULL,46,0.5445378422737122
Kemerer,3,FAABE_FULL,47,0.5445378422737122
Kemerer,3,FAABE_FULL,48,0.5445378422737122
Kemerer,3,FAABE_FULL,49,0.5445378422737122
Kemerer,3,FAABE_FULL,50,0.5445378422737122
Kemerer,3,FAABE_FULL,51,0.5445378422737122
Kemerer,3,FAABE_FULL,52,0.5445378422737122
Kemerer,3,FAABE_FULL,53,0.5445378422737122
Kemerer,3,FAABE_FULL,54,0.5445378422737122
Kemerer,3,FAABE_FULL,55,0.5445378422737122
Kemerer,3,FAABE_FULL,56,0.5445378422737122
Kemerer,3,FAABE_FULL,57,0.5445378422737122
Kemerer,3,FAABE_FULL,58,0.5445378422737122
Kemerer,3,FAABE_FULL,59,0.5437775254249573
Kemerer,3,FAABE_FULL,60,0.5437775254249573
Kemerer,3,FAABE_FULL,61,0.5437775254249573
Kemerer,3,FAABE_FULL,62,0.5437775254249573
Kemerer,3,FAABE_FULL,63,0.5437775254249573
Kemerer,3,FAABE_FULL,64,0.5437775254249573
Kemerer,3,FAABE_FULL,65,0.5437775254249573
Kemerer,3,FAABE_FULL,66,0.5437775254249573
Kemerer,3,FAABE_FULL,67,0.5437775254249573
Kemerer,3,FAABE_FULL,68,0.5437775254249573
Kemerer,3,FAABE_FULL,69,0.5437775254249573
Kemerer,3,FAABE_FULL,70,0.5433269739151001
Kemerer,3,FAABE_FULL,71,0.5433269739151001
Kemerer,3,FAABE_FULL,72,0.5433269739151001
Kemerer,3,FAABE_FULL,73,0.5433269739151001
Kemerer,3,FAABE_FULL,74,0.5433269739151001
Kemerer,3,FAABE_FULL,75,0.5433269739151001
Kemerer,3,FAABE_FULL,76,0.5433269739151001
Kemerer,3,FAABE_FULL,77,0.5433269739151001
Kemerer,3,FAABE_FULL,78,0.5433269739151001
Kemerer,3,FAABE_FULL,79,0.5433269739151001
Kemerer,3,FAABE_FULL,80,0.5433269739151001
Kemerer,3,FAABE_FULL,81,0.5433269739151001
Kemerer,3,FAABE_FULL,82,0.5433269739151001
Kemerer,3,FAABE_FULL,83,0.5433269739151001
Kemerer,3,FAABE_FULL,84,0.5433269739151001
Kemerer,3,FAABE_FULL,85,0.5433269739151001
Kemerer,3,FAABE_FULL,86,0.5433269739151001
Kemerer,3,FAABE_FULL,87,0.5433269739151001
Kemerer,3,FAABE_FULL,88,0.5433269739151001
Kemerer,3,FAABE_FULL,89,0.5433269739151001
Kemerer,3,FAABE_FULL,90,0.5433269739151001
Kemerer,3,FAABE_FULL,91,0.5433269739151001
Kemerer,3,FAABE_FULL,92,0.5433269739151001
Kemerer,3,FAABE_FULL,93,0.5433269739151001
Kemerer,3,FAABE_FULL,94,0.5433269739151001
Kemerer,3,FAABE_FULL,95,0.5433269739151001
Kemerer,3,FAABE_FULL,96,0.5433269739151001
Kemerer,3,FAABE_FULL,97,0.5433269739151001
Kemerer,3,FAABE_FULL,98,0.5433269739151001
Kemerer,3,FAABE_FULL,99,0.5433269739151001
Kemerer,3,FAABE_FULL,100,0.5433269739151001
Kemerer,4,FAABE_NO_PEARSON,0,0.6226821541786194
Kemerer,4,FAABE_NO_PEARSON,1,0.5847918391227722
Kemerer,4,FAABE_NO_PEARSON,2,0.5479879379272461
Kemerer,4,FAABE_NO_PEARSON,3,0.5213313698768616
Kemerer,4,FAABE_NO_PEARSON,4,0.5122848153114319
Kemerer,4,FAABE_NO_PEARSON,5,0.5095928311347961
Kemerer,4,FAABE_NO_PEARSON,6,0.5095928311347961
Kemerer,4,FAABE_NO_PEARSON,7,0.5095928311347961
Kemerer,4,FAABE_NO_PEARSON,8,0.5095928311347961
Kemerer,4,FAABE_NO_PEARSON,9,0.5095928311347961
Kemerer,4,FAABE_NO_PEARSON,10,0.5067487955093384
Kemerer,4,FAABE_NO_PEARSON,11,0.5067487955093384
Kemerer,4,FAABE_NO_PEARSON,12,0.5067487955093384
Kemerer,4,FAABE_NO_PEARSON,13,0.5067487955093384
Kemerer,4,FAABE_NO_PEARSON,14,0.5067487955093384
Kemerer,4,FAABE_NO_PEARSON,15,0.5067487955093384
Kemerer,4,FAABE_NO_PEARSON,16,0.5067487955093384
Kemerer,4,FAABE_NO_PEARSON,17,0.5067487955093384
Kemerer,4,FAABE_NO_PEARSON,18,0.5067487955093384
Kemerer,4,FAABE_NO_PEARSON,19,0.5064213871955872
Kemerer,4,FAABE_NO_PEARSON,20,0.5064213871955872
Kemerer,4,FAABE_NO_PEARSON,21,0.5064213871955872
Kemerer,4,FAABE_NO_PEARSON,22,0.5064213871955872
Kemerer,4,FAABE_NO_PEARSON,23,0.5064213871955872
Kemerer,4,FAABE_NO_PEARSON,24,0.5064213871955872
Kemerer,4,FAABE_NO_PEARSON,25,0.5064213871955872
Kemerer,4,FAABE_NO_PEARSON,26,0.5055456161499023
Kemerer,4,FAABE_NO_PEARSON,27,0.5055456161499023
Kemerer,4,FAABE_NO_PEARSON,28,0.5055456161499023
Kemerer,4,FAABE_NO_PEARSON,29,0.5055456161499023
Kemerer,4,FAABE_NO_PEARSON,30,0.5055456161499023
Kemerer,4,FAABE_NO_PEARSON,31,0.5055456161499023
Kemerer,4,FAABE_NO_PEARSON,32,0.5055456161499023
Kemerer,4,FAABE_NO_PEARSON,33,0.5055456161499023
Kemerer,4,FAABE_NO_PEARSON,34,0.5055456161499023
Kemerer,4,FAABE_NO_PEARSON,35,0.5055456161499023
Kemerer,4,FAABE_NO_PEARSON,36,0.5055456161499023
Kemerer,4,FAABE_NO_PEARSON,37,0.5055456161499023
Kemerer,4,FAABE_NO_PEARSON,38,0.5055456161499023
Kemerer,4,FAABE_NO_PEARSON,39,0.5055456161499023
Kemerer,4,FAABE_NO_PEARSON,40,0.5055456161499023
Kemerer,4,FAABE_NO_PEARSON,41,0.5055456161499023
Kemerer,4,FAABE_NO_PEARSON,42,0.5055456161499023
Kemerer,4,FAABE_NO_PEARSON,43,0.5055456161499023
Kemerer,4,FAABE_NO_PEARSON,44,0.5055456161499023
Kemerer,4,FAABE_NO_PEARSON,45,0.5055456161499023
Kemerer,4,FAABE_NO_PEARSON,46,0.5055456161499023
Kemerer,4,FAABE_NO_PEARSON,47,0.5055456161499023
Kemerer,4,FAABE_NO_PEARSON,48,0.5055456161499023
Kemerer,4,FAABE_NO_PEARSON,49,0.5055456161499023
Kemerer,4,FAABE_NO_PEARSON,50,0.5055456161499023
Kemerer,4,FAABE_NO_PEARSON,51,0.5055456161499023
Kemerer,4,FAABE_NO_PEARSON,52,0.5055456161499023
Kemerer,4,FAABE_NO_PEARSON,53,0.5055456161499023
Kemerer,4,FAABE_NO_PEARSON,54,0.5055456161499023
Kemerer,4,FAABE_NO_PEARSON,55,0.5055456161499023
Kemerer,4,FAABE_NO_PEARSON,56,0.5055456161499023
Kemerer,4,FAABE_NO_PEARSON,57,0.5055456161499023
Kemerer,4,FAABE_NO_PEARSON,58,0.5055456161499023
Kemerer,4,FAABE_NO_PEARSON,59,0.5055456161499023
Kemerer,4,FAABE_NO_PEARSON,60,0.5055456161499023
Kemerer,4,FAABE_NO_PEARSON,61,0.5055456161499023
Kemerer,4,FAABE_NO_PEARSON,62,0.5055456161499023
Kemerer,4,FAABE_NO_PEARSON,63,0.5055456161499023
Kemerer,4,FAABE_NO_PEARSON,64,0.5055456161499023
Kemerer,4,FAABE_NO_PEARSON,65,0.5055456161499023
Kemerer,4,FAABE_NO_PEARSON,66,0.5055456161499023
Kemerer,4,FAABE_NO_PEARSON,67,0.5055456161499023
Kemerer,4,FAABE_NO_PEARSON,68,0.5055456161499023
Kemerer,4,FAABE_NO_PEARSON,69,0.5055456161499023
Kemerer,4,FAABE_NO_PEARSON,70,0.5055456161499023
Kemerer,4,FAABE_NO_PEARSON,71,0.5055456161499023
Kemerer,4,FAABE_NO_PEARSON,72,0.5055456161499023
Kemerer,4,FAABE_NO_PEARSON,73,0.5055456161499023
Kemerer,4,FAABE_NO_PEARSON,74,0.5055456161499023
Kemerer,4,FAABE_NO_PEARSON,75,0.5055456161499023
Kemerer,4,FAABE_NO_PEARSON,76,0.5055456161499023
Kemerer,4,FAABE_NO_PEARSON,77,0.5055456161499023
Kemerer,4,FAABE_NO_PEARSON,78,0.5055456161499023
Kemerer,4,FAABE_NO_PEARSON,79,0.5055456161499023
Kemerer,4,FAABE_NO_PEARSON,80,0.5055456161499023
Kemerer,4,FAABE_NO_PEARSON,81,0.5055456161499023
Kemerer,4,FAABE_NO_PEARSON,82,0.5055456161499023
Kemerer,4,FAABE_NO_PEARSON,83,0.5055456161499023
Kemerer,4,FAABE_NO_PEARSON,84,0.5055456161499023
Kemerer,4,FAABE_NO_PEARSON,85,0.5055456161499023
Kemerer,4,FAABE_NO_PEARSON,86,0.5055456161499023
Kemerer,4,FAABE_NO_PEARSON,87,0.5055456161499023
Kemerer,4,FAABE_NO_PEARSON,88,0.5055456161499023
Kemerer,4,FAABE_NO_PEARSON,89,0.5055456161499023
Kemerer,4,FAABE_NO_PEARSON,90,0.5055456161499023
Kemerer,4,FAABE_NO_PEARSON,91,0.5055456161499023
Kemerer,4,FAABE_NO_PEARSON,92,0.5055456161499023
Kemerer,4,FAABE_NO_PEARSON,93,0.5055456161499023
Kemerer,4,FAABE_NO_PEARSON,94,0.5055456161499023
Kemerer,4,FAABE_NO_PEARSON,95,0.5055456161499023
Kemerer,4,FAABE_NO_PEARSON,96,0.5055456161499023
Kemerer,4,FAABE_NO_PEARSON,97,0.5055456161499023
Kemerer,4,FAABE_NO_PEARSON,98,0.5055456161499023
Kemerer,4,FAABE_NO_PEARSON,99,0.5055456161499023
Kemerer,4,FAABE_NO_PEARSON,100,0.5055456161499023
Kemerer,4,FAABE_NO_IWM,0,0.5830093622207642
Kemerer,4,FAABE_NO_IWM,1,0.535889208316803
Kemerer,4,FAABE_NO_IWM,2,0.523471474647522
Kemerer,4,FAABE_NO_IWM,3,0.5119738578796387
Kemerer,4,FAABE_NO_IWM,4,0.5119738578796387
Kemerer,4,FAABE_NO_IWM,5,0.5080963969230652
Kemerer,4,FAABE_NO_IWM,6,0.5080963969230652
Kemerer,4,FAABE_NO_IWM,7,0.5080963969230652
Kemerer,4,FAABE_NO_IWM,8,0.5080963969230652
Kemerer,4,FAABE_NO_IWM,9,0.5080963969230652
Kemerer,4,FAABE_NO_IWM,10,0.5080963969230652
Kemerer,4,FAABE_NO_IWM,11,0.5080963969230652
Kemerer,4,FAABE_NO_IWM,12,0.5080963969230652
Kemerer,4,FAABE_NO_IWM,13,0.5080963969230652
Kemerer,4,FAABE_NO_IWM,14,0.5080963969230652
Kemerer,4,FAABE_NO_IWM,15,0.5080963969230652
Kemerer,4,FAABE_NO_IWM,16,0.5080963969230652
Kemerer,4,FAABE_NO_IWM,17,0.5080963969230652
Kemerer,4,FAABE_NO_IWM,18,0.5080963969230652
Kemerer,4,FAABE_NO_IWM,19,0.5080963969230652
Kemerer,4,FAABE_NO_IWM,20,0.5080963969230652
Kemerer,4,FAABE_NO_IWM,21,0.5080963969230652
Kemerer,4,FAABE_NO_IWM,22,0.5080963969230652
Kemerer,4,FAABE_NO_IWM,23,0.5080963969230652
Kemerer,4,FAABE_NO_IWM,24,0.5080963969230652
Kemerer,4,FAABE_NO_IWM,25,0.5080963969230652
Kemerer,4,FAABE_NO_IWM,26,0.5080963969230652
Kemerer,4,FAABE_NO_IWM,27,0.5080963969230652
Kemerer,4,FAABE_NO_IWM,28,0.5080963969230652
Kemerer,4,FAABE_NO_IWM,29,0.5080963969230652
Kemerer,4,FAABE_NO_IWM,30,0.5080963969230652
Kemerer,4,FAABE_NO_IWM,31,0.5080963969230652
Kemerer,4,FAABE_NO_IWM,32,0.5080963969230652
Kemerer,4,FAABE_NO_IWM,33,0.5080963969230652
Kemerer,4,FAABE_NO_IWM,34,0.5080963969230652
Kemerer,4,FAABE_NO_IWM,35,0.5080963969230652
Kemerer,4,FAABE_NO_IWM,36,0.5080963969230652
Kemerer,4,FAABE_NO_IWM,37,0.5080963969230652
Kemerer,4,FAABE_NO_IWM,38,0.5080963969230652
Kemerer,4,FAABE_NO_IWM,39,0.5080963969230652
Kemerer,4,FAABE_NO_IWM,40,0.5080963969230652
Kemerer,4,FAABE_NO_IWM,41,0.5080963969230652
Kemerer,4,FAABE_NO_IWM,42,0.5080963969230652
Kemerer,4,FAABE_NO_IWM,43,0.5080963969230652
Kemerer,4,FAABE_NO_IWM,44,0.5080963969230652
Kemerer,4,FAABE_NO_IWM,45,0.5080963969230652
Kemerer,4,FAABE_NO_IWM,46,0.5080963969230652
Kemerer,4,FAABE_NO_IWM,47,0.5080963969230652
Kemerer,4,FAABE_NO_IWM,48,0.5080963969230652
Kemerer,4,FAABE_NO_IWM,49,0.5080963969230652
Kemerer,4,FAABE_NO_IWM,50,0.5080963969230652
Kemerer,4,FAABE_NO_IWM,51,0.5080963969230652
Kemerer,4,FAABE_NO_IWM,52,0.5080963969230652
Kemerer,4,FAABE_NO_IWM,53,0.5080963969230652
Kemerer,4,FAABE_NO_IWM,54,0.5080963969230652
Kemerer,4,FAABE_NO_IWM,55,0.5080963969230652
Kemerer,4,FAABE_NO_IWM,56,0.5080963969230652
Kemerer,4,FAABE_NO_IWM,57,0.5080963969230652
Kemerer,4,FAABE_NO_IWM,58,0.5080963969230652
Kemerer,4,FAABE_NO_IWM,59,0.5080963969230652
Kemerer,4,FAABE_NO_IWM,60,0.5080963969230652
Kemerer,4,FAABE_NO_IWM,61,0.5080963969230652
Kemerer,4,FAABE_NO_IWM,62,0.5080963969230652
Kemerer,4,FAABE_NO_IWM,63,0.5080963969230652
Kemerer,4,FAABE_NO_IWM,64,0.5080963969230652
Kemerer,4,FAABE_NO_IWM,65,0.5080963969230652
Kemerer,4,FAABE_NO_IWM,66,0.5080963969230652
Kemerer,4,FAABE_NO_IWM,67,0.5080963969230652
Kemerer,4,FAABE_NO_IWM,68,0.5080963969230652
Kemerer,4,FAABE_NO_IWM,69,0.5080963969230652
Kemerer,4,FAABE_NO_IWM,70,0.5080963969230652
Kemerer,4,FAABE_NO_IWM,71,0.5080963969230652
Kemerer,4,FAABE_NO_IWM,72,0.5080963969230652
Kemerer,4,FAABE_NO_IWM,73,0.5080963969230652
Kemerer,4,FAABE_NO_IWM,74,0.5080963969230652
Kemerer,4,FAABE_NO_IWM,75,0.5080963969230652
Kemerer,4,FAABE_NO_IWM,76,0.5080963969230652
Kemerer,4,FAABE_NO_IWM,77,0.5080963969230652
Kemerer,4,FAABE_NO_IWM,78,0.5080963969230652
Kemerer,4,FAABE_NO_IWM,79,0.5080963969230652
Kemerer,4,FAABE_NO_IWM,80,0.5080963969230652
Kemerer,4,FAABE_NO_IWM,81,0.5080963969230652
Kemerer,4,FAABE_NO_IWM,82,0.5080963969230652
Kemerer,4,FAABE_NO_IWM,83,0.5080963969230652
Kemerer,4,FAABE_NO_IWM,84,0.5080963969230652
Kemerer,4,FAABE_NO_IWM,85,0.5080963969230652
Kemerer,4,FAABE_NO_IWM,86,0.5080963969230652
Kemerer,4,FAABE_NO_IWM,87,0.5080963969230652
Kemerer,4,FAABE_NO_IWM,88,0.5080963969230652
Kemerer,4,FAABE_NO_IWM,89,0.5080963969230652
Kemerer,4,FAABE_NO_IWM,90,0.5080963969230652
Kemerer,4,FAABE_NO_IWM,91,0.5080963969230652
Kemerer,4,FAABE_NO_IWM,92,0.5080963969230652
Kemerer,4,FAABE_NO_IWM,93,0.5080963969230652
Kemerer,4,FAABE_NO_IWM,94,0.5080963969230652
Kemerer,4,FAABE_NO_IWM,95,0.5080963969230652
Kemerer,4,FAABE_NO_IWM,96,0.5080963969230652
Kemerer,4,FAABE_NO_IWM,97,0.5080963969230652
Kemerer,4,FAABE_NO_IWM,98,0.5080963969230652
Kemerer,4,FAABE_NO_IWM,99,0.5080963969230652
Kemerer,4,FAABE_NO_IWM,100,0.5080963969230652
Kemerer,4,FAABE_FULL,0,0.592176616191864
Kemerer,4,FAABE_FULL,1,0.5554997324943542
Kemerer,4,FAABE_FULL,2,0.5432802438735962
Kemerer,4,FAABE_FULL,3,0.5348220467567444
Kemerer,4,FAABE_FULL,4,0.5227953791618347
Kemerer,4,FAABE_FULL,5,0.5214012861251831
Kemerer,4,FAABE_FULL,6,0.5199813842773438
Kemerer,4,FAABE_FULL,7,0.5199813842773438
Kemerer,4,FAABE_FULL,8,0.5199813842773438
Kemerer,4,FAABE_FULL,9,0.5199124217033386
Kemerer,4,FAABE_FULL,10,0.5076128840446472
Kemerer,4,FAABE_FULL,11,0.5076128840446472
Kemerer,4,FAABE_FULL,12,0.5076128840446472
Kemerer,4,FAABE_FULL,13,0.5076128840446472
Kemerer,4,FAABE_FULL,14,0.5076128840446472
Kemerer,4,FAABE_FULL,15,0.507513701915741
Kemerer,4,FAABE_FULL,16,0.507513701915741
Kemerer,4,FAABE_FULL,17,0.507513701915741
Kemerer,4,FAABE_FULL,18,0.507513701915741
Kemerer,4,FAABE_FULL,19,0.507513701915741
Kemerer,4,FAABE_FULL,20,0.5059930086135864
Kemerer,4,FAABE_FULL,21,0.5059930086135864
Kemerer,4,FAABE_FULL,22,0.5059930086135864
Kemerer,4,FAABE_FULL,23,0.5059930086135864
Kemerer,4,FAABE_FULL,24,0.5059930086135864
Kemerer,4,FAABE_FULL,25,0.5059930086135864
Kemerer,4,FAABE_FULL,26,0.5059930086135864
Kemerer,4,FAABE_FULL,27,0.5059930086135864
Kemerer,4,FAABE_FULL,28,0.5059930086135864
Kemerer,4,FAABE_FULL,29,0.5059930086135864
Kemerer,4,FAABE_FULL,30,0.5059930086135864
Kemerer,4,FAABE_FULL,31,0.5059930086135864
Kemerer,4,FAABE_FULL,32,0.5059930086135864
Kemerer,4,FAABE_FULL,33,0.5059930086135864
Kemerer,4,FAABE_FULL,34,0.5059930086135864
Kemerer,4,FAABE_FULL,35,0.5059930086135864
Kemerer,4,FAABE_FULL,36,0.5059930086135864
Kemerer,4,FAABE_FULL,37,0.5059930086135864
Kemerer,4,FAABE_FULL,38,0.5059930086135864
Kemerer,4,FAABE_FULL,39,0.5059930086135864
Kemerer,4,FAABE_FULL,40,0.5059930086135864
Kemerer,4,FAABE_FULL,41,0.5059930086135864
Kemerer,4,FAABE_FULL,42,0.5059930086135864
Kemerer,4,FAABE_FULL,43,0.5059930086135864
Kemerer,4,FAABE_FULL,44,0.5059930086135864
Kemerer,4,FAABE_FULL,45,0.5052724480628967
Kemerer,4,FAABE_FULL,46,0.5052724480628967
Kemerer,4,FAABE_FULL,47,0.5052724480628967
Kemerer,4,FAABE_FULL,48,0.5052724480628967
Kemerer,4,FAABE_FULL,49,0.5052724480628967
Kemerer,4,FAABE_FULL,50,0.5052724480628967
Kemerer,4,FAABE_FULL,51,0.5052724480628967
Kemerer,4,FAABE_FULL,52,0.5052724480628967
Kemerer,4,FAABE_FULL,53,0.5052724480628967
Kemerer,4,FAABE_FULL,54,0.5052724480628967
Kemerer,4,FAABE_FULL,55,0.5052724480628967
Kemerer,4,FAABE_FULL,56,0.5052724480628967
Kemerer,4,FAABE_FULL,57,0.5052724480628967
Kemerer,4,FAABE_FULL,58,0.5052724480628967
Kemerer,4,FAABE_FULL,59,0.5052724480628967
Kemerer,4,FAABE_FULL,60,0.5052724480628967
Kemerer,4,FAABE_FULL,61,0.5052724480628967
Kemerer,4,FAABE_FULL,62,0.5052724480628967
Kemerer,4,FAABE_FULL,63,0.5052724480628967
Kemerer,4,FAABE_FULL,64,0.5052724480628967
Kemerer,4,FAABE_FULL,65,0.5052310824394226
Kemerer,4,FAABE_FULL,66,0.5052310824394226
Kemerer,4,FAABE_FULL,67,0.5052310824394226
Kemerer,4,FAABE_FULL,68,0.5052310824394226
Kemerer,4,FAABE_FULL,69,0.5052310824394226
Kemerer,4,FAABE_FULL,70,0.5052310824394226
Kemerer,4,FAABE_FULL,71,0.5052310824394226
Kemerer,4,FAABE_FULL,72,0.5052310824394226
Kemerer,4,FAABE_FULL,73,0.5052310824394226
Kemerer,4,FAABE_FULL,74,0.5052310824394226
Kemerer,4,FAABE_FULL,75,0.5052310824394226
Kemerer,4,FAABE_FULL,76,0.5052310824394226
Kemerer,4,FAABE_FULL,77,0.5052310824394226
Kemerer,4,FAABE_FULL,78,0.5052310824394226
Kemerer,4,FAABE_FULL,79,0.5052310824394226
Kemerer,4,FAABE_FULL,80,0.5052310824394226
Kemerer,4,FAABE_FULL,81,0.5052310824394226
Kemerer,4,FAABE_FULL,82,0.5052310824394226
Kemerer,4,FAABE_FULL,83,0.5052310824394226
Kemerer,4,FAABE_FULL,84,0.5052310824394226
Kemerer,4,FAABE_FULL,85,0.5052310824394226
Kemerer,4,FAABE_FULL,86,0.5052310824394226
Kemerer,4,FAABE_FULL,87,0.5052310824394226
Kemerer,4,FAABE_FULL,88,0.5052310824394226
Kemerer,4,FAABE_FULL,89,0.5052310824394226
Kemerer,4,FAABE_FULL,90,0.5052310824394226
Kemerer,4,FAABE_FULL,91,0.5052310824394226
Kemerer,4,FAABE_FULL,92,0.5052310824394226
Kemerer,4,FAABE_FULL,93,0.5052310824394226
Kemerer,4,FAABE_FULL,94,0.5052310824394226
Kemerer,4,FAABE_FULL,95,0.5052310824394226
Kemerer,4,FAABE_FULL,96,0.5052310824394226
Kemerer,4,FAABE_FULL,97,0.5052310824394226
Kemerer,4,FAABE_FULL,98,0.5052310824394226
Kemerer,4,FAABE_FULL,99,0.5052310824394226
Kemerer,4,FAABE_FULL,100,0.5052310824394226
Kemerer,5,FAABE_NO_PEARSON,0,0.5980492234230042
Kemerer,5,FAABE_NO_PEARSON,1,0.5652130246162415
Kemerer,5,FAABE_NO_PEARSON,2,0.551838219165802
Kemerer,5,FAABE_NO_PEARSON,3,0.551838219165802
Kemerer,5,FAABE_NO_PEARSON,4,0.551838219165802
Kemerer,5,FAABE_NO_PEARSON,5,0.551838219165802
Kemerer,5,FAABE_NO_PEARSON,6,0.551838219165802
Kemerer,5,FAABE_NO_PEARSON,7,0.551838219165802
Kemerer,5,FAABE_NO_PEARSON,8,0.551838219165802
Kemerer,5,FAABE_NO_PEARSON,9,0.5491992235183716
Kemerer,5,FAABE_NO_PEARSON,10,0.5491992235183716
Kemerer,5,FAABE_NO_PEARSON,11,0.5491992235183716
Kemerer,5,FAABE_NO_PEARSON,12,0.5491992235183716
Kemerer,5,FAABE_NO_PEARSON,13,0.549035906791687
Kemerer,5,FAABE_NO_PEARSON,14,0.549035906791687
Kemerer,5,FAABE_NO_PEARSON,15,0.54704350233078
Kemerer,5,FAABE_NO_PEARSON,16,0.54704350233078
Kemerer,5,FAABE_NO_PEARSON,17,0.54704350233078
Kemerer,5,FAABE_NO_PEARSON,18,0.54704350233078
Kemerer,5,FAABE_NO_PEARSON,19,0.54704350233078
Kemerer,5,FAABE_NO_PEARSON,20,0.54704350233078
Kemerer,5,FAABE_NO_PEARSON,21,0.54704350233078
Kemerer,5,FAABE_NO_PEARSON,22,0.54704350233078
Kemerer,5,FAABE_NO_PEARSON,23,0.54704350233078
Kemerer,5,FAABE_NO_PEARSON,24,0.54704350233078
Kemerer,5,FAABE_NO_PEARSON,25,0.54704350233078
Kemerer,5,FAABE_NO_PEARSON,26,0.54704350233078
Kemerer,5,FAABE_NO_PEARSON,27,0.54704350233078
Kemerer,5,FAABE_NO_PEARSON,28,0.54704350233078
Kemerer,5,FAABE_NO_PEARSON,29,0.54704350233078
Kemerer,5,FAABE_NO_PEARSON,30,0.54704350233078
Kemerer,5,FAABE_NO_PEARSON,31,0.54704350233078
Kemerer,5,FAABE_NO_PEARSON,32,0.54704350233078
Kemerer,5,FAABE_NO_PEARSON,33,0.54704350233078
Kemerer,5,FAABE_NO_PEARSON,34,0.54704350233078
Kemerer,5,FAABE_NO_PEARSON,35,0.54704350233078
Kemerer,5,FAABE_NO_PEARSON,36,0.54704350233078
Kemerer,5,FAABE_NO_PEARSON,37,0.54704350233078
Kemerer,5,FAABE_NO_PEARSON,38,0.54704350233078
Kemerer,5,FAABE_NO_PEARSON,39,0.54704350233078
Kemerer,5,FAABE_NO_PEARSON,40,0.54704350233078
Kemerer,5,FAABE_NO_PEARSON,41,0.54704350233078
Kemerer,5,FAABE_NO_PEARSON,42,0.54704350233078
Kemerer,5,FAABE_NO_PEARSON,43,0.54704350233078
Kemerer,5,FAABE_NO_PEARSON,44,0.54704350233078
Kemerer,5,FAABE_NO_PEARSON,45,0.54704350233078
Kemerer,5,FAABE_NO_PEARSON,46,0.54704350233078
Kemerer,5,FAABE_NO_PEARSON,47,0.54704350233078
Kemerer,5,FAABE_NO_PEARSON,48,0.54704350233078
Kemerer,5,FAABE_NO_PEARSON,49,0.54704350233078
Kemerer,5,FAABE_NO_PEARSON,50,0.54704350233078
Kemerer,5,FAABE_NO_PEARSON,51,0.54704350233078
Kemerer,5,FAABE_NO_PEARSON,52,0.54704350233078
Kemerer,5,FAABE_NO_PEARSON,53,0.54704350233078
Kemerer,5,FAABE_NO_PEARSON,54,0.54704350233078
Kemerer,5,FAABE_NO_PEARSON,55,0.54704350233078
Kemerer,5,FAABE_NO_PEARSON,56,0.54704350233078
Kemerer,5,FAABE_NO_PEARSON,57,0.54704350233078
Kemerer,5,FAABE_NO_PEARSON,58,0.54704350233078
Kemerer,5,FAABE_NO_PEARSON,59,0.54704350233078
Kemerer,5,FAABE_NO_PEARSON,60,0.54704350233078
Kemerer,5,FAABE_NO_PEARSON,61,0.54704350233078
Kemerer,5,FAABE_NO_PEARSON,62,0.54704350233078
Kemerer,5,FAABE_NO_PEARSON,63,0.54704350233078
Kemerer,5,FAABE_NO_PEARSON,64,0.54704350233078
Kemerer,5,FAABE_NO_PEARSON,65,0.54704350233078
Kemerer,5,FAABE_NO_PEARSON,66,0.54704350233078
Kemerer,5,FAABE_NO_PEARSON,67,0.54704350233078
Kemerer,5,FAABE_NO_PEARSON,68,0.54704350233078
Kemerer,5,FAABE_NO_PEARSON,69,0.54704350233078
Kemerer,5,FAABE_NO_PEARSON,70,0.54704350233078
Kemerer,5,FAABE_NO_PEARSON,71,0.54704350233078
Kemerer,5,FAABE_NO_PEARSON,72,0.54704350233078
Kemerer,5,FAABE_NO_PEARSON,73,0.54704350233078
Kemerer,5,FAABE_NO_PEARSON,74,0.54704350233078
Kemerer,5,FAABE_NO_PEARSON,75,0.54704350233078
Kemerer,5,FAABE_NO_PEARSON,76,0.54704350233078
Kemerer,5,FAABE_NO_PEARSON,77,0.5430964231491089
Kemerer,5,FAABE_NO_PEARSON,78,0.5430964231491089
Kemerer,5,FAABE_NO_PEARSON,79,0.5430964231491089
Kemerer,5,FAABE_NO_PEARSON,80,0.5430964231491089
Kemerer,5,FAABE_NO_PEARSON,81,0.5430964231491089
Kemerer,5,FAABE_NO_PEARSON,82,0.5430964231491089
Kemerer,5,FAABE_NO_PEARSON,83,0.5430964231491089
Kemerer,5,FAABE_NO_PEARSON,84,0.5430964231491089
Kemerer,5,FAABE_NO_PEARSON,85,0.5430964231491089
Kemerer,5,FAABE_NO_PEARSON,86,0.5430964231491089
Kemerer,5,FAABE_NO_PEARSON,87,0.5430964231491089
Kemerer,5,FAABE_NO_PEARSON,88,0.5430964231491089
Kemerer,5,FAABE_NO_PEARSON,89,0.5430964231491089
Kemerer,5,FAABE_NO_PEARSON,90,0.5430964231491089
Kemerer,5,FAABE_NO_PEARSON,91,0.5430964231491089
Kemerer,5,FAABE_NO_PEARSON,92,0.5430964231491089
Kemerer,5,FAABE_NO_PEARSON,93,0.5430964231491089
Kemerer,5,FAABE_NO_PEARSON,94,0.5430964231491089
Kemerer,5,FAABE_NO_PEARSON,95,0.5430964231491089
Kemerer,5,FAABE_NO_PEARSON,96,0.5430964231491089
Kemerer,5,FAABE_NO_PEARSON,97,0.5430964231491089
Kemerer,5,FAABE_NO_PEARSON,98,0.5430964231491089
Kemerer,5,FAABE_NO_PEARSON,99,0.5430964231491089
Kemerer,5,FAABE_NO_PEARSON,100,0.5430964231491089
Kemerer,5,FAABE_NO_IWM,0,0.5817349553108215
Kemerer,5,FAABE_NO_IWM,1,0.5817349553108215
Kemerer,5,FAABE_NO_IWM,2,0.5817349553108215
Kemerer,5,FAABE_NO_IWM,3,0.5817349553108215
Kemerer,5,FAABE_NO_IWM,4,0.5817349553108215
Kemerer,5,FAABE_NO_IWM,5,0.5817349553108215
Kemerer,5,FAABE_NO_IWM,6,0.5817349553108215
Kemerer,5,FAABE_NO_IWM,7,0.5817349553108215
Kemerer,5,FAABE_NO_IWM,8,0.5817349553108215
Kemerer,5,FAABE_NO_IWM,9,0.5817349553108215
Kemerer,5,FAABE_NO_IWM,10,0.5817349553108215
Kemerer,5,FAABE_NO_IWM,11,0.5817349553108215
Kemerer,5,FAABE_NO_IWM,12,0.5817349553108215
Kemerer,5,FAABE_NO_IWM,13,0.5817349553108215
Kemerer,5,FAABE_NO_IWM,14,0.5817349553108215
Kemerer,5,FAABE_NO_IWM,15,0.5817349553108215
Kemerer,5,FAABE_NO_IWM,16,0.5817349553108215
Kemerer,5,FAABE_NO_IWM,17,0.5817349553108215
Kemerer,5,FAABE_NO_IWM,18,0.5817349553108215
Kemerer,5,FAABE_NO_IWM,19,0.5817349553108215
Kemerer,5,FAABE_NO_IWM,20,0.5817349553108215
Kemerer,5,FAABE_NO_IWM,21,0.5817349553108215
Kemerer,5,FAABE_NO_IWM,22,0.5817349553108215
Kemerer,5,FAABE_NO_IWM,23,0.5817349553108215
Kemerer,5,FAABE_NO_IWM,24,0.5817349553108215
Kemerer,5,FAABE_NO_IWM,25,0.5817349553108215
Kemerer,5,FAABE_NO_IWM,26,0.5817349553108215
Kemerer,5,FAABE_NO_IWM,27,0.5817349553108215
Kemerer,5,FAABE_NO_IWM,28,0.5817349553108215
Kemerer,5,FAABE_NO_IWM,29,0.5817349553108215
Kemerer,5,FAABE_NO_IWM,30,0.5817349553108215
Kemerer,5,FAABE_NO_IWM,31,0.5817349553108215
Kemerer,5,FAABE_NO_IWM,32,0.5817349553108215
Kemerer,5,FAABE_NO_IWM,33,0.5817349553108215
Kemerer,5,FAABE_NO_IWM,34,0.5817349553108215
Kemerer,5,FAABE_NO_IWM,35,0.5817349553108215
Kemerer,5,FAABE_NO_IWM,36,0.5817349553108215
Kemerer,5,FAABE_NO_IWM,37,0.5817349553108215
Kemerer,5,FAABE_NO_IWM,38,0.5817349553108215
Kemerer,5,FAABE_NO_IWM,39,0.5817349553108215
Kemerer,5,FAABE_NO_IWM,40,0.5817349553108215
Kemerer,5,FAABE_NO_IWM,41,0.5817349553108215
Kemerer,5,FAABE_NO_IWM,42,0.5817349553108215
Kemerer,5,FAABE_NO_IWM,43,0.5817349553108215
Kemerer,5,FAABE_NO_IWM,44,0.5817349553108215
Kemerer,5,FAABE_NO_IWM,45,0.5817349553108215
Kemerer,5,FAABE_NO_IWM,46,0.5817349553108215
Kemerer,5,FAABE_NO_IWM,47,0.5817349553108215
Kemerer,5,FAABE_NO_IWM,48,0.5817349553108215
Kemerer,5,FAABE_NO_IWM,49,0.5817349553108215
Kemerer,5,FAABE_NO_IWM,50,0.5817349553108215
Kemerer,5,FAABE_NO_IWM,51,0.5817349553108215
Kemerer,5,FAABE_NO_IWM,52,0.5817349553108215
Kemerer,5,FAABE_NO_IWM,53,0.5817349553108215
Kemerer,5,FAABE_NO_IWM,54,0.5817349553108215
Kemerer,5,FAABE_NO_IWM,55,0.5817349553108215
Kemerer,5,FAABE_NO_IWM,56,0.5817349553108215
Kemerer,5,FAABE_NO_IWM,57,0.5817349553108215
Kemerer,5,FAABE_NO_IWM,58,0.5817349553108215
Kemerer,5,FAABE_NO_IWM,59,0.5817349553108215
Kemerer,5,FAABE_NO_IWM,60,0.5817349553108215
Kemerer,5,FAABE_NO_IWM,61,0.5817349553108215
Kemerer,5,FAABE_NO_IWM,62,0.5817349553108215
Kemerer,5,FAABE_NO_IWM,63,0.5817349553108215
Kemerer,5,FAABE_NO_IWM,64,0.5817349553108215
Kemerer,5,FAABE_NO_IWM,65,0.5817349553108215
Kemerer,5,FAABE_NO_IWM,66,0.5817349553108215
Kemerer,5,FAABE_NO_IWM,67,0.5817349553108215
Kemerer,5,FAABE_NO_IWM,68,0.5817349553108215
Kemerer,5,FAABE_NO_IWM,69,0.5817349553108215
Kemerer,5,FAABE_NO_IWM,70,0.5817349553108215
Kemerer,5,FAABE_NO_IWM,71,0.5817349553108215
Kemerer,5,FAABE_NO_IWM,72,0.5817349553108215
Kemerer,5,FAABE_NO_IWM,73,0.5817349553108215
Kemerer,5,FAABE_NO_IWM,74,0.5817349553108215
Kemerer,5,FAABE_NO_IWM,75,0.5817349553108215
Kemerer,5,FAABE_NO_IWM,76,0.5817349553108215
Kemerer,5,FAABE_NO_IWM,77,0.5817349553108215
Kemerer,5,FAABE_NO_IWM,78,0.5817349553108215
Kemerer,5,FAABE_NO_IWM,79,0.5817349553108215
Kemerer,5,FAABE_NO_IWM,80,0.5817349553108215
Kemerer,5,FAABE_NO_IWM,81,0.5817349553108215
Kemerer,5,FAABE_NO_IWM,82,0.5817349553108215
Kemerer,5,FAABE_NO_IWM,83,0.5817349553108215
Kemerer,5,FAABE_NO_IWM,84,0.5817349553108215
Kemerer,5,FAABE_NO_IWM,85,0.5817349553108215
Kemerer,5,FAABE_NO_IWM,86,0.5817349553108215
Kemerer,5,FAABE_NO_IWM,87,0.5817349553108215
Kemerer,5,FAABE_NO_IWM,88,0.5817349553108215
Kemerer,5,FAABE_NO_IWM,89,0.5817349553108215
Kemerer,5,FAABE_NO_IWM,90,0.5817349553108215
Kemerer,5,FAABE_NO_IWM,91,0.5817349553108215
Kemerer,5,FAABE_NO_IWM,92,0.5817349553108215
Kemerer,5,FAABE_NO_IWM,93,0.5817349553108215
Kemerer,5,FAABE_NO_IWM,94,0.5817349553108215
Kemerer,5,FAABE_NO_IWM,95,0.5817349553108215
Kemerer,5,FAABE_NO_IWM,96,0.5817349553108215
Kemerer,5,FAABE_NO_IWM,97,0.5817349553108215
Kemerer,5,FAABE_NO_IWM,98,0.5817349553108215
Kemerer,5,FAABE_NO_IWM,99,0.5817349553108215
Kemerer,5,FAABE_NO_IWM,100,0.5817349553108215
Kemerer,5,FAABE_FULL,0,0.5773751139640808
Kemerer,5,FAABE_FULL,1,0.5773751139640808
Kemerer,5,FAABE_FULL,2,0.5660897493362427
Kemerer,5,FAABE_FULL,3,0.5660897493362427
Kemerer,5,FAABE_FULL,4,0.5660600066184998
Kemerer,5,FAABE_FULL,5,0.5658351182937622
Kemerer,5,FAABE_FULL,6,0.5658351182937622
Kemerer,5,FAABE_FULL,7,0.5658351182937622
Kemerer,5,FAABE_FULL,8,0.5658351182937622
Kemerer,5,FAABE_FULL,9,0.5658351182937622
Kemerer,5,FAABE_FULL,10,0.5658351182937622
Kemerer,5,FAABE_FULL,11,0.5658351182937622
Kemerer,5,FAABE_FULL,12,0.5657954812049866
Kemerer,5,FAABE_FULL,13,0.5657954812049866
Kemerer,5,FAABE_FULL,14,0.5657954812049866
Kemerer,5,FAABE_FULL,15,0.5657954812049866
Kemerer,5,FAABE_FULL,16,0.5657954812049866
Kemerer,5,FAABE_FULL,17,0.5657954812049866
Kemerer,5,FAABE_FULL,18,0.5657954812049866
Kemerer,5,FAABE_FULL,19,0.5657954812049866
Kemerer,5,FAABE_FULL,20,0.5657954812049866
Kemerer,5,FAABE_FULL,21,0.5657954812049866
Kemerer,5,FAABE_FULL,22,0.5657954812049866
Kemerer,5,FAABE_FULL,23,0.5657954812049866
Kemerer,5,FAABE_FULL,24,0.5657954812049866
Kemerer,5,FAABE_FULL,25,0.5657954812049866
Kemerer,5,FAABE_FULL,26,0.5657954812049866
Kemerer,5,FAABE_FULL,27,0.5657954812049866
Kemerer,5,FAABE_FULL,28,0.5657954812049866
Kemerer,5,FAABE_FULL,29,0.5657954812049866
Kemerer,5,FAABE_FULL,30,0.5657954812049866
Kemerer,5,FAABE_FULL,31,0.5657954812049866
Kemerer,5,FAABE_FULL,32,0.5657488107681274
Kemerer,5,FAABE_FULL,33,0.5657488107681274
Kemerer,5,FAABE_FULL,34,0.5657488107681274
Kemerer,5,FAABE_FULL,35,0.5657488107681274
Kemerer,5,FAABE_FULL,36,0.5657488107681274
Kemerer,5,FAABE_FULL,37,0.5657488107681274
Kemerer,5,FAABE_FULL,38,0.5657488107681274
Kemerer,5,FAABE_FULL,39,0.5657488107681274
Kemerer,5,FAABE_FULL,40,0.5657488107681274
Kemerer,5,FAABE_FULL,41,0.5657488107681274
Kemerer,5,FAABE_FULL,42,0.5657488107681274
Kemerer,5,FAABE_FULL,43,0.5657488107681274
Kemerer,5,FAABE_FULL,44,0.5657488107681274
Kemerer,5,FAABE_FULL,45,0.5657488107681274
Kemerer,5,FAABE_FULL,46,0.5657488107681274
Kemerer,5,FAABE_FULL,47,0.5657488107681274
Kemerer,5,FAABE_FULL,48,0.5657488107681274
Kemerer,5,FAABE_FULL,49,0.5657488107681274
Kemerer,5,FAABE_FULL,50,0.5657488107681274
Kemerer,5,FAABE_FULL,51,0.5657488107681274
Kemerer,5,FAABE_FULL,52,0.5657488107681274
Kemerer,5,FAABE_FULL,53,0.5657488107681274
Kemerer,5,FAABE_FULL,54,0.5657488107681274
Kemerer,5,FAABE_FULL,55,0.5657488107681274
Kemerer,5,FAABE_FULL,56,0.5657488107681274
Kemerer,5,FAABE_FULL,57,0.5657488107681274
Kemerer,5,FAABE_FULL,58,0.5657463073730469
Kemerer,5,FAABE_FULL,59,0.5657463073730469
Kemerer,5,FAABE_FULL,60,0.5657463073730469
Kemerer,5,FAABE_FULL,61,0.5657463073730469
Kemerer,5,FAABE_FULL,62,0.5657463073730469
Kemerer,5,FAABE_FULL,63,0.5657463073730469
Kemerer,5,FAABE_FULL,64,0.5657463073730469
Kemerer,5,FAABE_FULL,65,0.5657105445861816
Kemerer,5,FAABE_FULL,66,0.5657105445861816
Kemerer,5,FAABE_FULL,67,0.5657105445861816
Kemerer,5,FAABE_FULL,68,0.5657105445861816
Kemerer,5,FAABE_FULL,69,0.5657105445861816
Kemerer,5,FAABE_FULL,70,0.5657105445861816
Kemerer,5,FAABE_FULL,71,0.5657105445861816
Kemerer,5,FAABE_FULL,72,0.5657105445861816
Kemerer,5,FAABE_FULL,73,0.5657105445861816
Kemerer,5,FAABE_FULL,74,0.5657105445861816
Kemerer,5,FAABE_FULL,75,0.5657105445861816
Kemerer,5,FAABE_FULL,76,0.5657105445861816
Kemerer,5,FAABE_FULL,77,0.5657105445861816
Kemerer,5,FAABE_FULL,78,0.5657105445861816
Kemerer,5,FAABE_FULL,79,0.5657105445861816
Kemerer,5,FAABE_FULL,80,0.5657105445861816
Kemerer,5,FAABE_FULL,81,0.5657105445861816
Kemerer,5,FAABE_FULL,82,0.5657105445861816
Kemerer,5,FAABE_FULL,83,0.5657105445861816
Kemerer,5,FAABE_FULL,84,0.5657105445861816
Kemerer,5,FAABE_FULL,85,0.5657105445861816
Kemerer,5,FAABE_FULL,86,0.5657105445861816
Kemerer,5,FAABE_FULL,87,0.5657105445861816
Kemerer,5,FAABE_FULL,88,0.5657105445861816
Kemerer,5,FAABE_FULL,89,0.5657105445861816
Kemerer,5,FAABE_FULL,90,0.5657105445861816
Kemerer,5,FAABE_FULL,91,0.5657105445861816
Kemerer,5,FAABE_FULL,92,0.5657105445861816
Kemerer,5,FAABE_FULL,93,0.5657105445861816
Kemerer,5,FAABE_FULL,94,0.5657105445861816
Kemerer,5,FAABE_FULL,95,0.5657105445861816
Kemerer,5,FAABE_FULL,96,0.5657105445861816
Kemerer,5,FAABE_FULL,97,0.5657105445861816
Kemerer,5,FAABE_FULL,98,0.5657105445861816
Kemerer,5,FAABE_FULL,99,0.5657105445861816
Kemerer,5,FAABE_FULL,100,0.5657105445861816
Kemerer,6,FAABE_NO_PEARSON,0,0.6671842932701111
Kemerer,6,FAABE_NO_PEARSON,1,0.631335973739624
Kemerer,6,FAABE_NO_PEARSON,2,0.5954298973083496
Kemerer,6,FAABE_NO_PEARSON,3,0.5885165929794312
Kemerer,6,FAABE_NO_PEARSON,4,0.5880354642868042
Kemerer,6,FAABE_NO_PEARSON,5,0.5748012661933899
Kemerer,6,FAABE_NO_PEARSON,6,0.5748012661933899
Kemerer,6,FAABE_NO_PEARSON,7,0.5660459995269775
Kemerer,6,FAABE_NO_PEARSON,8,0.5660459995269775
Kemerer,6,FAABE_NO_PEARSON,9,0.560731053352356
Kemerer,6,FAABE_NO_PEARSON,10,0.560731053352356
Kemerer,6,FAABE_NO_PEARSON,11,0.560731053352356
Kemerer,6,FAABE_NO_PEARSON,12,0.560731053352356
Kemerer,6,FAABE_NO_PEARSON,13,0.560731053352356
Kemerer,6,FAABE_NO_PEARSON,14,0.560731053352356
Kemerer,6,FAABE_NO_PEARSON,15,0.560731053352356
Kemerer,6,FAABE_NO_PEARSON,16,0.560731053352356
Kemerer,6,FAABE_NO_PEARSON,17,0.560731053352356
Kemerer,6,FAABE_NO_PEARSON,18,0.560731053352356
Kemerer,6,FAABE_NO_PEARSON,19,0.560731053352356
Kemerer,6,FAABE_NO_PEARSON,20,0.560731053352356
Kemerer,6,FAABE_NO_PEARSON,21,0.560731053352356
Kemerer,6,FAABE_NO_PEARSON,22,0.560731053352356
Kemerer,6,FAABE_NO_PEARSON,23,0.560731053352356
Kemerer,6,FAABE_NO_PEARSON,24,0.560731053352356
Kemerer,6,FAABE_NO_PEARSON,25,0.560731053352356
Kemerer,6,FAABE_NO_PEARSON,26,0.560731053352356
Kemerer,6,FAABE_NO_PEARSON,27,0.560731053352356
Kemerer,6,FAABE_NO_PEARSON,28,0.560731053352356
Kemerer,6,FAABE_NO_PEARSON,29,0.560731053352356
Kemerer,6,FAABE_NO_PEARSON,30,0.560731053352356
Kemerer,6,FAABE_NO_PEARSON,31,0.560731053352356
Kemerer,6,FAABE_NO_PEARSON,32,0.560731053352356
Kemerer,6,FAABE_NO_PEARSON,33,0.560731053352356
Kemerer,6,FAABE_NO_PEARSON,34,0.560731053352356
Kemerer,6,FAABE_NO_PEARSON,35,0.560731053352356
Kemerer,6,FAABE_NO_PEARSON,36,0.560731053352356
Kemerer,6,FAABE_NO_PEARSON,37,0.560731053352356
Kemerer,6,FAABE_NO_PEARSON,38,0.560731053352356
Kemerer,6,FAABE_NO_PEARSON,39,0.560731053352356
Kemerer,6,FAABE_NO_PEARSON,40,0.560731053352356
Kemerer,6,FAABE_NO_PEARSON,41,0.560731053352356
Kemerer,6,FAABE_NO_PEARSON,42,0.560731053352356
Kemerer,6,FAABE_NO_PEARSON,43,0.560731053352356
Kemerer,6,FAABE_NO_PEARSON,44,0.560731053352356
Kemerer,6,FAABE_NO_PEARSON,45,0.560731053352356
Kemerer,6,FAABE_NO_PEARSON,46,0.560731053352356
Kemerer,6,FAABE_NO_PEARSON,47,0.560731053352356
Kemerer,6,FAABE_NO_PEARSON,48,0.560731053352356
Kemerer,6,FAABE_NO_PEARSON,49,0.560731053352356
Kemerer,6,FAABE_NO_PEARSON,50,0.560731053352356
Kemerer,6,FAABE_NO_PEARSON,51,0.560731053352356
Kemerer,6,FAABE_NO_PEARSON,52,0.560731053352356
Kemerer,6,FAABE_NO_PEARSON,53,0.560731053352356
Kemerer,6,FAABE_NO_PEARSON,54,0.560731053352356
Kemerer,6,FAABE_NO_PEARSON,55,0.560731053352356
Kemerer,6,FAABE_NO_PEARSON,56,0.560731053352356
Kemerer,6,FAABE_NO_PEARSON,57,0.560731053352356
Kemerer,6,FAABE_NO_PEARSON,58,0.560731053352356
Kemerer,6,FAABE_NO_PEARSON,59,0.560731053352356
Kemerer,6,FAABE_NO_PEARSON,60,0.560731053352356
Kemerer,6,FAABE_NO_PEARSON,61,0.560731053352356
Kemerer,6,FAABE_NO_PEARSON,62,0.560731053352356
Kemerer,6,FAABE_NO_PEARSON,63,0.560731053352356
Kemerer,6,FAABE_NO_PEARSON,64,0.560731053352356
Kemerer,6,FAABE_NO_PEARSON,65,0.560731053352356
Kemerer,6,FAABE_NO_PEARSON,66,0.560731053352356
Kemerer,6,FAABE_NO_PEARSON,67,0.560731053352356
Kemerer,6,FAABE_NO_PEARSON,68,0.560731053352356
Kemerer,6,FAABE_NO_PEARSON,69,0.560731053352356
Kemerer,6,FAABE_NO_PEARSON,70,0.560731053352356
Kemerer,6,FAABE_NO_PEARSON,71,0.560731053352356
Kemerer,6,FAABE_NO_PEARSON,72,0.560731053352356
Kemerer,6,FAABE_NO_PEARSON,73,0.560731053352356
Kemerer,6,FAABE_NO_PEARSON,74,0.560731053352356
Kemerer,6,FAABE_NO_PEARSON,75,0.560731053352356
Kemerer,6,FAABE_NO_PEARSON,76,0.560731053352356
Kemerer,6,FAABE_NO_PEARSON,77,0.560731053352356
Kemerer,6,FAABE_NO_PEARSON,78,0.560731053352356
Kemerer,6,FAABE_NO_PEARSON,79,0.560731053352356
Kemerer,6,FAABE_NO_PEARSON,80,0.560731053352356
Kemerer,6,FAABE_NO_PEARSON,81,0.560731053352356
Kemerer,6,FAABE_NO_PEARSON,82,0.560731053352356
Kemerer,6,FAABE_NO_PEARSON,83,0.560731053352356
Kemerer,6,FAABE_NO_PEARSON,84,0.560731053352356
Kemerer,6,FAABE_NO_PEARSON,85,0.560731053352356
Kemerer,6,FAABE_NO_PEARSON,86,0.560731053352356
Kemerer,6,FAABE_NO_PEARSON,87,0.560731053352356
Kemerer,6,FAABE_NO_PEARSON,88,0.560731053352356
Kemerer,6,FAABE_NO_PEARSON,89,0.560731053352356
Kemerer,6,FAABE_NO_PEARSON,90,0.560731053352356
Kemerer,6,FAABE_NO_PEARSON,91,0.560731053352356
Kemerer,6,FAABE_NO_PEARSON,92,0.560731053352356
Kemerer,6,FAABE_NO_PEARSON,93,0.560731053352356
Kemerer,6,FAABE_NO_PEARSON,94,0.560731053352356
Kemerer,6,FAABE_NO_PEARSON,95,0.560731053352356
Kemerer,6,FAABE_NO_PEARSON,96,0.560731053352356
Kemerer,6,FAABE_NO_PEARSON,97,0.560731053352356
Kemerer,6,FAABE_NO_PEARSON,98,0.560731053352356
Kemerer,6,FAABE_NO_PEARSON,99,0.560731053352356
Kemerer,6,FAABE_NO_PEARSON,100,0.560731053352356
Kemerer,6,FAABE_NO_IWM,0,0.6527868509292603
Kemerer,6,FAABE_NO_IWM,1,0.61119145154953
Kemerer,6,FAABE_NO_IWM,2,0.61119145154953
Kemerer,6,FAABE_NO_IWM,3,0.61119145154953
Kemerer,6,FAABE_NO_IWM,4,0.61119145154953
Kemerer,6,FAABE_NO_IWM,5,0.61119145154953
Kemerer,6,FAABE_NO_IWM,6,0.61119145154953
Kemerer,6,FAABE_NO_IWM,7,0.61119145154953
Kemerer,6,FAABE_NO_IWM,8,0.61119145154953
Kemerer,6,FAABE_NO_IWM,9,0.61119145154953
Kemerer,6,FAABE_NO_IWM,10,0.61119145154953
Kemerer,6,FAABE_NO_IWM,11,0.61119145154953
Kemerer,6,FAABE_NO_IWM,12,0.61119145154953
Kemerer,6,FAABE_NO_IWM,13,0.61119145154953
Kemerer,6,FAABE_NO_IWM,14,0.61119145154953
Kemerer,6,FAABE_NO_IWM,15,0.61119145154953
Kemerer,6,FAABE_NO_IWM,16,0.61119145154953
Kemerer,6,FAABE_NO_IWM,17,0.61119145154953
Kemerer,6,FAABE_NO_IWM,18,0.61119145154953
Kemerer,6,FAABE_NO_IWM,19,0.61119145154953
Kemerer,6,FAABE_NO_IWM,20,0.61119145154953
Kemerer,6,FAABE_NO_IWM,21,0.61119145154953
Kemerer,6,FAABE_NO_IWM,22,0.61119145154953
Kemerer,6,FAABE_NO_IWM,23,0.61119145154953
Kemerer,6,FAABE_NO_IWM,24,0.61119145154953
Kemerer,6,FAABE_NO_IWM,25,0.61119145154953
Kemerer,6,FAABE_NO_IWM,26,0.61119145154953
Kemerer,6,FAABE_NO_IWM,27,0.61119145154953
Kemerer,6,FAABE_NO_IWM,28,0.61119145154953
Kemerer,6,FAABE_NO_IWM,29,0.61119145154953
Kemerer,6,FAABE_NO_IWM,30,0.61119145154953
Kemerer,6,FAABE_NO_IWM,31,0.61119145154953
Kemerer,6,FAABE_NO_IWM,32,0.61119145154953
Kemerer,6,FAABE_NO_IWM,33,0.61119145154953
Kemerer,6,FAABE_NO_IWM,34,0.61119145154953
Kemerer,6,FAABE_NO_IWM,35,0.61119145154953
Kemerer,6,FAABE_NO_IWM,36,0.61119145154953
Kemerer,6,FAABE_NO_IWM,37,0.61119145154953
Kemerer,6,FAABE_NO_IWM,38,0.61119145154953
Kemerer,6,FAABE_NO_IWM,39,0.61119145154953
Kemerer,6,FAABE_NO_IWM,40,0.61119145154953
Kemerer,6,FAABE_NO_IWM,41,0.61119145154953
Kemerer,6,FAABE_NO_IWM,42,0.61119145154953
Kemerer,6,FAABE_NO_IWM,43,0.61119145154953
Kemerer,6,FAABE_NO_IWM,44,0.61119145154953
Kemerer,6,FAABE_NO_IWM,45,0.61119145154953
Kemerer,6,FAABE_NO_IWM,46,0.61119145154953
Kemerer,6,FAABE_NO_IWM,47,0.61119145154953
Kemerer,6,FAABE_NO_IWM,48,0.61119145154953
Kemerer,6,FAABE_NO_IWM,49,0.61119145154953
Kemerer,6,FAABE_NO_IWM,50,0.61119145154953
Kemerer,6,FAABE_NO_IWM,51,0.61119145154953
Kemerer,6,FAABE_NO_IWM,52,0.61119145154953
Kemerer,6,FAABE_NO_IWM,53,0.61119145154953
Kemerer,6,FAABE_NO_IWM,54,0.61119145154953
Kemerer,6,FAABE_NO_IWM,55,0.61119145154953
Kemerer,6,FAABE_NO_IWM,56,0.61119145154953
Kemerer,6,FAABE_NO_IWM,57,0.61119145154953
Kemerer,6,FAABE_NO_IWM,58,0.61119145154953
Kemerer,6,FAABE_NO_IWM,59,0.61119145154953
Kemerer,6,FAABE_NO_IWM,60,0.61119145154953
Kemerer,6,FAABE_NO_IWM,61,0.61119145154953
Kemerer,6,FAABE_NO_IWM,62,0.61119145154953
Kemerer,6,FAABE_NO_IWM,63,0.61119145154953
Kemerer,6,FAABE_NO_IWM,64,0.61119145154953
Kemerer,6,FAABE_NO_IWM,65,0.61119145154953
Kemerer,6,FAABE_NO_IWM,66,0.61119145154953
Kemerer,6,FAABE_NO_IWM,67,0.61119145154953
Kemerer,6,FAABE_NO_IWM,68,0.61119145154953
Kemerer,6,FAABE_NO_IWM,69,0.61119145154953
Kemerer,6,FAABE_NO_IWM,70,0.61119145154953
Kemerer,6,FAABE_NO_IWM,71,0.61119145154953
Kemerer,6,FAABE_NO_IWM,72,0.61119145154953
Kemerer,6,FAABE_NO_IWM,73,0.61119145154953
Kemerer,6,FAABE_NO_IWM,74,0.61119145154953
Kemerer,6,FAABE_NO_IWM,75,0.61119145154953
Kemerer,6,FAABE_NO_IWM,76,0.61119145154953
Kemerer,6,FAABE_NO_IWM,77,0.61119145154953
Kemerer,6,FAABE_NO_IWM,78,0.61119145154953
Kemerer,6,FAABE_NO_IWM,79,0.61119145154953
Kemerer,6,FAABE_NO_IWM,80,0.61119145154953
Kemerer,6,FAABE_NO_IWM,81,0.61119145154953
Kemerer,6,FAABE_NO_IWM,82,0.61119145154953
Kemerer,6,FAABE_NO_IWM,83,0.61119145154953
Kemerer,6,FAABE_NO_IWM,84,0.61119145154953
Kemerer,6,FAABE_NO_IWM,85,0.61119145154953
Kemerer,6,FAABE_NO_IWM,86,0.61119145154953
Kemerer,6,FAABE_NO_IWM,87,0.61119145154953
Kemerer,6,FAABE_NO_IWM,88,0.61119145154953
Kemerer,6,FAABE_NO_IWM,89,0.61119145154953
Kemerer,6,FAABE_NO_IWM,90,0.61119145154953
Kemerer,6,FAABE_NO_IWM,91,0.61119145154953
Kemerer,6,FAABE_NO_IWM,92,0.61119145154953
Kemerer,6,FAABE_NO_IWM,93,0.61119145154953
Kemerer,6,FAABE_NO_IWM,94,0.61119145154953
Kemerer,6,FAABE_NO_IWM,95,0.61119145154953
Kemerer,6,FAABE_NO_IWM,96,0.61119145154953
Kemerer,6,FAABE_NO_IWM,97,0.61119145154953
Kemerer,6,FAABE_NO_IWM,98,0.61119145154953
Kemerer,6,FAABE_NO_IWM,99,0.61119145154953
Kemerer,6,FAABE_NO_IWM,100,0.61119145154953
Kemerer,6,FAABE_FULL,0,0.6101042628288269
Kemerer,6,FAABE_FULL,1,0.6001996994018555
Kemerer,6,FAABE_FULL,2,0.6001996994018555
Kemerer,6,FAABE_FULL,3,0.5995136499404907
Kemerer,6,FAABE_FULL,4,0.5995136499404907
Kemerer,6,FAABE_FULL,5,0.5995136499404907
Kemerer,6,FAABE_FULL,6,0.598613440990448
Kemerer,6,FAABE_FULL,7,0.598613440990448
Kemerer,6,FAABE_FULL,8,0.598613440990448
Kemerer,6,FAABE_FULL,9,0.598613440990448
Kemerer,6,FAABE_FULL,10,0.5979751944541931
Kemerer,6,FAABE_FULL,11,0.5979751944541931
Kemerer,6,FAABE_FULL,12,0.5979751944541931
Kemerer,6,FAABE_FULL,13,0.5979751944541931
Kemerer,6,FAABE_FULL,14,0.5979751944541931
Kemerer,6,FAABE_FULL,15,0.59712153673172
Kemerer,6,FAABE_FULL,16,0.59712153673172
Kemerer,6,FAABE_FULL,17,0.59712153673172
Kemerer,6,FAABE_FULL,18,0.59712153673172
Kemerer,6,FAABE_FULL,19,0.59712153673172
Kemerer,6,FAABE_FULL,20,0.5956487059593201
Kemerer,6,FAABE_FULL,21,0.5956487059593201
Kemerer,6,FAABE_FULL,22,0.5956487059593201
Kemerer,6,FAABE_FULL,23,0.5956487059593201
Kemerer,6,FAABE_FULL,24,0.5956487059593201
Kemerer,6,FAABE_FULL,25,0.5956487059593201
Kemerer,6,FAABE_FULL,26,0.5956487059593201
Kemerer,6,FAABE_FULL,27,0.5956487059593201
Kemerer,6,FAABE_FULL,28,0.5956487059593201
Kemerer,6,FAABE_FULL,29,0.5956487059593201
Kemerer,6,FAABE_FULL,30,0.5956487059593201
Kemerer,6,FAABE_FULL,31,0.5956487059593201
Kemerer,6,FAABE_FULL,32,0.5956487059593201
Kemerer,6,FAABE_FULL,33,0.5956487059593201
Kemerer,6,FAABE_FULL,34,0.5956487059593201
Kemerer,6,FAABE_FULL,35,0.5956487059593201
Kemerer,6,FAABE_FULL,36,0.5956487059593201
Kemerer,6,FAABE_FULL,37,0.5956487059593201
Kemerer,6,FAABE_FULL,38,0.5956487059593201
Kemerer,6,FAABE_FULL,39,0.5956487059593201
Kemerer,6,FAABE_FULL,40,0.5956487059593201
Kemerer,6,FAABE_FULL,41,0.5956487059593201
Kemerer,6,FAABE_FULL,42,0.5956487059593201
Kemerer,6,FAABE_FULL,43,0.5956487059593201
Kemerer,6,FAABE_FULL,44,0.5956487059593201
Kemerer,6,FAABE_FULL,45,0.5956487059593201
Kemerer,6,FAABE_FULL,46,0.5956487059593201
Kemerer,6,FAABE_FULL,47,0.5956487059593201
Kemerer,6,FAABE_FULL,48,0.5956487059593201
Kemerer,6,FAABE_FULL,49,0.5956487059593201
Kemerer,6,FAABE_FULL,50,0.5956487059593201
Kemerer,6,FAABE_FULL,51,0.5956487059593201
Kemerer,6,FAABE_FULL,52,0.5956487059593201
Kemerer,6,FAABE_FULL,53,0.5956487059593201
Kemerer,6,FAABE_FULL,54,0.5956487059593201
Kemerer,6,FAABE_FULL,55,0.5956487059593201
Kemerer,6,FAABE_FULL,56,0.5956487059593201
Kemerer,6,FAABE_FULL,57,0.5956487059593201
Kemerer,6,FAABE_FULL,58,0.5956487059593201
Kemerer,6,FAABE_FULL,59,0.5956487059593201
Kemerer,6,FAABE_FULL,60,0.5956487059593201
Kemerer,6,FAABE_FULL,61,0.5956487059593201
Kemerer,6,FAABE_FULL,62,0.5956487059593201
Kemerer,6,FAABE_FULL,63,0.5956487059593201
Kemerer,6,FAABE_FULL,64,0.5956487059593201
Kemerer,6,FAABE_FULL,65,0.5956487059593201
Kemerer,6,FAABE_FULL,66,0.5956487059593201
Kemerer,6,FAABE_FULL,67,0.5956487059593201
Kemerer,6,FAABE_FULL,68,0.5956487059593201
Kemerer,6,FAABE_FULL,69,0.5956487059593201
Kemerer,6,FAABE_FULL,70,0.5956487059593201
Kemerer,6,FAABE_FULL,71,0.5956487059593201
Kemerer,6,FAABE_FULL,72,0.5956487059593201
Kemerer,6,FAABE_FULL,73,0.5956487059593201
Kemerer,6,FAABE_FULL,74,0.5956487059593201
Kemerer,6,FAABE_FULL,75,0.5956487059593201
Kemerer,6,FAABE_FULL,76,0.5956487059593201
Kemerer,6,FAABE_FULL,77,0.5956487059593201
Kemerer,6,FAABE_FULL,78,0.5956487059593201
Kemerer,6,FAABE_FULL,79,0.5956487059593201
Kemerer,6,FAABE_FULL,80,0.5956487059593201
Kemerer,6,FAABE_FULL,81,0.5956487059593201
Kemerer,6,FAABE_FULL,82,0.5956487059593201
Kemerer,6,FAABE_FULL,83,0.5956487059593201
Kemerer,6,FAABE_FULL,84,0.5956487059593201
Kemerer,6,FAABE_FULL,85,0.5956487059593201
Kemerer,6,FAABE_FULL,86,0.5956487059593201
Kemerer,6,FAABE_FULL,87,0.5956487059593201
Kemerer,6,FAABE_FULL,88,0.5956487059593201
Kemerer,6,FAABE_FULL,89,0.5956487059593201
Kemerer,6,FAABE_FULL,90,0.5956487059593201
Kemerer,6,FAABE_FULL,91,0.5956487059593201
Kemerer,6,FAABE_FULL,92,0.5956487059593201
Kemerer,6,FAABE_FULL,93,0.5956487059593201
Kemerer,6,FAABE_FULL,94,0.5956487059593201
Kemerer,6,FAABE_FULL,95,0.5956487059593201
Kemerer,6,FAABE_FULL,96,0.5956487059593201
Kemerer,6,FAABE_FULL,97,0.5956487059593201
Kemerer,6,FAABE_FULL,98,0.5956487059593201
Kemerer,6,FAABE_FULL,99,0.5956487059593201
Kemerer,6,FAABE_FULL,100,0.5956487059593201
Kemerer,7,FAABE_NO_PEARSON,0,0.5725810527801514
Kemerer,7,FAABE_NO_PEARSON,1,0.5438935160636902
Kemerer,7,FAABE_NO_PEARSON,2,0.5376433730125427
Kemerer,7,FAABE_NO_PEARSON,3,0.5376433730125427
Kemerer,7,FAABE_NO_PEARSON,4,0.5376433730125427
Kemerer,7,FAABE_NO_PEARSON,5,0.5376433730125427
Kemerer,7,FAABE_NO_PEARSON,6,0.5315110087394714
Kemerer,7,FAABE_NO_PEARSON,7,0.5315110087394714
Kemerer,7,FAABE_NO_PEARSON,8,0.5315110087394714
Kemerer,7,FAABE_NO_PEARSON,9,0.5315110087394714
Kemerer,7,FAABE_NO_PEARSON,10,0.5315110087394714
Kemerer,7,FAABE_NO_PEARSON,11,0.5315110087394714
Kemerer,7,FAABE_NO_PEARSON,12,0.5315110087394714
Kemerer,7,FAABE_NO_PEARSON,13,0.5315110087394714
Kemerer,7,FAABE_NO_PEARSON,14,0.5315110087394714
Kemerer,7,FAABE_NO_PEARSON,15,0.5315110087394714
Kemerer,7,FAABE_NO_PEARSON,16,0.5315110087394714
Kemerer,7,FAABE_NO_PEARSON,17,0.5315110087394714
Kemerer,7,FAABE_NO_PEARSON,18,0.5315110087394714
Kemerer,7,FAABE_NO_PEARSON,19,0.5315110087394714
Kemerer,7,FAABE_NO_PEARSON,20,0.5315110087394714
Kemerer,7,FAABE_NO_PEARSON,21,0.5315110087394714
Kemerer,7,FAABE_NO_PEARSON,22,0.5315110087394714
Kemerer,7,FAABE_NO_PEARSON,23,0.5315110087394714
Kemerer,7,FAABE_NO_PEARSON,24,0.5315110087394714
Kemerer,7,FAABE_NO_PEARSON,25,0.5315110087394714
Kemerer,7,FAABE_NO_PEARSON,26,0.5315110087394714
Kemerer,7,FAABE_NO_PEARSON,27,0.5315110087394714
Kemerer,7,FAABE_NO_PEARSON,28,0.5315110087394714
Kemerer,7,FAABE_NO_PEARSON,29,0.5315110087394714
Kemerer,7,FAABE_NO_PEARSON,30,0.5315110087394714
Kemerer,7,FAABE_NO_PEARSON,31,0.5315110087394714
Kemerer,7,FAABE_NO_PEARSON,32,0.5315110087394714
Kemerer,7,FAABE_NO_PEARSON,33,0.5315110087394714
Kemerer,7,FAABE_NO_PEARSON,34,0.5315110087394714
Kemerer,7,FAABE_NO_PEARSON,35,0.5315110087394714
Kemerer,7,FAABE_NO_PEARSON,36,0.5315110087394714
Kemerer,7,FAABE_NO_PEARSON,37,0.5315110087394714
Kemerer,7,FAABE_NO_PEARSON,38,0.5315110087394714
Kemerer,7,FAABE_NO_PEARSON,39,0.5315110087394714
Kemerer,7,FAABE_NO_PEARSON,40,0.5315110087394714
Kemerer,7,FAABE_NO_PEARSON,41,0.5315110087394714
Kemerer,7,FAABE_NO_PEARSON,42,0.5315110087394714
Kemerer,7,FAABE_NO_PEARSON,43,0.5315110087394714
Kemerer,7,FAABE_NO_PEARSON,44,0.5315110087394714
Kemerer,7,FAABE_NO_PEARSON,45,0.5315110087394714
Kemerer,7,FAABE_NO_PEARSON,46,0.5315110087394714
Kemerer,7,FAABE_NO_PEARSON,47,0.5315110087394714
Kemerer,7,FAABE_NO_PEARSON,48,0.5315110087394714
Kemerer,7,FAABE_NO_PEARSON,49,0.5315110087394714
Kemerer,7,FAABE_NO_PEARSON,50,0.5315110087394714
Kemerer,7,FAABE_NO_PEARSON,51,0.5315110087394714
Kemerer,7,FAABE_NO_PEARSON,52,0.5315110087394714
Kemerer,7,FAABE_NO_PEARSON,53,0.5315110087394714
Kemerer,7,FAABE_NO_PEARSON,54,0.5315110087394714
Kemerer,7,FAABE_NO_PEARSON,55,0.5315110087394714
Kemerer,7,FAABE_NO_PEARSON,56,0.5315110087394714
Kemerer,7,FAABE_NO_PEARSON,57,0.5315110087394714
Kemerer,7,FAABE_NO_PEARSON,58,0.5315110087394714
Kemerer,7,FAABE_NO_PEARSON,59,0.5315110087394714
Kemerer,7,FAABE_NO_PEARSON,60,0.5315110087394714
Kemerer,7,FAABE_NO_PEARSON,61,0.5315110087394714
Kemerer,7,FAABE_NO_PEARSON,62,0.5315110087394714
Kemerer,7,FAABE_NO_PEARSON,63,0.5315110087394714
Kemerer,7,FAABE_NO_PEARSON,64,0.5315110087394714
Kemerer,7,FAABE_NO_PEARSON,65,0.5315110087394714
Kemerer,7,FAABE_NO_PEARSON,66,0.5315110087394714
Kemerer,7,FAABE_NO_PEARSON,67,0.5315110087394714
Kemerer,7,FAABE_NO_PEARSON,68,0.5315110087394714
Kemerer,7,FAABE_NO_PEARSON,69,0.5315110087394714
Kemerer,7,FAABE_NO_PEARSON,70,0.5315110087394714
Kemerer,7,FAABE_NO_PEARSON,71,0.5315110087394714
Kemerer,7,FAABE_NO_PEARSON,72,0.5315110087394714
Kemerer,7,FAABE_NO_PEARSON,73,0.5315110087394714
Kemerer,7,FAABE_NO_PEARSON,74,0.5315110087394714
Kemerer,7,FAABE_NO_PEARSON,75,0.5315110087394714
Kemerer,7,FAABE_NO_PEARSON,76,0.5315110087394714
Kemerer,7,FAABE_NO_PEARSON,77,0.5315110087394714
Kemerer,7,FAABE_NO_PEARSON,78,0.5315110087394714
Kemerer,7,FAABE_NO_PEARSON,79,0.5315110087394714
Kemerer,7,FAABE_NO_PEARSON,80,0.5315110087394714
Kemerer,7,FAABE_NO_PEARSON,81,0.5315110087394714
Kemerer,7,FAABE_NO_PEARSON,82,0.5315110087394714
Kemerer,7,FAABE_NO_PEARSON,83,0.5315110087394714
Kemerer,7,FAABE_NO_PEARSON,84,0.5315110087394714
Kemerer,7,FAABE_NO_PEARSON,85,0.5315110087394714
Kemerer,7,FAABE_NO_PEARSON,86,0.5315110087394714
Kemerer,7,FAABE_NO_PEARSON,87,0.5315110087394714
Kemerer,7,FAABE_NO_PEARSON,88,0.5315110087394714
Kemerer,7,FAABE_NO_PEARSON,89,0.5315110087394714
Kemerer,7,FAABE_NO_PEARSON,90,0.5315110087394714
Kemerer,7,FAABE_NO_PEARSON,91,0.5315110087394714
Kemerer,7,FAABE_NO_PEARSON,92,0.5315110087394714
Kemerer,7,FAABE_NO_PEARSON,93,0.5315110087394714
Kemerer,7,FAABE_NO_PEARSON,94,0.5315110087394714
Kemerer,7,FAABE_NO_PEARSON,95,0.5315110087394714
Kemerer,7,FAABE_NO_PEARSON,96,0.5315110087394714
Kemerer,7,FAABE_NO_PEARSON,97,0.5315110087394714
Kemerer,7,FAABE_NO_PEARSON,98,0.5315110087394714
Kemerer,7,FAABE_NO_PEARSON,99,0.5315110087394714
Kemerer,7,FAABE_NO_PEARSON,100,0.5315110087394714
Kemerer,7,FAABE_NO_IWM,0,0.6348294615745544
Kemerer,7,FAABE_NO_IWM,1,0.6141587495803833
Kemerer,7,FAABE_NO_IWM,2,0.5601018667221069
Kemerer,7,FAABE_NO_IWM,3,0.5601018667221069
Kemerer,7,FAABE_NO_IWM,4,0.5601018667221069
Kemerer,7,FAABE_NO_IWM,5,0.5601018667221069
Kemerer,7,FAABE_NO_IWM,6,0.5601018667221069
Kemerer,7,FAABE_NO_IWM,7,0.5601018667221069
Kemerer,7,FAABE_NO_IWM,8,0.5601018667221069
Kemerer,7,FAABE_NO_IWM,9,0.5601018667221069
Kemerer,7,FAABE_NO_IWM,10,0.5601018667221069
Kemerer,7,FAABE_NO_IWM,11,0.5601018667221069
Kemerer,7,FAABE_NO_IWM,12,0.5601018667221069
Kemerer,7,FAABE_NO_IWM,13,0.5601018667221069
Kemerer,7,FAABE_NO_IWM,14,0.5601018667221069
Kemerer,7,FAABE_NO_IWM,15,0.5601018667221069
Kemerer,7,FAABE_NO_IWM,16,0.5601018667221069
Kemerer,7,FAABE_NO_IWM,17,0.5601018667221069
Kemerer,7,FAABE_NO_IWM,18,0.5601018667221069
Kemerer,7,FAABE_NO_IWM,19,0.5601018667221069
Kemerer,7,FAABE_NO_IWM,20,0.5601018667221069
Kemerer,7,FAABE_NO_IWM,21,0.5601018667221069
Kemerer,7,FAABE_NO_IWM,22,0.5601018667221069
Kemerer,7,FAABE_NO_IWM,23,0.5601018667221069
Kemerer,7,FAABE_NO_IWM,24,0.5601018667221069
Kemerer,7,FAABE_NO_IWM,25,0.5601018667221069
Kemerer,7,FAABE_NO_IWM,26,0.5601018667221069
Kemerer,7,FAABE_NO_IWM,27,0.5601018667221069
Kemerer,7,FAABE_NO_IWM,28,0.5601018667221069
Kemerer,7,FAABE_NO_IWM,29,0.5601018667221069
Kemerer,7,FAABE_NO_IWM,30,0.5601018667221069
Kemerer,7,FAABE_NO_IWM,31,0.5601018667221069
Kemerer,7,FAABE_NO_IWM,32,0.5601018667221069
Kemerer,7,FAABE_NO_IWM,33,0.5601018667221069
Kemerer,7,FAABE_NO_IWM,34,0.5601018667221069
Kemerer,7,FAABE_NO_IWM,35,0.5601018667221069
Kemerer,7,FAABE_NO_IWM,36,0.5601018667221069
Kemerer,7,FAABE_NO_IWM,37,0.5601018667221069
Kemerer,7,FAABE_NO_IWM,38,0.5601018667221069
Kemerer,7,FAABE_NO_IWM,39,0.5601018667221069
Kemerer,7,FAABE_NO_IWM,40,0.5601018667221069
Kemerer,7,FAABE_NO_IWM,41,0.5601018667221069
Kemerer,7,FAABE_NO_IWM,42,0.5601018667221069
Kemerer,7,FAABE_NO_IWM,43,0.5601018667221069
Kemerer,7,FAABE_NO_IWM,44,0.5601018667221069
Kemerer,7,FAABE_NO_IWM,45,0.5601018667221069
Kemerer,7,FAABE_NO_IWM,46,0.5601018667221069
Kemerer,7,FAABE_NO_IWM,47,0.5601018667221069
Kemerer,7,FAABE_NO_IWM,48,0.5601018667221069
Kemerer,7,FAABE_NO_IWM,49,0.5601018667221069
Kemerer,7,FAABE_NO_IWM,50,0.5601018667221069
Kemerer,7,FAABE_NO_IWM,51,0.5601018667221069
Kemerer,7,FAABE_NO_IWM,52,0.5601018667221069
Kemerer,7,FAABE_NO_IWM,53,0.5601018667221069
Kemerer,7,FAABE_NO_IWM,54,0.5601018667221069
Kemerer,7,FAABE_NO_IWM,55,0.5601018667221069
Kemerer,7,FAABE_NO_IWM,56,0.5601018667221069
Kemerer,7,FAABE_NO_IWM,57,0.5601018667221069
Kemerer,7,FAABE_NO_IWM,58,0.5601018667221069
Kemerer,7,FAABE_NO_IWM,59,0.5601018667221069
Kemerer,7,FAABE_NO_IWM,60,0.5601018667221069
Kemerer,7,FAABE_NO_IWM,61,0.5601018667221069
Kemerer,7,FAABE_NO_IWM,62,0.5601018667221069
Kemerer,7,FAABE_NO_IWM,63,0.5601018667221069
Kemerer,7,FAABE_NO_IWM,64,0.5601018667221069
Kemerer,7,FAABE_NO_IWM,65,0.5601018667221069
Kemerer,7,FAABE_NO_IWM,66,0.5601018667221069
Kemerer,7,FAABE_NO_IWM,67,0.5601018667221069
Kemerer,7,FAABE_NO_IWM,68,0.5601018667221069
Kemerer,7,FAABE_NO_IWM,69,0.5601018667221069
Kemerer,7,FAABE_NO_IWM,70,0.5601018667221069
Kemerer,7,FAABE_NO_IWM,71,0.5601018667221069
Kemerer,7,FAABE_NO_IWM,72,0.5601018667221069
Kemerer,7,FAABE_NO_IWM,73,0.5601018667221069
Kemerer,7,FAABE_NO_IWM,74,0.5601018667221069
Kemerer,7,FAABE_NO_IWM,75,0.5601018667221069
Kemerer,7,FAABE_NO_IWM,76,0.5601018667221069
Kemerer,7,FAABE_NO_IWM,77,0.5601018667221069
Kemerer,7,FAABE_NO_IWM,78,0.5601018667221069
Kemerer,7,FAABE_NO_IWM,79,0.5601018667221069
Kemerer,7,FAABE_NO_IWM,80,0.5601018667221069
Kemerer,7,FAABE_NO_IWM,81,0.5601018667221069
Kemerer,7,FAABE_NO_IWM,82,0.5601018667221069
Kemerer,7,FAABE_NO_IWM,83,0.5601018667221069
Kemerer,7,FAABE_NO_IWM,84,0.5601018667221069
Kemerer,7,FAABE_NO_IWM,85,0.5601018667221069
Kemerer,7,FAABE_NO_IWM,86,0.5601018667221069
Kemerer,7,FAABE_NO_IWM,87,0.5601018667221069
Kemerer,7,FAABE_NO_IWM,88,0.5601018667221069
Kemerer,7,FAABE_NO_IWM,89,0.5601018667221069
Kemerer,7,FAABE_NO_IWM,90,0.5601018667221069
Kemerer,7,FAABE_NO_IWM,91,0.5601018667221069
Kemerer,7,FAABE_NO_IWM,92,0.5601018667221069
Kemerer,7,FAABE_NO_IWM,93,0.5601018667221069
Kemerer,7,FAABE_NO_IWM,94,0.5601018667221069
Kemerer,7,FAABE_NO_IWM,95,0.5601018667221069
Kemerer,7,FAABE_NO_IWM,96,0.5601018667221069
Kemerer,7,FAABE_NO_IWM,97,0.5601018667221069
Kemerer,7,FAABE_NO_IWM,98,0.5601018667221069
Kemerer,7,FAABE_NO_IWM,99,0.5601018667221069
Kemerer,7,FAABE_NO_IWM,100,0.5601018667221069
Kemerer,7,FAABE_FULL,0,0.6491485834121704
Kemerer,7,FAABE_FULL,1,0.6230940222740173
Kemerer,7,FAABE_FULL,2,0.618931770324707
Kemerer,7,FAABE_FULL,3,0.5714151859283447
Kemerer,7,FAABE_FULL,4,0.5701135396957397
Kemerer,7,FAABE_FULL,5,0.5701135396957397
Kemerer,7,FAABE_FULL,6,0.5701135396957397
Kemerer,7,FAABE_FULL,7,0.5701135396957397
Kemerer,7,FAABE_FULL,8,0.5701135396957397
Kemerer,7,FAABE_FULL,9,0.5701135396957397
Kemerer,7,FAABE_FULL,10,0.5701135396957397
Kemerer,7,FAABE_FULL,11,0.5701135396957397
Kemerer,7,FAABE_FULL,12,0.5701135396957397
Kemerer,7,FAABE_FULL,13,0.5701135396957397
Kemerer,7,FAABE_FULL,14,0.5701135396957397
Kemerer,7,FAABE_FULL,15,0.5701135396957397
Kemerer,7,FAABE_FULL,16,0.5701135396957397
Kemerer,7,FAABE_FULL,17,0.5701135396957397
Kemerer,7,FAABE_FULL,18,0.5701135396957397
Kemerer,7,FAABE_FULL,19,0.5701135396957397
Kemerer,7,FAABE_FULL,20,0.5701135396957397
Kemerer,7,FAABE_FULL,21,0.5701135396957397
Kemerer,7,FAABE_FULL,22,0.5701135396957397
Kemerer,7,FAABE_FULL,23,0.5701135396957397
Kemerer,7,FAABE_FULL,24,0.5701135396957397
Kemerer,7,FAABE_FULL,25,0.5701135396957397
Kemerer,7,FAABE_FULL,26,0.5701135396957397
Kemerer,7,FAABE_FULL,27,0.5701135396957397
Kemerer,7,FAABE_FULL,28,0.5701135396957397
Kemerer,7,FAABE_FULL,29,0.5701135396957397
Kemerer,7,FAABE_FULL,30,0.5701135396957397
Kemerer,7,FAABE_FULL,31,0.5701135396957397
Kemerer,7,FAABE_FULL,32,0.5701033473014832
Kemerer,7,FAABE_FULL,33,0.5700424313545227
Kemerer,7,FAABE_FULL,34,0.5700424313545227
Kemerer,7,FAABE_FULL,35,0.5700424313545227
Kemerer,7,FAABE_FULL,36,0.5700424313545227
Kemerer,7,FAABE_FULL,37,0.5700424313545227
Kemerer,7,FAABE_FULL,38,0.5700424313545227
Kemerer,7,FAABE_FULL,39,0.5700424313545227
Kemerer,7,FAABE_FULL,40,0.5700424313545227
Kemerer,7,FAABE_FULL,41,0.5700424313545227
Kemerer,7,FAABE_FULL,42,0.5700424313545227
Kemerer,7,FAABE_FULL,43,0.5700424313545227
Kemerer,7,FAABE_FULL,44,0.5700424313545227
Kemerer,7,FAABE_FULL,45,0.5700424313545227
Kemerer,7,FAABE_FULL,46,0.5700424313545227
Kemerer,7,FAABE_FULL,47,0.5700424313545227
Kemerer,7,FAABE_FULL,48,0.5700424313545227
Kemerer,7,FAABE_FULL,49,0.5700424313545227
Kemerer,7,FAABE_FULL,50,0.5700424313545227
Kemerer,7,FAABE_FULL,51,0.5700424313545227
Kemerer,7,FAABE_FULL,52,0.5700424313545227
Kemerer,7,FAABE_FULL,53,0.5700424313545227
Kemerer,7,FAABE_FULL,54,0.5700424313545227
Kemerer,7,FAABE_FULL,55,0.5700424313545227
Kemerer,7,FAABE_FULL,56,0.5700424313545227
Kemerer,7,FAABE_FULL,57,0.5700424313545227
Kemerer,7,FAABE_FULL,58,0.5700424313545227
Kemerer,7,FAABE_FULL,59,0.5700424313545227
Kemerer,7,FAABE_FULL,60,0.5700424313545227
Kemerer,7,FAABE_FULL,61,0.5700424313545227
Kemerer,7,FAABE_FULL,62,0.5700424313545227
Kemerer,7,FAABE_FULL,63,0.5700424313545227
Kemerer,7,FAABE_FULL,64,0.5700424313545227
Kemerer,7,FAABE_FULL,65,0.5700424313545227
Kemerer,7,FAABE_FULL,66,0.5700424313545227
Kemerer,7,FAABE_FULL,67,0.5700424313545227
Kemerer,7,FAABE_FULL,68,0.5700424313545227
Kemerer,7,FAABE_FULL,69,0.5700424313545227
Kemerer,7,FAABE_FULL,70,0.5700424313545227
Kemerer,7,FAABE_FULL,71,0.5700424313545227
Kemerer,7,FAABE_FULL,72,0.5700424313545227
Kemerer,7,FAABE_FULL,73,0.5700424313545227
Kemerer,7,FAABE_FULL,74,0.5700424313545227
Kemerer,7,FAABE_FULL,75,0.5700424313545227
Kemerer,7,FAABE_FULL,76,0.5700424313545227
Kemerer,7,FAABE_FULL,77,0.5700424313545227
Kemerer,7,FAABE_FULL,78,0.5700424313545227
Kemerer,7,FAABE_FULL,79,0.5700424313545227
Kemerer,7,FAABE_FULL,80,0.5700424313545227
Kemerer,7,FAABE_FULL,81,0.5700424313545227
Kemerer,7,FAABE_FULL,82,0.5700424313545227
Kemerer,7,FAABE_FULL,83,0.5700424313545227
Kemerer,7,FAABE_FULL,84,0.5700424313545227
Kemerer,7,FAABE_FULL,85,0.5700424313545227
Kemerer,7,FAABE_FULL,86,0.5700424313545227
Kemerer,7,FAABE_FULL,87,0.5700424313545227
Kemerer,7,FAABE_FULL,88,0.5700424313545227
Kemerer,7,FAABE_FULL,89,0.5700424313545227
Kemerer,7,FAABE_FULL,90,0.5700424313545227
Kemerer,7,FAABE_FULL,91,0.5700424313545227
Kemerer,7,FAABE_FULL,92,0.5700424313545227
Kemerer,7,FAABE_FULL,93,0.5700424313545227
Kemerer,7,FAABE_FULL,94,0.5700424313545227
Kemerer,7,FAABE_FULL,95,0.5700424313545227
Kemerer,7,FAABE_FULL,96,0.5700424313545227
Kemerer,7,FAABE_FULL,97,0.5700424313545227
Kemerer,7,FAABE_FULL,98,0.5700424313545227
Kemerer,7,FAABE_FULL,99,0.5700424313545227
Kemerer,7,FAABE_FULL,100,0.5700424313545227
Kemerer,8,FAABE_NO_PEARSON,0,0.648669421672821
Kemerer,8,FAABE_NO_PEARSON,1,0.6198606491088867
Kemerer,8,FAABE_NO_PEARSON,2,0.6130416393280029
Kemerer,8,FAABE_NO_PEARSON,3,0.5984681248664856
Kemerer,8,FAABE_NO_PEARSON,4,0.5978628396987915
Kemerer,8,FAABE_NO_PEARSON,5,0.5928953289985657
Kemerer,8,FAABE_NO_PEARSON,6,0.5928953289985657
Kemerer,8,FAABE_NO_PEARSON,7,0.5928953289985657
Kemerer,8,FAABE_NO_PEARSON,8,0.5928953289985657
Kemerer,8,FAABE_NO_PEARSON,9,0.5785848498344421
Kemerer,8,FAABE_NO_PEARSON,10,0.5785848498344421
Kemerer,8,FAABE_NO_PEARSON,11,0.5785848498344421
Kemerer,8,FAABE_NO_PEARSON,12,0.5785848498344421
Kemerer,8,FAABE_NO_PEARSON,13,0.5785848498344421
Kemerer,8,FAABE_NO_PEARSON,14,0.5785848498344421
Kemerer,8,FAABE_NO_PEARSON,15,0.5785848498344421
Kemerer,8,FAABE_NO_PEARSON,16,0.5785848498344421
Kemerer,8,FAABE_NO_PEARSON,17,0.5785848498344421
Kemerer,8,FAABE_NO_PEARSON,18,0.5785848498344421
Kemerer,8,FAABE_NO_PEARSON,19,0.5785848498344421
Kemerer,8,FAABE_NO_PEARSON,20,0.5785848498344421
Kemerer,8,FAABE_NO_PEARSON,21,0.5785848498344421
Kemerer,8,FAABE_NO_PEARSON,22,0.5785848498344421
Kemerer,8,FAABE_NO_PEARSON,23,0.5785848498344421
Kemerer,8,FAABE_NO_PEARSON,24,0.5785848498344421
Kemerer,8,FAABE_NO_PEARSON,25,0.5785848498344421
Kemerer,8,FAABE_NO_PEARSON,26,0.5785848498344421
Kemerer,8,FAABE_NO_PEARSON,27,0.5785848498344421
Kemerer,8,FAABE_NO_PEARSON,28,0.5785848498344421
Kemerer,8,FAABE_NO_PEARSON,29,0.5785848498344421
Kemerer,8,FAABE_NO_PEARSON,30,0.5785848498344421
Kemerer,8,FAABE_NO_PEARSON,31,0.5785848498344421
Kemerer,8,FAABE_NO_PEARSON,32,0.5785848498344421
Kemerer,8,FAABE_NO_PEARSON,33,0.5785848498344421
Kemerer,8,FAABE_NO_PEARSON,34,0.5785848498344421
Kemerer,8,FAABE_NO_PEARSON,35,0.5785848498344421
Kemerer,8,FAABE_NO_PEARSON,36,0.5785848498344421
Kemerer,8,FAABE_NO_PEARSON,37,0.5785848498344421
Kemerer,8,FAABE_NO_PEARSON,38,0.5785848498344421
Kemerer,8,FAABE_NO_PEARSON,39,0.5785848498344421
Kemerer,8,FAABE_NO_PEARSON,40,0.5785848498344421
Kemerer,8,FAABE_NO_PEARSON,41,0.5785848498344421
Kemerer,8,FAABE_NO_PEARSON,42,0.5742882490158081
Kemerer,8,FAABE_NO_PEARSON,43,0.5742882490158081
Kemerer,8,FAABE_NO_PEARSON,44,0.5742882490158081
Kemerer,8,FAABE_NO_PEARSON,45,0.5742882490158081
Kemerer,8,FAABE_NO_PEARSON,46,0.5742882490158081
Kemerer,8,FAABE_NO_PEARSON,47,0.5742882490158081
Kemerer,8,FAABE_NO_PEARSON,48,0.5742882490158081
Kemerer,8,FAABE_NO_PEARSON,49,0.5742882490158081
Kemerer,8,FAABE_NO_PEARSON,50,0.5742882490158081
Kemerer,8,FAABE_NO_PEARSON,51,0.5596731305122375
Kemerer,8,FAABE_NO_PEARSON,52,0.5596731305122375
Kemerer,8,FAABE_NO_PEARSON,53,0.5596731305122375
Kemerer,8,FAABE_NO_PEARSON,54,0.5596731305122375
Kemerer,8,FAABE_NO_PEARSON,55,0.5596731305122375
Kemerer,8,FAABE_NO_PEARSON,56,0.5596731305122375
Kemerer,8,FAABE_NO_PEARSON,57,0.5596731305122375
Kemerer,8,FAABE_NO_PEARSON,58,0.5596731305122375
Kemerer,8,FAABE_NO_PEARSON,59,0.5596731305122375
Kemerer,8,FAABE_NO_PEARSON,60,0.5596731305122375
Kemerer,8,FAABE_NO_PEARSON,61,0.5596731305122375
Kemerer,8,FAABE_NO_PEARSON,62,0.5596731305122375
Kemerer,8,FAABE_NO_PEARSON,63,0.5596731305122375
Kemerer,8,FAABE_NO_PEARSON,64,0.5596731305122375
Kemerer,8,FAABE_NO_PEARSON,65,0.5596731305122375
Kemerer,8,FAABE_NO_PEARSON,66,0.5596731305122375
Kemerer,8,FAABE_NO_PEARSON,67,0.5596731305122375
Kemerer,8,FAABE_NO_PEARSON,68,0.5596731305122375
Kemerer,8,FAABE_NO_PEARSON,69,0.5596731305122375
Kemerer,8,FAABE_NO_PEARSON,70,0.5596731305122375
Kemerer,8,FAABE_NO_PEARSON,71,0.5596731305122375
Kemerer,8,FAABE_NO_PEARSON,72,0.5596731305122375
Kemerer,8,FAABE_NO_PEARSON,73,0.5596731305122375
Kemerer,8,FAABE_NO_PEARSON,74,0.5596731305122375
Kemerer,8,FAABE_NO_PEARSON,75,0.5596731305122375
Kemerer,8,FAABE_NO_PEARSON,76,0.5596731305122375
Kemerer,8,FAABE_NO_PEARSON,77,0.5596731305122375
Kemerer,8,FAABE_NO_PEARSON,78,0.5596731305122375
Kemerer,8,FAABE_NO_PEARSON,79,0.5596731305122375
Kemerer,8,FAABE_NO_PEARSON,80,0.5596731305122375
Kemerer,8,FAABE_NO_PEARSON,81,0.5581877827644348
Kemerer,8,FAABE_NO_PEARSON,82,0.5581877827644348
Kemerer,8,FAABE_NO_PEARSON,83,0.5581877827644348
Kemerer,8,FAABE_NO_PEARSON,84,0.5581877827644348
Kemerer,8,FAABE_NO_PEARSON,85,0.5581877827644348
Kemerer,8,FAABE_NO_PEARSON,86,0.5581877827644348
Kemerer,8,FAABE_NO_PEARSON,87,0.5581877827644348
Kemerer,8,FAABE_NO_PEARSON,88,0.5581877827644348
Kemerer,8,FAABE_NO_PEARSON,89,0.5581877827644348
Kemerer,8,FAABE_NO_PEARSON,90,0.5581877827644348
Kemerer,8,FAABE_NO_PEARSON,91,0.5581877827644348
Kemerer,8,FAABE_NO_PEARSON,92,0.5581877827644348
Kemerer,8,FAABE_NO_PEARSON,93,0.5581877827644348
Kemerer,8,FAABE_NO_PEARSON,94,0.5581877827644348
Kemerer,8,FAABE_NO_PEARSON,95,0.5581877827644348
Kemerer,8,FAABE_NO_PEARSON,96,0.5581877827644348
Kemerer,8,FAABE_NO_PEARSON,97,0.5581877827644348
Kemerer,8,FAABE_NO_PEARSON,98,0.5581877827644348
Kemerer,8,FAABE_NO_PEARSON,99,0.5581877827644348
Kemerer,8,FAABE_NO_PEARSON,100,0.5581877827644348
Kemerer,8,FAABE_NO_IWM,0,0.6871203184127808
Kemerer,8,FAABE_NO_IWM,1,0.6681641340255737
Kemerer,8,FAABE_NO_IWM,2,0.6681641340255737
Kemerer,8,FAABE_NO_IWM,3,0.6681641340255737
Kemerer,8,FAABE_NO_IWM,4,0.6681641340255737
Kemerer,8,FAABE_NO_IWM,5,0.6681641340255737
Kemerer,8,FAABE_NO_IWM,6,0.6681641340255737
Kemerer,8,FAABE_NO_IWM,7,0.6681641340255737
Kemerer,8,FAABE_NO_IWM,8,0.6681641340255737
Kemerer,8,FAABE_NO_IWM,9,0.6681641340255737
Kemerer,8,FAABE_NO_IWM,10,0.6681641340255737
Kemerer,8,FAABE_NO_IWM,11,0.6681641340255737
Kemerer,8,FAABE_NO_IWM,12,0.6681641340255737
Kemerer,8,FAABE_NO_IWM,13,0.6681641340255737
Kemerer,8,FAABE_NO_IWM,14,0.6681641340255737
Kemerer,8,FAABE_NO_IWM,15,0.6681641340255737
Kemerer,8,FAABE_NO_IWM,16,0.6681641340255737
Kemerer,8,FAABE_NO_IWM,17,0.6681641340255737
Kemerer,8,FAABE_NO_IWM,18,0.6681641340255737
Kemerer,8,FAABE_NO_IWM,19,0.6681641340255737
Kemerer,8,FAABE_NO_IWM,20,0.6681641340255737
Kemerer,8,FAABE_NO_IWM,21,0.6681641340255737
Kemerer,8,FAABE_NO_IWM,22,0.6681641340255737
Kemerer,8,FAABE_NO_IWM,23,0.6681641340255737
Kemerer,8,FAABE_NO_IWM,24,0.6681641340255737
Kemerer,8,FAABE_NO_IWM,25,0.6681641340255737
Kemerer,8,FAABE_NO_IWM,26,0.6681641340255737
Kemerer,8,FAABE_NO_IWM,27,0.6681641340255737
Kemerer,8,FAABE_NO_IWM,28,0.6681641340255737
Kemerer,8,FAABE_NO_IWM,29,0.6681641340255737
Kemerer,8,FAABE_NO_IWM,30,0.6681641340255737
Kemerer,8,FAABE_NO_IWM,31,0.6681641340255737
Kemerer,8,FAABE_NO_IWM,32,0.6681641340255737
Kemerer,8,FAABE_NO_IWM,33,0.6681641340255737
Kemerer,8,FAABE_NO_IWM,34,0.6681641340255737
Kemerer,8,FAABE_NO_IWM,35,0.6681641340255737
Kemerer,8,FAABE_NO_IWM,36,0.6681641340255737
Kemerer,8,FAABE_NO_IWM,37,0.6681641340255737
Kemerer,8,FAABE_NO_IWM,38,0.6681641340255737
Kemerer,8,FAABE_NO_IWM,39,0.6681641340255737
Kemerer,8,FAABE_NO_IWM,40,0.6681641340255737
Kemerer,8,FAABE_NO_IWM,41,0.6681641340255737
Kemerer,8,FAABE_NO_IWM,42,0.6681641340255737
Kemerer,8,FAABE_NO_IWM,43,0.6681641340255737
Kemerer,8,FAABE_NO_IWM,44,0.6681641340255737
Kemerer,8,FAABE_NO_IWM,45,0.6681641340255737
Kemerer,8,FAABE_NO_IWM,46,0.6681641340255737
Kemerer,8,FAABE_NO_IWM,47,0.6681641340255737
Kemerer,8,FAABE_NO_IWM,48,0.6681641340255737
Kemerer,8,FAABE_NO_IWM,49,0.6681641340255737
Kemerer,8,FAABE_NO_IWM,50,0.6681641340255737
Kemerer,8,FAABE_NO_IWM,51,0.6681641340255737
Kemerer,8,FAABE_NO_IWM,52,0.6681641340255737
Kemerer,8,FAABE_NO_IWM,53,0.6681641340255737
Kemerer,8,FAABE_NO_IWM,54,0.6681641340255737
Kemerer,8,FAABE_NO_IWM,55,0.6681641340255737
Kemerer,8,FAABE_NO_IWM,56,0.6681641340255737
Kemerer,8,FAABE_NO_IWM,57,0.6681641340255737
Kemerer,8,FAABE_NO_IWM,58,0.6681641340255737
Kemerer,8,FAABE_NO_IWM,59,0.6681641340255737
Kemerer,8,FAABE_NO_IWM,60,0.6681641340255737
Kemerer,8,FAABE_NO_IWM,61,0.6681641340255737
Kemerer,8,FAABE_NO_IWM,62,0.6681641340255737
Kemerer,8,FAABE_NO_IWM,63,0.6681641340255737
Kemerer,8,FAABE_NO_IWM,64,0.6681641340255737
Kemerer,8,FAABE_NO_IWM,65,0.6681641340255737
Kemerer,8,FAABE_NO_IWM,66,0.6681641340255737
Kemerer,8,FAABE_NO_IWM,67,0.6681641340255737
Kemerer,8,FAABE_NO_IWM,68,0.6681641340255737
Kemerer,8,FAABE_NO_IWM,69,0.6681641340255737
Kemerer,8,FAABE_NO_IWM,70,0.6681641340255737
Kemerer,8,FAABE_NO_IWM,71,0.6681641340255737
Kemerer,8,FAABE_NO_IWM,72,0.6681641340255737
Kemerer,8,FAABE_NO_IWM,73,0.6681641340255737
Kemerer,8,FAABE_NO_IWM,74,0.6681641340255737
Kemerer,8,FAABE_NO_IWM,75,0.6681641340255737
Kemerer,8,FAABE_NO_IWM,76,0.6681641340255737
Kemerer,8,FAABE_NO_IWM,77,0.6681641340255737
Kemerer,8,FAABE_NO_IWM,78,0.6681641340255737
Kemerer,8,FAABE_NO_IWM,79,0.6681641340255737
Kemerer,8,FAABE_NO_IWM,80,0.6681641340255737
Kemerer,8,FAABE_NO_IWM,81,0.6681641340255737
Kemerer,8,FAABE_NO_IWM,82,0.6681641340255737
Kemerer,8,FAABE_NO_IWM,83,0.6681641340255737
Kemerer,8,FAABE_NO_IWM,84,0.6681641340255737
Kemerer,8,FAABE_NO_IWM,85,0.6681641340255737
Kemerer,8,FAABE_NO_IWM,86,0.6681641340255737
Kemerer,8,FAABE_NO_IWM,87,0.6681641340255737
Kemerer,8,FAABE_NO_IWM,88,0.6681641340255737
Kemerer,8,FAABE_NO_IWM,89,0.6681641340255737
Kemerer,8,FAABE_NO_IWM,90,0.6681641340255737
Kemerer,8,FAABE_NO_IWM,91,0.6681641340255737
Kemerer,8,FAABE_NO_IWM,92,0.6681641340255737
Kemerer,8,FAABE_NO_IWM,93,0.6681641340255737
Kemerer,8,FAABE_NO_IWM,94,0.6681641340255737
Kemerer,8,FAABE_NO_IWM,95,0.6681641340255737
Kemerer,8,FAABE_NO_IWM,96,0.6681641340255737
Kemerer,8,FAABE_NO_IWM,97,0.6681641340255737
Kemerer,8,FAABE_NO_IWM,98,0.6681641340255737
Kemerer,8,FAABE_NO_IWM,99,0.6681641340255737
Kemerer,8,FAABE_NO_IWM,100,0.6681641340255737
Kemerer,8,FAABE_FULL,0,0.6392431259155273
Kemerer,8,FAABE_FULL,1,0.638201117515564
Kemerer,8,FAABE_FULL,2,0.6377425193786621
Kemerer,8,FAABE_FULL,3,0.6377425193786621
Kemerer,8,FAABE_FULL,4,0.6377425193786621
Kemerer,8,FAABE_FULL,5,0.6377425193786621
Kemerer,8,FAABE_FULL,6,0.6377425193786621
Kemerer,8,FAABE_FULL,7,0.6377425193786621
Kemerer,8,FAABE_FULL,8,0.6377425193786621
Kemerer,8,FAABE_FULL,9,0.6377425193786621
Kemerer,8,FAABE_FULL,10,0.6377425193786621
Kemerer,8,FAABE_FULL,11,0.6377425193786621
Kemerer,8,FAABE_FULL,12,0.6377425193786621
Kemerer,8,FAABE_FULL,13,0.6377425193786621
Kemerer,8,FAABE_FULL,14,0.6377425193786621
Kemerer,8,FAABE_FULL,15,0.6377425193786621
Kemerer,8,FAABE_FULL,16,0.6377425193786621
Kemerer,8,FAABE_FULL,17,0.6377295255661011
Kemerer,8,FAABE_FULL,18,0.6377295255661011
Kemerer,8,FAABE_FULL,19,0.6377295255661011
Kemerer,8,FAABE_FULL,20,0.6377295255661011
Kemerer,8,FAABE_FULL,21,0.6377295255661011
Kemerer,8,FAABE_FULL,22,0.6377295255661011
Kemerer,8,FAABE_FULL,23,0.6377295255661011
Kemerer,8,FAABE_FULL,24,0.6377295255661011
Kemerer,8,FAABE_FULL,25,0.6377295255661011
Kemerer,8,FAABE_FULL,26,0.6377295255661011
Kemerer,8,FAABE_FULL,27,0.6377250552177429
Kemerer,8,FAABE_FULL,28,0.6377250552177429
Kemerer,8,FAABE_FULL,29,0.6377250552177429
Kemerer,8,FAABE_FULL,30,0.6377250552177429
Kemerer,8,FAABE_FULL,31,0.6377250552177429
Kemerer,8,FAABE_FULL,32,0.6377250552177429
Kemerer,8,FAABE_FULL,33,0.6377250552177429
Kemerer,8,FAABE_FULL,34,0.6376999616622925
Kemerer,8,FAABE_FULL,35,0.6376999616622925
Kemerer,8,FAABE_FULL,36,0.6376999616622925
Kemerer,8,FAABE_FULL,37,0.6376999616622925
Kemerer,8,FAABE_FULL,38,0.6376999616622925
Kemerer,8,FAABE_FULL,39,0.6376999616622925
Kemerer,8,FAABE_FULL,40,0.6376999616622925
Kemerer,8,FAABE_FULL,41,0.6376999616622925
Kemerer,8,FAABE_FULL,42,0.6376999616622925
Kemerer,8,FAABE_FULL,43,0.6376999616622925
Kemerer,8,FAABE_FULL,44,0.6376999616622925
Kemerer,8,FAABE_FULL,45,0.6376999616622925
Kemerer,8,FAABE_FULL,46,0.6376999616622925
Kemerer,8,FAABE_FULL,47,0.6376999616622925
Kemerer,8,FAABE_FULL,48,0.6376999616622925
Kemerer,8,FAABE_FULL,49,0.6376999616622925
Kemerer,8,FAABE_FULL,50,0.6376999616622925
Kemerer,8,FAABE_FULL,51,0.6376999616622925
Kemerer,8,FAABE_FULL,52,0.6376999616622925
Kemerer,8,FAABE_FULL,53,0.6376999616622925
Kemerer,8,FAABE_FULL,54,0.6376999616622925
Kemerer,8,FAABE_FULL,55,0.6376999616622925
Kemerer,8,FAABE_FULL,56,0.6376999616622925
Kemerer,8,FAABE_FULL,57,0.6376999616622925
Kemerer,8,FAABE_FULL,58,0.6376999616622925
Kemerer,8,FAABE_FULL,59,0.6376999616622925
Kemerer,8,FAABE_FULL,60,0.6376999616622925
Kemerer,8,FAABE_FULL,61,0.6376999616622925
Kemerer,8,FAABE_FULL,62,0.6376999616622925
Kemerer,8,FAABE_FULL,63,0.6376999616622925
Kemerer,8,FAABE_FULL,64,0.6376999616622925
Kemerer,8,FAABE_FULL,65,0.6376999616622925
Kemerer,8,FAABE_FULL,66,0.6376999616622925
Kemerer,8,FAABE_FULL,67,0.6376999616622925
Kemerer,8,FAABE_FULL,68,0.6376999616622925
Kemerer,8,FAABE_FULL,69,0.6376999616622925
Kemerer,8,FAABE_FULL,70,0.6376999616622925
Kemerer,8,FAABE_FULL,71,0.6376999616622925
Kemerer,8,FAABE_FULL,72,0.6376999616622925
Kemerer,8,FAABE_FULL,73,0.6376999616622925
Kemerer,8,FAABE_FULL,74,0.6376999616622925
Kemerer,8,FAABE_FULL,75,0.6376999616622925
Kemerer,8,FAABE_FULL,76,0.6376999616622925
Kemerer,8,FAABE_FULL,77,0.6376999616622925
Kemerer,8,FAABE_FULL,78,0.6376999616622925
Kemerer,8,FAABE_FULL,79,0.6376999616622925
Kemerer,8,FAABE_FULL,80,0.6376999616622925
Kemerer,8,FAABE_FULL,81,0.6376999616622925
Kemerer,8,FAABE_FULL,82,0.6376999616622925
Kemerer,8,FAABE_FULL,83,0.6376999616622925
Kemerer,8,FAABE_FULL,84,0.6376999616622925
Kemerer,8,FAABE_FULL,85,0.6376999616622925
Kemerer,8,FAABE_FULL,86,0.6376999616622925
Kemerer,8,FAABE_FULL,87,0.6376999616622925
Kemerer,8,FAABE_FULL,88,0.6376999616622925
Kemerer,8,FAABE_FULL,89,0.6376999616622925
Kemerer,8,FAABE_FULL,90,0.6376999616622925
Kemerer,8,FAABE_FULL,91,0.6376999616622925
Kemerer,8,FAABE_FULL,92,0.6376999616622925
Kemerer,8,FAABE_FULL,93,0.6376999616622925
Kemerer,8,FAABE_FULL,94,0.6376999616622925
Kemerer,8,FAABE_FULL,95,0.6376999616622925
Kemerer,8,FAABE_FULL,96,0.6376999616622925
Kemerer,8,FAABE_FULL,97,0.6376999616622925
Kemerer,8,FAABE_FULL,98,0.6376999616622925
Kemerer,8,FAABE_FULL,99,0.6376999616622925
Kemerer,8,FAABE_FULL,100,0.6376999616622925
Kemerer,9,FAABE_NO_PEARSON,0,0.5447880625724792
Kemerer,9,FAABE_NO_PEARSON,1,0.5139749646186829
Kemerer,9,FAABE_NO_PEARSON,2,0.5139749646186829
Kemerer,9,FAABE_NO_PEARSON,3,0.5117514133453369
Kemerer,9,FAABE_NO_PEARSON,4,0.5117514133453369
Kemerer,9,FAABE_NO_PEARSON,5,0.5117514133453369
Kemerer,9,FAABE_NO_PEARSON,6,0.5117514133453369
Kemerer,9,FAABE_NO_PEARSON,7,0.5072628855705261
Kemerer,9,FAABE_NO_PEARSON,8,0.5072628855705261
Kemerer,9,FAABE_NO_PEARSON,9,0.5019580125808716
Kemerer,9,FAABE_NO_PEARSON,10,0.5019580125808716
Kemerer,9,FAABE_NO_PEARSON,11,0.5019580125808716
Kemerer,9,FAABE_NO_PEARSON,12,0.5019580125808716
Kemerer,9,FAABE_NO_PEARSON,13,0.5019580125808716
Kemerer,9,FAABE_NO_PEARSON,14,0.5019580125808716
Kemerer,9,FAABE_NO_PEARSON,15,0.5019580125808716
Kemerer,9,FAABE_NO_PEARSON,16,0.5019580125808716
Kemerer,9,FAABE_NO_PEARSON,17,0.5019580125808716
Kemerer,9,FAABE_NO_PEARSON,18,0.5019580125808716
Kemerer,9,FAABE_NO_PEARSON,19,0.5019580125808716
Kemerer,9,FAABE_NO_PEARSON,20,0.5019580125808716
Kemerer,9,FAABE_NO_PEARSON,21,0.5019580125808716
Kemerer,9,FAABE_NO_PEARSON,22,0.5019580125808716
Kemerer,9,FAABE_NO_PEARSON,23,0.5019580125808716
Kemerer,9,FAABE_NO_PEARSON,24,0.5019580125808716
Kemerer,9,FAABE_NO_PEARSON,25,0.5019580125808716
Kemerer,9,FAABE_NO_PEARSON,26,0.5019580125808716
Kemerer,9,FAABE_NO_PEARSON,27,0.5019580125808716
Kemerer,9,FAABE_NO_PEARSON,28,0.5019580125808716
Kemerer,9,FAABE_NO_PEARSON,29,0.5019580125808716
Kemerer,9,FAABE_NO_PEARSON,30,0.5019580125808716
Kemerer,9,FAABE_NO_PEARSON,31,0.5019580125808716
Kemerer,9,FAABE_NO_PEARSON,32,0.5019580125808716
Kemerer,9,FAABE_NO_PEARSON,33,0.5019580125808716
Kemerer,9,FAABE_NO_PEARSON,34,0.5019580125808716
Kemerer,9,FAABE_NO_PEARSON,35,0.5019580125808716
Kemerer,9,FAABE_NO_PEARSON,36,0.5019580125808716
Kemerer,9,FAABE_NO_PEARSON,37,0.5019580125808716
Kemerer,9,FAABE_NO_PEARSON,38,0.5019580125808716
Kemerer,9,FAABE_NO_PEARSON,39,0.5019580125808716
Kemerer,9,FAABE_NO_PEARSON,40,0.5019580125808716
Kemerer,9,FAABE_NO_PEARSON,41,0.5019580125808716
Kemerer,9,FAABE_NO_PEARSON,42,0.5019580125808716
Kemerer,9,FAABE_NO_PEARSON,43,0.5019580125808716
Kemerer,9,FAABE_NO_PEARSON,44,0.5019580125808716
Kemerer,9,FAABE_NO_PEARSON,45,0.5019580125808716
Kemerer,9,FAABE_NO_PEARSON,46,0.5019580125808716
Kemerer,9,FAABE_NO_PEARSON,47,0.5019580125808716
Kemerer,9,FAABE_NO_PEARSON,48,0.5019580125808716
Kemerer,9,FAABE_NO_PEARSON,49,0.5019580125808716
Kemerer,9,FAABE_NO_PEARSON,50,0.5019580125808716
Kemerer,9,FAABE_NO_PEARSON,51,0.5019580125808716
Kemerer,9,FAABE_NO_PEARSON,52,0.5019580125808716
Kemerer,9,FAABE_NO_PEARSON,53,0.5019580125808716
Kemerer,9,FAABE_NO_PEARSON,54,0.5019580125808716
Kemerer,9,FAABE_NO_PEARSON,55,0.5019580125808716
Kemerer,9,FAABE_NO_PEARSON,56,0.5019580125808716
Kemerer,9,FAABE_NO_PEARSON,57,0.5019580125808716
Kemerer,9,FAABE_NO_PEARSON,58,0.5019580125808716
Kemerer,9,FAABE_NO_PEARSON,59,0.5019580125808716
Kemerer,9,FAABE_NO_PEARSON,60,0.5019580125808716
Kemerer,9,FAABE_NO_PEARSON,61,0.5019580125808716
Kemerer,9,FAABE_NO_PEARSON,62,0.5019580125808716
Kemerer,9,FAABE_NO_PEARSON,63,0.5019580125808716
Kemerer,9,FAABE_NO_PEARSON,64,0.5019580125808716
Kemerer,9,FAABE_NO_PEARSON,65,0.5019580125808716
Kemerer,9,FAABE_NO_PEARSON,66,0.5019580125808716
Kemerer,9,FAABE_NO_PEARSON,67,0.5019580125808716
Kemerer,9,FAABE_NO_PEARSON,68,0.5019580125808716
Kemerer,9,FAABE_NO_PEARSON,69,0.5019580125808716
Kemerer,9,FAABE_NO_PEARSON,70,0.5019580125808716
Kemerer,9,FAABE_NO_PEARSON,71,0.5019580125808716
Kemerer,9,FAABE_NO_PEARSON,72,0.5019580125808716
Kemerer,9,FAABE_NO_PEARSON,73,0.5019580125808716
Kemerer,9,FAABE_NO_PEARSON,74,0.5019580125808716
Kemerer,9,FAABE_NO_PEARSON,75,0.5019580125808716
Kemerer,9,FAABE_NO_PEARSON,76,0.5019580125808716
Kemerer,9,FAABE_NO_PEARSON,77,0.5019580125808716
Kemerer,9,FAABE_NO_PEARSON,78,0.5019580125808716
Kemerer,9,FAABE_NO_PEARSON,79,0.5019580125808716
Kemerer,9,FAABE_NO_PEARSON,80,0.5019580125808716
Kemerer,9,FAABE_NO_PEARSON,81,0.5019580125808716
Kemerer,9,FAABE_NO_PEARSON,82,0.5019580125808716
Kemerer,9,FAABE_NO_PEARSON,83,0.5019580125808716
Kemerer,9,FAABE_NO_PEARSON,84,0.5019580125808716
Kemerer,9,FAABE_NO_PEARSON,85,0.5019580125808716
Kemerer,9,FAABE_NO_PEARSON,86,0.5019580125808716
Kemerer,9,FAABE_NO_PEARSON,87,0.5019580125808716
Kemerer,9,FAABE_NO_PEARSON,88,0.5019580125808716
Kemerer,9,FAABE_NO_PEARSON,89,0.5019580125808716
Kemerer,9,FAABE_NO_PEARSON,90,0.5019580125808716
Kemerer,9,FAABE_NO_PEARSON,91,0.5019580125808716
Kemerer,9,FAABE_NO_PEARSON,92,0.5019580125808716
Kemerer,9,FAABE_NO_PEARSON,93,0.5019580125808716
Kemerer,9,FAABE_NO_PEARSON,94,0.5019580125808716
Kemerer,9,FAABE_NO_PEARSON,95,0.5019580125808716
Kemerer,9,FAABE_NO_PEARSON,96,0.5019580125808716
Kemerer,9,FAABE_NO_PEARSON,97,0.5019580125808716
Kemerer,9,FAABE_NO_PEARSON,98,0.5019580125808716
Kemerer,9,FAABE_NO_PEARSON,99,0.5019580125808716
Kemerer,9,FAABE_NO_PEARSON,100,0.5019580125808716
Kemerer,9,FAABE_NO_IWM,0,0.5987423062324524
Kemerer,9,FAABE_NO_IWM,1,0.5518097877502441
Kemerer,9,FAABE_NO_IWM,2,0.5518097877502441
Kemerer,9,FAABE_NO_IWM,3,0.5518097877502441
Kemerer,9,FAABE_NO_IWM,4,0.5518097877502441
Kemerer,9,FAABE_NO_IWM,5,0.5518097877502441
Kemerer,9,FAABE_NO_IWM,6,0.5518097877502441
Kemerer,9,FAABE_NO_IWM,7,0.5518097877502441
Kemerer,9,FAABE_NO_IWM,8,0.5518097877502441
Kemerer,9,FAABE_NO_IWM,9,0.5518097877502441
Kemerer,9,FAABE_NO_IWM,10,0.5518097877502441
Kemerer,9,FAABE_NO_IWM,11,0.5518097877502441
Kemerer,9,FAABE_NO_IWM,12,0.5518097877502441
Kemerer,9,FAABE_NO_IWM,13,0.5518097877502441
Kemerer,9,FAABE_NO_IWM,14,0.5518097877502441
Kemerer,9,FAABE_NO_IWM,15,0.5518097877502441
Kemerer,9,FAABE_NO_IWM,16,0.5518097877502441
Kemerer,9,FAABE_NO_IWM,17,0.5518097877502441
Kemerer,9,FAABE_NO_IWM,18,0.5518097877502441
Kemerer,9,FAABE_NO_IWM,19,0.5518097877502441
Kemerer,9,FAABE_NO_IWM,20,0.5518097877502441
Kemerer,9,FAABE_NO_IWM,21,0.5518097877502441
Kemerer,9,FAABE_NO_IWM,22,0.5518097877502441
Kemerer,9,FAABE_NO_IWM,23,0.5518097877502441
Kemerer,9,FAABE_NO_IWM,24,0.5518097877502441
Kemerer,9,FAABE_NO_IWM,25,0.5518097877502441
Kemerer,9,FAABE_NO_IWM,26,0.5518097877502441
Kemerer,9,FAABE_NO_IWM,27,0.5518097877502441
Kemerer,9,FAABE_NO_IWM,28,0.5518097877502441
Kemerer,9,FAABE_NO_IWM,29,0.5518097877502441
Kemerer,9,FAABE_NO_IWM,30,0.5518097877502441
Kemerer,9,FAABE_NO_IWM,31,0.5518097877502441
Kemerer,9,FAABE_NO_IWM,32,0.5518097877502441
Kemerer,9,FAABE_NO_IWM,33,0.5518097877502441
Kemerer,9,FAABE_NO_IWM,34,0.5518097877502441
Kemerer,9,FAABE_NO_IWM,35,0.5518097877502441
Kemerer,9,FAABE_NO_IWM,36,0.5518097877502441
Kemerer,9,FAABE_NO_IWM,37,0.5518097877502441
Kemerer,9,FAABE_NO_IWM,38,0.5518097877502441
Kemerer,9,FAABE_NO_IWM,39,0.5518097877502441
Kemerer,9,FAABE_NO_IWM,40,0.5518097877502441
Kemerer,9,FAABE_NO_IWM,41,0.5518097877502441
Kemerer,9,FAABE_NO_IWM,42,0.5518097877502441
Kemerer,9,FAABE_NO_IWM,43,0.5518097877502441
Kemerer,9,FAABE_NO_IWM,44,0.5518097877502441
Kemerer,9,FAABE_NO_IWM,45,0.5518097877502441
Kemerer,9,FAABE_NO_IWM,46,0.5518097877502441
Kemerer,9,FAABE_NO_IWM,47,0.5518097877502441
Kemerer,9,FAABE_NO_IWM,48,0.5518097877502441
Kemerer,9,FAABE_NO_IWM,49,0.5518097877502441
Kemerer,9,FAABE_NO_IWM,50,0.5518097877502441
Kemerer,9,FAABE_NO_IWM,51,0.5518097877502441
Kemerer,9,FAABE_NO_IWM,52,0.5518097877502441
Kemerer,9,FAABE_NO_IWM,53,0.5518097877502441
Kemerer,9,FAABE_NO_IWM,54,0.5518097877502441
Kemerer,9,FAABE_NO_IWM,55,0.5518097877502441
Kemerer,9,FAABE_NO_IWM,56,0.5518097877502441
Kemerer,9,FAABE_NO_IWM,57,0.5518097877502441
Kemerer,9,FAABE_NO_IWM,58,0.5518097877502441
Kemerer,9,FAABE_NO_IWM,59,0.5518097877502441
Kemerer,9,FAABE_NO_IWM,60,0.5518097877502441
Kemerer,9,FAABE_NO_IWM,61,0.5518097877502441
Kemerer,9,FAABE_NO_IWM,62,0.5518097877502441
Kemerer,9,FAABE_NO_IWM,63,0.5518097877502441
Kemerer,9,FAABE_NO_IWM,64,0.5518097877502441
Kemerer,9,FAABE_NO_IWM,65,0.5518097877502441
Kemerer,9,FAABE_NO_IWM,66,0.5518097877502441
Kemerer,9,FAABE_NO_IWM,67,0.5518097877502441
Kemerer,9,FAABE_NO_IWM,68,0.5518097877502441
Kemerer,9,FAABE_NO_IWM,69,0.5518097877502441
Kemerer,9,FAABE_NO_IWM,70,0.5518097877502441
Kemerer,9,FAABE_NO_IWM,71,0.5518097877502441
Kemerer,9,FAABE_NO_IWM,72,0.5518097877502441
Kemerer,9,FAABE_NO_IWM,73,0.5518097877502441
Kemerer,9,FAABE_NO_IWM,74,0.5518097877502441
Kemerer,9,FAABE_NO_IWM,75,0.5518097877502441
Kemerer,9,FAABE_NO_IWM,76,0.5518097877502441
Kemerer,9,FAABE_NO_IWM,77,0.5518097877502441
Kemerer,9,FAABE_NO_IWM,78,0.5518097877502441
Kemerer,9,FAABE_NO_IWM,79,0.5518097877502441
Kemerer,9,FAABE_NO_IWM,80,0.5518097877502441
Kemerer,9,FAABE_NO_IWM,81,0.5518097877502441
Kemerer,9,FAABE_NO_IWM,82,0.5518097877502441
Kemerer,9,FAABE_NO_IWM,83,0.5518097877502441
Kemerer,9,FAABE_NO_IWM,84,0.5518097877502441
Kemerer,9,FAABE_NO_IWM,85,0.5518097877502441
Kemerer,9,FAABE_NO_IWM,86,0.5518097877502441
Kemerer,9,FAABE_NO_IWM,87,0.5518097877502441
Kemerer,9,FAABE_NO_IWM,88,0.5518097877502441
Kemerer,9,FAABE_NO_IWM,89,0.5518097877502441
Kemerer,9,FAABE_NO_IWM,90,0.5518097877502441
Kemerer,9,FAABE_NO_IWM,91,0.5518097877502441
Kemerer,9,FAABE_NO_IWM,92,0.5518097877502441
Kemerer,9,FAABE_NO_IWM,93,0.5518097877502441
Kemerer,9,FAABE_NO_IWM,94,0.5518097877502441
Kemerer,9,FAABE_NO_IWM,95,0.5518097877502441
Kemerer,9,FAABE_NO_IWM,96,0.5518097877502441
Kemerer,9,FAABE_NO_IWM,97,0.5518097877502441
Kemerer,9,FAABE_NO_IWM,98,0.5518097877502441
Kemerer,9,FAABE_NO_IWM,99,0.5518097877502441
Kemerer,9,FAABE_NO_IWM,100,0.5518097877502441
Kemerer,9,FAABE_FULL,0,0.5751216411590576
Kemerer,9,FAABE_FULL,1,0.5586879253387451
Kemerer,9,FAABE_FULL,2,0.5536670088768005
Kemerer,9,FAABE_FULL,3,0.5531299710273743
Kemerer,9,FAABE_FULL,4,0.5531299710273743
Kemerer,9,FAABE_FULL,5,0.5531299710273743
Kemerer,9,FAABE_FULL,6,0.5531299710273743
Kemerer,9,FAABE_FULL,7,0.5531299710273743
Kemerer,9,FAABE_FULL,8,0.5531299710273743
Kemerer,9,FAABE_FULL,9,0.5531299710273743
Kemerer,9,FAABE_FULL,10,0.5527299642562866
Kemerer,9,FAABE_FULL,11,0.5527299642562866
Kemerer,9,FAABE_FULL,12,0.5527299642562866
Kemerer,9,FAABE_FULL,13,0.5527299642562866
Kemerer,9,FAABE_FULL,14,0.5527299642562866
Kemerer,9,FAABE_FULL,15,0.5527299642562866
Kemerer,9,FAABE_FULL,16,0.5527299642562866
Kemerer,9,FAABE_FULL,17,0.5527299642562866
Kemerer,9,FAABE_FULL,18,0.5527299642562866
Kemerer,9,FAABE_FULL,19,0.5527299642562866
Kemerer,9,FAABE_FULL,20,0.5527299642562866
Kemerer,9,FAABE_FULL,21,0.5527299642562866
Kemerer,9,FAABE_FULL,22,0.5527299642562866
Kemerer,9,FAABE_FULL,23,0.5527299642562866
Kemerer,9,FAABE_FULL,24,0.5527299642562866
Kemerer,9,FAABE_FULL,25,0.5527299642562866
Kemerer,9,FAABE_FULL,26,0.5527299642562866
Kemerer,9,FAABE_FULL,27,0.5527299642562866
Kemerer,9,FAABE_FULL,28,0.5527299642562866
Kemerer,9,FAABE_FULL,29,0.5527299642562866
Kemerer,9,FAABE_FULL,30,0.5527299642562866
Kemerer,9,FAABE_FULL,31,0.5527299642562866
Kemerer,9,FAABE_FULL,32,0.5527299642562866
Kemerer,9,FAABE_FULL,33,0.5527299642562866
Kemerer,9,FAABE_FULL,34,0.5527299642562866
Kemerer,9,FAABE_FULL,35,0.5527299642562866
Kemerer,9,FAABE_FULL,36,0.5527299642562866
Kemerer,9,FAABE_FULL,37,0.5527299642562866
Kemerer,9,FAABE_FULL,38,0.5527299642562866
Kemerer,9,FAABE_FULL,39,0.5527299642562866
Kemerer,9,FAABE_FULL,40,0.5527299642562866
Kemerer,9,FAABE_FULL,41,0.5527299642562866
Kemerer,9,FAABE_FULL,42,0.5527299642562866
Kemerer,9,FAABE_FULL,43,0.5527299642562866
Kemerer,9,FAABE_FULL,44,0.5527299642562866
Kemerer,9,FAABE_FULL,45,0.5527299642562866
Kemerer,9,FAABE_FULL,46,0.5527299642562866
Kemerer,9,FAABE_FULL,47,0.5527299642562866
Kemerer,9,FAABE_FULL,48,0.5527299642562866
Kemerer,9,FAABE_FULL,49,0.5527299642562866
Kemerer,9,FAABE_FULL,50,0.5527299642562866
Kemerer,9,FAABE_FULL,51,0.5527299642562866
Kemerer,9,FAABE_FULL,52,0.5527299642562866
Kemerer,9,FAABE_FULL,53,0.5527299642562866
Kemerer,9,FAABE_FULL,54,0.5527299642562866
Kemerer,9,FAABE_FULL,55,0.5527299642562866
Kemerer,9,FAABE_FULL,56,0.5527299642562866
Kemerer,9,FAABE_FULL,57,0.5527299642562866
Kemerer,9,FAABE_FULL,58,0.5527299642562866
Kemerer,9,FAABE_FULL,59,0.5527299642562866
Kemerer,9,FAABE_FULL,60,0.5527299642562866
Kemerer,9,FAABE_FULL,61,0.5527299642562866
Kemerer,9,FAABE_FULL,62,0.5527299642562866
Kemerer,9,FAABE_FULL,63,0.5527299642562866
Kemerer,9,FAABE_FULL,64,0.5527299642562866
Kemerer,9,FAABE_FULL,65,0.5527299642562866
Kemerer,9,FAABE_FULL,66,0.5527299642562866
Kemerer,9,FAABE_FULL,67,0.5527299642562866
Kemerer,9,FAABE_FULL,68,0.5527299642562866
Kemerer,9,FAABE_FULL,69,0.5527299642562866
Kemerer,9,FAABE_FULL,70,0.5527299642562866
Kemerer,9,FAABE_FULL,71,0.5527299642562866
Kemerer,9,FAABE_FULL,72,0.5527299642562866
Kemerer,9,FAABE_FULL,73,0.5527299642562866
Kemerer,9,FAABE_FULL,74,0.5527299642562866
Kemerer,9,FAABE_FULL,75,0.5527299642562866
Kemerer,9,FAABE_FULL,76,0.5527299642562866
Kemerer,9,FAABE_FULL,77,0.5527299642562866
Kemerer,9,FAABE_FULL,78,0.5527299642562866
Kemerer,9,FAABE_FULL,79,0.5527299642562866
Kemerer,9,FAABE_FULL,80,0.5527299642562866
Kemerer,9,FAABE_FULL,81,0.5527299642562866
Kemerer,9,FAABE_FULL,82,0.5527299642562866
Kemerer,9,FAABE_FULL,83,0.5527299642562866
Kemerer,9,FAABE_FULL,84,0.5527299642562866
Kemerer,9,FAABE_FULL,85,0.5527299642562866
Kemerer,9,FAABE_FULL,86,0.5527299642562866
Kemerer,9,FAABE_FULL,87,0.5527299642562866
Kemerer,9,FAABE_FULL,88,0.5527299642562866
Kemerer,9,FAABE_FULL,89,0.5527299642562866
Kemerer,9,FAABE_FULL,90,0.5527299642562866
Kemerer,9,FAABE_FULL,91,0.5527299642562866
Kemerer,9,FAABE_FULL,92,0.5527299642562866
Kemerer,9,FAABE_FULL,93,0.5527299642562866
Kemerer,9,FAABE_FULL,94,0.5527299642562866
Kemerer,9,FAABE_FULL,95,0.5527299642562866
Kemerer,9,FAABE_FULL,96,0.5527299642562866
Kemerer,9,FAABE_FULL,97,0.5527299642562866
Kemerer,9,FAABE_FULL,98,0.5527299642562866
Kemerer,9,FAABE_FULL,99,0.5527299642562866
Kemerer,9,FAABE_FULL,100,0.5527299642562866
Kemerer,10,FAABE_NO_PEARSON,0,0.4502432346343994
Kemerer,10,FAABE_NO_PEARSON,1,0.44628921151161194
Kemerer,10,FAABE_NO_PEARSON,2,0.4024982154369354
Kemerer,10,FAABE_NO_PEARSON,3,0.4024982154369354
Kemerer,10,FAABE_NO_PEARSON,4,0.4024982154369354
Kemerer,10,FAABE_NO_PEARSON,5,0.4024982154369354
Kemerer,10,FAABE_NO_PEARSON,6,0.4024982154369354
Kemerer,10,FAABE_NO_PEARSON,7,0.4024982154369354
Kemerer,10,FAABE_NO_PEARSON,8,0.4024982154369354
Kemerer,10,FAABE_NO_PEARSON,9,0.4024982154369354
Kemerer,10,FAABE_NO_PEARSON,10,0.4024982154369354
Kemerer,10,FAABE_NO_PEARSON,11,0.4024982154369354
Kemerer,10,FAABE_NO_PEARSON,12,0.4024982154369354
Kemerer,10,FAABE_NO_PEARSON,13,0.4024982154369354
Kemerer,10,FAABE_NO_PEARSON,14,0.4024982154369354
Kemerer,10,FAABE_NO_PEARSON,15,0.4024982154369354
Kemerer,10,FAABE_NO_PEARSON,16,0.4024982154369354
Kemerer,10,FAABE_NO_PEARSON,17,0.4024982154369354
Kemerer,10,FAABE_NO_PEARSON,18,0.4024982154369354
Kemerer,10,FAABE_NO_PEARSON,19,0.4024982154369354
Kemerer,10,FAABE_NO_PEARSON,20,0.4024982154369354
Kemerer,10,FAABE_NO_PEARSON,21,0.4024982154369354
Kemerer,10,FAABE_NO_PEARSON,22,0.4024982154369354
Kemerer,10,FAABE_NO_PEARSON,23,0.4024982154369354
Kemerer,10,FAABE_NO_PEARSON,24,0.4024982154369354
Kemerer,10,FAABE_NO_PEARSON,25,0.4024982154369354
Kemerer,10,FAABE_NO_PEARSON,26,0.4024982154369354
Kemerer,10,FAABE_NO_PEARSON,27,0.4024982154369354
Kemerer,10,FAABE_NO_PEARSON,28,0.4024982154369354
Kemerer,10,FAABE_NO_PEARSON,29,0.4024982154369354
Kemerer,10,FAABE_NO_PEARSON,30,0.4024982154369354
Kemerer,10,FAABE_NO_PEARSON,31,0.4024982154369354
Kemerer,10,FAABE_NO_PEARSON,32,0.4024982154369354
Kemerer,10,FAABE_NO_PEARSON,33,0.4024982154369354
Kemerer,10,FAABE_NO_PEARSON,34,0.4024982154369354
Kemerer,10,FAABE_NO_PEARSON,35,0.4024982154369354
Kemerer,10,FAABE_NO_PEARSON,36,0.4024982154369354
Kemerer,10,FAABE_NO_PEARSON,37,0.4024982154369354
Kemerer,10,FAABE_NO_PEARSON,38,0.4024982154369354
Kemerer,10,FAABE_NO_PEARSON,39,0.4024982154369354
Kemerer,10,FAABE_NO_PEARSON,40,0.4024982154369354
Kemerer,10,FAABE_NO_PEARSON,41,0.4024982154369354
Kemerer,10,FAABE_NO_PEARSON,42,0.4024982154369354
Kemerer,10,FAABE_NO_PEARSON,43,0.4024982154369354
Kemerer,10,FAABE_NO_PEARSON,44,0.4024982154369354
Kemerer,10,FAABE_NO_PEARSON,45,0.4024982154369354
Kemerer,10,FAABE_NO_PEARSON,46,0.4024982154369354
Kemerer,10,FAABE_NO_PEARSON,47,0.4024982154369354
Kemerer,10,FAABE_NO_PEARSON,48,0.4024982154369354
Kemerer,10,FAABE_NO_PEARSON,49,0.4024982154369354
Kemerer,10,FAABE_NO_PEARSON,50,0.40190818905830383
Kemerer,10,FAABE_NO_PEARSON,51,0.40190818905830383
Kemerer,10,FAABE_NO_PEARSON,52,0.40190818905830383
Kemerer,10,FAABE_NO_PEARSON,53,0.4016748368740082
Kemerer,10,FAABE_NO_PEARSON,54,0.4016748368740082
Kemerer,10,FAABE_NO_PEARSON,55,0.4016748368740082
Kemerer,10,FAABE_NO_PEARSON,56,0.4016748368740082
Kemerer,10,FAABE_NO_PEARSON,57,0.4016748368740082
Kemerer,10,FAABE_NO_PEARSON,58,0.4016748368740082
Kemerer,10,FAABE_NO_PEARSON,59,0.4016748368740082
Kemerer,10,FAABE_NO_PEARSON,60,0.4016748368740082
Kemerer,10,FAABE_NO_PEARSON,61,0.4016748368740082
Kemerer,10,FAABE_NO_PEARSON,62,0.4016748368740082
Kemerer,10,FAABE_NO_PEARSON,63,0.3979892432689667
Kemerer,10,FAABE_NO_PEARSON,64,0.3979892432689667
Kemerer,10,FAABE_NO_PEARSON,65,0.3970319926738739
Kemerer,10,FAABE_NO_PEARSON,66,0.3970319926738739
Kemerer,10,FAABE_NO_PEARSON,67,0.3970319926738739
Kemerer,10,FAABE_NO_PEARSON,68,0.3970319926738739
Kemerer,10,FAABE_NO_PEARSON,69,0.3970319926738739
Kemerer,10,FAABE_NO_PEARSON,70,0.3970319926738739
Kemerer,10,FAABE_NO_PEARSON,71,0.3970319926738739
Kemerer,10,FAABE_NO_PEARSON,72,0.3970319926738739
Kemerer,10,FAABE_NO_PEARSON,73,0.3970319926738739
Kemerer,10,FAABE_NO_PEARSON,74,0.3970319926738739
Kemerer,10,FAABE_NO_PEARSON,75,0.3970319926738739
Kemerer,10,FAABE_NO_PEARSON,76,0.39694467186927795
Kemerer,10,FAABE_NO_PEARSON,77,0.39694467186927795
Kemerer,10,FAABE_NO_PEARSON,78,0.39694467186927795
Kemerer,10,FAABE_NO_PEARSON,79,0.39694467186927795
Kemerer,10,FAABE_NO_PEARSON,80,0.39694467186927795
Kemerer,10,FAABE_NO_PEARSON,81,0.39694467186927795
Kemerer,10,FAABE_NO_PEARSON,82,0.39694467186927795
Kemerer,10,FAABE_NO_PEARSON,83,0.39694467186927795
Kemerer,10,FAABE_NO_PEARSON,84,0.39694467186927795
Kemerer,10,FAABE_NO_PEARSON,85,0.39694467186927795
Kemerer,10,FAABE_NO_PEARSON,86,0.39694467186927795
Kemerer,10,FAABE_NO_PEARSON,87,0.39694467186927795
Kemerer,10,FAABE_NO_PEARSON,88,0.39694467186927795
Kemerer,10,FAABE_NO_PEARSON,89,0.39694467186927795
Kemerer,10,FAABE_NO_PEARSON,90,0.39694467186927795
Kemerer,10,FAABE_NO_PEARSON,91,0.39694467186927795
Kemerer,10,FAABE_NO_PEARSON,92,0.39694467186927795
Kemerer,10,FAABE_NO_PEARSON,93,0.39694467186927795
Kemerer,10,FAABE_NO_PEARSON,94,0.39694467186927795
Kemerer,10,FAABE_NO_PEARSON,95,0.39694467186927795
Kemerer,10,FAABE_NO_PEARSON,96,0.39694467186927795
Kemerer,10,FAABE_NO_PEARSON,97,0.39694467186927795
Kemerer,10,FAABE_NO_PEARSON,98,0.39694467186927795
Kemerer,10,FAABE_NO_PEARSON,99,0.39694467186927795
Kemerer,10,FAABE_NO_PEARSON,100,0.39694467186927795
Kemerer,10,FAABE_NO_IWM,0,0.4473446011543274
Kemerer,10,FAABE_NO_IWM,1,0.4473446011543274
Kemerer,10,FAABE_NO_IWM,2,0.4364851415157318
Kemerer,10,FAABE_NO_IWM,3,0.4364851415157318
Kemerer,10,FAABE_NO_IWM,4,0.4364851415157318
Kemerer,10,FAABE_NO_IWM,5,0.4364851415157318
Kemerer,10,FAABE_NO_IWM,6,0.4364851415157318
Kemerer,10,FAABE_NO_IWM,7,0.4364851415157318
Kemerer,10,FAABE_NO_IWM,8,0.4364851415157318
Kemerer,10,FAABE_NO_IWM,9,0.4364851415157318
Kemerer,10,FAABE_NO_IWM,10,0.4364851415157318
Kemerer,10,FAABE_NO_IWM,11,0.4364851415157318
Kemerer,10,FAABE_NO_IWM,12,0.4364851415157318
Kemerer,10,FAABE_NO_IWM,13,0.4364851415157318
Kemerer,10,FAABE_NO_IWM,14,0.4364851415157318
Kemerer,10,FAABE_NO_IWM,15,0.4364851415157318
Kemerer,10,FAABE_NO_IWM,16,0.4364851415157318
Kemerer,10,FAABE_NO_IWM,17,0.4364851415157318
Kemerer,10,FAABE_NO_IWM,18,0.4364851415157318
Kemerer,10,FAABE_NO_IWM,19,0.4364851415157318
Kemerer,10,FAABE_NO_IWM,20,0.4364851415157318
Kemerer,10,FAABE_NO_IWM,21,0.4364851415157318
Kemerer,10,FAABE_NO_IWM,22,0.4364851415157318
Kemerer,10,FAABE_NO_IWM,23,0.4364851415157318
Kemerer,10,FAABE_NO_IWM,24,0.4364851415157318
Kemerer,10,FAABE_NO_IWM,25,0.4364851415157318
Kemerer,10,FAABE_NO_IWM,26,0.4364851415157318
Kemerer,10,FAABE_NO_IWM,27,0.4364851415157318
Kemerer,10,FAABE_NO_IWM,28,0.4364851415157318
Kemerer,10,FAABE_NO_IWM,29,0.4364851415157318
Kemerer,10,FAABE_NO_IWM,30,0.4364851415157318
Kemerer,10,FAABE_NO_IWM,31,0.4364851415157318
Kemerer,10,FAABE_NO_IWM,32,0.4364851415157318
Kemerer,10,FAABE_NO_IWM,33,0.4364851415157318
Kemerer,10,FAABE_NO_IWM,34,0.4364851415157318
Kemerer,10,FAABE_NO_IWM,35,0.4364851415157318
Kemerer,10,FAABE_NO_IWM,36,0.4364851415157318
Kemerer,10,FAABE_NO_IWM,37,0.4364851415157318
Kemerer,10,FAABE_NO_IWM,38,0.4364851415157318
Kemerer,10,FAABE_NO_IWM,39,0.4364851415157318
Kemerer,10,FAABE_NO_IWM,40,0.4364851415157318
Kemerer,10,FAABE_NO_IWM,41,0.4364851415157318
Kemerer,10,FAABE_NO_IWM,42,0.4364851415157318
Kemerer,10,FAABE_NO_IWM,43,0.4364851415157318
Kemerer,10,FAABE_NO_IWM,44,0.4364851415157318
Kemerer,10,FAABE_NO_IWM,45,0.4364851415157318
Kemerer,10,FAABE_NO_IWM,46,0.4364851415157318
Kemerer,10,FAABE_NO_IWM,47,0.4364851415157318
Kemerer,10,FAABE_NO_IWM,48,0.4364851415157318
Kemerer,10,FAABE_NO_IWM,49,0.4364851415157318
Kemerer,10,FAABE_NO_IWM,50,0.4364851415157318
Kemerer,10,FAABE_NO_IWM,51,0.4364851415157318
Kemerer,10,FAABE_NO_IWM,52,0.4364851415157318
Kemerer,10,FAABE_NO_IWM,53,0.4364851415157318
Kemerer,10,FAABE_NO_IWM,54,0.4364851415157318
Kemerer,10,FAABE_NO_IWM,55,0.4364851415157318
Kemerer,10,FAABE_NO_IWM,56,0.4364851415157318
Kemerer,10,FAABE_NO_IWM,57,0.4364851415157318
Kemerer,10,FAABE_NO_IWM,58,0.4364851415157318
Kemerer,10,FAABE_NO_IWM,59,0.4364851415157318
Kemerer,10,FAABE_NO_IWM,60,0.4364851415157318
Kemerer,10,FAABE_NO_IWM,61,0.4364851415157318
Kemerer,10,FAABE_NO_IWM,62,0.4364851415157318
Kemerer,10,FAABE_NO_IWM,63,0.4364851415157318
Kemerer,10,FAABE_NO_IWM,64,0.4364851415157318
Kemerer,10,FAABE_NO_IWM,65,0.4364851415157318
Kemerer,10,FAABE_NO_IWM,66,0.4364851415157318
Kemerer,10,FAABE_NO_IWM,67,0.4364851415157318
Kemerer,10,FAABE_NO_IWM,68,0.4364851415157318
Kemerer,10,FAABE_NO_IWM,69,0.4364851415157318
Kemerer,10,FAABE_NO_IWM,70,0.4364851415157318
Kemerer,10,FAABE_NO_IWM,71,0.4364851415157318
Kemerer,10,FAABE_NO_IWM,72,0.4364851415157318
Kemerer,10,FAABE_NO_IWM,73,0.4364851415157318
Kemerer,10,FAABE_NO_IWM,74,0.4364851415157318
Kemerer,10,FAABE_NO_IWM,75,0.4364851415157318
Kemerer,10,FAABE_NO_IWM,76,0.4364851415157318
Kemerer,10,FAABE_NO_IWM,77,0.4364851415157318
Kemerer,10,FAABE_NO_IWM,78,0.4364851415157318
Kemerer,10,FAABE_NO_IWM,79,0.4364851415157318
Kemerer,10,FAABE_NO_IWM,80,0.4364851415157318
Kemerer,10,FAABE_NO_IWM,81,0.4364851415157318
Kemerer,10,FAABE_NO_IWM,82,0.4364851415157318
Kemerer,10,FAABE_NO_IWM,83,0.4364851415157318
Kemerer,10,FAABE_NO_IWM,84,0.4364851415157318
Kemerer,10,FAABE_NO_IWM,85,0.4364851415157318
Kemerer,10,FAABE_NO_IWM,86,0.4364851415157318
Kemerer,10,FAABE_NO_IWM,87,0.4364851415157318
Kemerer,10,FAABE_NO_IWM,88,0.4364851415157318
Kemerer,10,FAABE_NO_IWM,89,0.4364851415157318
Kemerer,10,FAABE_NO_IWM,90,0.4364851415157318
Kemerer,10,FAABE_NO_IWM,91,0.4364851415157318
Kemerer,10,FAABE_NO_IWM,92,0.4364851415157318
Kemerer,10,FAABE_NO_IWM,93,0.4364851415157318
Kemerer,10,FAABE_NO_IWM,94,0.4364851415157318
Kemerer,10,FAABE_NO_IWM,95,0.4364851415157318
Kemerer,10,FAABE_NO_IWM,96,0.4364851415157318
Kemerer,10,FAABE_NO_IWM,97,0.4364851415157318
Kemerer,10,FAABE_NO_IWM,98,0.4364851415157318
Kemerer,10,FAABE_NO_IWM,99,0.4364851415157318
Kemerer,10,FAABE_NO_IWM,100,0.4364851415157318
Kemerer,10,FAABE_FULL,0,0.4514218270778656
Kemerer,10,FAABE_FULL,1,0.4323890805244446
Kemerer,10,FAABE_FULL,2,0.4323008060455322
Kemerer,10,FAABE_FULL,3,0.43226680159568787
Kemerer,10,FAABE_FULL,4,0.43226680159568787
Kemerer,10,FAABE_FULL,5,0.43226388096809387
Kemerer,10,FAABE_FULL,6,0.4322596788406372
Kemerer,10,FAABE_FULL,7,0.4322596788406372
Kemerer,10,FAABE_FULL,8,0.4322596788406372
Kemerer,10,FAABE_FULL,9,0.4322596788406372
Kemerer,10,FAABE_FULL,10,0.4322596788406372
Kemerer,10,FAABE_FULL,11,0.4322596788406372
Kemerer,10,FAABE_FULL,12,0.4322596788406372
Kemerer,10,FAABE_FULL,13,0.43225958943367004
Kemerer,10,FAABE_FULL,14,0.43225958943367004
Kemerer,10,FAABE_FULL,15,0.43225958943367004
Kemerer,10,FAABE_FULL,16,0.43225958943367004
Kemerer,10,FAABE_FULL,17,0.43225958943367004
Kemerer,10,FAABE_FULL,18,0.43225958943367004
Kemerer,10,FAABE_FULL,19,0.43225958943367004
Kemerer,10,FAABE_FULL,20,0.43225958943367004
Kemerer,10,FAABE_FULL,21,0.43225958943367004
Kemerer,10,FAABE_FULL,22,0.43225958943367004
Kemerer,10,FAABE_FULL,23,0.43225958943367004
Kemerer,10,FAABE_FULL,24,0.43225958943367004
Kemerer,10,FAABE_FULL,25,0.43225958943367004
Kemerer,10,FAABE_FULL,26,0.43225958943367004
Kemerer,10,FAABE_FULL,27,0.43225958943367004
Kemerer,10,FAABE_FULL,28,0.43225958943367004
Kemerer,10,FAABE_FULL,29,0.43225958943367004
Kemerer,10,FAABE_FULL,30,0.43225958943367004
Kemerer,10,FAABE_FULL,31,0.43225958943367004
Kemerer,10,FAABE_FULL,32,0.43225958943367004
Kemerer,10,FAABE_FULL,33,0.43225958943367004
Kemerer,10,FAABE_FULL,34,0.43225958943367004
Kemerer,10,FAABE_FULL,35,0.43225958943367004
Kemerer,10,FAABE_FULL,36,0.43225958943367004
Kemerer,10,FAABE_FULL,37,0.43225958943367004
Kemerer,10,FAABE_FULL,38,0.43225958943367004
Kemerer,10,FAABE_FULL,39,0.43225958943367004
Kemerer,10,FAABE_FULL,40,0.43225958943367004
Kemerer,10,FAABE_FULL,41,0.43225958943367004
Kemerer,10,FAABE_FULL,42,0.43225958943367004
Kemerer,10,FAABE_FULL,43,0.43225958943367004
Kemerer,10,FAABE_FULL,44,0.43225958943367004
Kemerer,10,FAABE_FULL,45,0.43225958943367004
Kemerer,10,FAABE_FULL,46,0.43225958943367004
Kemerer,10,FAABE_FULL,47,0.43225958943367004
Kemerer,10,FAABE_FULL,48,0.43225958943367004
Kemerer,10,FAABE_FULL,49,0.43225958943367004
Kemerer,10,FAABE_FULL,50,0.43225958943367004
Kemerer,10,FAABE_FULL,51,0.43225958943367004
Kemerer,10,FAABE_FULL,52,0.43225958943367004
Kemerer,10,FAABE_FULL,53,0.43225958943367004
Kemerer,10,FAABE_FULL,54,0.43225958943367004
Kemerer,10,FAABE_FULL,55,0.43225958943367004
Kemerer,10,FAABE_FULL,56,0.43225958943367004
Kemerer,10,FAABE_FULL,57,0.43225958943367004
Kemerer,10,FAABE_FULL,58,0.43225958943367004
Kemerer,10,FAABE_FULL,59,0.43225958943367004
Kemerer,10,FAABE_FULL,60,0.43225958943367004
Kemerer,10,FAABE_FULL,61,0.43225958943367004
Kemerer,10,FAABE_FULL,62,0.43225958943367004
Kemerer,10,FAABE_FULL,63,0.43225958943367004
Kemerer,10,FAABE_FULL,64,0.43225958943367004
Kemerer,10,FAABE_FULL,65,0.43225958943367004
Kemerer,10,FAABE_FULL,66,0.43225958943367004
Kemerer,10,FAABE_FULL,67,0.43225958943367004
Kemerer,10,FAABE_FULL,68,0.43225958943367004
Kemerer,10,FAABE_FULL,69,0.43225958943367004
Kemerer,10,FAABE_FULL,70,0.43225958943367004
Kemerer,10,FAABE_FULL,71,0.43225958943367004
Kemerer,10,FAABE_FULL,72,0.43225958943367004
Kemerer,10,FAABE_FULL,73,0.43225958943367004
Kemerer,10,FAABE_FULL,74,0.43225958943367004
Kemerer,10,FAABE_FULL,75,0.43225958943367004
Kemerer,10,FAABE_FULL,76,0.43225958943367004
Kemerer,10,FAABE_FULL,77,0.43225958943367004
Kemerer,10,FAABE_FULL,78,0.43225958943367004
Kemerer,10,FAABE_FULL,79,0.43225958943367004
Kemerer,10,FAABE_FULL,80,0.43225958943367004
Kemerer,10,FAABE_FULL,81,0.43225958943367004
Kemerer,10,FAABE_FULL,82,0.43225958943367004
Kemerer,10,FAABE_FULL,83,0.43225958943367004
Kemerer,10,FAABE_FULL,84,0.43225958943367004
Kemerer,10,FAABE_FULL,85,0.43225958943367004
Kemerer,10,FAABE_FULL,86,0.43225958943367004
Kemerer,10,FAABE_FULL,87,0.43225958943367004
Kemerer,10,FAABE_FULL,88,0.43225958943367004
Kemerer,10,FAABE_FULL,89,0.43225958943367004
Kemerer,10,FAABE_FULL,90,0.43225958943367004
Kemerer,10,FAABE_FULL,91,0.43225958943367004
Kemerer,10,FAABE_FULL,92,0.43225958943367004
Kemerer,10,FAABE_FULL,93,0.43225958943367004
Kemerer,10,FAABE_FULL,94,0.43225958943367004
Kemerer,10,FAABE_FULL,95,0.43225958943367004
Kemerer,10,FAABE_FULL,96,0.43225958943367004
Kemerer,10,FAABE_FULL,97,0.43225958943367004
Kemerer,10,FAABE_FULL,98,0.43225958943367004
Kemerer,10,FAABE_FULL,99,0.43225958943367004
Kemerer,10,FAABE_FULL,100,0.43225958943367004
