Dataset,Fold,Method,Iteration,Best_Training_MMRE,Fitness_Evaluations
Kemerer,1,GA-ABE,0,0.5706716179847717,10
Kemerer,1,GA-ABE,1,0.569800078868866,20
Kemerer,1,GA-ABE,2,0.569800078868866,30
Kemerer,1,GA-ABE,3,0.5680007934570312,40
Kemerer,1,GA-ABE,4,0.5680007934570312,50
Kemerer,1,GA-ABE,5,0.5678337216377258,60
Kemerer,1,GA-ABE,6,0.5678337216377258,70
Kemerer,1,GA-ABE,7,0.5678337216377258,80
Kemerer,1,GA-ABE,8,0.5678337216377258,90
Kemerer,1,GA-ABE,9,0.5678337216377258,100
Kemerer,1,GA-ABE,10,0.5678337216377258,110
Kemerer,1,GA-ABE,11,0.5678337216377258,120
Kemerer,1,GA-ABE,12,0.5678337216377258,130
Kemerer,1,GA-ABE,13,0.5678337216377258,140
Kemerer,1,GA-ABE,14,0.5678337216377258,150
Kemerer,1,GA-ABE,15,0.5678337216377258,160
Kemerer,1,GA-ABE,16,0.5678337216377258,170
Kemerer,1,GA-ABE,17,0.5678337216377258,180
Kemerer,1,GA-ABE,18,0.5678337216377258,190
Kemerer,1,GA-ABE,19,0.5678337216377258,200
Kemerer,1,GA-ABE,20,0.5678337216377258,210
Kemerer,1,GA-ABE,21,0.5573099851608276,220
Kemerer,1,GA-ABE,22,0.5573099255561829,230
Kemerer,1,GA-ABE,23,0.557245135307312,240
Kemerer,1,GA-ABE,24,0.557245135307312,250
Kemerer,1,GA-ABE,25,0.557245135307312,260
Kemerer,1,GA-ABE,26,0.557245135307312,270
Kemerer,1,GA-ABE,27,0.5571925044059753,280
Kemerer,1,GA-ABE,28,0.5571925044059753,290
Kemerer,1,GA-ABE,29,0.554276704788208,300
Kemerer,1,GA-ABE,30,0.554276704788208,310
Kemerer,1,GA-ABE,31,0.554276704788208,320
Kemerer,1,GA-ABE,32,0.5542734265327454,330
Kemerer,1,GA-ABE,33,0.5542734265327454,340
Kemerer,1,GA-ABE,34,0.5542734265327454,350
Kemerer,1,GA-ABE,35,0.5542734265327454,360
Kemerer,1,GA-ABE,36,0.5542734265327454,370
Kemerer,1,GA-ABE,37,0.5542734265327454,380
Kemerer,1,GA-ABE,38,0.5537039637565613,390
Kemerer,1,GA-ABE,39,0.5537039041519165,400
Kemerer,1,GA-ABE,40,0.5537039041519165,410
Kemerer,1,GA-ABE,41,0.5537039041519165,420
Kemerer,1,GA-ABE,42,0.5537039041519165,430
Kemerer,1,GA-ABE,43,0.5537039041519165,440
Kemerer,1,GA-ABE,44,0.5537039041519165,450
Kemerer,1,GA-ABE,45,0.5536633729934692,460
Kemerer,1,GA-ABE,46,0.5536599159240723,470
Kemerer,1,GA-ABE,47,0.5536158680915833,480
Kemerer,1,GA-ABE,48,0.5536158680915833,490
Kemerer,1,GA-ABE,49,0.5536158680915833,500
Kemerer,1,GA-ABE,50,0.5536158680915833,510
Kemerer,1,GA-ABE,51,0.5536158680915833,520
Kemerer,1,GA-ABE,52,0.5536158680915833,530
Kemerer,1,GA-ABE,53,0.5536158680915833,540
Kemerer,1,GA-ABE,54,0.5536158680915833,550
Kemerer,1,GA-ABE,55,0.5536158680915833,560
Kemerer,1,GA-ABE,56,0.5536158680915833,570
Kemerer,1,GA-ABE,57,0.5536158680915833,580
Kemerer,1,GA-ABE,58,0.5536158680915833,590
Kemerer,1,GA-ABE,59,0.5536158680915833,600
Kemerer,1,GA-ABE,60,0.5536158680915833,610
Kemerer,1,GA-ABE,61,0.5536158680915833,620
Kemerer,1,GA-ABE,62,0.5534365773200989,630
Kemerer,1,GA-ABE,63,0.5534365773200989,640
Kemerer,1,GA-ABE,64,0.5531579256057739,650
Kemerer,1,GA-ABE,65,0.5531579256057739,660
Kemerer,1,GA-ABE,66,0.5531579256057739,670
Kemerer,1,GA-ABE,67,0.5531579256057739,680
Kemerer,1,GA-ABE,68,0.5531579256057739,690
Kemerer,1,GA-ABE,69,0.5531579256057739,700
Kemerer,1,GA-ABE,70,0.5531579256057739,710
Kemerer,1,GA-ABE,71,0.5531579256057739,720
Kemerer,1,GA-ABE,72,0.5531579256057739,730
Kemerer,1,GA-ABE,73,0.5531579256057739,740
Kemerer,1,GA-ABE,74,0.5531197786331177,750
Kemerer,1,GA-ABE,75,0.5531197786331177,760
Kemerer,1,GA-ABE,76,0.5531197786331177,770
Kemerer,1,GA-ABE,77,0.5531197786331177,780
Kemerer,1,GA-ABE,78,0.5531197786331177,790
Kemerer,1,GA-ABE,79,0.5531197786331177,800
Kemerer,1,GA-ABE,80,0.5531197786331177,810
Kemerer,1,GA-ABE,81,0.5531197786331177,820
Kemerer,1,GA-ABE,82,0.5531197786331177,830
Kemerer,1,GA-ABE,83,0.5531197786331177,840
Kemerer,1,GA-ABE,84,0.5531197786331177,850
Kemerer,1,GA-ABE,85,0.5531197786331177,860
Kemerer,1,GA-ABE,86,0.5531197786331177,870
Kemerer,1,GA-ABE,87,0.5531197786331177,880
Kemerer,1,GA-ABE,88,0.5531197786331177,890
Kemerer,1,GA-ABE,89,0.5531197786331177,900
Kemerer,1,GA-ABE,90,0.5531197786331177,910
Kemerer,1,GA-ABE,91,0.5531197786331177,920
Kemerer,1,GA-ABE,92,0.5531197786331177,930
Kemerer,1,GA-ABE,93,0.5531197786331177,940
Kemerer,1,GA-ABE,94,0.5531197786331177,950
Kemerer,1,GA-ABE,95,0.5531197786331177,960
Kemerer,1,GA-ABE,96,0.5531197786331177,970
Kemerer,1,GA-ABE,97,0.5531197786331177,980
Kemerer,1,GA-ABE,98,0.5531197786331177,990
Kemerer,1,GA-ABE,99,0.5531197786331177,1000
Kemerer,1,PSO-ABE,0,0.5751298666000366,10
Kemerer,1,PSO-ABE,1,0.5751298666000366,20
Kemerer,1,PSO-ABE,2,0.5751298666000366,30
Kemerer,1,PSO-ABE,3,0.5751298666000366,40
Kemerer,1,PSO-ABE,4,0.5751298666000366,50
Kemerer,1,PSO-ABE,5,0.5729830265045166,60
Kemerer,1,PSO-ABE,6,0.5729830265045166,70
Kemerer,1,PSO-ABE,7,0.5722121596336365,80
Kemerer,1,PSO-ABE,8,0.5709197521209717,90
Kemerer,1,PSO-ABE,9,0.5693641304969788,100
Kemerer,1,PSO-ABE,10,0.5563446879386902,110
Kemerer,1,PSO-ABE,11,0.5563446879386902,120
Kemerer,1,PSO-ABE,12,0.5552309155464172,130
Kemerer,1,PSO-ABE,13,0.5552309155464172,140
Kemerer,1,PSO-ABE,14,0.5531132817268372,150
Kemerer,1,PSO-ABE,15,0.5531132817268372,160
Kemerer,1,PSO-ABE,16,0.5531132817268372,170
Kemerer,1,PSO-ABE,17,0.5531132817268372,180
Kemerer,1,PSO-ABE,18,0.5531132817268372,190
Kemerer,1,PSO-ABE,19,0.5528780221939087,200
Kemerer,1,PSO-ABE,20,0.5528780221939087,210
Kemerer,1,PSO-ABE,21,0.5528780221939087,220
Kemerer,1,PSO-ABE,22,0.5528780221939087,230
Kemerer,1,PSO-ABE,23,0.5528780221939087,240
Kemerer,1,PSO-ABE,24,0.5526822805404663,250
Kemerer,1,PSO-ABE,25,0.5526822805404663,260
Kemerer,1,PSO-ABE,26,0.5525467991828918,270
Kemerer,1,PSO-ABE,27,0.5525467991828918,280
Kemerer,1,PSO-ABE,28,0.5525467991828918,290
Kemerer,1,PSO-ABE,29,0.5525467991828918,300
Kemerer,1,PSO-ABE,30,0.5525467991828918,310
Kemerer,1,PSO-ABE,31,0.5525467991828918,320
Kemerer,1,PSO-ABE,32,0.5525467991828918,330
Kemerer,1,PSO-ABE,33,0.5525467991828918,340
Kemerer,1,PSO-ABE,34,0.5523649454116821,350
Kemerer,1,PSO-ABE,35,0.5523649454116821,360
Kemerer,1,PSO-ABE,36,0.5523649454116821,370
Kemerer,1,PSO-ABE,37,0.5523649454116821,380
Kemerer,1,PSO-ABE,38,0.5523649454116821,390
Kemerer,1,PSO-ABE,39,0.5523649454116821,400
Kemerer,1,PSO-ABE,40,0.5523649454116821,410
Kemerer,1,PSO-ABE,41,0.5523649454116821,420
Kemerer,1,PSO-ABE,42,0.5523649454116821,430
Kemerer,1,PSO-ABE,43,0.5523455739021301,440
Kemerer,1,PSO-ABE,44,0.5523455739021301,450
Kemerer,1,PSO-ABE,45,0.5523455739021301,460
Kemerer,1,PSO-ABE,46,0.5523455739021301,470
Kemerer,1,PSO-ABE,47,0.5523455739021301,480
Kemerer,1,PSO-ABE,48,0.5523455739021301,490
Kemerer,1,PSO-ABE,49,0.5523366928100586,500
Kemerer,1,PSO-ABE,50,0.5523334741592407,510
Kemerer,1,PSO-ABE,51,0.5523311495780945,520
Kemerer,1,PSO-ABE,52,0.5523311495780945,530
Kemerer,1,PSO-ABE,53,0.5523310899734497,540
Kemerer,1,PSO-ABE,54,0.5523310899734497,550
Kemerer,1,PSO-ABE,55,0.5523310899734497,560
Kemerer,1,PSO-ABE,56,0.5523298382759094,570
Kemerer,1,PSO-ABE,57,0.5523298382759094,580
Kemerer,1,PSO-ABE,58,0.5523292422294617,590
Kemerer,1,PSO-ABE,59,0.5523286461830139,600
Kemerer,1,PSO-ABE,60,0.5523281097412109,610
Kemerer,1,PSO-ABE,61,0.5523278117179871,620
Kemerer,1,PSO-ABE,62,0.5523275136947632,630
Kemerer,1,PSO-ABE,63,0.5523273348808289,640
Kemerer,1,PSO-ABE,64,0.5523272156715393,650
Kemerer,1,PSO-ABE,65,0.5523270964622498,660
Kemerer,1,PSO-ABE,66,0.552327036857605,670
Kemerer,1,PSO-ABE,67,0.552327036857605,680
Kemerer,1,PSO-ABE,68,0.552327036857605,690
Kemerer,1,PSO-ABE,69,0.552327036857605,700
Kemerer,1,PSO-ABE,70,0.552327036857605,710
Kemerer,1,PSO-ABE,71,0.552327036857605,720
Kemerer,1,PSO-ABE,72,0.552327036857605,730
Kemerer,1,PSO-ABE,73,0.552327036857605,740
Kemerer,1,PSO-ABE,74,0.552327036857605,750
Kemerer,1,PSO-ABE,75,0.552327036857605,760
Kemerer,1,PSO-ABE,76,0.552327036857605,770
Kemerer,1,PSO-ABE,77,0.5523269772529602,780
Kemerer,1,PSO-ABE,78,0.5523269772529602,790
Kemerer,1,PSO-ABE,79,0.5523220896720886,800
Kemerer,1,PSO-ABE,80,0.5523220896720886,810
Kemerer,1,PSO-ABE,81,0.5523211359977722,820
Kemerer,1,PSO-ABE,82,0.5523180961608887,830
Kemerer,1,PSO-ABE,83,0.5523158311843872,840
Kemerer,1,PSO-ABE,84,0.5523158311843872,850
Kemerer,1,PSO-ABE,85,0.5523155927658081,860
Kemerer,1,PSO-ABE,86,0.5523155927658081,870
Kemerer,1,PSO-ABE,87,0.5523155927658081,880
Kemerer,1,PSO-ABE,88,0.5523155927658081,890
Kemerer,1,PSO-ABE,89,0.5523155927658081,900
Kemerer,1,PSO-ABE,90,0.5523155927658081,910
Kemerer,1,PSO-ABE,91,0.5523155927658081,920
Kemerer,1,PSO-ABE,92,0.5523155927658081,930
Kemerer,1,PSO-ABE,93,0.5523151755332947,940
Kemerer,1,PSO-ABE,94,0.5523151755332947,950
Kemerer,1,PSO-ABE,95,0.5523151755332947,960
Kemerer,1,PSO-ABE,96,0.5523151755332947,970
Kemerer,1,PSO-ABE,97,0.5523149371147156,980
Kemerer,1,PSO-ABE,98,0.5523149371147156,990
Kemerer,1,PSO-ABE,99,0.5523149371147156,1000
Kemerer,1,DE-ABE,0,0.5781400799751282,10
Kemerer,1,DE-ABE,1,0.5775719881057739,20
Kemerer,1,DE-ABE,2,0.5737034678459167,30
Kemerer,1,DE-ABE,3,0.5572435855865479,40
Kemerer,1,DE-ABE,4,0.5558406710624695,50
Kemerer,1,DE-ABE,5,0.5558406710624695,60
Kemerer,1,DE-ABE,6,0.5558406710624695,70
Kemerer,1,DE-ABE,7,0.5558406710624695,80
Kemerer,1,DE-ABE,8,0.5558406710624695,90
Kemerer,1,DE-ABE,9,0.5558406710624695,100
Kemerer,1,DE-ABE,10,0.5558406710624695,110
Kemerer,1,DE-ABE,11,0.5558406710624695,120
Kemerer,1,DE-ABE,12,0.5558406710624695,130
Kemerer,1,DE-ABE,13,0.5557808876037598,140
Kemerer,1,DE-ABE,14,0.5557808876037598,150
Kemerer,1,DE-ABE,15,0.5534600019454956,160
Kemerer,1,DE-ABE,16,0.5534600019454956,170
Kemerer,1,DE-ABE,17,0.5534600019454956,180
Kemerer,1,DE-ABE,18,0.5534600019454956,190
Kemerer,1,DE-ABE,19,0.5534600019454956,200
Kemerer,1,DE-ABE,20,0.5534600019454956,210
Kemerer,1,DE-ABE,21,0.5534600019454956,220
Kemerer,1,DE-ABE,22,0.552899956703186,230
Kemerer,1,DE-ABE,23,0.552899956703186,240
Kemerer,1,DE-ABE,24,0.5528311729431152,250
Kemerer,1,DE-ABE,25,0.5528311729431152,260
Kemerer,1,DE-ABE,26,0.5528311729431152,270
Kemerer,1,DE-ABE,27,0.5528311729431152,280
Kemerer,1,DE-ABE,28,0.5528311729431152,290
Kemerer,1,DE-ABE,29,0.5528311729431152,300
Kemerer,1,DE-ABE,30,0.5528296828269958,310
Kemerer,1,DE-ABE,31,0.5527903437614441,320
Kemerer,1,DE-ABE,32,0.5527903437614441,330
Kemerer,1,DE-ABE,33,0.5527790188789368,340
Kemerer,1,DE-ABE,34,0.5527790188789368,350
Kemerer,1,DE-ABE,35,0.5527790188789368,360
Kemerer,1,DE-ABE,36,0.5527790188789368,370
Kemerer,1,DE-ABE,37,0.5527780652046204,380
Kemerer,1,DE-ABE,38,0.5527762174606323,390
Kemerer,1,DE-ABE,39,0.5527758002281189,400
Kemerer,1,DE-ABE,40,0.5527700185775757,410
Kemerer,1,DE-ABE,41,0.5527700185775757,420
Kemerer,1,DE-ABE,42,0.5527700185775757,430
Kemerer,1,DE-ABE,43,0.5527698397636414,440
Kemerer,1,DE-ABE,44,0.5527682304382324,450
Kemerer,1,DE-ABE,45,0.5527682304382324,460
Kemerer,1,DE-ABE,46,0.5527680516242981,470
Kemerer,1,DE-ABE,47,0.5527678728103638,480
Kemerer,1,DE-ABE,48,0.5527640581130981,490
Kemerer,1,DE-ABE,49,0.5527640581130981,500
Kemerer,1,DE-ABE,50,0.5527640581130981,510
Kemerer,1,DE-ABE,51,0.5527636408805847,520
Kemerer,1,DE-ABE,52,0.5527597665786743,530
Kemerer,1,DE-ABE,53,0.5527593493461609,540
Kemerer,1,DE-ABE,54,0.5527582168579102,550
Kemerer,1,DE-ABE,55,0.5527582168579102,560
Kemerer,1,DE-ABE,56,0.552756667137146,570
Kemerer,1,DE-ABE,57,0.5527547001838684,580
Kemerer,1,DE-ABE,58,0.5527533292770386,590
Kemerer,1,DE-ABE,59,0.5527528524398804,600
Kemerer,1,DE-ABE,60,0.5527461171150208,610
Kemerer,1,DE-ABE,61,0.5527461171150208,620
Kemerer,1,DE-ABE,62,0.5527459979057312,630
Kemerer,1,DE-ABE,63,0.552742600440979,640
Kemerer,1,DE-ABE,64,0.5527416467666626,650
Kemerer,1,DE-ABE,65,0.552739143371582,660
Kemerer,1,DE-ABE,66,0.5527340173721313,670
Kemerer,1,DE-ABE,67,0.5527310371398926,680
Kemerer,1,DE-ABE,68,0.5527310371398926,690
Kemerer,1,DE-ABE,69,0.5527291297912598,700
Kemerer,1,DE-ABE,70,0.5527291297912598,710
Kemerer,1,DE-ABE,71,0.5527280569076538,720
Kemerer,1,DE-ABE,72,0.5527280569076538,730
Kemerer,1,DE-ABE,73,0.5527280569076538,740
Kemerer,1,DE-ABE,74,0.5527280569076538,750
Kemerer,1,DE-ABE,75,0.5527276992797852,760
Kemerer,1,DE-ABE,76,0.5527271032333374,770
Kemerer,1,DE-ABE,77,0.5527270436286926,780
Kemerer,1,DE-ABE,78,0.5527269840240479,790
Kemerer,1,DE-ABE,79,0.5527269244194031,800
Kemerer,1,DE-ABE,80,0.5527269244194031,810
Kemerer,1,DE-ABE,81,0.5527268648147583,820
Kemerer,1,DE-ABE,82,0.5527268648147583,830
Kemerer,1,DE-ABE,83,0.5527268648147583,840
Kemerer,1,DE-ABE,84,0.5527268052101135,850
Kemerer,1,DE-ABE,85,0.5527268052101135,860
Kemerer,1,DE-ABE,86,0.5527267456054688,870
Kemerer,1,DE-ABE,87,0.5527267456054688,880
Kemerer,1,DE-ABE,88,0.5527267456054688,890
Kemerer,1,DE-ABE,89,0.5527267456054688,900
Kemerer,1,DE-ABE,90,0.5527267456054688,910
Kemerer,1,DE-ABE,91,0.5527266263961792,920
Kemerer,1,DE-ABE,92,0.5527265667915344,930
Kemerer,1,DE-ABE,93,0.5527263879776001,940
Kemerer,1,DE-ABE,94,0.5527263879776001,950
Kemerer,1,DE-ABE,95,0.5527263879776001,960
Kemerer,1,DE-ABE,96,0.5527263879776001,970
Kemerer,1,DE-ABE,97,0.5527263283729553,980
Kemerer,1,DE-ABE,98,0.552726149559021,990
Kemerer,1,DE-ABE,99,0.552726149559021,1000
Kemerer,1,GWO-ABE,0,0.5974899530410767,10
Kemerer,1,GWO-ABE,1,0.5640410780906677,20
Kemerer,1,GWO-ABE,2,0.5737218856811523,30
Kemerer,1,GWO-ABE,3,0.5631389617919922,40
Kemerer,1,GWO-ABE,4,0.5628750920295715,50
Kemerer,1,GWO-ABE,5,0.5738943815231323,60
Kemerer,1,GWO-ABE,6,0.569494903087616,70
Kemerer,1,GWO-ABE,7,0.5720697045326233,80
Kemerer,1,GWO-ABE,8,0.569441020488739,90
Kemerer,1,GWO-ABE,9,0.5688815712928772,100
Kemerer,1,GWO-ABE,10,0.5629830360412598,110
Kemerer,1,GWO-ABE,11,0.5705549716949463,120
Kemerer,1,GWO-ABE,12,0.5683826208114624,130
Kemerer,1,GWO-ABE,13,0.5683565139770508,140
Kemerer,1,GWO-ABE,14,0.5634682178497314,150
Kemerer,1,GWO-ABE,15,0.5709657073020935,160
Kemerer,1,GWO-ABE,16,0.5700156092643738,170
Kemerer,1,GWO-ABE,17,0.5538813471794128,180
Kemerer,1,GWO-ABE,18,0.5702459216117859,190
Kemerer,1,GWO-ABE,19,0.5696902871131897,200
Kemerer,1,GWO-ABE,20,0.5684660077095032,210
Kemerer,1,GWO-ABE,21,0.5726589560508728,220
Kemerer,1,GWO-ABE,22,0.5708354115486145,230
Kemerer,1,GWO-ABE,23,0.5562083125114441,240
Kemerer,1,GWO-ABE,24,0.5675091743469238,250
Kemerer,1,GWO-ABE,25,0.5570316314697266,260
Kemerer,1,GWO-ABE,26,0.5713569521903992,270
Kemerer,1,GWO-ABE,27,0.5691156387329102,280
Kemerer,1,GWO-ABE,28,0.5704164505004883,290
Kemerer,1,GWO-ABE,29,0.5750042796134949,300
Kemerer,1,GWO-ABE,30,0.571399986743927,310
Kemerer,1,GWO-ABE,31,0.5723001956939697,320
Kemerer,1,GWO-ABE,32,0.5712314248085022,330
Kemerer,1,GWO-ABE,33,0.572439432144165,340
Kemerer,1,GWO-ABE,34,0.5698881149291992,350
Kemerer,1,GWO-ABE,35,0.5635391473770142,360
Kemerer,1,GWO-ABE,36,0.5631328821182251,370
Kemerer,1,GWO-ABE,37,0.5631623864173889,380
Kemerer,1,GWO-ABE,38,0.5637391209602356,390
Kemerer,1,GWO-ABE,39,0.5641593337059021,400
Kemerer,1,GWO-ABE,40,0.563891589641571,410
Kemerer,1,GWO-ABE,41,0.5636066794395447,420
Kemerer,1,GWO-ABE,42,0.5631487965583801,430
Kemerer,1,GWO-ABE,43,0.5635972023010254,440
Kemerer,1,GWO-ABE,44,0.5693807601928711,450
Kemerer,1,GWO-ABE,45,0.5634371042251587,460
Kemerer,1,GWO-ABE,46,0.5565624237060547,470
Kemerer,1,GWO-ABE,47,0.5573240518569946,480
Kemerer,1,GWO-ABE,48,0.5707999467849731,490
Kemerer,1,GWO-ABE,49,0.5691280961036682,500
Kemerer,1,GWO-ABE,50,0.5664410591125488,510
Kemerer,1,GWO-ABE,51,0.5679898262023926,520
Kemerer,1,GWO-ABE,52,0.5644237995147705,530
Kemerer,1,GWO-ABE,53,0.5723550915718079,540
Kemerer,1,GWO-ABE,54,0.5689284205436707,550
Kemerer,1,GWO-ABE,55,0.5634940266609192,560
Kemerer,1,GWO-ABE,56,0.5707885026931763,570
Kemerer,1,GWO-ABE,57,0.5635549426078796,580
Kemerer,1,GWO-ABE,58,0.5710752010345459,590
Kemerer,1,GWO-ABE,59,0.5637213587760925,600
Kemerer,1,GWO-ABE,60,0.5634865164756775,610
Kemerer,1,GWO-ABE,61,0.5701233744621277,620
Kemerer,1,GWO-ABE,62,0.5688349604606628,630
Kemerer,1,GWO-ABE,63,0.5685986280441284,640
Kemerer,1,GWO-ABE,64,0.5690414905548096,650
Kemerer,1,GWO-ABE,65,0.5633960962295532,660
Kemerer,1,GWO-ABE,66,0.5638100504875183,670
Kemerer,1,GWO-ABE,67,0.5634430050849915,680
Kemerer,1,GWO-ABE,68,0.5633180737495422,690
Kemerer,1,GWO-ABE,69,0.5688245892524719,700
Kemerer,1,GWO-ABE,70,0.5632220506668091,710
Kemerer,1,GWO-ABE,71,0.5693749785423279,720
Kemerer,1,GWO-ABE,72,0.5632092356681824,730
Kemerer,1,GWO-ABE,73,0.5704928636550903,740
Kemerer,1,GWO-ABE,74,0.569168746471405,750
Kemerer,1,GWO-ABE,75,0.5690888166427612,760
Kemerer,1,GWO-ABE,76,0.5687642693519592,770
Kemerer,1,GWO-ABE,77,0.5686473846435547,780
Kemerer,1,GWO-ABE,78,0.5690410733222961,790
Kemerer,1,GWO-ABE,79,0.5690242052078247,800
Kemerer,1,GWO-ABE,80,0.5691644549369812,810
Kemerer,1,GWO-ABE,81,0.5687209367752075,820
Kemerer,1,GWO-ABE,82,0.568970263004303,830
Kemerer,1,GWO-ABE,83,0.5686870813369751,840
Kemerer,1,GWO-ABE,84,0.56923907995224,850
Kemerer,1,GWO-ABE,85,0.5690618753433228,860
Kemerer,1,GWO-ABE,86,0.5688893795013428,870
Kemerer,1,GWO-ABE,87,0.569137454032898,880
Kemerer,1,GWO-ABE,88,0.5692639350891113,890
Kemerer,1,GWO-ABE,89,0.568983256816864,900
Kemerer,1,GWO-ABE,90,0.5687695145606995,910
Kemerer,1,GWO-ABE,91,0.5687174797058105,920
Kemerer,1,GWO-ABE,92,0.5687963366508484,930
Kemerer,1,GWO-ABE,93,0.5686943531036377,940
Kemerer,1,GWO-ABE,94,0.5688707232475281,950
Kemerer,1,GWO-ABE,95,0.5687188506126404,960
Kemerer,1,GWO-ABE,96,0.5688165426254272,970
Kemerer,1,GWO-ABE,97,0.568742036819458,980
Kemerer,1,GWO-ABE,98,0.5687371492385864,990
Kemerer,1,GWO-ABE,99,0.5687094926834106,1000
Kemerer,1,WOA-ABE,0,0.5744055509567261,10
Kemerer,1,WOA-ABE,1,0.5741767287254333,20
Kemerer,1,WOA-ABE,2,0.5732027888298035,30
Kemerer,1,WOA-ABE,3,0.5724413394927979,40
Kemerer,1,WOA-ABE,4,0.5722445249557495,50
Kemerer,1,WOA-ABE,5,0.5711318254470825,60
Kemerer,1,WOA-ABE,6,0.5711318254470825,70
Kemerer,1,WOA-ABE,7,0.5711318254470825,80
Kemerer,1,WOA-ABE,8,0.5685204267501831,90
Kemerer,1,WOA-ABE,9,0.568071722984314,100
Kemerer,1,WOA-ABE,10,0.5680311322212219,110
Kemerer,1,WOA-ABE,11,0.5680099129676819,120
Kemerer,1,WOA-ABE,12,0.5679673552513123,130
Kemerer,1,WOA-ABE,13,0.5679402351379395,140
Kemerer,1,WOA-ABE,14,0.5679289698600769,150
Kemerer,1,WOA-ABE,15,0.5679283142089844,160
Kemerer,1,WOA-ABE,16,0.5679283142089844,170
Kemerer,1,WOA-ABE,17,0.5679283142089844,180
Kemerer,1,WOA-ABE,18,0.5679283142089844,190
Kemerer,1,WOA-ABE,19,0.5679283142089844,200
Kemerer,1,WOA-ABE,20,0.567927360534668,210
Kemerer,1,WOA-ABE,21,0.567927360534668,220
Kemerer,1,WOA-ABE,22,0.567927360534668,230
Kemerer,1,WOA-ABE,23,0.567927360534668,240
Kemerer,1,WOA-ABE,24,0.567927360534668,250
Kemerer,1,WOA-ABE,25,0.567927360534668,260
Kemerer,1,WOA-ABE,26,0.567927360534668,270
Kemerer,1,WOA-ABE,27,0.567927360534668,280
Kemerer,1,WOA-ABE,28,0.567927360534668,290
Kemerer,1,WOA-ABE,29,0.567927360534668,300
Kemerer,1,WOA-ABE,30,0.567927360534668,310
Kemerer,1,WOA-ABE,31,0.567927360534668,320
Kemerer,1,WOA-ABE,32,0.567927360534668,330
Kemerer,1,WOA-ABE,33,0.567927360534668,340
Kemerer,1,WOA-ABE,34,0.567927360534668,350
Kemerer,1,WOA-ABE,35,0.567927360534668,360
Kemerer,1,WOA-ABE,36,0.567927360534668,370
Kemerer,1,WOA-ABE,37,0.567927360534668,380
Kemerer,1,WOA-ABE,38,0.5679273009300232,390
Kemerer,1,WOA-ABE,39,0.5679269433021545,400
Kemerer,1,WOA-ABE,40,0.5679269433021545,410
Kemerer,1,WOA-ABE,41,0.5679269433021545,420
Kemerer,1,WOA-ABE,42,0.5679269433021545,430
Kemerer,1,WOA-ABE,43,0.5679269433021545,440
Kemerer,1,WOA-ABE,44,0.5679269433021545,450
Kemerer,1,WOA-ABE,45,0.5679269433021545,460
Kemerer,1,WOA-ABE,46,0.5679269433021545,470
Kemerer,1,WOA-ABE,47,0.5679269433021545,480
Kemerer,1,WOA-ABE,48,0.5679267644882202,490
Kemerer,1,WOA-ABE,49,0.5679267644882202,500
Kemerer,1,WOA-ABE,50,0.5679267644882202,510
Kemerer,1,WOA-ABE,51,0.5679267644882202,520
Kemerer,1,WOA-ABE,52,0.5679267644882202,530
Kemerer,1,WOA-ABE,53,0.5679267644882202,540
Kemerer,1,WOA-ABE,54,0.5679267644882202,550
Kemerer,1,WOA-ABE,55,0.5679267644882202,560
Kemerer,1,WOA-ABE,56,0.5679267644882202,570
Kemerer,1,WOA-ABE,57,0.5679267644882202,580
Kemerer,1,WOA-ABE,58,0.5679265260696411,590
Kemerer,1,WOA-ABE,59,0.5679265260696411,600
Kemerer,1,WOA-ABE,60,0.5679265260696411,610
Kemerer,1,WOA-ABE,61,0.5679265260696411,620
Kemerer,1,WOA-ABE,62,0.5679265260696411,630
Kemerer,1,WOA-ABE,63,0.5679265260696411,640
Kemerer,1,WOA-ABE,64,0.5679265260696411,650
Kemerer,1,WOA-ABE,65,0.5679265260696411,660
Kemerer,1,WOA-ABE,66,0.5679265260696411,670
Kemerer,1,WOA-ABE,67,0.5679265260696411,680
Kemerer,1,WOA-ABE,68,0.5679265260696411,690
Kemerer,1,WOA-ABE,69,0.5679265260696411,700
Kemerer,1,WOA-ABE,70,0.5641854405403137,710
Kemerer,1,WOA-ABE,71,0.5636635422706604,720
Kemerer,1,WOA-ABE,72,0.5636131167411804,730
Kemerer,1,WOA-ABE,73,0.5632891058921814,740
Kemerer,1,WOA-ABE,74,0.5631309151649475,750
Kemerer,1,WOA-ABE,75,0.5629784464836121,760
Kemerer,1,WOA-ABE,76,0.5629001259803772,770
Kemerer,1,WOA-ABE,77,0.5629001259803772,780
Kemerer,1,WOA-ABE,78,0.5628359913825989,790
Kemerer,1,WOA-ABE,79,0.5628359913825989,800
Kemerer,1,WOA-ABE,80,0.5628359913825989,810
Kemerer,1,WOA-ABE,81,0.5628359913825989,820
Kemerer,1,WOA-ABE,82,0.5628358125686646,830
Kemerer,1,WOA-ABE,83,0.5628180503845215,840
Kemerer,1,WOA-ABE,84,0.5627943873405457,850
Kemerer,1,WOA-ABE,85,0.5627943873405457,860
Kemerer,1,WOA-ABE,86,0.5627943873405457,870
Kemerer,1,WOA-ABE,87,0.5627924799919128,880
Kemerer,1,WOA-ABE,88,0.5627866387367249,890
Kemerer,1,WOA-ABE,89,0.5627787709236145,900
Kemerer,1,WOA-ABE,90,0.5627384185791016,910
Kemerer,1,WOA-ABE,91,0.5627380609512329,920
Kemerer,1,WOA-ABE,92,0.5627371072769165,930
Kemerer,1,WOA-ABE,93,0.5627323985099792,940
Kemerer,1,WOA-ABE,94,0.562731921672821,950
Kemerer,1,WOA-ABE,95,0.562731921672821,960
Kemerer,1,WOA-ABE,96,0.5627316832542419,970
Kemerer,1,WOA-ABE,97,0.5627313852310181,980
Kemerer,1,WOA-ABE,98,0.5627313852310181,990
Kemerer,1,WOA-ABE,99,0.5627133846282959,1000
Kemerer,1,FAABE,0,0.5776556134223938,10
Kemerer,1,FAABE,1,0.5776556134223938,20
Kemerer,1,FAABE,2,0.5776556134223938,30
Kemerer,1,FAABE,3,0.576750636100769,40
Kemerer,1,FAABE,4,0.5715955495834351,50
Kemerer,1,FAABE,5,0.5715955495834351,60
Kemerer,1,FAABE,6,0.5706607699394226,70
Kemerer,1,FAABE,7,0.5706607699394226,80
Kemerer,1,FAABE,8,0.5706607699394226,90
Kemerer,1,FAABE,9,0.5706607699394226,100
Kemerer,1,FAABE,10,0.5706607699394226,110
Kemerer,1,FAABE,11,0.5706607699394226,120
Kemerer,1,FAABE,12,0.5706607699394226,130
Kemerer,1,FAABE,13,0.5703156590461731,140
Kemerer,1,FAABE,14,0.5701772570610046,150
Kemerer,1,FAABE,15,0.5701772570610046,160
Kemerer,1,FAABE,16,0.5701772570610046,170
Kemerer,1,FAABE,17,0.5701772570610046,180
Kemerer,1,FAABE,18,0.5701772570610046,190
Kemerer,1,FAABE,19,0.5682961940765381,200
Kemerer,1,FAABE,20,0.5682961940765381,210
Kemerer,1,FAABE,21,0.5682961940765381,220
Kemerer,1,FAABE,22,0.5682961940765381,230
Kemerer,1,FAABE,23,0.5682961940765381,240
Kemerer,1,FAABE,24,0.5682961940765381,250
Kemerer,1,FAABE,25,0.5682961940765381,260
Kemerer,1,FAABE,26,0.5682961940765381,270
Kemerer,1,FAABE,27,0.5675817728042603,280
Kemerer,1,FAABE,28,0.5675817728042603,290
Kemerer,1,FAABE,29,0.5675817728042603,300
Kemerer,1,FAABE,30,0.5675817728042603,310
Kemerer,1,FAABE,31,0.5675817728042603,320
Kemerer,1,FAABE,32,0.5675817728042603,330
Kemerer,1,FAABE,33,0.5675817728042603,340
Kemerer,1,FAABE,34,0.5675817728042603,350
Kemerer,1,FAABE,35,0.5675817728042603,360
Kemerer,1,FAABE,36,0.5581425428390503,370
Kemerer,1,FAABE,37,0.5581425428390503,380
Kemerer,1,FAABE,38,0.5581425428390503,390
Kemerer,1,FAABE,39,0.5581425428390503,400
Kemerer,1,FAABE,40,0.5581425428390503,410
Kemerer,1,FAABE,41,0.5550799369812012,420
Kemerer,1,FAABE,42,0.5550799369812012,430
Kemerer,1,FAABE,43,0.5550799369812012,440
Kemerer,1,FAABE,44,0.5550799369812012,450
Kemerer,1,FAABE,45,0.5550799369812012,460
Kemerer,1,FAABE,46,0.5529659986495972,470
Kemerer,1,FAABE,47,0.5529659986495972,480
Kemerer,1,FAABE,48,0.5529659986495972,490
Kemerer,1,FAABE,49,0.5529659986495972,500
Kemerer,1,FAABE,50,0.5529659986495972,510
Kemerer,1,FAABE,51,0.5529659986495972,520
Kemerer,1,FAABE,52,0.5529659986495972,530
Kemerer,1,FAABE,53,0.5529659986495972,540
Kemerer,1,FAABE,54,0.5529659986495972,550
Kemerer,1,FAABE,55,0.5529659986495972,560
Kemerer,1,FAABE,56,0.5529659986495972,570
Kemerer,1,FAABE,57,0.5529659986495972,580
Kemerer,1,FAABE,58,0.5529659986495972,590
Kemerer,1,FAABE,59,0.5529659986495972,600
Kemerer,1,FAABE,60,0.5529659986495972,610
Kemerer,1,FAABE,61,0.5529659986495972,620
Kemerer,1,FAABE,62,0.5529659986495972,630
Kemerer,1,FAABE,63,0.5529659986495972,640
Kemerer,1,FAABE,64,0.5529659986495972,650
Kemerer,1,FAABE,65,0.5529659986495972,660
Kemerer,1,FAABE,66,0.5529659986495972,670
Kemerer,1,FAABE,67,0.5529659986495972,680
Kemerer,1,FAABE,68,0.5529659986495972,690
Kemerer,1,FAABE,69,0.5529659986495972,700
Kemerer,1,FAABE,70,0.5529659986495972,710
Kemerer,1,FAABE,71,0.5529659986495972,720
Kemerer,1,FAABE,72,0.5529659986495972,730
Kemerer,1,FAABE,73,0.5529659986495972,740
Kemerer,1,FAABE,74,0.5529659986495972,750
Kemerer,1,FAABE,75,0.5529659986495972,760
Kemerer,1,FAABE,76,0.5529659986495972,770
Kemerer,1,FAABE,77,0.5529659986495972,780
Kemerer,1,FAABE,78,0.5529659986495972,790
Kemerer,1,FAABE,79,0.5529659986495972,800
Kemerer,1,FAABE,80,0.5529659986495972,810
Kemerer,1,FAABE,81,0.5529659986495972,820
Kemerer,1,FAABE,82,0.5529659986495972,830
Kemerer,1,FAABE,83,0.5529659986495972,840
Kemerer,1,FAABE,84,0.5529659986495972,850
Kemerer,1,FAABE,85,0.5529659986495972,860
Kemerer,1,FAABE,86,0.5529659986495972,870
Kemerer,1,FAABE,87,0.5529659986495972,880
Kemerer,1,FAABE,88,0.5529659986495972,890
Kemerer,1,FAABE,89,0.5529659986495972,900
Kemerer,1,FAABE,90,0.5529659986495972,910
Kemerer,1,FAABE,91,0.5529659986495972,920
Kemerer,1,FAABE,92,0.5529659986495972,930
Kemerer,1,FAABE,93,0.5529659986495972,940
Kemerer,1,FAABE,94,0.5529659986495972,950
Kemerer,1,FAABE,95,0.5529659986495972,960
Kemerer,1,FAABE,96,0.5529659986495972,970
Kemerer,1,FAABE,97,0.5529659986495972,980
Kemerer,1,FAABE,98,0.5529659986495972,990
Kemerer,1,FAABE,99,0.5529659986495972,1000
Kemerer,2,GA-ABE,0,0.6108620762825012,10
Kemerer,2,GA-ABE,1,0.6108620762825012,20
Kemerer,2,GA-ABE,2,0.6108620762825012,30
Kemerer,2,GA-ABE,3,0.608314573764801,40
Kemerer,2,GA-ABE,4,0.608314573764801,50
Kemerer,2,GA-ABE,5,0.6078020334243774,60
Kemerer,2,GA-ABE,6,0.5568404197692871,70
Kemerer,2,GA-ABE,7,0.5568404197692871,80
Kemerer,2,GA-ABE,8,0.5568404197692871,90
Kemerer,2,GA-ABE,9,0.5568404197692871,100
Kemerer,2,GA-ABE,10,0.5568404197692871,110
Kemerer,2,GA-ABE,11,0.5562438368797302,120
Kemerer,2,GA-ABE,12,0.5562438368797302,130
Kemerer,2,GA-ABE,13,0.5562438368797302,140
Kemerer,2,GA-ABE,14,0.5562437772750854,150
Kemerer,2,GA-ABE,15,0.5562437772750854,160
Kemerer,2,GA-ABE,16,0.5562437772750854,170
Kemerer,2,GA-ABE,17,0.5562437772750854,180
Kemerer,2,GA-ABE,18,0.5562437772750854,190
Kemerer,2,GA-ABE,19,0.5562437772750854,200
Kemerer,2,GA-ABE,20,0.5556614995002747,210
Kemerer,2,GA-ABE,21,0.5556614995002747,220
Kemerer,2,GA-ABE,22,0.5556614995002747,230
Kemerer,2,GA-ABE,23,0.5556614995002747,240
Kemerer,2,GA-ABE,24,0.5556614995002747,250
Kemerer,2,GA-ABE,25,0.5556614995002747,260
Kemerer,2,GA-ABE,26,0.5556614995002747,270
Kemerer,2,GA-ABE,27,0.5556614995002747,280
Kemerer,2,GA-ABE,28,0.5556614995002747,290
Kemerer,2,GA-ABE,29,0.5556614995002747,300
Kemerer,2,GA-ABE,30,0.5556614995002747,310
Kemerer,2,GA-ABE,31,0.5556614995002747,320
Kemerer,2,GA-ABE,32,0.5556614995002747,330
Kemerer,2,GA-ABE,33,0.5556614995002747,340
Kemerer,2,GA-ABE,34,0.5556614995002747,350
Kemerer,2,GA-ABE,35,0.5556614995002747,360
Kemerer,2,GA-ABE,36,0.5556614995002747,370
Kemerer,2,GA-ABE,37,0.5556614995002747,380
Kemerer,2,GA-ABE,38,0.5556614995002747,390
Kemerer,2,GA-ABE,39,0.5556614995002747,400
Kemerer,2,GA-ABE,40,0.5556614995002747,410
Kemerer,2,GA-ABE,41,0.5556614995002747,420
Kemerer,2,GA-ABE,42,0.5556614995002747,430
Kemerer,2,GA-ABE,43,0.5556614995002747,440
Kemerer,2,GA-ABE,44,0.5556614995002747,450
Kemerer,2,GA-ABE,45,0.5556614995002747,460
Kemerer,2,GA-ABE,46,0.5556614995002747,470
Kemerer,2,GA-ABE,47,0.5556614995002747,480
Kemerer,2,GA-ABE,48,0.5556614995002747,490
Kemerer,2,GA-ABE,49,0.5556614995002747,500
Kemerer,2,GA-ABE,50,0.5556614995002747,510
Kemerer,2,GA-ABE,51,0.5556614995002747,520
Kemerer,2,GA-ABE,52,0.5556614995002747,530
Kemerer,2,GA-ABE,53,0.5556614995002747,540
Kemerer,2,GA-ABE,54,0.5556614995002747,550
Kemerer,2,GA-ABE,55,0.5556614995002747,560
Kemerer,2,GA-ABE,56,0.5556614995002747,570
Kemerer,2,GA-ABE,57,0.5556614995002747,580
Kemerer,2,GA-ABE,58,0.5556614995002747,590
Kemerer,2,GA-ABE,59,0.5556614995002747,600
Kemerer,2,GA-ABE,60,0.5556614995002747,610
Kemerer,2,GA-ABE,61,0.5556614995002747,620
Kemerer,2,GA-ABE,62,0.5556614995002747,630
Kemerer,2,GA-ABE,63,0.5556614995002747,640
Kemerer,2,GA-ABE,64,0.5556614995002747,650
Kemerer,2,GA-ABE,65,0.5556614995002747,660
Kemerer,2,GA-ABE,66,0.5556614995002747,670
Kemerer,2,GA-ABE,67,0.5556614995002747,680
Kemerer,2,GA-ABE,68,0.5556614995002747,690
Kemerer,2,GA-ABE,69,0.5556614995002747,700
Kemerer,2,GA-ABE,70,0.5556614995002747,710
Kemerer,2,GA-ABE,71,0.5556614995002747,720
Kemerer,2,GA-ABE,72,0.5556614995002747,730
Kemerer,2,GA-ABE,73,0.5556614995002747,740
Kemerer,2,GA-ABE,74,0.5556614995002747,750
Kemerer,2,GA-ABE,75,0.5556614995002747,760
Kemerer,2,GA-ABE,76,0.5556614995002747,770
Kemerer,2,GA-ABE,77,0.5556614995002747,780
Kemerer,2,GA-ABE,78,0.5556614995002747,790
Kemerer,2,GA-ABE,79,0.5556614995002747,800
Kemerer,2,GA-ABE,80,0.5556614995002747,810
Kemerer,2,GA-ABE,81,0.5556614995002747,820
Kemerer,2,GA-ABE,82,0.5556614995002747,830
Kemerer,2,GA-ABE,83,0.5556614995002747,840
Kemerer,2,GA-ABE,84,0.5556614995002747,850
Kemerer,2,GA-ABE,85,0.5556614995002747,860
Kemerer,2,GA-ABE,86,0.5556614995002747,870
Kemerer,2,GA-ABE,87,0.5556614995002747,880
Kemerer,2,GA-ABE,88,0.5556614995002747,890
Kemerer,2,GA-ABE,89,0.5556530356407166,900
Kemerer,2,GA-ABE,90,0.5556530356407166,910
Kemerer,2,GA-ABE,91,0.5556530356407166,920
Kemerer,2,GA-ABE,92,0.5556530356407166,930
Kemerer,2,GA-ABE,93,0.5556530356407166,940
Kemerer,2,GA-ABE,94,0.5556530356407166,950
Kemerer,2,GA-ABE,95,0.5556530356407166,960
Kemerer,2,GA-ABE,96,0.5556530356407166,970
Kemerer,2,GA-ABE,97,0.5556530356407166,980
Kemerer,2,GA-ABE,98,0.5556530356407166,990
Kemerer,2,GA-ABE,99,0.5556530356407166,1000
Kemerer,2,PSO-ABE,0,0.5563760995864868,10
Kemerer,2,PSO-ABE,1,0.5560715198516846,20
Kemerer,2,PSO-ABE,2,0.5560715198516846,30
Kemerer,2,PSO-ABE,3,0.5560715198516846,40
Kemerer,2,PSO-ABE,4,0.5560715198516846,50
Kemerer,2,PSO-ABE,5,0.5560715198516846,60
Kemerer,2,PSO-ABE,6,0.5558708310127258,70
Kemerer,2,PSO-ABE,7,0.5556493997573853,80
Kemerer,2,PSO-ABE,8,0.5556493997573853,90
Kemerer,2,PSO-ABE,9,0.5556493997573853,100
Kemerer,2,PSO-ABE,10,0.5556493997573853,110
Kemerer,2,PSO-ABE,11,0.5556493997573853,120
Kemerer,2,PSO-ABE,12,0.5556493997573853,130
Kemerer,2,PSO-ABE,13,0.5556322932243347,140
Kemerer,2,PSO-ABE,14,0.5556322932243347,150
Kemerer,2,PSO-ABE,15,0.5556322932243347,160
Kemerer,2,PSO-ABE,16,0.5556322932243347,170
Kemerer,2,PSO-ABE,17,0.5556322932243347,180
Kemerer,2,PSO-ABE,18,0.5556244254112244,190
Kemerer,2,PSO-ABE,19,0.5556244254112244,200
Kemerer,2,PSO-ABE,20,0.5556244254112244,210
Kemerer,2,PSO-ABE,21,0.5556244254112244,220
Kemerer,2,PSO-ABE,22,0.5556244254112244,230
Kemerer,2,PSO-ABE,23,0.5556244254112244,240
Kemerer,2,PSO-ABE,24,0.5556244254112244,250
Kemerer,2,PSO-ABE,25,0.5556244254112244,260
Kemerer,2,PSO-ABE,26,0.5556244254112244,270
Kemerer,2,PSO-ABE,27,0.5556140542030334,280
Kemerer,2,PSO-ABE,28,0.5556140542030334,290
Kemerer,2,PSO-ABE,29,0.5556140542030334,300
Kemerer,2,PSO-ABE,30,0.5556140542030334,310
Kemerer,2,PSO-ABE,31,0.5556140542030334,320
Kemerer,2,PSO-ABE,32,0.5556140542030334,330
Kemerer,2,PSO-ABE,33,0.5556128025054932,340
Kemerer,2,PSO-ABE,34,0.5556128025054932,350
Kemerer,2,PSO-ABE,35,0.5556128025054932,360
Kemerer,2,PSO-ABE,36,0.5556128025054932,370
Kemerer,2,PSO-ABE,37,0.5556126832962036,380
Kemerer,2,PSO-ABE,38,0.5556126832962036,390
Kemerer,2,PSO-ABE,39,0.5556126832962036,400
Kemerer,2,PSO-ABE,40,0.5556122660636902,410
Kemerer,2,PSO-ABE,41,0.5556122660636902,420
Kemerer,2,PSO-ABE,42,0.5556119084358215,430
Kemerer,2,PSO-ABE,43,0.5556119084358215,440
Kemerer,2,PSO-ABE,44,0.5556119084358215,450
Kemerer,2,PSO-ABE,45,0.5556119084358215,460
Kemerer,2,PSO-ABE,46,0.5556119084358215,470
Kemerer,2,PSO-ABE,47,0.5556119084358215,480
Kemerer,2,PSO-ABE,48,0.5556119084358215,490
Kemerer,2,PSO-ABE,49,0.5556119084358215,500
Kemerer,2,PSO-ABE,50,0.5556119084358215,510
Kemerer,2,PSO-ABE,51,0.5556119084358215,520
Kemerer,2,PSO-ABE,52,0.5556119084358215,530
Kemerer,2,PSO-ABE,53,0.5556119084358215,540
Kemerer,2,PSO-ABE,54,0.5556119084358215,550
Kemerer,2,PSO-ABE,55,0.5556119084358215,560
Kemerer,2,PSO-ABE,56,0.5556119084358215,570
Kemerer,2,PSO-ABE,57,0.5556119084358215,580
Kemerer,2,PSO-ABE,58,0.5556119084358215,590
Kemerer,2,PSO-ABE,59,0.5556119084358215,600
Kemerer,2,PSO-ABE,60,0.5556119084358215,610
Kemerer,2,PSO-ABE,61,0.5556119084358215,620
Kemerer,2,PSO-ABE,62,0.5556119084358215,630
Kemerer,2,PSO-ABE,63,0.5556119084358215,640
Kemerer,2,PSO-ABE,64,0.5556119084358215,650
Kemerer,2,PSO-ABE,65,0.5556119084358215,660
Kemerer,2,PSO-ABE,66,0.5556119084358215,670
Kemerer,2,PSO-ABE,67,0.5556119084358215,680
Kemerer,2,PSO-ABE,68,0.5556119084358215,690
Kemerer,2,PSO-ABE,69,0.5556119084358215,700
Kemerer,2,PSO-ABE,70,0.5556118488311768,710
Kemerer,2,PSO-ABE,71,0.5556118488311768,720
Kemerer,2,PSO-ABE,72,0.5556118488311768,730
Kemerer,2,PSO-ABE,73,0.5556118488311768,740
Kemerer,2,PSO-ABE,74,0.5556118488311768,750
Kemerer,2,PSO-ABE,75,0.5556118488311768,760
Kemerer,2,PSO-ABE,76,0.5556118488311768,770
Kemerer,2,PSO-ABE,77,0.5556118488311768,780
Kemerer,2,PSO-ABE,78,0.5556118488311768,790
Kemerer,2,PSO-ABE,79,0.5556118488311768,800
Kemerer,2,PSO-ABE,80,0.5556118488311768,810
Kemerer,2,PSO-ABE,81,0.5556118488311768,820
Kemerer,2,PSO-ABE,82,0.5556118488311768,830
Kemerer,2,PSO-ABE,83,0.5556118488311768,840
Kemerer,2,PSO-ABE,84,0.5556118488311768,850
Kemerer,2,PSO-ABE,85,0.5556118488311768,860
Kemerer,2,PSO-ABE,86,0.5556118488311768,870
Kemerer,2,PSO-ABE,87,0.5556118488311768,880
Kemerer,2,PSO-ABE,88,0.5556118488311768,890
Kemerer,2,PSO-ABE,89,0.5556118488311768,900
Kemerer,2,PSO-ABE,90,0.5556118488311768,910
Kemerer,2,PSO-ABE,91,0.5556118488311768,920
Kemerer,2,PSO-ABE,92,0.5556118488311768,930
Kemerer,2,PSO-ABE,93,0.5556118488311768,940
Kemerer,2,PSO-ABE,94,0.5556118488311768,950
Kemerer,2,PSO-ABE,95,0.5556118488311768,960
Kemerer,2,PSO-ABE,96,0.5556118488311768,970
Kemerer,2,PSO-ABE,97,0.5556118488311768,980
Kemerer,2,PSO-ABE,98,0.5556118488311768,990
Kemerer,2,PSO-ABE,99,0.5556118488311768,1000
Kemerer,2,DE-ABE,0,0.6088723540306091,10
Kemerer,2,DE-ABE,1,0.6088723540306091,20
Kemerer,2,DE-ABE,2,0.5614846348762512,30
Kemerer,2,DE-ABE,3,0.5614846348762512,40
Kemerer,2,DE-ABE,4,0.5614846348762512,50
Kemerer,2,DE-ABE,5,0.5614846348762512,60
Kemerer,2,DE-ABE,6,0.5614846348762512,70
Kemerer,2,DE-ABE,7,0.5614846348762512,80
Kemerer,2,DE-ABE,8,0.5614846348762512,90
Kemerer,2,DE-ABE,9,0.5613110661506653,100
Kemerer,2,DE-ABE,10,0.5613110661506653,110
Kemerer,2,DE-ABE,11,0.561102032661438,120
Kemerer,2,DE-ABE,12,0.5609360933303833,130
Kemerer,2,DE-ABE,13,0.5609360933303833,140
Kemerer,2,DE-ABE,14,0.5609155893325806,150
Kemerer,2,DE-ABE,15,0.5608749389648438,160
Kemerer,2,DE-ABE,16,0.5608460307121277,170
Kemerer,2,DE-ABE,17,0.5608269572257996,180
Kemerer,2,DE-ABE,18,0.5608178973197937,190
Kemerer,2,DE-ABE,19,0.5608178973197937,200
Kemerer,2,DE-ABE,20,0.5607959628105164,210
Kemerer,2,DE-ABE,21,0.5607743859291077,220
Kemerer,2,DE-ABE,22,0.5607668161392212,230
Kemerer,2,DE-ABE,23,0.5607595443725586,240
Kemerer,2,DE-ABE,24,0.5607470870018005,250
Kemerer,2,DE-ABE,25,0.5607373714447021,260
Kemerer,2,DE-ABE,26,0.5607184171676636,270
Kemerer,2,DE-ABE,27,0.5606985092163086,280
Kemerer,2,DE-ABE,28,0.5606912970542908,290
Kemerer,2,DE-ABE,29,0.5606859922409058,300
Kemerer,2,DE-ABE,30,0.5606552958488464,310
Kemerer,2,DE-ABE,31,0.5606314539909363,320
Kemerer,2,DE-ABE,32,0.5606256127357483,330
Kemerer,2,DE-ABE,33,0.5606219172477722,340
Kemerer,2,DE-ABE,34,0.5606175065040588,350
Kemerer,2,DE-ABE,35,0.5606175065040588,360
Kemerer,2,DE-ABE,36,0.5606157779693604,370
Kemerer,2,DE-ABE,37,0.5606141686439514,380
Kemerer,2,DE-ABE,38,0.5606129169464111,390
Kemerer,2,DE-ABE,39,0.5606129169464111,400
Kemerer,2,DE-ABE,40,0.5606129169464111,410
Kemerer,2,DE-ABE,41,0.5606091618537903,420
Kemerer,2,DE-ABE,42,0.5606087446212769,430
Kemerer,2,DE-ABE,43,0.5606080889701843,440
Kemerer,2,DE-ABE,44,0.5606078505516052,450
Kemerer,2,DE-ABE,45,0.5606078505516052,460
Kemerer,2,DE-ABE,46,0.5606077909469604,470
Kemerer,2,DE-ABE,47,0.5606074929237366,480
Kemerer,2,DE-ABE,48,0.5606074333190918,490
Kemerer,2,DE-ABE,49,0.560607373714447,500
Kemerer,2,DE-ABE,50,0.560607373714447,510
Kemerer,2,DE-ABE,51,0.5606072545051575,520
Kemerer,2,DE-ABE,52,0.5606072545051575,530
Kemerer,2,DE-ABE,53,0.5606072545051575,540
Kemerer,2,DE-ABE,54,0.5606071949005127,550
Kemerer,2,DE-ABE,55,0.5606071949005127,560
Kemerer,2,DE-ABE,56,0.5606071949005127,570
Kemerer,2,DE-ABE,57,0.5606067776679993,580
Kemerer,2,DE-ABE,58,0.5606067776679993,590
Kemerer,2,DE-ABE,59,0.5606058239936829,600
Kemerer,2,DE-ABE,60,0.5606057047843933,610
Kemerer,2,DE-ABE,61,0.5606056451797485,620
Kemerer,2,DE-ABE,62,0.5606056451797485,630
Kemerer,2,DE-ABE,63,0.5606056451797485,640
Kemerer,2,DE-ABE,64,0.560605525970459,650
Kemerer,2,DE-ABE,65,0.560605525970459,660
Kemerer,2,DE-ABE,66,0.5606052875518799,670
Kemerer,2,DE-ABE,67,0.5606052875518799,680
Kemerer,2,DE-ABE,68,0.5606052875518799,690
Kemerer,2,DE-ABE,69,0.5606052875518799,700
Kemerer,2,DE-ABE,70,0.5606052875518799,710
Kemerer,2,DE-ABE,71,0.5606052875518799,720
Kemerer,2,DE-ABE,72,0.5606052875518799,730
Kemerer,2,DE-ABE,73,0.5606052279472351,740
Kemerer,2,DE-ABE,74,0.5606052279472351,750
Kemerer,2,DE-ABE,75,0.5606052279472351,760
Kemerer,2,DE-ABE,76,0.5606051683425903,770
Kemerer,2,DE-ABE,77,0.5606051683425903,780
Kemerer,2,DE-ABE,78,0.5606051683425903,790
Kemerer,2,DE-ABE,79,0.560604989528656,800
Kemerer,2,DE-ABE,80,0.560604989528656,810
Kemerer,2,DE-ABE,81,0.5606049299240112,820
Kemerer,2,DE-ABE,82,0.5606049299240112,830
Kemerer,2,DE-ABE,83,0.5606049299240112,840
Kemerer,2,DE-ABE,84,0.5606049299240112,850
Kemerer,2,DE-ABE,85,0.5606049299240112,860
Kemerer,2,DE-ABE,86,0.5606048703193665,870
Kemerer,2,DE-ABE,87,0.5606048703193665,880
Kemerer,2,DE-ABE,88,0.5606048703193665,890
Kemerer,2,DE-ABE,89,0.5606048703193665,900
Kemerer,2,DE-ABE,90,0.5606048703193665,910
Kemerer,2,DE-ABE,91,0.5606048703193665,920
Kemerer,2,DE-ABE,92,0.5606048703193665,930
Kemerer,2,DE-ABE,93,0.5606048703193665,940
Kemerer,2,DE-ABE,94,0.5606048703193665,950
Kemerer,2,DE-ABE,95,0.5606048703193665,960
Kemerer,2,DE-ABE,96,0.5606048703193665,970
Kemerer,2,DE-ABE,97,0.5606048703193665,980
Kemerer,2,DE-ABE,98,0.5606048703193665,990
Kemerer,2,DE-ABE,99,0.5606048703193665,1000
Kemerer,2,GWO-ABE,0,0.6103084683418274,10
Kemerer,2,GWO-ABE,1,0.6128826141357422,20
Kemerer,2,GWO-ABE,2,0.6250228881835938,30
Kemerer,2,GWO-ABE,3,0.6131383180618286,40
Kemerer,2,GWO-ABE,4,0.5782317519187927,50
Kemerer,2,GWO-ABE,5,0.6123999953269958,60
Kemerer,2,GWO-ABE,6,0.6447739601135254,70
Kemerer,2,GWO-ABE,7,0.6261942386627197,80
Kemerer,2,GWO-ABE,8,0.6196810603141785,90
Kemerer,2,GWO-ABE,9,0.6172472238540649,100
Kemerer,2,GWO-ABE,10,0.5679177641868591,110
Kemerer,2,GWO-ABE,11,0.6060997843742371,120
Kemerer,2,GWO-ABE,12,0.6068634390830994,130
Kemerer,2,GWO-ABE,13,0.6060997843742371,140
Kemerer,2,GWO-ABE,14,0.6060997843742371,150
Kemerer,2,GWO-ABE,15,0.6060997843742371,160
Kemerer,2,GWO-ABE,16,0.6060997843742371,170
Kemerer,2,GWO-ABE,17,0.6060997843742371,180
Kemerer,2,GWO-ABE,18,0.6060997843742371,190
Kemerer,2,GWO-ABE,19,0.6060997843742371,200
Kemerer,2,GWO-ABE,20,0.6060997843742371,210
Kemerer,2,GWO-ABE,21,0.6060997843742371,220
Kemerer,2,GWO-ABE,22,0.6060997843742371,230
Kemerer,2,GWO-ABE,23,0.6060997843742371,240
Kemerer,2,GWO-ABE,24,0.6060997843742371,250
Kemerer,2,GWO-ABE,25,0.6060997843742371,260
Kemerer,2,GWO-ABE,26,0.6060997843742371,270
Kemerer,2,GWO-ABE,27,0.6060997843742371,280
Kemerer,2,GWO-ABE,28,0.6060997843742371,290
Kemerer,2,GWO-ABE,29,0.6060997843742371,300
Kemerer,2,GWO-ABE,30,0.6060997843742371,310
Kemerer,2,GWO-ABE,31,0.6060997843742371,320
Kemerer,2,GWO-ABE,32,0.6060997843742371,330
Kemerer,2,GWO-ABE,33,0.6060997843742371,340
Kemerer,2,GWO-ABE,34,0.6060997843742371,350
Kemerer,2,GWO-ABE,35,0.6060997843742371,360
Kemerer,2,GWO-ABE,36,0.6060997843742371,370
Kemerer,2,GWO-ABE,37,0.6060997843742371,380
Kemerer,2,GWO-ABE,38,0.6060997843742371,390
Kemerer,2,GWO-ABE,39,0.6060997843742371,400
Kemerer,2,GWO-ABE,40,0.6060997843742371,410
Kemerer,2,GWO-ABE,41,0.6060997843742371,420
Kemerer,2,GWO-ABE,42,0.6060997843742371,430
Kemerer,2,GWO-ABE,43,0.6060997843742371,440
Kemerer,2,GWO-ABE,44,0.6060997843742371,450
Kemerer,2,GWO-ABE,45,0.6060997843742371,460
Kemerer,2,GWO-ABE,46,0.6060997843742371,470
Kemerer,2,GWO-ABE,47,0.6060997843742371,480
Kemerer,2,GWO-ABE,48,0.6060997843742371,490
Kemerer,2,GWO-ABE,49,0.6060997843742371,500
Kemerer,2,GWO-ABE,50,0.6060997843742371,510
Kemerer,2,GWO-ABE,51,0.6060997843742371,520
Kemerer,2,GWO-ABE,52,0.6060997843742371,530
Kemerer,2,GWO-ABE,53,0.6060997843742371,540
Kemerer,2,GWO-ABE,54,0.6060997843742371,550
Kemerer,2,GWO-ABE,55,0.6060997843742371,560
Kemerer,2,GWO-ABE,56,0.6060997843742371,570
Kemerer,2,GWO-ABE,57,0.6060997843742371,580
Kemerer,2,GWO-ABE,58,0.6060997843742371,590
Kemerer,2,GWO-ABE,59,0.6060997843742371,600
Kemerer,2,GWO-ABE,60,0.6060997843742371,610
Kemerer,2,GWO-ABE,61,0.6060997843742371,620
Kemerer,2,GWO-ABE,62,0.6060997843742371,630
Kemerer,2,GWO-ABE,63,0.6060997843742371,640
Kemerer,2,GWO-ABE,64,0.6060997843742371,650
Kemerer,2,GWO-ABE,65,0.6060997843742371,660
Kemerer,2,GWO-ABE,66,0.6060997843742371,670
Kemerer,2,GWO-ABE,67,0.6060997843742371,680
Kemerer,2,GWO-ABE,68,0.6060997843742371,690
Kemerer,2,GWO-ABE,69,0.6060997843742371,700
Kemerer,2,GWO-ABE,70,0.6060997843742371,710
Kemerer,2,GWO-ABE,71,0.6060997843742371,720
Kemerer,2,GWO-ABE,72,0.6060997843742371,730
Kemerer,2,GWO-ABE,73,0.6060997843742371,740
Kemerer,2,GWO-ABE,74,0.6060997843742371,750
Kemerer,2,GWO-ABE,75,0.6060997843742371,760
Kemerer,2,GWO-ABE,76,0.6060997843742371,770
Kemerer,2,GWO-ABE,77,0.6060997843742371,780
Kemerer,2,GWO-ABE,78,0.6060997843742371,790
Kemerer,2,GWO-ABE,79,0.6060997843742371,800
Kemerer,2,GWO-ABE,80,0.6060997843742371,810
Kemerer,2,GWO-ABE,81,0.6060997843742371,820
Kemerer,2,GWO-ABE,82,0.6060997843742371,830
Kemerer,2,GWO-ABE,83,0.6060997843742371,840
Kemerer,2,GWO-ABE,84,0.6060997843742371,850
Kemerer,2,GWO-ABE,85,0.6060997843742371,860
Kemerer,2,GWO-ABE,86,0.6060997843742371,870
Kemerer,2,GWO-ABE,87,0.6060997843742371,880
Kemerer,2,GWO-ABE,88,0.6060997843742371,890
Kemerer,2,GWO-ABE,89,0.6060997843742371,900
Kemerer,2,GWO-ABE,90,0.6060997843742371,910
Kemerer,2,GWO-ABE,91,0.6060997843742371,920
Kemerer,2,GWO-ABE,92,0.6060997843742371,930
Kemerer,2,GWO-ABE,93,0.6060997843742371,940
Kemerer,2,GWO-ABE,94,0.6060997843742371,950
Kemerer,2,GWO-ABE,95,0.6060997843742371,960
Kemerer,2,GWO-ABE,96,0.6060997843742371,970
Kemerer,2,GWO-ABE,97,0.6060997843742371,980
Kemerer,2,GWO-ABE,98,0.6060997843742371,990
Kemerer,2,GWO-ABE,99,0.6060997843742371,1000
Kemerer,2,WOA-ABE,0,0.6409710049629211,10
Kemerer,2,WOA-ABE,1,0.6070320010185242,20
Kemerer,2,WOA-ABE,2,0.6060997843742371,30
Kemerer,2,WOA-ABE,3,0.6060997843742371,40
Kemerer,2,WOA-ABE,4,0.5943532586097717,50
Kemerer,2,WOA-ABE,5,0.5800566077232361,60
Kemerer,2,WOA-ABE,6,0.5800566077232361,70
Kemerer,2,WOA-ABE,7,0.5800566077232361,80
Kemerer,2,WOA-ABE,8,0.5791903734207153,90
Kemerer,2,WOA-ABE,9,0.5791903734207153,100
Kemerer,2,WOA-ABE,10,0.5789039134979248,110
Kemerer,2,WOA-ABE,11,0.5789039134979248,120
Kemerer,2,WOA-ABE,12,0.5789039134979248,130
Kemerer,2,WOA-ABE,13,0.5789039134979248,140
Kemerer,2,WOA-ABE,14,0.5789039134979248,150
Kemerer,2,WOA-ABE,15,0.5789039134979248,160
Kemerer,2,WOA-ABE,16,0.5788997411727905,170
Kemerer,2,WOA-ABE,17,0.5788997411727905,180
Kemerer,2,WOA-ABE,18,0.5788997411727905,190
Kemerer,2,WOA-ABE,19,0.5788997411727905,200
Kemerer,2,WOA-ABE,20,0.5788997411727905,210
Kemerer,2,WOA-ABE,21,0.5788997411727905,220
Kemerer,2,WOA-ABE,22,0.5788997411727905,230
Kemerer,2,WOA-ABE,23,0.5788925290107727,240
Kemerer,2,WOA-ABE,24,0.5788925290107727,250
Kemerer,2,WOA-ABE,25,0.5788925290107727,260
Kemerer,2,WOA-ABE,26,0.5788925290107727,270
Kemerer,2,WOA-ABE,27,0.5788925290107727,280
Kemerer,2,WOA-ABE,28,0.5788925290107727,290
Kemerer,2,WOA-ABE,29,0.5788925290107727,300
Kemerer,2,WOA-ABE,30,0.5788925290107727,310
Kemerer,2,WOA-ABE,31,0.5788925290107727,320
Kemerer,2,WOA-ABE,32,0.5788925290107727,330
Kemerer,2,WOA-ABE,33,0.5788912773132324,340
Kemerer,2,WOA-ABE,34,0.5788912773132324,350
Kemerer,2,WOA-ABE,35,0.5788912773132324,360
Kemerer,2,WOA-ABE,36,0.5788912773132324,370
Kemerer,2,WOA-ABE,37,0.5788912773132324,380
Kemerer,2,WOA-ABE,38,0.5788912773132324,390
Kemerer,2,WOA-ABE,39,0.5788912773132324,400
Kemerer,2,WOA-ABE,40,0.5788912773132324,410
Kemerer,2,WOA-ABE,41,0.5788912773132324,420
Kemerer,2,WOA-ABE,42,0.5788912773132324,430
Kemerer,2,WOA-ABE,43,0.5788875818252563,440
Kemerer,2,WOA-ABE,44,0.5788875818252563,450
Kemerer,2,WOA-ABE,45,0.5788875818252563,460
Kemerer,2,WOA-ABE,46,0.5788875818252563,470
Kemerer,2,WOA-ABE,47,0.5788875818252563,480
Kemerer,2,WOA-ABE,48,0.5788875818252563,490
Kemerer,2,WOA-ABE,49,0.5788875818252563,500
Kemerer,2,WOA-ABE,50,0.5788875818252563,510
Kemerer,2,WOA-ABE,51,0.5788875818252563,520
Kemerer,2,WOA-ABE,52,0.5788875818252563,530
Kemerer,2,WOA-ABE,53,0.5788875818252563,540
Kemerer,2,WOA-ABE,54,0.5788875818252563,550
Kemerer,2,WOA-ABE,55,0.5788875818252563,560
Kemerer,2,WOA-ABE,56,0.5788875818252563,570
Kemerer,2,WOA-ABE,57,0.5788875818252563,580
Kemerer,2,WOA-ABE,58,0.5788875818252563,590
Kemerer,2,WOA-ABE,59,0.5788875818252563,600
Kemerer,2,WOA-ABE,60,0.5788875818252563,610
Kemerer,2,WOA-ABE,61,0.5788875818252563,620
Kemerer,2,WOA-ABE,62,0.5788875818252563,630
Kemerer,2,WOA-ABE,63,0.5788875818252563,640
Kemerer,2,WOA-ABE,64,0.5788875818252563,650
Kemerer,2,WOA-ABE,65,0.5788871645927429,660
Kemerer,2,WOA-ABE,66,0.5788871645927429,670
Kemerer,2,WOA-ABE,67,0.5788871645927429,680
Kemerer,2,WOA-ABE,68,0.5788871645927429,690
Kemerer,2,WOA-ABE,69,0.5788871645927429,700
Kemerer,2,WOA-ABE,70,0.5788871645927429,710
Kemerer,2,WOA-ABE,71,0.5788871645927429,720
Kemerer,2,WOA-ABE,72,0.5788871645927429,730
Kemerer,2,WOA-ABE,73,0.5788819789886475,740
Kemerer,2,WOA-ABE,74,0.5788819789886475,750
Kemerer,2,WOA-ABE,75,0.5788819789886475,760
Kemerer,2,WOA-ABE,76,0.5788819789886475,770
Kemerer,2,WOA-ABE,77,0.5788819789886475,780
Kemerer,2,WOA-ABE,78,0.5788819789886475,790
Kemerer,2,WOA-ABE,79,0.5788819789886475,800
Kemerer,2,WOA-ABE,80,0.5788819789886475,810
Kemerer,2,WOA-ABE,81,0.5788819789886475,820
Kemerer,2,WOA-ABE,82,0.5788819789886475,830
Kemerer,2,WOA-ABE,83,0.5788819789886475,840
Kemerer,2,WOA-ABE,84,0.5788819789886475,850
Kemerer,2,WOA-ABE,85,0.5788819789886475,860
Kemerer,2,WOA-ABE,86,0.5788819789886475,870
Kemerer,2,WOA-ABE,87,0.5788819789886475,880
Kemerer,2,WOA-ABE,88,0.5788819789886475,890
Kemerer,2,WOA-ABE,89,0.5788819789886475,900
Kemerer,2,WOA-ABE,90,0.5788819789886475,910
Kemerer,2,WOA-ABE,91,0.5788819789886475,920
Kemerer,2,WOA-ABE,92,0.5788819789886475,930
Kemerer,2,WOA-ABE,93,0.5788819789886475,940
Kemerer,2,WOA-ABE,94,0.5788819789886475,950
Kemerer,2,WOA-ABE,95,0.5788819789886475,960
Kemerer,2,WOA-ABE,96,0.5788819789886475,970
Kemerer,2,WOA-ABE,97,0.5788819789886475,980
Kemerer,2,WOA-ABE,98,0.5788819789886475,990
Kemerer,2,WOA-ABE,99,0.5788819789886475,1000
Kemerer,2,FAABE,0,0.6132667660713196,10
Kemerer,2,FAABE,1,0.6132667660713196,20
Kemerer,2,FAABE,2,0.6132667660713196,30
Kemerer,2,FAABE,3,0.6132667660713196,40
Kemerer,2,FAABE,4,0.6132667660713196,50
Kemerer,2,FAABE,5,0.6132667660713196,60
Kemerer,2,FAABE,6,0.6132667660713196,70
Kemerer,2,FAABE,7,0.6132667660713196,80
Kemerer,2,FAABE,8,0.6105601787567139,90
Kemerer,2,FAABE,9,0.6071546673774719,100
Kemerer,2,FAABE,10,0.6060997843742371,110
Kemerer,2,FAABE,11,0.5795949101448059,120
Kemerer,2,FAABE,12,0.5795949101448059,130
Kemerer,2,FAABE,13,0.5789853930473328,140
Kemerer,2,FAABE,14,0.5789853930473328,150
Kemerer,2,FAABE,15,0.5789853930473328,160
Kemerer,2,FAABE,16,0.5789853930473328,170
Kemerer,2,FAABE,17,0.5789853930473328,180
Kemerer,2,FAABE,18,0.5789853930473328,190
Kemerer,2,FAABE,19,0.5789853930473328,200
Kemerer,2,FAABE,20,0.5789853930473328,210
Kemerer,2,FAABE,21,0.5789853930473328,220
Kemerer,2,FAABE,22,0.5789853930473328,230
Kemerer,2,FAABE,23,0.5789853930473328,240
Kemerer,2,FAABE,24,0.5789853930473328,250
Kemerer,2,FAABE,25,0.5789853930473328,260
Kemerer,2,FAABE,26,0.5789853930473328,270
Kemerer,2,FAABE,27,0.5789853930473328,280
Kemerer,2,FAABE,28,0.5789853930473328,290
Kemerer,2,FAABE,29,0.5789272785186768,300
Kemerer,2,FAABE,30,0.5789272785186768,310
Kemerer,2,FAABE,31,0.5789272785186768,320
Kemerer,2,FAABE,32,0.5789272785186768,330
Kemerer,2,FAABE,33,0.5789272785186768,340
Kemerer,2,FAABE,34,0.5789272785186768,350
Kemerer,2,FAABE,35,0.5789272785186768,360
Kemerer,2,FAABE,36,0.5789272785186768,370
Kemerer,2,FAABE,37,0.5789272785186768,380
Kemerer,2,FAABE,38,0.5789272785186768,390
Kemerer,2,FAABE,39,0.5789272785186768,400
Kemerer,2,FAABE,40,0.5789272785186768,410
Kemerer,2,FAABE,41,0.5789272785186768,420
Kemerer,2,FAABE,42,0.5789272785186768,430
Kemerer,2,FAABE,43,0.5789272785186768,440
Kemerer,2,FAABE,44,0.5789272785186768,450
Kemerer,2,FAABE,45,0.5789272785186768,460
Kemerer,2,FAABE,46,0.5789272785186768,470
Kemerer,2,FAABE,47,0.5789272785186768,480
Kemerer,2,FAABE,48,0.5789272785186768,490
Kemerer,2,FAABE,49,0.5789272785186768,500
Kemerer,2,FAABE,50,0.5789272785186768,510
Kemerer,2,FAABE,51,0.5789272785186768,520
Kemerer,2,FAABE,52,0.5789272785186768,530
Kemerer,2,FAABE,53,0.5789272785186768,540
Kemerer,2,FAABE,54,0.5789272785186768,550
Kemerer,2,FAABE,55,0.5789272785186768,560
Kemerer,2,FAABE,56,0.5789272785186768,570
Kemerer,2,FAABE,57,0.5789272785186768,580
Kemerer,2,FAABE,58,0.5789272785186768,590
Kemerer,2,FAABE,59,0.5789272785186768,600
Kemerer,2,FAABE,60,0.5789272785186768,610
Kemerer,2,FAABE,61,0.5789272785186768,620
Kemerer,2,FAABE,62,0.5789272785186768,630
Kemerer,2,FAABE,63,0.5789272785186768,640
Kemerer,2,FAABE,64,0.5789272785186768,650
Kemerer,2,FAABE,65,0.5789272785186768,660
Kemerer,2,FAABE,66,0.5789272785186768,670
Kemerer,2,FAABE,67,0.5789272785186768,680
Kemerer,2,FAABE,68,0.5789272785186768,690
Kemerer,2,FAABE,69,0.5789272785186768,700
Kemerer,2,FAABE,70,0.5789272785186768,710
Kemerer,2,FAABE,71,0.5789272785186768,720
Kemerer,2,FAABE,72,0.5789272785186768,730
Kemerer,2,FAABE,73,0.5789272785186768,740
Kemerer,2,FAABE,74,0.5789272785186768,750
Kemerer,2,FAABE,75,0.5789272785186768,760
Kemerer,2,FAABE,76,0.5789272785186768,770
Kemerer,2,FAABE,77,0.5789272785186768,780
Kemerer,2,FAABE,78,0.5789272785186768,790
Kemerer,2,FAABE,79,0.5789272785186768,800
Kemerer,2,FAABE,80,0.5789272785186768,810
Kemerer,2,FAABE,81,0.5789272785186768,820
Kemerer,2,FAABE,82,0.5789272785186768,830
Kemerer,2,FAABE,83,0.5789272785186768,840
Kemerer,2,FAABE,84,0.5789272785186768,850
Kemerer,2,FAABE,85,0.5789272785186768,860
Kemerer,2,FAABE,86,0.5789272785186768,870
Kemerer,2,FAABE,87,0.5789272785186768,880
Kemerer,2,FAABE,88,0.5789272785186768,890
Kemerer,2,FAABE,89,0.5789272785186768,900
Kemerer,2,FAABE,90,0.5789272785186768,910
Kemerer,2,FAABE,91,0.5789272785186768,920
Kemerer,2,FAABE,92,0.5789272785186768,930
Kemerer,2,FAABE,93,0.5789272785186768,940
Kemerer,2,FAABE,94,0.5789272785186768,950
Kemerer,2,FAABE,95,0.5789272785186768,960
Kemerer,2,FAABE,96,0.5789272785186768,970
Kemerer,2,FAABE,97,0.5789272785186768,980
Kemerer,2,FAABE,98,0.5789272785186768,990
Kemerer,2,FAABE,99,0.5789272785186768,1000
Kemerer,3,GA-ABE,0,0.6123291254043579,10
Kemerer,3,GA-ABE,1,0.5722156167030334,20
Kemerer,3,GA-ABE,2,0.5722156167030334,30
Kemerer,3,GA-ABE,3,0.5619785189628601,40
Kemerer,3,GA-ABE,4,0.5580885410308838,50
Kemerer,3,GA-ABE,5,0.5580885410308838,60
Kemerer,3,GA-ABE,6,0.5580885410308838,70
Kemerer,3,GA-ABE,7,0.5528637766838074,80
Kemerer,3,GA-ABE,8,0.5528637766838074,90
Kemerer,3,GA-ABE,9,0.5528637766838074,100
Kemerer,3,GA-ABE,10,0.5528637766838074,110
Kemerer,3,GA-ABE,11,0.5528637766838074,120
Kemerer,3,GA-ABE,12,0.5528637766838074,130
Kemerer,3,GA-ABE,13,0.5528637766838074,140
Kemerer,3,GA-ABE,14,0.5528637766838074,150
Kemerer,3,GA-ABE,15,0.5528284907341003,160
Kemerer,3,GA-ABE,16,0.5528284907341003,170
Kemerer,3,GA-ABE,17,0.5528284907341003,180
Kemerer,3,GA-ABE,18,0.5528284907341003,190
Kemerer,3,GA-ABE,19,0.5528284907341003,200
Kemerer,3,GA-ABE,20,0.5528284907341003,210
Kemerer,3,GA-ABE,21,0.5516532063484192,220
Kemerer,3,GA-ABE,22,0.5516532063484192,230
Kemerer,3,GA-ABE,23,0.5470223426818848,240
Kemerer,3,GA-ABE,24,0.5470223426818848,250
Kemerer,3,GA-ABE,25,0.5470223426818848,260
Kemerer,3,GA-ABE,26,0.5470223426818848,270
Kemerer,3,GA-ABE,27,0.5470223426818848,280
Kemerer,3,GA-ABE,28,0.5468297600746155,290
Kemerer,3,GA-ABE,29,0.5467323064804077,300
Kemerer,3,GA-ABE,30,0.5454839468002319,310
Kemerer,3,GA-ABE,31,0.5454839468002319,320
Kemerer,3,GA-ABE,32,0.5454839468002319,330
Kemerer,3,GA-ABE,33,0.5454839468002319,340
Kemerer,3,GA-ABE,34,0.5454839468002319,350
Kemerer,3,GA-ABE,35,0.5454839468002319,360
Kemerer,3,GA-ABE,36,0.5454122424125671,370
Kemerer,3,GA-ABE,37,0.5452807545661926,380
Kemerer,3,GA-ABE,38,0.5452807545661926,390
Kemerer,3,GA-ABE,39,0.5452807545661926,400
Kemerer,3,GA-ABE,40,0.5451990962028503,410
Kemerer,3,GA-ABE,41,0.5451990962028503,420
Kemerer,3,GA-ABE,42,0.5451990962028503,430
Kemerer,3,GA-ABE,43,0.5451990962028503,440
Kemerer,3,GA-ABE,44,0.5451886653900146,450
Kemerer,3,GA-ABE,45,0.5451886653900146,460
Kemerer,3,GA-ABE,46,0.5451886653900146,470
Kemerer,3,GA-ABE,47,0.5451886653900146,480
Kemerer,3,GA-ABE,48,0.5451886653900146,490
Kemerer,3,GA-ABE,49,0.5450733304023743,500
Kemerer,3,GA-ABE,50,0.5450733304023743,510
Kemerer,3,GA-ABE,51,0.5450733304023743,520
Kemerer,3,GA-ABE,52,0.5450733304023743,530
Kemerer,3,GA-ABE,53,0.5450733304023743,540
Kemerer,3,GA-ABE,54,0.5450733304023743,550
Kemerer,3,GA-ABE,55,0.5450733304023743,560
Kemerer,3,GA-ABE,56,0.5450733304023743,570
Kemerer,3,GA-ABE,57,0.5450709462165833,580
Kemerer,3,GA-ABE,58,0.5450090169906616,590
Kemerer,3,GA-ABE,59,0.5450090169906616,600
Kemerer,3,GA-ABE,60,0.5450090169906616,610
Kemerer,3,GA-ABE,61,0.5450090169906616,620
Kemerer,3,GA-ABE,62,0.5449779629707336,630
Kemerer,3,GA-ABE,63,0.5449779629707336,640
Kemerer,3,GA-ABE,64,0.5449258089065552,650
Kemerer,3,GA-ABE,65,0.5449258089065552,660
Kemerer,3,GA-ABE,66,0.5449258089065552,670
Kemerer,3,GA-ABE,67,0.5449258089065552,680
Kemerer,3,GA-ABE,68,0.5449258089065552,690
Kemerer,3,GA-ABE,69,0.5449258089065552,700
Kemerer,3,GA-ABE,70,0.5449258089065552,710
Kemerer,3,GA-ABE,71,0.5449100136756897,720
Kemerer,3,GA-ABE,72,0.5449100136756897,730
Kemerer,3,GA-ABE,73,0.5449100136756897,740
Kemerer,3,GA-ABE,74,0.5449100136756897,750
Kemerer,3,GA-ABE,75,0.5449100136756897,760
Kemerer,3,GA-ABE,76,0.5449095964431763,770
Kemerer,3,GA-ABE,77,0.5449095964431763,780
Kemerer,3,GA-ABE,78,0.5449095964431763,790
Kemerer,3,GA-ABE,79,0.5449095964431763,800
Kemerer,3,GA-ABE,80,0.5449095964431763,810
Kemerer,3,GA-ABE,81,0.5447904467582703,820
Kemerer,3,GA-ABE,82,0.5447763800621033,830
Kemerer,3,GA-ABE,83,0.5447763800621033,840
Kemerer,3,GA-ABE,84,0.5447763800621033,850
Kemerer,3,GA-ABE,85,0.5447763800621033,860
Kemerer,3,GA-ABE,86,0.5447763800621033,870
Kemerer,3,GA-ABE,87,0.5444815158843994,880
Kemerer,3,GA-ABE,88,0.5444815158843994,890
Kemerer,3,GA-ABE,89,0.5444815158843994,900
Kemerer,3,GA-ABE,90,0.5443503260612488,910
Kemerer,3,GA-ABE,91,0.5443233847618103,920
Kemerer,3,GA-ABE,92,0.5443233847618103,930
Kemerer,3,GA-ABE,93,0.5443233847618103,940
Kemerer,3,GA-ABE,94,0.5443233847618103,950
Kemerer,3,GA-ABE,95,0.5443127751350403,960
Kemerer,3,GA-ABE,96,0.5443127751350403,970
Kemerer,3,GA-ABE,97,0.5443127751350403,980
Kemerer,3,GA-ABE,98,0.5443127751350403,990
Kemerer,3,GA-ABE,99,0.5443123579025269,1000
Kemerer,3,PSO-ABE,0,0.609622597694397,10
Kemerer,3,PSO-ABE,1,0.5831984281539917,20
Kemerer,3,PSO-ABE,2,0.5800915360450745,30
Kemerer,3,PSO-ABE,3,0.5701960921287537,40
Kemerer,3,PSO-ABE,4,0.5701960921287537,50
Kemerer,3,PSO-ABE,5,0.5669108033180237,60
Kemerer,3,PSO-ABE,6,0.5443938970565796,70
Kemerer,3,PSO-ABE,7,0.5443938970565796,80
Kemerer,3,PSO-ABE,8,0.5443938970565796,90
Kemerer,3,PSO-ABE,9,0.5443938970565796,100
Kemerer,3,PSO-ABE,10,0.5443938970565796,110
Kemerer,3,PSO-ABE,11,0.5443938970565796,120
Kemerer,3,PSO-ABE,12,0.5443938970565796,130
Kemerer,3,PSO-ABE,13,0.5443938970565796,140
Kemerer,3,PSO-ABE,14,0.5443938970565796,150
Kemerer,3,PSO-ABE,15,0.5443938970565796,160
Kemerer,3,PSO-ABE,16,0.5443938970565796,170
Kemerer,3,PSO-ABE,17,0.5443938970565796,180
Kemerer,3,PSO-ABE,18,0.5443938970565796,190
Kemerer,3,PSO-ABE,19,0.5443938970565796,200
Kemerer,3,PSO-ABE,20,0.5443938970565796,210
Kemerer,3,PSO-ABE,21,0.5443938970565796,220
Kemerer,3,PSO-ABE,22,0.5443938970565796,230
Kemerer,3,PSO-ABE,23,0.5443938970565796,240
Kemerer,3,PSO-ABE,24,0.5443938970565796,250
Kemerer,3,PSO-ABE,25,0.5443938970565796,260
Kemerer,3,PSO-ABE,26,0.5443938970565796,270
Kemerer,3,PSO-ABE,27,0.5443938970565796,280
Kemerer,3,PSO-ABE,28,0.544369637966156,290
Kemerer,3,PSO-ABE,29,0.544369637966156,300
Kemerer,3,PSO-ABE,30,0.544369637966156,310
Kemerer,3,PSO-ABE,31,0.544369637966156,320
Kemerer,3,PSO-ABE,32,0.5443602204322815,330
Kemerer,3,PSO-ABE,33,0.5443602204322815,340
Kemerer,3,PSO-ABE,34,0.5443602204322815,350
Kemerer,3,PSO-ABE,35,0.5443602204322815,360
Kemerer,3,PSO-ABE,36,0.5443602204322815,370
Kemerer,3,PSO-ABE,37,0.5443602204322815,380
Kemerer,3,PSO-ABE,38,0.5443602204322815,390
Kemerer,3,PSO-ABE,39,0.5443288087844849,400
Kemerer,3,PSO-ABE,40,0.5443288087844849,410
Kemerer,3,PSO-ABE,41,0.5443288087844849,420
Kemerer,3,PSO-ABE,42,0.5443288087844849,430
Kemerer,3,PSO-ABE,43,0.5443288087844849,440
Kemerer,3,PSO-ABE,44,0.5443288087844849,450
Kemerer,3,PSO-ABE,45,0.5443288087844849,460
Kemerer,3,PSO-ABE,46,0.5443288087844849,470
Kemerer,3,PSO-ABE,47,0.5443288087844849,480
Kemerer,3,PSO-ABE,48,0.5443288087844849,490
Kemerer,3,PSO-ABE,49,0.5443288087844849,500
Kemerer,3,PSO-ABE,50,0.5443288087844849,510
Kemerer,3,PSO-ABE,51,0.5443288087844849,520
Kemerer,3,PSO-ABE,52,0.5443288087844849,530
Kemerer,3,PSO-ABE,53,0.5443288087844849,540
Kemerer,3,PSO-ABE,54,0.5443288087844849,550
Kemerer,3,PSO-ABE,55,0.5443288087844849,560
Kemerer,3,PSO-ABE,56,0.5443288087844849,570
Kemerer,3,PSO-ABE,57,0.5443288087844849,580
Kemerer,3,PSO-ABE,58,0.5443246364593506,590
Kemerer,3,PSO-ABE,59,0.5443246364593506,600
Kemerer,3,PSO-ABE,60,0.5443246364593506,610
Kemerer,3,PSO-ABE,61,0.5443246364593506,620
Kemerer,3,PSO-ABE,62,0.5443246364593506,630
Kemerer,3,PSO-ABE,63,0.5443246364593506,640
Kemerer,3,PSO-ABE,64,0.5443246364593506,650
Kemerer,3,PSO-ABE,65,0.5443246364593506,660
Kemerer,3,PSO-ABE,66,0.5443246364593506,670
Kemerer,3,PSO-ABE,67,0.5443246364593506,680
Kemerer,3,PSO-ABE,68,0.5443246364593506,690
Kemerer,3,PSO-ABE,69,0.5443246364593506,700
Kemerer,3,PSO-ABE,70,0.5443246364593506,710
Kemerer,3,PSO-ABE,71,0.5443246364593506,720
Kemerer,3,PSO-ABE,72,0.5443142652511597,730
Kemerer,3,PSO-ABE,73,0.5443142652511597,740
Kemerer,3,PSO-ABE,74,0.5443142652511597,750
Kemerer,3,PSO-ABE,75,0.5443142652511597,760
Kemerer,3,PSO-ABE,76,0.5443142652511597,770
Kemerer,3,PSO-ABE,77,0.5443142652511597,780
Kemerer,3,PSO-ABE,78,0.5443142652511597,790
Kemerer,3,PSO-ABE,79,0.5443136096000671,800
Kemerer,3,PSO-ABE,80,0.5443136096000671,810
Kemerer,3,PSO-ABE,81,0.5443136096000671,820
Kemerer,3,PSO-ABE,82,0.5443136096000671,830
Kemerer,3,PSO-ABE,83,0.544292688369751,840
Kemerer,3,PSO-ABE,84,0.544292688369751,850
Kemerer,3,PSO-ABE,85,0.544292688369751,860
Kemerer,3,PSO-ABE,86,0.544292688369751,870
Kemerer,3,PSO-ABE,87,0.544292688369751,880
Kemerer,3,PSO-ABE,88,0.544292688369751,890
Kemerer,3,PSO-ABE,89,0.544292688369751,900
Kemerer,3,PSO-ABE,90,0.544292688369751,910
Kemerer,3,PSO-ABE,91,0.544292688369751,920
Kemerer,3,PSO-ABE,92,0.544292688369751,930
Kemerer,3,PSO-ABE,93,0.544292688369751,940
Kemerer,3,PSO-ABE,94,0.544292688369751,950
Kemerer,3,PSO-ABE,95,0.544292688369751,960
Kemerer,3,PSO-ABE,96,0.544292688369751,970
Kemerer,3,PSO-ABE,97,0.544292688369751,980
Kemerer,3,PSO-ABE,98,0.544292688369751,990
Kemerer,3,PSO-ABE,99,0.544292688369751,1000
Kemerer,3,DE-ABE,0,0.5887066125869751,10
Kemerer,3,DE-ABE,1,0.5829766988754272,20
Kemerer,3,DE-ABE,2,0.5829766988754272,30
Kemerer,3,DE-ABE,3,0.5829766988754272,40
Kemerer,3,DE-ABE,4,0.5784812569618225,50
Kemerer,3,DE-ABE,5,0.5737125277519226,60
Kemerer,3,DE-ABE,6,0.5737125277519226,70
Kemerer,3,DE-ABE,7,0.5715751051902771,80
Kemerer,3,DE-ABE,8,0.5715751051902771,90
Kemerer,3,DE-ABE,9,0.5701048374176025,100
Kemerer,3,DE-ABE,10,0.5701048374176025,110
Kemerer,3,DE-ABE,11,0.5679059028625488,120
Kemerer,3,DE-ABE,12,0.5679059028625488,130
Kemerer,3,DE-ABE,13,0.5679059028625488,140
Kemerer,3,DE-ABE,14,0.5679059028625488,150
Kemerer,3,DE-ABE,15,0.5679059028625488,160
Kemerer,3,DE-ABE,16,0.5679059028625488,170
Kemerer,3,DE-ABE,17,0.5679059028625488,180
Kemerer,3,DE-ABE,18,0.5679059028625488,190
Kemerer,3,DE-ABE,19,0.5679059028625488,200
Kemerer,3,DE-ABE,20,0.5679059028625488,210
Kemerer,3,DE-ABE,21,0.5679059028625488,220
Kemerer,3,DE-ABE,22,0.5673702955245972,230
Kemerer,3,DE-ABE,23,0.5673702955245972,240
Kemerer,3,DE-ABE,24,0.5672107934951782,250
Kemerer,3,DE-ABE,25,0.5667755007743835,260
Kemerer,3,DE-ABE,26,0.5667755007743835,270
Kemerer,3,DE-ABE,27,0.5665348172187805,280
Kemerer,3,DE-ABE,28,0.5664666295051575,290
Kemerer,3,DE-ABE,29,0.5663698315620422,300
Kemerer,3,DE-ABE,30,0.5663698315620422,310
Kemerer,3,DE-ABE,31,0.5663089156150818,320
Kemerer,3,DE-ABE,32,0.5662246346473694,330
Kemerer,3,DE-ABE,33,0.5660945773124695,340
Kemerer,3,DE-ABE,34,0.5660151243209839,350
Kemerer,3,DE-ABE,35,0.5659705996513367,360
Kemerer,3,DE-ABE,36,0.5658713579177856,370
Kemerer,3,DE-ABE,37,0.5658713579177856,380
Kemerer,3,DE-ABE,38,0.5658389329910278,390
Kemerer,3,DE-ABE,39,0.5657791495323181,400
Kemerer,3,DE-ABE,40,0.5657617449760437,410
Kemerer,3,DE-ABE,41,0.5657617449760437,420
Kemerer,3,DE-ABE,42,0.5657299757003784,430
Kemerer,3,DE-ABE,43,0.5657181143760681,440
Kemerer,3,DE-ABE,44,0.5656933188438416,450
Kemerer,3,DE-ABE,45,0.5656554102897644,460
Kemerer,3,DE-ABE,46,0.5656554102897644,470
Kemerer,3,DE-ABE,47,0.5656554102897644,480
Kemerer,3,DE-ABE,48,0.5656554102897644,490
Kemerer,3,DE-ABE,49,0.565654456615448,500
Kemerer,3,DE-ABE,50,0.5656495094299316,510
Kemerer,3,DE-ABE,51,0.5656495094299316,520
Kemerer,3,DE-ABE,52,0.5656480193138123,530
Kemerer,3,DE-ABE,53,0.565643310546875,540
Kemerer,3,DE-ABE,54,0.5656429529190063,550
Kemerer,3,DE-ABE,55,0.5656396746635437,560
Kemerer,3,DE-ABE,56,0.5656396746635437,570
Kemerer,3,DE-ABE,57,0.5656315088272095,580
Kemerer,3,DE-ABE,58,0.5656294226646423,590
Kemerer,3,DE-ABE,59,0.5656164884567261,600
Kemerer,3,DE-ABE,60,0.5656158924102783,610
Kemerer,3,DE-ABE,61,0.5656137466430664,620
Kemerer,3,DE-ABE,62,0.5656137466430664,630
Kemerer,3,DE-ABE,63,0.5656137466430664,640
Kemerer,3,DE-ABE,64,0.5656000971794128,650
Kemerer,3,DE-ABE,65,0.5655989050865173,660
Kemerer,3,DE-ABE,66,0.5655903816223145,670
Kemerer,3,DE-ABE,67,0.565586268901825,680
Kemerer,3,DE-ABE,68,0.565579354763031,690
Kemerer,3,DE-ABE,69,0.5655703544616699,700
Kemerer,3,DE-ABE,70,0.5655703544616699,710
Kemerer,3,DE-ABE,71,0.5655703544616699,720
Kemerer,3,DE-ABE,72,0.5655688643455505,730
Kemerer,3,DE-ABE,73,0.5655666589736938,740
Kemerer,3,DE-ABE,74,0.5655646920204163,750
Kemerer,3,DE-ABE,75,0.5655586123466492,760
Kemerer,3,DE-ABE,76,0.5655569434165955,770
Kemerer,3,DE-ABE,77,0.5655564665794373,780
Kemerer,3,DE-ABE,78,0.5655527114868164,790
Kemerer,3,DE-ABE,79,0.5655527114868164,800
Kemerer,3,DE-ABE,80,0.5655506253242493,810
Kemerer,3,DE-ABE,81,0.5655472278594971,820
Kemerer,3,DE-ABE,82,0.5655394792556763,830
Kemerer,3,DE-ABE,83,0.5655372738838196,840
Kemerer,3,DE-ABE,84,0.5655372738838196,850
Kemerer,3,DE-ABE,85,0.5655360817909241,860
Kemerer,3,DE-ABE,86,0.5655337572097778,870
Kemerer,3,DE-ABE,87,0.5655333995819092,880
Kemerer,3,DE-ABE,88,0.5655333995819092,890
Kemerer,3,DE-ABE,89,0.5655333399772644,900
Kemerer,3,DE-ABE,90,0.565532922744751,910
Kemerer,3,DE-ABE,91,0.5655310750007629,920
Kemerer,3,DE-ABE,92,0.5655308961868286,930
Kemerer,3,DE-ABE,93,0.5655211806297302,940
Kemerer,3,DE-ABE,94,0.5655192732810974,950
Kemerer,3,DE-ABE,95,0.5655179023742676,960
Kemerer,3,DE-ABE,96,0.565517008304596,970
Kemerer,3,DE-ABE,97,0.5655149221420288,980
Kemerer,3,DE-ABE,98,0.5655139088630676,990
Kemerer,3,DE-ABE,99,0.5655136108398438,1000
Kemerer,3,GWO-ABE,0,0.5772103071212769,10
Kemerer,3,GWO-ABE,1,0.573687732219696,20
Kemerer,3,GWO-ABE,2,0.5564414858818054,30
Kemerer,3,GWO-ABE,3,0.5577773451805115,40
Kemerer,3,GWO-ABE,4,0.5602940320968628,50
Kemerer,3,GWO-ABE,5,0.5568124055862427,60
Kemerer,3,GWO-ABE,6,0.5515373945236206,70
Kemerer,3,GWO-ABE,7,0.5492762327194214,80
Kemerer,3,GWO-ABE,8,0.5523656010627747,90
Kemerer,3,GWO-ABE,9,0.5525763034820557,100
Kemerer,3,GWO-ABE,10,0.5581881403923035,110
Kemerer,3,GWO-ABE,11,0.5532761812210083,120
Kemerer,3,GWO-ABE,12,0.5542317628860474,130
Kemerer,3,GWO-ABE,13,0.5540958642959595,140
Kemerer,3,GWO-ABE,14,0.5477040410041809,150
Kemerer,3,GWO-ABE,15,0.54779052734375,160
Kemerer,3,GWO-ABE,16,0.547659695148468,170
Kemerer,3,GWO-ABE,17,0.557950496673584,180
Kemerer,3,GWO-ABE,18,0.5492702126502991,190
Kemerer,3,GWO-ABE,19,0.5477294325828552,200
Kemerer,3,GWO-ABE,20,0.5530888438224792,210
Kemerer,3,GWO-ABE,21,0.5471711158752441,220
Kemerer,3,GWO-ABE,22,0.547348141670227,230
Kemerer,3,GWO-ABE,23,0.5474591851234436,240
Kemerer,3,GWO-ABE,24,0.5535649657249451,250
Kemerer,3,GWO-ABE,25,0.5479905605316162,260
Kemerer,3,GWO-ABE,26,0.5466557741165161,270
Kemerer,3,GWO-ABE,27,0.5543805956840515,280
Kemerer,3,GWO-ABE,28,0.5461549162864685,290
Kemerer,3,GWO-ABE,29,0.5475732684135437,300
Kemerer,3,GWO-ABE,30,0.5499724745750427,310
Kemerer,3,GWO-ABE,31,0.5488300323486328,320
Kemerer,3,GWO-ABE,32,0.5474578142166138,330
Kemerer,3,GWO-ABE,33,0.5538944602012634,340
Kemerer,3,GWO-ABE,34,0.5515570044517517,350
Kemerer,3,GWO-ABE,35,0.5503398180007935,360
Kemerer,3,GWO-ABE,36,0.546880841255188,370
Kemerer,3,GWO-ABE,37,0.5505083799362183,380
Kemerer,3,GWO-ABE,38,0.5472076535224915,390
Kemerer,3,GWO-ABE,39,0.5464460849761963,400
Kemerer,3,GWO-ABE,40,0.5479562878608704,410
Kemerer,3,GWO-ABE,41,0.5482627749443054,420
Kemerer,3,GWO-ABE,42,0.5467991828918457,430
Kemerer,3,GWO-ABE,43,0.5546981692314148,440
Kemerer,3,GWO-ABE,44,0.5471382141113281,450
Kemerer,3,GWO-ABE,45,0.5474387407302856,460
Kemerer,3,GWO-ABE,46,0.5515629053115845,470
Kemerer,3,GWO-ABE,47,0.5471510887145996,480
Kemerer,3,GWO-ABE,48,0.5452440977096558,490
Kemerer,3,GWO-ABE,49,0.5464630126953125,500
Kemerer,3,GWO-ABE,50,0.5459598302841187,510
Kemerer,3,GWO-ABE,51,0.5468122363090515,520
Kemerer,3,GWO-ABE,52,0.549548327922821,530
Kemerer,3,GWO-ABE,53,0.5454322695732117,540
Kemerer,3,GWO-ABE,54,0.5521963238716125,550
Kemerer,3,GWO-ABE,55,0.5455282330513,560
Kemerer,3,GWO-ABE,56,0.5513629913330078,570
Kemerer,3,GWO-ABE,57,0.5478582382202148,580
Kemerer,3,GWO-ABE,58,0.5445727109909058,590
Kemerer,3,GWO-ABE,59,0.5463742017745972,600
Kemerer,3,GWO-ABE,60,0.5483806729316711,610
Kemerer,3,GWO-ABE,61,0.547977089881897,620
Kemerer,3,GWO-ABE,62,0.5477733016014099,630
Kemerer,3,GWO-ABE,63,0.5492848753929138,640
Kemerer,3,GWO-ABE,64,0.547744870185852,650
Kemerer,3,GWO-ABE,65,0.5470892786979675,660
Kemerer,3,GWO-ABE,66,0.548875093460083,670
Kemerer,3,GWO-ABE,67,0.5546421408653259,680
Kemerer,3,GWO-ABE,68,0.5507037043571472,690
Kemerer,3,GWO-ABE,69,0.5498346090316772,700
Kemerer,3,GWO-ABE,70,0.5485780239105225,710
Kemerer,3,GWO-ABE,71,0.5490871667861938,720
Kemerer,3,GWO-ABE,72,0.5492635369300842,730
Kemerer,3,GWO-ABE,73,0.5478521585464478,740
Kemerer,3,GWO-ABE,74,0.5466914176940918,750
Kemerer,3,GWO-ABE,75,0.5481603145599365,760
Kemerer,3,GWO-ABE,76,0.5480343699455261,770
Kemerer,3,GWO-ABE,77,0.5484358668327332,780
Kemerer,3,GWO-ABE,78,0.5450849533081055,790
Kemerer,3,GWO-ABE,79,0.5451691150665283,800
Kemerer,3,GWO-ABE,80,0.5442590713500977,810
Kemerer,3,GWO-ABE,81,0.543938934803009,820
Kemerer,3,GWO-ABE,82,0.5447160005569458,830
Kemerer,3,GWO-ABE,83,0.5444022417068481,840
Kemerer,3,GWO-ABE,84,0.5467624068260193,850
Kemerer,3,GWO-ABE,85,0.5467522740364075,860
Kemerer,3,GWO-ABE,86,0.5457094311714172,870
Kemerer,3,GWO-ABE,87,0.5456233024597168,880
Kemerer,3,GWO-ABE,88,0.5454353094100952,890
Kemerer,3,GWO-ABE,89,0.5445758700370789,900
Kemerer,3,GWO-ABE,90,0.544864296913147,910
Kemerer,3,GWO-ABE,91,0.5444291234016418,920
Kemerer,3,GWO-ABE,92,0.5445356369018555,930
Kemerer,3,GWO-ABE,93,0.5446826219558716,940
Kemerer,3,GWO-ABE,94,0.5444107055664062,950
Kemerer,3,GWO-ABE,95,0.5444352030754089,960
Kemerer,3,GWO-ABE,96,0.5443747639656067,970
Kemerer,3,GWO-ABE,97,0.5443812608718872,980
Kemerer,3,GWO-ABE,98,0.5444160103797913,990
Kemerer,3,GWO-ABE,99,0.5443971753120422,1000
Kemerer,3,WOA-ABE,0,0.6224338412284851,10
Kemerer,3,WOA-ABE,1,0.5787929892539978,20
Kemerer,3,WOA-ABE,2,0.5682629942893982,30
Kemerer,3,WOA-ABE,3,0.5682629942893982,40
Kemerer,3,WOA-ABE,4,0.5681931376457214,50
Kemerer,3,WOA-ABE,5,0.5605216026306152,60
Kemerer,3,WOA-ABE,6,0.5586175322532654,70
Kemerer,3,WOA-ABE,7,0.5498431921005249,80
Kemerer,3,WOA-ABE,8,0.5498431921005249,90
Kemerer,3,WOA-ABE,9,0.5498366355895996,100
Kemerer,3,WOA-ABE,10,0.545505166053772,110
Kemerer,3,WOA-ABE,11,0.5451477766036987,120
Kemerer,3,WOA-ABE,12,0.5451477766036987,130
Kemerer,3,WOA-ABE,13,0.5447700619697571,140
Kemerer,3,WOA-ABE,14,0.5447700619697571,150
Kemerer,3,WOA-ABE,15,0.544758677482605,160
Kemerer,3,WOA-ABE,16,0.544758677482605,170
Kemerer,3,WOA-ABE,17,0.5447341203689575,180
Kemerer,3,WOA-ABE,18,0.5446485280990601,190
Kemerer,3,WOA-ABE,19,0.544623851776123,200
Kemerer,3,WOA-ABE,20,0.5444932579994202,210
Kemerer,3,WOA-ABE,21,0.5444503426551819,220
Kemerer,3,WOA-ABE,22,0.5444503426551819,230
Kemerer,3,WOA-ABE,23,0.5444148182868958,240
Kemerer,3,WOA-ABE,24,0.5444148182868958,250
Kemerer,3,WOA-ABE,25,0.5444148182868958,260
Kemerer,3,WOA-ABE,26,0.5443606376647949,270
Kemerer,3,WOA-ABE,27,0.5443606376647949,280
Kemerer,3,WOA-ABE,28,0.5443606376647949,290
Kemerer,3,WOA-ABE,29,0.5443606376647949,300
Kemerer,3,WOA-ABE,30,0.5443558692932129,310
Kemerer,3,WOA-ABE,31,0.5443558692932129,320
Kemerer,3,WOA-ABE,32,0.5443558692932129,330
Kemerer,3,WOA-ABE,33,0.5443558692932129,340
Kemerer,3,WOA-ABE,34,0.5443558692932129,350
Kemerer,3,WOA-ABE,35,0.5443558692932129,360
Kemerer,3,WOA-ABE,36,0.5443558692932129,370
Kemerer,3,WOA-ABE,37,0.5443549156188965,380
Kemerer,3,WOA-ABE,38,0.5443549156188965,390
Kemerer,3,WOA-ABE,39,0.5443549156188965,400
Kemerer,3,WOA-ABE,40,0.5443544983863831,410
Kemerer,3,WOA-ABE,41,0.5443544983863831,420
Kemerer,3,WOA-ABE,42,0.5443544983863831,430
Kemerer,3,WOA-ABE,43,0.5443544983863831,440
Kemerer,3,WOA-ABE,44,0.5443544983863831,450
Kemerer,3,WOA-ABE,45,0.5443544983863831,460
Kemerer,3,WOA-ABE,46,0.5443544983863831,470
Kemerer,3,WOA-ABE,47,0.5443544983863831,480
Kemerer,3,WOA-ABE,48,0.5443544983863831,490
Kemerer,3,WOA-ABE,49,0.5443544983863831,500
Kemerer,3,WOA-ABE,50,0.5443544983863831,510
Kemerer,3,WOA-ABE,51,0.5443544983863831,520
Kemerer,3,WOA-ABE,52,0.5443544983863831,530
Kemerer,3,WOA-ABE,53,0.5443544983863831,540
Kemerer,3,WOA-ABE,54,0.5443544983863831,550
Kemerer,3,WOA-ABE,55,0.5443544983863831,560
Kemerer,3,WOA-ABE,56,0.5443544983863831,570
Kemerer,3,WOA-ABE,57,0.5443544983863831,580
Kemerer,3,WOA-ABE,58,0.5443544983863831,590
Kemerer,3,WOA-ABE,59,0.5443544983863831,600
Kemerer,3,WOA-ABE,60,0.5443544983863831,610
Kemerer,3,WOA-ABE,61,0.5443544983863831,620
Kemerer,3,WOA-ABE,62,0.5443544983863831,630
Kemerer,3,WOA-ABE,63,0.5443544983863831,640
Kemerer,3,WOA-ABE,64,0.5443544983863831,650
Kemerer,3,WOA-ABE,65,0.5443544983863831,660
Kemerer,3,WOA-ABE,66,0.5443544983863831,670
Kemerer,3,WOA-ABE,67,0.5443544983863831,680
Kemerer,3,WOA-ABE,68,0.5443544983863831,690
Kemerer,3,WOA-ABE,69,0.5443544983863831,700
Kemerer,3,WOA-ABE,70,0.5443544983863831,710
Kemerer,3,WOA-ABE,71,0.5443544983863831,720
Kemerer,3,WOA-ABE,72,0.5443544983863831,730
Kemerer,3,WOA-ABE,73,0.5443544983863831,740
Kemerer,3,WOA-ABE,74,0.5443544983863831,750
Kemerer,3,WOA-ABE,75,0.5443544983863831,760
Kemerer,3,WOA-ABE,76,0.5443544983863831,770
Kemerer,3,WOA-ABE,77,0.5443544983863831,780
Kemerer,3,WOA-ABE,78,0.5443544983863831,790
Kemerer,3,WOA-ABE,79,0.5443544983863831,800
Kemerer,3,WOA-ABE,80,0.5443544983863831,810
Kemerer,3,WOA-ABE,81,0.5443540811538696,820
Kemerer,3,WOA-ABE,82,0.5443540811538696,830
Kemerer,3,WOA-ABE,83,0.5443540811538696,840
Kemerer,3,WOA-ABE,84,0.5443540215492249,850
Kemerer,3,WOA-ABE,85,0.5443540215492249,860
Kemerer,3,WOA-ABE,86,0.5443540215492249,870
Kemerer,3,WOA-ABE,87,0.5443540215492249,880
Kemerer,3,WOA-ABE,88,0.5443537831306458,890
Kemerer,3,WOA-ABE,89,0.5443537831306458,900
Kemerer,3,WOA-ABE,90,0.5443534255027771,910
Kemerer,3,WOA-ABE,91,0.5443519949913025,920
Kemerer,3,WOA-ABE,92,0.5443519949913025,930
Kemerer,3,WOA-ABE,93,0.5443519949913025,940
Kemerer,3,WOA-ABE,94,0.5443233251571655,950
Kemerer,3,WOA-ABE,95,0.5443233251571655,960
Kemerer,3,WOA-ABE,96,0.5443215370178223,970
Kemerer,3,WOA-ABE,97,0.5443215370178223,980
Kemerer,3,WOA-ABE,98,0.5443215370178223,990
Kemerer,3,WOA-ABE,99,0.5443192720413208,1000
Kemerer,3,FAABE,0,0.6139588952064514,10
Kemerer,3,FAABE,1,0.592288613319397,20
Kemerer,3,FAABE,2,0.5865666270256042,30
Kemerer,3,FAABE,3,0.5660268068313599,40
Kemerer,3,FAABE,4,0.5516214370727539,50
Kemerer,3,FAABE,5,0.5516214370727539,60
Kemerer,3,FAABE,6,0.5496575236320496,70
Kemerer,3,FAABE,7,0.5496575236320496,80
Kemerer,3,FAABE,8,0.5496575236320496,90
Kemerer,3,FAABE,9,0.5474821329116821,100
Kemerer,3,FAABE,10,0.5469009280204773,110
Kemerer,3,FAABE,11,0.5469009280204773,120
Kemerer,3,FAABE,12,0.5469009280204773,130
Kemerer,3,FAABE,13,0.5469009280204773,140
Kemerer,3,FAABE,14,0.5469009280204773,150
Kemerer,3,FAABE,15,0.5469009280204773,160
Kemerer,3,FAABE,16,0.5469009280204773,170
Kemerer,3,FAABE,17,0.5469009280204773,180
Kemerer,3,FAABE,18,0.5469009280204773,190
Kemerer,3,FAABE,19,0.5469009280204773,200
Kemerer,3,FAABE,20,0.5463346242904663,210
Kemerer,3,FAABE,21,0.5463346242904663,220
Kemerer,3,FAABE,22,0.5463346242904663,230
Kemerer,3,FAABE,23,0.5463346242904663,240
Kemerer,3,FAABE,24,0.5463346242904663,250
Kemerer,3,FAABE,25,0.5463346242904663,260
Kemerer,3,FAABE,26,0.5463346242904663,270
Kemerer,3,FAABE,27,0.5463346242904663,280
Kemerer,3,FAABE,28,0.5463346242904663,290
Kemerer,3,FAABE,29,0.5463346242904663,300
Kemerer,3,FAABE,30,0.5463346242904663,310
Kemerer,3,FAABE,31,0.5463346242904663,320
Kemerer,3,FAABE,32,0.5462356209754944,330
Kemerer,3,FAABE,33,0.5462356209754944,340
Kemerer,3,FAABE,34,0.5458504557609558,350
Kemerer,3,FAABE,35,0.5458504557609558,360
Kemerer,3,FAABE,36,0.5458504557609558,370
Kemerer,3,FAABE,37,0.5458504557609558,380
Kemerer,3,FAABE,38,0.5458504557609558,390
Kemerer,3,FAABE,39,0.5458504557609558,400
Kemerer,3,FAABE,40,0.5458504557609558,410
Kemerer,3,FAABE,41,0.5458504557609558,420
Kemerer,3,FAABE,42,0.5458504557609558,430
Kemerer,3,FAABE,43,0.5458504557609558,440
Kemerer,3,FAABE,44,0.5457599759101868,450
Kemerer,3,FAABE,45,0.5457599759101868,460
Kemerer,3,FAABE,46,0.5457599759101868,470
Kemerer,3,FAABE,47,0.5457599759101868,480
Kemerer,3,FAABE,48,0.5457599759101868,490
Kemerer,3,FAABE,49,0.5457599759101868,500
Kemerer,3,FAABE,50,0.5457599759101868,510
Kemerer,3,FAABE,51,0.5457599759101868,520
Kemerer,3,FAABE,52,0.5457599759101868,530
Kemerer,3,FAABE,53,0.5457599759101868,540
Kemerer,3,FAABE,54,0.5457599759101868,550
Kemerer,3,FAABE,55,0.5449584126472473,560
Kemerer,3,FAABE,56,0.5449584126472473,570
Kemerer,3,FAABE,57,0.5449584126472473,580
Kemerer,3,FAABE,58,0.5445556044578552,590
Kemerer,3,FAABE,59,0.5445556044578552,600
Kemerer,3,FAABE,60,0.5445556044578552,610
Kemerer,3,FAABE,61,0.5445556044578552,620
Kemerer,3,FAABE,62,0.5445556044578552,630
Kemerer,3,FAABE,63,0.5445556044578552,640
Kemerer,3,FAABE,64,0.5445556044578552,650
Kemerer,3,FAABE,65,0.5445556044578552,660
Kemerer,3,FAABE,66,0.5445556044578552,670
Kemerer,3,FAABE,67,0.5445556044578552,680
Kemerer,3,FAABE,68,0.5445556044578552,690
Kemerer,3,FAABE,69,0.5445556044578552,700
Kemerer,3,FAABE,70,0.5445556044578552,710
Kemerer,3,FAABE,71,0.5445556044578552,720
Kemerer,3,FAABE,72,0.5445556044578552,730
Kemerer,3,FAABE,73,0.5445556044578552,740
Kemerer,3,FAABE,74,0.5445556044578552,750
Kemerer,3,FAABE,75,0.5445556044578552,760
Kemerer,3,FAABE,76,0.5445556044578552,770
Kemerer,3,FAABE,77,0.5445556044578552,780
Kemerer,3,FAABE,78,0.5445556044578552,790
Kemerer,3,FAABE,79,0.5445504188537598,800
Kemerer,3,FAABE,80,0.5445504188537598,810
Kemerer,3,FAABE,81,0.5445504188537598,820
Kemerer,3,FAABE,82,0.5445504188537598,830
Kemerer,3,FAABE,83,0.5445504188537598,840
Kemerer,3,FAABE,84,0.5445504188537598,850
Kemerer,3,FAABE,85,0.5445504188537598,860
Kemerer,3,FAABE,86,0.5445504188537598,870
Kemerer,3,FAABE,87,0.5445504188537598,880
Kemerer,3,FAABE,88,0.5445504188537598,890
Kemerer,3,FAABE,89,0.5445504188537598,900
Kemerer,3,FAABE,90,0.5445504188537598,910
Kemerer,3,FAABE,91,0.5445504188537598,920
Kemerer,3,FAABE,92,0.5445504188537598,930
Kemerer,3,FAABE,93,0.5445504188537598,940
Kemerer,3,FAABE,94,0.5445504188537598,950
Kemerer,3,FAABE,95,0.5445504188537598,960
Kemerer,3,FAABE,96,0.5445504188537598,970
Kemerer,3,FAABE,97,0.5445504188537598,980
Kemerer,3,FAABE,98,0.5445504188537598,990
Kemerer,3,FAABE,99,0.5445504188537598,1000
Kemerer,4,GA-ABE,0,0.5628783106803894,10
Kemerer,4,GA-ABE,1,0.5572003722190857,20
Kemerer,4,GA-ABE,2,0.5572003722190857,30
Kemerer,4,GA-ABE,3,0.5560011267662048,40
Kemerer,4,GA-ABE,4,0.5472181439399719,50
Kemerer,4,GA-ABE,5,0.5472181439399719,60
Kemerer,4,GA-ABE,6,0.5408474802970886,70
Kemerer,4,GA-ABE,7,0.5408474802970886,80
Kemerer,4,GA-ABE,8,0.5368385314941406,90
Kemerer,4,GA-ABE,9,0.5363223552703857,100
Kemerer,4,GA-ABE,10,0.5345702767372131,110
Kemerer,4,GA-ABE,11,0.5339215993881226,120
Kemerer,4,GA-ABE,12,0.5339215993881226,130
Kemerer,4,GA-ABE,13,0.5338526964187622,140
Kemerer,4,GA-ABE,14,0.5314283967018127,150
Kemerer,4,GA-ABE,15,0.5309051275253296,160
Kemerer,4,GA-ABE,16,0.5309051275253296,170
Kemerer,4,GA-ABE,17,0.5309050679206848,180
Kemerer,4,GA-ABE,18,0.5298967957496643,190
Kemerer,4,GA-ABE,19,0.5298967957496643,200
Kemerer,4,GA-ABE,20,0.5298967957496643,210
Kemerer,4,GA-ABE,21,0.5298967957496643,220
Kemerer,4,GA-ABE,22,0.5298967361450195,230
Kemerer,4,GA-ABE,23,0.5298967361450195,240
Kemerer,4,GA-ABE,24,0.5298967361450195,250
Kemerer,4,GA-ABE,25,0.5298967361450195,260
Kemerer,4,GA-ABE,26,0.5294445157051086,270
Kemerer,4,GA-ABE,27,0.5294445157051086,280
Kemerer,4,GA-ABE,28,0.5294445157051086,290
Kemerer,4,GA-ABE,29,0.5294445157051086,300
Kemerer,4,GA-ABE,30,0.5294445157051086,310
Kemerer,4,GA-ABE,31,0.5294445157051086,320
Kemerer,4,GA-ABE,32,0.5294445157051086,330
Kemerer,4,GA-ABE,33,0.5294445157051086,340
Kemerer,4,GA-ABE,34,0.5294445157051086,350
Kemerer,4,GA-ABE,35,0.5294445157051086,360
Kemerer,4,GA-ABE,36,0.5294445157051086,370
Kemerer,4,GA-ABE,37,0.5294445157051086,380
Kemerer,4,GA-ABE,38,0.5294445157051086,390
Kemerer,4,GA-ABE,39,0.5294445157051086,400
Kemerer,4,GA-ABE,40,0.5294445157051086,410
Kemerer,4,GA-ABE,41,0.5292853713035583,420
Kemerer,4,GA-ABE,42,0.5292853116989136,430
Kemerer,4,GA-ABE,43,0.5292853116989136,440
Kemerer,4,GA-ABE,44,0.5292853116989136,450
Kemerer,4,GA-ABE,45,0.5292853116989136,460
Kemerer,4,GA-ABE,46,0.5292853116989136,470
Kemerer,4,GA-ABE,47,0.5291451215744019,480
Kemerer,4,GA-ABE,48,0.5291451215744019,490
Kemerer,4,GA-ABE,49,0.5291451215744019,500
Kemerer,4,GA-ABE,50,0.5291451215744019,510
Kemerer,4,GA-ABE,51,0.5291451215744019,520
Kemerer,4,GA-ABE,52,0.5291451215744019,530
Kemerer,4,GA-ABE,53,0.5286038517951965,540
Kemerer,4,GA-ABE,54,0.526327908039093,550
Kemerer,4,GA-ABE,55,0.526327908039093,560
Kemerer,4,GA-ABE,56,0.526327908039093,570
Kemerer,4,GA-ABE,57,0.526327908039093,580
Kemerer,4,GA-ABE,58,0.526327908039093,590
Kemerer,4,GA-ABE,59,0.526327908039093,600
Kemerer,4,GA-ABE,60,0.526327908039093,610
Kemerer,4,GA-ABE,61,0.526327908039093,620
Kemerer,4,GA-ABE,62,0.526327908039093,630
Kemerer,4,GA-ABE,63,0.526327908039093,640
Kemerer,4,GA-ABE,64,0.5256346464157104,650
Kemerer,4,GA-ABE,65,0.5256346464157104,660
Kemerer,4,GA-ABE,66,0.5256346464157104,670
Kemerer,4,GA-ABE,67,0.5256346464157104,680
Kemerer,4,GA-ABE,68,0.5256346464157104,690
Kemerer,4,GA-ABE,69,0.5256346464157104,700
Kemerer,4,GA-ABE,70,0.5256346464157104,710
Kemerer,4,GA-ABE,71,0.5256346464157104,720
Kemerer,4,GA-ABE,72,0.5256346464157104,730
Kemerer,4,GA-ABE,73,0.5256346464157104,740
Kemerer,4,GA-ABE,74,0.5256346464157104,750
Kemerer,4,GA-ABE,75,0.5256346464157104,760
Kemerer,4,GA-ABE,76,0.5256346464157104,770
Kemerer,4,GA-ABE,77,0.5256093740463257,780
Kemerer,4,GA-ABE,78,0.5256093740463257,790
Kemerer,4,GA-ABE,79,0.5253926515579224,800
Kemerer,4,GA-ABE,80,0.5253926515579224,810
Kemerer,4,GA-ABE,81,0.5253926515579224,820
Kemerer,4,GA-ABE,82,0.5253926515579224,830
Kemerer,4,GA-ABE,83,0.5253022909164429,840
Kemerer,4,GA-ABE,84,0.5253022909164429,850
Kemerer,4,GA-ABE,85,0.5253022909164429,860
Kemerer,4,GA-ABE,86,0.5252472758293152,870
Kemerer,4,GA-ABE,87,0.5251875519752502,880
Kemerer,4,GA-ABE,88,0.5251875519752502,890
Kemerer,4,GA-ABE,89,0.5251875519752502,900
Kemerer,4,GA-ABE,90,0.5251875519752502,910
Kemerer,4,GA-ABE,91,0.5251875519752502,920
Kemerer,4,GA-ABE,92,0.5251874923706055,930
Kemerer,4,GA-ABE,93,0.5251874923706055,940
Kemerer,4,GA-ABE,94,0.5251874923706055,950
Kemerer,4,GA-ABE,95,0.5251867175102234,960
Kemerer,4,GA-ABE,96,0.5251867175102234,970
Kemerer,4,GA-ABE,97,0.5251867175102234,980
Kemerer,4,GA-ABE,98,0.5249055027961731,990
Kemerer,4,GA-ABE,99,0.5249055027961731,1000
Kemerer,4,PSO-ABE,0,0.5653223395347595,10
Kemerer,4,PSO-ABE,1,0.5103626251220703,20
Kemerer,4,PSO-ABE,2,0.5103626251220703,30
Kemerer,4,PSO-ABE,3,0.5103626251220703,40
Kemerer,4,PSO-ABE,4,0.5103626251220703,50
Kemerer,4,PSO-ABE,5,0.5103626251220703,60
Kemerer,4,PSO-ABE,6,0.5103626251220703,70
Kemerer,4,PSO-ABE,7,0.5103626251220703,80
Kemerer,4,PSO-ABE,8,0.5103626251220703,90
Kemerer,4,PSO-ABE,9,0.5103626251220703,100
Kemerer,4,PSO-ABE,10,0.5097198486328125,110
Kemerer,4,PSO-ABE,11,0.5095811486244202,120
Kemerer,4,PSO-ABE,12,0.5092565417289734,130
Kemerer,4,PSO-ABE,13,0.5092565417289734,140
Kemerer,4,PSO-ABE,14,0.5092565417289734,150
Kemerer,4,PSO-ABE,15,0.5071744322776794,160
Kemerer,4,PSO-ABE,16,0.5071744322776794,170
Kemerer,4,PSO-ABE,17,0.5069180130958557,180
Kemerer,4,PSO-ABE,18,0.5069180130958557,190
Kemerer,4,PSO-ABE,19,0.5061386823654175,200
Kemerer,4,PSO-ABE,20,0.5057065486907959,210
Kemerer,4,PSO-ABE,21,0.5056686401367188,220
Kemerer,4,PSO-ABE,22,0.5056686401367188,230
Kemerer,4,PSO-ABE,23,0.5056686401367188,240
Kemerer,4,PSO-ABE,24,0.5056611895561218,250
Kemerer,4,PSO-ABE,25,0.5054002404212952,260
Kemerer,4,PSO-ABE,26,0.5052103996276855,270
Kemerer,4,PSO-ABE,27,0.5052103996276855,280
Kemerer,4,PSO-ABE,28,0.5052103996276855,290
Kemerer,4,PSO-ABE,29,0.5052103996276855,300
Kemerer,4,PSO-ABE,30,0.5052103996276855,310
Kemerer,4,PSO-ABE,31,0.5052103996276855,320
Kemerer,4,PSO-ABE,32,0.5051978826522827,330
Kemerer,4,PSO-ABE,33,0.5051379203796387,340
Kemerer,4,PSO-ABE,34,0.5051379203796387,350
Kemerer,4,PSO-ABE,35,0.5051379203796387,360
Kemerer,4,PSO-ABE,36,0.5051379203796387,370
Kemerer,4,PSO-ABE,37,0.5051379203796387,380
Kemerer,4,PSO-ABE,38,0.5051379203796387,390
Kemerer,4,PSO-ABE,39,0.5051133036613464,400
Kemerer,4,PSO-ABE,40,0.5051133036613464,410
Kemerer,4,PSO-ABE,41,0.5051133036613464,420
Kemerer,4,PSO-ABE,42,0.5051133036613464,430
Kemerer,4,PSO-ABE,43,0.5051133036613464,440
Kemerer,4,PSO-ABE,44,0.5051133036613464,450
Kemerer,4,PSO-ABE,45,0.5051127672195435,460
Kemerer,4,PSO-ABE,46,0.5050916075706482,470
Kemerer,4,PSO-ABE,47,0.5050916075706482,480
Kemerer,4,PSO-ABE,48,0.5050817728042603,490
Kemerer,4,PSO-ABE,49,0.5050817728042603,500
Kemerer,4,PSO-ABE,50,0.5050817728042603,510
Kemerer,4,PSO-ABE,51,0.5050817728042603,520
Kemerer,4,PSO-ABE,52,0.5050767064094543,530
Kemerer,4,PSO-ABE,53,0.5050767064094543,540
Kemerer,4,PSO-ABE,54,0.5050734877586365,550
Kemerer,4,PSO-ABE,55,0.5050684213638306,560
Kemerer,4,PSO-ABE,56,0.5050684213638306,570
Kemerer,4,PSO-ABE,57,0.5050684213638306,580
Kemerer,4,PSO-ABE,58,0.5050684213638306,590
Kemerer,4,PSO-ABE,59,0.5050684213638306,600
Kemerer,4,PSO-ABE,60,0.5050684213638306,610
Kemerer,4,PSO-ABE,61,0.5050684213638306,620
Kemerer,4,PSO-ABE,62,0.5050663948059082,630
Kemerer,4,PSO-ABE,63,0.5050663948059082,640
Kemerer,4,PSO-ABE,64,0.5050663948059082,650
Kemerer,4,PSO-ABE,65,0.5050663948059082,660
Kemerer,4,PSO-ABE,66,0.5050663948059082,670
Kemerer,4,PSO-ABE,67,0.5050663948059082,680
Kemerer,4,PSO-ABE,68,0.5050663948059082,690
Kemerer,4,PSO-ABE,69,0.5050661563873291,700
Kemerer,4,PSO-ABE,70,0.5050661563873291,710
Kemerer,4,PSO-ABE,71,0.5050661563873291,720
Kemerer,4,PSO-ABE,72,0.5050661563873291,730
Kemerer,4,PSO-ABE,73,0.5050661563873291,740
Kemerer,4,PSO-ABE,74,0.5050661563873291,750
Kemerer,4,PSO-ABE,75,0.5050661563873291,760
Kemerer,4,PSO-ABE,76,0.5050661563873291,770
Kemerer,4,PSO-ABE,77,0.5050661563873291,780
Kemerer,4,PSO-ABE,78,0.5050661563873291,790
Kemerer,4,PSO-ABE,79,0.5050661563873291,800
Kemerer,4,PSO-ABE,80,0.5050661563873291,810
Kemerer,4,PSO-ABE,81,0.5050661563873291,820
Kemerer,4,PSO-ABE,82,0.5050661563873291,830
Kemerer,4,PSO-ABE,83,0.5050661563873291,840
Kemerer,4,PSO-ABE,84,0.5050661563873291,850
Kemerer,4,PSO-ABE,85,0.5050661563873291,860
Kemerer,4,PSO-ABE,86,0.5050661563873291,870
Kemerer,4,PSO-ABE,87,0.5050661563873291,880
Kemerer,4,PSO-ABE,88,0.50506591796875,890
Kemerer,4,PSO-ABE,89,0.50506591796875,900
Kemerer,4,PSO-ABE,90,0.5050654411315918,910
Kemerer,4,PSO-ABE,91,0.5050654411315918,920
Kemerer,4,PSO-ABE,92,0.5050654411315918,930
Kemerer,4,PSO-ABE,93,0.5050646066665649,940
Kemerer,4,PSO-ABE,94,0.5050644278526306,950
Kemerer,4,PSO-ABE,95,0.5050644278526306,960
Kemerer,4,PSO-ABE,96,0.5050644278526306,970
Kemerer,4,PSO-ABE,97,0.5050644278526306,980
Kemerer,4,PSO-ABE,98,0.5050644278526306,990
Kemerer,4,PSO-ABE,99,0.5050644278526306,1000
Kemerer,4,DE-ABE,0,0.592176616191864,10
Kemerer,4,DE-ABE,1,0.592176616191864,20
Kemerer,4,DE-ABE,2,0.553781270980835,30
Kemerer,4,DE-ABE,3,0.553781270980835,40
Kemerer,4,DE-ABE,4,0.5504344701766968,50
Kemerer,4,DE-ABE,5,0.5504344701766968,60
Kemerer,4,DE-ABE,6,0.5504344701766968,70
Kemerer,4,DE-ABE,7,0.5504344701766968,80
Kemerer,4,DE-ABE,8,0.5498795509338379,90
Kemerer,4,DE-ABE,9,0.5478359460830688,100
Kemerer,4,DE-ABE,10,0.5077735185623169,110
Kemerer,4,DE-ABE,11,0.5077735185623169,120
Kemerer,4,DE-ABE,12,0.5075343251228333,130
Kemerer,4,DE-ABE,13,0.5075343251228333,140
Kemerer,4,DE-ABE,14,0.5075343251228333,150
Kemerer,4,DE-ABE,15,0.5067100524902344,160
Kemerer,4,DE-ABE,16,0.5067100524902344,170
Kemerer,4,DE-ABE,17,0.5067100524902344,180
Kemerer,4,DE-ABE,18,0.5067100524902344,190
Kemerer,4,DE-ABE,19,0.5066247582435608,200
Kemerer,4,DE-ABE,20,0.5063809752464294,210
Kemerer,4,DE-ABE,21,0.505835771560669,220
Kemerer,4,DE-ABE,22,0.505835771560669,230
Kemerer,4,DE-ABE,23,0.5056401491165161,240
Kemerer,4,DE-ABE,24,0.5055850744247437,250
Kemerer,4,DE-ABE,25,0.5055657625198364,260
Kemerer,4,DE-ABE,26,0.5055207014083862,270
Kemerer,4,DE-ABE,27,0.5055084228515625,280
Kemerer,4,DE-ABE,28,0.5054472088813782,290
Kemerer,4,DE-ABE,29,0.5054245591163635,300
Kemerer,4,DE-ABE,30,0.5054157972335815,310
Kemerer,4,DE-ABE,31,0.5054157972335815,320
Kemerer,4,DE-ABE,32,0.5054054260253906,330
Kemerer,4,DE-ABE,33,0.5053984522819519,340
Kemerer,4,DE-ABE,34,0.5053984522819519,350
Kemerer,4,DE-ABE,35,0.5053931474685669,360
Kemerer,4,DE-ABE,36,0.5053765177726746,370
Kemerer,4,DE-ABE,37,0.5053765177726746,380
Kemerer,4,DE-ABE,38,0.5053678750991821,390
Kemerer,4,DE-ABE,39,0.5053576231002808,400
Kemerer,4,DE-ABE,40,0.5053423047065735,410
Kemerer,4,DE-ABE,41,0.5053423047065735,420
Kemerer,4,DE-ABE,42,0.505327045917511,430
Kemerer,4,DE-ABE,43,0.5053227543830872,440
Kemerer,4,DE-ABE,44,0.5053227543830872,450
Kemerer,4,DE-ABE,45,0.5053227543830872,460
Kemerer,4,DE-ABE,46,0.5053218603134155,470
Kemerer,4,DE-ABE,47,0.5053209066390991,480
Kemerer,4,DE-ABE,48,0.5053209066390991,490
Kemerer,4,DE-ABE,49,0.5053169131278992,500
Kemerer,4,DE-ABE,50,0.5053169131278992,510
Kemerer,4,DE-ABE,51,0.5053163170814514,520
Kemerer,4,DE-ABE,52,0.5053133964538574,530
Kemerer,4,DE-ABE,53,0.5053095817565918,540
Kemerer,4,DE-ABE,54,0.5053066611289978,550
Kemerer,4,DE-ABE,55,0.5053065419197083,560
Kemerer,4,DE-ABE,56,0.5053029656410217,570
Kemerer,4,DE-ABE,57,0.5053029656410217,580
Kemerer,4,DE-ABE,58,0.505301833152771,590
Kemerer,4,DE-ABE,59,0.5053013563156128,600
Kemerer,4,DE-ABE,60,0.5053001642227173,610
Kemerer,4,DE-ABE,61,0.5052986145019531,620
Kemerer,4,DE-ABE,62,0.5052984952926636,630
Kemerer,4,DE-ABE,63,0.5052981376647949,640
Kemerer,4,DE-ABE,64,0.5052955746650696,650
Kemerer,4,DE-ABE,65,0.5052940845489502,660
Kemerer,4,DE-ABE,66,0.5052940845489502,670
Kemerer,4,DE-ABE,67,0.5052934885025024,680
Kemerer,4,DE-ABE,68,0.5052932500839233,690
Kemerer,4,DE-ABE,69,0.5052930116653442,700
Kemerer,4,DE-ABE,70,0.505291759967804,710
Kemerer,4,DE-ABE,71,0.505291759967804,720
Kemerer,4,DE-ABE,72,0.5052912831306458,730
Kemerer,4,DE-ABE,73,0.5052906274795532,740
Kemerer,4,DE-ABE,74,0.5052903294563293,750
Kemerer,4,DE-ABE,75,0.5052894353866577,760
Kemerer,4,DE-ABE,76,0.5052887797355652,770
Kemerer,4,DE-ABE,77,0.5052883625030518,780
Kemerer,4,DE-ABE,78,0.5052883625030518,790
Kemerer,4,DE-ABE,79,0.5052882432937622,800
Kemerer,4,DE-ABE,80,0.5052881240844727,810
Kemerer,4,DE-ABE,81,0.5052881240844727,820
Kemerer,4,DE-ABE,82,0.5052879452705383,830
Kemerer,4,DE-ABE,83,0.5052879452705383,840
Kemerer,4,DE-ABE,84,0.5052879452705383,850
Kemerer,4,DE-ABE,85,0.5052879452705383,860
Kemerer,4,DE-ABE,86,0.5052879452705383,870
Kemerer,4,DE-ABE,87,0.5052879452705383,880
Kemerer,4,DE-ABE,88,0.5052877068519592,890
Kemerer,4,DE-ABE,89,0.5052876472473145,900
Kemerer,4,DE-ABE,90,0.5052876472473145,910
Kemerer,4,DE-ABE,91,0.5052875876426697,920
Kemerer,4,DE-ABE,92,0.5052872896194458,930
Kemerer,4,DE-ABE,93,0.5052872896194458,940
Kemerer,4,DE-ABE,94,0.5052872896194458,950
Kemerer,4,DE-ABE,95,0.5052871704101562,960
Kemerer,4,DE-ABE,96,0.5052871704101562,970
Kemerer,4,DE-ABE,97,0.5052869915962219,980
Kemerer,4,DE-ABE,98,0.5052869915962219,990
Kemerer,4,DE-ABE,99,0.5052869915962219,1000
Kemerer,4,GWO-ABE,0,0.5532205700874329,10
Kemerer,4,GWO-ABE,1,0.5366295576095581,20
Kemerer,4,GWO-ABE,2,0.5428460240364075,30
Kemerer,4,GWO-ABE,3,0.5398885607719421,40
Kemerer,4,GWO-ABE,4,0.5252287983894348,50
Kemerer,4,GWO-ABE,5,0.5360763669013977,60
Kemerer,4,GWO-ABE,6,0.5372150540351868,70
Kemerer,4,GWO-ABE,7,0.5114041566848755,80
Kemerer,4,GWO-ABE,8,0.5340645909309387,90
Kemerer,4,GWO-ABE,9,0.5353654026985168,100
Kemerer,4,GWO-ABE,10,0.5309368968009949,110
Kemerer,4,GWO-ABE,11,0.5294662117958069,120
Kemerer,4,GWO-ABE,12,0.5324035286903381,130
Kemerer,4,GWO-ABE,13,0.5301091074943542,140
Kemerer,4,GWO-ABE,14,0.5302157998085022,150
Kemerer,4,GWO-ABE,15,0.5283312797546387,160
Kemerer,4,GWO-ABE,16,0.5277852416038513,170
Kemerer,4,GWO-ABE,17,0.5299967527389526,180
Kemerer,4,GWO-ABE,18,0.5294272303581238,190
Kemerer,4,GWO-ABE,19,0.5299056172370911,200
Kemerer,4,GWO-ABE,20,0.5288032293319702,210
Kemerer,4,GWO-ABE,21,0.5284705758094788,220
Kemerer,4,GWO-ABE,22,0.5296198129653931,230
Kemerer,4,GWO-ABE,23,0.5324963331222534,240
Kemerer,4,GWO-ABE,24,0.5347787737846375,250
Kemerer,4,GWO-ABE,25,0.5294954180717468,260
Kemerer,4,GWO-ABE,26,0.5291373133659363,270
Kemerer,4,GWO-ABE,27,0.5321370363235474,280
Kemerer,4,GWO-ABE,28,0.5317547917366028,290
Kemerer,4,GWO-ABE,29,0.5322227478027344,300
Kemerer,4,GWO-ABE,30,0.5269333124160767,310
Kemerer,4,GWO-ABE,31,0.5324350595474243,320
Kemerer,4,GWO-ABE,32,0.5305692553520203,330
Kemerer,4,GWO-ABE,33,0.5265473127365112,340
Kemerer,4,GWO-ABE,34,0.5295127630233765,350
Kemerer,4,GWO-ABE,35,0.5266984701156616,360
Kemerer,4,GWO-ABE,36,0.5291911959648132,370
Kemerer,4,GWO-ABE,37,0.5294545292854309,380
Kemerer,4,GWO-ABE,38,0.5270261764526367,390
Kemerer,4,GWO-ABE,39,0.5339266657829285,400
Kemerer,4,GWO-ABE,40,0.531202495098114,410
Kemerer,4,GWO-ABE,41,0.5329820513725281,420
Kemerer,4,GWO-ABE,42,0.5316563248634338,430
Kemerer,4,GWO-ABE,43,0.5280460715293884,440
Kemerer,4,GWO-ABE,44,0.5278461575508118,450
Kemerer,4,GWO-ABE,45,0.5281447172164917,460
Kemerer,4,GWO-ABE,46,0.5272616147994995,470
Kemerer,4,GWO-ABE,47,0.5285440683364868,480
Kemerer,4,GWO-ABE,48,0.5276826620101929,490
Kemerer,4,GWO-ABE,49,0.5257924795150757,500
Kemerer,4,GWO-ABE,50,0.5265224575996399,510
Kemerer,4,GWO-ABE,51,0.5287949442863464,520
Kemerer,4,GWO-ABE,52,0.5295727849006653,530
Kemerer,4,GWO-ABE,53,0.5259748101234436,540
Kemerer,4,GWO-ABE,54,0.5296443104743958,550
Kemerer,4,GWO-ABE,55,0.5259640216827393,560
Kemerer,4,GWO-ABE,56,0.52733314037323,570
Kemerer,4,GWO-ABE,57,0.5284544229507446,580
Kemerer,4,GWO-ABE,58,0.5270443558692932,590
Kemerer,4,GWO-ABE,59,0.5260269641876221,600
Kemerer,4,GWO-ABE,60,0.5267617702484131,610
Kemerer,4,GWO-ABE,61,0.5262219905853271,620
Kemerer,4,GWO-ABE,62,0.5252050161361694,630
Kemerer,4,GWO-ABE,63,0.5248404741287231,640
Kemerer,4,GWO-ABE,64,0.5265741348266602,650
Kemerer,4,GWO-ABE,65,0.5261262059211731,660
Kemerer,4,GWO-ABE,66,0.527204155921936,670
Kemerer,4,GWO-ABE,67,0.526142418384552,680
Kemerer,4,GWO-ABE,68,0.525293231010437,690
Kemerer,4,GWO-ABE,69,0.5262120366096497,700
Kemerer,4,GWO-ABE,70,0.5253453850746155,710
Kemerer,4,GWO-ABE,71,0.5256038904190063,720
Kemerer,4,GWO-ABE,72,0.5254530310630798,730
Kemerer,4,GWO-ABE,73,0.5260160565376282,740
Kemerer,4,GWO-ABE,74,0.5258365869522095,750
Kemerer,4,GWO-ABE,75,0.5252695083618164,760
Kemerer,4,GWO-ABE,76,0.5258345603942871,770
Kemerer,4,GWO-ABE,77,0.5265992283821106,780
Kemerer,4,GWO-ABE,78,0.5259559750556946,790
Kemerer,4,GWO-ABE,79,0.5264220237731934,800
Kemerer,4,GWO-ABE,80,0.5255740284919739,810
Kemerer,4,GWO-ABE,81,0.5254287719726562,820
Kemerer,4,GWO-ABE,82,0.5254203677177429,830
Kemerer,4,GWO-ABE,83,0.5257983207702637,840
Kemerer,4,GWO-ABE,84,0.5254886150360107,850
Kemerer,4,GWO-ABE,85,0.5258694887161255,860
Kemerer,4,GWO-ABE,86,0.5260170102119446,870
Kemerer,4,GWO-ABE,87,0.5254290699958801,880
Kemerer,4,GWO-ABE,88,0.5266019105911255,890
Kemerer,4,GWO-ABE,89,0.5255826115608215,900
Kemerer,4,GWO-ABE,90,0.5251908302307129,910
Kemerer,4,GWO-ABE,91,0.526718258857727,920
Kemerer,4,GWO-ABE,92,0.5262152552604675,930
Kemerer,4,GWO-ABE,93,0.5265015363693237,940
Kemerer,4,GWO-ABE,94,0.5266788601875305,950
Kemerer,4,GWO-ABE,95,0.5263649821281433,960
Kemerer,4,GWO-ABE,96,0.5260215401649475,970
Kemerer,4,GWO-ABE,97,0.5255677103996277,980
Kemerer,4,GWO-ABE,98,0.5256677269935608,990
Kemerer,4,GWO-ABE,99,0.5256309509277344,1000
Kemerer,4,WOA-ABE,0,0.5608429908752441,10
Kemerer,4,WOA-ABE,1,0.5569981336593628,20
Kemerer,4,WOA-ABE,2,0.5369452238082886,30
Kemerer,4,WOA-ABE,3,0.5369452238082886,40
Kemerer,4,WOA-ABE,4,0.5342032313346863,50
Kemerer,4,WOA-ABE,5,0.5327516794204712,60
Kemerer,4,WOA-ABE,6,0.5327516794204712,70
Kemerer,4,WOA-ABE,7,0.5327516794204712,80
Kemerer,4,WOA-ABE,8,0.5310724973678589,90
Kemerer,4,WOA-ABE,9,0.5301763415336609,100
Kemerer,4,WOA-ABE,10,0.5301763415336609,110
Kemerer,4,WOA-ABE,11,0.5293228030204773,120
Kemerer,4,WOA-ABE,12,0.5293228030204773,130
Kemerer,4,WOA-ABE,13,0.5291265845298767,140
Kemerer,4,WOA-ABE,14,0.5291265845298767,150
Kemerer,4,WOA-ABE,15,0.5291265845298767,160
Kemerer,4,WOA-ABE,16,0.529114842414856,170
Kemerer,4,WOA-ABE,17,0.529114842414856,180
Kemerer,4,WOA-ABE,18,0.529114842414856,190
Kemerer,4,WOA-ABE,19,0.5291104912757874,200
Kemerer,4,WOA-ABE,20,0.5291104912757874,210
Kemerer,4,WOA-ABE,21,0.5291104912757874,220
Kemerer,4,WOA-ABE,22,0.5291104912757874,230
Kemerer,4,WOA-ABE,23,0.5291104912757874,240
Kemerer,4,WOA-ABE,24,0.5291104912757874,250
Kemerer,4,WOA-ABE,25,0.5291104912757874,260
Kemerer,4,WOA-ABE,26,0.5291104912757874,270
Kemerer,4,WOA-ABE,27,0.5291104912757874,280
Kemerer,4,WOA-ABE,28,0.5291104912757874,290
Kemerer,4,WOA-ABE,29,0.5291104912757874,300
Kemerer,4,WOA-ABE,30,0.5291104912757874,310
Kemerer,4,WOA-ABE,31,0.5291104912757874,320
Kemerer,4,WOA-ABE,32,0.5291104912757874,330
Kemerer,4,WOA-ABE,33,0.5291104912757874,340
Kemerer,4,WOA-ABE,34,0.5291104912757874,350
Kemerer,4,WOA-ABE,35,0.5291104912757874,360
Kemerer,4,WOA-ABE,36,0.5291104912757874,370
Kemerer,4,WOA-ABE,37,0.5291104912757874,380
Kemerer,4,WOA-ABE,38,0.5291104912757874,390
Kemerer,4,WOA-ABE,39,0.5291104912757874,400
Kemerer,4,WOA-ABE,40,0.5291104912757874,410
Kemerer,4,WOA-ABE,41,0.5291104912757874,420
Kemerer,4,WOA-ABE,42,0.5291104912757874,430
Kemerer,4,WOA-ABE,43,0.5291104912757874,440
Kemerer,4,WOA-ABE,44,0.5291104912757874,450
Kemerer,4,WOA-ABE,45,0.5291104912757874,460
Kemerer,4,WOA-ABE,46,0.5291104912757874,470
Kemerer,4,WOA-ABE,47,0.5291104912757874,480
Kemerer,4,WOA-ABE,48,0.5291104912757874,490
Kemerer,4,WOA-ABE,49,0.5291104912757874,500
Kemerer,4,WOA-ABE,50,0.5291104912757874,510
Kemerer,4,WOA-ABE,51,0.5291104912757874,520
Kemerer,4,WOA-ABE,52,0.5291104912757874,530
Kemerer,4,WOA-ABE,53,0.5291104912757874,540
Kemerer,4,WOA-ABE,54,0.5291104912757874,550
Kemerer,4,WOA-ABE,55,0.5291104912757874,560
Kemerer,4,WOA-ABE,56,0.5291104912757874,570
Kemerer,4,WOA-ABE,57,0.5291104912757874,580
Kemerer,4,WOA-ABE,58,0.5291104912757874,590
Kemerer,4,WOA-ABE,59,0.5291104912757874,600
Kemerer,4,WOA-ABE,60,0.5291104912757874,610
Kemerer,4,WOA-ABE,61,0.5291104912757874,620
Kemerer,4,WOA-ABE,62,0.5291104912757874,630
Kemerer,4,WOA-ABE,63,0.5291104912757874,640
Kemerer,4,WOA-ABE,64,0.5291104912757874,650
Kemerer,4,WOA-ABE,65,0.5291104912757874,660
Kemerer,4,WOA-ABE,66,0.5291104912757874,670
Kemerer,4,WOA-ABE,67,0.5291104912757874,680
Kemerer,4,WOA-ABE,68,0.5291104912757874,690
Kemerer,4,WOA-ABE,69,0.5291104912757874,700
Kemerer,4,WOA-ABE,70,0.5291104912757874,710
Kemerer,4,WOA-ABE,71,0.5291104912757874,720
Kemerer,4,WOA-ABE,72,0.5291104912757874,730
Kemerer,4,WOA-ABE,73,0.5291104912757874,740
Kemerer,4,WOA-ABE,74,0.5291104912757874,750
Kemerer,4,WOA-ABE,75,0.5291104912757874,760
Kemerer,4,WOA-ABE,76,0.5291104912757874,770
Kemerer,4,WOA-ABE,77,0.5291104912757874,780
Kemerer,4,WOA-ABE,78,0.5291104912757874,790
Kemerer,4,WOA-ABE,79,0.5291104912757874,800
Kemerer,4,WOA-ABE,80,0.5291104912757874,810
Kemerer,4,WOA-ABE,81,0.5291104912757874,820
Kemerer,4,WOA-ABE,82,0.5291104912757874,830
Kemerer,4,WOA-ABE,83,0.5291104912757874,840
Kemerer,4,WOA-ABE,84,0.5291104912757874,850
Kemerer,4,WOA-ABE,85,0.5291104912757874,860
Kemerer,4,WOA-ABE,86,0.5291104912757874,870
Kemerer,4,WOA-ABE,87,0.5291104912757874,880
Kemerer,4,WOA-ABE,88,0.5291104912757874,890
Kemerer,4,WOA-ABE,89,0.5291104912757874,900
Kemerer,4,WOA-ABE,90,0.5291104912757874,910
Kemerer,4,WOA-ABE,91,0.5291104912757874,920
Kemerer,4,WOA-ABE,92,0.5291104912757874,930
Kemerer,4,WOA-ABE,93,0.5291104912757874,940
Kemerer,4,WOA-ABE,94,0.5291104912757874,950
Kemerer,4,WOA-ABE,95,0.5291104912757874,960
Kemerer,4,WOA-ABE,96,0.5291104912757874,970
Kemerer,4,WOA-ABE,97,0.5291104912757874,980
Kemerer,4,WOA-ABE,98,0.5291104912757874,990
Kemerer,4,WOA-ABE,99,0.5291104912757874,1000
Kemerer,4,FAABE,0,0.5424948930740356,10
Kemerer,4,FAABE,1,0.5424948930740356,20
Kemerer,4,FAABE,2,0.5424948930740356,30
Kemerer,4,FAABE,3,0.5424948930740356,40
Kemerer,4,FAABE,4,0.5424948930740356,50
Kemerer,4,FAABE,5,0.5424948930740356,60
Kemerer,4,FAABE,6,0.5424948930740356,70
Kemerer,4,FAABE,7,0.5424948930740356,80
Kemerer,4,FAABE,8,0.5424948930740356,90
Kemerer,4,FAABE,9,0.5424948930740356,100
Kemerer,4,FAABE,10,0.5424948930740356,110
Kemerer,4,FAABE,11,0.5424948930740356,120
Kemerer,4,FAABE,12,0.5424948930740356,130
Kemerer,4,FAABE,13,0.5424948930740356,140
Kemerer,4,FAABE,14,0.5424948930740356,150
Kemerer,4,FAABE,15,0.5424948930740356,160
Kemerer,4,FAABE,16,0.5413382053375244,170
Kemerer,4,FAABE,17,0.5413382053375244,180
Kemerer,4,FAABE,18,0.5413382053375244,190
Kemerer,4,FAABE,19,0.5413382053375244,200
Kemerer,4,FAABE,20,0.5413382053375244,210
Kemerer,4,FAABE,21,0.5399479866027832,220
Kemerer,4,FAABE,22,0.5397923588752747,230
Kemerer,4,FAABE,23,0.5397923588752747,240
Kemerer,4,FAABE,24,0.5397923588752747,250
Kemerer,4,FAABE,25,0.5397923588752747,260
Kemerer,4,FAABE,26,0.5397923588752747,270
Kemerer,4,FAABE,27,0.5397923588752747,280
Kemerer,4,FAABE,28,0.5397923588752747,290
Kemerer,4,FAABE,29,0.5397923588752747,300
Kemerer,4,FAABE,30,0.5397923588752747,310
Kemerer,4,FAABE,31,0.5397923588752747,320
Kemerer,4,FAABE,32,0.5397923588752747,330
Kemerer,4,FAABE,33,0.5397923588752747,340
Kemerer,4,FAABE,34,0.5397923588752747,350
Kemerer,4,FAABE,35,0.5397923588752747,360
Kemerer,4,FAABE,36,0.5397923588752747,370
Kemerer,4,FAABE,37,0.5397923588752747,380
Kemerer,4,FAABE,38,0.5397923588752747,390
Kemerer,4,FAABE,39,0.5397923588752747,400
Kemerer,4,FAABE,40,0.5397923588752747,410
Kemerer,4,FAABE,41,0.5397923588752747,420
Kemerer,4,FAABE,42,0.5397923588752747,430
Kemerer,4,FAABE,43,0.5397923588752747,440
Kemerer,4,FAABE,44,0.5397923588752747,450
Kemerer,4,FAABE,45,0.5397923588752747,460
Kemerer,4,FAABE,46,0.5397432446479797,470
Kemerer,4,FAABE,47,0.5397432446479797,480
Kemerer,4,FAABE,48,0.5397432446479797,490
Kemerer,4,FAABE,49,0.5394738912582397,500
Kemerer,4,FAABE,50,0.5394738912582397,510
Kemerer,4,FAABE,51,0.5394738912582397,520
Kemerer,4,FAABE,52,0.529178261756897,530
Kemerer,4,FAABE,53,0.529178261756897,540
Kemerer,4,FAABE,54,0.529178261756897,550
Kemerer,4,FAABE,55,0.529178261756897,560
Kemerer,4,FAABE,56,0.529178261756897,570
Kemerer,4,FAABE,57,0.529178261756897,580
Kemerer,4,FAABE,58,0.529178261756897,590
Kemerer,4,FAABE,59,0.529178261756897,600
Kemerer,4,FAABE,60,0.5146390795707703,610
Kemerer,4,FAABE,61,0.5146390795707703,620
Kemerer,4,FAABE,62,0.5146390795707703,630
Kemerer,4,FAABE,63,0.5146390795707703,640
Kemerer,4,FAABE,64,0.5146390795707703,650
Kemerer,4,FAABE,65,0.5146390795707703,660
Kemerer,4,FAABE,66,0.5146390795707703,670
Kemerer,4,FAABE,67,0.5116523504257202,680
Kemerer,4,FAABE,68,0.5116523504257202,690
Kemerer,4,FAABE,69,0.5115177631378174,700
Kemerer,4,FAABE,70,0.5065586566925049,710
Kemerer,4,FAABE,71,0.5065586566925049,720
Kemerer,4,FAABE,72,0.5065586566925049,730
Kemerer,4,FAABE,73,0.5065586566925049,740
Kemerer,4,FAABE,74,0.5065586566925049,750
Kemerer,4,FAABE,75,0.5065586566925049,760
Kemerer,4,FAABE,76,0.5065586566925049,770
Kemerer,4,FAABE,77,0.5065586566925049,780
Kemerer,4,FAABE,78,0.5065586566925049,790
Kemerer,4,FAABE,79,0.5065586566925049,800
Kemerer,4,FAABE,80,0.5065586566925049,810
Kemerer,4,FAABE,81,0.5065586566925049,820
Kemerer,4,FAABE,82,0.5065586566925049,830
Kemerer,4,FAABE,83,0.5065586566925049,840
Kemerer,4,FAABE,84,0.5065586566925049,850
Kemerer,4,FAABE,85,0.5065586566925049,860
Kemerer,4,FAABE,86,0.5065586566925049,870
Kemerer,4,FAABE,87,0.5065586566925049,880
Kemerer,4,FAABE,88,0.5065586566925049,890
Kemerer,4,FAABE,89,0.5065586566925049,900
Kemerer,4,FAABE,90,0.5065586566925049,910
Kemerer,4,FAABE,91,0.5065586566925049,920
Kemerer,4,FAABE,92,0.5065586566925049,930
Kemerer,4,FAABE,93,0.5065586566925049,940
Kemerer,4,FAABE,94,0.5065586566925049,950
Kemerer,4,FAABE,95,0.5065586566925049,960
Kemerer,4,FAABE,96,0.5065586566925049,970
Kemerer,4,FAABE,97,0.5065586566925049,980
Kemerer,4,FAABE,98,0.5065586566925049,990
Kemerer,4,FAABE,99,0.5065586566925049,1000
Kemerer,5,GA-ABE,0,0.5827609300613403,10
Kemerer,5,GA-ABE,1,0.5780046582221985,20
Kemerer,5,GA-ABE,2,0.568189799785614,30
Kemerer,5,GA-ABE,3,0.566400945186615,40
Kemerer,5,GA-ABE,4,0.566400945186615,50
Kemerer,5,GA-ABE,5,0.566400945186615,60
Kemerer,5,GA-ABE,6,0.5657362937927246,70
Kemerer,5,GA-ABE,7,0.5656671524047852,80
Kemerer,5,GA-ABE,8,0.5656671524047852,90
Kemerer,5,GA-ABE,9,0.5656671524047852,100
Kemerer,5,GA-ABE,10,0.5656671524047852,110
Kemerer,5,GA-ABE,11,0.5656671524047852,120
Kemerer,5,GA-ABE,12,0.5656671524047852,130
Kemerer,5,GA-ABE,13,0.5656671524047852,140
Kemerer,5,GA-ABE,14,0.5656671524047852,150
Kemerer,5,GA-ABE,15,0.5656671524047852,160
Kemerer,5,GA-ABE,16,0.5656671524047852,170
Kemerer,5,GA-ABE,17,0.5656657218933105,180
Kemerer,5,GA-ABE,18,0.5656657218933105,190
Kemerer,5,GA-ABE,19,0.5656651258468628,200
Kemerer,5,GA-ABE,20,0.5656649470329285,210
Kemerer,5,GA-ABE,21,0.5656649470329285,220
Kemerer,5,GA-ABE,22,0.5656649470329285,230
Kemerer,5,GA-ABE,23,0.5656649470329285,240
Kemerer,5,GA-ABE,24,0.5656649470329285,250
Kemerer,5,GA-ABE,25,0.5656648874282837,260
Kemerer,5,GA-ABE,26,0.5656648874282837,270
Kemerer,5,GA-ABE,27,0.5656648874282837,280
Kemerer,5,GA-ABE,28,0.5656648874282837,290
Kemerer,5,GA-ABE,29,0.5656648874282837,300
Kemerer,5,GA-ABE,30,0.5656648874282837,310
Kemerer,5,GA-ABE,31,0.5656648874282837,320
Kemerer,5,GA-ABE,32,0.5656648874282837,330
Kemerer,5,GA-ABE,33,0.5656648874282837,340
Kemerer,5,GA-ABE,34,0.5656648874282837,350
Kemerer,5,GA-ABE,35,0.5656648874282837,360
Kemerer,5,GA-ABE,36,0.5656648874282837,370
Kemerer,5,GA-ABE,37,0.5656648874282837,380
Kemerer,5,GA-ABE,38,0.5656648874282837,390
Kemerer,5,GA-ABE,39,0.5656648874282837,400
Kemerer,5,GA-ABE,40,0.5656648874282837,410
Kemerer,5,GA-ABE,41,0.5656648874282837,420
Kemerer,5,GA-ABE,42,0.5656648874282837,430
Kemerer,5,GA-ABE,43,0.5656648874282837,440
Kemerer,5,GA-ABE,44,0.5656648874282837,450
Kemerer,5,GA-ABE,45,0.5656648874282837,460
Kemerer,5,GA-ABE,46,0.5656648874282837,470
Kemerer,5,GA-ABE,47,0.5656648874282837,480
Kemerer,5,GA-ABE,48,0.5656648874282837,490
Kemerer,5,GA-ABE,49,0.5656648874282837,500
Kemerer,5,GA-ABE,50,0.5656648874282837,510
Kemerer,5,GA-ABE,51,0.5656648874282837,520
Kemerer,5,GA-ABE,52,0.5656648874282837,530
Kemerer,5,GA-ABE,53,0.5656648874282837,540
Kemerer,5,GA-ABE,54,0.5656648874282837,550
Kemerer,5,GA-ABE,55,0.5656648874282837,560
Kemerer,5,GA-ABE,56,0.5656648874282837,570
Kemerer,5,GA-ABE,57,0.5656648874282837,580
Kemerer,5,GA-ABE,58,0.5656648874282837,590
Kemerer,5,GA-ABE,59,0.5656648874282837,600
Kemerer,5,GA-ABE,60,0.5656648874282837,610
Kemerer,5,GA-ABE,61,0.5656648874282837,620
Kemerer,5,GA-ABE,62,0.5656648874282837,630
Kemerer,5,GA-ABE,63,0.5656648874282837,640
Kemerer,5,GA-ABE,64,0.5656648874282837,650
Kemerer,5,GA-ABE,65,0.5656648874282837,660
Kemerer,5,GA-ABE,66,0.5656648874282837,670
Kemerer,5,GA-ABE,67,0.5656648874282837,680
Kemerer,5,GA-ABE,68,0.5656648874282837,690
Kemerer,5,GA-ABE,69,0.5656648874282837,700
Kemerer,5,GA-ABE,70,0.5656648874282837,710
Kemerer,5,GA-ABE,71,0.5656648874282837,720
Kemerer,5,GA-ABE,72,0.5656648874282837,730
Kemerer,5,GA-ABE,73,0.5656648874282837,740
Kemerer,5,GA-ABE,74,0.5656648874282837,750
Kemerer,5,GA-ABE,75,0.5656648874282837,760
Kemerer,5,GA-ABE,76,0.5656648874282837,770
Kemerer,5,GA-ABE,77,0.5656648874282837,780
Kemerer,5,GA-ABE,78,0.5656648874282837,790
Kemerer,5,GA-ABE,79,0.5656648874282837,800
Kemerer,5,GA-ABE,80,0.5656648874282837,810
Kemerer,5,GA-ABE,81,0.5656648874282837,820
Kemerer,5,GA-ABE,82,0.5656648874282837,830
Kemerer,5,GA-ABE,83,0.5656648874282837,840
Kemerer,5,GA-ABE,84,0.5656648874282837,850
Kemerer,5,GA-ABE,85,0.5656648874282837,860
Kemerer,5,GA-ABE,86,0.5656648874282837,870
Kemerer,5,GA-ABE,87,0.5656648874282837,880
Kemerer,5,GA-ABE,88,0.5656648874282837,890
Kemerer,5,GA-ABE,89,0.5656648874282837,900
Kemerer,5,GA-ABE,90,0.5656648874282837,910
Kemerer,5,GA-ABE,91,0.5656648874282837,920
Kemerer,5,GA-ABE,92,0.5656648874282837,930
Kemerer,5,GA-ABE,93,0.5656648874282837,940
Kemerer,5,GA-ABE,94,0.5656648874282837,950
Kemerer,5,GA-ABE,95,0.5656648874282837,960
Kemerer,5,GA-ABE,96,0.5656648874282837,970
Kemerer,5,GA-ABE,97,0.5656648874282837,980
Kemerer,5,GA-ABE,98,0.5656648874282837,990
Kemerer,5,GA-ABE,99,0.5656648874282837,1000
Kemerer,5,PSO-ABE,0,0.567225456237793,10
Kemerer,5,PSO-ABE,1,0.567225456237793,20
Kemerer,5,PSO-ABE,2,0.5664874315261841,30
Kemerer,5,PSO-ABE,3,0.5664874315261841,40
Kemerer,5,PSO-ABE,4,0.5664874315261841,50
Kemerer,5,PSO-ABE,5,0.5664874315261841,60
Kemerer,5,PSO-ABE,6,0.5664874315261841,70
Kemerer,5,PSO-ABE,7,0.5664874315261841,80
Kemerer,5,PSO-ABE,8,0.5664328932762146,90
Kemerer,5,PSO-ABE,9,0.5664059519767761,100
Kemerer,5,PSO-ABE,10,0.5664059519767761,110
Kemerer,5,PSO-ABE,11,0.5664059519767761,120
Kemerer,5,PSO-ABE,12,0.5664059519767761,130
Kemerer,5,PSO-ABE,13,0.5663682818412781,140
Kemerer,5,PSO-ABE,14,0.5663682818412781,150
Kemerer,5,PSO-ABE,15,0.5663551688194275,160
Kemerer,5,PSO-ABE,16,0.5663551688194275,170
Kemerer,5,PSO-ABE,17,0.5663551688194275,180
Kemerer,5,PSO-ABE,18,0.5663551688194275,190
Kemerer,5,PSO-ABE,19,0.5663432478904724,200
Kemerer,5,PSO-ABE,20,0.5663410425186157,210
Kemerer,5,PSO-ABE,21,0.5663403868675232,220
Kemerer,5,PSO-ABE,22,0.5663403868675232,230
Kemerer,5,PSO-ABE,23,0.5663377046585083,240
Kemerer,5,PSO-ABE,24,0.5663377046585083,250
Kemerer,5,PSO-ABE,25,0.5663377046585083,260
Kemerer,5,PSO-ABE,26,0.5663377046585083,270
Kemerer,5,PSO-ABE,27,0.5663377046585083,280
Kemerer,5,PSO-ABE,28,0.5663377046585083,290
Kemerer,5,PSO-ABE,29,0.5663377046585083,300
Kemerer,5,PSO-ABE,30,0.5663377046585083,310
Kemerer,5,PSO-ABE,31,0.5663377046585083,320
Kemerer,5,PSO-ABE,32,0.5663377046585083,330
Kemerer,5,PSO-ABE,33,0.5663377046585083,340
Kemerer,5,PSO-ABE,34,0.5663377046585083,350
Kemerer,5,PSO-ABE,35,0.5663377046585083,360
Kemerer,5,PSO-ABE,36,0.5663377046585083,370
Kemerer,5,PSO-ABE,37,0.5663377046585083,380
Kemerer,5,PSO-ABE,38,0.5663377046585083,390
Kemerer,5,PSO-ABE,39,0.5663377046585083,400
Kemerer,5,PSO-ABE,40,0.5663377046585083,410
Kemerer,5,PSO-ABE,41,0.5663377046585083,420
Kemerer,5,PSO-ABE,42,0.5663377046585083,430
Kemerer,5,PSO-ABE,43,0.5663377046585083,440
Kemerer,5,PSO-ABE,44,0.5663377046585083,450
Kemerer,5,PSO-ABE,45,0.5663375854492188,460
Kemerer,5,PSO-ABE,46,0.5663375854492188,470
Kemerer,5,PSO-ABE,47,0.5663375854492188,480
Kemerer,5,PSO-ABE,48,0.5663375854492188,490
Kemerer,5,PSO-ABE,49,0.5663375854492188,500
Kemerer,5,PSO-ABE,50,0.5663375854492188,510
Kemerer,5,PSO-ABE,51,0.5663375854492188,520
Kemerer,5,PSO-ABE,52,0.5663375854492188,530
Kemerer,5,PSO-ABE,53,0.5663375854492188,540
Kemerer,5,PSO-ABE,54,0.5663375854492188,550
Kemerer,5,PSO-ABE,55,0.5663375854492188,560
Kemerer,5,PSO-ABE,56,0.5663375854492188,570
Kemerer,5,PSO-ABE,57,0.5663375854492188,580
Kemerer,5,PSO-ABE,58,0.5663375854492188,590
Kemerer,5,PSO-ABE,59,0.5663375854492188,600
Kemerer,5,PSO-ABE,60,0.5663375854492188,610
Kemerer,5,PSO-ABE,61,0.5663375854492188,620
Kemerer,5,PSO-ABE,62,0.5663375854492188,630
Kemerer,5,PSO-ABE,63,0.5663375854492188,640
Kemerer,5,PSO-ABE,64,0.5663375854492188,650
Kemerer,5,PSO-ABE,65,0.5663375854492188,660
Kemerer,5,PSO-ABE,66,0.5663375854492188,670
Kemerer,5,PSO-ABE,67,0.5663375854492188,680
Kemerer,5,PSO-ABE,68,0.5663375854492188,690
Kemerer,5,PSO-ABE,69,0.5663375854492188,700
Kemerer,5,PSO-ABE,70,0.5663375854492188,710
Kemerer,5,PSO-ABE,71,0.5663375854492188,720
Kemerer,5,PSO-ABE,72,0.5663375854492188,730
Kemerer,5,PSO-ABE,73,0.5663375854492188,740
Kemerer,5,PSO-ABE,74,0.5663375854492188,750
Kemerer,5,PSO-ABE,75,0.5663375854492188,760
Kemerer,5,PSO-ABE,76,0.5663375854492188,770
Kemerer,5,PSO-ABE,77,0.5663375854492188,780
Kemerer,5,PSO-ABE,78,0.5663375854492188,790
Kemerer,5,PSO-ABE,79,0.5663375854492188,800
Kemerer,5,PSO-ABE,80,0.5663375854492188,810
Kemerer,5,PSO-ABE,81,0.5663375854492188,820
Kemerer,5,PSO-ABE,82,0.5663375854492188,830
Kemerer,5,PSO-ABE,83,0.5663375854492188,840
Kemerer,5,PSO-ABE,84,0.5663375854492188,850
Kemerer,5,PSO-ABE,85,0.5663375854492188,860
Kemerer,5,PSO-ABE,86,0.5663375854492188,870
Kemerer,5,PSO-ABE,87,0.5663375854492188,880
Kemerer,5,PSO-ABE,88,0.5663375854492188,890
Kemerer,5,PSO-ABE,89,0.5663375854492188,900
Kemerer,5,PSO-ABE,90,0.5663375854492188,910
Kemerer,5,PSO-ABE,91,0.5663375854492188,920
Kemerer,5,PSO-ABE,92,0.5663375854492188,930
Kemerer,5,PSO-ABE,93,0.5663375854492188,940
Kemerer,5,PSO-ABE,94,0.5663375854492188,950
Kemerer,5,PSO-ABE,95,0.5663375854492188,960
Kemerer,5,PSO-ABE,96,0.5663375854492188,970
Kemerer,5,PSO-ABE,97,0.5663375854492188,980
Kemerer,5,PSO-ABE,98,0.5663375854492188,990
Kemerer,5,PSO-ABE,99,0.5663375854492188,1000
Kemerer,5,DE-ABE,0,0.5773751139640808,10
Kemerer,5,DE-ABE,1,0.5773751139640808,20
Kemerer,5,DE-ABE,2,0.5660790205001831,30
Kemerer,5,DE-ABE,3,0.5660790205001831,40
Kemerer,5,DE-ABE,4,0.5660790205001831,50
Kemerer,5,DE-ABE,5,0.5660790205001831,60
Kemerer,5,DE-ABE,6,0.5660790205001831,70
Kemerer,5,DE-ABE,7,0.5660210251808167,80
Kemerer,5,DE-ABE,8,0.5657837986946106,90
Kemerer,5,DE-ABE,9,0.5657837986946106,100
Kemerer,5,DE-ABE,10,0.5657837986946106,110
Kemerer,5,DE-ABE,11,0.5657837986946106,120
Kemerer,5,DE-ABE,12,0.5657292604446411,130
Kemerer,5,DE-ABE,13,0.5657292604446411,140
Kemerer,5,DE-ABE,14,0.5657134652137756,150
Kemerer,5,DE-ABE,15,0.5657134652137756,160
Kemerer,5,DE-ABE,16,0.5657039284706116,170
Kemerer,5,DE-ABE,17,0.5656810998916626,180
Kemerer,5,DE-ABE,18,0.5656799674034119,190
Kemerer,5,DE-ABE,19,0.5656799674034119,200
Kemerer,5,DE-ABE,20,0.5656768083572388,210
Kemerer,5,DE-ABE,21,0.5656722187995911,220
Kemerer,5,DE-ABE,22,0.5656722187995911,230
Kemerer,5,DE-ABE,23,0.5656685829162598,240
Kemerer,5,DE-ABE,24,0.5656685829162598,250
Kemerer,5,DE-ABE,25,0.5656685829162598,260
Kemerer,5,DE-ABE,26,0.565668523311615,270
Kemerer,5,DE-ABE,27,0.5656675100326538,280
Kemerer,5,DE-ABE,28,0.5656675100326538,290
Kemerer,5,DE-ABE,29,0.5656675100326538,300
Kemerer,5,DE-ABE,30,0.5656675100326538,310
Kemerer,5,DE-ABE,31,0.5656675100326538,320
Kemerer,5,DE-ABE,32,0.5656672716140747,330
Kemerer,5,DE-ABE,33,0.5656672716140747,340
Kemerer,5,DE-ABE,34,0.5656671524047852,350
Kemerer,5,DE-ABE,35,0.5656664371490479,360
Kemerer,5,DE-ABE,36,0.5656664371490479,370
Kemerer,5,DE-ABE,37,0.5656663179397583,380
Kemerer,5,DE-ABE,38,0.5656663179397583,390
Kemerer,5,DE-ABE,39,0.5656661987304688,400
Kemerer,5,DE-ABE,40,0.5656661987304688,410
Kemerer,5,DE-ABE,41,0.5656661987304688,420
Kemerer,5,DE-ABE,42,0.5656661987304688,430
Kemerer,5,DE-ABE,43,0.5656661987304688,440
Kemerer,5,DE-ABE,44,0.5656661987304688,450
Kemerer,5,DE-ABE,45,0.5656661987304688,460
Kemerer,5,DE-ABE,46,0.565666139125824,470
Kemerer,5,DE-ABE,47,0.565666139125824,480
Kemerer,5,DE-ABE,48,0.565666139125824,490
Kemerer,5,DE-ABE,49,0.5656660795211792,500
Kemerer,5,DE-ABE,50,0.5656660795211792,510
Kemerer,5,DE-ABE,51,0.5656660795211792,520
Kemerer,5,DE-ABE,52,0.5656660795211792,530
Kemerer,5,DE-ABE,53,0.5656660795211792,540
Kemerer,5,DE-ABE,54,0.5656660795211792,550
Kemerer,5,DE-ABE,55,0.5656660795211792,560
Kemerer,5,DE-ABE,56,0.5656660795211792,570
Kemerer,5,DE-ABE,57,0.5656660795211792,580
Kemerer,5,DE-ABE,58,0.5656660795211792,590
Kemerer,5,DE-ABE,59,0.5656660795211792,600
Kemerer,5,DE-ABE,60,0.5656660795211792,610
Kemerer,5,DE-ABE,61,0.5656660795211792,620
Kemerer,5,DE-ABE,62,0.5656660795211792,630
Kemerer,5,DE-ABE,63,0.5656660795211792,640
Kemerer,5,DE-ABE,64,0.5656660795211792,650
Kemerer,5,DE-ABE,65,0.5656660795211792,660
Kemerer,5,DE-ABE,66,0.5656660795211792,670
Kemerer,5,DE-ABE,67,0.5656660795211792,680
Kemerer,5,DE-ABE,68,0.5656660795211792,690
Kemerer,5,DE-ABE,69,0.5656660795211792,700
Kemerer,5,DE-ABE,70,0.5656660795211792,710
Kemerer,5,DE-ABE,71,0.5656660795211792,720
Kemerer,5,DE-ABE,72,0.5656660795211792,730
Kemerer,5,DE-ABE,73,0.5656660795211792,740
Kemerer,5,DE-ABE,74,0.5656660795211792,750
Kemerer,5,DE-ABE,75,0.5656660795211792,760
Kemerer,5,DE-ABE,76,0.5656660795211792,770
Kemerer,5,DE-ABE,77,0.5656660795211792,780
Kemerer,5,DE-ABE,78,0.5656660795211792,790
Kemerer,5,DE-ABE,79,0.5656660199165344,800
Kemerer,5,DE-ABE,80,0.5656660199165344,810
Kemerer,5,DE-ABE,81,0.5656660199165344,820
Kemerer,5,DE-ABE,82,0.5656660199165344,830
Kemerer,5,DE-ABE,83,0.5656660199165344,840
Kemerer,5,DE-ABE,84,0.5656660199165344,850
Kemerer,5,DE-ABE,85,0.5656660199165344,860
Kemerer,5,DE-ABE,86,0.5656660199165344,870
Kemerer,5,DE-ABE,87,0.5656660199165344,880
Kemerer,5,DE-ABE,88,0.5656660199165344,890
Kemerer,5,DE-ABE,89,0.5656660199165344,900
Kemerer,5,DE-ABE,90,0.5656660199165344,910
Kemerer,5,DE-ABE,91,0.5656660199165344,920
Kemerer,5,DE-ABE,92,0.5656660199165344,930
Kemerer,5,DE-ABE,93,0.5656660199165344,940
Kemerer,5,DE-ABE,94,0.5656660199165344,950
Kemerer,5,DE-ABE,95,0.5656660199165344,960
Kemerer,5,DE-ABE,96,0.5656660199165344,970
Kemerer,5,DE-ABE,97,0.5656660199165344,980
Kemerer,5,DE-ABE,98,0.5656660199165344,990
Kemerer,5,DE-ABE,99,0.5656660199165344,1000
Kemerer,5,GWO-ABE,0,0.5804628729820251,10
Kemerer,5,GWO-ABE,1,0.576315701007843,20
Kemerer,5,GWO-ABE,2,0.5677520036697388,30
Kemerer,5,GWO-ABE,3,0.5674721598625183,40
Kemerer,5,GWO-ABE,4,0.5680945515632629,50
Kemerer,5,GWO-ABE,5,0.5678958892822266,60
Kemerer,5,GWO-ABE,6,0.5662746429443359,70
Kemerer,5,GWO-ABE,7,0.5675469040870667,80
Kemerer,5,GWO-ABE,8,0.5692793130874634,90
Kemerer,5,GWO-ABE,9,0.5670418739318848,100
Kemerer,5,GWO-ABE,10,0.5671796202659607,110
Kemerer,5,GWO-ABE,11,0.5661385655403137,120
Kemerer,5,GWO-ABE,12,0.5665761232376099,130
Kemerer,5,GWO-ABE,13,0.5681559443473816,140
Kemerer,5,GWO-ABE,14,0.566953182220459,150
Kemerer,5,GWO-ABE,15,0.5663729906082153,160
Kemerer,5,GWO-ABE,16,0.5682663321495056,170
Kemerer,5,GWO-ABE,17,0.5675128102302551,180
Kemerer,5,GWO-ABE,18,0.5665633082389832,190
Kemerer,5,GWO-ABE,19,0.5681907534599304,200
Kemerer,5,GWO-ABE,20,0.5675661563873291,210
Kemerer,5,GWO-ABE,21,0.5665920376777649,220
Kemerer,5,GWO-ABE,22,0.5662012100219727,230
Kemerer,5,GWO-ABE,23,0.5677744150161743,240
Kemerer,5,GWO-ABE,24,0.5667425394058228,250
Kemerer,5,GWO-ABE,25,0.566616952419281,260
Kemerer,5,GWO-ABE,26,0.5667473077774048,270
Kemerer,5,GWO-ABE,27,0.5662930011749268,280
Kemerer,5,GWO-ABE,28,0.5661848187446594,290
Kemerer,5,GWO-ABE,29,0.5663445591926575,300
Kemerer,5,GWO-ABE,30,0.5664657950401306,310
Kemerer,5,GWO-ABE,31,0.5674046277999878,320
Kemerer,5,GWO-ABE,32,0.5663862228393555,330
Kemerer,5,GWO-ABE,33,0.5669968724250793,340
Kemerer,5,GWO-ABE,34,0.5666403770446777,350
Kemerer,5,GWO-ABE,35,0.5675798654556274,360
Kemerer,5,GWO-ABE,36,0.5674692392349243,370
Kemerer,5,GWO-ABE,37,0.5661234259605408,380
Kemerer,5,GWO-ABE,38,0.5673007965087891,390
Kemerer,5,GWO-ABE,39,0.5670273303985596,400
Kemerer,5,GWO-ABE,40,0.5668701529502869,410
Kemerer,5,GWO-ABE,41,0.5660343170166016,420
Kemerer,5,GWO-ABE,42,0.5659886598587036,430
Kemerer,5,GWO-ABE,43,0.566559910774231,440
Kemerer,5,GWO-ABE,44,0.5664982795715332,450
Kemerer,5,GWO-ABE,45,0.5663551688194275,460
Kemerer,5,GWO-ABE,46,0.5661213994026184,470
Kemerer,5,GWO-ABE,47,0.566216766834259,480
Kemerer,5,GWO-ABE,48,0.5661503672599792,490
Kemerer,5,GWO-ABE,49,0.5665698647499084,500
Kemerer,5,GWO-ABE,50,0.5665702819824219,510
Kemerer,5,GWO-ABE,51,0.5664827227592468,520
Kemerer,5,GWO-ABE,52,0.5671220421791077,530
Kemerer,5,GWO-ABE,53,0.5659672021865845,540
Kemerer,5,GWO-ABE,54,0.5667343139648438,550
Kemerer,5,GWO-ABE,55,0.5660544037818909,560
Kemerer,5,GWO-ABE,56,0.5666636228561401,570
Kemerer,5,GWO-ABE,57,0.5663923025131226,580
Kemerer,5,GWO-ABE,58,0.5664255023002625,590
Kemerer,5,GWO-ABE,59,0.5660679340362549,600
Kemerer,5,GWO-ABE,60,0.5663103461265564,610
Kemerer,5,GWO-ABE,61,0.5661450624465942,620
Kemerer,5,GWO-ABE,62,0.5660685300827026,630
Kemerer,5,GWO-ABE,63,0.5663065910339355,640
Kemerer,5,GWO-ABE,64,0.5659312605857849,650
Kemerer,5,GWO-ABE,65,0.565984845161438,660
Kemerer,5,GWO-ABE,66,0.5660120844841003,670
Kemerer,5,GWO-ABE,67,0.5661172866821289,680
Kemerer,5,GWO-ABE,68,0.5659694075584412,690
Kemerer,5,GWO-ABE,69,0.5664151906967163,700
Kemerer,5,GWO-ABE,70,0.5658014416694641,710
Kemerer,5,GWO-ABE,71,0.5662914514541626,720
Kemerer,5,GWO-ABE,72,0.5662304759025574,730
Kemerer,5,GWO-ABE,73,0.566199004650116,740
Kemerer,5,GWO-ABE,74,0.5667166113853455,750
Kemerer,5,GWO-ABE,75,0.5660602450370789,760
Kemerer,5,GWO-ABE,76,0.5659618377685547,770
Kemerer,5,GWO-ABE,77,0.5659223198890686,780
Kemerer,5,GWO-ABE,78,0.5669116973876953,790
Kemerer,5,GWO-ABE,79,0.5666403770446777,800
Kemerer,5,GWO-ABE,80,0.5659323930740356,810
Kemerer,5,GWO-ABE,81,0.5662305951118469,820
Kemerer,5,GWO-ABE,82,0.5659130215644836,830
Kemerer,5,GWO-ABE,83,0.5657795667648315,840
Kemerer,5,GWO-ABE,84,0.5659465193748474,850
Kemerer,5,GWO-ABE,85,0.5658127665519714,860
Kemerer,5,GWO-ABE,86,0.5657569766044617,870
Kemerer,5,GWO-ABE,87,0.5662848949432373,880
Kemerer,5,GWO-ABE,88,0.5657787919044495,890
Kemerer,5,GWO-ABE,89,0.5658530592918396,900
Kemerer,5,GWO-ABE,90,0.5660226941108704,910
Kemerer,5,GWO-ABE,91,0.5658934712409973,920
Kemerer,5,GWO-ABE,92,0.5660206079483032,930
Kemerer,5,GWO-ABE,93,0.5658761262893677,940
Kemerer,5,GWO-ABE,94,0.5658215284347534,950
Kemerer,5,GWO-ABE,95,0.5658485293388367,960
Kemerer,5,GWO-ABE,96,0.5658184289932251,970
Kemerer,5,GWO-ABE,97,0.5658778548240662,980
Kemerer,5,GWO-ABE,98,0.5658164024353027,990
Kemerer,5,GWO-ABE,99,0.5658261179924011,1000
Kemerer,5,WOA-ABE,0,0.5777977705001831,10
Kemerer,5,WOA-ABE,1,0.5775606632232666,20
Kemerer,5,WOA-ABE,2,0.5775606632232666,30
Kemerer,5,WOA-ABE,3,0.5775606632232666,40
Kemerer,5,WOA-ABE,4,0.5774738788604736,50
Kemerer,5,WOA-ABE,5,0.5774357318878174,60
Kemerer,5,WOA-ABE,6,0.5662496089935303,70
Kemerer,5,WOA-ABE,7,0.5660909414291382,80
Kemerer,5,WOA-ABE,8,0.5659037828445435,90
Kemerer,5,WOA-ABE,9,0.5658168196678162,100
Kemerer,5,WOA-ABE,10,0.5657834410667419,110
Kemerer,5,WOA-ABE,11,0.5657834410667419,120
Kemerer,5,WOA-ABE,12,0.5657734274864197,130
Kemerer,5,WOA-ABE,13,0.5657734274864197,140
Kemerer,5,WOA-ABE,14,0.5657567381858826,150
Kemerer,5,WOA-ABE,15,0.5657148361206055,160
Kemerer,5,WOA-ABE,16,0.5657148361206055,170
Kemerer,5,WOA-ABE,17,0.5657145380973816,180
Kemerer,5,WOA-ABE,18,0.5657145380973816,190
Kemerer,5,WOA-ABE,19,0.5657145380973816,200
Kemerer,5,WOA-ABE,20,0.5657005310058594,210
Kemerer,5,WOA-ABE,21,0.5657005310058594,220
Kemerer,5,WOA-ABE,22,0.5657005310058594,230
Kemerer,5,WOA-ABE,23,0.5657005310058594,240
Kemerer,5,WOA-ABE,24,0.5657005310058594,250
Kemerer,5,WOA-ABE,25,0.5657005310058594,260
Kemerer,5,WOA-ABE,26,0.5657005310058594,270
Kemerer,5,WOA-ABE,27,0.5657005310058594,280
Kemerer,5,WOA-ABE,28,0.5657005310058594,290
Kemerer,5,WOA-ABE,29,0.5657005310058594,300
Kemerer,5,WOA-ABE,30,0.5657005310058594,310
Kemerer,5,WOA-ABE,31,0.5657005310058594,320
Kemerer,5,WOA-ABE,32,0.5657005310058594,330
Kemerer,5,WOA-ABE,33,0.5657005310058594,340
Kemerer,5,WOA-ABE,34,0.5657005310058594,350
Kemerer,5,WOA-ABE,35,0.5657005310058594,360
Kemerer,5,WOA-ABE,36,0.5656991600990295,370
Kemerer,5,WOA-ABE,37,0.5656991600990295,380
Kemerer,5,WOA-ABE,38,0.5656991600990295,390
Kemerer,5,WOA-ABE,39,0.5656991600990295,400
Kemerer,5,WOA-ABE,40,0.5656991600990295,410
Kemerer,5,WOA-ABE,41,0.5656991600990295,420
Kemerer,5,WOA-ABE,42,0.5656961798667908,430
Kemerer,5,WOA-ABE,43,0.5656961798667908,440
Kemerer,5,WOA-ABE,44,0.5656961798667908,450
Kemerer,5,WOA-ABE,45,0.5656961798667908,460
Kemerer,5,WOA-ABE,46,0.5656866431236267,470
Kemerer,5,WOA-ABE,47,0.5656866431236267,480
Kemerer,5,WOA-ABE,48,0.5656866431236267,490
Kemerer,5,WOA-ABE,49,0.5656866431236267,500
Kemerer,5,WOA-ABE,50,0.5656866431236267,510
Kemerer,5,WOA-ABE,51,0.5656866431236267,520
Kemerer,5,WOA-ABE,52,0.5656866431236267,530
Kemerer,5,WOA-ABE,53,0.5656866431236267,540
Kemerer,5,WOA-ABE,54,0.5656866431236267,550
Kemerer,5,WOA-ABE,55,0.5656866431236267,560
Kemerer,5,WOA-ABE,56,0.5656866431236267,570
Kemerer,5,WOA-ABE,57,0.5656866431236267,580
Kemerer,5,WOA-ABE,58,0.5656866431236267,590
Kemerer,5,WOA-ABE,59,0.5656833052635193,600
Kemerer,5,WOA-ABE,60,0.5656833052635193,610
Kemerer,5,WOA-ABE,61,0.5656822323799133,620
Kemerer,5,WOA-ABE,62,0.5656822323799133,630
Kemerer,5,WOA-ABE,63,0.5656781196594238,640
Kemerer,5,WOA-ABE,64,0.5656620860099792,650
Kemerer,5,WOA-ABE,65,0.5656620860099792,660
Kemerer,5,WOA-ABE,66,0.5656620860099792,670
Kemerer,5,WOA-ABE,67,0.5656620860099792,680
Kemerer,5,WOA-ABE,68,0.5656596422195435,690
Kemerer,5,WOA-ABE,69,0.5656548738479614,700
Kemerer,5,WOA-ABE,70,0.5656547546386719,710
Kemerer,5,WOA-ABE,71,0.5656547546386719,720
Kemerer,5,WOA-ABE,72,0.5656547546386719,730
Kemerer,5,WOA-ABE,73,0.5656542181968689,740
Kemerer,5,WOA-ABE,74,0.5656542181968689,750
Kemerer,5,WOA-ABE,75,0.5656542181968689,760
Kemerer,5,WOA-ABE,76,0.5656542181968689,770
Kemerer,5,WOA-ABE,77,0.5656542181968689,780
Kemerer,5,WOA-ABE,78,0.5656542181968689,790
Kemerer,5,WOA-ABE,79,0.5656542181968689,800
Kemerer,5,WOA-ABE,80,0.5656542181968689,810
Kemerer,5,WOA-ABE,81,0.5656542181968689,820
Kemerer,5,WOA-ABE,82,0.5656542181968689,830
Kemerer,5,WOA-ABE,83,0.5656542181968689,840
Kemerer,5,WOA-ABE,84,0.5656527280807495,850
Kemerer,5,WOA-ABE,85,0.5656527280807495,860
Kemerer,5,WOA-ABE,86,0.5656527280807495,870
Kemerer,5,WOA-ABE,87,0.5656527280807495,880
Kemerer,5,WOA-ABE,88,0.5656527280807495,890
Kemerer,5,WOA-ABE,89,0.5656527280807495,900
Kemerer,5,WOA-ABE,90,0.5656527280807495,910
Kemerer,5,WOA-ABE,91,0.5656527280807495,920
Kemerer,5,WOA-ABE,92,0.5656527280807495,930
Kemerer,5,WOA-ABE,93,0.5656527280807495,940
Kemerer,5,WOA-ABE,94,0.5656524896621704,950
Kemerer,5,WOA-ABE,95,0.5656524896621704,960
Kemerer,5,WOA-ABE,96,0.5656524896621704,970
Kemerer,5,WOA-ABE,97,0.5656524896621704,980
Kemerer,5,WOA-ABE,98,0.5656524300575256,990
Kemerer,5,WOA-ABE,99,0.5656523108482361,1000
Kemerer,5,FAABE,0,0.5789761543273926,10
Kemerer,5,FAABE,1,0.5789761543273926,20
Kemerer,5,FAABE,2,0.5783230066299438,30
Kemerer,5,FAABE,3,0.5778948068618774,40
Kemerer,5,FAABE,4,0.5776045918464661,50
Kemerer,5,FAABE,5,0.5776045918464661,60
Kemerer,5,FAABE,6,0.5678287148475647,70
Kemerer,5,FAABE,7,0.5671233534812927,80
Kemerer,5,FAABE,8,0.5671233534812927,90
Kemerer,5,FAABE,9,0.5669974684715271,100
Kemerer,5,FAABE,10,0.5665537714958191,110
Kemerer,5,FAABE,11,0.5665537714958191,120
Kemerer,5,FAABE,12,0.5665537714958191,130
Kemerer,5,FAABE,13,0.5665537714958191,140
Kemerer,5,FAABE,14,0.5663650631904602,150
Kemerer,5,FAABE,15,0.566039502620697,160
Kemerer,5,FAABE,16,0.566039502620697,170
Kemerer,5,FAABE,17,0.566039502620697,180
Kemerer,5,FAABE,18,0.5657758116722107,190
Kemerer,5,FAABE,19,0.5657758116722107,200
Kemerer,5,FAABE,20,0.5657758116722107,210
Kemerer,5,FAABE,21,0.5657758116722107,220
Kemerer,5,FAABE,22,0.5657758116722107,230
Kemerer,5,FAABE,23,0.5657758116722107,240
Kemerer,5,FAABE,24,0.5657758116722107,250
Kemerer,5,FAABE,25,0.5657758116722107,260
Kemerer,5,FAABE,26,0.5657758116722107,270
Kemerer,5,FAABE,27,0.5657758116722107,280
Kemerer,5,FAABE,28,0.5657758116722107,290
Kemerer,5,FAABE,29,0.5657758116722107,300
Kemerer,5,FAABE,30,0.5657758116722107,310
Kemerer,5,FAABE,31,0.5657758116722107,320
Kemerer,5,FAABE,32,0.5657758116722107,330
Kemerer,5,FAABE,33,0.5657758116722107,340
Kemerer,5,FAABE,34,0.5657758116722107,350
Kemerer,5,FAABE,35,0.5657758116722107,360
Kemerer,5,FAABE,36,0.5657758116722107,370
Kemerer,5,FAABE,37,0.5657758116722107,380
Kemerer,5,FAABE,38,0.5657758116722107,390
Kemerer,5,FAABE,39,0.5657758116722107,400
Kemerer,5,FAABE,40,0.5657758116722107,410
Kemerer,5,FAABE,41,0.5657758116722107,420
Kemerer,5,FAABE,42,0.5657758116722107,430
Kemerer,5,FAABE,43,0.5657758116722107,440
Kemerer,5,FAABE,44,0.5657758116722107,450
Kemerer,5,FAABE,45,0.5657758116722107,460
Kemerer,5,FAABE,46,0.5657508969306946,470
Kemerer,5,FAABE,47,0.5657508969306946,480
Kemerer,5,FAABE,48,0.5657508969306946,490
Kemerer,5,FAABE,49,0.5657411217689514,500
Kemerer,5,FAABE,50,0.5657411217689514,510
Kemerer,5,FAABE,51,0.5657411217689514,520
Kemerer,5,FAABE,52,0.5657411217689514,530
Kemerer,5,FAABE,53,0.5657411217689514,540
Kemerer,5,FAABE,54,0.5657411217689514,550
Kemerer,5,FAABE,55,0.5657411217689514,560
Kemerer,5,FAABE,56,0.5657411217689514,570
Kemerer,5,FAABE,57,0.5657411217689514,580
Kemerer,5,FAABE,58,0.5657411217689514,590
Kemerer,5,FAABE,59,0.5657411217689514,600
Kemerer,5,FAABE,60,0.5657411217689514,610
Kemerer,5,FAABE,61,0.5657411217689514,620
Kemerer,5,FAABE,62,0.5657411217689514,630
Kemerer,5,FAABE,63,0.5657411217689514,640
Kemerer,5,FAABE,64,0.5657411217689514,650
Kemerer,5,FAABE,65,0.5657411217689514,660
Kemerer,5,FAABE,66,0.5657411217689514,670
Kemerer,5,FAABE,67,0.5657411217689514,680
Kemerer,5,FAABE,68,0.5657411217689514,690
Kemerer,5,FAABE,69,0.5657411217689514,700
Kemerer,5,FAABE,70,0.5657411217689514,710
Kemerer,5,FAABE,71,0.5657411217689514,720
Kemerer,5,FAABE,72,0.5657411217689514,730
Kemerer,5,FAABE,73,0.5657411217689514,740
Kemerer,5,FAABE,74,0.5657411217689514,750
Kemerer,5,FAABE,75,0.5657411217689514,760
Kemerer,5,FAABE,76,0.5657411217689514,770
Kemerer,5,FAABE,77,0.5657411217689514,780
Kemerer,5,FAABE,78,0.5657411217689514,790
Kemerer,5,FAABE,79,0.5657411217689514,800
Kemerer,5,FAABE,80,0.5657411217689514,810
Kemerer,5,FAABE,81,0.5657411217689514,820
Kemerer,5,FAABE,82,0.5657411217689514,830
Kemerer,5,FAABE,83,0.5657411217689514,840
Kemerer,5,FAABE,84,0.5657411217689514,850
Kemerer,5,FAABE,85,0.5657411217689514,860
Kemerer,5,FAABE,86,0.5657411217689514,870
Kemerer,5,FAABE,87,0.5657371878623962,880
Kemerer,5,FAABE,88,0.5657371878623962,890
Kemerer,5,FAABE,89,0.5657371878623962,900
Kemerer,5,FAABE,90,0.5657371878623962,910
Kemerer,5,FAABE,91,0.5657371878623962,920
Kemerer,5,FAABE,92,0.5657371878623962,930
Kemerer,5,FAABE,93,0.5657371878623962,940
Kemerer,5,FAABE,94,0.5657371878623962,950
Kemerer,5,FAABE,95,0.5657371878623962,960
Kemerer,5,FAABE,96,0.5657371878623962,970
Kemerer,5,FAABE,97,0.5657371878623962,980
Kemerer,5,FAABE,98,0.5657371878623962,990
Kemerer,5,FAABE,99,0.5657371878623962,1000
Kemerer,6,GA-ABE,0,0.6336982250213623,10
Kemerer,6,GA-ABE,1,0.6335781216621399,20
Kemerer,6,GA-ABE,2,0.6332057118415833,30
Kemerer,6,GA-ABE,3,0.6332057118415833,40
Kemerer,6,GA-ABE,4,0.6332057118415833,50
Kemerer,6,GA-ABE,5,0.6321216821670532,60
Kemerer,6,GA-ABE,6,0.6321216821670532,70
Kemerer,6,GA-ABE,7,0.6321216821670532,80
Kemerer,6,GA-ABE,8,0.6321216821670532,90
Kemerer,6,GA-ABE,9,0.6318525075912476,100
Kemerer,6,GA-ABE,10,0.6318525075912476,110
Kemerer,6,GA-ABE,11,0.6318525075912476,120
Kemerer,6,GA-ABE,12,0.6318525075912476,130
Kemerer,6,GA-ABE,13,0.6162773370742798,140
Kemerer,6,GA-ABE,14,0.6162773370742798,150
Kemerer,6,GA-ABE,15,0.6162773370742798,160
Kemerer,6,GA-ABE,16,0.6118742227554321,170
Kemerer,6,GA-ABE,17,0.6118742227554321,180
Kemerer,6,GA-ABE,18,0.6026560068130493,190
Kemerer,6,GA-ABE,19,0.6023749113082886,200
Kemerer,6,GA-ABE,20,0.6021279096603394,210
Kemerer,6,GA-ABE,21,0.6021279096603394,220
Kemerer,6,GA-ABE,22,0.599339485168457,230
Kemerer,6,GA-ABE,23,0.5981253385543823,240
Kemerer,6,GA-ABE,24,0.5981253385543823,250
Kemerer,6,GA-ABE,25,0.5981253385543823,260
Kemerer,6,GA-ABE,26,0.5981253385543823,270
Kemerer,6,GA-ABE,27,0.5981253385543823,280
Kemerer,6,GA-ABE,28,0.5981253385543823,290
Kemerer,6,GA-ABE,29,0.5981253385543823,300
Kemerer,6,GA-ABE,30,0.5981253385543823,310
Kemerer,6,GA-ABE,31,0.5981253385543823,320
Kemerer,6,GA-ABE,32,0.5981253385543823,330
Kemerer,6,GA-ABE,33,0.5981253385543823,340
Kemerer,6,GA-ABE,34,0.5981253385543823,350
Kemerer,6,GA-ABE,35,0.5981253385543823,360
Kemerer,6,GA-ABE,36,0.5975926518440247,370
Kemerer,6,GA-ABE,37,0.5975926518440247,380
Kemerer,6,GA-ABE,38,0.5975926518440247,390
Kemerer,6,GA-ABE,39,0.5975926518440247,400
Kemerer,6,GA-ABE,40,0.5975926518440247,410
Kemerer,6,GA-ABE,41,0.5975926518440247,420
Kemerer,6,GA-ABE,42,0.5975926518440247,430
Kemerer,6,GA-ABE,43,0.5975926518440247,440
Kemerer,6,GA-ABE,44,0.5975926518440247,450
Kemerer,6,GA-ABE,45,0.5975926518440247,460
Kemerer,6,GA-ABE,46,0.5975926518440247,470
Kemerer,6,GA-ABE,47,0.5975926518440247,480
Kemerer,6,GA-ABE,48,0.5975926518440247,490
Kemerer,6,GA-ABE,49,0.5975926518440247,500
Kemerer,6,GA-ABE,50,0.5975926518440247,510
Kemerer,6,GA-ABE,51,0.5975926518440247,520
Kemerer,6,GA-ABE,52,0.5975926518440247,530
Kemerer,6,GA-ABE,53,0.5975926518440247,540
Kemerer,6,GA-ABE,54,0.5975926518440247,550
Kemerer,6,GA-ABE,55,0.5975926518440247,560
Kemerer,6,GA-ABE,56,0.5975926518440247,570
Kemerer,6,GA-ABE,57,0.5975926518440247,580
Kemerer,6,GA-ABE,58,0.5975926518440247,590
Kemerer,6,GA-ABE,59,0.5975926518440247,600
Kemerer,6,GA-ABE,60,0.5975926518440247,610
Kemerer,6,GA-ABE,61,0.5975926518440247,620
Kemerer,6,GA-ABE,62,0.5975926518440247,630
Kemerer,6,GA-ABE,63,0.5975926518440247,640
Kemerer,6,GA-ABE,64,0.5975926518440247,650
Kemerer,6,GA-ABE,65,0.5975926518440247,660
Kemerer,6,GA-ABE,66,0.5975926518440247,670
Kemerer,6,GA-ABE,67,0.5973302125930786,680
Kemerer,6,GA-ABE,68,0.5973302125930786,690
Kemerer,6,GA-ABE,69,0.5973302125930786,700
Kemerer,6,GA-ABE,70,0.5973300933837891,710
Kemerer,6,GA-ABE,71,0.5973300933837891,720
Kemerer,6,GA-ABE,72,0.5973300933837891,730
Kemerer,6,GA-ABE,73,0.5973300933837891,740
Kemerer,6,GA-ABE,74,0.5973300933837891,750
Kemerer,6,GA-ABE,75,0.5973300933837891,760
Kemerer,6,GA-ABE,76,0.5971433520317078,770
Kemerer,6,GA-ABE,77,0.5971433520317078,780
Kemerer,6,GA-ABE,78,0.5971433520317078,790
Kemerer,6,GA-ABE,79,0.5971433520317078,800
Kemerer,6,GA-ABE,80,0.5971433520317078,810
Kemerer,6,GA-ABE,81,0.5971433520317078,820
Kemerer,6,GA-ABE,82,0.5971433520317078,830
Kemerer,6,GA-ABE,83,0.5971433520317078,840
Kemerer,6,GA-ABE,84,0.5971433520317078,850
Kemerer,6,GA-ABE,85,0.5971433520317078,860
Kemerer,6,GA-ABE,86,0.5971433520317078,870
Kemerer,6,GA-ABE,87,0.5971433520317078,880
Kemerer,6,GA-ABE,88,0.5971320867538452,890
Kemerer,6,GA-ABE,89,0.5971301198005676,900
Kemerer,6,GA-ABE,90,0.5971301198005676,910
Kemerer,6,GA-ABE,91,0.5971301198005676,920
Kemerer,6,GA-ABE,92,0.596973180770874,930
Kemerer,6,GA-ABE,93,0.596973180770874,940
Kemerer,6,GA-ABE,94,0.596973180770874,950
Kemerer,6,GA-ABE,95,0.596973180770874,960
Kemerer,6,GA-ABE,96,0.596973180770874,970
Kemerer,6,GA-ABE,97,0.596973180770874,980
Kemerer,6,GA-ABE,98,0.596973180770874,990
Kemerer,6,GA-ABE,99,0.596973180770874,1000
Kemerer,6,PSO-ABE,0,0.6346373558044434,10
Kemerer,6,PSO-ABE,1,0.6344044804573059,20
Kemerer,6,PSO-ABE,2,0.6147398352622986,30
Kemerer,6,PSO-ABE,3,0.6048133969306946,40
Kemerer,6,PSO-ABE,4,0.6034178137779236,50
Kemerer,6,PSO-ABE,5,0.6034178137779236,60
Kemerer,6,PSO-ABE,6,0.6015139818191528,70
Kemerer,6,PSO-ABE,7,0.6015139818191528,80
Kemerer,6,PSO-ABE,8,0.6013328433036804,90
Kemerer,6,PSO-ABE,9,0.6013328433036804,100
Kemerer,6,PSO-ABE,10,0.6013328433036804,110
Kemerer,6,PSO-ABE,11,0.6012662053108215,120
Kemerer,6,PSO-ABE,12,0.5991542339324951,130
Kemerer,6,PSO-ABE,13,0.5991542339324951,140
Kemerer,6,PSO-ABE,14,0.5966566801071167,150
Kemerer,6,PSO-ABE,15,0.5956100821495056,160
Kemerer,6,PSO-ABE,16,0.5956100821495056,170
Kemerer,6,PSO-ABE,17,0.5956100821495056,180
Kemerer,6,PSO-ABE,18,0.5956100821495056,190
Kemerer,6,PSO-ABE,19,0.5956100821495056,200
Kemerer,6,PSO-ABE,20,0.5956100821495056,210
Kemerer,6,PSO-ABE,21,0.5956100821495056,220
Kemerer,6,PSO-ABE,22,0.5956100821495056,230
Kemerer,6,PSO-ABE,23,0.5956100821495056,240
Kemerer,6,PSO-ABE,24,0.5956100821495056,250
Kemerer,6,PSO-ABE,25,0.5956100821495056,260
Kemerer,6,PSO-ABE,26,0.5956100821495056,270
Kemerer,6,PSO-ABE,27,0.5956100821495056,280
Kemerer,6,PSO-ABE,28,0.5955991744995117,290
Kemerer,6,PSO-ABE,29,0.5955991744995117,300
Kemerer,6,PSO-ABE,30,0.5955991744995117,310
Kemerer,6,PSO-ABE,31,0.5955991744995117,320
Kemerer,6,PSO-ABE,32,0.5955991744995117,330
Kemerer,6,PSO-ABE,33,0.5955991744995117,340
Kemerer,6,PSO-ABE,34,0.5955991744995117,350
Kemerer,6,PSO-ABE,35,0.5955766439437866,360
Kemerer,6,PSO-ABE,36,0.5955766439437866,370
Kemerer,6,PSO-ABE,37,0.5955123901367188,380
Kemerer,6,PSO-ABE,38,0.5955123901367188,390
Kemerer,6,PSO-ABE,39,0.5953896641731262,400
Kemerer,6,PSO-ABE,40,0.5953896641731262,410
Kemerer,6,PSO-ABE,41,0.5953896641731262,420
Kemerer,6,PSO-ABE,42,0.5953161120414734,430
Kemerer,6,PSO-ABE,43,0.5953161120414734,440
Kemerer,6,PSO-ABE,44,0.5953161120414734,450
Kemerer,6,PSO-ABE,45,0.5953161120414734,460
Kemerer,6,PSO-ABE,46,0.5953161120414734,470
Kemerer,6,PSO-ABE,47,0.5953161120414734,480
Kemerer,6,PSO-ABE,48,0.5953161120414734,490
Kemerer,6,PSO-ABE,49,0.5953161120414734,500
Kemerer,6,PSO-ABE,50,0.5953161120414734,510
Kemerer,6,PSO-ABE,51,0.5953113436698914,520
Kemerer,6,PSO-ABE,52,0.5952860116958618,530
Kemerer,6,PSO-ABE,53,0.5952860116958618,540
Kemerer,6,PSO-ABE,54,0.5952796936035156,550
Kemerer,6,PSO-ABE,55,0.5952796936035156,560
Kemerer,6,PSO-ABE,56,0.5952796936035156,570
Kemerer,6,PSO-ABE,57,0.5952796936035156,580
Kemerer,6,PSO-ABE,58,0.5952796936035156,590
Kemerer,6,PSO-ABE,59,0.5952796936035156,600
Kemerer,6,PSO-ABE,60,0.5952796936035156,610
Kemerer,6,PSO-ABE,61,0.5952796936035156,620
Kemerer,6,PSO-ABE,62,0.5952796936035156,630
Kemerer,6,PSO-ABE,63,0.5952796936035156,640
Kemerer,6,PSO-ABE,64,0.5952702760696411,650
Kemerer,6,PSO-ABE,65,0.5952067375183105,660
Kemerer,6,PSO-ABE,66,0.595178484916687,670
Kemerer,6,PSO-ABE,67,0.5951579213142395,680
Kemerer,6,PSO-ABE,68,0.5951430797576904,690
Kemerer,6,PSO-ABE,69,0.595132052898407,700
Kemerer,6,PSO-ABE,70,0.5950976610183716,710
Kemerer,6,PSO-ABE,71,0.5950976610183716,720
Kemerer,6,PSO-ABE,72,0.5950976610183716,730
Kemerer,6,PSO-ABE,73,0.5950976610183716,740
Kemerer,6,PSO-ABE,74,0.5950976610183716,750
Kemerer,6,PSO-ABE,75,0.5950905084609985,760
Kemerer,6,PSO-ABE,76,0.5950905084609985,770
Kemerer,6,PSO-ABE,77,0.595089316368103,780
Kemerer,6,PSO-ABE,78,0.595089316368103,790
Kemerer,6,PSO-ABE,79,0.595089316368103,800
Kemerer,6,PSO-ABE,80,0.595089316368103,810
Kemerer,6,PSO-ABE,81,0.5950838923454285,820
Kemerer,6,PSO-ABE,82,0.5950838923454285,830
Kemerer,6,PSO-ABE,83,0.5950838923454285,840
Kemerer,6,PSO-ABE,84,0.5950838923454285,850
Kemerer,6,PSO-ABE,85,0.5950838923454285,860
Kemerer,6,PSO-ABE,86,0.5950838923454285,870
Kemerer,6,PSO-ABE,87,0.5950838923454285,880
Kemerer,6,PSO-ABE,88,0.5950838923454285,890
Kemerer,6,PSO-ABE,89,0.5950838923454285,900
Kemerer,6,PSO-ABE,90,0.5950838923454285,910
Kemerer,6,PSO-ABE,91,0.5950838923454285,920
Kemerer,6,PSO-ABE,92,0.5950838923454285,930
Kemerer,6,PSO-ABE,93,0.5950838923454285,940
Kemerer,6,PSO-ABE,94,0.5950838923454285,950
Kemerer,6,PSO-ABE,95,0.5950838923454285,960
Kemerer,6,PSO-ABE,96,0.5950838923454285,970
Kemerer,6,PSO-ABE,97,0.5950836539268494,980
Kemerer,6,PSO-ABE,98,0.5950836539268494,990
Kemerer,6,PSO-ABE,99,0.5950836539268494,1000
Kemerer,6,DE-ABE,0,0.6101042628288269,10
Kemerer,6,DE-ABE,1,0.6101042628288269,20
Kemerer,6,DE-ABE,2,0.6101042628288269,30
Kemerer,6,DE-ABE,3,0.6101042628288269,40
Kemerer,6,DE-ABE,4,0.6031774878501892,50
Kemerer,6,DE-ABE,5,0.6005103588104248,60
Kemerer,6,DE-ABE,6,0.6005103588104248,70
Kemerer,6,DE-ABE,7,0.6005103588104248,80
Kemerer,6,DE-ABE,8,0.6005103588104248,90
Kemerer,6,DE-ABE,9,0.6005103588104248,100
Kemerer,6,DE-ABE,10,0.6005103588104248,110
Kemerer,6,DE-ABE,11,0.5981681942939758,120
Kemerer,6,DE-ABE,12,0.5968287587165833,130
Kemerer,6,DE-ABE,13,0.5968287587165833,140
Kemerer,6,DE-ABE,14,0.5964948534965515,150
Kemerer,6,DE-ABE,15,0.5964948534965515,160
Kemerer,6,DE-ABE,16,0.5963269472122192,170
Kemerer,6,DE-ABE,17,0.5962393879890442,180
Kemerer,6,DE-ABE,18,0.5961893796920776,190
Kemerer,6,DE-ABE,19,0.5960985422134399,200
Kemerer,6,DE-ABE,20,0.5959246158599854,210
Kemerer,6,DE-ABE,21,0.5959246158599854,220
Kemerer,6,DE-ABE,22,0.5959246158599854,230
Kemerer,6,DE-ABE,23,0.5959246158599854,240
Kemerer,6,DE-ABE,24,0.5958632826805115,250
Kemerer,6,DE-ABE,25,0.5958238840103149,260
Kemerer,6,DE-ABE,26,0.5958238840103149,270
Kemerer,6,DE-ABE,27,0.5958189964294434,280
Kemerer,6,DE-ABE,28,0.5958153605461121,290
Kemerer,6,DE-ABE,29,0.5958144068717957,300
Kemerer,6,DE-ABE,30,0.5958000421524048,310
Kemerer,6,DE-ABE,31,0.5957890748977661,320
Kemerer,6,DE-ABE,32,0.5957745909690857,330
Kemerer,6,DE-ABE,33,0.5957745909690857,340
Kemerer,6,DE-ABE,34,0.5957538485527039,350
Kemerer,6,DE-ABE,35,0.5957533121109009,360
Kemerer,6,DE-ABE,36,0.5957533121109009,370
Kemerer,6,DE-ABE,37,0.5957530736923218,380
Kemerer,6,DE-ABE,38,0.5957455039024353,390
Kemerer,6,DE-ABE,39,0.5957455039024353,400
Kemerer,6,DE-ABE,40,0.5957455039024353,410
Kemerer,6,DE-ABE,41,0.5957354307174683,420
Kemerer,6,DE-ABE,42,0.5957326292991638,430
Kemerer,6,DE-ABE,43,0.5957326292991638,440
Kemerer,6,DE-ABE,44,0.5957297086715698,450
Kemerer,6,DE-ABE,45,0.5957297086715698,460
Kemerer,6,DE-ABE,46,0.595727264881134,470
Kemerer,6,DE-ABE,47,0.5957229137420654,480
Kemerer,6,DE-ABE,48,0.5957205891609192,490
Kemerer,6,DE-ABE,49,0.5957205891609192,500
Kemerer,6,DE-ABE,50,0.5957092642784119,510
Kemerer,6,DE-ABE,51,0.5957092642784119,520
Kemerer,6,DE-ABE,52,0.5957092642784119,530
Kemerer,6,DE-ABE,53,0.5957075357437134,540
Kemerer,6,DE-ABE,54,0.5956997275352478,550
Kemerer,6,DE-ABE,55,0.5956981182098389,560
Kemerer,6,DE-ABE,56,0.5956897735595703,570
Kemerer,6,DE-ABE,57,0.5956878662109375,580
Kemerer,6,DE-ABE,58,0.5956878662109375,590
Kemerer,6,DE-ABE,59,0.5956864356994629,600
Kemerer,6,DE-ABE,60,0.5956859588623047,610
Kemerer,6,DE-ABE,61,0.5956859588623047,620
Kemerer,6,DE-ABE,62,0.5956857204437256,630
Kemerer,6,DE-ABE,63,0.595685601234436,640
Kemerer,6,DE-ABE,64,0.595680832862854,650
Kemerer,6,DE-ABE,65,0.5956798791885376,660
Kemerer,6,DE-ABE,66,0.5956798791885376,670
Kemerer,6,DE-ABE,67,0.5956791639328003,680
Kemerer,6,DE-ABE,68,0.5956764221191406,690
Kemerer,6,DE-ABE,69,0.5956759452819824,700
Kemerer,6,DE-ABE,70,0.5956758856773376,710
Kemerer,6,DE-ABE,71,0.5956758856773376,720
Kemerer,6,DE-ABE,72,0.5956751108169556,730
Kemerer,6,DE-ABE,73,0.5956751108169556,740
Kemerer,6,DE-ABE,74,0.5956742763519287,750
Kemerer,6,DE-ABE,75,0.5956723690032959,760
Kemerer,6,DE-ABE,76,0.5956723690032959,770
Kemerer,6,DE-ABE,77,0.5956715941429138,780
Kemerer,6,DE-ABE,78,0.5956707000732422,790
Kemerer,6,DE-ABE,79,0.5956707000732422,800
Kemerer,6,DE-ABE,80,0.5956707000732422,810
Kemerer,6,DE-ABE,81,0.5956700444221497,820
Kemerer,6,DE-ABE,82,0.5956700444221497,830
Kemerer,6,DE-ABE,83,0.5956696271896362,840
Kemerer,6,DE-ABE,84,0.5956696271896362,850
Kemerer,6,DE-ABE,85,0.5956696271896362,860
Kemerer,6,DE-ABE,86,0.5956692695617676,870
Kemerer,6,DE-ABE,87,0.595669150352478,880
Kemerer,6,DE-ABE,88,0.595669150352478,890
Kemerer,6,DE-ABE,89,0.595669150352478,900
Kemerer,6,DE-ABE,90,0.5956685543060303,910
Kemerer,6,DE-ABE,91,0.5956683158874512,920
Kemerer,6,DE-ABE,92,0.595667839050293,930
Kemerer,6,DE-ABE,93,0.595667839050293,940
Kemerer,6,DE-ABE,94,0.5956677198410034,950
Kemerer,6,DE-ABE,95,0.5956676006317139,960
Kemerer,6,DE-ABE,96,0.5956671237945557,970
Kemerer,6,DE-ABE,97,0.5956671237945557,980
Kemerer,6,DE-ABE,98,0.5956671237945557,990
Kemerer,6,DE-ABE,99,0.5956670045852661,1000
Kemerer,6,GWO-ABE,0,0.6331663131713867,10
Kemerer,6,GWO-ABE,1,0.6579842567443848,20
Kemerer,6,GWO-ABE,2,0.6372875571250916,30
Kemerer,6,GWO-ABE,3,0.6260660886764526,40
Kemerer,6,GWO-ABE,4,0.6322447061538696,50
Kemerer,6,GWO-ABE,5,0.6266187429428101,60
Kemerer,6,GWO-ABE,6,0.6277391910552979,70
Kemerer,6,GWO-ABE,7,0.6245400905609131,80
Kemerer,6,GWO-ABE,8,0.6166908144950867,90
Kemerer,6,GWO-ABE,9,0.61029052734375,100
Kemerer,6,GWO-ABE,10,0.6034548878669739,110
Kemerer,6,GWO-ABE,11,0.6204143762588501,120
Kemerer,6,GWO-ABE,12,0.6060073971748352,130
Kemerer,6,GWO-ABE,13,0.6030975580215454,140
Kemerer,6,GWO-ABE,14,0.6074177622795105,150
Kemerer,6,GWO-ABE,15,0.600995659828186,160
Kemerer,6,GWO-ABE,16,0.6064839363098145,170
Kemerer,6,GWO-ABE,17,0.6268819570541382,180
Kemerer,6,GWO-ABE,18,0.6203745007514954,190
Kemerer,6,GWO-ABE,19,0.6179622411727905,200
Kemerer,6,GWO-ABE,20,0.6077687740325928,210
Kemerer,6,GWO-ABE,21,0.6008508205413818,220
Kemerer,6,GWO-ABE,22,0.6037441492080688,230
Kemerer,6,GWO-ABE,23,0.5995750427246094,240
Kemerer,6,GWO-ABE,24,0.6051443815231323,250
Kemerer,6,GWO-ABE,25,0.6113138198852539,260
Kemerer,6,GWO-ABE,26,0.60280841588974,270
Kemerer,6,GWO-ABE,27,0.6033022403717041,280
Kemerer,6,GWO-ABE,28,0.6176835298538208,290
Kemerer,6,GWO-ABE,29,0.6105754375457764,300
Kemerer,6,GWO-ABE,30,0.6034072637557983,310
Kemerer,6,GWO-ABE,31,0.6101685762405396,320
Kemerer,6,GWO-ABE,32,0.6016658544540405,330
Kemerer,6,GWO-ABE,33,0.6027385592460632,340
Kemerer,6,GWO-ABE,34,0.6019747853279114,350
Kemerer,6,GWO-ABE,35,0.6005367040634155,360
Kemerer,6,GWO-ABE,36,0.6187955737113953,370
Kemerer,6,GWO-ABE,37,0.6045982241630554,380
Kemerer,6,GWO-ABE,38,0.6038448810577393,390
Kemerer,6,GWO-ABE,39,0.6064630746841431,400
Kemerer,6,GWO-ABE,40,0.6072742342948914,410
Kemerer,6,GWO-ABE,41,0.610863447189331,420
Kemerer,6,GWO-ABE,42,0.6028205752372742,430
Kemerer,6,GWO-ABE,43,0.6019405722618103,440
Kemerer,6,GWO-ABE,44,0.6023648381233215,450
Kemerer,6,GWO-ABE,45,0.5997292399406433,460
Kemerer,6,GWO-ABE,46,0.6009042263031006,470
Kemerer,6,GWO-ABE,47,0.6021016240119934,480
Kemerer,6,GWO-ABE,48,0.6104628443717957,490
Kemerer,6,GWO-ABE,49,0.6039594411849976,500
Kemerer,6,GWO-ABE,50,0.5998002886772156,510
Kemerer,6,GWO-ABE,51,0.5983266830444336,520
Kemerer,6,GWO-ABE,52,0.6023123860359192,530
Kemerer,6,GWO-ABE,53,0.6059091091156006,540
Kemerer,6,GWO-ABE,54,0.6052682995796204,550
Kemerer,6,GWO-ABE,55,0.6047269105911255,560
Kemerer,6,GWO-ABE,56,0.6036598086357117,570
Kemerer,6,GWO-ABE,57,0.6035001277923584,580
Kemerer,6,GWO-ABE,58,0.6000195741653442,590
Kemerer,6,GWO-ABE,59,0.5989186763763428,600
Kemerer,6,GWO-ABE,60,0.6003479361534119,610
Kemerer,6,GWO-ABE,61,0.601025402545929,620
Kemerer,6,GWO-ABE,62,0.6001785397529602,630
Kemerer,6,GWO-ABE,63,0.6004742980003357,640
Kemerer,6,GWO-ABE,64,0.59845370054245,650
Kemerer,6,GWO-ABE,65,0.5994974374771118,660
Kemerer,6,GWO-ABE,66,0.598389744758606,670
Kemerer,6,GWO-ABE,67,0.5996413230895996,680
Kemerer,6,GWO-ABE,68,0.6004392504692078,690
Kemerer,6,GWO-ABE,69,0.6006481051445007,700
Kemerer,6,GWO-ABE,70,0.6010883450508118,710
Kemerer,6,GWO-ABE,71,0.599704921245575,720
Kemerer,6,GWO-ABE,72,0.6002305150032043,730
Kemerer,6,GWO-ABE,73,0.5995333194732666,740
Kemerer,6,GWO-ABE,74,0.599062442779541,750
Kemerer,6,GWO-ABE,75,0.6003352999687195,760
Kemerer,6,GWO-ABE,76,0.5980327129364014,770
Kemerer,6,GWO-ABE,77,0.5982033014297485,780
Kemerer,6,GWO-ABE,78,0.5987095832824707,790
Kemerer,6,GWO-ABE,79,0.5996371507644653,800
Kemerer,6,GWO-ABE,80,0.5979406237602234,810
Kemerer,6,GWO-ABE,81,0.5979050397872925,820
Kemerer,6,GWO-ABE,82,0.5983881950378418,830
Kemerer,6,GWO-ABE,83,0.5979359149932861,840
Kemerer,6,GWO-ABE,84,0.5979741215705872,850
Kemerer,6,GWO-ABE,85,0.5981467962265015,860
Kemerer,6,GWO-ABE,86,0.5977224707603455,870
Kemerer,6,GWO-ABE,87,0.5989197492599487,880
Kemerer,6,GWO-ABE,88,0.5981809496879578,890
Kemerer,6,GWO-ABE,89,0.5976444482803345,900
Kemerer,6,GWO-ABE,90,0.597804069519043,910
Kemerer,6,GWO-ABE,91,0.5976294279098511,920
Kemerer,6,GWO-ABE,92,0.5981323719024658,930
Kemerer,6,GWO-ABE,93,0.5978366732597351,940
Kemerer,6,GWO-ABE,94,0.5979911684989929,950
Kemerer,6,GWO-ABE,95,0.5975630879402161,960
Kemerer,6,GWO-ABE,96,0.5975029468536377,970
Kemerer,6,GWO-ABE,97,0.5976150631904602,980
Kemerer,6,GWO-ABE,98,0.5976145267486572,990
Kemerer,6,GWO-ABE,99,0.5976026058197021,1000
Kemerer,6,WOA-ABE,0,0.6351001858711243,10
Kemerer,6,WOA-ABE,1,0.6349624395370483,20
Kemerer,6,WOA-ABE,2,0.6130586862564087,30
Kemerer,6,WOA-ABE,3,0.6105296015739441,40
Kemerer,6,WOA-ABE,4,0.6105296015739441,50
Kemerer,6,WOA-ABE,5,0.6105296015739441,60
Kemerer,6,WOA-ABE,6,0.6105296015739441,70
Kemerer,6,WOA-ABE,7,0.6105296015739441,80
Kemerer,6,WOA-ABE,8,0.6104750633239746,90
Kemerer,6,WOA-ABE,9,0.610204815864563,100
Kemerer,6,WOA-ABE,10,0.6102046966552734,110
Kemerer,6,WOA-ABE,11,0.6073063611984253,120
Kemerer,6,WOA-ABE,12,0.6063648462295532,130
Kemerer,6,WOA-ABE,13,0.6009982824325562,140
Kemerer,6,WOA-ABE,14,0.6006825566291809,150
Kemerer,6,WOA-ABE,15,0.6006134748458862,160
Kemerer,6,WOA-ABE,16,0.6006134748458862,170
Kemerer,6,WOA-ABE,17,0.5997222065925598,180
Kemerer,6,WOA-ABE,18,0.5993489623069763,190
Kemerer,6,WOA-ABE,19,0.5993489623069763,200
Kemerer,6,WOA-ABE,20,0.5989779233932495,210
Kemerer,6,WOA-ABE,21,0.5989779233932495,220
Kemerer,6,WOA-ABE,22,0.5989306569099426,230
Kemerer,6,WOA-ABE,23,0.5979601144790649,240
Kemerer,6,WOA-ABE,24,0.5978439450263977,250
Kemerer,6,WOA-ABE,25,0.5978439450263977,260
Kemerer,6,WOA-ABE,26,0.5978439450263977,270
Kemerer,6,WOA-ABE,27,0.5959579348564148,280
Kemerer,6,WOA-ABE,28,0.5959527492523193,290
Kemerer,6,WOA-ABE,29,0.5959527492523193,300
Kemerer,6,WOA-ABE,30,0.5959527492523193,310
Kemerer,6,WOA-ABE,31,0.5959527492523193,320
Kemerer,6,WOA-ABE,32,0.595940351486206,330
Kemerer,6,WOA-ABE,33,0.595940351486206,340
Kemerer,6,WOA-ABE,34,0.595940351486206,350
Kemerer,6,WOA-ABE,35,0.595940351486206,360
Kemerer,6,WOA-ABE,36,0.5958677530288696,370
Kemerer,6,WOA-ABE,37,0.5958677530288696,380
Kemerer,6,WOA-ABE,38,0.5958677530288696,390
Kemerer,6,WOA-ABE,39,0.5958677530288696,400
Kemerer,6,WOA-ABE,40,0.5958677530288696,410
Kemerer,6,WOA-ABE,41,0.5958677530288696,420
Kemerer,6,WOA-ABE,42,0.5958677530288696,430
Kemerer,6,WOA-ABE,43,0.5958677530288696,440
Kemerer,6,WOA-ABE,44,0.5958677530288696,450
Kemerer,6,WOA-ABE,45,0.5958677530288696,460
Kemerer,6,WOA-ABE,46,0.5956171751022339,470
Kemerer,6,WOA-ABE,47,0.5956171751022339,480
Kemerer,6,WOA-ABE,48,0.5955309867858887,490
Kemerer,6,WOA-ABE,49,0.5955309867858887,500
Kemerer,6,WOA-ABE,50,0.5955163836479187,510
Kemerer,6,WOA-ABE,51,0.5955163836479187,520
Kemerer,6,WOA-ABE,52,0.5955163836479187,530
Kemerer,6,WOA-ABE,53,0.5955163836479187,540
Kemerer,6,WOA-ABE,54,0.5955163836479187,550
Kemerer,6,WOA-ABE,55,0.5955163836479187,560
Kemerer,6,WOA-ABE,56,0.5955163836479187,570
Kemerer,6,WOA-ABE,57,0.5955163836479187,580
Kemerer,6,WOA-ABE,58,0.5954063534736633,590
Kemerer,6,WOA-ABE,59,0.5953444242477417,600
Kemerer,6,WOA-ABE,60,0.5953444242477417,610
Kemerer,6,WOA-ABE,61,0.5953270792961121,620
Kemerer,6,WOA-ABE,62,0.5953270792961121,630
Kemerer,6,WOA-ABE,63,0.5953270792961121,640
Kemerer,6,WOA-ABE,64,0.5953270792961121,650
Kemerer,6,WOA-ABE,65,0.5953270792961121,660
Kemerer,6,WOA-ABE,66,0.5953270792961121,670
Kemerer,6,WOA-ABE,67,0.5953270792961121,680
Kemerer,6,WOA-ABE,68,0.5953270792961121,690
Kemerer,6,WOA-ABE,69,0.595312237739563,700
Kemerer,6,WOA-ABE,70,0.595312237739563,710
Kemerer,6,WOA-ABE,71,0.595312237739563,720
Kemerer,6,WOA-ABE,72,0.595312237739563,730
Kemerer,6,WOA-ABE,73,0.595312237739563,740
Kemerer,6,WOA-ABE,74,0.595312237739563,750
Kemerer,6,WOA-ABE,75,0.595307469367981,760
Kemerer,6,WOA-ABE,76,0.5953049063682556,770
Kemerer,6,WOA-ABE,77,0.5952908396720886,780
Kemerer,6,WOA-ABE,78,0.5952908396720886,790
Kemerer,6,WOA-ABE,79,0.5952908396720886,800
Kemerer,6,WOA-ABE,80,0.5952908396720886,810
Kemerer,6,WOA-ABE,81,0.5952903032302856,820
Kemerer,6,WOA-ABE,82,0.5952903032302856,830
Kemerer,6,WOA-ABE,83,0.5952903032302856,840
Kemerer,6,WOA-ABE,84,0.5952903032302856,850
Kemerer,6,WOA-ABE,85,0.5952903032302856,860
Kemerer,6,WOA-ABE,86,0.5952903032302856,870
Kemerer,6,WOA-ABE,87,0.5952903032302856,880
Kemerer,6,WOA-ABE,88,0.5952903032302856,890
Kemerer,6,WOA-ABE,89,0.5952889919281006,900
Kemerer,6,WOA-ABE,90,0.5952889919281006,910
Kemerer,6,WOA-ABE,91,0.5952889919281006,920
Kemerer,6,WOA-ABE,92,0.5952889919281006,930
Kemerer,6,WOA-ABE,93,0.5952872037887573,940
Kemerer,6,WOA-ABE,94,0.5952872037887573,950
Kemerer,6,WOA-ABE,95,0.5952872037887573,960
Kemerer,6,WOA-ABE,96,0.5952872037887573,970
Kemerer,6,WOA-ABE,97,0.5952872037887573,980
Kemerer,6,WOA-ABE,98,0.5952872037887573,990
Kemerer,6,WOA-ABE,99,0.5952872037887573,1000
Kemerer,6,FAABE,0,0.6475681662559509,10
Kemerer,6,FAABE,1,0.64595627784729,20
Kemerer,6,FAABE,2,0.632919192314148,30
Kemerer,6,FAABE,3,0.6113675832748413,40
Kemerer,6,FAABE,4,0.6029595732688904,50
Kemerer,6,FAABE,5,0.6029595732688904,60
Kemerer,6,FAABE,6,0.598900556564331,70
Kemerer,6,FAABE,7,0.598900556564331,80
Kemerer,6,FAABE,8,0.598900556564331,90
Kemerer,6,FAABE,9,0.598900556564331,100
Kemerer,6,FAABE,10,0.598900556564331,110
Kemerer,6,FAABE,11,0.598900556564331,120
Kemerer,6,FAABE,12,0.598900556564331,130
Kemerer,6,FAABE,13,0.598900556564331,140
Kemerer,6,FAABE,14,0.598900556564331,150
Kemerer,6,FAABE,15,0.598900556564331,160
Kemerer,6,FAABE,16,0.598900556564331,170
Kemerer,6,FAABE,17,0.598900556564331,180
Kemerer,6,FAABE,18,0.5985063910484314,190
Kemerer,6,FAABE,19,0.5985063910484314,200
Kemerer,6,FAABE,20,0.5985063910484314,210
Kemerer,6,FAABE,21,0.5985063910484314,220
Kemerer,6,FAABE,22,0.5978550314903259,230
Kemerer,6,FAABE,23,0.5978550314903259,240
Kemerer,6,FAABE,24,0.5978550314903259,250
Kemerer,6,FAABE,25,0.5978550314903259,260
Kemerer,6,FAABE,26,0.5978550314903259,270
Kemerer,6,FAABE,27,0.5978550314903259,280
Kemerer,6,FAABE,28,0.5978550314903259,290
Kemerer,6,FAABE,29,0.597329318523407,300
Kemerer,6,FAABE,30,0.597329318523407,310
Kemerer,6,FAABE,31,0.597329318523407,320
Kemerer,6,FAABE,32,0.597329318523407,330
Kemerer,6,FAABE,33,0.597329318523407,340
Kemerer,6,FAABE,34,0.597329318523407,350
Kemerer,6,FAABE,35,0.597329318523407,360
Kemerer,6,FAABE,36,0.597329318523407,370
Kemerer,6,FAABE,37,0.597329318523407,380
Kemerer,6,FAABE,38,0.597329318523407,390
Kemerer,6,FAABE,39,0.597329318523407,400
Kemerer,6,FAABE,40,0.597329318523407,410
Kemerer,6,FAABE,41,0.597329318523407,420
Kemerer,6,FAABE,42,0.597329318523407,430
Kemerer,6,FAABE,43,0.597329318523407,440
Kemerer,6,FAABE,44,0.597329318523407,450
Kemerer,6,FAABE,45,0.597329318523407,460
Kemerer,6,FAABE,46,0.597329318523407,470
Kemerer,6,FAABE,47,0.597329318523407,480
Kemerer,6,FAABE,48,0.597329318523407,490
Kemerer,6,FAABE,49,0.597329318523407,500
Kemerer,6,FAABE,50,0.597329318523407,510
Kemerer,6,FAABE,51,0.597329318523407,520
Kemerer,6,FAABE,52,0.597329318523407,530
Kemerer,6,FAABE,53,0.597329318523407,540
Kemerer,6,FAABE,54,0.597329318523407,550
Kemerer,6,FAABE,55,0.597329318523407,560
Kemerer,6,FAABE,56,0.597329318523407,570
Kemerer,6,FAABE,57,0.597329318523407,580
Kemerer,6,FAABE,58,0.597329318523407,590
Kemerer,6,FAABE,59,0.597329318523407,600
Kemerer,6,FAABE,60,0.597329318523407,610
Kemerer,6,FAABE,61,0.597329318523407,620
Kemerer,6,FAABE,62,0.597329318523407,630
Kemerer,6,FAABE,63,0.597329318523407,640
Kemerer,6,FAABE,64,0.597329318523407,650
Kemerer,6,FAABE,65,0.597329318523407,660
Kemerer,6,FAABE,66,0.597329318523407,670
Kemerer,6,FAABE,67,0.597329318523407,680
Kemerer,6,FAABE,68,0.597329318523407,690
Kemerer,6,FAABE,69,0.597329318523407,700
Kemerer,6,FAABE,70,0.597329318523407,710
Kemerer,6,FAABE,71,0.597329318523407,720
Kemerer,6,FAABE,72,0.597329318523407,730
Kemerer,6,FAABE,73,0.597329318523407,740
Kemerer,6,FAABE,74,0.597329318523407,750
Kemerer,6,FAABE,75,0.597329318523407,760
Kemerer,6,FAABE,76,0.597329318523407,770
Kemerer,6,FAABE,77,0.597329318523407,780
Kemerer,6,FAABE,78,0.597329318523407,790
Kemerer,6,FAABE,79,0.5968593955039978,800
Kemerer,6,FAABE,80,0.5968593955039978,810
Kemerer,6,FAABE,81,0.5968593955039978,820
Kemerer,6,FAABE,82,0.5968593955039978,830
Kemerer,6,FAABE,83,0.5968593955039978,840
Kemerer,6,FAABE,84,0.5968593955039978,850
Kemerer,6,FAABE,85,0.5968593955039978,860
Kemerer,6,FAABE,86,0.5968593955039978,870
Kemerer,6,FAABE,87,0.5968593955039978,880
Kemerer,6,FAABE,88,0.5968593955039978,890
Kemerer,6,FAABE,89,0.5968593955039978,900
Kemerer,6,FAABE,90,0.5968593955039978,910
Kemerer,6,FAABE,91,0.5968593955039978,920
Kemerer,6,FAABE,92,0.5968593955039978,930
Kemerer,6,FAABE,93,0.5968593955039978,940
Kemerer,6,FAABE,94,0.5968593955039978,950
Kemerer,6,FAABE,95,0.5968593955039978,960
Kemerer,6,FAABE,96,0.5968593955039978,970
Kemerer,6,FAABE,97,0.5968593955039978,980
Kemerer,6,FAABE,98,0.5968593955039978,990
Kemerer,6,FAABE,99,0.5968593955039978,1000
Kemerer,7,GA-ABE,0,0.6493147611618042,10
Kemerer,7,GA-ABE,1,0.6493147611618042,20
Kemerer,7,GA-ABE,2,0.6492555141448975,30
Kemerer,7,GA-ABE,3,0.6486126184463501,40
Kemerer,7,GA-ABE,4,0.6486126184463501,50
Kemerer,7,GA-ABE,5,0.6486126184463501,60
Kemerer,7,GA-ABE,6,0.6485176086425781,70
Kemerer,7,GA-ABE,7,0.6485176086425781,80
Kemerer,7,GA-ABE,8,0.648249089717865,90
Kemerer,7,GA-ABE,9,0.648249089717865,100
Kemerer,7,GA-ABE,10,0.648249089717865,110
Kemerer,7,GA-ABE,11,0.6480814814567566,120
Kemerer,7,GA-ABE,12,0.6460437178611755,130
Kemerer,7,GA-ABE,13,0.6460437178611755,140
Kemerer,7,GA-ABE,14,0.6460437178611755,150
Kemerer,7,GA-ABE,15,0.6460437178611755,160
Kemerer,7,GA-ABE,16,0.6460437178611755,170
Kemerer,7,GA-ABE,17,0.6460437178611755,180
Kemerer,7,GA-ABE,18,0.6460437178611755,190
Kemerer,7,GA-ABE,19,0.6460437178611755,200
Kemerer,7,GA-ABE,20,0.6460437178611755,210
Kemerer,7,GA-ABE,21,0.6460437178611755,220
Kemerer,7,GA-ABE,22,0.6460437178611755,230
Kemerer,7,GA-ABE,23,0.6460437178611755,240
Kemerer,7,GA-ABE,24,0.6460437178611755,250
Kemerer,7,GA-ABE,25,0.6460437178611755,260
Kemerer,7,GA-ABE,26,0.6460437178611755,270
Kemerer,7,GA-ABE,27,0.6460437178611755,280
Kemerer,7,GA-ABE,28,0.6460437178611755,290
Kemerer,7,GA-ABE,29,0.6460437178611755,300
Kemerer,7,GA-ABE,30,0.6460437178611755,310
Kemerer,7,GA-ABE,31,0.6460437178611755,320
Kemerer,7,GA-ABE,32,0.6460437178611755,330
Kemerer,7,GA-ABE,33,0.6460437178611755,340
Kemerer,7,GA-ABE,34,0.6458267569541931,350
Kemerer,7,GA-ABE,35,0.6458267569541931,360
Kemerer,7,GA-ABE,36,0.6458267569541931,370
Kemerer,7,GA-ABE,37,0.6458267569541931,380
Kemerer,7,GA-ABE,38,0.6458267569541931,390
Kemerer,7,GA-ABE,39,0.6458267569541931,400
Kemerer,7,GA-ABE,40,0.6458253264427185,410
Kemerer,7,GA-ABE,41,0.6458253264427185,420
Kemerer,7,GA-ABE,42,0.6458253264427185,430
Kemerer,7,GA-ABE,43,0.6458253264427185,440
Kemerer,7,GA-ABE,44,0.6458245515823364,450
Kemerer,7,GA-ABE,45,0.6458245515823364,460
Kemerer,7,GA-ABE,46,0.6458245515823364,470
Kemerer,7,GA-ABE,47,0.6458245515823364,480
Kemerer,7,GA-ABE,48,0.6458245515823364,490
Kemerer,7,GA-ABE,49,0.6458245515823364,500
Kemerer,7,GA-ABE,50,0.6458245515823364,510
Kemerer,7,GA-ABE,51,0.6458245515823364,520
Kemerer,7,GA-ABE,52,0.6458245515823364,530
Kemerer,7,GA-ABE,53,0.6458245515823364,540
Kemerer,7,GA-ABE,54,0.6458245515823364,550
Kemerer,7,GA-ABE,55,0.6453938484191895,560
Kemerer,7,GA-ABE,56,0.6453938484191895,570
Kemerer,7,GA-ABE,57,0.6453938484191895,580
Kemerer,7,GA-ABE,58,0.6453938484191895,590
Kemerer,7,GA-ABE,59,0.6095477342605591,600
Kemerer,7,GA-ABE,60,0.6095477342605591,610
Kemerer,7,GA-ABE,61,0.6095477342605591,620
Kemerer,7,GA-ABE,62,0.6095477342605591,630
Kemerer,7,GA-ABE,63,0.6095477342605591,640
Kemerer,7,GA-ABE,64,0.6095477342605591,650
Kemerer,7,GA-ABE,65,0.6095477342605591,660
Kemerer,7,GA-ABE,66,0.6095477342605591,670
Kemerer,7,GA-ABE,67,0.6095477342605591,680
Kemerer,7,GA-ABE,68,0.6095477342605591,690
Kemerer,7,GA-ABE,69,0.6095477342605591,700
Kemerer,7,GA-ABE,70,0.6095477342605591,710
Kemerer,7,GA-ABE,71,0.6095477342605591,720
Kemerer,7,GA-ABE,72,0.6095477342605591,730
Kemerer,7,GA-ABE,73,0.6095477342605591,740
Kemerer,7,GA-ABE,74,0.6095477342605591,750
Kemerer,7,GA-ABE,75,0.6095477342605591,760
Kemerer,7,GA-ABE,76,0.6095477342605591,770
Kemerer,7,GA-ABE,77,0.6095477342605591,780
Kemerer,7,GA-ABE,78,0.6095477342605591,790
Kemerer,7,GA-ABE,79,0.6095477342605591,800
Kemerer,7,GA-ABE,80,0.6095477342605591,810
Kemerer,7,GA-ABE,81,0.6095477342605591,820
Kemerer,7,GA-ABE,82,0.6095477342605591,830
Kemerer,7,GA-ABE,83,0.6095477342605591,840
Kemerer,7,GA-ABE,84,0.6095477342605591,850
Kemerer,7,GA-ABE,85,0.6095477342605591,860
Kemerer,7,GA-ABE,86,0.6095477342605591,870
Kemerer,7,GA-ABE,87,0.6095477342605591,880
Kemerer,7,GA-ABE,88,0.6095477342605591,890
Kemerer,7,GA-ABE,89,0.6095477342605591,900
Kemerer,7,GA-ABE,90,0.5702772736549377,910
Kemerer,7,GA-ABE,91,0.5702772736549377,920
Kemerer,7,GA-ABE,92,0.5702772736549377,930
Kemerer,7,GA-ABE,93,0.570277214050293,940
Kemerer,7,GA-ABE,94,0.570277214050293,950
Kemerer,7,GA-ABE,95,0.570277214050293,960
Kemerer,7,GA-ABE,96,0.5702771544456482,970
Kemerer,7,GA-ABE,97,0.5702771544456482,980
Kemerer,7,GA-ABE,98,0.5702771544456482,990
Kemerer,7,GA-ABE,99,0.5702771544456482,1000
Kemerer,7,PSO-ABE,0,0.6249090433120728,10
Kemerer,7,PSO-ABE,1,0.5711700916290283,20
Kemerer,7,PSO-ABE,2,0.5711700916290283,30
Kemerer,7,PSO-ABE,3,0.5711700916290283,40
Kemerer,7,PSO-ABE,4,0.5711700916290283,50
Kemerer,7,PSO-ABE,5,0.5711561441421509,60
Kemerer,7,PSO-ABE,6,0.5703307390213013,70
Kemerer,7,PSO-ABE,7,0.5703307390213013,80
Kemerer,7,PSO-ABE,8,0.5703307390213013,90
Kemerer,7,PSO-ABE,9,0.5703307390213013,100
Kemerer,7,PSO-ABE,10,0.5703307390213013,110
Kemerer,7,PSO-ABE,11,0.5703307390213013,120
Kemerer,7,PSO-ABE,12,0.5703307390213013,130
Kemerer,7,PSO-ABE,13,0.5703307390213013,140
Kemerer,7,PSO-ABE,14,0.5703307390213013,150
Kemerer,7,PSO-ABE,15,0.5703307390213013,160
Kemerer,7,PSO-ABE,16,0.5703307390213013,170
Kemerer,7,PSO-ABE,17,0.5703307390213013,180
Kemerer,7,PSO-ABE,18,0.5703307390213013,190
Kemerer,7,PSO-ABE,19,0.5703307390213013,200
Kemerer,7,PSO-ABE,20,0.5703307390213013,210
Kemerer,7,PSO-ABE,21,0.5703307390213013,220
Kemerer,7,PSO-ABE,22,0.5703219175338745,230
Kemerer,7,PSO-ABE,23,0.5703219175338745,240
Kemerer,7,PSO-ABE,24,0.5703219175338745,250
Kemerer,7,PSO-ABE,25,0.5703219175338745,260
Kemerer,7,PSO-ABE,26,0.5703219175338745,270
Kemerer,7,PSO-ABE,27,0.5703219175338745,280
Kemerer,7,PSO-ABE,28,0.5703219175338745,290
Kemerer,7,PSO-ABE,29,0.5703219175338745,300
Kemerer,7,PSO-ABE,30,0.5703219175338745,310
Kemerer,7,PSO-ABE,31,0.5703219175338745,320
Kemerer,7,PSO-ABE,32,0.5703219175338745,330
Kemerer,7,PSO-ABE,33,0.5703219175338745,340
Kemerer,7,PSO-ABE,34,0.5703043341636658,350
Kemerer,7,PSO-ABE,35,0.5703043341636658,360
Kemerer,7,PSO-ABE,36,0.5703043341636658,370
Kemerer,7,PSO-ABE,37,0.5703043341636658,380
Kemerer,7,PSO-ABE,38,0.5703043341636658,390
Kemerer,7,PSO-ABE,39,0.5703043341636658,400
Kemerer,7,PSO-ABE,40,0.5703043341636658,410
Kemerer,7,PSO-ABE,41,0.5703043341636658,420
Kemerer,7,PSO-ABE,42,0.5703043341636658,430
Kemerer,7,PSO-ABE,43,0.57030189037323,440
Kemerer,7,PSO-ABE,44,0.57030189037323,450
Kemerer,7,PSO-ABE,45,0.57030189037323,460
Kemerer,7,PSO-ABE,46,0.5702984929084778,470
Kemerer,7,PSO-ABE,47,0.5702984929084778,480
Kemerer,7,PSO-ABE,48,0.5702984929084778,490
Kemerer,7,PSO-ABE,49,0.5702984929084778,500
Kemerer,7,PSO-ABE,50,0.5702984929084778,510
Kemerer,7,PSO-ABE,51,0.5702984929084778,520
Kemerer,7,PSO-ABE,52,0.5702984929084778,530
Kemerer,7,PSO-ABE,53,0.5702984929084778,540
Kemerer,7,PSO-ABE,54,0.5702984929084778,550
Kemerer,7,PSO-ABE,55,0.5702984929084778,560
Kemerer,7,PSO-ABE,56,0.5702984929084778,570
Kemerer,7,PSO-ABE,57,0.5702984929084778,580
Kemerer,7,PSO-ABE,58,0.5702984929084778,590
Kemerer,7,PSO-ABE,59,0.5702984929084778,600
Kemerer,7,PSO-ABE,60,0.5702980756759644,610
Kemerer,7,PSO-ABE,61,0.5702980756759644,620
Kemerer,7,PSO-ABE,62,0.5702980756759644,630
Kemerer,7,PSO-ABE,63,0.5702980160713196,640
Kemerer,7,PSO-ABE,64,0.5702977776527405,650
Kemerer,7,PSO-ABE,65,0.5702977776527405,660
Kemerer,7,PSO-ABE,66,0.5702977776527405,670
Kemerer,7,PSO-ABE,67,0.5702977776527405,680
Kemerer,7,PSO-ABE,68,0.5702977776527405,690
Kemerer,7,PSO-ABE,69,0.5702977776527405,700
Kemerer,7,PSO-ABE,70,0.5702977776527405,710
Kemerer,7,PSO-ABE,71,0.5702977776527405,720
Kemerer,7,PSO-ABE,72,0.5702977776527405,730
Kemerer,7,PSO-ABE,73,0.5702977776527405,740
Kemerer,7,PSO-ABE,74,0.5702977776527405,750
Kemerer,7,PSO-ABE,75,0.5702977776527405,760
Kemerer,7,PSO-ABE,76,0.5702977776527405,770
Kemerer,7,PSO-ABE,77,0.5702977776527405,780
Kemerer,7,PSO-ABE,78,0.5702977776527405,790
Kemerer,7,PSO-ABE,79,0.5702977776527405,800
Kemerer,7,PSO-ABE,80,0.5702977776527405,810
Kemerer,7,PSO-ABE,81,0.5702977776527405,820
Kemerer,7,PSO-ABE,82,0.5702977776527405,830
Kemerer,7,PSO-ABE,83,0.5702977776527405,840
Kemerer,7,PSO-ABE,84,0.5702977776527405,850
Kemerer,7,PSO-ABE,85,0.5702977776527405,860
Kemerer,7,PSO-ABE,86,0.5702977180480957,870
Kemerer,7,PSO-ABE,87,0.5702977180480957,880
Kemerer,7,PSO-ABE,88,0.5702977180480957,890
Kemerer,7,PSO-ABE,89,0.5702977180480957,900
Kemerer,7,PSO-ABE,90,0.5702977180480957,910
Kemerer,7,PSO-ABE,91,0.5702977180480957,920
Kemerer,7,PSO-ABE,92,0.5702977180480957,930
Kemerer,7,PSO-ABE,93,0.5702977180480957,940
Kemerer,7,PSO-ABE,94,0.5702977180480957,950
Kemerer,7,PSO-ABE,95,0.5702977180480957,960
Kemerer,7,PSO-ABE,96,0.5702977180480957,970
Kemerer,7,PSO-ABE,97,0.5702977180480957,980
Kemerer,7,PSO-ABE,98,0.5702977180480957,990
Kemerer,7,PSO-ABE,99,0.5702977180480957,1000
Kemerer,7,DE-ABE,0,0.6491485834121704,10
Kemerer,7,DE-ABE,1,0.6491485834121704,20
Kemerer,7,DE-ABE,2,0.6491485834121704,30
Kemerer,7,DE-ABE,3,0.6479189395904541,40
Kemerer,7,DE-ABE,4,0.6378132700920105,50
Kemerer,7,DE-ABE,5,0.6378132700920105,60
Kemerer,7,DE-ABE,6,0.6371806263923645,70
Kemerer,7,DE-ABE,7,0.6371781826019287,80
Kemerer,7,DE-ABE,8,0.6371781826019287,90
Kemerer,7,DE-ABE,9,0.6371781826019287,100
Kemerer,7,DE-ABE,10,0.6371781826019287,110
Kemerer,7,DE-ABE,11,0.6371781826019287,120
Kemerer,7,DE-ABE,12,0.6371781826019287,130
Kemerer,7,DE-ABE,13,0.6371781826019287,140
Kemerer,7,DE-ABE,14,0.6371344923973083,150
Kemerer,7,DE-ABE,15,0.6371313333511353,160
Kemerer,7,DE-ABE,16,0.6371257305145264,170
Kemerer,7,DE-ABE,17,0.6371257305145264,180
Kemerer,7,DE-ABE,18,0.6370896100997925,190
Kemerer,7,DE-ABE,19,0.6370753049850464,200
Kemerer,7,DE-ABE,20,0.6370753049850464,210
Kemerer,7,DE-ABE,21,0.6370737552642822,220
Kemerer,7,DE-ABE,22,0.6370720863342285,230
Kemerer,7,DE-ABE,23,0.6370717883110046,240
Kemerer,7,DE-ABE,24,0.6370717883110046,250
Kemerer,7,DE-ABE,25,0.6370717883110046,260
Kemerer,7,DE-ABE,26,0.6370709538459778,270
Kemerer,7,DE-ABE,27,0.6370706558227539,280
Kemerer,7,DE-ABE,28,0.6370706558227539,290
Kemerer,7,DE-ABE,29,0.6370700597763062,300
Kemerer,7,DE-ABE,30,0.6370700597763062,310
Kemerer,7,DE-ABE,31,0.6370700001716614,320
Kemerer,7,DE-ABE,32,0.6370700001716614,330
Kemerer,7,DE-ABE,33,0.6370700001716614,340
Kemerer,7,DE-ABE,34,0.6370700001716614,350
Kemerer,7,DE-ABE,35,0.6370700001716614,360
Kemerer,7,DE-ABE,36,0.6370699405670166,370
Kemerer,7,DE-ABE,37,0.6370699405670166,380
Kemerer,7,DE-ABE,38,0.6370699405670166,390
Kemerer,7,DE-ABE,39,0.6370699405670166,400
Kemerer,7,DE-ABE,40,0.6370699405670166,410
Kemerer,7,DE-ABE,41,0.6370699405670166,420
Kemerer,7,DE-ABE,42,0.6370699405670166,430
Kemerer,7,DE-ABE,43,0.6370699405670166,440
Kemerer,7,DE-ABE,44,0.6370699405670166,450
Kemerer,7,DE-ABE,45,0.6370699405670166,460
Kemerer,7,DE-ABE,46,0.6370699405670166,470
Kemerer,7,DE-ABE,47,0.6370699405670166,480
Kemerer,7,DE-ABE,48,0.6370699405670166,490
Kemerer,7,DE-ABE,49,0.6370699405670166,500
Kemerer,7,DE-ABE,50,0.6370699405670166,510
Kemerer,7,DE-ABE,51,0.6370699405670166,520
Kemerer,7,DE-ABE,52,0.6370699405670166,530
Kemerer,7,DE-ABE,53,0.6370699405670166,540
Kemerer,7,DE-ABE,54,0.6370699405670166,550
Kemerer,7,DE-ABE,55,0.6370699405670166,560
Kemerer,7,DE-ABE,56,0.6370699405670166,570
Kemerer,7,DE-ABE,57,0.6370699405670166,580
Kemerer,7,DE-ABE,58,0.6370699405670166,590
Kemerer,7,DE-ABE,59,0.6370699405670166,600
Kemerer,7,DE-ABE,60,0.6370699405670166,610
Kemerer,7,DE-ABE,61,0.6370699405670166,620
Kemerer,7,DE-ABE,62,0.6370699405670166,630
Kemerer,7,DE-ABE,63,0.6370699405670166,640
Kemerer,7,DE-ABE,64,0.6370699405670166,650
Kemerer,7,DE-ABE,65,0.6370699405670166,660
Kemerer,7,DE-ABE,66,0.6370699405670166,670
Kemerer,7,DE-ABE,67,0.6370699405670166,680
Kemerer,7,DE-ABE,68,0.6370699405670166,690
Kemerer,7,DE-ABE,69,0.6370699405670166,700
Kemerer,7,DE-ABE,70,0.6370699405670166,710
Kemerer,7,DE-ABE,71,0.6370699405670166,720
Kemerer,7,DE-ABE,72,0.6370699405670166,730
Kemerer,7,DE-ABE,73,0.6370699405670166,740
Kemerer,7,DE-ABE,74,0.6370699405670166,750
Kemerer,7,DE-ABE,75,0.6370699405670166,760
Kemerer,7,DE-ABE,76,0.6370699405670166,770
Kemerer,7,DE-ABE,77,0.6370699405670166,780
Kemerer,7,DE-ABE,78,0.6370699405670166,790
Kemerer,7,DE-ABE,79,0.6370699405670166,800
Kemerer,7,DE-ABE,80,0.6370699405670166,810
Kemerer,7,DE-ABE,81,0.6370699405670166,820
Kemerer,7,DE-ABE,82,0.6370699405670166,830
Kemerer,7,DE-ABE,83,0.6370699405670166,840
Kemerer,7,DE-ABE,84,0.6370699405670166,850
Kemerer,7,DE-ABE,85,0.6370699405670166,860
Kemerer,7,DE-ABE,86,0.6370699405670166,870
Kemerer,7,DE-ABE,87,0.6370699405670166,880
Kemerer,7,DE-ABE,88,0.6370699405670166,890
Kemerer,7,DE-ABE,89,0.6370699405670166,900
Kemerer,7,DE-ABE,90,0.6370699405670166,910
Kemerer,7,DE-ABE,91,0.6370699405670166,920
Kemerer,7,DE-ABE,92,0.6370699405670166,930
Kemerer,7,DE-ABE,93,0.6370699405670166,940
Kemerer,7,DE-ABE,94,0.6370699405670166,950
Kemerer,7,DE-ABE,95,0.6370699405670166,960
Kemerer,7,DE-ABE,96,0.6370699405670166,970
Kemerer,7,DE-ABE,97,0.6370699405670166,980
Kemerer,7,DE-ABE,98,0.6370699405670166,990
Kemerer,7,DE-ABE,99,0.6370699405670166,1000
Kemerer,7,GWO-ABE,0,0.6436647772789001,10
Kemerer,7,GWO-ABE,1,0.5852739214897156,20
Kemerer,7,GWO-ABE,2,0.5863627195358276,30
Kemerer,7,GWO-ABE,3,0.5864942073822021,40
Kemerer,7,GWO-ABE,4,0.5868260264396667,50
Kemerer,7,GWO-ABE,5,0.5867933630943298,60
Kemerer,7,GWO-ABE,6,0.5875421762466431,70
Kemerer,7,GWO-ABE,7,0.5896779298782349,80
Kemerer,7,GWO-ABE,8,0.5897102355957031,90
Kemerer,7,GWO-ABE,9,0.5918259620666504,100
Kemerer,7,GWO-ABE,10,0.5897491574287415,110
Kemerer,7,GWO-ABE,11,0.5904704928398132,120
Kemerer,7,GWO-ABE,12,0.5891439318656921,130
Kemerer,7,GWO-ABE,13,0.5892155766487122,140
Kemerer,7,GWO-ABE,14,0.5886797308921814,150
Kemerer,7,GWO-ABE,15,0.5882085561752319,160
Kemerer,7,GWO-ABE,16,0.5918596982955933,170
Kemerer,7,GWO-ABE,17,0.5860803127288818,180
Kemerer,7,GWO-ABE,18,0.6139557957649231,190
Kemerer,7,GWO-ABE,19,0.5896797180175781,200
Kemerer,7,GWO-ABE,20,0.5928290486335754,210
Kemerer,7,GWO-ABE,21,0.5901802778244019,220
Kemerer,7,GWO-ABE,22,0.5874854922294617,230
Kemerer,7,GWO-ABE,23,0.5900760889053345,240
Kemerer,7,GWO-ABE,24,0.5868501663208008,250
Kemerer,7,GWO-ABE,25,0.5862916111946106,260
Kemerer,7,GWO-ABE,26,0.5854029059410095,270
Kemerer,7,GWO-ABE,27,0.5870954394340515,280
Kemerer,7,GWO-ABE,28,0.5866262316703796,290
Kemerer,7,GWO-ABE,29,0.5925052165985107,300
Kemerer,7,GWO-ABE,30,0.585124671459198,310
Kemerer,7,GWO-ABE,31,0.5876034498214722,320
Kemerer,7,GWO-ABE,32,0.5873212218284607,330
Kemerer,7,GWO-ABE,33,0.5872782468795776,340
Kemerer,7,GWO-ABE,34,0.5868944525718689,350
Kemerer,7,GWO-ABE,35,0.5862054824829102,360
Kemerer,7,GWO-ABE,36,0.5913288593292236,370
Kemerer,7,GWO-ABE,37,0.5876205563545227,380
Kemerer,7,GWO-ABE,38,0.5871227383613586,390
Kemerer,7,GWO-ABE,39,0.5851709842681885,400
Kemerer,7,GWO-ABE,40,0.5881154537200928,410
Kemerer,7,GWO-ABE,41,0.5872843265533447,420
Kemerer,7,GWO-ABE,42,0.5897862911224365,430
Kemerer,7,GWO-ABE,43,0.5858586430549622,440
Kemerer,7,GWO-ABE,44,0.5839313864707947,450
Kemerer,7,GWO-ABE,45,0.5834481716156006,460
Kemerer,7,GWO-ABE,46,0.5861261487007141,470
Kemerer,7,GWO-ABE,47,0.5852870941162109,480
Kemerer,7,GWO-ABE,48,0.5824580192565918,490
Kemerer,7,GWO-ABE,49,0.5766962766647339,500
Kemerer,7,GWO-ABE,50,0.5820231437683105,510
Kemerer,7,GWO-ABE,51,0.5768020153045654,520
Kemerer,7,GWO-ABE,52,0.5818459987640381,530
Kemerer,7,GWO-ABE,53,0.5704050660133362,540
Kemerer,7,GWO-ABE,54,0.5807033777236938,550
Kemerer,7,GWO-ABE,55,0.5792168378829956,560
Kemerer,7,GWO-ABE,56,0.5730366110801697,570
Kemerer,7,GWO-ABE,57,0.5704051852226257,580
Kemerer,7,GWO-ABE,58,0.571186900138855,590
Kemerer,7,GWO-ABE,59,0.5717321634292603,600
Kemerer,7,GWO-ABE,60,0.5712205171585083,610
Kemerer,7,GWO-ABE,61,0.5705077648162842,620
Kemerer,7,GWO-ABE,62,0.5811640620231628,630
Kemerer,7,GWO-ABE,63,0.5709924697875977,640
Kemerer,7,GWO-ABE,64,0.5713326930999756,650
Kemerer,7,GWO-ABE,65,0.5703645944595337,660
Kemerer,7,GWO-ABE,66,0.5724067687988281,670
Kemerer,7,GWO-ABE,67,0.5714181065559387,680
Kemerer,7,GWO-ABE,68,0.5710055828094482,690
Kemerer,7,GWO-ABE,69,0.5718453526496887,700
Kemerer,7,GWO-ABE,70,0.5732278823852539,710
Kemerer,7,GWO-ABE,71,0.5702985525131226,720
Kemerer,7,GWO-ABE,72,0.5700594782829285,730
Kemerer,7,GWO-ABE,73,0.5706045627593994,740
Kemerer,7,GWO-ABE,74,0.5741189122200012,750
Kemerer,7,GWO-ABE,75,0.5707321166992188,760
Kemerer,7,GWO-ABE,76,0.5701877474784851,770
Kemerer,7,GWO-ABE,77,0.5708723068237305,780
Kemerer,7,GWO-ABE,78,0.5711601972579956,790
Kemerer,7,GWO-ABE,79,0.5706621408462524,800
Kemerer,7,GWO-ABE,80,0.5716363787651062,810
Kemerer,7,GWO-ABE,81,0.5701238512992859,820
Kemerer,7,GWO-ABE,82,0.5707172751426697,830
Kemerer,7,GWO-ABE,83,0.5703847408294678,840
Kemerer,7,GWO-ABE,84,0.5701665282249451,850
Kemerer,7,GWO-ABE,85,0.5704405903816223,860
Kemerer,7,GWO-ABE,86,0.5701360106468201,870
Kemerer,7,GWO-ABE,87,0.5702979564666748,880
Kemerer,7,GWO-ABE,88,0.5703303217887878,890
Kemerer,7,GWO-ABE,89,0.5704652070999146,900
Kemerer,7,GWO-ABE,90,0.5702488422393799,910
Kemerer,7,GWO-ABE,91,0.5702869892120361,920
Kemerer,7,GWO-ABE,92,0.5704583525657654,930
Kemerer,7,GWO-ABE,93,0.5705167651176453,940
Kemerer,7,GWO-ABE,94,0.5701121687889099,950
Kemerer,7,GWO-ABE,95,0.5703110098838806,960
Kemerer,7,GWO-ABE,96,0.5702669620513916,970
Kemerer,7,GWO-ABE,97,0.5700528621673584,980
Kemerer,7,GWO-ABE,98,0.5700347423553467,990
Kemerer,7,GWO-ABE,99,0.5700250267982483,1000
Kemerer,7,WOA-ABE,0,0.5904180407524109,10
Kemerer,7,WOA-ABE,1,0.5861772298812866,20
Kemerer,7,WOA-ABE,2,0.5859651565551758,30
Kemerer,7,WOA-ABE,3,0.5846611261367798,40
Kemerer,7,WOA-ABE,4,0.5846611261367798,50
Kemerer,7,WOA-ABE,5,0.5846611261367798,60
Kemerer,7,WOA-ABE,6,0.5846611261367798,70
Kemerer,7,WOA-ABE,7,0.5846611261367798,80
Kemerer,7,WOA-ABE,8,0.5846611261367798,90
Kemerer,7,WOA-ABE,9,0.5846611261367798,100
Kemerer,7,WOA-ABE,10,0.5846611261367798,110
Kemerer,7,WOA-ABE,11,0.5846611261367798,120
Kemerer,7,WOA-ABE,12,0.578774094581604,130
Kemerer,7,WOA-ABE,13,0.578774094581604,140
Kemerer,7,WOA-ABE,14,0.5721615552902222,150
Kemerer,7,WOA-ABE,15,0.5721615552902222,160
Kemerer,7,WOA-ABE,16,0.5721615552902222,170
Kemerer,7,WOA-ABE,17,0.5708955526351929,180
Kemerer,7,WOA-ABE,18,0.5708364844322205,190
Kemerer,7,WOA-ABE,19,0.5708364844322205,200
Kemerer,7,WOA-ABE,20,0.5705097913742065,210
Kemerer,7,WOA-ABE,21,0.5701802372932434,220
Kemerer,7,WOA-ABE,22,0.5701802372932434,230
Kemerer,7,WOA-ABE,23,0.5701326131820679,240
Kemerer,7,WOA-ABE,24,0.5701326131820679,250
Kemerer,7,WOA-ABE,25,0.5700960755348206,260
Kemerer,7,WOA-ABE,26,0.5700960755348206,270
Kemerer,7,WOA-ABE,27,0.5700960755348206,280
Kemerer,7,WOA-ABE,28,0.5700960755348206,290
Kemerer,7,WOA-ABE,29,0.5700960755348206,300
Kemerer,7,WOA-ABE,30,0.5700960755348206,310
Kemerer,7,WOA-ABE,31,0.5700960755348206,320
Kemerer,7,WOA-ABE,32,0.5700960755348206,330
Kemerer,7,WOA-ABE,33,0.5700960755348206,340
Kemerer,7,WOA-ABE,34,0.5700960755348206,350
Kemerer,7,WOA-ABE,35,0.5700960755348206,360
Kemerer,7,WOA-ABE,36,0.5700960755348206,370
Kemerer,7,WOA-ABE,37,0.5700960755348206,380
Kemerer,7,WOA-ABE,38,0.5700960755348206,390
Kemerer,7,WOA-ABE,39,0.5700960755348206,400
Kemerer,7,WOA-ABE,40,0.5700960755348206,410
Kemerer,7,WOA-ABE,41,0.5700960755348206,420
Kemerer,7,WOA-ABE,42,0.5700960755348206,430
Kemerer,7,WOA-ABE,43,0.5700960755348206,440
Kemerer,7,WOA-ABE,44,0.5700960755348206,450
Kemerer,7,WOA-ABE,45,0.5700960755348206,460
Kemerer,7,WOA-ABE,46,0.5700960755348206,470
Kemerer,7,WOA-ABE,47,0.5700960755348206,480
Kemerer,7,WOA-ABE,48,0.5700960755348206,490
Kemerer,7,WOA-ABE,49,0.5700960755348206,500
Kemerer,7,WOA-ABE,50,0.5700960755348206,510
Kemerer,7,WOA-ABE,51,0.5700960755348206,520
Kemerer,7,WOA-ABE,52,0.5700960755348206,530
Kemerer,7,WOA-ABE,53,0.5700960755348206,540
Kemerer,7,WOA-ABE,54,0.5700960755348206,550
Kemerer,7,WOA-ABE,55,0.5700960755348206,560
Kemerer,7,WOA-ABE,56,0.5700960755348206,570
Kemerer,7,WOA-ABE,57,0.5700874924659729,580
Kemerer,7,WOA-ABE,58,0.5700874924659729,590
Kemerer,7,WOA-ABE,59,0.5700874924659729,600
Kemerer,7,WOA-ABE,60,0.5700874924659729,610
Kemerer,7,WOA-ABE,61,0.5700874924659729,620
Kemerer,7,WOA-ABE,62,0.5700874924659729,630
Kemerer,7,WOA-ABE,63,0.5700874924659729,640
Kemerer,7,WOA-ABE,64,0.5700838565826416,650
Kemerer,7,WOA-ABE,65,0.5700838565826416,660
Kemerer,7,WOA-ABE,66,0.5700838565826416,670
Kemerer,7,WOA-ABE,67,0.5700830221176147,680
Kemerer,7,WOA-ABE,68,0.5700830221176147,690
Kemerer,7,WOA-ABE,69,0.5700830221176147,700
Kemerer,7,WOA-ABE,70,0.5700830221176147,710
Kemerer,7,WOA-ABE,71,0.5700817108154297,720
Kemerer,7,WOA-ABE,72,0.5700817108154297,730
Kemerer,7,WOA-ABE,73,0.5700817108154297,740
Kemerer,7,WOA-ABE,74,0.5700817108154297,750
Kemerer,7,WOA-ABE,75,0.5700817108154297,760
Kemerer,7,WOA-ABE,76,0.5700815916061401,770
Kemerer,7,WOA-ABE,77,0.5700811743736267,780
Kemerer,7,WOA-ABE,78,0.5700811743736267,790
Kemerer,7,WOA-ABE,79,0.5700811743736267,800
Kemerer,7,WOA-ABE,80,0.5700811743736267,810
Kemerer,7,WOA-ABE,81,0.5700811743736267,820
Kemerer,7,WOA-ABE,82,0.5700811743736267,830
Kemerer,7,WOA-ABE,83,0.5700809359550476,840
Kemerer,7,WOA-ABE,84,0.5700809359550476,850
Kemerer,7,WOA-ABE,85,0.5700783133506775,860
Kemerer,7,WOA-ABE,86,0.5700783133506775,870
Kemerer,7,WOA-ABE,87,0.5700783133506775,880
Kemerer,7,WOA-ABE,88,0.5700783133506775,890
Kemerer,7,WOA-ABE,89,0.5700783133506775,900
Kemerer,7,WOA-ABE,90,0.5700783133506775,910
Kemerer,7,WOA-ABE,91,0.5700783133506775,920
Kemerer,7,WOA-ABE,92,0.5700759887695312,930
Kemerer,7,WOA-ABE,93,0.5700759887695312,940
Kemerer,7,WOA-ABE,94,0.5700759887695312,950
Kemerer,7,WOA-ABE,95,0.5700759887695312,960
Kemerer,7,WOA-ABE,96,0.5700759887695312,970
Kemerer,7,WOA-ABE,97,0.5700759887695312,980
Kemerer,7,WOA-ABE,98,0.5700759887695312,990
Kemerer,7,WOA-ABE,99,0.5700759887695312,1000
Kemerer,7,FAABE,0,0.6447394490242004,10
Kemerer,7,FAABE,1,0.6447394490242004,20
Kemerer,7,FAABE,2,0.6447394490242004,30
Kemerer,7,FAABE,3,0.6447394490242004,40
Kemerer,7,FAABE,4,0.6447394490242004,50
Kemerer,7,FAABE,5,0.6447394490242004,60
Kemerer,7,FAABE,6,0.6447394490242004,70
Kemerer,7,FAABE,7,0.6447394490242004,80
Kemerer,7,FAABE,8,0.6447394490242004,90
Kemerer,7,FAABE,9,0.6372596025466919,100
Kemerer,7,FAABE,10,0.6372596025466919,110
Kemerer,7,FAABE,11,0.6372596025466919,120
Kemerer,7,FAABE,12,0.6372596025466919,130
Kemerer,7,FAABE,13,0.6372596025466919,140
Kemerer,7,FAABE,14,0.6371683478355408,150
Kemerer,7,FAABE,15,0.6371683478355408,160
Kemerer,7,FAABE,16,0.6371683478355408,170
Kemerer,7,FAABE,17,0.6371683478355408,180
Kemerer,7,FAABE,18,0.6371683478355408,190
Kemerer,7,FAABE,19,0.6371683478355408,200
Kemerer,7,FAABE,20,0.6371683478355408,210
Kemerer,7,FAABE,21,0.6371683478355408,220
Kemerer,7,FAABE,22,0.6371683478355408,230
Kemerer,7,FAABE,23,0.6371683478355408,240
Kemerer,7,FAABE,24,0.6371683478355408,250
Kemerer,7,FAABE,25,0.6371683478355408,260
Kemerer,7,FAABE,26,0.6371078491210938,270
Kemerer,7,FAABE,27,0.6371078491210938,280
Kemerer,7,FAABE,28,0.6371078491210938,290
Kemerer,7,FAABE,29,0.6371078491210938,300
Kemerer,7,FAABE,30,0.6371078491210938,310
Kemerer,7,FAABE,31,0.6371078491210938,320
Kemerer,7,FAABE,32,0.6371078491210938,330
Kemerer,7,FAABE,33,0.6371078491210938,340
Kemerer,7,FAABE,34,0.6371078491210938,350
Kemerer,7,FAABE,35,0.6371078491210938,360
Kemerer,7,FAABE,36,0.6371078491210938,370
Kemerer,7,FAABE,37,0.6371078491210938,380
Kemerer,7,FAABE,38,0.6371078491210938,390
Kemerer,7,FAABE,39,0.6371078491210938,400
Kemerer,7,FAABE,40,0.6371078491210938,410
Kemerer,7,FAABE,41,0.6371078491210938,420
Kemerer,7,FAABE,42,0.6371078491210938,430
Kemerer,7,FAABE,43,0.6370747089385986,440
Kemerer,7,FAABE,44,0.6370747089385986,450
Kemerer,7,FAABE,45,0.6370747089385986,460
Kemerer,7,FAABE,46,0.6370747089385986,470
Kemerer,7,FAABE,47,0.6370747089385986,480
Kemerer,7,FAABE,48,0.6370747089385986,490
Kemerer,7,FAABE,49,0.6370747089385986,500
Kemerer,7,FAABE,50,0.6370747089385986,510
Kemerer,7,FAABE,51,0.6370747089385986,520
Kemerer,7,FAABE,52,0.6370747089385986,530
Kemerer,7,FAABE,53,0.6370747089385986,540
Kemerer,7,FAABE,54,0.6370747089385986,550
Kemerer,7,FAABE,55,0.6370747089385986,560
Kemerer,7,FAABE,56,0.6370747089385986,570
Kemerer,7,FAABE,57,0.6370747089385986,580
Kemerer,7,FAABE,58,0.6370747089385986,590
Kemerer,7,FAABE,59,0.6370747089385986,600
Kemerer,7,FAABE,60,0.6370747089385986,610
Kemerer,7,FAABE,61,0.6370747089385986,620
Kemerer,7,FAABE,62,0.6370747089385986,630
Kemerer,7,FAABE,63,0.6370747089385986,640
Kemerer,7,FAABE,64,0.6370747089385986,650
Kemerer,7,FAABE,65,0.6370747089385986,660
Kemerer,7,FAABE,66,0.6370747089385986,670
Kemerer,7,FAABE,67,0.6370747089385986,680
Kemerer,7,FAABE,68,0.6370747089385986,690
Kemerer,7,FAABE,69,0.6370747089385986,700
Kemerer,7,FAABE,70,0.6370747089385986,710
Kemerer,7,FAABE,71,0.6370747089385986,720
Kemerer,7,FAABE,72,0.6370747089385986,730
Kemerer,7,FAABE,73,0.6370747089385986,740
Kemerer,7,FAABE,74,0.6370747089385986,750
Kemerer,7,FAABE,75,0.6370747089385986,760
Kemerer,7,FAABE,76,0.6370747089385986,770
Kemerer,7,FAABE,77,0.6370747089385986,780
Kemerer,7,FAABE,78,0.6370747089385986,790
Kemerer,7,FAABE,79,0.6370747089385986,800
Kemerer,7,FAABE,80,0.6370747089385986,810
Kemerer,7,FAABE,81,0.6370747089385986,820
Kemerer,7,FAABE,82,0.6370747089385986,830
Kemerer,7,FAABE,83,0.6370747089385986,840
Kemerer,7,FAABE,84,0.6370747089385986,850
Kemerer,7,FAABE,85,0.6370747089385986,860
Kemerer,7,FAABE,86,0.6370747089385986,870
Kemerer,7,FAABE,87,0.6370747089385986,880
Kemerer,7,FAABE,88,0.6370747089385986,890
Kemerer,7,FAABE,89,0.6370747089385986,900
Kemerer,7,FAABE,90,0.6370747089385986,910
Kemerer,7,FAABE,91,0.6370747089385986,920
Kemerer,7,FAABE,92,0.6370747089385986,930
Kemerer,7,FAABE,93,0.6370747089385986,940
Kemerer,7,FAABE,94,0.6370747089385986,950
Kemerer,7,FAABE,95,0.6370747089385986,960
Kemerer,7,FAABE,96,0.6370747089385986,970
Kemerer,7,FAABE,97,0.6370747089385986,980
Kemerer,7,FAABE,98,0.6370747089385986,990
Kemerer,7,FAABE,99,0.6370747089385986,1000
Kemerer,8,GA-ABE,0,0.6854659914970398,10
Kemerer,8,GA-ABE,1,0.6846758127212524,20
Kemerer,8,GA-ABE,2,0.6787172555923462,30
Kemerer,8,GA-ABE,3,0.6783029437065125,40
Kemerer,8,GA-ABE,4,0.6783029437065125,50
Kemerer,8,GA-ABE,5,0.6779248714447021,60
Kemerer,8,GA-ABE,6,0.6779248714447021,70
Kemerer,8,GA-ABE,7,0.6779248714447021,80
Kemerer,8,GA-ABE,8,0.6779248714447021,90
Kemerer,8,GA-ABE,9,0.6779248714447021,100
Kemerer,8,GA-ABE,10,0.6771385073661804,110
Kemerer,8,GA-ABE,11,0.6771385073661804,120
Kemerer,8,GA-ABE,12,0.6771385073661804,130
Kemerer,8,GA-ABE,13,0.6771385073661804,140
Kemerer,8,GA-ABE,14,0.6771385073661804,150
Kemerer,8,GA-ABE,15,0.6771385073661804,160
Kemerer,8,GA-ABE,16,0.6771385073661804,170
Kemerer,8,GA-ABE,17,0.6771242022514343,180
Kemerer,8,GA-ABE,18,0.6771242022514343,190
Kemerer,8,GA-ABE,19,0.6771242022514343,200
Kemerer,8,GA-ABE,20,0.6771242022514343,210
Kemerer,8,GA-ABE,21,0.6771242022514343,220
Kemerer,8,GA-ABE,22,0.6771242022514343,230
Kemerer,8,GA-ABE,23,0.6771242022514343,240
Kemerer,8,GA-ABE,24,0.6771242022514343,250
Kemerer,8,GA-ABE,25,0.6771242022514343,260
Kemerer,8,GA-ABE,26,0.6771242022514343,270
Kemerer,8,GA-ABE,27,0.6771242022514343,280
Kemerer,8,GA-ABE,28,0.6771242022514343,290
Kemerer,8,GA-ABE,29,0.6771242022514343,300
Kemerer,8,GA-ABE,30,0.6771242022514343,310
Kemerer,8,GA-ABE,31,0.6771242022514343,320
Kemerer,8,GA-ABE,32,0.6771242022514343,330
Kemerer,8,GA-ABE,33,0.6771242022514343,340
Kemerer,8,GA-ABE,34,0.6771242022514343,350
Kemerer,8,GA-ABE,35,0.6771242022514343,360
Kemerer,8,GA-ABE,36,0.6771242022514343,370
Kemerer,8,GA-ABE,37,0.6771242022514343,380
Kemerer,8,GA-ABE,38,0.6771242022514343,390
Kemerer,8,GA-ABE,39,0.6771242022514343,400
Kemerer,8,GA-ABE,40,0.6771242022514343,410
Kemerer,8,GA-ABE,41,0.6748527884483337,420
Kemerer,8,GA-ABE,42,0.6682242155075073,430
Kemerer,8,GA-ABE,43,0.6682242155075073,440
Kemerer,8,GA-ABE,44,0.6682242155075073,450
Kemerer,8,GA-ABE,45,0.6594125628471375,460
Kemerer,8,GA-ABE,46,0.6594125628471375,470
Kemerer,8,GA-ABE,47,0.6594125628471375,480
Kemerer,8,GA-ABE,48,0.6594125628471375,490
Kemerer,8,GA-ABE,49,0.6594125628471375,500
Kemerer,8,GA-ABE,50,0.6592862606048584,510
Kemerer,8,GA-ABE,51,0.6592862606048584,520
Kemerer,8,GA-ABE,52,0.6592862606048584,530
Kemerer,8,GA-ABE,53,0.6592862606048584,540
Kemerer,8,GA-ABE,54,0.6592862606048584,550
Kemerer,8,GA-ABE,55,0.6592862606048584,560
Kemerer,8,GA-ABE,56,0.6592862606048584,570
Kemerer,8,GA-ABE,57,0.6592862606048584,580
Kemerer,8,GA-ABE,58,0.6592862606048584,590
Kemerer,8,GA-ABE,59,0.6592862606048584,600
Kemerer,8,GA-ABE,60,0.6592862606048584,610
Kemerer,8,GA-ABE,61,0.6592862606048584,620
Kemerer,8,GA-ABE,62,0.6592862606048584,630
Kemerer,8,GA-ABE,63,0.6592862606048584,640
Kemerer,8,GA-ABE,64,0.6592862606048584,650
Kemerer,8,GA-ABE,65,0.6592862606048584,660
Kemerer,8,GA-ABE,66,0.6592862606048584,670
Kemerer,8,GA-ABE,67,0.6592862606048584,680
Kemerer,8,GA-ABE,68,0.6592862606048584,690
Kemerer,8,GA-ABE,69,0.6592862606048584,700
Kemerer,8,GA-ABE,70,0.6592862606048584,710
Kemerer,8,GA-ABE,71,0.6592862606048584,720
Kemerer,8,GA-ABE,72,0.6592862606048584,730
Kemerer,8,GA-ABE,73,0.6592862606048584,740
Kemerer,8,GA-ABE,74,0.6592862606048584,750
Kemerer,8,GA-ABE,75,0.6592862606048584,760
Kemerer,8,GA-ABE,76,0.6592862606048584,770
Kemerer,8,GA-ABE,77,0.6592862606048584,780
Kemerer,8,GA-ABE,78,0.6592862606048584,790
Kemerer,8,GA-ABE,79,0.6592862606048584,800
Kemerer,8,GA-ABE,80,0.6592862606048584,810
Kemerer,8,GA-ABE,81,0.6592862606048584,820
Kemerer,8,GA-ABE,82,0.6592862606048584,830
Kemerer,8,GA-ABE,83,0.6592862606048584,840
Kemerer,8,GA-ABE,84,0.6592862606048584,850
Kemerer,8,GA-ABE,85,0.6592862606048584,860
Kemerer,8,GA-ABE,86,0.6592862606048584,870
Kemerer,8,GA-ABE,87,0.6592862606048584,880
Kemerer,8,GA-ABE,88,0.6592862606048584,890
Kemerer,8,GA-ABE,89,0.6592862606048584,900
Kemerer,8,GA-ABE,90,0.6592862606048584,910
Kemerer,8,GA-ABE,91,0.6592862606048584,920
Kemerer,8,GA-ABE,92,0.6592862606048584,930
Kemerer,8,GA-ABE,93,0.6592862606048584,940
Kemerer,8,GA-ABE,94,0.6592862606048584,950
Kemerer,8,GA-ABE,95,0.6592862606048584,960
Kemerer,8,GA-ABE,96,0.6592862606048584,970
Kemerer,8,GA-ABE,97,0.6592862606048584,980
Kemerer,8,GA-ABE,98,0.6592862606048584,990
Kemerer,8,GA-ABE,99,0.6592862606048584,1000
Kemerer,8,PSO-ABE,0,0.6774656176567078,10
Kemerer,8,PSO-ABE,1,0.6774656176567078,20
Kemerer,8,PSO-ABE,2,0.6742366552352905,30
Kemerer,8,PSO-ABE,3,0.6618648767471313,40
Kemerer,8,PSO-ABE,4,0.6618648767471313,50
Kemerer,8,PSO-ABE,5,0.6618648767471313,60
Kemerer,8,PSO-ABE,6,0.6606701016426086,70
Kemerer,8,PSO-ABE,7,0.6605345606803894,80
Kemerer,8,PSO-ABE,8,0.6605345606803894,90
Kemerer,8,PSO-ABE,9,0.6605345606803894,100
Kemerer,8,PSO-ABE,10,0.6605345606803894,110
Kemerer,8,PSO-ABE,11,0.6605144739151001,120
Kemerer,8,PSO-ABE,12,0.6605144739151001,130
Kemerer,8,PSO-ABE,13,0.6605144739151001,140
Kemerer,8,PSO-ABE,14,0.6605144739151001,150
Kemerer,8,PSO-ABE,15,0.6604747772216797,160
Kemerer,8,PSO-ABE,16,0.6604747772216797,170
Kemerer,8,PSO-ABE,17,0.6604747772216797,180
Kemerer,8,PSO-ABE,18,0.6604288816452026,190
Kemerer,8,PSO-ABE,19,0.6604288816452026,200
Kemerer,8,PSO-ABE,20,0.6604288816452026,210
Kemerer,8,PSO-ABE,21,0.6604288816452026,220
Kemerer,8,PSO-ABE,22,0.6604288816452026,230
Kemerer,8,PSO-ABE,23,0.6604288816452026,240
Kemerer,8,PSO-ABE,24,0.6604288816452026,250
Kemerer,8,PSO-ABE,25,0.6604288816452026,260
Kemerer,8,PSO-ABE,26,0.6604263782501221,270
Kemerer,8,PSO-ABE,27,0.6604208946228027,280
Kemerer,8,PSO-ABE,28,0.6604205965995789,290
Kemerer,8,PSO-ABE,29,0.6604205965995789,300
Kemerer,8,PSO-ABE,30,0.6604205965995789,310
Kemerer,8,PSO-ABE,31,0.6604205965995789,320
Kemerer,8,PSO-ABE,32,0.6604205965995789,330
Kemerer,8,PSO-ABE,33,0.6604205965995789,340
Kemerer,8,PSO-ABE,34,0.6604205965995789,350
Kemerer,8,PSO-ABE,35,0.6604205965995789,360
Kemerer,8,PSO-ABE,36,0.6604205965995789,370
Kemerer,8,PSO-ABE,37,0.6604148745536804,380
Kemerer,8,PSO-ABE,38,0.6604148745536804,390
Kemerer,8,PSO-ABE,39,0.6604148745536804,400
Kemerer,8,PSO-ABE,40,0.6604148745536804,410
Kemerer,8,PSO-ABE,41,0.6604148745536804,420
Kemerer,8,PSO-ABE,42,0.6604148745536804,430
Kemerer,8,PSO-ABE,43,0.6604137420654297,440
Kemerer,8,PSO-ABE,44,0.6604137420654297,450
Kemerer,8,PSO-ABE,45,0.6604137420654297,460
Kemerer,8,PSO-ABE,46,0.6604120135307312,470
Kemerer,8,PSO-ABE,47,0.6381872296333313,480
Kemerer,8,PSO-ABE,48,0.6378258466720581,490
Kemerer,8,PSO-ABE,49,0.6378258466720581,500
Kemerer,8,PSO-ABE,50,0.6378258466720581,510
Kemerer,8,PSO-ABE,51,0.6378258466720581,520
Kemerer,8,PSO-ABE,52,0.6378258466720581,530
Kemerer,8,PSO-ABE,53,0.6378258466720581,540
Kemerer,8,PSO-ABE,54,0.6378258466720581,550
Kemerer,8,PSO-ABE,55,0.6378258466720581,560
Kemerer,8,PSO-ABE,56,0.6378258466720581,570
Kemerer,8,PSO-ABE,57,0.6378258466720581,580
Kemerer,8,PSO-ABE,58,0.6378258466720581,590
Kemerer,8,PSO-ABE,59,0.6378258466720581,600
Kemerer,8,PSO-ABE,60,0.6378258466720581,610
Kemerer,8,PSO-ABE,61,0.6378258466720581,620
Kemerer,8,PSO-ABE,62,0.6378258466720581,630
Kemerer,8,PSO-ABE,63,0.6377508640289307,640
Kemerer,8,PSO-ABE,64,0.6377508640289307,650
Kemerer,8,PSO-ABE,65,0.6377508640289307,660
Kemerer,8,PSO-ABE,66,0.6377508640289307,670
Kemerer,8,PSO-ABE,67,0.6377038955688477,680
Kemerer,8,PSO-ABE,68,0.6377038955688477,690
Kemerer,8,PSO-ABE,69,0.6377038955688477,700
Kemerer,8,PSO-ABE,70,0.6377038955688477,710
Kemerer,8,PSO-ABE,71,0.6377038955688477,720
Kemerer,8,PSO-ABE,72,0.6377038955688477,730
Kemerer,8,PSO-ABE,73,0.6377038955688477,740
Kemerer,8,PSO-ABE,74,0.6377038955688477,750
Kemerer,8,PSO-ABE,75,0.6377038955688477,760
Kemerer,8,PSO-ABE,76,0.6377038955688477,770
Kemerer,8,PSO-ABE,77,0.6377038955688477,780
Kemerer,8,PSO-ABE,78,0.6377038955688477,790
Kemerer,8,PSO-ABE,79,0.6377038955688477,800
Kemerer,8,PSO-ABE,80,0.6376999616622925,810
Kemerer,8,PSO-ABE,81,0.6376998424530029,820
Kemerer,8,PSO-ABE,82,0.6376998424530029,830
Kemerer,8,PSO-ABE,83,0.6376998424530029,840
Kemerer,8,PSO-ABE,84,0.6376998424530029,850
Kemerer,8,PSO-ABE,85,0.6376997232437134,860
Kemerer,8,PSO-ABE,86,0.6376997232437134,870
Kemerer,8,PSO-ABE,87,0.6376978158950806,880
Kemerer,8,PSO-ABE,88,0.6376978158950806,890
Kemerer,8,PSO-ABE,89,0.6376978158950806,900
Kemerer,8,PSO-ABE,90,0.6376978158950806,910
Kemerer,8,PSO-ABE,91,0.6376978158950806,920
Kemerer,8,PSO-ABE,92,0.6376978158950806,930
Kemerer,8,PSO-ABE,93,0.6376978158950806,940
Kemerer,8,PSO-ABE,94,0.6376978158950806,950
Kemerer,8,PSO-ABE,95,0.6376978158950806,960
Kemerer,8,PSO-ABE,96,0.6376976370811462,970
Kemerer,8,PSO-ABE,97,0.6376976370811462,980
Kemerer,8,PSO-ABE,98,0.6376976370811462,990
Kemerer,8,PSO-ABE,99,0.6376976370811462,1000
Kemerer,8,DE-ABE,0,0.6392431259155273,10
Kemerer,8,DE-ABE,1,0.6391414999961853,20
Kemerer,8,DE-ABE,2,0.6390523910522461,30
Kemerer,8,DE-ABE,3,0.6390523910522461,40
Kemerer,8,DE-ABE,4,0.6390523910522461,50
Kemerer,8,DE-ABE,5,0.6390523910522461,60
Kemerer,8,DE-ABE,6,0.6390523910522461,70
Kemerer,8,DE-ABE,7,0.6390523910522461,80
Kemerer,8,DE-ABE,8,0.6390523910522461,90
Kemerer,8,DE-ABE,9,0.6390523910522461,100
Kemerer,8,DE-ABE,10,0.6390523910522461,110
Kemerer,8,DE-ABE,11,0.6389759182929993,120
Kemerer,8,DE-ABE,12,0.6389759182929993,130
Kemerer,8,DE-ABE,13,0.6389650702476501,140
Kemerer,8,DE-ABE,14,0.6389650702476501,150
Kemerer,8,DE-ABE,15,0.6389650702476501,160
Kemerer,8,DE-ABE,16,0.6389498114585876,170
Kemerer,8,DE-ABE,17,0.6389498114585876,180
Kemerer,8,DE-ABE,18,0.6389498114585876,190
Kemerer,8,DE-ABE,19,0.6389498114585876,200
Kemerer,8,DE-ABE,20,0.6389498114585876,210
Kemerer,8,DE-ABE,21,0.6389498114585876,220
Kemerer,8,DE-ABE,22,0.6389498114585876,230
Kemerer,8,DE-ABE,23,0.6389493942260742,240
Kemerer,8,DE-ABE,24,0.6389493942260742,250
Kemerer,8,DE-ABE,25,0.6389324069023132,260
Kemerer,8,DE-ABE,26,0.6389324069023132,270
Kemerer,8,DE-ABE,27,0.6389272212982178,280
Kemerer,8,DE-ABE,28,0.6389272212982178,290
Kemerer,8,DE-ABE,29,0.6389265060424805,300
Kemerer,8,DE-ABE,30,0.6389265060424805,310
Kemerer,8,DE-ABE,31,0.6389265060424805,320
Kemerer,8,DE-ABE,32,0.6389265060424805,330
Kemerer,8,DE-ABE,33,0.6389254927635193,340
Kemerer,8,DE-ABE,34,0.6389254927635193,350
Kemerer,8,DE-ABE,35,0.6389254927635193,360
Kemerer,8,DE-ABE,36,0.6389244198799133,370
Kemerer,8,DE-ABE,37,0.6389244198799133,380
Kemerer,8,DE-ABE,38,0.6389234066009521,390
Kemerer,8,DE-ABE,39,0.6389228701591492,400
Kemerer,8,DE-ABE,40,0.6389228701591492,410
Kemerer,8,DE-ABE,41,0.6389221549034119,420
Kemerer,8,DE-ABE,42,0.6389221549034119,430
Kemerer,8,DE-ABE,43,0.638920783996582,440
Kemerer,8,DE-ABE,44,0.6389200687408447,450
Kemerer,8,DE-ABE,45,0.6389200687408447,460
Kemerer,8,DE-ABE,46,0.6389200687408447,470
Kemerer,8,DE-ABE,47,0.6389200687408447,480
Kemerer,8,DE-ABE,48,0.6389196515083313,490
Kemerer,8,DE-ABE,49,0.638919472694397,500
Kemerer,8,DE-ABE,50,0.6389192938804626,510
Kemerer,8,DE-ABE,51,0.6389192938804626,520
Kemerer,8,DE-ABE,52,0.6389192342758179,530
Kemerer,8,DE-ABE,53,0.6389191746711731,540
Kemerer,8,DE-ABE,54,0.6389190554618835,550
Kemerer,8,DE-ABE,55,0.6389190554618835,560
Kemerer,8,DE-ABE,56,0.6389190554618835,570
Kemerer,8,DE-ABE,57,0.6389190554618835,580
Kemerer,8,DE-ABE,58,0.6389190554618835,590
Kemerer,8,DE-ABE,59,0.6389190554618835,600
Kemerer,8,DE-ABE,60,0.6389190554618835,610
Kemerer,8,DE-ABE,61,0.6389190554618835,620
Kemerer,8,DE-ABE,62,0.6389190554618835,630
Kemerer,8,DE-ABE,63,0.6389190554618835,640
Kemerer,8,DE-ABE,64,0.6389190554618835,650
Kemerer,8,DE-ABE,65,0.6389190554618835,660
Kemerer,8,DE-ABE,66,0.6389190554618835,670
Kemerer,8,DE-ABE,67,0.6389190554618835,680
Kemerer,8,DE-ABE,68,0.6389190554618835,690
Kemerer,8,DE-ABE,69,0.6361846923828125,700
Kemerer,8,DE-ABE,70,0.6361846923828125,710
Kemerer,8,DE-ABE,71,0.6361846923828125,720
Kemerer,8,DE-ABE,72,0.6361846327781677,730
Kemerer,8,DE-ABE,73,0.6361846327781677,740
Kemerer,8,DE-ABE,74,0.6361846327781677,750
Kemerer,8,DE-ABE,75,0.6361846327781677,760
Kemerer,8,DE-ABE,76,0.6361846327781677,770
Kemerer,8,DE-ABE,77,0.6361846327781677,780
Kemerer,8,DE-ABE,78,0.6361846327781677,790
Kemerer,8,DE-ABE,79,0.6361846327781677,800
Kemerer,8,DE-ABE,80,0.6361846327781677,810
Kemerer,8,DE-ABE,81,0.6361846327781677,820
Kemerer,8,DE-ABE,82,0.6361846327781677,830
Kemerer,8,DE-ABE,83,0.6361846327781677,840
Kemerer,8,DE-ABE,84,0.6361846327781677,850
Kemerer,8,DE-ABE,85,0.6361846327781677,860
Kemerer,8,DE-ABE,86,0.6361846327781677,870
Kemerer,8,DE-ABE,87,0.6361846327781677,880
Kemerer,8,DE-ABE,88,0.6361846327781677,890
Kemerer,8,DE-ABE,89,0.6361846327781677,900
Kemerer,8,DE-ABE,90,0.6361846327781677,910
Kemerer,8,DE-ABE,91,0.6361846327781677,920
Kemerer,8,DE-ABE,92,0.6361846327781677,930
Kemerer,8,DE-ABE,93,0.6361846327781677,940
Kemerer,8,DE-ABE,94,0.6361846327781677,950
Kemerer,8,DE-ABE,95,0.6361846327781677,960
Kemerer,8,DE-ABE,96,0.6361846327781677,970
Kemerer,8,DE-ABE,97,0.6361846327781677,980
Kemerer,8,DE-ABE,98,0.6361846327781677,990
Kemerer,8,DE-ABE,99,0.6361846327781677,1000
Kemerer,8,GWO-ABE,0,0.6749796271324158,10
Kemerer,8,GWO-ABE,1,0.6450247168540955,20
Kemerer,8,GWO-ABE,2,0.6684073209762573,30
Kemerer,8,GWO-ABE,3,0.6596834063529968,40
Kemerer,8,GWO-ABE,4,0.6646425724029541,50
Kemerer,8,GWO-ABE,5,0.6624754667282104,60
Kemerer,8,GWO-ABE,6,0.6642867922782898,70
Kemerer,8,GWO-ABE,7,0.6632004976272583,80
Kemerer,8,GWO-ABE,8,0.6627930402755737,90
Kemerer,8,GWO-ABE,9,0.6628645062446594,100
Kemerer,8,GWO-ABE,10,0.663619339466095,110
Kemerer,8,GWO-ABE,11,0.6643697023391724,120
Kemerer,8,GWO-ABE,12,0.6624040603637695,130
Kemerer,8,GWO-ABE,13,0.6612553000450134,140
Kemerer,8,GWO-ABE,14,0.660862147808075,150
Kemerer,8,GWO-ABE,15,0.660413384437561,160
Kemerer,8,GWO-ABE,16,0.6598019003868103,170
Kemerer,8,GWO-ABE,17,0.6655849814414978,180
Kemerer,8,GWO-ABE,18,0.6636403203010559,190
Kemerer,8,GWO-ABE,19,0.6602351665496826,200
Kemerer,8,GWO-ABE,20,0.660266101360321,210
Kemerer,8,GWO-ABE,21,0.6609404683113098,220
Kemerer,8,GWO-ABE,22,0.6607472896575928,230
Kemerer,8,GWO-ABE,23,0.6599987745285034,240
Kemerer,8,GWO-ABE,24,0.6601230502128601,250
Kemerer,8,GWO-ABE,25,0.6601437926292419,260
Kemerer,8,GWO-ABE,26,0.6594609618186951,270
Kemerer,8,GWO-ABE,27,0.6604498624801636,280
Kemerer,8,GWO-ABE,28,0.6642940044403076,290
Kemerer,8,GWO-ABE,29,0.6598386764526367,300
Kemerer,8,GWO-ABE,30,0.6599758267402649,310
Kemerer,8,GWO-ABE,31,0.6599761843681335,320
Kemerer,8,GWO-ABE,32,0.6600473523139954,330
Kemerer,8,GWO-ABE,33,0.6600696444511414,340
Kemerer,8,GWO-ABE,34,0.6597626805305481,350
Kemerer,8,GWO-ABE,35,0.6597870588302612,360
Kemerer,8,GWO-ABE,36,0.660449206829071,370
Kemerer,8,GWO-ABE,37,0.6597760319709778,380
Kemerer,8,GWO-ABE,38,0.6599726676940918,390
Kemerer,8,GWO-ABE,39,0.6606823205947876,400
Kemerer,8,GWO-ABE,40,0.6597820520401001,410
Kemerer,8,GWO-ABE,41,0.6600454449653625,420
Kemerer,8,GWO-ABE,42,0.6600381731987,430
Kemerer,8,GWO-ABE,43,0.6606994867324829,440
Kemerer,8,GWO-ABE,44,0.6597450971603394,450
Kemerer,8,GWO-ABE,45,0.6597082614898682,460
Kemerer,8,GWO-ABE,46,0.6597954034805298,470
Kemerer,8,GWO-ABE,47,0.6598724722862244,480
Kemerer,8,GWO-ABE,48,0.6598617434501648,490
Kemerer,8,GWO-ABE,49,0.6597946882247925,500
Kemerer,8,GWO-ABE,50,0.6598021984100342,510
Kemerer,8,GWO-ABE,51,0.6598016619682312,520
Kemerer,8,GWO-ABE,52,0.6598322987556458,530
Kemerer,8,GWO-ABE,53,0.6596313714981079,540
Kemerer,8,GWO-ABE,54,0.6598585844039917,550
Kemerer,8,GWO-ABE,55,0.6596843004226685,560
Kemerer,8,GWO-ABE,56,0.6598552465438843,570
Kemerer,8,GWO-ABE,57,0.6596863865852356,580
Kemerer,8,GWO-ABE,58,0.659798264503479,590
Kemerer,8,GWO-ABE,59,0.659620463848114,600
Kemerer,8,GWO-ABE,60,0.6600370407104492,610
Kemerer,8,GWO-ABE,61,0.6600804328918457,620
Kemerer,8,GWO-ABE,62,0.6605538129806519,630
Kemerer,8,GWO-ABE,63,0.6599681377410889,640
Kemerer,8,GWO-ABE,64,0.6598828434944153,650
Kemerer,8,GWO-ABE,65,0.660124659538269,660
Kemerer,8,GWO-ABE,66,0.6599103212356567,670
Kemerer,8,GWO-ABE,67,0.659831166267395,680
Kemerer,8,GWO-ABE,68,0.6597228050231934,690
Kemerer,8,GWO-ABE,69,0.6599328517913818,700
Kemerer,8,GWO-ABE,70,0.6598880290985107,710
Kemerer,8,GWO-ABE,71,0.6598469018936157,720
Kemerer,8,GWO-ABE,72,0.6599206328392029,730
Kemerer,8,GWO-ABE,73,0.6598636507987976,740
Kemerer,8,GWO-ABE,74,0.6598445773124695,750
Kemerer,8,GWO-ABE,75,0.6598331332206726,760
Kemerer,8,GWO-ABE,76,0.6598546504974365,770
Kemerer,8,GWO-ABE,77,0.6599114537239075,780
Kemerer,8,GWO-ABE,78,0.6598708629608154,790
Kemerer,8,GWO-ABE,79,0.6598197817802429,800
Kemerer,8,GWO-ABE,80,0.6597937345504761,810
Kemerer,8,GWO-ABE,81,0.6598454713821411,820
Kemerer,8,GWO-ABE,82,0.6598488688468933,830
Kemerer,8,GWO-ABE,83,0.6597817540168762,840
Kemerer,8,GWO-ABE,84,0.65972501039505,850
Kemerer,8,GWO-ABE,85,0.6597089171409607,860
Kemerer,8,GWO-ABE,86,0.6596598029136658,870
Kemerer,8,GWO-ABE,87,0.6596760153770447,880
Kemerer,8,GWO-ABE,88,0.6596444845199585,890
Kemerer,8,GWO-ABE,89,0.6596410870552063,900
Kemerer,8,GWO-ABE,90,0.6596039533615112,910
Kemerer,8,GWO-ABE,91,0.6595892310142517,920
Kemerer,8,GWO-ABE,92,0.659580409526825,930
Kemerer,8,GWO-ABE,93,0.659567654132843,940
Kemerer,8,GWO-ABE,94,0.659559965133667,950
Kemerer,8,GWO-ABE,95,0.6595585942268372,960
Kemerer,8,GWO-ABE,96,0.6595505475997925,970
Kemerer,8,GWO-ABE,97,0.6595401763916016,980
Kemerer,8,GWO-ABE,98,0.6595429182052612,990
Kemerer,8,GWO-ABE,99,0.6595391631126404,1000
Kemerer,8,WOA-ABE,0,0.6607086062431335,10
Kemerer,8,WOA-ABE,1,0.6470769047737122,20
Kemerer,8,WOA-ABE,2,0.6397374272346497,30
Kemerer,8,WOA-ABE,3,0.6396713256835938,40
Kemerer,8,WOA-ABE,4,0.6396713256835938,50
Kemerer,8,WOA-ABE,5,0.6394230127334595,60
Kemerer,8,WOA-ABE,6,0.6391094923019409,70
Kemerer,8,WOA-ABE,7,0.6391094923019409,80
Kemerer,8,WOA-ABE,8,0.6391094923019409,90
Kemerer,8,WOA-ABE,9,0.6391094923019409,100
Kemerer,8,WOA-ABE,10,0.6391094923019409,110
Kemerer,8,WOA-ABE,11,0.6391094923019409,120
Kemerer,8,WOA-ABE,12,0.6391094923019409,130
Kemerer,8,WOA-ABE,13,0.6391094923019409,140
Kemerer,8,WOA-ABE,14,0.6391094923019409,150
Kemerer,8,WOA-ABE,15,0.6391094923019409,160
Kemerer,8,WOA-ABE,16,0.6391094923019409,170
Kemerer,8,WOA-ABE,17,0.6391094923019409,180
Kemerer,8,WOA-ABE,18,0.6391094923019409,190
Kemerer,8,WOA-ABE,19,0.6391094923019409,200
Kemerer,8,WOA-ABE,20,0.6391094923019409,210
Kemerer,8,WOA-ABE,21,0.639107346534729,220
Kemerer,8,WOA-ABE,22,0.639107346534729,230
Kemerer,8,WOA-ABE,23,0.639107346534729,240
Kemerer,8,WOA-ABE,24,0.639107346534729,250
Kemerer,8,WOA-ABE,25,0.639107346534729,260
Kemerer,8,WOA-ABE,26,0.639107346534729,270
Kemerer,8,WOA-ABE,27,0.639107346534729,280
Kemerer,8,WOA-ABE,28,0.639107346534729,290
Kemerer,8,WOA-ABE,29,0.6391059756278992,300
Kemerer,8,WOA-ABE,30,0.6391059756278992,310
Kemerer,8,WOA-ABE,31,0.6391032338142395,320
Kemerer,8,WOA-ABE,32,0.6391032338142395,330
Kemerer,8,WOA-ABE,33,0.6391032338142395,340
Kemerer,8,WOA-ABE,34,0.6391032338142395,350
Kemerer,8,WOA-ABE,35,0.6391032338142395,360
Kemerer,8,WOA-ABE,36,0.6391032338142395,370
Kemerer,8,WOA-ABE,37,0.6391032338142395,380
Kemerer,8,WOA-ABE,38,0.6391032338142395,390
Kemerer,8,WOA-ABE,39,0.6391032338142395,400
Kemerer,8,WOA-ABE,40,0.6391032338142395,410
Kemerer,8,WOA-ABE,41,0.6391032338142395,420
Kemerer,8,WOA-ABE,42,0.6391032338142395,430
Kemerer,8,WOA-ABE,43,0.6391032338142395,440
Kemerer,8,WOA-ABE,44,0.6391032338142395,450
Kemerer,8,WOA-ABE,45,0.6391032338142395,460
Kemerer,8,WOA-ABE,46,0.6391032338142395,470
Kemerer,8,WOA-ABE,47,0.6391032338142395,480
Kemerer,8,WOA-ABE,48,0.6391032338142395,490
Kemerer,8,WOA-ABE,49,0.6391023993492126,500
Kemerer,8,WOA-ABE,50,0.6391023993492126,510
Kemerer,8,WOA-ABE,51,0.6391023993492126,520
Kemerer,8,WOA-ABE,52,0.6391023993492126,530
Kemerer,8,WOA-ABE,53,0.6391023993492126,540
Kemerer,8,WOA-ABE,54,0.6391023993492126,550
Kemerer,8,WOA-ABE,55,0.6391023993492126,560
Kemerer,8,WOA-ABE,56,0.6391023993492126,570
Kemerer,8,WOA-ABE,57,0.6391023993492126,580
Kemerer,8,WOA-ABE,58,0.6391023993492126,590
Kemerer,8,WOA-ABE,59,0.6391023993492126,600
Kemerer,8,WOA-ABE,60,0.6391023993492126,610
Kemerer,8,WOA-ABE,61,0.6391023993492126,620
Kemerer,8,WOA-ABE,62,0.6391023993492126,630
Kemerer,8,WOA-ABE,63,0.6391023993492126,640
Kemerer,8,WOA-ABE,64,0.6391023993492126,650
Kemerer,8,WOA-ABE,65,0.6391023993492126,660
Kemerer,8,WOA-ABE,66,0.6391023993492126,670
Kemerer,8,WOA-ABE,67,0.6391023993492126,680
Kemerer,8,WOA-ABE,68,0.6391023993492126,690
Kemerer,8,WOA-ABE,69,0.6391023993492126,700
Kemerer,8,WOA-ABE,70,0.6391023993492126,710
Kemerer,8,WOA-ABE,71,0.6391023993492126,720
Kemerer,8,WOA-ABE,72,0.6391023993492126,730
Kemerer,8,WOA-ABE,73,0.6391023993492126,740
Kemerer,8,WOA-ABE,74,0.6391023993492126,750
Kemerer,8,WOA-ABE,75,0.6391023993492126,760
Kemerer,8,WOA-ABE,76,0.6391023993492126,770
Kemerer,8,WOA-ABE,77,0.6391023993492126,780
Kemerer,8,WOA-ABE,78,0.6391023993492126,790
Kemerer,8,WOA-ABE,79,0.6391023993492126,800
Kemerer,8,WOA-ABE,80,0.6391023993492126,810
Kemerer,8,WOA-ABE,81,0.6391023993492126,820
Kemerer,8,WOA-ABE,82,0.6391023993492126,830
Kemerer,8,WOA-ABE,83,0.6391023993492126,840
Kemerer,8,WOA-ABE,84,0.6391023993492126,850
Kemerer,8,WOA-ABE,85,0.6391023993492126,860
Kemerer,8,WOA-ABE,86,0.6390983462333679,870
Kemerer,8,WOA-ABE,87,0.6390983462333679,880
Kemerer,8,WOA-ABE,88,0.6390983462333679,890
Kemerer,8,WOA-ABE,89,0.6390955448150635,900
Kemerer,8,WOA-ABE,90,0.6390955448150635,910
Kemerer,8,WOA-ABE,91,0.6390955448150635,920
Kemerer,8,WOA-ABE,92,0.6390955448150635,930
Kemerer,8,WOA-ABE,93,0.6390955448150635,940
Kemerer,8,WOA-ABE,94,0.6390955448150635,950
Kemerer,8,WOA-ABE,95,0.6390955448150635,960
Kemerer,8,WOA-ABE,96,0.6390955448150635,970
Kemerer,8,WOA-ABE,97,0.6390955448150635,980
Kemerer,8,WOA-ABE,98,0.6390955448150635,990
Kemerer,8,WOA-ABE,99,0.6390955448150635,1000
Kemerer,8,FAABE,0,0.6405315399169922,10
Kemerer,8,FAABE,1,0.6405315399169922,20
Kemerer,8,FAABE,2,0.6405315399169922,30
Kemerer,8,FAABE,3,0.6405315399169922,40
Kemerer,8,FAABE,4,0.6405315399169922,50
Kemerer,8,FAABE,5,0.6405315399169922,60
Kemerer,8,FAABE,6,0.6386893391609192,70
Kemerer,8,FAABE,7,0.6386893391609192,80
Kemerer,8,FAABE,8,0.6386893391609192,90
Kemerer,8,FAABE,9,0.6386893391609192,100
Kemerer,8,FAABE,10,0.6386893391609192,110
Kemerer,8,FAABE,11,0.6386893391609192,120
Kemerer,8,FAABE,12,0.6380029916763306,130
Kemerer,8,FAABE,13,0.6380029916763306,140
Kemerer,8,FAABE,14,0.6380029916763306,150
Kemerer,8,FAABE,15,0.6379649639129639,160
Kemerer,8,FAABE,16,0.6377009153366089,170
Kemerer,8,FAABE,17,0.6377009153366089,180
Kemerer,8,FAABE,18,0.6377009153366089,190
Kemerer,8,FAABE,19,0.6377009153366089,200
Kemerer,8,FAABE,20,0.6377009153366089,210
Kemerer,8,FAABE,21,0.6377009153366089,220
Kemerer,8,FAABE,22,0.6377009153366089,230
Kemerer,8,FAABE,23,0.6377009153366089,240
Kemerer,8,FAABE,24,0.6377009153366089,250
Kemerer,8,FAABE,25,0.6377009153366089,260
Kemerer,8,FAABE,26,0.6377009153366089,270
Kemerer,8,FAABE,27,0.6377009153366089,280
Kemerer,8,FAABE,28,0.6377009153366089,290
Kemerer,8,FAABE,29,0.6377009153366089,300
Kemerer,8,FAABE,30,0.6377009153366089,310
Kemerer,8,FAABE,31,0.6377009153366089,320
Kemerer,8,FAABE,32,0.6377009153366089,330
Kemerer,8,FAABE,33,0.6377009153366089,340
Kemerer,8,FAABE,34,0.6377009153366089,350
Kemerer,8,FAABE,35,0.6377009153366089,360
Kemerer,8,FAABE,36,0.6377009153366089,370
Kemerer,8,FAABE,37,0.6377009153366089,380
Kemerer,8,FAABE,38,0.6377009153366089,390
Kemerer,8,FAABE,39,0.6377009153366089,400
Kemerer,8,FAABE,40,0.6377009153366089,410
Kemerer,8,FAABE,41,0.6377009153366089,420
Kemerer,8,FAABE,42,0.6377009153366089,430
Kemerer,8,FAABE,43,0.6377009153366089,440
Kemerer,8,FAABE,44,0.6377009153366089,450
Kemerer,8,FAABE,45,0.6377009153366089,460
Kemerer,8,FAABE,46,0.6377009153366089,470
Kemerer,8,FAABE,47,0.6377009153366089,480
Kemerer,8,FAABE,48,0.6377009153366089,490
Kemerer,8,FAABE,49,0.6377009153366089,500
Kemerer,8,FAABE,50,0.6377009153366089,510
Kemerer,8,FAABE,51,0.6377009153366089,520
Kemerer,8,FAABE,52,0.6377009153366089,530
Kemerer,8,FAABE,53,0.6377009153366089,540
Kemerer,8,FAABE,54,0.6377009153366089,550
Kemerer,8,FAABE,55,0.6377009153366089,560
Kemerer,8,FAABE,56,0.6377009153366089,570
Kemerer,8,FAABE,57,0.6377009153366089,580
Kemerer,8,FAABE,58,0.6377009153366089,590
Kemerer,8,FAABE,59,0.6377009153366089,600
Kemerer,8,FAABE,60,0.6377009153366089,610
Kemerer,8,FAABE,61,0.6377009153366089,620
Kemerer,8,FAABE,62,0.6377009153366089,630
Kemerer,8,FAABE,63,0.6377009153366089,640
Kemerer,8,FAABE,64,0.6377009153366089,650
Kemerer,8,FAABE,65,0.6377009153366089,660
Kemerer,8,FAABE,66,0.6377009153366089,670
Kemerer,8,FAABE,67,0.6377009153366089,680
Kemerer,8,FAABE,68,0.6377009153366089,690
Kemerer,8,FAABE,69,0.6377009153366089,700
Kemerer,8,FAABE,70,0.6377009153366089,710
Kemerer,8,FAABE,71,0.6377009153366089,720
Kemerer,8,FAABE,72,0.6377009153366089,730
Kemerer,8,FAABE,73,0.6377009153366089,740
Kemerer,8,FAABE,74,0.6377009153366089,750
Kemerer,8,FAABE,75,0.6377009153366089,760
Kemerer,8,FAABE,76,0.6377009153366089,770
Kemerer,8,FAABE,77,0.6377009153366089,780
Kemerer,8,FAABE,78,0.6377009153366089,790
Kemerer,8,FAABE,79,0.6377009153366089,800
Kemerer,8,FAABE,80,0.6377009153366089,810
Kemerer,8,FAABE,81,0.6377009153366089,820
Kemerer,8,FAABE,82,0.6377009153366089,830
Kemerer,8,FAABE,83,0.6375969648361206,840
Kemerer,8,FAABE,84,0.6375969648361206,850
Kemerer,8,FAABE,85,0.6375969648361206,860
Kemerer,8,FAABE,86,0.6375969648361206,870
Kemerer,8,FAABE,87,0.6375969648361206,880
Kemerer,8,FAABE,88,0.6375969648361206,890
Kemerer,8,FAABE,89,0.6375969648361206,900
Kemerer,8,FAABE,90,0.6375969648361206,910
Kemerer,8,FAABE,91,0.6375969648361206,920
Kemerer,8,FAABE,92,0.6375969648361206,930
Kemerer,8,FAABE,93,0.6375969648361206,940
Kemerer,8,FAABE,94,0.6375969648361206,950
Kemerer,8,FAABE,95,0.6375969648361206,960
Kemerer,8,FAABE,96,0.6375969648361206,970
Kemerer,8,FAABE,97,0.6375969648361206,980
Kemerer,8,FAABE,98,0.6375969648361206,990
Kemerer,8,FAABE,99,0.6375969648361206,1000
Kemerer,9,GA-ABE,0,0.6084813475608826,10
Kemerer,9,GA-ABE,1,0.6084812879562378,20
Kemerer,9,GA-ABE,2,0.5881590843200684,30
Kemerer,9,GA-ABE,3,0.5881161689758301,40
Kemerer,9,GA-ABE,4,0.5878514051437378,50
Kemerer,9,GA-ABE,5,0.5878514051437378,60
Kemerer,9,GA-ABE,6,0.5789210796356201,70
Kemerer,9,GA-ABE,7,0.5789210796356201,80
Kemerer,9,GA-ABE,8,0.5789210796356201,90
Kemerer,9,GA-ABE,9,0.5789210796356201,100
Kemerer,9,GA-ABE,10,0.5789210796356201,110
Kemerer,9,GA-ABE,11,0.5789210796356201,120
Kemerer,9,GA-ABE,12,0.5785709619522095,130
Kemerer,9,GA-ABE,13,0.5785709619522095,140
Kemerer,9,GA-ABE,14,0.5785709619522095,150
Kemerer,9,GA-ABE,15,0.5780961513519287,160
Kemerer,9,GA-ABE,16,0.5780961513519287,170
Kemerer,9,GA-ABE,17,0.5780961513519287,180
Kemerer,9,GA-ABE,18,0.5765184760093689,190
Kemerer,9,GA-ABE,19,0.5765184760093689,200
Kemerer,9,GA-ABE,20,0.5765184760093689,210
Kemerer,9,GA-ABE,21,0.5765184760093689,220
Kemerer,9,GA-ABE,22,0.5765184760093689,230
Kemerer,9,GA-ABE,23,0.5765184760093689,240
Kemerer,9,GA-ABE,24,0.5765184760093689,250
Kemerer,9,GA-ABE,25,0.57607501745224,260
Kemerer,9,GA-ABE,26,0.57607501745224,270
Kemerer,9,GA-ABE,27,0.57607501745224,280
Kemerer,9,GA-ABE,28,0.57607501745224,290
Kemerer,9,GA-ABE,29,0.57607501745224,300
Kemerer,9,GA-ABE,30,0.57607501745224,310
Kemerer,9,GA-ABE,31,0.57607501745224,320
Kemerer,9,GA-ABE,32,0.5753855109214783,330
Kemerer,9,GA-ABE,33,0.5753855109214783,340
Kemerer,9,GA-ABE,34,0.5753855109214783,350
Kemerer,9,GA-ABE,35,0.5753855109214783,360
Kemerer,9,GA-ABE,36,0.5753855109214783,370
Kemerer,9,GA-ABE,37,0.575383186340332,380
Kemerer,9,GA-ABE,38,0.575383186340332,390
Kemerer,9,GA-ABE,39,0.575383186340332,400
Kemerer,9,GA-ABE,40,0.5752572417259216,410
Kemerer,9,GA-ABE,41,0.5752571821212769,420
Kemerer,9,GA-ABE,42,0.5752571821212769,430
Kemerer,9,GA-ABE,43,0.5752561688423157,440
Kemerer,9,GA-ABE,44,0.5752561688423157,450
Kemerer,9,GA-ABE,45,0.5752561688423157,460
Kemerer,9,GA-ABE,46,0.5752561688423157,470
Kemerer,9,GA-ABE,47,0.5752561688423157,480
Kemerer,9,GA-ABE,48,0.5752561688423157,490
Kemerer,9,GA-ABE,49,0.5752561688423157,500
Kemerer,9,GA-ABE,50,0.5752561688423157,510
Kemerer,9,GA-ABE,51,0.5752561688423157,520
Kemerer,9,GA-ABE,52,0.5752561688423157,530
Kemerer,9,GA-ABE,53,0.5752561688423157,540
Kemerer,9,GA-ABE,54,0.5752561688423157,550
Kemerer,9,GA-ABE,55,0.5752561688423157,560
Kemerer,9,GA-ABE,56,0.5752561688423157,570
Kemerer,9,GA-ABE,57,0.5752561688423157,580
Kemerer,9,GA-ABE,58,0.5752561688423157,590
Kemerer,9,GA-ABE,59,0.5752561688423157,600
Kemerer,9,GA-ABE,60,0.5752561688423157,610
Kemerer,9,GA-ABE,61,0.5752561688423157,620
Kemerer,9,GA-ABE,62,0.5752561688423157,630
Kemerer,9,GA-ABE,63,0.5752561688423157,640
Kemerer,9,GA-ABE,64,0.5752561688423157,650
Kemerer,9,GA-ABE,65,0.5752561688423157,660
Kemerer,9,GA-ABE,66,0.5749481916427612,670
Kemerer,9,GA-ABE,67,0.5749481916427612,680
Kemerer,9,GA-ABE,68,0.5749481916427612,690
Kemerer,9,GA-ABE,69,0.5749481916427612,700
Kemerer,9,GA-ABE,70,0.5749481320381165,710
Kemerer,9,GA-ABE,71,0.5749481320381165,720
Kemerer,9,GA-ABE,72,0.5749481320381165,730
Kemerer,9,GA-ABE,73,0.5749481320381165,740
Kemerer,9,GA-ABE,74,0.5749481320381165,750
Kemerer,9,GA-ABE,75,0.5749481320381165,760
Kemerer,9,GA-ABE,76,0.5749481320381165,770
Kemerer,9,GA-ABE,77,0.5749481320381165,780
Kemerer,9,GA-ABE,78,0.5749481320381165,790
Kemerer,9,GA-ABE,79,0.5739176869392395,800
Kemerer,9,GA-ABE,80,0.5739176869392395,810
Kemerer,9,GA-ABE,81,0.5732245445251465,820
Kemerer,9,GA-ABE,82,0.5732245445251465,830
Kemerer,9,GA-ABE,83,0.5732190012931824,840
Kemerer,9,GA-ABE,84,0.5732190012931824,850
Kemerer,9,GA-ABE,85,0.5732190012931824,860
Kemerer,9,GA-ABE,86,0.5732189416885376,870
Kemerer,9,GA-ABE,87,0.5732189416885376,880
Kemerer,9,GA-ABE,88,0.5732189416885376,890
Kemerer,9,GA-ABE,89,0.5732189416885376,900
Kemerer,9,GA-ABE,90,0.5732189416885376,910
Kemerer,9,GA-ABE,91,0.5730048418045044,920
Kemerer,9,GA-ABE,92,0.5730048418045044,930
Kemerer,9,GA-ABE,93,0.5730048418045044,940
Kemerer,9,GA-ABE,94,0.5730048418045044,950
Kemerer,9,GA-ABE,95,0.5730048418045044,960
Kemerer,9,GA-ABE,96,0.5730048418045044,970
Kemerer,9,GA-ABE,97,0.5730048418045044,980
Kemerer,9,GA-ABE,98,0.5730048418045044,990
Kemerer,9,GA-ABE,99,0.572951078414917,1000
Kemerer,9,PSO-ABE,0,0.5682257413864136,10
Kemerer,9,PSO-ABE,1,0.556618869304657,20
Kemerer,9,PSO-ABE,2,0.556618869304657,30
Kemerer,9,PSO-ABE,3,0.556618869304657,40
Kemerer,9,PSO-ABE,4,0.5553302764892578,50
Kemerer,9,PSO-ABE,5,0.5553302764892578,60
Kemerer,9,PSO-ABE,6,0.5553302764892578,70
Kemerer,9,PSO-ABE,7,0.5553302764892578,80
Kemerer,9,PSO-ABE,8,0.5553302764892578,90
Kemerer,9,PSO-ABE,9,0.5553302764892578,100
Kemerer,9,PSO-ABE,10,0.5553302764892578,110
Kemerer,9,PSO-ABE,11,0.5543746948242188,120
Kemerer,9,PSO-ABE,12,0.5543746948242188,130
Kemerer,9,PSO-ABE,13,0.5543746948242188,140
Kemerer,9,PSO-ABE,14,0.5543746948242188,150
Kemerer,9,PSO-ABE,15,0.5543746948242188,160
Kemerer,9,PSO-ABE,16,0.5543746948242188,170
Kemerer,9,PSO-ABE,17,0.5543746948242188,180
Kemerer,9,PSO-ABE,18,0.5536372661590576,190
Kemerer,9,PSO-ABE,19,0.5532751083374023,200
Kemerer,9,PSO-ABE,20,0.5532565116882324,210
Kemerer,9,PSO-ABE,21,0.5532565116882324,220
Kemerer,9,PSO-ABE,22,0.5531179904937744,230
Kemerer,9,PSO-ABE,23,0.5531179904937744,240
Kemerer,9,PSO-ABE,24,0.5531179904937744,250
Kemerer,9,PSO-ABE,25,0.5531179904937744,260
Kemerer,9,PSO-ABE,26,0.5531179904937744,270
Kemerer,9,PSO-ABE,27,0.5531179904937744,280
Kemerer,9,PSO-ABE,28,0.5530194044113159,290
Kemerer,9,PSO-ABE,29,0.5530028343200684,300
Kemerer,9,PSO-ABE,30,0.552807092666626,310
Kemerer,9,PSO-ABE,31,0.5526599884033203,320
Kemerer,9,PSO-ABE,32,0.5526599884033203,330
Kemerer,9,PSO-ABE,33,0.5526599884033203,340
Kemerer,9,PSO-ABE,34,0.5526599884033203,350
Kemerer,9,PSO-ABE,35,0.5526599884033203,360
Kemerer,9,PSO-ABE,36,0.5526599884033203,370
Kemerer,9,PSO-ABE,37,0.5526599884033203,380
Kemerer,9,PSO-ABE,38,0.5526599884033203,390
Kemerer,9,PSO-ABE,39,0.5526599884033203,400
Kemerer,9,PSO-ABE,40,0.5526599884033203,410
Kemerer,9,PSO-ABE,41,0.5526469945907593,420
Kemerer,9,PSO-ABE,42,0.5526469945907593,430
Kemerer,9,PSO-ABE,43,0.5526469945907593,440
Kemerer,9,PSO-ABE,44,0.5526469945907593,450
Kemerer,9,PSO-ABE,45,0.5526469945907593,460
Kemerer,9,PSO-ABE,46,0.5526469945907593,470
Kemerer,9,PSO-ABE,47,0.5526469945907593,480
Kemerer,9,PSO-ABE,48,0.5526469945907593,490
Kemerer,9,PSO-ABE,49,0.5526418685913086,500
Kemerer,9,PSO-ABE,50,0.5526418685913086,510
Kemerer,9,PSO-ABE,51,0.5526347756385803,520
Kemerer,9,PSO-ABE,52,0.5526347756385803,530
Kemerer,9,PSO-ABE,53,0.5526283383369446,540
Kemerer,9,PSO-ABE,54,0.5526283383369446,550
Kemerer,9,PSO-ABE,55,0.5526283383369446,560
Kemerer,9,PSO-ABE,56,0.5526283383369446,570
Kemerer,9,PSO-ABE,57,0.5526283383369446,580
Kemerer,9,PSO-ABE,58,0.5526283383369446,590
Kemerer,9,PSO-ABE,59,0.5526283383369446,600
Kemerer,9,PSO-ABE,60,0.5526283383369446,610
Kemerer,9,PSO-ABE,61,0.5526283383369446,620
Kemerer,9,PSO-ABE,62,0.5526283383369446,630
Kemerer,9,PSO-ABE,63,0.5526283383369446,640
Kemerer,9,PSO-ABE,64,0.5526283383369446,650
Kemerer,9,PSO-ABE,65,0.5526283383369446,660
Kemerer,9,PSO-ABE,66,0.5526283383369446,670
Kemerer,9,PSO-ABE,67,0.5526283383369446,680
Kemerer,9,PSO-ABE,68,0.5526283383369446,690
Kemerer,9,PSO-ABE,69,0.5526283383369446,700
Kemerer,9,PSO-ABE,70,0.5526283383369446,710
Kemerer,9,PSO-ABE,71,0.5526283383369446,720
Kemerer,9,PSO-ABE,72,0.5526283383369446,730
Kemerer,9,PSO-ABE,73,0.5526283383369446,740
Kemerer,9,PSO-ABE,74,0.5526283383369446,750
Kemerer,9,PSO-ABE,75,0.5526283383369446,760
Kemerer,9,PSO-ABE,76,0.55262690782547,770
Kemerer,9,PSO-ABE,77,0.55262690782547,780
Kemerer,9,PSO-ABE,78,0.55262690782547,790
Kemerer,9,PSO-ABE,79,0.5524899959564209,800
Kemerer,9,PSO-ABE,80,0.552463710308075,810
Kemerer,9,PSO-ABE,81,0.552463710308075,820
Kemerer,9,PSO-ABE,82,0.552463710308075,830
Kemerer,9,PSO-ABE,83,0.552463710308075,840
Kemerer,9,PSO-ABE,84,0.552463710308075,850
Kemerer,9,PSO-ABE,85,0.552463710308075,860
Kemerer,9,PSO-ABE,86,0.5524362325668335,870
Kemerer,9,PSO-ABE,87,0.5524362325668335,880
Kemerer,9,PSO-ABE,88,0.5524362325668335,890
Kemerer,9,PSO-ABE,89,0.5524091720581055,900
Kemerer,9,PSO-ABE,90,0.5524091720581055,910
Kemerer,9,PSO-ABE,91,0.5523144006729126,920
Kemerer,9,PSO-ABE,92,0.5523144006729126,930
Kemerer,9,PSO-ABE,93,0.5523144006729126,940
Kemerer,9,PSO-ABE,94,0.5522720813751221,950
Kemerer,9,PSO-ABE,95,0.5522720813751221,960
Kemerer,9,PSO-ABE,96,0.5522720813751221,970
Kemerer,9,PSO-ABE,97,0.5522720813751221,980
Kemerer,9,PSO-ABE,98,0.5522720813751221,990
Kemerer,9,PSO-ABE,99,0.5522720813751221,1000
Kemerer,9,DE-ABE,0,0.5751216411590576,10
Kemerer,9,DE-ABE,1,0.5583478212356567,20
Kemerer,9,DE-ABE,2,0.5583478212356567,30
Kemerer,9,DE-ABE,3,0.5583478212356567,40
Kemerer,9,DE-ABE,4,0.5583478212356567,50
Kemerer,9,DE-ABE,5,0.5542181730270386,60
Kemerer,9,DE-ABE,6,0.5542181730270386,70
Kemerer,9,DE-ABE,7,0.5542181730270386,80
Kemerer,9,DE-ABE,8,0.5542181730270386,90
Kemerer,9,DE-ABE,9,0.5542181730270386,100
Kemerer,9,DE-ABE,10,0.5542181730270386,110
Kemerer,9,DE-ABE,11,0.5542181730270386,120
Kemerer,9,DE-ABE,12,0.5540298223495483,130
Kemerer,9,DE-ABE,13,0.5539010763168335,140
Kemerer,9,DE-ABE,14,0.5537406802177429,150
Kemerer,9,DE-ABE,15,0.5537406802177429,160
Kemerer,9,DE-ABE,16,0.5537406802177429,170
Kemerer,9,DE-ABE,17,0.5537297129631042,180
Kemerer,9,DE-ABE,18,0.5535468459129333,190
Kemerer,9,DE-ABE,19,0.5534526705741882,200
Kemerer,9,DE-ABE,20,0.5534526705741882,210
Kemerer,9,DE-ABE,21,0.5534526705741882,220
Kemerer,9,DE-ABE,22,0.5534526705741882,230
Kemerer,9,DE-ABE,23,0.5533909201622009,240
Kemerer,9,DE-ABE,24,0.5533644556999207,250
Kemerer,9,DE-ABE,25,0.5533644556999207,260
Kemerer,9,DE-ABE,26,0.5533644556999207,270
Kemerer,9,DE-ABE,27,0.5533621311187744,280
Kemerer,9,DE-ABE,28,0.5533621311187744,290
Kemerer,9,DE-ABE,29,0.5533621311187744,300
Kemerer,9,DE-ABE,30,0.5533507466316223,310
Kemerer,9,DE-ABE,31,0.5533496737480164,320
Kemerer,9,DE-ABE,32,0.5533496737480164,330
Kemerer,9,DE-ABE,33,0.5533496737480164,340
Kemerer,9,DE-ABE,34,0.5533488988876343,350
Kemerer,9,DE-ABE,35,0.5533484220504761,360
Kemerer,9,DE-ABE,36,0.5533472895622253,370
Kemerer,9,DE-ABE,37,0.5533469319343567,380
Kemerer,9,DE-ABE,38,0.5533460378646851,390
Kemerer,9,DE-ABE,39,0.5533460378646851,400
Kemerer,9,DE-ABE,40,0.5533450841903687,410
Kemerer,9,DE-ABE,41,0.5533446669578552,420
Kemerer,9,DE-ABE,42,0.5533431768417358,430
Kemerer,9,DE-ABE,43,0.5533396005630493,440
Kemerer,9,DE-ABE,44,0.5533396005630493,450
Kemerer,9,DE-ABE,45,0.5533392429351807,460
Kemerer,9,DE-ABE,46,0.5533392429351807,470
Kemerer,9,DE-ABE,47,0.5533369779586792,480
Kemerer,9,DE-ABE,48,0.5533368587493896,490
Kemerer,9,DE-ABE,49,0.5533368587493896,500
Kemerer,9,DE-ABE,50,0.5533368587493896,510
Kemerer,9,DE-ABE,51,0.5533367991447449,520
Kemerer,9,DE-ABE,52,0.5533366203308105,530
Kemerer,9,DE-ABE,53,0.5533365607261658,540
Kemerer,9,DE-ABE,54,0.5533361434936523,550
Kemerer,9,DE-ABE,55,0.5533361434936523,560
Kemerer,9,DE-ABE,56,0.5533361434936523,570
Kemerer,9,DE-ABE,57,0.5533359050750732,580
Kemerer,9,DE-ABE,58,0.5533358454704285,590
Kemerer,9,DE-ABE,59,0.5533356070518494,600
Kemerer,9,DE-ABE,60,0.5533356070518494,610
Kemerer,9,DE-ABE,61,0.5533356070518494,620
Kemerer,9,DE-ABE,62,0.5533353686332703,630
Kemerer,9,DE-ABE,63,0.5533353686332703,640
Kemerer,9,DE-ABE,64,0.5533353686332703,650
Kemerer,9,DE-ABE,65,0.5533353686332703,660
Kemerer,9,DE-ABE,66,0.5533353090286255,670
Kemerer,9,DE-ABE,67,0.5533353090286255,680
Kemerer,9,DE-ABE,68,0.5533345341682434,690
Kemerer,9,DE-ABE,69,0.5533343553543091,700
Kemerer,9,DE-ABE,70,0.5533341765403748,710
Kemerer,9,DE-ABE,71,0.5533341765403748,720
Kemerer,9,DE-ABE,72,0.55333411693573,730
Kemerer,9,DE-ABE,73,0.5533340573310852,740
Kemerer,9,DE-ABE,74,0.5533340573310852,750
Kemerer,9,DE-ABE,75,0.5533339381217957,760
Kemerer,9,DE-ABE,76,0.5533339381217957,770
Kemerer,9,DE-ABE,77,0.5533339381217957,780
Kemerer,9,DE-ABE,78,0.5533338785171509,790
Kemerer,9,DE-ABE,79,0.5533338785171509,800
Kemerer,9,DE-ABE,80,0.5533338785171509,810
Kemerer,9,DE-ABE,81,0.5533338189125061,820
Kemerer,9,DE-ABE,82,0.5533338189125061,830
Kemerer,9,DE-ABE,83,0.5533337593078613,840
Kemerer,9,DE-ABE,84,0.5533337593078613,850
Kemerer,9,DE-ABE,85,0.5533337593078613,860
Kemerer,9,DE-ABE,86,0.5533336997032166,870
Kemerer,9,DE-ABE,87,0.5533336997032166,880
Kemerer,9,DE-ABE,88,0.5533336400985718,890
Kemerer,9,DE-ABE,89,0.5533334612846375,900
Kemerer,9,DE-ABE,90,0.5533334016799927,910
Kemerer,9,DE-ABE,91,0.5533334016799927,920
Kemerer,9,DE-ABE,92,0.5533334016799927,930
Kemerer,9,DE-ABE,93,0.5533331632614136,940
Kemerer,9,DE-ABE,94,0.5533331632614136,950
Kemerer,9,DE-ABE,95,0.5533331632614136,960
Kemerer,9,DE-ABE,96,0.5533331036567688,970
Kemerer,9,DE-ABE,97,0.5533331036567688,980
Kemerer,9,DE-ABE,98,0.5533329844474792,990
Kemerer,9,DE-ABE,99,0.5533329844474792,1000
Kemerer,9,GWO-ABE,0,0.59535813331604,10
Kemerer,9,GWO-ABE,1,0.5786025524139404,20
Kemerer,9,GWO-ABE,2,0.553298830986023,30
Kemerer,9,GWO-ABE,3,0.5551102161407471,40
Kemerer,9,GWO-ABE,4,0.5606462359428406,50
Kemerer,9,GWO-ABE,5,0.580883264541626,60
Kemerer,9,GWO-ABE,6,0.55911785364151,70
Kemerer,9,GWO-ABE,7,0.5727287530899048,80
Kemerer,9,GWO-ABE,8,0.5811770558357239,90
Kemerer,9,GWO-ABE,9,0.573444664478302,100
Kemerer,9,GWO-ABE,10,0.558978259563446,110
Kemerer,9,GWO-ABE,11,0.5570718050003052,120
Kemerer,9,GWO-ABE,12,0.5638707876205444,130
Kemerer,9,GWO-ABE,13,0.5568816065788269,140
Kemerer,9,GWO-ABE,14,0.5598126649856567,150
Kemerer,9,GWO-ABE,15,0.5563961863517761,160
Kemerer,9,GWO-ABE,16,0.5579151511192322,170
Kemerer,9,GWO-ABE,17,0.5612237453460693,180
Kemerer,9,GWO-ABE,18,0.5598253011703491,190
Kemerer,9,GWO-ABE,19,0.5608605146408081,200
Kemerer,9,GWO-ABE,20,0.560996949672699,210
Kemerer,9,GWO-ABE,21,0.564917802810669,220
Kemerer,9,GWO-ABE,22,0.5611530542373657,230
Kemerer,9,GWO-ABE,23,0.5567744970321655,240
Kemerer,9,GWO-ABE,24,0.5574612617492676,250
Kemerer,9,GWO-ABE,25,0.5572212338447571,260
Kemerer,9,GWO-ABE,26,0.557275116443634,270
Kemerer,9,GWO-ABE,27,0.556810200214386,280
Kemerer,9,GWO-ABE,28,0.5562187433242798,290
Kemerer,9,GWO-ABE,29,0.5556644201278687,300
Kemerer,9,GWO-ABE,30,0.555212676525116,310
Kemerer,9,GWO-ABE,31,0.5575393438339233,320
Kemerer,9,GWO-ABE,32,0.5571581125259399,330
Kemerer,9,GWO-ABE,33,0.5553351044654846,340
Kemerer,9,GWO-ABE,34,0.5558417439460754,350
Kemerer,9,GWO-ABE,35,0.5556291341781616,360
Kemerer,9,GWO-ABE,36,0.5556156635284424,370
Kemerer,9,GWO-ABE,37,0.5574297904968262,380
Kemerer,9,GWO-ABE,38,0.5596198439598083,390
Kemerer,9,GWO-ABE,39,0.5559691190719604,400
Kemerer,9,GWO-ABE,40,0.5564653277397156,410
Kemerer,9,GWO-ABE,41,0.5556554198265076,420
Kemerer,9,GWO-ABE,42,0.556448757648468,430
Kemerer,9,GWO-ABE,43,0.5544195175170898,440
Kemerer,9,GWO-ABE,44,0.5541635751724243,450
Kemerer,9,GWO-ABE,45,0.554172694683075,460
Kemerer,9,GWO-ABE,46,0.5546330213546753,470
Kemerer,9,GWO-ABE,47,0.5556463003158569,480
Kemerer,9,GWO-ABE,48,0.555718183517456,490
Kemerer,9,GWO-ABE,49,0.5585631728172302,500
Kemerer,9,GWO-ABE,50,0.5557938814163208,510
Kemerer,9,GWO-ABE,51,0.5570181608200073,520
Kemerer,9,GWO-ABE,52,0.5561006665229797,530
Kemerer,9,GWO-ABE,53,0.5545237064361572,540
Kemerer,9,GWO-ABE,54,0.5571844577789307,550
Kemerer,9,GWO-ABE,55,0.5555188655853271,560
Kemerer,9,GWO-ABE,56,0.5571693778038025,570
Kemerer,9,GWO-ABE,57,0.5551501512527466,580
Kemerer,9,GWO-ABE,58,0.5562270283699036,590
Kemerer,9,GWO-ABE,59,0.5559386014938354,600
Kemerer,9,GWO-ABE,60,0.554418683052063,610
Kemerer,9,GWO-ABE,61,0.5557374358177185,620
Kemerer,9,GWO-ABE,62,0.5562302470207214,630
Kemerer,9,GWO-ABE,63,0.5550052523612976,640
Kemerer,9,GWO-ABE,64,0.5549347996711731,650
Kemerer,9,GWO-ABE,65,0.555227518081665,660
Kemerer,9,GWO-ABE,66,0.555729866027832,670
Kemerer,9,GWO-ABE,67,0.5577680468559265,680
Kemerer,9,GWO-ABE,68,0.5547018051147461,690
Kemerer,9,GWO-ABE,69,0.5540307760238647,700
Kemerer,9,GWO-ABE,70,0.554582417011261,710
Kemerer,9,GWO-ABE,71,0.5548399686813354,720
Kemerer,9,GWO-ABE,72,0.5539019107818604,730
Kemerer,9,GWO-ABE,73,0.5542913675308228,740
Kemerer,9,GWO-ABE,74,0.5542957186698914,750
Kemerer,9,GWO-ABE,75,0.5543444156646729,760
Kemerer,9,GWO-ABE,76,0.5551015138626099,770
Kemerer,9,GWO-ABE,77,0.5550510287284851,780
Kemerer,9,GWO-ABE,78,0.5540417432785034,790
Kemerer,9,GWO-ABE,79,0.5545213222503662,800
Kemerer,9,GWO-ABE,80,0.5555180311203003,810
Kemerer,9,GWO-ABE,81,0.5552464723587036,820
Kemerer,9,GWO-ABE,82,0.554500937461853,830
Kemerer,9,GWO-ABE,83,0.5545991063117981,840
Kemerer,9,GWO-ABE,84,0.5547196865081787,850
Kemerer,9,GWO-ABE,85,0.555102527141571,860
Kemerer,9,GWO-ABE,86,0.5541554689407349,870
Kemerer,9,GWO-ABE,87,0.5543040037155151,880
Kemerer,9,GWO-ABE,88,0.5543196797370911,890
Kemerer,9,GWO-ABE,89,0.5542451739311218,900
Kemerer,9,GWO-ABE,90,0.5543012619018555,910
Kemerer,9,GWO-ABE,91,0.554245114326477,920
Kemerer,9,GWO-ABE,92,0.5539509654045105,930
Kemerer,9,GWO-ABE,93,0.5540851354598999,940
Kemerer,9,GWO-ABE,94,0.554166316986084,950
Kemerer,9,GWO-ABE,95,0.5541648864746094,960
Kemerer,9,GWO-ABE,96,0.5541009306907654,970
Kemerer,9,GWO-ABE,97,0.5541111826896667,980
Kemerer,9,GWO-ABE,98,0.5542119741439819,990
Kemerer,9,GWO-ABE,99,0.5541409254074097,1000
Kemerer,9,WOA-ABE,0,0.5696083307266235,10
Kemerer,9,WOA-ABE,1,0.5696083307266235,20
Kemerer,9,WOA-ABE,2,0.5695754885673523,30
Kemerer,9,WOA-ABE,3,0.5685571432113647,40
Kemerer,9,WOA-ABE,4,0.5685571432113647,50
Kemerer,9,WOA-ABE,5,0.5624539256095886,60
Kemerer,9,WOA-ABE,6,0.5612963438034058,70
Kemerer,9,WOA-ABE,7,0.5608564615249634,80
Kemerer,9,WOA-ABE,8,0.5608564615249634,90
Kemerer,9,WOA-ABE,9,0.5603229403495789,100
Kemerer,9,WOA-ABE,10,0.5597696304321289,110
Kemerer,9,WOA-ABE,11,0.5597696304321289,120
Kemerer,9,WOA-ABE,12,0.5585153102874756,130
Kemerer,9,WOA-ABE,13,0.5585153102874756,140
Kemerer,9,WOA-ABE,14,0.5585153102874756,150
Kemerer,9,WOA-ABE,15,0.5585153102874756,160
Kemerer,9,WOA-ABE,16,0.5585153102874756,170
Kemerer,9,WOA-ABE,17,0.5583652257919312,180
Kemerer,9,WOA-ABE,18,0.5583652257919312,190
Kemerer,9,WOA-ABE,19,0.5582274794578552,200
Kemerer,9,WOA-ABE,20,0.5581308603286743,210
Kemerer,9,WOA-ABE,21,0.5581308603286743,220
Kemerer,9,WOA-ABE,22,0.5580300092697144,230
Kemerer,9,WOA-ABE,23,0.5580300092697144,240
Kemerer,9,WOA-ABE,24,0.5578638315200806,250
Kemerer,9,WOA-ABE,25,0.5576356649398804,260
Kemerer,9,WOA-ABE,26,0.5572928786277771,270
Kemerer,9,WOA-ABE,27,0.5572928786277771,280
Kemerer,9,WOA-ABE,28,0.5572928786277771,290
Kemerer,9,WOA-ABE,29,0.5555512309074402,300
Kemerer,9,WOA-ABE,30,0.5555512309074402,310
Kemerer,9,WOA-ABE,31,0.55540531873703,320
Kemerer,9,WOA-ABE,32,0.55540531873703,330
Kemerer,9,WOA-ABE,33,0.5553550124168396,340
Kemerer,9,WOA-ABE,34,0.5550142526626587,350
Kemerer,9,WOA-ABE,35,0.5550142526626587,360
Kemerer,9,WOA-ABE,36,0.5550142526626587,370
Kemerer,9,WOA-ABE,37,0.5550142526626587,380
Kemerer,9,WOA-ABE,38,0.5550121068954468,390
Kemerer,9,WOA-ABE,39,0.5548978447914124,400
Kemerer,9,WOA-ABE,40,0.5544675588607788,410
Kemerer,9,WOA-ABE,41,0.5544675588607788,420
Kemerer,9,WOA-ABE,42,0.5543931722640991,430
Kemerer,9,WOA-ABE,43,0.5543931722640991,440
Kemerer,9,WOA-ABE,44,0.5541262626647949,450
Kemerer,9,WOA-ABE,45,0.5541262626647949,460
Kemerer,9,WOA-ABE,46,0.5541262626647949,470
Kemerer,9,WOA-ABE,47,0.5541262626647949,480
Kemerer,9,WOA-ABE,48,0.5541252493858337,490
Kemerer,9,WOA-ABE,49,0.554080069065094,500
Kemerer,9,WOA-ABE,50,0.554072380065918,510
Kemerer,9,WOA-ABE,51,0.554072380065918,520
Kemerer,9,WOA-ABE,52,0.554072380065918,530
Kemerer,9,WOA-ABE,53,0.554027259349823,540
Kemerer,9,WOA-ABE,54,0.554027259349823,550
Kemerer,9,WOA-ABE,55,0.554027259349823,560
Kemerer,9,WOA-ABE,56,0.5540173053741455,570
Kemerer,9,WOA-ABE,57,0.5540173053741455,580
Kemerer,9,WOA-ABE,58,0.5540014505386353,590
Kemerer,9,WOA-ABE,59,0.5540014505386353,600
Kemerer,9,WOA-ABE,60,0.553931713104248,610
Kemerer,9,WOA-ABE,61,0.5538241267204285,620
Kemerer,9,WOA-ABE,62,0.5538241267204285,630
Kemerer,9,WOA-ABE,63,0.5538241267204285,640
Kemerer,9,WOA-ABE,64,0.5537869930267334,650
Kemerer,9,WOA-ABE,65,0.5537869930267334,660
Kemerer,9,WOA-ABE,66,0.5537869930267334,670
Kemerer,9,WOA-ABE,67,0.5537675023078918,680
Kemerer,9,WOA-ABE,68,0.5537675023078918,690
Kemerer,9,WOA-ABE,69,0.5537675023078918,700
Kemerer,9,WOA-ABE,70,0.5537675023078918,710
Kemerer,9,WOA-ABE,71,0.5537675023078918,720
Kemerer,9,WOA-ABE,72,0.5537675023078918,730
Kemerer,9,WOA-ABE,73,0.5537675023078918,740
Kemerer,9,WOA-ABE,74,0.5537635684013367,750
Kemerer,9,WOA-ABE,75,0.5537630319595337,760
Kemerer,9,WOA-ABE,76,0.5537630319595337,770
Kemerer,9,WOA-ABE,77,0.5537630319595337,780
Kemerer,9,WOA-ABE,78,0.5537630319595337,790
Kemerer,9,WOA-ABE,79,0.5537291765213013,800
Kemerer,9,WOA-ABE,80,0.5537291765213013,810
Kemerer,9,WOA-ABE,81,0.5537289381027222,820
Kemerer,9,WOA-ABE,82,0.5537286996841431,830
Kemerer,9,WOA-ABE,83,0.5537286996841431,840
Kemerer,9,WOA-ABE,84,0.5537286996841431,850
Kemerer,9,WOA-ABE,85,0.5537286996841431,860
Kemerer,9,WOA-ABE,86,0.5537286996841431,870
Kemerer,9,WOA-ABE,87,0.5537219047546387,880
Kemerer,9,WOA-ABE,88,0.5537196397781372,890
Kemerer,9,WOA-ABE,89,0.5537196397781372,900
Kemerer,9,WOA-ABE,90,0.5536953210830688,910
Kemerer,9,WOA-ABE,91,0.5536953210830688,920
Kemerer,9,WOA-ABE,92,0.5536953210830688,930
Kemerer,9,WOA-ABE,93,0.5536953210830688,940
Kemerer,9,WOA-ABE,94,0.5536953210830688,950
Kemerer,9,WOA-ABE,95,0.5536942481994629,960
Kemerer,9,WOA-ABE,96,0.5536850094795227,970
Kemerer,9,WOA-ABE,97,0.5536850094795227,980
Kemerer,9,WOA-ABE,98,0.5536810159683228,990
Kemerer,9,WOA-ABE,99,0.5536810159683228,1000
Kemerer,9,FAABE,0,0.5705606937408447,10
Kemerer,9,FAABE,1,0.5700394511222839,20
Kemerer,9,FAABE,2,0.5652693510055542,30
Kemerer,9,FAABE,3,0.5652693510055542,40
Kemerer,9,FAABE,4,0.561202883720398,50
Kemerer,9,FAABE,5,0.5601566433906555,60
Kemerer,9,FAABE,6,0.5584308505058289,70
Kemerer,9,FAABE,7,0.5584308505058289,80
Kemerer,9,FAABE,8,0.5577331781387329,90
Kemerer,9,FAABE,9,0.5577331781387329,100
Kemerer,9,FAABE,10,0.5577331781387329,110
Kemerer,9,FAABE,11,0.5569144487380981,120
Kemerer,9,FAABE,12,0.5558170080184937,130
Kemerer,9,FAABE,13,0.5549594163894653,140
Kemerer,9,FAABE,14,0.5549594163894653,150
Kemerer,9,FAABE,15,0.5549594163894653,160
Kemerer,9,FAABE,16,0.5549594163894653,170
Kemerer,9,FAABE,17,0.5549594163894653,180
Kemerer,9,FAABE,18,0.5549091100692749,190
Kemerer,9,FAABE,19,0.5549091100692749,200
Kemerer,9,FAABE,20,0.5549091100692749,210
Kemerer,9,FAABE,21,0.5549091100692749,220
Kemerer,9,FAABE,22,0.5547038912773132,230
Kemerer,9,FAABE,23,0.5547038912773132,240
Kemerer,9,FAABE,24,0.554669201374054,250
Kemerer,9,FAABE,25,0.5541846752166748,260
Kemerer,9,FAABE,26,0.5541846752166748,270
Kemerer,9,FAABE,27,0.5541846752166748,280
Kemerer,9,FAABE,28,0.5541846752166748,290
Kemerer,9,FAABE,29,0.5541846752166748,300
Kemerer,9,FAABE,30,0.5541846752166748,310
Kemerer,9,FAABE,31,0.5541846752166748,320
Kemerer,9,FAABE,32,0.5541846752166748,330
Kemerer,9,FAABE,33,0.5541846752166748,340
Kemerer,9,FAABE,34,0.5541846752166748,350
Kemerer,9,FAABE,35,0.5541846752166748,360
Kemerer,9,FAABE,36,0.5541846752166748,370
Kemerer,9,FAABE,37,0.5541846752166748,380
Kemerer,9,FAABE,38,0.5541846752166748,390
Kemerer,9,FAABE,39,0.5541846752166748,400
Kemerer,9,FAABE,40,0.5541846752166748,410
Kemerer,9,FAABE,41,0.5541846752166748,420
Kemerer,9,FAABE,42,0.5541846752166748,430
Kemerer,9,FAABE,43,0.5541538000106812,440
Kemerer,9,FAABE,44,0.5541538000106812,450
Kemerer,9,FAABE,45,0.5541538000106812,460
Kemerer,9,FAABE,46,0.5541538000106812,470
Kemerer,9,FAABE,47,0.5541538000106812,480
Kemerer,9,FAABE,48,0.5541538000106812,490
Kemerer,9,FAABE,49,0.5541538000106812,500
Kemerer,9,FAABE,50,0.5541538000106812,510
Kemerer,9,FAABE,51,0.5541538000106812,520
Kemerer,9,FAABE,52,0.5541538000106812,530
Kemerer,9,FAABE,53,0.5524681806564331,540
Kemerer,9,FAABE,54,0.5524681806564331,550
Kemerer,9,FAABE,55,0.5524681806564331,560
Kemerer,9,FAABE,56,0.5524681806564331,570
Kemerer,9,FAABE,57,0.5524681806564331,580
Kemerer,9,FAABE,58,0.5524681806564331,590
Kemerer,9,FAABE,59,0.5524681806564331,600
Kemerer,9,FAABE,60,0.5524681806564331,610
Kemerer,9,FAABE,61,0.5524681806564331,620
Kemerer,9,FAABE,62,0.5524681806564331,630
Kemerer,9,FAABE,63,0.5524681806564331,640
Kemerer,9,FAABE,64,0.5524681806564331,650
Kemerer,9,FAABE,65,0.5524681806564331,660
Kemerer,9,FAABE,66,0.5524681806564331,670
Kemerer,9,FAABE,67,0.5524681806564331,680
Kemerer,9,FAABE,68,0.5524681806564331,690
Kemerer,9,FAABE,69,0.5524681806564331,700
Kemerer,9,FAABE,70,0.5524681806564331,710
Kemerer,9,FAABE,71,0.5524681806564331,720
Kemerer,9,FAABE,72,0.5524681806564331,730
Kemerer,9,FAABE,73,0.5524681806564331,740
Kemerer,9,FAABE,74,0.5524681806564331,750
Kemerer,9,FAABE,75,0.5524681806564331,760
Kemerer,9,FAABE,76,0.5524681806564331,770
Kemerer,9,FAABE,77,0.5524681806564331,780
Kemerer,9,FAABE,78,0.5524681806564331,790
Kemerer,9,FAABE,79,0.5524681806564331,800
Kemerer,9,FAABE,80,0.5524681806564331,810
Kemerer,9,FAABE,81,0.5524681806564331,820
Kemerer,9,FAABE,82,0.5524681806564331,830
Kemerer,9,FAABE,83,0.5524681806564331,840
Kemerer,9,FAABE,84,0.5524681806564331,850
Kemerer,9,FAABE,85,0.5524681806564331,860
Kemerer,9,FAABE,86,0.5524681806564331,870
Kemerer,9,FAABE,87,0.5524681806564331,880
Kemerer,9,FAABE,88,0.5524681806564331,890
Kemerer,9,FAABE,89,0.5524681806564331,900
Kemerer,9,FAABE,90,0.5524681806564331,910
Kemerer,9,FAABE,91,0.5524681806564331,920
Kemerer,9,FAABE,92,0.5524681806564331,930
Kemerer,9,FAABE,93,0.5524681806564331,940
Kemerer,9,FAABE,94,0.5524681806564331,950
Kemerer,9,FAABE,95,0.5524681806564331,960
Kemerer,9,FAABE,96,0.5524681806564331,970
Kemerer,9,FAABE,97,0.5524681806564331,980
Kemerer,9,FAABE,98,0.5524681806564331,990
Kemerer,9,FAABE,99,0.5524681806564331,1000
Kemerer,10,GA-ABE,0,0.4132436215877533,10
Kemerer,10,GA-ABE,1,0.4132436215877533,20
Kemerer,10,GA-ABE,2,0.4132436215877533,30
Kemerer,10,GA-ABE,3,0.4132436215877533,40
Kemerer,10,GA-ABE,4,0.4132436215877533,50
Kemerer,10,GA-ABE,5,0.4112289547920227,60
Kemerer,10,GA-ABE,6,0.4112289547920227,70
Kemerer,10,GA-ABE,7,0.4112289547920227,80
Kemerer,10,GA-ABE,8,0.41101008653640747,90
Kemerer,10,GA-ABE,9,0.41101008653640747,100
Kemerer,10,GA-ABE,10,0.41101008653640747,110
Kemerer,10,GA-ABE,11,0.41101008653640747,120
Kemerer,10,GA-ABE,12,0.41101008653640747,130
Kemerer,10,GA-ABE,13,0.41101008653640747,140
Kemerer,10,GA-ABE,14,0.41101008653640747,150
Kemerer,10,GA-ABE,15,0.41101008653640747,160
Kemerer,10,GA-ABE,16,0.41101008653640747,170
Kemerer,10,GA-ABE,17,0.41101008653640747,180
Kemerer,10,GA-ABE,18,0.41101008653640747,190
Kemerer,10,GA-ABE,19,0.41101008653640747,200
Kemerer,10,GA-ABE,20,0.41101008653640747,210
Kemerer,10,GA-ABE,21,0.41101008653640747,220
Kemerer,10,GA-ABE,22,0.41101008653640747,230
Kemerer,10,GA-ABE,23,0.4109914004802704,240
Kemerer,10,GA-ABE,24,0.4109683930873871,250
Kemerer,10,GA-ABE,25,0.4109683930873871,260
Kemerer,10,GA-ABE,26,0.4109683930873871,270
Kemerer,10,GA-ABE,27,0.4109683930873871,280
Kemerer,10,GA-ABE,28,0.4109683930873871,290
Kemerer,10,GA-ABE,29,0.4109683930873871,300
Kemerer,10,GA-ABE,30,0.4109683930873871,310
Kemerer,10,GA-ABE,31,0.4109683930873871,320
Kemerer,10,GA-ABE,32,0.41096818447113037,330
Kemerer,10,GA-ABE,33,0.41096818447113037,340
Kemerer,10,GA-ABE,34,0.41096818447113037,350
Kemerer,10,GA-ABE,35,0.41096818447113037,360
Kemerer,10,GA-ABE,36,0.41096818447113037,370
Kemerer,10,GA-ABE,37,0.41096818447113037,380
Kemerer,10,GA-ABE,38,0.41096818447113037,390
Kemerer,10,GA-ABE,39,0.41096818447113037,400
Kemerer,10,GA-ABE,40,0.41096818447113037,410
Kemerer,10,GA-ABE,41,0.41096818447113037,420
Kemerer,10,GA-ABE,42,0.41096818447113037,430
Kemerer,10,GA-ABE,43,0.41096818447113037,440
Kemerer,10,GA-ABE,44,0.41096818447113037,450
Kemerer,10,GA-ABE,45,0.41096818447113037,460
Kemerer,10,GA-ABE,46,0.41096818447113037,470
Kemerer,10,GA-ABE,47,0.41096818447113037,480
Kemerer,10,GA-ABE,48,0.41096818447113037,490
Kemerer,10,GA-ABE,49,0.41096818447113037,500
Kemerer,10,GA-ABE,50,0.41096818447113037,510
Kemerer,10,GA-ABE,51,0.41096818447113037,520
Kemerer,10,GA-ABE,52,0.41096818447113037,530
Kemerer,10,GA-ABE,53,0.41096818447113037,540
Kemerer,10,GA-ABE,54,0.41096818447113037,550
Kemerer,10,GA-ABE,55,0.41096818447113037,560
Kemerer,10,GA-ABE,56,0.41096818447113037,570
Kemerer,10,GA-ABE,57,0.41096818447113037,580
Kemerer,10,GA-ABE,58,0.41096818447113037,590
Kemerer,10,GA-ABE,59,0.41096818447113037,600
Kemerer,10,GA-ABE,60,0.41096818447113037,610
Kemerer,10,GA-ABE,61,0.41096818447113037,620
Kemerer,10,GA-ABE,62,0.41096818447113037,630
Kemerer,10,GA-ABE,63,0.41096818447113037,640
Kemerer,10,GA-ABE,64,0.41096818447113037,650
Kemerer,10,GA-ABE,65,0.41096818447113037,660
Kemerer,10,GA-ABE,66,0.41096818447113037,670
Kemerer,10,GA-ABE,67,0.41096818447113037,680
Kemerer,10,GA-ABE,68,0.41096818447113037,690
Kemerer,10,GA-ABE,69,0.41096818447113037,700
Kemerer,10,GA-ABE,70,0.41096818447113037,710
Kemerer,10,GA-ABE,71,0.41096818447113037,720
Kemerer,10,GA-ABE,72,0.41096818447113037,730
Kemerer,10,GA-ABE,73,0.41096818447113037,740
Kemerer,10,GA-ABE,74,0.41096818447113037,750
Kemerer,10,GA-ABE,75,0.41096818447113037,760
Kemerer,10,GA-ABE,76,0.41096818447113037,770
Kemerer,10,GA-ABE,77,0.41096818447113037,780
Kemerer,10,GA-ABE,78,0.41096818447113037,790
Kemerer,10,GA-ABE,79,0.41096818447113037,800
Kemerer,10,GA-ABE,80,0.41096818447113037,810
Kemerer,10,GA-ABE,81,0.41096818447113037,820
Kemerer,10,GA-ABE,82,0.41096818447113037,830
Kemerer,10,GA-ABE,83,0.41096818447113037,840
Kemerer,10,GA-ABE,84,0.41096818447113037,850
Kemerer,10,GA-ABE,85,0.41096818447113037,860
Kemerer,10,GA-ABE,86,0.41096818447113037,870
Kemerer,10,GA-ABE,87,0.41096818447113037,880
Kemerer,10,GA-ABE,88,0.41096818447113037,890
Kemerer,10,GA-ABE,89,0.41096818447113037,900
Kemerer,10,GA-ABE,90,0.41096818447113037,910
Kemerer,10,GA-ABE,91,0.41096818447113037,920
Kemerer,10,GA-ABE,92,0.41096818447113037,930
Kemerer,10,GA-ABE,93,0.41096818447113037,940
Kemerer,10,GA-ABE,94,0.41096818447113037,950
Kemerer,10,GA-ABE,95,0.41096818447113037,960
Kemerer,10,GA-ABE,96,0.41096818447113037,970
Kemerer,10,GA-ABE,97,0.41096818447113037,980
Kemerer,10,GA-ABE,98,0.41096818447113037,990
Kemerer,10,GA-ABE,99,0.41096818447113037,1000
Kemerer,10,PSO-ABE,0,0.4423660635948181,10
Kemerer,10,PSO-ABE,1,0.4423660635948181,20
Kemerer,10,PSO-ABE,2,0.43228620290756226,30
Kemerer,10,PSO-ABE,3,0.41377004981040955,40
Kemerer,10,PSO-ABE,4,0.41377004981040955,50
Kemerer,10,PSO-ABE,5,0.41377004981040955,60
Kemerer,10,PSO-ABE,6,0.41197648644447327,70
Kemerer,10,PSO-ABE,7,0.41197648644447327,80
Kemerer,10,PSO-ABE,8,0.41197648644447327,90
Kemerer,10,PSO-ABE,9,0.41197648644447327,100
Kemerer,10,PSO-ABE,10,0.4118654131889343,110
Kemerer,10,PSO-ABE,11,0.4118654131889343,120
Kemerer,10,PSO-ABE,12,0.4116445481777191,130
Kemerer,10,PSO-ABE,13,0.4116445481777191,140
Kemerer,10,PSO-ABE,14,0.4116445481777191,150
Kemerer,10,PSO-ABE,15,0.4116445481777191,160
Kemerer,10,PSO-ABE,16,0.4116445481777191,170
Kemerer,10,PSO-ABE,17,0.4113876223564148,180
Kemerer,10,PSO-ABE,18,0.4113876223564148,190
Kemerer,10,PSO-ABE,19,0.4106398820877075,200
Kemerer,10,PSO-ABE,20,0.4106353223323822,210
Kemerer,10,PSO-ABE,21,0.4106353223323822,220
Kemerer,10,PSO-ABE,22,0.4106353223323822,230
Kemerer,10,PSO-ABE,23,0.4106353223323822,240
Kemerer,10,PSO-ABE,24,0.4106353223323822,250
Kemerer,10,PSO-ABE,25,0.4106353223323822,260
Kemerer,10,PSO-ABE,26,0.4106353223323822,270
Kemerer,10,PSO-ABE,27,0.4106353223323822,280
Kemerer,10,PSO-ABE,28,0.4106353223323822,290
Kemerer,10,PSO-ABE,29,0.4106353223323822,300
Kemerer,10,PSO-ABE,30,0.4106353223323822,310
Kemerer,10,PSO-ABE,31,0.4106353223323822,320
Kemerer,10,PSO-ABE,32,0.4106353223323822,330
Kemerer,10,PSO-ABE,33,0.4106353223323822,340
Kemerer,10,PSO-ABE,34,0.4106353223323822,350
Kemerer,10,PSO-ABE,35,0.4106353223323822,360
Kemerer,10,PSO-ABE,36,0.4106353223323822,370
Kemerer,10,PSO-ABE,37,0.4106353223323822,380
Kemerer,10,PSO-ABE,38,0.4106353223323822,390
Kemerer,10,PSO-ABE,39,0.4106353223323822,400
Kemerer,10,PSO-ABE,40,0.4106353223323822,410
Kemerer,10,PSO-ABE,41,0.4106353223323822,420
Kemerer,10,PSO-ABE,42,0.4106353223323822,430
Kemerer,10,PSO-ABE,43,0.4106353223323822,440
Kemerer,10,PSO-ABE,44,0.4106353223323822,450
Kemerer,10,PSO-ABE,45,0.4106353223323822,460
Kemerer,10,PSO-ABE,46,0.4106353223323822,470
Kemerer,10,PSO-ABE,47,0.4106353223323822,480
Kemerer,10,PSO-ABE,48,0.4106353223323822,490
Kemerer,10,PSO-ABE,49,0.4106319844722748,500
Kemerer,10,PSO-ABE,50,0.4106319844722748,510
Kemerer,10,PSO-ABE,51,0.4106319844722748,520
Kemerer,10,PSO-ABE,52,0.4106319844722748,530
Kemerer,10,PSO-ABE,53,0.4106319844722748,540
Kemerer,10,PSO-ABE,54,0.4106319844722748,550
Kemerer,10,PSO-ABE,55,0.4106294512748718,560
Kemerer,10,PSO-ABE,56,0.4106294512748718,570
Kemerer,10,PSO-ABE,57,0.4106294512748718,580
Kemerer,10,PSO-ABE,58,0.4106294512748718,590
Kemerer,10,PSO-ABE,59,0.4106294512748718,600
Kemerer,10,PSO-ABE,60,0.41062894463539124,610
Kemerer,10,PSO-ABE,61,0.41062894463539124,620
Kemerer,10,PSO-ABE,62,0.41062894463539124,630
Kemerer,10,PSO-ABE,63,0.4106282591819763,640
Kemerer,10,PSO-ABE,64,0.4106282591819763,650
Kemerer,10,PSO-ABE,65,0.4106282591819763,660
Kemerer,10,PSO-ABE,66,0.4106282591819763,670
Kemerer,10,PSO-ABE,67,0.4106282591819763,680
Kemerer,10,PSO-ABE,68,0.4106282591819763,690
Kemerer,10,PSO-ABE,69,0.4106282591819763,700
Kemerer,10,PSO-ABE,70,0.4106282591819763,710
Kemerer,10,PSO-ABE,71,0.4106282591819763,720
Kemerer,10,PSO-ABE,72,0.4106282591819763,730
Kemerer,10,PSO-ABE,73,0.4106282591819763,740
Kemerer,10,PSO-ABE,74,0.41062822937965393,750
Kemerer,10,PSO-ABE,75,0.41062822937965393,760
Kemerer,10,PSO-ABE,76,0.41062822937965393,770
Kemerer,10,PSO-ABE,77,0.41062822937965393,780
Kemerer,10,PSO-ABE,78,0.41062822937965393,790
Kemerer,10,PSO-ABE,79,0.41062822937965393,800
Kemerer,10,PSO-ABE,80,0.41062819957733154,810
Kemerer,10,PSO-ABE,81,0.41062819957733154,820
Kemerer,10,PSO-ABE,82,0.41062819957733154,830
Kemerer,10,PSO-ABE,83,0.41062819957733154,840
Kemerer,10,PSO-ABE,84,0.41062819957733154,850
Kemerer,10,PSO-ABE,85,0.41062819957733154,860
Kemerer,10,PSO-ABE,86,0.41062819957733154,870
Kemerer,10,PSO-ABE,87,0.41062819957733154,880
Kemerer,10,PSO-ABE,88,0.41062819957733154,890
Kemerer,10,PSO-ABE,89,0.41062819957733154,900
Kemerer,10,PSO-ABE,90,0.41062819957733154,910
Kemerer,10,PSO-ABE,91,0.41062819957733154,920
Kemerer,10,PSO-ABE,92,0.41062819957733154,930
Kemerer,10,PSO-ABE,93,0.41062819957733154,940
Kemerer,10,PSO-ABE,94,0.41062819957733154,950
Kemerer,10,PSO-ABE,95,0.41062819957733154,960
Kemerer,10,PSO-ABE,96,0.41062819957733154,970
Kemerer,10,PSO-ABE,97,0.41062819957733154,980
Kemerer,10,PSO-ABE,98,0.41062819957733154,990
Kemerer,10,PSO-ABE,99,0.41062819957733154,1000
Kemerer,10,DE-ABE,0,0.4514218270778656,10
Kemerer,10,DE-ABE,1,0.4320630133152008,20
Kemerer,10,DE-ABE,2,0.42427775263786316,30
Kemerer,10,DE-ABE,3,0.42427775263786316,40
Kemerer,10,DE-ABE,4,0.42427775263786316,50
Kemerer,10,DE-ABE,5,0.42427775263786316,60
Kemerer,10,DE-ABE,6,0.42427775263786316,70
Kemerer,10,DE-ABE,7,0.42407336831092834,80
Kemerer,10,DE-ABE,8,0.42161473631858826,90
Kemerer,10,DE-ABE,9,0.42161473631858826,100
Kemerer,10,DE-ABE,10,0.4182104766368866,110
Kemerer,10,DE-ABE,11,0.417065292596817,120
Kemerer,10,DE-ABE,12,0.4140956997871399,130
Kemerer,10,DE-ABE,13,0.4132065176963806,140
Kemerer,10,DE-ABE,14,0.41299355030059814,150
Kemerer,10,DE-ABE,15,0.4114540219306946,160
Kemerer,10,DE-ABE,16,0.4114540219306946,170
Kemerer,10,DE-ABE,17,0.4114540219306946,180
Kemerer,10,DE-ABE,18,0.4114540219306946,190
Kemerer,10,DE-ABE,19,0.4114540219306946,200
Kemerer,10,DE-ABE,20,0.4114540219306946,210
Kemerer,10,DE-ABE,21,0.4114540219306946,220
Kemerer,10,DE-ABE,22,0.41140180826187134,230
Kemerer,10,DE-ABE,23,0.41140180826187134,240
Kemerer,10,DE-ABE,24,0.41139355301856995,250
Kemerer,10,DE-ABE,25,0.4113837778568268,260
Kemerer,10,DE-ABE,26,0.4113837778568268,270
Kemerer,10,DE-ABE,27,0.4113837778568268,280
Kemerer,10,DE-ABE,28,0.4113837778568268,290
Kemerer,10,DE-ABE,29,0.4113837778568268,300
Kemerer,10,DE-ABE,30,0.4113837778568268,310
Kemerer,10,DE-ABE,31,0.4113794267177582,320
Kemerer,10,DE-ABE,32,0.41137397289276123,330
Kemerer,10,DE-ABE,33,0.4113728702068329,340
Kemerer,10,DE-ABE,34,0.411371111869812,350
Kemerer,10,DE-ABE,35,0.411371111869812,360
Kemerer,10,DE-ABE,36,0.411371111869812,370
Kemerer,10,DE-ABE,37,0.411371111869812,380
Kemerer,10,DE-ABE,38,0.411371111869812,390
Kemerer,10,DE-ABE,39,0.411371111869812,400
Kemerer,10,DE-ABE,40,0.41137105226516724,410
Kemerer,10,DE-ABE,41,0.41137105226516724,420
Kemerer,10,DE-ABE,42,0.41137105226516724,430
Kemerer,10,DE-ABE,43,0.41137105226516724,440
Kemerer,10,DE-ABE,44,0.41137105226516724,450
Kemerer,10,DE-ABE,45,0.41137105226516724,460
Kemerer,10,DE-ABE,46,0.41137105226516724,470
Kemerer,10,DE-ABE,47,0.41137105226516724,480
Kemerer,10,DE-ABE,48,0.41137105226516724,490
Kemerer,10,DE-ABE,49,0.41137105226516724,500
Kemerer,10,DE-ABE,50,0.41137102246284485,510
Kemerer,10,DE-ABE,51,0.41137102246284485,520
Kemerer,10,DE-ABE,52,0.41137102246284485,530
Kemerer,10,DE-ABE,53,0.41137102246284485,540
Kemerer,10,DE-ABE,54,0.41137102246284485,550
Kemerer,10,DE-ABE,55,0.41137102246284485,560
Kemerer,10,DE-ABE,56,0.41137102246284485,570
Kemerer,10,DE-ABE,57,0.41137102246284485,580
Kemerer,10,DE-ABE,58,0.41137102246284485,590
Kemerer,10,DE-ABE,59,0.41137102246284485,600
Kemerer,10,DE-ABE,60,0.41137102246284485,610
Kemerer,10,DE-ABE,61,0.41137102246284485,620
Kemerer,10,DE-ABE,62,0.41137102246284485,630
Kemerer,10,DE-ABE,63,0.41137102246284485,640
Kemerer,10,DE-ABE,64,0.41137102246284485,650
Kemerer,10,DE-ABE,65,0.41137102246284485,660
Kemerer,10,DE-ABE,66,0.41137102246284485,670
Kemerer,10,DE-ABE,67,0.41137102246284485,680
Kemerer,10,DE-ABE,68,0.41137102246284485,690
Kemerer,10,DE-ABE,69,0.41137102246284485,700
Kemerer,10,DE-ABE,70,0.41137102246284485,710
Kemerer,10,DE-ABE,71,0.41137102246284485,720
Kemerer,10,DE-ABE,72,0.41137102246284485,730
Kemerer,10,DE-ABE,73,0.41137102246284485,740
Kemerer,10,DE-ABE,74,0.41137102246284485,750
Kemerer,10,DE-ABE,75,0.41137102246284485,760
Kemerer,10,DE-ABE,76,0.41137102246284485,770
Kemerer,10,DE-ABE,77,0.41137102246284485,780
Kemerer,10,DE-ABE,78,0.41137102246284485,790
Kemerer,10,DE-ABE,79,0.41137102246284485,800
Kemerer,10,DE-ABE,80,0.41137102246284485,810
Kemerer,10,DE-ABE,81,0.41137102246284485,820
Kemerer,10,DE-ABE,82,0.41137102246284485,830
Kemerer,10,DE-ABE,83,0.41137102246284485,840
Kemerer,10,DE-ABE,84,0.41137102246284485,850
Kemerer,10,DE-ABE,85,0.41137102246284485,860
Kemerer,10,DE-ABE,86,0.41137102246284485,870
Kemerer,10,DE-ABE,87,0.41137102246284485,880
Kemerer,10,DE-ABE,88,0.41137102246284485,890
Kemerer,10,DE-ABE,89,0.41137102246284485,900
Kemerer,10,DE-ABE,90,0.41137102246284485,910
Kemerer,10,DE-ABE,91,0.41137102246284485,920
Kemerer,10,DE-ABE,92,0.41137102246284485,930
Kemerer,10,DE-ABE,93,0.41137102246284485,940
Kemerer,10,DE-ABE,94,0.41137102246284485,950
Kemerer,10,DE-ABE,95,0.41137102246284485,960
Kemerer,10,DE-ABE,96,0.41137102246284485,970
Kemerer,10,DE-ABE,97,0.41137102246284485,980
Kemerer,10,DE-ABE,98,0.41137102246284485,990
Kemerer,10,DE-ABE,99,0.41137102246284485,1000
Kemerer,10,GWO-ABE,0,0.42398801445961,10
Kemerer,10,GWO-ABE,1,0.422512948513031,20
Kemerer,10,GWO-ABE,2,0.4214268624782562,30
Kemerer,10,GWO-ABE,3,0.41250863671302795,40
Kemerer,10,GWO-ABE,4,0.4133145213127136,50
Kemerer,10,GWO-ABE,5,0.41497987508773804,60
Kemerer,10,GWO-ABE,6,0.41408732533454895,70
Kemerer,10,GWO-ABE,7,0.41537925601005554,80
Kemerer,10,GWO-ABE,8,0.42263755202293396,90
Kemerer,10,GWO-ABE,9,0.42234259843826294,100
Kemerer,10,GWO-ABE,10,0.41344472765922546,110
Kemerer,10,GWO-ABE,11,0.41998156905174255,120
Kemerer,10,GWO-ABE,12,0.423350989818573,130
Kemerer,10,GWO-ABE,13,0.4148063063621521,140
Kemerer,10,GWO-ABE,14,0.4243912398815155,150
Kemerer,10,GWO-ABE,15,0.4130476415157318,160
Kemerer,10,GWO-ABE,16,0.4126053750514984,170
Kemerer,10,GWO-ABE,17,0.4169055223464966,180
Kemerer,10,GWO-ABE,18,0.42316359281539917,190
Kemerer,10,GWO-ABE,19,0.4173392057418823,200
Kemerer,10,GWO-ABE,20,0.42080461978912354,210
Kemerer,10,GWO-ABE,21,0.4220370054244995,220
Kemerer,10,GWO-ABE,22,0.413072794675827,230
Kemerer,10,GWO-ABE,23,0.41323572397232056,240
Kemerer,10,GWO-ABE,24,0.42383936047554016,250
Kemerer,10,GWO-ABE,25,0.41782939434051514,260
Kemerer,10,GWO-ABE,26,0.41294610500335693,270
Kemerer,10,GWO-ABE,27,0.4125414788722992,280
Kemerer,10,GWO-ABE,28,0.41298091411590576,290
Kemerer,10,GWO-ABE,29,0.41340720653533936,300
Kemerer,10,GWO-ABE,30,0.4140152037143707,310
Kemerer,10,GWO-ABE,31,0.4136711061000824,320
Kemerer,10,GWO-ABE,32,0.4138793349266052,330
Kemerer,10,GWO-ABE,33,0.4123322367668152,340
Kemerer,10,GWO-ABE,34,0.41082075238227844,350
Kemerer,10,GWO-ABE,35,0.4125843346118927,360
Kemerer,10,GWO-ABE,36,0.4108887314796448,370
Kemerer,10,GWO-ABE,37,0.416795939207077,380
Kemerer,10,GWO-ABE,38,0.41307586431503296,390
Kemerer,10,GWO-ABE,39,0.41262251138687134,400
Kemerer,10,GWO-ABE,40,0.4122692048549652,410
Kemerer,10,GWO-ABE,41,0.41193312406539917,420
Kemerer,10,GWO-ABE,42,0.41305482387542725,430
Kemerer,10,GWO-ABE,43,0.41199490427970886,440
Kemerer,10,GWO-ABE,44,0.4133310914039612,450
Kemerer,10,GWO-ABE,45,0.4119167625904083,460
Kemerer,10,GWO-ABE,46,0.41257694363594055,470
Kemerer,10,GWO-ABE,47,0.4120595157146454,480
Kemerer,10,GWO-ABE,48,0.41289570927619934,490
Kemerer,10,GWO-ABE,49,0.41194072365760803,500
Kemerer,10,GWO-ABE,50,0.41315728425979614,510
Kemerer,10,GWO-ABE,51,0.4139278531074524,520
Kemerer,10,GWO-ABE,52,0.41389569640159607,530
Kemerer,10,GWO-ABE,53,0.4107974171638489,540
Kemerer,10,GWO-ABE,54,0.41275277733802795,550
Kemerer,10,GWO-ABE,55,0.41296708583831787,560
Kemerer,10,GWO-ABE,56,0.41267651319503784,570
Kemerer,10,GWO-ABE,57,0.41194042563438416,580
Kemerer,10,GWO-ABE,58,0.41354936361312866,590
Kemerer,10,GWO-ABE,59,0.4140254259109497,600
Kemerer,10,GWO-ABE,60,0.412501722574234,610
Kemerer,10,GWO-ABE,61,0.41242149472236633,620
Kemerer,10,GWO-ABE,62,0.4127005934715271,630
Kemerer,10,GWO-ABE,63,0.41262853145599365,640
Kemerer,10,GWO-ABE,64,0.4119414687156677,650
Kemerer,10,GWO-ABE,65,0.41186898946762085,660
Kemerer,10,GWO-ABE,66,0.4121297597885132,670
Kemerer,10,GWO-ABE,67,0.4126594364643097,680
Kemerer,10,GWO-ABE,68,0.411973774433136,690
Kemerer,10,GWO-ABE,69,0.41171759366989136,700
Kemerer,10,GWO-ABE,70,0.4117749333381653,710
Kemerer,10,GWO-ABE,71,0.41174954175949097,720
Kemerer,10,GWO-ABE,72,0.4120285212993622,730
Kemerer,10,GWO-ABE,73,0.41193851828575134,740
Kemerer,10,GWO-ABE,74,0.41174331307411194,750
Kemerer,10,GWO-ABE,75,0.41258519887924194,760
Kemerer,10,GWO-ABE,76,0.4126133322715759,770
Kemerer,10,GWO-ABE,77,0.41272369027137756,780
Kemerer,10,GWO-ABE,78,0.41201135516166687,790
Kemerer,10,GWO-ABE,79,0.4116385579109192,800
Kemerer,10,GWO-ABE,80,0.411681592464447,810
Kemerer,10,GWO-ABE,81,0.41172081232070923,820
Kemerer,10,GWO-ABE,82,0.41187843680381775,830
Kemerer,10,GWO-ABE,83,0.4118327498435974,840
Kemerer,10,GWO-ABE,84,0.41166672110557556,850
Kemerer,10,GWO-ABE,85,0.41166621446609497,860
Kemerer,10,GWO-ABE,86,0.41183745861053467,870
Kemerer,10,GWO-ABE,87,0.41198256611824036,880
Kemerer,10,GWO-ABE,88,0.41174978017807007,890
Kemerer,10,GWO-ABE,89,0.41248294711112976,900
Kemerer,10,GWO-ABE,90,0.41232064366340637,910
Kemerer,10,GWO-ABE,91,0.41164863109588623,920
Kemerer,10,GWO-ABE,92,0.4117579162120819,930
Kemerer,10,GWO-ABE,93,0.411737859249115,940
Kemerer,10,GWO-ABE,94,0.41181308031082153,950
Kemerer,10,GWO-ABE,95,0.41168323159217834,960
Kemerer,10,GWO-ABE,96,0.41164249181747437,970
Kemerer,10,GWO-ABE,97,0.4117930829524994,980
Kemerer,10,GWO-ABE,98,0.4117160737514496,990
Kemerer,10,GWO-ABE,99,0.41164931654930115,1000
Kemerer,10,WOA-ABE,0,0.45223915576934814,10
Kemerer,10,WOA-ABE,1,0.44279760122299194,20
Kemerer,10,WOA-ABE,2,0.4167267680168152,30
Kemerer,10,WOA-ABE,3,0.41368117928504944,40
Kemerer,10,WOA-ABE,4,0.41368117928504944,50
Kemerer,10,WOA-ABE,5,0.41145795583724976,60
Kemerer,10,WOA-ABE,6,0.41145795583724976,70
Kemerer,10,WOA-ABE,7,0.41145795583724976,80
Kemerer,10,WOA-ABE,8,0.41145795583724976,90
Kemerer,10,WOA-ABE,9,0.41145333647727966,100
Kemerer,10,WOA-ABE,10,0.41141441464424133,110
Kemerer,10,WOA-ABE,11,0.41141441464424133,120
Kemerer,10,WOA-ABE,12,0.41141441464424133,130
Kemerer,10,WOA-ABE,13,0.41141441464424133,140
Kemerer,10,WOA-ABE,14,0.4114101231098175,150
Kemerer,10,WOA-ABE,15,0.4113999307155609,160
Kemerer,10,WOA-ABE,16,0.4113999307155609,170
Kemerer,10,WOA-ABE,17,0.4113999307155609,180
Kemerer,10,WOA-ABE,18,0.4113999307155609,190
Kemerer,10,WOA-ABE,19,0.4113999307155609,200
Kemerer,10,WOA-ABE,20,0.4113999307155609,210
Kemerer,10,WOA-ABE,21,0.4113999307155609,220
Kemerer,10,WOA-ABE,22,0.4113999307155609,230
Kemerer,10,WOA-ABE,23,0.4113999307155609,240
Kemerer,10,WOA-ABE,24,0.4113999307155609,250
Kemerer,10,WOA-ABE,25,0.4113999307155609,260
Kemerer,10,WOA-ABE,26,0.41138923168182373,270
Kemerer,10,WOA-ABE,27,0.411386102437973,280
Kemerer,10,WOA-ABE,28,0.411386102437973,290
Kemerer,10,WOA-ABE,29,0.411386102437973,300
Kemerer,10,WOA-ABE,30,0.411386102437973,310
Kemerer,10,WOA-ABE,31,0.411386102437973,320
Kemerer,10,WOA-ABE,32,0.411386102437973,330
Kemerer,10,WOA-ABE,33,0.4113735556602478,340
Kemerer,10,WOA-ABE,34,0.4113735556602478,350
Kemerer,10,WOA-ABE,35,0.4113735556602478,360
Kemerer,10,WOA-ABE,36,0.4113735556602478,370
Kemerer,10,WOA-ABE,37,0.4113735556602478,380
Kemerer,10,WOA-ABE,38,0.4113735556602478,390
Kemerer,10,WOA-ABE,39,0.4113735556602478,400
Kemerer,10,WOA-ABE,40,0.4113735556602478,410
Kemerer,10,WOA-ABE,41,0.41137340664863586,420
Kemerer,10,WOA-ABE,42,0.41137340664863586,430
Kemerer,10,WOA-ABE,43,0.41137322783470154,440
Kemerer,10,WOA-ABE,44,0.41137322783470154,450
Kemerer,10,WOA-ABE,45,0.41137200593948364,460
Kemerer,10,WOA-ABE,46,0.41137200593948364,470
Kemerer,10,WOA-ABE,47,0.4113718569278717,480
Kemerer,10,WOA-ABE,48,0.4113715589046478,490
Kemerer,10,WOA-ABE,49,0.4113715589046478,500
Kemerer,10,WOA-ABE,50,0.4113715589046478,510
Kemerer,10,WOA-ABE,51,0.41137129068374634,520
Kemerer,10,WOA-ABE,52,0.41137129068374634,530
Kemerer,10,WOA-ABE,53,0.41137129068374634,540
Kemerer,10,WOA-ABE,54,0.41137129068374634,550
Kemerer,10,WOA-ABE,55,0.41137129068374634,560
Kemerer,10,WOA-ABE,56,0.41137129068374634,570
Kemerer,10,WOA-ABE,57,0.41137129068374634,580
Kemerer,10,WOA-ABE,58,0.411371111869812,590
Kemerer,10,WOA-ABE,59,0.411371111869812,600
Kemerer,10,WOA-ABE,60,0.411371111869812,610
Kemerer,10,WOA-ABE,61,0.411371111869812,620
Kemerer,10,WOA-ABE,62,0.411371111869812,630
Kemerer,10,WOA-ABE,63,0.411371111869812,640
Kemerer,10,WOA-ABE,64,0.411371111869812,650
Kemerer,10,WOA-ABE,65,0.411371111869812,660
Kemerer,10,WOA-ABE,66,0.411371111869812,670
Kemerer,10,WOA-ABE,67,0.411371111869812,680
Kemerer,10,WOA-ABE,68,0.411371111869812,690
Kemerer,10,WOA-ABE,69,0.411371111869812,700
Kemerer,10,WOA-ABE,70,0.411371111869812,710
Kemerer,10,WOA-ABE,71,0.41069716215133667,720
Kemerer,10,WOA-ABE,72,0.41069716215133667,730
Kemerer,10,WOA-ABE,73,0.41067376732826233,740
Kemerer,10,WOA-ABE,74,0.41067376732826233,750
Kemerer,10,WOA-ABE,75,0.41067376732826233,760
Kemerer,10,WOA-ABE,76,0.41067376732826233,770
Kemerer,10,WOA-ABE,77,0.41065675020217896,780
Kemerer,10,WOA-ABE,78,0.4106346666812897,790
Kemerer,10,WOA-ABE,79,0.4106346666812897,800
Kemerer,10,WOA-ABE,80,0.4106346666812897,810
Kemerer,10,WOA-ABE,81,0.41063129901885986,820
Kemerer,10,WOA-ABE,82,0.41063129901885986,830
Kemerer,10,WOA-ABE,83,0.41063129901885986,840
Kemerer,10,WOA-ABE,84,0.41063129901885986,850
Kemerer,10,WOA-ABE,85,0.41063129901885986,860
Kemerer,10,WOA-ABE,86,0.41063129901885986,870
Kemerer,10,WOA-ABE,87,0.4106304943561554,880
Kemerer,10,WOA-ABE,88,0.4106304943561554,890
Kemerer,10,WOA-ABE,89,0.4106304943561554,900
Kemerer,10,WOA-ABE,90,0.4106304943561554,910
Kemerer,10,WOA-ABE,91,0.4106293320655823,920
Kemerer,10,WOA-ABE,92,0.4106293320655823,930
Kemerer,10,WOA-ABE,93,0.4106293320655823,940
Kemerer,10,WOA-ABE,94,0.4106293320655823,950
Kemerer,10,WOA-ABE,95,0.4106293320655823,960
Kemerer,10,WOA-ABE,96,0.4106293320655823,970
Kemerer,10,WOA-ABE,97,0.4106289744377136,980
Kemerer,10,WOA-ABE,98,0.4106289744377136,990
Kemerer,10,WOA-ABE,99,0.4106289744377136,1000
Kemerer,10,FAABE,0,0.4538843631744385,10
Kemerer,10,FAABE,1,0.43799033761024475,20
Kemerer,10,FAABE,2,0.4137890040874481,30
Kemerer,10,FAABE,3,0.4137890040874481,40
Kemerer,10,FAABE,4,0.4137890040874481,50
Kemerer,10,FAABE,5,0.4137890040874481,60
Kemerer,10,FAABE,6,0.4137890040874481,70
Kemerer,10,FAABE,7,0.4137890040874481,80
Kemerer,10,FAABE,8,0.4137890040874481,90
Kemerer,10,FAABE,9,0.41355735063552856,100
Kemerer,10,FAABE,10,0.41104668378829956,110
Kemerer,10,FAABE,11,0.41104668378829956,120
Kemerer,10,FAABE,12,0.41104668378829956,130
Kemerer,10,FAABE,13,0.41104668378829956,140
Kemerer,10,FAABE,14,0.41104668378829956,150
Kemerer,10,FAABE,15,0.41104668378829956,160
Kemerer,10,FAABE,16,0.41104668378829956,170
Kemerer,10,FAABE,17,0.41104668378829956,180
Kemerer,10,FAABE,18,0.41104668378829956,190
Kemerer,10,FAABE,19,0.41104668378829956,200
Kemerer,10,FAABE,20,0.41104668378829956,210
Kemerer,10,FAABE,21,0.41104668378829956,220
Kemerer,10,FAABE,22,0.41104668378829956,230
Kemerer,10,FAABE,23,0.41104668378829956,240
Kemerer,10,FAABE,24,0.41104668378829956,250
Kemerer,10,FAABE,25,0.41104668378829956,260
Kemerer,10,FAABE,26,0.41104668378829956,270
Kemerer,10,FAABE,27,0.41104668378829956,280
Kemerer,10,FAABE,28,0.41104668378829956,290
Kemerer,10,FAABE,29,0.41104668378829956,300
Kemerer,10,FAABE,30,0.41104668378829956,310
Kemerer,10,FAABE,31,0.41104668378829956,320
Kemerer,10,FAABE,32,0.41104668378829956,330
Kemerer,10,FAABE,33,0.41104668378829956,340
Kemerer,10,FAABE,34,0.41104668378829956,350
Kemerer,10,FAABE,35,0.41104668378829956,360
Kemerer,10,FAABE,36,0.41104668378829956,370
Kemerer,10,FAABE,37,0.41104668378829956,380
Kemerer,10,FAABE,38,0.41104668378829956,390
Kemerer,10,FAABE,39,0.41104668378829956,400
Kemerer,10,FAABE,40,0.41104668378829956,410
Kemerer,10,FAABE,41,0.41104668378829956,420
Kemerer,10,FAABE,42,0.41104668378829956,430
Kemerer,10,FAABE,43,0.41104668378829956,440
Kemerer,10,FAABE,44,0.41104668378829956,450
Kemerer,10,FAABE,45,0.41104668378829956,460
Kemerer,10,FAABE,46,0.41104668378829956,470
Kemerer,10,FAABE,47,0.41104668378829956,480
Kemerer,10,FAABE,48,0.4106489419937134,490
Kemerer,10,FAABE,49,0.4106489419937134,500
Kemerer,10,FAABE,50,0.4106489419937134,510
Kemerer,10,FAABE,51,0.4106489419937134,520
Kemerer,10,FAABE,52,0.4106489419937134,530
Kemerer,10,FAABE,53,0.4106489419937134,540
Kemerer,10,FAABE,54,0.4106489419937134,550
Kemerer,10,FAABE,55,0.4106489419937134,560
Kemerer,10,FAABE,56,0.4106489419937134,570
Kemerer,10,FAABE,57,0.4106489419937134,580
Kemerer,10,FAABE,58,0.4106489419937134,590
Kemerer,10,FAABE,59,0.4106489419937134,600
Kemerer,10,FAABE,60,0.4106489419937134,610
Kemerer,10,FAABE,61,0.4106489419937134,620
Kemerer,10,FAABE,62,0.4106489419937134,630
Kemerer,10,FAABE,63,0.4106489419937134,640
Kemerer,10,FAABE,64,0.4106489419937134,650
Kemerer,10,FAABE,65,0.4106489419937134,660
Kemerer,10,FAABE,66,0.4106489419937134,670
Kemerer,10,FAABE,67,0.4106489419937134,680
Kemerer,10,FAABE,68,0.4106489419937134,690
Kemerer,10,FAABE,69,0.4106489419937134,700
Kemerer,10,FAABE,70,0.4106489419937134,710
Kemerer,10,FAABE,71,0.4106489419937134,720
Kemerer,10,FAABE,72,0.4106489419937134,730
Kemerer,10,FAABE,73,0.4106489419937134,740
Kemerer,10,FAABE,74,0.4106489419937134,750
Kemerer,10,FAABE,75,0.4106489419937134,760
Kemerer,10,FAABE,76,0.4106489419937134,770
Kemerer,10,FAABE,77,0.4106489419937134,780
Kemerer,10,FAABE,78,0.4106489419937134,790
Kemerer,10,FAABE,79,0.4106489419937134,800
Kemerer,10,FAABE,80,0.4106489419937134,810
Kemerer,10,FAABE,81,0.4106489419937134,820
Kemerer,10,FAABE,82,0.4106489419937134,830
Kemerer,10,FAABE,83,0.4106489419937134,840
Kemerer,10,FAABE,84,0.4106489419937134,850
Kemerer,10,FAABE,85,0.4106489419937134,860
Kemerer,10,FAABE,86,0.4106489419937134,870
Kemerer,10,FAABE,87,0.4106489419937134,880
Kemerer,10,FAABE,88,0.4106489419937134,890
Kemerer,10,FAABE,89,0.4106489419937134,900
Kemerer,10,FAABE,90,0.4106489419937134,910
Kemerer,10,FAABE,91,0.4106489419937134,920
Kemerer,10,FAABE,92,0.4106489419937134,930
Kemerer,10,FAABE,93,0.4106489419937134,940
Kemerer,10,FAABE,94,0.4106489419937134,950
Kemerer,10,FAABE,95,0.4106489419937134,960
Kemerer,10,FAABE,96,0.4106489419937134,970
Kemerer,10,FAABE,97,0.4106489419937134,980
Kemerer,10,FAABE,98,0.4106489419937134,990
Kemerer,10,FAABE,99,0.4106489419937134,1000
