Dataset,Fold,Method,Iteration,Best_Training_MMRE,Fitness_Evaluations
Kitchenham,1,GA-ABE,0,0.36774277687072754,10
Kitchenham,1,GA-ABE,1,0.3007272481918335,20
Kitchenham,1,GA-ABE,2,0.3007272481918335,30
Kitchenham,1,GA-ABE,3,0.3007272481918335,40
Kitchenham,1,GA-ABE,4,0.29978907108306885,50
Kitchenham,1,GA-ABE,5,0.29932481050491333,60
Kitchenham,1,GA-ABE,6,0.2887779772281647,70
Kitchenham,1,GA-ABE,7,0.2856373190879822,80
Kitchenham,1,GA-ABE,8,0.2856373190879822,90
Kitchenham,1,GA-ABE,9,0.27475273609161377,100
Kitchenham,1,GA-ABE,10,0.2697380781173706,110
Kitchenham,1,GA-ABE,11,0.2697380781173706,120
Kitchenham,1,GA-ABE,12,0.2697380781173706,130
Kitchenham,1,GA-ABE,13,0.2697380781173706,140
Kitchenham,1,GA-ABE,14,0.2696020305156708,150
Kitchenham,1,GA-ABE,15,0.2696020305156708,160
Kitchenham,1,GA-ABE,16,0.2689332365989685,170
Kitchenham,1,GA-ABE,17,0.26819103956222534,180
Kitchenham,1,GA-ABE,18,0.26819103956222534,190
Kitchenham,1,GA-ABE,19,0.26819103956222534,200
Kitchenham,1,GA-ABE,20,0.26819103956222534,210
Kitchenham,1,GA-ABE,21,0.26819103956222534,220
Kitchenham,1,GA-ABE,22,0.26819103956222534,230
Kitchenham,1,GA-ABE,23,0.26819103956222534,240
Kitchenham,1,GA-ABE,24,0.26819100975990295,250
Kitchenham,1,GA-ABE,25,0.26819100975990295,260
Kitchenham,1,GA-ABE,26,0.26819100975990295,270
Kitchenham,1,GA-ABE,27,0.26819100975990295,280
Kitchenham,1,GA-ABE,28,0.2680562138557434,290
Kitchenham,1,GA-ABE,29,0.2680562138557434,300
Kitchenham,1,GA-ABE,30,0.2680562138557434,310
Kitchenham,1,GA-ABE,31,0.2680540680885315,320
Kitchenham,1,GA-ABE,32,0.2680540680885315,330
Kitchenham,1,GA-ABE,33,0.26805368065834045,340
Kitchenham,1,GA-ABE,34,0.26805368065834045,350
Kitchenham,1,GA-ABE,35,0.26805368065834045,360
Kitchenham,1,GA-ABE,36,0.26805368065834045,370
Kitchenham,1,GA-ABE,37,0.26805368065834045,380
Kitchenham,1,GA-ABE,38,0.26805368065834045,390
Kitchenham,1,GA-ABE,39,0.26805368065834045,400
Kitchenham,1,GA-ABE,40,0.26805368065834045,410
Kitchenham,1,GA-ABE,41,0.26805368065834045,420
Kitchenham,1,GA-ABE,42,0.26805368065834045,430
Kitchenham,1,GA-ABE,43,0.26805368065834045,440
Kitchenham,1,GA-ABE,44,0.26805368065834045,450
Kitchenham,1,GA-ABE,45,0.26805368065834045,460
Kitchenham,1,GA-ABE,46,0.26805368065834045,470
Kitchenham,1,GA-ABE,47,0.26805368065834045,480
Kitchenham,1,GA-ABE,48,0.26805368065834045,490
Kitchenham,1,GA-ABE,49,0.26805368065834045,500
Kitchenham,1,GA-ABE,50,0.26805368065834045,510
Kitchenham,1,GA-ABE,51,0.26805368065834045,520
Kitchenham,1,GA-ABE,52,0.26805368065834045,530
Kitchenham,1,GA-ABE,53,0.26805368065834045,540
Kitchenham,1,GA-ABE,54,0.26805368065834045,550
Kitchenham,1,GA-ABE,55,0.26805368065834045,560
Kitchenham,1,GA-ABE,56,0.26805368065834045,570
Kitchenham,1,GA-ABE,57,0.26318156719207764,580
Kitchenham,1,GA-ABE,58,0.26318156719207764,590
Kitchenham,1,GA-ABE,59,0.26318156719207764,600
Kitchenham,1,GA-ABE,60,0.26318156719207764,610
Kitchenham,1,GA-ABE,61,0.2631796598434448,620
Kitchenham,1,GA-ABE,62,0.2631796598434448,630
Kitchenham,1,GA-ABE,63,0.2631796598434448,640
Kitchenham,1,GA-ABE,64,0.25944986939430237,650
Kitchenham,1,GA-ABE,65,0.25944986939430237,660
Kitchenham,1,GA-ABE,66,0.25944986939430237,670
Kitchenham,1,GA-ABE,67,0.2594431936740875,680
Kitchenham,1,GA-ABE,68,0.2594378590583801,690
Kitchenham,1,GA-ABE,69,0.2594378590583801,700
Kitchenham,1,GA-ABE,70,0.2594378590583801,710
Kitchenham,1,GA-ABE,71,0.2592087984085083,720
Kitchenham,1,GA-ABE,72,0.259206086397171,730
Kitchenham,1,GA-ABE,73,0.259206086397171,740
Kitchenham,1,GA-ABE,74,0.25892409682273865,750
Kitchenham,1,GA-ABE,75,0.25892409682273865,760
Kitchenham,1,GA-ABE,76,0.25892409682273865,770
Kitchenham,1,GA-ABE,77,0.25892409682273865,780
Kitchenham,1,GA-ABE,78,0.25892409682273865,790
Kitchenham,1,GA-ABE,79,0.25892409682273865,800
Kitchenham,1,GA-ABE,80,0.25892409682273865,810
Kitchenham,1,GA-ABE,81,0.25892409682273865,820
Kitchenham,1,GA-ABE,82,0.25892409682273865,830
Kitchenham,1,GA-ABE,83,0.25892409682273865,840
Kitchenham,1,GA-ABE,84,0.25892409682273865,850
Kitchenham,1,GA-ABE,85,0.25892409682273865,860
Kitchenham,1,GA-ABE,86,0.25892409682273865,870
Kitchenham,1,GA-ABE,87,0.25892409682273865,880
Kitchenham,1,GA-ABE,88,0.25892409682273865,890
Kitchenham,1,GA-ABE,89,0.25892409682273865,900
Kitchenham,1,GA-ABE,90,0.25892409682273865,910
Kitchenham,1,GA-ABE,91,0.25892409682273865,920
Kitchenham,1,GA-ABE,92,0.25892409682273865,930
Kitchenham,1,GA-ABE,93,0.25892409682273865,940
Kitchenham,1,GA-ABE,94,0.25892409682273865,950
Kitchenham,1,GA-ABE,95,0.25892409682273865,960
Kitchenham,1,GA-ABE,96,0.25892409682273865,970
Kitchenham,1,GA-ABE,97,0.25892409682273865,980
Kitchenham,1,GA-ABE,98,0.25892409682273865,990
Kitchenham,1,GA-ABE,99,0.25892409682273865,1000
Kitchenham,1,PSO-ABE,0,0.39823034405708313,10
Kitchenham,1,PSO-ABE,1,0.386229932308197,20
Kitchenham,1,PSO-ABE,2,0.34879544377326965,30
Kitchenham,1,PSO-ABE,3,0.2970024347305298,40
Kitchenham,1,PSO-ABE,4,0.2911786139011383,50
Kitchenham,1,PSO-ABE,5,0.2911786139011383,60
Kitchenham,1,PSO-ABE,6,0.2911786139011383,70
Kitchenham,1,PSO-ABE,7,0.2911786139011383,80
Kitchenham,1,PSO-ABE,8,0.2911786139011383,90
Kitchenham,1,PSO-ABE,9,0.2867225706577301,100
Kitchenham,1,PSO-ABE,10,0.2867225706577301,110
Kitchenham,1,PSO-ABE,11,0.2867225706577301,120
Kitchenham,1,PSO-ABE,12,0.2852974832057953,130
Kitchenham,1,PSO-ABE,13,0.2852676808834076,140
Kitchenham,1,PSO-ABE,14,0.2852676808834076,150
Kitchenham,1,PSO-ABE,15,0.2852676808834076,160
Kitchenham,1,PSO-ABE,16,0.2852676808834076,170
Kitchenham,1,PSO-ABE,17,0.2845170199871063,180
Kitchenham,1,PSO-ABE,18,0.2845170199871063,190
Kitchenham,1,PSO-ABE,19,0.2845170199871063,200
Kitchenham,1,PSO-ABE,20,0.2845069468021393,210
Kitchenham,1,PSO-ABE,21,0.2845069468021393,220
Kitchenham,1,PSO-ABE,22,0.2845069468021393,230
Kitchenham,1,PSO-ABE,23,0.2845069468021393,240
Kitchenham,1,PSO-ABE,24,0.2845069468021393,250
Kitchenham,1,PSO-ABE,25,0.2845069468021393,260
Kitchenham,1,PSO-ABE,26,0.2845069468021393,270
Kitchenham,1,PSO-ABE,27,0.28430885076522827,280
Kitchenham,1,PSO-ABE,28,0.28430885076522827,290
Kitchenham,1,PSO-ABE,29,0.28430885076522827,300
Kitchenham,1,PSO-ABE,30,0.28430885076522827,310
Kitchenham,1,PSO-ABE,31,0.28430885076522827,320
Kitchenham,1,PSO-ABE,32,0.28430885076522827,330
Kitchenham,1,PSO-ABE,33,0.28430885076522827,340
Kitchenham,1,PSO-ABE,34,0.28430885076522827,350
Kitchenham,1,PSO-ABE,35,0.28430885076522827,360
Kitchenham,1,PSO-ABE,36,0.28430885076522827,370
Kitchenham,1,PSO-ABE,37,0.28430885076522827,380
Kitchenham,1,PSO-ABE,38,0.28430885076522827,390
Kitchenham,1,PSO-ABE,39,0.28430885076522827,400
Kitchenham,1,PSO-ABE,40,0.28430885076522827,410
Kitchenham,1,PSO-ABE,41,0.28430885076522827,420
Kitchenham,1,PSO-ABE,42,0.28430885076522827,430
Kitchenham,1,PSO-ABE,43,0.28430885076522827,440
Kitchenham,1,PSO-ABE,44,0.28430885076522827,450
Kitchenham,1,PSO-ABE,45,0.28430885076522827,460
Kitchenham,1,PSO-ABE,46,0.28430885076522827,470
Kitchenham,1,PSO-ABE,47,0.28430885076522827,480
Kitchenham,1,PSO-ABE,48,0.28430885076522827,490
Kitchenham,1,PSO-ABE,49,0.28430885076522827,500
Kitchenham,1,PSO-ABE,50,0.28430885076522827,510
Kitchenham,1,PSO-ABE,51,0.28430885076522827,520
Kitchenham,1,PSO-ABE,52,0.28430885076522827,530
Kitchenham,1,PSO-ABE,53,0.28430378437042236,540
Kitchenham,1,PSO-ABE,54,0.28430378437042236,550
Kitchenham,1,PSO-ABE,55,0.28430378437042236,560
Kitchenham,1,PSO-ABE,56,0.28430378437042236,570
Kitchenham,1,PSO-ABE,57,0.2843033969402313,580
Kitchenham,1,PSO-ABE,58,0.2843033969402313,590
Kitchenham,1,PSO-ABE,59,0.2843033969402313,600
Kitchenham,1,PSO-ABE,60,0.2843033969402313,610
Kitchenham,1,PSO-ABE,61,0.2843033969402313,620
Kitchenham,1,PSO-ABE,62,0.2843033969402313,630
Kitchenham,1,PSO-ABE,63,0.2843033969402313,640
Kitchenham,1,PSO-ABE,64,0.2843033969402313,650
Kitchenham,1,PSO-ABE,65,0.2843033969402313,660
Kitchenham,1,PSO-ABE,66,0.2843033969402313,670
Kitchenham,1,PSO-ABE,67,0.2843033969402313,680
Kitchenham,1,PSO-ABE,68,0.2843033969402313,690
Kitchenham,1,PSO-ABE,69,0.2843033969402313,700
Kitchenham,1,PSO-ABE,70,0.2843033969402313,710
Kitchenham,1,PSO-ABE,71,0.2843033969402313,720
Kitchenham,1,PSO-ABE,72,0.2843033969402313,730
Kitchenham,1,PSO-ABE,73,0.2843033969402313,740
Kitchenham,1,PSO-ABE,74,0.2843033969402313,750
Kitchenham,1,PSO-ABE,75,0.2843033969402313,760
Kitchenham,1,PSO-ABE,76,0.2843033969402313,770
Kitchenham,1,PSO-ABE,77,0.2843033969402313,780
Kitchenham,1,PSO-ABE,78,0.2843033969402313,790
Kitchenham,1,PSO-ABE,79,0.2843033969402313,800
Kitchenham,1,PSO-ABE,80,0.2843033969402313,810
Kitchenham,1,PSO-ABE,81,0.2843033969402313,820
Kitchenham,1,PSO-ABE,82,0.2843033969402313,830
Kitchenham,1,PSO-ABE,83,0.2843033969402313,840
Kitchenham,1,PSO-ABE,84,0.2843033969402313,850
Kitchenham,1,PSO-ABE,85,0.2843033969402313,860
Kitchenham,1,PSO-ABE,86,0.2843033969402313,870
Kitchenham,1,PSO-ABE,87,0.2843033969402313,880
Kitchenham,1,PSO-ABE,88,0.2843033969402313,890
Kitchenham,1,PSO-ABE,89,0.2843033969402313,900
Kitchenham,1,PSO-ABE,90,0.2843033969402313,910
Kitchenham,1,PSO-ABE,91,0.2843033969402313,920
Kitchenham,1,PSO-ABE,92,0.2843033969402313,930
Kitchenham,1,PSO-ABE,93,0.2843033969402313,940
Kitchenham,1,PSO-ABE,94,0.2843033969402313,950
Kitchenham,1,PSO-ABE,95,0.2843033969402313,960
Kitchenham,1,PSO-ABE,96,0.2843033969402313,970
Kitchenham,1,PSO-ABE,97,0.2843033969402313,980
Kitchenham,1,PSO-ABE,98,0.2843033969402313,990
Kitchenham,1,PSO-ABE,99,0.2843033969402313,1000
Kitchenham,1,DE-ABE,0,0.31114107370376587,10
Kitchenham,1,DE-ABE,1,0.2915014326572418,20
Kitchenham,1,DE-ABE,2,0.28872281312942505,30
Kitchenham,1,DE-ABE,3,0.2839925289154053,40
Kitchenham,1,DE-ABE,4,0.2825404703617096,50
Kitchenham,1,DE-ABE,5,0.2766589820384979,60
Kitchenham,1,DE-ABE,6,0.2758989632129669,70
Kitchenham,1,DE-ABE,7,0.2731195390224457,80
Kitchenham,1,DE-ABE,8,0.26388898491859436,90
Kitchenham,1,DE-ABE,9,0.26388898491859436,100
Kitchenham,1,DE-ABE,10,0.26388898491859436,110
Kitchenham,1,DE-ABE,11,0.26388898491859436,120
Kitchenham,1,DE-ABE,12,0.26388898491859436,130
Kitchenham,1,DE-ABE,13,0.26388898491859436,140
Kitchenham,1,DE-ABE,14,0.26253175735473633,150
Kitchenham,1,DE-ABE,15,0.2605828642845154,160
Kitchenham,1,DE-ABE,16,0.2605828642845154,170
Kitchenham,1,DE-ABE,17,0.2605828642845154,180
Kitchenham,1,DE-ABE,18,0.2605828642845154,190
Kitchenham,1,DE-ABE,19,0.2605729401111603,200
Kitchenham,1,DE-ABE,20,0.2605701684951782,210
Kitchenham,1,DE-ABE,21,0.2605573534965515,220
Kitchenham,1,DE-ABE,22,0.2605573534965515,230
Kitchenham,1,DE-ABE,23,0.2605573534965515,240
Kitchenham,1,DE-ABE,24,0.2605573534965515,250
Kitchenham,1,DE-ABE,25,0.2605573534965515,260
Kitchenham,1,DE-ABE,26,0.2605556845664978,270
Kitchenham,1,DE-ABE,27,0.2605536878108978,280
Kitchenham,1,DE-ABE,28,0.2605530321598053,290
Kitchenham,1,DE-ABE,29,0.2605510652065277,300
Kitchenham,1,DE-ABE,30,0.2605510652065277,310
Kitchenham,1,DE-ABE,31,0.2605510652065277,320
Kitchenham,1,DE-ABE,32,0.2605510652065277,330
Kitchenham,1,DE-ABE,33,0.26055046916007996,340
Kitchenham,1,DE-ABE,34,0.26055046916007996,350
Kitchenham,1,DE-ABE,35,0.26054975390434265,360
Kitchenham,1,DE-ABE,36,0.26054975390434265,370
Kitchenham,1,DE-ABE,37,0.26054975390434265,380
Kitchenham,1,DE-ABE,38,0.26054948568344116,390
Kitchenham,1,DE-ABE,39,0.2605486810207367,400
Kitchenham,1,DE-ABE,40,0.2605486810207367,410
Kitchenham,1,DE-ABE,41,0.2605486512184143,420
Kitchenham,1,DE-ABE,42,0.2605486214160919,430
Kitchenham,1,DE-ABE,43,0.26054710149765015,440
Kitchenham,1,DE-ABE,44,0.26054710149765015,450
Kitchenham,1,DE-ABE,45,0.2605469226837158,460
Kitchenham,1,DE-ABE,46,0.2605465352535248,470
Kitchenham,1,DE-ABE,47,0.2605465352535248,480
Kitchenham,1,DE-ABE,48,0.2605465352535248,490
Kitchenham,1,DE-ABE,49,0.26031312346458435,500
Kitchenham,1,DE-ABE,50,0.26031312346458435,510
Kitchenham,1,DE-ABE,51,0.26031312346458435,520
Kitchenham,1,DE-ABE,52,0.26031312346458435,530
Kitchenham,1,DE-ABE,53,0.26031312346458435,540
Kitchenham,1,DE-ABE,54,0.26031312346458435,550
Kitchenham,1,DE-ABE,55,0.26031312346458435,560
Kitchenham,1,DE-ABE,56,0.26031312346458435,570
Kitchenham,1,DE-ABE,57,0.26031312346458435,580
Kitchenham,1,DE-ABE,58,0.26031312346458435,590
Kitchenham,1,DE-ABE,59,0.26031312346458435,600
Kitchenham,1,DE-ABE,60,0.26031312346458435,610
Kitchenham,1,DE-ABE,61,0.26031312346458435,620
Kitchenham,1,DE-ABE,62,0.26031312346458435,630
Kitchenham,1,DE-ABE,63,0.26031312346458435,640
Kitchenham,1,DE-ABE,64,0.26031312346458435,650
Kitchenham,1,DE-ABE,65,0.26031312346458435,660
Kitchenham,1,DE-ABE,66,0.26031312346458435,670
Kitchenham,1,DE-ABE,67,0.26031312346458435,680
Kitchenham,1,DE-ABE,68,0.26031312346458435,690
Kitchenham,1,DE-ABE,69,0.26031312346458435,700
Kitchenham,1,DE-ABE,70,0.26031312346458435,710
Kitchenham,1,DE-ABE,71,0.26031312346458435,720
Kitchenham,1,DE-ABE,72,0.26031312346458435,730
Kitchenham,1,DE-ABE,73,0.26031312346458435,740
Kitchenham,1,DE-ABE,74,0.26031312346458435,750
Kitchenham,1,DE-ABE,75,0.26031312346458435,760
Kitchenham,1,DE-ABE,76,0.26031312346458435,770
Kitchenham,1,DE-ABE,77,0.26031312346458435,780
Kitchenham,1,DE-ABE,78,0.26031312346458435,790
Kitchenham,1,DE-ABE,79,0.26031312346458435,800
Kitchenham,1,DE-ABE,80,0.26031312346458435,810
Kitchenham,1,DE-ABE,81,0.26031312346458435,820
Kitchenham,1,DE-ABE,82,0.26031312346458435,830
Kitchenham,1,DE-ABE,83,0.26031312346458435,840
Kitchenham,1,DE-ABE,84,0.26031312346458435,850
Kitchenham,1,DE-ABE,85,0.26031312346458435,860
Kitchenham,1,DE-ABE,86,0.26031312346458435,870
Kitchenham,1,DE-ABE,87,0.26031312346458435,880
Kitchenham,1,DE-ABE,88,0.26031312346458435,890
Kitchenham,1,DE-ABE,89,0.26031312346458435,900
Kitchenham,1,DE-ABE,90,0.26031312346458435,910
Kitchenham,1,DE-ABE,91,0.26031312346458435,920
Kitchenham,1,DE-ABE,92,0.26031312346458435,930
Kitchenham,1,DE-ABE,93,0.26031312346458435,940
Kitchenham,1,DE-ABE,94,0.26031312346458435,950
Kitchenham,1,DE-ABE,95,0.26031312346458435,960
Kitchenham,1,DE-ABE,96,0.26031312346458435,970
Kitchenham,1,DE-ABE,97,0.26031312346458435,980
Kitchenham,1,DE-ABE,98,0.26031312346458435,990
Kitchenham,1,DE-ABE,99,0.26031312346458435,1000
Kitchenham,1,GWO-ABE,0,0.38540592789649963,10
Kitchenham,1,GWO-ABE,1,0.2737569510936737,20
Kitchenham,1,GWO-ABE,2,0.30589404702186584,30
Kitchenham,1,GWO-ABE,3,0.29153430461883545,40
Kitchenham,1,GWO-ABE,4,0.28804004192352295,50
Kitchenham,1,GWO-ABE,5,0.277658611536026,60
Kitchenham,1,GWO-ABE,6,0.2772236168384552,70
Kitchenham,1,GWO-ABE,7,0.27143576741218567,80
Kitchenham,1,GWO-ABE,8,0.2745051681995392,90
Kitchenham,1,GWO-ABE,9,0.27238669991493225,100
Kitchenham,1,GWO-ABE,10,0.2701585590839386,110
Kitchenham,1,GWO-ABE,11,0.2727738320827484,120
Kitchenham,1,GWO-ABE,12,0.27252432703971863,130
Kitchenham,1,GWO-ABE,13,0.2722223103046417,140
Kitchenham,1,GWO-ABE,14,0.27269166707992554,150
Kitchenham,1,GWO-ABE,15,0.2717924416065216,160
Kitchenham,1,GWO-ABE,16,0.2736949026584625,170
Kitchenham,1,GWO-ABE,17,0.27067282795906067,180
Kitchenham,1,GWO-ABE,18,0.2692224085330963,190
Kitchenham,1,GWO-ABE,19,0.26577213406562805,200
Kitchenham,1,GWO-ABE,20,0.2621500492095947,210
Kitchenham,1,GWO-ABE,21,0.2682066261768341,220
Kitchenham,1,GWO-ABE,22,0.26477181911468506,230
Kitchenham,1,GWO-ABE,23,0.2666172981262207,240
Kitchenham,1,GWO-ABE,24,0.2648630738258362,250
Kitchenham,1,GWO-ABE,25,0.2642629146575928,260
Kitchenham,1,GWO-ABE,26,0.26164767146110535,270
Kitchenham,1,GWO-ABE,27,0.26364049315452576,280
Kitchenham,1,GWO-ABE,28,0.2602273225784302,290
Kitchenham,1,GWO-ABE,29,0.26211658120155334,300
Kitchenham,1,GWO-ABE,30,0.2632450461387634,310
Kitchenham,1,GWO-ABE,31,0.26327794790267944,320
Kitchenham,1,GWO-ABE,32,0.2606865465641022,330
Kitchenham,1,GWO-ABE,33,0.2624076306819916,340
Kitchenham,1,GWO-ABE,34,0.26070311665534973,350
Kitchenham,1,GWO-ABE,35,0.26797395944595337,360
Kitchenham,1,GWO-ABE,36,0.2607329785823822,370
Kitchenham,1,GWO-ABE,37,0.26055219769477844,380
Kitchenham,1,GWO-ABE,38,0.2647083103656769,390
Kitchenham,1,GWO-ABE,39,0.2610229253768921,400
Kitchenham,1,GWO-ABE,40,0.26309439539909363,410
Kitchenham,1,GWO-ABE,41,0.262714684009552,420
Kitchenham,1,GWO-ABE,42,0.2603869140148163,430
Kitchenham,1,GWO-ABE,43,0.2607952058315277,440
Kitchenham,1,GWO-ABE,44,0.26070481538772583,450
Kitchenham,1,GWO-ABE,45,0.26063239574432373,460
Kitchenham,1,GWO-ABE,46,0.26530155539512634,470
Kitchenham,1,GWO-ABE,47,0.2611657679080963,480
Kitchenham,1,GWO-ABE,48,0.2650243937969208,490
Kitchenham,1,GWO-ABE,49,0.26143887639045715,500
Kitchenham,1,GWO-ABE,50,0.2645655572414398,510
Kitchenham,1,GWO-ABE,51,0.2621883153915405,520
Kitchenham,1,GWO-ABE,52,0.26086872816085815,530
Kitchenham,1,GWO-ABE,53,0.25956979393959045,540
Kitchenham,1,GWO-ABE,54,0.26178687810897827,550
Kitchenham,1,GWO-ABE,55,0.2631291151046753,560
Kitchenham,1,GWO-ABE,56,0.2602292001247406,570
Kitchenham,1,GWO-ABE,57,0.2622718811035156,580
Kitchenham,1,GWO-ABE,58,0.26114964485168457,590
Kitchenham,1,GWO-ABE,59,0.26423177123069763,600
Kitchenham,1,GWO-ABE,60,0.26072758436203003,610
Kitchenham,1,GWO-ABE,61,0.26162201166152954,620
Kitchenham,1,GWO-ABE,62,0.2593455910682678,630
Kitchenham,1,GWO-ABE,63,0.25963422656059265,640
Kitchenham,1,GWO-ABE,64,0.2641003727912903,650
Kitchenham,1,GWO-ABE,65,0.26331934332847595,660
Kitchenham,1,GWO-ABE,66,0.2610669434070587,670
Kitchenham,1,GWO-ABE,67,0.26429519057273865,680
Kitchenham,1,GWO-ABE,68,0.26143333315849304,690
Kitchenham,1,GWO-ABE,69,0.26243749260902405,700
Kitchenham,1,GWO-ABE,70,0.25932446122169495,710
Kitchenham,1,GWO-ABE,71,0.26117536425590515,720
Kitchenham,1,GWO-ABE,72,0.25996482372283936,730
Kitchenham,1,GWO-ABE,73,0.2599802315235138,740
Kitchenham,1,GWO-ABE,74,0.2581717371940613,750
Kitchenham,1,GWO-ABE,75,0.25881531834602356,760
Kitchenham,1,GWO-ABE,76,0.26027587056159973,770
Kitchenham,1,GWO-ABE,77,0.2610217332839966,780
Kitchenham,1,GWO-ABE,78,0.2595407962799072,790
Kitchenham,1,GWO-ABE,79,0.2599957585334778,800
Kitchenham,1,GWO-ABE,80,0.2592874765396118,810
Kitchenham,1,GWO-ABE,81,0.2593007981777191,820
Kitchenham,1,GWO-ABE,82,0.25904491543769836,830
Kitchenham,1,GWO-ABE,83,0.2593003511428833,840
Kitchenham,1,GWO-ABE,84,0.2602793872356415,850
Kitchenham,1,GWO-ABE,85,0.25995272397994995,860
Kitchenham,1,GWO-ABE,86,0.2593025863170624,870
Kitchenham,1,GWO-ABE,87,0.25905662775039673,880
Kitchenham,1,GWO-ABE,88,0.2606198787689209,890
Kitchenham,1,GWO-ABE,89,0.2590527832508087,900
Kitchenham,1,GWO-ABE,90,0.25963374972343445,910
Kitchenham,1,GWO-ABE,91,0.2604922652244568,920
Kitchenham,1,GWO-ABE,92,0.25958356261253357,930
Kitchenham,1,GWO-ABE,93,0.2590150833129883,940
Kitchenham,1,GWO-ABE,94,0.2595803141593933,950
Kitchenham,1,GWO-ABE,95,0.25957638025283813,960
Kitchenham,1,GWO-ABE,96,0.2595771849155426,970
Kitchenham,1,GWO-ABE,97,0.2595842182636261,980
Kitchenham,1,GWO-ABE,98,0.2590194642543793,990
Kitchenham,1,GWO-ABE,99,0.25901302695274353,1000
Kitchenham,1,WOA-ABE,0,0.37507590651512146,10
Kitchenham,1,WOA-ABE,1,0.30860185623168945,20
Kitchenham,1,WOA-ABE,2,0.3006879985332489,30
Kitchenham,1,WOA-ABE,3,0.2782815396785736,40
Kitchenham,1,WOA-ABE,4,0.2758130729198456,50
Kitchenham,1,WOA-ABE,5,0.2737267017364502,60
Kitchenham,1,WOA-ABE,6,0.2737267017364502,70
Kitchenham,1,WOA-ABE,7,0.2702063322067261,80
Kitchenham,1,WOA-ABE,8,0.2687724530696869,90
Kitchenham,1,WOA-ABE,9,0.2613811194896698,100
Kitchenham,1,WOA-ABE,10,0.2613811194896698,110
Kitchenham,1,WOA-ABE,11,0.2613811194896698,120
Kitchenham,1,WOA-ABE,12,0.26136696338653564,130
Kitchenham,1,WOA-ABE,13,0.26136696338653564,140
Kitchenham,1,WOA-ABE,14,0.2601267993450165,150
Kitchenham,1,WOA-ABE,15,0.2601267993450165,160
Kitchenham,1,WOA-ABE,16,0.2595808506011963,170
Kitchenham,1,WOA-ABE,17,0.25957658886909485,180
Kitchenham,1,WOA-ABE,18,0.25957658886909485,190
Kitchenham,1,WOA-ABE,19,0.25957557559013367,200
Kitchenham,1,WOA-ABE,20,0.25957557559013367,210
Kitchenham,1,WOA-ABE,21,0.25957557559013367,220
Kitchenham,1,WOA-ABE,22,0.25957557559013367,230
Kitchenham,1,WOA-ABE,23,0.25957557559013367,240
Kitchenham,1,WOA-ABE,24,0.25957557559013367,250
Kitchenham,1,WOA-ABE,25,0.25957557559013367,260
Kitchenham,1,WOA-ABE,26,0.25957557559013367,270
Kitchenham,1,WOA-ABE,27,0.25957557559013367,280
Kitchenham,1,WOA-ABE,28,0.25957557559013367,290
Kitchenham,1,WOA-ABE,29,0.25957557559013367,300
Kitchenham,1,WOA-ABE,30,0.25957557559013367,310
Kitchenham,1,WOA-ABE,31,0.25957557559013367,320
Kitchenham,1,WOA-ABE,32,0.25957557559013367,330
Kitchenham,1,WOA-ABE,33,0.25957557559013367,340
Kitchenham,1,WOA-ABE,34,0.25957557559013367,350
Kitchenham,1,WOA-ABE,35,0.2595754563808441,360
Kitchenham,1,WOA-ABE,36,0.2595754563808441,370
Kitchenham,1,WOA-ABE,37,0.2595754563808441,380
Kitchenham,1,WOA-ABE,38,0.2595754563808441,390
Kitchenham,1,WOA-ABE,39,0.25957542657852173,400
Kitchenham,1,WOA-ABE,40,0.25957542657852173,410
Kitchenham,1,WOA-ABE,41,0.25957542657852173,420
Kitchenham,1,WOA-ABE,42,0.25957542657852173,430
Kitchenham,1,WOA-ABE,43,0.25957542657852173,440
Kitchenham,1,WOA-ABE,44,0.25957542657852173,450
Kitchenham,1,WOA-ABE,45,0.25957536697387695,460
Kitchenham,1,WOA-ABE,46,0.25957393646240234,470
Kitchenham,1,WOA-ABE,47,0.25957393646240234,480
Kitchenham,1,WOA-ABE,48,0.25957393646240234,490
Kitchenham,1,WOA-ABE,49,0.25957393646240234,500
Kitchenham,1,WOA-ABE,50,0.25957393646240234,510
Kitchenham,1,WOA-ABE,51,0.25957390666007996,520
Kitchenham,1,WOA-ABE,52,0.25943723320961,530
Kitchenham,1,WOA-ABE,53,0.25943723320961,540
Kitchenham,1,WOA-ABE,54,0.25943723320961,550
Kitchenham,1,WOA-ABE,55,0.25943538546562195,560
Kitchenham,1,WOA-ABE,56,0.2592203617095947,570
Kitchenham,1,WOA-ABE,57,0.2592203617095947,580
Kitchenham,1,WOA-ABE,58,0.2592203617095947,590
Kitchenham,1,WOA-ABE,59,0.25896593928337097,600
Kitchenham,1,WOA-ABE,60,0.2589370012283325,610
Kitchenham,1,WOA-ABE,61,0.2589370012283325,620
Kitchenham,1,WOA-ABE,62,0.2589370012283325,630
Kitchenham,1,WOA-ABE,63,0.2589370012283325,640
Kitchenham,1,WOA-ABE,64,0.2589215338230133,650
Kitchenham,1,WOA-ABE,65,0.2589215338230133,660
Kitchenham,1,WOA-ABE,66,0.2589215338230133,670
Kitchenham,1,WOA-ABE,67,0.2589215338230133,680
Kitchenham,1,WOA-ABE,68,0.2589215338230133,690
Kitchenham,1,WOA-ABE,69,0.2589215338230133,700
Kitchenham,1,WOA-ABE,70,0.25892138481140137,710
Kitchenham,1,WOA-ABE,71,0.25892138481140137,720
Kitchenham,1,WOA-ABE,72,0.25892138481140137,730
Kitchenham,1,WOA-ABE,73,0.25892138481140137,740
Kitchenham,1,WOA-ABE,74,0.25892138481140137,750
Kitchenham,1,WOA-ABE,75,0.25892138481140137,760
Kitchenham,1,WOA-ABE,76,0.25892138481140137,770
Kitchenham,1,WOA-ABE,77,0.25892138481140137,780
Kitchenham,1,WOA-ABE,78,0.25892138481140137,790
Kitchenham,1,WOA-ABE,79,0.2589174807071686,800
Kitchenham,1,WOA-ABE,80,0.2589174807071686,810
Kitchenham,1,WOA-ABE,81,0.2589174807071686,820
Kitchenham,1,WOA-ABE,82,0.2589174807071686,830
Kitchenham,1,WOA-ABE,83,0.2589172422885895,840
Kitchenham,1,WOA-ABE,84,0.2589172422885895,850
Kitchenham,1,WOA-ABE,85,0.2589172422885895,860
Kitchenham,1,WOA-ABE,86,0.2589172422885895,870
Kitchenham,1,WOA-ABE,87,0.2589172422885895,880
Kitchenham,1,WOA-ABE,88,0.2589172422885895,890
Kitchenham,1,WOA-ABE,89,0.2589172422885895,900
Kitchenham,1,WOA-ABE,90,0.2589172422885895,910
Kitchenham,1,WOA-ABE,91,0.2589151859283447,920
Kitchenham,1,WOA-ABE,92,0.2589151859283447,930
Kitchenham,1,WOA-ABE,93,0.2589151859283447,940
Kitchenham,1,WOA-ABE,94,0.2589151859283447,950
Kitchenham,1,WOA-ABE,95,0.25891515612602234,960
Kitchenham,1,WOA-ABE,96,0.25891515612602234,970
Kitchenham,1,WOA-ABE,97,0.25891515612602234,980
Kitchenham,1,WOA-ABE,98,0.2589147388935089,990
Kitchenham,1,WOA-ABE,99,0.2589147388935089,1000
Kitchenham,1,FAABE,0,0.28043287992477417,10
Kitchenham,1,FAABE,1,0.2694414258003235,20
Kitchenham,1,FAABE,2,0.2694414258003235,30
Kitchenham,1,FAABE,3,0.2694414258003235,40
Kitchenham,1,FAABE,4,0.2694414258003235,50
Kitchenham,1,FAABE,5,0.2694414258003235,60
Kitchenham,1,FAABE,6,0.2694414258003235,70
Kitchenham,1,FAABE,7,0.2694414258003235,80
Kitchenham,1,FAABE,8,0.2694414258003235,90
Kitchenham,1,FAABE,9,0.2694414258003235,100
Kitchenham,1,FAABE,10,0.2694414258003235,110
Kitchenham,1,FAABE,11,0.2694414258003235,120
Kitchenham,1,FAABE,12,0.2694414258003235,130
Kitchenham,1,FAABE,13,0.2694414258003235,140
Kitchenham,1,FAABE,14,0.2694414258003235,150
Kitchenham,1,FAABE,15,0.2694414258003235,160
Kitchenham,1,FAABE,16,0.26696115732192993,170
Kitchenham,1,FAABE,17,0.26696115732192993,180
Kitchenham,1,FAABE,18,0.26696115732192993,190
Kitchenham,1,FAABE,19,0.26696115732192993,200
Kitchenham,1,FAABE,20,0.26696115732192993,210
Kitchenham,1,FAABE,21,0.26696115732192993,220
Kitchenham,1,FAABE,22,0.26696115732192993,230
Kitchenham,1,FAABE,23,0.26696115732192993,240
Kitchenham,1,FAABE,24,0.26696115732192993,250
Kitchenham,1,FAABE,25,0.26696115732192993,260
Kitchenham,1,FAABE,26,0.26696115732192993,270
Kitchenham,1,FAABE,27,0.26696115732192993,280
Kitchenham,1,FAABE,28,0.26696115732192993,290
Kitchenham,1,FAABE,29,0.26696115732192993,300
Kitchenham,1,FAABE,30,0.26696115732192993,310
Kitchenham,1,FAABE,31,0.26696115732192993,320
Kitchenham,1,FAABE,32,0.26696115732192993,330
Kitchenham,1,FAABE,33,0.26696115732192993,340
Kitchenham,1,FAABE,34,0.26696115732192993,350
Kitchenham,1,FAABE,35,0.26696115732192993,360
Kitchenham,1,FAABE,36,0.26696115732192993,370
Kitchenham,1,FAABE,37,0.26691734790802,380
Kitchenham,1,FAABE,38,0.26691734790802,390
Kitchenham,1,FAABE,39,0.26691734790802,400
Kitchenham,1,FAABE,40,0.26691734790802,410
Kitchenham,1,FAABE,41,0.26691734790802,420
Kitchenham,1,FAABE,42,0.26691734790802,430
Kitchenham,1,FAABE,43,0.26691734790802,440
Kitchenham,1,FAABE,44,0.26691734790802,450
Kitchenham,1,FAABE,45,0.26691734790802,460
Kitchenham,1,FAABE,46,0.26691734790802,470
Kitchenham,1,FAABE,47,0.26691734790802,480
Kitchenham,1,FAABE,48,0.26691734790802,490
Kitchenham,1,FAABE,49,0.26691734790802,500
Kitchenham,1,FAABE,50,0.26691734790802,510
Kitchenham,1,FAABE,51,0.26691734790802,520
Kitchenham,1,FAABE,52,0.26691734790802,530
Kitchenham,1,FAABE,53,0.26691734790802,540
Kitchenham,1,FAABE,54,0.26691734790802,550
Kitchenham,1,FAABE,55,0.26691734790802,560
Kitchenham,1,FAABE,56,0.26691734790802,570
Kitchenham,1,FAABE,57,0.26691734790802,580
Kitchenham,1,FAABE,58,0.26691734790802,590
Kitchenham,1,FAABE,59,0.26691734790802,600
Kitchenham,1,FAABE,60,0.26691734790802,610
Kitchenham,1,FAABE,61,0.26691734790802,620
Kitchenham,1,FAABE,62,0.26691734790802,630
Kitchenham,1,FAABE,63,0.26691734790802,640
Kitchenham,1,FAABE,64,0.26691734790802,650
Kitchenham,1,FAABE,65,0.2627243399620056,660
Kitchenham,1,FAABE,66,0.2627243399620056,670
Kitchenham,1,FAABE,67,0.2627243399620056,680
Kitchenham,1,FAABE,68,0.2627243399620056,690
Kitchenham,1,FAABE,69,0.2627243399620056,700
Kitchenham,1,FAABE,70,0.2627243399620056,710
Kitchenham,1,FAABE,71,0.2627243399620056,720
Kitchenham,1,FAABE,72,0.2627243399620056,730
Kitchenham,1,FAABE,73,0.2627243399620056,740
Kitchenham,1,FAABE,74,0.2627243399620056,750
Kitchenham,1,FAABE,75,0.2627243399620056,760
Kitchenham,1,FAABE,76,0.2627243399620056,770
Kitchenham,1,FAABE,77,0.2627243399620056,780
Kitchenham,1,FAABE,78,0.2627243399620056,790
Kitchenham,1,FAABE,79,0.2627243399620056,800
Kitchenham,1,FAABE,80,0.2627243399620056,810
Kitchenham,1,FAABE,81,0.2627243399620056,820
Kitchenham,1,FAABE,82,0.2627243399620056,830
Kitchenham,1,FAABE,83,0.2627243399620056,840
Kitchenham,1,FAABE,84,0.2627243399620056,850
Kitchenham,1,FAABE,85,0.2627243399620056,860
Kitchenham,1,FAABE,86,0.2627243399620056,870
Kitchenham,1,FAABE,87,0.2627243399620056,880
Kitchenham,1,FAABE,88,0.2627243399620056,890
Kitchenham,1,FAABE,89,0.2627243399620056,900
Kitchenham,1,FAABE,90,0.2627243399620056,910
Kitchenham,1,FAABE,91,0.2627243399620056,920
Kitchenham,1,FAABE,92,0.2627243399620056,930
Kitchenham,1,FAABE,93,0.2627243399620056,940
Kitchenham,1,FAABE,94,0.2627243399620056,950
Kitchenham,1,FAABE,95,0.2627243399620056,960
Kitchenham,1,FAABE,96,0.2627243399620056,970
Kitchenham,1,FAABE,97,0.2627243399620056,980
Kitchenham,1,FAABE,98,0.2627243399620056,990
Kitchenham,1,FAABE,99,0.2627243399620056,1000
Kitchenham,2,GA-ABE,0,0.32448357343673706,10
Kitchenham,2,GA-ABE,1,0.32261574268341064,20
Kitchenham,2,GA-ABE,2,0.32261574268341064,30
Kitchenham,2,GA-ABE,3,0.3169318437576294,40
Kitchenham,2,GA-ABE,4,0.3169318437576294,50
Kitchenham,2,GA-ABE,5,0.31648099422454834,60
Kitchenham,2,GA-ABE,6,0.3080959618091583,70
Kitchenham,2,GA-ABE,7,0.30318939685821533,80
Kitchenham,2,GA-ABE,8,0.29334157705307007,90
Kitchenham,2,GA-ABE,9,0.2848816514015198,100
Kitchenham,2,GA-ABE,10,0.2848816514015198,110
Kitchenham,2,GA-ABE,11,0.2848816514015198,120
Kitchenham,2,GA-ABE,12,0.2848816514015198,130
Kitchenham,2,GA-ABE,13,0.2848816514015198,140
Kitchenham,2,GA-ABE,14,0.2848816514015198,150
Kitchenham,2,GA-ABE,15,0.2848816514015198,160
Kitchenham,2,GA-ABE,16,0.28482139110565186,170
Kitchenham,2,GA-ABE,17,0.2846728265285492,180
Kitchenham,2,GA-ABE,18,0.2846728265285492,190
Kitchenham,2,GA-ABE,19,0.2833293080329895,200
Kitchenham,2,GA-ABE,20,0.2833293080329895,210
Kitchenham,2,GA-ABE,21,0.28293687105178833,220
Kitchenham,2,GA-ABE,22,0.28293687105178833,230
Kitchenham,2,GA-ABE,23,0.28293687105178833,240
Kitchenham,2,GA-ABE,24,0.28293687105178833,250
Kitchenham,2,GA-ABE,25,0.28293687105178833,260
Kitchenham,2,GA-ABE,26,0.28293687105178833,270
Kitchenham,2,GA-ABE,27,0.28293687105178833,280
Kitchenham,2,GA-ABE,28,0.28293687105178833,290
Kitchenham,2,GA-ABE,29,0.28293687105178833,300
Kitchenham,2,GA-ABE,30,0.28293687105178833,310
Kitchenham,2,GA-ABE,31,0.28293687105178833,320
Kitchenham,2,GA-ABE,32,0.28293687105178833,330
Kitchenham,2,GA-ABE,33,0.28293687105178833,340
Kitchenham,2,GA-ABE,34,0.28293687105178833,350
Kitchenham,2,GA-ABE,35,0.28293687105178833,360
Kitchenham,2,GA-ABE,36,0.28293687105178833,370
Kitchenham,2,GA-ABE,37,0.28293687105178833,380
Kitchenham,2,GA-ABE,38,0.28293687105178833,390
Kitchenham,2,GA-ABE,39,0.28293687105178833,400
Kitchenham,2,GA-ABE,40,0.28293687105178833,410
Kitchenham,2,GA-ABE,41,0.28293687105178833,420
Kitchenham,2,GA-ABE,42,0.28293687105178833,430
Kitchenham,2,GA-ABE,43,0.28293687105178833,440
Kitchenham,2,GA-ABE,44,0.28293687105178833,450
Kitchenham,2,GA-ABE,45,0.28293687105178833,460
Kitchenham,2,GA-ABE,46,0.28293687105178833,470
Kitchenham,2,GA-ABE,47,0.28293687105178833,480
Kitchenham,2,GA-ABE,48,0.28293687105178833,490
Kitchenham,2,GA-ABE,49,0.28293687105178833,500
Kitchenham,2,GA-ABE,50,0.28293687105178833,510
Kitchenham,2,GA-ABE,51,0.28293687105178833,520
Kitchenham,2,GA-ABE,52,0.28293687105178833,530
Kitchenham,2,GA-ABE,53,0.28293687105178833,540
Kitchenham,2,GA-ABE,54,0.28293687105178833,550
Kitchenham,2,GA-ABE,55,0.28293687105178833,560
Kitchenham,2,GA-ABE,56,0.28293687105178833,570
Kitchenham,2,GA-ABE,57,0.28293687105178833,580
Kitchenham,2,GA-ABE,58,0.28293687105178833,590
Kitchenham,2,GA-ABE,59,0.28293687105178833,600
Kitchenham,2,GA-ABE,60,0.28293687105178833,610
Kitchenham,2,GA-ABE,61,0.28293687105178833,620
Kitchenham,2,GA-ABE,62,0.28293687105178833,630
Kitchenham,2,GA-ABE,63,0.28293687105178833,640
Kitchenham,2,GA-ABE,64,0.28293687105178833,650
Kitchenham,2,GA-ABE,65,0.28293687105178833,660
Kitchenham,2,GA-ABE,66,0.28293687105178833,670
Kitchenham,2,GA-ABE,67,0.28293687105178833,680
Kitchenham,2,GA-ABE,68,0.28293687105178833,690
Kitchenham,2,GA-ABE,69,0.28293687105178833,700
Kitchenham,2,GA-ABE,70,0.28293687105178833,710
Kitchenham,2,GA-ABE,71,0.28293687105178833,720
Kitchenham,2,GA-ABE,72,0.28293687105178833,730
Kitchenham,2,GA-ABE,73,0.28293687105178833,740
Kitchenham,2,GA-ABE,74,0.28293687105178833,750
Kitchenham,2,GA-ABE,75,0.28293687105178833,760
Kitchenham,2,GA-ABE,76,0.28293687105178833,770
Kitchenham,2,GA-ABE,77,0.28293687105178833,780
Kitchenham,2,GA-ABE,78,0.28293687105178833,790
Kitchenham,2,GA-ABE,79,0.28293687105178833,800
Kitchenham,2,GA-ABE,80,0.28293687105178833,810
Kitchenham,2,GA-ABE,81,0.28293687105178833,820
Kitchenham,2,GA-ABE,82,0.28293687105178833,830
Kitchenham,2,GA-ABE,83,0.28292664885520935,840
Kitchenham,2,GA-ABE,84,0.28292664885520935,850
Kitchenham,2,GA-ABE,85,0.28292664885520935,860
Kitchenham,2,GA-ABE,86,0.28292664885520935,870
Kitchenham,2,GA-ABE,87,0.28292664885520935,880
Kitchenham,2,GA-ABE,88,0.28292664885520935,890
Kitchenham,2,GA-ABE,89,0.28292661905288696,900
Kitchenham,2,GA-ABE,90,0.28292661905288696,910
Kitchenham,2,GA-ABE,91,0.28292661905288696,920
Kitchenham,2,GA-ABE,92,0.28292661905288696,930
Kitchenham,2,GA-ABE,93,0.28292661905288696,940
Kitchenham,2,GA-ABE,94,0.28292661905288696,950
Kitchenham,2,GA-ABE,95,0.28292661905288696,960
Kitchenham,2,GA-ABE,96,0.28292661905288696,970
Kitchenham,2,GA-ABE,97,0.28292661905288696,980
Kitchenham,2,GA-ABE,98,0.28292661905288696,990
Kitchenham,2,GA-ABE,99,0.28292661905288696,1000
Kitchenham,2,PSO-ABE,0,0.28215131163597107,10
Kitchenham,2,PSO-ABE,1,0.26220715045928955,20
Kitchenham,2,PSO-ABE,2,0.26220715045928955,30
Kitchenham,2,PSO-ABE,3,0.26220715045928955,40
Kitchenham,2,PSO-ABE,4,0.26220715045928955,50
Kitchenham,2,PSO-ABE,5,0.2619524896144867,60
Kitchenham,2,PSO-ABE,6,0.2619524896144867,70
Kitchenham,2,PSO-ABE,7,0.2619524896144867,80
Kitchenham,2,PSO-ABE,8,0.2619524896144867,90
Kitchenham,2,PSO-ABE,9,0.2619524896144867,100
Kitchenham,2,PSO-ABE,10,0.2619524896144867,110
Kitchenham,2,PSO-ABE,11,0.2619524896144867,120
Kitchenham,2,PSO-ABE,12,0.2619524896144867,130
Kitchenham,2,PSO-ABE,13,0.2608878016471863,140
Kitchenham,2,PSO-ABE,14,0.2608878016471863,150
Kitchenham,2,PSO-ABE,15,0.2608878016471863,160
Kitchenham,2,PSO-ABE,16,0.2608878016471863,170
Kitchenham,2,PSO-ABE,17,0.2607736885547638,180
Kitchenham,2,PSO-ABE,18,0.2607736885547638,190
Kitchenham,2,PSO-ABE,19,0.2607736885547638,200
Kitchenham,2,PSO-ABE,20,0.2607736885547638,210
Kitchenham,2,PSO-ABE,21,0.2607736885547638,220
Kitchenham,2,PSO-ABE,22,0.2607736885547638,230
Kitchenham,2,PSO-ABE,23,0.2607712745666504,240
Kitchenham,2,PSO-ABE,24,0.2607683837413788,250
Kitchenham,2,PSO-ABE,25,0.2607683837413788,260
Kitchenham,2,PSO-ABE,26,0.26076769828796387,270
Kitchenham,2,PSO-ABE,27,0.26076769828796387,280
Kitchenham,2,PSO-ABE,28,0.26076769828796387,290
Kitchenham,2,PSO-ABE,29,0.26076769828796387,300
Kitchenham,2,PSO-ABE,30,0.26076769828796387,310
Kitchenham,2,PSO-ABE,31,0.2607620358467102,320
Kitchenham,2,PSO-ABE,32,0.2607620358467102,330
Kitchenham,2,PSO-ABE,33,0.26076120138168335,340
Kitchenham,2,PSO-ABE,34,0.26076120138168335,350
Kitchenham,2,PSO-ABE,35,0.2607593536376953,360
Kitchenham,2,PSO-ABE,36,0.2607593536376953,370
Kitchenham,2,PSO-ABE,37,0.2607593536376953,380
Kitchenham,2,PSO-ABE,38,0.2607576251029968,390
Kitchenham,2,PSO-ABE,39,0.2607576251029968,400
Kitchenham,2,PSO-ABE,40,0.2607576251029968,410
Kitchenham,2,PSO-ABE,41,0.2607576251029968,420
Kitchenham,2,PSO-ABE,42,0.2607573866844177,430
Kitchenham,2,PSO-ABE,43,0.2607573866844177,440
Kitchenham,2,PSO-ABE,44,0.2607573866844177,450
Kitchenham,2,PSO-ABE,45,0.2607573866844177,460
Kitchenham,2,PSO-ABE,46,0.2607573866844177,470
Kitchenham,2,PSO-ABE,47,0.2607569396495819,480
Kitchenham,2,PSO-ABE,48,0.2607569396495819,490
Kitchenham,2,PSO-ABE,49,0.2607569396495819,500
Kitchenham,2,PSO-ABE,50,0.2607569396495819,510
Kitchenham,2,PSO-ABE,51,0.2607569396495819,520
Kitchenham,2,PSO-ABE,52,0.2607569396495819,530
Kitchenham,2,PSO-ABE,53,0.2607569396495819,540
Kitchenham,2,PSO-ABE,54,0.2607569396495819,550
Kitchenham,2,PSO-ABE,55,0.2607569396495819,560
Kitchenham,2,PSO-ABE,56,0.2607569396495819,570
Kitchenham,2,PSO-ABE,57,0.2607569396495819,580
Kitchenham,2,PSO-ABE,58,0.2607569396495819,590
Kitchenham,2,PSO-ABE,59,0.26075685024261475,600
Kitchenham,2,PSO-ABE,60,0.26075685024261475,610
Kitchenham,2,PSO-ABE,61,0.26075685024261475,620
Kitchenham,2,PSO-ABE,62,0.26075685024261475,630
Kitchenham,2,PSO-ABE,63,0.26075685024261475,640
Kitchenham,2,PSO-ABE,64,0.26075685024261475,650
Kitchenham,2,PSO-ABE,65,0.26075685024261475,660
Kitchenham,2,PSO-ABE,66,0.26075685024261475,670
Kitchenham,2,PSO-ABE,67,0.26075685024261475,680
Kitchenham,2,PSO-ABE,68,0.26075685024261475,690
Kitchenham,2,PSO-ABE,69,0.26075685024261475,700
Kitchenham,2,PSO-ABE,70,0.26075685024261475,710
Kitchenham,2,PSO-ABE,71,0.26075685024261475,720
Kitchenham,2,PSO-ABE,72,0.26075685024261475,730
Kitchenham,2,PSO-ABE,73,0.26075685024261475,740
Kitchenham,2,PSO-ABE,74,0.26075685024261475,750
Kitchenham,2,PSO-ABE,75,0.26075685024261475,760
Kitchenham,2,PSO-ABE,76,0.26075685024261475,770
Kitchenham,2,PSO-ABE,77,0.26075685024261475,780
Kitchenham,2,PSO-ABE,78,0.26075685024261475,790
Kitchenham,2,PSO-ABE,79,0.26075685024261475,800
Kitchenham,2,PSO-ABE,80,0.26075685024261475,810
Kitchenham,2,PSO-ABE,81,0.26075685024261475,820
Kitchenham,2,PSO-ABE,82,0.26075685024261475,830
Kitchenham,2,PSO-ABE,83,0.26075685024261475,840
Kitchenham,2,PSO-ABE,84,0.26075685024261475,850
Kitchenham,2,PSO-ABE,85,0.26075685024261475,860
Kitchenham,2,PSO-ABE,86,0.26075685024261475,870
Kitchenham,2,PSO-ABE,87,0.26075685024261475,880
Kitchenham,2,PSO-ABE,88,0.26075685024261475,890
Kitchenham,2,PSO-ABE,89,0.26075685024261475,900
Kitchenham,2,PSO-ABE,90,0.26075685024261475,910
Kitchenham,2,PSO-ABE,91,0.26075685024261475,920
Kitchenham,2,PSO-ABE,92,0.26075685024261475,930
Kitchenham,2,PSO-ABE,93,0.26075685024261475,940
Kitchenham,2,PSO-ABE,94,0.26075685024261475,950
Kitchenham,2,PSO-ABE,95,0.26075685024261475,960
Kitchenham,2,PSO-ABE,96,0.26075685024261475,970
Kitchenham,2,PSO-ABE,97,0.26075685024261475,980
Kitchenham,2,PSO-ABE,98,0.26075685024261475,990
Kitchenham,2,PSO-ABE,99,0.26075685024261475,1000
Kitchenham,2,DE-ABE,0,0.32684314250946045,10
Kitchenham,2,DE-ABE,1,0.3100093603134155,20
Kitchenham,2,DE-ABE,2,0.3100093603134155,30
Kitchenham,2,DE-ABE,3,0.3100093603134155,40
Kitchenham,2,DE-ABE,4,0.2949279248714447,50
Kitchenham,2,DE-ABE,5,0.2812199592590332,60
Kitchenham,2,DE-ABE,6,0.2812199592590332,70
Kitchenham,2,DE-ABE,7,0.2812199592590332,80
Kitchenham,2,DE-ABE,8,0.2781461775302887,90
Kitchenham,2,DE-ABE,9,0.2781461775302887,100
Kitchenham,2,DE-ABE,10,0.2781461775302887,110
Kitchenham,2,DE-ABE,11,0.2781461775302887,120
Kitchenham,2,DE-ABE,12,0.2781461775302887,130
Kitchenham,2,DE-ABE,13,0.2781461775302887,140
Kitchenham,2,DE-ABE,14,0.276152640581131,150
Kitchenham,2,DE-ABE,15,0.2710554897785187,160
Kitchenham,2,DE-ABE,16,0.2710554897785187,170
Kitchenham,2,DE-ABE,17,0.2710554897785187,180
Kitchenham,2,DE-ABE,18,0.2671286463737488,190
Kitchenham,2,DE-ABE,19,0.2626665532588959,200
Kitchenham,2,DE-ABE,20,0.2626665532588959,210
Kitchenham,2,DE-ABE,21,0.25958123803138733,220
Kitchenham,2,DE-ABE,22,0.25068408250808716,230
Kitchenham,2,DE-ABE,23,0.2486812323331833,240
Kitchenham,2,DE-ABE,24,0.2486812323331833,250
Kitchenham,2,DE-ABE,25,0.2486812323331833,260
Kitchenham,2,DE-ABE,26,0.2486812323331833,270
Kitchenham,2,DE-ABE,27,0.24701960384845734,280
Kitchenham,2,DE-ABE,28,0.24701960384845734,290
Kitchenham,2,DE-ABE,29,0.24701960384845734,300
Kitchenham,2,DE-ABE,30,0.24701960384845734,310
Kitchenham,2,DE-ABE,31,0.24648630619049072,320
Kitchenham,2,DE-ABE,32,0.24646683037281036,330
Kitchenham,2,DE-ABE,33,0.24646683037281036,340
Kitchenham,2,DE-ABE,34,0.24646683037281036,350
Kitchenham,2,DE-ABE,35,0.2462722212076187,360
Kitchenham,2,DE-ABE,36,0.2462722212076187,370
Kitchenham,2,DE-ABE,37,0.2462722212076187,380
Kitchenham,2,DE-ABE,38,0.2462722212076187,390
Kitchenham,2,DE-ABE,39,0.2462722212076187,400
Kitchenham,2,DE-ABE,40,0.24627134203910828,410
Kitchenham,2,DE-ABE,41,0.24626556038856506,420
Kitchenham,2,DE-ABE,42,0.24625620245933533,430
Kitchenham,2,DE-ABE,43,0.24625620245933533,440
Kitchenham,2,DE-ABE,44,0.24625417590141296,450
Kitchenham,2,DE-ABE,45,0.2462523877620697,460
Kitchenham,2,DE-ABE,46,0.24625132977962494,470
Kitchenham,2,DE-ABE,47,0.246250182390213,480
Kitchenham,2,DE-ABE,48,0.24624945223331451,490
Kitchenham,2,DE-ABE,49,0.24624751508235931,500
Kitchenham,2,DE-ABE,50,0.24624751508235931,510
Kitchenham,2,DE-ABE,51,0.24624751508235931,520
Kitchenham,2,DE-ABE,52,0.24624724686145782,530
Kitchenham,2,DE-ABE,53,0.24624639749526978,540
Kitchenham,2,DE-ABE,54,0.24624639749526978,550
Kitchenham,2,DE-ABE,55,0.2462463080883026,560
Kitchenham,2,DE-ABE,56,0.24624615907669067,570
Kitchenham,2,DE-ABE,57,0.2462460994720459,580
Kitchenham,2,DE-ABE,58,0.2462460994720459,590
Kitchenham,2,DE-ABE,59,0.24624592065811157,600
Kitchenham,2,DE-ABE,60,0.24624581634998322,610
Kitchenham,2,DE-ABE,61,0.24624581634998322,620
Kitchenham,2,DE-ABE,62,0.24624572694301605,630
Kitchenham,2,DE-ABE,63,0.24624572694301605,640
Kitchenham,2,DE-ABE,64,0.24624566733837128,650
Kitchenham,2,DE-ABE,65,0.24624566733837128,660
Kitchenham,2,DE-ABE,66,0.2462456375360489,670
Kitchenham,2,DE-ABE,67,0.2462456375360489,680
Kitchenham,2,DE-ABE,68,0.2462456375360489,690
Kitchenham,2,DE-ABE,69,0.2462456077337265,700
Kitchenham,2,DE-ABE,70,0.2462456077337265,710
Kitchenham,2,DE-ABE,71,0.24624554812908173,720
Kitchenham,2,DE-ABE,72,0.24624554812908173,730
Kitchenham,2,DE-ABE,73,0.24624554812908173,740
Kitchenham,2,DE-ABE,74,0.24624551832675934,750
Kitchenham,2,DE-ABE,75,0.24624551832675934,760
Kitchenham,2,DE-ABE,76,0.24624548852443695,770
Kitchenham,2,DE-ABE,77,0.24624545872211456,780
Kitchenham,2,DE-ABE,78,0.24624545872211456,790
Kitchenham,2,DE-ABE,79,0.24624545872211456,800
Kitchenham,2,DE-ABE,80,0.24624542891979218,810
Kitchenham,2,DE-ABE,81,0.2462453991174698,820
Kitchenham,2,DE-ABE,82,0.2462453693151474,830
Kitchenham,2,DE-ABE,83,0.2462453693151474,840
Kitchenham,2,DE-ABE,84,0.24624530971050262,850
Kitchenham,2,DE-ABE,85,0.24624527990818024,860
Kitchenham,2,DE-ABE,86,0.24624527990818024,870
Kitchenham,2,DE-ABE,87,0.24624527990818024,880
Kitchenham,2,DE-ABE,88,0.24624527990818024,890
Kitchenham,2,DE-ABE,89,0.24624527990818024,900
Kitchenham,2,DE-ABE,90,0.24624522030353546,910
Kitchenham,2,DE-ABE,91,0.24624519050121307,920
Kitchenham,2,DE-ABE,92,0.24624519050121307,930
Kitchenham,2,DE-ABE,93,0.24624516069889069,940
Kitchenham,2,DE-ABE,94,0.24624516069889069,950
Kitchenham,2,DE-ABE,95,0.2462451308965683,960
Kitchenham,2,DE-ABE,96,0.2462451010942459,970
Kitchenham,2,DE-ABE,97,0.2462451010942459,980
Kitchenham,2,DE-ABE,98,0.2462451010942459,990
Kitchenham,2,DE-ABE,99,0.2462451010942459,1000
Kitchenham,2,GWO-ABE,0,0.2984746992588043,10
Kitchenham,2,GWO-ABE,1,0.28282836079597473,20
Kitchenham,2,GWO-ABE,2,0.2592321038246155,30
Kitchenham,2,GWO-ABE,3,0.26156458258628845,40
Kitchenham,2,GWO-ABE,4,0.2553597092628479,50
Kitchenham,2,GWO-ABE,5,0.25264182686805725,60
Kitchenham,2,GWO-ABE,6,0.25518888235092163,70
Kitchenham,2,GWO-ABE,7,0.25255972146987915,80
Kitchenham,2,GWO-ABE,8,0.2552976906299591,90
Kitchenham,2,GWO-ABE,9,0.253925085067749,100
Kitchenham,2,GWO-ABE,10,0.25304993987083435,110
Kitchenham,2,GWO-ABE,11,0.25270044803619385,120
Kitchenham,2,GWO-ABE,12,0.2505953907966614,130
Kitchenham,2,GWO-ABE,13,0.25214362144470215,140
Kitchenham,2,GWO-ABE,14,0.25011688470840454,150
Kitchenham,2,GWO-ABE,15,0.24871647357940674,160
Kitchenham,2,GWO-ABE,16,0.251545786857605,170
Kitchenham,2,GWO-ABE,17,0.2532649338245392,180
Kitchenham,2,GWO-ABE,18,0.24930378794670105,190
Kitchenham,2,GWO-ABE,19,0.2510519325733185,200
Kitchenham,2,GWO-ABE,20,0.25184914469718933,210
Kitchenham,2,GWO-ABE,21,0.2529260814189911,220
Kitchenham,2,GWO-ABE,22,0.24908722937107086,230
Kitchenham,2,GWO-ABE,23,0.2507140040397644,240
Kitchenham,2,GWO-ABE,24,0.250131219625473,250
Kitchenham,2,GWO-ABE,25,0.2508790194988251,260
Kitchenham,2,GWO-ABE,26,0.2498883157968521,270
Kitchenham,2,GWO-ABE,27,0.25205689668655396,280
Kitchenham,2,GWO-ABE,28,0.24885934591293335,290
Kitchenham,2,GWO-ABE,29,0.2523529529571533,300
Kitchenham,2,GWO-ABE,30,0.25136494636535645,310
Kitchenham,2,GWO-ABE,31,0.25111594796180725,320
Kitchenham,2,GWO-ABE,32,0.24877990782260895,330
Kitchenham,2,GWO-ABE,33,0.25089359283447266,340
Kitchenham,2,GWO-ABE,34,0.25238484144210815,350
Kitchenham,2,GWO-ABE,35,0.25145700573921204,360
Kitchenham,2,GWO-ABE,36,0.25299468636512756,370
Kitchenham,2,GWO-ABE,37,0.2506781816482544,380
Kitchenham,2,GWO-ABE,38,0.25194665789604187,390
Kitchenham,2,GWO-ABE,39,0.25232431292533875,400
Kitchenham,2,GWO-ABE,40,0.25149670243263245,410
Kitchenham,2,GWO-ABE,41,0.2528509795665741,420
Kitchenham,2,GWO-ABE,42,0.2543918192386627,430
Kitchenham,2,GWO-ABE,43,0.252332866191864,440
Kitchenham,2,GWO-ABE,44,0.24981290102005005,450
Kitchenham,2,GWO-ABE,45,0.25076186656951904,460
Kitchenham,2,GWO-ABE,46,0.25026941299438477,470
Kitchenham,2,GWO-ABE,47,0.2506198585033417,480
Kitchenham,2,GWO-ABE,48,0.2529098093509674,490
Kitchenham,2,GWO-ABE,49,0.2511219084262848,500
Kitchenham,2,GWO-ABE,50,0.248180091381073,510
Kitchenham,2,GWO-ABE,51,0.2524964511394501,520
Kitchenham,2,GWO-ABE,52,0.2518969476222992,530
Kitchenham,2,GWO-ABE,53,0.2521618902683258,540
Kitchenham,2,GWO-ABE,54,0.25085964798927307,550
Kitchenham,2,GWO-ABE,55,0.2526909410953522,560
Kitchenham,2,GWO-ABE,56,0.2517683207988739,570
Kitchenham,2,GWO-ABE,57,0.2530002295970917,580
Kitchenham,2,GWO-ABE,58,0.249803364276886,590
Kitchenham,2,GWO-ABE,59,0.2497507780790329,600
Kitchenham,2,GWO-ABE,60,0.25112929940223694,610
Kitchenham,2,GWO-ABE,61,0.2530885636806488,620
Kitchenham,2,GWO-ABE,62,0.25148725509643555,630
Kitchenham,2,GWO-ABE,63,0.25167834758758545,640
Kitchenham,2,GWO-ABE,64,0.2508787214756012,650
Kitchenham,2,GWO-ABE,65,0.24892334640026093,660
Kitchenham,2,GWO-ABE,66,0.2508484721183777,670
Kitchenham,2,GWO-ABE,67,0.2514285743236542,680
Kitchenham,2,GWO-ABE,68,0.25149476528167725,690
Kitchenham,2,GWO-ABE,69,0.25167346000671387,700
Kitchenham,2,GWO-ABE,70,0.24787573516368866,710
Kitchenham,2,GWO-ABE,71,0.24902963638305664,720
Kitchenham,2,GWO-ABE,72,0.24969670176506042,730
Kitchenham,2,GWO-ABE,73,0.2496873140335083,740
Kitchenham,2,GWO-ABE,74,0.24818268418312073,750
Kitchenham,2,GWO-ABE,75,0.24683116376399994,760
Kitchenham,2,GWO-ABE,76,0.24948525428771973,770
Kitchenham,2,GWO-ABE,77,0.2468625009059906,780
Kitchenham,2,GWO-ABE,78,0.2505197525024414,790
Kitchenham,2,GWO-ABE,79,0.25068536400794983,800
Kitchenham,2,GWO-ABE,80,0.2492893487215042,810
Kitchenham,2,GWO-ABE,81,0.24928250908851624,820
Kitchenham,2,GWO-ABE,82,0.2481941282749176,830
Kitchenham,2,GWO-ABE,83,0.2488754838705063,840
Kitchenham,2,GWO-ABE,84,0.24789580702781677,850
Kitchenham,2,GWO-ABE,85,0.24756580591201782,860
Kitchenham,2,GWO-ABE,86,0.2482089400291443,870
Kitchenham,2,GWO-ABE,87,0.24885520339012146,880
Kitchenham,2,GWO-ABE,88,0.24949787557125092,890
Kitchenham,2,GWO-ABE,89,0.24681830406188965,900
Kitchenham,2,GWO-ABE,90,0.24789364635944366,910
Kitchenham,2,GWO-ABE,91,0.2483925223350525,920
Kitchenham,2,GWO-ABE,92,0.2479148805141449,930
Kitchenham,2,GWO-ABE,93,0.24684682488441467,940
Kitchenham,2,GWO-ABE,94,0.2468428909778595,950
Kitchenham,2,GWO-ABE,95,0.24791236221790314,960
Kitchenham,2,GWO-ABE,96,0.24684128165245056,970
Kitchenham,2,GWO-ABE,97,0.2468366175889969,980
Kitchenham,2,GWO-ABE,98,0.24682103097438812,990
Kitchenham,2,GWO-ABE,99,0.2468317747116089,1000
Kitchenham,2,WOA-ABE,0,0.291141539812088,10
Kitchenham,2,WOA-ABE,1,0.2854706346988678,20
Kitchenham,2,WOA-ABE,2,0.27886366844177246,30
Kitchenham,2,WOA-ABE,3,0.26189446449279785,40
Kitchenham,2,WOA-ABE,4,0.2571781277656555,50
Kitchenham,2,WOA-ABE,5,0.2554734945297241,60
Kitchenham,2,WOA-ABE,6,0.2554734945297241,70
Kitchenham,2,WOA-ABE,7,0.25219473242759705,80
Kitchenham,2,WOA-ABE,8,0.25219473242759705,90
Kitchenham,2,WOA-ABE,9,0.25219473242759705,100
Kitchenham,2,WOA-ABE,10,0.25033804774284363,110
Kitchenham,2,WOA-ABE,11,0.25033804774284363,120
Kitchenham,2,WOA-ABE,12,0.25033804774284363,130
Kitchenham,2,WOA-ABE,13,0.2502689063549042,140
Kitchenham,2,WOA-ABE,14,0.2502689063549042,150
Kitchenham,2,WOA-ABE,15,0.24952371418476105,160
Kitchenham,2,WOA-ABE,16,0.24952371418476105,170
Kitchenham,2,WOA-ABE,17,0.24952371418476105,180
Kitchenham,2,WOA-ABE,18,0.24952371418476105,190
Kitchenham,2,WOA-ABE,19,0.24952371418476105,200
Kitchenham,2,WOA-ABE,20,0.24952371418476105,210
Kitchenham,2,WOA-ABE,21,0.24952371418476105,220
Kitchenham,2,WOA-ABE,22,0.24952371418476105,230
Kitchenham,2,WOA-ABE,23,0.24952371418476105,240
Kitchenham,2,WOA-ABE,24,0.24952371418476105,250
Kitchenham,2,WOA-ABE,25,0.24952371418476105,260
Kitchenham,2,WOA-ABE,26,0.24952371418476105,270
Kitchenham,2,WOA-ABE,27,0.24952371418476105,280
Kitchenham,2,WOA-ABE,28,0.24952371418476105,290
Kitchenham,2,WOA-ABE,29,0.24952371418476105,300
Kitchenham,2,WOA-ABE,30,0.24952371418476105,310
Kitchenham,2,WOA-ABE,31,0.24952371418476105,320
Kitchenham,2,WOA-ABE,32,0.24952371418476105,330
Kitchenham,2,WOA-ABE,33,0.24952371418476105,340
Kitchenham,2,WOA-ABE,34,0.24952371418476105,350
Kitchenham,2,WOA-ABE,35,0.24952371418476105,360
Kitchenham,2,WOA-ABE,36,0.24952371418476105,370
Kitchenham,2,WOA-ABE,37,0.24952371418476105,380
Kitchenham,2,WOA-ABE,38,0.24952371418476105,390
Kitchenham,2,WOA-ABE,39,0.24952371418476105,400
Kitchenham,2,WOA-ABE,40,0.24952371418476105,410
Kitchenham,2,WOA-ABE,41,0.24952371418476105,420
Kitchenham,2,WOA-ABE,42,0.24951888620853424,430
Kitchenham,2,WOA-ABE,43,0.24951888620853424,440
Kitchenham,2,WOA-ABE,44,0.24951888620853424,450
Kitchenham,2,WOA-ABE,45,0.24951723217964172,460
Kitchenham,2,WOA-ABE,46,0.24951723217964172,470
Kitchenham,2,WOA-ABE,47,0.24951723217964172,480
Kitchenham,2,WOA-ABE,48,0.24951723217964172,490
Kitchenham,2,WOA-ABE,49,0.24951723217964172,500
Kitchenham,2,WOA-ABE,50,0.2495119273662567,510
Kitchenham,2,WOA-ABE,51,0.2495119273662567,520
Kitchenham,2,WOA-ABE,52,0.2495119273662567,530
Kitchenham,2,WOA-ABE,53,0.2495119273662567,540
Kitchenham,2,WOA-ABE,54,0.2495119273662567,550
Kitchenham,2,WOA-ABE,55,0.2494991272687912,560
Kitchenham,2,WOA-ABE,56,0.2494991272687912,570
Kitchenham,2,WOA-ABE,57,0.2488667368888855,580
Kitchenham,2,WOA-ABE,58,0.2488667368888855,590
Kitchenham,2,WOA-ABE,59,0.2488667368888855,600
Kitchenham,2,WOA-ABE,60,0.2488667368888855,610
Kitchenham,2,WOA-ABE,61,0.24886374175548553,620
Kitchenham,2,WOA-ABE,62,0.24886374175548553,630
Kitchenham,2,WOA-ABE,63,0.24886374175548553,640
Kitchenham,2,WOA-ABE,64,0.24886327981948853,650
Kitchenham,2,WOA-ABE,65,0.24886327981948853,660
Kitchenham,2,WOA-ABE,66,0.24886289238929749,670
Kitchenham,2,WOA-ABE,67,0.24886289238929749,680
Kitchenham,2,WOA-ABE,68,0.24886289238929749,690
Kitchenham,2,WOA-ABE,69,0.24886289238929749,700
Kitchenham,2,WOA-ABE,70,0.24886289238929749,710
Kitchenham,2,WOA-ABE,71,0.2488628625869751,720
Kitchenham,2,WOA-ABE,72,0.2488628625869751,730
Kitchenham,2,WOA-ABE,73,0.2488628625869751,740
Kitchenham,2,WOA-ABE,74,0.2488628625869751,750
Kitchenham,2,WOA-ABE,75,0.2488628625869751,760
Kitchenham,2,WOA-ABE,76,0.2488628625869751,770
Kitchenham,2,WOA-ABE,77,0.2488628625869751,780
Kitchenham,2,WOA-ABE,78,0.2488628625869751,790
Kitchenham,2,WOA-ABE,79,0.2488628625869751,800
Kitchenham,2,WOA-ABE,80,0.2488628625869751,810
Kitchenham,2,WOA-ABE,81,0.2488628625869751,820
Kitchenham,2,WOA-ABE,82,0.2488628625869751,830
Kitchenham,2,WOA-ABE,83,0.2488628625869751,840
Kitchenham,2,WOA-ABE,84,0.2488628625869751,850
Kitchenham,2,WOA-ABE,85,0.2488628625869751,860
Kitchenham,2,WOA-ABE,86,0.2488628625869751,870
Kitchenham,2,WOA-ABE,87,0.2488628625869751,880
Kitchenham,2,WOA-ABE,88,0.2488628625869751,890
Kitchenham,2,WOA-ABE,89,0.2488628625869751,900
Kitchenham,2,WOA-ABE,90,0.2488628625869751,910
Kitchenham,2,WOA-ABE,91,0.2488628625869751,920
Kitchenham,2,WOA-ABE,92,0.2488628625869751,930
Kitchenham,2,WOA-ABE,93,0.2488628625869751,940
Kitchenham,2,WOA-ABE,94,0.2488628625869751,950
Kitchenham,2,WOA-ABE,95,0.2488628625869751,960
Kitchenham,2,WOA-ABE,96,0.2488628625869751,970
Kitchenham,2,WOA-ABE,97,0.2488628625869751,980
Kitchenham,2,WOA-ABE,98,0.2488628625869751,990
Kitchenham,2,WOA-ABE,99,0.2488628625869751,1000
Kitchenham,2,FAABE,0,0.2892211377620697,10
Kitchenham,2,FAABE,1,0.2892211377620697,20
Kitchenham,2,FAABE,2,0.2826125919818878,30
Kitchenham,2,FAABE,3,0.27250367403030396,40
Kitchenham,2,FAABE,4,0.27250367403030396,50
Kitchenham,2,FAABE,5,0.27250367403030396,60
Kitchenham,2,FAABE,6,0.27250367403030396,70
Kitchenham,2,FAABE,7,0.27250367403030396,80
Kitchenham,2,FAABE,8,0.27250367403030396,90
Kitchenham,2,FAABE,9,0.27250367403030396,100
Kitchenham,2,FAABE,10,0.27250367403030396,110
Kitchenham,2,FAABE,11,0.27250367403030396,120
Kitchenham,2,FAABE,12,0.25378280878067017,130
Kitchenham,2,FAABE,13,0.25378280878067017,140
Kitchenham,2,FAABE,14,0.25378280878067017,150
Kitchenham,2,FAABE,15,0.25378280878067017,160
Kitchenham,2,FAABE,16,0.25378280878067017,170
Kitchenham,2,FAABE,17,0.25378280878067017,180
Kitchenham,2,FAABE,18,0.253048837184906,190
Kitchenham,2,FAABE,19,0.2523224353790283,200
Kitchenham,2,FAABE,20,0.2523224353790283,210
Kitchenham,2,FAABE,21,0.2523224353790283,220
Kitchenham,2,FAABE,22,0.2523224353790283,230
Kitchenham,2,FAABE,23,0.2523224353790283,240
Kitchenham,2,FAABE,24,0.2523224353790283,250
Kitchenham,2,FAABE,25,0.2523224353790283,260
Kitchenham,2,FAABE,26,0.2523224353790283,270
Kitchenham,2,FAABE,27,0.2523224353790283,280
Kitchenham,2,FAABE,28,0.2523224353790283,290
Kitchenham,2,FAABE,29,0.2523224353790283,300
Kitchenham,2,FAABE,30,0.2523224353790283,310
Kitchenham,2,FAABE,31,0.2523224353790283,320
Kitchenham,2,FAABE,32,0.2523224353790283,330
Kitchenham,2,FAABE,33,0.2523224353790283,340
Kitchenham,2,FAABE,34,0.2523224353790283,350
Kitchenham,2,FAABE,35,0.2523224353790283,360
Kitchenham,2,FAABE,36,0.2523224353790283,370
Kitchenham,2,FAABE,37,0.2523224353790283,380
Kitchenham,2,FAABE,38,0.25064221024513245,390
Kitchenham,2,FAABE,39,0.25064221024513245,400
Kitchenham,2,FAABE,40,0.25064221024513245,410
Kitchenham,2,FAABE,41,0.25064221024513245,420
Kitchenham,2,FAABE,42,0.25064221024513245,430
Kitchenham,2,FAABE,43,0.25064221024513245,440
Kitchenham,2,FAABE,44,0.25064221024513245,450
Kitchenham,2,FAABE,45,0.25064221024513245,460
Kitchenham,2,FAABE,46,0.25064221024513245,470
Kitchenham,2,FAABE,47,0.25064221024513245,480
Kitchenham,2,FAABE,48,0.25064221024513245,490
Kitchenham,2,FAABE,49,0.25064221024513245,500
Kitchenham,2,FAABE,50,0.25064221024513245,510
Kitchenham,2,FAABE,51,0.25064221024513245,520
Kitchenham,2,FAABE,52,0.25064221024513245,530
Kitchenham,2,FAABE,53,0.25064221024513245,540
Kitchenham,2,FAABE,54,0.25064221024513245,550
Kitchenham,2,FAABE,55,0.25064221024513245,560
Kitchenham,2,FAABE,56,0.25064221024513245,570
Kitchenham,2,FAABE,57,0.25064221024513245,580
Kitchenham,2,FAABE,58,0.25064221024513245,590
Kitchenham,2,FAABE,59,0.25064221024513245,600
Kitchenham,2,FAABE,60,0.25064221024513245,610
Kitchenham,2,FAABE,61,0.25064221024513245,620
Kitchenham,2,FAABE,62,0.25064221024513245,630
Kitchenham,2,FAABE,63,0.25064221024513245,640
Kitchenham,2,FAABE,64,0.24838238954544067,650
Kitchenham,2,FAABE,65,0.24838238954544067,660
Kitchenham,2,FAABE,66,0.24838238954544067,670
Kitchenham,2,FAABE,67,0.24838238954544067,680
Kitchenham,2,FAABE,68,0.24838238954544067,690
Kitchenham,2,FAABE,69,0.24838238954544067,700
Kitchenham,2,FAABE,70,0.24838238954544067,710
Kitchenham,2,FAABE,71,0.24838238954544067,720
Kitchenham,2,FAABE,72,0.24838238954544067,730
Kitchenham,2,FAABE,73,0.24838238954544067,740
Kitchenham,2,FAABE,74,0.24838238954544067,750
Kitchenham,2,FAABE,75,0.24838238954544067,760
Kitchenham,2,FAABE,76,0.24838238954544067,770
Kitchenham,2,FAABE,77,0.24838238954544067,780
Kitchenham,2,FAABE,78,0.24838238954544067,790
Kitchenham,2,FAABE,79,0.24838238954544067,800
Kitchenham,2,FAABE,80,0.24838238954544067,810
Kitchenham,2,FAABE,81,0.24838238954544067,820
Kitchenham,2,FAABE,82,0.24838238954544067,830
Kitchenham,2,FAABE,83,0.24838238954544067,840
Kitchenham,2,FAABE,84,0.24838238954544067,850
Kitchenham,2,FAABE,85,0.24838238954544067,860
Kitchenham,2,FAABE,86,0.24838238954544067,870
Kitchenham,2,FAABE,87,0.24838238954544067,880
Kitchenham,2,FAABE,88,0.24838238954544067,890
Kitchenham,2,FAABE,89,0.24838238954544067,900
Kitchenham,2,FAABE,90,0.24838238954544067,910
Kitchenham,2,FAABE,91,0.24838238954544067,920
Kitchenham,2,FAABE,92,0.24838238954544067,930
Kitchenham,2,FAABE,93,0.24838238954544067,940
Kitchenham,2,FAABE,94,0.24838238954544067,950
Kitchenham,2,FAABE,95,0.24838238954544067,960
Kitchenham,2,FAABE,96,0.24838238954544067,970
Kitchenham,2,FAABE,97,0.24838238954544067,980
Kitchenham,2,FAABE,98,0.24838238954544067,990
Kitchenham,2,FAABE,99,0.24838238954544067,1000
Kitchenham,3,GA-ABE,0,0.3547598719596863,10
Kitchenham,3,GA-ABE,1,0.3546513020992279,20
Kitchenham,3,GA-ABE,2,0.3471437096595764,30
Kitchenham,3,GA-ABE,3,0.3471437096595764,40
Kitchenham,3,GA-ABE,4,0.3471437096595764,50
Kitchenham,3,GA-ABE,5,0.3471437096595764,60
Kitchenham,3,GA-ABE,6,0.3411768972873688,70
Kitchenham,3,GA-ABE,7,0.3411768972873688,80
Kitchenham,3,GA-ABE,8,0.2924656867980957,90
Kitchenham,3,GA-ABE,9,0.2924656867980957,100
Kitchenham,3,GA-ABE,10,0.2859775722026825,110
Kitchenham,3,GA-ABE,11,0.27501270174980164,120
Kitchenham,3,GA-ABE,12,0.27501270174980164,130
Kitchenham,3,GA-ABE,13,0.27501270174980164,140
Kitchenham,3,GA-ABE,14,0.27501270174980164,150
Kitchenham,3,GA-ABE,15,0.274301677942276,160
Kitchenham,3,GA-ABE,16,0.2742522358894348,170
Kitchenham,3,GA-ABE,17,0.2718450129032135,180
Kitchenham,3,GA-ABE,18,0.2718401551246643,190
Kitchenham,3,GA-ABE,19,0.270904541015625,200
Kitchenham,3,GA-ABE,20,0.270904541015625,210
Kitchenham,3,GA-ABE,21,0.270904541015625,220
Kitchenham,3,GA-ABE,22,0.270904541015625,230
Kitchenham,3,GA-ABE,23,0.270904541015625,240
Kitchenham,3,GA-ABE,24,0.270904541015625,250
Kitchenham,3,GA-ABE,25,0.2698565125465393,260
Kitchenham,3,GA-ABE,26,0.2698565125465393,270
Kitchenham,3,GA-ABE,27,0.26985427737236023,280
Kitchenham,3,GA-ABE,28,0.26985427737236023,290
Kitchenham,3,GA-ABE,29,0.26985427737236023,300
Kitchenham,3,GA-ABE,30,0.26985427737236023,310
Kitchenham,3,GA-ABE,31,0.26985427737236023,320
Kitchenham,3,GA-ABE,32,0.26985427737236023,330
Kitchenham,3,GA-ABE,33,0.26985427737236023,340
Kitchenham,3,GA-ABE,34,0.26985427737236023,350
Kitchenham,3,GA-ABE,35,0.26985427737236023,360
Kitchenham,3,GA-ABE,36,0.26985427737236023,370
Kitchenham,3,GA-ABE,37,0.26985427737236023,380
Kitchenham,3,GA-ABE,38,0.26985427737236023,390
Kitchenham,3,GA-ABE,39,0.26985427737236023,400
Kitchenham,3,GA-ABE,40,0.26985427737236023,410
Kitchenham,3,GA-ABE,41,0.26985427737236023,420
Kitchenham,3,GA-ABE,42,0.26985427737236023,430
Kitchenham,3,GA-ABE,43,0.26985427737236023,440
Kitchenham,3,GA-ABE,44,0.26985427737236023,450
Kitchenham,3,GA-ABE,45,0.26985427737236023,460
Kitchenham,3,GA-ABE,46,0.26985427737236023,470
Kitchenham,3,GA-ABE,47,0.26985427737236023,480
Kitchenham,3,GA-ABE,48,0.26985427737236023,490
Kitchenham,3,GA-ABE,49,0.26985427737236023,500
Kitchenham,3,GA-ABE,50,0.26985427737236023,510
Kitchenham,3,GA-ABE,51,0.26985427737236023,520
Kitchenham,3,GA-ABE,52,0.26985427737236023,530
Kitchenham,3,GA-ABE,53,0.26985427737236023,540
Kitchenham,3,GA-ABE,54,0.26985427737236023,550
Kitchenham,3,GA-ABE,55,0.2690052390098572,560
Kitchenham,3,GA-ABE,56,0.2690052390098572,570
Kitchenham,3,GA-ABE,57,0.26898491382598877,580
Kitchenham,3,GA-ABE,58,0.26898491382598877,590
Kitchenham,3,GA-ABE,59,0.26898491382598877,600
Kitchenham,3,GA-ABE,60,0.26898491382598877,610
Kitchenham,3,GA-ABE,61,0.26898491382598877,620
Kitchenham,3,GA-ABE,62,0.26898491382598877,630
Kitchenham,3,GA-ABE,63,0.26898491382598877,640
Kitchenham,3,GA-ABE,64,0.26898491382598877,650
Kitchenham,3,GA-ABE,65,0.26898491382598877,660
Kitchenham,3,GA-ABE,66,0.26898491382598877,670
Kitchenham,3,GA-ABE,67,0.26898491382598877,680
Kitchenham,3,GA-ABE,68,0.26898491382598877,690
Kitchenham,3,GA-ABE,69,0.2689814567565918,700
Kitchenham,3,GA-ABE,70,0.2689814567565918,710
Kitchenham,3,GA-ABE,71,0.2689814567565918,720
Kitchenham,3,GA-ABE,72,0.2689814269542694,730
Kitchenham,3,GA-ABE,73,0.2689814269542694,740
Kitchenham,3,GA-ABE,74,0.2689814269542694,750
Kitchenham,3,GA-ABE,75,0.2689814269542694,760
Kitchenham,3,GA-ABE,76,0.2689814269542694,770
Kitchenham,3,GA-ABE,77,0.2689814269542694,780
Kitchenham,3,GA-ABE,78,0.2689814269542694,790
Kitchenham,3,GA-ABE,79,0.2689814269542694,800
Kitchenham,3,GA-ABE,80,0.2689814269542694,810
Kitchenham,3,GA-ABE,81,0.2689814269542694,820
Kitchenham,3,GA-ABE,82,0.26898011565208435,830
Kitchenham,3,GA-ABE,83,0.26898011565208435,840
Kitchenham,3,GA-ABE,84,0.26897966861724854,850
Kitchenham,3,GA-ABE,85,0.26897966861724854,860
Kitchenham,3,GA-ABE,86,0.26897966861724854,870
Kitchenham,3,GA-ABE,87,0.26897966861724854,880
Kitchenham,3,GA-ABE,88,0.26897966861724854,890
Kitchenham,3,GA-ABE,89,0.26897966861724854,900
Kitchenham,3,GA-ABE,90,0.26897963881492615,910
Kitchenham,3,GA-ABE,91,0.26897963881492615,920
Kitchenham,3,GA-ABE,92,0.26897963881492615,930
Kitchenham,3,GA-ABE,93,0.26897963881492615,940
Kitchenham,3,GA-ABE,94,0.26897963881492615,950
Kitchenham,3,GA-ABE,95,0.26897963881492615,960
Kitchenham,3,GA-ABE,96,0.26897963881492615,970
Kitchenham,3,GA-ABE,97,0.26897963881492615,980
Kitchenham,3,GA-ABE,98,0.26897963881492615,990
Kitchenham,3,GA-ABE,99,0.2689729630947113,1000
Kitchenham,3,PSO-ABE,0,0.3810202479362488,10
Kitchenham,3,PSO-ABE,1,0.3437308371067047,20
Kitchenham,3,PSO-ABE,2,0.3162400424480438,30
Kitchenham,3,PSO-ABE,3,0.3043670356273651,40
Kitchenham,3,PSO-ABE,4,0.3043670356273651,50
Kitchenham,3,PSO-ABE,5,0.2928033769130707,60
Kitchenham,3,PSO-ABE,6,0.2928033769130707,70
Kitchenham,3,PSO-ABE,7,0.2928033769130707,80
Kitchenham,3,PSO-ABE,8,0.29157260060310364,90
Kitchenham,3,PSO-ABE,9,0.29157260060310364,100
Kitchenham,3,PSO-ABE,10,0.290071040391922,110
Kitchenham,3,PSO-ABE,11,0.290071040391922,120
Kitchenham,3,PSO-ABE,12,0.290071040391922,130
Kitchenham,3,PSO-ABE,13,0.290071040391922,140
Kitchenham,3,PSO-ABE,14,0.290071040391922,150
Kitchenham,3,PSO-ABE,15,0.290071040391922,160
Kitchenham,3,PSO-ABE,16,0.290071040391922,170
Kitchenham,3,PSO-ABE,17,0.290071040391922,180
Kitchenham,3,PSO-ABE,18,0.29006969928741455,190
Kitchenham,3,PSO-ABE,19,0.29006969928741455,200
Kitchenham,3,PSO-ABE,20,0.29006969928741455,210
Kitchenham,3,PSO-ABE,21,0.29006969928741455,220
Kitchenham,3,PSO-ABE,22,0.29006969928741455,230
Kitchenham,3,PSO-ABE,23,0.29006969928741455,240
Kitchenham,3,PSO-ABE,24,0.29006969928741455,250
Kitchenham,3,PSO-ABE,25,0.29006969928741455,260
Kitchenham,3,PSO-ABE,26,0.29006969928741455,270
Kitchenham,3,PSO-ABE,27,0.2900679409503937,280
Kitchenham,3,PSO-ABE,28,0.2900679409503937,290
Kitchenham,3,PSO-ABE,29,0.2900679409503937,300
Kitchenham,3,PSO-ABE,30,0.2900679409503937,310
Kitchenham,3,PSO-ABE,31,0.2900679409503937,320
Kitchenham,3,PSO-ABE,32,0.2900679409503937,330
Kitchenham,3,PSO-ABE,33,0.2900679409503937,340
Kitchenham,3,PSO-ABE,34,0.2900679409503937,350
Kitchenham,3,PSO-ABE,35,0.2900679409503937,360
Kitchenham,3,PSO-ABE,36,0.2900679409503937,370
Kitchenham,3,PSO-ABE,37,0.2900679409503937,380
Kitchenham,3,PSO-ABE,38,0.2900679409503937,390
Kitchenham,3,PSO-ABE,39,0.2900679409503937,400
Kitchenham,3,PSO-ABE,40,0.2900679409503937,410
Kitchenham,3,PSO-ABE,41,0.2900679409503937,420
Kitchenham,3,PSO-ABE,42,0.2900679409503937,430
Kitchenham,3,PSO-ABE,43,0.2900679409503937,440
Kitchenham,3,PSO-ABE,44,0.2900679409503937,450
Kitchenham,3,PSO-ABE,45,0.2900674641132355,460
Kitchenham,3,PSO-ABE,46,0.2900674641132355,470
Kitchenham,3,PSO-ABE,47,0.2900674641132355,480
Kitchenham,3,PSO-ABE,48,0.2900674641132355,490
Kitchenham,3,PSO-ABE,49,0.2900674641132355,500
Kitchenham,3,PSO-ABE,50,0.29006728529930115,510
Kitchenham,3,PSO-ABE,51,0.29006728529930115,520
Kitchenham,3,PSO-ABE,52,0.29006728529930115,530
Kitchenham,3,PSO-ABE,53,0.29006728529930115,540
Kitchenham,3,PSO-ABE,54,0.29006728529930115,550
Kitchenham,3,PSO-ABE,55,0.29006674885749817,560
Kitchenham,3,PSO-ABE,56,0.29006674885749817,570
Kitchenham,3,PSO-ABE,57,0.29006674885749817,580
Kitchenham,3,PSO-ABE,58,0.29006674885749817,590
Kitchenham,3,PSO-ABE,59,0.29006674885749817,600
Kitchenham,3,PSO-ABE,60,0.29006674885749817,610
Kitchenham,3,PSO-ABE,61,0.29006674885749817,620
Kitchenham,3,PSO-ABE,62,0.29006674885749817,630
Kitchenham,3,PSO-ABE,63,0.29006674885749817,640
Kitchenham,3,PSO-ABE,64,0.29006674885749817,650
Kitchenham,3,PSO-ABE,65,0.29006674885749817,660
Kitchenham,3,PSO-ABE,66,0.29006674885749817,670
Kitchenham,3,PSO-ABE,67,0.29006674885749817,680
Kitchenham,3,PSO-ABE,68,0.29006674885749817,690
Kitchenham,3,PSO-ABE,69,0.29006674885749817,700
Kitchenham,3,PSO-ABE,70,0.29006674885749817,710
Kitchenham,3,PSO-ABE,71,0.29006674885749817,720
Kitchenham,3,PSO-ABE,72,0.29006674885749817,730
Kitchenham,3,PSO-ABE,73,0.29006674885749817,740
Kitchenham,3,PSO-ABE,74,0.29006674885749817,750
Kitchenham,3,PSO-ABE,75,0.29006674885749817,760
Kitchenham,3,PSO-ABE,76,0.29006674885749817,770
Kitchenham,3,PSO-ABE,77,0.29006674885749817,780
Kitchenham,3,PSO-ABE,78,0.29006674885749817,790
Kitchenham,3,PSO-ABE,79,0.29006674885749817,800
Kitchenham,3,PSO-ABE,80,0.2900666892528534,810
Kitchenham,3,PSO-ABE,81,0.2900666892528534,820
Kitchenham,3,PSO-ABE,82,0.2900666892528534,830
Kitchenham,3,PSO-ABE,83,0.2900666892528534,840
Kitchenham,3,PSO-ABE,84,0.2900666892528534,850
Kitchenham,3,PSO-ABE,85,0.2900666892528534,860
Kitchenham,3,PSO-ABE,86,0.2900666892528534,870
Kitchenham,3,PSO-ABE,87,0.2900666892528534,880
Kitchenham,3,PSO-ABE,88,0.2900666892528534,890
Kitchenham,3,PSO-ABE,89,0.2900666892528534,900
Kitchenham,3,PSO-ABE,90,0.2900666892528534,910
Kitchenham,3,PSO-ABE,91,0.2900666892528534,920
Kitchenham,3,PSO-ABE,92,0.2900666892528534,930
Kitchenham,3,PSO-ABE,93,0.2900666892528534,940
Kitchenham,3,PSO-ABE,94,0.2900666892528534,950
Kitchenham,3,PSO-ABE,95,0.2900666892528534,960
Kitchenham,3,PSO-ABE,96,0.2900666892528534,970
Kitchenham,3,PSO-ABE,97,0.2900666892528534,980
Kitchenham,3,PSO-ABE,98,0.2900666892528534,990
Kitchenham,3,PSO-ABE,99,0.2900666892528534,1000
Kitchenham,3,DE-ABE,0,0.36505284905433655,10
Kitchenham,3,DE-ABE,1,0.29238852858543396,20
Kitchenham,3,DE-ABE,2,0.29238852858543396,30
Kitchenham,3,DE-ABE,3,0.2830745279788971,40
Kitchenham,3,DE-ABE,4,0.2764624059200287,50
Kitchenham,3,DE-ABE,5,0.2764624059200287,60
Kitchenham,3,DE-ABE,6,0.2720467746257782,70
Kitchenham,3,DE-ABE,7,0.2720467746257782,80
Kitchenham,3,DE-ABE,8,0.2720467746257782,90
Kitchenham,3,DE-ABE,9,0.2720467746257782,100
Kitchenham,3,DE-ABE,10,0.2720467746257782,110
Kitchenham,3,DE-ABE,11,0.2720467746257782,120
Kitchenham,3,DE-ABE,12,0.2720467746257782,130
Kitchenham,3,DE-ABE,13,0.27133581042289734,140
Kitchenham,3,DE-ABE,14,0.27133581042289734,150
Kitchenham,3,DE-ABE,15,0.2702792286872864,160
Kitchenham,3,DE-ABE,16,0.2688528299331665,170
Kitchenham,3,DE-ABE,17,0.2688528299331665,180
Kitchenham,3,DE-ABE,18,0.26753365993499756,190
Kitchenham,3,DE-ABE,19,0.26753365993499756,200
Kitchenham,3,DE-ABE,20,0.26753365993499756,210
Kitchenham,3,DE-ABE,21,0.26753365993499756,220
Kitchenham,3,DE-ABE,22,0.26753365993499756,230
Kitchenham,3,DE-ABE,23,0.26753365993499756,240
Kitchenham,3,DE-ABE,24,0.26753365993499756,250
Kitchenham,3,DE-ABE,25,0.26753365993499756,260
Kitchenham,3,DE-ABE,26,0.26753365993499756,270
Kitchenham,3,DE-ABE,27,0.26753365993499756,280
Kitchenham,3,DE-ABE,28,0.26753365993499756,290
Kitchenham,3,DE-ABE,29,0.26753365993499756,300
Kitchenham,3,DE-ABE,30,0.26753365993499756,310
Kitchenham,3,DE-ABE,31,0.26662957668304443,320
Kitchenham,3,DE-ABE,32,0.26662957668304443,330
Kitchenham,3,DE-ABE,33,0.2666240930557251,340
Kitchenham,3,DE-ABE,34,0.2666240930557251,350
Kitchenham,3,DE-ABE,35,0.2666234076023102,360
Kitchenham,3,DE-ABE,36,0.2666234076023102,370
Kitchenham,3,DE-ABE,37,0.2666234076023102,380
Kitchenham,3,DE-ABE,38,0.26662325859069824,390
Kitchenham,3,DE-ABE,39,0.2666226029396057,400
Kitchenham,3,DE-ABE,40,0.2666225731372833,410
Kitchenham,3,DE-ABE,41,0.2666225731372833,420
Kitchenham,3,DE-ABE,42,0.2666225731372833,430
Kitchenham,3,DE-ABE,43,0.2666222155094147,440
Kitchenham,3,DE-ABE,44,0.2666222155094147,450
Kitchenham,3,DE-ABE,45,0.26662206649780273,460
Kitchenham,3,DE-ABE,46,0.26662206649780273,470
Kitchenham,3,DE-ABE,47,0.26662197709083557,480
Kitchenham,3,DE-ABE,48,0.2666219174861908,490
Kitchenham,3,DE-ABE,49,0.2666219174861908,500
Kitchenham,3,DE-ABE,50,0.2666219174861908,510
Kitchenham,3,DE-ABE,51,0.266621857881546,520
Kitchenham,3,DE-ABE,52,0.266621857881546,530
Kitchenham,3,DE-ABE,53,0.266621857881546,540
Kitchenham,3,DE-ABE,54,0.266621857881546,550
Kitchenham,3,DE-ABE,55,0.26662179827690125,560
Kitchenham,3,DE-ABE,56,0.26662179827690125,570
Kitchenham,3,DE-ABE,57,0.26662179827690125,580
Kitchenham,3,DE-ABE,58,0.26662179827690125,590
Kitchenham,3,DE-ABE,59,0.2666216790676117,600
Kitchenham,3,DE-ABE,60,0.2666216194629669,610
Kitchenham,3,DE-ABE,61,0.2666216194629669,620
Kitchenham,3,DE-ABE,62,0.2666216194629669,630
Kitchenham,3,DE-ABE,63,0.2666216194629669,640
Kitchenham,3,DE-ABE,64,0.2666216194629669,650
Kitchenham,3,DE-ABE,65,0.2666216194629669,660
Kitchenham,3,DE-ABE,66,0.2666216194629669,670
Kitchenham,3,DE-ABE,67,0.266621470451355,680
Kitchenham,3,DE-ABE,68,0.266621470451355,690
Kitchenham,3,DE-ABE,69,0.266621470451355,700
Kitchenham,3,DE-ABE,70,0.266621470451355,710
Kitchenham,3,DE-ABE,71,0.266621470451355,720
Kitchenham,3,DE-ABE,72,0.266621470451355,730
Kitchenham,3,DE-ABE,73,0.266621470451355,740
Kitchenham,3,DE-ABE,74,0.266621470451355,750
Kitchenham,3,DE-ABE,75,0.266621470451355,760
Kitchenham,3,DE-ABE,76,0.266621470451355,770
Kitchenham,3,DE-ABE,77,0.266621470451355,780
Kitchenham,3,DE-ABE,78,0.26662135124206543,790
Kitchenham,3,DE-ABE,79,0.26662135124206543,800
Kitchenham,3,DE-ABE,80,0.26662135124206543,810
Kitchenham,3,DE-ABE,81,0.26662129163742065,820
Kitchenham,3,DE-ABE,82,0.26662126183509827,830
Kitchenham,3,DE-ABE,83,0.2666212022304535,840
Kitchenham,3,DE-ABE,84,0.26662111282348633,850
Kitchenham,3,DE-ABE,85,0.26662111282348633,860
Kitchenham,3,DE-ABE,86,0.26662111282348633,870
Kitchenham,3,DE-ABE,87,0.26662111282348633,880
Kitchenham,3,DE-ABE,88,0.26662111282348633,890
Kitchenham,3,DE-ABE,89,0.26662105321884155,900
Kitchenham,3,DE-ABE,90,0.26662105321884155,910
Kitchenham,3,DE-ABE,91,0.26662105321884155,920
Kitchenham,3,DE-ABE,92,0.26662102341651917,930
Kitchenham,3,DE-ABE,93,0.26662102341651917,940
Kitchenham,3,DE-ABE,94,0.26662102341651917,950
Kitchenham,3,DE-ABE,95,0.2666209936141968,960
Kitchenham,3,DE-ABE,96,0.2666209936141968,970
Kitchenham,3,DE-ABE,97,0.2666209638118744,980
Kitchenham,3,DE-ABE,98,0.266620934009552,990
Kitchenham,3,DE-ABE,99,0.266620934009552,1000
Kitchenham,3,GWO-ABE,0,0.30272459983825684,10
Kitchenham,3,GWO-ABE,1,0.2922346293926239,20
Kitchenham,3,GWO-ABE,2,0.29115384817123413,30
Kitchenham,3,GWO-ABE,3,0.28980353474617004,40
Kitchenham,3,GWO-ABE,4,0.2904585003852844,50
Kitchenham,3,GWO-ABE,5,0.2899087071418762,60
Kitchenham,3,GWO-ABE,6,0.28952547907829285,70
Kitchenham,3,GWO-ABE,7,0.2899826169013977,80
Kitchenham,3,GWO-ABE,8,0.2892586886882782,90
Kitchenham,3,GWO-ABE,9,0.28777411580085754,100
Kitchenham,3,GWO-ABE,10,0.2905275821685791,110
Kitchenham,3,GWO-ABE,11,0.2899142801761627,120
Kitchenham,3,GWO-ABE,12,0.28779879212379456,130
Kitchenham,3,GWO-ABE,13,0.28751543164253235,140
Kitchenham,3,GWO-ABE,14,0.2877735495567322,150
Kitchenham,3,GWO-ABE,15,0.2881322205066681,160
Kitchenham,3,GWO-ABE,16,0.2878342270851135,170
Kitchenham,3,GWO-ABE,17,0.2877741754055023,180
Kitchenham,3,GWO-ABE,18,0.28769728541374207,190
Kitchenham,3,GWO-ABE,19,0.2877708375453949,200
Kitchenham,3,GWO-ABE,20,0.2895233631134033,210
Kitchenham,3,GWO-ABE,21,0.28767824172973633,220
Kitchenham,3,GWO-ABE,22,0.2876511514186859,230
Kitchenham,3,GWO-ABE,23,0.2882833182811737,240
Kitchenham,3,GWO-ABE,24,0.28768134117126465,250
Kitchenham,3,GWO-ABE,25,0.2876364588737488,260
Kitchenham,3,GWO-ABE,26,0.2876475155353546,270
Kitchenham,3,GWO-ABE,27,0.290425181388855,280
Kitchenham,3,GWO-ABE,28,0.2876545786857605,290
Kitchenham,3,GWO-ABE,29,0.28812745213508606,300
Kitchenham,3,GWO-ABE,30,0.28765469789505005,310
Kitchenham,3,GWO-ABE,31,0.28751900792121887,320
Kitchenham,3,GWO-ABE,32,0.28764206171035767,330
Kitchenham,3,GWO-ABE,33,0.2878340482711792,340
Kitchenham,3,GWO-ABE,34,0.288116991519928,350
Kitchenham,3,GWO-ABE,35,0.28925952315330505,360
Kitchenham,3,GWO-ABE,36,0.2878165543079376,370
Kitchenham,3,GWO-ABE,37,0.28779539465904236,380
Kitchenham,3,GWO-ABE,38,0.2888204753398895,390
Kitchenham,3,GWO-ABE,39,0.2884598672389984,400
Kitchenham,3,GWO-ABE,40,0.2876695394515991,410
Kitchenham,3,GWO-ABE,41,0.2878124415874481,420
Kitchenham,3,GWO-ABE,42,0.28767091035842896,430
Kitchenham,3,GWO-ABE,43,0.28953105211257935,440
Kitchenham,3,GWO-ABE,44,0.2895275950431824,450
Kitchenham,3,GWO-ABE,45,0.28770339488983154,460
Kitchenham,3,GWO-ABE,46,0.28783416748046875,470
Kitchenham,3,GWO-ABE,47,0.2875082194805145,480
Kitchenham,3,GWO-ABE,48,0.28924494981765747,490
Kitchenham,3,GWO-ABE,49,0.2878342270851135,500
Kitchenham,3,GWO-ABE,50,0.28769683837890625,510
Kitchenham,3,GWO-ABE,51,0.2877739667892456,520
Kitchenham,3,GWO-ABE,52,0.2876929044723511,530
Kitchenham,3,GWO-ABE,53,0.2892589271068573,540
Kitchenham,3,GWO-ABE,54,0.28814268112182617,550
Kitchenham,3,GWO-ABE,55,0.28777363896369934,560
Kitchenham,3,GWO-ABE,56,0.2878343164920807,570
Kitchenham,3,GWO-ABE,57,0.28927871584892273,580
Kitchenham,3,GWO-ABE,58,0.2881270945072174,590
Kitchenham,3,GWO-ABE,59,0.28783392906188965,600
Kitchenham,3,GWO-ABE,60,0.2878347933292389,610
Kitchenham,3,GWO-ABE,61,0.2876185178756714,620
Kitchenham,3,GWO-ABE,62,0.28812074661254883,630
Kitchenham,3,GWO-ABE,63,0.2881309986114502,640
Kitchenham,3,GWO-ABE,64,0.28761568665504456,650
Kitchenham,3,GWO-ABE,65,0.28951966762542725,660
Kitchenham,3,GWO-ABE,66,0.2877216041088104,670
Kitchenham,3,GWO-ABE,67,0.29011592268943787,680
Kitchenham,3,GWO-ABE,68,0.2878343164920807,690
Kitchenham,3,GWO-ABE,69,0.28783464431762695,700
Kitchenham,3,GWO-ABE,70,0.28777408599853516,710
Kitchenham,3,GWO-ABE,71,0.29155758023262024,720
Kitchenham,3,GWO-ABE,72,0.287773072719574,730
Kitchenham,3,GWO-ABE,73,0.29032883048057556,740
Kitchenham,3,GWO-ABE,74,0.28777360916137695,750
Kitchenham,3,GWO-ABE,75,0.29058071970939636,760
Kitchenham,3,GWO-ABE,76,0.29146265983581543,770
Kitchenham,3,GWO-ABE,77,0.2892930805683136,780
Kitchenham,3,GWO-ABE,78,0.2885899245738983,790
Kitchenham,3,GWO-ABE,79,0.28783392906188965,800
Kitchenham,3,GWO-ABE,80,0.28993961215019226,810
Kitchenham,3,GWO-ABE,81,0.2877729833126068,820
Kitchenham,3,GWO-ABE,82,0.2877744138240814,830
Kitchenham,3,GWO-ABE,83,0.2879050672054291,840
Kitchenham,3,GWO-ABE,84,0.28777363896369934,850
Kitchenham,3,GWO-ABE,85,0.28777435421943665,860
Kitchenham,3,GWO-ABE,86,0.28777381777763367,870
Kitchenham,3,GWO-ABE,87,0.2878339886665344,880
Kitchenham,3,GWO-ABE,88,0.2892928421497345,890
Kitchenham,3,GWO-ABE,89,0.28983452916145325,900
Kitchenham,3,GWO-ABE,90,0.2897401750087738,910
Kitchenham,3,GWO-ABE,91,0.28777289390563965,920
Kitchenham,3,GWO-ABE,92,0.28777411580085754,930
Kitchenham,3,GWO-ABE,93,0.28783395886421204,940
Kitchenham,3,GWO-ABE,94,0.28777360916137695,950
Kitchenham,3,GWO-ABE,95,0.2877728343009949,960
Kitchenham,3,GWO-ABE,96,0.2877733111381531,970
Kitchenham,3,GWO-ABE,97,0.28777384757995605,980
Kitchenham,3,GWO-ABE,98,0.28777313232421875,990
Kitchenham,3,GWO-ABE,99,0.28777316212654114,1000
Kitchenham,3,WOA-ABE,0,0.3818126916885376,10
Kitchenham,3,WOA-ABE,1,0.35862308740615845,20
Kitchenham,3,WOA-ABE,2,0.32802680134773254,30
Kitchenham,3,WOA-ABE,3,0.319206178188324,40
Kitchenham,3,WOA-ABE,4,0.31189441680908203,50
Kitchenham,3,WOA-ABE,5,0.2794373631477356,60
Kitchenham,3,WOA-ABE,6,0.2794373631477356,70
Kitchenham,3,WOA-ABE,7,0.2794373631477356,80
Kitchenham,3,WOA-ABE,8,0.2794373631477356,90
Kitchenham,3,WOA-ABE,9,0.27729690074920654,100
Kitchenham,3,WOA-ABE,10,0.27729690074920654,110
Kitchenham,3,WOA-ABE,11,0.27729690074920654,120
Kitchenham,3,WOA-ABE,12,0.2749336361885071,130
Kitchenham,3,WOA-ABE,13,0.27015212178230286,140
Kitchenham,3,WOA-ABE,14,0.27015212178230286,150
Kitchenham,3,WOA-ABE,15,0.27015212178230286,160
Kitchenham,3,WOA-ABE,16,0.27015212178230286,170
Kitchenham,3,WOA-ABE,17,0.2678433358669281,180
Kitchenham,3,WOA-ABE,18,0.2678433358669281,190
Kitchenham,3,WOA-ABE,19,0.2678433358669281,200
Kitchenham,3,WOA-ABE,20,0.2678433358669281,210
Kitchenham,3,WOA-ABE,21,0.2678433358669281,220
Kitchenham,3,WOA-ABE,22,0.2678433358669281,230
Kitchenham,3,WOA-ABE,23,0.2678433358669281,240
Kitchenham,3,WOA-ABE,24,0.2678433358669281,250
Kitchenham,3,WOA-ABE,25,0.2678433358669281,260
Kitchenham,3,WOA-ABE,26,0.2678433358669281,270
Kitchenham,3,WOA-ABE,27,0.2678433358669281,280
Kitchenham,3,WOA-ABE,28,0.2678433358669281,290
Kitchenham,3,WOA-ABE,29,0.26784011721611023,300
Kitchenham,3,WOA-ABE,30,0.26784011721611023,310
Kitchenham,3,WOA-ABE,31,0.26784011721611023,320
Kitchenham,3,WOA-ABE,32,0.26775893568992615,330
Kitchenham,3,WOA-ABE,33,0.26775893568992615,340
Kitchenham,3,WOA-ABE,34,0.26775893568992615,350
Kitchenham,3,WOA-ABE,35,0.26759302616119385,360
Kitchenham,3,WOA-ABE,36,0.26759302616119385,370
Kitchenham,3,WOA-ABE,37,0.26758697628974915,380
Kitchenham,3,WOA-ABE,38,0.26758697628974915,390
Kitchenham,3,WOA-ABE,39,0.2675838768482208,400
Kitchenham,3,WOA-ABE,40,0.2675829827785492,410
Kitchenham,3,WOA-ABE,41,0.26758235692977905,420
Kitchenham,3,WOA-ABE,42,0.26758235692977905,430
Kitchenham,3,WOA-ABE,43,0.26758235692977905,440
Kitchenham,3,WOA-ABE,44,0.26758235692977905,450
Kitchenham,3,WOA-ABE,45,0.26758235692977905,460
Kitchenham,3,WOA-ABE,46,0.26758235692977905,470
Kitchenham,3,WOA-ABE,47,0.26758235692977905,480
Kitchenham,3,WOA-ABE,48,0.26758235692977905,490
Kitchenham,3,WOA-ABE,49,0.26758235692977905,500
Kitchenham,3,WOA-ABE,50,0.26758235692977905,510
Kitchenham,3,WOA-ABE,51,0.26758235692977905,520
Kitchenham,3,WOA-ABE,52,0.26758235692977905,530
Kitchenham,3,WOA-ABE,53,0.26758235692977905,540
Kitchenham,3,WOA-ABE,54,0.26758235692977905,550
Kitchenham,3,WOA-ABE,55,0.26758235692977905,560
Kitchenham,3,WOA-ABE,56,0.26758235692977905,570
Kitchenham,3,WOA-ABE,57,0.26758235692977905,580
Kitchenham,3,WOA-ABE,58,0.26758235692977905,590
Kitchenham,3,WOA-ABE,59,0.26757243275642395,600
Kitchenham,3,WOA-ABE,60,0.26757243275642395,610
Kitchenham,3,WOA-ABE,61,0.26757243275642395,620
Kitchenham,3,WOA-ABE,62,0.26757243275642395,630
Kitchenham,3,WOA-ABE,63,0.26757243275642395,640
Kitchenham,3,WOA-ABE,64,0.26756924390792847,650
Kitchenham,3,WOA-ABE,65,0.26756924390792847,660
Kitchenham,3,WOA-ABE,66,0.2675530016422272,670
Kitchenham,3,WOA-ABE,67,0.2675530016422272,680
Kitchenham,3,WOA-ABE,68,0.2675530016422272,690
Kitchenham,3,WOA-ABE,69,0.2675530016422272,700
Kitchenham,3,WOA-ABE,70,0.2675530016422272,710
Kitchenham,3,WOA-ABE,71,0.2675530016422272,720
Kitchenham,3,WOA-ABE,72,0.2675530016422272,730
Kitchenham,3,WOA-ABE,73,0.2675530016422272,740
Kitchenham,3,WOA-ABE,74,0.2675530016422272,750
Kitchenham,3,WOA-ABE,75,0.2675530016422272,760
Kitchenham,3,WOA-ABE,76,0.2675530016422272,770
Kitchenham,3,WOA-ABE,77,0.2675530016422272,780
Kitchenham,3,WOA-ABE,78,0.2675530016422272,790
Kitchenham,3,WOA-ABE,79,0.2675530016422272,800
Kitchenham,3,WOA-ABE,80,0.2675530016422272,810
Kitchenham,3,WOA-ABE,81,0.2675530016422272,820
Kitchenham,3,WOA-ABE,82,0.2675530016422272,830
Kitchenham,3,WOA-ABE,83,0.2675530016422272,840
Kitchenham,3,WOA-ABE,84,0.2675526440143585,850
Kitchenham,3,WOA-ABE,85,0.2675526440143585,860
Kitchenham,3,WOA-ABE,86,0.2675526440143585,870
Kitchenham,3,WOA-ABE,87,0.2675442695617676,880
Kitchenham,3,WOA-ABE,88,0.2675442695617676,890
Kitchenham,3,WOA-ABE,89,0.2675442695617676,900
Kitchenham,3,WOA-ABE,90,0.2675442695617676,910
Kitchenham,3,WOA-ABE,91,0.2675442695617676,920
Kitchenham,3,WOA-ABE,92,0.2675442695617676,930
Kitchenham,3,WOA-ABE,93,0.26753872632980347,940
Kitchenham,3,WOA-ABE,94,0.26753872632980347,950
Kitchenham,3,WOA-ABE,95,0.26707369089126587,960
Kitchenham,3,WOA-ABE,96,0.26707369089126587,970
Kitchenham,3,WOA-ABE,97,0.26707369089126587,980
Kitchenham,3,WOA-ABE,98,0.26707369089126587,990
Kitchenham,3,WOA-ABE,99,0.26706641912460327,1000
Kitchenham,3,FAABE,0,0.36933034658432007,10
Kitchenham,3,FAABE,1,0.35604265332221985,20
Kitchenham,3,FAABE,2,0.35604265332221985,30
Kitchenham,3,FAABE,3,0.35142430663108826,40
Kitchenham,3,FAABE,4,0.3261791169643402,50
Kitchenham,3,FAABE,5,0.31168729066848755,60
Kitchenham,3,FAABE,6,0.3064022362232208,70
Kitchenham,3,FAABE,7,0.29388681054115295,80
Kitchenham,3,FAABE,8,0.29388681054115295,90
Kitchenham,3,FAABE,9,0.2826424539089203,100
Kitchenham,3,FAABE,10,0.2826424539089203,110
Kitchenham,3,FAABE,11,0.2826424539089203,120
Kitchenham,3,FAABE,12,0.2826424539089203,130
Kitchenham,3,FAABE,13,0.2761756181716919,140
Kitchenham,3,FAABE,14,0.2761756181716919,150
Kitchenham,3,FAABE,15,0.2761756181716919,160
Kitchenham,3,FAABE,16,0.2761756181716919,170
Kitchenham,3,FAABE,17,0.2761756181716919,180
Kitchenham,3,FAABE,18,0.2761756181716919,190
Kitchenham,3,FAABE,19,0.2761756181716919,200
Kitchenham,3,FAABE,20,0.2761756181716919,210
Kitchenham,3,FAABE,21,0.2761756181716919,220
Kitchenham,3,FAABE,22,0.2761756181716919,230
Kitchenham,3,FAABE,23,0.27001896500587463,240
Kitchenham,3,FAABE,24,0.27001896500587463,250
Kitchenham,3,FAABE,25,0.27001896500587463,260
Kitchenham,3,FAABE,26,0.27001896500587463,270
Kitchenham,3,FAABE,27,0.27001896500587463,280
Kitchenham,3,FAABE,28,0.27001896500587463,290
Kitchenham,3,FAABE,29,0.27001896500587463,300
Kitchenham,3,FAABE,30,0.27001896500587463,310
Kitchenham,3,FAABE,31,0.27001896500587463,320
Kitchenham,3,FAABE,32,0.27001896500587463,330
Kitchenham,3,FAABE,33,0.27001896500587463,340
Kitchenham,3,FAABE,34,0.27001896500587463,350
Kitchenham,3,FAABE,35,0.27001896500587463,360
Kitchenham,3,FAABE,36,0.27001896500587463,370
Kitchenham,3,FAABE,37,0.27001896500587463,380
Kitchenham,3,FAABE,38,0.27001896500587463,390
Kitchenham,3,FAABE,39,0.27001896500587463,400
Kitchenham,3,FAABE,40,0.27001896500587463,410
Kitchenham,3,FAABE,41,0.27001896500587463,420
Kitchenham,3,FAABE,42,0.27001896500587463,430
Kitchenham,3,FAABE,43,0.27001896500587463,440
Kitchenham,3,FAABE,44,0.27001896500587463,450
Kitchenham,3,FAABE,45,0.27001896500587463,460
Kitchenham,3,FAABE,46,0.27001896500587463,470
Kitchenham,3,FAABE,47,0.27001896500587463,480
Kitchenham,3,FAABE,48,0.27001896500587463,490
Kitchenham,3,FAABE,49,0.27001896500587463,500
Kitchenham,3,FAABE,50,0.27001896500587463,510
Kitchenham,3,FAABE,51,0.27001896500587463,520
Kitchenham,3,FAABE,52,0.27001896500587463,530
Kitchenham,3,FAABE,53,0.27001896500587463,540
Kitchenham,3,FAABE,54,0.27001896500587463,550
Kitchenham,3,FAABE,55,0.27001896500587463,560
Kitchenham,3,FAABE,56,0.27001896500587463,570
Kitchenham,3,FAABE,57,0.27001896500587463,580
Kitchenham,3,FAABE,58,0.27001896500587463,590
Kitchenham,3,FAABE,59,0.27001896500587463,600
Kitchenham,3,FAABE,60,0.27001896500587463,610
Kitchenham,3,FAABE,61,0.27001896500587463,620
Kitchenham,3,FAABE,62,0.27001896500587463,630
Kitchenham,3,FAABE,63,0.27001896500587463,640
Kitchenham,3,FAABE,64,0.27001896500587463,650
Kitchenham,3,FAABE,65,0.27001896500587463,660
Kitchenham,3,FAABE,66,0.27001896500587463,670
Kitchenham,3,FAABE,67,0.27001896500587463,680
Kitchenham,3,FAABE,68,0.27001896500587463,690
Kitchenham,3,FAABE,69,0.27001896500587463,700
Kitchenham,3,FAABE,70,0.27001896500587463,710
Kitchenham,3,FAABE,71,0.27001896500587463,720
Kitchenham,3,FAABE,72,0.27001896500587463,730
Kitchenham,3,FAABE,73,0.27001896500587463,740
Kitchenham,3,FAABE,74,0.27001896500587463,750
Kitchenham,3,FAABE,75,0.27001896500587463,760
Kitchenham,3,FAABE,76,0.27001896500587463,770
Kitchenham,3,FAABE,77,0.27001896500587463,780
Kitchenham,3,FAABE,78,0.27001896500587463,790
Kitchenham,3,FAABE,79,0.27001896500587463,800
Kitchenham,3,FAABE,80,0.27001896500587463,810
Kitchenham,3,FAABE,81,0.27001896500587463,820
Kitchenham,3,FAABE,82,0.27001896500587463,830
Kitchenham,3,FAABE,83,0.27001896500587463,840
Kitchenham,3,FAABE,84,0.27001896500587463,850
Kitchenham,3,FAABE,85,0.27001896500587463,860
Kitchenham,3,FAABE,86,0.27001896500587463,870
Kitchenham,3,FAABE,87,0.27001896500587463,880
Kitchenham,3,FAABE,88,0.27001896500587463,890
Kitchenham,3,FAABE,89,0.27001896500587463,900
Kitchenham,3,FAABE,90,0.27001896500587463,910
Kitchenham,3,FAABE,91,0.27001896500587463,920
Kitchenham,3,FAABE,92,0.27001896500587463,930
Kitchenham,3,FAABE,93,0.27001896500587463,940
Kitchenham,3,FAABE,94,0.27001896500587463,950
Kitchenham,3,FAABE,95,0.27001896500587463,960
Kitchenham,3,FAABE,96,0.27001896500587463,970
Kitchenham,3,FAABE,97,0.27001896500587463,980
Kitchenham,3,FAABE,98,0.27001896500587463,990
Kitchenham,3,FAABE,99,0.27001896500587463,1000
Kitchenham,4,GA-ABE,0,0.3108046352863312,10
Kitchenham,4,GA-ABE,1,0.3104623556137085,20
Kitchenham,4,GA-ABE,2,0.3052622973918915,30
Kitchenham,4,GA-ABE,3,0.2994072735309601,40
Kitchenham,4,GA-ABE,4,0.2893284559249878,50
Kitchenham,4,GA-ABE,5,0.2735269069671631,60
Kitchenham,4,GA-ABE,6,0.2714335024356842,70
Kitchenham,4,GA-ABE,7,0.2714334726333618,80
Kitchenham,4,GA-ABE,8,0.26383787393569946,90
Kitchenham,4,GA-ABE,9,0.26383787393569946,100
Kitchenham,4,GA-ABE,10,0.26383787393569946,110
Kitchenham,4,GA-ABE,11,0.2622775137424469,120
Kitchenham,4,GA-ABE,12,0.2622775137424469,130
Kitchenham,4,GA-ABE,13,0.2622621953487396,140
Kitchenham,4,GA-ABE,14,0.2622621953487396,150
Kitchenham,4,GA-ABE,15,0.2622621953487396,160
Kitchenham,4,GA-ABE,16,0.2617858350276947,170
Kitchenham,4,GA-ABE,17,0.2617858350276947,180
Kitchenham,4,GA-ABE,18,0.2617858350276947,190
Kitchenham,4,GA-ABE,19,0.26128798723220825,200
Kitchenham,4,GA-ABE,20,0.26128798723220825,210
Kitchenham,4,GA-ABE,21,0.26128798723220825,220
Kitchenham,4,GA-ABE,22,0.25981244444847107,230
Kitchenham,4,GA-ABE,23,0.25981244444847107,240
Kitchenham,4,GA-ABE,24,0.2598106861114502,250
Kitchenham,4,GA-ABE,25,0.2596781849861145,260
Kitchenham,4,GA-ABE,26,0.2590855658054352,270
Kitchenham,4,GA-ABE,27,0.2590855658054352,280
Kitchenham,4,GA-ABE,28,0.2590855658054352,290
Kitchenham,4,GA-ABE,29,0.2590855658054352,300
Kitchenham,4,GA-ABE,30,0.2590855658054352,310
Kitchenham,4,GA-ABE,31,0.2590855658054352,320
Kitchenham,4,GA-ABE,32,0.2590855658054352,330
Kitchenham,4,GA-ABE,33,0.2590855658054352,340
Kitchenham,4,GA-ABE,34,0.2590855658054352,350
Kitchenham,4,GA-ABE,35,0.2590855658054352,360
Kitchenham,4,GA-ABE,36,0.2590855658054352,370
Kitchenham,4,GA-ABE,37,0.2590855658054352,380
Kitchenham,4,GA-ABE,38,0.2590750455856323,390
Kitchenham,4,GA-ABE,39,0.25907474756240845,400
Kitchenham,4,GA-ABE,40,0.25907474756240845,410
Kitchenham,4,GA-ABE,41,0.25907474756240845,420
Kitchenham,4,GA-ABE,42,0.25907427072525024,430
Kitchenham,4,GA-ABE,43,0.25907427072525024,440
Kitchenham,4,GA-ABE,44,0.25907427072525024,450
Kitchenham,4,GA-ABE,45,0.25907427072525024,460
Kitchenham,4,GA-ABE,46,0.25907427072525024,470
Kitchenham,4,GA-ABE,47,0.25907400250434875,480
Kitchenham,4,GA-ABE,48,0.25907400250434875,490
Kitchenham,4,GA-ABE,49,0.25907400250434875,500
Kitchenham,4,GA-ABE,50,0.25907400250434875,510
Kitchenham,4,GA-ABE,51,0.25907400250434875,520
Kitchenham,4,GA-ABE,52,0.2590671479701996,530
Kitchenham,4,GA-ABE,53,0.2590671479701996,540
Kitchenham,4,GA-ABE,54,0.2590671181678772,550
Kitchenham,4,GA-ABE,55,0.2590671181678772,560
Kitchenham,4,GA-ABE,56,0.2590671181678772,570
Kitchenham,4,GA-ABE,57,0.2590671181678772,580
Kitchenham,4,GA-ABE,58,0.2590671181678772,590
Kitchenham,4,GA-ABE,59,0.2590671181678772,600
Kitchenham,4,GA-ABE,60,0.2590671181678772,610
Kitchenham,4,GA-ABE,61,0.2590671181678772,620
Kitchenham,4,GA-ABE,62,0.2590671181678772,630
Kitchenham,4,GA-ABE,63,0.2590671181678772,640
Kitchenham,4,GA-ABE,64,0.2590671181678772,650
Kitchenham,4,GA-ABE,65,0.2590671181678772,660
Kitchenham,4,GA-ABE,66,0.2590671181678772,670
Kitchenham,4,GA-ABE,67,0.2590671181678772,680
Kitchenham,4,GA-ABE,68,0.2590671181678772,690
Kitchenham,4,GA-ABE,69,0.2590671181678772,700
Kitchenham,4,GA-ABE,70,0.2590671181678772,710
Kitchenham,4,GA-ABE,71,0.2590671181678772,720
Kitchenham,4,GA-ABE,72,0.2590671181678772,730
Kitchenham,4,GA-ABE,73,0.2590671181678772,740
Kitchenham,4,GA-ABE,74,0.2590671181678772,750
Kitchenham,4,GA-ABE,75,0.2590671181678772,760
Kitchenham,4,GA-ABE,76,0.25839918851852417,770
Kitchenham,4,GA-ABE,77,0.25839918851852417,780
Kitchenham,4,GA-ABE,78,0.25839918851852417,790
Kitchenham,4,GA-ABE,79,0.25839918851852417,800
Kitchenham,4,GA-ABE,80,0.2583876848220825,810
Kitchenham,4,GA-ABE,81,0.2583876848220825,820
Kitchenham,4,GA-ABE,82,0.2583876848220825,830
Kitchenham,4,GA-ABE,83,0.257921427488327,840
Kitchenham,4,GA-ABE,84,0.2567724287509918,850
Kitchenham,4,GA-ABE,85,0.2567724287509918,860
Kitchenham,4,GA-ABE,86,0.25653839111328125,870
Kitchenham,4,GA-ABE,87,0.25653839111328125,880
Kitchenham,4,GA-ABE,88,0.25653839111328125,890
Kitchenham,4,GA-ABE,89,0.25653839111328125,900
Kitchenham,4,GA-ABE,90,0.25575560331344604,910
Kitchenham,4,GA-ABE,91,0.25575536489486694,920
Kitchenham,4,GA-ABE,92,0.2557550370693207,930
Kitchenham,4,GA-ABE,93,0.2557547986507416,940
Kitchenham,4,GA-ABE,94,0.2557547986507416,950
Kitchenham,4,GA-ABE,95,0.25575393438339233,960
Kitchenham,4,GA-ABE,96,0.25575393438339233,970
Kitchenham,4,GA-ABE,97,0.25575393438339233,980
Kitchenham,4,GA-ABE,98,0.25575393438339233,990
Kitchenham,4,GA-ABE,99,0.25575393438339233,1000
Kitchenham,4,PSO-ABE,0,0.2987845242023468,10
Kitchenham,4,PSO-ABE,1,0.2727859318256378,20
Kitchenham,4,PSO-ABE,2,0.2727859318256378,30
Kitchenham,4,PSO-ABE,3,0.2727859318256378,40
Kitchenham,4,PSO-ABE,4,0.2727859318256378,50
Kitchenham,4,PSO-ABE,5,0.2727859318256378,60
Kitchenham,4,PSO-ABE,6,0.2566487789154053,70
Kitchenham,4,PSO-ABE,7,0.2566487789154053,80
Kitchenham,4,PSO-ABE,8,0.2566487789154053,90
Kitchenham,4,PSO-ABE,9,0.2566487789154053,100
Kitchenham,4,PSO-ABE,10,0.2566487789154053,110
Kitchenham,4,PSO-ABE,11,0.2566487789154053,120
Kitchenham,4,PSO-ABE,12,0.2566487789154053,130
Kitchenham,4,PSO-ABE,13,0.2566487789154053,140
Kitchenham,4,PSO-ABE,14,0.2566487789154053,150
Kitchenham,4,PSO-ABE,15,0.2566487789154053,160
Kitchenham,4,PSO-ABE,16,0.2566487789154053,170
Kitchenham,4,PSO-ABE,17,0.2566487789154053,180
Kitchenham,4,PSO-ABE,18,0.2566487789154053,190
Kitchenham,4,PSO-ABE,19,0.2566487789154053,200
Kitchenham,4,PSO-ABE,20,0.2566487789154053,210
Kitchenham,4,PSO-ABE,21,0.2565484046936035,220
Kitchenham,4,PSO-ABE,22,0.2565484046936035,230
Kitchenham,4,PSO-ABE,23,0.2565484046936035,240
Kitchenham,4,PSO-ABE,24,0.2565484046936035,250
Kitchenham,4,PSO-ABE,25,0.2565484046936035,260
Kitchenham,4,PSO-ABE,26,0.2565484046936035,270
Kitchenham,4,PSO-ABE,27,0.2565484046936035,280
Kitchenham,4,PSO-ABE,28,0.2565484046936035,290
Kitchenham,4,PSO-ABE,29,0.2565484046936035,300
Kitchenham,4,PSO-ABE,30,0.2565484046936035,310
Kitchenham,4,PSO-ABE,31,0.2565484046936035,320
Kitchenham,4,PSO-ABE,32,0.2565484046936035,330
Kitchenham,4,PSO-ABE,33,0.2565484046936035,340
Kitchenham,4,PSO-ABE,34,0.2565484046936035,350
Kitchenham,4,PSO-ABE,35,0.2565484046936035,360
Kitchenham,4,PSO-ABE,36,0.25654569268226624,370
Kitchenham,4,PSO-ABE,37,0.25654086470603943,380
Kitchenham,4,PSO-ABE,38,0.2565373480319977,390
Kitchenham,4,PSO-ABE,39,0.2565373480319977,400
Kitchenham,4,PSO-ABE,40,0.2565373480319977,410
Kitchenham,4,PSO-ABE,41,0.2565373480319977,420
Kitchenham,4,PSO-ABE,42,0.2565373480319977,430
Kitchenham,4,PSO-ABE,43,0.2565358579158783,440
Kitchenham,4,PSO-ABE,44,0.2565358579158783,450
Kitchenham,4,PSO-ABE,45,0.25645583868026733,460
Kitchenham,4,PSO-ABE,46,0.25645583868026733,470
Kitchenham,4,PSO-ABE,47,0.25645583868026733,480
Kitchenham,4,PSO-ABE,48,0.25645583868026733,490
Kitchenham,4,PSO-ABE,49,0.25645583868026733,500
Kitchenham,4,PSO-ABE,50,0.25645583868026733,510
Kitchenham,4,PSO-ABE,51,0.25645583868026733,520
Kitchenham,4,PSO-ABE,52,0.25645583868026733,530
Kitchenham,4,PSO-ABE,53,0.25645583868026733,540
Kitchenham,4,PSO-ABE,54,0.25645583868026733,550
Kitchenham,4,PSO-ABE,55,0.25645583868026733,560
Kitchenham,4,PSO-ABE,56,0.25645583868026733,570
Kitchenham,4,PSO-ABE,57,0.25645583868026733,580
Kitchenham,4,PSO-ABE,58,0.2557547390460968,590
Kitchenham,4,PSO-ABE,59,0.2557547390460968,600
Kitchenham,4,PSO-ABE,60,0.2557547390460968,610
Kitchenham,4,PSO-ABE,61,0.2557547390460968,620
Kitchenham,4,PSO-ABE,62,0.2557547390460968,630
Kitchenham,4,PSO-ABE,63,0.2557547390460968,640
Kitchenham,4,PSO-ABE,64,0.2557547390460968,650
Kitchenham,4,PSO-ABE,65,0.2557547390460968,660
Kitchenham,4,PSO-ABE,66,0.2557547390460968,670
Kitchenham,4,PSO-ABE,67,0.25546956062316895,680
Kitchenham,4,PSO-ABE,68,0.25546956062316895,690
Kitchenham,4,PSO-ABE,69,0.25546956062316895,700
Kitchenham,4,PSO-ABE,70,0.25546956062316895,710
Kitchenham,4,PSO-ABE,71,0.25546956062316895,720
Kitchenham,4,PSO-ABE,72,0.25546956062316895,730
Kitchenham,4,PSO-ABE,73,0.25546956062316895,740
Kitchenham,4,PSO-ABE,74,0.2554685175418854,750
Kitchenham,4,PSO-ABE,75,0.2554685175418854,760
Kitchenham,4,PSO-ABE,76,0.2554668188095093,770
Kitchenham,4,PSO-ABE,77,0.2554668188095093,780
Kitchenham,4,PSO-ABE,78,0.2554668188095093,790
Kitchenham,4,PSO-ABE,79,0.2554668188095093,800
Kitchenham,4,PSO-ABE,80,0.2554668188095093,810
Kitchenham,4,PSO-ABE,81,0.2554668188095093,820
Kitchenham,4,PSO-ABE,82,0.2554668188095093,830
Kitchenham,4,PSO-ABE,83,0.2554668188095093,840
Kitchenham,4,PSO-ABE,84,0.2554667592048645,850
Kitchenham,4,PSO-ABE,85,0.25546666979789734,860
Kitchenham,4,PSO-ABE,86,0.25546666979789734,870
Kitchenham,4,PSO-ABE,87,0.25546666979789734,880
Kitchenham,4,PSO-ABE,88,0.25546666979789734,890
Kitchenham,4,PSO-ABE,89,0.25546663999557495,900
Kitchenham,4,PSO-ABE,90,0.25546663999557495,910
Kitchenham,4,PSO-ABE,91,0.2554665803909302,920
Kitchenham,4,PSO-ABE,92,0.2554665803909302,930
Kitchenham,4,PSO-ABE,93,0.2554665803909302,940
Kitchenham,4,PSO-ABE,94,0.2554665803909302,950
Kitchenham,4,PSO-ABE,95,0.2554665803909302,960
Kitchenham,4,PSO-ABE,96,0.2554665803909302,970
Kitchenham,4,PSO-ABE,97,0.2554665803909302,980
Kitchenham,4,PSO-ABE,98,0.2554665803909302,990
Kitchenham,4,PSO-ABE,99,0.2554665803909302,1000
Kitchenham,4,DE-ABE,0,0.3709699809551239,10
Kitchenham,4,DE-ABE,1,0.32473960518836975,20
Kitchenham,4,DE-ABE,2,0.32473960518836975,30
Kitchenham,4,DE-ABE,3,0.3219009041786194,40
Kitchenham,4,DE-ABE,4,0.2952558696269989,50
Kitchenham,4,DE-ABE,5,0.2952558696269989,60
Kitchenham,4,DE-ABE,6,0.2926428020000458,70
Kitchenham,4,DE-ABE,7,0.2851068377494812,80
Kitchenham,4,DE-ABE,8,0.2667175829410553,90
Kitchenham,4,DE-ABE,9,0.2615751326084137,100
Kitchenham,4,DE-ABE,10,0.2615751326084137,110
Kitchenham,4,DE-ABE,11,0.2615751326084137,120
Kitchenham,4,DE-ABE,12,0.2615751326084137,130
Kitchenham,4,DE-ABE,13,0.26032769680023193,140
Kitchenham,4,DE-ABE,14,0.26032769680023193,150
Kitchenham,4,DE-ABE,15,0.2594449818134308,160
Kitchenham,4,DE-ABE,16,0.25913527607917786,170
Kitchenham,4,DE-ABE,17,0.25698378682136536,180
Kitchenham,4,DE-ABE,18,0.25698378682136536,190
Kitchenham,4,DE-ABE,19,0.25698378682136536,200
Kitchenham,4,DE-ABE,20,0.25698378682136536,210
Kitchenham,4,DE-ABE,21,0.25698378682136536,220
Kitchenham,4,DE-ABE,22,0.25698378682136536,230
Kitchenham,4,DE-ABE,23,0.25698378682136536,240
Kitchenham,4,DE-ABE,24,0.25698378682136536,250
Kitchenham,4,DE-ABE,25,0.25595220923423767,260
Kitchenham,4,DE-ABE,26,0.25595220923423767,270
Kitchenham,4,DE-ABE,27,0.25595220923423767,280
Kitchenham,4,DE-ABE,28,0.25595220923423767,290
Kitchenham,4,DE-ABE,29,0.25595220923423767,300
Kitchenham,4,DE-ABE,30,0.25595220923423767,310
Kitchenham,4,DE-ABE,31,0.25595220923423767,320
Kitchenham,4,DE-ABE,32,0.25595220923423767,330
Kitchenham,4,DE-ABE,33,0.25595220923423767,340
Kitchenham,4,DE-ABE,34,0.2554415166378021,350
Kitchenham,4,DE-ABE,35,0.2554415166378021,360
Kitchenham,4,DE-ABE,36,0.2554415166378021,370
Kitchenham,4,DE-ABE,37,0.2554415166378021,380
Kitchenham,4,DE-ABE,38,0.2554415166378021,390
Kitchenham,4,DE-ABE,39,0.2554415166378021,400
Kitchenham,4,DE-ABE,40,0.2554415166378021,410
Kitchenham,4,DE-ABE,41,0.2549210786819458,420
Kitchenham,4,DE-ABE,42,0.2549210786819458,430
Kitchenham,4,DE-ABE,43,0.2549210786819458,440
Kitchenham,4,DE-ABE,44,0.2549210786819458,450
Kitchenham,4,DE-ABE,45,0.2549210786819458,460
Kitchenham,4,DE-ABE,46,0.2549210786819458,470
Kitchenham,4,DE-ABE,47,0.2549210786819458,480
Kitchenham,4,DE-ABE,48,0.2549162209033966,490
Kitchenham,4,DE-ABE,49,0.2549162209033966,500
Kitchenham,4,DE-ABE,50,0.2545691728591919,510
Kitchenham,4,DE-ABE,51,0.25432562828063965,520
Kitchenham,4,DE-ABE,52,0.25432562828063965,530
Kitchenham,4,DE-ABE,53,0.2543215751647949,540
Kitchenham,4,DE-ABE,54,0.2543215751647949,550
Kitchenham,4,DE-ABE,55,0.2543215751647949,560
Kitchenham,4,DE-ABE,56,0.2543215751647949,570
Kitchenham,4,DE-ABE,57,0.2538934648036957,580
Kitchenham,4,DE-ABE,58,0.25389331579208374,590
Kitchenham,4,DE-ABE,59,0.25389283895492554,600
Kitchenham,4,DE-ABE,60,0.25389283895492554,610
Kitchenham,4,DE-ABE,61,0.25389227271080017,620
Kitchenham,4,DE-ABE,62,0.253892183303833,630
Kitchenham,4,DE-ABE,63,0.2538919746875763,640
Kitchenham,4,DE-ABE,64,0.25389179587364197,650
Kitchenham,4,DE-ABE,65,0.2538917064666748,660
Kitchenham,4,DE-ABE,66,0.2538917064666748,670
Kitchenham,4,DE-ABE,67,0.2538917064666748,680
Kitchenham,4,DE-ABE,68,0.2538917064666748,690
Kitchenham,4,DE-ABE,69,0.2538917064666748,700
Kitchenham,4,DE-ABE,70,0.25389164686203003,710
Kitchenham,4,DE-ABE,71,0.25389164686203003,720
Kitchenham,4,DE-ABE,72,0.25389164686203003,730
Kitchenham,4,DE-ABE,73,0.25389164686203003,740
Kitchenham,4,DE-ABE,74,0.25389164686203003,750
Kitchenham,4,DE-ABE,75,0.25389164686203003,760
Kitchenham,4,DE-ABE,76,0.25389164686203003,770
Kitchenham,4,DE-ABE,77,0.25389164686203003,780
Kitchenham,4,DE-ABE,78,0.25389164686203003,790
Kitchenham,4,DE-ABE,79,0.25389164686203003,800
Kitchenham,4,DE-ABE,80,0.25389161705970764,810
Kitchenham,4,DE-ABE,81,0.25389158725738525,820
Kitchenham,4,DE-ABE,82,0.25389158725738525,830
Kitchenham,4,DE-ABE,83,0.25389158725738525,840
Kitchenham,4,DE-ABE,84,0.25389158725738525,850
Kitchenham,4,DE-ABE,85,0.25389158725738525,860
Kitchenham,4,DE-ABE,86,0.25389158725738525,870
Kitchenham,4,DE-ABE,87,0.25389158725738525,880
Kitchenham,4,DE-ABE,88,0.25389158725738525,890
Kitchenham,4,DE-ABE,89,0.25389158725738525,900
Kitchenham,4,DE-ABE,90,0.25389158725738525,910
Kitchenham,4,DE-ABE,91,0.25389158725738525,920
Kitchenham,4,DE-ABE,92,0.25389158725738525,930
Kitchenham,4,DE-ABE,93,0.25389158725738525,940
Kitchenham,4,DE-ABE,94,0.25389155745506287,950
Kitchenham,4,DE-ABE,95,0.25389155745506287,960
Kitchenham,4,DE-ABE,96,0.25389155745506287,970
Kitchenham,4,DE-ABE,97,0.25389155745506287,980
Kitchenham,4,DE-ABE,98,0.25389155745506287,990
Kitchenham,4,DE-ABE,99,0.25389155745506287,1000
Kitchenham,4,GWO-ABE,0,0.3267677426338196,10
Kitchenham,4,GWO-ABE,1,0.30835264921188354,20
Kitchenham,4,GWO-ABE,2,0.2893764078617096,30
Kitchenham,4,GWO-ABE,3,0.2795048654079437,40
Kitchenham,4,GWO-ABE,4,0.26089218258857727,50
Kitchenham,4,GWO-ABE,5,0.26359716057777405,60
Kitchenham,4,GWO-ABE,6,0.26187455654144287,70
Kitchenham,4,GWO-ABE,7,0.25777536630630493,80
Kitchenham,4,GWO-ABE,8,0.26036593317985535,90
Kitchenham,4,GWO-ABE,9,0.2601917088031769,100
Kitchenham,4,GWO-ABE,10,0.2591979503631592,110
Kitchenham,4,GWO-ABE,11,0.2621098458766937,120
Kitchenham,4,GWO-ABE,12,0.25822538137435913,130
Kitchenham,4,GWO-ABE,13,0.2577700912952423,140
Kitchenham,4,GWO-ABE,14,0.26185062527656555,150
Kitchenham,4,GWO-ABE,15,0.2579193711280823,160
Kitchenham,4,GWO-ABE,16,0.2610933780670166,170
Kitchenham,4,GWO-ABE,17,0.2578437626361847,180
Kitchenham,4,GWO-ABE,18,0.2579009532928467,190
Kitchenham,4,GWO-ABE,19,0.2597547769546509,200
Kitchenham,4,GWO-ABE,20,0.2583276033401489,210
Kitchenham,4,GWO-ABE,21,0.2609557509422302,220
Kitchenham,4,GWO-ABE,22,0.25970301032066345,230
Kitchenham,4,GWO-ABE,23,0.2621943950653076,240
Kitchenham,4,GWO-ABE,24,0.2598126530647278,250
Kitchenham,4,GWO-ABE,25,0.26227402687072754,260
Kitchenham,4,GWO-ABE,26,0.25969797372817993,270
Kitchenham,4,GWO-ABE,27,0.26083654165267944,280
Kitchenham,4,GWO-ABE,28,0.2595194876194,290
Kitchenham,4,GWO-ABE,29,0.2575933635234833,300
Kitchenham,4,GWO-ABE,30,0.2583030164241791,310
Kitchenham,4,GWO-ABE,31,0.2610704302787781,320
Kitchenham,4,GWO-ABE,32,0.26104483008384705,330
Kitchenham,4,GWO-ABE,33,0.2596420347690582,340
Kitchenham,4,GWO-ABE,34,0.25802260637283325,350
Kitchenham,4,GWO-ABE,35,0.25914686918258667,360
Kitchenham,4,GWO-ABE,36,0.2571333050727844,370
Kitchenham,4,GWO-ABE,37,0.2621017396450043,380
Kitchenham,4,GWO-ABE,38,0.25749045610427856,390
Kitchenham,4,GWO-ABE,39,0.2582858204841614,400
Kitchenham,4,GWO-ABE,40,0.2554417550563812,410
Kitchenham,4,GWO-ABE,41,0.25769808888435364,420
Kitchenham,4,GWO-ABE,42,0.2558414041996002,430
Kitchenham,4,GWO-ABE,43,0.25616538524627686,440
Kitchenham,4,GWO-ABE,44,0.2605139911174774,450
Kitchenham,4,GWO-ABE,45,0.2589402496814728,460
Kitchenham,4,GWO-ABE,46,0.2571121156215668,470
Kitchenham,4,GWO-ABE,47,0.25960367918014526,480
Kitchenham,4,GWO-ABE,48,0.25838279724121094,490
Kitchenham,4,GWO-ABE,49,0.2601841986179352,500
Kitchenham,4,GWO-ABE,50,0.260494202375412,510
Kitchenham,4,GWO-ABE,51,0.2584255039691925,520
Kitchenham,4,GWO-ABE,52,0.25763848423957825,530
Kitchenham,4,GWO-ABE,53,0.2576301693916321,540
Kitchenham,4,GWO-ABE,54,0.257394939661026,550
Kitchenham,4,GWO-ABE,55,0.26098009943962097,560
Kitchenham,4,GWO-ABE,56,0.26238366961479187,570
Kitchenham,4,GWO-ABE,57,0.2608788013458252,580
Kitchenham,4,GWO-ABE,58,0.2586002051830292,590
Kitchenham,4,GWO-ABE,59,0.25871706008911133,600
Kitchenham,4,GWO-ABE,60,0.25942182540893555,610
Kitchenham,4,GWO-ABE,61,0.2591542601585388,620
Kitchenham,4,GWO-ABE,62,0.25886934995651245,630
Kitchenham,4,GWO-ABE,63,0.2579304277896881,640
Kitchenham,4,GWO-ABE,64,0.25910496711730957,650
Kitchenham,4,GWO-ABE,65,0.2577090263366699,660
Kitchenham,4,GWO-ABE,66,0.2577741742134094,670
Kitchenham,4,GWO-ABE,67,0.25946009159088135,680
Kitchenham,4,GWO-ABE,68,0.2576181888580322,690
Kitchenham,4,GWO-ABE,69,0.2571682333946228,700
Kitchenham,4,GWO-ABE,70,0.25737953186035156,710
Kitchenham,4,GWO-ABE,71,0.25683704018592834,720
Kitchenham,4,GWO-ABE,72,0.25789889693260193,730
Kitchenham,4,GWO-ABE,73,0.2578528821468353,740
Kitchenham,4,GWO-ABE,74,0.2578756511211395,750
Kitchenham,4,GWO-ABE,75,0.2578721344470978,760
Kitchenham,4,GWO-ABE,76,0.2567666471004486,770
Kitchenham,4,GWO-ABE,77,0.2589729428291321,780
Kitchenham,4,GWO-ABE,78,0.2561172544956207,790
Kitchenham,4,GWO-ABE,79,0.25813955068588257,800
Kitchenham,4,GWO-ABE,80,0.2578605115413666,810
Kitchenham,4,GWO-ABE,81,0.25611600279808044,820
Kitchenham,4,GWO-ABE,82,0.25957900285720825,830
Kitchenham,4,GWO-ABE,83,0.2576138377189636,840
Kitchenham,4,GWO-ABE,84,0.25737226009368896,850
Kitchenham,4,GWO-ABE,85,0.2578454911708832,860
Kitchenham,4,GWO-ABE,86,0.2565396726131439,870
Kitchenham,4,GWO-ABE,87,0.257167786359787,880
Kitchenham,4,GWO-ABE,88,0.2582727372646332,890
Kitchenham,4,GWO-ABE,89,0.25712302327156067,900
Kitchenham,4,GWO-ABE,90,0.25654616951942444,910
Kitchenham,4,GWO-ABE,91,0.2571207582950592,920
Kitchenham,4,GWO-ABE,92,0.2566455006599426,930
Kitchenham,4,GWO-ABE,93,0.2571285665035248,940
Kitchenham,4,GWO-ABE,94,0.2571307420730591,950
Kitchenham,4,GWO-ABE,95,0.25653785467147827,960
Kitchenham,4,GWO-ABE,96,0.2557532787322998,970
Kitchenham,4,GWO-ABE,97,0.2565400004386902,980
Kitchenham,4,GWO-ABE,98,0.25653350353240967,990
Kitchenham,4,GWO-ABE,99,0.2565341293811798,1000
Kitchenham,4,WOA-ABE,0,0.32428494095802307,10
Kitchenham,4,WOA-ABE,1,0.3128683269023895,20
Kitchenham,4,WOA-ABE,2,0.29188331961631775,30
Kitchenham,4,WOA-ABE,3,0.28583216667175293,40
Kitchenham,4,WOA-ABE,4,0.28583216667175293,50
Kitchenham,4,WOA-ABE,5,0.28583216667175293,60
Kitchenham,4,WOA-ABE,6,0.28583216667175293,70
Kitchenham,4,WOA-ABE,7,0.28583216667175293,80
Kitchenham,4,WOA-ABE,8,0.28583216667175293,90
Kitchenham,4,WOA-ABE,9,0.28583216667175293,100
Kitchenham,4,WOA-ABE,10,0.285819411277771,110
Kitchenham,4,WOA-ABE,11,0.285819411277771,120
Kitchenham,4,WOA-ABE,12,0.285819411277771,130
Kitchenham,4,WOA-ABE,13,0.285819411277771,140
Kitchenham,4,WOA-ABE,14,0.285819411277771,150
Kitchenham,4,WOA-ABE,15,0.2857993543148041,160
Kitchenham,4,WOA-ABE,16,0.2857993543148041,170
Kitchenham,4,WOA-ABE,17,0.2857993543148041,180
Kitchenham,4,WOA-ABE,18,0.2857993543148041,190
Kitchenham,4,WOA-ABE,19,0.2857993543148041,200
Kitchenham,4,WOA-ABE,20,0.2857993543148041,210
Kitchenham,4,WOA-ABE,21,0.2857993543148041,220
Kitchenham,4,WOA-ABE,22,0.2857993543148041,230
Kitchenham,4,WOA-ABE,23,0.28579869866371155,240
Kitchenham,4,WOA-ABE,24,0.2857981026172638,250
Kitchenham,4,WOA-ABE,25,0.2857981026172638,260
Kitchenham,4,WOA-ABE,26,0.2857981026172638,270
Kitchenham,4,WOA-ABE,27,0.2857981026172638,280
Kitchenham,4,WOA-ABE,28,0.2857981026172638,290
Kitchenham,4,WOA-ABE,29,0.2857981026172638,300
Kitchenham,4,WOA-ABE,30,0.2857981026172638,310
Kitchenham,4,WOA-ABE,31,0.2857981026172638,320
Kitchenham,4,WOA-ABE,32,0.2857981026172638,330
Kitchenham,4,WOA-ABE,33,0.2857981026172638,340
Kitchenham,4,WOA-ABE,34,0.2857981026172638,350
Kitchenham,4,WOA-ABE,35,0.2857981026172638,360
Kitchenham,4,WOA-ABE,36,0.2857981026172638,370
Kitchenham,4,WOA-ABE,37,0.2857663929462433,380
Kitchenham,4,WOA-ABE,38,0.2857663929462433,390
Kitchenham,4,WOA-ABE,39,0.2857663929462433,400
Kitchenham,4,WOA-ABE,40,0.2857663929462433,410
Kitchenham,4,WOA-ABE,41,0.2857663929462433,420
Kitchenham,4,WOA-ABE,42,0.2857663929462433,430
Kitchenham,4,WOA-ABE,43,0.2857663929462433,440
Kitchenham,4,WOA-ABE,44,0.2857663929462433,450
Kitchenham,4,WOA-ABE,45,0.2857663929462433,460
Kitchenham,4,WOA-ABE,46,0.2857663929462433,470
Kitchenham,4,WOA-ABE,47,0.2857663929462433,480
Kitchenham,4,WOA-ABE,48,0.2857663929462433,490
Kitchenham,4,WOA-ABE,49,0.2857663929462433,500
Kitchenham,4,WOA-ABE,50,0.2857663929462433,510
Kitchenham,4,WOA-ABE,51,0.2857663929462433,520
Kitchenham,4,WOA-ABE,52,0.2857663929462433,530
Kitchenham,4,WOA-ABE,53,0.2857663929462433,540
Kitchenham,4,WOA-ABE,54,0.2857663929462433,550
Kitchenham,4,WOA-ABE,55,0.2857663929462433,560
Kitchenham,4,WOA-ABE,56,0.28576594591140747,570
Kitchenham,4,WOA-ABE,57,0.28576594591140747,580
Kitchenham,4,WOA-ABE,58,0.28576594591140747,590
Kitchenham,4,WOA-ABE,59,0.28576594591140747,600
Kitchenham,4,WOA-ABE,60,0.28576594591140747,610
Kitchenham,4,WOA-ABE,61,0.28576594591140747,620
Kitchenham,4,WOA-ABE,62,0.28576594591140747,630
Kitchenham,4,WOA-ABE,63,0.28576594591140747,640
Kitchenham,4,WOA-ABE,64,0.28576594591140747,650
Kitchenham,4,WOA-ABE,65,0.28576594591140747,660
Kitchenham,4,WOA-ABE,66,0.28576594591140747,670
Kitchenham,4,WOA-ABE,67,0.28576594591140747,680
Kitchenham,4,WOA-ABE,68,0.28576552867889404,690
Kitchenham,4,WOA-ABE,69,0.28576552867889404,700
Kitchenham,4,WOA-ABE,70,0.28576552867889404,710
Kitchenham,4,WOA-ABE,71,0.28576552867889404,720
Kitchenham,4,WOA-ABE,72,0.28576552867889404,730
Kitchenham,4,WOA-ABE,73,0.28576552867889404,740
Kitchenham,4,WOA-ABE,74,0.28576552867889404,750
Kitchenham,4,WOA-ABE,75,0.28576552867889404,760
Kitchenham,4,WOA-ABE,76,0.28576552867889404,770
Kitchenham,4,WOA-ABE,77,0.28576552867889404,780
Kitchenham,4,WOA-ABE,78,0.2857654392719269,790
Kitchenham,4,WOA-ABE,79,0.2857654392719269,800
Kitchenham,4,WOA-ABE,80,0.2857654392719269,810
Kitchenham,4,WOA-ABE,81,0.2857654392719269,820
Kitchenham,4,WOA-ABE,82,0.2857654392719269,830
Kitchenham,4,WOA-ABE,83,0.2857654392719269,840
Kitchenham,4,WOA-ABE,84,0.2857654392719269,850
Kitchenham,4,WOA-ABE,85,0.2857654392719269,860
Kitchenham,4,WOA-ABE,86,0.2857654392719269,870
Kitchenham,4,WOA-ABE,87,0.2857654392719269,880
Kitchenham,4,WOA-ABE,88,0.2857654392719269,890
Kitchenham,4,WOA-ABE,89,0.2857654392719269,900
Kitchenham,4,WOA-ABE,90,0.2857654392719269,910
Kitchenham,4,WOA-ABE,91,0.2857654392719269,920
Kitchenham,4,WOA-ABE,92,0.2857654392719269,930
Kitchenham,4,WOA-ABE,93,0.2857654392719269,940
Kitchenham,4,WOA-ABE,94,0.2857654392719269,950
Kitchenham,4,WOA-ABE,95,0.2857654392719269,960
Kitchenham,4,WOA-ABE,96,0.2857654392719269,970
Kitchenham,4,WOA-ABE,97,0.2857654392719269,980
Kitchenham,4,WOA-ABE,98,0.2857654392719269,990
Kitchenham,4,WOA-ABE,99,0.2857654392719269,1000
Kitchenham,4,FAABE,0,0.3349510431289673,10
Kitchenham,4,FAABE,1,0.32035011053085327,20
Kitchenham,4,FAABE,2,0.3120885193347931,30
Kitchenham,4,FAABE,3,0.3034232258796692,40
Kitchenham,4,FAABE,4,0.3018234372138977,50
Kitchenham,4,FAABE,5,0.3018234372138977,60
Kitchenham,4,FAABE,6,0.3018234372138977,70
Kitchenham,4,FAABE,7,0.3018234372138977,80
Kitchenham,4,FAABE,8,0.3018234372138977,90
Kitchenham,4,FAABE,9,0.3018234372138977,100
Kitchenham,4,FAABE,10,0.2945481538772583,110
Kitchenham,4,FAABE,11,0.2939754128456116,120
Kitchenham,4,FAABE,12,0.2939754128456116,130
Kitchenham,4,FAABE,13,0.28873875737190247,140
Kitchenham,4,FAABE,14,0.280271053314209,150
Kitchenham,4,FAABE,15,0.280271053314209,160
Kitchenham,4,FAABE,16,0.26460549235343933,170
Kitchenham,4,FAABE,17,0.26460549235343933,180
Kitchenham,4,FAABE,18,0.26460549235343933,190
Kitchenham,4,FAABE,19,0.26460549235343933,200
Kitchenham,4,FAABE,20,0.26460549235343933,210
Kitchenham,4,FAABE,21,0.26460549235343933,220
Kitchenham,4,FAABE,22,0.26460549235343933,230
Kitchenham,4,FAABE,23,0.2643592655658722,240
Kitchenham,4,FAABE,24,0.2643592655658722,250
Kitchenham,4,FAABE,25,0.2643592655658722,260
Kitchenham,4,FAABE,26,0.25954365730285645,270
Kitchenham,4,FAABE,27,0.25954365730285645,280
Kitchenham,4,FAABE,28,0.25954365730285645,290
Kitchenham,4,FAABE,29,0.25954365730285645,300
Kitchenham,4,FAABE,30,0.25954365730285645,310
Kitchenham,4,FAABE,31,0.25954365730285645,320
Kitchenham,4,FAABE,32,0.25954365730285645,330
Kitchenham,4,FAABE,33,0.25954365730285645,340
Kitchenham,4,FAABE,34,0.25954365730285645,350
Kitchenham,4,FAABE,35,0.25954365730285645,360
Kitchenham,4,FAABE,36,0.25954365730285645,370
Kitchenham,4,FAABE,37,0.25954365730285645,380
Kitchenham,4,FAABE,38,0.25954365730285645,390
Kitchenham,4,FAABE,39,0.25954365730285645,400
Kitchenham,4,FAABE,40,0.25954365730285645,410
Kitchenham,4,FAABE,41,0.25954365730285645,420
Kitchenham,4,FAABE,42,0.25954365730285645,430
Kitchenham,4,FAABE,43,0.25954365730285645,440
Kitchenham,4,FAABE,44,0.25954365730285645,450
Kitchenham,4,FAABE,45,0.25954365730285645,460
Kitchenham,4,FAABE,46,0.25954365730285645,470
Kitchenham,4,FAABE,47,0.25954365730285645,480
Kitchenham,4,FAABE,48,0.25954365730285645,490
Kitchenham,4,FAABE,49,0.25954365730285645,500
Kitchenham,4,FAABE,50,0.25954365730285645,510
Kitchenham,4,FAABE,51,0.25954365730285645,520
Kitchenham,4,FAABE,52,0.25954365730285645,530
Kitchenham,4,FAABE,53,0.25954365730285645,540
Kitchenham,4,FAABE,54,0.25954365730285645,550
Kitchenham,4,FAABE,55,0.25954365730285645,560
Kitchenham,4,FAABE,56,0.25954365730285645,570
Kitchenham,4,FAABE,57,0.25954365730285645,580
Kitchenham,4,FAABE,58,0.25954365730285645,590
Kitchenham,4,FAABE,59,0.25954365730285645,600
Kitchenham,4,FAABE,60,0.25954365730285645,610
Kitchenham,4,FAABE,61,0.25954365730285645,620
Kitchenham,4,FAABE,62,0.25954365730285645,630
Kitchenham,4,FAABE,63,0.25954365730285645,640
Kitchenham,4,FAABE,64,0.25954365730285645,650
Kitchenham,4,FAABE,65,0.25927430391311646,660
Kitchenham,4,FAABE,66,0.25927430391311646,670
Kitchenham,4,FAABE,67,0.25927430391311646,680
Kitchenham,4,FAABE,68,0.25927430391311646,690
Kitchenham,4,FAABE,69,0.25927430391311646,700
Kitchenham,4,FAABE,70,0.25927430391311646,710
Kitchenham,4,FAABE,71,0.25927430391311646,720
Kitchenham,4,FAABE,72,0.25927430391311646,730
Kitchenham,4,FAABE,73,0.25927430391311646,740
Kitchenham,4,FAABE,74,0.25927430391311646,750
Kitchenham,4,FAABE,75,0.25927430391311646,760
Kitchenham,4,FAABE,76,0.25927430391311646,770
Kitchenham,4,FAABE,77,0.25927430391311646,780
Kitchenham,4,FAABE,78,0.25927430391311646,790
Kitchenham,4,FAABE,79,0.25927430391311646,800
Kitchenham,4,FAABE,80,0.25927430391311646,810
Kitchenham,4,FAABE,81,0.25927430391311646,820
Kitchenham,4,FAABE,82,0.2576153576374054,830
Kitchenham,4,FAABE,83,0.2576153576374054,840
Kitchenham,4,FAABE,84,0.2576153576374054,850
Kitchenham,4,FAABE,85,0.2576153576374054,860
Kitchenham,4,FAABE,86,0.2576153576374054,870
Kitchenham,4,FAABE,87,0.2576153576374054,880
Kitchenham,4,FAABE,88,0.2576153576374054,890
Kitchenham,4,FAABE,89,0.2576153576374054,900
Kitchenham,4,FAABE,90,0.2576153576374054,910
Kitchenham,4,FAABE,91,0.2576153576374054,920
Kitchenham,4,FAABE,92,0.2576153576374054,930
Kitchenham,4,FAABE,93,0.2576153576374054,940
Kitchenham,4,FAABE,94,0.2576153576374054,950
Kitchenham,4,FAABE,95,0.2576153576374054,960
Kitchenham,4,FAABE,96,0.2576153576374054,970
Kitchenham,4,FAABE,97,0.2576153576374054,980
Kitchenham,4,FAABE,98,0.2576153576374054,990
Kitchenham,4,FAABE,99,0.2576153576374054,1000
Kitchenham,5,GA-ABE,0,0.3648501932621002,10
Kitchenham,5,GA-ABE,1,0.35908520221710205,20
Kitchenham,5,GA-ABE,2,0.3329005241394043,30
Kitchenham,5,GA-ABE,3,0.32465478777885437,40
Kitchenham,5,GA-ABE,4,0.3199799656867981,50
Kitchenham,5,GA-ABE,5,0.3186156451702118,60
Kitchenham,5,GA-ABE,6,0.30032768845558167,70
Kitchenham,5,GA-ABE,7,0.2972259521484375,80
Kitchenham,5,GA-ABE,8,0.2972259521484375,90
Kitchenham,5,GA-ABE,9,0.2929900288581848,100
Kitchenham,5,GA-ABE,10,0.2929900288581848,110
Kitchenham,5,GA-ABE,11,0.29271721839904785,120
Kitchenham,5,GA-ABE,12,0.29271721839904785,130
Kitchenham,5,GA-ABE,13,0.29271721839904785,140
Kitchenham,5,GA-ABE,14,0.29271721839904785,150
Kitchenham,5,GA-ABE,15,0.2921013832092285,160
Kitchenham,5,GA-ABE,16,0.2921013832092285,170
Kitchenham,5,GA-ABE,17,0.2921013832092285,180
Kitchenham,5,GA-ABE,18,0.2921013832092285,190
Kitchenham,5,GA-ABE,19,0.28798747062683105,200
Kitchenham,5,GA-ABE,20,0.28789255023002625,210
Kitchenham,5,GA-ABE,21,0.28789255023002625,220
Kitchenham,5,GA-ABE,22,0.28789255023002625,230
Kitchenham,5,GA-ABE,23,0.28789255023002625,240
Kitchenham,5,GA-ABE,24,0.28212785720825195,250
Kitchenham,5,GA-ABE,25,0.28212785720825195,260
Kitchenham,5,GA-ABE,26,0.28212785720825195,270
Kitchenham,5,GA-ABE,27,0.2754838764667511,280
Kitchenham,5,GA-ABE,28,0.2754838764667511,290
Kitchenham,5,GA-ABE,29,0.2739844024181366,300
Kitchenham,5,GA-ABE,30,0.2730266749858856,310
Kitchenham,5,GA-ABE,31,0.2720264792442322,320
Kitchenham,5,GA-ABE,32,0.2720264792442322,330
Kitchenham,5,GA-ABE,33,0.2720264792442322,340
Kitchenham,5,GA-ABE,34,0.2720264792442322,350
Kitchenham,5,GA-ABE,35,0.2720264792442322,360
Kitchenham,5,GA-ABE,36,0.270668089389801,370
Kitchenham,5,GA-ABE,37,0.27065953612327576,380
Kitchenham,5,GA-ABE,38,0.27065953612327576,390
Kitchenham,5,GA-ABE,39,0.27065953612327576,400
Kitchenham,5,GA-ABE,40,0.27065953612327576,410
Kitchenham,5,GA-ABE,41,0.27065953612327576,420
Kitchenham,5,GA-ABE,42,0.2706592082977295,430
Kitchenham,5,GA-ABE,43,0.2706592082977295,440
Kitchenham,5,GA-ABE,44,0.2706591784954071,450
Kitchenham,5,GA-ABE,45,0.2706591784954071,460
Kitchenham,5,GA-ABE,46,0.2706591784954071,470
Kitchenham,5,GA-ABE,47,0.2706591784954071,480
Kitchenham,5,GA-ABE,48,0.2706591784954071,490
Kitchenham,5,GA-ABE,49,0.2706591784954071,500
Kitchenham,5,GA-ABE,50,0.2706591784954071,510
Kitchenham,5,GA-ABE,51,0.2706591784954071,520
Kitchenham,5,GA-ABE,52,0.2706591784954071,530
Kitchenham,5,GA-ABE,53,0.2706591784954071,540
Kitchenham,5,GA-ABE,54,0.2706591784954071,550
Kitchenham,5,GA-ABE,55,0.2706591784954071,560
Kitchenham,5,GA-ABE,56,0.2706591784954071,570
Kitchenham,5,GA-ABE,57,0.2706591784954071,580
Kitchenham,5,GA-ABE,58,0.2706591784954071,590
Kitchenham,5,GA-ABE,59,0.2706591784954071,600
Kitchenham,5,GA-ABE,60,0.26898857951164246,610
Kitchenham,5,GA-ABE,61,0.2688930034637451,620
Kitchenham,5,GA-ABE,62,0.26888835430145264,630
Kitchenham,5,GA-ABE,63,0.26888835430145264,640
Kitchenham,5,GA-ABE,64,0.26888835430145264,650
Kitchenham,5,GA-ABE,65,0.26888835430145264,660
Kitchenham,5,GA-ABE,66,0.26888835430145264,670
Kitchenham,5,GA-ABE,67,0.26888835430145264,680
Kitchenham,5,GA-ABE,68,0.26888835430145264,690
Kitchenham,5,GA-ABE,69,0.26888835430145264,700
Kitchenham,5,GA-ABE,70,0.26888835430145264,710
Kitchenham,5,GA-ABE,71,0.26888835430145264,720
Kitchenham,5,GA-ABE,72,0.2688860297203064,730
Kitchenham,5,GA-ABE,73,0.2688860297203064,740
Kitchenham,5,GA-ABE,74,0.2688860297203064,750
Kitchenham,5,GA-ABE,75,0.2688860297203064,760
Kitchenham,5,GA-ABE,76,0.2688860297203064,770
Kitchenham,5,GA-ABE,77,0.2688860297203064,780
Kitchenham,5,GA-ABE,78,0.2688860297203064,790
Kitchenham,5,GA-ABE,79,0.2688860297203064,800
Kitchenham,5,GA-ABE,80,0.2688860297203064,810
Kitchenham,5,GA-ABE,81,0.26888507604599,820
Kitchenham,5,GA-ABE,82,0.26888507604599,830
Kitchenham,5,GA-ABE,83,0.26888507604599,840
Kitchenham,5,GA-ABE,84,0.2688785195350647,850
Kitchenham,5,GA-ABE,85,0.2688785195350647,860
Kitchenham,5,GA-ABE,86,0.2688785195350647,870
Kitchenham,5,GA-ABE,87,0.2688785195350647,880
Kitchenham,5,GA-ABE,88,0.2688785195350647,890
Kitchenham,5,GA-ABE,89,0.2688785195350647,900
Kitchenham,5,GA-ABE,90,0.2688785195350647,910
Kitchenham,5,GA-ABE,91,0.2688785195350647,920
Kitchenham,5,GA-ABE,92,0.2688785195350647,930
Kitchenham,5,GA-ABE,93,0.2688785195350647,940
Kitchenham,5,GA-ABE,94,0.2688785195350647,950
Kitchenham,5,GA-ABE,95,0.2688785195350647,960
Kitchenham,5,GA-ABE,96,0.2688785195350647,970
Kitchenham,5,GA-ABE,97,0.2688785195350647,980
Kitchenham,5,GA-ABE,98,0.2688785195350647,990
Kitchenham,5,GA-ABE,99,0.2688785195350647,1000
Kitchenham,5,PSO-ABE,0,0.3529883027076721,10
Kitchenham,5,PSO-ABE,1,0.2987806499004364,20
Kitchenham,5,PSO-ABE,2,0.2869209051132202,30
Kitchenham,5,PSO-ABE,3,0.28407564759254456,40
Kitchenham,5,PSO-ABE,4,0.28407564759254456,50
Kitchenham,5,PSO-ABE,5,0.28407564759254456,60
Kitchenham,5,PSO-ABE,6,0.28407564759254456,70
Kitchenham,5,PSO-ABE,7,0.28407564759254456,80
Kitchenham,5,PSO-ABE,8,0.28407564759254456,90
Kitchenham,5,PSO-ABE,9,0.28407564759254456,100
Kitchenham,5,PSO-ABE,10,0.28407564759254456,110
Kitchenham,5,PSO-ABE,11,0.28407564759254456,120
Kitchenham,5,PSO-ABE,12,0.28407564759254456,130
Kitchenham,5,PSO-ABE,13,0.28407564759254456,140
Kitchenham,5,PSO-ABE,14,0.28407564759254456,150
Kitchenham,5,PSO-ABE,15,0.28407564759254456,160
Kitchenham,5,PSO-ABE,16,0.28407564759254456,170
Kitchenham,5,PSO-ABE,17,0.2840751111507416,180
Kitchenham,5,PSO-ABE,18,0.2840751111507416,190
Kitchenham,5,PSO-ABE,19,0.2840751111507416,200
Kitchenham,5,PSO-ABE,20,0.2840751111507416,210
Kitchenham,5,PSO-ABE,21,0.2840751111507416,220
Kitchenham,5,PSO-ABE,22,0.2840751111507416,230
Kitchenham,5,PSO-ABE,23,0.2840751111507416,240
Kitchenham,5,PSO-ABE,24,0.2840751111507416,250
Kitchenham,5,PSO-ABE,25,0.2840751111507416,260
Kitchenham,5,PSO-ABE,26,0.2840748727321625,270
Kitchenham,5,PSO-ABE,27,0.2840748727321625,280
Kitchenham,5,PSO-ABE,28,0.2840748727321625,290
Kitchenham,5,PSO-ABE,29,0.2840748727321625,300
Kitchenham,5,PSO-ABE,30,0.2840748727321625,310
Kitchenham,5,PSO-ABE,31,0.2840748727321625,320
Kitchenham,5,PSO-ABE,32,0.2840748727321625,330
Kitchenham,5,PSO-ABE,33,0.28329789638519287,340
Kitchenham,5,PSO-ABE,34,0.28329789638519287,350
Kitchenham,5,PSO-ABE,35,0.28329789638519287,360
Kitchenham,5,PSO-ABE,36,0.2832978367805481,370
Kitchenham,5,PSO-ABE,37,0.2832978367805481,380
Kitchenham,5,PSO-ABE,38,0.2832978367805481,390
Kitchenham,5,PSO-ABE,39,0.2832978367805481,400
Kitchenham,5,PSO-ABE,40,0.2832978367805481,410
Kitchenham,5,PSO-ABE,41,0.2832978367805481,420
Kitchenham,5,PSO-ABE,42,0.2832978367805481,430
Kitchenham,5,PSO-ABE,43,0.2832978069782257,440
Kitchenham,5,PSO-ABE,44,0.2832978069782257,450
Kitchenham,5,PSO-ABE,45,0.2832978069782257,460
Kitchenham,5,PSO-ABE,46,0.2832978069782257,470
Kitchenham,5,PSO-ABE,47,0.2832977771759033,480
Kitchenham,5,PSO-ABE,48,0.2832977771759033,490
Kitchenham,5,PSO-ABE,49,0.2832977771759033,500
Kitchenham,5,PSO-ABE,50,0.2832977771759033,510
Kitchenham,5,PSO-ABE,51,0.2832977771759033,520
Kitchenham,5,PSO-ABE,52,0.2832977771759033,530
Kitchenham,5,PSO-ABE,53,0.2832977771759033,540
Kitchenham,5,PSO-ABE,54,0.2832977771759033,550
Kitchenham,5,PSO-ABE,55,0.2832977771759033,560
Kitchenham,5,PSO-ABE,56,0.2832977771759033,570
Kitchenham,5,PSO-ABE,57,0.2832977771759033,580
Kitchenham,5,PSO-ABE,58,0.2832977771759033,590
Kitchenham,5,PSO-ABE,59,0.2832977771759033,600
Kitchenham,5,PSO-ABE,60,0.2832977771759033,610
Kitchenham,5,PSO-ABE,61,0.2832977771759033,620
Kitchenham,5,PSO-ABE,62,0.2832977771759033,630
Kitchenham,5,PSO-ABE,63,0.2832977771759033,640
Kitchenham,5,PSO-ABE,64,0.2832977771759033,650
Kitchenham,5,PSO-ABE,65,0.2832977771759033,660
Kitchenham,5,PSO-ABE,66,0.2832977771759033,670
Kitchenham,5,PSO-ABE,67,0.2832977771759033,680
Kitchenham,5,PSO-ABE,68,0.2832977771759033,690
Kitchenham,5,PSO-ABE,69,0.2832977771759033,700
Kitchenham,5,PSO-ABE,70,0.2832977771759033,710
Kitchenham,5,PSO-ABE,71,0.2832977771759033,720
Kitchenham,5,PSO-ABE,72,0.2832977771759033,730
Kitchenham,5,PSO-ABE,73,0.2832977771759033,740
Kitchenham,5,PSO-ABE,74,0.2832977771759033,750
Kitchenham,5,PSO-ABE,75,0.2832977771759033,760
Kitchenham,5,PSO-ABE,76,0.2832977771759033,770
Kitchenham,5,PSO-ABE,77,0.2832977771759033,780
Kitchenham,5,PSO-ABE,78,0.2832977771759033,790
Kitchenham,5,PSO-ABE,79,0.2832977771759033,800
Kitchenham,5,PSO-ABE,80,0.2832977771759033,810
Kitchenham,5,PSO-ABE,81,0.2832977771759033,820
Kitchenham,5,PSO-ABE,82,0.2832977771759033,830
Kitchenham,5,PSO-ABE,83,0.28329774737358093,840
Kitchenham,5,PSO-ABE,84,0.28329774737358093,850
Kitchenham,5,PSO-ABE,85,0.28329774737358093,860
Kitchenham,5,PSO-ABE,86,0.28329774737358093,870
Kitchenham,5,PSO-ABE,87,0.28329774737358093,880
Kitchenham,5,PSO-ABE,88,0.28329774737358093,890
Kitchenham,5,PSO-ABE,89,0.28329774737358093,900
Kitchenham,5,PSO-ABE,90,0.28329774737358093,910
Kitchenham,5,PSO-ABE,91,0.28329774737358093,920
Kitchenham,5,PSO-ABE,92,0.28329774737358093,930
Kitchenham,5,PSO-ABE,93,0.28329774737358093,940
Kitchenham,5,PSO-ABE,94,0.28329774737358093,950
Kitchenham,5,PSO-ABE,95,0.28329774737358093,960
Kitchenham,5,PSO-ABE,96,0.28329774737358093,970
Kitchenham,5,PSO-ABE,97,0.28329774737358093,980
Kitchenham,5,PSO-ABE,98,0.28329774737358093,990
Kitchenham,5,PSO-ABE,99,0.28329774737358093,1000
Kitchenham,5,DE-ABE,0,0.341262549161911,10
Kitchenham,5,DE-ABE,1,0.341262549161911,20
Kitchenham,5,DE-ABE,2,0.33456990122795105,30
Kitchenham,5,DE-ABE,3,0.3338244557380676,40
Kitchenham,5,DE-ABE,4,0.3338244557380676,50
Kitchenham,5,DE-ABE,5,0.3338244557380676,60
Kitchenham,5,DE-ABE,6,0.3297518789768219,70
Kitchenham,5,DE-ABE,7,0.3288218677043915,80
Kitchenham,5,DE-ABE,8,0.32790008187294006,90
Kitchenham,5,DE-ABE,9,0.3267630934715271,100
Kitchenham,5,DE-ABE,10,0.3267630934715271,110
Kitchenham,5,DE-ABE,11,0.3267630934715271,120
Kitchenham,5,DE-ABE,12,0.3267630934715271,130
Kitchenham,5,DE-ABE,13,0.3267630934715271,140
Kitchenham,5,DE-ABE,14,0.3267630934715271,150
Kitchenham,5,DE-ABE,15,0.3267630934715271,160
Kitchenham,5,DE-ABE,16,0.3267630934715271,170
Kitchenham,5,DE-ABE,17,0.3267630934715271,180
Kitchenham,5,DE-ABE,18,0.3267630934715271,190
Kitchenham,5,DE-ABE,19,0.3267630934715271,200
Kitchenham,5,DE-ABE,20,0.3267630934715271,210
Kitchenham,5,DE-ABE,21,0.3267630934715271,220
Kitchenham,5,DE-ABE,22,0.3267630934715271,230
Kitchenham,5,DE-ABE,23,0.3267630934715271,240
Kitchenham,5,DE-ABE,24,0.3267630934715271,250
Kitchenham,5,DE-ABE,25,0.3267630934715271,260
Kitchenham,5,DE-ABE,26,0.3267630934715271,270
Kitchenham,5,DE-ABE,27,0.3267630934715271,280
Kitchenham,5,DE-ABE,28,0.3267630934715271,290
Kitchenham,5,DE-ABE,29,0.3267630934715271,300
Kitchenham,5,DE-ABE,30,0.326762855052948,310
Kitchenham,5,DE-ABE,31,0.326762855052948,320
Kitchenham,5,DE-ABE,32,0.32676276564598083,330
Kitchenham,5,DE-ABE,33,0.32676249742507935,340
Kitchenham,5,DE-ABE,34,0.32676249742507935,350
Kitchenham,5,DE-ABE,35,0.32676219940185547,360
Kitchenham,5,DE-ABE,36,0.3267621695995331,370
Kitchenham,5,DE-ABE,37,0.3267621695995331,380
Kitchenham,5,DE-ABE,38,0.3267621695995331,390
Kitchenham,5,DE-ABE,39,0.3267621695995331,400
Kitchenham,5,DE-ABE,40,0.3267621695995331,410
Kitchenham,5,DE-ABE,41,0.3267621695995331,420
Kitchenham,5,DE-ABE,42,0.3267621695995331,430
Kitchenham,5,DE-ABE,43,0.3267621695995331,440
Kitchenham,5,DE-ABE,44,0.3267621695995331,450
Kitchenham,5,DE-ABE,45,0.3267621695995331,460
Kitchenham,5,DE-ABE,46,0.3267621695995331,470
Kitchenham,5,DE-ABE,47,0.3267621695995331,480
Kitchenham,5,DE-ABE,48,0.3267621695995331,490
Kitchenham,5,DE-ABE,49,0.3267621695995331,500
Kitchenham,5,DE-ABE,50,0.3267621695995331,510
Kitchenham,5,DE-ABE,51,0.3267621695995331,520
Kitchenham,5,DE-ABE,52,0.3267621695995331,530
Kitchenham,5,DE-ABE,53,0.3267621695995331,540
Kitchenham,5,DE-ABE,54,0.3267621695995331,550
Kitchenham,5,DE-ABE,55,0.3267621695995331,560
Kitchenham,5,DE-ABE,56,0.3267621695995331,570
Kitchenham,5,DE-ABE,57,0.3267621695995331,580
Kitchenham,5,DE-ABE,58,0.3267621695995331,590
Kitchenham,5,DE-ABE,59,0.3267621695995331,600
Kitchenham,5,DE-ABE,60,0.3267621695995331,610
Kitchenham,5,DE-ABE,61,0.3267621695995331,620
Kitchenham,5,DE-ABE,62,0.3267621695995331,630
Kitchenham,5,DE-ABE,63,0.3267621695995331,640
Kitchenham,5,DE-ABE,64,0.3267621695995331,650
Kitchenham,5,DE-ABE,65,0.3267621695995331,660
Kitchenham,5,DE-ABE,66,0.3267621695995331,670
Kitchenham,5,DE-ABE,67,0.3267621695995331,680
Kitchenham,5,DE-ABE,68,0.3267621695995331,690
Kitchenham,5,DE-ABE,69,0.3267621695995331,700
Kitchenham,5,DE-ABE,70,0.3267621695995331,710
Kitchenham,5,DE-ABE,71,0.3267621695995331,720
Kitchenham,5,DE-ABE,72,0.3267621695995331,730
Kitchenham,5,DE-ABE,73,0.3267621695995331,740
Kitchenham,5,DE-ABE,74,0.3267621695995331,750
Kitchenham,5,DE-ABE,75,0.3267621695995331,760
Kitchenham,5,DE-ABE,76,0.3267621695995331,770
Kitchenham,5,DE-ABE,77,0.3267621695995331,780
Kitchenham,5,DE-ABE,78,0.3267621695995331,790
Kitchenham,5,DE-ABE,79,0.3267621695995331,800
Kitchenham,5,DE-ABE,80,0.3267621695995331,810
Kitchenham,5,DE-ABE,81,0.3267621695995331,820
Kitchenham,5,DE-ABE,82,0.3267621695995331,830
Kitchenham,5,DE-ABE,83,0.3267621695995331,840
Kitchenham,5,DE-ABE,84,0.3267621695995331,850
Kitchenham,5,DE-ABE,85,0.3267621695995331,860
Kitchenham,5,DE-ABE,86,0.3267621695995331,870
Kitchenham,5,DE-ABE,87,0.3267621695995331,880
Kitchenham,5,DE-ABE,88,0.3267621695995331,890
Kitchenham,5,DE-ABE,89,0.3267621695995331,900
Kitchenham,5,DE-ABE,90,0.3267621695995331,910
Kitchenham,5,DE-ABE,91,0.3267621695995331,920
Kitchenham,5,DE-ABE,92,0.3267621695995331,930
Kitchenham,5,DE-ABE,93,0.3267621695995331,940
Kitchenham,5,DE-ABE,94,0.3267621695995331,950
Kitchenham,5,DE-ABE,95,0.3267621695995331,960
Kitchenham,5,DE-ABE,96,0.3267621695995331,970
Kitchenham,5,DE-ABE,97,0.3267621695995331,980
Kitchenham,5,DE-ABE,98,0.3267621695995331,990
Kitchenham,5,DE-ABE,99,0.3267621695995331,1000
Kitchenham,5,GWO-ABE,0,0.30057618021965027,10
Kitchenham,5,GWO-ABE,1,0.29471877217292786,20
Kitchenham,5,GWO-ABE,2,0.28967928886413574,30
Kitchenham,5,GWO-ABE,3,0.2796502411365509,40
Kitchenham,5,GWO-ABE,4,0.28670817613601685,50
Kitchenham,5,GWO-ABE,5,0.27714449167251587,60
Kitchenham,5,GWO-ABE,6,0.27643415331840515,70
Kitchenham,5,GWO-ABE,7,0.27510327100753784,80
Kitchenham,5,GWO-ABE,8,0.27514180541038513,90
Kitchenham,5,GWO-ABE,9,0.2742747962474823,100
Kitchenham,5,GWO-ABE,10,0.2728579342365265,110
Kitchenham,5,GWO-ABE,11,0.2747611999511719,120
Kitchenham,5,GWO-ABE,12,0.26992979645729065,130
Kitchenham,5,GWO-ABE,13,0.2760208249092102,140
Kitchenham,5,GWO-ABE,14,0.268907368183136,150
Kitchenham,5,GWO-ABE,15,0.27418839931488037,160
Kitchenham,5,GWO-ABE,16,0.2726859152317047,170
Kitchenham,5,GWO-ABE,17,0.2720249593257904,180
Kitchenham,5,GWO-ABE,18,0.27484986186027527,190
Kitchenham,5,GWO-ABE,19,0.2737537622451782,200
Kitchenham,5,GWO-ABE,20,0.27604904770851135,210
Kitchenham,5,GWO-ABE,21,0.27331864833831787,220
Kitchenham,5,GWO-ABE,22,0.2745785713195801,230
Kitchenham,5,GWO-ABE,23,0.2741957902908325,240
Kitchenham,5,GWO-ABE,24,0.27759167551994324,250
Kitchenham,5,GWO-ABE,25,0.2738572955131531,260
Kitchenham,5,GWO-ABE,26,0.27388817071914673,270
Kitchenham,5,GWO-ABE,27,0.2741803824901581,280
Kitchenham,5,GWO-ABE,28,0.27428966760635376,290
Kitchenham,5,GWO-ABE,29,0.2727985084056854,300
Kitchenham,5,GWO-ABE,30,0.2730388939380646,310
Kitchenham,5,GWO-ABE,31,0.2734084129333496,320
Kitchenham,5,GWO-ABE,32,0.2706793546676636,330
Kitchenham,5,GWO-ABE,33,0.26991695165634155,340
Kitchenham,5,GWO-ABE,34,0.27406659722328186,350
Kitchenham,5,GWO-ABE,35,0.2742967903614044,360
Kitchenham,5,GWO-ABE,36,0.27335435152053833,370
Kitchenham,5,GWO-ABE,37,0.2742334008216858,380
Kitchenham,5,GWO-ABE,38,0.2693908214569092,390
Kitchenham,5,GWO-ABE,39,0.2762346565723419,400
Kitchenham,5,GWO-ABE,40,0.27259907126426697,410
Kitchenham,5,GWO-ABE,41,0.2741302251815796,420
Kitchenham,5,GWO-ABE,42,0.27341511845588684,430
Kitchenham,5,GWO-ABE,43,0.2741836905479431,440
Kitchenham,5,GWO-ABE,44,0.27386415004730225,450
Kitchenham,5,GWO-ABE,45,0.2727911174297333,460
Kitchenham,5,GWO-ABE,46,0.27066338062286377,470
Kitchenham,5,GWO-ABE,47,0.2707107365131378,480
Kitchenham,5,GWO-ABE,48,0.27417075634002686,490
Kitchenham,5,GWO-ABE,49,0.27247878909111023,500
Kitchenham,5,GWO-ABE,50,0.27028900384902954,510
Kitchenham,5,GWO-ABE,51,0.26937708258628845,520
Kitchenham,5,GWO-ABE,52,0.2706592082977295,530
Kitchenham,5,GWO-ABE,53,0.27145639061927795,540
Kitchenham,5,GWO-ABE,54,0.2689177691936493,550
Kitchenham,5,GWO-ABE,55,0.26966869831085205,560
Kitchenham,5,GWO-ABE,56,0.2706361711025238,570
Kitchenham,5,GWO-ABE,57,0.272476464509964,580
Kitchenham,5,GWO-ABE,58,0.2706802487373352,590
Kitchenham,5,GWO-ABE,59,0.26909950375556946,600
Kitchenham,5,GWO-ABE,60,0.27165326476097107,610
Kitchenham,5,GWO-ABE,61,0.2706615924835205,620
Kitchenham,5,GWO-ABE,62,0.26949864625930786,630
Kitchenham,5,GWO-ABE,63,0.2688981592655182,640
Kitchenham,5,GWO-ABE,64,0.272857129573822,650
Kitchenham,5,GWO-ABE,65,0.27316948771476746,660
Kitchenham,5,GWO-ABE,66,0.26987409591674805,670
Kitchenham,5,GWO-ABE,67,0.2706785798072815,680
Kitchenham,5,GWO-ABE,68,0.27087026834487915,690
Kitchenham,5,GWO-ABE,69,0.2706599831581116,700
Kitchenham,5,GWO-ABE,70,0.2709225118160248,710
Kitchenham,5,GWO-ABE,71,0.2689858675003052,720
Kitchenham,5,GWO-ABE,72,0.27205970883369446,730
Kitchenham,5,GWO-ABE,73,0.2706589996814728,740
Kitchenham,5,GWO-ABE,74,0.2706604599952698,750
Kitchenham,5,GWO-ABE,75,0.269690603017807,760
Kitchenham,5,GWO-ABE,76,0.2689878046512604,770
Kitchenham,5,GWO-ABE,77,0.269697904586792,780
Kitchenham,5,GWO-ABE,78,0.26954591274261475,790
Kitchenham,5,GWO-ABE,79,0.26888564229011536,800
Kitchenham,5,GWO-ABE,80,0.26938194036483765,810
Kitchenham,5,GWO-ABE,81,0.2693691551685333,820
Kitchenham,5,GWO-ABE,82,0.2688208222389221,830
Kitchenham,5,GWO-ABE,83,0.2699196934700012,840
Kitchenham,5,GWO-ABE,84,0.26986727118492126,850
Kitchenham,5,GWO-ABE,85,0.2699166238307953,860
Kitchenham,5,GWO-ABE,86,0.2690981328487396,870
Kitchenham,5,GWO-ABE,87,0.26995953917503357,880
Kitchenham,5,GWO-ABE,88,0.26890072226524353,890
Kitchenham,5,GWO-ABE,89,0.268900603055954,900
Kitchenham,5,GWO-ABE,90,0.26890063285827637,910
Kitchenham,5,GWO-ABE,91,0.2689027786254883,920
Kitchenham,5,GWO-ABE,92,0.2688872516155243,930
Kitchenham,5,GWO-ABE,93,0.2688434422016144,940
Kitchenham,5,GWO-ABE,94,0.26891636848449707,950
Kitchenham,5,GWO-ABE,95,0.26889243721961975,960
Kitchenham,5,GWO-ABE,96,0.2688863277435303,970
Kitchenham,5,GWO-ABE,97,0.26887717843055725,980
Kitchenham,5,GWO-ABE,98,0.2688826024532318,990
Kitchenham,5,GWO-ABE,99,0.2688761055469513,1000
Kitchenham,5,WOA-ABE,0,0.4065110385417938,10
Kitchenham,5,WOA-ABE,1,0.2983699440956116,20
Kitchenham,5,WOA-ABE,2,0.2983699440956116,30
Kitchenham,5,WOA-ABE,3,0.29521432518959045,40
Kitchenham,5,WOA-ABE,4,0.2828417420387268,50
Kitchenham,5,WOA-ABE,5,0.2828417420387268,60
Kitchenham,5,WOA-ABE,6,0.27965205907821655,70
Kitchenham,5,WOA-ABE,7,0.2714398205280304,80
Kitchenham,5,WOA-ABE,8,0.2714398205280304,90
Kitchenham,5,WOA-ABE,9,0.2714398205280304,100
Kitchenham,5,WOA-ABE,10,0.2708545923233032,110
Kitchenham,5,WOA-ABE,11,0.2708545923233032,120
Kitchenham,5,WOA-ABE,12,0.27033281326293945,130
Kitchenham,5,WOA-ABE,13,0.27033281326293945,140
Kitchenham,5,WOA-ABE,14,0.2703273594379425,150
Kitchenham,5,WOA-ABE,15,0.2703273594379425,160
Kitchenham,5,WOA-ABE,16,0.2703273594379425,170
Kitchenham,5,WOA-ABE,17,0.2700251638889313,180
Kitchenham,5,WOA-ABE,18,0.27000975608825684,190
Kitchenham,5,WOA-ABE,19,0.27000975608825684,200
Kitchenham,5,WOA-ABE,20,0.27000975608825684,210
Kitchenham,5,WOA-ABE,21,0.27000975608825684,220
Kitchenham,5,WOA-ABE,22,0.27000975608825684,230
Kitchenham,5,WOA-ABE,23,0.27000975608825684,240
Kitchenham,5,WOA-ABE,24,0.27000975608825684,250
Kitchenham,5,WOA-ABE,25,0.27000975608825684,260
Kitchenham,5,WOA-ABE,26,0.27000975608825684,270
Kitchenham,5,WOA-ABE,27,0.27000975608825684,280
Kitchenham,5,WOA-ABE,28,0.27000975608825684,290
Kitchenham,5,WOA-ABE,29,0.27000975608825684,300
Kitchenham,5,WOA-ABE,30,0.27000975608825684,310
Kitchenham,5,WOA-ABE,31,0.27000975608825684,320
Kitchenham,5,WOA-ABE,32,0.27000975608825684,330
Kitchenham,5,WOA-ABE,33,0.2694558799266815,340
Kitchenham,5,WOA-ABE,34,0.2694558799266815,350
Kitchenham,5,WOA-ABE,35,0.26927679777145386,360
Kitchenham,5,WOA-ABE,36,0.26927679777145386,370
Kitchenham,5,WOA-ABE,37,0.26927679777145386,380
Kitchenham,5,WOA-ABE,38,0.26927679777145386,390
Kitchenham,5,WOA-ABE,39,0.26926809549331665,400
Kitchenham,5,WOA-ABE,40,0.26878756284713745,410
Kitchenham,5,WOA-ABE,41,0.26878756284713745,420
Kitchenham,5,WOA-ABE,42,0.26878756284713745,430
Kitchenham,5,WOA-ABE,43,0.26878756284713745,440
Kitchenham,5,WOA-ABE,44,0.26878756284713745,450
Kitchenham,5,WOA-ABE,45,0.26878756284713745,460
Kitchenham,5,WOA-ABE,46,0.26878756284713745,470
Kitchenham,5,WOA-ABE,47,0.26878756284713745,480
Kitchenham,5,WOA-ABE,48,0.26878756284713745,490
Kitchenham,5,WOA-ABE,49,0.26878756284713745,500
Kitchenham,5,WOA-ABE,50,0.26878756284713745,510
Kitchenham,5,WOA-ABE,51,0.26878756284713745,520
Kitchenham,5,WOA-ABE,52,0.26878756284713745,530
Kitchenham,5,WOA-ABE,53,0.26878756284713745,540
Kitchenham,5,WOA-ABE,54,0.26878756284713745,550
Kitchenham,5,WOA-ABE,55,0.26878756284713745,560
Kitchenham,5,WOA-ABE,56,0.26878756284713745,570
Kitchenham,5,WOA-ABE,57,0.26878416538238525,580
Kitchenham,5,WOA-ABE,58,0.26878416538238525,590
Kitchenham,5,WOA-ABE,59,0.26878416538238525,600
Kitchenham,5,WOA-ABE,60,0.26878416538238525,610
Kitchenham,5,WOA-ABE,61,0.26878416538238525,620
Kitchenham,5,WOA-ABE,62,0.26878416538238525,630
Kitchenham,5,WOA-ABE,63,0.26878416538238525,640
Kitchenham,5,WOA-ABE,64,0.26878416538238525,650
Kitchenham,5,WOA-ABE,65,0.26878416538238525,660
Kitchenham,5,WOA-ABE,66,0.26878416538238525,670
Kitchenham,5,WOA-ABE,67,0.26878416538238525,680
Kitchenham,5,WOA-ABE,68,0.26878416538238525,690
Kitchenham,5,WOA-ABE,69,0.26878416538238525,700
Kitchenham,5,WOA-ABE,70,0.26878416538238525,710
Kitchenham,5,WOA-ABE,71,0.26878416538238525,720
Kitchenham,5,WOA-ABE,72,0.26878416538238525,730
Kitchenham,5,WOA-ABE,73,0.26878416538238525,740
Kitchenham,5,WOA-ABE,74,0.26878416538238525,750
Kitchenham,5,WOA-ABE,75,0.26878416538238525,760
Kitchenham,5,WOA-ABE,76,0.26878416538238525,770
Kitchenham,5,WOA-ABE,77,0.26878416538238525,780
Kitchenham,5,WOA-ABE,78,0.26878416538238525,790
Kitchenham,5,WOA-ABE,79,0.26878416538238525,800
Kitchenham,5,WOA-ABE,80,0.26878416538238525,810
Kitchenham,5,WOA-ABE,81,0.2687841057777405,820
Kitchenham,5,WOA-ABE,82,0.2687841057777405,830
Kitchenham,5,WOA-ABE,83,0.2687841057777405,840
Kitchenham,5,WOA-ABE,84,0.2687841057777405,850
Kitchenham,5,WOA-ABE,85,0.2687841057777405,860
Kitchenham,5,WOA-ABE,86,0.2687841057777405,870
Kitchenham,5,WOA-ABE,87,0.26857754588127136,880
Kitchenham,5,WOA-ABE,88,0.26857754588127136,890
Kitchenham,5,WOA-ABE,89,0.26857754588127136,900
Kitchenham,5,WOA-ABE,90,0.26857754588127136,910
Kitchenham,5,WOA-ABE,91,0.26857754588127136,920
Kitchenham,5,WOA-ABE,92,0.26857271790504456,930
Kitchenham,5,WOA-ABE,93,0.26857271790504456,940
Kitchenham,5,WOA-ABE,94,0.26857271790504456,950
Kitchenham,5,WOA-ABE,95,0.26857271790504456,960
Kitchenham,5,WOA-ABE,96,0.26857271790504456,970
Kitchenham,5,WOA-ABE,97,0.26857271790504456,980
Kitchenham,5,WOA-ABE,98,0.2685721218585968,990
Kitchenham,5,WOA-ABE,99,0.2685721218585968,1000
Kitchenham,5,FAABE,0,0.37621477246284485,10
Kitchenham,5,FAABE,1,0.3128072917461395,20
Kitchenham,5,FAABE,2,0.3128072917461395,30
Kitchenham,5,FAABE,3,0.3128072917461395,40
Kitchenham,5,FAABE,4,0.30505436658859253,50
Kitchenham,5,FAABE,5,0.30054789781570435,60
Kitchenham,5,FAABE,6,0.30054789781570435,70
Kitchenham,5,FAABE,7,0.30054789781570435,80
Kitchenham,5,FAABE,8,0.29764893651008606,90
Kitchenham,5,FAABE,9,0.28282323479652405,100
Kitchenham,5,FAABE,10,0.28282323479652405,110
Kitchenham,5,FAABE,11,0.28282323479652405,120
Kitchenham,5,FAABE,12,0.28282323479652405,130
Kitchenham,5,FAABE,13,0.28282323479652405,140
Kitchenham,5,FAABE,14,0.28282323479652405,150
Kitchenham,5,FAABE,15,0.28282323479652405,160
Kitchenham,5,FAABE,16,0.28282323479652405,170
Kitchenham,5,FAABE,17,0.2775869071483612,180
Kitchenham,5,FAABE,18,0.2775869071483612,190
Kitchenham,5,FAABE,19,0.2775869071483612,200
Kitchenham,5,FAABE,20,0.2775869071483612,210
Kitchenham,5,FAABE,21,0.2775869071483612,220
Kitchenham,5,FAABE,22,0.2775869071483612,230
Kitchenham,5,FAABE,23,0.2775869071483612,240
Kitchenham,5,FAABE,24,0.2775869071483612,250
Kitchenham,5,FAABE,25,0.2775869071483612,260
Kitchenham,5,FAABE,26,0.2775869071483612,270
Kitchenham,5,FAABE,27,0.2775869071483612,280
Kitchenham,5,FAABE,28,0.2775869071483612,290
Kitchenham,5,FAABE,29,0.2775869071483612,300
Kitchenham,5,FAABE,30,0.2775869071483612,310
Kitchenham,5,FAABE,31,0.2775869071483612,320
Kitchenham,5,FAABE,32,0.2775869071483612,330
Kitchenham,5,FAABE,33,0.2775869071483612,340
Kitchenham,5,FAABE,34,0.2775869071483612,350
Kitchenham,5,FAABE,35,0.2768495976924896,360
Kitchenham,5,FAABE,36,0.2768495976924896,370
Kitchenham,5,FAABE,37,0.2768495976924896,380
Kitchenham,5,FAABE,38,0.2768495976924896,390
Kitchenham,5,FAABE,39,0.2768495976924896,400
Kitchenham,5,FAABE,40,0.2768495976924896,410
Kitchenham,5,FAABE,41,0.2768495976924896,420
Kitchenham,5,FAABE,42,0.2768495976924896,430
Kitchenham,5,FAABE,43,0.2768495976924896,440
Kitchenham,5,FAABE,44,0.2745196521282196,450
Kitchenham,5,FAABE,45,0.2745196521282196,460
Kitchenham,5,FAABE,46,0.2745196521282196,470
Kitchenham,5,FAABE,47,0.2745196521282196,480
Kitchenham,5,FAABE,48,0.2745196521282196,490
Kitchenham,5,FAABE,49,0.2745196521282196,500
Kitchenham,5,FAABE,50,0.2745196521282196,510
Kitchenham,5,FAABE,51,0.2745196521282196,520
Kitchenham,5,FAABE,52,0.2745196521282196,530
Kitchenham,5,FAABE,53,0.2745196521282196,540
Kitchenham,5,FAABE,54,0.2745196521282196,550
Kitchenham,5,FAABE,55,0.2745196521282196,560
Kitchenham,5,FAABE,56,0.2745196521282196,570
Kitchenham,5,FAABE,57,0.2745196521282196,580
Kitchenham,5,FAABE,58,0.2745196521282196,590
Kitchenham,5,FAABE,59,0.2745196521282196,600
Kitchenham,5,FAABE,60,0.2745196521282196,610
Kitchenham,5,FAABE,61,0.2745196521282196,620
Kitchenham,5,FAABE,62,0.2745196521282196,630
Kitchenham,5,FAABE,63,0.2745196521282196,640
Kitchenham,5,FAABE,64,0.2745196521282196,650
Kitchenham,5,FAABE,65,0.2745196521282196,660
Kitchenham,5,FAABE,66,0.2745196521282196,670
Kitchenham,5,FAABE,67,0.2745196521282196,680
Kitchenham,5,FAABE,68,0.2745196521282196,690
Kitchenham,5,FAABE,69,0.27406129240989685,700
Kitchenham,5,FAABE,70,0.27406129240989685,710
Kitchenham,5,FAABE,71,0.2707073390483856,720
Kitchenham,5,FAABE,72,0.2707073390483856,730
Kitchenham,5,FAABE,73,0.2707073390483856,740
Kitchenham,5,FAABE,74,0.2707073390483856,750
Kitchenham,5,FAABE,75,0.2707073390483856,760
Kitchenham,5,FAABE,76,0.2707073390483856,770
Kitchenham,5,FAABE,77,0.2707073390483856,780
Kitchenham,5,FAABE,78,0.2707073390483856,790
Kitchenham,5,FAABE,79,0.2707073390483856,800
Kitchenham,5,FAABE,80,0.2707073390483856,810
Kitchenham,5,FAABE,81,0.2707073390483856,820
Kitchenham,5,FAABE,82,0.2707073390483856,830
Kitchenham,5,FAABE,83,0.2707073390483856,840
Kitchenham,5,FAABE,84,0.2707073390483856,850
Kitchenham,5,FAABE,85,0.2707073390483856,860
Kitchenham,5,FAABE,86,0.2707073390483856,870
Kitchenham,5,FAABE,87,0.2707073390483856,880
Kitchenham,5,FAABE,88,0.2707073390483856,890
Kitchenham,5,FAABE,89,0.2707073390483856,900
Kitchenham,5,FAABE,90,0.2707073390483856,910
Kitchenham,5,FAABE,91,0.2707073390483856,920
Kitchenham,5,FAABE,92,0.2707073390483856,930
Kitchenham,5,FAABE,93,0.2707073390483856,940
Kitchenham,5,FAABE,94,0.2707073390483856,950
Kitchenham,5,FAABE,95,0.2707073390483856,960
Kitchenham,5,FAABE,96,0.2707073390483856,970
Kitchenham,5,FAABE,97,0.2707073390483856,980
Kitchenham,5,FAABE,98,0.2707073390483856,990
Kitchenham,5,FAABE,99,0.2707073390483856,1000
Kitchenham,6,GA-ABE,0,0.31200405955314636,10
Kitchenham,6,GA-ABE,1,0.3113250136375427,20
Kitchenham,6,GA-ABE,2,0.30848604440689087,30
Kitchenham,6,GA-ABE,3,0.30848604440689087,40
Kitchenham,6,GA-ABE,4,0.2784516215324402,50
Kitchenham,6,GA-ABE,5,0.2757064700126648,60
Kitchenham,6,GA-ABE,6,0.2732808291912079,70
Kitchenham,6,GA-ABE,7,0.2732808291912079,80
Kitchenham,6,GA-ABE,8,0.2732808291912079,90
Kitchenham,6,GA-ABE,9,0.27326929569244385,100
Kitchenham,6,GA-ABE,10,0.2732372283935547,110
Kitchenham,6,GA-ABE,11,0.27300918102264404,120
Kitchenham,6,GA-ABE,12,0.27300918102264404,130
Kitchenham,6,GA-ABE,13,0.27300918102264404,140
Kitchenham,6,GA-ABE,14,0.27300918102264404,150
Kitchenham,6,GA-ABE,15,0.27272412180900574,160
Kitchenham,6,GA-ABE,16,0.27272412180900574,170
Kitchenham,6,GA-ABE,17,0.27272412180900574,180
Kitchenham,6,GA-ABE,18,0.27272412180900574,190
Kitchenham,6,GA-ABE,19,0.27272412180900574,200
Kitchenham,6,GA-ABE,20,0.27272412180900574,210
Kitchenham,6,GA-ABE,21,0.27272412180900574,220
Kitchenham,6,GA-ABE,22,0.27272412180900574,230
Kitchenham,6,GA-ABE,23,0.27272412180900574,240
Kitchenham,6,GA-ABE,24,0.27272412180900574,250
Kitchenham,6,GA-ABE,25,0.27272412180900574,260
Kitchenham,6,GA-ABE,26,0.27272412180900574,270
Kitchenham,6,GA-ABE,27,0.27272412180900574,280
Kitchenham,6,GA-ABE,28,0.27272412180900574,290
Kitchenham,6,GA-ABE,29,0.27272412180900574,300
Kitchenham,6,GA-ABE,30,0.27272412180900574,310
Kitchenham,6,GA-ABE,31,0.27272412180900574,320
Kitchenham,6,GA-ABE,32,0.27272412180900574,330
Kitchenham,6,GA-ABE,33,0.2719719707965851,340
Kitchenham,6,GA-ABE,34,0.2719719707965851,350
Kitchenham,6,GA-ABE,35,0.2719719707965851,360
Kitchenham,6,GA-ABE,36,0.2719719707965851,370
Kitchenham,6,GA-ABE,37,0.2719719707965851,380
Kitchenham,6,GA-ABE,38,0.2719719707965851,390
Kitchenham,6,GA-ABE,39,0.2719719707965851,400
Kitchenham,6,GA-ABE,40,0.2719719707965851,410
Kitchenham,6,GA-ABE,41,0.2719719707965851,420
Kitchenham,6,GA-ABE,42,0.2719719707965851,430
Kitchenham,6,GA-ABE,43,0.2719719707965851,440
Kitchenham,6,GA-ABE,44,0.2719719707965851,450
Kitchenham,6,GA-ABE,45,0.2719719707965851,460
Kitchenham,6,GA-ABE,46,0.2719719707965851,470
Kitchenham,6,GA-ABE,47,0.2719719707965851,480
Kitchenham,6,GA-ABE,48,0.2719719707965851,490
Kitchenham,6,GA-ABE,49,0.2719719707965851,500
Kitchenham,6,GA-ABE,50,0.2719719707965851,510
Kitchenham,6,GA-ABE,51,0.2719719707965851,520
Kitchenham,6,GA-ABE,52,0.2719719707965851,530
Kitchenham,6,GA-ABE,53,0.2719719707965851,540
Kitchenham,6,GA-ABE,54,0.2719472050666809,550
Kitchenham,6,GA-ABE,55,0.2719472050666809,560
Kitchenham,6,GA-ABE,56,0.2719472050666809,570
Kitchenham,6,GA-ABE,57,0.2719472050666809,580
Kitchenham,6,GA-ABE,58,0.2719472050666809,590
Kitchenham,6,GA-ABE,59,0.2719462513923645,600
Kitchenham,6,GA-ABE,60,0.2719462513923645,610
Kitchenham,6,GA-ABE,61,0.2719462513923645,620
Kitchenham,6,GA-ABE,62,0.2719462513923645,630
Kitchenham,6,GA-ABE,63,0.2719462513923645,640
Kitchenham,6,GA-ABE,64,0.2719462513923645,650
Kitchenham,6,GA-ABE,65,0.2719462513923645,660
Kitchenham,6,GA-ABE,66,0.2719462513923645,670
Kitchenham,6,GA-ABE,67,0.2719462513923645,680
Kitchenham,6,GA-ABE,68,0.2719462513923645,690
Kitchenham,6,GA-ABE,69,0.2719462513923645,700
Kitchenham,6,GA-ABE,70,0.2719462513923645,710
Kitchenham,6,GA-ABE,71,0.2719462513923645,720
Kitchenham,6,GA-ABE,72,0.2719462513923645,730
Kitchenham,6,GA-ABE,73,0.2719462513923645,740
Kitchenham,6,GA-ABE,74,0.2719462513923645,750
Kitchenham,6,GA-ABE,75,0.2719462513923645,760
Kitchenham,6,GA-ABE,76,0.2719462513923645,770
Kitchenham,6,GA-ABE,77,0.2719462513923645,780
Kitchenham,6,GA-ABE,78,0.2719462513923645,790
Kitchenham,6,GA-ABE,79,0.2719462513923645,800
Kitchenham,6,GA-ABE,80,0.2719462513923645,810
Kitchenham,6,GA-ABE,81,0.2719462513923645,820
Kitchenham,6,GA-ABE,82,0.2719462513923645,830
Kitchenham,6,GA-ABE,83,0.2719462513923645,840
Kitchenham,6,GA-ABE,84,0.2719462513923645,850
Kitchenham,6,GA-ABE,85,0.2719462513923645,860
Kitchenham,6,GA-ABE,86,0.2719462513923645,870
Kitchenham,6,GA-ABE,87,0.2719462513923645,880
Kitchenham,6,GA-ABE,88,0.2719462513923645,890
Kitchenham,6,GA-ABE,89,0.2719462513923645,900
Kitchenham,6,GA-ABE,90,0.2719462513923645,910
Kitchenham,6,GA-ABE,91,0.2719462513923645,920
Kitchenham,6,GA-ABE,92,0.2719462513923645,930
Kitchenham,6,GA-ABE,93,0.27194324135780334,940
Kitchenham,6,GA-ABE,94,0.27194324135780334,950
Kitchenham,6,GA-ABE,95,0.27194318175315857,960
Kitchenham,6,GA-ABE,96,0.27194318175315857,970
Kitchenham,6,GA-ABE,97,0.2719431221485138,980
Kitchenham,6,GA-ABE,98,0.2719431221485138,990
Kitchenham,6,GA-ABE,99,0.2719431221485138,1000
Kitchenham,6,PSO-ABE,0,0.31306561827659607,10
Kitchenham,6,PSO-ABE,1,0.31306561827659607,20
Kitchenham,6,PSO-ABE,2,0.29960107803344727,30
Kitchenham,6,PSO-ABE,3,0.295249879360199,40
Kitchenham,6,PSO-ABE,4,0.295249879360199,50
Kitchenham,6,PSO-ABE,5,0.295249879360199,60
Kitchenham,6,PSO-ABE,6,0.295249879360199,70
Kitchenham,6,PSO-ABE,7,0.295249879360199,80
Kitchenham,6,PSO-ABE,8,0.2830788493156433,90
Kitchenham,6,PSO-ABE,9,0.2830788493156433,100
Kitchenham,6,PSO-ABE,10,0.2830788493156433,110
Kitchenham,6,PSO-ABE,11,0.28251969814300537,120
Kitchenham,6,PSO-ABE,12,0.28251969814300537,130
Kitchenham,6,PSO-ABE,13,0.28251969814300537,140
Kitchenham,6,PSO-ABE,14,0.2742462158203125,150
Kitchenham,6,PSO-ABE,15,0.2742462158203125,160
Kitchenham,6,PSO-ABE,16,0.2742462158203125,170
Kitchenham,6,PSO-ABE,17,0.2742462158203125,180
Kitchenham,6,PSO-ABE,18,0.2742462158203125,190
Kitchenham,6,PSO-ABE,19,0.2742462158203125,200
Kitchenham,6,PSO-ABE,20,0.2742462158203125,210
Kitchenham,6,PSO-ABE,21,0.2742462158203125,220
Kitchenham,6,PSO-ABE,22,0.27372655272483826,230
Kitchenham,6,PSO-ABE,23,0.27372655272483826,240
Kitchenham,6,PSO-ABE,24,0.27372655272483826,250
Kitchenham,6,PSO-ABE,25,0.27372655272483826,260
Kitchenham,6,PSO-ABE,26,0.27372655272483826,270
Kitchenham,6,PSO-ABE,27,0.27372655272483826,280
Kitchenham,6,PSO-ABE,28,0.27372655272483826,290
Kitchenham,6,PSO-ABE,29,0.27372655272483826,300
Kitchenham,6,PSO-ABE,30,0.27372655272483826,310
Kitchenham,6,PSO-ABE,31,0.2732330560684204,320
Kitchenham,6,PSO-ABE,32,0.2732330560684204,330
Kitchenham,6,PSO-ABE,33,0.2732330560684204,340
Kitchenham,6,PSO-ABE,34,0.2732330560684204,350
Kitchenham,6,PSO-ABE,35,0.2732330560684204,360
Kitchenham,6,PSO-ABE,36,0.27305006980895996,370
Kitchenham,6,PSO-ABE,37,0.27305006980895996,380
Kitchenham,6,PSO-ABE,38,0.27305006980895996,390
Kitchenham,6,PSO-ABE,39,0.2730492651462555,400
Kitchenham,6,PSO-ABE,40,0.2730492651462555,410
Kitchenham,6,PSO-ABE,41,0.2730492651462555,420
Kitchenham,6,PSO-ABE,42,0.2730492651462555,430
Kitchenham,6,PSO-ABE,43,0.2730492651462555,440
Kitchenham,6,PSO-ABE,44,0.2730492651462555,450
Kitchenham,6,PSO-ABE,45,0.27292340993881226,460
Kitchenham,6,PSO-ABE,46,0.27292177081108093,470
Kitchenham,6,PSO-ABE,47,0.27292177081108093,480
Kitchenham,6,PSO-ABE,48,0.27292177081108093,490
Kitchenham,6,PSO-ABE,49,0.27292177081108093,500
Kitchenham,6,PSO-ABE,50,0.27292177081108093,510
Kitchenham,6,PSO-ABE,51,0.27292177081108093,520
Kitchenham,6,PSO-ABE,52,0.27292177081108093,530
Kitchenham,6,PSO-ABE,53,0.272921621799469,540
Kitchenham,6,PSO-ABE,54,0.272921621799469,550
Kitchenham,6,PSO-ABE,55,0.272921621799469,560
Kitchenham,6,PSO-ABE,56,0.272921621799469,570
Kitchenham,6,PSO-ABE,57,0.272921621799469,580
Kitchenham,6,PSO-ABE,58,0.272921621799469,590
Kitchenham,6,PSO-ABE,59,0.2729214131832123,600
Kitchenham,6,PSO-ABE,60,0.27292120456695557,610
Kitchenham,6,PSO-ABE,61,0.2729209363460541,620
Kitchenham,6,PSO-ABE,62,0.27292072772979736,630
Kitchenham,6,PSO-ABE,63,0.27292072772979736,640
Kitchenham,6,PSO-ABE,64,0.2729206681251526,650
Kitchenham,6,PSO-ABE,65,0.2729206681251526,660
Kitchenham,6,PSO-ABE,66,0.2729206681251526,670
Kitchenham,6,PSO-ABE,67,0.2729206681251526,680
Kitchenham,6,PSO-ABE,68,0.2729206681251526,690
Kitchenham,6,PSO-ABE,69,0.2729206681251526,700
Kitchenham,6,PSO-ABE,70,0.2729206681251526,710
Kitchenham,6,PSO-ABE,71,0.2729202210903168,720
Kitchenham,6,PSO-ABE,72,0.2729199230670929,730
Kitchenham,6,PSO-ABE,73,0.27291950583457947,740
Kitchenham,6,PSO-ABE,74,0.27291950583457947,750
Kitchenham,6,PSO-ABE,75,0.27291950583457947,760
Kitchenham,6,PSO-ABE,76,0.27291950583457947,770
Kitchenham,6,PSO-ABE,77,0.27291950583457947,780
Kitchenham,6,PSO-ABE,78,0.27291950583457947,790
Kitchenham,6,PSO-ABE,79,0.27291950583457947,800
Kitchenham,6,PSO-ABE,80,0.27291950583457947,810
Kitchenham,6,PSO-ABE,81,0.27291950583457947,820
Kitchenham,6,PSO-ABE,82,0.2729194462299347,830
Kitchenham,6,PSO-ABE,83,0.2729194462299347,840
Kitchenham,6,PSO-ABE,84,0.2729194462299347,850
Kitchenham,6,PSO-ABE,85,0.2729194462299347,860
Kitchenham,6,PSO-ABE,86,0.2729194462299347,870
Kitchenham,6,PSO-ABE,87,0.2729194462299347,880
Kitchenham,6,PSO-ABE,88,0.2729194462299347,890
Kitchenham,6,PSO-ABE,89,0.2729194462299347,900
Kitchenham,6,PSO-ABE,90,0.2729194462299347,910
Kitchenham,6,PSO-ABE,91,0.2729194462299347,920
Kitchenham,6,PSO-ABE,92,0.2729194462299347,930
Kitchenham,6,PSO-ABE,93,0.2729194462299347,940
Kitchenham,6,PSO-ABE,94,0.2729194462299347,950
Kitchenham,6,PSO-ABE,95,0.2729194462299347,960
Kitchenham,6,PSO-ABE,96,0.2729194462299347,970
Kitchenham,6,PSO-ABE,97,0.2729194462299347,980
Kitchenham,6,PSO-ABE,98,0.2729194462299347,990
Kitchenham,6,PSO-ABE,99,0.2729194462299347,1000
Kitchenham,6,DE-ABE,0,0.37758713960647583,10
Kitchenham,6,DE-ABE,1,0.36536088585853577,20
Kitchenham,6,DE-ABE,2,0.3506709635257721,30
Kitchenham,6,DE-ABE,3,0.3256840109825134,40
Kitchenham,6,DE-ABE,4,0.3256840109825134,50
Kitchenham,6,DE-ABE,5,0.3256840109825134,60
Kitchenham,6,DE-ABE,6,0.31690001487731934,70
Kitchenham,6,DE-ABE,7,0.31690001487731934,80
Kitchenham,6,DE-ABE,8,0.30932313203811646,90
Kitchenham,6,DE-ABE,9,0.30932313203811646,100
Kitchenham,6,DE-ABE,10,0.29900509119033813,110
Kitchenham,6,DE-ABE,11,0.29900509119033813,120
Kitchenham,6,DE-ABE,12,0.29900509119033813,130
Kitchenham,6,DE-ABE,13,0.29900509119033813,140
Kitchenham,6,DE-ABE,14,0.29900509119033813,150
Kitchenham,6,DE-ABE,15,0.2940300703048706,160
Kitchenham,6,DE-ABE,16,0.2940300703048706,170
Kitchenham,6,DE-ABE,17,0.2940300703048706,180
Kitchenham,6,DE-ABE,18,0.2940300703048706,190
Kitchenham,6,DE-ABE,19,0.2940300703048706,200
Kitchenham,6,DE-ABE,20,0.2940300703048706,210
Kitchenham,6,DE-ABE,21,0.2940300703048706,220
Kitchenham,6,DE-ABE,22,0.2940300703048706,230
Kitchenham,6,DE-ABE,23,0.2940300703048706,240
Kitchenham,6,DE-ABE,24,0.29037994146347046,250
Kitchenham,6,DE-ABE,25,0.28933271765708923,260
Kitchenham,6,DE-ABE,26,0.28933271765708923,270
Kitchenham,6,DE-ABE,27,0.28933271765708923,280
Kitchenham,6,DE-ABE,28,0.28933271765708923,290
Kitchenham,6,DE-ABE,29,0.28933271765708923,300
Kitchenham,6,DE-ABE,30,0.28933271765708923,310
Kitchenham,6,DE-ABE,31,0.28895771503448486,320
Kitchenham,6,DE-ABE,32,0.28895771503448486,330
Kitchenham,6,DE-ABE,33,0.28895771503448486,340
Kitchenham,6,DE-ABE,34,0.2877613604068756,350
Kitchenham,6,DE-ABE,35,0.2877613604068756,360
Kitchenham,6,DE-ABE,36,0.2877613604068756,370
Kitchenham,6,DE-ABE,37,0.2877613604068756,380
Kitchenham,6,DE-ABE,38,0.2877613604068756,390
Kitchenham,6,DE-ABE,39,0.2877613604068756,400
Kitchenham,6,DE-ABE,40,0.2877613604068756,410
Kitchenham,6,DE-ABE,41,0.2877613604068756,420
Kitchenham,6,DE-ABE,42,0.2877613604068756,430
Kitchenham,6,DE-ABE,43,0.2877613604068756,440
Kitchenham,6,DE-ABE,44,0.2876962721347809,450
Kitchenham,6,DE-ABE,45,0.2876962721347809,460
Kitchenham,6,DE-ABE,46,0.2876962721347809,470
Kitchenham,6,DE-ABE,47,0.2876962721347809,480
Kitchenham,6,DE-ABE,48,0.28769609332084656,490
Kitchenham,6,DE-ABE,49,0.28769609332084656,500
Kitchenham,6,DE-ABE,50,0.28769609332084656,510
Kitchenham,6,DE-ABE,51,0.2876957356929779,520
Kitchenham,6,DE-ABE,52,0.28769561648368835,530
Kitchenham,6,DE-ABE,53,0.28769543766975403,540
Kitchenham,6,DE-ABE,54,0.28769540786743164,550
Kitchenham,6,DE-ABE,55,0.28769540786743164,560
Kitchenham,6,DE-ABE,56,0.2876952886581421,570
Kitchenham,6,DE-ABE,57,0.2876952886581421,580
Kitchenham,6,DE-ABE,58,0.2876952886581421,590
Kitchenham,6,DE-ABE,59,0.2876952886581421,600
Kitchenham,6,DE-ABE,60,0.2876952290534973,610
Kitchenham,6,DE-ABE,61,0.2876952290534973,620
Kitchenham,6,DE-ABE,62,0.2876952290534973,630
Kitchenham,6,DE-ABE,63,0.2876952290534973,640
Kitchenham,6,DE-ABE,64,0.2876952290534973,650
Kitchenham,6,DE-ABE,65,0.2876952290534973,660
Kitchenham,6,DE-ABE,66,0.2876952290534973,670
Kitchenham,6,DE-ABE,67,0.2876952290534973,680
Kitchenham,6,DE-ABE,68,0.2876952290534973,690
Kitchenham,6,DE-ABE,69,0.2876952290534973,700
Kitchenham,6,DE-ABE,70,0.2876951992511749,710
Kitchenham,6,DE-ABE,71,0.2876951992511749,720
Kitchenham,6,DE-ABE,72,0.2876951992511749,730
Kitchenham,6,DE-ABE,73,0.2876951992511749,740
Kitchenham,6,DE-ABE,74,0.2876951992511749,750
Kitchenham,6,DE-ABE,75,0.2876951992511749,760
Kitchenham,6,DE-ABE,76,0.2876951992511749,770
Kitchenham,6,DE-ABE,77,0.2876951992511749,780
Kitchenham,6,DE-ABE,78,0.2876951992511749,790
Kitchenham,6,DE-ABE,79,0.2876951992511749,800
Kitchenham,6,DE-ABE,80,0.2876951992511749,810
Kitchenham,6,DE-ABE,81,0.2876951992511749,820
Kitchenham,6,DE-ABE,82,0.2876951992511749,830
Kitchenham,6,DE-ABE,83,0.2876951992511749,840
Kitchenham,6,DE-ABE,84,0.2876951992511749,850
Kitchenham,6,DE-ABE,85,0.2876951992511749,860
Kitchenham,6,DE-ABE,86,0.2876951992511749,870
Kitchenham,6,DE-ABE,87,0.2876951992511749,880
Kitchenham,6,DE-ABE,88,0.2876951992511749,890
Kitchenham,6,DE-ABE,89,0.2876951992511749,900
Kitchenham,6,DE-ABE,90,0.2876951992511749,910
Kitchenham,6,DE-ABE,91,0.2876951992511749,920
Kitchenham,6,DE-ABE,92,0.2876951992511749,930
Kitchenham,6,DE-ABE,93,0.2876951992511749,940
Kitchenham,6,DE-ABE,94,0.2876951992511749,950
Kitchenham,6,DE-ABE,95,0.2876951992511749,960
Kitchenham,6,DE-ABE,96,0.2876951992511749,970
Kitchenham,6,DE-ABE,97,0.2876951992511749,980
Kitchenham,6,DE-ABE,98,0.2876951992511749,990
Kitchenham,6,DE-ABE,99,0.2876951992511749,1000
Kitchenham,6,GWO-ABE,0,0.3872934579849243,10
Kitchenham,6,GWO-ABE,1,0.3002391755580902,20
Kitchenham,6,GWO-ABE,2,0.28721746802330017,30
Kitchenham,6,GWO-ABE,3,0.2839144468307495,40
Kitchenham,6,GWO-ABE,4,0.2813105881214142,50
Kitchenham,6,GWO-ABE,5,0.28116869926452637,60
Kitchenham,6,GWO-ABE,6,0.28674325346946716,70
Kitchenham,6,GWO-ABE,7,0.276319682598114,80
Kitchenham,6,GWO-ABE,8,0.2787748873233795,90
Kitchenham,6,GWO-ABE,9,0.2731733024120331,100
Kitchenham,6,GWO-ABE,10,0.27868786454200745,110
Kitchenham,6,GWO-ABE,11,0.27649450302124023,120
Kitchenham,6,GWO-ABE,12,0.28002414107322693,130
Kitchenham,6,GWO-ABE,13,0.2751064598560333,140
Kitchenham,6,GWO-ABE,14,0.2769954800605774,150
Kitchenham,6,GWO-ABE,15,0.2788833975791931,160
Kitchenham,6,GWO-ABE,16,0.27356767654418945,170
Kitchenham,6,GWO-ABE,17,0.27485793828964233,180
Kitchenham,6,GWO-ABE,18,0.28011009097099304,190
Kitchenham,6,GWO-ABE,19,0.27759867906570435,200
Kitchenham,6,GWO-ABE,20,0.2793950140476227,210
Kitchenham,6,GWO-ABE,21,0.2778359353542328,220
Kitchenham,6,GWO-ABE,22,0.2766077220439911,230
Kitchenham,6,GWO-ABE,23,0.2780315577983856,240
Kitchenham,6,GWO-ABE,24,0.27650704979896545,250
Kitchenham,6,GWO-ABE,25,0.27839916944503784,260
Kitchenham,6,GWO-ABE,26,0.2787189185619354,270
Kitchenham,6,GWO-ABE,27,0.27942216396331787,280
Kitchenham,6,GWO-ABE,28,0.27776721119880676,290
Kitchenham,6,GWO-ABE,29,0.2778473496437073,300
Kitchenham,6,GWO-ABE,30,0.278398334980011,310
Kitchenham,6,GWO-ABE,31,0.2815188765525818,320
Kitchenham,6,GWO-ABE,32,0.27969977259635925,330
Kitchenham,6,GWO-ABE,33,0.27511775493621826,340
Kitchenham,6,GWO-ABE,34,0.2804943323135376,350
Kitchenham,6,GWO-ABE,35,0.2792171835899353,360
Kitchenham,6,GWO-ABE,36,0.27830925583839417,370
Kitchenham,6,GWO-ABE,37,0.27445095777511597,380
Kitchenham,6,GWO-ABE,38,0.27826640009880066,390
Kitchenham,6,GWO-ABE,39,0.2728073000907898,400
Kitchenham,6,GWO-ABE,40,0.27814409136772156,410
Kitchenham,6,GWO-ABE,41,0.2756759524345398,420
Kitchenham,6,GWO-ABE,42,0.2757880389690399,430
Kitchenham,6,GWO-ABE,43,0.2764609754085541,440
Kitchenham,6,GWO-ABE,44,0.27411240339279175,450
Kitchenham,6,GWO-ABE,45,0.27485352754592896,460
Kitchenham,6,GWO-ABE,46,0.2749985456466675,470
Kitchenham,6,GWO-ABE,47,0.2751190960407257,480
Kitchenham,6,GWO-ABE,48,0.27654919028282166,490
Kitchenham,6,GWO-ABE,49,0.2766852080821991,500
Kitchenham,6,GWO-ABE,50,0.27608391642570496,510
Kitchenham,6,GWO-ABE,51,0.27681952714920044,520
Kitchenham,6,GWO-ABE,52,0.28045791387557983,530
Kitchenham,6,GWO-ABE,53,0.2755722403526306,540
Kitchenham,6,GWO-ABE,54,0.2745276391506195,550
Kitchenham,6,GWO-ABE,55,0.2757576107978821,560
Kitchenham,6,GWO-ABE,56,0.2738591432571411,570
Kitchenham,6,GWO-ABE,57,0.2727029621601105,580
Kitchenham,6,GWO-ABE,58,0.2724717855453491,590
Kitchenham,6,GWO-ABE,59,0.2724452614784241,600
Kitchenham,6,GWO-ABE,60,0.2731868326663971,610
Kitchenham,6,GWO-ABE,61,0.27341702580451965,620
Kitchenham,6,GWO-ABE,62,0.275133341550827,630
Kitchenham,6,GWO-ABE,63,0.27651530504226685,640
Kitchenham,6,GWO-ABE,64,0.2744981646537781,650
Kitchenham,6,GWO-ABE,65,0.27420565485954285,660
Kitchenham,6,GWO-ABE,66,0.2722759544849396,670
Kitchenham,6,GWO-ABE,67,0.27243274450302124,680
Kitchenham,6,GWO-ABE,68,0.271921843290329,690
Kitchenham,6,GWO-ABE,69,0.27282577753067017,700
Kitchenham,6,GWO-ABE,70,0.2720014154911041,710
Kitchenham,6,GWO-ABE,71,0.2724646329879761,720
Kitchenham,6,GWO-ABE,72,0.2750387191772461,730
Kitchenham,6,GWO-ABE,73,0.273165762424469,740
Kitchenham,6,GWO-ABE,74,0.2730337083339691,750
Kitchenham,6,GWO-ABE,75,0.27344223856925964,760
Kitchenham,6,GWO-ABE,76,0.27261480689048767,770
Kitchenham,6,GWO-ABE,77,0.2740689814090729,780
Kitchenham,6,GWO-ABE,78,0.2726025879383087,790
Kitchenham,6,GWO-ABE,79,0.2729066014289856,800
Kitchenham,6,GWO-ABE,80,0.2721326947212219,810
Kitchenham,6,GWO-ABE,81,0.27252739667892456,820
Kitchenham,6,GWO-ABE,82,0.2720237672328949,830
Kitchenham,6,GWO-ABE,83,0.2724483907222748,840
Kitchenham,6,GWO-ABE,84,0.2721434533596039,850
Kitchenham,6,GWO-ABE,85,0.27267560362815857,860
Kitchenham,6,GWO-ABE,86,0.27264630794525146,870
Kitchenham,6,GWO-ABE,87,0.2727806270122528,880
Kitchenham,6,GWO-ABE,88,0.2727473974227905,890
Kitchenham,6,GWO-ABE,89,0.27230146527290344,900
Kitchenham,6,GWO-ABE,90,0.2718970477581024,910
Kitchenham,6,GWO-ABE,91,0.2727667987346649,920
Kitchenham,6,GWO-ABE,92,0.27269691228866577,930
Kitchenham,6,GWO-ABE,93,0.2726668417453766,940
Kitchenham,6,GWO-ABE,94,0.27230292558670044,950
Kitchenham,6,GWO-ABE,95,0.27198782563209534,960
Kitchenham,6,GWO-ABE,96,0.27186498045921326,970
Kitchenham,6,GWO-ABE,97,0.2718588709831238,980
Kitchenham,6,GWO-ABE,98,0.27184155583381653,990
Kitchenham,6,GWO-ABE,99,0.271855890750885,1000
Kitchenham,6,WOA-ABE,0,0.4285123944282532,10
Kitchenham,6,WOA-ABE,1,0.374778151512146,20
Kitchenham,6,WOA-ABE,2,0.3578098714351654,30
Kitchenham,6,WOA-ABE,3,0.3137289583683014,40
Kitchenham,6,WOA-ABE,4,0.297505259513855,50
Kitchenham,6,WOA-ABE,5,0.29163655638694763,60
Kitchenham,6,WOA-ABE,6,0.29163655638694763,70
Kitchenham,6,WOA-ABE,7,0.28974831104278564,80
Kitchenham,6,WOA-ABE,8,0.2895163893699646,90
Kitchenham,6,WOA-ABE,9,0.28193989396095276,100
Kitchenham,6,WOA-ABE,10,0.2792440950870514,110
Kitchenham,6,WOA-ABE,11,0.2792440950870514,120
Kitchenham,6,WOA-ABE,12,0.2791210412979126,130
Kitchenham,6,WOA-ABE,13,0.2791210412979126,140
Kitchenham,6,WOA-ABE,14,0.2791210412979126,150
Kitchenham,6,WOA-ABE,15,0.2777707576751709,160
Kitchenham,6,WOA-ABE,16,0.2768353223800659,170
Kitchenham,6,WOA-ABE,17,0.2768353223800659,180
Kitchenham,6,WOA-ABE,18,0.2768353223800659,190
Kitchenham,6,WOA-ABE,19,0.2768353223800659,200
Kitchenham,6,WOA-ABE,20,0.27566444873809814,210
Kitchenham,6,WOA-ABE,21,0.27566444873809814,220
Kitchenham,6,WOA-ABE,22,0.27566444873809814,230
Kitchenham,6,WOA-ABE,23,0.27518463134765625,240
Kitchenham,6,WOA-ABE,24,0.2745778560638428,250
Kitchenham,6,WOA-ABE,25,0.2745778560638428,260
Kitchenham,6,WOA-ABE,26,0.2745778560638428,270
Kitchenham,6,WOA-ABE,27,0.274577260017395,280
Kitchenham,6,WOA-ABE,28,0.274577260017395,290
Kitchenham,6,WOA-ABE,29,0.27457672357559204,300
Kitchenham,6,WOA-ABE,30,0.27457672357559204,310
Kitchenham,6,WOA-ABE,31,0.2745765149593353,320
Kitchenham,6,WOA-ABE,32,0.2745765149593353,330
Kitchenham,6,WOA-ABE,33,0.2745765149593353,340
Kitchenham,6,WOA-ABE,34,0.2745765149593353,350
Kitchenham,6,WOA-ABE,35,0.2745765149593353,360
Kitchenham,6,WOA-ABE,36,0.2745765149593353,370
Kitchenham,6,WOA-ABE,37,0.2745765149593353,380
Kitchenham,6,WOA-ABE,38,0.2745765149593353,390
Kitchenham,6,WOA-ABE,39,0.2745765149593353,400
Kitchenham,6,WOA-ABE,40,0.2745765149593353,410
Kitchenham,6,WOA-ABE,41,0.2745765149593353,420
Kitchenham,6,WOA-ABE,42,0.2745765149593353,430
Kitchenham,6,WOA-ABE,43,0.2745765149593353,440
Kitchenham,6,WOA-ABE,44,0.2745765149593353,450
Kitchenham,6,WOA-ABE,45,0.2739330232143402,460
Kitchenham,6,WOA-ABE,46,0.2739330232143402,470
Kitchenham,6,WOA-ABE,47,0.2739330232143402,480
Kitchenham,6,WOA-ABE,48,0.27392545342445374,490
Kitchenham,6,WOA-ABE,49,0.273924857378006,500
Kitchenham,6,WOA-ABE,50,0.2739242613315582,510
Kitchenham,6,WOA-ABE,51,0.2739242613315582,520
Kitchenham,6,WOA-ABE,52,0.2739242613315582,530
Kitchenham,6,WOA-ABE,53,0.2739242613315582,540
Kitchenham,6,WOA-ABE,54,0.2734071910381317,550
Kitchenham,6,WOA-ABE,55,0.2734071910381317,560
Kitchenham,6,WOA-ABE,56,0.2734071910381317,570
Kitchenham,6,WOA-ABE,57,0.2734071910381317,580
Kitchenham,6,WOA-ABE,58,0.2734071910381317,590
Kitchenham,6,WOA-ABE,59,0.27340471744537354,600
Kitchenham,6,WOA-ABE,60,0.27340471744537354,610
Kitchenham,6,WOA-ABE,61,0.27340471744537354,620
Kitchenham,6,WOA-ABE,62,0.27340471744537354,630
Kitchenham,6,WOA-ABE,63,0.2732330858707428,640
Kitchenham,6,WOA-ABE,64,0.2732330858707428,650
Kitchenham,6,WOA-ABE,65,0.2732330858707428,660
Kitchenham,6,WOA-ABE,66,0.2732330858707428,670
Kitchenham,6,WOA-ABE,67,0.2732330858707428,680
Kitchenham,6,WOA-ABE,68,0.2732330858707428,690
Kitchenham,6,WOA-ABE,69,0.2732327878475189,700
Kitchenham,6,WOA-ABE,70,0.2732327878475189,710
Kitchenham,6,WOA-ABE,71,0.2732327878475189,720
Kitchenham,6,WOA-ABE,72,0.2732327878475189,730
Kitchenham,6,WOA-ABE,73,0.2732327878475189,740
Kitchenham,6,WOA-ABE,74,0.2732327878475189,750
Kitchenham,6,WOA-ABE,75,0.2732327878475189,760
Kitchenham,6,WOA-ABE,76,0.2732327878475189,770
Kitchenham,6,WOA-ABE,77,0.27292266488075256,780
Kitchenham,6,WOA-ABE,78,0.27292266488075256,790
Kitchenham,6,WOA-ABE,79,0.27292266488075256,800
Kitchenham,6,WOA-ABE,80,0.27292266488075256,810
Kitchenham,6,WOA-ABE,81,0.27292266488075256,820
Kitchenham,6,WOA-ABE,82,0.27292224764823914,830
Kitchenham,6,WOA-ABE,83,0.27292224764823914,840
Kitchenham,6,WOA-ABE,84,0.27292224764823914,850
Kitchenham,6,WOA-ABE,85,0.27292224764823914,860
Kitchenham,6,WOA-ABE,86,0.27292224764823914,870
Kitchenham,6,WOA-ABE,87,0.27292224764823914,880
Kitchenham,6,WOA-ABE,88,0.27292224764823914,890
Kitchenham,6,WOA-ABE,89,0.27292224764823914,900
Kitchenham,6,WOA-ABE,90,0.272921621799469,910
Kitchenham,6,WOA-ABE,91,0.272921621799469,920
Kitchenham,6,WOA-ABE,92,0.272921621799469,930
Kitchenham,6,WOA-ABE,93,0.2729215621948242,940
Kitchenham,6,WOA-ABE,94,0.2729215621948242,950
Kitchenham,6,WOA-ABE,95,0.27292153239250183,960
Kitchenham,6,WOA-ABE,96,0.27292153239250183,970
Kitchenham,6,WOA-ABE,97,0.27292153239250183,980
Kitchenham,6,WOA-ABE,98,0.27292153239250183,990
Kitchenham,6,WOA-ABE,99,0.27292153239250183,1000
Kitchenham,6,FAABE,0,0.37594592571258545,10
Kitchenham,6,FAABE,1,0.37594592571258545,20
Kitchenham,6,FAABE,2,0.3713255524635315,30
Kitchenham,6,FAABE,3,0.3543153703212738,40
Kitchenham,6,FAABE,4,0.34792977571487427,50
Kitchenham,6,FAABE,5,0.3307141959667206,60
Kitchenham,6,FAABE,6,0.3183412253856659,70
Kitchenham,6,FAABE,7,0.2978533208370209,80
Kitchenham,6,FAABE,8,0.2978533208370209,90
Kitchenham,6,FAABE,9,0.2978533208370209,100
Kitchenham,6,FAABE,10,0.2913362979888916,110
Kitchenham,6,FAABE,11,0.2913362979888916,120
Kitchenham,6,FAABE,12,0.2903587222099304,130
Kitchenham,6,FAABE,13,0.2903587222099304,140
Kitchenham,6,FAABE,14,0.2903587222099304,150
Kitchenham,6,FAABE,15,0.2903587222099304,160
Kitchenham,6,FAABE,16,0.2903587222099304,170
Kitchenham,6,FAABE,17,0.2844068109989166,180
Kitchenham,6,FAABE,18,0.2844068109989166,190
Kitchenham,6,FAABE,19,0.2844068109989166,200
Kitchenham,6,FAABE,20,0.2844068109989166,210
Kitchenham,6,FAABE,21,0.2844068109989166,220
Kitchenham,6,FAABE,22,0.2844068109989166,230
Kitchenham,6,FAABE,23,0.2844068109989166,240
Kitchenham,6,FAABE,24,0.2844068109989166,250
Kitchenham,6,FAABE,25,0.2844068109989166,260
Kitchenham,6,FAABE,26,0.2844068109989166,270
Kitchenham,6,FAABE,27,0.2844068109989166,280
Kitchenham,6,FAABE,28,0.2844068109989166,290
Kitchenham,6,FAABE,29,0.2844068109989166,300
Kitchenham,6,FAABE,30,0.2844068109989166,310
Kitchenham,6,FAABE,31,0.2844068109989166,320
Kitchenham,6,FAABE,32,0.2844068109989166,330
Kitchenham,6,FAABE,33,0.2844068109989166,340
Kitchenham,6,FAABE,34,0.2844068109989166,350
Kitchenham,6,FAABE,35,0.2844068109989166,360
Kitchenham,6,FAABE,36,0.2844068109989166,370
Kitchenham,6,FAABE,37,0.2844068109989166,380
Kitchenham,6,FAABE,38,0.2844068109989166,390
Kitchenham,6,FAABE,39,0.2844068109989166,400
Kitchenham,6,FAABE,40,0.2844068109989166,410
Kitchenham,6,FAABE,41,0.2844068109989166,420
Kitchenham,6,FAABE,42,0.2844068109989166,430
Kitchenham,6,FAABE,43,0.2844068109989166,440
Kitchenham,6,FAABE,44,0.2844068109989166,450
Kitchenham,6,FAABE,45,0.2844068109989166,460
Kitchenham,6,FAABE,46,0.2844068109989166,470
Kitchenham,6,FAABE,47,0.2844068109989166,480
Kitchenham,6,FAABE,48,0.2844068109989166,490
Kitchenham,6,FAABE,49,0.2844068109989166,500
Kitchenham,6,FAABE,50,0.2844068109989166,510
Kitchenham,6,FAABE,51,0.2844068109989166,520
Kitchenham,6,FAABE,52,0.2844068109989166,530
Kitchenham,6,FAABE,53,0.2844068109989166,540
Kitchenham,6,FAABE,54,0.2844068109989166,550
Kitchenham,6,FAABE,55,0.2844068109989166,560
Kitchenham,6,FAABE,56,0.2844068109989166,570
Kitchenham,6,FAABE,57,0.2844068109989166,580
Kitchenham,6,FAABE,58,0.2844068109989166,590
Kitchenham,6,FAABE,59,0.2809167504310608,600
Kitchenham,6,FAABE,60,0.2809167504310608,610
Kitchenham,6,FAABE,61,0.2809167504310608,620
Kitchenham,6,FAABE,62,0.2809167504310608,630
Kitchenham,6,FAABE,63,0.2809167504310608,640
Kitchenham,6,FAABE,64,0.2809167504310608,650
Kitchenham,6,FAABE,65,0.2809167504310608,660
Kitchenham,6,FAABE,66,0.2809167504310608,670
Kitchenham,6,FAABE,67,0.2809167504310608,680
Kitchenham,6,FAABE,68,0.2809167504310608,690
Kitchenham,6,FAABE,69,0.2809167504310608,700
Kitchenham,6,FAABE,70,0.2809167504310608,710
Kitchenham,6,FAABE,71,0.2809167504310608,720
Kitchenham,6,FAABE,72,0.2809167504310608,730
Kitchenham,6,FAABE,73,0.2809167504310608,740
Kitchenham,6,FAABE,74,0.2809167504310608,750
Kitchenham,6,FAABE,75,0.2809167504310608,760
Kitchenham,6,FAABE,76,0.2809167504310608,770
Kitchenham,6,FAABE,77,0.2809167504310608,780
Kitchenham,6,FAABE,78,0.27573826909065247,790
Kitchenham,6,FAABE,79,0.27573826909065247,800
Kitchenham,6,FAABE,80,0.27573826909065247,810
Kitchenham,6,FAABE,81,0.27573826909065247,820
Kitchenham,6,FAABE,82,0.27573826909065247,830
Kitchenham,6,FAABE,83,0.27573826909065247,840
Kitchenham,6,FAABE,84,0.27573826909065247,850
Kitchenham,6,FAABE,85,0.27573826909065247,860
Kitchenham,6,FAABE,86,0.27573826909065247,870
Kitchenham,6,FAABE,87,0.27573826909065247,880
Kitchenham,6,FAABE,88,0.27573826909065247,890
Kitchenham,6,FAABE,89,0.27573826909065247,900
Kitchenham,6,FAABE,90,0.27573826909065247,910
Kitchenham,6,FAABE,91,0.27573826909065247,920
Kitchenham,6,FAABE,92,0.27573826909065247,930
Kitchenham,6,FAABE,93,0.27573826909065247,940
Kitchenham,6,FAABE,94,0.27573826909065247,950
Kitchenham,6,FAABE,95,0.27573826909065247,960
Kitchenham,6,FAABE,96,0.27573826909065247,970
Kitchenham,6,FAABE,97,0.27573826909065247,980
Kitchenham,6,FAABE,98,0.27573826909065247,990
Kitchenham,6,FAABE,99,0.27573826909065247,1000
Kitchenham,7,GA-ABE,0,0.39607593417167664,10
Kitchenham,7,GA-ABE,1,0.37163570523262024,20
Kitchenham,7,GA-ABE,2,0.3619256615638733,30
Kitchenham,7,GA-ABE,3,0.32501527667045593,40
Kitchenham,7,GA-ABE,4,0.3204882740974426,50
Kitchenham,7,GA-ABE,5,0.2925472557544708,60
Kitchenham,7,GA-ABE,6,0.2866474688053131,70
Kitchenham,7,GA-ABE,7,0.27812573313713074,80
Kitchenham,7,GA-ABE,8,0.27812573313713074,90
Kitchenham,7,GA-ABE,9,0.27812573313713074,100
Kitchenham,7,GA-ABE,10,0.27812573313713074,110
Kitchenham,7,GA-ABE,11,0.27477526664733887,120
Kitchenham,7,GA-ABE,12,0.27477526664733887,130
Kitchenham,7,GA-ABE,13,0.27477526664733887,140
Kitchenham,7,GA-ABE,14,0.27477526664733887,150
Kitchenham,7,GA-ABE,15,0.27320659160614014,160
Kitchenham,7,GA-ABE,16,0.270827978849411,170
Kitchenham,7,GA-ABE,17,0.27042871713638306,180
Kitchenham,7,GA-ABE,18,0.26983532309532166,190
Kitchenham,7,GA-ABE,19,0.26818493008613586,200
Kitchenham,7,GA-ABE,20,0.2680485248565674,210
Kitchenham,7,GA-ABE,21,0.2663992941379547,220
Kitchenham,7,GA-ABE,22,0.2656404376029968,230
Kitchenham,7,GA-ABE,23,0.2656404376029968,240
Kitchenham,7,GA-ABE,24,0.26557329297065735,250
Kitchenham,7,GA-ABE,25,0.26557329297065735,260
Kitchenham,7,GA-ABE,26,0.26557329297065735,270
Kitchenham,7,GA-ABE,27,0.2652764916419983,280
Kitchenham,7,GA-ABE,28,0.2652764916419983,290
Kitchenham,7,GA-ABE,29,0.2652764916419983,300
Kitchenham,7,GA-ABE,30,0.2652764916419983,310
Kitchenham,7,GA-ABE,31,0.2619180977344513,320
Kitchenham,7,GA-ABE,32,0.25974026322364807,330
Kitchenham,7,GA-ABE,33,0.2588278651237488,340
Kitchenham,7,GA-ABE,34,0.2587130069732666,350
Kitchenham,7,GA-ABE,35,0.2587130069732666,360
Kitchenham,7,GA-ABE,36,0.2587130069732666,370
Kitchenham,7,GA-ABE,37,0.2587130069732666,380
Kitchenham,7,GA-ABE,38,0.2587130069732666,390
Kitchenham,7,GA-ABE,39,0.2587130069732666,400
Kitchenham,7,GA-ABE,40,0.2587130069732666,410
Kitchenham,7,GA-ABE,41,0.2587130069732666,420
Kitchenham,7,GA-ABE,42,0.2587130069732666,430
Kitchenham,7,GA-ABE,43,0.2587130069732666,440
Kitchenham,7,GA-ABE,44,0.2587130069732666,450
Kitchenham,7,GA-ABE,45,0.2587130069732666,460
Kitchenham,7,GA-ABE,46,0.2587130069732666,470
Kitchenham,7,GA-ABE,47,0.2587130069732666,480
Kitchenham,7,GA-ABE,48,0.2587130069732666,490
Kitchenham,7,GA-ABE,49,0.2587130069732666,500
Kitchenham,7,GA-ABE,50,0.2587130069732666,510
Kitchenham,7,GA-ABE,51,0.2587130069732666,520
Kitchenham,7,GA-ABE,52,0.2587130069732666,530
Kitchenham,7,GA-ABE,53,0.2587130069732666,540
Kitchenham,7,GA-ABE,54,0.2587130069732666,550
Kitchenham,7,GA-ABE,55,0.2587130069732666,560
Kitchenham,7,GA-ABE,56,0.2587130069732666,570
Kitchenham,7,GA-ABE,57,0.2587130069732666,580
Kitchenham,7,GA-ABE,58,0.2587130069732666,590
Kitchenham,7,GA-ABE,59,0.25870540738105774,600
Kitchenham,7,GA-ABE,60,0.25870540738105774,610
Kitchenham,7,GA-ABE,61,0.25870540738105774,620
Kitchenham,7,GA-ABE,62,0.25870540738105774,630
Kitchenham,7,GA-ABE,63,0.25870466232299805,640
Kitchenham,7,GA-ABE,64,0.2587045729160309,650
Kitchenham,7,GA-ABE,65,0.2587044835090637,660
Kitchenham,7,GA-ABE,66,0.2587044835090637,670
Kitchenham,7,GA-ABE,67,0.2587044835090637,680
Kitchenham,7,GA-ABE,68,0.2587044835090637,690
Kitchenham,7,GA-ABE,69,0.2587044835090637,700
Kitchenham,7,GA-ABE,70,0.2587044835090637,710
Kitchenham,7,GA-ABE,71,0.2587044835090637,720
Kitchenham,7,GA-ABE,72,0.2587044835090637,730
Kitchenham,7,GA-ABE,73,0.2587044835090637,740
Kitchenham,7,GA-ABE,74,0.2587044835090637,750
Kitchenham,7,GA-ABE,75,0.2587044835090637,760
Kitchenham,7,GA-ABE,76,0.2587044835090637,770
Kitchenham,7,GA-ABE,77,0.2587044835090637,780
Kitchenham,7,GA-ABE,78,0.2587044835090637,790
Kitchenham,7,GA-ABE,79,0.2587044835090637,800
Kitchenham,7,GA-ABE,80,0.2587044835090637,810
Kitchenham,7,GA-ABE,81,0.2587044835090637,820
Kitchenham,7,GA-ABE,82,0.2587044835090637,830
Kitchenham,7,GA-ABE,83,0.2587044835090637,840
Kitchenham,7,GA-ABE,84,0.2587044835090637,850
Kitchenham,7,GA-ABE,85,0.2587044835090637,860
Kitchenham,7,GA-ABE,86,0.2587044835090637,870
Kitchenham,7,GA-ABE,87,0.2587044835090637,880
Kitchenham,7,GA-ABE,88,0.2587044835090637,890
Kitchenham,7,GA-ABE,89,0.2587044835090637,900
Kitchenham,7,GA-ABE,90,0.2587044835090637,910
Kitchenham,7,GA-ABE,91,0.2587044835090637,920
Kitchenham,7,GA-ABE,92,0.2587044835090637,930
Kitchenham,7,GA-ABE,93,0.2587044835090637,940
Kitchenham,7,GA-ABE,94,0.2587044835090637,950
Kitchenham,7,GA-ABE,95,0.2587044835090637,960
Kitchenham,7,GA-ABE,96,0.2587044835090637,970
Kitchenham,7,GA-ABE,97,0.2587044835090637,980
Kitchenham,7,GA-ABE,98,0.2587044835090637,990
Kitchenham,7,GA-ABE,99,0.2587044835090637,1000
Kitchenham,7,PSO-ABE,0,0.36119401454925537,10
Kitchenham,7,PSO-ABE,1,0.28270554542541504,20
Kitchenham,7,PSO-ABE,2,0.28270554542541504,30
Kitchenham,7,PSO-ABE,3,0.277036190032959,40
Kitchenham,7,PSO-ABE,4,0.2749571204185486,50
Kitchenham,7,PSO-ABE,5,0.2749571204185486,60
Kitchenham,7,PSO-ABE,6,0.2725604772567749,70
Kitchenham,7,PSO-ABE,7,0.2725604772567749,80
Kitchenham,7,PSO-ABE,8,0.2725604772567749,90
Kitchenham,7,PSO-ABE,9,0.2725604772567749,100
Kitchenham,7,PSO-ABE,10,0.2724248170852661,110
Kitchenham,7,PSO-ABE,11,0.2724248170852661,120
Kitchenham,7,PSO-ABE,12,0.2724248170852661,130
Kitchenham,7,PSO-ABE,13,0.2724248170852661,140
Kitchenham,7,PSO-ABE,14,0.2724248170852661,150
Kitchenham,7,PSO-ABE,15,0.2724248170852661,160
Kitchenham,7,PSO-ABE,16,0.2724248170852661,170
Kitchenham,7,PSO-ABE,17,0.2724248170852661,180
Kitchenham,7,PSO-ABE,18,0.2724248170852661,190
Kitchenham,7,PSO-ABE,19,0.2724228501319885,200
Kitchenham,7,PSO-ABE,20,0.27242082357406616,210
Kitchenham,7,PSO-ABE,21,0.27242082357406616,220
Kitchenham,7,PSO-ABE,22,0.27242082357406616,230
Kitchenham,7,PSO-ABE,23,0.27242082357406616,240
Kitchenham,7,PSO-ABE,24,0.27242082357406616,250
Kitchenham,7,PSO-ABE,25,0.27242082357406616,260
Kitchenham,7,PSO-ABE,26,0.2717050313949585,270
Kitchenham,7,PSO-ABE,27,0.2717050313949585,280
Kitchenham,7,PSO-ABE,28,0.2717050313949585,290
Kitchenham,7,PSO-ABE,29,0.2717050313949585,300
Kitchenham,7,PSO-ABE,30,0.2717050015926361,310
Kitchenham,7,PSO-ABE,31,0.2717050015926361,320
Kitchenham,7,PSO-ABE,32,0.27170467376708984,330
Kitchenham,7,PSO-ABE,33,0.27170467376708984,340
Kitchenham,7,PSO-ABE,34,0.27170467376708984,350
Kitchenham,7,PSO-ABE,35,0.27170467376708984,360
Kitchenham,7,PSO-ABE,36,0.27170467376708984,370
Kitchenham,7,PSO-ABE,37,0.27170467376708984,380
Kitchenham,7,PSO-ABE,38,0.27170467376708984,390
Kitchenham,7,PSO-ABE,39,0.27170467376708984,400
Kitchenham,7,PSO-ABE,40,0.27170467376708984,410
Kitchenham,7,PSO-ABE,41,0.27170467376708984,420
Kitchenham,7,PSO-ABE,42,0.27170467376708984,430
Kitchenham,7,PSO-ABE,43,0.27170467376708984,440
Kitchenham,7,PSO-ABE,44,0.27170467376708984,450
Kitchenham,7,PSO-ABE,45,0.27170467376708984,460
Kitchenham,7,PSO-ABE,46,0.27170467376708984,470
Kitchenham,7,PSO-ABE,47,0.27170467376708984,480
Kitchenham,7,PSO-ABE,48,0.27170467376708984,490
Kitchenham,7,PSO-ABE,49,0.27170467376708984,500
Kitchenham,7,PSO-ABE,50,0.27170467376708984,510
Kitchenham,7,PSO-ABE,51,0.27170467376708984,520
Kitchenham,7,PSO-ABE,52,0.27170467376708984,530
Kitchenham,7,PSO-ABE,53,0.27170467376708984,540
Kitchenham,7,PSO-ABE,54,0.27170467376708984,550
Kitchenham,7,PSO-ABE,55,0.27170467376708984,560
Kitchenham,7,PSO-ABE,56,0.27170467376708984,570
Kitchenham,7,PSO-ABE,57,0.27170467376708984,580
Kitchenham,7,PSO-ABE,58,0.27170467376708984,590
Kitchenham,7,PSO-ABE,59,0.27170467376708984,600
Kitchenham,7,PSO-ABE,60,0.27170467376708984,610
Kitchenham,7,PSO-ABE,61,0.27170467376708984,620
Kitchenham,7,PSO-ABE,62,0.27170467376708984,630
Kitchenham,7,PSO-ABE,63,0.27170467376708984,640
Kitchenham,7,PSO-ABE,64,0.27170467376708984,650
Kitchenham,7,PSO-ABE,65,0.27170467376708984,660
Kitchenham,7,PSO-ABE,66,0.27170467376708984,670
Kitchenham,7,PSO-ABE,67,0.27170467376708984,680
Kitchenham,7,PSO-ABE,68,0.27170467376708984,690
Kitchenham,7,PSO-ABE,69,0.27170467376708984,700
Kitchenham,7,PSO-ABE,70,0.27170467376708984,710
Kitchenham,7,PSO-ABE,71,0.27170467376708984,720
Kitchenham,7,PSO-ABE,72,0.27170467376708984,730
Kitchenham,7,PSO-ABE,73,0.27170467376708984,740
Kitchenham,7,PSO-ABE,74,0.27170467376708984,750
Kitchenham,7,PSO-ABE,75,0.27170467376708984,760
Kitchenham,7,PSO-ABE,76,0.27170467376708984,770
Kitchenham,7,PSO-ABE,77,0.27170464396476746,780
Kitchenham,7,PSO-ABE,78,0.27170464396476746,790
Kitchenham,7,PSO-ABE,79,0.27170464396476746,800
Kitchenham,7,PSO-ABE,80,0.27170464396476746,810
Kitchenham,7,PSO-ABE,81,0.27170464396476746,820
Kitchenham,7,PSO-ABE,82,0.27170464396476746,830
Kitchenham,7,PSO-ABE,83,0.27170464396476746,840
Kitchenham,7,PSO-ABE,84,0.27170464396476746,850
Kitchenham,7,PSO-ABE,85,0.27170464396476746,860
Kitchenham,7,PSO-ABE,86,0.27170464396476746,870
Kitchenham,7,PSO-ABE,87,0.27170464396476746,880
Kitchenham,7,PSO-ABE,88,0.27170464396476746,890
Kitchenham,7,PSO-ABE,89,0.27170464396476746,900
Kitchenham,7,PSO-ABE,90,0.27170464396476746,910
Kitchenham,7,PSO-ABE,91,0.27170464396476746,920
Kitchenham,7,PSO-ABE,92,0.27170464396476746,930
Kitchenham,7,PSO-ABE,93,0.27170464396476746,940
Kitchenham,7,PSO-ABE,94,0.27170464396476746,950
Kitchenham,7,PSO-ABE,95,0.27170464396476746,960
Kitchenham,7,PSO-ABE,96,0.27170464396476746,970
Kitchenham,7,PSO-ABE,97,0.27170464396476746,980
Kitchenham,7,PSO-ABE,98,0.27170464396476746,990
Kitchenham,7,PSO-ABE,99,0.27170464396476746,1000
Kitchenham,7,DE-ABE,0,0.33276936411857605,10
Kitchenham,7,DE-ABE,1,0.3056116998195648,20
Kitchenham,7,DE-ABE,2,0.27484330534935,30
Kitchenham,7,DE-ABE,3,0.27484330534935,40
Kitchenham,7,DE-ABE,4,0.27484330534935,50
Kitchenham,7,DE-ABE,5,0.26865169405937195,60
Kitchenham,7,DE-ABE,6,0.26865169405937195,70
Kitchenham,7,DE-ABE,7,0.2680496275424957,80
Kitchenham,7,DE-ABE,8,0.2680496275424957,90
Kitchenham,7,DE-ABE,9,0.2638726532459259,100
Kitchenham,7,DE-ABE,10,0.2638726532459259,110
Kitchenham,7,DE-ABE,11,0.2638726532459259,120
Kitchenham,7,DE-ABE,12,0.2626292407512665,130
Kitchenham,7,DE-ABE,13,0.261226624250412,140
Kitchenham,7,DE-ABE,14,0.25810250639915466,150
Kitchenham,7,DE-ABE,15,0.25810250639915466,160
Kitchenham,7,DE-ABE,16,0.25810250639915466,170
Kitchenham,7,DE-ABE,17,0.25810250639915466,180
Kitchenham,7,DE-ABE,18,0.25810250639915466,190
Kitchenham,7,DE-ABE,19,0.25810250639915466,200
Kitchenham,7,DE-ABE,20,0.25810250639915466,210
Kitchenham,7,DE-ABE,21,0.25810250639915466,220
Kitchenham,7,DE-ABE,22,0.25810250639915466,230
Kitchenham,7,DE-ABE,23,0.25810250639915466,240
Kitchenham,7,DE-ABE,24,0.25810250639915466,250
Kitchenham,7,DE-ABE,25,0.25810250639915466,260
Kitchenham,7,DE-ABE,26,0.25810250639915466,270
Kitchenham,7,DE-ABE,27,0.25810250639915466,280
Kitchenham,7,DE-ABE,28,0.25810250639915466,290
Kitchenham,7,DE-ABE,29,0.25810250639915466,300
Kitchenham,7,DE-ABE,30,0.25810250639915466,310
Kitchenham,7,DE-ABE,31,0.2572889029979706,320
Kitchenham,7,DE-ABE,32,0.2572889029979706,330
Kitchenham,7,DE-ABE,33,0.2572889029979706,340
Kitchenham,7,DE-ABE,34,0.2572889029979706,350
Kitchenham,7,DE-ABE,35,0.2572889029979706,360
Kitchenham,7,DE-ABE,36,0.2572889029979706,370
Kitchenham,7,DE-ABE,37,0.2572889029979706,380
Kitchenham,7,DE-ABE,38,0.2572889029979706,390
Kitchenham,7,DE-ABE,39,0.2572889029979706,400
Kitchenham,7,DE-ABE,40,0.2572889029979706,410
Kitchenham,7,DE-ABE,41,0.2572889029979706,420
Kitchenham,7,DE-ABE,42,0.2572889029979706,430
Kitchenham,7,DE-ABE,43,0.2572889029979706,440
Kitchenham,7,DE-ABE,44,0.2572889029979706,450
Kitchenham,7,DE-ABE,45,0.257287859916687,460
Kitchenham,7,DE-ABE,46,0.257279634475708,470
Kitchenham,7,DE-ABE,47,0.257279634475708,480
Kitchenham,7,DE-ABE,48,0.257279634475708,490
Kitchenham,7,DE-ABE,49,0.257279634475708,500
Kitchenham,7,DE-ABE,50,0.257279634475708,510
Kitchenham,7,DE-ABE,51,0.257279634475708,520
Kitchenham,7,DE-ABE,52,0.25727948546409607,530
Kitchenham,7,DE-ABE,53,0.2572791278362274,540
Kitchenham,7,DE-ABE,54,0.2572791278362274,550
Kitchenham,7,DE-ABE,55,0.2572791278362274,560
Kitchenham,7,DE-ABE,56,0.2572791278362274,570
Kitchenham,7,DE-ABE,57,0.2572791278362274,580
Kitchenham,7,DE-ABE,58,0.25727909803390503,590
Kitchenham,7,DE-ABE,59,0.25727909803390503,600
Kitchenham,7,DE-ABE,60,0.25727909803390503,610
Kitchenham,7,DE-ABE,61,0.25727909803390503,620
Kitchenham,7,DE-ABE,62,0.25727909803390503,630
Kitchenham,7,DE-ABE,63,0.25727909803390503,640
Kitchenham,7,DE-ABE,64,0.25727909803390503,650
Kitchenham,7,DE-ABE,65,0.25727909803390503,660
Kitchenham,7,DE-ABE,66,0.25727909803390503,670
Kitchenham,7,DE-ABE,67,0.25727909803390503,680
Kitchenham,7,DE-ABE,68,0.25727909803390503,690
Kitchenham,7,DE-ABE,69,0.25727909803390503,700
Kitchenham,7,DE-ABE,70,0.25727909803390503,710
Kitchenham,7,DE-ABE,71,0.25727909803390503,720
Kitchenham,7,DE-ABE,72,0.25727909803390503,730
Kitchenham,7,DE-ABE,73,0.25727909803390503,740
Kitchenham,7,DE-ABE,74,0.25727909803390503,750
Kitchenham,7,DE-ABE,75,0.25727909803390503,760
Kitchenham,7,DE-ABE,76,0.25727909803390503,770
Kitchenham,7,DE-ABE,77,0.25727909803390503,780
Kitchenham,7,DE-ABE,78,0.25727909803390503,790
Kitchenham,7,DE-ABE,79,0.25727909803390503,800
Kitchenham,7,DE-ABE,80,0.25727909803390503,810
Kitchenham,7,DE-ABE,81,0.25727909803390503,820
Kitchenham,7,DE-ABE,82,0.25727909803390503,830
Kitchenham,7,DE-ABE,83,0.25727909803390503,840
Kitchenham,7,DE-ABE,84,0.25727909803390503,850
Kitchenham,7,DE-ABE,85,0.25727909803390503,860
Kitchenham,7,DE-ABE,86,0.25727909803390503,870
Kitchenham,7,DE-ABE,87,0.25727909803390503,880
Kitchenham,7,DE-ABE,88,0.25727909803390503,890
Kitchenham,7,DE-ABE,89,0.25727909803390503,900
Kitchenham,7,DE-ABE,90,0.25727909803390503,910
Kitchenham,7,DE-ABE,91,0.25727909803390503,920
Kitchenham,7,DE-ABE,92,0.25727909803390503,930
Kitchenham,7,DE-ABE,93,0.25727909803390503,940
Kitchenham,7,DE-ABE,94,0.25727909803390503,950
Kitchenham,7,DE-ABE,95,0.25727909803390503,960
Kitchenham,7,DE-ABE,96,0.25727909803390503,970
Kitchenham,7,DE-ABE,97,0.25727909803390503,980
Kitchenham,7,DE-ABE,98,0.25727909803390503,990
Kitchenham,7,DE-ABE,99,0.25727909803390503,1000
Kitchenham,7,GWO-ABE,0,0.4138364791870117,10
Kitchenham,7,GWO-ABE,1,0.29304638504981995,20
Kitchenham,7,GWO-ABE,2,0.2975827753543854,30
Kitchenham,7,GWO-ABE,3,0.2785269618034363,40
Kitchenham,7,GWO-ABE,4,0.27302616834640503,50
Kitchenham,7,GWO-ABE,5,0.27101951837539673,60
Kitchenham,7,GWO-ABE,6,0.26203736662864685,70
Kitchenham,7,GWO-ABE,7,0.2631223201751709,80
Kitchenham,7,GWO-ABE,8,0.26190119981765747,90
Kitchenham,7,GWO-ABE,9,0.2587912678718567,100
Kitchenham,7,GWO-ABE,10,0.259457528591156,110
Kitchenham,7,GWO-ABE,11,0.2599547803401947,120
Kitchenham,7,GWO-ABE,12,0.26044678688049316,130
Kitchenham,7,GWO-ABE,13,0.262535035610199,140
Kitchenham,7,GWO-ABE,14,0.2602179944515228,150
Kitchenham,7,GWO-ABE,15,0.2618451416492462,160
Kitchenham,7,GWO-ABE,16,0.2589707672595978,170
Kitchenham,7,GWO-ABE,17,0.26162418723106384,180
Kitchenham,7,GWO-ABE,18,0.25867241621017456,190
Kitchenham,7,GWO-ABE,19,0.25979211926460266,200
Kitchenham,7,GWO-ABE,20,0.26024284958839417,210
Kitchenham,7,GWO-ABE,21,0.2614251375198364,220
Kitchenham,7,GWO-ABE,22,0.26228880882263184,230
Kitchenham,7,GWO-ABE,23,0.2585359513759613,240
Kitchenham,7,GWO-ABE,24,0.25914064049720764,250
Kitchenham,7,GWO-ABE,25,0.2612038850784302,260
Kitchenham,7,GWO-ABE,26,0.2618139386177063,270
Kitchenham,7,GWO-ABE,27,0.2627270817756653,280
Kitchenham,7,GWO-ABE,28,0.2612930238246918,290
Kitchenham,7,GWO-ABE,29,0.26081523299217224,300
Kitchenham,7,GWO-ABE,30,0.2597694993019104,310
Kitchenham,7,GWO-ABE,31,0.260076105594635,320
Kitchenham,7,GWO-ABE,32,0.2609952390193939,330
Kitchenham,7,GWO-ABE,33,0.2604558765888214,340
Kitchenham,7,GWO-ABE,34,0.2581900656223297,350
Kitchenham,7,GWO-ABE,35,0.25789403915405273,360
Kitchenham,7,GWO-ABE,36,0.2588970959186554,370
Kitchenham,7,GWO-ABE,37,0.26533111929893494,380
Kitchenham,7,GWO-ABE,38,0.26005250215530396,390
Kitchenham,7,GWO-ABE,39,0.2588016986846924,400
Kitchenham,7,GWO-ABE,40,0.2602371573448181,410
Kitchenham,7,GWO-ABE,41,0.2602449953556061,420
Kitchenham,7,GWO-ABE,42,0.2598080337047577,430
Kitchenham,7,GWO-ABE,43,0.26009559631347656,440
Kitchenham,7,GWO-ABE,44,0.2594603896141052,450
Kitchenham,7,GWO-ABE,45,0.2593249976634979,460
Kitchenham,7,GWO-ABE,46,0.25982770323753357,470
Kitchenham,7,GWO-ABE,47,0.2592797577381134,480
Kitchenham,7,GWO-ABE,48,0.26181861758232117,490
Kitchenham,7,GWO-ABE,49,0.2610366940498352,500
Kitchenham,7,GWO-ABE,50,0.2594677209854126,510
Kitchenham,7,GWO-ABE,51,0.25869396328926086,520
Kitchenham,7,GWO-ABE,52,0.25941210985183716,530
Kitchenham,7,GWO-ABE,53,0.258343368768692,540
Kitchenham,7,GWO-ABE,54,0.25921377539634705,550
Kitchenham,7,GWO-ABE,55,0.25902655720710754,560
Kitchenham,7,GWO-ABE,56,0.25912153720855713,570
Kitchenham,7,GWO-ABE,57,0.2605820596218109,580
Kitchenham,7,GWO-ABE,58,0.2614005208015442,590
Kitchenham,7,GWO-ABE,59,0.25979772210121155,600
Kitchenham,7,GWO-ABE,60,0.258975088596344,610
Kitchenham,7,GWO-ABE,61,0.2591681480407715,620
Kitchenham,7,GWO-ABE,62,0.25868919491767883,630
Kitchenham,7,GWO-ABE,63,0.2583368718624115,640
Kitchenham,7,GWO-ABE,64,0.25921759009361267,650
Kitchenham,7,GWO-ABE,65,0.2596786916255951,660
Kitchenham,7,GWO-ABE,66,0.2592472434043884,670
Kitchenham,7,GWO-ABE,67,0.2577698826789856,680
Kitchenham,7,GWO-ABE,68,0.25923505425453186,690
Kitchenham,7,GWO-ABE,69,0.25844791531562805,700
Kitchenham,7,GWO-ABE,70,0.2585810720920563,710
Kitchenham,7,GWO-ABE,71,0.2583658993244171,720
Kitchenham,7,GWO-ABE,72,0.2585753798484802,730
Kitchenham,7,GWO-ABE,73,0.25833839178085327,740
Kitchenham,7,GWO-ABE,74,0.25814780592918396,750
Kitchenham,7,GWO-ABE,75,0.25846067070961,760
Kitchenham,7,GWO-ABE,76,0.25879326462745667,770
Kitchenham,7,GWO-ABE,77,0.258804589509964,780
Kitchenham,7,GWO-ABE,78,0.259232759475708,790
Kitchenham,7,GWO-ABE,79,0.258460134267807,800
Kitchenham,7,GWO-ABE,80,0.2594165503978729,810
Kitchenham,7,GWO-ABE,81,0.25885888934135437,820
Kitchenham,7,GWO-ABE,82,0.2585834562778473,830
Kitchenham,7,GWO-ABE,83,0.25889891386032104,840
Kitchenham,7,GWO-ABE,84,0.2581019401550293,850
Kitchenham,7,GWO-ABE,85,0.25882330536842346,860
Kitchenham,7,GWO-ABE,86,0.258151650428772,870
Kitchenham,7,GWO-ABE,87,0.2581459581851959,880
Kitchenham,7,GWO-ABE,88,0.2581560015678406,890
Kitchenham,7,GWO-ABE,89,0.2586764991283417,900
Kitchenham,7,GWO-ABE,90,0.25834086537361145,910
Kitchenham,7,GWO-ABE,91,0.25882840156555176,920
Kitchenham,7,GWO-ABE,92,0.2588316798210144,930
Kitchenham,7,GWO-ABE,93,0.2592111825942993,940
Kitchenham,7,GWO-ABE,94,0.2592083513736725,950
Kitchenham,7,GWO-ABE,95,0.25920775532722473,960
Kitchenham,7,GWO-ABE,96,0.259209543466568,970
Kitchenham,7,GWO-ABE,97,0.25921037793159485,980
Kitchenham,7,GWO-ABE,98,0.2592095136642456,990
Kitchenham,7,GWO-ABE,99,0.25921177864074707,1000
Kitchenham,7,WOA-ABE,0,0.29467856884002686,10
Kitchenham,7,WOA-ABE,1,0.27916717529296875,20
Kitchenham,7,WOA-ABE,2,0.2779969274997711,30
Kitchenham,7,WOA-ABE,3,0.2779969274997711,40
Kitchenham,7,WOA-ABE,4,0.2635239064693451,50
Kitchenham,7,WOA-ABE,5,0.2635239064693451,60
Kitchenham,7,WOA-ABE,6,0.26233789324760437,70
Kitchenham,7,WOA-ABE,7,0.26077163219451904,80
Kitchenham,7,WOA-ABE,8,0.26077163219451904,90
Kitchenham,7,WOA-ABE,9,0.26077163219451904,100
Kitchenham,7,WOA-ABE,10,0.26077163219451904,110
Kitchenham,7,WOA-ABE,11,0.26077163219451904,120
Kitchenham,7,WOA-ABE,12,0.26077163219451904,130
Kitchenham,7,WOA-ABE,13,0.26077163219451904,140
Kitchenham,7,WOA-ABE,14,0.26077163219451904,150
Kitchenham,7,WOA-ABE,15,0.26077163219451904,160
Kitchenham,7,WOA-ABE,16,0.26077163219451904,170
Kitchenham,7,WOA-ABE,17,0.26077163219451904,180
Kitchenham,7,WOA-ABE,18,0.26077163219451904,190
Kitchenham,7,WOA-ABE,19,0.26077163219451904,200
Kitchenham,7,WOA-ABE,20,0.26043689250946045,210
Kitchenham,7,WOA-ABE,21,0.26043689250946045,220
Kitchenham,7,WOA-ABE,22,0.26043689250946045,230
Kitchenham,7,WOA-ABE,23,0.26043689250946045,240
Kitchenham,7,WOA-ABE,24,0.26043689250946045,250
Kitchenham,7,WOA-ABE,25,0.26043689250946045,260
Kitchenham,7,WOA-ABE,26,0.2602686285972595,270
Kitchenham,7,WOA-ABE,27,0.2602686285972595,280
Kitchenham,7,WOA-ABE,28,0.2602686285972595,290
Kitchenham,7,WOA-ABE,29,0.2602686285972595,300
Kitchenham,7,WOA-ABE,30,0.2602686285972595,310
Kitchenham,7,WOA-ABE,31,0.2602686285972595,320
Kitchenham,7,WOA-ABE,32,0.2602686285972595,330
Kitchenham,7,WOA-ABE,33,0.2602686285972595,340
Kitchenham,7,WOA-ABE,34,0.2602686285972595,350
Kitchenham,7,WOA-ABE,35,0.2602686285972595,360
Kitchenham,7,WOA-ABE,36,0.2602686285972595,370
Kitchenham,7,WOA-ABE,37,0.2602686285972595,380
Kitchenham,7,WOA-ABE,38,0.2602686285972595,390
Kitchenham,7,WOA-ABE,39,0.2601724863052368,400
Kitchenham,7,WOA-ABE,40,0.2601724863052368,410
Kitchenham,7,WOA-ABE,41,0.2601724863052368,420
Kitchenham,7,WOA-ABE,42,0.2601724863052368,430
Kitchenham,7,WOA-ABE,43,0.2601724863052368,440
Kitchenham,7,WOA-ABE,44,0.2601724863052368,450
Kitchenham,7,WOA-ABE,45,0.259822279214859,460
Kitchenham,7,WOA-ABE,46,0.259822279214859,470
Kitchenham,7,WOA-ABE,47,0.259822279214859,480
Kitchenham,7,WOA-ABE,48,0.2598118782043457,490
Kitchenham,7,WOA-ABE,49,0.2598118782043457,500
Kitchenham,7,WOA-ABE,50,0.2598118782043457,510
Kitchenham,7,WOA-ABE,51,0.2598118782043457,520
Kitchenham,7,WOA-ABE,52,0.2598118782043457,530
Kitchenham,7,WOA-ABE,53,0.2598118782043457,540
Kitchenham,7,WOA-ABE,54,0.2598118782043457,550
Kitchenham,7,WOA-ABE,55,0.2598118782043457,560
Kitchenham,7,WOA-ABE,56,0.2598118782043457,570
Kitchenham,7,WOA-ABE,57,0.2598118782043457,580
Kitchenham,7,WOA-ABE,58,0.2598118782043457,590
Kitchenham,7,WOA-ABE,59,0.2598118782043457,600
Kitchenham,7,WOA-ABE,60,0.2598118782043457,610
Kitchenham,7,WOA-ABE,61,0.2598118782043457,620
Kitchenham,7,WOA-ABE,62,0.2598118782043457,630
Kitchenham,7,WOA-ABE,63,0.2598118782043457,640
Kitchenham,7,WOA-ABE,64,0.2598116099834442,650
Kitchenham,7,WOA-ABE,65,0.2598116099834442,660
Kitchenham,7,WOA-ABE,66,0.2598116099834442,670
Kitchenham,7,WOA-ABE,67,0.2598114609718323,680
Kitchenham,7,WOA-ABE,68,0.2598114609718323,690
Kitchenham,7,WOA-ABE,69,0.2598114609718323,700
Kitchenham,7,WOA-ABE,70,0.2598114609718323,710
Kitchenham,7,WOA-ABE,71,0.2598111927509308,720
Kitchenham,7,WOA-ABE,72,0.2598111927509308,730
Kitchenham,7,WOA-ABE,73,0.2598111927509308,740
Kitchenham,7,WOA-ABE,74,0.2598111927509308,750
Kitchenham,7,WOA-ABE,75,0.2598111927509308,760
Kitchenham,7,WOA-ABE,76,0.25981107354164124,770
Kitchenham,7,WOA-ABE,77,0.25981107354164124,780
Kitchenham,7,WOA-ABE,78,0.25981107354164124,790
Kitchenham,7,WOA-ABE,79,0.25981107354164124,800
Kitchenham,7,WOA-ABE,80,0.25981107354164124,810
Kitchenham,7,WOA-ABE,81,0.25981107354164124,820
Kitchenham,7,WOA-ABE,82,0.25981107354164124,830
Kitchenham,7,WOA-ABE,83,0.25981107354164124,840
Kitchenham,7,WOA-ABE,84,0.25981107354164124,850
Kitchenham,7,WOA-ABE,85,0.25981053709983826,860
Kitchenham,7,WOA-ABE,86,0.25981053709983826,870
Kitchenham,7,WOA-ABE,87,0.25981053709983826,880
Kitchenham,7,WOA-ABE,88,0.25981053709983826,890
Kitchenham,7,WOA-ABE,89,0.25981053709983826,900
Kitchenham,7,WOA-ABE,90,0.25981053709983826,910
Kitchenham,7,WOA-ABE,91,0.25981053709983826,920
Kitchenham,7,WOA-ABE,92,0.25981053709983826,930
Kitchenham,7,WOA-ABE,93,0.25981053709983826,940
Kitchenham,7,WOA-ABE,94,0.25980889797210693,950
Kitchenham,7,WOA-ABE,95,0.25980889797210693,960
Kitchenham,7,WOA-ABE,96,0.25980889797210693,970
Kitchenham,7,WOA-ABE,97,0.25980889797210693,980
Kitchenham,7,WOA-ABE,98,0.25980889797210693,990
Kitchenham,7,WOA-ABE,99,0.25980889797210693,1000
Kitchenham,7,FAABE,0,0.2873753011226654,10
Kitchenham,7,FAABE,1,0.2873753011226654,20
Kitchenham,7,FAABE,2,0.2813132107257843,30
Kitchenham,7,FAABE,3,0.27803537249565125,40
Kitchenham,7,FAABE,4,0.26985594630241394,50
Kitchenham,7,FAABE,5,0.26323097944259644,60
Kitchenham,7,FAABE,6,0.26323097944259644,70
Kitchenham,7,FAABE,7,0.26323097944259644,80
Kitchenham,7,FAABE,8,0.26323097944259644,90
Kitchenham,7,FAABE,9,0.26323097944259644,100
Kitchenham,7,FAABE,10,0.26323097944259644,110
Kitchenham,7,FAABE,11,0.26323097944259644,120
Kitchenham,7,FAABE,12,0.26323097944259644,130
Kitchenham,7,FAABE,13,0.26323097944259644,140
Kitchenham,7,FAABE,14,0.26323097944259644,150
Kitchenham,7,FAABE,15,0.26323097944259644,160
Kitchenham,7,FAABE,16,0.26323097944259644,170
Kitchenham,7,FAABE,17,0.2631479799747467,180
Kitchenham,7,FAABE,18,0.2631479799747467,190
Kitchenham,7,FAABE,19,0.2631479799747467,200
Kitchenham,7,FAABE,20,0.2631479799747467,210
Kitchenham,7,FAABE,21,0.2631479799747467,220
Kitchenham,7,FAABE,22,0.2631479799747467,230
Kitchenham,7,FAABE,23,0.2631479799747467,240
Kitchenham,7,FAABE,24,0.2631479799747467,250
Kitchenham,7,FAABE,25,0.2631479799747467,260
Kitchenham,7,FAABE,26,0.2631479799747467,270
Kitchenham,7,FAABE,27,0.2631479799747467,280
Kitchenham,7,FAABE,28,0.2631479799747467,290
Kitchenham,7,FAABE,29,0.2631479799747467,300
Kitchenham,7,FAABE,30,0.2631479799747467,310
Kitchenham,7,FAABE,31,0.2631479799747467,320
Kitchenham,7,FAABE,32,0.2631479799747467,330
Kitchenham,7,FAABE,33,0.25920286774635315,340
Kitchenham,7,FAABE,34,0.25920286774635315,350
Kitchenham,7,FAABE,35,0.25920286774635315,360
Kitchenham,7,FAABE,36,0.25920286774635315,370
Kitchenham,7,FAABE,37,0.25920286774635315,380
Kitchenham,7,FAABE,38,0.25920286774635315,390
Kitchenham,7,FAABE,39,0.25920286774635315,400
Kitchenham,7,FAABE,40,0.25920286774635315,410
Kitchenham,7,FAABE,41,0.25920286774635315,420
Kitchenham,7,FAABE,42,0.25920286774635315,430
Kitchenham,7,FAABE,43,0.25920286774635315,440
Kitchenham,7,FAABE,44,0.25920286774635315,450
Kitchenham,7,FAABE,45,0.25920286774635315,460
Kitchenham,7,FAABE,46,0.25920286774635315,470
Kitchenham,7,FAABE,47,0.25920286774635315,480
Kitchenham,7,FAABE,48,0.25920286774635315,490
Kitchenham,7,FAABE,49,0.25920286774635315,500
Kitchenham,7,FAABE,50,0.25920286774635315,510
Kitchenham,7,FAABE,51,0.25920286774635315,520
Kitchenham,7,FAABE,52,0.25920286774635315,530
Kitchenham,7,FAABE,53,0.25920286774635315,540
Kitchenham,7,FAABE,54,0.25920286774635315,550
Kitchenham,7,FAABE,55,0.25920286774635315,560
Kitchenham,7,FAABE,56,0.25920286774635315,570
Kitchenham,7,FAABE,57,0.25920286774635315,580
Kitchenham,7,FAABE,58,0.25920286774635315,590
Kitchenham,7,FAABE,59,0.25920286774635315,600
Kitchenham,7,FAABE,60,0.25920286774635315,610
Kitchenham,7,FAABE,61,0.25920286774635315,620
Kitchenham,7,FAABE,62,0.25920286774635315,630
Kitchenham,7,FAABE,63,0.25920286774635315,640
Kitchenham,7,FAABE,64,0.25920286774635315,650
Kitchenham,7,FAABE,65,0.25920286774635315,660
Kitchenham,7,FAABE,66,0.25920286774635315,670
Kitchenham,7,FAABE,67,0.25920286774635315,680
Kitchenham,7,FAABE,68,0.25920286774635315,690
Kitchenham,7,FAABE,69,0.25920286774635315,700
Kitchenham,7,FAABE,70,0.25920286774635315,710
Kitchenham,7,FAABE,71,0.25920286774635315,720
Kitchenham,7,FAABE,72,0.25920286774635315,730
Kitchenham,7,FAABE,73,0.25920286774635315,740
Kitchenham,7,FAABE,74,0.25920286774635315,750
Kitchenham,7,FAABE,75,0.25920286774635315,760
Kitchenham,7,FAABE,76,0.25920286774635315,770
Kitchenham,7,FAABE,77,0.25920286774635315,780
Kitchenham,7,FAABE,78,0.25920286774635315,790
Kitchenham,7,FAABE,79,0.25920286774635315,800
Kitchenham,7,FAABE,80,0.25920286774635315,810
Kitchenham,7,FAABE,81,0.25920286774635315,820
Kitchenham,7,FAABE,82,0.25920286774635315,830
Kitchenham,7,FAABE,83,0.25920286774635315,840
Kitchenham,7,FAABE,84,0.25920286774635315,850
Kitchenham,7,FAABE,85,0.25920286774635315,860
Kitchenham,7,FAABE,86,0.25920286774635315,870
Kitchenham,7,FAABE,87,0.25920286774635315,880
Kitchenham,7,FAABE,88,0.25920286774635315,890
Kitchenham,7,FAABE,89,0.25920286774635315,900
Kitchenham,7,FAABE,90,0.25920286774635315,910
Kitchenham,7,FAABE,91,0.25920286774635315,920
Kitchenham,7,FAABE,92,0.25920286774635315,930
Kitchenham,7,FAABE,93,0.25920286774635315,940
Kitchenham,7,FAABE,94,0.25920286774635315,950
Kitchenham,7,FAABE,95,0.25920286774635315,960
Kitchenham,7,FAABE,96,0.25920286774635315,970
Kitchenham,7,FAABE,97,0.25920286774635315,980
Kitchenham,7,FAABE,98,0.25920286774635315,990
Kitchenham,7,FAABE,99,0.25920286774635315,1000
Kitchenham,8,GA-ABE,0,0.37377867102622986,10
Kitchenham,8,GA-ABE,1,0.365704208612442,20
Kitchenham,8,GA-ABE,2,0.365704208612442,30
Kitchenham,8,GA-ABE,3,0.3573472201824188,40
Kitchenham,8,GA-ABE,4,0.3573472201824188,50
Kitchenham,8,GA-ABE,5,0.3555888235569,60
Kitchenham,8,GA-ABE,6,0.3555888235569,70
Kitchenham,8,GA-ABE,7,0.3555888235569,80
Kitchenham,8,GA-ABE,8,0.3555888235569,90
Kitchenham,8,GA-ABE,9,0.34250402450561523,100
Kitchenham,8,GA-ABE,10,0.32794204354286194,110
Kitchenham,8,GA-ABE,11,0.317903995513916,120
Kitchenham,8,GA-ABE,12,0.31586745381355286,130
Kitchenham,8,GA-ABE,13,0.2858653664588928,140
Kitchenham,8,GA-ABE,14,0.2785380780696869,150
Kitchenham,8,GA-ABE,15,0.2785380780696869,160
Kitchenham,8,GA-ABE,16,0.27081143856048584,170
Kitchenham,8,GA-ABE,17,0.27081143856048584,180
Kitchenham,8,GA-ABE,18,0.26938530802726746,190
Kitchenham,8,GA-ABE,19,0.26930052042007446,200
Kitchenham,8,GA-ABE,20,0.26930052042007446,210
Kitchenham,8,GA-ABE,21,0.26930052042007446,220
Kitchenham,8,GA-ABE,22,0.26930052042007446,230
Kitchenham,8,GA-ABE,23,0.26359477639198303,240
Kitchenham,8,GA-ABE,24,0.26359477639198303,250
Kitchenham,8,GA-ABE,25,0.2619014382362366,260
Kitchenham,8,GA-ABE,26,0.2619014382362366,270
Kitchenham,8,GA-ABE,27,0.26052674651145935,280
Kitchenham,8,GA-ABE,28,0.26051849126815796,290
Kitchenham,8,GA-ABE,29,0.26051849126815796,300
Kitchenham,8,GA-ABE,30,0.26051849126815796,310
Kitchenham,8,GA-ABE,31,0.2605172097682953,320
Kitchenham,8,GA-ABE,32,0.2605172097682953,330
Kitchenham,8,GA-ABE,33,0.2605172097682953,340
Kitchenham,8,GA-ABE,34,0.2605172097682953,350
Kitchenham,8,GA-ABE,35,0.2605172097682953,360
Kitchenham,8,GA-ABE,36,0.2605172097682953,370
Kitchenham,8,GA-ABE,37,0.2605172097682953,380
Kitchenham,8,GA-ABE,38,0.2605172097682953,390
Kitchenham,8,GA-ABE,39,0.2605172097682953,400
Kitchenham,8,GA-ABE,40,0.2605172097682953,410
Kitchenham,8,GA-ABE,41,0.2605172097682953,420
Kitchenham,8,GA-ABE,42,0.2605172097682953,430
Kitchenham,8,GA-ABE,43,0.2605172097682953,440
Kitchenham,8,GA-ABE,44,0.2605172097682953,450
Kitchenham,8,GA-ABE,45,0.2605172097682953,460
Kitchenham,8,GA-ABE,46,0.2605172097682953,470
Kitchenham,8,GA-ABE,47,0.2605172097682953,480
Kitchenham,8,GA-ABE,48,0.2605172097682953,490
Kitchenham,8,GA-ABE,49,0.2605172097682953,500
Kitchenham,8,GA-ABE,50,0.2605172097682953,510
Kitchenham,8,GA-ABE,51,0.2605172097682953,520
Kitchenham,8,GA-ABE,52,0.2605172097682953,530
Kitchenham,8,GA-ABE,53,0.2605172097682953,540
Kitchenham,8,GA-ABE,54,0.2605172097682953,550
Kitchenham,8,GA-ABE,55,0.2605172097682953,560
Kitchenham,8,GA-ABE,56,0.2605172097682953,570
Kitchenham,8,GA-ABE,57,0.2605172097682953,580
Kitchenham,8,GA-ABE,58,0.2605172097682953,590
Kitchenham,8,GA-ABE,59,0.2605172097682953,600
Kitchenham,8,GA-ABE,60,0.2605172097682953,610
Kitchenham,8,GA-ABE,61,0.2605172097682953,620
Kitchenham,8,GA-ABE,62,0.2605172097682953,630
Kitchenham,8,GA-ABE,63,0.2605172097682953,640
Kitchenham,8,GA-ABE,64,0.2605172097682953,650
Kitchenham,8,GA-ABE,65,0.2605172097682953,660
Kitchenham,8,GA-ABE,66,0.2605172097682953,670
Kitchenham,8,GA-ABE,67,0.2605171799659729,680
Kitchenham,8,GA-ABE,68,0.2605171799659729,690
Kitchenham,8,GA-ABE,69,0.2605171799659729,700
Kitchenham,8,GA-ABE,70,0.2605171799659729,710
Kitchenham,8,GA-ABE,71,0.2605171799659729,720
Kitchenham,8,GA-ABE,72,0.2605171799659729,730
Kitchenham,8,GA-ABE,73,0.2605171799659729,740
Kitchenham,8,GA-ABE,74,0.2605171799659729,750
Kitchenham,8,GA-ABE,75,0.2605171799659729,760
Kitchenham,8,GA-ABE,76,0.2605171799659729,770
Kitchenham,8,GA-ABE,77,0.2605171799659729,780
Kitchenham,8,GA-ABE,78,0.2605171799659729,790
Kitchenham,8,GA-ABE,79,0.2605171799659729,800
Kitchenham,8,GA-ABE,80,0.2605171799659729,810
Kitchenham,8,GA-ABE,81,0.2605171799659729,820
Kitchenham,8,GA-ABE,82,0.2605171799659729,830
Kitchenham,8,GA-ABE,83,0.2605171799659729,840
Kitchenham,8,GA-ABE,84,0.2605171799659729,850
Kitchenham,8,GA-ABE,85,0.2605171799659729,860
Kitchenham,8,GA-ABE,86,0.2605171799659729,870
Kitchenham,8,GA-ABE,87,0.2605171799659729,880
Kitchenham,8,GA-ABE,88,0.2605171799659729,890
Kitchenham,8,GA-ABE,89,0.2605171799659729,900
Kitchenham,8,GA-ABE,90,0.2605171799659729,910
Kitchenham,8,GA-ABE,91,0.2605171799659729,920
Kitchenham,8,GA-ABE,92,0.2605171799659729,930
Kitchenham,8,GA-ABE,93,0.2605171799659729,940
Kitchenham,8,GA-ABE,94,0.2605171799659729,950
Kitchenham,8,GA-ABE,95,0.2605171799659729,960
Kitchenham,8,GA-ABE,96,0.2605171799659729,970
Kitchenham,8,GA-ABE,97,0.2605171799659729,980
Kitchenham,8,GA-ABE,98,0.2605171799659729,990
Kitchenham,8,GA-ABE,99,0.2605171799659729,1000
Kitchenham,8,PSO-ABE,0,0.3581259548664093,10
Kitchenham,8,PSO-ABE,1,0.2808140814304352,20
Kitchenham,8,PSO-ABE,2,0.2808140814304352,30
Kitchenham,8,PSO-ABE,3,0.27588582038879395,40
Kitchenham,8,PSO-ABE,4,0.27588582038879395,50
Kitchenham,8,PSO-ABE,5,0.27588582038879395,60
Kitchenham,8,PSO-ABE,6,0.27588582038879395,70
Kitchenham,8,PSO-ABE,7,0.27588582038879395,80
Kitchenham,8,PSO-ABE,8,0.27588582038879395,90
Kitchenham,8,PSO-ABE,9,0.27588582038879395,100
Kitchenham,8,PSO-ABE,10,0.27588582038879395,110
Kitchenham,8,PSO-ABE,11,0.27588582038879395,120
Kitchenham,8,PSO-ABE,12,0.27500349283218384,130
Kitchenham,8,PSO-ABE,13,0.27500349283218384,140
Kitchenham,8,PSO-ABE,14,0.27500349283218384,150
Kitchenham,8,PSO-ABE,15,0.27500349283218384,160
Kitchenham,8,PSO-ABE,16,0.26893943548202515,170
Kitchenham,8,PSO-ABE,17,0.26893943548202515,180
Kitchenham,8,PSO-ABE,18,0.26893943548202515,190
Kitchenham,8,PSO-ABE,19,0.26893943548202515,200
Kitchenham,8,PSO-ABE,20,0.26781389117240906,210
Kitchenham,8,PSO-ABE,21,0.26781389117240906,220
Kitchenham,8,PSO-ABE,22,0.2668282687664032,230
Kitchenham,8,PSO-ABE,23,0.26656273007392883,240
Kitchenham,8,PSO-ABE,24,0.26352885365486145,250
Kitchenham,8,PSO-ABE,25,0.26352885365486145,260
Kitchenham,8,PSO-ABE,26,0.2605466842651367,270
Kitchenham,8,PSO-ABE,27,0.2605466842651367,280
Kitchenham,8,PSO-ABE,28,0.2605466842651367,290
Kitchenham,8,PSO-ABE,29,0.2605466842651367,300
Kitchenham,8,PSO-ABE,30,0.2605466842651367,310
Kitchenham,8,PSO-ABE,31,0.2605466842651367,320
Kitchenham,8,PSO-ABE,32,0.2605466842651367,330
Kitchenham,8,PSO-ABE,33,0.2605466842651367,340
Kitchenham,8,PSO-ABE,34,0.2605466842651367,350
Kitchenham,8,PSO-ABE,35,0.2605466842651367,360
Kitchenham,8,PSO-ABE,36,0.26052868366241455,370
Kitchenham,8,PSO-ABE,37,0.26052868366241455,380
Kitchenham,8,PSO-ABE,38,0.26052868366241455,390
Kitchenham,8,PSO-ABE,39,0.26052868366241455,400
Kitchenham,8,PSO-ABE,40,0.26052868366241455,410
Kitchenham,8,PSO-ABE,41,0.26052868366241455,420
Kitchenham,8,PSO-ABE,42,0.26052868366241455,430
Kitchenham,8,PSO-ABE,43,0.26051878929138184,440
Kitchenham,8,PSO-ABE,44,0.26051878929138184,450
Kitchenham,8,PSO-ABE,45,0.26051878929138184,460
Kitchenham,8,PSO-ABE,46,0.26051878929138184,470
Kitchenham,8,PSO-ABE,47,0.26051878929138184,480
Kitchenham,8,PSO-ABE,48,0.26051878929138184,490
Kitchenham,8,PSO-ABE,49,0.26051878929138184,500
Kitchenham,8,PSO-ABE,50,0.26051878929138184,510
Kitchenham,8,PSO-ABE,51,0.26051878929138184,520
Kitchenham,8,PSO-ABE,52,0.2605145275592804,530
Kitchenham,8,PSO-ABE,53,0.2605145275592804,540
Kitchenham,8,PSO-ABE,54,0.2605145275592804,550
Kitchenham,8,PSO-ABE,55,0.2605145275592804,560
Kitchenham,8,PSO-ABE,56,0.2605145275592804,570
Kitchenham,8,PSO-ABE,57,0.2605132460594177,580
Kitchenham,8,PSO-ABE,58,0.2605109214782715,590
Kitchenham,8,PSO-ABE,59,0.2605106830596924,600
Kitchenham,8,PSO-ABE,60,0.2605106830596924,610
Kitchenham,8,PSO-ABE,61,0.2605091631412506,620
Kitchenham,8,PSO-ABE,62,0.2605091631412506,630
Kitchenham,8,PSO-ABE,63,0.26050764322280884,640
Kitchenham,8,PSO-ABE,64,0.2605055272579193,650
Kitchenham,8,PSO-ABE,65,0.2605055272579193,660
Kitchenham,8,PSO-ABE,66,0.2605055272579193,670
Kitchenham,8,PSO-ABE,67,0.2605055272579193,680
Kitchenham,8,PSO-ABE,68,0.2605055272579193,690
Kitchenham,8,PSO-ABE,69,0.2605055272579193,700
Kitchenham,8,PSO-ABE,70,0.2605055272579193,710
Kitchenham,8,PSO-ABE,71,0.2605055272579193,720
Kitchenham,8,PSO-ABE,72,0.26050424575805664,730
Kitchenham,8,PSO-ABE,73,0.26050424575805664,740
Kitchenham,8,PSO-ABE,74,0.26050424575805664,750
Kitchenham,8,PSO-ABE,75,0.26050424575805664,760
Kitchenham,8,PSO-ABE,76,0.2605035901069641,770
Kitchenham,8,PSO-ABE,77,0.2605035901069641,780
Kitchenham,8,PSO-ABE,78,0.2605035901069641,790
Kitchenham,8,PSO-ABE,79,0.2605031132698059,800
Kitchenham,8,PSO-ABE,80,0.2605031132698059,810
Kitchenham,8,PSO-ABE,81,0.2605029344558716,820
Kitchenham,8,PSO-ABE,82,0.2605026364326477,830
Kitchenham,8,PSO-ABE,83,0.2605016827583313,840
Kitchenham,8,PSO-ABE,84,0.2605016827583313,850
Kitchenham,8,PSO-ABE,85,0.2605016827583313,860
Kitchenham,8,PSO-ABE,86,0.2605016827583313,870
Kitchenham,8,PSO-ABE,87,0.2605016827583313,880
Kitchenham,8,PSO-ABE,88,0.2605016827583313,890
Kitchenham,8,PSO-ABE,89,0.2605016827583313,900
Kitchenham,8,PSO-ABE,90,0.2605016827583313,910
Kitchenham,8,PSO-ABE,91,0.2605016827583313,920
Kitchenham,8,PSO-ABE,92,0.2605016827583313,930
Kitchenham,8,PSO-ABE,93,0.2605016827583313,940
Kitchenham,8,PSO-ABE,94,0.2605016827583313,950
Kitchenham,8,PSO-ABE,95,0.2605016827583313,960
Kitchenham,8,PSO-ABE,96,0.2605016827583313,970
Kitchenham,8,PSO-ABE,97,0.2605016827583313,980
Kitchenham,8,PSO-ABE,98,0.2605016827583313,990
Kitchenham,8,PSO-ABE,99,0.2605016827583313,1000
Kitchenham,8,DE-ABE,0,0.3332626521587372,10
Kitchenham,8,DE-ABE,1,0.27388182282447815,20
Kitchenham,8,DE-ABE,2,0.27388182282447815,30
Kitchenham,8,DE-ABE,3,0.27388182282447815,40
Kitchenham,8,DE-ABE,4,0.26984134316444397,50
Kitchenham,8,DE-ABE,5,0.26984134316444397,60
Kitchenham,8,DE-ABE,6,0.26791590452194214,70
Kitchenham,8,DE-ABE,7,0.2665337324142456,80
Kitchenham,8,DE-ABE,8,0.2665337324142456,90
Kitchenham,8,DE-ABE,9,0.2665337324142456,100
Kitchenham,8,DE-ABE,10,0.2658140957355499,110
Kitchenham,8,DE-ABE,11,0.2658140957355499,120
Kitchenham,8,DE-ABE,12,0.2658140957355499,130
Kitchenham,8,DE-ABE,13,0.2658140957355499,140
Kitchenham,8,DE-ABE,14,0.2658140957355499,150
Kitchenham,8,DE-ABE,15,0.26508259773254395,160
Kitchenham,8,DE-ABE,16,0.26508259773254395,170
Kitchenham,8,DE-ABE,17,0.26508259773254395,180
Kitchenham,8,DE-ABE,18,0.26508259773254395,190
Kitchenham,8,DE-ABE,19,0.26492729783058167,200
Kitchenham,8,DE-ABE,20,0.26353105902671814,210
Kitchenham,8,DE-ABE,21,0.26353105902671814,220
Kitchenham,8,DE-ABE,22,0.26353105902671814,230
Kitchenham,8,DE-ABE,23,0.262958824634552,240
Kitchenham,8,DE-ABE,24,0.2624802887439728,250
Kitchenham,8,DE-ABE,25,0.2624802887439728,260
Kitchenham,8,DE-ABE,26,0.2624802887439728,270
Kitchenham,8,DE-ABE,27,0.2624802887439728,280
Kitchenham,8,DE-ABE,28,0.2624802887439728,290
Kitchenham,8,DE-ABE,29,0.2624802887439728,300
Kitchenham,8,DE-ABE,30,0.2624802887439728,310
Kitchenham,8,DE-ABE,31,0.2613140940666199,320
Kitchenham,8,DE-ABE,32,0.2613140940666199,330
Kitchenham,8,DE-ABE,33,0.26091334223747253,340
Kitchenham,8,DE-ABE,34,0.26056188344955444,350
Kitchenham,8,DE-ABE,35,0.26056188344955444,360
Kitchenham,8,DE-ABE,36,0.26055318117141724,370
Kitchenham,8,DE-ABE,37,0.26054152846336365,380
Kitchenham,8,DE-ABE,38,0.2605310082435608,390
Kitchenham,8,DE-ABE,39,0.2605310082435608,400
Kitchenham,8,DE-ABE,40,0.260519415140152,410
Kitchenham,8,DE-ABE,41,0.26051926612854004,420
Kitchenham,8,DE-ABE,42,0.2605181336402893,430
Kitchenham,8,DE-ABE,43,0.2605181336402893,440
Kitchenham,8,DE-ABE,44,0.26051345467567444,450
Kitchenham,8,DE-ABE,45,0.2605109214782715,460
Kitchenham,8,DE-ABE,46,0.260510116815567,470
Kitchenham,8,DE-ABE,47,0.260510116815567,480
Kitchenham,8,DE-ABE,48,0.26050859689712524,490
Kitchenham,8,DE-ABE,49,0.2605072855949402,500
Kitchenham,8,DE-ABE,50,0.26050668954849243,510
Kitchenham,8,DE-ABE,51,0.26050588488578796,520
Kitchenham,8,DE-ABE,52,0.2605056166648865,530
Kitchenham,8,DE-ABE,53,0.2605056166648865,540
Kitchenham,8,DE-ABE,54,0.2605056166648865,550
Kitchenham,8,DE-ABE,55,0.26050543785095215,560
Kitchenham,8,DE-ABE,56,0.2605053782463074,570
Kitchenham,8,DE-ABE,57,0.2605053782463074,580
Kitchenham,8,DE-ABE,58,0.2605053186416626,590
Kitchenham,8,DE-ABE,59,0.26050522923469543,600
Kitchenham,8,DE-ABE,60,0.26050516963005066,610
Kitchenham,8,DE-ABE,61,0.2605050504207611,620
Kitchenham,8,DE-ABE,62,0.2605050206184387,630
Kitchenham,8,DE-ABE,63,0.2605050206184387,640
Kitchenham,8,DE-ABE,64,0.26050493121147156,650
Kitchenham,8,DE-ABE,65,0.26050493121147156,660
Kitchenham,8,DE-ABE,66,0.26050493121147156,670
Kitchenham,8,DE-ABE,67,0.26050490140914917,680
Kitchenham,8,DE-ABE,68,0.2605048716068268,690
Kitchenham,8,DE-ABE,69,0.2605048418045044,700
Kitchenham,8,DE-ABE,70,0.2605048418045044,710
Kitchenham,8,DE-ABE,71,0.260504812002182,720
Kitchenham,8,DE-ABE,72,0.260504812002182,730
Kitchenham,8,DE-ABE,73,0.260504812002182,740
Kitchenham,8,DE-ABE,74,0.26050475239753723,750
Kitchenham,8,DE-ABE,75,0.26050469279289246,760
Kitchenham,8,DE-ABE,76,0.26050469279289246,770
Kitchenham,8,DE-ABE,77,0.2605046331882477,780
Kitchenham,8,DE-ABE,78,0.2605046331882477,790
Kitchenham,8,DE-ABE,79,0.2605046331882477,800
Kitchenham,8,DE-ABE,80,0.2605046331882477,810
Kitchenham,8,DE-ABE,81,0.2605046331882477,820
Kitchenham,8,DE-ABE,82,0.2605046331882477,830
Kitchenham,8,DE-ABE,83,0.2605046331882477,840
Kitchenham,8,DE-ABE,84,0.2605046331882477,850
Kitchenham,8,DE-ABE,85,0.2605046331882477,860
Kitchenham,8,DE-ABE,86,0.2605046033859253,870
Kitchenham,8,DE-ABE,87,0.2605046033859253,880
Kitchenham,8,DE-ABE,88,0.2605046033859253,890
Kitchenham,8,DE-ABE,89,0.2605046033859253,900
Kitchenham,8,DE-ABE,90,0.2605045735836029,910
Kitchenham,8,DE-ABE,91,0.2605045735836029,920
Kitchenham,8,DE-ABE,92,0.2605045735836029,930
Kitchenham,8,DE-ABE,93,0.2605045735836029,940
Kitchenham,8,DE-ABE,94,0.2605045735836029,950
Kitchenham,8,DE-ABE,95,0.2605045735836029,960
Kitchenham,8,DE-ABE,96,0.2605045735836029,970
Kitchenham,8,DE-ABE,97,0.2605045735836029,980
Kitchenham,8,DE-ABE,98,0.2605045735836029,990
Kitchenham,8,DE-ABE,99,0.2605045735836029,1000
Kitchenham,8,GWO-ABE,0,0.3699115216732025,10
Kitchenham,8,GWO-ABE,1,0.32133394479751587,20
Kitchenham,8,GWO-ABE,2,0.3170659840106964,30
Kitchenham,8,GWO-ABE,3,0.27615541219711304,40
Kitchenham,8,GWO-ABE,4,0.26718559861183167,50
Kitchenham,8,GWO-ABE,5,0.27064836025238037,60
Kitchenham,8,GWO-ABE,6,0.2704181373119354,70
Kitchenham,8,GWO-ABE,7,0.2610868513584137,80
Kitchenham,8,GWO-ABE,8,0.2660677433013916,90
Kitchenham,8,GWO-ABE,9,0.26133039593696594,100
Kitchenham,8,GWO-ABE,10,0.2644694745540619,110
Kitchenham,8,GWO-ABE,11,0.26134055852890015,120
Kitchenham,8,GWO-ABE,12,0.26684483885765076,130
Kitchenham,8,GWO-ABE,13,0.26914721727371216,140
Kitchenham,8,GWO-ABE,14,0.26737308502197266,150
Kitchenham,8,GWO-ABE,15,0.266449511051178,160
Kitchenham,8,GWO-ABE,16,0.2674866318702698,170
Kitchenham,8,GWO-ABE,17,0.26711946725845337,180
Kitchenham,8,GWO-ABE,18,0.26784199476242065,190
Kitchenham,8,GWO-ABE,19,0.26670295000076294,200
Kitchenham,8,GWO-ABE,20,0.26709315180778503,210
Kitchenham,8,GWO-ABE,21,0.26541486382484436,220
Kitchenham,8,GWO-ABE,22,0.2660520076751709,230
Kitchenham,8,GWO-ABE,23,0.26863929629325867,240
Kitchenham,8,GWO-ABE,24,0.26600098609924316,250
Kitchenham,8,GWO-ABE,25,0.2681525647640228,260
Kitchenham,8,GWO-ABE,26,0.26620224118232727,270
Kitchenham,8,GWO-ABE,27,0.2668609619140625,280
Kitchenham,8,GWO-ABE,28,0.26907527446746826,290
Kitchenham,8,GWO-ABE,29,0.2637158930301666,300
Kitchenham,8,GWO-ABE,30,0.26692453026771545,310
Kitchenham,8,GWO-ABE,31,0.2660144865512848,320
Kitchenham,8,GWO-ABE,32,0.2667129635810852,330
Kitchenham,8,GWO-ABE,33,0.26844924688339233,340
Kitchenham,8,GWO-ABE,34,0.26696667075157166,350
Kitchenham,8,GWO-ABE,35,0.26586639881134033,360
Kitchenham,8,GWO-ABE,36,0.2661746144294739,370
Kitchenham,8,GWO-ABE,37,0.26832446455955505,380
Kitchenham,8,GWO-ABE,38,0.2634037733078003,390
Kitchenham,8,GWO-ABE,39,0.2641181945800781,400
Kitchenham,8,GWO-ABE,40,0.26654312014579773,410
Kitchenham,8,GWO-ABE,41,0.2652859091758728,420
Kitchenham,8,GWO-ABE,42,0.2660464346408844,430
Kitchenham,8,GWO-ABE,43,0.2667735517024994,440
Kitchenham,8,GWO-ABE,44,0.26595771312713623,450
Kitchenham,8,GWO-ABE,45,0.2675068974494934,460
Kitchenham,8,GWO-ABE,46,0.26710033416748047,470
Kitchenham,8,GWO-ABE,47,0.26572540402412415,480
Kitchenham,8,GWO-ABE,48,0.26731663942337036,490
Kitchenham,8,GWO-ABE,49,0.26658591628074646,500
Kitchenham,8,GWO-ABE,50,0.26820042729377747,510
Kitchenham,8,GWO-ABE,51,0.26569244265556335,520
Kitchenham,8,GWO-ABE,52,0.2652793526649475,530
Kitchenham,8,GWO-ABE,53,0.2668576240539551,540
Kitchenham,8,GWO-ABE,54,0.26511430740356445,550
Kitchenham,8,GWO-ABE,55,0.26276105642318726,560
Kitchenham,8,GWO-ABE,56,0.26499512791633606,570
Kitchenham,8,GWO-ABE,57,0.2640066146850586,580
Kitchenham,8,GWO-ABE,58,0.26593098044395447,590
Kitchenham,8,GWO-ABE,59,0.26443034410476685,600
Kitchenham,8,GWO-ABE,60,0.26394912600517273,610
Kitchenham,8,GWO-ABE,61,0.264994740486145,620
Kitchenham,8,GWO-ABE,62,0.2652142345905304,630
Kitchenham,8,GWO-ABE,63,0.26399239897727966,640
Kitchenham,8,GWO-ABE,64,0.26542577147483826,650
Kitchenham,8,GWO-ABE,65,0.2660095691680908,660
Kitchenham,8,GWO-ABE,66,0.2659963369369507,670
Kitchenham,8,GWO-ABE,67,0.2649639844894409,680
Kitchenham,8,GWO-ABE,68,0.26411786675453186,690
Kitchenham,8,GWO-ABE,69,0.2646578848361969,700
Kitchenham,8,GWO-ABE,70,0.2626378834247589,710
Kitchenham,8,GWO-ABE,71,0.2649805545806885,720
Kitchenham,8,GWO-ABE,72,0.2641430199146271,730
Kitchenham,8,GWO-ABE,73,0.2652813196182251,740
Kitchenham,8,GWO-ABE,74,0.2653447985649109,750
Kitchenham,8,GWO-ABE,75,0.26490405201911926,760
Kitchenham,8,GWO-ABE,76,0.2652203440666199,770
Kitchenham,8,GWO-ABE,77,0.2635881304740906,780
Kitchenham,8,GWO-ABE,78,0.26465675234794617,790
Kitchenham,8,GWO-ABE,79,0.2644243836402893,800
Kitchenham,8,GWO-ABE,80,0.2654397487640381,810
Kitchenham,8,GWO-ABE,81,0.265031635761261,820
Kitchenham,8,GWO-ABE,82,0.2644931972026825,830
Kitchenham,8,GWO-ABE,83,0.2645586431026459,840
Kitchenham,8,GWO-ABE,84,0.26478612422943115,850
Kitchenham,8,GWO-ABE,85,0.2644055187702179,860
Kitchenham,8,GWO-ABE,86,0.2644857168197632,870
Kitchenham,8,GWO-ABE,87,0.2637169063091278,880
Kitchenham,8,GWO-ABE,88,0.26507818698883057,890
Kitchenham,8,GWO-ABE,89,0.26464587450027466,900
Kitchenham,8,GWO-ABE,90,0.26474493741989136,910
Kitchenham,8,GWO-ABE,91,0.2644999325275421,920
Kitchenham,8,GWO-ABE,92,0.26447832584381104,930
Kitchenham,8,GWO-ABE,93,0.26474350690841675,940
Kitchenham,8,GWO-ABE,94,0.26426470279693604,950
Kitchenham,8,GWO-ABE,95,0.2642723619937897,960
Kitchenham,8,GWO-ABE,96,0.26412492990493774,970
Kitchenham,8,GWO-ABE,97,0.26425862312316895,980
Kitchenham,8,GWO-ABE,98,0.2647550106048584,990
Kitchenham,8,GWO-ABE,99,0.2642471194267273,1000
Kitchenham,8,WOA-ABE,0,0.34959548711776733,10
Kitchenham,8,WOA-ABE,1,0.32317572832107544,20
Kitchenham,8,WOA-ABE,2,0.2920871078968048,30
Kitchenham,8,WOA-ABE,3,0.28460991382598877,40
Kitchenham,8,WOA-ABE,4,0.2824760973453522,50
Kitchenham,8,WOA-ABE,5,0.2785327136516571,60
Kitchenham,8,WOA-ABE,6,0.2785327136516571,70
Kitchenham,8,WOA-ABE,7,0.27592945098876953,80
Kitchenham,8,WOA-ABE,8,0.27592140436172485,90
Kitchenham,8,WOA-ABE,9,0.27591919898986816,100
Kitchenham,8,WOA-ABE,10,0.27591919898986816,110
Kitchenham,8,WOA-ABE,11,0.2757857143878937,120
Kitchenham,8,WOA-ABE,12,0.2757857143878937,130
Kitchenham,8,WOA-ABE,13,0.2757857143878937,140
Kitchenham,8,WOA-ABE,14,0.2757568657398224,150
Kitchenham,8,WOA-ABE,15,0.2757568657398224,160
Kitchenham,8,WOA-ABE,16,0.2757568657398224,170
Kitchenham,8,WOA-ABE,17,0.2757568657398224,180
Kitchenham,8,WOA-ABE,18,0.2757568657398224,190
Kitchenham,8,WOA-ABE,19,0.2757568657398224,200
Kitchenham,8,WOA-ABE,20,0.2754071056842804,210
Kitchenham,8,WOA-ABE,21,0.2754071056842804,220
Kitchenham,8,WOA-ABE,22,0.2754071056842804,230
Kitchenham,8,WOA-ABE,23,0.2754071056842804,240
Kitchenham,8,WOA-ABE,24,0.2754071056842804,250
Kitchenham,8,WOA-ABE,25,0.2754071056842804,260
Kitchenham,8,WOA-ABE,26,0.2754071056842804,270
Kitchenham,8,WOA-ABE,27,0.2754071056842804,280
Kitchenham,8,WOA-ABE,28,0.27539312839508057,290
Kitchenham,8,WOA-ABE,29,0.27539312839508057,300
Kitchenham,8,WOA-ABE,30,0.27539312839508057,310
Kitchenham,8,WOA-ABE,31,0.27539312839508057,320
Kitchenham,8,WOA-ABE,32,0.27539312839508057,330
Kitchenham,8,WOA-ABE,33,0.27539312839508057,340
Kitchenham,8,WOA-ABE,34,0.27539312839508057,350
Kitchenham,8,WOA-ABE,35,0.27539312839508057,360
Kitchenham,8,WOA-ABE,36,0.27539312839508057,370
Kitchenham,8,WOA-ABE,37,0.27539312839508057,380
Kitchenham,8,WOA-ABE,38,0.27539312839508057,390
Kitchenham,8,WOA-ABE,39,0.27539312839508057,400
Kitchenham,8,WOA-ABE,40,0.27539312839508057,410
Kitchenham,8,WOA-ABE,41,0.27539312839508057,420
Kitchenham,8,WOA-ABE,42,0.27539312839508057,430
Kitchenham,8,WOA-ABE,43,0.27539312839508057,440
Kitchenham,8,WOA-ABE,44,0.27539312839508057,450
Kitchenham,8,WOA-ABE,45,0.27539312839508057,460
Kitchenham,8,WOA-ABE,46,0.27539312839508057,470
Kitchenham,8,WOA-ABE,47,0.2753930687904358,480
Kitchenham,8,WOA-ABE,48,0.2753930687904358,490
Kitchenham,8,WOA-ABE,49,0.2753930687904358,500
Kitchenham,8,WOA-ABE,50,0.2753930687904358,510
Kitchenham,8,WOA-ABE,51,0.2753930687904358,520
Kitchenham,8,WOA-ABE,52,0.2753930687904358,530
Kitchenham,8,WOA-ABE,53,0.2753930687904358,540
Kitchenham,8,WOA-ABE,54,0.2753930687904358,550
Kitchenham,8,WOA-ABE,55,0.2753930687904358,560
Kitchenham,8,WOA-ABE,56,0.275393009185791,570
Kitchenham,8,WOA-ABE,57,0.275393009185791,580
Kitchenham,8,WOA-ABE,58,0.275393009185791,590
Kitchenham,8,WOA-ABE,59,0.275393009185791,600
Kitchenham,8,WOA-ABE,60,0.275393009185791,610
Kitchenham,8,WOA-ABE,61,0.275393009185791,620
Kitchenham,8,WOA-ABE,62,0.275393009185791,630
Kitchenham,8,WOA-ABE,63,0.275393009185791,640
Kitchenham,8,WOA-ABE,64,0.275393009185791,650
Kitchenham,8,WOA-ABE,65,0.275393009185791,660
Kitchenham,8,WOA-ABE,66,0.275393009185791,670
Kitchenham,8,WOA-ABE,67,0.275393009185791,680
Kitchenham,8,WOA-ABE,68,0.275393009185791,690
Kitchenham,8,WOA-ABE,69,0.275393009185791,700
Kitchenham,8,WOA-ABE,70,0.275393009185791,710
Kitchenham,8,WOA-ABE,71,0.275393009185791,720
Kitchenham,8,WOA-ABE,72,0.275393009185791,730
Kitchenham,8,WOA-ABE,73,0.275393009185791,740
Kitchenham,8,WOA-ABE,74,0.275393009185791,750
Kitchenham,8,WOA-ABE,75,0.2750034034252167,760
Kitchenham,8,WOA-ABE,76,0.2750034034252167,770
Kitchenham,8,WOA-ABE,77,0.2750034034252167,780
Kitchenham,8,WOA-ABE,78,0.2750034034252167,790
Kitchenham,8,WOA-ABE,79,0.27500319480895996,800
Kitchenham,8,WOA-ABE,80,0.27500319480895996,810
Kitchenham,8,WOA-ABE,81,0.27500319480895996,820
Kitchenham,8,WOA-ABE,82,0.27500319480895996,830
Kitchenham,8,WOA-ABE,83,0.27500319480895996,840
Kitchenham,8,WOA-ABE,84,0.27500319480895996,850
Kitchenham,8,WOA-ABE,85,0.27500319480895996,860
Kitchenham,8,WOA-ABE,86,0.27500319480895996,870
Kitchenham,8,WOA-ABE,87,0.27500319480895996,880
Kitchenham,8,WOA-ABE,88,0.27500319480895996,890
Kitchenham,8,WOA-ABE,89,0.27500319480895996,900
Kitchenham,8,WOA-ABE,90,0.27500319480895996,910
Kitchenham,8,WOA-ABE,91,0.27500319480895996,920
Kitchenham,8,WOA-ABE,92,0.2750031352043152,930
Kitchenham,8,WOA-ABE,93,0.2750031352043152,940
Kitchenham,8,WOA-ABE,94,0.2750031352043152,950
Kitchenham,8,WOA-ABE,95,0.2750031352043152,960
Kitchenham,8,WOA-ABE,96,0.2750031352043152,970
Kitchenham,8,WOA-ABE,97,0.2750031352043152,980
Kitchenham,8,WOA-ABE,98,0.2750031352043152,990
Kitchenham,8,WOA-ABE,99,0.2750031352043152,1000
Kitchenham,8,FAABE,0,0.42920202016830444,10
Kitchenham,8,FAABE,1,0.4201720654964447,20
Kitchenham,8,FAABE,2,0.37597158551216125,30
Kitchenham,8,FAABE,3,0.3740440905094147,40
Kitchenham,8,FAABE,4,0.36704590916633606,50
Kitchenham,8,FAABE,5,0.3590211272239685,60
Kitchenham,8,FAABE,6,0.34355852007865906,70
Kitchenham,8,FAABE,7,0.33539775013923645,80
Kitchenham,8,FAABE,8,0.3319444954395294,90
Kitchenham,8,FAABE,9,0.3166869580745697,100
Kitchenham,8,FAABE,10,0.28082016110420227,110
Kitchenham,8,FAABE,11,0.28082016110420227,120
Kitchenham,8,FAABE,12,0.276783287525177,130
Kitchenham,8,FAABE,13,0.276783287525177,140
Kitchenham,8,FAABE,14,0.276783287525177,150
Kitchenham,8,FAABE,15,0.276783287525177,160
Kitchenham,8,FAABE,16,0.276783287525177,170
Kitchenham,8,FAABE,17,0.276783287525177,180
Kitchenham,8,FAABE,18,0.2748143970966339,190
Kitchenham,8,FAABE,19,0.2748143970966339,200
Kitchenham,8,FAABE,20,0.2748143970966339,210
Kitchenham,8,FAABE,21,0.2748143970966339,220
Kitchenham,8,FAABE,22,0.26797887682914734,230
Kitchenham,8,FAABE,23,0.26797887682914734,240
Kitchenham,8,FAABE,24,0.26797887682914734,250
Kitchenham,8,FAABE,25,0.26797887682914734,260
Kitchenham,8,FAABE,26,0.26797887682914734,270
Kitchenham,8,FAABE,27,0.26797887682914734,280
Kitchenham,8,FAABE,28,0.26797887682914734,290
Kitchenham,8,FAABE,29,0.26797887682914734,300
Kitchenham,8,FAABE,30,0.26797887682914734,310
Kitchenham,8,FAABE,31,0.26797887682914734,320
Kitchenham,8,FAABE,32,0.26797887682914734,330
Kitchenham,8,FAABE,33,0.26797887682914734,340
Kitchenham,8,FAABE,34,0.26797887682914734,350
Kitchenham,8,FAABE,35,0.26797887682914734,360
Kitchenham,8,FAABE,36,0.26797887682914734,370
Kitchenham,8,FAABE,37,0.26797887682914734,380
Kitchenham,8,FAABE,38,0.26797887682914734,390
Kitchenham,8,FAABE,39,0.2635772228240967,400
Kitchenham,8,FAABE,40,0.2635772228240967,410
Kitchenham,8,FAABE,41,0.2635772228240967,420
Kitchenham,8,FAABE,42,0.2635772228240967,430
Kitchenham,8,FAABE,43,0.2635772228240967,440
Kitchenham,8,FAABE,44,0.2635772228240967,450
Kitchenham,8,FAABE,45,0.2635772228240967,460
Kitchenham,8,FAABE,46,0.2635772228240967,470
Kitchenham,8,FAABE,47,0.2635772228240967,480
Kitchenham,8,FAABE,48,0.2635772228240967,490
Kitchenham,8,FAABE,49,0.2635772228240967,500
Kitchenham,8,FAABE,50,0.2635772228240967,510
Kitchenham,8,FAABE,51,0.2635772228240967,520
Kitchenham,8,FAABE,52,0.2635772228240967,530
Kitchenham,8,FAABE,53,0.2635772228240967,540
Kitchenham,8,FAABE,54,0.2635772228240967,550
Kitchenham,8,FAABE,55,0.2635772228240967,560
Kitchenham,8,FAABE,56,0.2635772228240967,570
Kitchenham,8,FAABE,57,0.2635772228240967,580
Kitchenham,8,FAABE,58,0.2635772228240967,590
Kitchenham,8,FAABE,59,0.2635772228240967,600
Kitchenham,8,FAABE,60,0.2635772228240967,610
Kitchenham,8,FAABE,61,0.2635772228240967,620
Kitchenham,8,FAABE,62,0.2635772228240967,630
Kitchenham,8,FAABE,63,0.2635772228240967,640
Kitchenham,8,FAABE,64,0.2635772228240967,650
Kitchenham,8,FAABE,65,0.2635772228240967,660
Kitchenham,8,FAABE,66,0.2635772228240967,670
Kitchenham,8,FAABE,67,0.2635772228240967,680
Kitchenham,8,FAABE,68,0.2635772228240967,690
Kitchenham,8,FAABE,69,0.2635772228240967,700
Kitchenham,8,FAABE,70,0.2635772228240967,710
Kitchenham,8,FAABE,71,0.2635772228240967,720
Kitchenham,8,FAABE,72,0.2635772228240967,730
Kitchenham,8,FAABE,73,0.2635772228240967,740
Kitchenham,8,FAABE,74,0.2635772228240967,750
Kitchenham,8,FAABE,75,0.2635772228240967,760
Kitchenham,8,FAABE,76,0.2635772228240967,770
Kitchenham,8,FAABE,77,0.2635772228240967,780
Kitchenham,8,FAABE,78,0.2635772228240967,790
Kitchenham,8,FAABE,79,0.2635772228240967,800
Kitchenham,8,FAABE,80,0.2635772228240967,810
Kitchenham,8,FAABE,81,0.2635772228240967,820
Kitchenham,8,FAABE,82,0.2635772228240967,830
Kitchenham,8,FAABE,83,0.2635772228240967,840
Kitchenham,8,FAABE,84,0.2635772228240967,850
Kitchenham,8,FAABE,85,0.2635772228240967,860
Kitchenham,8,FAABE,86,0.2635772228240967,870
Kitchenham,8,FAABE,87,0.2635772228240967,880
Kitchenham,8,FAABE,88,0.2635772228240967,890
Kitchenham,8,FAABE,89,0.2635772228240967,900
Kitchenham,8,FAABE,90,0.2635772228240967,910
Kitchenham,8,FAABE,91,0.2635772228240967,920
Kitchenham,8,FAABE,92,0.2635772228240967,930
Kitchenham,8,FAABE,93,0.2635772228240967,940
Kitchenham,8,FAABE,94,0.2635772228240967,950
Kitchenham,8,FAABE,95,0.2635772228240967,960
Kitchenham,8,FAABE,96,0.2635772228240967,970
Kitchenham,8,FAABE,97,0.2635772228240967,980
Kitchenham,8,FAABE,98,0.2635772228240967,990
Kitchenham,8,FAABE,99,0.2635772228240967,1000
Kitchenham,9,GA-ABE,0,0.3469086289405823,10
Kitchenham,9,GA-ABE,1,0.3384644091129303,20
Kitchenham,9,GA-ABE,2,0.3339191675186157,30
Kitchenham,9,GA-ABE,3,0.3339191675186157,40
Kitchenham,9,GA-ABE,4,0.3339191675186157,50
Kitchenham,9,GA-ABE,5,0.3339191675186157,60
Kitchenham,9,GA-ABE,6,0.3242432773113251,70
Kitchenham,9,GA-ABE,7,0.3242432773113251,80
Kitchenham,9,GA-ABE,8,0.3242432773113251,90
Kitchenham,9,GA-ABE,9,0.3235718309879303,100
Kitchenham,9,GA-ABE,10,0.3234475553035736,110
Kitchenham,9,GA-ABE,11,0.3234475553035736,120
Kitchenham,9,GA-ABE,12,0.3234475553035736,130
Kitchenham,9,GA-ABE,13,0.3234475553035736,140
Kitchenham,9,GA-ABE,14,0.3234475553035736,150
Kitchenham,9,GA-ABE,15,0.3208560645580292,160
Kitchenham,9,GA-ABE,16,0.3208560645580292,170
Kitchenham,9,GA-ABE,17,0.3198118805885315,180
Kitchenham,9,GA-ABE,18,0.3198118805885315,190
Kitchenham,9,GA-ABE,19,0.3198118805885315,200
Kitchenham,9,GA-ABE,20,0.3198118805885315,210
Kitchenham,9,GA-ABE,21,0.3198118805885315,220
Kitchenham,9,GA-ABE,22,0.3197026252746582,230
Kitchenham,9,GA-ABE,23,0.3175179660320282,240
Kitchenham,9,GA-ABE,24,0.30715203285217285,250
Kitchenham,9,GA-ABE,25,0.30715203285217285,260
Kitchenham,9,GA-ABE,26,0.30315423011779785,270
Kitchenham,9,GA-ABE,27,0.3029431104660034,280
Kitchenham,9,GA-ABE,28,0.3025074303150177,290
Kitchenham,9,GA-ABE,29,0.3019520938396454,300
Kitchenham,9,GA-ABE,30,0.3019520938396454,310
Kitchenham,9,GA-ABE,31,0.3019520938396454,320
Kitchenham,9,GA-ABE,32,0.3019520938396454,330
Kitchenham,9,GA-ABE,33,0.3019520938396454,340
Kitchenham,9,GA-ABE,34,0.285086989402771,350
Kitchenham,9,GA-ABE,35,0.285086989402771,360
Kitchenham,9,GA-ABE,36,0.285086989402771,370
Kitchenham,9,GA-ABE,37,0.28196507692337036,380
Kitchenham,9,GA-ABE,38,0.2818511128425598,390
Kitchenham,9,GA-ABE,39,0.2793999910354614,400
Kitchenham,9,GA-ABE,40,0.2792033851146698,410
Kitchenham,9,GA-ABE,41,0.2792033851146698,420
Kitchenham,9,GA-ABE,42,0.2792033851146698,430
Kitchenham,9,GA-ABE,43,0.2792033851146698,440
Kitchenham,9,GA-ABE,44,0.2792033851146698,450
Kitchenham,9,GA-ABE,45,0.2792033851146698,460
Kitchenham,9,GA-ABE,46,0.2792033851146698,470
Kitchenham,9,GA-ABE,47,0.2792033851146698,480
Kitchenham,9,GA-ABE,48,0.2792033851146698,490
Kitchenham,9,GA-ABE,49,0.2792033851146698,500
Kitchenham,9,GA-ABE,50,0.2792033851146698,510
Kitchenham,9,GA-ABE,51,0.2792033851146698,520
Kitchenham,9,GA-ABE,52,0.2792033851146698,530
Kitchenham,9,GA-ABE,53,0.2792033851146698,540
Kitchenham,9,GA-ABE,54,0.2792033851146698,550
Kitchenham,9,GA-ABE,55,0.2792033851146698,560
Kitchenham,9,GA-ABE,56,0.2792033851146698,570
Kitchenham,9,GA-ABE,57,0.2792033851146698,580
Kitchenham,9,GA-ABE,58,0.2792033851146698,590
Kitchenham,9,GA-ABE,59,0.2792033851146698,600
Kitchenham,9,GA-ABE,60,0.2792033851146698,610
Kitchenham,9,GA-ABE,61,0.2792033851146698,620
Kitchenham,9,GA-ABE,62,0.2792033851146698,630
Kitchenham,9,GA-ABE,63,0.2792033851146698,640
Kitchenham,9,GA-ABE,64,0.2792033851146698,650
Kitchenham,9,GA-ABE,65,0.2792033851146698,660
Kitchenham,9,GA-ABE,66,0.2792033851146698,670
Kitchenham,9,GA-ABE,67,0.2792033851146698,680
Kitchenham,9,GA-ABE,68,0.2792033851146698,690
Kitchenham,9,GA-ABE,69,0.2792033851146698,700
Kitchenham,9,GA-ABE,70,0.2792033851146698,710
Kitchenham,9,GA-ABE,71,0.2792033851146698,720
Kitchenham,9,GA-ABE,72,0.2792033851146698,730
Kitchenham,9,GA-ABE,73,0.2792033851146698,740
Kitchenham,9,GA-ABE,74,0.2792033851146698,750
Kitchenham,9,GA-ABE,75,0.2792033851146698,760
Kitchenham,9,GA-ABE,76,0.2792033851146698,770
Kitchenham,9,GA-ABE,77,0.27384015917778015,780
Kitchenham,9,GA-ABE,78,0.27384015917778015,790
Kitchenham,9,GA-ABE,79,0.2732125222682953,800
Kitchenham,9,GA-ABE,80,0.2732125222682953,810
Kitchenham,9,GA-ABE,81,0.27300170063972473,820
Kitchenham,9,GA-ABE,82,0.27300170063972473,830
Kitchenham,9,GA-ABE,83,0.2730001211166382,840
Kitchenham,9,GA-ABE,84,0.2730001211166382,850
Kitchenham,9,GA-ABE,85,0.2730001211166382,860
Kitchenham,9,GA-ABE,86,0.2730001211166382,870
Kitchenham,9,GA-ABE,87,0.2730001211166382,880
Kitchenham,9,GA-ABE,88,0.2730001211166382,890
Kitchenham,9,GA-ABE,89,0.2730001211166382,900
Kitchenham,9,GA-ABE,90,0.2730001211166382,910
Kitchenham,9,GA-ABE,91,0.2730001211166382,920
Kitchenham,9,GA-ABE,92,0.2730001211166382,930
Kitchenham,9,GA-ABE,93,0.2730001211166382,940
Kitchenham,9,GA-ABE,94,0.2730001211166382,950
Kitchenham,9,GA-ABE,95,0.2730001211166382,960
Kitchenham,9,GA-ABE,96,0.2730001211166382,970
Kitchenham,9,GA-ABE,97,0.2730001211166382,980
Kitchenham,9,GA-ABE,98,0.2730001211166382,990
Kitchenham,9,GA-ABE,99,0.2730001211166382,1000
Kitchenham,9,PSO-ABE,0,0.3400125205516815,10
Kitchenham,9,PSO-ABE,1,0.3371157944202423,20
Kitchenham,9,PSO-ABE,2,0.2970722019672394,30
Kitchenham,9,PSO-ABE,3,0.2970722019672394,40
Kitchenham,9,PSO-ABE,4,0.27940064668655396,50
Kitchenham,9,PSO-ABE,5,0.27940064668655396,60
Kitchenham,9,PSO-ABE,6,0.27940064668655396,70
Kitchenham,9,PSO-ABE,7,0.27940064668655396,80
Kitchenham,9,PSO-ABE,8,0.2792057693004608,90
Kitchenham,9,PSO-ABE,9,0.2792057693004608,100
Kitchenham,9,PSO-ABE,10,0.2792057693004608,110
Kitchenham,9,PSO-ABE,11,0.2792057693004608,120
Kitchenham,9,PSO-ABE,12,0.2792057693004608,130
Kitchenham,9,PSO-ABE,13,0.2792057693004608,140
Kitchenham,9,PSO-ABE,14,0.2792041599750519,150
Kitchenham,9,PSO-ABE,15,0.2792041599750519,160
Kitchenham,9,PSO-ABE,16,0.27920326590538025,170
Kitchenham,9,PSO-ABE,17,0.27920326590538025,180
Kitchenham,9,PSO-ABE,18,0.27920326590538025,190
Kitchenham,9,PSO-ABE,19,0.27920326590538025,200
Kitchenham,9,PSO-ABE,20,0.27920326590538025,210
Kitchenham,9,PSO-ABE,21,0.27920326590538025,220
Kitchenham,9,PSO-ABE,22,0.27920326590538025,230
Kitchenham,9,PSO-ABE,23,0.27920326590538025,240
Kitchenham,9,PSO-ABE,24,0.27920326590538025,250
Kitchenham,9,PSO-ABE,25,0.27920326590538025,260
Kitchenham,9,PSO-ABE,26,0.27920326590538025,270
Kitchenham,9,PSO-ABE,27,0.2792026996612549,280
Kitchenham,9,PSO-ABE,28,0.2792026996612549,290
Kitchenham,9,PSO-ABE,29,0.2792026996612549,300
Kitchenham,9,PSO-ABE,30,0.2792026996612549,310
Kitchenham,9,PSO-ABE,31,0.2792026996612549,320
Kitchenham,9,PSO-ABE,32,0.2792026996612549,330
Kitchenham,9,PSO-ABE,33,0.2792026996612549,340
Kitchenham,9,PSO-ABE,34,0.2792026996612549,350
Kitchenham,9,PSO-ABE,35,0.27920177578926086,360
Kitchenham,9,PSO-ABE,36,0.27920177578926086,370
Kitchenham,9,PSO-ABE,37,0.27920177578926086,380
Kitchenham,9,PSO-ABE,38,0.27920177578926086,390
Kitchenham,9,PSO-ABE,39,0.27920177578926086,400
Kitchenham,9,PSO-ABE,40,0.27920177578926086,410
Kitchenham,9,PSO-ABE,41,0.27920177578926086,420
Kitchenham,9,PSO-ABE,42,0.27920177578926086,430
Kitchenham,9,PSO-ABE,43,0.27920177578926086,440
Kitchenham,9,PSO-ABE,44,0.27920177578926086,450
Kitchenham,9,PSO-ABE,45,0.27920177578926086,460
Kitchenham,9,PSO-ABE,46,0.27920177578926086,470
Kitchenham,9,PSO-ABE,47,0.27920177578926086,480
Kitchenham,9,PSO-ABE,48,0.27920177578926086,490
Kitchenham,9,PSO-ABE,49,0.27920177578926086,500
Kitchenham,9,PSO-ABE,50,0.27920177578926086,510
Kitchenham,9,PSO-ABE,51,0.27920177578926086,520
Kitchenham,9,PSO-ABE,52,0.27920177578926086,530
Kitchenham,9,PSO-ABE,53,0.27920135855674744,540
Kitchenham,9,PSO-ABE,54,0.27920135855674744,550
Kitchenham,9,PSO-ABE,55,0.2792012393474579,560
Kitchenham,9,PSO-ABE,56,0.2792012393474579,570
Kitchenham,9,PSO-ABE,57,0.2792012393474579,580
Kitchenham,9,PSO-ABE,58,0.2792012393474579,590
Kitchenham,9,PSO-ABE,59,0.2792012393474579,600
Kitchenham,9,PSO-ABE,60,0.2792012393474579,610
Kitchenham,9,PSO-ABE,61,0.2792012393474579,620
Kitchenham,9,PSO-ABE,62,0.2792012393474579,630
Kitchenham,9,PSO-ABE,63,0.2792012393474579,640
Kitchenham,9,PSO-ABE,64,0.2792012393474579,650
Kitchenham,9,PSO-ABE,65,0.2792012393474579,660
Kitchenham,9,PSO-ABE,66,0.2792012393474579,670
Kitchenham,9,PSO-ABE,67,0.2792012393474579,680
Kitchenham,9,PSO-ABE,68,0.2792012393474579,690
Kitchenham,9,PSO-ABE,69,0.2792011797428131,700
Kitchenham,9,PSO-ABE,70,0.2792011797428131,710
Kitchenham,9,PSO-ABE,71,0.2792011797428131,720
Kitchenham,9,PSO-ABE,72,0.2792011797428131,730
Kitchenham,9,PSO-ABE,73,0.2792011797428131,740
Kitchenham,9,PSO-ABE,74,0.2792011797428131,750
Kitchenham,9,PSO-ABE,75,0.2792011797428131,760
Kitchenham,9,PSO-ABE,76,0.2792011797428131,770
Kitchenham,9,PSO-ABE,77,0.2792011797428131,780
Kitchenham,9,PSO-ABE,78,0.2792011797428131,790
Kitchenham,9,PSO-ABE,79,0.2792011797428131,800
Kitchenham,9,PSO-ABE,80,0.2792011797428131,810
Kitchenham,9,PSO-ABE,81,0.2792011797428131,820
Kitchenham,9,PSO-ABE,82,0.2792011797428131,830
Kitchenham,9,PSO-ABE,83,0.2792011797428131,840
Kitchenham,9,PSO-ABE,84,0.2792011797428131,850
Kitchenham,9,PSO-ABE,85,0.2792011797428131,860
Kitchenham,9,PSO-ABE,86,0.2792011797428131,870
Kitchenham,9,PSO-ABE,87,0.2792011797428131,880
Kitchenham,9,PSO-ABE,88,0.2792011797428131,890
Kitchenham,9,PSO-ABE,89,0.2792011797428131,900
Kitchenham,9,PSO-ABE,90,0.2792011797428131,910
Kitchenham,9,PSO-ABE,91,0.2792011797428131,920
Kitchenham,9,PSO-ABE,92,0.2792011797428131,930
Kitchenham,9,PSO-ABE,93,0.2792011797428131,940
Kitchenham,9,PSO-ABE,94,0.2792011797428131,950
Kitchenham,9,PSO-ABE,95,0.2792011797428131,960
Kitchenham,9,PSO-ABE,96,0.2792011797428131,970
Kitchenham,9,PSO-ABE,97,0.2792011797428131,980
Kitchenham,9,PSO-ABE,98,0.2792011797428131,990
Kitchenham,9,PSO-ABE,99,0.2792011797428131,1000
Kitchenham,9,DE-ABE,0,0.35291963815689087,10
Kitchenham,9,DE-ABE,1,0.35142138600349426,20
Kitchenham,9,DE-ABE,2,0.3325360119342804,30
Kitchenham,9,DE-ABE,3,0.30743467807769775,40
Kitchenham,9,DE-ABE,4,0.30405113101005554,50
Kitchenham,9,DE-ABE,5,0.3006719946861267,60
Kitchenham,9,DE-ABE,6,0.3006719946861267,70
Kitchenham,9,DE-ABE,7,0.29707133769989014,80
Kitchenham,9,DE-ABE,8,0.29216521978378296,90
Kitchenham,9,DE-ABE,9,0.29216521978378296,100
Kitchenham,9,DE-ABE,10,0.28812846541404724,110
Kitchenham,9,DE-ABE,11,0.287020742893219,120
Kitchenham,9,DE-ABE,12,0.28510960936546326,130
Kitchenham,9,DE-ABE,13,0.284926176071167,140
Kitchenham,9,DE-ABE,14,0.28483039140701294,150
Kitchenham,9,DE-ABE,15,0.28482481837272644,160
Kitchenham,9,DE-ABE,16,0.28482481837272644,170
Kitchenham,9,DE-ABE,17,0.28482481837272644,180
Kitchenham,9,DE-ABE,18,0.28482481837272644,190
Kitchenham,9,DE-ABE,19,0.28482481837272644,200
Kitchenham,9,DE-ABE,20,0.28482481837272644,210
Kitchenham,9,DE-ABE,21,0.28482481837272644,220
Kitchenham,9,DE-ABE,22,0.28482481837272644,230
Kitchenham,9,DE-ABE,23,0.28482481837272644,240
Kitchenham,9,DE-ABE,24,0.28482481837272644,250
Kitchenham,9,DE-ABE,25,0.28482478857040405,260
Kitchenham,9,DE-ABE,26,0.28482434153556824,270
Kitchenham,9,DE-ABE,27,0.28482434153556824,280
Kitchenham,9,DE-ABE,28,0.28482434153556824,290
Kitchenham,9,DE-ABE,29,0.2848241329193115,300
Kitchenham,9,DE-ABE,30,0.2848241329193115,310
Kitchenham,9,DE-ABE,31,0.2848241329193115,320
Kitchenham,9,DE-ABE,32,0.28482410311698914,330
Kitchenham,9,DE-ABE,33,0.28482410311698914,340
Kitchenham,9,DE-ABE,34,0.28482377529144287,350
Kitchenham,9,DE-ABE,35,0.2848236560821533,360
Kitchenham,9,DE-ABE,36,0.28482362627983093,370
Kitchenham,9,DE-ABE,37,0.28482362627983093,380
Kitchenham,9,DE-ABE,38,0.28482359647750854,390
Kitchenham,9,DE-ABE,39,0.28482356667518616,400
Kitchenham,9,DE-ABE,40,0.28482353687286377,410
Kitchenham,9,DE-ABE,41,0.2848234176635742,420
Kitchenham,9,DE-ABE,42,0.28482335805892944,430
Kitchenham,9,DE-ABE,43,0.28482335805892944,440
Kitchenham,9,DE-ABE,44,0.2848232388496399,450
Kitchenham,9,DE-ABE,45,0.2848231792449951,460
Kitchenham,9,DE-ABE,46,0.2848231792449951,470
Kitchenham,9,DE-ABE,47,0.2848231792449951,480
Kitchenham,9,DE-ABE,48,0.2848231792449951,490
Kitchenham,9,DE-ABE,49,0.2848227024078369,500
Kitchenham,9,DE-ABE,50,0.2848224937915802,510
Kitchenham,9,DE-ABE,51,0.2848223149776459,520
Kitchenham,9,DE-ABE,52,0.2848223149776459,530
Kitchenham,9,DE-ABE,53,0.2848220765590668,540
Kitchenham,9,DE-ABE,54,0.2848220765590668,550
Kitchenham,9,DE-ABE,55,0.28482189774513245,560
Kitchenham,9,DE-ABE,56,0.28482189774513245,570
Kitchenham,9,DE-ABE,57,0.28482189774513245,580
Kitchenham,9,DE-ABE,58,0.28482168912887573,590
Kitchenham,9,DE-ABE,59,0.28482165932655334,600
Kitchenham,9,DE-ABE,60,0.28482159972190857,610
Kitchenham,9,DE-ABE,61,0.28482159972190857,620
Kitchenham,9,DE-ABE,62,0.28482159972190857,630
Kitchenham,9,DE-ABE,63,0.28482159972190857,640
Kitchenham,9,DE-ABE,64,0.28482159972190857,650
Kitchenham,9,DE-ABE,65,0.28482159972190857,660
Kitchenham,9,DE-ABE,66,0.28482159972190857,670
Kitchenham,9,DE-ABE,67,0.28482159972190857,680
Kitchenham,9,DE-ABE,68,0.28482159972190857,690
Kitchenham,9,DE-ABE,69,0.28482159972190857,700
Kitchenham,9,DE-ABE,70,0.28482159972190857,710
Kitchenham,9,DE-ABE,71,0.28482159972190857,720
Kitchenham,9,DE-ABE,72,0.28482159972190857,730
Kitchenham,9,DE-ABE,73,0.2848215699195862,740
Kitchenham,9,DE-ABE,74,0.2848215699195862,750
Kitchenham,9,DE-ABE,75,0.2848215401172638,760
Kitchenham,9,DE-ABE,76,0.2848215401172638,770
Kitchenham,9,DE-ABE,77,0.2848215401172638,780
Kitchenham,9,DE-ABE,78,0.2848215401172638,790
Kitchenham,9,DE-ABE,79,0.2848215401172638,800
Kitchenham,9,DE-ABE,80,0.2848215401172638,810
Kitchenham,9,DE-ABE,81,0.2848215103149414,820
Kitchenham,9,DE-ABE,82,0.2848215103149414,830
Kitchenham,9,DE-ABE,83,0.284821480512619,840
Kitchenham,9,DE-ABE,84,0.284821480512619,850
Kitchenham,9,DE-ABE,85,0.284821480512619,860
Kitchenham,9,DE-ABE,86,0.284821480512619,870
Kitchenham,9,DE-ABE,87,0.28482145071029663,880
Kitchenham,9,DE-ABE,88,0.28482142090797424,890
Kitchenham,9,DE-ABE,89,0.28482139110565186,900
Kitchenham,9,DE-ABE,90,0.28482136130332947,910
Kitchenham,9,DE-ABE,91,0.28482136130332947,920
Kitchenham,9,DE-ABE,92,0.28482136130332947,930
Kitchenham,9,DE-ABE,93,0.28482136130332947,940
Kitchenham,9,DE-ABE,94,0.28482136130332947,950
Kitchenham,9,DE-ABE,95,0.28482136130332947,960
Kitchenham,9,DE-ABE,96,0.28482136130332947,970
Kitchenham,9,DE-ABE,97,0.28482136130332947,980
Kitchenham,9,DE-ABE,98,0.28482136130332947,990
Kitchenham,9,DE-ABE,99,0.28482136130332947,1000
Kitchenham,9,GWO-ABE,0,0.3874776065349579,10
Kitchenham,9,GWO-ABE,1,0.28093162178993225,20
Kitchenham,9,GWO-ABE,2,0.2842734456062317,30
Kitchenham,9,GWO-ABE,3,0.28048840165138245,40
Kitchenham,9,GWO-ABE,4,0.2815904915332794,50
Kitchenham,9,GWO-ABE,5,0.28016331791877747,60
Kitchenham,9,GWO-ABE,6,0.2792149782180786,70
Kitchenham,9,GWO-ABE,7,0.27970439195632935,80
Kitchenham,9,GWO-ABE,8,0.27694010734558105,90
Kitchenham,9,GWO-ABE,9,0.2756825387477875,100
Kitchenham,9,GWO-ABE,10,0.276471346616745,110
Kitchenham,9,GWO-ABE,11,0.27542999386787415,120
Kitchenham,9,GWO-ABE,12,0.27753403782844543,130
Kitchenham,9,GWO-ABE,13,0.28079259395599365,140
Kitchenham,9,GWO-ABE,14,0.27753549814224243,150
Kitchenham,9,GWO-ABE,15,0.27725210785865784,160
Kitchenham,9,GWO-ABE,16,0.2756481468677521,170
Kitchenham,9,GWO-ABE,17,0.2749994993209839,180
Kitchenham,9,GWO-ABE,18,0.2764524519443512,190
Kitchenham,9,GWO-ABE,19,0.2750087380409241,200
Kitchenham,9,GWO-ABE,20,0.2789403796195984,210
Kitchenham,9,GWO-ABE,21,0.2753217816352844,220
Kitchenham,9,GWO-ABE,22,0.27684569358825684,230
Kitchenham,9,GWO-ABE,23,0.27357882261276245,240
Kitchenham,9,GWO-ABE,24,0.2765803933143616,250
Kitchenham,9,GWO-ABE,25,0.2752523124217987,260
Kitchenham,9,GWO-ABE,26,0.2752228379249573,270
Kitchenham,9,GWO-ABE,27,0.2771525979042053,280
Kitchenham,9,GWO-ABE,28,0.2753030061721802,290
Kitchenham,9,GWO-ABE,29,0.2766125500202179,300
Kitchenham,9,GWO-ABE,30,0.27531352639198303,310
Kitchenham,9,GWO-ABE,31,0.27668634057044983,320
Kitchenham,9,GWO-ABE,32,0.2748883068561554,330
Kitchenham,9,GWO-ABE,33,0.2782818078994751,340
Kitchenham,9,GWO-ABE,34,0.2736908793449402,350
Kitchenham,9,GWO-ABE,35,0.27567258477211,360
Kitchenham,9,GWO-ABE,36,0.2767888307571411,370
Kitchenham,9,GWO-ABE,37,0.2778625190258026,380
Kitchenham,9,GWO-ABE,38,0.2764759063720703,390
Kitchenham,9,GWO-ABE,39,0.27526140213012695,400
Kitchenham,9,GWO-ABE,40,0.2777917981147766,410
Kitchenham,9,GWO-ABE,41,0.2756366729736328,420
Kitchenham,9,GWO-ABE,42,0.27566686272621155,430
Kitchenham,9,GWO-ABE,43,0.2747827172279358,440
Kitchenham,9,GWO-ABE,44,0.2739843726158142,450
Kitchenham,9,GWO-ABE,45,0.27392643690109253,460
Kitchenham,9,GWO-ABE,46,0.2778625786304474,470
Kitchenham,9,GWO-ABE,47,0.2765054404735565,480
Kitchenham,9,GWO-ABE,48,0.27567973732948303,490
Kitchenham,9,GWO-ABE,49,0.27621570229530334,500
Kitchenham,9,GWO-ABE,50,0.2749357521533966,510
Kitchenham,9,GWO-ABE,51,0.27478447556495667,520
Kitchenham,9,GWO-ABE,52,0.2735077440738678,530
Kitchenham,9,GWO-ABE,53,0.27394652366638184,540
Kitchenham,9,GWO-ABE,54,0.27616122364997864,550
Kitchenham,9,GWO-ABE,55,0.27306559681892395,560
Kitchenham,9,GWO-ABE,56,0.27300795912742615,570
Kitchenham,9,GWO-ABE,57,0.2743712365627289,580
Kitchenham,9,GWO-ABE,58,0.2753051221370697,590
Kitchenham,9,GWO-ABE,59,0.2748669385910034,600
Kitchenham,9,GWO-ABE,60,0.2752847671508789,610
Kitchenham,9,GWO-ABE,61,0.2756175100803375,620
Kitchenham,9,GWO-ABE,62,0.2752602994441986,630
Kitchenham,9,GWO-ABE,63,0.27693140506744385,640
Kitchenham,9,GWO-ABE,64,0.27372097969055176,650
Kitchenham,9,GWO-ABE,65,0.27392578125,660
Kitchenham,9,GWO-ABE,66,0.27476203441619873,670
Kitchenham,9,GWO-ABE,67,0.2739708125591278,680
Kitchenham,9,GWO-ABE,68,0.2747337818145752,690
Kitchenham,9,GWO-ABE,69,0.2736610472202301,700
Kitchenham,9,GWO-ABE,70,0.2747717797756195,710
Kitchenham,9,GWO-ABE,71,0.2748589813709259,720
Kitchenham,9,GWO-ABE,72,0.2735074758529663,730
Kitchenham,9,GWO-ABE,73,0.27386021614074707,740
Kitchenham,9,GWO-ABE,74,0.273576021194458,750
Kitchenham,9,GWO-ABE,75,0.2748833894729614,760
Kitchenham,9,GWO-ABE,76,0.27478644251823425,770
Kitchenham,9,GWO-ABE,77,0.27388548851013184,780
Kitchenham,9,GWO-ABE,78,0.2735063433647156,790
Kitchenham,9,GWO-ABE,79,0.27385157346725464,800
Kitchenham,9,GWO-ABE,80,0.27385061979293823,810
Kitchenham,9,GWO-ABE,81,0.27371370792388916,820
Kitchenham,9,GWO-ABE,82,0.27349478006362915,830
Kitchenham,9,GWO-ABE,83,0.27309635281562805,840
Kitchenham,9,GWO-ABE,84,0.2744658589363098,850
Kitchenham,9,GWO-ABE,85,0.2738869786262512,860
Kitchenham,9,GWO-ABE,86,0.273375928401947,870
Kitchenham,9,GWO-ABE,87,0.27306297421455383,880
Kitchenham,9,GWO-ABE,88,0.27301025390625,890
Kitchenham,9,GWO-ABE,89,0.2733768820762634,900
Kitchenham,9,GWO-ABE,90,0.2740633487701416,910
Kitchenham,9,GWO-ABE,91,0.2730026841163635,920
Kitchenham,9,GWO-ABE,92,0.2731696665287018,930
Kitchenham,9,GWO-ABE,93,0.2731786370277405,940
Kitchenham,9,GWO-ABE,94,0.2729676365852356,950
Kitchenham,9,GWO-ABE,95,0.2734892964363098,960
Kitchenham,9,GWO-ABE,96,0.27296921610832214,970
Kitchenham,9,GWO-ABE,97,0.2726772427558899,980
Kitchenham,9,GWO-ABE,98,0.27265360951423645,990
Kitchenham,9,GWO-ABE,99,0.2729641795158386,1000
Kitchenham,9,WOA-ABE,0,0.42151376605033875,10
Kitchenham,9,WOA-ABE,1,0.3054332733154297,20
Kitchenham,9,WOA-ABE,2,0.3054332733154297,30
Kitchenham,9,WOA-ABE,3,0.28196993470191956,40
Kitchenham,9,WOA-ABE,4,0.28196993470191956,50
Kitchenham,9,WOA-ABE,5,0.28196993470191956,60
Kitchenham,9,WOA-ABE,6,0.28196993470191956,70
Kitchenham,9,WOA-ABE,7,0.27972906827926636,80
Kitchenham,9,WOA-ABE,8,0.2792039215564728,90
Kitchenham,9,WOA-ABE,9,0.2792039215564728,100
Kitchenham,9,WOA-ABE,10,0.2792039215564728,110
Kitchenham,9,WOA-ABE,11,0.2792039215564728,120
Kitchenham,9,WOA-ABE,12,0.2792039215564728,130
Kitchenham,9,WOA-ABE,13,0.2792039215564728,140
Kitchenham,9,WOA-ABE,14,0.2792039215564728,150
Kitchenham,9,WOA-ABE,15,0.2792039215564728,160
Kitchenham,9,WOA-ABE,16,0.2792039215564728,170
Kitchenham,9,WOA-ABE,17,0.2792039215564728,180
Kitchenham,9,WOA-ABE,18,0.2792039215564728,190
Kitchenham,9,WOA-ABE,19,0.2792039215564728,200
Kitchenham,9,WOA-ABE,20,0.2792039215564728,210
Kitchenham,9,WOA-ABE,21,0.2792039215564728,220
Kitchenham,9,WOA-ABE,22,0.2792039215564728,230
Kitchenham,9,WOA-ABE,23,0.2792039215564728,240
Kitchenham,9,WOA-ABE,24,0.2792039215564728,250
Kitchenham,9,WOA-ABE,25,0.2792039215564728,260
Kitchenham,9,WOA-ABE,26,0.2792039215564728,270
Kitchenham,9,WOA-ABE,27,0.2792039215564728,280
Kitchenham,9,WOA-ABE,28,0.2792039215564728,290
Kitchenham,9,WOA-ABE,29,0.2792031764984131,300
Kitchenham,9,WOA-ABE,30,0.2792031764984131,310
Kitchenham,9,WOA-ABE,31,0.2792031764984131,320
Kitchenham,9,WOA-ABE,32,0.2792031764984131,330
Kitchenham,9,WOA-ABE,33,0.2792031764984131,340
Kitchenham,9,WOA-ABE,34,0.2792031764984131,350
Kitchenham,9,WOA-ABE,35,0.2792031764984131,360
Kitchenham,9,WOA-ABE,36,0.2792031764984131,370
Kitchenham,9,WOA-ABE,37,0.2792031764984131,380
Kitchenham,9,WOA-ABE,38,0.2792031764984131,390
Kitchenham,9,WOA-ABE,39,0.2792031764984131,400
Kitchenham,9,WOA-ABE,40,0.2792031764984131,410
Kitchenham,9,WOA-ABE,41,0.2792031764984131,420
Kitchenham,9,WOA-ABE,42,0.2792031764984131,430
Kitchenham,9,WOA-ABE,43,0.2792031764984131,440
Kitchenham,9,WOA-ABE,44,0.2792031764984131,450
Kitchenham,9,WOA-ABE,45,0.2792031764984131,460
Kitchenham,9,WOA-ABE,46,0.2792031764984131,470
Kitchenham,9,WOA-ABE,47,0.2792031764984131,480
Kitchenham,9,WOA-ABE,48,0.27920296788215637,490
Kitchenham,9,WOA-ABE,49,0.27920296788215637,500
Kitchenham,9,WOA-ABE,50,0.27920296788215637,510
Kitchenham,9,WOA-ABE,51,0.27920296788215637,520
Kitchenham,9,WOA-ABE,52,0.27920296788215637,530
Kitchenham,9,WOA-ABE,53,0.27920296788215637,540
Kitchenham,9,WOA-ABE,54,0.27920296788215637,550
Kitchenham,9,WOA-ABE,55,0.27920296788215637,560
Kitchenham,9,WOA-ABE,56,0.27920296788215637,570
Kitchenham,9,WOA-ABE,57,0.27920296788215637,580
Kitchenham,9,WOA-ABE,58,0.27920296788215637,590
Kitchenham,9,WOA-ABE,59,0.27920296788215637,600
Kitchenham,9,WOA-ABE,60,0.2792022228240967,610
Kitchenham,9,WOA-ABE,61,0.27920159697532654,620
Kitchenham,9,WOA-ABE,62,0.27920159697532654,630
Kitchenham,9,WOA-ABE,63,0.27920159697532654,640
Kitchenham,9,WOA-ABE,64,0.27920159697532654,650
Kitchenham,9,WOA-ABE,65,0.27920159697532654,660
Kitchenham,9,WOA-ABE,66,0.27920159697532654,670
Kitchenham,9,WOA-ABE,67,0.27920159697532654,680
Kitchenham,9,WOA-ABE,68,0.27920159697532654,690
Kitchenham,9,WOA-ABE,69,0.27920159697532654,700
Kitchenham,9,WOA-ABE,70,0.27920159697532654,710
Kitchenham,9,WOA-ABE,71,0.27920159697532654,720
Kitchenham,9,WOA-ABE,72,0.27920159697532654,730
Kitchenham,9,WOA-ABE,73,0.27920159697532654,740
Kitchenham,9,WOA-ABE,74,0.27920159697532654,750
Kitchenham,9,WOA-ABE,75,0.27920159697532654,760
Kitchenham,9,WOA-ABE,76,0.27920159697532654,770
Kitchenham,9,WOA-ABE,77,0.27920159697532654,780
Kitchenham,9,WOA-ABE,78,0.27920159697532654,790
Kitchenham,9,WOA-ABE,79,0.27920159697532654,800
Kitchenham,9,WOA-ABE,80,0.27920159697532654,810
Kitchenham,9,WOA-ABE,81,0.27920159697532654,820
Kitchenham,9,WOA-ABE,82,0.27920129895210266,830
Kitchenham,9,WOA-ABE,83,0.27920129895210266,840
Kitchenham,9,WOA-ABE,84,0.27920129895210266,850
Kitchenham,9,WOA-ABE,85,0.27920129895210266,860
Kitchenham,9,WOA-ABE,86,0.27920129895210266,870
Kitchenham,9,WOA-ABE,87,0.2792012393474579,880
Kitchenham,9,WOA-ABE,88,0.2792012393474579,890
Kitchenham,9,WOA-ABE,89,0.2792012393474579,900
Kitchenham,9,WOA-ABE,90,0.2792012393474579,910
Kitchenham,9,WOA-ABE,91,0.2792012393474579,920
Kitchenham,9,WOA-ABE,92,0.2792012393474579,930
Kitchenham,9,WOA-ABE,93,0.2792012393474579,940
Kitchenham,9,WOA-ABE,94,0.2792012393474579,950
Kitchenham,9,WOA-ABE,95,0.2792012393474579,960
Kitchenham,9,WOA-ABE,96,0.2792012393474579,970
Kitchenham,9,WOA-ABE,97,0.2792012393474579,980
Kitchenham,9,WOA-ABE,98,0.2792012393474579,990
Kitchenham,9,WOA-ABE,99,0.2792012393474579,1000
Kitchenham,9,FAABE,0,0.31168681383132935,10
Kitchenham,9,FAABE,1,0.31168681383132935,20
Kitchenham,9,FAABE,2,0.30112388730049133,30
Kitchenham,9,FAABE,3,0.28070056438446045,40
Kitchenham,9,FAABE,4,0.28070056438446045,50
Kitchenham,9,FAABE,5,0.28070056438446045,60
Kitchenham,9,FAABE,6,0.28070056438446045,70
Kitchenham,9,FAABE,7,0.2742917239665985,80
Kitchenham,9,FAABE,8,0.2742917239665985,90
Kitchenham,9,FAABE,9,0.2742917239665985,100
Kitchenham,9,FAABE,10,0.2742917239665985,110
Kitchenham,9,FAABE,11,0.2742917239665985,120
Kitchenham,9,FAABE,12,0.2742917239665985,130
Kitchenham,9,FAABE,13,0.2742917239665985,140
Kitchenham,9,FAABE,14,0.2742917239665985,150
Kitchenham,9,FAABE,15,0.2742917239665985,160
Kitchenham,9,FAABE,16,0.2742917239665985,170
Kitchenham,9,FAABE,17,0.2742917239665985,180
Kitchenham,9,FAABE,18,0.2742917239665985,190
Kitchenham,9,FAABE,19,0.2742917239665985,200
Kitchenham,9,FAABE,20,0.2742917239665985,210
Kitchenham,9,FAABE,21,0.2742917239665985,220
Kitchenham,9,FAABE,22,0.2742917239665985,230
Kitchenham,9,FAABE,23,0.2742917239665985,240
Kitchenham,9,FAABE,24,0.2742917239665985,250
Kitchenham,9,FAABE,25,0.2742917239665985,260
Kitchenham,9,FAABE,26,0.2742917239665985,270
Kitchenham,9,FAABE,27,0.2742917239665985,280
Kitchenham,9,FAABE,28,0.2742917239665985,290
Kitchenham,9,FAABE,29,0.2742917239665985,300
Kitchenham,9,FAABE,30,0.2742917239665985,310
Kitchenham,9,FAABE,31,0.2742917239665985,320
Kitchenham,9,FAABE,32,0.2742917239665985,330
Kitchenham,9,FAABE,33,0.2742917239665985,340
Kitchenham,9,FAABE,34,0.2742917239665985,350
Kitchenham,9,FAABE,35,0.2742917239665985,360
Kitchenham,9,FAABE,36,0.2742917239665985,370
Kitchenham,9,FAABE,37,0.2742917239665985,380
Kitchenham,9,FAABE,38,0.2742917239665985,390
Kitchenham,9,FAABE,39,0.2742917239665985,400
Kitchenham,9,FAABE,40,0.2742917239665985,410
Kitchenham,9,FAABE,41,0.2742917239665985,420
Kitchenham,9,FAABE,42,0.2742917239665985,430
Kitchenham,9,FAABE,43,0.2742917239665985,440
Kitchenham,9,FAABE,44,0.2742917239665985,450
Kitchenham,9,FAABE,45,0.2742917239665985,460
Kitchenham,9,FAABE,46,0.2742917239665985,470
Kitchenham,9,FAABE,47,0.2742917239665985,480
Kitchenham,9,FAABE,48,0.2742917239665985,490
Kitchenham,9,FAABE,49,0.2742917239665985,500
Kitchenham,9,FAABE,50,0.2742917239665985,510
Kitchenham,9,FAABE,51,0.2742917239665985,520
Kitchenham,9,FAABE,52,0.2742917239665985,530
Kitchenham,9,FAABE,53,0.2742917239665985,540
Kitchenham,9,FAABE,54,0.2742917239665985,550
Kitchenham,9,FAABE,55,0.2742917239665985,560
Kitchenham,9,FAABE,56,0.2742917239665985,570
Kitchenham,9,FAABE,57,0.2742917239665985,580
Kitchenham,9,FAABE,58,0.2742917239665985,590
Kitchenham,9,FAABE,59,0.2742917239665985,600
Kitchenham,9,FAABE,60,0.2742917239665985,610
Kitchenham,9,FAABE,61,0.2742917239665985,620
Kitchenham,9,FAABE,62,0.2742917239665985,630
Kitchenham,9,FAABE,63,0.2742917239665985,640
Kitchenham,9,FAABE,64,0.2742917239665985,650
Kitchenham,9,FAABE,65,0.2742917239665985,660
Kitchenham,9,FAABE,66,0.2742917239665985,670
Kitchenham,9,FAABE,67,0.2742917239665985,680
Kitchenham,9,FAABE,68,0.2742917239665985,690
Kitchenham,9,FAABE,69,0.2742917239665985,700
Kitchenham,9,FAABE,70,0.2742917239665985,710
Kitchenham,9,FAABE,71,0.2742917239665985,720
Kitchenham,9,FAABE,72,0.2742917239665985,730
Kitchenham,9,FAABE,73,0.2742917239665985,740
Kitchenham,9,FAABE,74,0.2742917239665985,750
Kitchenham,9,FAABE,75,0.2742917239665985,760
Kitchenham,9,FAABE,76,0.2742917239665985,770
Kitchenham,9,FAABE,77,0.2742917239665985,780
Kitchenham,9,FAABE,78,0.2742917239665985,790
Kitchenham,9,FAABE,79,0.2742917239665985,800
Kitchenham,9,FAABE,80,0.2742917239665985,810
Kitchenham,9,FAABE,81,0.2742917239665985,820
Kitchenham,9,FAABE,82,0.2742917239665985,830
Kitchenham,9,FAABE,83,0.2742917239665985,840
Kitchenham,9,FAABE,84,0.2742917239665985,850
Kitchenham,9,FAABE,85,0.2742917239665985,860
Kitchenham,9,FAABE,86,0.2742917239665985,870
Kitchenham,9,FAABE,87,0.2742917239665985,880
Kitchenham,9,FAABE,88,0.2742917239665985,890
Kitchenham,9,FAABE,89,0.2742917239665985,900
Kitchenham,9,FAABE,90,0.2742917239665985,910
Kitchenham,9,FAABE,91,0.2742917239665985,920
Kitchenham,9,FAABE,92,0.2742917239665985,930
Kitchenham,9,FAABE,93,0.2742917239665985,940
Kitchenham,9,FAABE,94,0.2742917239665985,950
Kitchenham,9,FAABE,95,0.2742917239665985,960
Kitchenham,9,FAABE,96,0.2742917239665985,970
Kitchenham,9,FAABE,97,0.2742917239665985,980
Kitchenham,9,FAABE,98,0.2742917239665985,990
Kitchenham,9,FAABE,99,0.2742917239665985,1000
Kitchenham,10,GA-ABE,0,0.4718019664287567,10
Kitchenham,10,GA-ABE,1,0.4491962790489197,20
Kitchenham,10,GA-ABE,2,0.40546876192092896,30
Kitchenham,10,GA-ABE,3,0.3903912901878357,40
Kitchenham,10,GA-ABE,4,0.38769838213920593,50
Kitchenham,10,GA-ABE,5,0.3780297636985779,60
Kitchenham,10,GA-ABE,6,0.3653559684753418,70
Kitchenham,10,GA-ABE,7,0.3653559684753418,80
Kitchenham,10,GA-ABE,8,0.35694196820259094,90
Kitchenham,10,GA-ABE,9,0.35694196820259094,100
Kitchenham,10,GA-ABE,10,0.3261604905128479,110
Kitchenham,10,GA-ABE,11,0.3261604905128479,120
Kitchenham,10,GA-ABE,12,0.3188578188419342,130
Kitchenham,10,GA-ABE,13,0.3188578188419342,140
Kitchenham,10,GA-ABE,14,0.3003276586532593,150
Kitchenham,10,GA-ABE,15,0.2990991771221161,160
Kitchenham,10,GA-ABE,16,0.2990991771221161,170
Kitchenham,10,GA-ABE,17,0.29148635268211365,180
Kitchenham,10,GA-ABE,18,0.29148635268211365,190
Kitchenham,10,GA-ABE,19,0.2803742587566376,200
Kitchenham,10,GA-ABE,20,0.2780783176422119,210
Kitchenham,10,GA-ABE,21,0.2780783176422119,220
Kitchenham,10,GA-ABE,22,0.27473440766334534,230
Kitchenham,10,GA-ABE,23,0.2719387114048004,240
Kitchenham,10,GA-ABE,24,0.2719387114048004,250
Kitchenham,10,GA-ABE,25,0.2719387114048004,260
Kitchenham,10,GA-ABE,26,0.27126774191856384,270
Kitchenham,10,GA-ABE,27,0.27126774191856384,280
Kitchenham,10,GA-ABE,28,0.27126774191856384,290
Kitchenham,10,GA-ABE,29,0.27126774191856384,300
Kitchenham,10,GA-ABE,30,0.27126774191856384,310
Kitchenham,10,GA-ABE,31,0.27126774191856384,320
Kitchenham,10,GA-ABE,32,0.2712649405002594,330
Kitchenham,10,GA-ABE,33,0.2712649405002594,340
Kitchenham,10,GA-ABE,34,0.2712649405002594,350
Kitchenham,10,GA-ABE,35,0.2712649405002594,360
Kitchenham,10,GA-ABE,36,0.2712649405002594,370
Kitchenham,10,GA-ABE,37,0.2712649405002594,380
Kitchenham,10,GA-ABE,38,0.2712649405002594,390
Kitchenham,10,GA-ABE,39,0.2712649405002594,400
Kitchenham,10,GA-ABE,40,0.2712649405002594,410
Kitchenham,10,GA-ABE,41,0.2712649405002594,420
Kitchenham,10,GA-ABE,42,0.2692451775074005,430
Kitchenham,10,GA-ABE,43,0.2601379454135895,440
Kitchenham,10,GA-ABE,44,0.2601379454135895,450
Kitchenham,10,GA-ABE,45,0.2580282688140869,460
Kitchenham,10,GA-ABE,46,0.2580282688140869,470
Kitchenham,10,GA-ABE,47,0.2569359242916107,480
Kitchenham,10,GA-ABE,48,0.2569359242916107,490
Kitchenham,10,GA-ABE,49,0.2569359242916107,500
Kitchenham,10,GA-ABE,50,0.25692182779312134,510
Kitchenham,10,GA-ABE,51,0.25692182779312134,520
Kitchenham,10,GA-ABE,52,0.25692182779312134,530
Kitchenham,10,GA-ABE,53,0.2569217383861542,540
Kitchenham,10,GA-ABE,54,0.2569216787815094,550
Kitchenham,10,GA-ABE,55,0.2569216787815094,560
Kitchenham,10,GA-ABE,56,0.2569216787815094,570
Kitchenham,10,GA-ABE,57,0.256921648979187,580
Kitchenham,10,GA-ABE,58,0.256921648979187,590
Kitchenham,10,GA-ABE,59,0.256921648979187,600
Kitchenham,10,GA-ABE,60,0.256921648979187,610
Kitchenham,10,GA-ABE,61,0.256921648979187,620
Kitchenham,10,GA-ABE,62,0.256921648979187,630
Kitchenham,10,GA-ABE,63,0.256921648979187,640
Kitchenham,10,GA-ABE,64,0.256921648979187,650
Kitchenham,10,GA-ABE,65,0.25684449076652527,660
Kitchenham,10,GA-ABE,66,0.25684449076652527,670
Kitchenham,10,GA-ABE,67,0.25684449076652527,680
Kitchenham,10,GA-ABE,68,0.25684449076652527,690
Kitchenham,10,GA-ABE,69,0.25604405999183655,700
Kitchenham,10,GA-ABE,70,0.25604405999183655,710
Kitchenham,10,GA-ABE,71,0.25604405999183655,720
Kitchenham,10,GA-ABE,72,0.25604405999183655,730
Kitchenham,10,GA-ABE,73,0.2560412883758545,740
Kitchenham,10,GA-ABE,74,0.2560412883758545,750
Kitchenham,10,GA-ABE,75,0.2560412883758545,760
Kitchenham,10,GA-ABE,76,0.2560412883758545,770
Kitchenham,10,GA-ABE,77,0.2560412883758545,780
Kitchenham,10,GA-ABE,78,0.2560412883758545,790
Kitchenham,10,GA-ABE,79,0.2560412883758545,800
Kitchenham,10,GA-ABE,80,0.2560412883758545,810
Kitchenham,10,GA-ABE,81,0.2560412883758545,820
Kitchenham,10,GA-ABE,82,0.2560412883758545,830
Kitchenham,10,GA-ABE,83,0.2560412883758545,840
Kitchenham,10,GA-ABE,84,0.2560412883758545,850
Kitchenham,10,GA-ABE,85,0.2560412883758545,860
Kitchenham,10,GA-ABE,86,0.2560412883758545,870
Kitchenham,10,GA-ABE,87,0.2560412883758545,880
Kitchenham,10,GA-ABE,88,0.2560412883758545,890
Kitchenham,10,GA-ABE,89,0.2560412883758545,900
Kitchenham,10,GA-ABE,90,0.2560412883758545,910
Kitchenham,10,GA-ABE,91,0.2560412883758545,920
Kitchenham,10,GA-ABE,92,0.2560412883758545,930
Kitchenham,10,GA-ABE,93,0.2560412883758545,940
Kitchenham,10,GA-ABE,94,0.2560390830039978,950
Kitchenham,10,GA-ABE,95,0.2560390830039978,960
Kitchenham,10,GA-ABE,96,0.2560390830039978,970
Kitchenham,10,GA-ABE,97,0.2560390830039978,980
Kitchenham,10,GA-ABE,98,0.2560390830039978,990
Kitchenham,10,GA-ABE,99,0.2560390830039978,1000
Kitchenham,10,PSO-ABE,0,0.40420177578926086,10
Kitchenham,10,PSO-ABE,1,0.3297799825668335,20
Kitchenham,10,PSO-ABE,2,0.31439208984375,30
Kitchenham,10,PSO-ABE,3,0.28236520290374756,40
Kitchenham,10,PSO-ABE,4,0.27905774116516113,50
Kitchenham,10,PSO-ABE,5,0.27905774116516113,60
Kitchenham,10,PSO-ABE,6,0.2758696377277374,70
Kitchenham,10,PSO-ABE,7,0.27581116557121277,80
Kitchenham,10,PSO-ABE,8,0.27574095129966736,90
Kitchenham,10,PSO-ABE,9,0.27574095129966736,100
Kitchenham,10,PSO-ABE,10,0.2748970687389374,110
Kitchenham,10,PSO-ABE,11,0.2748904526233673,120
Kitchenham,10,PSO-ABE,12,0.2744820713996887,130
Kitchenham,10,PSO-ABE,13,0.2744820713996887,140
Kitchenham,10,PSO-ABE,14,0.2744820713996887,150
Kitchenham,10,PSO-ABE,15,0.2744820713996887,160
Kitchenham,10,PSO-ABE,16,0.2744820713996887,170
Kitchenham,10,PSO-ABE,17,0.2744820713996887,180
Kitchenham,10,PSO-ABE,18,0.2744820713996887,190
Kitchenham,10,PSO-ABE,19,0.2744820713996887,200
Kitchenham,10,PSO-ABE,20,0.2744820713996887,210
Kitchenham,10,PSO-ABE,21,0.2744820713996887,220
Kitchenham,10,PSO-ABE,22,0.27448105812072754,230
Kitchenham,10,PSO-ABE,23,0.27448105812072754,240
Kitchenham,10,PSO-ABE,24,0.27448105812072754,250
Kitchenham,10,PSO-ABE,25,0.27448105812072754,260
Kitchenham,10,PSO-ABE,26,0.27448105812072754,270
Kitchenham,10,PSO-ABE,27,0.27448105812072754,280
Kitchenham,10,PSO-ABE,28,0.27448105812072754,290
Kitchenham,10,PSO-ABE,29,0.27448105812072754,300
Kitchenham,10,PSO-ABE,30,0.27448105812072754,310
Kitchenham,10,PSO-ABE,31,0.2739575505256653,320
Kitchenham,10,PSO-ABE,32,0.2739575505256653,330
Kitchenham,10,PSO-ABE,33,0.2739575505256653,340
Kitchenham,10,PSO-ABE,34,0.2739575505256653,350
Kitchenham,10,PSO-ABE,35,0.27343592047691345,360
Kitchenham,10,PSO-ABE,36,0.2734343707561493,370
Kitchenham,10,PSO-ABE,37,0.2734343707561493,380
Kitchenham,10,PSO-ABE,38,0.2734343707561493,390
Kitchenham,10,PSO-ABE,39,0.2734343707561493,400
Kitchenham,10,PSO-ABE,40,0.2734343707561493,410
Kitchenham,10,PSO-ABE,41,0.2734343707561493,420
Kitchenham,10,PSO-ABE,42,0.2734343707561493,430
Kitchenham,10,PSO-ABE,43,0.2734343707561493,440
Kitchenham,10,PSO-ABE,44,0.2734343707561493,450
Kitchenham,10,PSO-ABE,45,0.2734343707561493,460
Kitchenham,10,PSO-ABE,46,0.2734343707561493,470
Kitchenham,10,PSO-ABE,47,0.2734343707561493,480
Kitchenham,10,PSO-ABE,48,0.2734343707561493,490
Kitchenham,10,PSO-ABE,49,0.2734343707561493,500
Kitchenham,10,PSO-ABE,50,0.2734343707561493,510
Kitchenham,10,PSO-ABE,51,0.2734343707561493,520
Kitchenham,10,PSO-ABE,52,0.27343428134918213,530
Kitchenham,10,PSO-ABE,53,0.27343428134918213,540
Kitchenham,10,PSO-ABE,54,0.27343428134918213,550
Kitchenham,10,PSO-ABE,55,0.27343428134918213,560
Kitchenham,10,PSO-ABE,56,0.27343428134918213,570
Kitchenham,10,PSO-ABE,57,0.27343428134918213,580
Kitchenham,10,PSO-ABE,58,0.27343428134918213,590
Kitchenham,10,PSO-ABE,59,0.27343428134918213,600
Kitchenham,10,PSO-ABE,60,0.27343428134918213,610
Kitchenham,10,PSO-ABE,61,0.27343428134918213,620
Kitchenham,10,PSO-ABE,62,0.27343428134918213,630
Kitchenham,10,PSO-ABE,63,0.27343428134918213,640
Kitchenham,10,PSO-ABE,64,0.27343428134918213,650
Kitchenham,10,PSO-ABE,65,0.27343428134918213,660
Kitchenham,10,PSO-ABE,66,0.27343428134918213,670
Kitchenham,10,PSO-ABE,67,0.27343428134918213,680
Kitchenham,10,PSO-ABE,68,0.27343428134918213,690
Kitchenham,10,PSO-ABE,69,0.27343428134918213,700
Kitchenham,10,PSO-ABE,70,0.27343428134918213,710
Kitchenham,10,PSO-ABE,71,0.27343428134918213,720
Kitchenham,10,PSO-ABE,72,0.27343428134918213,730
Kitchenham,10,PSO-ABE,73,0.27343428134918213,740
Kitchenham,10,PSO-ABE,74,0.27343422174453735,750
Kitchenham,10,PSO-ABE,75,0.27343422174453735,760
Kitchenham,10,PSO-ABE,76,0.27343422174453735,770
Kitchenham,10,PSO-ABE,77,0.27343422174453735,780
Kitchenham,10,PSO-ABE,78,0.27343422174453735,790
Kitchenham,10,PSO-ABE,79,0.27343422174453735,800
Kitchenham,10,PSO-ABE,80,0.27343422174453735,810
Kitchenham,10,PSO-ABE,81,0.27343422174453735,820
Kitchenham,10,PSO-ABE,82,0.27343422174453735,830
Kitchenham,10,PSO-ABE,83,0.27343422174453735,840
Kitchenham,10,PSO-ABE,84,0.27343422174453735,850
Kitchenham,10,PSO-ABE,85,0.27343422174453735,860
Kitchenham,10,PSO-ABE,86,0.27343422174453735,870
Kitchenham,10,PSO-ABE,87,0.27343422174453735,880
Kitchenham,10,PSO-ABE,88,0.27343422174453735,890
Kitchenham,10,PSO-ABE,89,0.27343422174453735,900
Kitchenham,10,PSO-ABE,90,0.27343422174453735,910
Kitchenham,10,PSO-ABE,91,0.27343422174453735,920
Kitchenham,10,PSO-ABE,92,0.27343422174453735,930
Kitchenham,10,PSO-ABE,93,0.27343422174453735,940
Kitchenham,10,PSO-ABE,94,0.27343422174453735,950
Kitchenham,10,PSO-ABE,95,0.27343422174453735,960
Kitchenham,10,PSO-ABE,96,0.27343422174453735,970
Kitchenham,10,PSO-ABE,97,0.27343422174453735,980
Kitchenham,10,PSO-ABE,98,0.27343419194221497,990
Kitchenham,10,PSO-ABE,99,0.27343419194221497,1000
Kitchenham,10,DE-ABE,0,0.31589990854263306,10
Kitchenham,10,DE-ABE,1,0.31589990854263306,20
Kitchenham,10,DE-ABE,2,0.31589990854263306,30
Kitchenham,10,DE-ABE,3,0.30894017219543457,40
Kitchenham,10,DE-ABE,4,0.30894017219543457,50
Kitchenham,10,DE-ABE,5,0.3016158938407898,60
Kitchenham,10,DE-ABE,6,0.3016158938407898,70
Kitchenham,10,DE-ABE,7,0.3016158938407898,80
Kitchenham,10,DE-ABE,8,0.29801487922668457,90
Kitchenham,10,DE-ABE,9,0.2967129051685333,100
Kitchenham,10,DE-ABE,10,0.2961663007736206,110
Kitchenham,10,DE-ABE,11,0.29380127787590027,120
Kitchenham,10,DE-ABE,12,0.29380127787590027,130
Kitchenham,10,DE-ABE,13,0.29380127787590027,140
Kitchenham,10,DE-ABE,14,0.29380127787590027,150
Kitchenham,10,DE-ABE,15,0.29380127787590027,160
Kitchenham,10,DE-ABE,16,0.29380127787590027,170
Kitchenham,10,DE-ABE,17,0.29380127787590027,180
Kitchenham,10,DE-ABE,18,0.29380127787590027,190
Kitchenham,10,DE-ABE,19,0.29380127787590027,200
Kitchenham,10,DE-ABE,20,0.29379716515541077,210
Kitchenham,10,DE-ABE,21,0.29379716515541077,220
Kitchenham,10,DE-ABE,22,0.29379716515541077,230
Kitchenham,10,DE-ABE,23,0.29379716515541077,240
Kitchenham,10,DE-ABE,24,0.29376649856567383,250
Kitchenham,10,DE-ABE,25,0.2930893301963806,260
Kitchenham,10,DE-ABE,26,0.2919667065143585,270
Kitchenham,10,DE-ABE,27,0.29183313250541687,280
Kitchenham,10,DE-ABE,28,0.29183313250541687,290
Kitchenham,10,DE-ABE,29,0.29183313250541687,300
Kitchenham,10,DE-ABE,30,0.29183313250541687,310
Kitchenham,10,DE-ABE,31,0.29183313250541687,320
Kitchenham,10,DE-ABE,32,0.29183313250541687,330
Kitchenham,10,DE-ABE,33,0.29183313250541687,340
Kitchenham,10,DE-ABE,34,0.29183313250541687,350
Kitchenham,10,DE-ABE,35,0.2911452651023865,360
Kitchenham,10,DE-ABE,36,0.2911210358142853,370
Kitchenham,10,DE-ABE,37,0.2911210358142853,380
Kitchenham,10,DE-ABE,38,0.2911210358142853,390
Kitchenham,10,DE-ABE,39,0.29109856486320496,400
Kitchenham,10,DE-ABE,40,0.29109856486320496,410
Kitchenham,10,DE-ABE,41,0.29109856486320496,420
Kitchenham,10,DE-ABE,42,0.29109856486320496,430
Kitchenham,10,DE-ABE,43,0.29109856486320496,440
Kitchenham,10,DE-ABE,44,0.2910887897014618,450
Kitchenham,10,DE-ABE,45,0.291085809469223,460
Kitchenham,10,DE-ABE,46,0.291085809469223,470
Kitchenham,10,DE-ABE,47,0.291085809469223,480
Kitchenham,10,DE-ABE,48,0.291085809469223,490
Kitchenham,10,DE-ABE,49,0.2910853326320648,500
Kitchenham,10,DE-ABE,50,0.29108521342277527,510
Kitchenham,10,DE-ABE,51,0.2910851836204529,520
Kitchenham,10,DE-ABE,52,0.29108482599258423,530
Kitchenham,10,DE-ABE,53,0.29108482599258423,540
Kitchenham,10,DE-ABE,54,0.29108482599258423,550
Kitchenham,10,DE-ABE,55,0.29108482599258423,560
Kitchenham,10,DE-ABE,56,0.29108476638793945,570
Kitchenham,10,DE-ABE,57,0.29108476638793945,580
Kitchenham,10,DE-ABE,58,0.2910847067832947,590
Kitchenham,10,DE-ABE,59,0.2910845875740051,600
Kitchenham,10,DE-ABE,60,0.2910845875740051,610
Kitchenham,10,DE-ABE,61,0.2910844683647156,620
Kitchenham,10,DE-ABE,62,0.2910844087600708,630
Kitchenham,10,DE-ABE,63,0.2910844087600708,640
Kitchenham,10,DE-ABE,64,0.2910844087600708,650
Kitchenham,10,DE-ABE,65,0.2910844087600708,660
Kitchenham,10,DE-ABE,66,0.291084349155426,670
Kitchenham,10,DE-ABE,67,0.291084349155426,680
Kitchenham,10,DE-ABE,68,0.291084349155426,690
Kitchenham,10,DE-ABE,69,0.29108431935310364,700
Kitchenham,10,DE-ABE,70,0.29108428955078125,710
Kitchenham,10,DE-ABE,71,0.29108428955078125,720
Kitchenham,10,DE-ABE,72,0.29108428955078125,730
Kitchenham,10,DE-ABE,73,0.29108428955078125,740
Kitchenham,10,DE-ABE,74,0.29108428955078125,750
Kitchenham,10,DE-ABE,75,0.29108428955078125,760
Kitchenham,10,DE-ABE,76,0.29108428955078125,770
Kitchenham,10,DE-ABE,77,0.29108428955078125,780
Kitchenham,10,DE-ABE,78,0.29108428955078125,790
Kitchenham,10,DE-ABE,79,0.29108428955078125,800
Kitchenham,10,DE-ABE,80,0.29108428955078125,810
Kitchenham,10,DE-ABE,81,0.29108428955078125,820
Kitchenham,10,DE-ABE,82,0.29108428955078125,830
Kitchenham,10,DE-ABE,83,0.29108428955078125,840
Kitchenham,10,DE-ABE,84,0.29108428955078125,850
Kitchenham,10,DE-ABE,85,0.29108425974845886,860
Kitchenham,10,DE-ABE,86,0.29108425974845886,870
Kitchenham,10,DE-ABE,87,0.29108425974845886,880
Kitchenham,10,DE-ABE,88,0.29108425974845886,890
Kitchenham,10,DE-ABE,89,0.29108425974845886,900
Kitchenham,10,DE-ABE,90,0.29108425974845886,910
Kitchenham,10,DE-ABE,91,0.29108425974845886,920
Kitchenham,10,DE-ABE,92,0.29108425974845886,930
Kitchenham,10,DE-ABE,93,0.29108425974845886,940
Kitchenham,10,DE-ABE,94,0.29108425974845886,950
Kitchenham,10,DE-ABE,95,0.29108425974845886,960
Kitchenham,10,DE-ABE,96,0.29108425974845886,970
Kitchenham,10,DE-ABE,97,0.29108425974845886,980
Kitchenham,10,DE-ABE,98,0.29108425974845886,990
Kitchenham,10,DE-ABE,99,0.29108425974845886,1000
Kitchenham,10,GWO-ABE,0,0.3646509349346161,10
Kitchenham,10,GWO-ABE,1,0.3204992115497589,20
Kitchenham,10,GWO-ABE,2,0.2994047701358795,30
Kitchenham,10,GWO-ABE,3,0.29028913378715515,40
Kitchenham,10,GWO-ABE,4,0.28871166706085205,50
Kitchenham,10,GWO-ABE,5,0.2689361572265625,60
Kitchenham,10,GWO-ABE,6,0.26926037669181824,70
Kitchenham,10,GWO-ABE,7,0.2664068043231964,80
Kitchenham,10,GWO-ABE,8,0.2641447186470032,90
Kitchenham,10,GWO-ABE,9,0.26076987385749817,100
Kitchenham,10,GWO-ABE,10,0.2593471109867096,110
Kitchenham,10,GWO-ABE,11,0.2674933075904846,120
Kitchenham,10,GWO-ABE,12,0.25698649883270264,130
Kitchenham,10,GWO-ABE,13,0.25913500785827637,140
Kitchenham,10,GWO-ABE,14,0.257973313331604,150
Kitchenham,10,GWO-ABE,15,0.2591875493526459,160
Kitchenham,10,GWO-ABE,16,0.2615455389022827,170
Kitchenham,10,GWO-ABE,17,0.26029106974601746,180
Kitchenham,10,GWO-ABE,18,0.25635090470314026,190
Kitchenham,10,GWO-ABE,19,0.2633902430534363,200
Kitchenham,10,GWO-ABE,20,0.2547726333141327,210
Kitchenham,10,GWO-ABE,21,0.26083263754844666,220
Kitchenham,10,GWO-ABE,22,0.2573133409023285,230
Kitchenham,10,GWO-ABE,23,0.260757178068161,240
Kitchenham,10,GWO-ABE,24,0.25849735736846924,250
Kitchenham,10,GWO-ABE,25,0.25503894686698914,260
Kitchenham,10,GWO-ABE,26,0.25797876715660095,270
Kitchenham,10,GWO-ABE,27,0.2594108581542969,280
Kitchenham,10,GWO-ABE,28,0.2547304630279541,290
Kitchenham,10,GWO-ABE,29,0.2577279806137085,300
Kitchenham,10,GWO-ABE,30,0.25578856468200684,310
Kitchenham,10,GWO-ABE,31,0.26028457283973694,320
Kitchenham,10,GWO-ABE,32,0.25604119896888733,330
Kitchenham,10,GWO-ABE,33,0.2562735080718994,340
Kitchenham,10,GWO-ABE,34,0.25767430663108826,350
Kitchenham,10,GWO-ABE,35,0.25678858160972595,360
Kitchenham,10,GWO-ABE,36,0.25701913237571716,370
Kitchenham,10,GWO-ABE,37,0.2575836181640625,380
Kitchenham,10,GWO-ABE,38,0.2572435140609741,390
Kitchenham,10,GWO-ABE,39,0.2595508396625519,400
Kitchenham,10,GWO-ABE,40,0.25880229473114014,410
Kitchenham,10,GWO-ABE,41,0.2564844787120819,420
Kitchenham,10,GWO-ABE,42,0.25900018215179443,430
Kitchenham,10,GWO-ABE,43,0.2579469680786133,440
Kitchenham,10,GWO-ABE,44,0.26038506627082825,450
Kitchenham,10,GWO-ABE,45,0.25604376196861267,460
Kitchenham,10,GWO-ABE,46,0.2572373151779175,470
Kitchenham,10,GWO-ABE,47,0.25909772515296936,480
Kitchenham,10,GWO-ABE,48,0.2544104754924774,490
Kitchenham,10,GWO-ABE,49,0.2557802200317383,500
Kitchenham,10,GWO-ABE,50,0.2567239999771118,510
Kitchenham,10,GWO-ABE,51,0.2561965882778168,520
Kitchenham,10,GWO-ABE,52,0.2598724067211151,530
Kitchenham,10,GWO-ABE,53,0.2584841847419739,540
Kitchenham,10,GWO-ABE,54,0.25650572776794434,550
Kitchenham,10,GWO-ABE,55,0.2590627372264862,560
Kitchenham,10,GWO-ABE,56,0.2571101784706116,570
Kitchenham,10,GWO-ABE,57,0.25724339485168457,580
Kitchenham,10,GWO-ABE,58,0.26008352637290955,590
Kitchenham,10,GWO-ABE,59,0.25738459825515747,600
Kitchenham,10,GWO-ABE,60,0.2569487690925598,610
Kitchenham,10,GWO-ABE,61,0.25843384861946106,620
Kitchenham,10,GWO-ABE,62,0.25603848695755005,630
Kitchenham,10,GWO-ABE,63,0.258808970451355,640
Kitchenham,10,GWO-ABE,64,0.2581927180290222,650
Kitchenham,10,GWO-ABE,65,0.2580403983592987,660
Kitchenham,10,GWO-ABE,66,0.2559163272380829,670
Kitchenham,10,GWO-ABE,67,0.25803154706954956,680
Kitchenham,10,GWO-ABE,68,0.25887298583984375,690
Kitchenham,10,GWO-ABE,69,0.2562553584575653,700
Kitchenham,10,GWO-ABE,70,0.2568241059780121,710
Kitchenham,10,GWO-ABE,71,0.2583332359790802,720
Kitchenham,10,GWO-ABE,72,0.2577592730522156,730
Kitchenham,10,GWO-ABE,73,0.258586049079895,740
Kitchenham,10,GWO-ABE,74,0.2572028934955597,750
Kitchenham,10,GWO-ABE,75,0.2585684061050415,760
Kitchenham,10,GWO-ABE,76,0.2567903399467468,770
Kitchenham,10,GWO-ABE,77,0.2564758360385895,780
Kitchenham,10,GWO-ABE,78,0.25546789169311523,790
Kitchenham,10,GWO-ABE,79,0.25709861516952515,800
Kitchenham,10,GWO-ABE,80,0.25565019249916077,810
Kitchenham,10,GWO-ABE,81,0.2585761249065399,820
Kitchenham,10,GWO-ABE,82,0.2554974853992462,830
Kitchenham,10,GWO-ABE,83,0.2555897533893585,840
Kitchenham,10,GWO-ABE,84,0.2544236481189728,850
Kitchenham,10,GWO-ABE,85,0.25446540117263794,860
Kitchenham,10,GWO-ABE,86,0.2555347979068756,870
Kitchenham,10,GWO-ABE,87,0.25651124119758606,880
Kitchenham,10,GWO-ABE,88,0.2544630765914917,890
Kitchenham,10,GWO-ABE,89,0.2544127106666565,900
Kitchenham,10,GWO-ABE,90,0.2555370628833771,910
Kitchenham,10,GWO-ABE,91,0.2555232048034668,920
Kitchenham,10,GWO-ABE,92,0.2554943859577179,930
Kitchenham,10,GWO-ABE,93,0.2544473111629486,940
Kitchenham,10,GWO-ABE,94,0.254457950592041,950
Kitchenham,10,GWO-ABE,95,0.254462331533432,960
Kitchenham,10,GWO-ABE,96,0.2544030249118805,970
Kitchenham,10,GWO-ABE,97,0.2544468343257904,980
Kitchenham,10,GWO-ABE,98,0.2543952167034149,990
Kitchenham,10,GWO-ABE,99,0.2544177174568176,1000
Kitchenham,10,WOA-ABE,0,0.3544592559337616,10
Kitchenham,10,WOA-ABE,1,0.32001107931137085,20
Kitchenham,10,WOA-ABE,2,0.28237804770469666,30
Kitchenham,10,WOA-ABE,3,0.274486243724823,40
Kitchenham,10,WOA-ABE,4,0.274486243724823,50
Kitchenham,10,WOA-ABE,5,0.274486243724823,60
Kitchenham,10,WOA-ABE,6,0.274486243724823,70
Kitchenham,10,WOA-ABE,7,0.274486243724823,80
Kitchenham,10,WOA-ABE,8,0.274486243724823,90
Kitchenham,10,WOA-ABE,9,0.274486243724823,100
Kitchenham,10,WOA-ABE,10,0.2744806408882141,110
Kitchenham,10,WOA-ABE,11,0.2744806408882141,120
Kitchenham,10,WOA-ABE,12,0.2744806408882141,130
Kitchenham,10,WOA-ABE,13,0.2744806408882141,140
Kitchenham,10,WOA-ABE,14,0.2744806408882141,150
Kitchenham,10,WOA-ABE,15,0.2744806408882141,160
Kitchenham,10,WOA-ABE,16,0.2744806408882141,170
Kitchenham,10,WOA-ABE,17,0.27448052167892456,180
Kitchenham,10,WOA-ABE,18,0.27448052167892456,190
Kitchenham,10,WOA-ABE,19,0.27448052167892456,200
Kitchenham,10,WOA-ABE,20,0.27448052167892456,210
Kitchenham,10,WOA-ABE,21,0.27448052167892456,220
Kitchenham,10,WOA-ABE,22,0.27448052167892456,230
Kitchenham,10,WOA-ABE,23,0.27448052167892456,240
Kitchenham,10,WOA-ABE,24,0.27448052167892456,250
Kitchenham,10,WOA-ABE,25,0.27448052167892456,260
Kitchenham,10,WOA-ABE,26,0.27448052167892456,270
Kitchenham,10,WOA-ABE,27,0.27448052167892456,280
Kitchenham,10,WOA-ABE,28,0.27448052167892456,290
Kitchenham,10,WOA-ABE,29,0.27448052167892456,300
Kitchenham,10,WOA-ABE,30,0.27448052167892456,310
Kitchenham,10,WOA-ABE,31,0.27448052167892456,320
Kitchenham,10,WOA-ABE,32,0.27448052167892456,330
Kitchenham,10,WOA-ABE,33,0.27448052167892456,340
Kitchenham,10,WOA-ABE,34,0.27448052167892456,350
Kitchenham,10,WOA-ABE,35,0.27448052167892456,360
Kitchenham,10,WOA-ABE,36,0.27448052167892456,370
Kitchenham,10,WOA-ABE,37,0.27448052167892456,380
Kitchenham,10,WOA-ABE,38,0.27448052167892456,390
Kitchenham,10,WOA-ABE,39,0.27448052167892456,400
Kitchenham,10,WOA-ABE,40,0.27448052167892456,410
Kitchenham,10,WOA-ABE,41,0.2739047110080719,420
Kitchenham,10,WOA-ABE,42,0.2739047110080719,430
Kitchenham,10,WOA-ABE,43,0.2739047110080719,440
Kitchenham,10,WOA-ABE,44,0.2739032506942749,450
Kitchenham,10,WOA-ABE,45,0.2734355926513672,460
Kitchenham,10,WOA-ABE,46,0.2734355926513672,470
Kitchenham,10,WOA-ABE,47,0.2734350562095642,480
Kitchenham,10,WOA-ABE,48,0.27343446016311646,490
Kitchenham,10,WOA-ABE,49,0.27343446016311646,500
Kitchenham,10,WOA-ABE,50,0.27343446016311646,510
Kitchenham,10,WOA-ABE,51,0.27343446016311646,520
Kitchenham,10,WOA-ABE,52,0.27343446016311646,530
Kitchenham,10,WOA-ABE,53,0.27343446016311646,540
Kitchenham,10,WOA-ABE,54,0.27343446016311646,550
Kitchenham,10,WOA-ABE,55,0.27343446016311646,560
Kitchenham,10,WOA-ABE,56,0.27343446016311646,570
Kitchenham,10,WOA-ABE,57,0.27343446016311646,580
Kitchenham,10,WOA-ABE,58,0.27343446016311646,590
Kitchenham,10,WOA-ABE,59,0.27343446016311646,600
Kitchenham,10,WOA-ABE,60,0.2734343111515045,610
Kitchenham,10,WOA-ABE,61,0.2734343111515045,620
Kitchenham,10,WOA-ABE,62,0.2734343111515045,630
Kitchenham,10,WOA-ABE,63,0.2734343111515045,640
Kitchenham,10,WOA-ABE,64,0.2734343111515045,650
Kitchenham,10,WOA-ABE,65,0.2734343111515045,660
Kitchenham,10,WOA-ABE,66,0.2734343111515045,670
Kitchenham,10,WOA-ABE,67,0.2734343111515045,680
Kitchenham,10,WOA-ABE,68,0.2734343111515045,690
Kitchenham,10,WOA-ABE,69,0.2734343111515045,700
Kitchenham,10,WOA-ABE,70,0.2734343111515045,710
Kitchenham,10,WOA-ABE,71,0.2734343111515045,720
Kitchenham,10,WOA-ABE,72,0.2734343111515045,730
Kitchenham,10,WOA-ABE,73,0.2734343111515045,740
Kitchenham,10,WOA-ABE,74,0.2734343111515045,750
Kitchenham,10,WOA-ABE,75,0.2734343111515045,760
Kitchenham,10,WOA-ABE,76,0.2734343111515045,770
Kitchenham,10,WOA-ABE,77,0.2734343111515045,780
Kitchenham,10,WOA-ABE,78,0.2734343111515045,790
Kitchenham,10,WOA-ABE,79,0.2734343111515045,800
Kitchenham,10,WOA-ABE,80,0.2734343111515045,810
Kitchenham,10,WOA-ABE,81,0.2734343111515045,820
Kitchenham,10,WOA-ABE,82,0.2734343111515045,830
Kitchenham,10,WOA-ABE,83,0.2734343111515045,840
Kitchenham,10,WOA-ABE,84,0.2734343111515045,850
Kitchenham,10,WOA-ABE,85,0.2734343111515045,860
Kitchenham,10,WOA-ABE,86,0.2734343111515045,870
Kitchenham,10,WOA-ABE,87,0.2734343111515045,880
Kitchenham,10,WOA-ABE,88,0.27343428134918213,890
Kitchenham,10,WOA-ABE,89,0.27343428134918213,900
Kitchenham,10,WOA-ABE,90,0.27343428134918213,910
Kitchenham,10,WOA-ABE,91,0.27343428134918213,920
Kitchenham,10,WOA-ABE,92,0.27343428134918213,930
Kitchenham,10,WOA-ABE,93,0.27343428134918213,940
Kitchenham,10,WOA-ABE,94,0.27343428134918213,950
Kitchenham,10,WOA-ABE,95,0.27343428134918213,960
Kitchenham,10,WOA-ABE,96,0.27343428134918213,970
Kitchenham,10,WOA-ABE,97,0.27343428134918213,980
Kitchenham,10,WOA-ABE,98,0.27343428134918213,990
Kitchenham,10,WOA-ABE,99,0.27343428134918213,1000
Kitchenham,10,FAABE,0,0.34561964869499207,10
Kitchenham,10,FAABE,1,0.33494916558265686,20
Kitchenham,10,FAABE,2,0.3262374997138977,30
Kitchenham,10,FAABE,3,0.30939164757728577,40
Kitchenham,10,FAABE,4,0.2626071572303772,50
Kitchenham,10,FAABE,5,0.2626071572303772,60
Kitchenham,10,FAABE,6,0.2626071572303772,70
Kitchenham,10,FAABE,7,0.2626071572303772,80
Kitchenham,10,FAABE,8,0.2626071572303772,90
Kitchenham,10,FAABE,9,0.2626071572303772,100
Kitchenham,10,FAABE,10,0.2626071572303772,110
Kitchenham,10,FAABE,11,0.2626071572303772,120
Kitchenham,10,FAABE,12,0.2626071572303772,130
Kitchenham,10,FAABE,13,0.2626071572303772,140
Kitchenham,10,FAABE,14,0.2626071572303772,150
Kitchenham,10,FAABE,15,0.2626071572303772,160
Kitchenham,10,FAABE,16,0.2626071572303772,170
Kitchenham,10,FAABE,17,0.2626071572303772,180
Kitchenham,10,FAABE,18,0.2626071572303772,190
Kitchenham,10,FAABE,19,0.2626071572303772,200
Kitchenham,10,FAABE,20,0.2626071572303772,210
Kitchenham,10,FAABE,21,0.2626071572303772,220
Kitchenham,10,FAABE,22,0.2626071572303772,230
Kitchenham,10,FAABE,23,0.2626071572303772,240
Kitchenham,10,FAABE,24,0.2626071572303772,250
Kitchenham,10,FAABE,25,0.2626071572303772,260
Kitchenham,10,FAABE,26,0.2626071572303772,270
Kitchenham,10,FAABE,27,0.2626071572303772,280
Kitchenham,10,FAABE,28,0.2626071572303772,290
Kitchenham,10,FAABE,29,0.2626071572303772,300
Kitchenham,10,FAABE,30,0.2626071572303772,310
Kitchenham,10,FAABE,31,0.2626071572303772,320
Kitchenham,10,FAABE,32,0.2626071572303772,330
Kitchenham,10,FAABE,33,0.2626071572303772,340
Kitchenham,10,FAABE,34,0.2626071572303772,350
Kitchenham,10,FAABE,35,0.26102593541145325,360
Kitchenham,10,FAABE,36,0.26102593541145325,370
Kitchenham,10,FAABE,37,0.26102593541145325,380
Kitchenham,10,FAABE,38,0.26102593541145325,390
Kitchenham,10,FAABE,39,0.26102593541145325,400
Kitchenham,10,FAABE,40,0.26102593541145325,410
Kitchenham,10,FAABE,41,0.26102593541145325,420
Kitchenham,10,FAABE,42,0.26102593541145325,430
Kitchenham,10,FAABE,43,0.26102593541145325,440
Kitchenham,10,FAABE,44,0.26102593541145325,450
Kitchenham,10,FAABE,45,0.26102593541145325,460
Kitchenham,10,FAABE,46,0.26102593541145325,470
Kitchenham,10,FAABE,47,0.26102593541145325,480
Kitchenham,10,FAABE,48,0.26102593541145325,490
Kitchenham,10,FAABE,49,0.26102593541145325,500
Kitchenham,10,FAABE,50,0.26102593541145325,510
Kitchenham,10,FAABE,51,0.26102593541145325,520
Kitchenham,10,FAABE,52,0.26102593541145325,530
Kitchenham,10,FAABE,53,0.26102593541145325,540
Kitchenham,10,FAABE,54,0.26102593541145325,550
Kitchenham,10,FAABE,55,0.26102593541145325,560
Kitchenham,10,FAABE,56,0.26102593541145325,570
Kitchenham,10,FAABE,57,0.26102593541145325,580
Kitchenham,10,FAABE,58,0.26102593541145325,590
Kitchenham,10,FAABE,59,0.26102593541145325,600
Kitchenham,10,FAABE,60,0.26102593541145325,610
Kitchenham,10,FAABE,61,0.26102593541145325,620
Kitchenham,10,FAABE,62,0.26102593541145325,630
Kitchenham,10,FAABE,63,0.26102593541145325,640
Kitchenham,10,FAABE,64,0.26102593541145325,650
Kitchenham,10,FAABE,65,0.26102593541145325,660
Kitchenham,10,FAABE,66,0.26102593541145325,670
Kitchenham,10,FAABE,67,0.26102593541145325,680
Kitchenham,10,FAABE,68,0.26102593541145325,690
Kitchenham,10,FAABE,69,0.26102593541145325,700
Kitchenham,10,FAABE,70,0.2598153054714203,710
Kitchenham,10,FAABE,71,0.2598153054714203,720
Kitchenham,10,FAABE,72,0.2598153054714203,730
Kitchenham,10,FAABE,73,0.2598153054714203,740
Kitchenham,10,FAABE,74,0.2598153054714203,750
Kitchenham,10,FAABE,75,0.2598153054714203,760
Kitchenham,10,FAABE,76,0.2598153054714203,770
Kitchenham,10,FAABE,77,0.2598153054714203,780
Kitchenham,10,FAABE,78,0.2598153054714203,790
Kitchenham,10,FAABE,79,0.2598153054714203,800
Kitchenham,10,FAABE,80,0.2598153054714203,810
Kitchenham,10,FAABE,81,0.2598153054714203,820
Kitchenham,10,FAABE,82,0.25969430804252625,830
Kitchenham,10,FAABE,83,0.25969430804252625,840
Kitchenham,10,FAABE,84,0.25969430804252625,850
Kitchenham,10,FAABE,85,0.25969430804252625,860
Kitchenham,10,FAABE,86,0.25969430804252625,870
Kitchenham,10,FAABE,87,0.25969430804252625,880
Kitchenham,10,FAABE,88,0.25969430804252625,890
Kitchenham,10,FAABE,89,0.25969430804252625,900
Kitchenham,10,FAABE,90,0.25969430804252625,910
Kitchenham,10,FAABE,91,0.25969430804252625,920
Kitchenham,10,FAABE,92,0.25969430804252625,930
Kitchenham,10,FAABE,93,0.25969430804252625,940
Kitchenham,10,FAABE,94,0.25969430804252625,950
Kitchenham,10,FAABE,95,0.25969430804252625,960
Kitchenham,10,FAABE,96,0.25969430804252625,970
Kitchenham,10,FAABE,97,0.25969430804252625,980
Kitchenham,10,FAABE,98,0.25969430804252625,990
Kitchenham,10,FAABE,99,0.25969430804252625,1000
