Dataset,Fold,Method,Iteration,Best_Training_MMRE,Fitness_Evaluations
Maxwell,1,GA-ABE,0,0.6671456098556519,10
Maxwell,1,GA-ABE,1,0.6671456098556519,20
Maxwell,1,GA-ABE,2,0.6367006897926331,30
Maxwell,1,GA-ABE,3,0.5909438133239746,40
Maxwell,1,GA-ABE,4,0.5759909152984619,50
Maxwell,1,GA-ABE,5,0.5759909152984619,60
Maxwell,1,GA-ABE,6,0.553145706653595,70
Maxwell,1,GA-ABE,7,0.5406263470649719,80
Maxwell,1,GA-ABE,8,0.5364123582839966,90
Maxwell,1,GA-ABE,9,0.5313273668289185,100
Maxwell,1,GA-ABE,10,0.521680474281311,110
Maxwell,1,GA-ABE,11,0.521680474281311,120
Maxwell,1,GA-ABE,12,0.521680474281311,130
Maxwell,1,GA-ABE,13,0.5189535021781921,140
Maxwell,1,GA-ABE,14,0.5189535021781921,150
Maxwell,1,GA-ABE,15,0.5159661769866943,160
Maxwell,1,GA-ABE,16,0.5159661769866943,170
Maxwell,1,GA-ABE,17,0.5159661769866943,180
Maxwell,1,GA-ABE,18,0.5159661769866943,190
Maxwell,1,GA-ABE,19,0.5159661769866943,200
Maxwell,1,GA-ABE,20,0.5159661769866943,210
Maxwell,1,GA-ABE,21,0.5099328756332397,220
Maxwell,1,GA-ABE,22,0.5099328756332397,230
Maxwell,1,GA-ABE,23,0.5092264413833618,240
Maxwell,1,GA-ABE,24,0.5077542662620544,250
Maxwell,1,GA-ABE,25,0.5077542662620544,260
Maxwell,1,GA-ABE,26,0.5077542662620544,270
Maxwell,1,GA-ABE,27,0.5077542662620544,280
Maxwell,1,GA-ABE,28,0.5077542662620544,290
Maxwell,1,GA-ABE,29,0.5077542662620544,300
Maxwell,1,GA-ABE,30,0.5077542662620544,310
Maxwell,1,GA-ABE,31,0.5075871348381042,320
Maxwell,1,GA-ABE,32,0.5070743560791016,330
Maxwell,1,GA-ABE,33,0.5070743560791016,340
Maxwell,1,GA-ABE,34,0.49367934465408325,350
Maxwell,1,GA-ABE,35,0.4749898612499237,360
Maxwell,1,GA-ABE,36,0.4749898612499237,370
Maxwell,1,GA-ABE,37,0.4749898612499237,380
Maxwell,1,GA-ABE,38,0.4749898612499237,390
Maxwell,1,GA-ABE,39,0.4749898612499237,400
Maxwell,1,GA-ABE,40,0.473372220993042,410
Maxwell,1,GA-ABE,41,0.46918702125549316,420
Maxwell,1,GA-ABE,42,0.46382322907447815,430
Maxwell,1,GA-ABE,43,0.46382322907447815,440
Maxwell,1,GA-ABE,44,0.44898951053619385,450
Maxwell,1,GA-ABE,45,0.44898951053619385,460
Maxwell,1,GA-ABE,46,0.44898951053619385,470
Maxwell,1,GA-ABE,47,0.4389519989490509,480
Maxwell,1,GA-ABE,48,0.4389519989490509,490
Maxwell,1,GA-ABE,49,0.4389519989490509,500
Maxwell,1,GA-ABE,50,0.4389519989490509,510
Maxwell,1,GA-ABE,51,0.4389519989490509,520
Maxwell,1,GA-ABE,52,0.43868517875671387,530
Maxwell,1,GA-ABE,53,0.43868517875671387,540
Maxwell,1,GA-ABE,54,0.43868517875671387,550
Maxwell,1,GA-ABE,55,0.43868517875671387,560
Maxwell,1,GA-ABE,56,0.43868517875671387,570
Maxwell,1,GA-ABE,57,0.43868517875671387,580
Maxwell,1,GA-ABE,58,0.4386775493621826,590
Maxwell,1,GA-ABE,59,0.4386775493621826,600
Maxwell,1,GA-ABE,60,0.43862417340278625,610
Maxwell,1,GA-ABE,61,0.43782928586006165,620
Maxwell,1,GA-ABE,62,0.43782928586006165,630
Maxwell,1,GA-ABE,63,0.43782928586006165,640
Maxwell,1,GA-ABE,64,0.43782928586006165,650
Maxwell,1,GA-ABE,65,0.43782928586006165,660
Maxwell,1,GA-ABE,66,0.43782928586006165,670
Maxwell,1,GA-ABE,67,0.43782928586006165,680
Maxwell,1,GA-ABE,68,0.43782928586006165,690
Maxwell,1,GA-ABE,69,0.43782928586006165,700
Maxwell,1,GA-ABE,70,0.43782928586006165,710
Maxwell,1,GA-ABE,71,0.43782928586006165,720
Maxwell,1,GA-ABE,72,0.43782928586006165,730
Maxwell,1,GA-ABE,73,0.43782928586006165,740
Maxwell,1,GA-ABE,74,0.43782928586006165,750
Maxwell,1,GA-ABE,75,0.43782928586006165,760
Maxwell,1,GA-ABE,76,0.43782928586006165,770
Maxwell,1,GA-ABE,77,0.43782928586006165,780
Maxwell,1,GA-ABE,78,0.43782928586006165,790
Maxwell,1,GA-ABE,79,0.43782928586006165,800
Maxwell,1,GA-ABE,80,0.43782928586006165,810
Maxwell,1,GA-ABE,81,0.43782928586006165,820
Maxwell,1,GA-ABE,82,0.43782928586006165,830
Maxwell,1,GA-ABE,83,0.43782928586006165,840
Maxwell,1,GA-ABE,84,0.43782928586006165,850
Maxwell,1,GA-ABE,85,0.43781182169914246,860
Maxwell,1,GA-ABE,86,0.43781182169914246,870
Maxwell,1,GA-ABE,87,0.43781182169914246,880
Maxwell,1,GA-ABE,88,0.43781182169914246,890
Maxwell,1,GA-ABE,89,0.43781182169914246,900
Maxwell,1,GA-ABE,90,0.43781182169914246,910
Maxwell,1,GA-ABE,91,0.43781182169914246,920
Maxwell,1,GA-ABE,92,0.43781182169914246,930
Maxwell,1,GA-ABE,93,0.43781182169914246,940
Maxwell,1,GA-ABE,94,0.43781182169914246,950
Maxwell,1,GA-ABE,95,0.43781182169914246,960
Maxwell,1,GA-ABE,96,0.43781182169914246,970
Maxwell,1,GA-ABE,97,0.43781182169914246,980
Maxwell,1,GA-ABE,98,0.43781182169914246,990
Maxwell,1,GA-ABE,99,0.43781182169914246,1000
Maxwell,1,PSO-ABE,0,0.7644636631011963,10
Maxwell,1,PSO-ABE,1,0.5979264378547668,20
Maxwell,1,PSO-ABE,2,0.5258862376213074,30
Maxwell,1,PSO-ABE,3,0.5226442217826843,40
Maxwell,1,PSO-ABE,4,0.471786767244339,50
Maxwell,1,PSO-ABE,5,0.46744850277900696,60
Maxwell,1,PSO-ABE,6,0.46744850277900696,70
Maxwell,1,PSO-ABE,7,0.46744850277900696,80
Maxwell,1,PSO-ABE,8,0.4662383794784546,90
Maxwell,1,PSO-ABE,9,0.4498984217643738,100
Maxwell,1,PSO-ABE,10,0.4498984217643738,110
Maxwell,1,PSO-ABE,11,0.44113364815711975,120
Maxwell,1,PSO-ABE,12,0.44113364815711975,130
Maxwell,1,PSO-ABE,13,0.44113364815711975,140
Maxwell,1,PSO-ABE,14,0.44113364815711975,150
Maxwell,1,PSO-ABE,15,0.44113364815711975,160
Maxwell,1,PSO-ABE,16,0.44113364815711975,170
Maxwell,1,PSO-ABE,17,0.44111064076423645,180
Maxwell,1,PSO-ABE,18,0.44111064076423645,190
Maxwell,1,PSO-ABE,19,0.4410471022129059,200
Maxwell,1,PSO-ABE,20,0.44103947281837463,210
Maxwell,1,PSO-ABE,21,0.44103947281837463,220
Maxwell,1,PSO-ABE,22,0.4409644603729248,230
Maxwell,1,PSO-ABE,23,0.4409644603729248,240
Maxwell,1,PSO-ABE,24,0.4409511685371399,250
Maxwell,1,PSO-ABE,25,0.4409511685371399,260
Maxwell,1,PSO-ABE,26,0.4388962984085083,270
Maxwell,1,PSO-ABE,27,0.4318305253982544,280
Maxwell,1,PSO-ABE,28,0.42756491899490356,290
Maxwell,1,PSO-ABE,29,0.42756491899490356,300
Maxwell,1,PSO-ABE,30,0.42523902654647827,310
Maxwell,1,PSO-ABE,31,0.42523902654647827,320
Maxwell,1,PSO-ABE,32,0.4252239465713501,330
Maxwell,1,PSO-ABE,33,0.4252239465713501,340
Maxwell,1,PSO-ABE,34,0.42359957098960876,350
Maxwell,1,PSO-ABE,35,0.4232895076274872,360
Maxwell,1,PSO-ABE,36,0.4232051968574524,370
Maxwell,1,PSO-ABE,37,0.4231116771697998,380
Maxwell,1,PSO-ABE,38,0.4231116771697998,390
Maxwell,1,PSO-ABE,39,0.4231116771697998,400
Maxwell,1,PSO-ABE,40,0.4231116771697998,410
Maxwell,1,PSO-ABE,41,0.4231116771697998,420
Maxwell,1,PSO-ABE,42,0.4231116771697998,430
Maxwell,1,PSO-ABE,43,0.4231116771697998,440
Maxwell,1,PSO-ABE,44,0.4231116771697998,450
Maxwell,1,PSO-ABE,45,0.4231116771697998,460
Maxwell,1,PSO-ABE,46,0.4231116771697998,470
Maxwell,1,PSO-ABE,47,0.4230881333351135,480
Maxwell,1,PSO-ABE,48,0.4230881333351135,490
Maxwell,1,PSO-ABE,49,0.4230881333351135,500
Maxwell,1,PSO-ABE,50,0.4230881333351135,510
Maxwell,1,PSO-ABE,51,0.4230758845806122,520
Maxwell,1,PSO-ABE,52,0.42307424545288086,530
Maxwell,1,PSO-ABE,53,0.4230649769306183,540
Maxwell,1,PSO-ABE,54,0.42183998227119446,550
Maxwell,1,PSO-ABE,55,0.42183998227119446,560
Maxwell,1,PSO-ABE,56,0.42183998227119446,570
Maxwell,1,PSO-ABE,57,0.42183998227119446,580
Maxwell,1,PSO-ABE,58,0.42183998227119446,590
Maxwell,1,PSO-ABE,59,0.42183998227119446,600
Maxwell,1,PSO-ABE,60,0.42183998227119446,610
Maxwell,1,PSO-ABE,61,0.42183998227119446,620
Maxwell,1,PSO-ABE,62,0.42183998227119446,630
Maxwell,1,PSO-ABE,63,0.42183998227119446,640
Maxwell,1,PSO-ABE,64,0.42183998227119446,650
Maxwell,1,PSO-ABE,65,0.42183998227119446,660
Maxwell,1,PSO-ABE,66,0.42183998227119446,670
Maxwell,1,PSO-ABE,67,0.42183998227119446,680
Maxwell,1,PSO-ABE,68,0.42183998227119446,690
Maxwell,1,PSO-ABE,69,0.42183998227119446,700
Maxwell,1,PSO-ABE,70,0.42183998227119446,710
Maxwell,1,PSO-ABE,71,0.42183998227119446,720
Maxwell,1,PSO-ABE,72,0.42183998227119446,730
Maxwell,1,PSO-ABE,73,0.42183998227119446,740
Maxwell,1,PSO-ABE,74,0.42183998227119446,750
Maxwell,1,PSO-ABE,75,0.42183998227119446,760
Maxwell,1,PSO-ABE,76,0.42183998227119446,770
Maxwell,1,PSO-ABE,77,0.42183998227119446,780
Maxwell,1,PSO-ABE,78,0.42183998227119446,790
Maxwell,1,PSO-ABE,79,0.42183998227119446,800
Maxwell,1,PSO-ABE,80,0.42183998227119446,810
Maxwell,1,PSO-ABE,81,0.42183998227119446,820
Maxwell,1,PSO-ABE,82,0.42183586955070496,830
Maxwell,1,PSO-ABE,83,0.42183586955070496,840
Maxwell,1,PSO-ABE,84,0.42183586955070496,850
Maxwell,1,PSO-ABE,85,0.42183586955070496,860
Maxwell,1,PSO-ABE,86,0.42183586955070496,870
Maxwell,1,PSO-ABE,87,0.42183586955070496,880
Maxwell,1,PSO-ABE,88,0.42183586955070496,890
Maxwell,1,PSO-ABE,89,0.42183586955070496,900
Maxwell,1,PSO-ABE,90,0.42183586955070496,910
Maxwell,1,PSO-ABE,91,0.42183586955070496,920
Maxwell,1,PSO-ABE,92,0.42183586955070496,930
Maxwell,1,PSO-ABE,93,0.42183586955070496,940
Maxwell,1,PSO-ABE,94,0.42183586955070496,950
Maxwell,1,PSO-ABE,95,0.42183586955070496,960
Maxwell,1,PSO-ABE,96,0.42183586955070496,970
Maxwell,1,PSO-ABE,97,0.42183586955070496,980
Maxwell,1,PSO-ABE,98,0.42183586955070496,990
Maxwell,1,PSO-ABE,99,0.42183586955070496,1000
Maxwell,1,DE-ABE,0,0.7197661995887756,10
Maxwell,1,DE-ABE,1,0.6993855834007263,20
Maxwell,1,DE-ABE,2,0.6993855834007263,30
Maxwell,1,DE-ABE,3,0.6773303151130676,40
Maxwell,1,DE-ABE,4,0.6495391130447388,50
Maxwell,1,DE-ABE,5,0.6245114207267761,60
Maxwell,1,DE-ABE,6,0.6245114207267761,70
Maxwell,1,DE-ABE,7,0.5790053606033325,80
Maxwell,1,DE-ABE,8,0.5790053606033325,90
Maxwell,1,DE-ABE,9,0.5535353422164917,100
Maxwell,1,DE-ABE,10,0.5535353422164917,110
Maxwell,1,DE-ABE,11,0.5441024899482727,120
Maxwell,1,DE-ABE,12,0.5386243462562561,130
Maxwell,1,DE-ABE,13,0.4965231716632843,140
Maxwell,1,DE-ABE,14,0.47749173641204834,150
Maxwell,1,DE-ABE,15,0.47086387872695923,160
Maxwell,1,DE-ABE,16,0.47086387872695923,170
Maxwell,1,DE-ABE,17,0.47086387872695923,180
Maxwell,1,DE-ABE,18,0.47086387872695923,190
Maxwell,1,DE-ABE,19,0.47086387872695923,200
Maxwell,1,DE-ABE,20,0.47086387872695923,210
Maxwell,1,DE-ABE,21,0.4666532874107361,220
Maxwell,1,DE-ABE,22,0.4666532874107361,230
Maxwell,1,DE-ABE,23,0.4666532874107361,240
Maxwell,1,DE-ABE,24,0.4666532874107361,250
Maxwell,1,DE-ABE,25,0.4666532874107361,260
Maxwell,1,DE-ABE,26,0.4666532874107361,270
Maxwell,1,DE-ABE,27,0.46554216742515564,280
Maxwell,1,DE-ABE,28,0.4643755555152893,290
Maxwell,1,DE-ABE,29,0.46110525727272034,300
Maxwell,1,DE-ABE,30,0.45743927359580994,310
Maxwell,1,DE-ABE,31,0.4563891291618347,320
Maxwell,1,DE-ABE,32,0.45628634095191956,330
Maxwell,1,DE-ABE,33,0.45618706941604614,340
Maxwell,1,DE-ABE,34,0.45605653524398804,350
Maxwell,1,DE-ABE,35,0.45605653524398804,360
Maxwell,1,DE-ABE,36,0.4559822082519531,370
Maxwell,1,DE-ABE,37,0.4559638798236847,380
Maxwell,1,DE-ABE,38,0.4559476673603058,390
Maxwell,1,DE-ABE,39,0.45594075322151184,400
Maxwell,1,DE-ABE,40,0.4559151232242584,410
Maxwell,1,DE-ABE,41,0.45589354634284973,420
Maxwell,1,DE-ABE,42,0.4558928608894348,430
Maxwell,1,DE-ABE,43,0.4558928608894348,440
Maxwell,1,DE-ABE,44,0.4558411240577698,450
Maxwell,1,DE-ABE,45,0.4558411240577698,460
Maxwell,1,DE-ABE,46,0.45582184195518494,470
Maxwell,1,DE-ABE,47,0.45582184195518494,480
Maxwell,1,DE-ABE,48,0.45582184195518494,490
Maxwell,1,DE-ABE,49,0.45582184195518494,500
Maxwell,1,DE-ABE,50,0.45582184195518494,510
Maxwell,1,DE-ABE,51,0.45582184195518494,520
Maxwell,1,DE-ABE,52,0.45582184195518494,530
Maxwell,1,DE-ABE,53,0.45581841468811035,540
Maxwell,1,DE-ABE,54,0.4558180868625641,550
Maxwell,1,DE-ABE,55,0.4558180868625641,560
Maxwell,1,DE-ABE,56,0.45581379532814026,570
Maxwell,1,DE-ABE,57,0.4558134377002716,580
Maxwell,1,DE-ABE,58,0.45580771565437317,590
Maxwell,1,DE-ABE,59,0.45580771565437317,600
Maxwell,1,DE-ABE,60,0.455807626247406,610
Maxwell,1,DE-ABE,61,0.45580634474754333,620
Maxwell,1,DE-ABE,62,0.45580214262008667,630
Maxwell,1,DE-ABE,63,0.45580101013183594,640
Maxwell,1,DE-ABE,64,0.4557970464229584,650
Maxwell,1,DE-ABE,65,0.45579588413238525,660
Maxwell,1,DE-ABE,66,0.4557943046092987,670
Maxwell,1,DE-ABE,67,0.4557913541793823,680
Maxwell,1,DE-ABE,68,0.4557913541793823,690
Maxwell,1,DE-ABE,69,0.45578840374946594,700
Maxwell,1,DE-ABE,70,0.45578840374946594,710
Maxwell,1,DE-ABE,71,0.45578840374946594,720
Maxwell,1,DE-ABE,72,0.4557882249355316,730
Maxwell,1,DE-ABE,73,0.4557882249355316,740
Maxwell,1,DE-ABE,74,0.4557879865169525,750
Maxwell,1,DE-ABE,75,0.4557877779006958,760
Maxwell,1,DE-ABE,76,0.4557877779006958,770
Maxwell,1,DE-ABE,77,0.4557875096797943,780
Maxwell,1,DE-ABE,78,0.4557875096797943,790
Maxwell,1,DE-ABE,79,0.4557870924472809,800
Maxwell,1,DE-ABE,80,0.4557866156101227,810
Maxwell,1,DE-ABE,81,0.4557866156101227,820
Maxwell,1,DE-ABE,82,0.45578640699386597,830
Maxwell,1,DE-ABE,83,0.45578640699386597,840
Maxwell,1,DE-ABE,84,0.4557863175868988,850
Maxwell,1,DE-ABE,85,0.4557859003543854,860
Maxwell,1,DE-ABE,86,0.4557859003543854,870
Maxwell,1,DE-ABE,87,0.4557859003543854,880
Maxwell,1,DE-ABE,88,0.4557857811450958,890
Maxwell,1,DE-ABE,89,0.4557856321334839,900
Maxwell,1,DE-ABE,90,0.45578524470329285,910
Maxwell,1,DE-ABE,91,0.45578524470329285,920
Maxwell,1,DE-ABE,92,0.4557851552963257,930
Maxwell,1,DE-ABE,93,0.4557851552963257,940
Maxwell,1,DE-ABE,94,0.4557844400405884,950
Maxwell,1,DE-ABE,95,0.455784410238266,960
Maxwell,1,DE-ABE,96,0.45578423142433167,970
Maxwell,1,DE-ABE,97,0.45578423142433167,980
Maxwell,1,DE-ABE,98,0.45578423142433167,990
Maxwell,1,DE-ABE,99,0.4557841718196869,1000
Maxwell,1,GWO-ABE,0,0.630327045917511,10
Maxwell,1,GWO-ABE,1,0.5369561314582825,20
Maxwell,1,GWO-ABE,2,0.48081889748573303,30
Maxwell,1,GWO-ABE,3,0.47750070691108704,40
Maxwell,1,GWO-ABE,4,0.45932263135910034,50
Maxwell,1,GWO-ABE,5,0.4608449339866638,60
Maxwell,1,GWO-ABE,6,0.46390560269355774,70
Maxwell,1,GWO-ABE,7,0.40675270557403564,80
Maxwell,1,GWO-ABE,8,0.4141056537628174,90
Maxwell,1,GWO-ABE,9,0.4196397066116333,100
Maxwell,1,GWO-ABE,10,0.4299751818180084,110
Maxwell,1,GWO-ABE,11,0.4171070456504822,120
Maxwell,1,GWO-ABE,12,0.4206821024417877,130
Maxwell,1,GWO-ABE,13,0.41991347074508667,140
Maxwell,1,GWO-ABE,14,0.42467838525772095,150
Maxwell,1,GWO-ABE,15,0.3986991345882416,160
Maxwell,1,GWO-ABE,16,0.3949945271015167,170
Maxwell,1,GWO-ABE,17,0.4043689966201782,180
Maxwell,1,GWO-ABE,18,0.40270763635635376,190
Maxwell,1,GWO-ABE,19,0.4062149226665497,200
Maxwell,1,GWO-ABE,20,0.424480140209198,210
Maxwell,1,GWO-ABE,21,0.4270443320274353,220
Maxwell,1,GWO-ABE,22,0.4118165671825409,230
Maxwell,1,GWO-ABE,23,0.39766788482666016,240
Maxwell,1,GWO-ABE,24,0.40607985854148865,250
Maxwell,1,GWO-ABE,25,0.40392670035362244,260
Maxwell,1,GWO-ABE,26,0.42457014322280884,270
Maxwell,1,GWO-ABE,27,0.40942907333374023,280
Maxwell,1,GWO-ABE,28,0.4309873580932617,290
Maxwell,1,GWO-ABE,29,0.4214209020137787,300
Maxwell,1,GWO-ABE,30,0.4053307771682739,310
Maxwell,1,GWO-ABE,31,0.4208488464355469,320
Maxwell,1,GWO-ABE,32,0.4199434220790863,330
Maxwell,1,GWO-ABE,33,0.4034477770328522,340
Maxwell,1,GWO-ABE,34,0.4022164046764374,350
Maxwell,1,GWO-ABE,35,0.40572598576545715,360
Maxwell,1,GWO-ABE,36,0.3988138735294342,370
Maxwell,1,GWO-ABE,37,0.4130968153476715,380
Maxwell,1,GWO-ABE,38,0.4071001410484314,390
Maxwell,1,GWO-ABE,39,0.4082164168357849,400
Maxwell,1,GWO-ABE,40,0.406876802444458,410
Maxwell,1,GWO-ABE,41,0.40638378262519836,420
Maxwell,1,GWO-ABE,42,0.41559621691703796,430
Maxwell,1,GWO-ABE,43,0.41325074434280396,440
Maxwell,1,GWO-ABE,44,0.4074784815311432,450
Maxwell,1,GWO-ABE,45,0.4038691520690918,460
Maxwell,1,GWO-ABE,46,0.40904831886291504,470
Maxwell,1,GWO-ABE,47,0.4043939709663391,480
Maxwell,1,GWO-ABE,48,0.4056365191936493,490
Maxwell,1,GWO-ABE,49,0.408407062292099,500
Maxwell,1,GWO-ABE,50,0.40123212337493896,510
Maxwell,1,GWO-ABE,51,0.4142935276031494,520
Maxwell,1,GWO-ABE,52,0.40439021587371826,530
Maxwell,1,GWO-ABE,53,0.4073599874973297,540
Maxwell,1,GWO-ABE,54,0.41134095191955566,550
Maxwell,1,GWO-ABE,55,0.4100121855735779,560
Maxwell,1,GWO-ABE,56,0.4018208384513855,570
Maxwell,1,GWO-ABE,57,0.40425634384155273,580
Maxwell,1,GWO-ABE,58,0.39772775769233704,590
Maxwell,1,GWO-ABE,59,0.4034186601638794,600
Maxwell,1,GWO-ABE,60,0.39827263355255127,610
Maxwell,1,GWO-ABE,61,0.3973786532878876,620
Maxwell,1,GWO-ABE,62,0.40065547823905945,630
Maxwell,1,GWO-ABE,63,0.4150505065917969,640
Maxwell,1,GWO-ABE,64,0.41449645161628723,650
Maxwell,1,GWO-ABE,65,0.40287521481513977,660
Maxwell,1,GWO-ABE,66,0.41368088126182556,670
Maxwell,1,GWO-ABE,67,0.40460553765296936,680
Maxwell,1,GWO-ABE,68,0.40069282054901123,690
Maxwell,1,GWO-ABE,69,0.4005718529224396,700
Maxwell,1,GWO-ABE,70,0.40082618594169617,710
Maxwell,1,GWO-ABE,71,0.40118664503097534,720
Maxwell,1,GWO-ABE,72,0.4019232392311096,730
Maxwell,1,GWO-ABE,73,0.4013696014881134,740
Maxwell,1,GWO-ABE,74,0.395925372838974,750
Maxwell,1,GWO-ABE,75,0.4008277654647827,760
Maxwell,1,GWO-ABE,76,0.3936660885810852,770
Maxwell,1,GWO-ABE,77,0.40093958377838135,780
Maxwell,1,GWO-ABE,78,0.4007931053638458,790
Maxwell,1,GWO-ABE,79,0.39940589666366577,800
Maxwell,1,GWO-ABE,80,0.40045595169067383,810
Maxwell,1,GWO-ABE,81,0.39725959300994873,820
Maxwell,1,GWO-ABE,82,0.4009817838668823,830
Maxwell,1,GWO-ABE,83,0.3972499966621399,840
Maxwell,1,GWO-ABE,84,0.3974408507347107,850
Maxwell,1,GWO-ABE,85,0.39754539728164673,860
Maxwell,1,GWO-ABE,86,0.3977428078651428,870
Maxwell,1,GWO-ABE,87,0.397271066904068,880
Maxwell,1,GWO-ABE,88,0.3977879583835602,890
Maxwell,1,GWO-ABE,89,0.39347490668296814,900
Maxwell,1,GWO-ABE,90,0.39769285917282104,910
Maxwell,1,GWO-ABE,91,0.39762258529663086,920
Maxwell,1,GWO-ABE,92,0.39751848578453064,930
Maxwell,1,GWO-ABE,93,0.3976224660873413,940
Maxwell,1,GWO-ABE,94,0.3976427912712097,950
Maxwell,1,GWO-ABE,95,0.3975135385990143,960
Maxwell,1,GWO-ABE,96,0.39750218391418457,970
Maxwell,1,GWO-ABE,97,0.3974505066871643,980
Maxwell,1,GWO-ABE,98,0.3974902331829071,990
Maxwell,1,GWO-ABE,99,0.397473007440567,1000
Maxwell,1,WOA-ABE,0,0.7645247578620911,10
Maxwell,1,WOA-ABE,1,0.7210089564323425,20
Maxwell,1,WOA-ABE,2,0.5416219830513,30
Maxwell,1,WOA-ABE,3,0.5416219830513,40
Maxwell,1,WOA-ABE,4,0.5265622138977051,50
Maxwell,1,WOA-ABE,5,0.48394975066185,60
Maxwell,1,WOA-ABE,6,0.48212146759033203,70
Maxwell,1,WOA-ABE,7,0.46582862734794617,80
Maxwell,1,WOA-ABE,8,0.4643578827381134,90
Maxwell,1,WOA-ABE,9,0.4643578827381134,100
Maxwell,1,WOA-ABE,10,0.4629310369491577,110
Maxwell,1,WOA-ABE,11,0.4591452479362488,120
Maxwell,1,WOA-ABE,12,0.45682936906814575,130
Maxwell,1,WOA-ABE,13,0.45677828788757324,140
Maxwell,1,WOA-ABE,14,0.45677828788757324,150
Maxwell,1,WOA-ABE,15,0.45402684807777405,160
Maxwell,1,WOA-ABE,16,0.4281563460826874,170
Maxwell,1,WOA-ABE,17,0.42758017778396606,180
Maxwell,1,WOA-ABE,18,0.42758017778396606,190
Maxwell,1,WOA-ABE,19,0.42758017778396606,200
Maxwell,1,WOA-ABE,20,0.42757612466812134,210
Maxwell,1,WOA-ABE,21,0.42757612466812134,220
Maxwell,1,WOA-ABE,22,0.42757612466812134,230
Maxwell,1,WOA-ABE,23,0.42757612466812134,240
Maxwell,1,WOA-ABE,24,0.4275393486022949,250
Maxwell,1,WOA-ABE,25,0.42753201723098755,260
Maxwell,1,WOA-ABE,26,0.42749813199043274,270
Maxwell,1,WOA-ABE,27,0.42746394872665405,280
Maxwell,1,WOA-ABE,28,0.42746394872665405,290
Maxwell,1,WOA-ABE,29,0.4272093176841736,300
Maxwell,1,WOA-ABE,30,0.4272093176841736,310
Maxwell,1,WOA-ABE,31,0.4271794259548187,320
Maxwell,1,WOA-ABE,32,0.42642495036125183,330
Maxwell,1,WOA-ABE,33,0.42642495036125183,340
Maxwell,1,WOA-ABE,34,0.42642495036125183,350
Maxwell,1,WOA-ABE,35,0.42642495036125183,360
Maxwell,1,WOA-ABE,36,0.42642495036125183,370
Maxwell,1,WOA-ABE,37,0.42642495036125183,380
Maxwell,1,WOA-ABE,38,0.4263984262943268,390
Maxwell,1,WOA-ABE,39,0.42639297246932983,400
Maxwell,1,WOA-ABE,40,0.42639175057411194,410
Maxwell,1,WOA-ABE,41,0.42639175057411194,420
Maxwell,1,WOA-ABE,42,0.42639175057411194,430
Maxwell,1,WOA-ABE,43,0.42639175057411194,440
Maxwell,1,WOA-ABE,44,0.4263908267021179,450
Maxwell,1,WOA-ABE,45,0.42639076709747314,460
Maxwell,1,WOA-ABE,46,0.42639076709747314,470
Maxwell,1,WOA-ABE,47,0.4263884425163269,480
Maxwell,1,WOA-ABE,48,0.4263884425163269,490
Maxwell,1,WOA-ABE,49,0.4263884425163269,500
Maxwell,1,WOA-ABE,50,0.4263884425163269,510
Maxwell,1,WOA-ABE,51,0.4263884425163269,520
Maxwell,1,WOA-ABE,52,0.4263884425163269,530
Maxwell,1,WOA-ABE,53,0.42637020349502563,540
Maxwell,1,WOA-ABE,54,0.42637020349502563,550
Maxwell,1,WOA-ABE,55,0.42637014389038086,560
Maxwell,1,WOA-ABE,56,0.42637014389038086,570
Maxwell,1,WOA-ABE,57,0.42637014389038086,580
Maxwell,1,WOA-ABE,58,0.42637014389038086,590
Maxwell,1,WOA-ABE,59,0.42637014389038086,600
Maxwell,1,WOA-ABE,60,0.4263690412044525,610
Maxwell,1,WOA-ABE,61,0.4263690412044525,620
Maxwell,1,WOA-ABE,62,0.4263690412044525,630
Maxwell,1,WOA-ABE,63,0.4263690412044525,640
Maxwell,1,WOA-ABE,64,0.4263690412044525,650
Maxwell,1,WOA-ABE,65,0.4263690412044525,660
Maxwell,1,WOA-ABE,66,0.42636725306510925,670
Maxwell,1,WOA-ABE,67,0.42636725306510925,680
Maxwell,1,WOA-ABE,68,0.42636725306510925,690
Maxwell,1,WOA-ABE,69,0.42636725306510925,700
Maxwell,1,WOA-ABE,70,0.42636725306510925,710
Maxwell,1,WOA-ABE,71,0.42636725306510925,720
Maxwell,1,WOA-ABE,72,0.42636725306510925,730
Maxwell,1,WOA-ABE,73,0.42636725306510925,740
Maxwell,1,WOA-ABE,74,0.4263625144958496,750
Maxwell,1,WOA-ABE,75,0.4263625144958496,760
Maxwell,1,WOA-ABE,76,0.4263625144958496,770
Maxwell,1,WOA-ABE,77,0.4263581931591034,780
Maxwell,1,WOA-ABE,78,0.42635127902030945,790
Maxwell,1,WOA-ABE,79,0.42635127902030945,800
Maxwell,1,WOA-ABE,80,0.4263441562652588,810
Maxwell,1,WOA-ABE,81,0.42631375789642334,820
Maxwell,1,WOA-ABE,82,0.42631375789642334,830
Maxwell,1,WOA-ABE,83,0.42631375789642334,840
Maxwell,1,WOA-ABE,84,0.42631375789642334,850
Maxwell,1,WOA-ABE,85,0.42630842328071594,860
Maxwell,1,WOA-ABE,86,0.42630842328071594,870
Maxwell,1,WOA-ABE,87,0.42630842328071594,880
Maxwell,1,WOA-ABE,88,0.42630162835121155,890
Maxwell,1,WOA-ABE,89,0.4263002574443817,900
Maxwell,1,WOA-ABE,90,0.4263002574443817,910
Maxwell,1,WOA-ABE,91,0.4263002574443817,920
Maxwell,1,WOA-ABE,92,0.42629894614219666,930
Maxwell,1,WOA-ABE,93,0.42629894614219666,940
Maxwell,1,WOA-ABE,94,0.42629894614219666,950
Maxwell,1,WOA-ABE,95,0.42629891633987427,960
Maxwell,1,WOA-ABE,96,0.42629891633987427,970
Maxwell,1,WOA-ABE,97,0.4262988567352295,980
Maxwell,1,WOA-ABE,98,0.4262988567352295,990
Maxwell,1,WOA-ABE,99,0.4262988567352295,1000
Maxwell,1,FAABE,0,0.7312238216400146,10
Maxwell,1,FAABE,1,0.6525241732597351,20
Maxwell,1,FAABE,2,0.5693755149841309,30
Maxwell,1,FAABE,3,0.5679818987846375,40
Maxwell,1,FAABE,4,0.48162660002708435,50
Maxwell,1,FAABE,5,0.48162660002708435,60
Maxwell,1,FAABE,6,0.48162660002708435,70
Maxwell,1,FAABE,7,0.48162660002708435,80
Maxwell,1,FAABE,8,0.48162660002708435,90
Maxwell,1,FAABE,9,0.4724729359149933,100
Maxwell,1,FAABE,10,0.4724729359149933,110
Maxwell,1,FAABE,11,0.4724729359149933,120
Maxwell,1,FAABE,12,0.4724729359149933,130
Maxwell,1,FAABE,13,0.4724729359149933,140
Maxwell,1,FAABE,14,0.4720005989074707,150
Maxwell,1,FAABE,15,0.4720005989074707,160
Maxwell,1,FAABE,16,0.44868412613868713,170
Maxwell,1,FAABE,17,0.41778674721717834,180
Maxwell,1,FAABE,18,0.4038827121257782,190
Maxwell,1,FAABE,19,0.4038827121257782,200
Maxwell,1,FAABE,20,0.4038827121257782,210
Maxwell,1,FAABE,21,0.4038827121257782,220
Maxwell,1,FAABE,22,0.4038827121257782,230
Maxwell,1,FAABE,23,0.4038827121257782,240
Maxwell,1,FAABE,24,0.4038827121257782,250
Maxwell,1,FAABE,25,0.4038827121257782,260
Maxwell,1,FAABE,26,0.4038827121257782,270
Maxwell,1,FAABE,27,0.4038827121257782,280
Maxwell,1,FAABE,28,0.4038827121257782,290
Maxwell,1,FAABE,29,0.4038827121257782,300
Maxwell,1,FAABE,30,0.4038827121257782,310
Maxwell,1,FAABE,31,0.4038827121257782,320
Maxwell,1,FAABE,32,0.4038827121257782,330
Maxwell,1,FAABE,33,0.4038827121257782,340
Maxwell,1,FAABE,34,0.4038827121257782,350
Maxwell,1,FAABE,35,0.4038827121257782,360
Maxwell,1,FAABE,36,0.4038827121257782,370
Maxwell,1,FAABE,37,0.4038827121257782,380
Maxwell,1,FAABE,38,0.4038827121257782,390
Maxwell,1,FAABE,39,0.4038827121257782,400
Maxwell,1,FAABE,40,0.4038827121257782,410
Maxwell,1,FAABE,41,0.4038827121257782,420
Maxwell,1,FAABE,42,0.4038827121257782,430
Maxwell,1,FAABE,43,0.4038827121257782,440
Maxwell,1,FAABE,44,0.4038827121257782,450
Maxwell,1,FAABE,45,0.4038827121257782,460
Maxwell,1,FAABE,46,0.4038827121257782,470
Maxwell,1,FAABE,47,0.4038827121257782,480
Maxwell,1,FAABE,48,0.4038827121257782,490
Maxwell,1,FAABE,49,0.4038827121257782,500
Maxwell,1,FAABE,50,0.4038827121257782,510
Maxwell,1,FAABE,51,0.4038827121257782,520
Maxwell,1,FAABE,52,0.4038827121257782,530
Maxwell,1,FAABE,53,0.4038827121257782,540
Maxwell,1,FAABE,54,0.4038827121257782,550
Maxwell,1,FAABE,55,0.4038827121257782,560
Maxwell,1,FAABE,56,0.4038827121257782,570
Maxwell,1,FAABE,57,0.4038827121257782,580
Maxwell,1,FAABE,58,0.4038827121257782,590
Maxwell,1,FAABE,59,0.4038827121257782,600
Maxwell,1,FAABE,60,0.4038827121257782,610
Maxwell,1,FAABE,61,0.4038827121257782,620
Maxwell,1,FAABE,62,0.4038827121257782,630
Maxwell,1,FAABE,63,0.4038827121257782,640
Maxwell,1,FAABE,64,0.4038827121257782,650
Maxwell,1,FAABE,65,0.4038827121257782,660
Maxwell,1,FAABE,66,0.4038827121257782,670
Maxwell,1,FAABE,67,0.4038827121257782,680
Maxwell,1,FAABE,68,0.4038827121257782,690
Maxwell,1,FAABE,69,0.4038827121257782,700
Maxwell,1,FAABE,70,0.4038827121257782,710
Maxwell,1,FAABE,71,0.4038827121257782,720
Maxwell,1,FAABE,72,0.4038827121257782,730
Maxwell,1,FAABE,73,0.4038827121257782,740
Maxwell,1,FAABE,74,0.4038827121257782,750
Maxwell,1,FAABE,75,0.4038827121257782,760
Maxwell,1,FAABE,76,0.4038827121257782,770
Maxwell,1,FAABE,77,0.4038827121257782,780
Maxwell,1,FAABE,78,0.4038827121257782,790
Maxwell,1,FAABE,79,0.4038827121257782,800
Maxwell,1,FAABE,80,0.4038827121257782,810
Maxwell,1,FAABE,81,0.4038827121257782,820
Maxwell,1,FAABE,82,0.4038827121257782,830
Maxwell,1,FAABE,83,0.4038827121257782,840
Maxwell,1,FAABE,84,0.4038827121257782,850
Maxwell,1,FAABE,85,0.4038827121257782,860
Maxwell,1,FAABE,86,0.4038827121257782,870
Maxwell,1,FAABE,87,0.4038827121257782,880
Maxwell,1,FAABE,88,0.4038827121257782,890
Maxwell,1,FAABE,89,0.4038827121257782,900
Maxwell,1,FAABE,90,0.4038827121257782,910
Maxwell,1,FAABE,91,0.4038827121257782,920
Maxwell,1,FAABE,92,0.4038827121257782,930
Maxwell,1,FAABE,93,0.4038827121257782,940
Maxwell,1,FAABE,94,0.4038827121257782,950
Maxwell,1,FAABE,95,0.4038827121257782,960
Maxwell,1,FAABE,96,0.4038827121257782,970
Maxwell,1,FAABE,97,0.4038827121257782,980
Maxwell,1,FAABE,98,0.4038827121257782,990
Maxwell,1,FAABE,99,0.4038827121257782,1000
Maxwell,2,GA-ABE,0,0.5620175004005432,10
Maxwell,2,GA-ABE,1,0.5162776708602905,20
Maxwell,2,GA-ABE,2,0.5162776708602905,30
Maxwell,2,GA-ABE,3,0.510612428188324,40
Maxwell,2,GA-ABE,4,0.4866531193256378,50
Maxwell,2,GA-ABE,5,0.4866531193256378,60
Maxwell,2,GA-ABE,6,0.443570077419281,70
Maxwell,2,GA-ABE,7,0.41978004574775696,80
Maxwell,2,GA-ABE,8,0.4191661775112152,90
Maxwell,2,GA-ABE,9,0.4191661775112152,100
Maxwell,2,GA-ABE,10,0.4191661775112152,110
Maxwell,2,GA-ABE,11,0.4191661775112152,120
Maxwell,2,GA-ABE,12,0.4191661775112152,130
Maxwell,2,GA-ABE,13,0.416718065738678,140
Maxwell,2,GA-ABE,14,0.4053630828857422,150
Maxwell,2,GA-ABE,15,0.40452873706817627,160
Maxwell,2,GA-ABE,16,0.40452873706817627,170
Maxwell,2,GA-ABE,17,0.4002158045768738,180
Maxwell,2,GA-ABE,18,0.4002158045768738,190
Maxwell,2,GA-ABE,19,0.3923720121383667,200
Maxwell,2,GA-ABE,20,0.3923720121383667,210
Maxwell,2,GA-ABE,21,0.3923720121383667,220
Maxwell,2,GA-ABE,22,0.3923720121383667,230
Maxwell,2,GA-ABE,23,0.3923720121383667,240
Maxwell,2,GA-ABE,24,0.3865479528903961,250
Maxwell,2,GA-ABE,25,0.38654792308807373,260
Maxwell,2,GA-ABE,26,0.38654792308807373,270
Maxwell,2,GA-ABE,27,0.3846479058265686,280
Maxwell,2,GA-ABE,28,0.3846478760242462,290
Maxwell,2,GA-ABE,29,0.3846478760242462,300
Maxwell,2,GA-ABE,30,0.3846478760242462,310
Maxwell,2,GA-ABE,31,0.3846478760242462,320
Maxwell,2,GA-ABE,32,0.3846478760242462,330
Maxwell,2,GA-ABE,33,0.3846478760242462,340
Maxwell,2,GA-ABE,34,0.38456907868385315,350
Maxwell,2,GA-ABE,35,0.38456907868385315,360
Maxwell,2,GA-ABE,36,0.38456907868385315,370
Maxwell,2,GA-ABE,37,0.38456904888153076,380
Maxwell,2,GA-ABE,38,0.38456904888153076,390
Maxwell,2,GA-ABE,39,0.38456904888153076,400
Maxwell,2,GA-ABE,40,0.38456904888153076,410
Maxwell,2,GA-ABE,41,0.38456904888153076,420
Maxwell,2,GA-ABE,42,0.38456904888153076,430
Maxwell,2,GA-ABE,43,0.38456904888153076,440
Maxwell,2,GA-ABE,44,0.38456904888153076,450
Maxwell,2,GA-ABE,45,0.38456904888153076,460
Maxwell,2,GA-ABE,46,0.38456904888153076,470
Maxwell,2,GA-ABE,47,0.38456904888153076,480
Maxwell,2,GA-ABE,48,0.38456904888153076,490
Maxwell,2,GA-ABE,49,0.38456904888153076,500
Maxwell,2,GA-ABE,50,0.38456904888153076,510
Maxwell,2,GA-ABE,51,0.38456904888153076,520
Maxwell,2,GA-ABE,52,0.38456904888153076,530
Maxwell,2,GA-ABE,53,0.38456904888153076,540
Maxwell,2,GA-ABE,54,0.38456904888153076,550
Maxwell,2,GA-ABE,55,0.38456904888153076,560
Maxwell,2,GA-ABE,56,0.38456904888153076,570
Maxwell,2,GA-ABE,57,0.38456904888153076,580
Maxwell,2,GA-ABE,58,0.38456904888153076,590
Maxwell,2,GA-ABE,59,0.38456904888153076,600
Maxwell,2,GA-ABE,60,0.38456904888153076,610
Maxwell,2,GA-ABE,61,0.38456904888153076,620
Maxwell,2,GA-ABE,62,0.38456904888153076,630
Maxwell,2,GA-ABE,63,0.38456904888153076,640
Maxwell,2,GA-ABE,64,0.38456904888153076,650
Maxwell,2,GA-ABE,65,0.38456904888153076,660
Maxwell,2,GA-ABE,66,0.38456904888153076,670
Maxwell,2,GA-ABE,67,0.38456904888153076,680
Maxwell,2,GA-ABE,68,0.38456904888153076,690
Maxwell,2,GA-ABE,69,0.38456904888153076,700
Maxwell,2,GA-ABE,70,0.38456904888153076,710
Maxwell,2,GA-ABE,71,0.38453447818756104,720
Maxwell,2,GA-ABE,72,0.38453447818756104,730
Maxwell,2,GA-ABE,73,0.38452792167663574,740
Maxwell,2,GA-ABE,74,0.38452792167663574,750
Maxwell,2,GA-ABE,75,0.38452792167663574,760
Maxwell,2,GA-ABE,76,0.38452792167663574,770
Maxwell,2,GA-ABE,77,0.38452792167663574,780
Maxwell,2,GA-ABE,78,0.38452792167663574,790
Maxwell,2,GA-ABE,79,0.38452789187431335,800
Maxwell,2,GA-ABE,80,0.38452789187431335,810
Maxwell,2,GA-ABE,81,0.38452789187431335,820
Maxwell,2,GA-ABE,82,0.38452789187431335,830
Maxwell,2,GA-ABE,83,0.38452789187431335,840
Maxwell,2,GA-ABE,84,0.38452789187431335,850
Maxwell,2,GA-ABE,85,0.38452789187431335,860
Maxwell,2,GA-ABE,86,0.38452789187431335,870
Maxwell,2,GA-ABE,87,0.38452789187431335,880
Maxwell,2,GA-ABE,88,0.38452789187431335,890
Maxwell,2,GA-ABE,89,0.38452789187431335,900
Maxwell,2,GA-ABE,90,0.38452789187431335,910
Maxwell,2,GA-ABE,91,0.38452789187431335,920
Maxwell,2,GA-ABE,92,0.38452789187431335,930
Maxwell,2,GA-ABE,93,0.38452789187431335,940
Maxwell,2,GA-ABE,94,0.38452789187431335,950
Maxwell,2,GA-ABE,95,0.38452789187431335,960
Maxwell,2,GA-ABE,96,0.38452789187431335,970
Maxwell,2,GA-ABE,97,0.38452789187431335,980
Maxwell,2,GA-ABE,98,0.38452789187431335,990
Maxwell,2,GA-ABE,99,0.38452789187431335,1000
Maxwell,2,PSO-ABE,0,0.575125515460968,10
Maxwell,2,PSO-ABE,1,0.5185394883155823,20
Maxwell,2,PSO-ABE,2,0.46034330129623413,30
Maxwell,2,PSO-ABE,3,0.44084495306015015,40
Maxwell,2,PSO-ABE,4,0.44084495306015015,50
Maxwell,2,PSO-ABE,5,0.39816081523895264,60
Maxwell,2,PSO-ABE,6,0.3778001070022583,70
Maxwell,2,PSO-ABE,7,0.3778001070022583,80
Maxwell,2,PSO-ABE,8,0.36689984798431396,90
Maxwell,2,PSO-ABE,9,0.36689984798431396,100
Maxwell,2,PSO-ABE,10,0.36689984798431396,110
Maxwell,2,PSO-ABE,11,0.36689984798431396,120
Maxwell,2,PSO-ABE,12,0.36689984798431396,130
Maxwell,2,PSO-ABE,13,0.36689984798431396,140
Maxwell,2,PSO-ABE,14,0.36689984798431396,150
Maxwell,2,PSO-ABE,15,0.36689984798431396,160
Maxwell,2,PSO-ABE,16,0.36429330706596375,170
Maxwell,2,PSO-ABE,17,0.363086998462677,180
Maxwell,2,PSO-ABE,18,0.36299678683280945,190
Maxwell,2,PSO-ABE,19,0.36299678683280945,200
Maxwell,2,PSO-ABE,20,0.36277544498443604,210
Maxwell,2,PSO-ABE,21,0.36277544498443604,220
Maxwell,2,PSO-ABE,22,0.36277544498443604,230
Maxwell,2,PSO-ABE,23,0.36277544498443604,240
Maxwell,2,PSO-ABE,24,0.36270394921302795,250
Maxwell,2,PSO-ABE,25,0.362547367811203,260
Maxwell,2,PSO-ABE,26,0.362547367811203,270
Maxwell,2,PSO-ABE,27,0.362547367811203,280
Maxwell,2,PSO-ABE,28,0.362547367811203,290
Maxwell,2,PSO-ABE,29,0.3624097406864166,300
Maxwell,2,PSO-ABE,30,0.3624097406864166,310
Maxwell,2,PSO-ABE,31,0.3624097406864166,320
Maxwell,2,PSO-ABE,32,0.3624097406864166,330
Maxwell,2,PSO-ABE,33,0.36235377192497253,340
Maxwell,2,PSO-ABE,34,0.36235377192497253,350
Maxwell,2,PSO-ABE,35,0.36235377192497253,360
Maxwell,2,PSO-ABE,36,0.36235377192497253,370
Maxwell,2,PSO-ABE,37,0.3623410165309906,380
Maxwell,2,PSO-ABE,38,0.3623410165309906,390
Maxwell,2,PSO-ABE,39,0.36231914162635803,400
Maxwell,2,PSO-ABE,40,0.36231914162635803,410
Maxwell,2,PSO-ABE,41,0.36231914162635803,420
Maxwell,2,PSO-ABE,42,0.36230161786079407,430
Maxwell,2,PSO-ABE,43,0.36230161786079407,440
Maxwell,2,PSO-ABE,44,0.36230161786079407,450
Maxwell,2,PSO-ABE,45,0.36230161786079407,460
Maxwell,2,PSO-ABE,46,0.36230161786079407,470
Maxwell,2,PSO-ABE,47,0.36230161786079407,480
Maxwell,2,PSO-ABE,48,0.36230161786079407,490
Maxwell,2,PSO-ABE,49,0.36230161786079407,500
Maxwell,2,PSO-ABE,50,0.36230161786079407,510
Maxwell,2,PSO-ABE,51,0.36230161786079407,520
Maxwell,2,PSO-ABE,52,0.36230161786079407,530
Maxwell,2,PSO-ABE,53,0.36230161786079407,540
Maxwell,2,PSO-ABE,54,0.36230161786079407,550
Maxwell,2,PSO-ABE,55,0.36229801177978516,560
Maxwell,2,PSO-ABE,56,0.36229801177978516,570
Maxwell,2,PSO-ABE,57,0.36229440569877625,580
Maxwell,2,PSO-ABE,58,0.36229440569877625,590
Maxwell,2,PSO-ABE,59,0.36229440569877625,600
Maxwell,2,PSO-ABE,60,0.36229220032691956,610
Maxwell,2,PSO-ABE,61,0.36229032278060913,620
Maxwell,2,PSO-ABE,62,0.36229032278060913,630
Maxwell,2,PSO-ABE,63,0.36229032278060913,640
Maxwell,2,PSO-ABE,64,0.3622902035713196,650
Maxwell,2,PSO-ABE,65,0.3622902035713196,660
Maxwell,2,PSO-ABE,66,0.3622902035713196,670
Maxwell,2,PSO-ABE,67,0.3622902035713196,680
Maxwell,2,PSO-ABE,68,0.3622902035713196,690
Maxwell,2,PSO-ABE,69,0.3622902035713196,700
Maxwell,2,PSO-ABE,70,0.3622902035713196,710
Maxwell,2,PSO-ABE,71,0.3622902035713196,720
Maxwell,2,PSO-ABE,72,0.3622902035713196,730
Maxwell,2,PSO-ABE,73,0.3622901737689972,740
Maxwell,2,PSO-ABE,74,0.3622901737689972,750
Maxwell,2,PSO-ABE,75,0.3622901737689972,760
Maxwell,2,PSO-ABE,76,0.3622901737689972,770
Maxwell,2,PSO-ABE,77,0.3622901737689972,780
Maxwell,2,PSO-ABE,78,0.3622901737689972,790
Maxwell,2,PSO-ABE,79,0.3622901737689972,800
Maxwell,2,PSO-ABE,80,0.362289696931839,810
Maxwell,2,PSO-ABE,81,0.362289696931839,820
Maxwell,2,PSO-ABE,82,0.362289696931839,830
Maxwell,2,PSO-ABE,83,0.362289696931839,840
Maxwell,2,PSO-ABE,84,0.3622894883155823,850
Maxwell,2,PSO-ABE,85,0.3622894883155823,860
Maxwell,2,PSO-ABE,86,0.3622894883155823,870
Maxwell,2,PSO-ABE,87,0.3622894883155823,880
Maxwell,2,PSO-ABE,88,0.3622894883155823,890
Maxwell,2,PSO-ABE,89,0.3622894883155823,900
Maxwell,2,PSO-ABE,90,0.3622894287109375,910
Maxwell,2,PSO-ABE,91,0.3622894287109375,920
Maxwell,2,PSO-ABE,92,0.3622894287109375,930
Maxwell,2,PSO-ABE,93,0.36228933930397034,940
Maxwell,2,PSO-ABE,94,0.36228933930397034,950
Maxwell,2,PSO-ABE,95,0.36228933930397034,960
Maxwell,2,PSO-ABE,96,0.36228933930397034,970
Maxwell,2,PSO-ABE,97,0.36228933930397034,980
Maxwell,2,PSO-ABE,98,0.36228933930397034,990
Maxwell,2,PSO-ABE,99,0.36228933930397034,1000
Maxwell,2,DE-ABE,0,0.5172055959701538,10
Maxwell,2,DE-ABE,1,0.5172055959701538,20
Maxwell,2,DE-ABE,2,0.5172055959701538,30
Maxwell,2,DE-ABE,3,0.5172055959701538,40
Maxwell,2,DE-ABE,4,0.5095768570899963,50
Maxwell,2,DE-ABE,5,0.5095768570899963,60
Maxwell,2,DE-ABE,6,0.5095768570899963,70
Maxwell,2,DE-ABE,7,0.4968574345111847,80
Maxwell,2,DE-ABE,8,0.4968574345111847,90
Maxwell,2,DE-ABE,9,0.4968574345111847,100
Maxwell,2,DE-ABE,10,0.4968574345111847,110
Maxwell,2,DE-ABE,11,0.4968574345111847,120
Maxwell,2,DE-ABE,12,0.4968574345111847,130
Maxwell,2,DE-ABE,13,0.4968468248844147,140
Maxwell,2,DE-ABE,14,0.46910759806632996,150
Maxwell,2,DE-ABE,15,0.46910759806632996,160
Maxwell,2,DE-ABE,16,0.46910759806632996,170
Maxwell,2,DE-ABE,17,0.468080997467041,180
Maxwell,2,DE-ABE,18,0.468080997467041,190
Maxwell,2,DE-ABE,19,0.46413183212280273,200
Maxwell,2,DE-ABE,20,0.46413183212280273,210
Maxwell,2,DE-ABE,21,0.4535752534866333,220
Maxwell,2,DE-ABE,22,0.4535752534866333,230
Maxwell,2,DE-ABE,23,0.4347144365310669,240
Maxwell,2,DE-ABE,24,0.4252391457557678,250
Maxwell,2,DE-ABE,25,0.4252391457557678,260
Maxwell,2,DE-ABE,26,0.39533671736717224,270
Maxwell,2,DE-ABE,27,0.39533671736717224,280
Maxwell,2,DE-ABE,28,0.39533671736717224,290
Maxwell,2,DE-ABE,29,0.39533671736717224,300
Maxwell,2,DE-ABE,30,0.39533671736717224,310
Maxwell,2,DE-ABE,31,0.39510220289230347,320
Maxwell,2,DE-ABE,32,0.3932504653930664,330
Maxwell,2,DE-ABE,33,0.3932504653930664,340
Maxwell,2,DE-ABE,34,0.3932504653930664,350
Maxwell,2,DE-ABE,35,0.3932504653930664,360
Maxwell,2,DE-ABE,36,0.39215314388275146,370
Maxwell,2,DE-ABE,37,0.39215314388275146,380
Maxwell,2,DE-ABE,38,0.3914348781108856,390
Maxwell,2,DE-ABE,39,0.3914348781108856,400
Maxwell,2,DE-ABE,40,0.38585925102233887,410
Maxwell,2,DE-ABE,41,0.38585925102233887,420
Maxwell,2,DE-ABE,42,0.38585925102233887,430
Maxwell,2,DE-ABE,43,0.38585925102233887,440
Maxwell,2,DE-ABE,44,0.38585925102233887,450
Maxwell,2,DE-ABE,45,0.38187748193740845,460
Maxwell,2,DE-ABE,46,0.38187748193740845,470
Maxwell,2,DE-ABE,47,0.3802548944950104,480
Maxwell,2,DE-ABE,48,0.3802548944950104,490
Maxwell,2,DE-ABE,49,0.3802548944950104,500
Maxwell,2,DE-ABE,50,0.3802548944950104,510
Maxwell,2,DE-ABE,51,0.3802548944950104,520
Maxwell,2,DE-ABE,52,0.38007858395576477,530
Maxwell,2,DE-ABE,53,0.38007858395576477,540
Maxwell,2,DE-ABE,54,0.38007858395576477,550
Maxwell,2,DE-ABE,55,0.38007858395576477,560
Maxwell,2,DE-ABE,56,0.38007858395576477,570
Maxwell,2,DE-ABE,57,0.38007858395576477,580
Maxwell,2,DE-ABE,58,0.38007858395576477,590
Maxwell,2,DE-ABE,59,0.38007858395576477,600
Maxwell,2,DE-ABE,60,0.38007858395576477,610
Maxwell,2,DE-ABE,61,0.38007858395576477,620
Maxwell,2,DE-ABE,62,0.38005495071411133,630
Maxwell,2,DE-ABE,63,0.38005495071411133,640
Maxwell,2,DE-ABE,64,0.37990811467170715,650
Maxwell,2,DE-ABE,65,0.37990811467170715,660
Maxwell,2,DE-ABE,66,0.3798701763153076,670
Maxwell,2,DE-ABE,67,0.37982919812202454,680
Maxwell,2,DE-ABE,68,0.37982919812202454,690
Maxwell,2,DE-ABE,69,0.3797885477542877,700
Maxwell,2,DE-ABE,70,0.37929677963256836,710
Maxwell,2,DE-ABE,71,0.37920817732810974,720
Maxwell,2,DE-ABE,72,0.3791837990283966,730
Maxwell,2,DE-ABE,73,0.3791837990283966,740
Maxwell,2,DE-ABE,74,0.3791837990283966,750
Maxwell,2,DE-ABE,75,0.3791837990283966,760
Maxwell,2,DE-ABE,76,0.3791837990283966,770
Maxwell,2,DE-ABE,77,0.3791804015636444,780
Maxwell,2,DE-ABE,78,0.3791360557079315,790
Maxwell,2,DE-ABE,79,0.3791360557079315,800
Maxwell,2,DE-ABE,80,0.3791360557079315,810
Maxwell,2,DE-ABE,81,0.3791360557079315,820
Maxwell,2,DE-ABE,82,0.3791188895702362,830
Maxwell,2,DE-ABE,83,0.3791188895702362,840
Maxwell,2,DE-ABE,84,0.3791188895702362,850
Maxwell,2,DE-ABE,85,0.3791188895702362,860
Maxwell,2,DE-ABE,86,0.3791188895702362,870
Maxwell,2,DE-ABE,87,0.37910595536231995,880
Maxwell,2,DE-ABE,88,0.37908121943473816,890
Maxwell,2,DE-ABE,89,0.37908121943473816,900
Maxwell,2,DE-ABE,90,0.3790750801563263,910
Maxwell,2,DE-ABE,91,0.37904801964759827,920
Maxwell,2,DE-ABE,92,0.37904801964759827,930
Maxwell,2,DE-ABE,93,0.37903735041618347,940
Maxwell,2,DE-ABE,94,0.37903735041618347,950
Maxwell,2,DE-ABE,95,0.37903735041618347,960
Maxwell,2,DE-ABE,96,0.37903574109077454,970
Maxwell,2,DE-ABE,97,0.3790279030799866,980
Maxwell,2,DE-ABE,98,0.3790279030799866,990
Maxwell,2,DE-ABE,99,0.3790279030799866,1000
Maxwell,2,GWO-ABE,0,0.715989887714386,10
Maxwell,2,GWO-ABE,1,0.5524430274963379,20
Maxwell,2,GWO-ABE,2,0.5677213072776794,30
Maxwell,2,GWO-ABE,3,0.5303150415420532,40
Maxwell,2,GWO-ABE,4,0.5246506333351135,50
Maxwell,2,GWO-ABE,5,0.5492625832557678,60
Maxwell,2,GWO-ABE,6,0.5412030816078186,70
Maxwell,2,GWO-ABE,7,0.540962815284729,80
Maxwell,2,GWO-ABE,8,0.5139927268028259,90
Maxwell,2,GWO-ABE,9,0.5437314510345459,100
Maxwell,2,GWO-ABE,10,0.5412220358848572,110
Maxwell,2,GWO-ABE,11,0.540470540523529,120
Maxwell,2,GWO-ABE,12,0.5284745693206787,130
Maxwell,2,GWO-ABE,13,0.5368810892105103,140
Maxwell,2,GWO-ABE,14,0.530788779258728,150
Maxwell,2,GWO-ABE,15,0.5290176868438721,160
Maxwell,2,GWO-ABE,16,0.5264471173286438,170
Maxwell,2,GWO-ABE,17,0.5350568890571594,180
Maxwell,2,GWO-ABE,18,0.5300004482269287,190
Maxwell,2,GWO-ABE,19,0.5095407366752625,200
Maxwell,2,GWO-ABE,20,0.5224454402923584,210
Maxwell,2,GWO-ABE,21,0.5294085741043091,220
Maxwell,2,GWO-ABE,22,0.49967217445373535,230
Maxwell,2,GWO-ABE,23,0.5321373343467712,240
Maxwell,2,GWO-ABE,24,0.5558064579963684,250
Maxwell,2,GWO-ABE,25,0.5373492240905762,260
Maxwell,2,GWO-ABE,26,0.5087718367576599,270
Maxwell,2,GWO-ABE,27,0.5050183534622192,280
Maxwell,2,GWO-ABE,28,0.5089852809906006,290
Maxwell,2,GWO-ABE,29,0.53975909948349,300
Maxwell,2,GWO-ABE,30,0.5145297050476074,310
Maxwell,2,GWO-ABE,31,0.5081005096435547,320
Maxwell,2,GWO-ABE,32,0.5007290244102478,330
Maxwell,2,GWO-ABE,33,0.531046986579895,340
Maxwell,2,GWO-ABE,34,0.5124506950378418,350
Maxwell,2,GWO-ABE,35,0.5245015621185303,360
Maxwell,2,GWO-ABE,36,0.522250235080719,370
Maxwell,2,GWO-ABE,37,0.5233633518218994,380
Maxwell,2,GWO-ABE,38,0.5130231976509094,390
Maxwell,2,GWO-ABE,39,0.5263282060623169,400
Maxwell,2,GWO-ABE,40,0.5278819799423218,410
Maxwell,2,GWO-ABE,41,0.5329357385635376,420
Maxwell,2,GWO-ABE,42,0.5218586921691895,430
Maxwell,2,GWO-ABE,43,0.5426381826400757,440
Maxwell,2,GWO-ABE,44,0.5442113876342773,450
Maxwell,2,GWO-ABE,45,0.5259484648704529,460
Maxwell,2,GWO-ABE,46,0.5191131234169006,470
Maxwell,2,GWO-ABE,47,0.5080127716064453,480
Maxwell,2,GWO-ABE,48,0.5455275177955627,490
Maxwell,2,GWO-ABE,49,0.5182554125785828,500
Maxwell,2,GWO-ABE,50,0.5253254175186157,510
Maxwell,2,GWO-ABE,51,0.533405601978302,520
Maxwell,2,GWO-ABE,52,0.5335579514503479,530
Maxwell,2,GWO-ABE,53,0.5271671414375305,540
Maxwell,2,GWO-ABE,54,0.5194759964942932,550
Maxwell,2,GWO-ABE,55,0.5299974679946899,560
Maxwell,2,GWO-ABE,56,0.5253196358680725,570
Maxwell,2,GWO-ABE,57,0.5238043665885925,580
Maxwell,2,GWO-ABE,58,0.5221145749092102,590
Maxwell,2,GWO-ABE,59,0.5185130834579468,600
Maxwell,2,GWO-ABE,60,0.5214876532554626,610
Maxwell,2,GWO-ABE,61,0.5090435147285461,620
Maxwell,2,GWO-ABE,62,0.5108019113540649,630
Maxwell,2,GWO-ABE,63,0.5101343989372253,640
Maxwell,2,GWO-ABE,64,0.5102203488349915,650
Maxwell,2,GWO-ABE,65,0.4998345673084259,660
Maxwell,2,GWO-ABE,66,0.49679654836654663,670
Maxwell,2,GWO-ABE,67,0.5152702331542969,680
Maxwell,2,GWO-ABE,68,0.5076866745948792,690
Maxwell,2,GWO-ABE,69,0.49793297052383423,700
Maxwell,2,GWO-ABE,70,0.488882839679718,710
Maxwell,2,GWO-ABE,71,0.49317672848701477,720
Maxwell,2,GWO-ABE,72,0.49898332357406616,730
Maxwell,2,GWO-ABE,73,0.49473944306373596,740
Maxwell,2,GWO-ABE,74,0.5002787113189697,750
Maxwell,2,GWO-ABE,75,0.48473048210144043,760
Maxwell,2,GWO-ABE,76,0.5021276473999023,770
Maxwell,2,GWO-ABE,77,0.487997442483902,780
Maxwell,2,GWO-ABE,78,0.498775452375412,790
Maxwell,2,GWO-ABE,79,0.48442569375038147,800
Maxwell,2,GWO-ABE,80,0.49567487835884094,810
Maxwell,2,GWO-ABE,81,0.4868113696575165,820
Maxwell,2,GWO-ABE,82,0.4892185628414154,830
Maxwell,2,GWO-ABE,83,0.48609888553619385,840
Maxwell,2,GWO-ABE,84,0.48265156149864197,850
Maxwell,2,GWO-ABE,85,0.48881369829177856,860
Maxwell,2,GWO-ABE,86,0.4859030246734619,870
Maxwell,2,GWO-ABE,87,0.48495978116989136,880
Maxwell,2,GWO-ABE,88,0.48447301983833313,890
Maxwell,2,GWO-ABE,89,0.4842892289161682,900
Maxwell,2,GWO-ABE,90,0.47893550992012024,910
Maxwell,2,GWO-ABE,91,0.48631104826927185,920
Maxwell,2,GWO-ABE,92,0.48459282517433167,930
Maxwell,2,GWO-ABE,93,0.4844023883342743,940
Maxwell,2,GWO-ABE,94,0.48430195450782776,950
Maxwell,2,GWO-ABE,95,0.4844767451286316,960
Maxwell,2,GWO-ABE,96,0.484200119972229,970
Maxwell,2,GWO-ABE,97,0.4842229187488556,980
Maxwell,2,GWO-ABE,98,0.48420873284339905,990
Maxwell,2,GWO-ABE,99,0.4841981828212738,1000
Maxwell,2,WOA-ABE,0,0.6457045078277588,10
Maxwell,2,WOA-ABE,1,0.5376766920089722,20
Maxwell,2,WOA-ABE,2,0.48914265632629395,30
Maxwell,2,WOA-ABE,3,0.48914265632629395,40
Maxwell,2,WOA-ABE,4,0.41641366481781006,50
Maxwell,2,WOA-ABE,5,0.393483430147171,60
Maxwell,2,WOA-ABE,6,0.3925393521785736,70
Maxwell,2,WOA-ABE,7,0.38115379214286804,80
Maxwell,2,WOA-ABE,8,0.376742959022522,90
Maxwell,2,WOA-ABE,9,0.37672775983810425,100
Maxwell,2,WOA-ABE,10,0.3673810660839081,110
Maxwell,2,WOA-ABE,11,0.3673810660839081,120
Maxwell,2,WOA-ABE,12,0.3673810660839081,130
Maxwell,2,WOA-ABE,13,0.3673771917819977,140
Maxwell,2,WOA-ABE,14,0.3673674464225769,150
Maxwell,2,WOA-ABE,15,0.3673647940158844,160
Maxwell,2,WOA-ABE,16,0.3673647940158844,170
Maxwell,2,WOA-ABE,17,0.3673607110977173,180
Maxwell,2,WOA-ABE,18,0.36735999584198,190
Maxwell,2,WOA-ABE,19,0.36735999584198,200
Maxwell,2,WOA-ABE,20,0.36734551191329956,210
Maxwell,2,WOA-ABE,21,0.36734551191329956,220
Maxwell,2,WOA-ABE,22,0.3673388361930847,230
Maxwell,2,WOA-ABE,23,0.363320916891098,240
Maxwell,2,WOA-ABE,24,0.3633168339729309,250
Maxwell,2,WOA-ABE,25,0.3625706434249878,260
Maxwell,2,WOA-ABE,26,0.3625706434249878,270
Maxwell,2,WOA-ABE,27,0.3625706434249878,280
Maxwell,2,WOA-ABE,28,0.3625706434249878,290
Maxwell,2,WOA-ABE,29,0.3625706434249878,300
Maxwell,2,WOA-ABE,30,0.3625706434249878,310
Maxwell,2,WOA-ABE,31,0.3625706434249878,320
Maxwell,2,WOA-ABE,32,0.36257022619247437,330
Maxwell,2,WOA-ABE,33,0.36257022619247437,340
Maxwell,2,WOA-ABE,34,0.3625701665878296,350
Maxwell,2,WOA-ABE,35,0.3625662624835968,360
Maxwell,2,WOA-ABE,36,0.3625662624835968,370
Maxwell,2,WOA-ABE,37,0.3625587821006775,380
Maxwell,2,WOA-ABE,38,0.3625587821006775,390
Maxwell,2,WOA-ABE,39,0.3625587821006775,400
Maxwell,2,WOA-ABE,40,0.3625587821006775,410
Maxwell,2,WOA-ABE,41,0.3625587821006775,420
Maxwell,2,WOA-ABE,42,0.36255645751953125,430
Maxwell,2,WOA-ABE,43,0.36255645751953125,440
Maxwell,2,WOA-ABE,44,0.3625486195087433,450
Maxwell,2,WOA-ABE,45,0.3625486195087433,460
Maxwell,2,WOA-ABE,46,0.3625486195087433,470
Maxwell,2,WOA-ABE,47,0.3625486195087433,480
Maxwell,2,WOA-ABE,48,0.3625486195087433,490
Maxwell,2,WOA-ABE,49,0.3625486195087433,500
Maxwell,2,WOA-ABE,50,0.36253979802131653,510
Maxwell,2,WOA-ABE,51,0.36253979802131653,520
Maxwell,2,WOA-ABE,52,0.36253979802131653,530
Maxwell,2,WOA-ABE,53,0.36253979802131653,540
Maxwell,2,WOA-ABE,54,0.36253979802131653,550
Maxwell,2,WOA-ABE,55,0.36253979802131653,560
Maxwell,2,WOA-ABE,56,0.36253979802131653,570
Maxwell,2,WOA-ABE,57,0.36253979802131653,580
Maxwell,2,WOA-ABE,58,0.36253979802131653,590
Maxwell,2,WOA-ABE,59,0.36253979802131653,600
Maxwell,2,WOA-ABE,60,0.36253979802131653,610
Maxwell,2,WOA-ABE,61,0.36253979802131653,620
Maxwell,2,WOA-ABE,62,0.36253979802131653,630
Maxwell,2,WOA-ABE,63,0.36253979802131653,640
Maxwell,2,WOA-ABE,64,0.36253979802131653,650
Maxwell,2,WOA-ABE,65,0.36253979802131653,660
Maxwell,2,WOA-ABE,66,0.36253979802131653,670
Maxwell,2,WOA-ABE,67,0.36253979802131653,680
Maxwell,2,WOA-ABE,68,0.36253979802131653,690
Maxwell,2,WOA-ABE,69,0.36253979802131653,700
Maxwell,2,WOA-ABE,70,0.36253979802131653,710
Maxwell,2,WOA-ABE,71,0.36253979802131653,720
Maxwell,2,WOA-ABE,72,0.36253979802131653,730
Maxwell,2,WOA-ABE,73,0.36253979802131653,740
Maxwell,2,WOA-ABE,74,0.36253979802131653,750
Maxwell,2,WOA-ABE,75,0.36253979802131653,760
Maxwell,2,WOA-ABE,76,0.36253979802131653,770
Maxwell,2,WOA-ABE,77,0.36253979802131653,780
Maxwell,2,WOA-ABE,78,0.36253979802131653,790
Maxwell,2,WOA-ABE,79,0.36253979802131653,800
Maxwell,2,WOA-ABE,80,0.36253979802131653,810
Maxwell,2,WOA-ABE,81,0.36253979802131653,820
Maxwell,2,WOA-ABE,82,0.36253979802131653,830
Maxwell,2,WOA-ABE,83,0.36253979802131653,840
Maxwell,2,WOA-ABE,84,0.36253979802131653,850
Maxwell,2,WOA-ABE,85,0.36253979802131653,860
Maxwell,2,WOA-ABE,86,0.36253979802131653,870
Maxwell,2,WOA-ABE,87,0.36253979802131653,880
Maxwell,2,WOA-ABE,88,0.36253979802131653,890
Maxwell,2,WOA-ABE,89,0.36253979802131653,900
Maxwell,2,WOA-ABE,90,0.36253979802131653,910
Maxwell,2,WOA-ABE,91,0.36253979802131653,920
Maxwell,2,WOA-ABE,92,0.36253979802131653,930
Maxwell,2,WOA-ABE,93,0.36253979802131653,940
Maxwell,2,WOA-ABE,94,0.36253979802131653,950
Maxwell,2,WOA-ABE,95,0.36253979802131653,960
Maxwell,2,WOA-ABE,96,0.36253979802131653,970
Maxwell,2,WOA-ABE,97,0.36253979802131653,980
Maxwell,2,WOA-ABE,98,0.36253973841667175,990
Maxwell,2,WOA-ABE,99,0.36253973841667175,1000
Maxwell,2,FAABE,0,0.6605144739151001,10
Maxwell,2,FAABE,1,0.5769720077514648,20
Maxwell,2,FAABE,2,0.5769720077514648,30
Maxwell,2,FAABE,3,0.5289170742034912,40
Maxwell,2,FAABE,4,0.46418172121047974,50
Maxwell,2,FAABE,5,0.46418172121047974,60
Maxwell,2,FAABE,6,0.46418172121047974,70
Maxwell,2,FAABE,7,0.451599657535553,80
Maxwell,2,FAABE,8,0.451599657535553,90
Maxwell,2,FAABE,9,0.451599657535553,100
Maxwell,2,FAABE,10,0.42405179142951965,110
Maxwell,2,FAABE,11,0.418241024017334,120
Maxwell,2,FAABE,12,0.418241024017334,130
Maxwell,2,FAABE,13,0.418241024017334,140
Maxwell,2,FAABE,14,0.4173325002193451,150
Maxwell,2,FAABE,15,0.4173325002193451,160
Maxwell,2,FAABE,16,0.4173325002193451,170
Maxwell,2,FAABE,17,0.4173325002193451,180
Maxwell,2,FAABE,18,0.4173325002193451,190
Maxwell,2,FAABE,19,0.4173325002193451,200
Maxwell,2,FAABE,20,0.4173325002193451,210
Maxwell,2,FAABE,21,0.4173325002193451,220
Maxwell,2,FAABE,22,0.4173325002193451,230
Maxwell,2,FAABE,23,0.4173325002193451,240
Maxwell,2,FAABE,24,0.4173325002193451,250
Maxwell,2,FAABE,25,0.4173325002193451,260
Maxwell,2,FAABE,26,0.4173325002193451,270
Maxwell,2,FAABE,27,0.4173325002193451,280
Maxwell,2,FAABE,28,0.4173325002193451,290
Maxwell,2,FAABE,29,0.4173325002193451,300
Maxwell,2,FAABE,30,0.4173325002193451,310
Maxwell,2,FAABE,31,0.4173325002193451,320
Maxwell,2,FAABE,32,0.4173325002193451,330
Maxwell,2,FAABE,33,0.4173325002193451,340
Maxwell,2,FAABE,34,0.4173325002193451,350
Maxwell,2,FAABE,35,0.4173325002193451,360
Maxwell,2,FAABE,36,0.4173325002193451,370
Maxwell,2,FAABE,37,0.4173325002193451,380
Maxwell,2,FAABE,38,0.4173325002193451,390
Maxwell,2,FAABE,39,0.4173325002193451,400
Maxwell,2,FAABE,40,0.4173325002193451,410
Maxwell,2,FAABE,41,0.4173325002193451,420
Maxwell,2,FAABE,42,0.4173325002193451,430
Maxwell,2,FAABE,43,0.4173325002193451,440
Maxwell,2,FAABE,44,0.4173325002193451,450
Maxwell,2,FAABE,45,0.4173325002193451,460
Maxwell,2,FAABE,46,0.4173325002193451,470
Maxwell,2,FAABE,47,0.4173325002193451,480
Maxwell,2,FAABE,48,0.4173325002193451,490
Maxwell,2,FAABE,49,0.4173325002193451,500
Maxwell,2,FAABE,50,0.4173325002193451,510
Maxwell,2,FAABE,51,0.4173325002193451,520
Maxwell,2,FAABE,52,0.4173325002193451,530
Maxwell,2,FAABE,53,0.4173325002193451,540
Maxwell,2,FAABE,54,0.4173325002193451,550
Maxwell,2,FAABE,55,0.4173325002193451,560
Maxwell,2,FAABE,56,0.4173325002193451,570
Maxwell,2,FAABE,57,0.4173325002193451,580
Maxwell,2,FAABE,58,0.4173325002193451,590
Maxwell,2,FAABE,59,0.4173325002193451,600
Maxwell,2,FAABE,60,0.4173325002193451,610
Maxwell,2,FAABE,61,0.4173325002193451,620
Maxwell,2,FAABE,62,0.4173325002193451,630
Maxwell,2,FAABE,63,0.4173325002193451,640
Maxwell,2,FAABE,64,0.4173325002193451,650
Maxwell,2,FAABE,65,0.4173325002193451,660
Maxwell,2,FAABE,66,0.4173325002193451,670
Maxwell,2,FAABE,67,0.4173325002193451,680
Maxwell,2,FAABE,68,0.4173325002193451,690
Maxwell,2,FAABE,69,0.4173325002193451,700
Maxwell,2,FAABE,70,0.4173325002193451,710
Maxwell,2,FAABE,71,0.4173325002193451,720
Maxwell,2,FAABE,72,0.4173325002193451,730
Maxwell,2,FAABE,73,0.4173325002193451,740
Maxwell,2,FAABE,74,0.4173325002193451,750
Maxwell,2,FAABE,75,0.4173325002193451,760
Maxwell,2,FAABE,76,0.4173325002193451,770
Maxwell,2,FAABE,77,0.4173325002193451,780
Maxwell,2,FAABE,78,0.4173325002193451,790
Maxwell,2,FAABE,79,0.4173325002193451,800
Maxwell,2,FAABE,80,0.4173325002193451,810
Maxwell,2,FAABE,81,0.4173325002193451,820
Maxwell,2,FAABE,82,0.4173325002193451,830
Maxwell,2,FAABE,83,0.4173325002193451,840
Maxwell,2,FAABE,84,0.4173325002193451,850
Maxwell,2,FAABE,85,0.4173325002193451,860
Maxwell,2,FAABE,86,0.4173325002193451,870
Maxwell,2,FAABE,87,0.4173325002193451,880
Maxwell,2,FAABE,88,0.4173325002193451,890
Maxwell,2,FAABE,89,0.4173325002193451,900
Maxwell,2,FAABE,90,0.4173325002193451,910
Maxwell,2,FAABE,91,0.4173325002193451,920
Maxwell,2,FAABE,92,0.4173325002193451,930
Maxwell,2,FAABE,93,0.4173325002193451,940
Maxwell,2,FAABE,94,0.4173325002193451,950
Maxwell,2,FAABE,95,0.4173325002193451,960
Maxwell,2,FAABE,96,0.4173325002193451,970
Maxwell,2,FAABE,97,0.4173325002193451,980
Maxwell,2,FAABE,98,0.4173325002193451,990
Maxwell,2,FAABE,99,0.4173325002193451,1000
Maxwell,3,GA-ABE,0,0.6342564821243286,10
Maxwell,3,GA-ABE,1,0.6342564821243286,20
Maxwell,3,GA-ABE,2,0.5207090377807617,30
Maxwell,3,GA-ABE,3,0.5084031820297241,40
Maxwell,3,GA-ABE,4,0.5084031820297241,50
Maxwell,3,GA-ABE,5,0.4889973998069763,60
Maxwell,3,GA-ABE,6,0.4889973998069763,70
Maxwell,3,GA-ABE,7,0.4819742441177368,80
Maxwell,3,GA-ABE,8,0.4794504642486572,90
Maxwell,3,GA-ABE,9,0.47418418526649475,100
Maxwell,3,GA-ABE,10,0.47418415546417236,110
Maxwell,3,GA-ABE,11,0.47418415546417236,120
Maxwell,3,GA-ABE,12,0.47418415546417236,130
Maxwell,3,GA-ABE,13,0.47418415546417236,140
Maxwell,3,GA-ABE,14,0.47418415546417236,150
Maxwell,3,GA-ABE,15,0.4737648367881775,160
Maxwell,3,GA-ABE,16,0.4737648367881775,170
Maxwell,3,GA-ABE,17,0.4737648367881775,180
Maxwell,3,GA-ABE,18,0.4737648367881775,190
Maxwell,3,GA-ABE,19,0.4737648367881775,200
Maxwell,3,GA-ABE,20,0.4737648367881775,210
Maxwell,3,GA-ABE,21,0.4737648367881775,220
Maxwell,3,GA-ABE,22,0.4733887016773224,230
Maxwell,3,GA-ABE,23,0.4733887016773224,240
Maxwell,3,GA-ABE,24,0.4733887016773224,250
Maxwell,3,GA-ABE,25,0.4730769991874695,260
Maxwell,3,GA-ABE,26,0.4717880189418793,270
Maxwell,3,GA-ABE,27,0.4717880189418793,280
Maxwell,3,GA-ABE,28,0.4717880189418793,290
Maxwell,3,GA-ABE,29,0.4717880189418793,300
Maxwell,3,GA-ABE,30,0.4717880189418793,310
Maxwell,3,GA-ABE,31,0.47172024846076965,320
Maxwell,3,GA-ABE,32,0.47172024846076965,330
Maxwell,3,GA-ABE,33,0.47172024846076965,340
Maxwell,3,GA-ABE,34,0.47172024846076965,350
Maxwell,3,GA-ABE,35,0.47172024846076965,360
Maxwell,3,GA-ABE,36,0.47124701738357544,370
Maxwell,3,GA-ABE,37,0.47124701738357544,380
Maxwell,3,GA-ABE,38,0.47124701738357544,390
Maxwell,3,GA-ABE,39,0.47124701738357544,400
Maxwell,3,GA-ABE,40,0.47124695777893066,410
Maxwell,3,GA-ABE,41,0.47124695777893066,420
Maxwell,3,GA-ABE,42,0.47124695777893066,430
Maxwell,3,GA-ABE,43,0.47124695777893066,440
Maxwell,3,GA-ABE,44,0.47124695777893066,450
Maxwell,3,GA-ABE,45,0.47124695777893066,460
Maxwell,3,GA-ABE,46,0.47063297033309937,470
Maxwell,3,GA-ABE,47,0.47063297033309937,480
Maxwell,3,GA-ABE,48,0.47063297033309937,490
Maxwell,3,GA-ABE,49,0.47063297033309937,500
Maxwell,3,GA-ABE,50,0.47063297033309937,510
Maxwell,3,GA-ABE,51,0.47063297033309937,520
Maxwell,3,GA-ABE,52,0.47063297033309937,530
Maxwell,3,GA-ABE,53,0.47063297033309937,540
Maxwell,3,GA-ABE,54,0.47063297033309937,550
Maxwell,3,GA-ABE,55,0.47063297033309937,560
Maxwell,3,GA-ABE,56,0.47063297033309937,570
Maxwell,3,GA-ABE,57,0.47063297033309937,580
Maxwell,3,GA-ABE,58,0.47063297033309937,590
Maxwell,3,GA-ABE,59,0.47063297033309937,600
Maxwell,3,GA-ABE,60,0.47063297033309937,610
Maxwell,3,GA-ABE,61,0.47063297033309937,620
Maxwell,3,GA-ABE,62,0.47063297033309937,630
Maxwell,3,GA-ABE,63,0.47063297033309937,640
Maxwell,3,GA-ABE,64,0.47063297033309937,650
Maxwell,3,GA-ABE,65,0.47063297033309937,660
Maxwell,3,GA-ABE,66,0.47063297033309937,670
Maxwell,3,GA-ABE,67,0.47063297033309937,680
Maxwell,3,GA-ABE,68,0.47063297033309937,690
Maxwell,3,GA-ABE,69,0.47063297033309937,700
Maxwell,3,GA-ABE,70,0.47063297033309937,710
Maxwell,3,GA-ABE,71,0.47063297033309937,720
Maxwell,3,GA-ABE,72,0.47063297033309937,730
Maxwell,3,GA-ABE,73,0.47063297033309937,740
Maxwell,3,GA-ABE,74,0.47063297033309937,750
Maxwell,3,GA-ABE,75,0.47063297033309937,760
Maxwell,3,GA-ABE,76,0.47063297033309937,770
Maxwell,3,GA-ABE,77,0.47063297033309937,780
Maxwell,3,GA-ABE,78,0.47063297033309937,790
Maxwell,3,GA-ABE,79,0.47063297033309937,800
Maxwell,3,GA-ABE,80,0.47063297033309937,810
Maxwell,3,GA-ABE,81,0.47063297033309937,820
Maxwell,3,GA-ABE,82,0.47063297033309937,830
Maxwell,3,GA-ABE,83,0.47063297033309937,840
Maxwell,3,GA-ABE,84,0.47063297033309937,850
Maxwell,3,GA-ABE,85,0.47063297033309937,860
Maxwell,3,GA-ABE,86,0.47063297033309937,870
Maxwell,3,GA-ABE,87,0.4693390429019928,880
Maxwell,3,GA-ABE,88,0.4693390429019928,890
Maxwell,3,GA-ABE,89,0.4693390429019928,900
Maxwell,3,GA-ABE,90,0.4693390429019928,910
Maxwell,3,GA-ABE,91,0.4693390429019928,920
Maxwell,3,GA-ABE,92,0.4673879146575928,930
Maxwell,3,GA-ABE,93,0.4673879146575928,940
Maxwell,3,GA-ABE,94,0.4673879146575928,950
Maxwell,3,GA-ABE,95,0.4673879146575928,960
Maxwell,3,GA-ABE,96,0.4673879146575928,970
Maxwell,3,GA-ABE,97,0.4673879146575928,980
Maxwell,3,GA-ABE,98,0.4673879146575928,990
Maxwell,3,GA-ABE,99,0.4673879146575928,1000
Maxwell,3,PSO-ABE,0,0.613619327545166,10
Maxwell,3,PSO-ABE,1,0.564342737197876,20
Maxwell,3,PSO-ABE,2,0.5444017648696899,30
Maxwell,3,PSO-ABE,3,0.537981390953064,40
Maxwell,3,PSO-ABE,4,0.4870639145374298,50
Maxwell,3,PSO-ABE,5,0.4870639145374298,60
Maxwell,3,PSO-ABE,6,0.4870639145374298,70
Maxwell,3,PSO-ABE,7,0.4870639145374298,80
Maxwell,3,PSO-ABE,8,0.4870639145374298,90
Maxwell,3,PSO-ABE,9,0.4870639145374298,100
Maxwell,3,PSO-ABE,10,0.48375776410102844,110
Maxwell,3,PSO-ABE,11,0.48375776410102844,120
Maxwell,3,PSO-ABE,12,0.48375776410102844,130
Maxwell,3,PSO-ABE,13,0.48375776410102844,140
Maxwell,3,PSO-ABE,14,0.48375776410102844,150
Maxwell,3,PSO-ABE,15,0.48186954855918884,160
Maxwell,3,PSO-ABE,16,0.48186954855918884,170
Maxwell,3,PSO-ABE,17,0.48142147064208984,180
Maxwell,3,PSO-ABE,18,0.48142147064208984,190
Maxwell,3,PSO-ABE,19,0.48142147064208984,200
Maxwell,3,PSO-ABE,20,0.48142147064208984,210
Maxwell,3,PSO-ABE,21,0.48142147064208984,220
Maxwell,3,PSO-ABE,22,0.48142147064208984,230
Maxwell,3,PSO-ABE,23,0.48142147064208984,240
Maxwell,3,PSO-ABE,24,0.48142147064208984,250
Maxwell,3,PSO-ABE,25,0.48142147064208984,260
Maxwell,3,PSO-ABE,26,0.48130089044570923,270
Maxwell,3,PSO-ABE,27,0.48130089044570923,280
Maxwell,3,PSO-ABE,28,0.48129427433013916,290
Maxwell,3,PSO-ABE,29,0.4811527132987976,300
Maxwell,3,PSO-ABE,30,0.4795110821723938,310
Maxwell,3,PSO-ABE,31,0.4795110821723938,320
Maxwell,3,PSO-ABE,32,0.4795110821723938,330
Maxwell,3,PSO-ABE,33,0.4795110821723938,340
Maxwell,3,PSO-ABE,34,0.4795110821723938,350
Maxwell,3,PSO-ABE,35,0.4795110821723938,360
Maxwell,3,PSO-ABE,36,0.4795110821723938,370
Maxwell,3,PSO-ABE,37,0.4795110821723938,380
Maxwell,3,PSO-ABE,38,0.4795110821723938,390
Maxwell,3,PSO-ABE,39,0.4795110821723938,400
Maxwell,3,PSO-ABE,40,0.4795110821723938,410
Maxwell,3,PSO-ABE,41,0.4795110821723938,420
Maxwell,3,PSO-ABE,42,0.4795110821723938,430
Maxwell,3,PSO-ABE,43,0.4795110821723938,440
Maxwell,3,PSO-ABE,44,0.4795110821723938,450
Maxwell,3,PSO-ABE,45,0.4794986844062805,460
Maxwell,3,PSO-ABE,46,0.4794986844062805,470
Maxwell,3,PSO-ABE,47,0.4794986844062805,480
Maxwell,3,PSO-ABE,48,0.4794986844062805,490
Maxwell,3,PSO-ABE,49,0.4794986844062805,500
Maxwell,3,PSO-ABE,50,0.4794986844062805,510
Maxwell,3,PSO-ABE,51,0.4794986844062805,520
Maxwell,3,PSO-ABE,52,0.4794986844062805,530
Maxwell,3,PSO-ABE,53,0.4794986844062805,540
Maxwell,3,PSO-ABE,54,0.4794986844062805,550
Maxwell,3,PSO-ABE,55,0.4794986844062805,560
Maxwell,3,PSO-ABE,56,0.4794986844062805,570
Maxwell,3,PSO-ABE,57,0.4794986844062805,580
Maxwell,3,PSO-ABE,58,0.4794986844062805,590
Maxwell,3,PSO-ABE,59,0.4794986844062805,600
Maxwell,3,PSO-ABE,60,0.4794986844062805,610
Maxwell,3,PSO-ABE,61,0.4794986844062805,620
Maxwell,3,PSO-ABE,62,0.4794986844062805,630
Maxwell,3,PSO-ABE,63,0.4794986844062805,640
Maxwell,3,PSO-ABE,64,0.4794986844062805,650
Maxwell,3,PSO-ABE,65,0.4794986844062805,660
Maxwell,3,PSO-ABE,66,0.47949737310409546,670
Maxwell,3,PSO-ABE,67,0.47949737310409546,680
Maxwell,3,PSO-ABE,68,0.47949737310409546,690
Maxwell,3,PSO-ABE,69,0.47948578000068665,700
Maxwell,3,PSO-ABE,70,0.47948578000068665,710
Maxwell,3,PSO-ABE,71,0.47942036390304565,720
Maxwell,3,PSO-ABE,72,0.47942036390304565,730
Maxwell,3,PSO-ABE,73,0.47942036390304565,740
Maxwell,3,PSO-ABE,74,0.47942036390304565,750
Maxwell,3,PSO-ABE,75,0.47942036390304565,760
Maxwell,3,PSO-ABE,76,0.47942036390304565,770
Maxwell,3,PSO-ABE,77,0.47942036390304565,780
Maxwell,3,PSO-ABE,78,0.4794153571128845,790
Maxwell,3,PSO-ABE,79,0.4794153571128845,800
Maxwell,3,PSO-ABE,80,0.47941312193870544,810
Maxwell,3,PSO-ABE,81,0.47941312193870544,820
Maxwell,3,PSO-ABE,82,0.47940772771835327,830
Maxwell,3,PSO-ABE,83,0.47940772771835327,840
Maxwell,3,PSO-ABE,84,0.4794076681137085,850
Maxwell,3,PSO-ABE,85,0.4794076681137085,860
Maxwell,3,PSO-ABE,86,0.4794076681137085,870
Maxwell,3,PSO-ABE,87,0.4794076681137085,880
Maxwell,3,PSO-ABE,88,0.4794015884399414,890
Maxwell,3,PSO-ABE,89,0.4793877601623535,900
Maxwell,3,PSO-ABE,90,0.47937944531440735,910
Maxwell,3,PSO-ABE,91,0.4793282151222229,920
Maxwell,3,PSO-ABE,92,0.47926655411720276,930
Maxwell,3,PSO-ABE,93,0.4782950282096863,940
Maxwell,3,PSO-ABE,94,0.4771932363510132,950
Maxwell,3,PSO-ABE,95,0.4771745204925537,960
Maxwell,3,PSO-ABE,96,0.4771607518196106,970
Maxwell,3,PSO-ABE,97,0.47715073823928833,980
Maxwell,3,PSO-ABE,98,0.477092981338501,990
Maxwell,3,PSO-ABE,99,0.47701579332351685,1000
Maxwell,3,DE-ABE,0,0.6088607311248779,10
Maxwell,3,DE-ABE,1,0.6088607311248779,20
Maxwell,3,DE-ABE,2,0.6088607311248779,30
Maxwell,3,DE-ABE,3,0.6088607311248779,40
Maxwell,3,DE-ABE,4,0.5887139439582825,50
Maxwell,3,DE-ABE,5,0.5716350078582764,60
Maxwell,3,DE-ABE,6,0.549484133720398,70
Maxwell,3,DE-ABE,7,0.5114318132400513,80
Maxwell,3,DE-ABE,8,0.5034469366073608,90
Maxwell,3,DE-ABE,9,0.4724251329898834,100
Maxwell,3,DE-ABE,10,0.4660133421421051,110
Maxwell,3,DE-ABE,11,0.4660133421421051,120
Maxwell,3,DE-ABE,12,0.4660133421421051,130
Maxwell,3,DE-ABE,13,0.4660133421421051,140
Maxwell,3,DE-ABE,14,0.4587492346763611,150
Maxwell,3,DE-ABE,15,0.4587492346763611,160
Maxwell,3,DE-ABE,16,0.4587492346763611,170
Maxwell,3,DE-ABE,17,0.45757827162742615,180
Maxwell,3,DE-ABE,18,0.45757827162742615,190
Maxwell,3,DE-ABE,19,0.45757827162742615,200
Maxwell,3,DE-ABE,20,0.45757827162742615,210
Maxwell,3,DE-ABE,21,0.45757827162742615,220
Maxwell,3,DE-ABE,22,0.45757827162742615,230
Maxwell,3,DE-ABE,23,0.45757827162742615,240
Maxwell,3,DE-ABE,24,0.45757827162742615,250
Maxwell,3,DE-ABE,25,0.4575749933719635,260
Maxwell,3,DE-ABE,26,0.4575749933719635,270
Maxwell,3,DE-ABE,27,0.45752137899398804,280
Maxwell,3,DE-ABE,28,0.45751214027404785,290
Maxwell,3,DE-ABE,29,0.4575112760066986,300
Maxwell,3,DE-ABE,30,0.45750200748443604,310
Maxwell,3,DE-ABE,31,0.45750200748443604,320
Maxwell,3,DE-ABE,32,0.45749029517173767,330
Maxwell,3,DE-ABE,33,0.45746520161628723,340
Maxwell,3,DE-ABE,34,0.45746520161628723,350
Maxwell,3,DE-ABE,35,0.4574592411518097,360
Maxwell,3,DE-ABE,36,0.4574592411518097,370
Maxwell,3,DE-ABE,37,0.45744025707244873,380
Maxwell,3,DE-ABE,38,0.45744025707244873,390
Maxwell,3,DE-ABE,39,0.4574325978755951,400
Maxwell,3,DE-ABE,40,0.4574325978755951,410
Maxwell,3,DE-ABE,41,0.4574257433414459,420
Maxwell,3,DE-ABE,42,0.4574245810508728,430
Maxwell,3,DE-ABE,43,0.45740988850593567,440
Maxwell,3,DE-ABE,44,0.45739299058914185,450
Maxwell,3,DE-ABE,45,0.45739299058914185,460
Maxwell,3,DE-ABE,46,0.4573902189731598,470
Maxwell,3,DE-ABE,47,0.4573858082294464,480
Maxwell,3,DE-ABE,48,0.4573858082294464,490
Maxwell,3,DE-ABE,49,0.4573802351951599,500
Maxwell,3,DE-ABE,50,0.4573749899864197,510
Maxwell,3,DE-ABE,51,0.4573749899864197,520
Maxwell,3,DE-ABE,52,0.45737424492836,530
Maxwell,3,DE-ABE,53,0.45737424492836,540
Maxwell,3,DE-ABE,54,0.4573739171028137,550
Maxwell,3,DE-ABE,55,0.4573688805103302,560
Maxwell,3,DE-ABE,56,0.4573677182197571,570
Maxwell,3,DE-ABE,57,0.4573664963245392,580
Maxwell,3,DE-ABE,58,0.4573664963245392,590
Maxwell,3,DE-ABE,59,0.45736363530158997,600
Maxwell,3,DE-ABE,60,0.45736363530158997,610
Maxwell,3,DE-ABE,61,0.45736196637153625,620
Maxwell,3,DE-ABE,62,0.4573601484298706,630
Maxwell,3,DE-ABE,63,0.4573601484298706,640
Maxwell,3,DE-ABE,64,0.4573591351509094,650
Maxwell,3,DE-ABE,65,0.45735815167427063,660
Maxwell,3,DE-ABE,66,0.45735815167427063,670
Maxwell,3,DE-ABE,67,0.45735815167427063,680
Maxwell,3,DE-ABE,68,0.45735815167427063,690
Maxwell,3,DE-ABE,69,0.4573575258255005,700
Maxwell,3,DE-ABE,70,0.4573574364185333,710
Maxwell,3,DE-ABE,71,0.4573574364185333,720
Maxwell,3,DE-ABE,72,0.45735612511634827,730
Maxwell,3,DE-ABE,73,0.457354336977005,740
Maxwell,3,DE-ABE,74,0.457354336977005,750
Maxwell,3,DE-ABE,75,0.45735400915145874,760
Maxwell,3,DE-ABE,76,0.457352876663208,770
Maxwell,3,DE-ABE,77,0.457352876663208,780
Maxwell,3,DE-ABE,78,0.457352876663208,790
Maxwell,3,DE-ABE,79,0.457352876663208,800
Maxwell,3,DE-ABE,80,0.4573526680469513,810
Maxwell,3,DE-ABE,81,0.4573524594306946,820
Maxwell,3,DE-ABE,82,0.4573524594306946,830
Maxwell,3,DE-ABE,83,0.457351952791214,840
Maxwell,3,DE-ABE,84,0.457351952791214,850
Maxwell,3,DE-ABE,85,0.45735177397727966,860
Maxwell,3,DE-ABE,86,0.4573516249656677,870
Maxwell,3,DE-ABE,87,0.4573514759540558,880
Maxwell,3,DE-ABE,88,0.4573514759540558,890
Maxwell,3,DE-ABE,89,0.4573514759540558,900
Maxwell,3,DE-ABE,90,0.4573514461517334,910
Maxwell,3,DE-ABE,91,0.45735129714012146,920
Maxwell,3,DE-ABE,92,0.45735108852386475,930
Maxwell,3,DE-ABE,93,0.45735108852386475,940
Maxwell,3,DE-ABE,94,0.45735108852386475,950
Maxwell,3,DE-ABE,95,0.4573509097099304,960
Maxwell,3,DE-ABE,96,0.4573509097099304,970
Maxwell,3,DE-ABE,97,0.4573509097099304,980
Maxwell,3,DE-ABE,98,0.45735087990760803,990
Maxwell,3,DE-ABE,99,0.45735085010528564,1000
Maxwell,3,GWO-ABE,0,0.5435709953308105,10
Maxwell,3,GWO-ABE,1,0.579727053642273,20
Maxwell,3,GWO-ABE,2,0.554168164730072,30
Maxwell,3,GWO-ABE,3,0.5764827132225037,40
Maxwell,3,GWO-ABE,4,0.518464982509613,50
Maxwell,3,GWO-ABE,5,0.5128624439239502,60
Maxwell,3,GWO-ABE,6,0.5388017296791077,70
Maxwell,3,GWO-ABE,7,0.4789535403251648,80
Maxwell,3,GWO-ABE,8,0.5071808099746704,90
Maxwell,3,GWO-ABE,9,0.4750698208808899,100
Maxwell,3,GWO-ABE,10,0.45248469710350037,110
Maxwell,3,GWO-ABE,11,0.4724143445491791,120
Maxwell,3,GWO-ABE,12,0.44121506810188293,130
Maxwell,3,GWO-ABE,13,0.44622334837913513,140
Maxwell,3,GWO-ABE,14,0.4428435266017914,150
Maxwell,3,GWO-ABE,15,0.4595405161380768,160
Maxwell,3,GWO-ABE,16,0.46477699279785156,170
Maxwell,3,GWO-ABE,17,0.4415830373764038,180
Maxwell,3,GWO-ABE,18,0.4396269917488098,190
Maxwell,3,GWO-ABE,19,0.42720943689346313,200
Maxwell,3,GWO-ABE,20,0.43218961358070374,210
Maxwell,3,GWO-ABE,21,0.4192679226398468,220
Maxwell,3,GWO-ABE,22,0.43227052688598633,230
Maxwell,3,GWO-ABE,23,0.43291372060775757,240
Maxwell,3,GWO-ABE,24,0.4368397295475006,250
Maxwell,3,GWO-ABE,25,0.42805755138397217,260
Maxwell,3,GWO-ABE,26,0.4310387969017029,270
Maxwell,3,GWO-ABE,27,0.41096770763397217,280
Maxwell,3,GWO-ABE,28,0.4352017343044281,290
Maxwell,3,GWO-ABE,29,0.43084263801574707,300
Maxwell,3,GWO-ABE,30,0.43133634328842163,310
Maxwell,3,GWO-ABE,31,0.4302372336387634,320
Maxwell,3,GWO-ABE,32,0.4223231077194214,330
Maxwell,3,GWO-ABE,33,0.4274922311306,340
Maxwell,3,GWO-ABE,34,0.4257635772228241,350
Maxwell,3,GWO-ABE,35,0.42650920152664185,360
Maxwell,3,GWO-ABE,36,0.4201200306415558,370
Maxwell,3,GWO-ABE,37,0.4192439019680023,380
Maxwell,3,GWO-ABE,38,0.4234406650066376,390
Maxwell,3,GWO-ABE,39,0.42211320996284485,400
Maxwell,3,GWO-ABE,40,0.42895954847335815,410
Maxwell,3,GWO-ABE,41,0.4207645654678345,420
Maxwell,3,GWO-ABE,42,0.4226403534412384,430
Maxwell,3,GWO-ABE,43,0.4140641391277313,440
Maxwell,3,GWO-ABE,44,0.4245074391365051,450
Maxwell,3,GWO-ABE,45,0.4179822504520416,460
Maxwell,3,GWO-ABE,46,0.42173415422439575,470
Maxwell,3,GWO-ABE,47,0.4155648350715637,480
Maxwell,3,GWO-ABE,48,0.41415971517562866,490
Maxwell,3,GWO-ABE,49,0.4190112352371216,500
Maxwell,3,GWO-ABE,50,0.4138427674770355,510
Maxwell,3,GWO-ABE,51,0.4146121144294739,520
Maxwell,3,GWO-ABE,52,0.41816800832748413,530
Maxwell,3,GWO-ABE,53,0.4105411469936371,540
Maxwell,3,GWO-ABE,54,0.4064182639122009,550
Maxwell,3,GWO-ABE,55,0.41959598660469055,560
Maxwell,3,GWO-ABE,56,0.4078769385814667,570
Maxwell,3,GWO-ABE,57,0.4075978398323059,580
Maxwell,3,GWO-ABE,58,0.41653475165367126,590
Maxwell,3,GWO-ABE,59,0.4170439839363098,600
Maxwell,3,GWO-ABE,60,0.41652634739875793,610
Maxwell,3,GWO-ABE,61,0.4102024435997009,620
Maxwell,3,GWO-ABE,62,0.41395246982574463,630
Maxwell,3,GWO-ABE,63,0.41353097558021545,640
Maxwell,3,GWO-ABE,64,0.4121535122394562,650
Maxwell,3,GWO-ABE,65,0.4070151448249817,660
Maxwell,3,GWO-ABE,66,0.4134875535964966,670
Maxwell,3,GWO-ABE,67,0.4122942090034485,680
Maxwell,3,GWO-ABE,68,0.4128699004650116,690
Maxwell,3,GWO-ABE,69,0.415395051240921,700
Maxwell,3,GWO-ABE,70,0.41499990224838257,710
Maxwell,3,GWO-ABE,71,0.41268160939216614,720
Maxwell,3,GWO-ABE,72,0.4098658859729767,730
Maxwell,3,GWO-ABE,73,0.4146821200847626,740
Maxwell,3,GWO-ABE,74,0.40964430570602417,750
Maxwell,3,GWO-ABE,75,0.4101859927177429,760
Maxwell,3,GWO-ABE,76,0.4159223735332489,770
Maxwell,3,GWO-ABE,77,0.4085143804550171,780
Maxwell,3,GWO-ABE,78,0.40681180357933044,790
Maxwell,3,GWO-ABE,79,0.4059087932109833,800
Maxwell,3,GWO-ABE,80,0.41058051586151123,810
Maxwell,3,GWO-ABE,81,0.4070059061050415,820
Maxwell,3,GWO-ABE,82,0.4054180383682251,830
Maxwell,3,GWO-ABE,83,0.40627938508987427,840
Maxwell,3,GWO-ABE,84,0.4054064154624939,850
Maxwell,3,GWO-ABE,85,0.4146241247653961,860
Maxwell,3,GWO-ABE,86,0.41216570138931274,870
Maxwell,3,GWO-ABE,87,0.4062711000442505,880
Maxwell,3,GWO-ABE,88,0.40680795907974243,890
Maxwell,3,GWO-ABE,89,0.40681013464927673,900
Maxwell,3,GWO-ABE,90,0.4085748791694641,910
Maxwell,3,GWO-ABE,91,0.405832976102829,920
Maxwell,3,GWO-ABE,92,0.4066445529460907,930
Maxwell,3,GWO-ABE,93,0.406695157289505,940
Maxwell,3,GWO-ABE,94,0.4053376317024231,950
Maxwell,3,GWO-ABE,95,0.4076027274131775,960
Maxwell,3,GWO-ABE,96,0.40774020552635193,970
Maxwell,3,GWO-ABE,97,0.4060385525226593,980
Maxwell,3,GWO-ABE,98,0.40661299228668213,990
Maxwell,3,GWO-ABE,99,0.4085254371166229,1000
Maxwell,3,WOA-ABE,0,0.6615757346153259,10
Maxwell,3,WOA-ABE,1,0.6615757346153259,20
Maxwell,3,WOA-ABE,2,0.6001431941986084,30
Maxwell,3,WOA-ABE,3,0.5639667510986328,40
Maxwell,3,WOA-ABE,4,0.5058267712593079,50
Maxwell,3,WOA-ABE,5,0.4802698493003845,60
Maxwell,3,WOA-ABE,6,0.45356184244155884,70
Maxwell,3,WOA-ABE,7,0.43996304273605347,80
Maxwell,3,WOA-ABE,8,0.43995437026023865,90
Maxwell,3,WOA-ABE,9,0.43995437026023865,100
Maxwell,3,WOA-ABE,10,0.4239773154258728,110
Maxwell,3,WOA-ABE,11,0.3948916792869568,120
Maxwell,3,WOA-ABE,12,0.3948916792869568,130
Maxwell,3,WOA-ABE,13,0.3946266770362854,140
Maxwell,3,WOA-ABE,14,0.3946266770362854,150
Maxwell,3,WOA-ABE,15,0.3946266770362854,160
Maxwell,3,WOA-ABE,16,0.39285463094711304,170
Maxwell,3,WOA-ABE,17,0.39285463094711304,180
Maxwell,3,WOA-ABE,18,0.3926962614059448,190
Maxwell,3,WOA-ABE,19,0.39264625310897827,200
Maxwell,3,WOA-ABE,20,0.3926094174385071,210
Maxwell,3,WOA-ABE,21,0.39259809255599976,220
Maxwell,3,WOA-ABE,22,0.39259809255599976,230
Maxwell,3,WOA-ABE,23,0.39259809255599976,240
Maxwell,3,WOA-ABE,24,0.39259809255599976,250
Maxwell,3,WOA-ABE,25,0.39259809255599976,260
Maxwell,3,WOA-ABE,26,0.39259809255599976,270
Maxwell,3,WOA-ABE,27,0.39259809255599976,280
Maxwell,3,WOA-ABE,28,0.39259809255599976,290
Maxwell,3,WOA-ABE,29,0.39259809255599976,300
Maxwell,3,WOA-ABE,30,0.39259809255599976,310
Maxwell,3,WOA-ABE,31,0.39259809255599976,320
Maxwell,3,WOA-ABE,32,0.39259809255599976,330
Maxwell,3,WOA-ABE,33,0.39259809255599976,340
Maxwell,3,WOA-ABE,34,0.39259809255599976,350
Maxwell,3,WOA-ABE,35,0.39259809255599976,360
Maxwell,3,WOA-ABE,36,0.39259809255599976,370
Maxwell,3,WOA-ABE,37,0.39259809255599976,380
Maxwell,3,WOA-ABE,38,0.39259809255599976,390
Maxwell,3,WOA-ABE,39,0.39259809255599976,400
Maxwell,3,WOA-ABE,40,0.39259427785873413,410
Maxwell,3,WOA-ABE,41,0.39259427785873413,420
Maxwell,3,WOA-ABE,42,0.39259427785873413,430
Maxwell,3,WOA-ABE,43,0.39259427785873413,440
Maxwell,3,WOA-ABE,44,0.39259427785873413,450
Maxwell,3,WOA-ABE,45,0.39259427785873413,460
Maxwell,3,WOA-ABE,46,0.3855237364768982,470
Maxwell,3,WOA-ABE,47,0.3855237364768982,480
Maxwell,3,WOA-ABE,48,0.3855237364768982,490
Maxwell,3,WOA-ABE,49,0.3855237364768982,500
Maxwell,3,WOA-ABE,50,0.3855237364768982,510
Maxwell,3,WOA-ABE,51,0.3855237364768982,520
Maxwell,3,WOA-ABE,52,0.3855237364768982,530
Maxwell,3,WOA-ABE,53,0.3855237364768982,540
Maxwell,3,WOA-ABE,54,0.3855237364768982,550
Maxwell,3,WOA-ABE,55,0.38545575737953186,560
Maxwell,3,WOA-ABE,56,0.38545575737953186,570
Maxwell,3,WOA-ABE,57,0.38545575737953186,580
Maxwell,3,WOA-ABE,58,0.38545575737953186,590
Maxwell,3,WOA-ABE,59,0.3854488730430603,600
Maxwell,3,WOA-ABE,60,0.3854488730430603,610
Maxwell,3,WOA-ABE,61,0.3854488730430603,620
Maxwell,3,WOA-ABE,62,0.3854488730430603,630
Maxwell,3,WOA-ABE,63,0.3854488730430603,640
Maxwell,3,WOA-ABE,64,0.3854488730430603,650
Maxwell,3,WOA-ABE,65,0.3854488730430603,660
Maxwell,3,WOA-ABE,66,0.3854488730430603,670
Maxwell,3,WOA-ABE,67,0.3854287564754486,680
Maxwell,3,WOA-ABE,68,0.3854287564754486,690
Maxwell,3,WOA-ABE,69,0.3854287564754486,700
Maxwell,3,WOA-ABE,70,0.385415643453598,710
Maxwell,3,WOA-ABE,71,0.385415643453598,720
Maxwell,3,WOA-ABE,72,0.385415643453598,730
Maxwell,3,WOA-ABE,73,0.385415643453598,740
Maxwell,3,WOA-ABE,74,0.385415643453598,750
Maxwell,3,WOA-ABE,75,0.38539308309555054,760
Maxwell,3,WOA-ABE,76,0.38539308309555054,770
Maxwell,3,WOA-ABE,77,0.38539308309555054,780
Maxwell,3,WOA-ABE,78,0.38539308309555054,790
Maxwell,3,WOA-ABE,79,0.38539308309555054,800
Maxwell,3,WOA-ABE,80,0.38539308309555054,810
Maxwell,3,WOA-ABE,81,0.38539308309555054,820
Maxwell,3,WOA-ABE,82,0.38539308309555054,830
Maxwell,3,WOA-ABE,83,0.38539308309555054,840
Maxwell,3,WOA-ABE,84,0.38539284467697144,850
Maxwell,3,WOA-ABE,85,0.38539284467697144,860
Maxwell,3,WOA-ABE,86,0.38539284467697144,870
Maxwell,3,WOA-ABE,87,0.38539284467697144,880
Maxwell,3,WOA-ABE,88,0.38539284467697144,890
Maxwell,3,WOA-ABE,89,0.3853927552700043,900
Maxwell,3,WOA-ABE,90,0.3853927552700043,910
Maxwell,3,WOA-ABE,91,0.3853927552700043,920
Maxwell,3,WOA-ABE,92,0.3853927552700043,930
Maxwell,3,WOA-ABE,93,0.3853927552700043,940
Maxwell,3,WOA-ABE,94,0.384124219417572,950
Maxwell,3,WOA-ABE,95,0.384124219417572,960
Maxwell,3,WOA-ABE,96,0.384124219417572,970
Maxwell,3,WOA-ABE,97,0.3833056390285492,980
Maxwell,3,WOA-ABE,98,0.3827928304672241,990
Maxwell,3,WOA-ABE,99,0.3827928304672241,1000
Maxwell,3,FAABE,0,0.6771232485771179,10
Maxwell,3,FAABE,1,0.6771232485771179,20
Maxwell,3,FAABE,2,0.6771232485771179,30
Maxwell,3,FAABE,3,0.5436568260192871,40
Maxwell,3,FAABE,4,0.5436568260192871,50
Maxwell,3,FAABE,5,0.5436568260192871,60
Maxwell,3,FAABE,6,0.5436568260192871,70
Maxwell,3,FAABE,7,0.5436568260192871,80
Maxwell,3,FAABE,8,0.5436568260192871,90
Maxwell,3,FAABE,9,0.5436568260192871,100
Maxwell,3,FAABE,10,0.5436568260192871,110
Maxwell,3,FAABE,11,0.5436568260192871,120
Maxwell,3,FAABE,12,0.5436568260192871,130
Maxwell,3,FAABE,13,0.5436568260192871,140
Maxwell,3,FAABE,14,0.5436568260192871,150
Maxwell,3,FAABE,15,0.5436568260192871,160
Maxwell,3,FAABE,16,0.5382936596870422,170
Maxwell,3,FAABE,17,0.5382936596870422,180
Maxwell,3,FAABE,18,0.5382936596870422,190
Maxwell,3,FAABE,19,0.5382936596870422,200
Maxwell,3,FAABE,20,0.5382936596870422,210
Maxwell,3,FAABE,21,0.5382936596870422,220
Maxwell,3,FAABE,22,0.5305218696594238,230
Maxwell,3,FAABE,23,0.5305218696594238,240
Maxwell,3,FAABE,24,0.5305218696594238,250
Maxwell,3,FAABE,25,0.5305218696594238,260
Maxwell,3,FAABE,26,0.5305218696594238,270
Maxwell,3,FAABE,27,0.524103581905365,280
Maxwell,3,FAABE,28,0.524103581905365,290
Maxwell,3,FAABE,29,0.524103581905365,300
Maxwell,3,FAABE,30,0.524103581905365,310
Maxwell,3,FAABE,31,0.524103581905365,320
Maxwell,3,FAABE,32,0.48138850927352905,330
Maxwell,3,FAABE,33,0.48138850927352905,340
Maxwell,3,FAABE,34,0.48138850927352905,350
Maxwell,3,FAABE,35,0.48138850927352905,360
Maxwell,3,FAABE,36,0.48138850927352905,370
Maxwell,3,FAABE,37,0.48138850927352905,380
Maxwell,3,FAABE,38,0.48138850927352905,390
Maxwell,3,FAABE,39,0.48138850927352905,400
Maxwell,3,FAABE,40,0.48138850927352905,410
Maxwell,3,FAABE,41,0.48138850927352905,420
Maxwell,3,FAABE,42,0.48138850927352905,430
Maxwell,3,FAABE,43,0.48138850927352905,440
Maxwell,3,FAABE,44,0.48138850927352905,450
Maxwell,3,FAABE,45,0.48138850927352905,460
Maxwell,3,FAABE,46,0.48138850927352905,470
Maxwell,3,FAABE,47,0.48138850927352905,480
Maxwell,3,FAABE,48,0.48138850927352905,490
Maxwell,3,FAABE,49,0.48138850927352905,500
Maxwell,3,FAABE,50,0.48138850927352905,510
Maxwell,3,FAABE,51,0.48138850927352905,520
Maxwell,3,FAABE,52,0.48138850927352905,530
Maxwell,3,FAABE,53,0.48138850927352905,540
Maxwell,3,FAABE,54,0.48138850927352905,550
Maxwell,3,FAABE,55,0.48138850927352905,560
Maxwell,3,FAABE,56,0.48138850927352905,570
Maxwell,3,FAABE,57,0.48138850927352905,580
Maxwell,3,FAABE,58,0.48138850927352905,590
Maxwell,3,FAABE,59,0.48138850927352905,600
Maxwell,3,FAABE,60,0.48138850927352905,610
Maxwell,3,FAABE,61,0.48138850927352905,620
Maxwell,3,FAABE,62,0.48138850927352905,630
Maxwell,3,FAABE,63,0.4778788685798645,640
Maxwell,3,FAABE,64,0.4778788685798645,650
Maxwell,3,FAABE,65,0.4778788685798645,660
Maxwell,3,FAABE,66,0.4772191345691681,670
Maxwell,3,FAABE,67,0.4772191345691681,680
Maxwell,3,FAABE,68,0.4772191345691681,690
Maxwell,3,FAABE,69,0.4772191345691681,700
Maxwell,3,FAABE,70,0.4772191345691681,710
Maxwell,3,FAABE,71,0.4772191345691681,720
Maxwell,3,FAABE,72,0.4772191345691681,730
Maxwell,3,FAABE,73,0.4772191345691681,740
Maxwell,3,FAABE,74,0.4772191345691681,750
Maxwell,3,FAABE,75,0.4772191345691681,760
Maxwell,3,FAABE,76,0.4772191345691681,770
Maxwell,3,FAABE,77,0.4772191345691681,780
Maxwell,3,FAABE,78,0.4772191345691681,790
Maxwell,3,FAABE,79,0.4729371964931488,800
Maxwell,3,FAABE,80,0.4640052318572998,810
Maxwell,3,FAABE,81,0.46226128935813904,820
Maxwell,3,FAABE,82,0.43989434838294983,830
Maxwell,3,FAABE,83,0.43989434838294983,840
Maxwell,3,FAABE,84,0.43989434838294983,850
Maxwell,3,FAABE,85,0.43989434838294983,860
Maxwell,3,FAABE,86,0.43989434838294983,870
Maxwell,3,FAABE,87,0.43989434838294983,880
Maxwell,3,FAABE,88,0.43989434838294983,890
Maxwell,3,FAABE,89,0.43989434838294983,900
Maxwell,3,FAABE,90,0.4315219819545746,910
Maxwell,3,FAABE,91,0.4315219819545746,920
Maxwell,3,FAABE,92,0.4315219819545746,930
Maxwell,3,FAABE,93,0.4315219819545746,940
Maxwell,3,FAABE,94,0.4315219819545746,950
Maxwell,3,FAABE,95,0.4315219819545746,960
Maxwell,3,FAABE,96,0.4315219819545746,970
Maxwell,3,FAABE,97,0.4315219819545746,980
Maxwell,3,FAABE,98,0.4315219819545746,990
Maxwell,3,FAABE,99,0.4315219819545746,1000
Maxwell,4,GA-ABE,0,0.7886532545089722,10
Maxwell,4,GA-ABE,1,0.7122458815574646,20
Maxwell,4,GA-ABE,2,0.7122458815574646,30
Maxwell,4,GA-ABE,3,0.6688390374183655,40
Maxwell,4,GA-ABE,4,0.6564674377441406,50
Maxwell,4,GA-ABE,5,0.6121611595153809,60
Maxwell,4,GA-ABE,6,0.5856605768203735,70
Maxwell,4,GA-ABE,7,0.585660457611084,80
Maxwell,4,GA-ABE,8,0.585660457611084,90
Maxwell,4,GA-ABE,9,0.5316864848136902,100
Maxwell,4,GA-ABE,10,0.5057071447372437,110
Maxwell,4,GA-ABE,11,0.4775777757167816,120
Maxwell,4,GA-ABE,12,0.4775777757167816,130
Maxwell,4,GA-ABE,13,0.4775777757167816,140
Maxwell,4,GA-ABE,14,0.4775777757167816,150
Maxwell,4,GA-ABE,15,0.4775777757167816,160
Maxwell,4,GA-ABE,16,0.4775777757167816,170
Maxwell,4,GA-ABE,17,0.4775777757167816,180
Maxwell,4,GA-ABE,18,0.4775777757167816,190
Maxwell,4,GA-ABE,19,0.4775777757167816,200
Maxwell,4,GA-ABE,20,0.4775777757167816,210
Maxwell,4,GA-ABE,21,0.476691335439682,220
Maxwell,4,GA-ABE,22,0.476691335439682,230
Maxwell,4,GA-ABE,23,0.476691335439682,240
Maxwell,4,GA-ABE,24,0.4729079306125641,250
Maxwell,4,GA-ABE,25,0.4729079306125641,260
Maxwell,4,GA-ABE,26,0.4729079306125641,270
Maxwell,4,GA-ABE,27,0.4729079306125641,280
Maxwell,4,GA-ABE,28,0.4729079306125641,290
Maxwell,4,GA-ABE,29,0.4729079306125641,300
Maxwell,4,GA-ABE,30,0.4729079306125641,310
Maxwell,4,GA-ABE,31,0.4729079306125641,320
Maxwell,4,GA-ABE,32,0.4729079306125641,330
Maxwell,4,GA-ABE,33,0.4729079306125641,340
Maxwell,4,GA-ABE,34,0.4729079306125641,350
Maxwell,4,GA-ABE,35,0.4729079008102417,360
Maxwell,4,GA-ABE,36,0.4729079008102417,370
Maxwell,4,GA-ABE,37,0.4729079008102417,380
Maxwell,4,GA-ABE,38,0.4729079008102417,390
Maxwell,4,GA-ABE,39,0.4729079008102417,400
Maxwell,4,GA-ABE,40,0.4544250965118408,410
Maxwell,4,GA-ABE,41,0.4544250965118408,420
Maxwell,4,GA-ABE,42,0.4544250965118408,430
Maxwell,4,GA-ABE,43,0.4544250965118408,440
Maxwell,4,GA-ABE,44,0.4544250965118408,450
Maxwell,4,GA-ABE,45,0.4544250965118408,460
Maxwell,4,GA-ABE,46,0.4544250965118408,470
Maxwell,4,GA-ABE,47,0.4544250965118408,480
Maxwell,4,GA-ABE,48,0.4538678228855133,490
Maxwell,4,GA-ABE,49,0.4538677930831909,500
Maxwell,4,GA-ABE,50,0.4537784159183502,510
Maxwell,4,GA-ABE,51,0.4537784159183502,520
Maxwell,4,GA-ABE,52,0.4537784159183502,530
Maxwell,4,GA-ABE,53,0.4537784159183502,540
Maxwell,4,GA-ABE,54,0.4537784159183502,550
Maxwell,4,GA-ABE,55,0.4537784159183502,560
Maxwell,4,GA-ABE,56,0.45370203256607056,570
Maxwell,4,GA-ABE,57,0.45370200276374817,580
Maxwell,4,GA-ABE,58,0.45370200276374817,590
Maxwell,4,GA-ABE,59,0.45370200276374817,600
Maxwell,4,GA-ABE,60,0.45370200276374817,610
Maxwell,4,GA-ABE,61,0.4511563181877136,620
Maxwell,4,GA-ABE,62,0.4511563181877136,630
Maxwell,4,GA-ABE,63,0.4511563181877136,640
Maxwell,4,GA-ABE,64,0.4511563181877136,650
Maxwell,4,GA-ABE,65,0.4511563181877136,660
Maxwell,4,GA-ABE,66,0.4511563181877136,670
Maxwell,4,GA-ABE,67,0.4511563181877136,680
Maxwell,4,GA-ABE,68,0.4511563181877136,690
Maxwell,4,GA-ABE,69,0.4511563181877136,700
Maxwell,4,GA-ABE,70,0.4511563181877136,710
Maxwell,4,GA-ABE,71,0.45068982243537903,720
Maxwell,4,GA-ABE,72,0.45068982243537903,730
Maxwell,4,GA-ABE,73,0.45068982243537903,740
Maxwell,4,GA-ABE,74,0.45068982243537903,750
Maxwell,4,GA-ABE,75,0.45068982243537903,760
Maxwell,4,GA-ABE,76,0.45068982243537903,770
Maxwell,4,GA-ABE,77,0.45068979263305664,780
Maxwell,4,GA-ABE,78,0.45068979263305664,790
Maxwell,4,GA-ABE,79,0.45068979263305664,800
Maxwell,4,GA-ABE,80,0.45068979263305664,810
Maxwell,4,GA-ABE,81,0.45068979263305664,820
Maxwell,4,GA-ABE,82,0.45068979263305664,830
Maxwell,4,GA-ABE,83,0.45068979263305664,840
Maxwell,4,GA-ABE,84,0.45068979263305664,850
Maxwell,4,GA-ABE,85,0.45068979263305664,860
Maxwell,4,GA-ABE,86,0.45068979263305664,870
Maxwell,4,GA-ABE,87,0.45068979263305664,880
Maxwell,4,GA-ABE,88,0.45068979263305664,890
Maxwell,4,GA-ABE,89,0.45068979263305664,900
Maxwell,4,GA-ABE,90,0.45068979263305664,910
Maxwell,4,GA-ABE,91,0.4505132734775543,920
Maxwell,4,GA-ABE,92,0.4505132734775543,930
Maxwell,4,GA-ABE,93,0.4505132734775543,940
Maxwell,4,GA-ABE,94,0.45047253370285034,950
Maxwell,4,GA-ABE,95,0.45047253370285034,960
Maxwell,4,GA-ABE,96,0.45047253370285034,970
Maxwell,4,GA-ABE,97,0.45047253370285034,980
Maxwell,4,GA-ABE,98,0.45047253370285034,990
Maxwell,4,GA-ABE,99,0.45047253370285034,1000
Maxwell,4,PSO-ABE,0,0.6497877836227417,10
Maxwell,4,PSO-ABE,1,0.612721860408783,20
Maxwell,4,PSO-ABE,2,0.5882375836372375,30
Maxwell,4,PSO-ABE,3,0.5882375836372375,40
Maxwell,4,PSO-ABE,4,0.532503068447113,50
Maxwell,4,PSO-ABE,5,0.532503068447113,60
Maxwell,4,PSO-ABE,6,0.532503068447113,70
Maxwell,4,PSO-ABE,7,0.532503068447113,80
Maxwell,4,PSO-ABE,8,0.532503068447113,90
Maxwell,4,PSO-ABE,9,0.532503068447113,100
Maxwell,4,PSO-ABE,10,0.5223835706710815,110
Maxwell,4,PSO-ABE,11,0.5223835706710815,120
Maxwell,4,PSO-ABE,12,0.5223835706710815,130
Maxwell,4,PSO-ABE,13,0.4864780902862549,140
Maxwell,4,PSO-ABE,14,0.4825165271759033,150
Maxwell,4,PSO-ABE,15,0.4825165271759033,160
Maxwell,4,PSO-ABE,16,0.4816570580005646,170
Maxwell,4,PSO-ABE,17,0.4816570580005646,180
Maxwell,4,PSO-ABE,18,0.4816570580005646,190
Maxwell,4,PSO-ABE,19,0.4816570580005646,200
Maxwell,4,PSO-ABE,20,0.4816570580005646,210
Maxwell,4,PSO-ABE,21,0.4816570580005646,220
Maxwell,4,PSO-ABE,22,0.4816570580005646,230
Maxwell,4,PSO-ABE,23,0.4816570580005646,240
Maxwell,4,PSO-ABE,24,0.4816570580005646,250
Maxwell,4,PSO-ABE,25,0.4816570580005646,260
Maxwell,4,PSO-ABE,26,0.4794868230819702,270
Maxwell,4,PSO-ABE,27,0.4794868230819702,280
Maxwell,4,PSO-ABE,28,0.4794868230819702,290
Maxwell,4,PSO-ABE,29,0.4794868230819702,300
Maxwell,4,PSO-ABE,30,0.47886255383491516,310
Maxwell,4,PSO-ABE,31,0.47886255383491516,320
Maxwell,4,PSO-ABE,32,0.47886255383491516,330
Maxwell,4,PSO-ABE,33,0.4785822927951813,340
Maxwell,4,PSO-ABE,34,0.478405624628067,350
Maxwell,4,PSO-ABE,35,0.478405624628067,360
Maxwell,4,PSO-ABE,36,0.478405624628067,370
Maxwell,4,PSO-ABE,37,0.478405624628067,380
Maxwell,4,PSO-ABE,38,0.47684431076049805,390
Maxwell,4,PSO-ABE,39,0.47684431076049805,400
Maxwell,4,PSO-ABE,40,0.47684431076049805,410
Maxwell,4,PSO-ABE,41,0.47684431076049805,420
Maxwell,4,PSO-ABE,42,0.47684431076049805,430
Maxwell,4,PSO-ABE,43,0.47605475783348083,440
Maxwell,4,PSO-ABE,44,0.47605475783348083,450
Maxwell,4,PSO-ABE,45,0.4756726324558258,460
Maxwell,4,PSO-ABE,46,0.4756726324558258,470
Maxwell,4,PSO-ABE,47,0.4756726324558258,480
Maxwell,4,PSO-ABE,48,0.4756726324558258,490
Maxwell,4,PSO-ABE,49,0.4756726324558258,500
Maxwell,4,PSO-ABE,50,0.4756726324558258,510
Maxwell,4,PSO-ABE,51,0.4756726324558258,520
Maxwell,4,PSO-ABE,52,0.4756726324558258,530
Maxwell,4,PSO-ABE,53,0.4756726324558258,540
Maxwell,4,PSO-ABE,54,0.4756726324558258,550
Maxwell,4,PSO-ABE,55,0.4756726324558258,560
Maxwell,4,PSO-ABE,56,0.4756726324558258,570
Maxwell,4,PSO-ABE,57,0.47561219334602356,580
Maxwell,4,PSO-ABE,58,0.47561219334602356,590
Maxwell,4,PSO-ABE,59,0.47561219334602356,600
Maxwell,4,PSO-ABE,60,0.4754991829395294,610
Maxwell,4,PSO-ABE,61,0.4754991829395294,620
Maxwell,4,PSO-ABE,62,0.47548240423202515,630
Maxwell,4,PSO-ABE,63,0.47548240423202515,640
Maxwell,4,PSO-ABE,64,0.4753803610801697,650
Maxwell,4,PSO-ABE,65,0.4753803610801697,660
Maxwell,4,PSO-ABE,66,0.4753803610801697,670
Maxwell,4,PSO-ABE,67,0.47531282901763916,680
Maxwell,4,PSO-ABE,68,0.47531282901763916,690
Maxwell,4,PSO-ABE,69,0.4753061830997467,700
Maxwell,4,PSO-ABE,70,0.4752999246120453,710
Maxwell,4,PSO-ABE,71,0.47522836923599243,720
Maxwell,4,PSO-ABE,72,0.47522836923599243,730
Maxwell,4,PSO-ABE,73,0.47522836923599243,740
Maxwell,4,PSO-ABE,74,0.47522836923599243,750
Maxwell,4,PSO-ABE,75,0.4752267897129059,760
Maxwell,4,PSO-ABE,76,0.4752129912376404,770
Maxwell,4,PSO-ABE,77,0.47520190477371216,780
Maxwell,4,PSO-ABE,78,0.47520190477371216,790
Maxwell,4,PSO-ABE,79,0.47520190477371216,800
Maxwell,4,PSO-ABE,80,0.47520190477371216,810
Maxwell,4,PSO-ABE,81,0.4751938283443451,820
Maxwell,4,PSO-ABE,82,0.4751927852630615,830
Maxwell,4,PSO-ABE,83,0.475172758102417,840
Maxwell,4,PSO-ABE,84,0.475172758102417,850
Maxwell,4,PSO-ABE,85,0.475172758102417,860
Maxwell,4,PSO-ABE,86,0.475172758102417,870
Maxwell,4,PSO-ABE,87,0.4751463830471039,880
Maxwell,4,PSO-ABE,88,0.4751463830471039,890
Maxwell,4,PSO-ABE,89,0.4751463830471039,900
Maxwell,4,PSO-ABE,90,0.4751463830471039,910
Maxwell,4,PSO-ABE,91,0.4751356244087219,920
Maxwell,4,PSO-ABE,92,0.4751025438308716,930
Maxwell,4,PSO-ABE,93,0.4751025438308716,940
Maxwell,4,PSO-ABE,94,0.4751025438308716,950
Maxwell,4,PSO-ABE,95,0.4751015603542328,960
Maxwell,4,PSO-ABE,96,0.4751015603542328,970
Maxwell,4,PSO-ABE,97,0.47509393095970154,980
Maxwell,4,PSO-ABE,98,0.47507914900779724,990
Maxwell,4,PSO-ABE,99,0.47507914900779724,1000
Maxwell,4,DE-ABE,0,0.6230082511901855,10
Maxwell,4,DE-ABE,1,0.6230082511901855,20
Maxwell,4,DE-ABE,2,0.603725790977478,30
Maxwell,4,DE-ABE,3,0.5776325464248657,40
Maxwell,4,DE-ABE,4,0.5156983733177185,50
Maxwell,4,DE-ABE,5,0.5156983733177185,60
Maxwell,4,DE-ABE,6,0.5156983733177185,70
Maxwell,4,DE-ABE,7,0.4934369623661041,80
Maxwell,4,DE-ABE,8,0.4934369623661041,90
Maxwell,4,DE-ABE,9,0.4934369623661041,100
Maxwell,4,DE-ABE,10,0.491037517786026,110
Maxwell,4,DE-ABE,11,0.491037517786026,120
Maxwell,4,DE-ABE,12,0.491037517786026,130
Maxwell,4,DE-ABE,13,0.48189055919647217,140
Maxwell,4,DE-ABE,14,0.48189055919647217,150
Maxwell,4,DE-ABE,15,0.48189055919647217,160
Maxwell,4,DE-ABE,16,0.47733134031295776,170
Maxwell,4,DE-ABE,17,0.47733134031295776,180
Maxwell,4,DE-ABE,18,0.4661864638328552,190
Maxwell,4,DE-ABE,19,0.4637135863304138,200
Maxwell,4,DE-ABE,20,0.4637135863304138,210
Maxwell,4,DE-ABE,21,0.4637135863304138,220
Maxwell,4,DE-ABE,22,0.4637135863304138,230
Maxwell,4,DE-ABE,23,0.4637135863304138,240
Maxwell,4,DE-ABE,24,0.4619809091091156,250
Maxwell,4,DE-ABE,25,0.4619809091091156,260
Maxwell,4,DE-ABE,26,0.4619809091091156,270
Maxwell,4,DE-ABE,27,0.4619809091091156,280
Maxwell,4,DE-ABE,28,0.4619809091091156,290
Maxwell,4,DE-ABE,29,0.4619809091091156,300
Maxwell,4,DE-ABE,30,0.4619809091091156,310
Maxwell,4,DE-ABE,31,0.4595852494239807,320
Maxwell,4,DE-ABE,32,0.4595852494239807,330
Maxwell,4,DE-ABE,33,0.4573725163936615,340
Maxwell,4,DE-ABE,34,0.4573725163936615,350
Maxwell,4,DE-ABE,35,0.4573725163936615,360
Maxwell,4,DE-ABE,36,0.4573725163936615,370
Maxwell,4,DE-ABE,37,0.4573725163936615,380
Maxwell,4,DE-ABE,38,0.4573725163936615,390
Maxwell,4,DE-ABE,39,0.4573725163936615,400
Maxwell,4,DE-ABE,40,0.4573330283164978,410
Maxwell,4,DE-ABE,41,0.4573330283164978,420
Maxwell,4,DE-ABE,42,0.454581618309021,430
Maxwell,4,DE-ABE,43,0.454581618309021,440
Maxwell,4,DE-ABE,44,0.454581618309021,450
Maxwell,4,DE-ABE,45,0.454581618309021,460
Maxwell,4,DE-ABE,46,0.454581618309021,470
Maxwell,4,DE-ABE,47,0.454581618309021,480
Maxwell,4,DE-ABE,48,0.454581618309021,490
Maxwell,4,DE-ABE,49,0.454581618309021,500
Maxwell,4,DE-ABE,50,0.454581618309021,510
Maxwell,4,DE-ABE,51,0.454581618309021,520
Maxwell,4,DE-ABE,52,0.454581618309021,530
Maxwell,4,DE-ABE,53,0.454581618309021,540
Maxwell,4,DE-ABE,54,0.454581618309021,550
Maxwell,4,DE-ABE,55,0.45440834760665894,560
Maxwell,4,DE-ABE,56,0.45440834760665894,570
Maxwell,4,DE-ABE,57,0.45440834760665894,580
Maxwell,4,DE-ABE,58,0.45440834760665894,590
Maxwell,4,DE-ABE,59,0.45440834760665894,600
Maxwell,4,DE-ABE,60,0.45440834760665894,610
Maxwell,4,DE-ABE,61,0.45440834760665894,620
Maxwell,4,DE-ABE,62,0.45440834760665894,630
Maxwell,4,DE-ABE,63,0.45440834760665894,640
Maxwell,4,DE-ABE,64,0.45440834760665894,650
Maxwell,4,DE-ABE,65,0.45440834760665894,660
Maxwell,4,DE-ABE,66,0.45440834760665894,670
Maxwell,4,DE-ABE,67,0.44984498620033264,680
Maxwell,4,DE-ABE,68,0.44984498620033264,690
Maxwell,4,DE-ABE,69,0.44984498620033264,700
Maxwell,4,DE-ABE,70,0.44642940163612366,710
Maxwell,4,DE-ABE,71,0.4463145136833191,720
Maxwell,4,DE-ABE,72,0.4463145136833191,730
Maxwell,4,DE-ABE,73,0.4463145136833191,740
Maxwell,4,DE-ABE,74,0.4463145136833191,750
Maxwell,4,DE-ABE,75,0.4463145136833191,760
Maxwell,4,DE-ABE,76,0.4463145136833191,770
Maxwell,4,DE-ABE,77,0.4463145136833191,780
Maxwell,4,DE-ABE,78,0.4463145136833191,790
Maxwell,4,DE-ABE,79,0.4448334574699402,800
Maxwell,4,DE-ABE,80,0.44014906883239746,810
Maxwell,4,DE-ABE,81,0.44014906883239746,820
Maxwell,4,DE-ABE,82,0.4387027323246002,830
Maxwell,4,DE-ABE,83,0.4387027323246002,840
Maxwell,4,DE-ABE,84,0.4387027323246002,850
Maxwell,4,DE-ABE,85,0.4387027323246002,860
Maxwell,4,DE-ABE,86,0.43869173526763916,870
Maxwell,4,DE-ABE,87,0.43869173526763916,880
Maxwell,4,DE-ABE,88,0.4370196461677551,890
Maxwell,4,DE-ABE,89,0.4370196461677551,900
Maxwell,4,DE-ABE,90,0.4370196461677551,910
Maxwell,4,DE-ABE,91,0.4370196461677551,920
Maxwell,4,DE-ABE,92,0.4370196461677551,930
Maxwell,4,DE-ABE,93,0.4370196461677551,940
Maxwell,4,DE-ABE,94,0.43681514263153076,950
Maxwell,4,DE-ABE,95,0.43681514263153076,960
Maxwell,4,DE-ABE,96,0.43681514263153076,970
Maxwell,4,DE-ABE,97,0.43681514263153076,980
Maxwell,4,DE-ABE,98,0.43681514263153076,990
Maxwell,4,DE-ABE,99,0.43681514263153076,1000
Maxwell,4,GWO-ABE,0,0.6326398849487305,10
Maxwell,4,GWO-ABE,1,0.6594595313072205,20
Maxwell,4,GWO-ABE,2,0.6053074598312378,30
Maxwell,4,GWO-ABE,3,0.5371021032333374,40
Maxwell,4,GWO-ABE,4,0.5482990145683289,50
Maxwell,4,GWO-ABE,5,0.5759093165397644,60
Maxwell,4,GWO-ABE,6,0.5511662364006042,70
Maxwell,4,GWO-ABE,7,0.5683856010437012,80
Maxwell,4,GWO-ABE,8,0.539466381072998,90
Maxwell,4,GWO-ABE,9,0.54148930311203,100
Maxwell,4,GWO-ABE,10,0.5279776453971863,110
Maxwell,4,GWO-ABE,11,0.5301732420921326,120
Maxwell,4,GWO-ABE,12,0.556206464767456,130
Maxwell,4,GWO-ABE,13,0.5196974277496338,140
Maxwell,4,GWO-ABE,14,0.5085071921348572,150
Maxwell,4,GWO-ABE,15,0.5014411211013794,160
Maxwell,4,GWO-ABE,16,0.48848652839660645,170
Maxwell,4,GWO-ABE,17,0.4584473967552185,180
Maxwell,4,GWO-ABE,18,0.4581123888492584,190
Maxwell,4,GWO-ABE,19,0.45197585225105286,200
Maxwell,4,GWO-ABE,20,0.46958303451538086,210
Maxwell,4,GWO-ABE,21,0.4613009989261627,220
Maxwell,4,GWO-ABE,22,0.44505012035369873,230
Maxwell,4,GWO-ABE,23,0.45235204696655273,240
Maxwell,4,GWO-ABE,24,0.4569186568260193,250
Maxwell,4,GWO-ABE,25,0.4518345892429352,260
Maxwell,4,GWO-ABE,26,0.4394111931324005,270
Maxwell,4,GWO-ABE,27,0.4289960265159607,280
Maxwell,4,GWO-ABE,28,0.4203057587146759,290
Maxwell,4,GWO-ABE,29,0.41308608651161194,300
Maxwell,4,GWO-ABE,30,0.4189261198043823,310
Maxwell,4,GWO-ABE,31,0.418140709400177,320
Maxwell,4,GWO-ABE,32,0.41356003284454346,330
Maxwell,4,GWO-ABE,33,0.41382697224617004,340
Maxwell,4,GWO-ABE,34,0.41210514307022095,350
Maxwell,4,GWO-ABE,35,0.41958341002464294,360
Maxwell,4,GWO-ABE,36,0.40884628891944885,370
Maxwell,4,GWO-ABE,37,0.4081992506980896,380
Maxwell,4,GWO-ABE,38,0.41158297657966614,390
Maxwell,4,GWO-ABE,39,0.41542667150497437,400
Maxwell,4,GWO-ABE,40,0.4258561432361603,410
Maxwell,4,GWO-ABE,41,0.4123782813549042,420
Maxwell,4,GWO-ABE,42,0.4184073507785797,430
Maxwell,4,GWO-ABE,43,0.40820130705833435,440
Maxwell,4,GWO-ABE,44,0.4238292872905731,450
Maxwell,4,GWO-ABE,45,0.40116265416145325,460
Maxwell,4,GWO-ABE,46,0.4109094738960266,470
Maxwell,4,GWO-ABE,47,0.42024484276771545,480
Maxwell,4,GWO-ABE,48,0.4164315164089203,490
Maxwell,4,GWO-ABE,49,0.42285144329071045,500
Maxwell,4,GWO-ABE,50,0.41221845149993896,510
Maxwell,4,GWO-ABE,51,0.410464346408844,520
Maxwell,4,GWO-ABE,52,0.41992753744125366,530
Maxwell,4,GWO-ABE,53,0.41545501351356506,540
Maxwell,4,GWO-ABE,54,0.40632835030555725,550
Maxwell,4,GWO-ABE,55,0.4087449908256531,560
Maxwell,4,GWO-ABE,56,0.4123193919658661,570
Maxwell,4,GWO-ABE,57,0.40523043274879456,580
Maxwell,4,GWO-ABE,58,0.39918503165245056,590
Maxwell,4,GWO-ABE,59,0.41059720516204834,600
Maxwell,4,GWO-ABE,60,0.41609063744544983,610
Maxwell,4,GWO-ABE,61,0.4043884575366974,620
Maxwell,4,GWO-ABE,62,0.40498825907707214,630
Maxwell,4,GWO-ABE,63,0.4002276062965393,640
Maxwell,4,GWO-ABE,64,0.401265025138855,650
Maxwell,4,GWO-ABE,65,0.40096184611320496,660
Maxwell,4,GWO-ABE,66,0.4067602753639221,670
Maxwell,4,GWO-ABE,67,0.40291067957878113,680
Maxwell,4,GWO-ABE,68,0.40156090259552,690
Maxwell,4,GWO-ABE,69,0.4001319110393524,700
Maxwell,4,GWO-ABE,70,0.3955361545085907,710
Maxwell,4,GWO-ABE,71,0.4045355021953583,720
Maxwell,4,GWO-ABE,72,0.41045305132865906,730
Maxwell,4,GWO-ABE,73,0.40258273482322693,740
Maxwell,4,GWO-ABE,74,0.4027295410633087,750
Maxwell,4,GWO-ABE,75,0.40376046299934387,760
Maxwell,4,GWO-ABE,76,0.39967817068099976,770
Maxwell,4,GWO-ABE,77,0.402269184589386,780
Maxwell,4,GWO-ABE,78,0.4035632312297821,790
Maxwell,4,GWO-ABE,79,0.4000905156135559,800
Maxwell,4,GWO-ABE,80,0.40077099204063416,810
Maxwell,4,GWO-ABE,81,0.4023287892341614,820
Maxwell,4,GWO-ABE,82,0.3933771550655365,830
Maxwell,4,GWO-ABE,83,0.3982449471950531,840
Maxwell,4,GWO-ABE,84,0.3952255845069885,850
Maxwell,4,GWO-ABE,85,0.39542654156684875,860
Maxwell,4,GWO-ABE,86,0.39981597661972046,870
Maxwell,4,GWO-ABE,87,0.39994677901268005,880
Maxwell,4,GWO-ABE,88,0.3954721987247467,890
Maxwell,4,GWO-ABE,89,0.3968520760536194,900
Maxwell,4,GWO-ABE,90,0.39720800518989563,910
Maxwell,4,GWO-ABE,91,0.3954078257083893,920
Maxwell,4,GWO-ABE,92,0.39673134684562683,930
Maxwell,4,GWO-ABE,93,0.39557507634162903,940
Maxwell,4,GWO-ABE,94,0.3956596553325653,950
Maxwell,4,GWO-ABE,95,0.3956347703933716,960
Maxwell,4,GWO-ABE,96,0.3966823220252991,970
Maxwell,4,GWO-ABE,97,0.3966222107410431,980
Maxwell,4,GWO-ABE,98,0.39556798338890076,990
Maxwell,4,GWO-ABE,99,0.39666691422462463,1000
Maxwell,4,WOA-ABE,0,0.6110919713973999,10
Maxwell,4,WOA-ABE,1,0.5895093083381653,20
Maxwell,4,WOA-ABE,2,0.5337276458740234,30
Maxwell,4,WOA-ABE,3,0.5315602421760559,40
Maxwell,4,WOA-ABE,4,0.46870073676109314,50
Maxwell,4,WOA-ABE,5,0.4386933445930481,60
Maxwell,4,WOA-ABE,6,0.43208950757980347,70
Maxwell,4,WOA-ABE,7,0.43208950757980347,80
Maxwell,4,WOA-ABE,8,0.43208950757980347,90
Maxwell,4,WOA-ABE,9,0.42212527990341187,100
Maxwell,4,WOA-ABE,10,0.41476476192474365,110
Maxwell,4,WOA-ABE,11,0.41476476192474365,120
Maxwell,4,WOA-ABE,12,0.40663930773735046,130
Maxwell,4,WOA-ABE,13,0.4026353657245636,140
Maxwell,4,WOA-ABE,14,0.4026353657245636,150
Maxwell,4,WOA-ABE,15,0.4007886052131653,160
Maxwell,4,WOA-ABE,16,0.394555002450943,170
Maxwell,4,WOA-ABE,17,0.394555002450943,180
Maxwell,4,WOA-ABE,18,0.394555002450943,190
Maxwell,4,WOA-ABE,19,0.39173775911331177,200
Maxwell,4,WOA-ABE,20,0.39173775911331177,210
Maxwell,4,WOA-ABE,21,0.39173775911331177,220
Maxwell,4,WOA-ABE,22,0.38810017704963684,230
Maxwell,4,WOA-ABE,23,0.38810017704963684,240
Maxwell,4,WOA-ABE,24,0.38810017704963684,250
Maxwell,4,WOA-ABE,25,0.371698260307312,260
Maxwell,4,WOA-ABE,26,0.371698260307312,270
Maxwell,4,WOA-ABE,27,0.371698260307312,280
Maxwell,4,WOA-ABE,28,0.37161844968795776,290
Maxwell,4,WOA-ABE,29,0.37161844968795776,300
Maxwell,4,WOA-ABE,30,0.37161844968795776,310
Maxwell,4,WOA-ABE,31,0.37161844968795776,320
Maxwell,4,WOA-ABE,32,0.37161844968795776,330
Maxwell,4,WOA-ABE,33,0.37161844968795776,340
Maxwell,4,WOA-ABE,34,0.37161844968795776,350
Maxwell,4,WOA-ABE,35,0.37161844968795776,360
Maxwell,4,WOA-ABE,36,0.37161844968795776,370
Maxwell,4,WOA-ABE,37,0.3715769946575165,380
Maxwell,4,WOA-ABE,38,0.3715769946575165,390
Maxwell,4,WOA-ABE,39,0.3715769946575165,400
Maxwell,4,WOA-ABE,40,0.37157341837882996,410
Maxwell,4,WOA-ABE,41,0.3715428411960602,420
Maxwell,4,WOA-ABE,42,0.3715428411960602,430
Maxwell,4,WOA-ABE,43,0.3715428411960602,440
Maxwell,4,WOA-ABE,44,0.3715428411960602,450
Maxwell,4,WOA-ABE,45,0.3715428411960602,460
Maxwell,4,WOA-ABE,46,0.3711162805557251,470
Maxwell,4,WOA-ABE,47,0.37057366967201233,480
Maxwell,4,WOA-ABE,48,0.37053853273391724,490
Maxwell,4,WOA-ABE,49,0.37043336033821106,500
Maxwell,4,WOA-ABE,50,0.37043336033821106,510
Maxwell,4,WOA-ABE,51,0.37043336033821106,520
Maxwell,4,WOA-ABE,52,0.37043336033821106,530
Maxwell,4,WOA-ABE,53,0.37043336033821106,540
Maxwell,4,WOA-ABE,54,0.37043336033821106,550
Maxwell,4,WOA-ABE,55,0.37043336033821106,560
Maxwell,4,WOA-ABE,56,0.37043336033821106,570
Maxwell,4,WOA-ABE,57,0.37043336033821106,580
Maxwell,4,WOA-ABE,58,0.37043336033821106,590
Maxwell,4,WOA-ABE,59,0.37043336033821106,600
Maxwell,4,WOA-ABE,60,0.37043336033821106,610
Maxwell,4,WOA-ABE,61,0.37043336033821106,620
Maxwell,4,WOA-ABE,62,0.37043336033821106,630
Maxwell,4,WOA-ABE,63,0.37043336033821106,640
Maxwell,4,WOA-ABE,64,0.37043336033821106,650
Maxwell,4,WOA-ABE,65,0.3703743517398834,660
Maxwell,4,WOA-ABE,66,0.3703743517398834,670
Maxwell,4,WOA-ABE,67,0.3703743517398834,680
Maxwell,4,WOA-ABE,68,0.3703743517398834,690
Maxwell,4,WOA-ABE,69,0.3703743517398834,700
Maxwell,4,WOA-ABE,70,0.3703743517398834,710
Maxwell,4,WOA-ABE,71,0.3703743517398834,720
Maxwell,4,WOA-ABE,72,0.3703743517398834,730
Maxwell,4,WOA-ABE,73,0.3703743517398834,740
Maxwell,4,WOA-ABE,74,0.3702505826950073,750
Maxwell,4,WOA-ABE,75,0.3702505826950073,760
Maxwell,4,WOA-ABE,76,0.3702505826950073,770
Maxwell,4,WOA-ABE,77,0.3702505826950073,780
Maxwell,4,WOA-ABE,78,0.37024885416030884,790
Maxwell,4,WOA-ABE,79,0.37024885416030884,800
Maxwell,4,WOA-ABE,80,0.3702472448348999,810
Maxwell,4,WOA-ABE,81,0.37024492025375366,820
Maxwell,4,WOA-ABE,82,0.37024492025375366,830
Maxwell,4,WOA-ABE,83,0.37024492025375366,840
Maxwell,4,WOA-ABE,84,0.37024492025375366,850
Maxwell,4,WOA-ABE,85,0.37024492025375366,860
Maxwell,4,WOA-ABE,86,0.37024492025375366,870
Maxwell,4,WOA-ABE,87,0.37024492025375366,880
Maxwell,4,WOA-ABE,88,0.37024492025375366,890
Maxwell,4,WOA-ABE,89,0.37024492025375366,900
Maxwell,4,WOA-ABE,90,0.37024492025375366,910
Maxwell,4,WOA-ABE,91,0.37024492025375366,920
Maxwell,4,WOA-ABE,92,0.37024492025375366,930
Maxwell,4,WOA-ABE,93,0.37024492025375366,940
Maxwell,4,WOA-ABE,94,0.37024492025375366,950
Maxwell,4,WOA-ABE,95,0.37024492025375366,960
Maxwell,4,WOA-ABE,96,0.3702447712421417,970
Maxwell,4,WOA-ABE,97,0.3702447712421417,980
Maxwell,4,WOA-ABE,98,0.3702434301376343,990
Maxwell,4,WOA-ABE,99,0.37024298310279846,1000
Maxwell,4,FAABE,0,0.7279551029205322,10
Maxwell,4,FAABE,1,0.7279551029205322,20
Maxwell,4,FAABE,2,0.6003569960594177,30
Maxwell,4,FAABE,3,0.5422274470329285,40
Maxwell,4,FAABE,4,0.5422274470329285,50
Maxwell,4,FAABE,5,0.5422274470329285,60
Maxwell,4,FAABE,6,0.5339509844779968,70
Maxwell,4,FAABE,7,0.5339509844779968,80
Maxwell,4,FAABE,8,0.4793730676174164,90
Maxwell,4,FAABE,9,0.4793730676174164,100
Maxwell,4,FAABE,10,0.4793730676174164,110
Maxwell,4,FAABE,11,0.4396436810493469,120
Maxwell,4,FAABE,12,0.4396436810493469,130
Maxwell,4,FAABE,13,0.4396436810493469,140
Maxwell,4,FAABE,14,0.4396436810493469,150
Maxwell,4,FAABE,15,0.4396436810493469,160
Maxwell,4,FAABE,16,0.4396436810493469,170
Maxwell,4,FAABE,17,0.4396436810493469,180
Maxwell,4,FAABE,18,0.4396436810493469,190
Maxwell,4,FAABE,19,0.4396436810493469,200
Maxwell,4,FAABE,20,0.4396436810493469,210
Maxwell,4,FAABE,21,0.4396436810493469,220
Maxwell,4,FAABE,22,0.4396436810493469,230
Maxwell,4,FAABE,23,0.4396436810493469,240
Maxwell,4,FAABE,24,0.4396436810493469,250
Maxwell,4,FAABE,25,0.4396436810493469,260
Maxwell,4,FAABE,26,0.4396436810493469,270
Maxwell,4,FAABE,27,0.4396436810493469,280
Maxwell,4,FAABE,28,0.4396436810493469,290
Maxwell,4,FAABE,29,0.4396436810493469,300
Maxwell,4,FAABE,30,0.4396436810493469,310
Maxwell,4,FAABE,31,0.4396436810493469,320
Maxwell,4,FAABE,32,0.43211543560028076,330
Maxwell,4,FAABE,33,0.43211543560028076,340
Maxwell,4,FAABE,34,0.43211543560028076,350
Maxwell,4,FAABE,35,0.43211543560028076,360
Maxwell,4,FAABE,36,0.43211543560028076,370
Maxwell,4,FAABE,37,0.43211543560028076,380
Maxwell,4,FAABE,38,0.43211543560028076,390
Maxwell,4,FAABE,39,0.43211543560028076,400
Maxwell,4,FAABE,40,0.43211543560028076,410
Maxwell,4,FAABE,41,0.43211543560028076,420
Maxwell,4,FAABE,42,0.43211543560028076,430
Maxwell,4,FAABE,43,0.4273518919944763,440
Maxwell,4,FAABE,44,0.4273518919944763,450
Maxwell,4,FAABE,45,0.4273518919944763,460
Maxwell,4,FAABE,46,0.4273518919944763,470
Maxwell,4,FAABE,47,0.4273518919944763,480
Maxwell,4,FAABE,48,0.4273518919944763,490
Maxwell,4,FAABE,49,0.4273518919944763,500
Maxwell,4,FAABE,50,0.4273518919944763,510
Maxwell,4,FAABE,51,0.4273518919944763,520
Maxwell,4,FAABE,52,0.4273518919944763,530
Maxwell,4,FAABE,53,0.4273518919944763,540
Maxwell,4,FAABE,54,0.4273518919944763,550
Maxwell,4,FAABE,55,0.4273518919944763,560
Maxwell,4,FAABE,56,0.4273518919944763,570
Maxwell,4,FAABE,57,0.4273518919944763,580
Maxwell,4,FAABE,58,0.4273518919944763,590
Maxwell,4,FAABE,59,0.4147447645664215,600
Maxwell,4,FAABE,60,0.4147447645664215,610
Maxwell,4,FAABE,61,0.4147447645664215,620
Maxwell,4,FAABE,62,0.4147447645664215,630
Maxwell,4,FAABE,63,0.4147447645664215,640
Maxwell,4,FAABE,64,0.405439168214798,650
Maxwell,4,FAABE,65,0.405439168214798,660
Maxwell,4,FAABE,66,0.405439168214798,670
Maxwell,4,FAABE,67,0.405439168214798,680
Maxwell,4,FAABE,68,0.405439168214798,690
Maxwell,4,FAABE,69,0.405439168214798,700
Maxwell,4,FAABE,70,0.405439168214798,710
Maxwell,4,FAABE,71,0.405439168214798,720
Maxwell,4,FAABE,72,0.405439168214798,730
Maxwell,4,FAABE,73,0.405439168214798,740
Maxwell,4,FAABE,74,0.405439168214798,750
Maxwell,4,FAABE,75,0.405439168214798,760
Maxwell,4,FAABE,76,0.405439168214798,770
Maxwell,4,FAABE,77,0.405439168214798,780
Maxwell,4,FAABE,78,0.405439168214798,790
Maxwell,4,FAABE,79,0.405439168214798,800
Maxwell,4,FAABE,80,0.405439168214798,810
Maxwell,4,FAABE,81,0.405439168214798,820
Maxwell,4,FAABE,82,0.405439168214798,830
Maxwell,4,FAABE,83,0.405439168214798,840
Maxwell,4,FAABE,84,0.405439168214798,850
Maxwell,4,FAABE,85,0.405439168214798,860
Maxwell,4,FAABE,86,0.405439168214798,870
Maxwell,4,FAABE,87,0.405439168214798,880
Maxwell,4,FAABE,88,0.405439168214798,890
Maxwell,4,FAABE,89,0.405439168214798,900
Maxwell,4,FAABE,90,0.405439168214798,910
Maxwell,4,FAABE,91,0.405439168214798,920
Maxwell,4,FAABE,92,0.405439168214798,930
Maxwell,4,FAABE,93,0.405439168214798,940
Maxwell,4,FAABE,94,0.405439168214798,950
Maxwell,4,FAABE,95,0.405439168214798,960
Maxwell,4,FAABE,96,0.405439168214798,970
Maxwell,4,FAABE,97,0.405439168214798,980
Maxwell,4,FAABE,98,0.405439168214798,990
Maxwell,4,FAABE,99,0.405439168214798,1000
Maxwell,5,GA-ABE,0,0.5680668950080872,10
Maxwell,5,GA-ABE,1,0.5289173126220703,20
Maxwell,5,GA-ABE,2,0.4481041431427002,30
Maxwell,5,GA-ABE,3,0.4481041431427002,40
Maxwell,5,GA-ABE,4,0.4481041431427002,50
Maxwell,5,GA-ABE,5,0.4481041431427002,60
Maxwell,5,GA-ABE,6,0.44440945982933044,70
Maxwell,5,GA-ABE,7,0.44001397490501404,80
Maxwell,5,GA-ABE,8,0.43388086557388306,90
Maxwell,5,GA-ABE,9,0.42089444398880005,100
Maxwell,5,GA-ABE,10,0.42089444398880005,110
Maxwell,5,GA-ABE,11,0.41614118218421936,120
Maxwell,5,GA-ABE,12,0.41159993410110474,130
Maxwell,5,GA-ABE,13,0.41159993410110474,140
Maxwell,5,GA-ABE,14,0.4016880393028259,150
Maxwell,5,GA-ABE,15,0.39893868565559387,160
Maxwell,5,GA-ABE,16,0.39710915088653564,170
Maxwell,5,GA-ABE,17,0.3966307044029236,180
Maxwell,5,GA-ABE,18,0.3966307044029236,190
Maxwell,5,GA-ABE,19,0.3966298997402191,200
Maxwell,5,GA-ABE,20,0.3966298997402191,210
Maxwell,5,GA-ABE,21,0.39662966132164,220
Maxwell,5,GA-ABE,22,0.39662966132164,230
Maxwell,5,GA-ABE,23,0.39662966132164,240
Maxwell,5,GA-ABE,24,0.39662966132164,250
Maxwell,5,GA-ABE,25,0.39662966132164,260
Maxwell,5,GA-ABE,26,0.39662966132164,270
Maxwell,5,GA-ABE,27,0.39662966132164,280
Maxwell,5,GA-ABE,28,0.39662966132164,290
Maxwell,5,GA-ABE,29,0.39662966132164,300
Maxwell,5,GA-ABE,30,0.39662966132164,310
Maxwell,5,GA-ABE,31,0.39662966132164,320
Maxwell,5,GA-ABE,32,0.39662966132164,330
Maxwell,5,GA-ABE,33,0.39662966132164,340
Maxwell,5,GA-ABE,34,0.39359986782073975,350
Maxwell,5,GA-ABE,35,0.39359986782073975,360
Maxwell,5,GA-ABE,36,0.39359986782073975,370
Maxwell,5,GA-ABE,37,0.39359986782073975,380
Maxwell,5,GA-ABE,38,0.39359986782073975,390
Maxwell,5,GA-ABE,39,0.39359986782073975,400
Maxwell,5,GA-ABE,40,0.39359986782073975,410
Maxwell,5,GA-ABE,41,0.3911851942539215,420
Maxwell,5,GA-ABE,42,0.38525548577308655,430
Maxwell,5,GA-ABE,43,0.38525548577308655,440
Maxwell,5,GA-ABE,44,0.38525548577308655,450
Maxwell,5,GA-ABE,45,0.38525548577308655,460
Maxwell,5,GA-ABE,46,0.38525548577308655,470
Maxwell,5,GA-ABE,47,0.3817507326602936,480
Maxwell,5,GA-ABE,48,0.38059908151626587,490
Maxwell,5,GA-ABE,49,0.3742416203022003,500
Maxwell,5,GA-ABE,50,0.3742416203022003,510
Maxwell,5,GA-ABE,51,0.3739505112171173,520
Maxwell,5,GA-ABE,52,0.3739505112171173,530
Maxwell,5,GA-ABE,53,0.3739505112171173,540
Maxwell,5,GA-ABE,54,0.3739505112171173,550
Maxwell,5,GA-ABE,55,0.3739505112171173,560
Maxwell,5,GA-ABE,56,0.36996468901634216,570
Maxwell,5,GA-ABE,57,0.36996468901634216,580
Maxwell,5,GA-ABE,58,0.36996468901634216,590
Maxwell,5,GA-ABE,59,0.36996468901634216,600
Maxwell,5,GA-ABE,60,0.3677160441875458,610
Maxwell,5,GA-ABE,61,0.3677160441875458,620
Maxwell,5,GA-ABE,62,0.3677160441875458,630
Maxwell,5,GA-ABE,63,0.36282628774642944,640
Maxwell,5,GA-ABE,64,0.36282628774642944,650
Maxwell,5,GA-ABE,65,0.36282625794410706,660
Maxwell,5,GA-ABE,66,0.36282625794410706,670
Maxwell,5,GA-ABE,67,0.3625325560569763,680
Maxwell,5,GA-ABE,68,0.3625325560569763,690
Maxwell,5,GA-ABE,69,0.3625325560569763,700
Maxwell,5,GA-ABE,70,0.3625325560569763,710
Maxwell,5,GA-ABE,71,0.3625325560569763,720
Maxwell,5,GA-ABE,72,0.3625325560569763,730
Maxwell,5,GA-ABE,73,0.3625325560569763,740
Maxwell,5,GA-ABE,74,0.3625325560569763,750
Maxwell,5,GA-ABE,75,0.3603152930736542,760
Maxwell,5,GA-ABE,76,0.35848328471183777,770
Maxwell,5,GA-ABE,77,0.35848328471183777,780
Maxwell,5,GA-ABE,78,0.35848328471183777,790
Maxwell,5,GA-ABE,79,0.35665595531463623,800
Maxwell,5,GA-ABE,80,0.35665595531463623,810
Maxwell,5,GA-ABE,81,0.35665595531463623,820
Maxwell,5,GA-ABE,82,0.35659366846084595,830
Maxwell,5,GA-ABE,83,0.35659366846084595,840
Maxwell,5,GA-ABE,84,0.35659366846084595,850
Maxwell,5,GA-ABE,85,0.35659363865852356,860
Maxwell,5,GA-ABE,86,0.35659363865852356,870
Maxwell,5,GA-ABE,87,0.356535941362381,880
Maxwell,5,GA-ABE,88,0.356535941362381,890
Maxwell,5,GA-ABE,89,0.356535941362381,900
Maxwell,5,GA-ABE,90,0.35652345418930054,910
Maxwell,5,GA-ABE,91,0.35652345418930054,920
Maxwell,5,GA-ABE,92,0.35652345418930054,930
Maxwell,5,GA-ABE,93,0.35652345418930054,940
Maxwell,5,GA-ABE,94,0.35652345418930054,950
Maxwell,5,GA-ABE,95,0.35652345418930054,960
Maxwell,5,GA-ABE,96,0.3565197288990021,970
Maxwell,5,GA-ABE,97,0.3565167188644409,980
Maxwell,5,GA-ABE,98,0.3565167188644409,990
Maxwell,5,GA-ABE,99,0.3565167188644409,1000
Maxwell,5,PSO-ABE,0,0.6879358887672424,10
Maxwell,5,PSO-ABE,1,0.5481110215187073,20
Maxwell,5,PSO-ABE,2,0.5105258226394653,30
Maxwell,5,PSO-ABE,3,0.4349309802055359,40
Maxwell,5,PSO-ABE,4,0.4326421022415161,50
Maxwell,5,PSO-ABE,5,0.4326421022415161,60
Maxwell,5,PSO-ABE,6,0.4304125905036926,70
Maxwell,5,PSO-ABE,7,0.4304125905036926,80
Maxwell,5,PSO-ABE,8,0.42348188161849976,90
Maxwell,5,PSO-ABE,9,0.41139230132102966,100
Maxwell,5,PSO-ABE,10,0.40327081084251404,110
Maxwell,5,PSO-ABE,11,0.3901917636394501,120
Maxwell,5,PSO-ABE,12,0.3901917636394501,130
Maxwell,5,PSO-ABE,13,0.3901917636394501,140
Maxwell,5,PSO-ABE,14,0.3901917636394501,150
Maxwell,5,PSO-ABE,15,0.38203683495521545,160
Maxwell,5,PSO-ABE,16,0.3759457468986511,170
Maxwell,5,PSO-ABE,17,0.3722103536128998,180
Maxwell,5,PSO-ABE,18,0.3722103536128998,190
Maxwell,5,PSO-ABE,19,0.3722103536128998,200
Maxwell,5,PSO-ABE,20,0.3722103536128998,210
Maxwell,5,PSO-ABE,21,0.3722103536128998,220
Maxwell,5,PSO-ABE,22,0.3722103536128998,230
Maxwell,5,PSO-ABE,23,0.3722103536128998,240
Maxwell,5,PSO-ABE,24,0.37025025486946106,250
Maxwell,5,PSO-ABE,25,0.37025025486946106,260
Maxwell,5,PSO-ABE,26,0.37025025486946106,270
Maxwell,5,PSO-ABE,27,0.37025025486946106,280
Maxwell,5,PSO-ABE,28,0.37025025486946106,290
Maxwell,5,PSO-ABE,29,0.37025025486946106,300
Maxwell,5,PSO-ABE,30,0.37025025486946106,310
Maxwell,5,PSO-ABE,31,0.37025025486946106,320
Maxwell,5,PSO-ABE,32,0.37025025486946106,330
Maxwell,5,PSO-ABE,33,0.37025025486946106,340
Maxwell,5,PSO-ABE,34,0.37025025486946106,350
Maxwell,5,PSO-ABE,35,0.37025025486946106,360
Maxwell,5,PSO-ABE,36,0.37025025486946106,370
Maxwell,5,PSO-ABE,37,0.37025025486946106,380
Maxwell,5,PSO-ABE,38,0.37025025486946106,390
Maxwell,5,PSO-ABE,39,0.37025025486946106,400
Maxwell,5,PSO-ABE,40,0.37025025486946106,410
Maxwell,5,PSO-ABE,41,0.37025025486946106,420
Maxwell,5,PSO-ABE,42,0.37025025486946106,430
Maxwell,5,PSO-ABE,43,0.37022969126701355,440
Maxwell,5,PSO-ABE,44,0.37022969126701355,450
Maxwell,5,PSO-ABE,45,0.37021878361701965,460
Maxwell,5,PSO-ABE,46,0.37021878361701965,470
Maxwell,5,PSO-ABE,47,0.37021878361701965,480
Maxwell,5,PSO-ABE,48,0.3702017366886139,490
Maxwell,5,PSO-ABE,49,0.37018463015556335,500
Maxwell,5,PSO-ABE,50,0.37018463015556335,510
Maxwell,5,PSO-ABE,51,0.37018463015556335,520
Maxwell,5,PSO-ABE,52,0.37018463015556335,530
Maxwell,5,PSO-ABE,53,0.37018463015556335,540
Maxwell,5,PSO-ABE,54,0.37018463015556335,550
Maxwell,5,PSO-ABE,55,0.37018463015556335,560
Maxwell,5,PSO-ABE,56,0.37018463015556335,570
Maxwell,5,PSO-ABE,57,0.37018463015556335,580
Maxwell,5,PSO-ABE,58,0.3701821267604828,590
Maxwell,5,PSO-ABE,59,0.3701821267604828,600
Maxwell,5,PSO-ABE,60,0.3701821267604828,610
Maxwell,5,PSO-ABE,61,0.3701821267604828,620
Maxwell,5,PSO-ABE,62,0.3701821267604828,630
Maxwell,5,PSO-ABE,63,0.3701821267604828,640
Maxwell,5,PSO-ABE,64,0.3701821267604828,650
Maxwell,5,PSO-ABE,65,0.37018170952796936,660
Maxwell,5,PSO-ABE,66,0.37018170952796936,670
Maxwell,5,PSO-ABE,67,0.37018170952796936,680
Maxwell,5,PSO-ABE,68,0.37017983198165894,690
Maxwell,5,PSO-ABE,69,0.37017983198165894,700
Maxwell,5,PSO-ABE,70,0.37017983198165894,710
Maxwell,5,PSO-ABE,71,0.3701755106449127,720
Maxwell,5,PSO-ABE,72,0.3701755106449127,730
Maxwell,5,PSO-ABE,73,0.3701755106449127,740
Maxwell,5,PSO-ABE,74,0.3701755106449127,750
Maxwell,5,PSO-ABE,75,0.3701755106449127,760
Maxwell,5,PSO-ABE,76,0.3701755106449127,770
Maxwell,5,PSO-ABE,77,0.3701755106449127,780
Maxwell,5,PSO-ABE,78,0.3701755106449127,790
Maxwell,5,PSO-ABE,79,0.3701755106449127,800
Maxwell,5,PSO-ABE,80,0.3701755106449127,810
Maxwell,5,PSO-ABE,81,0.3701755106449127,820
Maxwell,5,PSO-ABE,82,0.3701752722263336,830
Maxwell,5,PSO-ABE,83,0.3701752722263336,840
Maxwell,5,PSO-ABE,84,0.3701746165752411,850
Maxwell,5,PSO-ABE,85,0.3701746165752411,860
Maxwell,5,PSO-ABE,86,0.3701746165752411,870
Maxwell,5,PSO-ABE,87,0.3701746165752411,880
Maxwell,5,PSO-ABE,88,0.37017422914505005,890
Maxwell,5,PSO-ABE,89,0.3701738715171814,900
Maxwell,5,PSO-ABE,90,0.3701738715171814,910
Maxwell,5,PSO-ABE,91,0.3701738715171814,920
Maxwell,5,PSO-ABE,92,0.3701738119125366,930
Maxwell,5,PSO-ABE,93,0.3701738119125366,940
Maxwell,5,PSO-ABE,94,0.37017375230789185,950
Maxwell,5,PSO-ABE,95,0.37017375230789185,960
Maxwell,5,PSO-ABE,96,0.37017375230789185,970
Maxwell,5,PSO-ABE,97,0.3701735734939575,980
Maxwell,5,PSO-ABE,98,0.3701735734939575,990
Maxwell,5,PSO-ABE,99,0.37017354369163513,1000
Maxwell,5,DE-ABE,0,0.6104353666305542,10
Maxwell,5,DE-ABE,1,0.6104353666305542,20
Maxwell,5,DE-ABE,2,0.6104353666305542,30
Maxwell,5,DE-ABE,3,0.5685440301895142,40
Maxwell,5,DE-ABE,4,0.5447108745574951,50
Maxwell,5,DE-ABE,5,0.5294087529182434,60
Maxwell,5,DE-ABE,6,0.5112645626068115,70
Maxwell,5,DE-ABE,7,0.5112645626068115,80
Maxwell,5,DE-ABE,8,0.5112645626068115,90
Maxwell,5,DE-ABE,9,0.5112645626068115,100
Maxwell,5,DE-ABE,10,0.5111216902732849,110
Maxwell,5,DE-ABE,11,0.4976445734500885,120
Maxwell,5,DE-ABE,12,0.48710715770721436,130
Maxwell,5,DE-ABE,13,0.4866359233856201,140
Maxwell,5,DE-ABE,14,0.4783657491207123,150
Maxwell,5,DE-ABE,15,0.4752534031867981,160
Maxwell,5,DE-ABE,16,0.4752534031867981,170
Maxwell,5,DE-ABE,17,0.47082746028900146,180
Maxwell,5,DE-ABE,18,0.4681440591812134,190
Maxwell,5,DE-ABE,19,0.4658583104610443,200
Maxwell,5,DE-ABE,20,0.4658583104610443,210
Maxwell,5,DE-ABE,21,0.4658583104610443,220
Maxwell,5,DE-ABE,22,0.4658583104610443,230
Maxwell,5,DE-ABE,23,0.4658583104610443,240
Maxwell,5,DE-ABE,24,0.46199873089790344,250
Maxwell,5,DE-ABE,25,0.46199873089790344,260
Maxwell,5,DE-ABE,26,0.46199873089790344,270
Maxwell,5,DE-ABE,27,0.46196645498275757,280
Maxwell,5,DE-ABE,28,0.46196645498275757,290
Maxwell,5,DE-ABE,29,0.46196645498275757,300
Maxwell,5,DE-ABE,30,0.46196645498275757,310
Maxwell,5,DE-ABE,31,0.46196645498275757,320
Maxwell,5,DE-ABE,32,0.46196645498275757,330
Maxwell,5,DE-ABE,33,0.4619629979133606,340
Maxwell,5,DE-ABE,34,0.461960107088089,350
Maxwell,5,DE-ABE,35,0.4619418978691101,360
Maxwell,5,DE-ABE,36,0.4619356095790863,370
Maxwell,5,DE-ABE,37,0.4619252681732178,380
Maxwell,5,DE-ABE,38,0.4619252681732178,390
Maxwell,5,DE-ABE,39,0.46141451597213745,400
Maxwell,5,DE-ABE,40,0.46140480041503906,410
Maxwell,5,DE-ABE,41,0.46138134598731995,420
Maxwell,5,DE-ABE,42,0.46138134598731995,430
Maxwell,5,DE-ABE,43,0.46134859323501587,440
Maxwell,5,DE-ABE,44,0.46132892370224,450
Maxwell,5,DE-ABE,45,0.46132892370224,460
Maxwell,5,DE-ABE,46,0.46132892370224,470
Maxwell,5,DE-ABE,47,0.46132892370224,480
Maxwell,5,DE-ABE,48,0.4612875282764435,490
Maxwell,5,DE-ABE,49,0.46128609776496887,500
Maxwell,5,DE-ABE,50,0.4612795412540436,510
Maxwell,5,DE-ABE,51,0.4612795412540436,520
Maxwell,5,DE-ABE,52,0.4612795412540436,530
Maxwell,5,DE-ABE,53,0.4612795412540436,540
Maxwell,5,DE-ABE,54,0.4612795412540436,550
Maxwell,5,DE-ABE,55,0.46127334237098694,560
Maxwell,5,DE-ABE,56,0.46127334237098694,570
Maxwell,5,DE-ABE,57,0.46127334237098694,580
Maxwell,5,DE-ABE,58,0.4612666666507721,590
Maxwell,5,DE-ABE,59,0.4612659811973572,600
Maxwell,5,DE-ABE,60,0.4612659811973572,610
Maxwell,5,DE-ABE,61,0.4612659811973572,620
Maxwell,5,DE-ABE,62,0.4612659811973572,630
Maxwell,5,DE-ABE,63,0.4612659215927124,640
Maxwell,5,DE-ABE,64,0.4612659215927124,650
Maxwell,5,DE-ABE,65,0.4612647593021393,660
Maxwell,5,DE-ABE,66,0.4612647593021393,670
Maxwell,5,DE-ABE,67,0.4612647593021393,680
Maxwell,5,DE-ABE,68,0.4612647593021393,690
Maxwell,5,DE-ABE,69,0.4612647593021393,700
Maxwell,5,DE-ABE,70,0.4612646996974945,710
Maxwell,5,DE-ABE,71,0.4612646996974945,720
Maxwell,5,DE-ABE,72,0.4612630605697632,730
Maxwell,5,DE-ABE,73,0.4612630605697632,740
Maxwell,5,DE-ABE,74,0.461262583732605,750
Maxwell,5,DE-ABE,75,0.4612615406513214,760
Maxwell,5,DE-ABE,76,0.4612613022327423,770
Maxwell,5,DE-ABE,77,0.4612606167793274,780
Maxwell,5,DE-ABE,78,0.4612601399421692,790
Maxwell,5,DE-ABE,79,0.4612594544887543,800
Maxwell,5,DE-ABE,80,0.46125829219818115,810
Maxwell,5,DE-ABE,81,0.46125781536102295,820
Maxwell,5,DE-ABE,82,0.4612570106983185,830
Maxwell,5,DE-ABE,83,0.4612570106983185,840
Maxwell,5,DE-ABE,84,0.4612570106983185,850
Maxwell,5,DE-ABE,85,0.4612570106983185,860
Maxwell,5,DE-ABE,86,0.4612567722797394,870
Maxwell,5,DE-ABE,87,0.4612567722797394,880
Maxwell,5,DE-ABE,88,0.4612567722797394,890
Maxwell,5,DE-ABE,89,0.46125659346580505,900
Maxwell,5,DE-ABE,90,0.4612564146518707,910
Maxwell,5,DE-ABE,91,0.46125614643096924,920
Maxwell,5,DE-ABE,92,0.46125614643096924,930
Maxwell,5,DE-ABE,93,0.46125614643096924,940
Maxwell,5,DE-ABE,94,0.46125611662864685,950
Maxwell,5,DE-ABE,95,0.46125611662864685,960
Maxwell,5,DE-ABE,96,0.46125611662864685,970
Maxwell,5,DE-ABE,97,0.46125611662864685,980
Maxwell,5,DE-ABE,98,0.46125611662864685,990
Maxwell,5,DE-ABE,99,0.46125563979148865,1000
Maxwell,5,GWO-ABE,0,0.47199976444244385,10
Maxwell,5,GWO-ABE,1,0.47302377223968506,20
Maxwell,5,GWO-ABE,2,0.44446074962615967,30
Maxwell,5,GWO-ABE,3,0.451873242855072,40
Maxwell,5,GWO-ABE,4,0.4176551401615143,50
Maxwell,5,GWO-ABE,5,0.3966386914253235,60
Maxwell,5,GWO-ABE,6,0.41594621539115906,70
Maxwell,5,GWO-ABE,7,0.4056551158428192,80
Maxwell,5,GWO-ABE,8,0.3880525529384613,90
Maxwell,5,GWO-ABE,9,0.39002034068107605,100
Maxwell,5,GWO-ABE,10,0.3855731785297394,110
Maxwell,5,GWO-ABE,11,0.3885541260242462,120
Maxwell,5,GWO-ABE,12,0.3859938979148865,130
Maxwell,5,GWO-ABE,13,0.40848657488822937,140
Maxwell,5,GWO-ABE,14,0.3743566870689392,150
Maxwell,5,GWO-ABE,15,0.3871951997280121,160
Maxwell,5,GWO-ABE,16,0.39876654744148254,170
Maxwell,5,GWO-ABE,17,0.40504544973373413,180
Maxwell,5,GWO-ABE,18,0.38947269320487976,190
Maxwell,5,GWO-ABE,19,0.3913813531398773,200
Maxwell,5,GWO-ABE,20,0.40071094036102295,210
Maxwell,5,GWO-ABE,21,0.3966183364391327,220
Maxwell,5,GWO-ABE,22,0.38632267713546753,230
Maxwell,5,GWO-ABE,23,0.3879547417163849,240
Maxwell,5,GWO-ABE,24,0.3805820047855377,250
Maxwell,5,GWO-ABE,25,0.3740958273410797,260
Maxwell,5,GWO-ABE,26,0.3862577974796295,270
Maxwell,5,GWO-ABE,27,0.38752129673957825,280
Maxwell,5,GWO-ABE,28,0.39626237750053406,290
Maxwell,5,GWO-ABE,29,0.38607391715049744,300
Maxwell,5,GWO-ABE,30,0.38811084628105164,310
Maxwell,5,GWO-ABE,31,0.3890446722507477,320
Maxwell,5,GWO-ABE,32,0.3862179219722748,330
Maxwell,5,GWO-ABE,33,0.3860374987125397,340
Maxwell,5,GWO-ABE,34,0.3795555830001831,350
Maxwell,5,GWO-ABE,35,0.3836158514022827,360
Maxwell,5,GWO-ABE,36,0.37765833735466003,370
Maxwell,5,GWO-ABE,37,0.3790184557437897,380
Maxwell,5,GWO-ABE,38,0.3816569745540619,390
Maxwell,5,GWO-ABE,39,0.3841177523136139,400
Maxwell,5,GWO-ABE,40,0.3805043399333954,410
Maxwell,5,GWO-ABE,41,0.3875499963760376,420
Maxwell,5,GWO-ABE,42,0.3837170898914337,430
Maxwell,5,GWO-ABE,43,0.38806623220443726,440
Maxwell,5,GWO-ABE,44,0.3848409950733185,450
Maxwell,5,GWO-ABE,45,0.3913829028606415,460
Maxwell,5,GWO-ABE,46,0.3860393762588501,470
Maxwell,5,GWO-ABE,47,0.3777938485145569,480
Maxwell,5,GWO-ABE,48,0.3798891007900238,490
Maxwell,5,GWO-ABE,49,0.37826859951019287,500
Maxwell,5,GWO-ABE,50,0.3801627457141876,510
Maxwell,5,GWO-ABE,51,0.3914330303668976,520
Maxwell,5,GWO-ABE,52,0.3888785243034363,530
Maxwell,5,GWO-ABE,53,0.38457196950912476,540
Maxwell,5,GWO-ABE,54,0.3845891058444977,550
Maxwell,5,GWO-ABE,55,0.37390920519828796,560
Maxwell,5,GWO-ABE,56,0.3773561418056488,570
Maxwell,5,GWO-ABE,57,0.3833597004413605,580
Maxwell,5,GWO-ABE,58,0.3848505914211273,590
Maxwell,5,GWO-ABE,59,0.37264177203178406,600
Maxwell,5,GWO-ABE,60,0.37543919682502747,610
Maxwell,5,GWO-ABE,61,0.3774561583995819,620
Maxwell,5,GWO-ABE,62,0.3822680115699768,630
Maxwell,5,GWO-ABE,63,0.38728034496307373,640
Maxwell,5,GWO-ABE,64,0.3850950598716736,650
Maxwell,5,GWO-ABE,65,0.3754662871360779,660
Maxwell,5,GWO-ABE,66,0.38297906517982483,670
Maxwell,5,GWO-ABE,67,0.38141077756881714,680
Maxwell,5,GWO-ABE,68,0.3815649151802063,690
Maxwell,5,GWO-ABE,69,0.37403544783592224,700
Maxwell,5,GWO-ABE,70,0.3729794919490814,710
Maxwell,5,GWO-ABE,71,0.37862059473991394,720
Maxwell,5,GWO-ABE,72,0.37848907709121704,730
Maxwell,5,GWO-ABE,73,0.383165568113327,740
Maxwell,5,GWO-ABE,74,0.3788702189922333,750
Maxwell,5,GWO-ABE,75,0.38218972086906433,760
Maxwell,5,GWO-ABE,76,0.3782809376716614,770
Maxwell,5,GWO-ABE,77,0.3754577934741974,780
Maxwell,5,GWO-ABE,78,0.3788875937461853,790
Maxwell,5,GWO-ABE,79,0.3821500539779663,800
Maxwell,5,GWO-ABE,80,0.37733325362205505,810
Maxwell,5,GWO-ABE,81,0.37539440393447876,820
Maxwell,5,GWO-ABE,82,0.3697660565376282,830
Maxwell,5,GWO-ABE,83,0.3727584481239319,840
Maxwell,5,GWO-ABE,84,0.375950425863266,850
Maxwell,5,GWO-ABE,85,0.3738565742969513,860
Maxwell,5,GWO-ABE,86,0.3759442865848541,870
Maxwell,5,GWO-ABE,87,0.37416478991508484,880
Maxwell,5,GWO-ABE,88,0.37720081210136414,890
Maxwell,5,GWO-ABE,89,0.37721365690231323,900
Maxwell,5,GWO-ABE,90,0.37611690163612366,910
Maxwell,5,GWO-ABE,91,0.37360841035842896,920
Maxwell,5,GWO-ABE,92,0.3727608621120453,930
Maxwell,5,GWO-ABE,93,0.37371957302093506,940
Maxwell,5,GWO-ABE,94,0.3725970387458801,950
Maxwell,5,GWO-ABE,95,0.3724811375141144,960
Maxwell,5,GWO-ABE,96,0.3692939877510071,970
Maxwell,5,GWO-ABE,97,0.3735966384410858,980
Maxwell,5,GWO-ABE,98,0.3735148012638092,990
Maxwell,5,GWO-ABE,99,0.373460978269577,1000
Maxwell,5,WOA-ABE,0,0.6628410220146179,10
Maxwell,5,WOA-ABE,1,0.5928156971931458,20
Maxwell,5,WOA-ABE,2,0.5928156971931458,30
Maxwell,5,WOA-ABE,3,0.5928156971931458,40
Maxwell,5,WOA-ABE,4,0.5909218788146973,50
Maxwell,5,WOA-ABE,5,0.5908323526382446,60
Maxwell,5,WOA-ABE,6,0.5907638669013977,70
Maxwell,5,WOA-ABE,7,0.5905469059944153,80
Maxwell,5,WOA-ABE,8,0.5905446410179138,90
Maxwell,5,WOA-ABE,9,0.5881602764129639,100
Maxwell,5,WOA-ABE,10,0.5881602764129639,110
Maxwell,5,WOA-ABE,11,0.5881602764129639,120
Maxwell,5,WOA-ABE,12,0.5881602764129639,130
Maxwell,5,WOA-ABE,13,0.5881602764129639,140
Maxwell,5,WOA-ABE,14,0.5881602764129639,150
Maxwell,5,WOA-ABE,15,0.5879802703857422,160
Maxwell,5,WOA-ABE,16,0.5879802107810974,170
Maxwell,5,WOA-ABE,17,0.5879802107810974,180
Maxwell,5,WOA-ABE,18,0.5879802107810974,190
Maxwell,5,WOA-ABE,19,0.5879802107810974,200
Maxwell,5,WOA-ABE,20,0.5879802107810974,210
Maxwell,5,WOA-ABE,21,0.5879802107810974,220
Maxwell,5,WOA-ABE,22,0.5857387781143188,230
Maxwell,5,WOA-ABE,23,0.5857387781143188,240
Maxwell,5,WOA-ABE,24,0.5857387781143188,250
Maxwell,5,WOA-ABE,25,0.5824458003044128,260
Maxwell,5,WOA-ABE,26,0.5824458003044128,270
Maxwell,5,WOA-ABE,27,0.5824458003044128,280
Maxwell,5,WOA-ABE,28,0.5793232917785645,290
Maxwell,5,WOA-ABE,29,0.5759871006011963,300
Maxwell,5,WOA-ABE,30,0.5759871006011963,310
Maxwell,5,WOA-ABE,31,0.5759871006011963,320
Maxwell,5,WOA-ABE,32,0.5759871006011963,330
Maxwell,5,WOA-ABE,33,0.5759871006011963,340
Maxwell,5,WOA-ABE,34,0.5698150992393494,350
Maxwell,5,WOA-ABE,35,0.5698150992393494,360
Maxwell,5,WOA-ABE,36,0.566706120967865,370
Maxwell,5,WOA-ABE,37,0.566706120967865,380
Maxwell,5,WOA-ABE,38,0.566706120967865,390
Maxwell,5,WOA-ABE,39,0.566706120967865,400
Maxwell,5,WOA-ABE,40,0.5623038411140442,410
Maxwell,5,WOA-ABE,41,0.5512051582336426,420
Maxwell,5,WOA-ABE,42,0.5512051582336426,430
Maxwell,5,WOA-ABE,43,0.5512051582336426,440
Maxwell,5,WOA-ABE,44,0.5512051582336426,450
Maxwell,5,WOA-ABE,45,0.5512051582336426,460
Maxwell,5,WOA-ABE,46,0.5512051582336426,470
Maxwell,5,WOA-ABE,47,0.5512051582336426,480
Maxwell,5,WOA-ABE,48,0.5512051582336426,490
Maxwell,5,WOA-ABE,49,0.5512051582336426,500
Maxwell,5,WOA-ABE,50,0.5512051582336426,510
Maxwell,5,WOA-ABE,51,0.5512051582336426,520
Maxwell,5,WOA-ABE,52,0.5512051582336426,530
Maxwell,5,WOA-ABE,53,0.5511834621429443,540
Maxwell,5,WOA-ABE,54,0.5511834621429443,550
Maxwell,5,WOA-ABE,55,0.5511834621429443,560
Maxwell,5,WOA-ABE,56,0.5511834621429443,570
Maxwell,5,WOA-ABE,57,0.5511834621429443,580
Maxwell,5,WOA-ABE,58,0.5511834621429443,590
Maxwell,5,WOA-ABE,59,0.5511834621429443,600
Maxwell,5,WOA-ABE,60,0.5511834621429443,610
Maxwell,5,WOA-ABE,61,0.5511736273765564,620
Maxwell,5,WOA-ABE,62,0.5511736273765564,630
Maxwell,5,WOA-ABE,63,0.5511736273765564,640
Maxwell,5,WOA-ABE,64,0.5511729717254639,650
Maxwell,5,WOA-ABE,65,0.5511729717254639,660
Maxwell,5,WOA-ABE,66,0.5511729717254639,670
Maxwell,5,WOA-ABE,67,0.5511729717254639,680
Maxwell,5,WOA-ABE,68,0.5511729717254639,690
Maxwell,5,WOA-ABE,69,0.5511729717254639,700
Maxwell,5,WOA-ABE,70,0.5511729717254639,710
Maxwell,5,WOA-ABE,71,0.5511729717254639,720
Maxwell,5,WOA-ABE,72,0.5511729717254639,730
Maxwell,5,WOA-ABE,73,0.5511729717254639,740
Maxwell,5,WOA-ABE,74,0.5511729717254639,750
Maxwell,5,WOA-ABE,75,0.5511729717254639,760
Maxwell,5,WOA-ABE,76,0.5511729717254639,770
Maxwell,5,WOA-ABE,77,0.5511729717254639,780
Maxwell,5,WOA-ABE,78,0.5511729717254639,790
Maxwell,5,WOA-ABE,79,0.5511729717254639,800
Maxwell,5,WOA-ABE,80,0.5511729717254639,810
Maxwell,5,WOA-ABE,81,0.5511713027954102,820
Maxwell,5,WOA-ABE,82,0.5511713027954102,830
Maxwell,5,WOA-ABE,83,0.5511713027954102,840
Maxwell,5,WOA-ABE,84,0.5511713027954102,850
Maxwell,5,WOA-ABE,85,0.5511713027954102,860
Maxwell,5,WOA-ABE,86,0.5511713027954102,870
Maxwell,5,WOA-ABE,87,0.5511713027954102,880
Maxwell,5,WOA-ABE,88,0.5511690974235535,890
Maxwell,5,WOA-ABE,89,0.5511690974235535,900
Maxwell,5,WOA-ABE,90,0.5511690974235535,910
Maxwell,5,WOA-ABE,91,0.5511690974235535,920
Maxwell,5,WOA-ABE,92,0.5511690974235535,930
Maxwell,5,WOA-ABE,93,0.5511690974235535,940
Maxwell,5,WOA-ABE,94,0.5511690974235535,950
Maxwell,5,WOA-ABE,95,0.5511690974235535,960
Maxwell,5,WOA-ABE,96,0.5511690974235535,970
Maxwell,5,WOA-ABE,97,0.5511182546615601,980
Maxwell,5,WOA-ABE,98,0.5511080026626587,990
Maxwell,5,WOA-ABE,99,0.5511060357093811,1000
Maxwell,5,FAABE,0,0.5610540509223938,10
Maxwell,5,FAABE,1,0.5309615135192871,20
Maxwell,5,FAABE,2,0.5309615135192871,30
Maxwell,5,FAABE,3,0.5309615135192871,40
Maxwell,5,FAABE,4,0.5309615135192871,50
Maxwell,5,FAABE,5,0.5309615135192871,60
Maxwell,5,FAABE,6,0.5309615135192871,70
Maxwell,5,FAABE,7,0.5256771445274353,80
Maxwell,5,FAABE,8,0.5256771445274353,90
Maxwell,5,FAABE,9,0.5157615542411804,100
Maxwell,5,FAABE,10,0.5122393369674683,110
Maxwell,5,FAABE,11,0.5122393369674683,120
Maxwell,5,FAABE,12,0.4777750074863434,130
Maxwell,5,FAABE,13,0.4777750074863434,140
Maxwell,5,FAABE,14,0.4368947148323059,150
Maxwell,5,FAABE,15,0.4368947148323059,160
Maxwell,5,FAABE,16,0.43499261140823364,170
Maxwell,5,FAABE,17,0.4293774366378784,180
Maxwell,5,FAABE,18,0.4293774366378784,190
Maxwell,5,FAABE,19,0.4293774366378784,200
Maxwell,5,FAABE,20,0.4293774366378784,210
Maxwell,5,FAABE,21,0.4293774366378784,220
Maxwell,5,FAABE,22,0.4293774366378784,230
Maxwell,5,FAABE,23,0.41185176372528076,240
Maxwell,5,FAABE,24,0.41185176372528076,250
Maxwell,5,FAABE,25,0.41185176372528076,260
Maxwell,5,FAABE,26,0.4089261591434479,270
Maxwell,5,FAABE,27,0.4089261591434479,280
Maxwell,5,FAABE,28,0.4089261591434479,290
Maxwell,5,FAABE,29,0.4089261591434479,300
Maxwell,5,FAABE,30,0.4089261591434479,310
Maxwell,5,FAABE,31,0.4036156237125397,320
Maxwell,5,FAABE,32,0.3861479163169861,330
Maxwell,5,FAABE,33,0.3861479163169861,340
Maxwell,5,FAABE,34,0.3861479163169861,350
Maxwell,5,FAABE,35,0.3861479163169861,360
Maxwell,5,FAABE,36,0.3861479163169861,370
Maxwell,5,FAABE,37,0.3861479163169861,380
Maxwell,5,FAABE,38,0.3861479163169861,390
Maxwell,5,FAABE,39,0.3861479163169861,400
Maxwell,5,FAABE,40,0.3861479163169861,410
Maxwell,5,FAABE,41,0.3861479163169861,420
Maxwell,5,FAABE,42,0.3861479163169861,430
Maxwell,5,FAABE,43,0.3861479163169861,440
Maxwell,5,FAABE,44,0.3861479163169861,450
Maxwell,5,FAABE,45,0.3861479163169861,460
Maxwell,5,FAABE,46,0.3861479163169861,470
Maxwell,5,FAABE,47,0.3861479163169861,480
Maxwell,5,FAABE,48,0.3861479163169861,490
Maxwell,5,FAABE,49,0.3861479163169861,500
Maxwell,5,FAABE,50,0.3861479163169861,510
Maxwell,5,FAABE,51,0.38513535261154175,520
Maxwell,5,FAABE,52,0.38513535261154175,530
Maxwell,5,FAABE,53,0.38513535261154175,540
Maxwell,5,FAABE,54,0.38513535261154175,550
Maxwell,5,FAABE,55,0.38513535261154175,560
Maxwell,5,FAABE,56,0.38513535261154175,570
Maxwell,5,FAABE,57,0.38513535261154175,580
Maxwell,5,FAABE,58,0.38513535261154175,590
Maxwell,5,FAABE,59,0.38513535261154175,600
Maxwell,5,FAABE,60,0.38513535261154175,610
Maxwell,5,FAABE,61,0.38513535261154175,620
Maxwell,5,FAABE,62,0.38513535261154175,630
Maxwell,5,FAABE,63,0.38513535261154175,640
Maxwell,5,FAABE,64,0.38513535261154175,650
Maxwell,5,FAABE,65,0.38513535261154175,660
Maxwell,5,FAABE,66,0.38513535261154175,670
Maxwell,5,FAABE,67,0.38513535261154175,680
Maxwell,5,FAABE,68,0.38513535261154175,690
Maxwell,5,FAABE,69,0.38513535261154175,700
Maxwell,5,FAABE,70,0.38513535261154175,710
Maxwell,5,FAABE,71,0.38513535261154175,720
Maxwell,5,FAABE,72,0.38513535261154175,730
Maxwell,5,FAABE,73,0.38513535261154175,740
Maxwell,5,FAABE,74,0.38513535261154175,750
Maxwell,5,FAABE,75,0.38513535261154175,760
Maxwell,5,FAABE,76,0.38513535261154175,770
Maxwell,5,FAABE,77,0.38513535261154175,780
Maxwell,5,FAABE,78,0.38513535261154175,790
Maxwell,5,FAABE,79,0.38513535261154175,800
Maxwell,5,FAABE,80,0.38513535261154175,810
Maxwell,5,FAABE,81,0.38513535261154175,820
Maxwell,5,FAABE,82,0.38513535261154175,830
Maxwell,5,FAABE,83,0.38513535261154175,840
Maxwell,5,FAABE,84,0.38513535261154175,850
Maxwell,5,FAABE,85,0.38513535261154175,860
Maxwell,5,FAABE,86,0.38513535261154175,870
Maxwell,5,FAABE,87,0.38513535261154175,880
Maxwell,5,FAABE,88,0.38513535261154175,890
Maxwell,5,FAABE,89,0.38513535261154175,900
Maxwell,5,FAABE,90,0.38513535261154175,910
Maxwell,5,FAABE,91,0.38513535261154175,920
Maxwell,5,FAABE,92,0.38513535261154175,930
Maxwell,5,FAABE,93,0.38513535261154175,940
Maxwell,5,FAABE,94,0.38513535261154175,950
Maxwell,5,FAABE,95,0.38513535261154175,960
Maxwell,5,FAABE,96,0.38513535261154175,970
Maxwell,5,FAABE,97,0.38513535261154175,980
Maxwell,5,FAABE,98,0.38513535261154175,990
Maxwell,5,FAABE,99,0.38513535261154175,1000
Maxwell,6,GA-ABE,0,0.6771895885467529,10
Maxwell,6,GA-ABE,1,0.6093843579292297,20
Maxwell,6,GA-ABE,2,0.5851151943206787,30
Maxwell,6,GA-ABE,3,0.5545777678489685,40
Maxwell,6,GA-ABE,4,0.5545777678489685,50
Maxwell,6,GA-ABE,5,0.5545777082443237,60
Maxwell,6,GA-ABE,6,0.5545777082443237,70
Maxwell,6,GA-ABE,7,0.5545777082443237,80
Maxwell,6,GA-ABE,8,0.5450212359428406,90
Maxwell,6,GA-ABE,9,0.5450212359428406,100
Maxwell,6,GA-ABE,10,0.5446813702583313,110
Maxwell,6,GA-ABE,11,0.5437384247779846,120
Maxwell,6,GA-ABE,12,0.5433840751647949,130
Maxwell,6,GA-ABE,13,0.5433840751647949,140
Maxwell,6,GA-ABE,14,0.5433840751647949,150
Maxwell,6,GA-ABE,15,0.5433840751647949,160
Maxwell,6,GA-ABE,16,0.5433840751647949,170
Maxwell,6,GA-ABE,17,0.5433840751647949,180
Maxwell,6,GA-ABE,18,0.5433840751647949,190
Maxwell,6,GA-ABE,19,0.5433840751647949,200
Maxwell,6,GA-ABE,20,0.5429845452308655,210
Maxwell,6,GA-ABE,21,0.5429845452308655,220
Maxwell,6,GA-ABE,22,0.537966787815094,230
Maxwell,6,GA-ABE,23,0.5349966883659363,240
Maxwell,6,GA-ABE,24,0.522237241268158,250
Maxwell,6,GA-ABE,25,0.5172736644744873,260
Maxwell,6,GA-ABE,26,0.5148127675056458,270
Maxwell,6,GA-ABE,27,0.514812707901001,280
Maxwell,6,GA-ABE,28,0.5111931562423706,290
Maxwell,6,GA-ABE,29,0.48460352420806885,300
Maxwell,6,GA-ABE,30,0.4700680673122406,310
Maxwell,6,GA-ABE,31,0.4700680673122406,320
Maxwell,6,GA-ABE,32,0.46646249294281006,330
Maxwell,6,GA-ABE,33,0.4512777328491211,340
Maxwell,6,GA-ABE,34,0.4447993040084839,350
Maxwell,6,GA-ABE,35,0.44283610582351685,360
Maxwell,6,GA-ABE,36,0.44193631410598755,370
Maxwell,6,GA-ABE,37,0.4414924085140228,380
Maxwell,6,GA-ABE,38,0.44149237871170044,390
Maxwell,6,GA-ABE,39,0.4388098120689392,400
Maxwell,6,GA-ABE,40,0.4388098120689392,410
Maxwell,6,GA-ABE,41,0.4388098120689392,420
Maxwell,6,GA-ABE,42,0.4388098120689392,430
Maxwell,6,GA-ABE,43,0.43673571944236755,440
Maxwell,6,GA-ABE,44,0.43673571944236755,450
Maxwell,6,GA-ABE,45,0.43673571944236755,460
Maxwell,6,GA-ABE,46,0.43673571944236755,470
Maxwell,6,GA-ABE,47,0.4366203844547272,480
Maxwell,6,GA-ABE,48,0.4336327016353607,490
Maxwell,6,GA-ABE,49,0.4336327016353607,500
Maxwell,6,GA-ABE,50,0.4336327016353607,510
Maxwell,6,GA-ABE,51,0.43269601464271545,520
Maxwell,6,GA-ABE,52,0.43264535069465637,530
Maxwell,6,GA-ABE,53,0.43264535069465637,540
Maxwell,6,GA-ABE,54,0.43264535069465637,550
Maxwell,6,GA-ABE,55,0.43264535069465637,560
Maxwell,6,GA-ABE,56,0.4326079487800598,570
Maxwell,6,GA-ABE,57,0.4326079487800598,580
Maxwell,6,GA-ABE,58,0.4326079487800598,590
Maxwell,6,GA-ABE,59,0.43260636925697327,600
Maxwell,6,GA-ABE,60,0.43260636925697327,610
Maxwell,6,GA-ABE,61,0.43260446190834045,620
Maxwell,6,GA-ABE,62,0.4326019287109375,630
Maxwell,6,GA-ABE,63,0.43259796500205994,640
Maxwell,6,GA-ABE,64,0.43259796500205994,650
Maxwell,6,GA-ABE,65,0.43259796500205994,660
Maxwell,6,GA-ABE,66,0.43259796500205994,670
Maxwell,6,GA-ABE,67,0.43238118290901184,680
Maxwell,6,GA-ABE,68,0.43238118290901184,690
Maxwell,6,GA-ABE,69,0.43238118290901184,700
Maxwell,6,GA-ABE,70,0.43238118290901184,710
Maxwell,6,GA-ABE,71,0.43238118290901184,720
Maxwell,6,GA-ABE,72,0.43238118290901184,730
Maxwell,6,GA-ABE,73,0.43238118290901184,740
Maxwell,6,GA-ABE,74,0.43238118290901184,750
Maxwell,6,GA-ABE,75,0.43238118290901184,760
Maxwell,6,GA-ABE,76,0.43238118290901184,770
Maxwell,6,GA-ABE,77,0.43238118290901184,780
Maxwell,6,GA-ABE,78,0.43238118290901184,790
Maxwell,6,GA-ABE,79,0.43238118290901184,800
Maxwell,6,GA-ABE,80,0.43238118290901184,810
Maxwell,6,GA-ABE,81,0.43238118290901184,820
Maxwell,6,GA-ABE,82,0.43238118290901184,830
Maxwell,6,GA-ABE,83,0.43238118290901184,840
Maxwell,6,GA-ABE,84,0.43238118290901184,850
Maxwell,6,GA-ABE,85,0.432372510433197,860
Maxwell,6,GA-ABE,86,0.432372510433197,870
Maxwell,6,GA-ABE,87,0.432372510433197,880
Maxwell,6,GA-ABE,88,0.432372510433197,890
Maxwell,6,GA-ABE,89,0.432372510433197,900
Maxwell,6,GA-ABE,90,0.432372510433197,910
Maxwell,6,GA-ABE,91,0.432372510433197,920
Maxwell,6,GA-ABE,92,0.432372510433197,930
Maxwell,6,GA-ABE,93,0.432372510433197,940
Maxwell,6,GA-ABE,94,0.432372510433197,950
Maxwell,6,GA-ABE,95,0.432372510433197,960
Maxwell,6,GA-ABE,96,0.432372510433197,970
Maxwell,6,GA-ABE,97,0.432372510433197,980
Maxwell,6,GA-ABE,98,0.432372510433197,990
Maxwell,6,GA-ABE,99,0.432372510433197,1000
Maxwell,6,PSO-ABE,0,0.6716594099998474,10
Maxwell,6,PSO-ABE,1,0.5917631983757019,20
Maxwell,6,PSO-ABE,2,0.544192910194397,30
Maxwell,6,PSO-ABE,3,0.48040181398391724,40
Maxwell,6,PSO-ABE,4,0.47900134325027466,50
Maxwell,6,PSO-ABE,5,0.47900134325027466,60
Maxwell,6,PSO-ABE,6,0.47353094816207886,70
Maxwell,6,PSO-ABE,7,0.47353094816207886,80
Maxwell,6,PSO-ABE,8,0.47353094816207886,90
Maxwell,6,PSO-ABE,9,0.47353094816207886,100
Maxwell,6,PSO-ABE,10,0.47353094816207886,110
Maxwell,6,PSO-ABE,11,0.4725823998451233,120
Maxwell,6,PSO-ABE,12,0.4725823998451233,130
Maxwell,6,PSO-ABE,13,0.4725823998451233,140
Maxwell,6,PSO-ABE,14,0.4725823998451233,150
Maxwell,6,PSO-ABE,15,0.4725823998451233,160
Maxwell,6,PSO-ABE,16,0.4725823998451233,170
Maxwell,6,PSO-ABE,17,0.4725823998451233,180
Maxwell,6,PSO-ABE,18,0.4725823998451233,190
Maxwell,6,PSO-ABE,19,0.4698985815048218,200
Maxwell,6,PSO-ABE,20,0.4613402485847473,210
Maxwell,6,PSO-ABE,21,0.4613402485847473,220
Maxwell,6,PSO-ABE,22,0.45781567692756653,230
Maxwell,6,PSO-ABE,23,0.45781567692756653,240
Maxwell,6,PSO-ABE,24,0.4577036499977112,250
Maxwell,6,PSO-ABE,25,0.45029377937316895,260
Maxwell,6,PSO-ABE,26,0.45029377937316895,270
Maxwell,6,PSO-ABE,27,0.45029377937316895,280
Maxwell,6,PSO-ABE,28,0.4500870108604431,290
Maxwell,6,PSO-ABE,29,0.4500870108604431,300
Maxwell,6,PSO-ABE,30,0.4500870108604431,310
Maxwell,6,PSO-ABE,31,0.4500870108604431,320
Maxwell,6,PSO-ABE,32,0.44976189732551575,330
Maxwell,6,PSO-ABE,33,0.44976189732551575,340
Maxwell,6,PSO-ABE,34,0.44976189732551575,350
Maxwell,6,PSO-ABE,35,0.44976189732551575,360
Maxwell,6,PSO-ABE,36,0.44976189732551575,370
Maxwell,6,PSO-ABE,37,0.44976189732551575,380
Maxwell,6,PSO-ABE,38,0.44964489340782166,390
Maxwell,6,PSO-ABE,39,0.44964489340782166,400
Maxwell,6,PSO-ABE,40,0.44964489340782166,410
Maxwell,6,PSO-ABE,41,0.44964489340782166,420
Maxwell,6,PSO-ABE,42,0.44964489340782166,430
Maxwell,6,PSO-ABE,43,0.44964489340782166,440
Maxwell,6,PSO-ABE,44,0.44964489340782166,450
Maxwell,6,PSO-ABE,45,0.44964489340782166,460
Maxwell,6,PSO-ABE,46,0.44964489340782166,470
Maxwell,6,PSO-ABE,47,0.44964489340782166,480
Maxwell,6,PSO-ABE,48,0.44964489340782166,490
Maxwell,6,PSO-ABE,49,0.44964489340782166,500
Maxwell,6,PSO-ABE,50,0.4475053548812866,510
Maxwell,6,PSO-ABE,51,0.4473613202571869,520
Maxwell,6,PSO-ABE,52,0.4473613202571869,530
Maxwell,6,PSO-ABE,53,0.44728362560272217,540
Maxwell,6,PSO-ABE,54,0.44728362560272217,550
Maxwell,6,PSO-ABE,55,0.44728362560272217,560
Maxwell,6,PSO-ABE,56,0.44728362560272217,570
Maxwell,6,PSO-ABE,57,0.4472285211086273,580
Maxwell,6,PSO-ABE,58,0.4472285211086273,590
Maxwell,6,PSO-ABE,59,0.4472285211086273,600
Maxwell,6,PSO-ABE,60,0.4472285211086273,610
Maxwell,6,PSO-ABE,61,0.4472285211086273,620
Maxwell,6,PSO-ABE,62,0.4472285211086273,630
Maxwell,6,PSO-ABE,63,0.4472285211086273,640
Maxwell,6,PSO-ABE,64,0.4472285211086273,650
Maxwell,6,PSO-ABE,65,0.4472285211086273,660
Maxwell,6,PSO-ABE,66,0.4472285211086273,670
Maxwell,6,PSO-ABE,67,0.44721993803977966,680
Maxwell,6,PSO-ABE,68,0.44721993803977966,690
Maxwell,6,PSO-ABE,69,0.4472181797027588,700
Maxwell,6,PSO-ABE,70,0.4472181797027588,710
Maxwell,6,PSO-ABE,71,0.4471952021121979,720
Maxwell,6,PSO-ABE,72,0.4471757709980011,730
Maxwell,6,PSO-ABE,73,0.4471757709980011,740
Maxwell,6,PSO-ABE,74,0.4471757709980011,750
Maxwell,6,PSO-ABE,75,0.4471757709980011,760
Maxwell,6,PSO-ABE,76,0.4471757709980011,770
Maxwell,6,PSO-ABE,77,0.4471757709980011,780
Maxwell,6,PSO-ABE,78,0.447171151638031,790
Maxwell,6,PSO-ABE,79,0.447171151638031,800
Maxwell,6,PSO-ABE,80,0.447171151638031,810
Maxwell,6,PSO-ABE,81,0.447171151638031,820
Maxwell,6,PSO-ABE,82,0.4471675455570221,830
Maxwell,6,PSO-ABE,83,0.4471640884876251,840
Maxwell,6,PSO-ABE,84,0.44716155529022217,850
Maxwell,6,PSO-ABE,85,0.44715699553489685,860
Maxwell,6,PSO-ABE,86,0.44715699553489685,870
Maxwell,6,PSO-ABE,87,0.44715699553489685,880
Maxwell,6,PSO-ABE,88,0.44715699553489685,890
Maxwell,6,PSO-ABE,89,0.44715699553489685,900
Maxwell,6,PSO-ABE,90,0.44715556502342224,910
Maxwell,6,PSO-ABE,91,0.44715556502342224,920
Maxwell,6,PSO-ABE,92,0.4471522569656372,930
Maxwell,6,PSO-ABE,93,0.4471522569656372,940
Maxwell,6,PSO-ABE,94,0.4471510052680969,950
Maxwell,6,PSO-ABE,95,0.44714999198913574,960
Maxwell,6,PSO-ABE,96,0.44714999198913574,970
Maxwell,6,PSO-ABE,97,0.44714999198913574,980
Maxwell,6,PSO-ABE,98,0.44714999198913574,990
Maxwell,6,PSO-ABE,99,0.4471489489078522,1000
Maxwell,6,DE-ABE,0,0.6349204778671265,10
Maxwell,6,DE-ABE,1,0.5578701496124268,20
Maxwell,6,DE-ABE,2,0.5282063484191895,30
Maxwell,6,DE-ABE,3,0.5282063484191895,40
Maxwell,6,DE-ABE,4,0.5016952157020569,50
Maxwell,6,DE-ABE,5,0.4706290066242218,60
Maxwell,6,DE-ABE,6,0.45571649074554443,70
Maxwell,6,DE-ABE,7,0.43090757727622986,80
Maxwell,6,DE-ABE,8,0.42622777819633484,90
Maxwell,6,DE-ABE,9,0.42622777819633484,100
Maxwell,6,DE-ABE,10,0.42622777819633484,110
Maxwell,6,DE-ABE,11,0.42622777819633484,120
Maxwell,6,DE-ABE,12,0.42378538846969604,130
Maxwell,6,DE-ABE,13,0.42378538846969604,140
Maxwell,6,DE-ABE,14,0.42378538846969604,150
Maxwell,6,DE-ABE,15,0.42085057497024536,160
Maxwell,6,DE-ABE,16,0.4191518723964691,170
Maxwell,6,DE-ABE,17,0.4191518723964691,180
Maxwell,6,DE-ABE,18,0.4191518723964691,190
Maxwell,6,DE-ABE,19,0.41912299394607544,200
Maxwell,6,DE-ABE,20,0.41912299394607544,210
Maxwell,6,DE-ABE,21,0.41912299394607544,220
Maxwell,6,DE-ABE,22,0.41912299394607544,230
Maxwell,6,DE-ABE,23,0.41912299394607544,240
Maxwell,6,DE-ABE,24,0.41912299394607544,250
Maxwell,6,DE-ABE,25,0.41912081837654114,260
Maxwell,6,DE-ABE,26,0.41912081837654114,270
Maxwell,6,DE-ABE,27,0.4168175458908081,280
Maxwell,6,DE-ABE,28,0.41681209206581116,290
Maxwell,6,DE-ABE,29,0.41679826378822327,300
Maxwell,6,DE-ABE,30,0.41679826378822327,310
Maxwell,6,DE-ABE,31,0.41677507758140564,320
Maxwell,6,DE-ABE,32,0.41676774621009827,330
Maxwell,6,DE-ABE,33,0.41676557064056396,340
Maxwell,6,DE-ABE,34,0.41676557064056396,350
Maxwell,6,DE-ABE,35,0.41676557064056396,360
Maxwell,6,DE-ABE,36,0.41676315665245056,370
Maxwell,6,DE-ABE,37,0.41676315665245056,380
Maxwell,6,DE-ABE,38,0.4167594313621521,390
Maxwell,6,DE-ABE,39,0.4167594313621521,400
Maxwell,6,DE-ABE,40,0.4167569875717163,410
Maxwell,6,DE-ABE,41,0.4167557656764984,420
Maxwell,6,DE-ABE,42,0.4167557656764984,430
Maxwell,6,DE-ABE,43,0.4167539179325104,440
Maxwell,6,DE-ABE,44,0.41675278544425964,450
Maxwell,6,DE-ABE,45,0.41675278544425964,460
Maxwell,6,DE-ABE,46,0.41675126552581787,470
Maxwell,6,DE-ABE,47,0.41675126552581787,480
Maxwell,6,DE-ABE,48,0.41675126552581787,490
Maxwell,6,DE-ABE,49,0.41675126552581787,500
Maxwell,6,DE-ABE,50,0.4167499244213104,510
Maxwell,6,DE-ABE,51,0.4167499244213104,520
Maxwell,6,DE-ABE,52,0.41674932837486267,530
Maxwell,6,DE-ABE,53,0.41674932837486267,540
Maxwell,6,DE-ABE,54,0.41674914956092834,550
Maxwell,6,DE-ABE,55,0.41674914956092834,560
Maxwell,6,DE-ABE,56,0.41674908995628357,570
Maxwell,6,DE-ABE,57,0.41674888134002686,580
Maxwell,6,DE-ABE,58,0.41674888134002686,590
Maxwell,6,DE-ABE,59,0.41674888134002686,600
Maxwell,6,DE-ABE,60,0.41674840450286865,610
Maxwell,6,DE-ABE,61,0.41674840450286865,620
Maxwell,6,DE-ABE,62,0.4167478680610657,630
Maxwell,6,DE-ABE,63,0.4167477786540985,640
Maxwell,6,DE-ABE,64,0.41674765944480896,650
Maxwell,6,DE-ABE,65,0.41674551367759705,660
Maxwell,6,DE-ABE,66,0.41674551367759705,670
Maxwell,6,DE-ABE,67,0.41674551367759705,680
Maxwell,6,DE-ABE,68,0.41674479842185974,690
Maxwell,6,DE-ABE,69,0.41674479842185974,700
Maxwell,6,DE-ABE,70,0.4167437255382538,710
Maxwell,6,DE-ABE,71,0.41674330830574036,720
Maxwell,6,DE-ABE,72,0.41674330830574036,730
Maxwell,6,DE-ABE,73,0.41674283146858215,740
Maxwell,6,DE-ABE,74,0.416742205619812,750
Maxwell,6,DE-ABE,75,0.416742205619812,760
Maxwell,6,DE-ABE,76,0.416742205619812,770
Maxwell,6,DE-ABE,77,0.416742205619812,780
Maxwell,6,DE-ABE,78,0.416742205619812,790
Maxwell,6,DE-ABE,79,0.41674214601516724,800
Maxwell,6,DE-ABE,80,0.4167420566082001,810
Maxwell,6,DE-ABE,81,0.4167415201663971,820
Maxwell,6,DE-ABE,82,0.4167415201663971,830
Maxwell,6,DE-ABE,83,0.41674140095710754,840
Maxwell,6,DE-ABE,84,0.41674140095710754,850
Maxwell,6,DE-ABE,85,0.4167412519454956,860
Maxwell,6,DE-ABE,86,0.4167412221431732,870
Maxwell,6,DE-ABE,87,0.4167412221431732,880
Maxwell,6,DE-ABE,88,0.41674110293388367,890
Maxwell,6,DE-ABE,89,0.41674110293388367,900
Maxwell,6,DE-ABE,90,0.4167409837245941,910
Maxwell,6,DE-ABE,91,0.4167409837245941,920
Maxwell,6,DE-ABE,92,0.41674092411994934,930
Maxwell,6,DE-ABE,93,0.41674092411994934,940
Maxwell,6,DE-ABE,94,0.4167408347129822,950
Maxwell,6,DE-ABE,95,0.4167408049106598,960
Maxwell,6,DE-ABE,96,0.4167407751083374,970
Maxwell,6,DE-ABE,97,0.4167407751083374,980
Maxwell,6,DE-ABE,98,0.416740745306015,990
Maxwell,6,DE-ABE,99,0.416740745306015,1000
Maxwell,6,GWO-ABE,0,0.5866349339485168,10
Maxwell,6,GWO-ABE,1,0.6016629338264465,20
Maxwell,6,GWO-ABE,2,0.5498701333999634,30
Maxwell,6,GWO-ABE,3,0.5521289706230164,40
Maxwell,6,GWO-ABE,4,0.49818041920661926,50
Maxwell,6,GWO-ABE,5,0.486322820186615,60
Maxwell,6,GWO-ABE,6,0.5332908630371094,70
Maxwell,6,GWO-ABE,7,0.5311739444732666,80
Maxwell,6,GWO-ABE,8,0.45483964681625366,90
Maxwell,6,GWO-ABE,9,0.44523242115974426,100
Maxwell,6,GWO-ABE,10,0.4591744542121887,110
Maxwell,6,GWO-ABE,11,0.463611900806427,120
Maxwell,6,GWO-ABE,12,0.44033899903297424,130
Maxwell,6,GWO-ABE,13,0.4524363875389099,140
Maxwell,6,GWO-ABE,14,0.4486386775970459,150
Maxwell,6,GWO-ABE,15,0.4308527112007141,160
Maxwell,6,GWO-ABE,16,0.454467236995697,170
Maxwell,6,GWO-ABE,17,0.44243207573890686,180
Maxwell,6,GWO-ABE,18,0.4484422504901886,190
Maxwell,6,GWO-ABE,19,0.4423460364341736,200
Maxwell,6,GWO-ABE,20,0.43907761573791504,210
Maxwell,6,GWO-ABE,21,0.4390503764152527,220
Maxwell,6,GWO-ABE,22,0.42661893367767334,230
Maxwell,6,GWO-ABE,23,0.4232420027256012,240
Maxwell,6,GWO-ABE,24,0.4533776342868805,250
Maxwell,6,GWO-ABE,25,0.4410659372806549,260
Maxwell,6,GWO-ABE,26,0.44123876094818115,270
Maxwell,6,GWO-ABE,27,0.44839727878570557,280
Maxwell,6,GWO-ABE,28,0.4364950656890869,290
Maxwell,6,GWO-ABE,29,0.4304324984550476,300
Maxwell,6,GWO-ABE,30,0.4327772259712219,310
Maxwell,6,GWO-ABE,31,0.42371779680252075,320
Maxwell,6,GWO-ABE,32,0.4303528368473053,330
Maxwell,6,GWO-ABE,33,0.42948663234710693,340
Maxwell,6,GWO-ABE,34,0.42489251494407654,350
Maxwell,6,GWO-ABE,35,0.43716171383857727,360
Maxwell,6,GWO-ABE,36,0.4327673316001892,370
Maxwell,6,GWO-ABE,37,0.4231341481208801,380
Maxwell,6,GWO-ABE,38,0.42240792512893677,390
Maxwell,6,GWO-ABE,39,0.41763797402381897,400
Maxwell,6,GWO-ABE,40,0.4284154772758484,410
Maxwell,6,GWO-ABE,41,0.4211657643318176,420
Maxwell,6,GWO-ABE,42,0.43345895409584045,430
Maxwell,6,GWO-ABE,43,0.43902787566185,440
Maxwell,6,GWO-ABE,44,0.42964500188827515,450
Maxwell,6,GWO-ABE,45,0.43386879563331604,460
Maxwell,6,GWO-ABE,46,0.43377986550331116,470
Maxwell,6,GWO-ABE,47,0.4202820062637329,480
Maxwell,6,GWO-ABE,48,0.4268457591533661,490
Maxwell,6,GWO-ABE,49,0.4240880310535431,500
Maxwell,6,GWO-ABE,50,0.42381975054740906,510
Maxwell,6,GWO-ABE,51,0.41889792680740356,520
Maxwell,6,GWO-ABE,52,0.42358675599098206,530
Maxwell,6,GWO-ABE,53,0.4277125298976898,540
Maxwell,6,GWO-ABE,54,0.4240242838859558,550
Maxwell,6,GWO-ABE,55,0.42188340425491333,560
Maxwell,6,GWO-ABE,56,0.4355219602584839,570
Maxwell,6,GWO-ABE,57,0.4235856235027313,580
Maxwell,6,GWO-ABE,58,0.4204171895980835,590
Maxwell,6,GWO-ABE,59,0.42436277866363525,600
Maxwell,6,GWO-ABE,60,0.4206182360649109,610
Maxwell,6,GWO-ABE,61,0.4214341342449188,620
Maxwell,6,GWO-ABE,62,0.4195441007614136,630
Maxwell,6,GWO-ABE,63,0.42054283618927,640
Maxwell,6,GWO-ABE,64,0.41677558422088623,650
Maxwell,6,GWO-ABE,65,0.4150318205356598,660
Maxwell,6,GWO-ABE,66,0.4170446991920471,670
Maxwell,6,GWO-ABE,67,0.4186321198940277,680
Maxwell,6,GWO-ABE,68,0.41232478618621826,690
Maxwell,6,GWO-ABE,69,0.41686221957206726,700
Maxwell,6,GWO-ABE,70,0.4126257598400116,710
Maxwell,6,GWO-ABE,71,0.41246023774147034,720
Maxwell,6,GWO-ABE,72,0.4120649993419647,730
Maxwell,6,GWO-ABE,73,0.4187953770160675,740
Maxwell,6,GWO-ABE,74,0.41095080971717834,750
Maxwell,6,GWO-ABE,75,0.4087029993534088,760
Maxwell,6,GWO-ABE,76,0.41801661252975464,770
Maxwell,6,GWO-ABE,77,0.4124261736869812,780
Maxwell,6,GWO-ABE,78,0.4064159691333771,790
Maxwell,6,GWO-ABE,79,0.4153675436973572,800
Maxwell,6,GWO-ABE,80,0.41461071372032166,810
Maxwell,6,GWO-ABE,81,0.408641517162323,820
Maxwell,6,GWO-ABE,82,0.4120873212814331,830
Maxwell,6,GWO-ABE,83,0.4125475585460663,840
Maxwell,6,GWO-ABE,84,0.412979394197464,850
Maxwell,6,GWO-ABE,85,0.42111191153526306,860
Maxwell,6,GWO-ABE,86,0.4150828421115875,870
Maxwell,6,GWO-ABE,87,0.41128066182136536,880
Maxwell,6,GWO-ABE,88,0.41228002309799194,890
Maxwell,6,GWO-ABE,89,0.41206589341163635,900
Maxwell,6,GWO-ABE,90,0.4111260175704956,910
Maxwell,6,GWO-ABE,91,0.41242125630378723,920
Maxwell,6,GWO-ABE,92,0.4066198766231537,930
Maxwell,6,GWO-ABE,93,0.4124506115913391,940
Maxwell,6,GWO-ABE,94,0.4090498983860016,950
Maxwell,6,GWO-ABE,95,0.4113169014453888,960
Maxwell,6,GWO-ABE,96,0.4066368043422699,970
Maxwell,6,GWO-ABE,97,0.40890297293663025,980
Maxwell,6,GWO-ABE,98,0.40885666012763977,990
Maxwell,6,GWO-ABE,99,0.4088449776172638,1000
Maxwell,6,WOA-ABE,0,0.5998594760894775,10
Maxwell,6,WOA-ABE,1,0.5998594760894775,20
Maxwell,6,WOA-ABE,2,0.5044035911560059,30
Maxwell,6,WOA-ABE,3,0.5044035911560059,40
Maxwell,6,WOA-ABE,4,0.5042288303375244,50
Maxwell,6,WOA-ABE,5,0.5042288303375244,60
Maxwell,6,WOA-ABE,6,0.5018627643585205,70
Maxwell,6,WOA-ABE,7,0.4974313974380493,80
Maxwell,6,WOA-ABE,8,0.4974313974380493,90
Maxwell,6,WOA-ABE,9,0.4823358654975891,100
Maxwell,6,WOA-ABE,10,0.471920371055603,110
Maxwell,6,WOA-ABE,11,0.46685341000556946,120
Maxwell,6,WOA-ABE,12,0.4460046887397766,130
Maxwell,6,WOA-ABE,13,0.44599589705467224,140
Maxwell,6,WOA-ABE,14,0.444961816072464,150
Maxwell,6,WOA-ABE,15,0.4449027180671692,160
Maxwell,6,WOA-ABE,16,0.4448588490486145,170
Maxwell,6,WOA-ABE,17,0.44485822319984436,180
Maxwell,6,WOA-ABE,18,0.44485822319984436,190
Maxwell,6,WOA-ABE,19,0.44485822319984436,200
Maxwell,6,WOA-ABE,20,0.44485822319984436,210
Maxwell,6,WOA-ABE,21,0.44468724727630615,220
Maxwell,6,WOA-ABE,22,0.43935588002204895,230
Maxwell,6,WOA-ABE,23,0.43935588002204895,240
Maxwell,6,WOA-ABE,24,0.43269866704940796,250
Maxwell,6,WOA-ABE,25,0.43269866704940796,260
Maxwell,6,WOA-ABE,26,0.43269866704940796,270
Maxwell,6,WOA-ABE,27,0.4326900541782379,280
Maxwell,6,WOA-ABE,28,0.4326900541782379,290
Maxwell,6,WOA-ABE,29,0.4326474666595459,300
Maxwell,6,WOA-ABE,30,0.43264079093933105,310
Maxwell,6,WOA-ABE,31,0.43264079093933105,320
Maxwell,6,WOA-ABE,32,0.43264079093933105,330
Maxwell,6,WOA-ABE,33,0.4326377809047699,340
Maxwell,6,WOA-ABE,34,0.432395339012146,350
Maxwell,6,WOA-ABE,35,0.4323367178440094,360
Maxwell,6,WOA-ABE,36,0.432336688041687,370
Maxwell,6,WOA-ABE,37,0.432336688041687,380
Maxwell,6,WOA-ABE,38,0.432336688041687,390
Maxwell,6,WOA-ABE,39,0.432336688041687,400
Maxwell,6,WOA-ABE,40,0.432336688041687,410
Maxwell,6,WOA-ABE,41,0.432336688041687,420
Maxwell,6,WOA-ABE,42,0.432336688041687,430
Maxwell,6,WOA-ABE,43,0.432336688041687,440
Maxwell,6,WOA-ABE,44,0.432336688041687,450
Maxwell,6,WOA-ABE,45,0.432336688041687,460
Maxwell,6,WOA-ABE,46,0.432336688041687,470
Maxwell,6,WOA-ABE,47,0.43231919407844543,480
Maxwell,6,WOA-ABE,48,0.43231919407844543,490
Maxwell,6,WOA-ABE,49,0.4304354786872864,500
Maxwell,6,WOA-ABE,50,0.4304354786872864,510
Maxwell,6,WOA-ABE,51,0.4304354786872864,520
Maxwell,6,WOA-ABE,52,0.43043529987335205,530
Maxwell,6,WOA-ABE,53,0.4304301142692566,540
Maxwell,6,WOA-ABE,54,0.4304301142692566,550
Maxwell,6,WOA-ABE,55,0.4304301142692566,560
Maxwell,6,WOA-ABE,56,0.4304301142692566,570
Maxwell,6,WOA-ABE,57,0.4304099380970001,580
Maxwell,6,WOA-ABE,58,0.4304099380970001,590
Maxwell,6,WOA-ABE,59,0.4304019510746002,600
Maxwell,6,WOA-ABE,60,0.4304019510746002,610
Maxwell,6,WOA-ABE,61,0.4304019510746002,620
Maxwell,6,WOA-ABE,62,0.4304019510746002,630
Maxwell,6,WOA-ABE,63,0.43038731813430786,640
Maxwell,6,WOA-ABE,64,0.43037742376327515,650
Maxwell,6,WOA-ABE,65,0.43037742376327515,660
Maxwell,6,WOA-ABE,66,0.43037742376327515,670
Maxwell,6,WOA-ABE,67,0.4303244352340698,680
Maxwell,6,WOA-ABE,68,0.4303244352340698,690
Maxwell,6,WOA-ABE,69,0.4303244352340698,700
Maxwell,6,WOA-ABE,70,0.4302745759487152,710
Maxwell,6,WOA-ABE,71,0.4302745759487152,720
Maxwell,6,WOA-ABE,72,0.4302745759487152,730
Maxwell,6,WOA-ABE,73,0.4302745759487152,740
Maxwell,6,WOA-ABE,74,0.4302745759487152,750
Maxwell,6,WOA-ABE,75,0.4302745759487152,760
Maxwell,6,WOA-ABE,76,0.4302745759487152,770
Maxwell,6,WOA-ABE,77,0.43027403950691223,780
Maxwell,6,WOA-ABE,78,0.43027403950691223,790
Maxwell,6,WOA-ABE,79,0.4302658140659332,800
Maxwell,6,WOA-ABE,80,0.4302658140659332,810
Maxwell,6,WOA-ABE,81,0.43026429414749146,820
Maxwell,6,WOA-ABE,82,0.43026429414749146,830
Maxwell,6,WOA-ABE,83,0.43026429414749146,840
Maxwell,6,WOA-ABE,84,0.4302636981010437,850
Maxwell,6,WOA-ABE,85,0.4302636981010437,860
Maxwell,6,WOA-ABE,86,0.4302636981010437,870
Maxwell,6,WOA-ABE,87,0.4302636981010437,880
Maxwell,6,WOA-ABE,88,0.4302636981010437,890
Maxwell,6,WOA-ABE,89,0.4302636981010437,900
Maxwell,6,WOA-ABE,90,0.4302636981010437,910
Maxwell,6,WOA-ABE,91,0.4302597939968109,920
Maxwell,6,WOA-ABE,92,0.430254727602005,930
Maxwell,6,WOA-ABE,93,0.4302545189857483,940
Maxwell,6,WOA-ABE,94,0.4302530586719513,950
Maxwell,6,WOA-ABE,95,0.43024563789367676,960
Maxwell,6,WOA-ABE,96,0.43024563789367676,970
Maxwell,6,WOA-ABE,97,0.43024563789367676,980
Maxwell,6,WOA-ABE,98,0.4302402436733246,990
Maxwell,6,WOA-ABE,99,0.4302402436733246,1000
Maxwell,6,FAABE,0,0.7170869708061218,10
Maxwell,6,FAABE,1,0.6998377442359924,20
Maxwell,6,FAABE,2,0.6775458455085754,30
Maxwell,6,FAABE,3,0.6551822423934937,40
Maxwell,6,FAABE,4,0.581576943397522,50
Maxwell,6,FAABE,5,0.5722662210464478,60
Maxwell,6,FAABE,6,0.5401998162269592,70
Maxwell,6,FAABE,7,0.528714656829834,80
Maxwell,6,FAABE,8,0.528714656829834,90
Maxwell,6,FAABE,9,0.528714656829834,100
Maxwell,6,FAABE,10,0.528714656829834,110
Maxwell,6,FAABE,11,0.528714656829834,120
Maxwell,6,FAABE,12,0.528714656829834,130
Maxwell,6,FAABE,13,0.528714656829834,140
Maxwell,6,FAABE,14,0.528714656829834,150
Maxwell,6,FAABE,15,0.5272692441940308,160
Maxwell,6,FAABE,16,0.5272692441940308,170
Maxwell,6,FAABE,17,0.5272692441940308,180
Maxwell,6,FAABE,18,0.5272692441940308,190
Maxwell,6,FAABE,19,0.5272692441940308,200
Maxwell,6,FAABE,20,0.5272692441940308,210
Maxwell,6,FAABE,21,0.5272692441940308,220
Maxwell,6,FAABE,22,0.5272692441940308,230
Maxwell,6,FAABE,23,0.5272692441940308,240
Maxwell,6,FAABE,24,0.5272692441940308,250
Maxwell,6,FAABE,25,0.5272692441940308,260
Maxwell,6,FAABE,26,0.5272692441940308,270
Maxwell,6,FAABE,27,0.5272692441940308,280
Maxwell,6,FAABE,28,0.5272692441940308,290
Maxwell,6,FAABE,29,0.5272692441940308,300
Maxwell,6,FAABE,30,0.5272692441940308,310
Maxwell,6,FAABE,31,0.5272692441940308,320
Maxwell,6,FAABE,32,0.5218303799629211,330
Maxwell,6,FAABE,33,0.4598042964935303,340
Maxwell,6,FAABE,34,0.4598042964935303,350
Maxwell,6,FAABE,35,0.4598042964935303,360
Maxwell,6,FAABE,36,0.4598042964935303,370
Maxwell,6,FAABE,37,0.4598042964935303,380
Maxwell,6,FAABE,38,0.45567813515663147,390
Maxwell,6,FAABE,39,0.45567813515663147,400
Maxwell,6,FAABE,40,0.4521496295928955,410
Maxwell,6,FAABE,41,0.4521496295928955,420
Maxwell,6,FAABE,42,0.4521496295928955,430
Maxwell,6,FAABE,43,0.4521496295928955,440
Maxwell,6,FAABE,44,0.4521496295928955,450
Maxwell,6,FAABE,45,0.43994420766830444,460
Maxwell,6,FAABE,46,0.43994420766830444,470
Maxwell,6,FAABE,47,0.43994420766830444,480
Maxwell,6,FAABE,48,0.43994420766830444,490
Maxwell,6,FAABE,49,0.43994420766830444,500
Maxwell,6,FAABE,50,0.4386328458786011,510
Maxwell,6,FAABE,51,0.4386328458786011,520
Maxwell,6,FAABE,52,0.437867671251297,530
Maxwell,6,FAABE,53,0.437867671251297,540
Maxwell,6,FAABE,54,0.43036454916000366,550
Maxwell,6,FAABE,55,0.43036454916000366,560
Maxwell,6,FAABE,56,0.43036454916000366,570
Maxwell,6,FAABE,57,0.42917969822883606,580
Maxwell,6,FAABE,58,0.42917969822883606,590
Maxwell,6,FAABE,59,0.42917969822883606,600
Maxwell,6,FAABE,60,0.42917969822883606,610
Maxwell,6,FAABE,61,0.42917969822883606,620
Maxwell,6,FAABE,62,0.42917969822883606,630
Maxwell,6,FAABE,63,0.42917969822883606,640
Maxwell,6,FAABE,64,0.42917969822883606,650
Maxwell,6,FAABE,65,0.42917969822883606,660
Maxwell,6,FAABE,66,0.42917969822883606,670
Maxwell,6,FAABE,67,0.42917969822883606,680
Maxwell,6,FAABE,68,0.42917969822883606,690
Maxwell,6,FAABE,69,0.42917969822883606,700
Maxwell,6,FAABE,70,0.42917969822883606,710
Maxwell,6,FAABE,71,0.42917969822883606,720
Maxwell,6,FAABE,72,0.42917969822883606,730
Maxwell,6,FAABE,73,0.42917969822883606,740
Maxwell,6,FAABE,74,0.42917969822883606,750
Maxwell,6,FAABE,75,0.42917969822883606,760
Maxwell,6,FAABE,76,0.42917969822883606,770
Maxwell,6,FAABE,77,0.42917969822883606,780
Maxwell,6,FAABE,78,0.42917969822883606,790
Maxwell,6,FAABE,79,0.42917969822883606,800
Maxwell,6,FAABE,80,0.42917969822883606,810
Maxwell,6,FAABE,81,0.42917969822883606,820
Maxwell,6,FAABE,82,0.42917969822883606,830
Maxwell,6,FAABE,83,0.42917969822883606,840
Maxwell,6,FAABE,84,0.42917969822883606,850
Maxwell,6,FAABE,85,0.42917969822883606,860
Maxwell,6,FAABE,86,0.42917969822883606,870
Maxwell,6,FAABE,87,0.42917969822883606,880
Maxwell,6,FAABE,88,0.42917969822883606,890
Maxwell,6,FAABE,89,0.42917969822883606,900
Maxwell,6,FAABE,90,0.42917969822883606,910
Maxwell,6,FAABE,91,0.42917969822883606,920
Maxwell,6,FAABE,92,0.42917969822883606,930
Maxwell,6,FAABE,93,0.42917969822883606,940
Maxwell,6,FAABE,94,0.42917969822883606,950
Maxwell,6,FAABE,95,0.41835349798202515,960
Maxwell,6,FAABE,96,0.41835349798202515,970
Maxwell,6,FAABE,97,0.41835349798202515,980
Maxwell,6,FAABE,98,0.41835349798202515,990
Maxwell,6,FAABE,99,0.41835349798202515,1000
Maxwell,7,GA-ABE,0,0.6479023098945618,10
Maxwell,7,GA-ABE,1,0.6388716101646423,20
Maxwell,7,GA-ABE,2,0.6358506679534912,30
Maxwell,7,GA-ABE,3,0.5670510530471802,40
Maxwell,7,GA-ABE,4,0.5670510530471802,50
Maxwell,7,GA-ABE,5,0.5386077165603638,60
Maxwell,7,GA-ABE,6,0.5386077165603638,70
Maxwell,7,GA-ABE,7,0.5317978262901306,80
Maxwell,7,GA-ABE,8,0.5317978262901306,90
Maxwell,7,GA-ABE,9,0.5317978262901306,100
Maxwell,7,GA-ABE,10,0.521221399307251,110
Maxwell,7,GA-ABE,11,0.521221399307251,120
Maxwell,7,GA-ABE,12,0.521221399307251,130
Maxwell,7,GA-ABE,13,0.521221399307251,140
Maxwell,7,GA-ABE,14,0.521221399307251,150
Maxwell,7,GA-ABE,15,0.4954303503036499,160
Maxwell,7,GA-ABE,16,0.4954303503036499,170
Maxwell,7,GA-ABE,17,0.4954303503036499,180
Maxwell,7,GA-ABE,18,0.48978808522224426,190
Maxwell,7,GA-ABE,19,0.48978808522224426,200
Maxwell,7,GA-ABE,20,0.48978808522224426,210
Maxwell,7,GA-ABE,21,0.48978808522224426,220
Maxwell,7,GA-ABE,22,0.48978808522224426,230
Maxwell,7,GA-ABE,23,0.48442476987838745,240
Maxwell,7,GA-ABE,24,0.46551230549812317,250
Maxwell,7,GA-ABE,25,0.45877206325531006,260
Maxwell,7,GA-ABE,26,0.4470941126346588,270
Maxwell,7,GA-ABE,27,0.4470941126346588,280
Maxwell,7,GA-ABE,28,0.4301737844944,290
Maxwell,7,GA-ABE,29,0.4301737844944,300
Maxwell,7,GA-ABE,30,0.4301737844944,310
Maxwell,7,GA-ABE,31,0.42723268270492554,320
Maxwell,7,GA-ABE,32,0.42680925130844116,330
Maxwell,7,GA-ABE,33,0.42680925130844116,340
Maxwell,7,GA-ABE,34,0.42382746934890747,350
Maxwell,7,GA-ABE,35,0.42382746934890747,360
Maxwell,7,GA-ABE,36,0.4200514853000641,370
Maxwell,7,GA-ABE,37,0.4200514853000641,380
Maxwell,7,GA-ABE,38,0.40785643458366394,390
Maxwell,7,GA-ABE,39,0.37303444743156433,400
Maxwell,7,GA-ABE,40,0.37303444743156433,410
Maxwell,7,GA-ABE,41,0.37303444743156433,420
Maxwell,7,GA-ABE,42,0.37303444743156433,430
Maxwell,7,GA-ABE,43,0.37303444743156433,440
Maxwell,7,GA-ABE,44,0.37303444743156433,450
Maxwell,7,GA-ABE,45,0.37303444743156433,460
Maxwell,7,GA-ABE,46,0.37303444743156433,470
Maxwell,7,GA-ABE,47,0.37303444743156433,480
Maxwell,7,GA-ABE,48,0.37269866466522217,490
Maxwell,7,GA-ABE,49,0.37269866466522217,500
Maxwell,7,GA-ABE,50,0.37269866466522217,510
Maxwell,7,GA-ABE,51,0.37269866466522217,520
Maxwell,7,GA-ABE,52,0.37269866466522217,530
Maxwell,7,GA-ABE,53,0.37269866466522217,540
Maxwell,7,GA-ABE,54,0.36648085713386536,550
Maxwell,7,GA-ABE,55,0.36648085713386536,560
Maxwell,7,GA-ABE,56,0.36648085713386536,570
Maxwell,7,GA-ABE,57,0.36648085713386536,580
Maxwell,7,GA-ABE,58,0.36648085713386536,590
Maxwell,7,GA-ABE,59,0.36625662446022034,600
Maxwell,7,GA-ABE,60,0.36625662446022034,610
Maxwell,7,GA-ABE,61,0.36625659465789795,620
Maxwell,7,GA-ABE,62,0.360660582780838,630
Maxwell,7,GA-ABE,63,0.360660582780838,640
Maxwell,7,GA-ABE,64,0.360660582780838,650
Maxwell,7,GA-ABE,65,0.360660582780838,660
Maxwell,7,GA-ABE,66,0.360660582780838,670
Maxwell,7,GA-ABE,67,0.360660582780838,680
Maxwell,7,GA-ABE,68,0.360660582780838,690
Maxwell,7,GA-ABE,69,0.360660582780838,700
Maxwell,7,GA-ABE,70,0.360660582780838,710
Maxwell,7,GA-ABE,71,0.360660582780838,720
Maxwell,7,GA-ABE,72,0.360660582780838,730
Maxwell,7,GA-ABE,73,0.360660582780838,740
Maxwell,7,GA-ABE,74,0.360660582780838,750
Maxwell,7,GA-ABE,75,0.35960260033607483,760
Maxwell,7,GA-ABE,76,0.35960260033607483,770
Maxwell,7,GA-ABE,77,0.35497674345970154,780
Maxwell,7,GA-ABE,78,0.35461917519569397,790
Maxwell,7,GA-ABE,79,0.35461917519569397,800
Maxwell,7,GA-ABE,80,0.35461917519569397,810
Maxwell,7,GA-ABE,81,0.35461917519569397,820
Maxwell,7,GA-ABE,82,0.35461917519569397,830
Maxwell,7,GA-ABE,83,0.3490625023841858,840
Maxwell,7,GA-ABE,84,0.3490625023841858,850
Maxwell,7,GA-ABE,85,0.3490625023841858,860
Maxwell,7,GA-ABE,86,0.3490625023841858,870
Maxwell,7,GA-ABE,87,0.3490625023841858,880
Maxwell,7,GA-ABE,88,0.34900858998298645,890
Maxwell,7,GA-ABE,89,0.34900858998298645,900
Maxwell,7,GA-ABE,90,0.34900858998298645,910
Maxwell,7,GA-ABE,91,0.34900858998298645,920
Maxwell,7,GA-ABE,92,0.34900858998298645,930
Maxwell,7,GA-ABE,93,0.34900858998298645,940
Maxwell,7,GA-ABE,94,0.34884822368621826,950
Maxwell,7,GA-ABE,95,0.34884822368621826,960
Maxwell,7,GA-ABE,96,0.34884822368621826,970
Maxwell,7,GA-ABE,97,0.34884822368621826,980
Maxwell,7,GA-ABE,98,0.34884822368621826,990
Maxwell,7,GA-ABE,99,0.34884822368621826,1000
Maxwell,7,PSO-ABE,0,0.6895043849945068,10
Maxwell,7,PSO-ABE,1,0.5869491696357727,20
Maxwell,7,PSO-ABE,2,0.49286144971847534,30
Maxwell,7,PSO-ABE,3,0.4326778054237366,40
Maxwell,7,PSO-ABE,4,0.4326778054237366,50
Maxwell,7,PSO-ABE,5,0.3982659578323364,60
Maxwell,7,PSO-ABE,6,0.3982659578323364,70
Maxwell,7,PSO-ABE,7,0.3982659578323364,80
Maxwell,7,PSO-ABE,8,0.38310378789901733,90
Maxwell,7,PSO-ABE,9,0.38310378789901733,100
Maxwell,7,PSO-ABE,10,0.38310378789901733,110
Maxwell,7,PSO-ABE,11,0.38310378789901733,120
Maxwell,7,PSO-ABE,12,0.3801175653934479,130
Maxwell,7,PSO-ABE,13,0.3801175653934479,140
Maxwell,7,PSO-ABE,14,0.37703195214271545,150
Maxwell,7,PSO-ABE,15,0.37703195214271545,160
Maxwell,7,PSO-ABE,16,0.37703195214271545,170
Maxwell,7,PSO-ABE,17,0.37703195214271545,180
Maxwell,7,PSO-ABE,18,0.37703195214271545,190
Maxwell,7,PSO-ABE,19,0.37703195214271545,200
Maxwell,7,PSO-ABE,20,0.37703195214271545,210
Maxwell,7,PSO-ABE,21,0.3755248785018921,220
Maxwell,7,PSO-ABE,22,0.3755248785018921,230
Maxwell,7,PSO-ABE,23,0.3754667639732361,240
Maxwell,7,PSO-ABE,24,0.37533876299858093,250
Maxwell,7,PSO-ABE,25,0.37533876299858093,260
Maxwell,7,PSO-ABE,26,0.37533876299858093,270
Maxwell,7,PSO-ABE,27,0.3742080330848694,280
Maxwell,7,PSO-ABE,28,0.3742080330848694,290
Maxwell,7,PSO-ABE,29,0.3742080330848694,300
Maxwell,7,PSO-ABE,30,0.37414517998695374,310
Maxwell,7,PSO-ABE,31,0.37414517998695374,320
Maxwell,7,PSO-ABE,32,0.37135547399520874,330
Maxwell,7,PSO-ABE,33,0.37135547399520874,340
Maxwell,7,PSO-ABE,34,0.37135547399520874,350
Maxwell,7,PSO-ABE,35,0.37135547399520874,360
Maxwell,7,PSO-ABE,36,0.37135547399520874,370
Maxwell,7,PSO-ABE,37,0.37135547399520874,380
Maxwell,7,PSO-ABE,38,0.37135547399520874,390
Maxwell,7,PSO-ABE,39,0.37135547399520874,400
Maxwell,7,PSO-ABE,40,0.37135547399520874,410
Maxwell,7,PSO-ABE,41,0.37135547399520874,420
Maxwell,7,PSO-ABE,42,0.37135547399520874,430
Maxwell,7,PSO-ABE,43,0.37135547399520874,440
Maxwell,7,PSO-ABE,44,0.37135547399520874,450
Maxwell,7,PSO-ABE,45,0.3713326156139374,460
Maxwell,7,PSO-ABE,46,0.3713326156139374,470
Maxwell,7,PSO-ABE,47,0.3711945116519928,480
Maxwell,7,PSO-ABE,48,0.3711945116519928,490
Maxwell,7,PSO-ABE,49,0.3711945116519928,500
Maxwell,7,PSO-ABE,50,0.3711945116519928,510
Maxwell,7,PSO-ABE,51,0.3711945116519928,520
Maxwell,7,PSO-ABE,52,0.3711945116519928,530
Maxwell,7,PSO-ABE,53,0.3711945116519928,540
Maxwell,7,PSO-ABE,54,0.3711945116519928,550
Maxwell,7,PSO-ABE,55,0.3711945116519928,560
Maxwell,7,PSO-ABE,56,0.37116196751594543,570
Maxwell,7,PSO-ABE,57,0.37111642956733704,580
Maxwell,7,PSO-ABE,58,0.37104132771492004,590
Maxwell,7,PSO-ABE,59,0.37097540497779846,600
Maxwell,7,PSO-ABE,60,0.3709600567817688,610
Maxwell,7,PSO-ABE,61,0.3709600567817688,620
Maxwell,7,PSO-ABE,62,0.37095215916633606,630
Maxwell,7,PSO-ABE,63,0.3709268867969513,640
Maxwell,7,PSO-ABE,64,0.3709268867969513,650
Maxwell,7,PSO-ABE,65,0.367499440908432,660
Maxwell,7,PSO-ABE,66,0.367499440908432,670
Maxwell,7,PSO-ABE,67,0.367499440908432,680
Maxwell,7,PSO-ABE,68,0.367499440908432,690
Maxwell,7,PSO-ABE,69,0.367499440908432,700
Maxwell,7,PSO-ABE,70,0.36743035912513733,710
Maxwell,7,PSO-ABE,71,0.3639136850833893,720
Maxwell,7,PSO-ABE,72,0.3639136850833893,730
Maxwell,7,PSO-ABE,73,0.3639136850833893,740
Maxwell,7,PSO-ABE,74,0.3638637661933899,750
Maxwell,7,PSO-ABE,75,0.3638637661933899,760
Maxwell,7,PSO-ABE,76,0.3638637661933899,770
Maxwell,7,PSO-ABE,77,0.3638637661933899,780
Maxwell,7,PSO-ABE,78,0.3638637661933899,790
Maxwell,7,PSO-ABE,79,0.36321645975112915,800
Maxwell,7,PSO-ABE,80,0.36321645975112915,810
Maxwell,7,PSO-ABE,81,0.36321645975112915,820
Maxwell,7,PSO-ABE,82,0.3632031977176666,830
Maxwell,7,PSO-ABE,83,0.3632031977176666,840
Maxwell,7,PSO-ABE,84,0.3632031977176666,850
Maxwell,7,PSO-ABE,85,0.3632031977176666,860
Maxwell,7,PSO-ABE,86,0.3632031977176666,870
Maxwell,7,PSO-ABE,87,0.3632031977176666,880
Maxwell,7,PSO-ABE,88,0.3632031977176666,890
Maxwell,7,PSO-ABE,89,0.3632031977176666,900
Maxwell,7,PSO-ABE,90,0.3631839156150818,910
Maxwell,7,PSO-ABE,91,0.36315980553627014,920
Maxwell,7,PSO-ABE,92,0.36315980553627014,930
Maxwell,7,PSO-ABE,93,0.36315980553627014,940
Maxwell,7,PSO-ABE,94,0.36315980553627014,950
Maxwell,7,PSO-ABE,95,0.3631548285484314,960
Maxwell,7,PSO-ABE,96,0.3631149232387543,970
Maxwell,7,PSO-ABE,97,0.3631149232387543,980
Maxwell,7,PSO-ABE,98,0.3631149232387543,990
Maxwell,7,PSO-ABE,99,0.3631149232387543,1000
Maxwell,7,DE-ABE,0,0.6377421617507935,10
Maxwell,7,DE-ABE,1,0.6377421617507935,20
Maxwell,7,DE-ABE,2,0.6377421617507935,30
Maxwell,7,DE-ABE,3,0.6183770895004272,40
Maxwell,7,DE-ABE,4,0.5765933990478516,50
Maxwell,7,DE-ABE,5,0.5765933990478516,60
Maxwell,7,DE-ABE,6,0.5765933990478516,70
Maxwell,7,DE-ABE,7,0.5765933990478516,80
Maxwell,7,DE-ABE,8,0.5765933990478516,90
Maxwell,7,DE-ABE,9,0.5765933990478516,100
Maxwell,7,DE-ABE,10,0.5765933990478516,110
Maxwell,7,DE-ABE,11,0.56773442029953,120
Maxwell,7,DE-ABE,12,0.5522801280021667,130
Maxwell,7,DE-ABE,13,0.5271539092063904,140
Maxwell,7,DE-ABE,14,0.522683322429657,150
Maxwell,7,DE-ABE,15,0.522683322429657,160
Maxwell,7,DE-ABE,16,0.522683322429657,170
Maxwell,7,DE-ABE,17,0.5224807858467102,180
Maxwell,7,DE-ABE,18,0.5224807858467102,190
Maxwell,7,DE-ABE,19,0.519044041633606,200
Maxwell,7,DE-ABE,20,0.519044041633606,210
Maxwell,7,DE-ABE,21,0.5142537355422974,220
Maxwell,7,DE-ABE,22,0.5099291205406189,230
Maxwell,7,DE-ABE,23,0.5099291205406189,240
Maxwell,7,DE-ABE,24,0.5099291205406189,250
Maxwell,7,DE-ABE,25,0.5099291205406189,260
Maxwell,7,DE-ABE,26,0.49592846632003784,270
Maxwell,7,DE-ABE,27,0.4902915060520172,280
Maxwell,7,DE-ABE,28,0.48976707458496094,290
Maxwell,7,DE-ABE,29,0.4893771708011627,300
Maxwell,7,DE-ABE,30,0.4893771708011627,310
Maxwell,7,DE-ABE,31,0.4893771708011627,320
Maxwell,7,DE-ABE,32,0.4893771708011627,330
Maxwell,7,DE-ABE,33,0.4893771708011627,340
Maxwell,7,DE-ABE,34,0.4855112135410309,350
Maxwell,7,DE-ABE,35,0.4855112135410309,360
Maxwell,7,DE-ABE,36,0.4855112135410309,370
Maxwell,7,DE-ABE,37,0.4823646545410156,380
Maxwell,7,DE-ABE,38,0.4823646545410156,390
Maxwell,7,DE-ABE,39,0.4823646545410156,400
Maxwell,7,DE-ABE,40,0.48037323355674744,410
Maxwell,7,DE-ABE,41,0.4790876507759094,420
Maxwell,7,DE-ABE,42,0.4790876507759094,430
Maxwell,7,DE-ABE,43,0.4790876507759094,440
Maxwell,7,DE-ABE,44,0.47890210151672363,450
Maxwell,7,DE-ABE,45,0.47890210151672363,460
Maxwell,7,DE-ABE,46,0.477362722158432,470
Maxwell,7,DE-ABE,47,0.477362722158432,480
Maxwell,7,DE-ABE,48,0.477362722158432,490
Maxwell,7,DE-ABE,49,0.477362722158432,500
Maxwell,7,DE-ABE,50,0.477362722158432,510
Maxwell,7,DE-ABE,51,0.477362722158432,520
Maxwell,7,DE-ABE,52,0.477362722158432,530
Maxwell,7,DE-ABE,53,0.4760552942752838,540
Maxwell,7,DE-ABE,54,0.4760552942752838,550
Maxwell,7,DE-ABE,55,0.47580674290657043,560
Maxwell,7,DE-ABE,56,0.47580674290657043,570
Maxwell,7,DE-ABE,57,0.47580674290657043,580
Maxwell,7,DE-ABE,58,0.47580674290657043,590
Maxwell,7,DE-ABE,59,0.47580674290657043,600
Maxwell,7,DE-ABE,60,0.47576260566711426,610
Maxwell,7,DE-ABE,61,0.47576260566711426,620
Maxwell,7,DE-ABE,62,0.47576260566711426,630
Maxwell,7,DE-ABE,63,0.4757460951805115,640
Maxwell,7,DE-ABE,64,0.4756810963153839,650
Maxwell,7,DE-ABE,65,0.4756810963153839,660
Maxwell,7,DE-ABE,66,0.4756810963153839,670
Maxwell,7,DE-ABE,67,0.4756810963153839,680
Maxwell,7,DE-ABE,68,0.4756810963153839,690
Maxwell,7,DE-ABE,69,0.4756810963153839,700
Maxwell,7,DE-ABE,70,0.4756810963153839,710
Maxwell,7,DE-ABE,71,0.4756810963153839,720
Maxwell,7,DE-ABE,72,0.4756810963153839,730
Maxwell,7,DE-ABE,73,0.4756810963153839,740
Maxwell,7,DE-ABE,74,0.4756810963153839,750
Maxwell,7,DE-ABE,75,0.4756810963153839,760
Maxwell,7,DE-ABE,76,0.4756810963153839,770
Maxwell,7,DE-ABE,77,0.4756810963153839,780
Maxwell,7,DE-ABE,78,0.4756810963153839,790
Maxwell,7,DE-ABE,79,0.4756552278995514,800
Maxwell,7,DE-ABE,80,0.4756552278995514,810
Maxwell,7,DE-ABE,81,0.4756552278995514,820
Maxwell,7,DE-ABE,82,0.4756256639957428,830
Maxwell,7,DE-ABE,83,0.4756256639957428,840
Maxwell,7,DE-ABE,84,0.4756256639957428,850
Maxwell,7,DE-ABE,85,0.4756256639957428,860
Maxwell,7,DE-ABE,86,0.4756256639957428,870
Maxwell,7,DE-ABE,87,0.4756256639957428,880
Maxwell,7,DE-ABE,88,0.4756256639957428,890
Maxwell,7,DE-ABE,89,0.4756256639957428,900
Maxwell,7,DE-ABE,90,0.4756256639957428,910
Maxwell,7,DE-ABE,91,0.4756256639957428,920
Maxwell,7,DE-ABE,92,0.4756256639957428,930
Maxwell,7,DE-ABE,93,0.4755465090274811,940
Maxwell,7,DE-ABE,94,0.4755164086818695,950
Maxwell,7,DE-ABE,95,0.4755164086818695,960
Maxwell,7,DE-ABE,96,0.4755164086818695,970
Maxwell,7,DE-ABE,97,0.4755164086818695,980
Maxwell,7,DE-ABE,98,0.4755164086818695,990
Maxwell,7,DE-ABE,99,0.4755164086818695,1000
Maxwell,7,GWO-ABE,0,0.6510098576545715,10
Maxwell,7,GWO-ABE,1,0.5655993223190308,20
Maxwell,7,GWO-ABE,2,0.5557410717010498,30
Maxwell,7,GWO-ABE,3,0.5135657787322998,40
Maxwell,7,GWO-ABE,4,0.45546236634254456,50
Maxwell,7,GWO-ABE,5,0.4719129800796509,60
Maxwell,7,GWO-ABE,6,0.41016536951065063,70
Maxwell,7,GWO-ABE,7,0.4471189081668854,80
Maxwell,7,GWO-ABE,8,0.3830031156539917,90
Maxwell,7,GWO-ABE,9,0.39244428277015686,100
Maxwell,7,GWO-ABE,10,0.39104047417640686,110
Maxwell,7,GWO-ABE,11,0.4092722237110138,120
Maxwell,7,GWO-ABE,12,0.39680176973342896,130
Maxwell,7,GWO-ABE,13,0.383495956659317,140
Maxwell,7,GWO-ABE,14,0.3831784129142761,150
Maxwell,7,GWO-ABE,15,0.40064504742622375,160
Maxwell,7,GWO-ABE,16,0.385945200920105,170
Maxwell,7,GWO-ABE,17,0.36489155888557434,180
Maxwell,7,GWO-ABE,18,0.3614533543586731,190
Maxwell,7,GWO-ABE,19,0.35397210717201233,200
Maxwell,7,GWO-ABE,20,0.37246352434158325,210
Maxwell,7,GWO-ABE,21,0.36036416888237,220
Maxwell,7,GWO-ABE,22,0.36336877942085266,230
Maxwell,7,GWO-ABE,23,0.3655443787574768,240
Maxwell,7,GWO-ABE,24,0.35684701800346375,250
Maxwell,7,GWO-ABE,25,0.3575040400028229,260
Maxwell,7,GWO-ABE,26,0.3612823784351349,270
Maxwell,7,GWO-ABE,27,0.36396482586860657,280
Maxwell,7,GWO-ABE,28,0.36309635639190674,290
Maxwell,7,GWO-ABE,29,0.35699790716171265,300
Maxwell,7,GWO-ABE,30,0.3623497188091278,310
Maxwell,7,GWO-ABE,31,0.3637638986110687,320
Maxwell,7,GWO-ABE,32,0.36463895440101624,330
Maxwell,7,GWO-ABE,33,0.36825376749038696,340
Maxwell,7,GWO-ABE,34,0.3714620769023895,350
Maxwell,7,GWO-ABE,35,0.3710002601146698,360
Maxwell,7,GWO-ABE,36,0.3580985963344574,370
Maxwell,7,GWO-ABE,37,0.3655265271663666,380
Maxwell,7,GWO-ABE,38,0.35784441232681274,390
Maxwell,7,GWO-ABE,39,0.3635309338569641,400
Maxwell,7,GWO-ABE,40,0.3535900413990021,410
Maxwell,7,GWO-ABE,41,0.3649240732192993,420
Maxwell,7,GWO-ABE,42,0.36065346002578735,430
Maxwell,7,GWO-ABE,43,0.3527747094631195,440
Maxwell,7,GWO-ABE,44,0.35801050066947937,450
Maxwell,7,GWO-ABE,45,0.3501419425010681,460
Maxwell,7,GWO-ABE,46,0.3461252450942993,470
Maxwell,7,GWO-ABE,47,0.35254570841789246,480
Maxwell,7,GWO-ABE,48,0.3513922393321991,490
Maxwell,7,GWO-ABE,49,0.34903600811958313,500
Maxwell,7,GWO-ABE,50,0.3512324094772339,510
Maxwell,7,GWO-ABE,51,0.34996917843818665,520
Maxwell,7,GWO-ABE,52,0.3554932773113251,530
Maxwell,7,GWO-ABE,53,0.3557268977165222,540
Maxwell,7,GWO-ABE,54,0.35200753808021545,550
Maxwell,7,GWO-ABE,55,0.3580895960330963,560
Maxwell,7,GWO-ABE,56,0.3477805256843567,570
Maxwell,7,GWO-ABE,57,0.35388320684432983,580
Maxwell,7,GWO-ABE,58,0.355963796377182,590
Maxwell,7,GWO-ABE,59,0.3499909043312073,600
Maxwell,7,GWO-ABE,60,0.35257261991500854,610
Maxwell,7,GWO-ABE,61,0.34457120299339294,620
Maxwell,7,GWO-ABE,62,0.35315215587615967,630
Maxwell,7,GWO-ABE,63,0.3506622016429901,640
Maxwell,7,GWO-ABE,64,0.3511814475059509,650
Maxwell,7,GWO-ABE,65,0.34279802441596985,660
Maxwell,7,GWO-ABE,66,0.35577982664108276,670
Maxwell,7,GWO-ABE,67,0.34621918201446533,680
Maxwell,7,GWO-ABE,68,0.3530150353908539,690
Maxwell,7,GWO-ABE,69,0.341951459646225,700
Maxwell,7,GWO-ABE,70,0.35160431265830994,710
Maxwell,7,GWO-ABE,71,0.3495357632637024,720
Maxwell,7,GWO-ABE,72,0.34622490406036377,730
Maxwell,7,GWO-ABE,73,0.3540407121181488,740
Maxwell,7,GWO-ABE,74,0.3501555025577545,750
Maxwell,7,GWO-ABE,75,0.35032790899276733,760
Maxwell,7,GWO-ABE,76,0.3538800776004791,770
Maxwell,7,GWO-ABE,77,0.3476259410381317,780
Maxwell,7,GWO-ABE,78,0.3406258225440979,790
Maxwell,7,GWO-ABE,79,0.3492674231529236,800
Maxwell,7,GWO-ABE,80,0.3493034541606903,810
Maxwell,7,GWO-ABE,81,0.34573566913604736,820
Maxwell,7,GWO-ABE,82,0.3442173898220062,830
Maxwell,7,GWO-ABE,83,0.34754297137260437,840
Maxwell,7,GWO-ABE,84,0.3472324311733246,850
Maxwell,7,GWO-ABE,85,0.3503822088241577,860
Maxwell,7,GWO-ABE,86,0.34462970495224,870
Maxwell,7,GWO-ABE,87,0.3484633266925812,880
Maxwell,7,GWO-ABE,88,0.3461715579032898,890
Maxwell,7,GWO-ABE,89,0.34514346718788147,900
Maxwell,7,GWO-ABE,90,0.3384283185005188,910
Maxwell,7,GWO-ABE,91,0.34697476029396057,920
Maxwell,7,GWO-ABE,92,0.3470225930213928,930
Maxwell,7,GWO-ABE,93,0.34622448682785034,940
Maxwell,7,GWO-ABE,94,0.34512951970100403,950
Maxwell,7,GWO-ABE,95,0.345136821269989,960
Maxwell,7,GWO-ABE,96,0.34512022137641907,970
Maxwell,7,GWO-ABE,97,0.34698182344436646,980
Maxwell,7,GWO-ABE,98,0.3434223532676697,990
Maxwell,7,GWO-ABE,99,0.3469259440898895,1000
Maxwell,7,WOA-ABE,0,0.6831411123275757,10
Maxwell,7,WOA-ABE,1,0.6404497027397156,20
Maxwell,7,WOA-ABE,2,0.5472545623779297,30
Maxwell,7,WOA-ABE,3,0.5448503494262695,40
Maxwell,7,WOA-ABE,4,0.5360568165779114,50
Maxwell,7,WOA-ABE,5,0.5360381603240967,60
Maxwell,7,WOA-ABE,6,0.5168392658233643,70
Maxwell,7,WOA-ABE,7,0.5166295766830444,80
Maxwell,7,WOA-ABE,8,0.4953843057155609,90
Maxwell,7,WOA-ABE,9,0.4841327965259552,100
Maxwell,7,WOA-ABE,10,0.38256871700286865,110
Maxwell,7,WOA-ABE,11,0.3754462003707886,120
Maxwell,7,WOA-ABE,12,0.3609475791454315,130
Maxwell,7,WOA-ABE,13,0.3609475791454315,140
Maxwell,7,WOA-ABE,14,0.3609475791454315,150
Maxwell,7,WOA-ABE,15,0.3527553379535675,160
Maxwell,7,WOA-ABE,16,0.3527553379535675,170
Maxwell,7,WOA-ABE,17,0.3527553379535675,180
Maxwell,7,WOA-ABE,18,0.3527553379535675,190
Maxwell,7,WOA-ABE,19,0.35272160172462463,200
Maxwell,7,WOA-ABE,20,0.35272160172462463,210
Maxwell,7,WOA-ABE,21,0.35199472308158875,220
Maxwell,7,WOA-ABE,22,0.35199472308158875,230
Maxwell,7,WOA-ABE,23,0.35199472308158875,240
Maxwell,7,WOA-ABE,24,0.34307658672332764,250
Maxwell,7,WOA-ABE,25,0.34307658672332764,260
Maxwell,7,WOA-ABE,26,0.3430594205856323,270
Maxwell,7,WOA-ABE,27,0.3430580496788025,280
Maxwell,7,WOA-ABE,28,0.34305375814437866,290
Maxwell,7,WOA-ABE,29,0.3430260419845581,300
Maxwell,7,WOA-ABE,30,0.3426990807056427,310
Maxwell,7,WOA-ABE,31,0.3426990807056427,320
Maxwell,7,WOA-ABE,32,0.3426990807056427,330
Maxwell,7,WOA-ABE,33,0.3426990807056427,340
Maxwell,7,WOA-ABE,34,0.3426990807056427,350
Maxwell,7,WOA-ABE,35,0.3426990807056427,360
Maxwell,7,WOA-ABE,36,0.3426990807056427,370
Maxwell,7,WOA-ABE,37,0.34264758229255676,380
Maxwell,7,WOA-ABE,38,0.34264758229255676,390
Maxwell,7,WOA-ABE,39,0.3426472246646881,400
Maxwell,7,WOA-ABE,40,0.3426472246646881,410
Maxwell,7,WOA-ABE,41,0.3426472246646881,420
Maxwell,7,WOA-ABE,42,0.3426472246646881,430
Maxwell,7,WOA-ABE,43,0.3426472246646881,440
Maxwell,7,WOA-ABE,44,0.3426472246646881,450
Maxwell,7,WOA-ABE,45,0.3426472246646881,460
Maxwell,7,WOA-ABE,46,0.3426472246646881,470
Maxwell,7,WOA-ABE,47,0.3426472246646881,480
Maxwell,7,WOA-ABE,48,0.3426472246646881,490
Maxwell,7,WOA-ABE,49,0.3426472246646881,500
Maxwell,7,WOA-ABE,50,0.3426472246646881,510
Maxwell,7,WOA-ABE,51,0.34263262152671814,520
Maxwell,7,WOA-ABE,52,0.34263262152671814,530
Maxwell,7,WOA-ABE,53,0.3426308035850525,540
Maxwell,7,WOA-ABE,54,0.3426295816898346,550
Maxwell,7,WOA-ABE,55,0.3426295816898346,560
Maxwell,7,WOA-ABE,56,0.3426295816898346,570
Maxwell,7,WOA-ABE,57,0.3426295816898346,580
Maxwell,7,WOA-ABE,58,0.3426295816898346,590
Maxwell,7,WOA-ABE,59,0.3426295816898346,600
Maxwell,7,WOA-ABE,60,0.3426295816898346,610
Maxwell,7,WOA-ABE,61,0.34261390566825867,620
Maxwell,7,WOA-ABE,62,0.34261390566825867,630
Maxwell,7,WOA-ABE,63,0.34261390566825867,640
Maxwell,7,WOA-ABE,64,0.34261390566825867,650
Maxwell,7,WOA-ABE,65,0.34261390566825867,660
Maxwell,7,WOA-ABE,66,0.3426116704940796,670
Maxwell,7,WOA-ABE,67,0.3426116704940796,680
Maxwell,7,WOA-ABE,68,0.3426087498664856,690
Maxwell,7,WOA-ABE,69,0.3426087498664856,700
Maxwell,7,WOA-ABE,70,0.34260761737823486,710
Maxwell,7,WOA-ABE,71,0.34260761737823486,720
Maxwell,7,WOA-ABE,72,0.34260526299476624,730
Maxwell,7,WOA-ABE,73,0.3425876498222351,740
Maxwell,7,WOA-ABE,74,0.34258708357810974,750
Maxwell,7,WOA-ABE,75,0.34258708357810974,760
Maxwell,7,WOA-ABE,76,0.34258708357810974,770
Maxwell,7,WOA-ABE,77,0.34258708357810974,780
Maxwell,7,WOA-ABE,78,0.34258708357810974,790
Maxwell,7,WOA-ABE,79,0.34258708357810974,800
Maxwell,7,WOA-ABE,80,0.34258708357810974,810
Maxwell,7,WOA-ABE,81,0.34258708357810974,820
Maxwell,7,WOA-ABE,82,0.3425869345664978,830
Maxwell,7,WOA-ABE,83,0.3425869345664978,840
Maxwell,7,WOA-ABE,84,0.3425847589969635,850
Maxwell,7,WOA-ABE,85,0.3425847589969635,860
Maxwell,7,WOA-ABE,86,0.3425847589969635,870
Maxwell,7,WOA-ABE,87,0.3425847589969635,880
Maxwell,7,WOA-ABE,88,0.3425823748111725,890
Maxwell,7,WOA-ABE,89,0.3425823748111725,900
Maxwell,7,WOA-ABE,90,0.3425823748111725,910
Maxwell,7,WOA-ABE,91,0.3425823748111725,920
Maxwell,7,WOA-ABE,92,0.3425823748111725,930
Maxwell,7,WOA-ABE,93,0.3425823748111725,940
Maxwell,7,WOA-ABE,94,0.3425823748111725,950
Maxwell,7,WOA-ABE,95,0.3425823748111725,960
Maxwell,7,WOA-ABE,96,0.3425823748111725,970
Maxwell,7,WOA-ABE,97,0.3425823748111725,980
Maxwell,7,WOA-ABE,98,0.3425823748111725,990
Maxwell,7,WOA-ABE,99,0.3425823748111725,1000
Maxwell,7,FAABE,0,0.6231166124343872,10
Maxwell,7,FAABE,1,0.5256077647209167,20
Maxwell,7,FAABE,2,0.5256077647209167,30
Maxwell,7,FAABE,3,0.5256077647209167,40
Maxwell,7,FAABE,4,0.47094297409057617,50
Maxwell,7,FAABE,5,0.47094297409057617,60
Maxwell,7,FAABE,6,0.47094297409057617,70
Maxwell,7,FAABE,7,0.47094297409057617,80
Maxwell,7,FAABE,8,0.47094297409057617,90
Maxwell,7,FAABE,9,0.47094297409057617,100
Maxwell,7,FAABE,10,0.47094297409057617,110
Maxwell,7,FAABE,11,0.4135652184486389,120
Maxwell,7,FAABE,12,0.4135652184486389,130
Maxwell,7,FAABE,13,0.4135652184486389,140
Maxwell,7,FAABE,14,0.4135652184486389,150
Maxwell,7,FAABE,15,0.4135652184486389,160
Maxwell,7,FAABE,16,0.4135652184486389,170
Maxwell,7,FAABE,17,0.4135652184486389,180
Maxwell,7,FAABE,18,0.4135652184486389,190
Maxwell,7,FAABE,19,0.4135652184486389,200
Maxwell,7,FAABE,20,0.4135652184486389,210
Maxwell,7,FAABE,21,0.4135652184486389,220
Maxwell,7,FAABE,22,0.4135652184486389,230
Maxwell,7,FAABE,23,0.4135652184486389,240
Maxwell,7,FAABE,24,0.4135652184486389,250
Maxwell,7,FAABE,25,0.4135652184486389,260
Maxwell,7,FAABE,26,0.4135652184486389,270
Maxwell,7,FAABE,27,0.4135652184486389,280
Maxwell,7,FAABE,28,0.4135652184486389,290
Maxwell,7,FAABE,29,0.4044048488140106,300
Maxwell,7,FAABE,30,0.4044048488140106,310
Maxwell,7,FAABE,31,0.4044048488140106,320
Maxwell,7,FAABE,32,0.4044048488140106,330
Maxwell,7,FAABE,33,0.4044048488140106,340
Maxwell,7,FAABE,34,0.4044048488140106,350
Maxwell,7,FAABE,35,0.4044048488140106,360
Maxwell,7,FAABE,36,0.4044048488140106,370
Maxwell,7,FAABE,37,0.4044048488140106,380
Maxwell,7,FAABE,38,0.4044048488140106,390
Maxwell,7,FAABE,39,0.39914610981941223,400
Maxwell,7,FAABE,40,0.39914610981941223,410
Maxwell,7,FAABE,41,0.3859998285770416,420
Maxwell,7,FAABE,42,0.3859998285770416,430
Maxwell,7,FAABE,43,0.3859998285770416,440
Maxwell,7,FAABE,44,0.3859998285770416,450
Maxwell,7,FAABE,45,0.3859998285770416,460
Maxwell,7,FAABE,46,0.3859998285770416,470
Maxwell,7,FAABE,47,0.3859998285770416,480
Maxwell,7,FAABE,48,0.3859998285770416,490
Maxwell,7,FAABE,49,0.3859998285770416,500
Maxwell,7,FAABE,50,0.3859998285770416,510
Maxwell,7,FAABE,51,0.3859998285770416,520
Maxwell,7,FAABE,52,0.3859998285770416,530
Maxwell,7,FAABE,53,0.3859998285770416,540
Maxwell,7,FAABE,54,0.3859998285770416,550
Maxwell,7,FAABE,55,0.3859998285770416,560
Maxwell,7,FAABE,56,0.3859998285770416,570
Maxwell,7,FAABE,57,0.3859998285770416,580
Maxwell,7,FAABE,58,0.3859998285770416,590
Maxwell,7,FAABE,59,0.3859998285770416,600
Maxwell,7,FAABE,60,0.3859998285770416,610
Maxwell,7,FAABE,61,0.3859998285770416,620
Maxwell,7,FAABE,62,0.3859998285770416,630
Maxwell,7,FAABE,63,0.3859998285770416,640
Maxwell,7,FAABE,64,0.3859998285770416,650
Maxwell,7,FAABE,65,0.3859998285770416,660
Maxwell,7,FAABE,66,0.3859998285770416,670
Maxwell,7,FAABE,67,0.3859998285770416,680
Maxwell,7,FAABE,68,0.3859998285770416,690
Maxwell,7,FAABE,69,0.3859998285770416,700
Maxwell,7,FAABE,70,0.3859998285770416,710
Maxwell,7,FAABE,71,0.3859998285770416,720
Maxwell,7,FAABE,72,0.3859998285770416,730
Maxwell,7,FAABE,73,0.3859998285770416,740
Maxwell,7,FAABE,74,0.3859998285770416,750
Maxwell,7,FAABE,75,0.3859998285770416,760
Maxwell,7,FAABE,76,0.3605477213859558,770
Maxwell,7,FAABE,77,0.3605477213859558,780
Maxwell,7,FAABE,78,0.3605477213859558,790
Maxwell,7,FAABE,79,0.3605477213859558,800
Maxwell,7,FAABE,80,0.3605477213859558,810
Maxwell,7,FAABE,81,0.3605477213859558,820
Maxwell,7,FAABE,82,0.3605477213859558,830
Maxwell,7,FAABE,83,0.3605477213859558,840
Maxwell,7,FAABE,84,0.3605477213859558,850
Maxwell,7,FAABE,85,0.3605477213859558,860
Maxwell,7,FAABE,86,0.3605477213859558,870
Maxwell,7,FAABE,87,0.3605477213859558,880
Maxwell,7,FAABE,88,0.3605477213859558,890
Maxwell,7,FAABE,89,0.3605477213859558,900
Maxwell,7,FAABE,90,0.3605477213859558,910
Maxwell,7,FAABE,91,0.3605477213859558,920
Maxwell,7,FAABE,92,0.3605477213859558,930
Maxwell,7,FAABE,93,0.3605477213859558,940
Maxwell,7,FAABE,94,0.3605477213859558,950
Maxwell,7,FAABE,95,0.3605477213859558,960
Maxwell,7,FAABE,96,0.3605477213859558,970
Maxwell,7,FAABE,97,0.3605477213859558,980
Maxwell,7,FAABE,98,0.3605477213859558,990
Maxwell,7,FAABE,99,0.3605477213859558,1000
Maxwell,8,GA-ABE,0,0.5476599335670471,10
Maxwell,8,GA-ABE,1,0.5476599335670471,20
Maxwell,8,GA-ABE,2,0.5476599335670471,30
Maxwell,8,GA-ABE,3,0.5403190851211548,40
Maxwell,8,GA-ABE,4,0.5403190851211548,50
Maxwell,8,GA-ABE,5,0.5137501358985901,60
Maxwell,8,GA-ABE,6,0.4940253496170044,70
Maxwell,8,GA-ABE,7,0.4766181707382202,80
Maxwell,8,GA-ABE,8,0.4766181707382202,90
Maxwell,8,GA-ABE,9,0.4766181707382202,100
Maxwell,8,GA-ABE,10,0.4766181707382202,110
Maxwell,8,GA-ABE,11,0.4766181707382202,120
Maxwell,8,GA-ABE,12,0.4747057557106018,130
Maxwell,8,GA-ABE,13,0.4747057557106018,140
Maxwell,8,GA-ABE,14,0.4747057557106018,150
Maxwell,8,GA-ABE,15,0.4747057557106018,160
Maxwell,8,GA-ABE,16,0.4729878008365631,170
Maxwell,8,GA-ABE,17,0.4729878008365631,180
Maxwell,8,GA-ABE,18,0.4729878008365631,190
Maxwell,8,GA-ABE,19,0.4729878008365631,200
Maxwell,8,GA-ABE,20,0.4729878008365631,210
Maxwell,8,GA-ABE,21,0.4729878008365631,220
Maxwell,8,GA-ABE,22,0.4675123989582062,230
Maxwell,8,GA-ABE,23,0.4675123989582062,240
Maxwell,8,GA-ABE,24,0.46603071689605713,250
Maxwell,8,GA-ABE,25,0.46603071689605713,260
Maxwell,8,GA-ABE,26,0.4626418948173523,270
Maxwell,8,GA-ABE,27,0.4626418948173523,280
Maxwell,8,GA-ABE,28,0.4626418948173523,290
Maxwell,8,GA-ABE,29,0.4468844532966614,300
Maxwell,8,GA-ABE,30,0.4468844532966614,310
Maxwell,8,GA-ABE,31,0.4468844532966614,320
Maxwell,8,GA-ABE,32,0.4468844532966614,330
Maxwell,8,GA-ABE,33,0.4468844532966614,340
Maxwell,8,GA-ABE,34,0.4432290196418762,350
Maxwell,8,GA-ABE,35,0.4432290196418762,360
Maxwell,8,GA-ABE,36,0.4376148581504822,370
Maxwell,8,GA-ABE,37,0.4192765951156616,380
Maxwell,8,GA-ABE,38,0.4192765951156616,390
Maxwell,8,GA-ABE,39,0.4192765951156616,400
Maxwell,8,GA-ABE,40,0.4192765951156616,410
Maxwell,8,GA-ABE,41,0.4192765951156616,420
Maxwell,8,GA-ABE,42,0.4192765951156616,430
Maxwell,8,GA-ABE,43,0.41821199655532837,440
Maxwell,8,GA-ABE,44,0.4157843291759491,450
Maxwell,8,GA-ABE,45,0.4157843291759491,460
Maxwell,8,GA-ABE,46,0.4157842993736267,470
Maxwell,8,GA-ABE,47,0.4157842993736267,480
Maxwell,8,GA-ABE,48,0.41450244188308716,490
Maxwell,8,GA-ABE,49,0.41450244188308716,500
Maxwell,8,GA-ABE,50,0.41450244188308716,510
Maxwell,8,GA-ABE,51,0.4130360782146454,520
Maxwell,8,GA-ABE,52,0.4130360782146454,530
Maxwell,8,GA-ABE,53,0.4130360782146454,540
Maxwell,8,GA-ABE,54,0.4130360782146454,550
Maxwell,8,GA-ABE,55,0.4130360782146454,560
Maxwell,8,GA-ABE,56,0.4121362864971161,570
Maxwell,8,GA-ABE,57,0.39485594630241394,580
Maxwell,8,GA-ABE,58,0.39485594630241394,590
Maxwell,8,GA-ABE,59,0.39485594630241394,600
Maxwell,8,GA-ABE,60,0.38855597376823425,610
Maxwell,8,GA-ABE,61,0.3885503113269806,620
Maxwell,8,GA-ABE,62,0.35097381472587585,630
Maxwell,8,GA-ABE,63,0.35097381472587585,640
Maxwell,8,GA-ABE,64,0.35097381472587585,650
Maxwell,8,GA-ABE,65,0.35097381472587585,660
Maxwell,8,GA-ABE,66,0.35097381472587585,670
Maxwell,8,GA-ABE,67,0.35097381472587585,680
Maxwell,8,GA-ABE,68,0.35089439153671265,690
Maxwell,8,GA-ABE,69,0.3508361876010895,700
Maxwell,8,GA-ABE,70,0.3508361876010895,710
Maxwell,8,GA-ABE,71,0.3508361876010895,720
Maxwell,8,GA-ABE,72,0.3508361876010895,730
Maxwell,8,GA-ABE,73,0.3508304953575134,740
Maxwell,8,GA-ABE,74,0.3508304953575134,750
Maxwell,8,GA-ABE,75,0.35083046555519104,760
Maxwell,8,GA-ABE,76,0.35083046555519104,770
Maxwell,8,GA-ABE,77,0.35083046555519104,780
Maxwell,8,GA-ABE,78,0.35083046555519104,790
Maxwell,8,GA-ABE,79,0.35083046555519104,800
Maxwell,8,GA-ABE,80,0.35083046555519104,810
Maxwell,8,GA-ABE,81,0.35072728991508484,820
Maxwell,8,GA-ABE,82,0.35072728991508484,830
Maxwell,8,GA-ABE,83,0.3488079905509949,840
Maxwell,8,GA-ABE,84,0.3488079905509949,850
Maxwell,8,GA-ABE,85,0.33900147676467896,860
Maxwell,8,GA-ABE,86,0.33900147676467896,870
Maxwell,8,GA-ABE,87,0.3376034200191498,880
Maxwell,8,GA-ABE,88,0.3376034200191498,890
Maxwell,8,GA-ABE,89,0.33751922845840454,900
Maxwell,8,GA-ABE,90,0.33751922845840454,910
Maxwell,8,GA-ABE,91,0.33680686354637146,920
Maxwell,8,GA-ABE,92,0.33680686354637146,930
Maxwell,8,GA-ABE,93,0.33680686354637146,940
Maxwell,8,GA-ABE,94,0.33680686354637146,950
Maxwell,8,GA-ABE,95,0.33680686354637146,960
Maxwell,8,GA-ABE,96,0.33680686354637146,970
Maxwell,8,GA-ABE,97,0.33680686354637146,980
Maxwell,8,GA-ABE,98,0.33680686354637146,990
Maxwell,8,GA-ABE,99,0.33680686354637146,1000
Maxwell,8,PSO-ABE,0,0.618864893913269,10
Maxwell,8,PSO-ABE,1,0.5668137073516846,20
Maxwell,8,PSO-ABE,2,0.5085776448249817,30
Maxwell,8,PSO-ABE,3,0.47690901160240173,40
Maxwell,8,PSO-ABE,4,0.40518587827682495,50
Maxwell,8,PSO-ABE,5,0.3896119296550751,60
Maxwell,8,PSO-ABE,6,0.38393086194992065,70
Maxwell,8,PSO-ABE,7,0.38393086194992065,80
Maxwell,8,PSO-ABE,8,0.38323527574539185,90
Maxwell,8,PSO-ABE,9,0.38323527574539185,100
Maxwell,8,PSO-ABE,10,0.38323527574539185,110
Maxwell,8,PSO-ABE,11,0.38323527574539185,120
Maxwell,8,PSO-ABE,12,0.38323527574539185,130
Maxwell,8,PSO-ABE,13,0.38323527574539185,140
Maxwell,8,PSO-ABE,14,0.38323527574539185,150
Maxwell,8,PSO-ABE,15,0.37888190150260925,160
Maxwell,8,PSO-ABE,16,0.37888190150260925,170
Maxwell,8,PSO-ABE,17,0.37888190150260925,180
Maxwell,8,PSO-ABE,18,0.3774777948856354,190
Maxwell,8,PSO-ABE,19,0.3774777948856354,200
Maxwell,8,PSO-ABE,20,0.3774777948856354,210
Maxwell,8,PSO-ABE,21,0.37621819972991943,220
Maxwell,8,PSO-ABE,22,0.37621819972991943,230
Maxwell,8,PSO-ABE,23,0.37608274817466736,240
Maxwell,8,PSO-ABE,24,0.3759785592556,250
Maxwell,8,PSO-ABE,25,0.37516847252845764,260
Maxwell,8,PSO-ABE,26,0.3751455247402191,270
Maxwell,8,PSO-ABE,27,0.3751455247402191,280
Maxwell,8,PSO-ABE,28,0.3751455247402191,290
Maxwell,8,PSO-ABE,29,0.3751365840435028,300
Maxwell,8,PSO-ABE,30,0.3751365840435028,310
Maxwell,8,PSO-ABE,31,0.3751278817653656,320
Maxwell,8,PSO-ABE,32,0.3751278817653656,330
Maxwell,8,PSO-ABE,33,0.3751278817653656,340
Maxwell,8,PSO-ABE,34,0.37486374378204346,350
Maxwell,8,PSO-ABE,35,0.37486374378204346,360
Maxwell,8,PSO-ABE,36,0.37486374378204346,370
Maxwell,8,PSO-ABE,37,0.37486374378204346,380
Maxwell,8,PSO-ABE,38,0.37401217222213745,390
Maxwell,8,PSO-ABE,39,0.37401217222213745,400
Maxwell,8,PSO-ABE,40,0.37401217222213745,410
Maxwell,8,PSO-ABE,41,0.37401217222213745,420
Maxwell,8,PSO-ABE,42,0.37401217222213745,430
Maxwell,8,PSO-ABE,43,0.37401217222213745,440
Maxwell,8,PSO-ABE,44,0.37401217222213745,450
Maxwell,8,PSO-ABE,45,0.37401217222213745,460
Maxwell,8,PSO-ABE,46,0.37401217222213745,470
Maxwell,8,PSO-ABE,47,0.37401217222213745,480
Maxwell,8,PSO-ABE,48,0.37401217222213745,490
Maxwell,8,PSO-ABE,49,0.37401217222213745,500
Maxwell,8,PSO-ABE,50,0.37401217222213745,510
Maxwell,8,PSO-ABE,51,0.37401217222213745,520
Maxwell,8,PSO-ABE,52,0.37401217222213745,530
Maxwell,8,PSO-ABE,53,0.37401217222213745,540
Maxwell,8,PSO-ABE,54,0.37401217222213745,550
Maxwell,8,PSO-ABE,55,0.37401217222213745,560
Maxwell,8,PSO-ABE,56,0.37401217222213745,570
Maxwell,8,PSO-ABE,57,0.37401217222213745,580
Maxwell,8,PSO-ABE,58,0.37401217222213745,590
Maxwell,8,PSO-ABE,59,0.37401217222213745,600
Maxwell,8,PSO-ABE,60,0.37401217222213745,610
Maxwell,8,PSO-ABE,61,0.37401217222213745,620
Maxwell,8,PSO-ABE,62,0.37401217222213745,630
Maxwell,8,PSO-ABE,63,0.37401217222213745,640
Maxwell,8,PSO-ABE,64,0.37401217222213745,650
Maxwell,8,PSO-ABE,65,0.37401217222213745,660
Maxwell,8,PSO-ABE,66,0.37401217222213745,670
Maxwell,8,PSO-ABE,67,0.37401217222213745,680
Maxwell,8,PSO-ABE,68,0.37401217222213745,690
Maxwell,8,PSO-ABE,69,0.37401217222213745,700
Maxwell,8,PSO-ABE,70,0.37401217222213745,710
Maxwell,8,PSO-ABE,71,0.37401217222213745,720
Maxwell,8,PSO-ABE,72,0.37401217222213745,730
Maxwell,8,PSO-ABE,73,0.37401217222213745,740
Maxwell,8,PSO-ABE,74,0.37401217222213745,750
Maxwell,8,PSO-ABE,75,0.37401217222213745,760
Maxwell,8,PSO-ABE,76,0.37401217222213745,770
Maxwell,8,PSO-ABE,77,0.37401217222213745,780
Maxwell,8,PSO-ABE,78,0.37401217222213745,790
Maxwell,8,PSO-ABE,79,0.37401217222213745,800
Maxwell,8,PSO-ABE,80,0.37401217222213745,810
Maxwell,8,PSO-ABE,81,0.37401217222213745,820
Maxwell,8,PSO-ABE,82,0.37401217222213745,830
Maxwell,8,PSO-ABE,83,0.37401217222213745,840
Maxwell,8,PSO-ABE,84,0.37284785509109497,850
Maxwell,8,PSO-ABE,85,0.37284785509109497,860
Maxwell,8,PSO-ABE,86,0.37284785509109497,870
Maxwell,8,PSO-ABE,87,0.37284785509109497,880
Maxwell,8,PSO-ABE,88,0.37284785509109497,890
Maxwell,8,PSO-ABE,89,0.37284785509109497,900
Maxwell,8,PSO-ABE,90,0.37284785509109497,910
Maxwell,8,PSO-ABE,91,0.37284785509109497,920
Maxwell,8,PSO-ABE,92,0.37284785509109497,930
Maxwell,8,PSO-ABE,93,0.37284785509109497,940
Maxwell,8,PSO-ABE,94,0.37284785509109497,950
Maxwell,8,PSO-ABE,95,0.37284785509109497,960
Maxwell,8,PSO-ABE,96,0.37284785509109497,970
Maxwell,8,PSO-ABE,97,0.37284785509109497,980
Maxwell,8,PSO-ABE,98,0.37284785509109497,990
Maxwell,8,PSO-ABE,99,0.37284785509109497,1000
Maxwell,8,DE-ABE,0,0.6394068002700806,10
Maxwell,8,DE-ABE,1,0.6394068002700806,20
Maxwell,8,DE-ABE,2,0.6394068002700806,30
Maxwell,8,DE-ABE,3,0.5723419189453125,40
Maxwell,8,DE-ABE,4,0.5462628602981567,50
Maxwell,8,DE-ABE,5,0.5462628602981567,60
Maxwell,8,DE-ABE,6,0.5462628602981567,70
Maxwell,8,DE-ABE,7,0.5431845784187317,80
Maxwell,8,DE-ABE,8,0.5431845784187317,90
Maxwell,8,DE-ABE,9,0.5358045101165771,100
Maxwell,8,DE-ABE,10,0.5178268551826477,110
Maxwell,8,DE-ABE,11,0.5178268551826477,120
Maxwell,8,DE-ABE,12,0.5032194256782532,130
Maxwell,8,DE-ABE,13,0.5032194256782532,140
Maxwell,8,DE-ABE,14,0.5032194256782532,150
Maxwell,8,DE-ABE,15,0.5010160207748413,160
Maxwell,8,DE-ABE,16,0.5010160207748413,170
Maxwell,8,DE-ABE,17,0.5010160207748413,180
Maxwell,8,DE-ABE,18,0.4974462389945984,190
Maxwell,8,DE-ABE,19,0.4974011480808258,200
Maxwell,8,DE-ABE,20,0.4971984028816223,210
Maxwell,8,DE-ABE,21,0.4971984028816223,220
Maxwell,8,DE-ABE,22,0.49633339047431946,230
Maxwell,8,DE-ABE,23,0.4867725670337677,240
Maxwell,8,DE-ABE,24,0.4867725670337677,250
Maxwell,8,DE-ABE,25,0.4867725670337677,260
Maxwell,8,DE-ABE,26,0.4867725670337677,270
Maxwell,8,DE-ABE,27,0.4867725670337677,280
Maxwell,8,DE-ABE,28,0.4867725670337677,290
Maxwell,8,DE-ABE,29,0.4867725670337677,300
Maxwell,8,DE-ABE,30,0.48529767990112305,310
Maxwell,8,DE-ABE,31,0.4819246828556061,320
Maxwell,8,DE-ABE,32,0.4819246828556061,330
Maxwell,8,DE-ABE,33,0.4819246828556061,340
Maxwell,8,DE-ABE,34,0.4818161129951477,350
Maxwell,8,DE-ABE,35,0.4818161129951477,360
Maxwell,8,DE-ABE,36,0.47701892256736755,370
Maxwell,8,DE-ABE,37,0.4769703149795532,380
Maxwell,8,DE-ABE,38,0.4769638478755951,390
Maxwell,8,DE-ABE,39,0.4769638478755951,400
Maxwell,8,DE-ABE,40,0.4769638478755951,410
Maxwell,8,DE-ABE,41,0.4769638478755951,420
Maxwell,8,DE-ABE,42,0.4769638478755951,430
Maxwell,8,DE-ABE,43,0.4769638478755951,440
Maxwell,8,DE-ABE,44,0.4769476652145386,450
Maxwell,8,DE-ABE,45,0.4769476652145386,460
Maxwell,8,DE-ABE,46,0.4769476652145386,470
Maxwell,8,DE-ABE,47,0.4769476652145386,480
Maxwell,8,DE-ABE,48,0.47692111134529114,490
Maxwell,8,DE-ABE,49,0.47692111134529114,500
Maxwell,8,DE-ABE,50,0.47692111134529114,510
Maxwell,8,DE-ABE,51,0.47691044211387634,520
Maxwell,8,DE-ABE,52,0.47691044211387634,530
Maxwell,8,DE-ABE,53,0.4768935739994049,540
Maxwell,8,DE-ABE,54,0.4768935739994049,550
Maxwell,8,DE-ABE,55,0.4768935739994049,560
Maxwell,8,DE-ABE,56,0.4768858850002289,570
Maxwell,8,DE-ABE,57,0.4768858850002289,580
Maxwell,8,DE-ABE,58,0.4768856167793274,590
Maxwell,8,DE-ABE,59,0.4768856167793274,600
Maxwell,8,DE-ABE,60,0.4768856167793274,610
Maxwell,8,DE-ABE,61,0.4768775403499603,620
Maxwell,8,DE-ABE,62,0.4768775403499603,630
Maxwell,8,DE-ABE,63,0.4768775403499603,640
Maxwell,8,DE-ABE,64,0.4768749177455902,650
Maxwell,8,DE-ABE,65,0.4768749177455902,660
Maxwell,8,DE-ABE,66,0.4768645763397217,670
Maxwell,8,DE-ABE,67,0.47686347365379333,680
Maxwell,8,DE-ABE,68,0.47686293721199036,690
Maxwell,8,DE-ABE,69,0.47685912251472473,700
Maxwell,8,DE-ABE,70,0.47685110569000244,710
Maxwell,8,DE-ABE,71,0.47685110569000244,720
Maxwell,8,DE-ABE,72,0.4768484830856323,730
Maxwell,8,DE-ABE,73,0.4768484830856323,740
Maxwell,8,DE-ABE,74,0.4768441319465637,750
Maxwell,8,DE-ABE,75,0.4768413007259369,760
Maxwell,8,DE-ABE,76,0.47683560848236084,770
Maxwell,8,DE-ABE,77,0.476834237575531,780
Maxwell,8,DE-ABE,78,0.4768317937850952,790
Maxwell,8,DE-ABE,79,0.4768308699131012,800
Maxwell,8,DE-ABE,80,0.4768301844596863,810
Maxwell,8,DE-ABE,81,0.4768301844596863,820
Maxwell,8,DE-ABE,82,0.4768301844596863,830
Maxwell,8,DE-ABE,83,0.47682899236679077,840
Maxwell,8,DE-ABE,84,0.47682899236679077,850
Maxwell,8,DE-ABE,85,0.47682812809944153,860
Maxwell,8,DE-ABE,86,0.47682812809944153,870
Maxwell,8,DE-ABE,87,0.4768272340297699,880
Maxwell,8,DE-ABE,88,0.47682395577430725,890
Maxwell,8,DE-ABE,89,0.4768235981464386,900
Maxwell,8,DE-ABE,90,0.4768235981464386,910
Maxwell,8,DE-ABE,91,0.47682273387908936,920
Maxwell,8,DE-ABE,92,0.4768108129501343,930
Maxwell,8,DE-ABE,93,0.4768108129501343,940
Maxwell,8,DE-ABE,94,0.4768108129501343,950
Maxwell,8,DE-ABE,95,0.47680944204330444,960
Maxwell,8,DE-ABE,96,0.47680434584617615,970
Maxwell,8,DE-ABE,97,0.47680047154426575,980
Maxwell,8,DE-ABE,98,0.47680047154426575,990
Maxwell,8,DE-ABE,99,0.47680047154426575,1000
Maxwell,8,GWO-ABE,0,0.6508435606956482,10
Maxwell,8,GWO-ABE,1,0.5419399738311768,20
Maxwell,8,GWO-ABE,2,0.5245770812034607,30
Maxwell,8,GWO-ABE,3,0.508156418800354,40
Maxwell,8,GWO-ABE,4,0.4977274239063263,50
Maxwell,8,GWO-ABE,5,0.5673443078994751,60
Maxwell,8,GWO-ABE,6,0.5094774961471558,70
Maxwell,8,GWO-ABE,7,0.4397999346256256,80
Maxwell,8,GWO-ABE,8,0.4408503770828247,90
Maxwell,8,GWO-ABE,9,0.4603479206562042,100
Maxwell,8,GWO-ABE,10,0.4322681725025177,110
Maxwell,8,GWO-ABE,11,0.42223885655403137,120
Maxwell,8,GWO-ABE,12,0.41815492510795593,130
Maxwell,8,GWO-ABE,13,0.4112296998500824,140
Maxwell,8,GWO-ABE,14,0.38188478350639343,150
Maxwell,8,GWO-ABE,15,0.3752259314060211,160
Maxwell,8,GWO-ABE,16,0.36573630571365356,170
Maxwell,8,GWO-ABE,17,0.3755172789096832,180
Maxwell,8,GWO-ABE,18,0.3522883653640747,190
Maxwell,8,GWO-ABE,19,0.36146390438079834,200
Maxwell,8,GWO-ABE,20,0.3729661703109741,210
Maxwell,8,GWO-ABE,21,0.3652011454105377,220
Maxwell,8,GWO-ABE,22,0.3676028549671173,230
Maxwell,8,GWO-ABE,23,0.36730244755744934,240
Maxwell,8,GWO-ABE,24,0.3606584966182709,250
Maxwell,8,GWO-ABE,25,0.35141488909721375,260
Maxwell,8,GWO-ABE,26,0.34589606523513794,270
Maxwell,8,GWO-ABE,27,0.33542922139167786,280
Maxwell,8,GWO-ABE,28,0.35658136010169983,290
Maxwell,8,GWO-ABE,29,0.35395801067352295,300
Maxwell,8,GWO-ABE,30,0.3418731093406677,310
Maxwell,8,GWO-ABE,31,0.3523571789264679,320
Maxwell,8,GWO-ABE,32,0.34618085622787476,330
Maxwell,8,GWO-ABE,33,0.3563075363636017,340
Maxwell,8,GWO-ABE,34,0.36787179112434387,350
Maxwell,8,GWO-ABE,35,0.35934096574783325,360
Maxwell,8,GWO-ABE,36,0.35129058361053467,370
Maxwell,8,GWO-ABE,37,0.35832226276397705,380
Maxwell,8,GWO-ABE,38,0.3285452425479889,390
Maxwell,8,GWO-ABE,39,0.33797013759613037,400
Maxwell,8,GWO-ABE,40,0.34698066115379333,410
Maxwell,8,GWO-ABE,41,0.3351558744907379,420
Maxwell,8,GWO-ABE,42,0.34608277678489685,430
Maxwell,8,GWO-ABE,43,0.34934017062187195,440
Maxwell,8,GWO-ABE,44,0.35760432481765747,450
Maxwell,8,GWO-ABE,45,0.34956324100494385,460
Maxwell,8,GWO-ABE,46,0.3468518853187561,470
Maxwell,8,GWO-ABE,47,0.32134270668029785,480
Maxwell,8,GWO-ABE,48,0.32830172777175903,490
Maxwell,8,GWO-ABE,49,0.3397299349308014,500
Maxwell,8,GWO-ABE,50,0.3471206724643707,510
Maxwell,8,GWO-ABE,51,0.33431726694107056,520
Maxwell,8,GWO-ABE,52,0.3410695791244507,530
Maxwell,8,GWO-ABE,53,0.3412694036960602,540
Maxwell,8,GWO-ABE,54,0.34737762808799744,550
Maxwell,8,GWO-ABE,55,0.3349900543689728,560
Maxwell,8,GWO-ABE,56,0.33771806955337524,570
Maxwell,8,GWO-ABE,57,0.3351132273674011,580
Maxwell,8,GWO-ABE,58,0.3281753957271576,590
Maxwell,8,GWO-ABE,59,0.33717313408851624,600
Maxwell,8,GWO-ABE,60,0.3232857584953308,610
Maxwell,8,GWO-ABE,61,0.32595884799957275,620
Maxwell,8,GWO-ABE,62,0.3325839638710022,630
Maxwell,8,GWO-ABE,63,0.3262600004673004,640
Maxwell,8,GWO-ABE,64,0.32505545020103455,650
Maxwell,8,GWO-ABE,65,0.3259757161140442,660
Maxwell,8,GWO-ABE,66,0.3302445411682129,670
Maxwell,8,GWO-ABE,67,0.3333624005317688,680
Maxwell,8,GWO-ABE,68,0.32540446519851685,690
Maxwell,8,GWO-ABE,69,0.3331071734428406,700
Maxwell,8,GWO-ABE,70,0.315965861082077,710
Maxwell,8,GWO-ABE,71,0.31428366899490356,720
Maxwell,8,GWO-ABE,72,0.32085686922073364,730
Maxwell,8,GWO-ABE,73,0.33379894495010376,740
Maxwell,8,GWO-ABE,74,0.3334204852581024,750
Maxwell,8,GWO-ABE,75,0.32779428362846375,760
Maxwell,8,GWO-ABE,76,0.33058106899261475,770
Maxwell,8,GWO-ABE,77,0.32907068729400635,780
Maxwell,8,GWO-ABE,78,0.32772862911224365,790
Maxwell,8,GWO-ABE,79,0.3290245234966278,800
Maxwell,8,GWO-ABE,80,0.3256838321685791,810
Maxwell,8,GWO-ABE,81,0.32745179533958435,820
Maxwell,8,GWO-ABE,82,0.3262259066104889,830
Maxwell,8,GWO-ABE,83,0.33223897218704224,840
Maxwell,8,GWO-ABE,84,0.321447491645813,850
Maxwell,8,GWO-ABE,85,0.3217303454875946,860
Maxwell,8,GWO-ABE,86,0.32552993297576904,870
Maxwell,8,GWO-ABE,87,0.3302328288555145,880
Maxwell,8,GWO-ABE,88,0.3240947425365448,890
Maxwell,8,GWO-ABE,89,0.3267015218734741,900
Maxwell,8,GWO-ABE,90,0.3289724588394165,910
Maxwell,8,GWO-ABE,91,0.32254546880722046,920
Maxwell,8,GWO-ABE,92,0.3182130455970764,930
Maxwell,8,GWO-ABE,93,0.3186453580856323,940
Maxwell,8,GWO-ABE,94,0.32039719820022583,950
Maxwell,8,GWO-ABE,95,0.32039976119995117,960
Maxwell,8,GWO-ABE,96,0.32030239701271057,970
Maxwell,8,GWO-ABE,97,0.3202882707118988,980
Maxwell,8,GWO-ABE,98,0.320278525352478,990
Maxwell,8,GWO-ABE,99,0.32027968764305115,1000
Maxwell,8,WOA-ABE,0,0.64168381690979,10
Maxwell,8,WOA-ABE,1,0.5434200167655945,20
Maxwell,8,WOA-ABE,2,0.48587745428085327,30
Maxwell,8,WOA-ABE,3,0.4847301244735718,40
Maxwell,8,WOA-ABE,4,0.48343247175216675,50
Maxwell,8,WOA-ABE,5,0.47241437435150146,60
Maxwell,8,WOA-ABE,6,0.4404323101043701,70
Maxwell,8,WOA-ABE,7,0.4404323101043701,80
Maxwell,8,WOA-ABE,8,0.4404323101043701,90
Maxwell,8,WOA-ABE,9,0.42282575368881226,100
Maxwell,8,WOA-ABE,10,0.4225279688835144,110
Maxwell,8,WOA-ABE,11,0.4058259427547455,120
Maxwell,8,WOA-ABE,12,0.4058259427547455,130
Maxwell,8,WOA-ABE,13,0.39213746786117554,140
Maxwell,8,WOA-ABE,14,0.39213746786117554,150
Maxwell,8,WOA-ABE,15,0.3920900523662567,160
Maxwell,8,WOA-ABE,16,0.3896806836128235,170
Maxwell,8,WOA-ABE,17,0.3819340169429779,180
Maxwell,8,WOA-ABE,18,0.3819340169429779,190
Maxwell,8,WOA-ABE,19,0.3819340169429779,200
Maxwell,8,WOA-ABE,20,0.3819340169429779,210
Maxwell,8,WOA-ABE,21,0.3805919289588928,220
Maxwell,8,WOA-ABE,22,0.3805919289588928,230
Maxwell,8,WOA-ABE,23,0.3805919289588928,240
Maxwell,8,WOA-ABE,24,0.3750562369823456,250
Maxwell,8,WOA-ABE,25,0.3750562369823456,260
Maxwell,8,WOA-ABE,26,0.3750562369823456,270
Maxwell,8,WOA-ABE,27,0.37394604086875916,280
Maxwell,8,WOA-ABE,28,0.37394604086875916,290
Maxwell,8,WOA-ABE,29,0.37394604086875916,300
Maxwell,8,WOA-ABE,30,0.3738996386528015,310
Maxwell,8,WOA-ABE,31,0.3738371431827545,320
Maxwell,8,WOA-ABE,32,0.3738371431827545,330
Maxwell,8,WOA-ABE,33,0.3738228678703308,340
Maxwell,8,WOA-ABE,34,0.37380683422088623,350
Maxwell,8,WOA-ABE,35,0.37380683422088623,360
Maxwell,8,WOA-ABE,36,0.37380683422088623,370
Maxwell,8,WOA-ABE,37,0.37380683422088623,380
Maxwell,8,WOA-ABE,38,0.37377673387527466,390
Maxwell,8,WOA-ABE,39,0.3737596273422241,400
Maxwell,8,WOA-ABE,40,0.3737580478191376,410
Maxwell,8,WOA-ABE,41,0.3737580478191376,420
Maxwell,8,WOA-ABE,42,0.36330798268318176,430
Maxwell,8,WOA-ABE,43,0.358953595161438,440
Maxwell,8,WOA-ABE,44,0.358953595161438,450
Maxwell,8,WOA-ABE,45,0.358953595161438,460
Maxwell,8,WOA-ABE,46,0.358953595161438,470
Maxwell,8,WOA-ABE,47,0.3589535057544708,480
Maxwell,8,WOA-ABE,48,0.35894763469696045,490
Maxwell,8,WOA-ABE,49,0.35894763469696045,500
Maxwell,8,WOA-ABE,50,0.35699164867401123,510
Maxwell,8,WOA-ABE,51,0.35699015855789185,520
Maxwell,8,WOA-ABE,52,0.3569820821285248,530
Maxwell,8,WOA-ABE,53,0.3569820821285248,540
Maxwell,8,WOA-ABE,54,0.3569820821285248,550
Maxwell,8,WOA-ABE,55,0.35698169469833374,560
Maxwell,8,WOA-ABE,56,0.35698169469833374,570
Maxwell,8,WOA-ABE,57,0.356967568397522,580
Maxwell,8,WOA-ABE,58,0.356967568397522,590
Maxwell,8,WOA-ABE,59,0.3569674789905548,600
Maxwell,8,WOA-ABE,60,0.3569674789905548,610
Maxwell,8,WOA-ABE,61,0.3569674789905548,620
Maxwell,8,WOA-ABE,62,0.3569674789905548,630
Maxwell,8,WOA-ABE,63,0.3569674789905548,640
Maxwell,8,WOA-ABE,64,0.3569674789905548,650
Maxwell,8,WOA-ABE,65,0.3569674789905548,660
Maxwell,8,WOA-ABE,66,0.356962114572525,670
Maxwell,8,WOA-ABE,67,0.356962114572525,680
Maxwell,8,WOA-ABE,68,0.3569592833518982,690
Maxwell,8,WOA-ABE,69,0.3569592535495758,700
Maxwell,8,WOA-ABE,70,0.3569592535495758,710
Maxwell,8,WOA-ABE,71,0.3569592535495758,720
Maxwell,8,WOA-ABE,72,0.35693490505218506,730
Maxwell,8,WOA-ABE,73,0.35693490505218506,740
Maxwell,8,WOA-ABE,74,0.35693490505218506,750
Maxwell,8,WOA-ABE,75,0.35693490505218506,760
Maxwell,8,WOA-ABE,76,0.35693490505218506,770
Maxwell,8,WOA-ABE,77,0.35693490505218506,780
Maxwell,8,WOA-ABE,78,0.35693490505218506,790
Maxwell,8,WOA-ABE,79,0.35693490505218506,800
Maxwell,8,WOA-ABE,80,0.35692861676216125,810
Maxwell,8,WOA-ABE,81,0.35692861676216125,820
Maxwell,8,WOA-ABE,82,0.35692861676216125,830
Maxwell,8,WOA-ABE,83,0.35692861676216125,840
Maxwell,8,WOA-ABE,84,0.35692861676216125,850
Maxwell,8,WOA-ABE,85,0.35691219568252563,860
Maxwell,8,WOA-ABE,86,0.3569079041481018,870
Maxwell,8,WOA-ABE,87,0.3569079041481018,880
Maxwell,8,WOA-ABE,88,0.3569079041481018,890
Maxwell,8,WOA-ABE,89,0.35690727829933167,900
Maxwell,8,WOA-ABE,90,0.35690727829933167,910
Maxwell,8,WOA-ABE,91,0.35690727829933167,920
Maxwell,8,WOA-ABE,92,0.35690727829933167,930
Maxwell,8,WOA-ABE,93,0.35690727829933167,940
Maxwell,8,WOA-ABE,94,0.3568834662437439,950
Maxwell,8,WOA-ABE,95,0.3568834662437439,960
Maxwell,8,WOA-ABE,96,0.3568834662437439,970
Maxwell,8,WOA-ABE,97,0.3568834662437439,980
Maxwell,8,WOA-ABE,98,0.3568834662437439,990
Maxwell,8,WOA-ABE,99,0.3568834662437439,1000
Maxwell,8,FAABE,0,0.6659344434738159,10
Maxwell,8,FAABE,1,0.516271710395813,20
Maxwell,8,FAABE,2,0.516271710395813,30
Maxwell,8,FAABE,3,0.516271710395813,40
Maxwell,8,FAABE,4,0.516271710395813,50
Maxwell,8,FAABE,5,0.516271710395813,60
Maxwell,8,FAABE,6,0.49026694893836975,70
Maxwell,8,FAABE,7,0.48770803213119507,80
Maxwell,8,FAABE,8,0.48770803213119507,90
Maxwell,8,FAABE,9,0.48770803213119507,100
Maxwell,8,FAABE,10,0.4667576551437378,110
Maxwell,8,FAABE,11,0.4667576551437378,120
Maxwell,8,FAABE,12,0.4667576551437378,130
Maxwell,8,FAABE,13,0.4667576551437378,140
Maxwell,8,FAABE,14,0.4667576551437378,150
Maxwell,8,FAABE,15,0.46143391728401184,160
Maxwell,8,FAABE,16,0.4457809329032898,170
Maxwell,8,FAABE,17,0.4457809329032898,180
Maxwell,8,FAABE,18,0.4457809329032898,190
Maxwell,8,FAABE,19,0.4457809329032898,200
Maxwell,8,FAABE,20,0.4457809329032898,210
Maxwell,8,FAABE,21,0.4457809329032898,220
Maxwell,8,FAABE,22,0.4457809329032898,230
Maxwell,8,FAABE,23,0.4457809329032898,240
Maxwell,8,FAABE,24,0.4457809329032898,250
Maxwell,8,FAABE,25,0.4457809329032898,260
Maxwell,8,FAABE,26,0.42818424105644226,270
Maxwell,8,FAABE,27,0.42818424105644226,280
Maxwell,8,FAABE,28,0.42818424105644226,290
Maxwell,8,FAABE,29,0.42818424105644226,300
Maxwell,8,FAABE,30,0.42818424105644226,310
Maxwell,8,FAABE,31,0.42818424105644226,320
Maxwell,8,FAABE,32,0.42818424105644226,330
Maxwell,8,FAABE,33,0.42818424105644226,340
Maxwell,8,FAABE,34,0.42818424105644226,350
Maxwell,8,FAABE,35,0.4173426926136017,360
Maxwell,8,FAABE,36,0.41299352049827576,370
Maxwell,8,FAABE,37,0.41299352049827576,380
Maxwell,8,FAABE,38,0.41299352049827576,390
Maxwell,8,FAABE,39,0.41220489144325256,400
Maxwell,8,FAABE,40,0.4091344177722931,410
Maxwell,8,FAABE,41,0.4091344177722931,420
Maxwell,8,FAABE,42,0.4081592857837677,430
Maxwell,8,FAABE,43,0.40546098351478577,440
Maxwell,8,FAABE,44,0.40546098351478577,450
Maxwell,8,FAABE,45,0.40546098351478577,460
Maxwell,8,FAABE,46,0.40546098351478577,470
Maxwell,8,FAABE,47,0.40546098351478577,480
Maxwell,8,FAABE,48,0.40546098351478577,490
Maxwell,8,FAABE,49,0.40546098351478577,500
Maxwell,8,FAABE,50,0.40546098351478577,510
Maxwell,8,FAABE,51,0.40546098351478577,520
Maxwell,8,FAABE,52,0.40546098351478577,530
Maxwell,8,FAABE,53,0.40546098351478577,540
Maxwell,8,FAABE,54,0.40546098351478577,550
Maxwell,8,FAABE,55,0.40546098351478577,560
Maxwell,8,FAABE,56,0.40546098351478577,570
Maxwell,8,FAABE,57,0.40546098351478577,580
Maxwell,8,FAABE,58,0.40546098351478577,590
Maxwell,8,FAABE,59,0.40546098351478577,600
Maxwell,8,FAABE,60,0.40546098351478577,610
Maxwell,8,FAABE,61,0.40546098351478577,620
Maxwell,8,FAABE,62,0.40546098351478577,630
Maxwell,8,FAABE,63,0.40546098351478577,640
Maxwell,8,FAABE,64,0.3837530016899109,650
Maxwell,8,FAABE,65,0.3837530016899109,660
Maxwell,8,FAABE,66,0.3837530016899109,670
Maxwell,8,FAABE,67,0.3837530016899109,680
Maxwell,8,FAABE,68,0.3837530016899109,690
Maxwell,8,FAABE,69,0.3837530016899109,700
Maxwell,8,FAABE,70,0.3837530016899109,710
Maxwell,8,FAABE,71,0.3837530016899109,720
Maxwell,8,FAABE,72,0.3837530016899109,730
Maxwell,8,FAABE,73,0.3837530016899109,740
Maxwell,8,FAABE,74,0.3837530016899109,750
Maxwell,8,FAABE,75,0.3837530016899109,760
Maxwell,8,FAABE,76,0.3837530016899109,770
Maxwell,8,FAABE,77,0.3837530016899109,780
Maxwell,8,FAABE,78,0.3837530016899109,790
Maxwell,8,FAABE,79,0.3837530016899109,800
Maxwell,8,FAABE,80,0.3837530016899109,810
Maxwell,8,FAABE,81,0.3837530016899109,820
Maxwell,8,FAABE,82,0.3837530016899109,830
Maxwell,8,FAABE,83,0.3837530016899109,840
Maxwell,8,FAABE,84,0.3837530016899109,850
Maxwell,8,FAABE,85,0.3837530016899109,860
Maxwell,8,FAABE,86,0.3837530016899109,870
Maxwell,8,FAABE,87,0.3837530016899109,880
Maxwell,8,FAABE,88,0.3837530016899109,890
Maxwell,8,FAABE,89,0.3837530016899109,900
Maxwell,8,FAABE,90,0.3837530016899109,910
Maxwell,8,FAABE,91,0.3837530016899109,920
Maxwell,8,FAABE,92,0.3837530016899109,930
Maxwell,8,FAABE,93,0.3837530016899109,940
Maxwell,8,FAABE,94,0.3837530016899109,950
Maxwell,8,FAABE,95,0.3837530016899109,960
Maxwell,8,FAABE,96,0.3837530016899109,970
Maxwell,8,FAABE,97,0.3837530016899109,980
Maxwell,8,FAABE,98,0.3837530016899109,990
Maxwell,8,FAABE,99,0.3837530016899109,1000
Maxwell,9,GA-ABE,0,0.753616988658905,10
Maxwell,9,GA-ABE,1,0.753616988658905,20
Maxwell,9,GA-ABE,2,0.7283061146736145,30
Maxwell,9,GA-ABE,3,0.7283061146736145,40
Maxwell,9,GA-ABE,4,0.7283061146736145,50
Maxwell,9,GA-ABE,5,0.7031869292259216,60
Maxwell,9,GA-ABE,6,0.7003046274185181,70
Maxwell,9,GA-ABE,7,0.6958373188972473,80
Maxwell,9,GA-ABE,8,0.6485568881034851,90
Maxwell,9,GA-ABE,9,0.6267752051353455,100
Maxwell,9,GA-ABE,10,0.6212478876113892,110
Maxwell,9,GA-ABE,11,0.6212478876113892,120
Maxwell,9,GA-ABE,12,0.6212478876113892,130
Maxwell,9,GA-ABE,13,0.6212478876113892,140
Maxwell,9,GA-ABE,14,0.621029794216156,150
Maxwell,9,GA-ABE,15,0.621029794216156,160
Maxwell,9,GA-ABE,16,0.6156711578369141,170
Maxwell,9,GA-ABE,17,0.6156711578369141,180
Maxwell,9,GA-ABE,18,0.6156711578369141,190
Maxwell,9,GA-ABE,19,0.6094592213630676,200
Maxwell,9,GA-ABE,20,0.6094592213630676,210
Maxwell,9,GA-ABE,21,0.6094592213630676,220
Maxwell,9,GA-ABE,22,0.6094592213630676,230
Maxwell,9,GA-ABE,23,0.6094592213630676,240
Maxwell,9,GA-ABE,24,0.599692702293396,250
Maxwell,9,GA-ABE,25,0.599692702293396,260
Maxwell,9,GA-ABE,26,0.599692702293396,270
Maxwell,9,GA-ABE,27,0.599692702293396,280
Maxwell,9,GA-ABE,28,0.599692702293396,290
Maxwell,9,GA-ABE,29,0.59153151512146,300
Maxwell,9,GA-ABE,30,0.59153151512146,310
Maxwell,9,GA-ABE,31,0.59153151512146,320
Maxwell,9,GA-ABE,32,0.5865070819854736,330
Maxwell,9,GA-ABE,33,0.5865070819854736,340
Maxwell,9,GA-ABE,34,0.5865070819854736,350
Maxwell,9,GA-ABE,35,0.5865070819854736,360
Maxwell,9,GA-ABE,36,0.5798288583755493,370
Maxwell,9,GA-ABE,37,0.5738423466682434,380
Maxwell,9,GA-ABE,38,0.5738423466682434,390
Maxwell,9,GA-ABE,39,0.542991042137146,400
Maxwell,9,GA-ABE,40,0.542991042137146,410
Maxwell,9,GA-ABE,41,0.542991042137146,420
Maxwell,9,GA-ABE,42,0.542991042137146,430
Maxwell,9,GA-ABE,43,0.5373196005821228,440
Maxwell,9,GA-ABE,44,0.506520688533783,450
Maxwell,9,GA-ABE,45,0.5024617910385132,460
Maxwell,9,GA-ABE,46,0.5024617910385132,470
Maxwell,9,GA-ABE,47,0.4951990842819214,480
Maxwell,9,GA-ABE,48,0.4951990842819214,490
Maxwell,9,GA-ABE,49,0.4911564290523529,500
Maxwell,9,GA-ABE,50,0.4911564290523529,510
Maxwell,9,GA-ABE,51,0.4911564290523529,520
Maxwell,9,GA-ABE,52,0.4911564290523529,530
Maxwell,9,GA-ABE,53,0.4911564290523529,540
Maxwell,9,GA-ABE,54,0.4911564290523529,550
Maxwell,9,GA-ABE,55,0.4911564290523529,560
Maxwell,9,GA-ABE,56,0.48756295442581177,570
Maxwell,9,GA-ABE,57,0.4802861511707306,580
Maxwell,9,GA-ABE,58,0.4792526960372925,590
Maxwell,9,GA-ABE,59,0.4792526960372925,600
Maxwell,9,GA-ABE,60,0.4792526960372925,610
Maxwell,9,GA-ABE,61,0.4792526960372925,620
Maxwell,9,GA-ABE,62,0.4792526960372925,630
Maxwell,9,GA-ABE,63,0.4792526960372925,640
Maxwell,9,GA-ABE,64,0.4792526960372925,650
Maxwell,9,GA-ABE,65,0.4792526960372925,660
Maxwell,9,GA-ABE,66,0.4792526960372925,670
Maxwell,9,GA-ABE,67,0.4792526960372925,680
Maxwell,9,GA-ABE,68,0.4792526960372925,690
Maxwell,9,GA-ABE,69,0.4792526960372925,700
Maxwell,9,GA-ABE,70,0.4792526960372925,710
Maxwell,9,GA-ABE,71,0.4792526960372925,720
Maxwell,9,GA-ABE,72,0.4792526960372925,730
Maxwell,9,GA-ABE,73,0.4792526960372925,740
Maxwell,9,GA-ABE,74,0.47921717166900635,750
Maxwell,9,GA-ABE,75,0.47921717166900635,760
Maxwell,9,GA-ABE,76,0.47921717166900635,770
Maxwell,9,GA-ABE,77,0.47921717166900635,780
Maxwell,9,GA-ABE,78,0.47921717166900635,790
Maxwell,9,GA-ABE,79,0.47921717166900635,800
Maxwell,9,GA-ABE,80,0.47921717166900635,810
Maxwell,9,GA-ABE,81,0.47921717166900635,820
Maxwell,9,GA-ABE,82,0.47921717166900635,830
Maxwell,9,GA-ABE,83,0.47921717166900635,840
Maxwell,9,GA-ABE,84,0.47921717166900635,850
Maxwell,9,GA-ABE,85,0.47921717166900635,860
Maxwell,9,GA-ABE,86,0.47921717166900635,870
Maxwell,9,GA-ABE,87,0.47921717166900635,880
Maxwell,9,GA-ABE,88,0.47921717166900635,890
Maxwell,9,GA-ABE,89,0.47921717166900635,900
Maxwell,9,GA-ABE,90,0.47921717166900635,910
Maxwell,9,GA-ABE,91,0.47921717166900635,920
Maxwell,9,GA-ABE,92,0.47921717166900635,930
Maxwell,9,GA-ABE,93,0.47921717166900635,940
Maxwell,9,GA-ABE,94,0.47921717166900635,950
Maxwell,9,GA-ABE,95,0.47921717166900635,960
Maxwell,9,GA-ABE,96,0.47921717166900635,970
Maxwell,9,GA-ABE,97,0.47921717166900635,980
Maxwell,9,GA-ABE,98,0.47921717166900635,990
Maxwell,9,GA-ABE,99,0.47921717166900635,1000
Maxwell,9,PSO-ABE,0,0.8008829355239868,10
Maxwell,9,PSO-ABE,1,0.7285104990005493,20
Maxwell,9,PSO-ABE,2,0.705763578414917,30
Maxwell,9,PSO-ABE,3,0.705763578414917,40
Maxwell,9,PSO-ABE,4,0.6831427812576294,50
Maxwell,9,PSO-ABE,5,0.6831427812576294,60
Maxwell,9,PSO-ABE,6,0.6763157248497009,70
Maxwell,9,PSO-ABE,7,0.6692206263542175,80
Maxwell,9,PSO-ABE,8,0.6692206263542175,90
Maxwell,9,PSO-ABE,9,0.6031213998794556,100
Maxwell,9,PSO-ABE,10,0.5496911406517029,110
Maxwell,9,PSO-ABE,11,0.5015085935592651,120
Maxwell,9,PSO-ABE,12,0.5015085935592651,130
Maxwell,9,PSO-ABE,13,0.4989880323410034,140
Maxwell,9,PSO-ABE,14,0.4989880323410034,150
Maxwell,9,PSO-ABE,15,0.49896445870399475,160
Maxwell,9,PSO-ABE,16,0.4963865280151367,170
Maxwell,9,PSO-ABE,17,0.4910147190093994,180
Maxwell,9,PSO-ABE,18,0.4910147190093994,190
Maxwell,9,PSO-ABE,19,0.4910147190093994,200
Maxwell,9,PSO-ABE,20,0.4910147190093994,210
Maxwell,9,PSO-ABE,21,0.4909884035587311,220
Maxwell,9,PSO-ABE,22,0.4909884035587311,230
Maxwell,9,PSO-ABE,23,0.4909884035587311,240
Maxwell,9,PSO-ABE,24,0.4909884035587311,250
Maxwell,9,PSO-ABE,25,0.4909884035587311,260
Maxwell,9,PSO-ABE,26,0.4909742772579193,270
Maxwell,9,PSO-ABE,27,0.4900062680244446,280
Maxwell,9,PSO-ABE,28,0.48909878730773926,290
Maxwell,9,PSO-ABE,29,0.48909878730773926,300
Maxwell,9,PSO-ABE,30,0.48909878730773926,310
Maxwell,9,PSO-ABE,31,0.48909878730773926,320
Maxwell,9,PSO-ABE,32,0.48909878730773926,330
Maxwell,9,PSO-ABE,33,0.48909878730773926,340
Maxwell,9,PSO-ABE,34,0.48909878730773926,350
Maxwell,9,PSO-ABE,35,0.48909878730773926,360
Maxwell,9,PSO-ABE,36,0.48909878730773926,370
Maxwell,9,PSO-ABE,37,0.48909878730773926,380
Maxwell,9,PSO-ABE,38,0.48909878730773926,390
Maxwell,9,PSO-ABE,39,0.48909878730773926,400
Maxwell,9,PSO-ABE,40,0.48909878730773926,410
Maxwell,9,PSO-ABE,41,0.48909878730773926,420
Maxwell,9,PSO-ABE,42,0.48909878730773926,430
Maxwell,9,PSO-ABE,43,0.48909878730773926,440
Maxwell,9,PSO-ABE,44,0.48909878730773926,450
Maxwell,9,PSO-ABE,45,0.48909878730773926,460
Maxwell,9,PSO-ABE,46,0.48909246921539307,470
Maxwell,9,PSO-ABE,47,0.4890787899494171,480
Maxwell,9,PSO-ABE,48,0.4890787899494171,490
Maxwell,9,PSO-ABE,49,0.4890787899494171,500
Maxwell,9,PSO-ABE,50,0.4890787899494171,510
Maxwell,9,PSO-ABE,51,0.4890787899494171,520
Maxwell,9,PSO-ABE,52,0.4890787899494171,530
Maxwell,9,PSO-ABE,53,0.4890787899494171,540
Maxwell,9,PSO-ABE,54,0.4890787899494171,550
Maxwell,9,PSO-ABE,55,0.4890787899494171,560
Maxwell,9,PSO-ABE,56,0.4890775978565216,570
Maxwell,9,PSO-ABE,57,0.489077091217041,580
Maxwell,9,PSO-ABE,58,0.489077091217041,590
Maxwell,9,PSO-ABE,59,0.48907575011253357,600
Maxwell,9,PSO-ABE,60,0.48907575011253357,610
Maxwell,9,PSO-ABE,61,0.48907554149627686,620
Maxwell,9,PSO-ABE,62,0.48907554149627686,630
Maxwell,9,PSO-ABE,63,0.48907554149627686,640
Maxwell,9,PSO-ABE,64,0.4890754818916321,650
Maxwell,9,PSO-ABE,65,0.4890754520893097,660
Maxwell,9,PSO-ABE,66,0.4890754520893097,670
Maxwell,9,PSO-ABE,67,0.48907527327537537,680
Maxwell,9,PSO-ABE,68,0.4890751242637634,690
Maxwell,9,PSO-ABE,69,0.4890751242637634,700
Maxwell,9,PSO-ABE,70,0.48907506465911865,710
Maxwell,9,PSO-ABE,71,0.48907506465911865,720
Maxwell,9,PSO-ABE,72,0.48907506465911865,730
Maxwell,9,PSO-ABE,73,0.4890725612640381,740
Maxwell,9,PSO-ABE,74,0.4890725612640381,750
Maxwell,9,PSO-ABE,75,0.4890725612640381,760
Maxwell,9,PSO-ABE,76,0.48907193541526794,770
Maxwell,9,PSO-ABE,77,0.48907193541526794,780
Maxwell,9,PSO-ABE,78,0.48907193541526794,790
Maxwell,9,PSO-ABE,79,0.48907166719436646,800
Maxwell,9,PSO-ABE,80,0.48907166719436646,810
Maxwell,9,PSO-ABE,81,0.48907166719436646,820
Maxwell,9,PSO-ABE,82,0.48907166719436646,830
Maxwell,9,PSO-ABE,83,0.48907166719436646,840
Maxwell,9,PSO-ABE,84,0.48907166719436646,850
Maxwell,9,PSO-ABE,85,0.48907139897346497,860
Maxwell,9,PSO-ABE,86,0.48907139897346497,870
Maxwell,9,PSO-ABE,87,0.4890708327293396,880
Maxwell,9,PSO-ABE,88,0.4890708327293396,890
Maxwell,9,PSO-ABE,89,0.4890706539154053,900
Maxwell,9,PSO-ABE,90,0.48907044529914856,910
Maxwell,9,PSO-ABE,91,0.4890702962875366,920
Maxwell,9,PSO-ABE,92,0.48907023668289185,930
Maxwell,9,PSO-ABE,93,0.4890701174736023,940
Maxwell,9,PSO-ABE,94,0.4890700876712799,950
Maxwell,9,PSO-ABE,95,0.48906996846199036,960
Maxwell,9,PSO-ABE,96,0.48906996846199036,970
Maxwell,9,PSO-ABE,97,0.48906993865966797,980
Maxwell,9,PSO-ABE,98,0.48906993865966797,990
Maxwell,9,PSO-ABE,99,0.4890698790550232,1000
Maxwell,9,DE-ABE,0,0.6570174694061279,10
Maxwell,9,DE-ABE,1,0.6483350992202759,20
Maxwell,9,DE-ABE,2,0.6075632572174072,30
Maxwell,9,DE-ABE,3,0.5842153429985046,40
Maxwell,9,DE-ABE,4,0.5842153429985046,50
Maxwell,9,DE-ABE,5,0.581809401512146,60
Maxwell,9,DE-ABE,6,0.581809401512146,70
Maxwell,9,DE-ABE,7,0.581809401512146,80
Maxwell,9,DE-ABE,8,0.5782500505447388,90
Maxwell,9,DE-ABE,9,0.5782500505447388,100
Maxwell,9,DE-ABE,10,0.5782500505447388,110
Maxwell,9,DE-ABE,11,0.5782500505447388,120
Maxwell,9,DE-ABE,12,0.5670976638793945,130
Maxwell,9,DE-ABE,13,0.5670976638793945,140
Maxwell,9,DE-ABE,14,0.5670976638793945,150
Maxwell,9,DE-ABE,15,0.5670976638793945,160
Maxwell,9,DE-ABE,16,0.5670976638793945,170
Maxwell,9,DE-ABE,17,0.5315527319908142,180
Maxwell,9,DE-ABE,18,0.5200381875038147,190
Maxwell,9,DE-ABE,19,0.5200381875038147,200
Maxwell,9,DE-ABE,20,0.5200381875038147,210
Maxwell,9,DE-ABE,21,0.5200381875038147,220
Maxwell,9,DE-ABE,22,0.5200381875038147,230
Maxwell,9,DE-ABE,23,0.5200381875038147,240
Maxwell,9,DE-ABE,24,0.5159942507743835,250
Maxwell,9,DE-ABE,25,0.5159942507743835,260
Maxwell,9,DE-ABE,26,0.5077836513519287,270
Maxwell,9,DE-ABE,27,0.5057840943336487,280
Maxwell,9,DE-ABE,28,0.5036637187004089,290
Maxwell,9,DE-ABE,29,0.5035464763641357,300
Maxwell,9,DE-ABE,30,0.49775946140289307,310
Maxwell,9,DE-ABE,31,0.4922144412994385,320
Maxwell,9,DE-ABE,32,0.4922144412994385,330
Maxwell,9,DE-ABE,33,0.49123942852020264,340
Maxwell,9,DE-ABE,34,0.4735721945762634,350
Maxwell,9,DE-ABE,35,0.4735721945762634,360
Maxwell,9,DE-ABE,36,0.4735721945762634,370
Maxwell,9,DE-ABE,37,0.4735721945762634,380
Maxwell,9,DE-ABE,38,0.4735721945762634,390
Maxwell,9,DE-ABE,39,0.4735721945762634,400
Maxwell,9,DE-ABE,40,0.4735721945762634,410
Maxwell,9,DE-ABE,41,0.4735080301761627,420
Maxwell,9,DE-ABE,42,0.47328290343284607,430
Maxwell,9,DE-ABE,43,0.47328290343284607,440
Maxwell,9,DE-ABE,44,0.4711814224720001,450
Maxwell,9,DE-ABE,45,0.4711814224720001,460
Maxwell,9,DE-ABE,46,0.4687124192714691,470
Maxwell,9,DE-ABE,47,0.4687124192714691,480
Maxwell,9,DE-ABE,48,0.4685847759246826,490
Maxwell,9,DE-ABE,49,0.4685847759246826,500
Maxwell,9,DE-ABE,50,0.4685847759246826,510
Maxwell,9,DE-ABE,51,0.4685847759246826,520
Maxwell,9,DE-ABE,52,0.4685847759246826,530
Maxwell,9,DE-ABE,53,0.4685847759246826,540
Maxwell,9,DE-ABE,54,0.4685847759246826,550
Maxwell,9,DE-ABE,55,0.4685847759246826,560
Maxwell,9,DE-ABE,56,0.46854886412620544,570
Maxwell,9,DE-ABE,57,0.46854886412620544,580
Maxwell,9,DE-ABE,58,0.46853262186050415,590
Maxwell,9,DE-ABE,59,0.46853262186050415,600
Maxwell,9,DE-ABE,60,0.46850505471229553,610
Maxwell,9,DE-ABE,61,0.46847325563430786,620
Maxwell,9,DE-ABE,62,0.46844518184661865,630
Maxwell,9,DE-ABE,63,0.46844518184661865,640
Maxwell,9,DE-ABE,64,0.46841615438461304,650
Maxwell,9,DE-ABE,65,0.4683859348297119,660
Maxwell,9,DE-ABE,66,0.4683859348297119,670
Maxwell,9,DE-ABE,67,0.4683859348297119,680
Maxwell,9,DE-ABE,68,0.4683859348297119,690
Maxwell,9,DE-ABE,69,0.4683859348297119,700
Maxwell,9,DE-ABE,70,0.4683859348297119,710
Maxwell,9,DE-ABE,71,0.46837320923805237,720
Maxwell,9,DE-ABE,72,0.4683690667152405,730
Maxwell,9,DE-ABE,73,0.4683690667152405,740
Maxwell,9,DE-ABE,74,0.46835675835609436,750
Maxwell,9,DE-ABE,75,0.46835675835609436,760
Maxwell,9,DE-ABE,76,0.46835675835609436,770
Maxwell,9,DE-ABE,77,0.468352735042572,780
Maxwell,9,DE-ABE,78,0.4683432877063751,790
Maxwell,9,DE-ABE,79,0.4683321416378021,800
Maxwell,9,DE-ABE,80,0.4683321416378021,810
Maxwell,9,DE-ABE,81,0.4683321416378021,820
Maxwell,9,DE-ABE,82,0.4683235287666321,830
Maxwell,9,DE-ABE,83,0.46832039952278137,840
Maxwell,9,DE-ABE,84,0.468319296836853,850
Maxwell,9,DE-ABE,85,0.468319296836853,860
Maxwell,9,DE-ABE,86,0.46829962730407715,870
Maxwell,9,DE-ABE,87,0.46829962730407715,880
Maxwell,9,DE-ABE,88,0.46829915046691895,890
Maxwell,9,DE-ABE,89,0.4682948887348175,900
Maxwell,9,DE-ABE,90,0.4682948887348175,910
Maxwell,9,DE-ABE,91,0.4682948887348175,920
Maxwell,9,DE-ABE,92,0.4682948887348175,930
Maxwell,9,DE-ABE,93,0.46829381585121155,940
Maxwell,9,DE-ABE,94,0.4682934880256653,950
Maxwell,9,DE-ABE,95,0.46829164028167725,960
Maxwell,9,DE-ABE,96,0.46829164028167725,970
Maxwell,9,DE-ABE,97,0.46829164028167725,980
Maxwell,9,DE-ABE,98,0.468290239572525,990
Maxwell,9,DE-ABE,99,0.46828991174697876,1000
Maxwell,9,GWO-ABE,0,0.7228238582611084,10
Maxwell,9,GWO-ABE,1,0.6557115912437439,20
Maxwell,9,GWO-ABE,2,0.640760064125061,30
Maxwell,9,GWO-ABE,3,0.5634186267852783,40
Maxwell,9,GWO-ABE,4,0.5481593012809753,50
Maxwell,9,GWO-ABE,5,0.5564395785331726,60
Maxwell,9,GWO-ABE,6,0.5220695734024048,70
Maxwell,9,GWO-ABE,7,0.5025541186332703,80
Maxwell,9,GWO-ABE,8,0.4801545739173889,90
Maxwell,9,GWO-ABE,9,0.47905004024505615,100
Maxwell,9,GWO-ABE,10,0.4807140827178955,110
Maxwell,9,GWO-ABE,11,0.4764772057533264,120
Maxwell,9,GWO-ABE,12,0.4687841534614563,130
Maxwell,9,GWO-ABE,13,0.47845882177352905,140
Maxwell,9,GWO-ABE,14,0.4731447696685791,150
Maxwell,9,GWO-ABE,15,0.4788377285003662,160
Maxwell,9,GWO-ABE,16,0.4815041124820709,170
Maxwell,9,GWO-ABE,17,0.47526460886001587,180
Maxwell,9,GWO-ABE,18,0.48132383823394775,190
Maxwell,9,GWO-ABE,19,0.4925035834312439,200
Maxwell,9,GWO-ABE,20,0.48744791746139526,210
Maxwell,9,GWO-ABE,21,0.48509544134140015,220
Maxwell,9,GWO-ABE,22,0.48663008213043213,230
Maxwell,9,GWO-ABE,23,0.4763374626636505,240
Maxwell,9,GWO-ABE,24,0.4819953441619873,250
Maxwell,9,GWO-ABE,25,0.4736912250518799,260
Maxwell,9,GWO-ABE,26,0.47334665060043335,270
Maxwell,9,GWO-ABE,27,0.4648762047290802,280
Maxwell,9,GWO-ABE,28,0.4654103219509125,290
Maxwell,9,GWO-ABE,29,0.47506171464920044,300
Maxwell,9,GWO-ABE,30,0.47301629185676575,310
Maxwell,9,GWO-ABE,31,0.4728289544582367,320
Maxwell,9,GWO-ABE,32,0.46089375019073486,330
Maxwell,9,GWO-ABE,33,0.47021621465682983,340
Maxwell,9,GWO-ABE,34,0.4693984389305115,350
Maxwell,9,GWO-ABE,35,0.4671114683151245,360
Maxwell,9,GWO-ABE,36,0.47213882207870483,370
Maxwell,9,GWO-ABE,37,0.4779953956604004,380
Maxwell,9,GWO-ABE,38,0.4609661400318146,390
Maxwell,9,GWO-ABE,39,0.47063496708869934,400
Maxwell,9,GWO-ABE,40,0.467881977558136,410
Maxwell,9,GWO-ABE,41,0.4653589129447937,420
Maxwell,9,GWO-ABE,42,0.46519342064857483,430
Maxwell,9,GWO-ABE,43,0.47421470284461975,440
Maxwell,9,GWO-ABE,44,0.4705577790737152,450
Maxwell,9,GWO-ABE,45,0.4669250547885895,460
Maxwell,9,GWO-ABE,46,0.46479010581970215,470
Maxwell,9,GWO-ABE,47,0.4673916697502136,480
Maxwell,9,GWO-ABE,48,0.4575050473213196,490
Maxwell,9,GWO-ABE,49,0.4683218002319336,500
Maxwell,9,GWO-ABE,50,0.46654239296913147,510
Maxwell,9,GWO-ABE,51,0.46876081824302673,520
Maxwell,9,GWO-ABE,52,0.474933922290802,530
Maxwell,9,GWO-ABE,53,0.4665301442146301,540
Maxwell,9,GWO-ABE,54,0.465488463640213,550
Maxwell,9,GWO-ABE,55,0.4585195481777191,560
Maxwell,9,GWO-ABE,56,0.4669669568538666,570
Maxwell,9,GWO-ABE,57,0.4638092815876007,580
Maxwell,9,GWO-ABE,58,0.4643309414386749,590
Maxwell,9,GWO-ABE,59,0.4660404324531555,600
Maxwell,9,GWO-ABE,60,0.4711359143257141,610
Maxwell,9,GWO-ABE,61,0.4670732617378235,620
Maxwell,9,GWO-ABE,62,0.45582515001296997,630
Maxwell,9,GWO-ABE,63,0.4574275314807892,640
Maxwell,9,GWO-ABE,64,0.45583978295326233,650
Maxwell,9,GWO-ABE,65,0.4733532667160034,660
Maxwell,9,GWO-ABE,66,0.468053936958313,670
Maxwell,9,GWO-ABE,67,0.4649716913700104,680
Maxwell,9,GWO-ABE,68,0.46549859642982483,690
Maxwell,9,GWO-ABE,69,0.46473512053489685,700
Maxwell,9,GWO-ABE,70,0.4579484760761261,710
Maxwell,9,GWO-ABE,71,0.46147099137306213,720
Maxwell,9,GWO-ABE,72,0.4604227840900421,730
Maxwell,9,GWO-ABE,73,0.4568808972835541,740
Maxwell,9,GWO-ABE,74,0.4562041759490967,750
Maxwell,9,GWO-ABE,75,0.4528990685939789,760
Maxwell,9,GWO-ABE,76,0.4615077078342438,770
Maxwell,9,GWO-ABE,77,0.4639010727405548,780
Maxwell,9,GWO-ABE,78,0.4563913643360138,790
Maxwell,9,GWO-ABE,79,0.45751267671585083,800
Maxwell,9,GWO-ABE,80,0.4565575420856476,810
Maxwell,9,GWO-ABE,81,0.4574379324913025,820
Maxwell,9,GWO-ABE,82,0.45971444249153137,830
Maxwell,9,GWO-ABE,83,0.4535089135169983,840
Maxwell,9,GWO-ABE,84,0.4608836770057678,850
Maxwell,9,GWO-ABE,85,0.46067744493484497,860
Maxwell,9,GWO-ABE,86,0.4575037360191345,870
Maxwell,9,GWO-ABE,87,0.4567323923110962,880
Maxwell,9,GWO-ABE,88,0.4568825364112854,890
Maxwell,9,GWO-ABE,89,0.4575291872024536,900
Maxwell,9,GWO-ABE,90,0.4573155343532562,910
Maxwell,9,GWO-ABE,91,0.45730480551719666,920
Maxwell,9,GWO-ABE,92,0.45573800802230835,930
Maxwell,9,GWO-ABE,93,0.4561048448085785,940
Maxwell,9,GWO-ABE,94,0.45703068375587463,950
Maxwell,9,GWO-ABE,95,0.45688942074775696,960
Maxwell,9,GWO-ABE,96,0.4570956230163574,970
Maxwell,9,GWO-ABE,97,0.4569912552833557,980
Maxwell,9,GWO-ABE,98,0.45702481269836426,990
Maxwell,9,GWO-ABE,99,0.4570125639438629,1000
Maxwell,9,WOA-ABE,0,0.6704869866371155,10
Maxwell,9,WOA-ABE,1,0.560263991355896,20
Maxwell,9,WOA-ABE,2,0.5157603025436401,30
Maxwell,9,WOA-ABE,3,0.5157603025436401,40
Maxwell,9,WOA-ABE,4,0.4842591881752014,50
Maxwell,9,WOA-ABE,5,0.47231295704841614,60
Maxwell,9,WOA-ABE,6,0.4632473886013031,70
Maxwell,9,WOA-ABE,7,0.46186983585357666,80
Maxwell,9,WOA-ABE,8,0.46186983585357666,90
Maxwell,9,WOA-ABE,9,0.46186983585357666,100
Maxwell,9,WOA-ABE,10,0.4618584215641022,110
Maxwell,9,WOA-ABE,11,0.4618584215641022,120
Maxwell,9,WOA-ABE,12,0.4618584215641022,130
Maxwell,9,WOA-ABE,13,0.4618402421474457,140
Maxwell,9,WOA-ABE,14,0.4616301655769348,150
Maxwell,9,WOA-ABE,15,0.4616301655769348,160
Maxwell,9,WOA-ABE,16,0.4616301655769348,170
Maxwell,9,WOA-ABE,17,0.460628867149353,180
Maxwell,9,WOA-ABE,18,0.4605883061885834,190
Maxwell,9,WOA-ABE,19,0.4605883061885834,200
Maxwell,9,WOA-ABE,20,0.4605883061885834,210
Maxwell,9,WOA-ABE,21,0.4601055383682251,220
Maxwell,9,WOA-ABE,22,0.4601055383682251,230
Maxwell,9,WOA-ABE,23,0.4601055383682251,240
Maxwell,9,WOA-ABE,24,0.4601055383682251,250
Maxwell,9,WOA-ABE,25,0.46007436513900757,260
Maxwell,9,WOA-ABE,26,0.4600607454776764,270
Maxwell,9,WOA-ABE,27,0.4600607454776764,280
Maxwell,9,WOA-ABE,28,0.4600607454776764,290
Maxwell,9,WOA-ABE,29,0.46005979180336,300
Maxwell,9,WOA-ABE,30,0.46005979180336,310
Maxwell,9,WOA-ABE,31,0.460035502910614,320
Maxwell,9,WOA-ABE,32,0.460035502910614,330
Maxwell,9,WOA-ABE,33,0.460035502910614,340
Maxwell,9,WOA-ABE,34,0.460035502910614,350
Maxwell,9,WOA-ABE,35,0.460035502910614,360
Maxwell,9,WOA-ABE,36,0.460035502910614,370
Maxwell,9,WOA-ABE,37,0.460035502910614,380
Maxwell,9,WOA-ABE,38,0.4597585201263428,390
Maxwell,9,WOA-ABE,39,0.4597585201263428,400
Maxwell,9,WOA-ABE,40,0.4597585201263428,410
Maxwell,9,WOA-ABE,41,0.4597574770450592,420
Maxwell,9,WOA-ABE,42,0.4597574770450592,430
Maxwell,9,WOA-ABE,43,0.4597574770450592,440
Maxwell,9,WOA-ABE,44,0.4597574770450592,450
Maxwell,9,WOA-ABE,45,0.4597087502479553,460
Maxwell,9,WOA-ABE,46,0.4597087502479553,470
Maxwell,9,WOA-ABE,47,0.4597087502479553,480
Maxwell,9,WOA-ABE,48,0.45970824360847473,490
Maxwell,9,WOA-ABE,49,0.45970824360847473,500
Maxwell,9,WOA-ABE,50,0.45970824360847473,510
Maxwell,9,WOA-ABE,51,0.45970824360847473,520
Maxwell,9,WOA-ABE,52,0.45970824360847473,530
Maxwell,9,WOA-ABE,53,0.45970824360847473,540
Maxwell,9,WOA-ABE,54,0.45970824360847473,550
Maxwell,9,WOA-ABE,55,0.45970824360847473,560
Maxwell,9,WOA-ABE,56,0.45970824360847473,570
Maxwell,9,WOA-ABE,57,0.45970824360847473,580
Maxwell,9,WOA-ABE,58,0.45970824360847473,590
Maxwell,9,WOA-ABE,59,0.45970824360847473,600
Maxwell,9,WOA-ABE,60,0.45970824360847473,610
Maxwell,9,WOA-ABE,61,0.4596934914588928,620
Maxwell,9,WOA-ABE,62,0.4596934914588928,630
Maxwell,9,WOA-ABE,63,0.4596934914588928,640
Maxwell,9,WOA-ABE,64,0.4596934914588928,650
Maxwell,9,WOA-ABE,65,0.4596934914588928,660
Maxwell,9,WOA-ABE,66,0.4596934914588928,670
Maxwell,9,WOA-ABE,67,0.4596934914588928,680
Maxwell,9,WOA-ABE,68,0.4596934914588928,690
Maxwell,9,WOA-ABE,69,0.4596934914588928,700
Maxwell,9,WOA-ABE,70,0.4596934914588928,710
Maxwell,9,WOA-ABE,71,0.4596934914588928,720
Maxwell,9,WOA-ABE,72,0.4596934914588928,730
Maxwell,9,WOA-ABE,73,0.4596934914588928,740
Maxwell,9,WOA-ABE,74,0.45969289541244507,750
Maxwell,9,WOA-ABE,75,0.45969289541244507,760
Maxwell,9,WOA-ABE,76,0.45969289541244507,770
Maxwell,9,WOA-ABE,77,0.45969289541244507,780
Maxwell,9,WOA-ABE,78,0.45969289541244507,790
Maxwell,9,WOA-ABE,79,0.4593973457813263,800
Maxwell,9,WOA-ABE,80,0.4593783915042877,810
Maxwell,9,WOA-ABE,81,0.4593783915042877,820
Maxwell,9,WOA-ABE,82,0.4592396318912506,830
Maxwell,9,WOA-ABE,83,0.45918840169906616,840
Maxwell,9,WOA-ABE,84,0.45906591415405273,850
Maxwell,9,WOA-ABE,85,0.4590534269809723,860
Maxwell,9,WOA-ABE,86,0.4590534269809723,870
Maxwell,9,WOA-ABE,87,0.4590534269809723,880
Maxwell,9,WOA-ABE,88,0.4590435028076172,890
Maxwell,9,WOA-ABE,89,0.4590435028076172,900
Maxwell,9,WOA-ABE,90,0.4590435028076172,910
Maxwell,9,WOA-ABE,91,0.4590435028076172,920
Maxwell,9,WOA-ABE,92,0.4590435028076172,930
Maxwell,9,WOA-ABE,93,0.45903903245925903,940
Maxwell,9,WOA-ABE,94,0.45903903245925903,950
Maxwell,9,WOA-ABE,95,0.45903903245925903,960
Maxwell,9,WOA-ABE,96,0.45902442932128906,970
Maxwell,9,WOA-ABE,97,0.45902442932128906,980
Maxwell,9,WOA-ABE,98,0.4590021073818207,990
Maxwell,9,WOA-ABE,99,0.45892077684402466,1000
Maxwell,9,FAABE,0,0.658984363079071,10
Maxwell,9,FAABE,1,0.6134395599365234,20
Maxwell,9,FAABE,2,0.6134395599365234,30
Maxwell,9,FAABE,3,0.6093908548355103,40
Maxwell,9,FAABE,4,0.6093908548355103,50
Maxwell,9,FAABE,5,0.6027897596359253,60
Maxwell,9,FAABE,6,0.5686551332473755,70
Maxwell,9,FAABE,7,0.5686551332473755,80
Maxwell,9,FAABE,8,0.5686551332473755,90
Maxwell,9,FAABE,9,0.5267957448959351,100
Maxwell,9,FAABE,10,0.4781007766723633,110
Maxwell,9,FAABE,11,0.4781007766723633,120
Maxwell,9,FAABE,12,0.4781007766723633,130
Maxwell,9,FAABE,13,0.4781007766723633,140
Maxwell,9,FAABE,14,0.4781007766723633,150
Maxwell,9,FAABE,15,0.4781007766723633,160
Maxwell,9,FAABE,16,0.4781007766723633,170
Maxwell,9,FAABE,17,0.4781007766723633,180
Maxwell,9,FAABE,18,0.4781007766723633,190
Maxwell,9,FAABE,19,0.4781007766723633,200
Maxwell,9,FAABE,20,0.4781007766723633,210
Maxwell,9,FAABE,21,0.4781007766723633,220
Maxwell,9,FAABE,22,0.4781007766723633,230
Maxwell,9,FAABE,23,0.4781007766723633,240
Maxwell,9,FAABE,24,0.4781007766723633,250
Maxwell,9,FAABE,25,0.4781007766723633,260
Maxwell,9,FAABE,26,0.4781007766723633,270
Maxwell,9,FAABE,27,0.4781007766723633,280
Maxwell,9,FAABE,28,0.4781007766723633,290
Maxwell,9,FAABE,29,0.4781007766723633,300
Maxwell,9,FAABE,30,0.4781007766723633,310
Maxwell,9,FAABE,31,0.4781007766723633,320
Maxwell,9,FAABE,32,0.4781007766723633,330
Maxwell,9,FAABE,33,0.4781007766723633,340
Maxwell,9,FAABE,34,0.4781007766723633,350
Maxwell,9,FAABE,35,0.4781007766723633,360
Maxwell,9,FAABE,36,0.4781007766723633,370
Maxwell,9,FAABE,37,0.4781007766723633,380
Maxwell,9,FAABE,38,0.4781007766723633,390
Maxwell,9,FAABE,39,0.4781007766723633,400
Maxwell,9,FAABE,40,0.4781007766723633,410
Maxwell,9,FAABE,41,0.4781007766723633,420
Maxwell,9,FAABE,42,0.4781007766723633,430
Maxwell,9,FAABE,43,0.4781007766723633,440
Maxwell,9,FAABE,44,0.4781007766723633,450
Maxwell,9,FAABE,45,0.4781007766723633,460
Maxwell,9,FAABE,46,0.4781007766723633,470
Maxwell,9,FAABE,47,0.4781007766723633,480
Maxwell,9,FAABE,48,0.4781007766723633,490
Maxwell,9,FAABE,49,0.4781007766723633,500
Maxwell,9,FAABE,50,0.4781007766723633,510
Maxwell,9,FAABE,51,0.4781007766723633,520
Maxwell,9,FAABE,52,0.4781007766723633,530
Maxwell,9,FAABE,53,0.4781007766723633,540
Maxwell,9,FAABE,54,0.4781007766723633,550
Maxwell,9,FAABE,55,0.4781007766723633,560
Maxwell,9,FAABE,56,0.4781007766723633,570
Maxwell,9,FAABE,57,0.4781007766723633,580
Maxwell,9,FAABE,58,0.4781007766723633,590
Maxwell,9,FAABE,59,0.4781007766723633,600
Maxwell,9,FAABE,60,0.4781007766723633,610
Maxwell,9,FAABE,61,0.4762962758541107,620
Maxwell,9,FAABE,62,0.4762962758541107,630
Maxwell,9,FAABE,63,0.4762962758541107,640
Maxwell,9,FAABE,64,0.4762962758541107,650
Maxwell,9,FAABE,65,0.4762962758541107,660
Maxwell,9,FAABE,66,0.4762962758541107,670
Maxwell,9,FAABE,67,0.4762962758541107,680
Maxwell,9,FAABE,68,0.4762962758541107,690
Maxwell,9,FAABE,69,0.4762962758541107,700
Maxwell,9,FAABE,70,0.4762962758541107,710
Maxwell,9,FAABE,71,0.4762962758541107,720
Maxwell,9,FAABE,72,0.4762962758541107,730
Maxwell,9,FAABE,73,0.4762962758541107,740
Maxwell,9,FAABE,74,0.4762962758541107,750
Maxwell,9,FAABE,75,0.4762962758541107,760
Maxwell,9,FAABE,76,0.4762962758541107,770
Maxwell,9,FAABE,77,0.4762962758541107,780
Maxwell,9,FAABE,78,0.4762962758541107,790
Maxwell,9,FAABE,79,0.4762962758541107,800
Maxwell,9,FAABE,80,0.4762962758541107,810
Maxwell,9,FAABE,81,0.4762962758541107,820
Maxwell,9,FAABE,82,0.4762962758541107,830
Maxwell,9,FAABE,83,0.4762962758541107,840
Maxwell,9,FAABE,84,0.4762962758541107,850
Maxwell,9,FAABE,85,0.4762962758541107,860
Maxwell,9,FAABE,86,0.4762962758541107,870
Maxwell,9,FAABE,87,0.4762962758541107,880
Maxwell,9,FAABE,88,0.4762962758541107,890
Maxwell,9,FAABE,89,0.4762962758541107,900
Maxwell,9,FAABE,90,0.4762962758541107,910
Maxwell,9,FAABE,91,0.4762962758541107,920
Maxwell,9,FAABE,92,0.4762962758541107,930
Maxwell,9,FAABE,93,0.4762962758541107,940
Maxwell,9,FAABE,94,0.4762962758541107,950
Maxwell,9,FAABE,95,0.4762962758541107,960
Maxwell,9,FAABE,96,0.4762962758541107,970
Maxwell,9,FAABE,97,0.4762962758541107,980
Maxwell,9,FAABE,98,0.4762962758541107,990
Maxwell,9,FAABE,99,0.4762962758541107,1000
Maxwell,10,GA-ABE,0,0.6336687207221985,10
Maxwell,10,GA-ABE,1,0.6336687207221985,20
Maxwell,10,GA-ABE,2,0.6297925114631653,30
Maxwell,10,GA-ABE,3,0.581579327583313,40
Maxwell,10,GA-ABE,4,0.581579327583313,50
Maxwell,10,GA-ABE,5,0.5812063217163086,60
Maxwell,10,GA-ABE,6,0.5812063217163086,70
Maxwell,10,GA-ABE,7,0.5797621011734009,80
Maxwell,10,GA-ABE,8,0.5797621011734009,90
Maxwell,10,GA-ABE,9,0.5775527954101562,100
Maxwell,10,GA-ABE,10,0.5775527954101562,110
Maxwell,10,GA-ABE,11,0.5775527954101562,120
Maxwell,10,GA-ABE,12,0.5775527954101562,130
Maxwell,10,GA-ABE,13,0.5775527954101562,140
Maxwell,10,GA-ABE,14,0.5775527954101562,150
Maxwell,10,GA-ABE,15,0.5775527954101562,160
Maxwell,10,GA-ABE,16,0.5775527954101562,170
Maxwell,10,GA-ABE,17,0.5775527954101562,180
Maxwell,10,GA-ABE,18,0.5775527954101562,190
Maxwell,10,GA-ABE,19,0.5771070718765259,200
Maxwell,10,GA-ABE,20,0.5771070718765259,210
Maxwell,10,GA-ABE,21,0.5771070718765259,220
Maxwell,10,GA-ABE,22,0.5755571126937866,230
Maxwell,10,GA-ABE,23,0.5753099322319031,240
Maxwell,10,GA-ABE,24,0.5753099322319031,250
Maxwell,10,GA-ABE,25,0.5753099322319031,260
Maxwell,10,GA-ABE,26,0.5753099322319031,270
Maxwell,10,GA-ABE,27,0.5753099322319031,280
Maxwell,10,GA-ABE,28,0.5752736926078796,290
Maxwell,10,GA-ABE,29,0.5264498591423035,300
Maxwell,10,GA-ABE,30,0.5264498591423035,310
Maxwell,10,GA-ABE,31,0.5264498591423035,320
Maxwell,10,GA-ABE,32,0.5264498591423035,330
Maxwell,10,GA-ABE,33,0.5204610228538513,340
Maxwell,10,GA-ABE,34,0.5204610228538513,350
Maxwell,10,GA-ABE,35,0.5189761519432068,360
Maxwell,10,GA-ABE,36,0.5189761519432068,370
Maxwell,10,GA-ABE,37,0.5189761519432068,380
Maxwell,10,GA-ABE,38,0.5189756751060486,390
Maxwell,10,GA-ABE,39,0.5111880898475647,400
Maxwell,10,GA-ABE,40,0.5111880898475647,410
Maxwell,10,GA-ABE,41,0.49726933240890503,420
Maxwell,10,GA-ABE,42,0.49726933240890503,430
Maxwell,10,GA-ABE,43,0.49683621525764465,440
Maxwell,10,GA-ABE,44,0.49295052886009216,450
Maxwell,10,GA-ABE,45,0.49295052886009216,460
Maxwell,10,GA-ABE,46,0.49295052886009216,470
Maxwell,10,GA-ABE,47,0.49295052886009216,480
Maxwell,10,GA-ABE,48,0.49295052886009216,490
Maxwell,10,GA-ABE,49,0.49295052886009216,500
Maxwell,10,GA-ABE,50,0.4929428994655609,510
Maxwell,10,GA-ABE,51,0.48570460081100464,520
Maxwell,10,GA-ABE,52,0.48570457100868225,530
Maxwell,10,GA-ABE,53,0.4817323088645935,540
Maxwell,10,GA-ABE,54,0.4798539876937866,550
Maxwell,10,GA-ABE,55,0.4798539876937866,560
Maxwell,10,GA-ABE,56,0.47652724385261536,570
Maxwell,10,GA-ABE,57,0.47652724385261536,580
Maxwell,10,GA-ABE,58,0.47652724385261536,590
Maxwell,10,GA-ABE,59,0.4764572083950043,600
Maxwell,10,GA-ABE,60,0.4750869572162628,610
Maxwell,10,GA-ABE,61,0.47486552596092224,620
Maxwell,10,GA-ABE,62,0.4736347794532776,630
Maxwell,10,GA-ABE,63,0.4736347794532776,640
Maxwell,10,GA-ABE,64,0.4736347794532776,650
Maxwell,10,GA-ABE,65,0.4736347794532776,660
Maxwell,10,GA-ABE,66,0.4736347794532776,670
Maxwell,10,GA-ABE,67,0.4736347794532776,680
Maxwell,10,GA-ABE,68,0.4736347794532776,690
Maxwell,10,GA-ABE,69,0.47362327575683594,700
Maxwell,10,GA-ABE,70,0.47362327575683594,710
Maxwell,10,GA-ABE,71,0.47362327575683594,720
Maxwell,10,GA-ABE,72,0.47362175583839417,730
Maxwell,10,GA-ABE,73,0.47362175583839417,740
Maxwell,10,GA-ABE,74,0.47362175583839417,750
Maxwell,10,GA-ABE,75,0.47362175583839417,760
Maxwell,10,GA-ABE,76,0.47362175583839417,770
Maxwell,10,GA-ABE,77,0.47362175583839417,780
Maxwell,10,GA-ABE,78,0.47362175583839417,790
Maxwell,10,GA-ABE,79,0.47362175583839417,800
Maxwell,10,GA-ABE,80,0.47362175583839417,810
Maxwell,10,GA-ABE,81,0.47362175583839417,820
Maxwell,10,GA-ABE,82,0.47362175583839417,830
Maxwell,10,GA-ABE,83,0.47362175583839417,840
Maxwell,10,GA-ABE,84,0.4703616499900818,850
Maxwell,10,GA-ABE,85,0.4703616499900818,860
Maxwell,10,GA-ABE,86,0.4703616499900818,870
Maxwell,10,GA-ABE,87,0.4703616499900818,880
Maxwell,10,GA-ABE,88,0.4703616499900818,890
Maxwell,10,GA-ABE,89,0.4703616499900818,900
Maxwell,10,GA-ABE,90,0.4703616499900818,910
Maxwell,10,GA-ABE,91,0.4703616499900818,920
Maxwell,10,GA-ABE,92,0.4703616499900818,930
Maxwell,10,GA-ABE,93,0.4703616499900818,940
Maxwell,10,GA-ABE,94,0.4703616499900818,950
Maxwell,10,GA-ABE,95,0.4703616499900818,960
Maxwell,10,GA-ABE,96,0.4703616499900818,970
Maxwell,10,GA-ABE,97,0.4703616499900818,980
Maxwell,10,GA-ABE,98,0.4703616499900818,990
Maxwell,10,GA-ABE,99,0.4703616499900818,1000
Maxwell,10,PSO-ABE,0,0.7366155982017517,10
Maxwell,10,PSO-ABE,1,0.6607919931411743,20
Maxwell,10,PSO-ABE,2,0.556086540222168,30
Maxwell,10,PSO-ABE,3,0.5187642574310303,40
Maxwell,10,PSO-ABE,4,0.5187642574310303,50
Maxwell,10,PSO-ABE,5,0.5172829031944275,60
Maxwell,10,PSO-ABE,6,0.5172829031944275,70
Maxwell,10,PSO-ABE,7,0.5172829031944275,80
Maxwell,10,PSO-ABE,8,0.5172829031944275,90
Maxwell,10,PSO-ABE,9,0.5172829031944275,100
Maxwell,10,PSO-ABE,10,0.5172829031944275,110
Maxwell,10,PSO-ABE,11,0.5094820857048035,120
Maxwell,10,PSO-ABE,12,0.4933100640773773,130
Maxwell,10,PSO-ABE,13,0.4933100640773773,140
Maxwell,10,PSO-ABE,14,0.4933100640773773,150
Maxwell,10,PSO-ABE,15,0.4933100640773773,160
Maxwell,10,PSO-ABE,16,0.4933100640773773,170
Maxwell,10,PSO-ABE,17,0.4761604070663452,180
Maxwell,10,PSO-ABE,18,0.4761604070663452,190
Maxwell,10,PSO-ABE,19,0.4761604070663452,200
Maxwell,10,PSO-ABE,20,0.46101364493370056,210
Maxwell,10,PSO-ABE,21,0.46101364493370056,220
Maxwell,10,PSO-ABE,22,0.46101364493370056,230
Maxwell,10,PSO-ABE,23,0.46101364493370056,240
Maxwell,10,PSO-ABE,24,0.46101364493370056,250
Maxwell,10,PSO-ABE,25,0.46101364493370056,260
Maxwell,10,PSO-ABE,26,0.46101364493370056,270
Maxwell,10,PSO-ABE,27,0.46101364493370056,280
Maxwell,10,PSO-ABE,28,0.46101364493370056,290
Maxwell,10,PSO-ABE,29,0.46101364493370056,300
Maxwell,10,PSO-ABE,30,0.46101364493370056,310
Maxwell,10,PSO-ABE,31,0.46101364493370056,320
Maxwell,10,PSO-ABE,32,0.46101364493370056,330
Maxwell,10,PSO-ABE,33,0.46101364493370056,340
Maxwell,10,PSO-ABE,34,0.46101364493370056,350
Maxwell,10,PSO-ABE,35,0.46101364493370056,360
Maxwell,10,PSO-ABE,36,0.46101364493370056,370
Maxwell,10,PSO-ABE,37,0.46101364493370056,380
Maxwell,10,PSO-ABE,38,0.46101364493370056,390
Maxwell,10,PSO-ABE,39,0.46101364493370056,400
Maxwell,10,PSO-ABE,40,0.46095263957977295,410
Maxwell,10,PSO-ABE,41,0.46095263957977295,420
Maxwell,10,PSO-ABE,42,0.46095263957977295,430
Maxwell,10,PSO-ABE,43,0.46095263957977295,440
Maxwell,10,PSO-ABE,44,0.46095263957977295,450
Maxwell,10,PSO-ABE,45,0.46095263957977295,460
Maxwell,10,PSO-ABE,46,0.46095263957977295,470
Maxwell,10,PSO-ABE,47,0.46095263957977295,480
Maxwell,10,PSO-ABE,48,0.4609103202819824,490
Maxwell,10,PSO-ABE,49,0.4609103202819824,500
Maxwell,10,PSO-ABE,50,0.4609103202819824,510
Maxwell,10,PSO-ABE,51,0.4609013497829437,520
Maxwell,10,PSO-ABE,52,0.4609013497829437,530
Maxwell,10,PSO-ABE,53,0.4609013497829437,540
Maxwell,10,PSO-ABE,54,0.4609013497829437,550
Maxwell,10,PSO-ABE,55,0.4608858525753021,560
Maxwell,10,PSO-ABE,56,0.4608858525753021,570
Maxwell,10,PSO-ABE,57,0.4608858525753021,580
Maxwell,10,PSO-ABE,58,0.4608858525753021,590
Maxwell,10,PSO-ABE,59,0.46087661385536194,600
Maxwell,10,PSO-ABE,60,0.46086347103118896,610
Maxwell,10,PSO-ABE,61,0.46086347103118896,620
Maxwell,10,PSO-ABE,62,0.46086257696151733,630
Maxwell,10,PSO-ABE,63,0.46086257696151733,640
Maxwell,10,PSO-ABE,64,0.46085694432258606,650
Maxwell,10,PSO-ABE,65,0.4608462452888489,660
Maxwell,10,PSO-ABE,66,0.46083864569664,670
Maxwell,10,PSO-ABE,67,0.4608370363712311,680
Maxwell,10,PSO-ABE,68,0.46083587408065796,690
Maxwell,10,PSO-ABE,69,0.46083009243011475,700
Maxwell,10,PSO-ABE,70,0.45873844623565674,710
Maxwell,10,PSO-ABE,71,0.45873528718948364,720
Maxwell,10,PSO-ABE,72,0.45872989296913147,730
Maxwell,10,PSO-ABE,73,0.4587269127368927,740
Maxwell,10,PSO-ABE,74,0.45872101187705994,750
Maxwell,10,PSO-ABE,75,0.45872101187705994,760
Maxwell,10,PSO-ABE,76,0.45872071385383606,770
Maxwell,10,PSO-ABE,77,0.45872071385383606,780
Maxwell,10,PSO-ABE,78,0.45871618390083313,790
Maxwell,10,PSO-ABE,79,0.45871618390083313,800
Maxwell,10,PSO-ABE,80,0.4587155878543854,810
Maxwell,10,PSO-ABE,81,0.4587155878543854,820
Maxwell,10,PSO-ABE,82,0.458714097738266,830
Maxwell,10,PSO-ABE,83,0.458714097738266,840
Maxwell,10,PSO-ABE,84,0.458714097738266,850
Maxwell,10,PSO-ABE,85,0.458714097738266,860
Maxwell,10,PSO-ABE,86,0.458714097738266,870
Maxwell,10,PSO-ABE,87,0.4587123394012451,880
Maxwell,10,PSO-ABE,88,0.45870789885520935,890
Maxwell,10,PSO-ABE,89,0.45870789885520935,900
Maxwell,10,PSO-ABE,90,0.4587072730064392,910
Maxwell,10,PSO-ABE,91,0.4587072730064392,920
Maxwell,10,PSO-ABE,92,0.4587072730064392,930
Maxwell,10,PSO-ABE,93,0.4587072730064392,940
Maxwell,10,PSO-ABE,94,0.4587072730064392,950
Maxwell,10,PSO-ABE,95,0.45870712399482727,960
Maxwell,10,PSO-ABE,96,0.45870712399482727,970
Maxwell,10,PSO-ABE,97,0.45870712399482727,980
Maxwell,10,PSO-ABE,98,0.45870673656463623,990
Maxwell,10,PSO-ABE,99,0.45870450139045715,1000
Maxwell,10,DE-ABE,0,0.7286786437034607,10
Maxwell,10,DE-ABE,1,0.7252513766288757,20
Maxwell,10,DE-ABE,2,0.6755418181419373,30
Maxwell,10,DE-ABE,3,0.6755418181419373,40
Maxwell,10,DE-ABE,4,0.621921718120575,50
Maxwell,10,DE-ABE,5,0.5703731179237366,60
Maxwell,10,DE-ABE,6,0.5703731179237366,70
Maxwell,10,DE-ABE,7,0.5703731179237366,80
Maxwell,10,DE-ABE,8,0.5703731179237366,90
Maxwell,10,DE-ABE,9,0.5703731179237366,100
Maxwell,10,DE-ABE,10,0.5548455715179443,110
Maxwell,10,DE-ABE,11,0.5548455715179443,120
Maxwell,10,DE-ABE,12,0.5426954030990601,130
Maxwell,10,DE-ABE,13,0.5426954030990601,140
Maxwell,10,DE-ABE,14,0.5426954030990601,150
Maxwell,10,DE-ABE,15,0.5426954030990601,160
Maxwell,10,DE-ABE,16,0.5426954030990601,170
Maxwell,10,DE-ABE,17,0.538034200668335,180
Maxwell,10,DE-ABE,18,0.538034200668335,190
Maxwell,10,DE-ABE,19,0.538034200668335,200
Maxwell,10,DE-ABE,20,0.538034200668335,210
Maxwell,10,DE-ABE,21,0.538034200668335,220
Maxwell,10,DE-ABE,22,0.538034200668335,230
Maxwell,10,DE-ABE,23,0.5316407680511475,240
Maxwell,10,DE-ABE,24,0.5316407680511475,250
Maxwell,10,DE-ABE,25,0.5316407680511475,260
Maxwell,10,DE-ABE,26,0.5316407680511475,270
Maxwell,10,DE-ABE,27,0.5316407680511475,280
Maxwell,10,DE-ABE,28,0.5316202044487,290
Maxwell,10,DE-ABE,29,0.5316202044487,300
Maxwell,10,DE-ABE,30,0.5305713415145874,310
Maxwell,10,DE-ABE,31,0.5297606587409973,320
Maxwell,10,DE-ABE,32,0.5295421481132507,330
Maxwell,10,DE-ABE,33,0.5284173488616943,340
Maxwell,10,DE-ABE,34,0.5261538028717041,350
Maxwell,10,DE-ABE,35,0.5261538028717041,360
Maxwell,10,DE-ABE,36,0.5261538028717041,370
Maxwell,10,DE-ABE,37,0.52601158618927,380
Maxwell,10,DE-ABE,38,0.52601158618927,390
Maxwell,10,DE-ABE,39,0.5259089469909668,400
Maxwell,10,DE-ABE,40,0.5255281925201416,410
Maxwell,10,DE-ABE,41,0.5255281925201416,420
Maxwell,10,DE-ABE,42,0.5255281925201416,430
Maxwell,10,DE-ABE,43,0.5255281925201416,440
Maxwell,10,DE-ABE,44,0.5255281925201416,450
Maxwell,10,DE-ABE,45,0.5255281925201416,460
Maxwell,10,DE-ABE,46,0.5254943370819092,470
Maxwell,10,DE-ABE,47,0.5254541039466858,480
Maxwell,10,DE-ABE,48,0.5254541039466858,490
Maxwell,10,DE-ABE,49,0.5254541039466858,500
Maxwell,10,DE-ABE,50,0.5254541039466858,510
Maxwell,10,DE-ABE,51,0.5254529118537903,520
Maxwell,10,DE-ABE,52,0.525441586971283,530
Maxwell,10,DE-ABE,53,0.525441586971283,540
Maxwell,10,DE-ABE,54,0.5254225730895996,550
Maxwell,10,DE-ABE,55,0.5254148244857788,560
Maxwell,10,DE-ABE,56,0.5254148244857788,570
Maxwell,10,DE-ABE,57,0.5254095792770386,580
Maxwell,10,DE-ABE,58,0.5253807902336121,590
Maxwell,10,DE-ABE,59,0.5253807902336121,600
Maxwell,10,DE-ABE,60,0.5253807902336121,610
Maxwell,10,DE-ABE,61,0.5253807902336121,620
Maxwell,10,DE-ABE,62,0.52537602186203,630
Maxwell,10,DE-ABE,63,0.5253680944442749,640
Maxwell,10,DE-ABE,64,0.525365948677063,650
Maxwell,10,DE-ABE,65,0.5253647565841675,660
Maxwell,10,DE-ABE,66,0.525360107421875,670
Maxwell,10,DE-ABE,67,0.525360107421875,680
Maxwell,10,DE-ABE,68,0.525360107421875,690
Maxwell,10,DE-ABE,69,0.525360107421875,700
Maxwell,10,DE-ABE,70,0.525360107421875,710
Maxwell,10,DE-ABE,71,0.5253562331199646,720
Maxwell,10,DE-ABE,72,0.5253561735153198,730
Maxwell,10,DE-ABE,73,0.5253561735153198,740
Maxwell,10,DE-ABE,74,0.5253533124923706,750
Maxwell,10,DE-ABE,75,0.5253533124923706,760
Maxwell,10,DE-ABE,76,0.5253533124923706,770
Maxwell,10,DE-ABE,77,0.5253509283065796,780
Maxwell,10,DE-ABE,78,0.5253509283065796,790
Maxwell,10,DE-ABE,79,0.5253499746322632,800
Maxwell,10,DE-ABE,80,0.5253499746322632,810
Maxwell,10,DE-ABE,81,0.5253499746322632,820
Maxwell,10,DE-ABE,82,0.5253499746322632,830
Maxwell,10,DE-ABE,83,0.5253496170043945,840
Maxwell,10,DE-ABE,84,0.5253496170043945,850
Maxwell,10,DE-ABE,85,0.5253496170043945,860
Maxwell,10,DE-ABE,86,0.5253495573997498,870
Maxwell,10,DE-ABE,87,0.5253495573997498,880
Maxwell,10,DE-ABE,88,0.525348424911499,890
Maxwell,10,DE-ABE,89,0.525348424911499,900
Maxwell,10,DE-ABE,90,0.5253479480743408,910
Maxwell,10,DE-ABE,91,0.525347888469696,920
Maxwell,10,DE-ABE,92,0.525347888469696,930
Maxwell,10,DE-ABE,93,0.5253475904464722,940
Maxwell,10,DE-ABE,94,0.5253467559814453,950
Maxwell,10,DE-ABE,95,0.5253467559814453,960
Maxwell,10,DE-ABE,96,0.5253462195396423,970
Maxwell,10,DE-ABE,97,0.5253462195396423,980
Maxwell,10,DE-ABE,98,0.5253459215164185,990
Maxwell,10,DE-ABE,99,0.5253456830978394,1000
Maxwell,10,GWO-ABE,0,0.7602100968360901,10
Maxwell,10,GWO-ABE,1,0.6736862063407898,20
Maxwell,10,GWO-ABE,2,0.524842381477356,30
Maxwell,10,GWO-ABE,3,0.5538949370384216,40
Maxwell,10,GWO-ABE,4,0.54457688331604,50
Maxwell,10,GWO-ABE,5,0.4755198359489441,60
Maxwell,10,GWO-ABE,6,0.5083341598510742,70
Maxwell,10,GWO-ABE,7,0.4983904957771301,80
Maxwell,10,GWO-ABE,8,0.4788833558559418,90
Maxwell,10,GWO-ABE,9,0.43398517370224,100
Maxwell,10,GWO-ABE,10,0.42695996165275574,110
Maxwell,10,GWO-ABE,11,0.4643082916736603,120
Maxwell,10,GWO-ABE,12,0.45799222588539124,130
Maxwell,10,GWO-ABE,13,0.46191343665122986,140
Maxwell,10,GWO-ABE,14,0.4509716331958771,150
Maxwell,10,GWO-ABE,15,0.45836737751960754,160
Maxwell,10,GWO-ABE,16,0.43322157859802246,170
Maxwell,10,GWO-ABE,17,0.4440303146839142,180
Maxwell,10,GWO-ABE,18,0.46840882301330566,190
Maxwell,10,GWO-ABE,19,0.46098294854164124,200
Maxwell,10,GWO-ABE,20,0.4306469261646271,210
Maxwell,10,GWO-ABE,21,0.4320211410522461,220
Maxwell,10,GWO-ABE,22,0.4393097758293152,230
Maxwell,10,GWO-ABE,23,0.43579578399658203,240
Maxwell,10,GWO-ABE,24,0.4417444169521332,250
Maxwell,10,GWO-ABE,25,0.4241870045661926,260
Maxwell,10,GWO-ABE,26,0.44588416814804077,270
Maxwell,10,GWO-ABE,27,0.43736985325813293,280
Maxwell,10,GWO-ABE,28,0.42463797330856323,290
Maxwell,10,GWO-ABE,29,0.424384206533432,300
Maxwell,10,GWO-ABE,30,0.42922213673591614,310
Maxwell,10,GWO-ABE,31,0.42423325777053833,320
Maxwell,10,GWO-ABE,32,0.4237779974937439,330
Maxwell,10,GWO-ABE,33,0.45375314354896545,340
Maxwell,10,GWO-ABE,34,0.4485703408718109,350
Maxwell,10,GWO-ABE,35,0.42855510115623474,360
Maxwell,10,GWO-ABE,36,0.43421489000320435,370
Maxwell,10,GWO-ABE,37,0.43361467123031616,380
Maxwell,10,GWO-ABE,38,0.4289989769458771,390
Maxwell,10,GWO-ABE,39,0.43256068229675293,400
Maxwell,10,GWO-ABE,40,0.42938804626464844,410
Maxwell,10,GWO-ABE,41,0.4455864727497101,420
Maxwell,10,GWO-ABE,42,0.44496917724609375,430
Maxwell,10,GWO-ABE,43,0.43592938780784607,440
Maxwell,10,GWO-ABE,44,0.4474857449531555,450
Maxwell,10,GWO-ABE,45,0.44074785709381104,460
Maxwell,10,GWO-ABE,46,0.43218478560447693,470
Maxwell,10,GWO-ABE,47,0.4409435987472534,480
Maxwell,10,GWO-ABE,48,0.4340755343437195,490
Maxwell,10,GWO-ABE,49,0.42264077067375183,500
Maxwell,10,GWO-ABE,50,0.4290910065174103,510
Maxwell,10,GWO-ABE,51,0.41969653964042664,520
Maxwell,10,GWO-ABE,52,0.42606526613235474,530
Maxwell,10,GWO-ABE,53,0.4173470437526703,540
Maxwell,10,GWO-ABE,54,0.4212956726551056,550
Maxwell,10,GWO-ABE,55,0.41890519857406616,560
Maxwell,10,GWO-ABE,56,0.4305066466331482,570
Maxwell,10,GWO-ABE,57,0.4201292395591736,580
Maxwell,10,GWO-ABE,58,0.4232448935508728,590
Maxwell,10,GWO-ABE,59,0.4285448491573334,600
Maxwell,10,GWO-ABE,60,0.4196102023124695,610
Maxwell,10,GWO-ABE,61,0.4232909083366394,620
Maxwell,10,GWO-ABE,62,0.4265841245651245,630
Maxwell,10,GWO-ABE,63,0.42466846108436584,640
Maxwell,10,GWO-ABE,64,0.4215170741081238,650
Maxwell,10,GWO-ABE,65,0.4206787645816803,660
Maxwell,10,GWO-ABE,66,0.4233284294605255,670
Maxwell,10,GWO-ABE,67,0.42105087637901306,680
Maxwell,10,GWO-ABE,68,0.42759019136428833,690
Maxwell,10,GWO-ABE,69,0.4223906099796295,700
Maxwell,10,GWO-ABE,70,0.4275437891483307,710
Maxwell,10,GWO-ABE,71,0.4262828528881073,720
Maxwell,10,GWO-ABE,72,0.4220225214958191,730
Maxwell,10,GWO-ABE,73,0.4207252562046051,740
Maxwell,10,GWO-ABE,74,0.42439931631088257,750
Maxwell,10,GWO-ABE,75,0.41812804341316223,760
Maxwell,10,GWO-ABE,76,0.42496663331985474,770
Maxwell,10,GWO-ABE,77,0.4177307188510895,780
Maxwell,10,GWO-ABE,78,0.42534488439559937,790
Maxwell,10,GWO-ABE,79,0.4237806499004364,800
Maxwell,10,GWO-ABE,80,0.4191521108150482,810
Maxwell,10,GWO-ABE,81,0.4190763831138611,820
Maxwell,10,GWO-ABE,82,0.4199273884296417,830
Maxwell,10,GWO-ABE,83,0.4155432879924774,840
Maxwell,10,GWO-ABE,84,0.41916269063949585,850
Maxwell,10,GWO-ABE,85,0.4226246476173401,860
Maxwell,10,GWO-ABE,86,0.4229259788990021,870
Maxwell,10,GWO-ABE,87,0.4201962649822235,880
Maxwell,10,GWO-ABE,88,0.42008787393569946,890
Maxwell,10,GWO-ABE,89,0.4200918972492218,900
Maxwell,10,GWO-ABE,90,0.4228277802467346,910
Maxwell,10,GWO-ABE,91,0.42009785771369934,920
Maxwell,10,GWO-ABE,92,0.4199140965938568,930
Maxwell,10,GWO-ABE,93,0.41957229375839233,940
Maxwell,10,GWO-ABE,94,0.41948238015174866,950
Maxwell,10,GWO-ABE,95,0.4193679988384247,960
Maxwell,10,GWO-ABE,96,0.41973936557769775,970
Maxwell,10,GWO-ABE,97,0.4196855127811432,980
Maxwell,10,GWO-ABE,98,0.419534832239151,990
Maxwell,10,GWO-ABE,99,0.4195893108844757,1000
Maxwell,10,WOA-ABE,0,0.6709115505218506,10
Maxwell,10,WOA-ABE,1,0.6294310688972473,20
Maxwell,10,WOA-ABE,2,0.5788800120353699,30
Maxwell,10,WOA-ABE,3,0.4584696590900421,40
Maxwell,10,WOA-ABE,4,0.4581594467163086,50
Maxwell,10,WOA-ABE,5,0.43157845735549927,60
Maxwell,10,WOA-ABE,6,0.43157845735549927,70
Maxwell,10,WOA-ABE,7,0.43157845735549927,80
Maxwell,10,WOA-ABE,8,0.43157845735549927,90
Maxwell,10,WOA-ABE,9,0.43157845735549927,100
Maxwell,10,WOA-ABE,10,0.43157845735549927,110
Maxwell,10,WOA-ABE,11,0.43157845735549927,120
Maxwell,10,WOA-ABE,12,0.43157845735549927,130
Maxwell,10,WOA-ABE,13,0.43157845735549927,140
Maxwell,10,WOA-ABE,14,0.427055299282074,150
Maxwell,10,WOA-ABE,15,0.427055299282074,160
Maxwell,10,WOA-ABE,16,0.427055299282074,170
Maxwell,10,WOA-ABE,17,0.42017385363578796,180
Maxwell,10,WOA-ABE,18,0.42017385363578796,190
Maxwell,10,WOA-ABE,19,0.4201716184616089,200
Maxwell,10,WOA-ABE,20,0.42015784978866577,210
Maxwell,10,WOA-ABE,21,0.42015784978866577,220
Maxwell,10,WOA-ABE,22,0.42015784978866577,230
Maxwell,10,WOA-ABE,23,0.4199422299861908,240
Maxwell,10,WOA-ABE,24,0.4199422299861908,250
Maxwell,10,WOA-ABE,25,0.4144960045814514,260
Maxwell,10,WOA-ABE,26,0.4144960045814514,270
Maxwell,10,WOA-ABE,27,0.4144960045814514,280
Maxwell,10,WOA-ABE,28,0.4144960045814514,290
Maxwell,10,WOA-ABE,29,0.4144960045814514,300
Maxwell,10,WOA-ABE,30,0.4144960045814514,310
Maxwell,10,WOA-ABE,31,0.4144960045814514,320
Maxwell,10,WOA-ABE,32,0.4144960045814514,330
Maxwell,10,WOA-ABE,33,0.4144378900527954,340
Maxwell,10,WOA-ABE,34,0.41156265139579773,350
Maxwell,10,WOA-ABE,35,0.41156265139579773,360
Maxwell,10,WOA-ABE,36,0.4110373258590698,370
Maxwell,10,WOA-ABE,37,0.4110373258590698,380
Maxwell,10,WOA-ABE,38,0.4110373258590698,390
Maxwell,10,WOA-ABE,39,0.4110373258590698,400
Maxwell,10,WOA-ABE,40,0.4110373258590698,410
Maxwell,10,WOA-ABE,41,0.4110322892665863,420
Maxwell,10,WOA-ABE,42,0.4110322594642639,430
Maxwell,10,WOA-ABE,43,0.41102519631385803,440
Maxwell,10,WOA-ABE,44,0.41102519631385803,450
Maxwell,10,WOA-ABE,45,0.41102519631385803,460
Maxwell,10,WOA-ABE,46,0.41097697615623474,470
Maxwell,10,WOA-ABE,47,0.41097697615623474,480
Maxwell,10,WOA-ABE,48,0.41097697615623474,490
Maxwell,10,WOA-ABE,49,0.41097575426101685,500
Maxwell,10,WOA-ABE,50,0.41095051169395447,510
Maxwell,10,WOA-ABE,51,0.41095051169395447,520
Maxwell,10,WOA-ABE,52,0.41094598174095154,530
Maxwell,10,WOA-ABE,53,0.41094598174095154,540
Maxwell,10,WOA-ABE,54,0.41094598174095154,550
Maxwell,10,WOA-ABE,55,0.41094598174095154,560
Maxwell,10,WOA-ABE,56,0.4109421670436859,570
Maxwell,10,WOA-ABE,57,0.4109421670436859,580
Maxwell,10,WOA-ABE,58,0.4108724296092987,590
Maxwell,10,WOA-ABE,59,0.40997880697250366,600
Maxwell,10,WOA-ABE,60,0.409906804561615,610
Maxwell,10,WOA-ABE,61,0.409906804561615,620
Maxwell,10,WOA-ABE,62,0.409906804561615,630
Maxwell,10,WOA-ABE,63,0.40980470180511475,640
Maxwell,10,WOA-ABE,64,0.40980470180511475,650
Maxwell,10,WOA-ABE,65,0.4097879230976105,660
Maxwell,10,WOA-ABE,66,0.4097879230976105,670
Maxwell,10,WOA-ABE,67,0.4097879230976105,680
Maxwell,10,WOA-ABE,68,0.4097879230976105,690
Maxwell,10,WOA-ABE,69,0.4097827970981598,700
Maxwell,10,WOA-ABE,70,0.4097748100757599,710
Maxwell,10,WOA-ABE,71,0.40976986289024353,720
Maxwell,10,WOA-ABE,72,0.40976986289024353,730
Maxwell,10,WOA-ABE,73,0.4097677767276764,740
Maxwell,10,WOA-ABE,74,0.4097677767276764,750
Maxwell,10,WOA-ABE,75,0.4097677767276764,760
Maxwell,10,WOA-ABE,76,0.4097610414028168,770
Maxwell,10,WOA-ABE,77,0.409748375415802,780
Maxwell,10,WOA-ABE,78,0.40972644090652466,790
Maxwell,10,WOA-ABE,79,0.40972644090652466,800
Maxwell,10,WOA-ABE,80,0.40972644090652466,810
Maxwell,10,WOA-ABE,81,0.4096224009990692,820
Maxwell,10,WOA-ABE,82,0.40724673867225647,830
Maxwell,10,WOA-ABE,83,0.40724673867225647,840
Maxwell,10,WOA-ABE,84,0.40724673867225647,850
Maxwell,10,WOA-ABE,85,0.40724673867225647,860
Maxwell,10,WOA-ABE,86,0.4072378873825073,870
Maxwell,10,WOA-ABE,87,0.4072378873825073,880
Maxwell,10,WOA-ABE,88,0.4072378873825073,890
Maxwell,10,WOA-ABE,89,0.4072378873825073,900
Maxwell,10,WOA-ABE,90,0.4072359502315521,910
Maxwell,10,WOA-ABE,91,0.4072359502315521,920
Maxwell,10,WOA-ABE,92,0.40722882747650146,930
Maxwell,10,WOA-ABE,93,0.40722882747650146,940
Maxwell,10,WOA-ABE,94,0.40711766481399536,950
Maxwell,10,WOA-ABE,95,0.4070761799812317,960
Maxwell,10,WOA-ABE,96,0.4070722162723541,970
Maxwell,10,WOA-ABE,97,0.407000869512558,980
Maxwell,10,WOA-ABE,98,0.4064166247844696,990
Maxwell,10,WOA-ABE,99,0.4064100980758667,1000
Maxwell,10,FAABE,0,0.7511636018753052,10
Maxwell,10,FAABE,1,0.7318289279937744,20
Maxwell,10,FAABE,2,0.6871272325515747,30
Maxwell,10,FAABE,3,0.6170595288276672,40
Maxwell,10,FAABE,4,0.5900169610977173,50
Maxwell,10,FAABE,5,0.5786375403404236,60
Maxwell,10,FAABE,6,0.5786375403404236,70
Maxwell,10,FAABE,7,0.5662176609039307,80
Maxwell,10,FAABE,8,0.533351719379425,90
Maxwell,10,FAABE,9,0.533351719379425,100
Maxwell,10,FAABE,10,0.533351719379425,110
Maxwell,10,FAABE,11,0.533351719379425,120
Maxwell,10,FAABE,12,0.5319657325744629,130
Maxwell,10,FAABE,13,0.5319657325744629,140
Maxwell,10,FAABE,14,0.5319657325744629,150
Maxwell,10,FAABE,15,0.5319657325744629,160
Maxwell,10,FAABE,16,0.5174481272697449,170
Maxwell,10,FAABE,17,0.5171703100204468,180
Maxwell,10,FAABE,18,0.5126714110374451,190
Maxwell,10,FAABE,19,0.5126714110374451,200
Maxwell,10,FAABE,20,0.5126714110374451,210
Maxwell,10,FAABE,21,0.46993207931518555,220
Maxwell,10,FAABE,22,0.4631706178188324,230
Maxwell,10,FAABE,23,0.4631706178188324,240
Maxwell,10,FAABE,24,0.4631706178188324,250
Maxwell,10,FAABE,25,0.4631706178188324,260
Maxwell,10,FAABE,26,0.4631706178188324,270
Maxwell,10,FAABE,27,0.4631706178188324,280
Maxwell,10,FAABE,28,0.4631706178188324,290
Maxwell,10,FAABE,29,0.4318145513534546,300
Maxwell,10,FAABE,30,0.4318145513534546,310
Maxwell,10,FAABE,31,0.4318145513534546,320
Maxwell,10,FAABE,32,0.4318145513534546,330
Maxwell,10,FAABE,33,0.4318145513534546,340
Maxwell,10,FAABE,34,0.4318145513534546,350
Maxwell,10,FAABE,35,0.4318145513534546,360
Maxwell,10,FAABE,36,0.4318145513534546,370
Maxwell,10,FAABE,37,0.4318145513534546,380
Maxwell,10,FAABE,38,0.4318145513534546,390
Maxwell,10,FAABE,39,0.43175822496414185,400
Maxwell,10,FAABE,40,0.43175822496414185,410
Maxwell,10,FAABE,41,0.43175822496414185,420
Maxwell,10,FAABE,42,0.43175822496414185,430
Maxwell,10,FAABE,43,0.43175822496414185,440
Maxwell,10,FAABE,44,0.43175822496414185,450
Maxwell,10,FAABE,45,0.43175822496414185,460
Maxwell,10,FAABE,46,0.43175822496414185,470
Maxwell,10,FAABE,47,0.43175822496414185,480
Maxwell,10,FAABE,48,0.43175822496414185,490
Maxwell,10,FAABE,49,0.43175822496414185,500
Maxwell,10,FAABE,50,0.43175822496414185,510
Maxwell,10,FAABE,51,0.43175822496414185,520
Maxwell,10,FAABE,52,0.43175822496414185,530
Maxwell,10,FAABE,53,0.43175822496414185,540
Maxwell,10,FAABE,54,0.43175822496414185,550
Maxwell,10,FAABE,55,0.43175822496414185,560
Maxwell,10,FAABE,56,0.43175822496414185,570
Maxwell,10,FAABE,57,0.43175822496414185,580
Maxwell,10,FAABE,58,0.43175822496414185,590
Maxwell,10,FAABE,59,0.43175822496414185,600
Maxwell,10,FAABE,60,0.43175822496414185,610
Maxwell,10,FAABE,61,0.43175822496414185,620
Maxwell,10,FAABE,62,0.43175822496414185,630
Maxwell,10,FAABE,63,0.43175822496414185,640
Maxwell,10,FAABE,64,0.43175822496414185,650
Maxwell,10,FAABE,65,0.43175822496414185,660
Maxwell,10,FAABE,66,0.43175822496414185,670
Maxwell,10,FAABE,67,0.43175822496414185,680
Maxwell,10,FAABE,68,0.43175822496414185,690
Maxwell,10,FAABE,69,0.43175822496414185,700
Maxwell,10,FAABE,70,0.43175822496414185,710
Maxwell,10,FAABE,71,0.43175822496414185,720
Maxwell,10,FAABE,72,0.43175822496414185,730
Maxwell,10,FAABE,73,0.43175822496414185,740
Maxwell,10,FAABE,74,0.43175822496414185,750
Maxwell,10,FAABE,75,0.43175822496414185,760
Maxwell,10,FAABE,76,0.43175822496414185,770
Maxwell,10,FAABE,77,0.43175822496414185,780
Maxwell,10,FAABE,78,0.43175822496414185,790
Maxwell,10,FAABE,79,0.43175822496414185,800
Maxwell,10,FAABE,80,0.43175822496414185,810
Maxwell,10,FAABE,81,0.43175822496414185,820
Maxwell,10,FAABE,82,0.43175822496414185,830
Maxwell,10,FAABE,83,0.43175822496414185,840
Maxwell,10,FAABE,84,0.43175822496414185,850
Maxwell,10,FAABE,85,0.43175822496414185,860
Maxwell,10,FAABE,86,0.43175822496414185,870
Maxwell,10,FAABE,87,0.43175822496414185,880
Maxwell,10,FAABE,88,0.43175822496414185,890
Maxwell,10,FAABE,89,0.43175822496414185,900
Maxwell,10,FAABE,90,0.43175822496414185,910
Maxwell,10,FAABE,91,0.43175822496414185,920
Maxwell,10,FAABE,92,0.43175822496414185,930
Maxwell,10,FAABE,93,0.4205232262611389,940
Maxwell,10,FAABE,94,0.4205232262611389,950
Maxwell,10,FAABE,95,0.4205232262611389,960
Maxwell,10,FAABE,96,0.4205232262611389,970
Maxwell,10,FAABE,97,0.4205232262611389,980
Maxwell,10,FAABE,98,0.4205232262611389,990
Maxwell,10,FAABE,99,0.4205232262611389,1000
