Dataset,Fold,Variant,Iteration,Best_Training_MMRE
Desharnais,1,FAABE_NO_PEARSON,0,0.4876251220703125
Desharnais,1,FAABE_NO_PEARSON,1,0.4156563878059387
Desharnais,1,FAABE_NO_PEARSON,2,0.4129769206047058
Desharnais,1,FAABE_NO_PEARSON,3,0.4129769206047058
Desharnais,1,FAABE_NO_PEARSON,4,0.40451374650001526
Desharnais,1,FAABE_NO_PEARSON,5,0.40451374650001526
Desharnais,1,FAABE_NO_PEARSON,6,0.40451374650001526
Desharnais,1,FAABE_NO_PEARSON,7,0.403161883354187
Desharnais,1,FAABE_NO_PEARSON,8,0.403161883354187
Desharnais,1,FAABE_NO_PEARSON,9,0.3978832960128784
Desharnais,1,FAABE_NO_PEARSON,10,0.3978832960128784
Desharnais,1,FAABE_NO_PEARSON,11,0.3869763910770416
Desharnais,1,FAABE_NO_PEARSON,12,0.3869763910770416
Desharnais,1,FAABE_NO_PEARSON,13,0.3869763910770416
Desharnais,1,FAABE_NO_PEARSON,14,0.3869763910770416
Desharnais,1,FAABE_NO_PEARSON,15,0.3869763910770416
Desharnais,1,FAABE_NO_PEARSON,16,0.3869763910770416
Desharnais,1,FAABE_NO_PEARSON,17,0.3869763910770416
Desharnais,1,FAABE_NO_PEARSON,18,0.3869763910770416
Desharnais,1,FAABE_NO_PEARSON,19,0.3869763910770416
Desharnais,1,FAABE_NO_PEARSON,20,0.3869763910770416
Desharnais,1,FAABE_NO_PEARSON,21,0.3869763910770416
Desharnais,1,FAABE_NO_PEARSON,22,0.3869763910770416
Desharnais,1,FAABE_NO_PEARSON,23,0.3869763910770416
Desharnais,1,FAABE_NO_PEARSON,24,0.3869763910770416
Desharnais,1,FAABE_NO_PEARSON,25,0.3869763910770416
Desharnais,1,FAABE_NO_PEARSON,26,0.3869763910770416
Desharnais,1,FAABE_NO_PEARSON,27,0.3869763910770416
Desharnais,1,FAABE_NO_PEARSON,28,0.3869763910770416
Desharnais,1,FAABE_NO_PEARSON,29,0.3869763910770416
Desharnais,1,FAABE_NO_PEARSON,30,0.3869763910770416
Desharnais,1,FAABE_NO_PEARSON,31,0.3869763910770416
Desharnais,1,FAABE_NO_PEARSON,32,0.3869763910770416
Desharnais,1,FAABE_NO_PEARSON,33,0.3869763910770416
Desharnais,1,FAABE_NO_PEARSON,34,0.3869763910770416
Desharnais,1,FAABE_NO_PEARSON,35,0.3869763910770416
Desharnais,1,FAABE_NO_PEARSON,36,0.3869763910770416
Desharnais,1,FAABE_NO_PEARSON,37,0.3869763910770416
Desharnais,1,FAABE_NO_PEARSON,38,0.3869763910770416
Desharnais,1,FAABE_NO_PEARSON,39,0.3869763910770416
Desharnais,1,FAABE_NO_PEARSON,40,0.3869763910770416
Desharnais,1,FAABE_NO_PEARSON,41,0.3869763910770416
Desharnais,1,FAABE_NO_PEARSON,42,0.3869763910770416
Desharnais,1,FAABE_NO_PEARSON,43,0.3869763910770416
Desharnais,1,FAABE_NO_PEARSON,44,0.3869763910770416
Desharnais,1,FAABE_NO_PEARSON,45,0.3869763910770416
Desharnais,1,FAABE_NO_PEARSON,46,0.3869763910770416
Desharnais,1,FAABE_NO_PEARSON,47,0.3869763910770416
Desharnais,1,FAABE_NO_PEARSON,48,0.3869763910770416
Desharnais,1,FAABE_NO_PEARSON,49,0.3869763910770416
Desharnais,1,FAABE_NO_PEARSON,50,0.3869763910770416
Desharnais,1,FAABE_NO_PEARSON,51,0.3869763910770416
Desharnais,1,FAABE_NO_PEARSON,52,0.3869763910770416
Desharnais,1,FAABE_NO_PEARSON,53,0.38632693886756897
Desharnais,1,FAABE_NO_PEARSON,54,0.38632693886756897
Desharnais,1,FAABE_NO_PEARSON,55,0.38632693886756897
Desharnais,1,FAABE_NO_PEARSON,56,0.38632693886756897
Desharnais,1,FAABE_NO_PEARSON,57,0.38632693886756897
Desharnais,1,FAABE_NO_PEARSON,58,0.38632693886756897
Desharnais,1,FAABE_NO_PEARSON,59,0.38632693886756897
Desharnais,1,FAABE_NO_PEARSON,60,0.38632693886756897
Desharnais,1,FAABE_NO_PEARSON,61,0.38632693886756897
Desharnais,1,FAABE_NO_PEARSON,62,0.38632693886756897
Desharnais,1,FAABE_NO_PEARSON,63,0.38632693886756897
Desharnais,1,FAABE_NO_PEARSON,64,0.38632693886756897
Desharnais,1,FAABE_NO_PEARSON,65,0.38632693886756897
Desharnais,1,FAABE_NO_PEARSON,66,0.38632693886756897
Desharnais,1,FAABE_NO_PEARSON,67,0.38632693886756897
Desharnais,1,FAABE_NO_PEARSON,68,0.38632693886756897
Desharnais,1,FAABE_NO_PEARSON,69,0.38632693886756897
Desharnais,1,FAABE_NO_PEARSON,70,0.38632693886756897
Desharnais,1,FAABE_NO_PEARSON,71,0.38632693886756897
Desharnais,1,FAABE_NO_PEARSON,72,0.38632693886756897
Desharnais,1,FAABE_NO_PEARSON,73,0.38632693886756897
Desharnais,1,FAABE_NO_PEARSON,74,0.38632693886756897
Desharnais,1,FAABE_NO_PEARSON,75,0.38632693886756897
Desharnais,1,FAABE_NO_PEARSON,76,0.38632693886756897
Desharnais,1,FAABE_NO_PEARSON,77,0.38632693886756897
Desharnais,1,FAABE_NO_PEARSON,78,0.38632693886756897
Desharnais,1,FAABE_NO_PEARSON,79,0.38632693886756897
Desharnais,1,FAABE_NO_PEARSON,80,0.38632693886756897
Desharnais,1,FAABE_NO_PEARSON,81,0.38632693886756897
Desharnais,1,FAABE_NO_PEARSON,82,0.38632693886756897
Desharnais,1,FAABE_NO_PEARSON,83,0.38632693886756897
Desharnais,1,FAABE_NO_PEARSON,84,0.38632693886756897
Desharnais,1,FAABE_NO_PEARSON,85,0.38632693886756897
Desharnais,1,FAABE_NO_PEARSON,86,0.38632693886756897
Desharnais,1,FAABE_NO_PEARSON,87,0.38632693886756897
Desharnais,1,FAABE_NO_PEARSON,88,0.38632693886756897
Desharnais,1,FAABE_NO_PEARSON,89,0.38632693886756897
Desharnais,1,FAABE_NO_PEARSON,90,0.38632693886756897
Desharnais,1,FAABE_NO_PEARSON,91,0.38632693886756897
Desharnais,1,FAABE_NO_PEARSON,92,0.38632693886756897
Desharnais,1,FAABE_NO_PEARSON,93,0.38632693886756897
Desharnais,1,FAABE_NO_PEARSON,94,0.38632693886756897
Desharnais,1,FAABE_NO_PEARSON,95,0.38632693886756897
Desharnais,1,FAABE_NO_PEARSON,96,0.38632693886756897
Desharnais,1,FAABE_NO_PEARSON,97,0.38632693886756897
Desharnais,1,FAABE_NO_PEARSON,98,0.38632693886756897
Desharnais,1,FAABE_NO_PEARSON,99,0.38632693886756897
Desharnais,1,FAABE_NO_PEARSON,100,0.38632693886756897
Desharnais,1,FAABE_NO_IWM,0,0.6232314109802246
Desharnais,1,FAABE_NO_IWM,1,0.5720193982124329
Desharnais,1,FAABE_NO_IWM,2,0.5565515160560608
Desharnais,1,FAABE_NO_IWM,3,0.5565515160560608
Desharnais,1,FAABE_NO_IWM,4,0.5565515160560608
Desharnais,1,FAABE_NO_IWM,5,0.5565515160560608
Desharnais,1,FAABE_NO_IWM,6,0.5565515160560608
Desharnais,1,FAABE_NO_IWM,7,0.5565515160560608
Desharnais,1,FAABE_NO_IWM,8,0.5565515160560608
Desharnais,1,FAABE_NO_IWM,9,0.5565515160560608
Desharnais,1,FAABE_NO_IWM,10,0.5565515160560608
Desharnais,1,FAABE_NO_IWM,11,0.5565515160560608
Desharnais,1,FAABE_NO_IWM,12,0.5565515160560608
Desharnais,1,FAABE_NO_IWM,13,0.5565515160560608
Desharnais,1,FAABE_NO_IWM,14,0.5549102425575256
Desharnais,1,FAABE_NO_IWM,15,0.5549102425575256
Desharnais,1,FAABE_NO_IWM,16,0.5512500405311584
Desharnais,1,FAABE_NO_IWM,17,0.5512500405311584
Desharnais,1,FAABE_NO_IWM,18,0.5512500405311584
Desharnais,1,FAABE_NO_IWM,19,0.5512500405311584
Desharnais,1,FAABE_NO_IWM,20,0.5512500405311584
Desharnais,1,FAABE_NO_IWM,21,0.5512500405311584
Desharnais,1,FAABE_NO_IWM,22,0.5512500405311584
Desharnais,1,FAABE_NO_IWM,23,0.5512500405311584
Desharnais,1,FAABE_NO_IWM,24,0.5512500405311584
Desharnais,1,FAABE_NO_IWM,25,0.5512500405311584
Desharnais,1,FAABE_NO_IWM,26,0.5512500405311584
Desharnais,1,FAABE_NO_IWM,27,0.5512500405311584
Desharnais,1,FAABE_NO_IWM,28,0.5512500405311584
Desharnais,1,FAABE_NO_IWM,29,0.5512500405311584
Desharnais,1,FAABE_NO_IWM,30,0.5512500405311584
Desharnais,1,FAABE_NO_IWM,31,0.5512500405311584
Desharnais,1,FAABE_NO_IWM,32,0.5512500405311584
Desharnais,1,FAABE_NO_IWM,33,0.5512500405311584
Desharnais,1,FAABE_NO_IWM,34,0.5512500405311584
Desharnais,1,FAABE_NO_IWM,35,0.5512500405311584
Desharnais,1,FAABE_NO_IWM,36,0.5512500405311584
Desharnais,1,FAABE_NO_IWM,37,0.5512500405311584
Desharnais,1,FAABE_NO_IWM,38,0.5512500405311584
Desharnais,1,FAABE_NO_IWM,39,0.5512500405311584
Desharnais,1,FAABE_NO_IWM,40,0.5512500405311584
Desharnais,1,FAABE_NO_IWM,41,0.5512500405311584
Desharnais,1,FAABE_NO_IWM,42,0.5512500405311584
Desharnais,1,FAABE_NO_IWM,43,0.5512500405311584
Desharnais,1,FAABE_NO_IWM,44,0.5512500405311584
Desharnais,1,FAABE_NO_IWM,45,0.5512500405311584
Desharnais,1,FAABE_NO_IWM,46,0.5512500405311584
Desharnais,1,FAABE_NO_IWM,47,0.5512500405311584
Desharnais,1,FAABE_NO_IWM,48,0.5512500405311584
Desharnais,1,FAABE_NO_IWM,49,0.5512500405311584
Desharnais,1,FAABE_NO_IWM,50,0.5512500405311584
Desharnais,1,FAABE_NO_IWM,51,0.5512500405311584
Desharnais,1,FAABE_NO_IWM,52,0.5512500405311584
Desharnais,1,FAABE_NO_IWM,53,0.5512500405311584
Desharnais,1,FAABE_NO_IWM,54,0.5512500405311584
Desharnais,1,FAABE_NO_IWM,55,0.5512500405311584
Desharnais,1,FAABE_NO_IWM,56,0.5512500405311584
Desharnais,1,FAABE_NO_IWM,57,0.5512500405311584
Desharnais,1,FAABE_NO_IWM,58,0.5512500405311584
Desharnais,1,FAABE_NO_IWM,59,0.5512500405311584
Desharnais,1,FAABE_NO_IWM,60,0.5512500405311584
Desharnais,1,FAABE_NO_IWM,61,0.5512500405311584
Desharnais,1,FAABE_NO_IWM,62,0.5512500405311584
Desharnais,1,FAABE_NO_IWM,63,0.5512500405311584
Desharnais,1,FAABE_NO_IWM,64,0.5512500405311584
Desharnais,1,FAABE_NO_IWM,65,0.5512500405311584
Desharnais,1,FAABE_NO_IWM,66,0.5512500405311584
Desharnais,1,FAABE_NO_IWM,67,0.5512500405311584
Desharnais,1,FAABE_NO_IWM,68,0.5512500405311584
Desharnais,1,FAABE_NO_IWM,69,0.5512500405311584
Desharnais,1,FAABE_NO_IWM,70,0.5512500405311584
Desharnais,1,FAABE_NO_IWM,71,0.5512500405311584
Desharnais,1,FAABE_NO_IWM,72,0.5512500405311584
Desharnais,1,FAABE_NO_IWM,73,0.5512500405311584
Desharnais,1,FAABE_NO_IWM,74,0.5512500405311584
Desharnais,1,FAABE_NO_IWM,75,0.5512500405311584
Desharnais,1,FAABE_NO_IWM,76,0.5512500405311584
Desharnais,1,FAABE_NO_IWM,77,0.5512500405311584
Desharnais,1,FAABE_NO_IWM,78,0.5512500405311584
Desharnais,1,FAABE_NO_IWM,79,0.5512500405311584
Desharnais,1,FAABE_NO_IWM,80,0.5512500405311584
Desharnais,1,FAABE_NO_IWM,81,0.5512500405311584
Desharnais,1,FAABE_NO_IWM,82,0.5512500405311584
Desharnais,1,FAABE_NO_IWM,83,0.5512500405311584
Desharnais,1,FAABE_NO_IWM,84,0.5512500405311584
Desharnais,1,FAABE_NO_IWM,85,0.5512500405311584
Desharnais,1,FAABE_NO_IWM,86,0.5512500405311584
Desharnais,1,FAABE_NO_IWM,87,0.5512500405311584
Desharnais,1,FAABE_NO_IWM,88,0.5512500405311584
Desharnais,1,FAABE_NO_IWM,89,0.5512500405311584
Desharnais,1,FAABE_NO_IWM,90,0.5512500405311584
Desharnais,1,FAABE_NO_IWM,91,0.5512500405311584
Desharnais,1,FAABE_NO_IWM,92,0.5512500405311584
Desharnais,1,FAABE_NO_IWM,93,0.5512500405311584
Desharnais,1,FAABE_NO_IWM,94,0.5512500405311584
Desharnais,1,FAABE_NO_IWM,95,0.5512500405311584
Desharnais,1,FAABE_NO_IWM,96,0.5512500405311584
Desharnais,1,FAABE_NO_IWM,97,0.5512500405311584
Desharnais,1,FAABE_NO_IWM,98,0.5512500405311584
Desharnais,1,FAABE_NO_IWM,99,0.5512500405311584
Desharnais,1,FAABE_NO_IWM,100,0.5512500405311584
Desharnais,1,FAABE_FULL,0,0.6648125052452087
Desharnais,1,FAABE_FULL,1,0.617985725402832
Desharnais,1,FAABE_FULL,2,0.5962644219398499
Desharnais,1,FAABE_FULL,3,0.5912553668022156
Desharnais,1,FAABE_FULL,4,0.5760787725448608
Desharnais,1,FAABE_FULL,5,0.5760787725448608
Desharnais,1,FAABE_FULL,6,0.5760787725448608
Desharnais,1,FAABE_FULL,7,0.5760787725448608
Desharnais,1,FAABE_FULL,8,0.5623391270637512
Desharnais,1,FAABE_FULL,9,0.5623391270637512
Desharnais,1,FAABE_FULL,10,0.5623391270637512
Desharnais,1,FAABE_FULL,11,0.5623391270637512
Desharnais,1,FAABE_FULL,12,0.5623391270637512
Desharnais,1,FAABE_FULL,13,0.5623391270637512
Desharnais,1,FAABE_FULL,14,0.5623391270637512
Desharnais,1,FAABE_FULL,15,0.5623391270637512
Desharnais,1,FAABE_FULL,16,0.5623391270637512
Desharnais,1,FAABE_FULL,17,0.5623391270637512
Desharnais,1,FAABE_FULL,18,0.5623391270637512
Desharnais,1,FAABE_FULL,19,0.5623391270637512
Desharnais,1,FAABE_FULL,20,0.5623391270637512
Desharnais,1,FAABE_FULL,21,0.5623391270637512
Desharnais,1,FAABE_FULL,22,0.5623391270637512
Desharnais,1,FAABE_FULL,23,0.5623391270637512
Desharnais,1,FAABE_FULL,24,0.5623391270637512
Desharnais,1,FAABE_FULL,25,0.5623391270637512
Desharnais,1,FAABE_FULL,26,0.5623391270637512
Desharnais,1,FAABE_FULL,27,0.5623391270637512
Desharnais,1,FAABE_FULL,28,0.5623391270637512
Desharnais,1,FAABE_FULL,29,0.5623391270637512
Desharnais,1,FAABE_FULL,30,0.5623391270637512
Desharnais,1,FAABE_FULL,31,0.5623391270637512
Desharnais,1,FAABE_FULL,32,0.5623391270637512
Desharnais,1,FAABE_FULL,33,0.5623391270637512
Desharnais,1,FAABE_FULL,34,0.5623391270637512
Desharnais,1,FAABE_FULL,35,0.5623391270637512
Desharnais,1,FAABE_FULL,36,0.5623391270637512
Desharnais,1,FAABE_FULL,37,0.5623391270637512
Desharnais,1,FAABE_FULL,38,0.5623391270637512
Desharnais,1,FAABE_FULL,39,0.5623391270637512
Desharnais,1,FAABE_FULL,40,0.5623391270637512
Desharnais,1,FAABE_FULL,41,0.5623391270637512
Desharnais,1,FAABE_FULL,42,0.5548564195632935
Desharnais,1,FAABE_FULL,43,0.5548564195632935
Desharnais,1,FAABE_FULL,44,0.5548564195632935
Desharnais,1,FAABE_FULL,45,0.5548564195632935
Desharnais,1,FAABE_FULL,46,0.5548564195632935
Desharnais,1,FAABE_FULL,47,0.5548564195632935
Desharnais,1,FAABE_FULL,48,0.5548564195632935
Desharnais,1,FAABE_FULL,49,0.5548564195632935
Desharnais,1,FAABE_FULL,50,0.5548564195632935
Desharnais,1,FAABE_FULL,51,0.5548564195632935
Desharnais,1,FAABE_FULL,52,0.5548564195632935
Desharnais,1,FAABE_FULL,53,0.5548564195632935
Desharnais,1,FAABE_FULL,54,0.5548564195632935
Desharnais,1,FAABE_FULL,55,0.5548564195632935
Desharnais,1,FAABE_FULL,56,0.5548564195632935
Desharnais,1,FAABE_FULL,57,0.5548564195632935
Desharnais,1,FAABE_FULL,58,0.5548564195632935
Desharnais,1,FAABE_FULL,59,0.5548564195632935
Desharnais,1,FAABE_FULL,60,0.5548564195632935
Desharnais,1,FAABE_FULL,61,0.5548564195632935
Desharnais,1,FAABE_FULL,62,0.5548564195632935
Desharnais,1,FAABE_FULL,63,0.5548564195632935
Desharnais,1,FAABE_FULL,64,0.5548564195632935
Desharnais,1,FAABE_FULL,65,0.5548564195632935
Desharnais,1,FAABE_FULL,66,0.5548564195632935
Desharnais,1,FAABE_FULL,67,0.5548564195632935
Desharnais,1,FAABE_FULL,68,0.5548564195632935
Desharnais,1,FAABE_FULL,69,0.5548564195632935
Desharnais,1,FAABE_FULL,70,0.5548564195632935
Desharnais,1,FAABE_FULL,71,0.5548564195632935
Desharnais,1,FAABE_FULL,72,0.5548564195632935
Desharnais,1,FAABE_FULL,73,0.5548564195632935
Desharnais,1,FAABE_FULL,74,0.5548564195632935
Desharnais,1,FAABE_FULL,75,0.5548564195632935
Desharnais,1,FAABE_FULL,76,0.5548564195632935
Desharnais,1,FAABE_FULL,77,0.5548564195632935
Desharnais,1,FAABE_FULL,78,0.5548564195632935
Desharnais,1,FAABE_FULL,79,0.5548564195632935
Desharnais,1,FAABE_FULL,80,0.5548564195632935
Desharnais,1,FAABE_FULL,81,0.5548564195632935
Desharnais,1,FAABE_FULL,82,0.5548564195632935
Desharnais,1,FAABE_FULL,83,0.5548564195632935
Desharnais,1,FAABE_FULL,84,0.5548564195632935
Desharnais,1,FAABE_FULL,85,0.5548564195632935
Desharnais,1,FAABE_FULL,86,0.5548564195632935
Desharnais,1,FAABE_FULL,87,0.5548564195632935
Desharnais,1,FAABE_FULL,88,0.5548564195632935
Desharnais,1,FAABE_FULL,89,0.5548564195632935
Desharnais,1,FAABE_FULL,90,0.5548564195632935
Desharnais,1,FAABE_FULL,91,0.5548564195632935
Desharnais,1,FAABE_FULL,92,0.5548564195632935
Desharnais,1,FAABE_FULL,93,0.5548564195632935
Desharnais,1,FAABE_FULL,94,0.5548564195632935
Desharnais,1,FAABE_FULL,95,0.5548564195632935
Desharnais,1,FAABE_FULL,96,0.5548564195632935
Desharnais,1,FAABE_FULL,97,0.5548564195632935
Desharnais,1,FAABE_FULL,98,0.5548564195632935
Desharnais,1,FAABE_FULL,99,0.5548564195632935
Desharnais,1,FAABE_FULL,100,0.5548564195632935
Desharnais,2,FAABE_NO_PEARSON,0,0.48441407084465027
Desharnais,2,FAABE_NO_PEARSON,1,0.4062859117984772
Desharnais,2,FAABE_NO_PEARSON,2,0.39758336544036865
Desharnais,2,FAABE_NO_PEARSON,3,0.37583571672439575
Desharnais,2,FAABE_NO_PEARSON,4,0.37583571672439575
Desharnais,2,FAABE_NO_PEARSON,5,0.37583571672439575
Desharnais,2,FAABE_NO_PEARSON,6,0.36304375529289246
Desharnais,2,FAABE_NO_PEARSON,7,0.36304375529289246
Desharnais,2,FAABE_NO_PEARSON,8,0.34766900539398193
Desharnais,2,FAABE_NO_PEARSON,9,0.34766900539398193
Desharnais,2,FAABE_NO_PEARSON,10,0.34224939346313477
Desharnais,2,FAABE_NO_PEARSON,11,0.34224939346313477
Desharnais,2,FAABE_NO_PEARSON,12,0.34224939346313477
Desharnais,2,FAABE_NO_PEARSON,13,0.34224939346313477
Desharnais,2,FAABE_NO_PEARSON,14,0.34224939346313477
Desharnais,2,FAABE_NO_PEARSON,15,0.34224939346313477
Desharnais,2,FAABE_NO_PEARSON,16,0.34224939346313477
Desharnais,2,FAABE_NO_PEARSON,17,0.34224939346313477
Desharnais,2,FAABE_NO_PEARSON,18,0.34224939346313477
Desharnais,2,FAABE_NO_PEARSON,19,0.34224939346313477
Desharnais,2,FAABE_NO_PEARSON,20,0.34224939346313477
Desharnais,2,FAABE_NO_PEARSON,21,0.34224939346313477
Desharnais,2,FAABE_NO_PEARSON,22,0.3411790430545807
Desharnais,2,FAABE_NO_PEARSON,23,0.3411790430545807
Desharnais,2,FAABE_NO_PEARSON,24,0.3411790430545807
Desharnais,2,FAABE_NO_PEARSON,25,0.3411790430545807
Desharnais,2,FAABE_NO_PEARSON,26,0.3411790430545807
Desharnais,2,FAABE_NO_PEARSON,27,0.3411790430545807
Desharnais,2,FAABE_NO_PEARSON,28,0.3411790430545807
Desharnais,2,FAABE_NO_PEARSON,29,0.3411790430545807
Desharnais,2,FAABE_NO_PEARSON,30,0.3411790430545807
Desharnais,2,FAABE_NO_PEARSON,31,0.3411790430545807
Desharnais,2,FAABE_NO_PEARSON,32,0.3411790430545807
Desharnais,2,FAABE_NO_PEARSON,33,0.3411790430545807
Desharnais,2,FAABE_NO_PEARSON,34,0.3411790430545807
Desharnais,2,FAABE_NO_PEARSON,35,0.3411790430545807
Desharnais,2,FAABE_NO_PEARSON,36,0.3411790430545807
Desharnais,2,FAABE_NO_PEARSON,37,0.3411790430545807
Desharnais,2,FAABE_NO_PEARSON,38,0.3411790430545807
Desharnais,2,FAABE_NO_PEARSON,39,0.3411790430545807
Desharnais,2,FAABE_NO_PEARSON,40,0.3411790430545807
Desharnais,2,FAABE_NO_PEARSON,41,0.3411790430545807
Desharnais,2,FAABE_NO_PEARSON,42,0.3411790430545807
Desharnais,2,FAABE_NO_PEARSON,43,0.3411790430545807
Desharnais,2,FAABE_NO_PEARSON,44,0.3411790430545807
Desharnais,2,FAABE_NO_PEARSON,45,0.3411790430545807
Desharnais,2,FAABE_NO_PEARSON,46,0.3411790430545807
Desharnais,2,FAABE_NO_PEARSON,47,0.3411790430545807
Desharnais,2,FAABE_NO_PEARSON,48,0.33352917432785034
Desharnais,2,FAABE_NO_PEARSON,49,0.33352917432785034
Desharnais,2,FAABE_NO_PEARSON,50,0.33352917432785034
Desharnais,2,FAABE_NO_PEARSON,51,0.33352917432785034
Desharnais,2,FAABE_NO_PEARSON,52,0.33352917432785034
Desharnais,2,FAABE_NO_PEARSON,53,0.33352917432785034
Desharnais,2,FAABE_NO_PEARSON,54,0.33352917432785034
Desharnais,2,FAABE_NO_PEARSON,55,0.33352917432785034
Desharnais,2,FAABE_NO_PEARSON,56,0.33352917432785034
Desharnais,2,FAABE_NO_PEARSON,57,0.33352917432785034
Desharnais,2,FAABE_NO_PEARSON,58,0.33352917432785034
Desharnais,2,FAABE_NO_PEARSON,59,0.33352917432785034
Desharnais,2,FAABE_NO_PEARSON,60,0.33352917432785034
Desharnais,2,FAABE_NO_PEARSON,61,0.33352917432785034
Desharnais,2,FAABE_NO_PEARSON,62,0.33352917432785034
Desharnais,2,FAABE_NO_PEARSON,63,0.33352917432785034
Desharnais,2,FAABE_NO_PEARSON,64,0.33352917432785034
Desharnais,2,FAABE_NO_PEARSON,65,0.33352917432785034
Desharnais,2,FAABE_NO_PEARSON,66,0.33352917432785034
Desharnais,2,FAABE_NO_PEARSON,67,0.33352917432785034
Desharnais,2,FAABE_NO_PEARSON,68,0.33352917432785034
Desharnais,2,FAABE_NO_PEARSON,69,0.33352917432785034
Desharnais,2,FAABE_NO_PEARSON,70,0.33352917432785034
Desharnais,2,FAABE_NO_PEARSON,71,0.33352917432785034
Desharnais,2,FAABE_NO_PEARSON,72,0.33352917432785034
Desharnais,2,FAABE_NO_PEARSON,73,0.33352917432785034
Desharnais,2,FAABE_NO_PEARSON,74,0.33352917432785034
Desharnais,2,FAABE_NO_PEARSON,75,0.33352917432785034
Desharnais,2,FAABE_NO_PEARSON,76,0.33352917432785034
Desharnais,2,FAABE_NO_PEARSON,77,0.33352917432785034
Desharnais,2,FAABE_NO_PEARSON,78,0.33352917432785034
Desharnais,2,FAABE_NO_PEARSON,79,0.33352917432785034
Desharnais,2,FAABE_NO_PEARSON,80,0.33352917432785034
Desharnais,2,FAABE_NO_PEARSON,81,0.33352917432785034
Desharnais,2,FAABE_NO_PEARSON,82,0.33352917432785034
Desharnais,2,FAABE_NO_PEARSON,83,0.33352917432785034
Desharnais,2,FAABE_NO_PEARSON,84,0.33352917432785034
Desharnais,2,FAABE_NO_PEARSON,85,0.33352917432785034
Desharnais,2,FAABE_NO_PEARSON,86,0.33352917432785034
Desharnais,2,FAABE_NO_PEARSON,87,0.33352917432785034
Desharnais,2,FAABE_NO_PEARSON,88,0.33352917432785034
Desharnais,2,FAABE_NO_PEARSON,89,0.33352917432785034
Desharnais,2,FAABE_NO_PEARSON,90,0.33352917432785034
Desharnais,2,FAABE_NO_PEARSON,91,0.33352917432785034
Desharnais,2,FAABE_NO_PEARSON,92,0.33352917432785034
Desharnais,2,FAABE_NO_PEARSON,93,0.33352917432785034
Desharnais,2,FAABE_NO_PEARSON,94,0.33352917432785034
Desharnais,2,FAABE_NO_PEARSON,95,0.33352917432785034
Desharnais,2,FAABE_NO_PEARSON,96,0.33352917432785034
Desharnais,2,FAABE_NO_PEARSON,97,0.33352917432785034
Desharnais,2,FAABE_NO_PEARSON,98,0.33352917432785034
Desharnais,2,FAABE_NO_PEARSON,99,0.33352917432785034
Desharnais,2,FAABE_NO_PEARSON,100,0.33352917432785034
Desharnais,2,FAABE_NO_IWM,0,0.621496856212616
Desharnais,2,FAABE_NO_IWM,1,0.5782431960105896
Desharnais,2,FAABE_NO_IWM,2,0.5782431960105896
Desharnais,2,FAABE_NO_IWM,3,0.5782431960105896
Desharnais,2,FAABE_NO_IWM,4,0.5723388195037842
Desharnais,2,FAABE_NO_IWM,5,0.5723388195037842
Desharnais,2,FAABE_NO_IWM,6,0.5723388195037842
Desharnais,2,FAABE_NO_IWM,7,0.5723388195037842
Desharnais,2,FAABE_NO_IWM,8,0.5723388195037842
Desharnais,2,FAABE_NO_IWM,9,0.5723388195037842
Desharnais,2,FAABE_NO_IWM,10,0.5723388195037842
Desharnais,2,FAABE_NO_IWM,11,0.5723388195037842
Desharnais,2,FAABE_NO_IWM,12,0.5723388195037842
Desharnais,2,FAABE_NO_IWM,13,0.5637396574020386
Desharnais,2,FAABE_NO_IWM,14,0.5502505302429199
Desharnais,2,FAABE_NO_IWM,15,0.5502505302429199
Desharnais,2,FAABE_NO_IWM,16,0.5367106795310974
Desharnais,2,FAABE_NO_IWM,17,0.5367106795310974
Desharnais,2,FAABE_NO_IWM,18,0.5367106795310974
Desharnais,2,FAABE_NO_IWM,19,0.5367106795310974
Desharnais,2,FAABE_NO_IWM,20,0.5367106795310974
Desharnais,2,FAABE_NO_IWM,21,0.5367106795310974
Desharnais,2,FAABE_NO_IWM,22,0.5367106795310974
Desharnais,2,FAABE_NO_IWM,23,0.5367106795310974
Desharnais,2,FAABE_NO_IWM,24,0.5367106795310974
Desharnais,2,FAABE_NO_IWM,25,0.5367106795310974
Desharnais,2,FAABE_NO_IWM,26,0.5367106795310974
Desharnais,2,FAABE_NO_IWM,27,0.5367106795310974
Desharnais,2,FAABE_NO_IWM,28,0.5367106795310974
Desharnais,2,FAABE_NO_IWM,29,0.5367106795310974
Desharnais,2,FAABE_NO_IWM,30,0.5367106795310974
Desharnais,2,FAABE_NO_IWM,31,0.5367106795310974
Desharnais,2,FAABE_NO_IWM,32,0.5367106795310974
Desharnais,2,FAABE_NO_IWM,33,0.5367106795310974
Desharnais,2,FAABE_NO_IWM,34,0.5367106795310974
Desharnais,2,FAABE_NO_IWM,35,0.5367106795310974
Desharnais,2,FAABE_NO_IWM,36,0.5367106795310974
Desharnais,2,FAABE_NO_IWM,37,0.5367106795310974
Desharnais,2,FAABE_NO_IWM,38,0.5367106795310974
Desharnais,2,FAABE_NO_IWM,39,0.5367106795310974
Desharnais,2,FAABE_NO_IWM,40,0.5367106795310974
Desharnais,2,FAABE_NO_IWM,41,0.5367106795310974
Desharnais,2,FAABE_NO_IWM,42,0.5367106795310974
Desharnais,2,FAABE_NO_IWM,43,0.5367106795310974
Desharnais,2,FAABE_NO_IWM,44,0.5367106795310974
Desharnais,2,FAABE_NO_IWM,45,0.5367106795310974
Desharnais,2,FAABE_NO_IWM,46,0.5367106795310974
Desharnais,2,FAABE_NO_IWM,47,0.5367106795310974
Desharnais,2,FAABE_NO_IWM,48,0.5367106795310974
Desharnais,2,FAABE_NO_IWM,49,0.5367106795310974
Desharnais,2,FAABE_NO_IWM,50,0.5367106795310974
Desharnais,2,FAABE_NO_IWM,51,0.5332713723182678
Desharnais,2,FAABE_NO_IWM,52,0.5332713723182678
Desharnais,2,FAABE_NO_IWM,53,0.5332713723182678
Desharnais,2,FAABE_NO_IWM,54,0.5332713723182678
Desharnais,2,FAABE_NO_IWM,55,0.5332713723182678
Desharnais,2,FAABE_NO_IWM,56,0.5332713723182678
Desharnais,2,FAABE_NO_IWM,57,0.5332713723182678
Desharnais,2,FAABE_NO_IWM,58,0.5332713723182678
Desharnais,2,FAABE_NO_IWM,59,0.5332713723182678
Desharnais,2,FAABE_NO_IWM,60,0.5332713723182678
Desharnais,2,FAABE_NO_IWM,61,0.5332713723182678
Desharnais,2,FAABE_NO_IWM,62,0.5332713723182678
Desharnais,2,FAABE_NO_IWM,63,0.5332713723182678
Desharnais,2,FAABE_NO_IWM,64,0.5332713723182678
Desharnais,2,FAABE_NO_IWM,65,0.5332713723182678
Desharnais,2,FAABE_NO_IWM,66,0.5332713723182678
Desharnais,2,FAABE_NO_IWM,67,0.5332713723182678
Desharnais,2,FAABE_NO_IWM,68,0.5332713723182678
Desharnais,2,FAABE_NO_IWM,69,0.5332713723182678
Desharnais,2,FAABE_NO_IWM,70,0.5332713723182678
Desharnais,2,FAABE_NO_IWM,71,0.5332713723182678
Desharnais,2,FAABE_NO_IWM,72,0.5332713723182678
Desharnais,2,FAABE_NO_IWM,73,0.5332713723182678
Desharnais,2,FAABE_NO_IWM,74,0.5332713723182678
Desharnais,2,FAABE_NO_IWM,75,0.5332713723182678
Desharnais,2,FAABE_NO_IWM,76,0.5332713723182678
Desharnais,2,FAABE_NO_IWM,77,0.5332713723182678
Desharnais,2,FAABE_NO_IWM,78,0.5332713723182678
Desharnais,2,FAABE_NO_IWM,79,0.5332713723182678
Desharnais,2,FAABE_NO_IWM,80,0.5332713723182678
Desharnais,2,FAABE_NO_IWM,81,0.5332713723182678
Desharnais,2,FAABE_NO_IWM,82,0.5332713723182678
Desharnais,2,FAABE_NO_IWM,83,0.5332713723182678
Desharnais,2,FAABE_NO_IWM,84,0.5332713723182678
Desharnais,2,FAABE_NO_IWM,85,0.5332713723182678
Desharnais,2,FAABE_NO_IWM,86,0.5332713723182678
Desharnais,2,FAABE_NO_IWM,87,0.5332713723182678
Desharnais,2,FAABE_NO_IWM,88,0.5332713723182678
Desharnais,2,FAABE_NO_IWM,89,0.5332713723182678
Desharnais,2,FAABE_NO_IWM,90,0.5332713723182678
Desharnais,2,FAABE_NO_IWM,91,0.5332713723182678
Desharnais,2,FAABE_NO_IWM,92,0.5332713723182678
Desharnais,2,FAABE_NO_IWM,93,0.5332713723182678
Desharnais,2,FAABE_NO_IWM,94,0.5332713723182678
Desharnais,2,FAABE_NO_IWM,95,0.5332713723182678
Desharnais,2,FAABE_NO_IWM,96,0.5332713723182678
Desharnais,2,FAABE_NO_IWM,97,0.5332713723182678
Desharnais,2,FAABE_NO_IWM,98,0.5332713723182678
Desharnais,2,FAABE_NO_IWM,99,0.5332713723182678
Desharnais,2,FAABE_NO_IWM,100,0.5332713723182678
Desharnais,2,FAABE_FULL,0,0.6399273872375488
Desharnais,2,FAABE_FULL,1,0.6206228137016296
Desharnais,2,FAABE_FULL,2,0.5708878636360168
Desharnais,2,FAABE_FULL,3,0.5589473843574524
Desharnais,2,FAABE_FULL,4,0.5589473843574524
Desharnais,2,FAABE_FULL,5,0.5589473843574524
Desharnais,2,FAABE_FULL,6,0.5589473843574524
Desharnais,2,FAABE_FULL,7,0.5589473843574524
Desharnais,2,FAABE_FULL,8,0.5570445656776428
Desharnais,2,FAABE_FULL,9,0.5570445656776428
Desharnais,2,FAABE_FULL,10,0.5570445656776428
Desharnais,2,FAABE_FULL,11,0.5543435215950012
Desharnais,2,FAABE_FULL,12,0.5543435215950012
Desharnais,2,FAABE_FULL,13,0.5543435215950012
Desharnais,2,FAABE_FULL,14,0.5543435215950012
Desharnais,2,FAABE_FULL,15,0.5543435215950012
Desharnais,2,FAABE_FULL,16,0.5543435215950012
Desharnais,2,FAABE_FULL,17,0.5543435215950012
Desharnais,2,FAABE_FULL,18,0.5543435215950012
Desharnais,2,FAABE_FULL,19,0.5543435215950012
Desharnais,2,FAABE_FULL,20,0.5543435215950012
Desharnais,2,FAABE_FULL,21,0.5543435215950012
Desharnais,2,FAABE_FULL,22,0.5543435215950012
Desharnais,2,FAABE_FULL,23,0.5543435215950012
Desharnais,2,FAABE_FULL,24,0.5543435215950012
Desharnais,2,FAABE_FULL,25,0.5543435215950012
Desharnais,2,FAABE_FULL,26,0.5543435215950012
Desharnais,2,FAABE_FULL,27,0.5543435215950012
Desharnais,2,FAABE_FULL,28,0.5543435215950012
Desharnais,2,FAABE_FULL,29,0.5527569055557251
Desharnais,2,FAABE_FULL,30,0.5527569055557251
Desharnais,2,FAABE_FULL,31,0.5527569055557251
Desharnais,2,FAABE_FULL,32,0.5527569055557251
Desharnais,2,FAABE_FULL,33,0.5527569055557251
Desharnais,2,FAABE_FULL,34,0.5527569055557251
Desharnais,2,FAABE_FULL,35,0.5527569055557251
Desharnais,2,FAABE_FULL,36,0.5527569055557251
Desharnais,2,FAABE_FULL,37,0.5512160062789917
Desharnais,2,FAABE_FULL,38,0.5512160062789917
Desharnais,2,FAABE_FULL,39,0.5512160062789917
Desharnais,2,FAABE_FULL,40,0.5512160062789917
Desharnais,2,FAABE_FULL,41,0.5512160062789917
Desharnais,2,FAABE_FULL,42,0.5512160062789917
Desharnais,2,FAABE_FULL,43,0.5512160062789917
Desharnais,2,FAABE_FULL,44,0.5512160062789917
Desharnais,2,FAABE_FULL,45,0.5512160062789917
Desharnais,2,FAABE_FULL,46,0.5512160062789917
Desharnais,2,FAABE_FULL,47,0.5512160062789917
Desharnais,2,FAABE_FULL,48,0.5512160062789917
Desharnais,2,FAABE_FULL,49,0.5512160062789917
Desharnais,2,FAABE_FULL,50,0.5512160062789917
Desharnais,2,FAABE_FULL,51,0.5512160062789917
Desharnais,2,FAABE_FULL,52,0.5512160062789917
Desharnais,2,FAABE_FULL,53,0.5512160062789917
Desharnais,2,FAABE_FULL,54,0.5512160062789917
Desharnais,2,FAABE_FULL,55,0.5512160062789917
Desharnais,2,FAABE_FULL,56,0.5512160062789917
Desharnais,2,FAABE_FULL,57,0.5512160062789917
Desharnais,2,FAABE_FULL,58,0.5512160062789917
Desharnais,2,FAABE_FULL,59,0.5512160062789917
Desharnais,2,FAABE_FULL,60,0.5512160062789917
Desharnais,2,FAABE_FULL,61,0.5512160062789917
Desharnais,2,FAABE_FULL,62,0.5512160062789917
Desharnais,2,FAABE_FULL,63,0.5512160062789917
Desharnais,2,FAABE_FULL,64,0.5512160062789917
Desharnais,2,FAABE_FULL,65,0.5512160062789917
Desharnais,2,FAABE_FULL,66,0.5512160062789917
Desharnais,2,FAABE_FULL,67,0.5512160062789917
Desharnais,2,FAABE_FULL,68,0.5512160062789917
Desharnais,2,FAABE_FULL,69,0.5512160062789917
Desharnais,2,FAABE_FULL,70,0.5512160062789917
Desharnais,2,FAABE_FULL,71,0.5512160062789917
Desharnais,2,FAABE_FULL,72,0.5512160062789917
Desharnais,2,FAABE_FULL,73,0.5512160062789917
Desharnais,2,FAABE_FULL,74,0.5512160062789917
Desharnais,2,FAABE_FULL,75,0.5512160062789917
Desharnais,2,FAABE_FULL,76,0.5512160062789917
Desharnais,2,FAABE_FULL,77,0.5512160062789917
Desharnais,2,FAABE_FULL,78,0.5512160062789917
Desharnais,2,FAABE_FULL,79,0.5512160062789917
Desharnais,2,FAABE_FULL,80,0.5512160062789917
Desharnais,2,FAABE_FULL,81,0.5512160062789917
Desharnais,2,FAABE_FULL,82,0.5512160062789917
Desharnais,2,FAABE_FULL,83,0.5512160062789917
Desharnais,2,FAABE_FULL,84,0.5512160062789917
Desharnais,2,FAABE_FULL,85,0.5512160062789917
Desharnais,2,FAABE_FULL,86,0.5512160062789917
Desharnais,2,FAABE_FULL,87,0.5512160062789917
Desharnais,2,FAABE_FULL,88,0.5512160062789917
Desharnais,2,FAABE_FULL,89,0.5512160062789917
Desharnais,2,FAABE_FULL,90,0.5512160062789917
Desharnais,2,FAABE_FULL,91,0.5512160062789917
Desharnais,2,FAABE_FULL,92,0.5512160062789917
Desharnais,2,FAABE_FULL,93,0.5512160062789917
Desharnais,2,FAABE_FULL,94,0.5512160062789917
Desharnais,2,FAABE_FULL,95,0.5512160062789917
Desharnais,2,FAABE_FULL,96,0.5512160062789917
Desharnais,2,FAABE_FULL,97,0.5512160062789917
Desharnais,2,FAABE_FULL,98,0.5512160062789917
Desharnais,2,FAABE_FULL,99,0.5512160062789917
Desharnais,2,FAABE_FULL,100,0.5512160062789917
Desharnais,3,FAABE_NO_PEARSON,0,0.4322144687175751
Desharnais,3,FAABE_NO_PEARSON,1,0.4041224718093872
Desharnais,3,FAABE_NO_PEARSON,2,0.40234848856925964
Desharnais,3,FAABE_NO_PEARSON,3,0.3716717064380646
Desharnais,3,FAABE_NO_PEARSON,4,0.3716717064380646
Desharnais,3,FAABE_NO_PEARSON,5,0.3655166029930115
Desharnais,3,FAABE_NO_PEARSON,6,0.3655166029930115
Desharnais,3,FAABE_NO_PEARSON,7,0.3655166029930115
Desharnais,3,FAABE_NO_PEARSON,8,0.3655166029930115
Desharnais,3,FAABE_NO_PEARSON,9,0.3567388951778412
Desharnais,3,FAABE_NO_PEARSON,10,0.3567388951778412
Desharnais,3,FAABE_NO_PEARSON,11,0.3567388951778412
Desharnais,3,FAABE_NO_PEARSON,12,0.3564012944698334
Desharnais,3,FAABE_NO_PEARSON,13,0.3564012944698334
Desharnais,3,FAABE_NO_PEARSON,14,0.3564012944698334
Desharnais,3,FAABE_NO_PEARSON,15,0.3564012944698334
Desharnais,3,FAABE_NO_PEARSON,16,0.3564012944698334
Desharnais,3,FAABE_NO_PEARSON,17,0.3564012944698334
Desharnais,3,FAABE_NO_PEARSON,18,0.3564012944698334
Desharnais,3,FAABE_NO_PEARSON,19,0.3564012944698334
Desharnais,3,FAABE_NO_PEARSON,20,0.3564012944698334
Desharnais,3,FAABE_NO_PEARSON,21,0.3564012944698334
Desharnais,3,FAABE_NO_PEARSON,22,0.3564012944698334
Desharnais,3,FAABE_NO_PEARSON,23,0.3564012944698334
Desharnais,3,FAABE_NO_PEARSON,24,0.3564012944698334
Desharnais,3,FAABE_NO_PEARSON,25,0.3564012944698334
Desharnais,3,FAABE_NO_PEARSON,26,0.3564012944698334
Desharnais,3,FAABE_NO_PEARSON,27,0.3564012944698334
Desharnais,3,FAABE_NO_PEARSON,28,0.3564012944698334
Desharnais,3,FAABE_NO_PEARSON,29,0.3564012944698334
Desharnais,3,FAABE_NO_PEARSON,30,0.3564012944698334
Desharnais,3,FAABE_NO_PEARSON,31,0.3564012944698334
Desharnais,3,FAABE_NO_PEARSON,32,0.3564012944698334
Desharnais,3,FAABE_NO_PEARSON,33,0.35227468609809875
Desharnais,3,FAABE_NO_PEARSON,34,0.35227468609809875
Desharnais,3,FAABE_NO_PEARSON,35,0.35227468609809875
Desharnais,3,FAABE_NO_PEARSON,36,0.35227468609809875
Desharnais,3,FAABE_NO_PEARSON,37,0.35227468609809875
Desharnais,3,FAABE_NO_PEARSON,38,0.35227468609809875
Desharnais,3,FAABE_NO_PEARSON,39,0.35227468609809875
Desharnais,3,FAABE_NO_PEARSON,40,0.35227468609809875
Desharnais,3,FAABE_NO_PEARSON,41,0.35227468609809875
Desharnais,3,FAABE_NO_PEARSON,42,0.35227468609809875
Desharnais,3,FAABE_NO_PEARSON,43,0.35227468609809875
Desharnais,3,FAABE_NO_PEARSON,44,0.35227468609809875
Desharnais,3,FAABE_NO_PEARSON,45,0.35227468609809875
Desharnais,3,FAABE_NO_PEARSON,46,0.35227468609809875
Desharnais,3,FAABE_NO_PEARSON,47,0.35227468609809875
Desharnais,3,FAABE_NO_PEARSON,48,0.35227468609809875
Desharnais,3,FAABE_NO_PEARSON,49,0.35227468609809875
Desharnais,3,FAABE_NO_PEARSON,50,0.35227468609809875
Desharnais,3,FAABE_NO_PEARSON,51,0.35227468609809875
Desharnais,3,FAABE_NO_PEARSON,52,0.35227468609809875
Desharnais,3,FAABE_NO_PEARSON,53,0.35227468609809875
Desharnais,3,FAABE_NO_PEARSON,54,0.35227468609809875
Desharnais,3,FAABE_NO_PEARSON,55,0.35227468609809875
Desharnais,3,FAABE_NO_PEARSON,56,0.35227468609809875
Desharnais,3,FAABE_NO_PEARSON,57,0.35227468609809875
Desharnais,3,FAABE_NO_PEARSON,58,0.35227468609809875
Desharnais,3,FAABE_NO_PEARSON,59,0.35227468609809875
Desharnais,3,FAABE_NO_PEARSON,60,0.35227468609809875
Desharnais,3,FAABE_NO_PEARSON,61,0.35227468609809875
Desharnais,3,FAABE_NO_PEARSON,62,0.35227468609809875
Desharnais,3,FAABE_NO_PEARSON,63,0.35227468609809875
Desharnais,3,FAABE_NO_PEARSON,64,0.35227468609809875
Desharnais,3,FAABE_NO_PEARSON,65,0.35227468609809875
Desharnais,3,FAABE_NO_PEARSON,66,0.35227468609809875
Desharnais,3,FAABE_NO_PEARSON,67,0.35227468609809875
Desharnais,3,FAABE_NO_PEARSON,68,0.35227468609809875
Desharnais,3,FAABE_NO_PEARSON,69,0.35227468609809875
Desharnais,3,FAABE_NO_PEARSON,70,0.35227468609809875
Desharnais,3,FAABE_NO_PEARSON,71,0.35227468609809875
Desharnais,3,FAABE_NO_PEARSON,72,0.35227468609809875
Desharnais,3,FAABE_NO_PEARSON,73,0.35227468609809875
Desharnais,3,FAABE_NO_PEARSON,74,0.35227468609809875
Desharnais,3,FAABE_NO_PEARSON,75,0.35227468609809875
Desharnais,3,FAABE_NO_PEARSON,76,0.35227468609809875
Desharnais,3,FAABE_NO_PEARSON,77,0.35227468609809875
Desharnais,3,FAABE_NO_PEARSON,78,0.35227468609809875
Desharnais,3,FAABE_NO_PEARSON,79,0.35227468609809875
Desharnais,3,FAABE_NO_PEARSON,80,0.35227468609809875
Desharnais,3,FAABE_NO_PEARSON,81,0.35227468609809875
Desharnais,3,FAABE_NO_PEARSON,82,0.35227468609809875
Desharnais,3,FAABE_NO_PEARSON,83,0.35227468609809875
Desharnais,3,FAABE_NO_PEARSON,84,0.35227468609809875
Desharnais,3,FAABE_NO_PEARSON,85,0.35227468609809875
Desharnais,3,FAABE_NO_PEARSON,86,0.35227468609809875
Desharnais,3,FAABE_NO_PEARSON,87,0.35227468609809875
Desharnais,3,FAABE_NO_PEARSON,88,0.35227468609809875
Desharnais,3,FAABE_NO_PEARSON,89,0.35227468609809875
Desharnais,3,FAABE_NO_PEARSON,90,0.35227468609809875
Desharnais,3,FAABE_NO_PEARSON,91,0.35227468609809875
Desharnais,3,FAABE_NO_PEARSON,92,0.35227468609809875
Desharnais,3,FAABE_NO_PEARSON,93,0.35227468609809875
Desharnais,3,FAABE_NO_PEARSON,94,0.35227468609809875
Desharnais,3,FAABE_NO_PEARSON,95,0.35227468609809875
Desharnais,3,FAABE_NO_PEARSON,96,0.35227468609809875
Desharnais,3,FAABE_NO_PEARSON,97,0.35227468609809875
Desharnais,3,FAABE_NO_PEARSON,98,0.35227468609809875
Desharnais,3,FAABE_NO_PEARSON,99,0.35227468609809875
Desharnais,3,FAABE_NO_PEARSON,100,0.35227468609809875
Desharnais,3,FAABE_NO_IWM,0,0.6332347989082336
Desharnais,3,FAABE_NO_IWM,1,0.5957823395729065
Desharnais,3,FAABE_NO_IWM,2,0.5856706500053406
Desharnais,3,FAABE_NO_IWM,3,0.5856706500053406
Desharnais,3,FAABE_NO_IWM,4,0.5856706500053406
Desharnais,3,FAABE_NO_IWM,5,0.5797929167747498
Desharnais,3,FAABE_NO_IWM,6,0.5797929167747498
Desharnais,3,FAABE_NO_IWM,7,0.5797929167747498
Desharnais,3,FAABE_NO_IWM,8,0.5797929167747498
Desharnais,3,FAABE_NO_IWM,9,0.577251672744751
Desharnais,3,FAABE_NO_IWM,10,0.5609649419784546
Desharnais,3,FAABE_NO_IWM,11,0.5609649419784546
Desharnais,3,FAABE_NO_IWM,12,0.5609649419784546
Desharnais,3,FAABE_NO_IWM,13,0.5609649419784546
Desharnais,3,FAABE_NO_IWM,14,0.5609649419784546
Desharnais,3,FAABE_NO_IWM,15,0.5609649419784546
Desharnais,3,FAABE_NO_IWM,16,0.5609649419784546
Desharnais,3,FAABE_NO_IWM,17,0.5609649419784546
Desharnais,3,FAABE_NO_IWM,18,0.5609649419784546
Desharnais,3,FAABE_NO_IWM,19,0.5609649419784546
Desharnais,3,FAABE_NO_IWM,20,0.5609649419784546
Desharnais,3,FAABE_NO_IWM,21,0.5609649419784546
Desharnais,3,FAABE_NO_IWM,22,0.5609649419784546
Desharnais,3,FAABE_NO_IWM,23,0.5609649419784546
Desharnais,3,FAABE_NO_IWM,24,0.5609649419784546
Desharnais,3,FAABE_NO_IWM,25,0.5609649419784546
Desharnais,3,FAABE_NO_IWM,26,0.5609649419784546
Desharnais,3,FAABE_NO_IWM,27,0.5609649419784546
Desharnais,3,FAABE_NO_IWM,28,0.5609649419784546
Desharnais,3,FAABE_NO_IWM,29,0.5609649419784546
Desharnais,3,FAABE_NO_IWM,30,0.5609649419784546
Desharnais,3,FAABE_NO_IWM,31,0.5609649419784546
Desharnais,3,FAABE_NO_IWM,32,0.5609649419784546
Desharnais,3,FAABE_NO_IWM,33,0.5609649419784546
Desharnais,3,FAABE_NO_IWM,34,0.5529175996780396
Desharnais,3,FAABE_NO_IWM,35,0.5529175996780396
Desharnais,3,FAABE_NO_IWM,36,0.5529175996780396
Desharnais,3,FAABE_NO_IWM,37,0.5529175996780396
Desharnais,3,FAABE_NO_IWM,38,0.5529175996780396
Desharnais,3,FAABE_NO_IWM,39,0.5529175996780396
Desharnais,3,FAABE_NO_IWM,40,0.5529175996780396
Desharnais,3,FAABE_NO_IWM,41,0.5529175996780396
Desharnais,3,FAABE_NO_IWM,42,0.5529175996780396
Desharnais,3,FAABE_NO_IWM,43,0.5529175996780396
Desharnais,3,FAABE_NO_IWM,44,0.5529175996780396
Desharnais,3,FAABE_NO_IWM,45,0.5529175996780396
Desharnais,3,FAABE_NO_IWM,46,0.5529175996780396
Desharnais,3,FAABE_NO_IWM,47,0.5529175996780396
Desharnais,3,FAABE_NO_IWM,48,0.5529175996780396
Desharnais,3,FAABE_NO_IWM,49,0.5529175996780396
Desharnais,3,FAABE_NO_IWM,50,0.5529175996780396
Desharnais,3,FAABE_NO_IWM,51,0.5529175996780396
Desharnais,3,FAABE_NO_IWM,52,0.5529175996780396
Desharnais,3,FAABE_NO_IWM,53,0.5529175996780396
Desharnais,3,FAABE_NO_IWM,54,0.5529175996780396
Desharnais,3,FAABE_NO_IWM,55,0.5529175996780396
Desharnais,3,FAABE_NO_IWM,56,0.5529175996780396
Desharnais,3,FAABE_NO_IWM,57,0.5529175996780396
Desharnais,3,FAABE_NO_IWM,58,0.5529175996780396
Desharnais,3,FAABE_NO_IWM,59,0.5529175996780396
Desharnais,3,FAABE_NO_IWM,60,0.5529175996780396
Desharnais,3,FAABE_NO_IWM,61,0.5529175996780396
Desharnais,3,FAABE_NO_IWM,62,0.5529175996780396
Desharnais,3,FAABE_NO_IWM,63,0.5529175996780396
Desharnais,3,FAABE_NO_IWM,64,0.5529175996780396
Desharnais,3,FAABE_NO_IWM,65,0.5529175996780396
Desharnais,3,FAABE_NO_IWM,66,0.5529175996780396
Desharnais,3,FAABE_NO_IWM,67,0.5529175996780396
Desharnais,3,FAABE_NO_IWM,68,0.5529175996780396
Desharnais,3,FAABE_NO_IWM,69,0.5529175996780396
Desharnais,3,FAABE_NO_IWM,70,0.5529175996780396
Desharnais,3,FAABE_NO_IWM,71,0.5529175996780396
Desharnais,3,FAABE_NO_IWM,72,0.5529175996780396
Desharnais,3,FAABE_NO_IWM,73,0.5529175996780396
Desharnais,3,FAABE_NO_IWM,74,0.5504108667373657
Desharnais,3,FAABE_NO_IWM,75,0.5504108667373657
Desharnais,3,FAABE_NO_IWM,76,0.5504108667373657
Desharnais,3,FAABE_NO_IWM,77,0.5504108667373657
Desharnais,3,FAABE_NO_IWM,78,0.5504108667373657
Desharnais,3,FAABE_NO_IWM,79,0.5504108667373657
Desharnais,3,FAABE_NO_IWM,80,0.5504108667373657
Desharnais,3,FAABE_NO_IWM,81,0.5504108667373657
Desharnais,3,FAABE_NO_IWM,82,0.5504108667373657
Desharnais,3,FAABE_NO_IWM,83,0.5504108667373657
Desharnais,3,FAABE_NO_IWM,84,0.5504108667373657
Desharnais,3,FAABE_NO_IWM,85,0.5504108667373657
Desharnais,3,FAABE_NO_IWM,86,0.5504108667373657
Desharnais,3,FAABE_NO_IWM,87,0.5504108667373657
Desharnais,3,FAABE_NO_IWM,88,0.5504108667373657
Desharnais,3,FAABE_NO_IWM,89,0.5504108667373657
Desharnais,3,FAABE_NO_IWM,90,0.5504108667373657
Desharnais,3,FAABE_NO_IWM,91,0.5504108667373657
Desharnais,3,FAABE_NO_IWM,92,0.5504108667373657
Desharnais,3,FAABE_NO_IWM,93,0.5504108667373657
Desharnais,3,FAABE_NO_IWM,94,0.5504108667373657
Desharnais,3,FAABE_NO_IWM,95,0.5504108667373657
Desharnais,3,FAABE_NO_IWM,96,0.5504108667373657
Desharnais,3,FAABE_NO_IWM,97,0.5504108667373657
Desharnais,3,FAABE_NO_IWM,98,0.5504108667373657
Desharnais,3,FAABE_NO_IWM,99,0.5504108667373657
Desharnais,3,FAABE_NO_IWM,100,0.5504108667373657
Desharnais,3,FAABE_FULL,0,0.6270546317100525
Desharnais,3,FAABE_FULL,1,0.6133493781089783
Desharnais,3,FAABE_FULL,2,0.5971644520759583
Desharnais,3,FAABE_FULL,3,0.5971644520759583
Desharnais,3,FAABE_FULL,4,0.5492178201675415
Desharnais,3,FAABE_FULL,5,0.5492178201675415
Desharnais,3,FAABE_FULL,6,0.5492178201675415
Desharnais,3,FAABE_FULL,7,0.5492178201675415
Desharnais,3,FAABE_FULL,8,0.5418398976325989
Desharnais,3,FAABE_FULL,9,0.5418398976325989
Desharnais,3,FAABE_FULL,10,0.5418398976325989
Desharnais,3,FAABE_FULL,11,0.5418398976325989
Desharnais,3,FAABE_FULL,12,0.5418398976325989
Desharnais,3,FAABE_FULL,13,0.5418398976325989
Desharnais,3,FAABE_FULL,14,0.5418398976325989
Desharnais,3,FAABE_FULL,15,0.5418398976325989
Desharnais,3,FAABE_FULL,16,0.5418398976325989
Desharnais,3,FAABE_FULL,17,0.5418398976325989
Desharnais,3,FAABE_FULL,18,0.5418398976325989
Desharnais,3,FAABE_FULL,19,0.5418398976325989
Desharnais,3,FAABE_FULL,20,0.5418398976325989
Desharnais,3,FAABE_FULL,21,0.5418398976325989
Desharnais,3,FAABE_FULL,22,0.5418398976325989
Desharnais,3,FAABE_FULL,23,0.5418398976325989
Desharnais,3,FAABE_FULL,24,0.5418398976325989
Desharnais,3,FAABE_FULL,25,0.5418398976325989
Desharnais,3,FAABE_FULL,26,0.5418398976325989
Desharnais,3,FAABE_FULL,27,0.5418398976325989
Desharnais,3,FAABE_FULL,28,0.5418398976325989
Desharnais,3,FAABE_FULL,29,0.5418398976325989
Desharnais,3,FAABE_FULL,30,0.5418398976325989
Desharnais,3,FAABE_FULL,31,0.5418398976325989
Desharnais,3,FAABE_FULL,32,0.5418398976325989
Desharnais,3,FAABE_FULL,33,0.5418398976325989
Desharnais,3,FAABE_FULL,34,0.5418398976325989
Desharnais,3,FAABE_FULL,35,0.5418398976325989
Desharnais,3,FAABE_FULL,36,0.5418398976325989
Desharnais,3,FAABE_FULL,37,0.5418398976325989
Desharnais,3,FAABE_FULL,38,0.5418398976325989
Desharnais,3,FAABE_FULL,39,0.5418398976325989
Desharnais,3,FAABE_FULL,40,0.5418398976325989
Desharnais,3,FAABE_FULL,41,0.5418398976325989
Desharnais,3,FAABE_FULL,42,0.5418398976325989
Desharnais,3,FAABE_FULL,43,0.5418398976325989
Desharnais,3,FAABE_FULL,44,0.5418398976325989
Desharnais,3,FAABE_FULL,45,0.5418398976325989
Desharnais,3,FAABE_FULL,46,0.5418398976325989
Desharnais,3,FAABE_FULL,47,0.5418398976325989
Desharnais,3,FAABE_FULL,48,0.5405177474021912
Desharnais,3,FAABE_FULL,49,0.5405177474021912
Desharnais,3,FAABE_FULL,50,0.5405177474021912
Desharnais,3,FAABE_FULL,51,0.5405177474021912
Desharnais,3,FAABE_FULL,52,0.5405177474021912
Desharnais,3,FAABE_FULL,53,0.5405177474021912
Desharnais,3,FAABE_FULL,54,0.5405177474021912
Desharnais,3,FAABE_FULL,55,0.5405177474021912
Desharnais,3,FAABE_FULL,56,0.5405177474021912
Desharnais,3,FAABE_FULL,57,0.5405177474021912
Desharnais,3,FAABE_FULL,58,0.5405177474021912
Desharnais,3,FAABE_FULL,59,0.5405177474021912
Desharnais,3,FAABE_FULL,60,0.5405177474021912
Desharnais,3,FAABE_FULL,61,0.5405177474021912
Desharnais,3,FAABE_FULL,62,0.5405177474021912
Desharnais,3,FAABE_FULL,63,0.5405177474021912
Desharnais,3,FAABE_FULL,64,0.5405177474021912
Desharnais,3,FAABE_FULL,65,0.5405177474021912
Desharnais,3,FAABE_FULL,66,0.5405177474021912
Desharnais,3,FAABE_FULL,67,0.5405177474021912
Desharnais,3,FAABE_FULL,68,0.5405177474021912
Desharnais,3,FAABE_FULL,69,0.5405177474021912
Desharnais,3,FAABE_FULL,70,0.5405177474021912
Desharnais,3,FAABE_FULL,71,0.5405177474021912
Desharnais,3,FAABE_FULL,72,0.5405177474021912
Desharnais,3,FAABE_FULL,73,0.5405177474021912
Desharnais,3,FAABE_FULL,74,0.5405177474021912
Desharnais,3,FAABE_FULL,75,0.5405177474021912
Desharnais,3,FAABE_FULL,76,0.5405177474021912
Desharnais,3,FAABE_FULL,77,0.5405177474021912
Desharnais,3,FAABE_FULL,78,0.5405177474021912
Desharnais,3,FAABE_FULL,79,0.5405177474021912
Desharnais,3,FAABE_FULL,80,0.5405177474021912
Desharnais,3,FAABE_FULL,81,0.5405177474021912
Desharnais,3,FAABE_FULL,82,0.5405177474021912
Desharnais,3,FAABE_FULL,83,0.5405177474021912
Desharnais,3,FAABE_FULL,84,0.5405177474021912
Desharnais,3,FAABE_FULL,85,0.5405177474021912
Desharnais,3,FAABE_FULL,86,0.5405177474021912
Desharnais,3,FAABE_FULL,87,0.5405177474021912
Desharnais,3,FAABE_FULL,88,0.5405177474021912
Desharnais,3,FAABE_FULL,89,0.5405177474021912
Desharnais,3,FAABE_FULL,90,0.5405177474021912
Desharnais,3,FAABE_FULL,91,0.5405177474021912
Desharnais,3,FAABE_FULL,92,0.5405177474021912
Desharnais,3,FAABE_FULL,93,0.5405177474021912
Desharnais,3,FAABE_FULL,94,0.5405177474021912
Desharnais,3,FAABE_FULL,95,0.5405177474021912
Desharnais,3,FAABE_FULL,96,0.5405177474021912
Desharnais,3,FAABE_FULL,97,0.5405177474021912
Desharnais,3,FAABE_FULL,98,0.5405177474021912
Desharnais,3,FAABE_FULL,99,0.5405177474021912
Desharnais,3,FAABE_FULL,100,0.5405177474021912
Desharnais,4,FAABE_NO_PEARSON,0,0.5024992227554321
Desharnais,4,FAABE_NO_PEARSON,1,0.4141730070114136
Desharnais,4,FAABE_NO_PEARSON,2,0.4141730070114136
Desharnais,4,FAABE_NO_PEARSON,3,0.40360257029533386
Desharnais,4,FAABE_NO_PEARSON,4,0.39719924330711365
Desharnais,4,FAABE_NO_PEARSON,5,0.39719924330711365
Desharnais,4,FAABE_NO_PEARSON,6,0.39719924330711365
Desharnais,4,FAABE_NO_PEARSON,7,0.39719924330711365
Desharnais,4,FAABE_NO_PEARSON,8,0.39719924330711365
Desharnais,4,FAABE_NO_PEARSON,9,0.38090819120407104
Desharnais,4,FAABE_NO_PEARSON,10,0.37430164217948914
Desharnais,4,FAABE_NO_PEARSON,11,0.3608688414096832
Desharnais,4,FAABE_NO_PEARSON,12,0.35118621587753296
Desharnais,4,FAABE_NO_PEARSON,13,0.3484059274196625
Desharnais,4,FAABE_NO_PEARSON,14,0.32069796323776245
Desharnais,4,FAABE_NO_PEARSON,15,0.32069796323776245
Desharnais,4,FAABE_NO_PEARSON,16,0.32069796323776245
Desharnais,4,FAABE_NO_PEARSON,17,0.32069796323776245
Desharnais,4,FAABE_NO_PEARSON,18,0.32069796323776245
Desharnais,4,FAABE_NO_PEARSON,19,0.32069796323776245
Desharnais,4,FAABE_NO_PEARSON,20,0.32069796323776245
Desharnais,4,FAABE_NO_PEARSON,21,0.32069796323776245
Desharnais,4,FAABE_NO_PEARSON,22,0.32069796323776245
Desharnais,4,FAABE_NO_PEARSON,23,0.32069796323776245
Desharnais,4,FAABE_NO_PEARSON,24,0.32069796323776245
Desharnais,4,FAABE_NO_PEARSON,25,0.32069796323776245
Desharnais,4,FAABE_NO_PEARSON,26,0.32069796323776245
Desharnais,4,FAABE_NO_PEARSON,27,0.32069796323776245
Desharnais,4,FAABE_NO_PEARSON,28,0.32069796323776245
Desharnais,4,FAABE_NO_PEARSON,29,0.32069796323776245
Desharnais,4,FAABE_NO_PEARSON,30,0.32069796323776245
Desharnais,4,FAABE_NO_PEARSON,31,0.32069796323776245
Desharnais,4,FAABE_NO_PEARSON,32,0.32069796323776245
Desharnais,4,FAABE_NO_PEARSON,33,0.32069796323776245
Desharnais,4,FAABE_NO_PEARSON,34,0.32069796323776245
Desharnais,4,FAABE_NO_PEARSON,35,0.32069796323776245
Desharnais,4,FAABE_NO_PEARSON,36,0.32069796323776245
Desharnais,4,FAABE_NO_PEARSON,37,0.32069796323776245
Desharnais,4,FAABE_NO_PEARSON,38,0.32069796323776245
Desharnais,4,FAABE_NO_PEARSON,39,0.32069796323776245
Desharnais,4,FAABE_NO_PEARSON,40,0.32069796323776245
Desharnais,4,FAABE_NO_PEARSON,41,0.32069796323776245
Desharnais,4,FAABE_NO_PEARSON,42,0.32069796323776245
Desharnais,4,FAABE_NO_PEARSON,43,0.32069796323776245
Desharnais,4,FAABE_NO_PEARSON,44,0.32069796323776245
Desharnais,4,FAABE_NO_PEARSON,45,0.32069796323776245
Desharnais,4,FAABE_NO_PEARSON,46,0.32069796323776245
Desharnais,4,FAABE_NO_PEARSON,47,0.32069796323776245
Desharnais,4,FAABE_NO_PEARSON,48,0.32069796323776245
Desharnais,4,FAABE_NO_PEARSON,49,0.32069796323776245
Desharnais,4,FAABE_NO_PEARSON,50,0.32069796323776245
Desharnais,4,FAABE_NO_PEARSON,51,0.32069796323776245
Desharnais,4,FAABE_NO_PEARSON,52,0.32069796323776245
Desharnais,4,FAABE_NO_PEARSON,53,0.32069796323776245
Desharnais,4,FAABE_NO_PEARSON,54,0.32069796323776245
Desharnais,4,FAABE_NO_PEARSON,55,0.32069796323776245
Desharnais,4,FAABE_NO_PEARSON,56,0.32069796323776245
Desharnais,4,FAABE_NO_PEARSON,57,0.32069796323776245
Desharnais,4,FAABE_NO_PEARSON,58,0.32069796323776245
Desharnais,4,FAABE_NO_PEARSON,59,0.32069796323776245
Desharnais,4,FAABE_NO_PEARSON,60,0.32069796323776245
Desharnais,4,FAABE_NO_PEARSON,61,0.32069796323776245
Desharnais,4,FAABE_NO_PEARSON,62,0.32069796323776245
Desharnais,4,FAABE_NO_PEARSON,63,0.32069796323776245
Desharnais,4,FAABE_NO_PEARSON,64,0.32069796323776245
Desharnais,4,FAABE_NO_PEARSON,65,0.32069796323776245
Desharnais,4,FAABE_NO_PEARSON,66,0.32069796323776245
Desharnais,4,FAABE_NO_PEARSON,67,0.32069796323776245
Desharnais,4,FAABE_NO_PEARSON,68,0.32069796323776245
Desharnais,4,FAABE_NO_PEARSON,69,0.32069796323776245
Desharnais,4,FAABE_NO_PEARSON,70,0.32069796323776245
Desharnais,4,FAABE_NO_PEARSON,71,0.32069796323776245
Desharnais,4,FAABE_NO_PEARSON,72,0.32069796323776245
Desharnais,4,FAABE_NO_PEARSON,73,0.32069796323776245
Desharnais,4,FAABE_NO_PEARSON,74,0.32069796323776245
Desharnais,4,FAABE_NO_PEARSON,75,0.32069796323776245
Desharnais,4,FAABE_NO_PEARSON,76,0.32069796323776245
Desharnais,4,FAABE_NO_PEARSON,77,0.32069796323776245
Desharnais,4,FAABE_NO_PEARSON,78,0.32069796323776245
Desharnais,4,FAABE_NO_PEARSON,79,0.32069796323776245
Desharnais,4,FAABE_NO_PEARSON,80,0.32069796323776245
Desharnais,4,FAABE_NO_PEARSON,81,0.32069796323776245
Desharnais,4,FAABE_NO_PEARSON,82,0.32069796323776245
Desharnais,4,FAABE_NO_PEARSON,83,0.32069796323776245
Desharnais,4,FAABE_NO_PEARSON,84,0.32069796323776245
Desharnais,4,FAABE_NO_PEARSON,85,0.32069796323776245
Desharnais,4,FAABE_NO_PEARSON,86,0.32069796323776245
Desharnais,4,FAABE_NO_PEARSON,87,0.32069796323776245
Desharnais,4,FAABE_NO_PEARSON,88,0.32069796323776245
Desharnais,4,FAABE_NO_PEARSON,89,0.32069796323776245
Desharnais,4,FAABE_NO_PEARSON,90,0.32069796323776245
Desharnais,4,FAABE_NO_PEARSON,91,0.32069796323776245
Desharnais,4,FAABE_NO_PEARSON,92,0.32069796323776245
Desharnais,4,FAABE_NO_PEARSON,93,0.32069796323776245
Desharnais,4,FAABE_NO_PEARSON,94,0.32069796323776245
Desharnais,4,FAABE_NO_PEARSON,95,0.32069796323776245
Desharnais,4,FAABE_NO_PEARSON,96,0.32069796323776245
Desharnais,4,FAABE_NO_PEARSON,97,0.32069796323776245
Desharnais,4,FAABE_NO_PEARSON,98,0.32069796323776245
Desharnais,4,FAABE_NO_PEARSON,99,0.32069796323776245
Desharnais,4,FAABE_NO_PEARSON,100,0.32069796323776245
Desharnais,4,FAABE_NO_IWM,0,0.43090829253196716
Desharnais,4,FAABE_NO_IWM,1,0.4132747948169708
Desharnais,4,FAABE_NO_IWM,2,0.4032447338104248
Desharnais,4,FAABE_NO_IWM,3,0.396186500787735
Desharnais,4,FAABE_NO_IWM,4,0.3420752286911011
Desharnais,4,FAABE_NO_IWM,5,0.33008256554603577
Desharnais,4,FAABE_NO_IWM,6,0.33008256554603577
Desharnais,4,FAABE_NO_IWM,7,0.33008256554603577
Desharnais,4,FAABE_NO_IWM,8,0.32826897501945496
Desharnais,4,FAABE_NO_IWM,9,0.32826897501945496
Desharnais,4,FAABE_NO_IWM,10,0.32826897501945496
Desharnais,4,FAABE_NO_IWM,11,0.32826897501945496
Desharnais,4,FAABE_NO_IWM,12,0.32826897501945496
Desharnais,4,FAABE_NO_IWM,13,0.32826897501945496
Desharnais,4,FAABE_NO_IWM,14,0.32826897501945496
Desharnais,4,FAABE_NO_IWM,15,0.32826897501945496
Desharnais,4,FAABE_NO_IWM,16,0.32826897501945496
Desharnais,4,FAABE_NO_IWM,17,0.32826897501945496
Desharnais,4,FAABE_NO_IWM,18,0.32826897501945496
Desharnais,4,FAABE_NO_IWM,19,0.32826897501945496
Desharnais,4,FAABE_NO_IWM,20,0.32826897501945496
Desharnais,4,FAABE_NO_IWM,21,0.32826897501945496
Desharnais,4,FAABE_NO_IWM,22,0.32826897501945496
Desharnais,4,FAABE_NO_IWM,23,0.32826897501945496
Desharnais,4,FAABE_NO_IWM,24,0.32826897501945496
Desharnais,4,FAABE_NO_IWM,25,0.32826897501945496
Desharnais,4,FAABE_NO_IWM,26,0.32826897501945496
Desharnais,4,FAABE_NO_IWM,27,0.32826897501945496
Desharnais,4,FAABE_NO_IWM,28,0.32826897501945496
Desharnais,4,FAABE_NO_IWM,29,0.32826897501945496
Desharnais,4,FAABE_NO_IWM,30,0.32826897501945496
Desharnais,4,FAABE_NO_IWM,31,0.32826897501945496
Desharnais,4,FAABE_NO_IWM,32,0.32826897501945496
Desharnais,4,FAABE_NO_IWM,33,0.32826897501945496
Desharnais,4,FAABE_NO_IWM,34,0.32826897501945496
Desharnais,4,FAABE_NO_IWM,35,0.32826897501945496
Desharnais,4,FAABE_NO_IWM,36,0.32826897501945496
Desharnais,4,FAABE_NO_IWM,37,0.32826897501945496
Desharnais,4,FAABE_NO_IWM,38,0.32826897501945496
Desharnais,4,FAABE_NO_IWM,39,0.32826897501945496
Desharnais,4,FAABE_NO_IWM,40,0.32826897501945496
Desharnais,4,FAABE_NO_IWM,41,0.32826897501945496
Desharnais,4,FAABE_NO_IWM,42,0.32826897501945496
Desharnais,4,FAABE_NO_IWM,43,0.32826897501945496
Desharnais,4,FAABE_NO_IWM,44,0.32826897501945496
Desharnais,4,FAABE_NO_IWM,45,0.32826897501945496
Desharnais,4,FAABE_NO_IWM,46,0.32826897501945496
Desharnais,4,FAABE_NO_IWM,47,0.32826897501945496
Desharnais,4,FAABE_NO_IWM,48,0.32826897501945496
Desharnais,4,FAABE_NO_IWM,49,0.32826897501945496
Desharnais,4,FAABE_NO_IWM,50,0.32826897501945496
Desharnais,4,FAABE_NO_IWM,51,0.32826897501945496
Desharnais,4,FAABE_NO_IWM,52,0.32826897501945496
Desharnais,4,FAABE_NO_IWM,53,0.32826897501945496
Desharnais,4,FAABE_NO_IWM,54,0.32826897501945496
Desharnais,4,FAABE_NO_IWM,55,0.32826897501945496
Desharnais,4,FAABE_NO_IWM,56,0.32826897501945496
Desharnais,4,FAABE_NO_IWM,57,0.32826897501945496
Desharnais,4,FAABE_NO_IWM,58,0.32826897501945496
Desharnais,4,FAABE_NO_IWM,59,0.32826897501945496
Desharnais,4,FAABE_NO_IWM,60,0.32826897501945496
Desharnais,4,FAABE_NO_IWM,61,0.32826897501945496
Desharnais,4,FAABE_NO_IWM,62,0.32826897501945496
Desharnais,4,FAABE_NO_IWM,63,0.32826897501945496
Desharnais,4,FAABE_NO_IWM,64,0.32826897501945496
Desharnais,4,FAABE_NO_IWM,65,0.32826897501945496
Desharnais,4,FAABE_NO_IWM,66,0.32826897501945496
Desharnais,4,FAABE_NO_IWM,67,0.32826897501945496
Desharnais,4,FAABE_NO_IWM,68,0.32826897501945496
Desharnais,4,FAABE_NO_IWM,69,0.32826897501945496
Desharnais,4,FAABE_NO_IWM,70,0.32826897501945496
Desharnais,4,FAABE_NO_IWM,71,0.32826897501945496
Desharnais,4,FAABE_NO_IWM,72,0.32826897501945496
Desharnais,4,FAABE_NO_IWM,73,0.32826897501945496
Desharnais,4,FAABE_NO_IWM,74,0.32826897501945496
Desharnais,4,FAABE_NO_IWM,75,0.32826897501945496
Desharnais,4,FAABE_NO_IWM,76,0.32826897501945496
Desharnais,4,FAABE_NO_IWM,77,0.32826897501945496
Desharnais,4,FAABE_NO_IWM,78,0.32826897501945496
Desharnais,4,FAABE_NO_IWM,79,0.32826897501945496
Desharnais,4,FAABE_NO_IWM,80,0.32826897501945496
Desharnais,4,FAABE_NO_IWM,81,0.32826897501945496
Desharnais,4,FAABE_NO_IWM,82,0.32826897501945496
Desharnais,4,FAABE_NO_IWM,83,0.32826897501945496
Desharnais,4,FAABE_NO_IWM,84,0.32826897501945496
Desharnais,4,FAABE_NO_IWM,85,0.32826897501945496
Desharnais,4,FAABE_NO_IWM,86,0.32826897501945496
Desharnais,4,FAABE_NO_IWM,87,0.32826897501945496
Desharnais,4,FAABE_NO_IWM,88,0.32826897501945496
Desharnais,4,FAABE_NO_IWM,89,0.32826897501945496
Desharnais,4,FAABE_NO_IWM,90,0.32826897501945496
Desharnais,4,FAABE_NO_IWM,91,0.32826897501945496
Desharnais,4,FAABE_NO_IWM,92,0.32826897501945496
Desharnais,4,FAABE_NO_IWM,93,0.32826897501945496
Desharnais,4,FAABE_NO_IWM,94,0.32826897501945496
Desharnais,4,FAABE_NO_IWM,95,0.32826897501945496
Desharnais,4,FAABE_NO_IWM,96,0.32826897501945496
Desharnais,4,FAABE_NO_IWM,97,0.32826897501945496
Desharnais,4,FAABE_NO_IWM,98,0.32826897501945496
Desharnais,4,FAABE_NO_IWM,99,0.32826897501945496
Desharnais,4,FAABE_NO_IWM,100,0.32826897501945496
Desharnais,4,FAABE_FULL,0,0.44264909625053406
Desharnais,4,FAABE_FULL,1,0.4143766462802887
Desharnais,4,FAABE_FULL,2,0.40970277786254883
Desharnais,4,FAABE_FULL,3,0.40970277786254883
Desharnais,4,FAABE_FULL,4,0.40970277786254883
Desharnais,4,FAABE_FULL,5,0.3883194625377655
Desharnais,4,FAABE_FULL,6,0.3883194625377655
Desharnais,4,FAABE_FULL,7,0.3883194625377655
Desharnais,4,FAABE_FULL,8,0.3883194625377655
Desharnais,4,FAABE_FULL,9,0.3883194625377655
Desharnais,4,FAABE_FULL,10,0.3883194625377655
Desharnais,4,FAABE_FULL,11,0.3883194625377655
Desharnais,4,FAABE_FULL,12,0.3883194625377655
Desharnais,4,FAABE_FULL,13,0.3883194625377655
Desharnais,4,FAABE_FULL,14,0.3883194625377655
Desharnais,4,FAABE_FULL,15,0.3883194625377655
Desharnais,4,FAABE_FULL,16,0.3883194625377655
Desharnais,4,FAABE_FULL,17,0.3883194625377655
Desharnais,4,FAABE_FULL,18,0.3883194625377655
Desharnais,4,FAABE_FULL,19,0.3883194625377655
Desharnais,4,FAABE_FULL,20,0.3883194625377655
Desharnais,4,FAABE_FULL,21,0.3883194625377655
Desharnais,4,FAABE_FULL,22,0.3883194625377655
Desharnais,4,FAABE_FULL,23,0.3806402385234833
Desharnais,4,FAABE_FULL,24,0.3806402385234833
Desharnais,4,FAABE_FULL,25,0.3806402385234833
Desharnais,4,FAABE_FULL,26,0.3806402385234833
Desharnais,4,FAABE_FULL,27,0.3806402385234833
Desharnais,4,FAABE_FULL,28,0.34302404522895813
Desharnais,4,FAABE_FULL,29,0.34302404522895813
Desharnais,4,FAABE_FULL,30,0.34302404522895813
Desharnais,4,FAABE_FULL,31,0.34302404522895813
Desharnais,4,FAABE_FULL,32,0.34302404522895813
Desharnais,4,FAABE_FULL,33,0.33598992228507996
Desharnais,4,FAABE_FULL,34,0.33598992228507996
Desharnais,4,FAABE_FULL,35,0.33598992228507996
Desharnais,4,FAABE_FULL,36,0.33598992228507996
Desharnais,4,FAABE_FULL,37,0.33598992228507996
Desharnais,4,FAABE_FULL,38,0.33598992228507996
Desharnais,4,FAABE_FULL,39,0.33598992228507996
Desharnais,4,FAABE_FULL,40,0.33598992228507996
Desharnais,4,FAABE_FULL,41,0.33598992228507996
Desharnais,4,FAABE_FULL,42,0.33598992228507996
Desharnais,4,FAABE_FULL,43,0.33598992228507996
Desharnais,4,FAABE_FULL,44,0.33598992228507996
Desharnais,4,FAABE_FULL,45,0.33598992228507996
Desharnais,4,FAABE_FULL,46,0.33598992228507996
Desharnais,4,FAABE_FULL,47,0.33598992228507996
Desharnais,4,FAABE_FULL,48,0.33598992228507996
Desharnais,4,FAABE_FULL,49,0.33598992228507996
Desharnais,4,FAABE_FULL,50,0.33598992228507996
Desharnais,4,FAABE_FULL,51,0.33598992228507996
Desharnais,4,FAABE_FULL,52,0.33598992228507996
Desharnais,4,FAABE_FULL,53,0.33598992228507996
Desharnais,4,FAABE_FULL,54,0.33598992228507996
Desharnais,4,FAABE_FULL,55,0.33598992228507996
Desharnais,4,FAABE_FULL,56,0.33598992228507996
Desharnais,4,FAABE_FULL,57,0.33598992228507996
Desharnais,4,FAABE_FULL,58,0.33598992228507996
Desharnais,4,FAABE_FULL,59,0.33598992228507996
Desharnais,4,FAABE_FULL,60,0.33598992228507996
Desharnais,4,FAABE_FULL,61,0.33598992228507996
Desharnais,4,FAABE_FULL,62,0.33598992228507996
Desharnais,4,FAABE_FULL,63,0.33598992228507996
Desharnais,4,FAABE_FULL,64,0.33598992228507996
Desharnais,4,FAABE_FULL,65,0.33598992228507996
Desharnais,4,FAABE_FULL,66,0.33598992228507996
Desharnais,4,FAABE_FULL,67,0.33598992228507996
Desharnais,4,FAABE_FULL,68,0.33598992228507996
Desharnais,4,FAABE_FULL,69,0.33598992228507996
Desharnais,4,FAABE_FULL,70,0.33598992228507996
Desharnais,4,FAABE_FULL,71,0.33598992228507996
Desharnais,4,FAABE_FULL,72,0.33598992228507996
Desharnais,4,FAABE_FULL,73,0.33598992228507996
Desharnais,4,FAABE_FULL,74,0.33598992228507996
Desharnais,4,FAABE_FULL,75,0.33598992228507996
Desharnais,4,FAABE_FULL,76,0.33598992228507996
Desharnais,4,FAABE_FULL,77,0.33598992228507996
Desharnais,4,FAABE_FULL,78,0.33598992228507996
Desharnais,4,FAABE_FULL,79,0.33598992228507996
Desharnais,4,FAABE_FULL,80,0.33598992228507996
Desharnais,4,FAABE_FULL,81,0.3347528576850891
Desharnais,4,FAABE_FULL,82,0.3347528576850891
Desharnais,4,FAABE_FULL,83,0.3347528576850891
Desharnais,4,FAABE_FULL,84,0.3347528576850891
Desharnais,4,FAABE_FULL,85,0.3347528576850891
Desharnais,4,FAABE_FULL,86,0.3347528576850891
Desharnais,4,FAABE_FULL,87,0.3347528576850891
Desharnais,4,FAABE_FULL,88,0.3347528576850891
Desharnais,4,FAABE_FULL,89,0.3347528576850891
Desharnais,4,FAABE_FULL,90,0.3347528576850891
Desharnais,4,FAABE_FULL,91,0.3347528576850891
Desharnais,4,FAABE_FULL,92,0.3347528576850891
Desharnais,4,FAABE_FULL,93,0.3347528576850891
Desharnais,4,FAABE_FULL,94,0.3347528576850891
Desharnais,4,FAABE_FULL,95,0.3347528576850891
Desharnais,4,FAABE_FULL,96,0.3347528576850891
Desharnais,4,FAABE_FULL,97,0.3347528576850891
Desharnais,4,FAABE_FULL,98,0.3347528576850891
Desharnais,4,FAABE_FULL,99,0.3347528576850891
Desharnais,4,FAABE_FULL,100,0.3347528576850891
Desharnais,5,FAABE_NO_PEARSON,0,0.5070015788078308
Desharnais,5,FAABE_NO_PEARSON,1,0.3942697048187256
Desharnais,5,FAABE_NO_PEARSON,2,0.3942697048187256
Desharnais,5,FAABE_NO_PEARSON,3,0.3864418864250183
Desharnais,5,FAABE_NO_PEARSON,4,0.3864418864250183
Desharnais,5,FAABE_NO_PEARSON,5,0.3864418864250183
Desharnais,5,FAABE_NO_PEARSON,6,0.3716103434562683
Desharnais,5,FAABE_NO_PEARSON,7,0.3716103434562683
Desharnais,5,FAABE_NO_PEARSON,8,0.345986545085907
Desharnais,5,FAABE_NO_PEARSON,9,0.345986545085907
Desharnais,5,FAABE_NO_PEARSON,10,0.345986545085907
Desharnais,5,FAABE_NO_PEARSON,11,0.341880738735199
Desharnais,5,FAABE_NO_PEARSON,12,0.341880738735199
Desharnais,5,FAABE_NO_PEARSON,13,0.341880738735199
Desharnais,5,FAABE_NO_PEARSON,14,0.341880738735199
Desharnais,5,FAABE_NO_PEARSON,15,0.3399635851383209
Desharnais,5,FAABE_NO_PEARSON,16,0.3399635851383209
Desharnais,5,FAABE_NO_PEARSON,17,0.3399635851383209
Desharnais,5,FAABE_NO_PEARSON,18,0.3399635851383209
Desharnais,5,FAABE_NO_PEARSON,19,0.33121055364608765
Desharnais,5,FAABE_NO_PEARSON,20,0.33121055364608765
Desharnais,5,FAABE_NO_PEARSON,21,0.33121055364608765
Desharnais,5,FAABE_NO_PEARSON,22,0.33121055364608765
Desharnais,5,FAABE_NO_PEARSON,23,0.33121055364608765
Desharnais,5,FAABE_NO_PEARSON,24,0.33121055364608765
Desharnais,5,FAABE_NO_PEARSON,25,0.33121055364608765
Desharnais,5,FAABE_NO_PEARSON,26,0.33121055364608765
Desharnais,5,FAABE_NO_PEARSON,27,0.33121055364608765
Desharnais,5,FAABE_NO_PEARSON,28,0.33121055364608765
Desharnais,5,FAABE_NO_PEARSON,29,0.33121055364608765
Desharnais,5,FAABE_NO_PEARSON,30,0.33121055364608765
Desharnais,5,FAABE_NO_PEARSON,31,0.33121055364608765
Desharnais,5,FAABE_NO_PEARSON,32,0.33121055364608765
Desharnais,5,FAABE_NO_PEARSON,33,0.33121055364608765
Desharnais,5,FAABE_NO_PEARSON,34,0.33121055364608765
Desharnais,5,FAABE_NO_PEARSON,35,0.33121055364608765
Desharnais,5,FAABE_NO_PEARSON,36,0.33121055364608765
Desharnais,5,FAABE_NO_PEARSON,37,0.33121055364608765
Desharnais,5,FAABE_NO_PEARSON,38,0.33121055364608765
Desharnais,5,FAABE_NO_PEARSON,39,0.33121055364608765
Desharnais,5,FAABE_NO_PEARSON,40,0.33121055364608765
Desharnais,5,FAABE_NO_PEARSON,41,0.33121055364608765
Desharnais,5,FAABE_NO_PEARSON,42,0.33121055364608765
Desharnais,5,FAABE_NO_PEARSON,43,0.33121055364608765
Desharnais,5,FAABE_NO_PEARSON,44,0.33121055364608765
Desharnais,5,FAABE_NO_PEARSON,45,0.33121055364608765
Desharnais,5,FAABE_NO_PEARSON,46,0.33121055364608765
Desharnais,5,FAABE_NO_PEARSON,47,0.33121055364608765
Desharnais,5,FAABE_NO_PEARSON,48,0.33121055364608765
Desharnais,5,FAABE_NO_PEARSON,49,0.33121055364608765
Desharnais,5,FAABE_NO_PEARSON,50,0.33121055364608765
Desharnais,5,FAABE_NO_PEARSON,51,0.33121055364608765
Desharnais,5,FAABE_NO_PEARSON,52,0.33121055364608765
Desharnais,5,FAABE_NO_PEARSON,53,0.33121055364608765
Desharnais,5,FAABE_NO_PEARSON,54,0.33121055364608765
Desharnais,5,FAABE_NO_PEARSON,55,0.33121055364608765
Desharnais,5,FAABE_NO_PEARSON,56,0.33121055364608765
Desharnais,5,FAABE_NO_PEARSON,57,0.33121055364608765
Desharnais,5,FAABE_NO_PEARSON,58,0.33121055364608765
Desharnais,5,FAABE_NO_PEARSON,59,0.33121055364608765
Desharnais,5,FAABE_NO_PEARSON,60,0.33121055364608765
Desharnais,5,FAABE_NO_PEARSON,61,0.33121055364608765
Desharnais,5,FAABE_NO_PEARSON,62,0.33121055364608765
Desharnais,5,FAABE_NO_PEARSON,63,0.33121055364608765
Desharnais,5,FAABE_NO_PEARSON,64,0.33121055364608765
Desharnais,5,FAABE_NO_PEARSON,65,0.33121055364608765
Desharnais,5,FAABE_NO_PEARSON,66,0.33121055364608765
Desharnais,5,FAABE_NO_PEARSON,67,0.33121055364608765
Desharnais,5,FAABE_NO_PEARSON,68,0.33121055364608765
Desharnais,5,FAABE_NO_PEARSON,69,0.33121055364608765
Desharnais,5,FAABE_NO_PEARSON,70,0.33121055364608765
Desharnais,5,FAABE_NO_PEARSON,71,0.33121055364608765
Desharnais,5,FAABE_NO_PEARSON,72,0.33121055364608765
Desharnais,5,FAABE_NO_PEARSON,73,0.33121055364608765
Desharnais,5,FAABE_NO_PEARSON,74,0.33121055364608765
Desharnais,5,FAABE_NO_PEARSON,75,0.33121055364608765
Desharnais,5,FAABE_NO_PEARSON,76,0.33121055364608765
Desharnais,5,FAABE_NO_PEARSON,77,0.33121055364608765
Desharnais,5,FAABE_NO_PEARSON,78,0.33121055364608765
Desharnais,5,FAABE_NO_PEARSON,79,0.33121055364608765
Desharnais,5,FAABE_NO_PEARSON,80,0.33121055364608765
Desharnais,5,FAABE_NO_PEARSON,81,0.33121055364608765
Desharnais,5,FAABE_NO_PEARSON,82,0.33121055364608765
Desharnais,5,FAABE_NO_PEARSON,83,0.33121055364608765
Desharnais,5,FAABE_NO_PEARSON,84,0.33121055364608765
Desharnais,5,FAABE_NO_PEARSON,85,0.33121055364608765
Desharnais,5,FAABE_NO_PEARSON,86,0.33121055364608765
Desharnais,5,FAABE_NO_PEARSON,87,0.33121055364608765
Desharnais,5,FAABE_NO_PEARSON,88,0.33121055364608765
Desharnais,5,FAABE_NO_PEARSON,89,0.33121055364608765
Desharnais,5,FAABE_NO_PEARSON,90,0.3247530162334442
Desharnais,5,FAABE_NO_PEARSON,91,0.31939461827278137
Desharnais,5,FAABE_NO_PEARSON,92,0.31939461827278137
Desharnais,5,FAABE_NO_PEARSON,93,0.31939461827278137
Desharnais,5,FAABE_NO_PEARSON,94,0.31939461827278137
Desharnais,5,FAABE_NO_PEARSON,95,0.31939461827278137
Desharnais,5,FAABE_NO_PEARSON,96,0.31939461827278137
Desharnais,5,FAABE_NO_PEARSON,97,0.31939461827278137
Desharnais,5,FAABE_NO_PEARSON,98,0.31939461827278137
Desharnais,5,FAABE_NO_PEARSON,99,0.31939461827278137
Desharnais,5,FAABE_NO_PEARSON,100,0.31939461827278137
Desharnais,5,FAABE_NO_IWM,0,0.3974125385284424
Desharnais,5,FAABE_NO_IWM,1,0.3672621548175812
Desharnais,5,FAABE_NO_IWM,2,0.3482205867767334
Desharnais,5,FAABE_NO_IWM,3,0.3482205867767334
Desharnais,5,FAABE_NO_IWM,4,0.3482205867767334
Desharnais,5,FAABE_NO_IWM,5,0.3482205867767334
Desharnais,5,FAABE_NO_IWM,6,0.34820154309272766
Desharnais,5,FAABE_NO_IWM,7,0.34820154309272766
Desharnais,5,FAABE_NO_IWM,8,0.34820154309272766
Desharnais,5,FAABE_NO_IWM,9,0.34820154309272766
Desharnais,5,FAABE_NO_IWM,10,0.34820154309272766
Desharnais,5,FAABE_NO_IWM,11,0.34820154309272766
Desharnais,5,FAABE_NO_IWM,12,0.34820154309272766
Desharnais,5,FAABE_NO_IWM,13,0.34820154309272766
Desharnais,5,FAABE_NO_IWM,14,0.34820154309272766
Desharnais,5,FAABE_NO_IWM,15,0.34820154309272766
Desharnais,5,FAABE_NO_IWM,16,0.34820154309272766
Desharnais,5,FAABE_NO_IWM,17,0.34820154309272766
Desharnais,5,FAABE_NO_IWM,18,0.34820154309272766
Desharnais,5,FAABE_NO_IWM,19,0.34820154309272766
Desharnais,5,FAABE_NO_IWM,20,0.34820154309272766
Desharnais,5,FAABE_NO_IWM,21,0.34820154309272766
Desharnais,5,FAABE_NO_IWM,22,0.34820154309272766
Desharnais,5,FAABE_NO_IWM,23,0.34820154309272766
Desharnais,5,FAABE_NO_IWM,24,0.34820154309272766
Desharnais,5,FAABE_NO_IWM,25,0.34820154309272766
Desharnais,5,FAABE_NO_IWM,26,0.34820154309272766
Desharnais,5,FAABE_NO_IWM,27,0.34820154309272766
Desharnais,5,FAABE_NO_IWM,28,0.34820154309272766
Desharnais,5,FAABE_NO_IWM,29,0.34820154309272766
Desharnais,5,FAABE_NO_IWM,30,0.34820154309272766
Desharnais,5,FAABE_NO_IWM,31,0.34820154309272766
Desharnais,5,FAABE_NO_IWM,32,0.34820154309272766
Desharnais,5,FAABE_NO_IWM,33,0.34820154309272766
Desharnais,5,FAABE_NO_IWM,34,0.34820154309272766
Desharnais,5,FAABE_NO_IWM,35,0.34820154309272766
Desharnais,5,FAABE_NO_IWM,36,0.34820154309272766
Desharnais,5,FAABE_NO_IWM,37,0.34820154309272766
Desharnais,5,FAABE_NO_IWM,38,0.34820154309272766
Desharnais,5,FAABE_NO_IWM,39,0.34820154309272766
Desharnais,5,FAABE_NO_IWM,40,0.34820154309272766
Desharnais,5,FAABE_NO_IWM,41,0.34820154309272766
Desharnais,5,FAABE_NO_IWM,42,0.34820154309272766
Desharnais,5,FAABE_NO_IWM,43,0.34820154309272766
Desharnais,5,FAABE_NO_IWM,44,0.34820154309272766
Desharnais,5,FAABE_NO_IWM,45,0.34820154309272766
Desharnais,5,FAABE_NO_IWM,46,0.34820154309272766
Desharnais,5,FAABE_NO_IWM,47,0.34820154309272766
Desharnais,5,FAABE_NO_IWM,48,0.34820154309272766
Desharnais,5,FAABE_NO_IWM,49,0.34820154309272766
Desharnais,5,FAABE_NO_IWM,50,0.34820154309272766
Desharnais,5,FAABE_NO_IWM,51,0.34820154309272766
Desharnais,5,FAABE_NO_IWM,52,0.34820154309272766
Desharnais,5,FAABE_NO_IWM,53,0.34820154309272766
Desharnais,5,FAABE_NO_IWM,54,0.34820154309272766
Desharnais,5,FAABE_NO_IWM,55,0.34820154309272766
Desharnais,5,FAABE_NO_IWM,56,0.34820154309272766
Desharnais,5,FAABE_NO_IWM,57,0.34820154309272766
Desharnais,5,FAABE_NO_IWM,58,0.34820154309272766
Desharnais,5,FAABE_NO_IWM,59,0.34820154309272766
Desharnais,5,FAABE_NO_IWM,60,0.34820154309272766
Desharnais,5,FAABE_NO_IWM,61,0.34820154309272766
Desharnais,5,FAABE_NO_IWM,62,0.34820154309272766
Desharnais,5,FAABE_NO_IWM,63,0.34820154309272766
Desharnais,5,FAABE_NO_IWM,64,0.34820154309272766
Desharnais,5,FAABE_NO_IWM,65,0.34820154309272766
Desharnais,5,FAABE_NO_IWM,66,0.34820154309272766
Desharnais,5,FAABE_NO_IWM,67,0.34820154309272766
Desharnais,5,FAABE_NO_IWM,68,0.34820154309272766
Desharnais,5,FAABE_NO_IWM,69,0.34820154309272766
Desharnais,5,FAABE_NO_IWM,70,0.34820154309272766
Desharnais,5,FAABE_NO_IWM,71,0.34820154309272766
Desharnais,5,FAABE_NO_IWM,72,0.34820154309272766
Desharnais,5,FAABE_NO_IWM,73,0.34820154309272766
Desharnais,5,FAABE_NO_IWM,74,0.34820154309272766
Desharnais,5,FAABE_NO_IWM,75,0.34820154309272766
Desharnais,5,FAABE_NO_IWM,76,0.34820154309272766
Desharnais,5,FAABE_NO_IWM,77,0.34820154309272766
Desharnais,5,FAABE_NO_IWM,78,0.34820154309272766
Desharnais,5,FAABE_NO_IWM,79,0.34820154309272766
Desharnais,5,FAABE_NO_IWM,80,0.34820154309272766
Desharnais,5,FAABE_NO_IWM,81,0.34820154309272766
Desharnais,5,FAABE_NO_IWM,82,0.34820154309272766
Desharnais,5,FAABE_NO_IWM,83,0.34820154309272766
Desharnais,5,FAABE_NO_IWM,84,0.34820154309272766
Desharnais,5,FAABE_NO_IWM,85,0.34820154309272766
Desharnais,5,FAABE_NO_IWM,86,0.34820154309272766
Desharnais,5,FAABE_NO_IWM,87,0.34820154309272766
Desharnais,5,FAABE_NO_IWM,88,0.34820154309272766
Desharnais,5,FAABE_NO_IWM,89,0.34820154309272766
Desharnais,5,FAABE_NO_IWM,90,0.34820154309272766
Desharnais,5,FAABE_NO_IWM,91,0.34820154309272766
Desharnais,5,FAABE_NO_IWM,92,0.34820154309272766
Desharnais,5,FAABE_NO_IWM,93,0.34820154309272766
Desharnais,5,FAABE_NO_IWM,94,0.34820154309272766
Desharnais,5,FAABE_NO_IWM,95,0.34820154309272766
Desharnais,5,FAABE_NO_IWM,96,0.34820154309272766
Desharnais,5,FAABE_NO_IWM,97,0.34820154309272766
Desharnais,5,FAABE_NO_IWM,98,0.34820154309272766
Desharnais,5,FAABE_NO_IWM,99,0.34820154309272766
Desharnais,5,FAABE_NO_IWM,100,0.34820154309272766
Desharnais,5,FAABE_FULL,0,0.3886682689189911
Desharnais,5,FAABE_FULL,1,0.3687911927700043
Desharnais,5,FAABE_FULL,2,0.36324435472488403
Desharnais,5,FAABE_FULL,3,0.34554603695869446
Desharnais,5,FAABE_FULL,4,0.34554603695869446
Desharnais,5,FAABE_FULL,5,0.3355424702167511
Desharnais,5,FAABE_FULL,6,0.3355424702167511
Desharnais,5,FAABE_FULL,7,0.3355424702167511
Desharnais,5,FAABE_FULL,8,0.3355424702167511
Desharnais,5,FAABE_FULL,9,0.3355424702167511
Desharnais,5,FAABE_FULL,10,0.3348980247974396
Desharnais,5,FAABE_FULL,11,0.3348980247974396
Desharnais,5,FAABE_FULL,12,0.3348980247974396
Desharnais,5,FAABE_FULL,13,0.3330915868282318
Desharnais,5,FAABE_FULL,14,0.3330915868282318
Desharnais,5,FAABE_FULL,15,0.3330915868282318
Desharnais,5,FAABE_FULL,16,0.3330915868282318
Desharnais,5,FAABE_FULL,17,0.3330915868282318
Desharnais,5,FAABE_FULL,18,0.3330915868282318
Desharnais,5,FAABE_FULL,19,0.3330915868282318
Desharnais,5,FAABE_FULL,20,0.3330915868282318
Desharnais,5,FAABE_FULL,21,0.3330915868282318
Desharnais,5,FAABE_FULL,22,0.3330915868282318
Desharnais,5,FAABE_FULL,23,0.3330915868282318
Desharnais,5,FAABE_FULL,24,0.3330915868282318
Desharnais,5,FAABE_FULL,25,0.3330915868282318
Desharnais,5,FAABE_FULL,26,0.3330915868282318
Desharnais,5,FAABE_FULL,27,0.3330915868282318
Desharnais,5,FAABE_FULL,28,0.3330915868282318
Desharnais,5,FAABE_FULL,29,0.3330915868282318
Desharnais,5,FAABE_FULL,30,0.3330915868282318
Desharnais,5,FAABE_FULL,31,0.3330915868282318
Desharnais,5,FAABE_FULL,32,0.3330915868282318
Desharnais,5,FAABE_FULL,33,0.3330915868282318
Desharnais,5,FAABE_FULL,34,0.3330915868282318
Desharnais,5,FAABE_FULL,35,0.3330915868282318
Desharnais,5,FAABE_FULL,36,0.3330915868282318
Desharnais,5,FAABE_FULL,37,0.3330915868282318
Desharnais,5,FAABE_FULL,38,0.3330915868282318
Desharnais,5,FAABE_FULL,39,0.3330915868282318
Desharnais,5,FAABE_FULL,40,0.3330915868282318
Desharnais,5,FAABE_FULL,41,0.3330915868282318
Desharnais,5,FAABE_FULL,42,0.3330915868282318
Desharnais,5,FAABE_FULL,43,0.3330915868282318
Desharnais,5,FAABE_FULL,44,0.3330915868282318
Desharnais,5,FAABE_FULL,45,0.3330915868282318
Desharnais,5,FAABE_FULL,46,0.3330915868282318
Desharnais,5,FAABE_FULL,47,0.3330915868282318
Desharnais,5,FAABE_FULL,48,0.3330915868282318
Desharnais,5,FAABE_FULL,49,0.3330915868282318
Desharnais,5,FAABE_FULL,50,0.3330915868282318
Desharnais,5,FAABE_FULL,51,0.3330915868282318
Desharnais,5,FAABE_FULL,52,0.3330915868282318
Desharnais,5,FAABE_FULL,53,0.3330915868282318
Desharnais,5,FAABE_FULL,54,0.3330915868282318
Desharnais,5,FAABE_FULL,55,0.3330915868282318
Desharnais,5,FAABE_FULL,56,0.3330915868282318
Desharnais,5,FAABE_FULL,57,0.3330915868282318
Desharnais,5,FAABE_FULL,58,0.3330915868282318
Desharnais,5,FAABE_FULL,59,0.3330915868282318
Desharnais,5,FAABE_FULL,60,0.3330915868282318
Desharnais,5,FAABE_FULL,61,0.3330915868282318
Desharnais,5,FAABE_FULL,62,0.3330915868282318
Desharnais,5,FAABE_FULL,63,0.3330915868282318
Desharnais,5,FAABE_FULL,64,0.3330915868282318
Desharnais,5,FAABE_FULL,65,0.3330915868282318
Desharnais,5,FAABE_FULL,66,0.3330915868282318
Desharnais,5,FAABE_FULL,67,0.3330915868282318
Desharnais,5,FAABE_FULL,68,0.3330915868282318
Desharnais,5,FAABE_FULL,69,0.3330915868282318
Desharnais,5,FAABE_FULL,70,0.3330915868282318
Desharnais,5,FAABE_FULL,71,0.3330915868282318
Desharnais,5,FAABE_FULL,72,0.3330915868282318
Desharnais,5,FAABE_FULL,73,0.3330915868282318
Desharnais,5,FAABE_FULL,74,0.3330915868282318
Desharnais,5,FAABE_FULL,75,0.3330915868282318
Desharnais,5,FAABE_FULL,76,0.3330915868282318
Desharnais,5,FAABE_FULL,77,0.3330915868282318
Desharnais,5,FAABE_FULL,78,0.3330915868282318
Desharnais,5,FAABE_FULL,79,0.3330915868282318
Desharnais,5,FAABE_FULL,80,0.3330915868282318
Desharnais,5,FAABE_FULL,81,0.3330915868282318
Desharnais,5,FAABE_FULL,82,0.3330915868282318
Desharnais,5,FAABE_FULL,83,0.3330915868282318
Desharnais,5,FAABE_FULL,84,0.3330915868282318
Desharnais,5,FAABE_FULL,85,0.3330915868282318
Desharnais,5,FAABE_FULL,86,0.3330915868282318
Desharnais,5,FAABE_FULL,87,0.3330915868282318
Desharnais,5,FAABE_FULL,88,0.3330915868282318
Desharnais,5,FAABE_FULL,89,0.3330915868282318
Desharnais,5,FAABE_FULL,90,0.3330915868282318
Desharnais,5,FAABE_FULL,91,0.3330915868282318
Desharnais,5,FAABE_FULL,92,0.3330915868282318
Desharnais,5,FAABE_FULL,93,0.3330915868282318
Desharnais,5,FAABE_FULL,94,0.3330915868282318
Desharnais,5,FAABE_FULL,95,0.3292650580406189
Desharnais,5,FAABE_FULL,96,0.3292650580406189
Desharnais,5,FAABE_FULL,97,0.32816585898399353
Desharnais,5,FAABE_FULL,98,0.32816585898399353
Desharnais,5,FAABE_FULL,99,0.32816585898399353
Desharnais,5,FAABE_FULL,100,0.32816585898399353
Desharnais,6,FAABE_NO_PEARSON,0,0.4299693703651428
Desharnais,6,FAABE_NO_PEARSON,1,0.3967420160770416
Desharnais,6,FAABE_NO_PEARSON,2,0.38669416308403015
Desharnais,6,FAABE_NO_PEARSON,3,0.38669416308403015
Desharnais,6,FAABE_NO_PEARSON,4,0.38669416308403015
Desharnais,6,FAABE_NO_PEARSON,5,0.38669416308403015
Desharnais,6,FAABE_NO_PEARSON,6,0.38669416308403015
Desharnais,6,FAABE_NO_PEARSON,7,0.38669416308403015
Desharnais,6,FAABE_NO_PEARSON,8,0.38669416308403015
Desharnais,6,FAABE_NO_PEARSON,9,0.38669416308403015
Desharnais,6,FAABE_NO_PEARSON,10,0.38669416308403015
Desharnais,6,FAABE_NO_PEARSON,11,0.38464534282684326
Desharnais,6,FAABE_NO_PEARSON,12,0.38464534282684326
Desharnais,6,FAABE_NO_PEARSON,13,0.38464534282684326
Desharnais,6,FAABE_NO_PEARSON,14,0.38464534282684326
Desharnais,6,FAABE_NO_PEARSON,15,0.38464534282684326
Desharnais,6,FAABE_NO_PEARSON,16,0.36590829491615295
Desharnais,6,FAABE_NO_PEARSON,17,0.35145726799964905
Desharnais,6,FAABE_NO_PEARSON,18,0.35145726799964905
Desharnais,6,FAABE_NO_PEARSON,19,0.33847102522850037
Desharnais,6,FAABE_NO_PEARSON,20,0.33847102522850037
Desharnais,6,FAABE_NO_PEARSON,21,0.33847102522850037
Desharnais,6,FAABE_NO_PEARSON,22,0.3380214273929596
Desharnais,6,FAABE_NO_PEARSON,23,0.3342486321926117
Desharnais,6,FAABE_NO_PEARSON,24,0.3342486321926117
Desharnais,6,FAABE_NO_PEARSON,25,0.3342486321926117
Desharnais,6,FAABE_NO_PEARSON,26,0.3342486321926117
Desharnais,6,FAABE_NO_PEARSON,27,0.3342486321926117
Desharnais,6,FAABE_NO_PEARSON,28,0.3342486321926117
Desharnais,6,FAABE_NO_PEARSON,29,0.3342486321926117
Desharnais,6,FAABE_NO_PEARSON,30,0.3342486321926117
Desharnais,6,FAABE_NO_PEARSON,31,0.3342486321926117
Desharnais,6,FAABE_NO_PEARSON,32,0.3342486321926117
Desharnais,6,FAABE_NO_PEARSON,33,0.3342486321926117
Desharnais,6,FAABE_NO_PEARSON,34,0.3342486321926117
Desharnais,6,FAABE_NO_PEARSON,35,0.3342486321926117
Desharnais,6,FAABE_NO_PEARSON,36,0.32585999369621277
Desharnais,6,FAABE_NO_PEARSON,37,0.32585999369621277
Desharnais,6,FAABE_NO_PEARSON,38,0.32585999369621277
Desharnais,6,FAABE_NO_PEARSON,39,0.32585999369621277
Desharnais,6,FAABE_NO_PEARSON,40,0.32585999369621277
Desharnais,6,FAABE_NO_PEARSON,41,0.32585999369621277
Desharnais,6,FAABE_NO_PEARSON,42,0.32585999369621277
Desharnais,6,FAABE_NO_PEARSON,43,0.32585999369621277
Desharnais,6,FAABE_NO_PEARSON,44,0.32585999369621277
Desharnais,6,FAABE_NO_PEARSON,45,0.32585999369621277
Desharnais,6,FAABE_NO_PEARSON,46,0.32585999369621277
Desharnais,6,FAABE_NO_PEARSON,47,0.32585999369621277
Desharnais,6,FAABE_NO_PEARSON,48,0.32585999369621277
Desharnais,6,FAABE_NO_PEARSON,49,0.32585999369621277
Desharnais,6,FAABE_NO_PEARSON,50,0.32585999369621277
Desharnais,6,FAABE_NO_PEARSON,51,0.32585999369621277
Desharnais,6,FAABE_NO_PEARSON,52,0.32585999369621277
Desharnais,6,FAABE_NO_PEARSON,53,0.32585999369621277
Desharnais,6,FAABE_NO_PEARSON,54,0.32585999369621277
Desharnais,6,FAABE_NO_PEARSON,55,0.32585999369621277
Desharnais,6,FAABE_NO_PEARSON,56,0.32585999369621277
Desharnais,6,FAABE_NO_PEARSON,57,0.32585999369621277
Desharnais,6,FAABE_NO_PEARSON,58,0.32585999369621277
Desharnais,6,FAABE_NO_PEARSON,59,0.32585999369621277
Desharnais,6,FAABE_NO_PEARSON,60,0.32585999369621277
Desharnais,6,FAABE_NO_PEARSON,61,0.32585999369621277
Desharnais,6,FAABE_NO_PEARSON,62,0.32585999369621277
Desharnais,6,FAABE_NO_PEARSON,63,0.32585999369621277
Desharnais,6,FAABE_NO_PEARSON,64,0.32585999369621277
Desharnais,6,FAABE_NO_PEARSON,65,0.32585999369621277
Desharnais,6,FAABE_NO_PEARSON,66,0.32585999369621277
Desharnais,6,FAABE_NO_PEARSON,67,0.32585999369621277
Desharnais,6,FAABE_NO_PEARSON,68,0.32585999369621277
Desharnais,6,FAABE_NO_PEARSON,69,0.32585999369621277
Desharnais,6,FAABE_NO_PEARSON,70,0.32585999369621277
Desharnais,6,FAABE_NO_PEARSON,71,0.32585999369621277
Desharnais,6,FAABE_NO_PEARSON,72,0.32585999369621277
Desharnais,6,FAABE_NO_PEARSON,73,0.32585999369621277
Desharnais,6,FAABE_NO_PEARSON,74,0.32585999369621277
Desharnais,6,FAABE_NO_PEARSON,75,0.32585999369621277
Desharnais,6,FAABE_NO_PEARSON,76,0.32585999369621277
Desharnais,6,FAABE_NO_PEARSON,77,0.32585999369621277
Desharnais,6,FAABE_NO_PEARSON,78,0.32585999369621277
Desharnais,6,FAABE_NO_PEARSON,79,0.32585999369621277
Desharnais,6,FAABE_NO_PEARSON,80,0.32585999369621277
Desharnais,6,FAABE_NO_PEARSON,81,0.32585999369621277
Desharnais,6,FAABE_NO_PEARSON,82,0.32585999369621277
Desharnais,6,FAABE_NO_PEARSON,83,0.32585999369621277
Desharnais,6,FAABE_NO_PEARSON,84,0.32585999369621277
Desharnais,6,FAABE_NO_PEARSON,85,0.32585999369621277
Desharnais,6,FAABE_NO_PEARSON,86,0.32585999369621277
Desharnais,6,FAABE_NO_PEARSON,87,0.32585999369621277
Desharnais,6,FAABE_NO_PEARSON,88,0.32585999369621277
Desharnais,6,FAABE_NO_PEARSON,89,0.32585999369621277
Desharnais,6,FAABE_NO_PEARSON,90,0.32585999369621277
Desharnais,6,FAABE_NO_PEARSON,91,0.32585999369621277
Desharnais,6,FAABE_NO_PEARSON,92,0.32585999369621277
Desharnais,6,FAABE_NO_PEARSON,93,0.32585999369621277
Desharnais,6,FAABE_NO_PEARSON,94,0.32585999369621277
Desharnais,6,FAABE_NO_PEARSON,95,0.32585999369621277
Desharnais,6,FAABE_NO_PEARSON,96,0.32585999369621277
Desharnais,6,FAABE_NO_PEARSON,97,0.32585999369621277
Desharnais,6,FAABE_NO_PEARSON,98,0.32585999369621277
Desharnais,6,FAABE_NO_PEARSON,99,0.32585999369621277
Desharnais,6,FAABE_NO_PEARSON,100,0.32585999369621277
Desharnais,6,FAABE_NO_IWM,0,0.6284230947494507
Desharnais,6,FAABE_NO_IWM,1,0.5971845388412476
Desharnais,6,FAABE_NO_IWM,2,0.5544629096984863
Desharnais,6,FAABE_NO_IWM,3,0.5544629096984863
Desharnais,6,FAABE_NO_IWM,4,0.5544629096984863
Desharnais,6,FAABE_NO_IWM,5,0.5544629096984863
Desharnais,6,FAABE_NO_IWM,6,0.545593798160553
Desharnais,6,FAABE_NO_IWM,7,0.545593798160553
Desharnais,6,FAABE_NO_IWM,8,0.545593798160553
Desharnais,6,FAABE_NO_IWM,9,0.545593798160553
Desharnais,6,FAABE_NO_IWM,10,0.545593798160553
Desharnais,6,FAABE_NO_IWM,11,0.5447348952293396
Desharnais,6,FAABE_NO_IWM,12,0.5447348952293396
Desharnais,6,FAABE_NO_IWM,13,0.5447348952293396
Desharnais,6,FAABE_NO_IWM,14,0.5447348952293396
Desharnais,6,FAABE_NO_IWM,15,0.5447348952293396
Desharnais,6,FAABE_NO_IWM,16,0.5427829027175903
Desharnais,6,FAABE_NO_IWM,17,0.5427829027175903
Desharnais,6,FAABE_NO_IWM,18,0.5427829027175903
Desharnais,6,FAABE_NO_IWM,19,0.5427829027175903
Desharnais,6,FAABE_NO_IWM,20,0.5285319685935974
Desharnais,6,FAABE_NO_IWM,21,0.5285319685935974
Desharnais,6,FAABE_NO_IWM,22,0.5285319685935974
Desharnais,6,FAABE_NO_IWM,23,0.5285319685935974
Desharnais,6,FAABE_NO_IWM,24,0.5285319685935974
Desharnais,6,FAABE_NO_IWM,25,0.5285319685935974
Desharnais,6,FAABE_NO_IWM,26,0.5285319685935974
Desharnais,6,FAABE_NO_IWM,27,0.5285319685935974
Desharnais,6,FAABE_NO_IWM,28,0.5285319685935974
Desharnais,6,FAABE_NO_IWM,29,0.5285319685935974
Desharnais,6,FAABE_NO_IWM,30,0.5285319685935974
Desharnais,6,FAABE_NO_IWM,31,0.5285319685935974
Desharnais,6,FAABE_NO_IWM,32,0.5285319685935974
Desharnais,6,FAABE_NO_IWM,33,0.5285319685935974
Desharnais,6,FAABE_NO_IWM,34,0.5285319685935974
Desharnais,6,FAABE_NO_IWM,35,0.5285319685935974
Desharnais,6,FAABE_NO_IWM,36,0.5285319685935974
Desharnais,6,FAABE_NO_IWM,37,0.5285319685935974
Desharnais,6,FAABE_NO_IWM,38,0.5285319685935974
Desharnais,6,FAABE_NO_IWM,39,0.5285319685935974
Desharnais,6,FAABE_NO_IWM,40,0.5285319685935974
Desharnais,6,FAABE_NO_IWM,41,0.5285319685935974
Desharnais,6,FAABE_NO_IWM,42,0.5285319685935974
Desharnais,6,FAABE_NO_IWM,43,0.5285319685935974
Desharnais,6,FAABE_NO_IWM,44,0.5285319685935974
Desharnais,6,FAABE_NO_IWM,45,0.5285319685935974
Desharnais,6,FAABE_NO_IWM,46,0.5285319685935974
Desharnais,6,FAABE_NO_IWM,47,0.5285319685935974
Desharnais,6,FAABE_NO_IWM,48,0.5285319685935974
Desharnais,6,FAABE_NO_IWM,49,0.5285319685935974
Desharnais,6,FAABE_NO_IWM,50,0.5285319685935974
Desharnais,6,FAABE_NO_IWM,51,0.5285319685935974
Desharnais,6,FAABE_NO_IWM,52,0.5285319685935974
Desharnais,6,FAABE_NO_IWM,53,0.5285319685935974
Desharnais,6,FAABE_NO_IWM,54,0.5285319685935974
Desharnais,6,FAABE_NO_IWM,55,0.5285319685935974
Desharnais,6,FAABE_NO_IWM,56,0.5285319685935974
Desharnais,6,FAABE_NO_IWM,57,0.5285319685935974
Desharnais,6,FAABE_NO_IWM,58,0.5285319685935974
Desharnais,6,FAABE_NO_IWM,59,0.5285319685935974
Desharnais,6,FAABE_NO_IWM,60,0.5285319685935974
Desharnais,6,FAABE_NO_IWM,61,0.5285319685935974
Desharnais,6,FAABE_NO_IWM,62,0.5285319685935974
Desharnais,6,FAABE_NO_IWM,63,0.5285319685935974
Desharnais,6,FAABE_NO_IWM,64,0.5285319685935974
Desharnais,6,FAABE_NO_IWM,65,0.5285319685935974
Desharnais,6,FAABE_NO_IWM,66,0.5285319685935974
Desharnais,6,FAABE_NO_IWM,67,0.5285319685935974
Desharnais,6,FAABE_NO_IWM,68,0.5285319685935974
Desharnais,6,FAABE_NO_IWM,69,0.5285319685935974
Desharnais,6,FAABE_NO_IWM,70,0.5285319685935974
Desharnais,6,FAABE_NO_IWM,71,0.5285319685935974
Desharnais,6,FAABE_NO_IWM,72,0.5285319685935974
Desharnais,6,FAABE_NO_IWM,73,0.5285319685935974
Desharnais,6,FAABE_NO_IWM,74,0.5285319685935974
Desharnais,6,FAABE_NO_IWM,75,0.5285319685935974
Desharnais,6,FAABE_NO_IWM,76,0.5285319685935974
Desharnais,6,FAABE_NO_IWM,77,0.5285319685935974
Desharnais,6,FAABE_NO_IWM,78,0.5285319685935974
Desharnais,6,FAABE_NO_IWM,79,0.5285319685935974
Desharnais,6,FAABE_NO_IWM,80,0.5285319685935974
Desharnais,6,FAABE_NO_IWM,81,0.5285319685935974
Desharnais,6,FAABE_NO_IWM,82,0.5285319685935974
Desharnais,6,FAABE_NO_IWM,83,0.5285319685935974
Desharnais,6,FAABE_NO_IWM,84,0.5285319685935974
Desharnais,6,FAABE_NO_IWM,85,0.5285319685935974
Desharnais,6,FAABE_NO_IWM,86,0.5285319685935974
Desharnais,6,FAABE_NO_IWM,87,0.5285319685935974
Desharnais,6,FAABE_NO_IWM,88,0.5285319685935974
Desharnais,6,FAABE_NO_IWM,89,0.5285319685935974
Desharnais,6,FAABE_NO_IWM,90,0.5285319685935974
Desharnais,6,FAABE_NO_IWM,91,0.5285319685935974
Desharnais,6,FAABE_NO_IWM,92,0.5285319685935974
Desharnais,6,FAABE_NO_IWM,93,0.5285319685935974
Desharnais,6,FAABE_NO_IWM,94,0.5285319685935974
Desharnais,6,FAABE_NO_IWM,95,0.5285319685935974
Desharnais,6,FAABE_NO_IWM,96,0.5285319685935974
Desharnais,6,FAABE_NO_IWM,97,0.5285319685935974
Desharnais,6,FAABE_NO_IWM,98,0.5285319685935974
Desharnais,6,FAABE_NO_IWM,99,0.5285319685935974
Desharnais,6,FAABE_NO_IWM,100,0.5285319685935974
Desharnais,6,FAABE_FULL,0,0.6256189346313477
Desharnais,6,FAABE_FULL,1,0.6016496419906616
Desharnais,6,FAABE_FULL,2,0.5555300116539001
Desharnais,6,FAABE_FULL,3,0.5555300116539001
Desharnais,6,FAABE_FULL,4,0.5555300116539001
Desharnais,6,FAABE_FULL,5,0.5504635572433472
Desharnais,6,FAABE_FULL,6,0.5504635572433472
Desharnais,6,FAABE_FULL,7,0.5504635572433472
Desharnais,6,FAABE_FULL,8,0.5504635572433472
Desharnais,6,FAABE_FULL,9,0.5504635572433472
Desharnais,6,FAABE_FULL,10,0.5504635572433472
Desharnais,6,FAABE_FULL,11,0.5489188432693481
Desharnais,6,FAABE_FULL,12,0.5456521511077881
Desharnais,6,FAABE_FULL,13,0.5456521511077881
Desharnais,6,FAABE_FULL,14,0.5456521511077881
Desharnais,6,FAABE_FULL,15,0.5456521511077881
Desharnais,6,FAABE_FULL,16,0.5456521511077881
Desharnais,6,FAABE_FULL,17,0.5456521511077881
Desharnais,6,FAABE_FULL,18,0.5456521511077881
Desharnais,6,FAABE_FULL,19,0.5456521511077881
Desharnais,6,FAABE_FULL,20,0.5456521511077881
Desharnais,6,FAABE_FULL,21,0.5456521511077881
Desharnais,6,FAABE_FULL,22,0.5444799661636353
Desharnais,6,FAABE_FULL,23,0.5444799661636353
Desharnais,6,FAABE_FULL,24,0.5444799661636353
Desharnais,6,FAABE_FULL,25,0.5444799661636353
Desharnais,6,FAABE_FULL,26,0.5444799661636353
Desharnais,6,FAABE_FULL,27,0.5444799661636353
Desharnais,6,FAABE_FULL,28,0.5404151678085327
Desharnais,6,FAABE_FULL,29,0.5404151678085327
Desharnais,6,FAABE_FULL,30,0.5404151678085327
Desharnais,6,FAABE_FULL,31,0.5404151678085327
Desharnais,6,FAABE_FULL,32,0.5404151678085327
Desharnais,6,FAABE_FULL,33,0.5404151678085327
Desharnais,6,FAABE_FULL,34,0.5404151678085327
Desharnais,6,FAABE_FULL,35,0.5404151678085327
Desharnais,6,FAABE_FULL,36,0.5404151678085327
Desharnais,6,FAABE_FULL,37,0.5404151678085327
Desharnais,6,FAABE_FULL,38,0.5404151678085327
Desharnais,6,FAABE_FULL,39,0.5404151678085327
Desharnais,6,FAABE_FULL,40,0.5404151678085327
Desharnais,6,FAABE_FULL,41,0.5404151678085327
Desharnais,6,FAABE_FULL,42,0.5404151678085327
Desharnais,6,FAABE_FULL,43,0.5404151678085327
Desharnais,6,FAABE_FULL,44,0.5404151678085327
Desharnais,6,FAABE_FULL,45,0.5404151678085327
Desharnais,6,FAABE_FULL,46,0.5404151678085327
Desharnais,6,FAABE_FULL,47,0.5404151678085327
Desharnais,6,FAABE_FULL,48,0.5404151678085327
Desharnais,6,FAABE_FULL,49,0.5404151678085327
Desharnais,6,FAABE_FULL,50,0.5404151678085327
Desharnais,6,FAABE_FULL,51,0.5404151678085327
Desharnais,6,FAABE_FULL,52,0.5385410785675049
Desharnais,6,FAABE_FULL,53,0.5385410785675049
Desharnais,6,FAABE_FULL,54,0.5385410785675049
Desharnais,6,FAABE_FULL,55,0.5385410785675049
Desharnais,6,FAABE_FULL,56,0.5385410785675049
Desharnais,6,FAABE_FULL,57,0.5385410785675049
Desharnais,6,FAABE_FULL,58,0.5385410785675049
Desharnais,6,FAABE_FULL,59,0.5385410785675049
Desharnais,6,FAABE_FULL,60,0.5385410785675049
Desharnais,6,FAABE_FULL,61,0.5385410785675049
Desharnais,6,FAABE_FULL,62,0.5385410785675049
Desharnais,6,FAABE_FULL,63,0.5385410785675049
Desharnais,6,FAABE_FULL,64,0.5385410785675049
Desharnais,6,FAABE_FULL,65,0.5385410785675049
Desharnais,6,FAABE_FULL,66,0.5385410785675049
Desharnais,6,FAABE_FULL,67,0.5385410785675049
Desharnais,6,FAABE_FULL,68,0.5385410785675049
Desharnais,6,FAABE_FULL,69,0.5385410785675049
Desharnais,6,FAABE_FULL,70,0.5385410785675049
Desharnais,6,FAABE_FULL,71,0.5385410785675049
Desharnais,6,FAABE_FULL,72,0.5385410785675049
Desharnais,6,FAABE_FULL,73,0.5385410785675049
Desharnais,6,FAABE_FULL,74,0.5385410785675049
Desharnais,6,FAABE_FULL,75,0.5385410785675049
Desharnais,6,FAABE_FULL,76,0.5385410785675049
Desharnais,6,FAABE_FULL,77,0.5385410785675049
Desharnais,6,FAABE_FULL,78,0.5385410785675049
Desharnais,6,FAABE_FULL,79,0.5385410785675049
Desharnais,6,FAABE_FULL,80,0.5385410785675049
Desharnais,6,FAABE_FULL,81,0.5385410785675049
Desharnais,6,FAABE_FULL,82,0.5385410785675049
Desharnais,6,FAABE_FULL,83,0.5385410785675049
Desharnais,6,FAABE_FULL,84,0.5385410785675049
Desharnais,6,FAABE_FULL,85,0.5385410785675049
Desharnais,6,FAABE_FULL,86,0.5385410785675049
Desharnais,6,FAABE_FULL,87,0.5385410785675049
Desharnais,6,FAABE_FULL,88,0.5385410785675049
Desharnais,6,FAABE_FULL,89,0.5385410785675049
Desharnais,6,FAABE_FULL,90,0.5385410785675049
Desharnais,6,FAABE_FULL,91,0.5385410785675049
Desharnais,6,FAABE_FULL,92,0.5385410785675049
Desharnais,6,FAABE_FULL,93,0.5385410785675049
Desharnais,6,FAABE_FULL,94,0.5385410785675049
Desharnais,6,FAABE_FULL,95,0.5385410785675049
Desharnais,6,FAABE_FULL,96,0.5385410785675049
Desharnais,6,FAABE_FULL,97,0.5385410785675049
Desharnais,6,FAABE_FULL,98,0.5385410785675049
Desharnais,6,FAABE_FULL,99,0.5385410785675049
Desharnais,6,FAABE_FULL,100,0.5385410785675049
Desharnais,7,FAABE_NO_PEARSON,0,0.43196243047714233
Desharnais,7,FAABE_NO_PEARSON,1,0.407443642616272
Desharnais,7,FAABE_NO_PEARSON,2,0.3951910734176636
Desharnais,7,FAABE_NO_PEARSON,3,0.38382866978645325
Desharnais,7,FAABE_NO_PEARSON,4,0.3769133388996124
Desharnais,7,FAABE_NO_PEARSON,5,0.34898999333381653
Desharnais,7,FAABE_NO_PEARSON,6,0.34898999333381653
Desharnais,7,FAABE_NO_PEARSON,7,0.34898999333381653
Desharnais,7,FAABE_NO_PEARSON,8,0.34898999333381653
Desharnais,7,FAABE_NO_PEARSON,9,0.34898999333381653
Desharnais,7,FAABE_NO_PEARSON,10,0.34898999333381653
Desharnais,7,FAABE_NO_PEARSON,11,0.34898999333381653
Desharnais,7,FAABE_NO_PEARSON,12,0.34898999333381653
Desharnais,7,FAABE_NO_PEARSON,13,0.34898999333381653
Desharnais,7,FAABE_NO_PEARSON,14,0.345473974943161
Desharnais,7,FAABE_NO_PEARSON,15,0.345473974943161
Desharnais,7,FAABE_NO_PEARSON,16,0.345473974943161
Desharnais,7,FAABE_NO_PEARSON,17,0.345473974943161
Desharnais,7,FAABE_NO_PEARSON,18,0.345473974943161
Desharnais,7,FAABE_NO_PEARSON,19,0.345473974943161
Desharnais,7,FAABE_NO_PEARSON,20,0.345473974943161
Desharnais,7,FAABE_NO_PEARSON,21,0.345473974943161
Desharnais,7,FAABE_NO_PEARSON,22,0.345473974943161
Desharnais,7,FAABE_NO_PEARSON,23,0.345473974943161
Desharnais,7,FAABE_NO_PEARSON,24,0.345473974943161
Desharnais,7,FAABE_NO_PEARSON,25,0.345473974943161
Desharnais,7,FAABE_NO_PEARSON,26,0.345473974943161
Desharnais,7,FAABE_NO_PEARSON,27,0.34522831439971924
Desharnais,7,FAABE_NO_PEARSON,28,0.34522831439971924
Desharnais,7,FAABE_NO_PEARSON,29,0.34522831439971924
Desharnais,7,FAABE_NO_PEARSON,30,0.34522831439971924
Desharnais,7,FAABE_NO_PEARSON,31,0.34522831439971924
Desharnais,7,FAABE_NO_PEARSON,32,0.34522831439971924
Desharnais,7,FAABE_NO_PEARSON,33,0.342177152633667
Desharnais,7,FAABE_NO_PEARSON,34,0.342177152633667
Desharnais,7,FAABE_NO_PEARSON,35,0.342177152633667
Desharnais,7,FAABE_NO_PEARSON,36,0.342177152633667
Desharnais,7,FAABE_NO_PEARSON,37,0.342177152633667
Desharnais,7,FAABE_NO_PEARSON,38,0.3401447534561157
Desharnais,7,FAABE_NO_PEARSON,39,0.3401447534561157
Desharnais,7,FAABE_NO_PEARSON,40,0.3401447534561157
Desharnais,7,FAABE_NO_PEARSON,41,0.3401447534561157
Desharnais,7,FAABE_NO_PEARSON,42,0.3401447534561157
Desharnais,7,FAABE_NO_PEARSON,43,0.3401447534561157
Desharnais,7,FAABE_NO_PEARSON,44,0.3401447534561157
Desharnais,7,FAABE_NO_PEARSON,45,0.3401447534561157
Desharnais,7,FAABE_NO_PEARSON,46,0.3401447534561157
Desharnais,7,FAABE_NO_PEARSON,47,0.3401447534561157
Desharnais,7,FAABE_NO_PEARSON,48,0.3401447534561157
Desharnais,7,FAABE_NO_PEARSON,49,0.3401447534561157
Desharnais,7,FAABE_NO_PEARSON,50,0.3401447534561157
Desharnais,7,FAABE_NO_PEARSON,51,0.3401447534561157
Desharnais,7,FAABE_NO_PEARSON,52,0.3401447534561157
Desharnais,7,FAABE_NO_PEARSON,53,0.3401447534561157
Desharnais,7,FAABE_NO_PEARSON,54,0.3401447534561157
Desharnais,7,FAABE_NO_PEARSON,55,0.3401447534561157
Desharnais,7,FAABE_NO_PEARSON,56,0.3401447534561157
Desharnais,7,FAABE_NO_PEARSON,57,0.3401447534561157
Desharnais,7,FAABE_NO_PEARSON,58,0.3401447534561157
Desharnais,7,FAABE_NO_PEARSON,59,0.3401447534561157
Desharnais,7,FAABE_NO_PEARSON,60,0.3401447534561157
Desharnais,7,FAABE_NO_PEARSON,61,0.3401447534561157
Desharnais,7,FAABE_NO_PEARSON,62,0.3401447534561157
Desharnais,7,FAABE_NO_PEARSON,63,0.3401447534561157
Desharnais,7,FAABE_NO_PEARSON,64,0.3401447534561157
Desharnais,7,FAABE_NO_PEARSON,65,0.3401447534561157
Desharnais,7,FAABE_NO_PEARSON,66,0.3401447534561157
Desharnais,7,FAABE_NO_PEARSON,67,0.3401447534561157
Desharnais,7,FAABE_NO_PEARSON,68,0.3401447534561157
Desharnais,7,FAABE_NO_PEARSON,69,0.3401447534561157
Desharnais,7,FAABE_NO_PEARSON,70,0.3401447534561157
Desharnais,7,FAABE_NO_PEARSON,71,0.3401447534561157
Desharnais,7,FAABE_NO_PEARSON,72,0.3401447534561157
Desharnais,7,FAABE_NO_PEARSON,73,0.3401447534561157
Desharnais,7,FAABE_NO_PEARSON,74,0.3401447534561157
Desharnais,7,FAABE_NO_PEARSON,75,0.3401447534561157
Desharnais,7,FAABE_NO_PEARSON,76,0.3401447534561157
Desharnais,7,FAABE_NO_PEARSON,77,0.3401447534561157
Desharnais,7,FAABE_NO_PEARSON,78,0.3401447534561157
Desharnais,7,FAABE_NO_PEARSON,79,0.3401447534561157
Desharnais,7,FAABE_NO_PEARSON,80,0.3401447534561157
Desharnais,7,FAABE_NO_PEARSON,81,0.3401447534561157
Desharnais,7,FAABE_NO_PEARSON,82,0.3401447534561157
Desharnais,7,FAABE_NO_PEARSON,83,0.3401447534561157
Desharnais,7,FAABE_NO_PEARSON,84,0.3401447534561157
Desharnais,7,FAABE_NO_PEARSON,85,0.3401447534561157
Desharnais,7,FAABE_NO_PEARSON,86,0.33608847856521606
Desharnais,7,FAABE_NO_PEARSON,87,0.33608847856521606
Desharnais,7,FAABE_NO_PEARSON,88,0.33608847856521606
Desharnais,7,FAABE_NO_PEARSON,89,0.33608847856521606
Desharnais,7,FAABE_NO_PEARSON,90,0.33608847856521606
Desharnais,7,FAABE_NO_PEARSON,91,0.33608847856521606
Desharnais,7,FAABE_NO_PEARSON,92,0.33608847856521606
Desharnais,7,FAABE_NO_PEARSON,93,0.33608847856521606
Desharnais,7,FAABE_NO_PEARSON,94,0.33608847856521606
Desharnais,7,FAABE_NO_PEARSON,95,0.33608847856521606
Desharnais,7,FAABE_NO_PEARSON,96,0.33608847856521606
Desharnais,7,FAABE_NO_PEARSON,97,0.33608847856521606
Desharnais,7,FAABE_NO_PEARSON,98,0.33608847856521606
Desharnais,7,FAABE_NO_PEARSON,99,0.33608847856521606
Desharnais,7,FAABE_NO_PEARSON,100,0.33608847856521606
Desharnais,7,FAABE_NO_IWM,0,0.4185806214809418
Desharnais,7,FAABE_NO_IWM,1,0.3733832538127899
Desharnais,7,FAABE_NO_IWM,2,0.3733832538127899
Desharnais,7,FAABE_NO_IWM,3,0.3733832538127899
Desharnais,7,FAABE_NO_IWM,4,0.3733832538127899
Desharnais,7,FAABE_NO_IWM,5,0.3733832538127899
Desharnais,7,FAABE_NO_IWM,6,0.3733832538127899
Desharnais,7,FAABE_NO_IWM,7,0.3733832538127899
Desharnais,7,FAABE_NO_IWM,8,0.3733832538127899
Desharnais,7,FAABE_NO_IWM,9,0.35149362683296204
Desharnais,7,FAABE_NO_IWM,10,0.34813085198402405
Desharnais,7,FAABE_NO_IWM,11,0.3424934446811676
Desharnais,7,FAABE_NO_IWM,12,0.3416382074356079
Desharnais,7,FAABE_NO_IWM,13,0.3416382074356079
Desharnais,7,FAABE_NO_IWM,14,0.3416382074356079
Desharnais,7,FAABE_NO_IWM,15,0.3416382074356079
Desharnais,7,FAABE_NO_IWM,16,0.3416382074356079
Desharnais,7,FAABE_NO_IWM,17,0.3416382074356079
Desharnais,7,FAABE_NO_IWM,18,0.3416382074356079
Desharnais,7,FAABE_NO_IWM,19,0.3416382074356079
Desharnais,7,FAABE_NO_IWM,20,0.3416382074356079
Desharnais,7,FAABE_NO_IWM,21,0.3416382074356079
Desharnais,7,FAABE_NO_IWM,22,0.3416382074356079
Desharnais,7,FAABE_NO_IWM,23,0.3416382074356079
Desharnais,7,FAABE_NO_IWM,24,0.3416382074356079
Desharnais,7,FAABE_NO_IWM,25,0.3416382074356079
Desharnais,7,FAABE_NO_IWM,26,0.3416382074356079
Desharnais,7,FAABE_NO_IWM,27,0.3398416340351105
Desharnais,7,FAABE_NO_IWM,28,0.3398416340351105
Desharnais,7,FAABE_NO_IWM,29,0.3398416340351105
Desharnais,7,FAABE_NO_IWM,30,0.33548834919929504
Desharnais,7,FAABE_NO_IWM,31,0.33548834919929504
Desharnais,7,FAABE_NO_IWM,32,0.33548834919929504
Desharnais,7,FAABE_NO_IWM,33,0.33548834919929504
Desharnais,7,FAABE_NO_IWM,34,0.33548834919929504
Desharnais,7,FAABE_NO_IWM,35,0.33548834919929504
Desharnais,7,FAABE_NO_IWM,36,0.33548834919929504
Desharnais,7,FAABE_NO_IWM,37,0.33548834919929504
Desharnais,7,FAABE_NO_IWM,38,0.33548834919929504
Desharnais,7,FAABE_NO_IWM,39,0.33548834919929504
Desharnais,7,FAABE_NO_IWM,40,0.33548834919929504
Desharnais,7,FAABE_NO_IWM,41,0.33451518416404724
Desharnais,7,FAABE_NO_IWM,42,0.33451518416404724
Desharnais,7,FAABE_NO_IWM,43,0.33451518416404724
Desharnais,7,FAABE_NO_IWM,44,0.33451518416404724
Desharnais,7,FAABE_NO_IWM,45,0.33451518416404724
Desharnais,7,FAABE_NO_IWM,46,0.33451518416404724
Desharnais,7,FAABE_NO_IWM,47,0.33451518416404724
Desharnais,7,FAABE_NO_IWM,48,0.33451518416404724
Desharnais,7,FAABE_NO_IWM,49,0.33451518416404724
Desharnais,7,FAABE_NO_IWM,50,0.33451518416404724
Desharnais,7,FAABE_NO_IWM,51,0.33451518416404724
Desharnais,7,FAABE_NO_IWM,52,0.33451518416404724
Desharnais,7,FAABE_NO_IWM,53,0.3315943479537964
Desharnais,7,FAABE_NO_IWM,54,0.3315943479537964
Desharnais,7,FAABE_NO_IWM,55,0.3315943479537964
Desharnais,7,FAABE_NO_IWM,56,0.3315943479537964
Desharnais,7,FAABE_NO_IWM,57,0.3315943479537964
Desharnais,7,FAABE_NO_IWM,58,0.3315943479537964
Desharnais,7,FAABE_NO_IWM,59,0.3315943479537964
Desharnais,7,FAABE_NO_IWM,60,0.3315943479537964
Desharnais,7,FAABE_NO_IWM,61,0.3315943479537964
Desharnais,7,FAABE_NO_IWM,62,0.3315943479537964
Desharnais,7,FAABE_NO_IWM,63,0.3315943479537964
Desharnais,7,FAABE_NO_IWM,64,0.3315943479537964
Desharnais,7,FAABE_NO_IWM,65,0.326295405626297
Desharnais,7,FAABE_NO_IWM,66,0.326295405626297
Desharnais,7,FAABE_NO_IWM,67,0.326295405626297
Desharnais,7,FAABE_NO_IWM,68,0.326295405626297
Desharnais,7,FAABE_NO_IWM,69,0.326295405626297
Desharnais,7,FAABE_NO_IWM,70,0.326295405626297
Desharnais,7,FAABE_NO_IWM,71,0.326295405626297
Desharnais,7,FAABE_NO_IWM,72,0.326295405626297
Desharnais,7,FAABE_NO_IWM,73,0.326295405626297
Desharnais,7,FAABE_NO_IWM,74,0.326295405626297
Desharnais,7,FAABE_NO_IWM,75,0.326295405626297
Desharnais,7,FAABE_NO_IWM,76,0.326295405626297
Desharnais,7,FAABE_NO_IWM,77,0.326295405626297
Desharnais,7,FAABE_NO_IWM,78,0.326295405626297
Desharnais,7,FAABE_NO_IWM,79,0.326295405626297
Desharnais,7,FAABE_NO_IWM,80,0.326295405626297
Desharnais,7,FAABE_NO_IWM,81,0.326295405626297
Desharnais,7,FAABE_NO_IWM,82,0.326295405626297
Desharnais,7,FAABE_NO_IWM,83,0.326295405626297
Desharnais,7,FAABE_NO_IWM,84,0.326295405626297
Desharnais,7,FAABE_NO_IWM,85,0.326295405626297
Desharnais,7,FAABE_NO_IWM,86,0.326295405626297
Desharnais,7,FAABE_NO_IWM,87,0.326295405626297
Desharnais,7,FAABE_NO_IWM,88,0.326295405626297
Desharnais,7,FAABE_NO_IWM,89,0.326295405626297
Desharnais,7,FAABE_NO_IWM,90,0.326295405626297
Desharnais,7,FAABE_NO_IWM,91,0.326295405626297
Desharnais,7,FAABE_NO_IWM,92,0.326295405626297
Desharnais,7,FAABE_NO_IWM,93,0.326295405626297
Desharnais,7,FAABE_NO_IWM,94,0.326295405626297
Desharnais,7,FAABE_NO_IWM,95,0.326295405626297
Desharnais,7,FAABE_NO_IWM,96,0.326295405626297
Desharnais,7,FAABE_NO_IWM,97,0.326295405626297
Desharnais,7,FAABE_NO_IWM,98,0.326295405626297
Desharnais,7,FAABE_NO_IWM,99,0.326295405626297
Desharnais,7,FAABE_NO_IWM,100,0.326295405626297
Desharnais,7,FAABE_FULL,0,0.39619016647338867
Desharnais,7,FAABE_FULL,1,0.3893885016441345
Desharnais,7,FAABE_FULL,2,0.3893885016441345
Desharnais,7,FAABE_FULL,3,0.3893885016441345
Desharnais,7,FAABE_FULL,4,0.3893885016441345
Desharnais,7,FAABE_FULL,5,0.3893885016441345
Desharnais,7,FAABE_FULL,6,0.38243186473846436
Desharnais,7,FAABE_FULL,7,0.3465375006198883
Desharnais,7,FAABE_FULL,8,0.3385920524597168
Desharnais,7,FAABE_FULL,9,0.3385920524597168
Desharnais,7,FAABE_FULL,10,0.3385920524597168
Desharnais,7,FAABE_FULL,11,0.3385920524597168
Desharnais,7,FAABE_FULL,12,0.3385920524597168
Desharnais,7,FAABE_FULL,13,0.33198538422584534
Desharnais,7,FAABE_FULL,14,0.33198538422584534
Desharnais,7,FAABE_FULL,15,0.33198538422584534
Desharnais,7,FAABE_FULL,16,0.33198538422584534
Desharnais,7,FAABE_FULL,17,0.33198538422584534
Desharnais,7,FAABE_FULL,18,0.33198538422584534
Desharnais,7,FAABE_FULL,19,0.33198538422584534
Desharnais,7,FAABE_FULL,20,0.33198538422584534
Desharnais,7,FAABE_FULL,21,0.33198538422584534
Desharnais,7,FAABE_FULL,22,0.33198538422584534
Desharnais,7,FAABE_FULL,23,0.33198538422584534
Desharnais,7,FAABE_FULL,24,0.33198538422584534
Desharnais,7,FAABE_FULL,25,0.33198538422584534
Desharnais,7,FAABE_FULL,26,0.33198538422584534
Desharnais,7,FAABE_FULL,27,0.33198538422584534
Desharnais,7,FAABE_FULL,28,0.33198538422584534
Desharnais,7,FAABE_FULL,29,0.33198538422584534
Desharnais,7,FAABE_FULL,30,0.33198538422584534
Desharnais,7,FAABE_FULL,31,0.33198538422584534
Desharnais,7,FAABE_FULL,32,0.33198538422584534
Desharnais,7,FAABE_FULL,33,0.33198538422584534
Desharnais,7,FAABE_FULL,34,0.33198538422584534
Desharnais,7,FAABE_FULL,35,0.33198538422584534
Desharnais,7,FAABE_FULL,36,0.33198538422584534
Desharnais,7,FAABE_FULL,37,0.33198538422584534
Desharnais,7,FAABE_FULL,38,0.33198538422584534
Desharnais,7,FAABE_FULL,39,0.33198538422584534
Desharnais,7,FAABE_FULL,40,0.33198538422584534
Desharnais,7,FAABE_FULL,41,0.33198538422584534
Desharnais,7,FAABE_FULL,42,0.33198538422584534
Desharnais,7,FAABE_FULL,43,0.33198538422584534
Desharnais,7,FAABE_FULL,44,0.33198538422584534
Desharnais,7,FAABE_FULL,45,0.33198538422584534
Desharnais,7,FAABE_FULL,46,0.33198538422584534
Desharnais,7,FAABE_FULL,47,0.33198538422584534
Desharnais,7,FAABE_FULL,48,0.33198538422584534
Desharnais,7,FAABE_FULL,49,0.33198538422584534
Desharnais,7,FAABE_FULL,50,0.33198538422584534
Desharnais,7,FAABE_FULL,51,0.33198538422584534
Desharnais,7,FAABE_FULL,52,0.33198538422584534
Desharnais,7,FAABE_FULL,53,0.33198538422584534
Desharnais,7,FAABE_FULL,54,0.33198538422584534
Desharnais,7,FAABE_FULL,55,0.33198538422584534
Desharnais,7,FAABE_FULL,56,0.33198538422584534
Desharnais,7,FAABE_FULL,57,0.33198538422584534
Desharnais,7,FAABE_FULL,58,0.33198538422584534
Desharnais,7,FAABE_FULL,59,0.33198538422584534
Desharnais,7,FAABE_FULL,60,0.33198538422584534
Desharnais,7,FAABE_FULL,61,0.33198538422584534
Desharnais,7,FAABE_FULL,62,0.33198538422584534
Desharnais,7,FAABE_FULL,63,0.33198538422584534
Desharnais,7,FAABE_FULL,64,0.33198538422584534
Desharnais,7,FAABE_FULL,65,0.33198538422584534
Desharnais,7,FAABE_FULL,66,0.33198538422584534
Desharnais,7,FAABE_FULL,67,0.33198538422584534
Desharnais,7,FAABE_FULL,68,0.33198538422584534
Desharnais,7,FAABE_FULL,69,0.33198538422584534
Desharnais,7,FAABE_FULL,70,0.33198538422584534
Desharnais,7,FAABE_FULL,71,0.33198538422584534
Desharnais,7,FAABE_FULL,72,0.33198538422584534
Desharnais,7,FAABE_FULL,73,0.33198538422584534
Desharnais,7,FAABE_FULL,74,0.33198538422584534
Desharnais,7,FAABE_FULL,75,0.33198538422584534
Desharnais,7,FAABE_FULL,76,0.33198538422584534
Desharnais,7,FAABE_FULL,77,0.33198538422584534
Desharnais,7,FAABE_FULL,78,0.33198538422584534
Desharnais,7,FAABE_FULL,79,0.33198538422584534
Desharnais,7,FAABE_FULL,80,0.33198538422584534
Desharnais,7,FAABE_FULL,81,0.33198538422584534
Desharnais,7,FAABE_FULL,82,0.33198538422584534
Desharnais,7,FAABE_FULL,83,0.33198538422584534
Desharnais,7,FAABE_FULL,84,0.33198538422584534
Desharnais,7,FAABE_FULL,85,0.33198538422584534
Desharnais,7,FAABE_FULL,86,0.33198538422584534
Desharnais,7,FAABE_FULL,87,0.33198538422584534
Desharnais,7,FAABE_FULL,88,0.33198538422584534
Desharnais,7,FAABE_FULL,89,0.33198538422584534
Desharnais,7,FAABE_FULL,90,0.33198538422584534
Desharnais,7,FAABE_FULL,91,0.33198538422584534
Desharnais,7,FAABE_FULL,92,0.33198538422584534
Desharnais,7,FAABE_FULL,93,0.33198538422584534
Desharnais,7,FAABE_FULL,94,0.33198538422584534
Desharnais,7,FAABE_FULL,95,0.33198538422584534
Desharnais,7,FAABE_FULL,96,0.33198538422584534
Desharnais,7,FAABE_FULL,97,0.33198538422584534
Desharnais,7,FAABE_FULL,98,0.33198538422584534
Desharnais,7,FAABE_FULL,99,0.33198538422584534
Desharnais,7,FAABE_FULL,100,0.3315359950065613
Desharnais,8,FAABE_NO_PEARSON,0,0.44870418310165405
Desharnais,8,FAABE_NO_PEARSON,1,0.40017998218536377
Desharnais,8,FAABE_NO_PEARSON,2,0.396625816822052
Desharnais,8,FAABE_NO_PEARSON,3,0.3850579261779785
Desharnais,8,FAABE_NO_PEARSON,4,0.3850579261779785
Desharnais,8,FAABE_NO_PEARSON,5,0.3850579261779785
Desharnais,8,FAABE_NO_PEARSON,6,0.3850579261779785
Desharnais,8,FAABE_NO_PEARSON,7,0.3850579261779785
Desharnais,8,FAABE_NO_PEARSON,8,0.3850579261779785
Desharnais,8,FAABE_NO_PEARSON,9,0.3850579261779785
Desharnais,8,FAABE_NO_PEARSON,10,0.3850579261779785
Desharnais,8,FAABE_NO_PEARSON,11,0.3850579261779785
Desharnais,8,FAABE_NO_PEARSON,12,0.3850579261779785
Desharnais,8,FAABE_NO_PEARSON,13,0.3850579261779785
Desharnais,8,FAABE_NO_PEARSON,14,0.37710240483283997
Desharnais,8,FAABE_NO_PEARSON,15,0.37710240483283997
Desharnais,8,FAABE_NO_PEARSON,16,0.37710240483283997
Desharnais,8,FAABE_NO_PEARSON,17,0.37710240483283997
Desharnais,8,FAABE_NO_PEARSON,18,0.3689842224121094
Desharnais,8,FAABE_NO_PEARSON,19,0.3689842224121094
Desharnais,8,FAABE_NO_PEARSON,20,0.3689842224121094
Desharnais,8,FAABE_NO_PEARSON,21,0.3689842224121094
Desharnais,8,FAABE_NO_PEARSON,22,0.3689842224121094
Desharnais,8,FAABE_NO_PEARSON,23,0.3689842224121094
Desharnais,8,FAABE_NO_PEARSON,24,0.3689842224121094
Desharnais,8,FAABE_NO_PEARSON,25,0.3689842224121094
Desharnais,8,FAABE_NO_PEARSON,26,0.3689842224121094
Desharnais,8,FAABE_NO_PEARSON,27,0.3689842224121094
Desharnais,8,FAABE_NO_PEARSON,28,0.3689842224121094
Desharnais,8,FAABE_NO_PEARSON,29,0.3689842224121094
Desharnais,8,FAABE_NO_PEARSON,30,0.3689842224121094
Desharnais,8,FAABE_NO_PEARSON,31,0.3689842224121094
Desharnais,8,FAABE_NO_PEARSON,32,0.36638906598091125
Desharnais,8,FAABE_NO_PEARSON,33,0.36638906598091125
Desharnais,8,FAABE_NO_PEARSON,34,0.36638906598091125
Desharnais,8,FAABE_NO_PEARSON,35,0.36638906598091125
Desharnais,8,FAABE_NO_PEARSON,36,0.36638906598091125
Desharnais,8,FAABE_NO_PEARSON,37,0.36638906598091125
Desharnais,8,FAABE_NO_PEARSON,38,0.36638906598091125
Desharnais,8,FAABE_NO_PEARSON,39,0.36638906598091125
Desharnais,8,FAABE_NO_PEARSON,40,0.36638906598091125
Desharnais,8,FAABE_NO_PEARSON,41,0.36638906598091125
Desharnais,8,FAABE_NO_PEARSON,42,0.36638906598091125
Desharnais,8,FAABE_NO_PEARSON,43,0.36638906598091125
Desharnais,8,FAABE_NO_PEARSON,44,0.36638906598091125
Desharnais,8,FAABE_NO_PEARSON,45,0.36638906598091125
Desharnais,8,FAABE_NO_PEARSON,46,0.36638906598091125
Desharnais,8,FAABE_NO_PEARSON,47,0.36638906598091125
Desharnais,8,FAABE_NO_PEARSON,48,0.36638906598091125
Desharnais,8,FAABE_NO_PEARSON,49,0.36638906598091125
Desharnais,8,FAABE_NO_PEARSON,50,0.36638906598091125
Desharnais,8,FAABE_NO_PEARSON,51,0.36638906598091125
Desharnais,8,FAABE_NO_PEARSON,52,0.36638906598091125
Desharnais,8,FAABE_NO_PEARSON,53,0.36638906598091125
Desharnais,8,FAABE_NO_PEARSON,54,0.36638906598091125
Desharnais,8,FAABE_NO_PEARSON,55,0.36638906598091125
Desharnais,8,FAABE_NO_PEARSON,56,0.36638906598091125
Desharnais,8,FAABE_NO_PEARSON,57,0.36638906598091125
Desharnais,8,FAABE_NO_PEARSON,58,0.36638906598091125
Desharnais,8,FAABE_NO_PEARSON,59,0.36638906598091125
Desharnais,8,FAABE_NO_PEARSON,60,0.36638906598091125
Desharnais,8,FAABE_NO_PEARSON,61,0.36638906598091125
Desharnais,8,FAABE_NO_PEARSON,62,0.36638906598091125
Desharnais,8,FAABE_NO_PEARSON,63,0.36638906598091125
Desharnais,8,FAABE_NO_PEARSON,64,0.36638906598091125
Desharnais,8,FAABE_NO_PEARSON,65,0.36638906598091125
Desharnais,8,FAABE_NO_PEARSON,66,0.36638906598091125
Desharnais,8,FAABE_NO_PEARSON,67,0.36638906598091125
Desharnais,8,FAABE_NO_PEARSON,68,0.36638906598091125
Desharnais,8,FAABE_NO_PEARSON,69,0.36638906598091125
Desharnais,8,FAABE_NO_PEARSON,70,0.36638906598091125
Desharnais,8,FAABE_NO_PEARSON,71,0.36638906598091125
Desharnais,8,FAABE_NO_PEARSON,72,0.36638906598091125
Desharnais,8,FAABE_NO_PEARSON,73,0.36638906598091125
Desharnais,8,FAABE_NO_PEARSON,74,0.36638906598091125
Desharnais,8,FAABE_NO_PEARSON,75,0.36638906598091125
Desharnais,8,FAABE_NO_PEARSON,76,0.36638906598091125
Desharnais,8,FAABE_NO_PEARSON,77,0.36638906598091125
Desharnais,8,FAABE_NO_PEARSON,78,0.36638906598091125
Desharnais,8,FAABE_NO_PEARSON,79,0.36638906598091125
Desharnais,8,FAABE_NO_PEARSON,80,0.36638906598091125
Desharnais,8,FAABE_NO_PEARSON,81,0.36638906598091125
Desharnais,8,FAABE_NO_PEARSON,82,0.36638906598091125
Desharnais,8,FAABE_NO_PEARSON,83,0.36638906598091125
Desharnais,8,FAABE_NO_PEARSON,84,0.36638906598091125
Desharnais,8,FAABE_NO_PEARSON,85,0.36638906598091125
Desharnais,8,FAABE_NO_PEARSON,86,0.36638906598091125
Desharnais,8,FAABE_NO_PEARSON,87,0.36638906598091125
Desharnais,8,FAABE_NO_PEARSON,88,0.36638906598091125
Desharnais,8,FAABE_NO_PEARSON,89,0.36638906598091125
Desharnais,8,FAABE_NO_PEARSON,90,0.36638906598091125
Desharnais,8,FAABE_NO_PEARSON,91,0.36638906598091125
Desharnais,8,FAABE_NO_PEARSON,92,0.36638906598091125
Desharnais,8,FAABE_NO_PEARSON,93,0.36638906598091125
Desharnais,8,FAABE_NO_PEARSON,94,0.36638906598091125
Desharnais,8,FAABE_NO_PEARSON,95,0.36638906598091125
Desharnais,8,FAABE_NO_PEARSON,96,0.36638906598091125
Desharnais,8,FAABE_NO_PEARSON,97,0.36638906598091125
Desharnais,8,FAABE_NO_PEARSON,98,0.36638906598091125
Desharnais,8,FAABE_NO_PEARSON,99,0.36638906598091125
Desharnais,8,FAABE_NO_PEARSON,100,0.36638906598091125
Desharnais,8,FAABE_NO_IWM,0,0.6103329658508301
Desharnais,8,FAABE_NO_IWM,1,0.6069901585578918
Desharnais,8,FAABE_NO_IWM,2,0.6069901585578918
Desharnais,8,FAABE_NO_IWM,3,0.6069901585578918
Desharnais,8,FAABE_NO_IWM,4,0.6012189388275146
Desharnais,8,FAABE_NO_IWM,5,0.6004301309585571
Desharnais,8,FAABE_NO_IWM,6,0.597255527973175
Desharnais,8,FAABE_NO_IWM,7,0.5913647413253784
Desharnais,8,FAABE_NO_IWM,8,0.5602729916572571
Desharnais,8,FAABE_NO_IWM,9,0.5602729916572571
Desharnais,8,FAABE_NO_IWM,10,0.5602729916572571
Desharnais,8,FAABE_NO_IWM,11,0.5602729916572571
Desharnais,8,FAABE_NO_IWM,12,0.5602729916572571
Desharnais,8,FAABE_NO_IWM,13,0.5602729916572571
Desharnais,8,FAABE_NO_IWM,14,0.5588183403015137
Desharnais,8,FAABE_NO_IWM,15,0.5588183403015137
Desharnais,8,FAABE_NO_IWM,16,0.5464871525764465
Desharnais,8,FAABE_NO_IWM,17,0.5464871525764465
Desharnais,8,FAABE_NO_IWM,18,0.5464871525764465
Desharnais,8,FAABE_NO_IWM,19,0.5464871525764465
Desharnais,8,FAABE_NO_IWM,20,0.5464871525764465
Desharnais,8,FAABE_NO_IWM,21,0.5464871525764465
Desharnais,8,FAABE_NO_IWM,22,0.5464871525764465
Desharnais,8,FAABE_NO_IWM,23,0.5464871525764465
Desharnais,8,FAABE_NO_IWM,24,0.5464871525764465
Desharnais,8,FAABE_NO_IWM,25,0.5464871525764465
Desharnais,8,FAABE_NO_IWM,26,0.5464871525764465
Desharnais,8,FAABE_NO_IWM,27,0.5464871525764465
Desharnais,8,FAABE_NO_IWM,28,0.5464871525764465
Desharnais,8,FAABE_NO_IWM,29,0.5464871525764465
Desharnais,8,FAABE_NO_IWM,30,0.5464871525764465
Desharnais,8,FAABE_NO_IWM,31,0.5464871525764465
Desharnais,8,FAABE_NO_IWM,32,0.5464871525764465
Desharnais,8,FAABE_NO_IWM,33,0.5464871525764465
Desharnais,8,FAABE_NO_IWM,34,0.5464871525764465
Desharnais,8,FAABE_NO_IWM,35,0.5464871525764465
Desharnais,8,FAABE_NO_IWM,36,0.5464871525764465
Desharnais,8,FAABE_NO_IWM,37,0.5464871525764465
Desharnais,8,FAABE_NO_IWM,38,0.5464871525764465
Desharnais,8,FAABE_NO_IWM,39,0.5464871525764465
Desharnais,8,FAABE_NO_IWM,40,0.5464871525764465
Desharnais,8,FAABE_NO_IWM,41,0.5464871525764465
Desharnais,8,FAABE_NO_IWM,42,0.5464871525764465
Desharnais,8,FAABE_NO_IWM,43,0.5464871525764465
Desharnais,8,FAABE_NO_IWM,44,0.5464871525764465
Desharnais,8,FAABE_NO_IWM,45,0.5464871525764465
Desharnais,8,FAABE_NO_IWM,46,0.5464871525764465
Desharnais,8,FAABE_NO_IWM,47,0.5464871525764465
Desharnais,8,FAABE_NO_IWM,48,0.5464871525764465
Desharnais,8,FAABE_NO_IWM,49,0.5464871525764465
Desharnais,8,FAABE_NO_IWM,50,0.5464871525764465
Desharnais,8,FAABE_NO_IWM,51,0.5459097027778625
Desharnais,8,FAABE_NO_IWM,52,0.5459097027778625
Desharnais,8,FAABE_NO_IWM,53,0.5459097027778625
Desharnais,8,FAABE_NO_IWM,54,0.5459097027778625
Desharnais,8,FAABE_NO_IWM,55,0.5459097027778625
Desharnais,8,FAABE_NO_IWM,56,0.5459097027778625
Desharnais,8,FAABE_NO_IWM,57,0.5459097027778625
Desharnais,8,FAABE_NO_IWM,58,0.5459097027778625
Desharnais,8,FAABE_NO_IWM,59,0.5459097027778625
Desharnais,8,FAABE_NO_IWM,60,0.5459097027778625
Desharnais,8,FAABE_NO_IWM,61,0.5459097027778625
Desharnais,8,FAABE_NO_IWM,62,0.5406017303466797
Desharnais,8,FAABE_NO_IWM,63,0.5406017303466797
Desharnais,8,FAABE_NO_IWM,64,0.5406017303466797
Desharnais,8,FAABE_NO_IWM,65,0.5406017303466797
Desharnais,8,FAABE_NO_IWM,66,0.5406017303466797
Desharnais,8,FAABE_NO_IWM,67,0.5406017303466797
Desharnais,8,FAABE_NO_IWM,68,0.5406017303466797
Desharnais,8,FAABE_NO_IWM,69,0.5406017303466797
Desharnais,8,FAABE_NO_IWM,70,0.5406017303466797
Desharnais,8,FAABE_NO_IWM,71,0.5406017303466797
Desharnais,8,FAABE_NO_IWM,72,0.5406017303466797
Desharnais,8,FAABE_NO_IWM,73,0.5406017303466797
Desharnais,8,FAABE_NO_IWM,74,0.5406017303466797
Desharnais,8,FAABE_NO_IWM,75,0.5406017303466797
Desharnais,8,FAABE_NO_IWM,76,0.5397230386734009
Desharnais,8,FAABE_NO_IWM,77,0.5397230386734009
Desharnais,8,FAABE_NO_IWM,78,0.532917320728302
Desharnais,8,FAABE_NO_IWM,79,0.532917320728302
Desharnais,8,FAABE_NO_IWM,80,0.532917320728302
Desharnais,8,FAABE_NO_IWM,81,0.532917320728302
Desharnais,8,FAABE_NO_IWM,82,0.532917320728302
Desharnais,8,FAABE_NO_IWM,83,0.532917320728302
Desharnais,8,FAABE_NO_IWM,84,0.532917320728302
Desharnais,8,FAABE_NO_IWM,85,0.532917320728302
Desharnais,8,FAABE_NO_IWM,86,0.532917320728302
Desharnais,8,FAABE_NO_IWM,87,0.532917320728302
Desharnais,8,FAABE_NO_IWM,88,0.532917320728302
Desharnais,8,FAABE_NO_IWM,89,0.532917320728302
Desharnais,8,FAABE_NO_IWM,90,0.532917320728302
Desharnais,8,FAABE_NO_IWM,91,0.532917320728302
Desharnais,8,FAABE_NO_IWM,92,0.532917320728302
Desharnais,8,FAABE_NO_IWM,93,0.532917320728302
Desharnais,8,FAABE_NO_IWM,94,0.532917320728302
Desharnais,8,FAABE_NO_IWM,95,0.532917320728302
Desharnais,8,FAABE_NO_IWM,96,0.532917320728302
Desharnais,8,FAABE_NO_IWM,97,0.532917320728302
Desharnais,8,FAABE_NO_IWM,98,0.532917320728302
Desharnais,8,FAABE_NO_IWM,99,0.532917320728302
Desharnais,8,FAABE_NO_IWM,100,0.532917320728302
Desharnais,8,FAABE_FULL,0,0.6228672862052917
Desharnais,8,FAABE_FULL,1,0.611394464969635
Desharnais,8,FAABE_FULL,2,0.6045688986778259
Desharnais,8,FAABE_FULL,3,0.5652601718902588
Desharnais,8,FAABE_FULL,4,0.5652601718902588
Desharnais,8,FAABE_FULL,5,0.5652601718902588
Desharnais,8,FAABE_FULL,6,0.5652601718902588
Desharnais,8,FAABE_FULL,7,0.5652601718902588
Desharnais,8,FAABE_FULL,8,0.5652601718902588
Desharnais,8,FAABE_FULL,9,0.5652601718902588
Desharnais,8,FAABE_FULL,10,0.5652601718902588
Desharnais,8,FAABE_FULL,11,0.5612395405769348
Desharnais,8,FAABE_FULL,12,0.5612395405769348
Desharnais,8,FAABE_FULL,13,0.5612395405769348
Desharnais,8,FAABE_FULL,14,0.5457680821418762
Desharnais,8,FAABE_FULL,15,0.5457680821418762
Desharnais,8,FAABE_FULL,16,0.5457680821418762
Desharnais,8,FAABE_FULL,17,0.5457680821418762
Desharnais,8,FAABE_FULL,18,0.5457680821418762
Desharnais,8,FAABE_FULL,19,0.5457680821418762
Desharnais,8,FAABE_FULL,20,0.5457680821418762
Desharnais,8,FAABE_FULL,21,0.5457680821418762
Desharnais,8,FAABE_FULL,22,0.5457680821418762
Desharnais,8,FAABE_FULL,23,0.5457680821418762
Desharnais,8,FAABE_FULL,24,0.5457680821418762
Desharnais,8,FAABE_FULL,25,0.5457680821418762
Desharnais,8,FAABE_FULL,26,0.5457680821418762
Desharnais,8,FAABE_FULL,27,0.5457680821418762
Desharnais,8,FAABE_FULL,28,0.5457680821418762
Desharnais,8,FAABE_FULL,29,0.5457680821418762
Desharnais,8,FAABE_FULL,30,0.5457680821418762
Desharnais,8,FAABE_FULL,31,0.5457680821418762
Desharnais,8,FAABE_FULL,32,0.5457680821418762
Desharnais,8,FAABE_FULL,33,0.5457680821418762
Desharnais,8,FAABE_FULL,34,0.5457680821418762
Desharnais,8,FAABE_FULL,35,0.5457680821418762
Desharnais,8,FAABE_FULL,36,0.5457680821418762
Desharnais,8,FAABE_FULL,37,0.5457680821418762
Desharnais,8,FAABE_FULL,38,0.5457680821418762
Desharnais,8,FAABE_FULL,39,0.5457680821418762
Desharnais,8,FAABE_FULL,40,0.5457680821418762
Desharnais,8,FAABE_FULL,41,0.5457680821418762
Desharnais,8,FAABE_FULL,42,0.5457680821418762
Desharnais,8,FAABE_FULL,43,0.5457680821418762
Desharnais,8,FAABE_FULL,44,0.5457680821418762
Desharnais,8,FAABE_FULL,45,0.5457680821418762
Desharnais,8,FAABE_FULL,46,0.5457680821418762
Desharnais,8,FAABE_FULL,47,0.5457680821418762
Desharnais,8,FAABE_FULL,48,0.5457680821418762
Desharnais,8,FAABE_FULL,49,0.5457680821418762
Desharnais,8,FAABE_FULL,50,0.5457680821418762
Desharnais,8,FAABE_FULL,51,0.5457680821418762
Desharnais,8,FAABE_FULL,52,0.5457680821418762
Desharnais,8,FAABE_FULL,53,0.5457680821418762
Desharnais,8,FAABE_FULL,54,0.5457680821418762
Desharnais,8,FAABE_FULL,55,0.5457680821418762
Desharnais,8,FAABE_FULL,56,0.5457680821418762
Desharnais,8,FAABE_FULL,57,0.5457680821418762
Desharnais,8,FAABE_FULL,58,0.5457680821418762
Desharnais,8,FAABE_FULL,59,0.5457680821418762
Desharnais,8,FAABE_FULL,60,0.5457680821418762
Desharnais,8,FAABE_FULL,61,0.5457680821418762
Desharnais,8,FAABE_FULL,62,0.5457680821418762
Desharnais,8,FAABE_FULL,63,0.5457680821418762
Desharnais,8,FAABE_FULL,64,0.5457680821418762
Desharnais,8,FAABE_FULL,65,0.5457680821418762
Desharnais,8,FAABE_FULL,66,0.5457680821418762
Desharnais,8,FAABE_FULL,67,0.5457680821418762
Desharnais,8,FAABE_FULL,68,0.5457680821418762
Desharnais,8,FAABE_FULL,69,0.5457680821418762
Desharnais,8,FAABE_FULL,70,0.5457680821418762
Desharnais,8,FAABE_FULL,71,0.5457680821418762
Desharnais,8,FAABE_FULL,72,0.5457680821418762
Desharnais,8,FAABE_FULL,73,0.5457680821418762
Desharnais,8,FAABE_FULL,74,0.5457680821418762
Desharnais,8,FAABE_FULL,75,0.5457680821418762
Desharnais,8,FAABE_FULL,76,0.5457680821418762
Desharnais,8,FAABE_FULL,77,0.5457680821418762
Desharnais,8,FAABE_FULL,78,0.5457680821418762
Desharnais,8,FAABE_FULL,79,0.5457680821418762
Desharnais,8,FAABE_FULL,80,0.5457680821418762
Desharnais,8,FAABE_FULL,81,0.5457680821418762
Desharnais,8,FAABE_FULL,82,0.5457680821418762
Desharnais,8,FAABE_FULL,83,0.5457680821418762
Desharnais,8,FAABE_FULL,84,0.5457680821418762
Desharnais,8,FAABE_FULL,85,0.5457680821418762
Desharnais,8,FAABE_FULL,86,0.5457680821418762
Desharnais,8,FAABE_FULL,87,0.5457680821418762
Desharnais,8,FAABE_FULL,88,0.5457680821418762
Desharnais,8,FAABE_FULL,89,0.5457680821418762
Desharnais,8,FAABE_FULL,90,0.5457680821418762
Desharnais,8,FAABE_FULL,91,0.5457680821418762
Desharnais,8,FAABE_FULL,92,0.5457680821418762
Desharnais,8,FAABE_FULL,93,0.5457680821418762
Desharnais,8,FAABE_FULL,94,0.5457680821418762
Desharnais,8,FAABE_FULL,95,0.5457680821418762
Desharnais,8,FAABE_FULL,96,0.5457680821418762
Desharnais,8,FAABE_FULL,97,0.5457680821418762
Desharnais,8,FAABE_FULL,98,0.5457680821418762
Desharnais,8,FAABE_FULL,99,0.5457680821418762
Desharnais,8,FAABE_FULL,100,0.5457680821418762
Desharnais,9,FAABE_NO_PEARSON,0,0.46173664927482605
Desharnais,9,FAABE_NO_PEARSON,1,0.3778184950351715
Desharnais,9,FAABE_NO_PEARSON,2,0.3778184950351715
Desharnais,9,FAABE_NO_PEARSON,3,0.373064786195755
Desharnais,9,FAABE_NO_PEARSON,4,0.36837756633758545
Desharnais,9,FAABE_NO_PEARSON,5,0.3476952016353607
Desharnais,9,FAABE_NO_PEARSON,6,0.3476952016353607
Desharnais,9,FAABE_NO_PEARSON,7,0.3476952016353607
Desharnais,9,FAABE_NO_PEARSON,8,0.34352120757102966
Desharnais,9,FAABE_NO_PEARSON,9,0.34352120757102966
Desharnais,9,FAABE_NO_PEARSON,10,0.34352120757102966
Desharnais,9,FAABE_NO_PEARSON,11,0.34352120757102966
Desharnais,9,FAABE_NO_PEARSON,12,0.34352120757102966
Desharnais,9,FAABE_NO_PEARSON,13,0.34352120757102966
Desharnais,9,FAABE_NO_PEARSON,14,0.34352120757102966
Desharnais,9,FAABE_NO_PEARSON,15,0.34352120757102966
Desharnais,9,FAABE_NO_PEARSON,16,0.34352120757102966
Desharnais,9,FAABE_NO_PEARSON,17,0.34352120757102966
Desharnais,9,FAABE_NO_PEARSON,18,0.34352120757102966
Desharnais,9,FAABE_NO_PEARSON,19,0.34352120757102966
Desharnais,9,FAABE_NO_PEARSON,20,0.34352120757102966
Desharnais,9,FAABE_NO_PEARSON,21,0.34352120757102966
Desharnais,9,FAABE_NO_PEARSON,22,0.34352120757102966
Desharnais,9,FAABE_NO_PEARSON,23,0.34352120757102966
Desharnais,9,FAABE_NO_PEARSON,24,0.34352120757102966
Desharnais,9,FAABE_NO_PEARSON,25,0.34352120757102966
Desharnais,9,FAABE_NO_PEARSON,26,0.34352120757102966
Desharnais,9,FAABE_NO_PEARSON,27,0.34352120757102966
Desharnais,9,FAABE_NO_PEARSON,28,0.34352120757102966
Desharnais,9,FAABE_NO_PEARSON,29,0.34352120757102966
Desharnais,9,FAABE_NO_PEARSON,30,0.34352120757102966
Desharnais,9,FAABE_NO_PEARSON,31,0.34352120757102966
Desharnais,9,FAABE_NO_PEARSON,32,0.34352120757102966
Desharnais,9,FAABE_NO_PEARSON,33,0.33356761932373047
Desharnais,9,FAABE_NO_PEARSON,34,0.33356761932373047
Desharnais,9,FAABE_NO_PEARSON,35,0.33356761932373047
Desharnais,9,FAABE_NO_PEARSON,36,0.33356761932373047
Desharnais,9,FAABE_NO_PEARSON,37,0.33356761932373047
Desharnais,9,FAABE_NO_PEARSON,38,0.33356761932373047
Desharnais,9,FAABE_NO_PEARSON,39,0.32933321595191956
Desharnais,9,FAABE_NO_PEARSON,40,0.32933321595191956
Desharnais,9,FAABE_NO_PEARSON,41,0.32933321595191956
Desharnais,9,FAABE_NO_PEARSON,42,0.32469239830970764
Desharnais,9,FAABE_NO_PEARSON,43,0.32469239830970764
Desharnais,9,FAABE_NO_PEARSON,44,0.32469239830970764
Desharnais,9,FAABE_NO_PEARSON,45,0.32469239830970764
Desharnais,9,FAABE_NO_PEARSON,46,0.32469239830970764
Desharnais,9,FAABE_NO_PEARSON,47,0.32469239830970764
Desharnais,9,FAABE_NO_PEARSON,48,0.32469239830970764
Desharnais,9,FAABE_NO_PEARSON,49,0.32469239830970764
Desharnais,9,FAABE_NO_PEARSON,50,0.32469239830970764
Desharnais,9,FAABE_NO_PEARSON,51,0.32469239830970764
Desharnais,9,FAABE_NO_PEARSON,52,0.32469239830970764
Desharnais,9,FAABE_NO_PEARSON,53,0.32469239830970764
Desharnais,9,FAABE_NO_PEARSON,54,0.32469239830970764
Desharnais,9,FAABE_NO_PEARSON,55,0.32469239830970764
Desharnais,9,FAABE_NO_PEARSON,56,0.32469239830970764
Desharnais,9,FAABE_NO_PEARSON,57,0.32469239830970764
Desharnais,9,FAABE_NO_PEARSON,58,0.32469239830970764
Desharnais,9,FAABE_NO_PEARSON,59,0.32469239830970764
Desharnais,9,FAABE_NO_PEARSON,60,0.32469239830970764
Desharnais,9,FAABE_NO_PEARSON,61,0.32469239830970764
Desharnais,9,FAABE_NO_PEARSON,62,0.32469239830970764
Desharnais,9,FAABE_NO_PEARSON,63,0.32469239830970764
Desharnais,9,FAABE_NO_PEARSON,64,0.32469239830970764
Desharnais,9,FAABE_NO_PEARSON,65,0.32469239830970764
Desharnais,9,FAABE_NO_PEARSON,66,0.32469239830970764
Desharnais,9,FAABE_NO_PEARSON,67,0.32469239830970764
Desharnais,9,FAABE_NO_PEARSON,68,0.32469239830970764
Desharnais,9,FAABE_NO_PEARSON,69,0.32469239830970764
Desharnais,9,FAABE_NO_PEARSON,70,0.32469239830970764
Desharnais,9,FAABE_NO_PEARSON,71,0.32469239830970764
Desharnais,9,FAABE_NO_PEARSON,72,0.32469239830970764
Desharnais,9,FAABE_NO_PEARSON,73,0.32469239830970764
Desharnais,9,FAABE_NO_PEARSON,74,0.32469239830970764
Desharnais,9,FAABE_NO_PEARSON,75,0.32469239830970764
Desharnais,9,FAABE_NO_PEARSON,76,0.32469239830970764
Desharnais,9,FAABE_NO_PEARSON,77,0.32469239830970764
Desharnais,9,FAABE_NO_PEARSON,78,0.32469239830970764
Desharnais,9,FAABE_NO_PEARSON,79,0.32469239830970764
Desharnais,9,FAABE_NO_PEARSON,80,0.32469239830970764
Desharnais,9,FAABE_NO_PEARSON,81,0.32469239830970764
Desharnais,9,FAABE_NO_PEARSON,82,0.32469239830970764
Desharnais,9,FAABE_NO_PEARSON,83,0.32469239830970764
Desharnais,9,FAABE_NO_PEARSON,84,0.32469239830970764
Desharnais,9,FAABE_NO_PEARSON,85,0.32469239830970764
Desharnais,9,FAABE_NO_PEARSON,86,0.32469239830970764
Desharnais,9,FAABE_NO_PEARSON,87,0.3166808784008026
Desharnais,9,FAABE_NO_PEARSON,88,0.3166808784008026
Desharnais,9,FAABE_NO_PEARSON,89,0.3166808784008026
Desharnais,9,FAABE_NO_PEARSON,90,0.3166808784008026
Desharnais,9,FAABE_NO_PEARSON,91,0.3166808784008026
Desharnais,9,FAABE_NO_PEARSON,92,0.3166808784008026
Desharnais,9,FAABE_NO_PEARSON,93,0.3166808784008026
Desharnais,9,FAABE_NO_PEARSON,94,0.3166808784008026
Desharnais,9,FAABE_NO_PEARSON,95,0.3166808784008026
Desharnais,9,FAABE_NO_PEARSON,96,0.3166808784008026
Desharnais,9,FAABE_NO_PEARSON,97,0.3166808784008026
Desharnais,9,FAABE_NO_PEARSON,98,0.3166808784008026
Desharnais,9,FAABE_NO_PEARSON,99,0.3166808784008026
Desharnais,9,FAABE_NO_PEARSON,100,0.3166808784008026
Desharnais,9,FAABE_NO_IWM,0,0.40196511149406433
Desharnais,9,FAABE_NO_IWM,1,0.3736702501773834
Desharnais,9,FAABE_NO_IWM,2,0.35694265365600586
Desharnais,9,FAABE_NO_IWM,3,0.35694265365600586
Desharnais,9,FAABE_NO_IWM,4,0.35048380494117737
Desharnais,9,FAABE_NO_IWM,5,0.35048380494117737
Desharnais,9,FAABE_NO_IWM,6,0.35048380494117737
Desharnais,9,FAABE_NO_IWM,7,0.35048380494117737
Desharnais,9,FAABE_NO_IWM,8,0.35048380494117737
Desharnais,9,FAABE_NO_IWM,9,0.35048380494117737
Desharnais,9,FAABE_NO_IWM,10,0.35048380494117737
Desharnais,9,FAABE_NO_IWM,11,0.34967297315597534
Desharnais,9,FAABE_NO_IWM,12,0.34967297315597534
Desharnais,9,FAABE_NO_IWM,13,0.34967297315597534
Desharnais,9,FAABE_NO_IWM,14,0.3448261022567749
Desharnais,9,FAABE_NO_IWM,15,0.34195834398269653
Desharnais,9,FAABE_NO_IWM,16,0.34195834398269653
Desharnais,9,FAABE_NO_IWM,17,0.3354721665382385
Desharnais,9,FAABE_NO_IWM,18,0.3354721665382385
Desharnais,9,FAABE_NO_IWM,19,0.3354721665382385
Desharnais,9,FAABE_NO_IWM,20,0.3354721665382385
Desharnais,9,FAABE_NO_IWM,21,0.3354721665382385
Desharnais,9,FAABE_NO_IWM,22,0.3354721665382385
Desharnais,9,FAABE_NO_IWM,23,0.3354721665382385
Desharnais,9,FAABE_NO_IWM,24,0.3354721665382385
Desharnais,9,FAABE_NO_IWM,25,0.3354721665382385
Desharnais,9,FAABE_NO_IWM,26,0.3354721665382385
Desharnais,9,FAABE_NO_IWM,27,0.3354721665382385
Desharnais,9,FAABE_NO_IWM,28,0.3354721665382385
Desharnais,9,FAABE_NO_IWM,29,0.3354721665382385
Desharnais,9,FAABE_NO_IWM,30,0.3354721665382385
Desharnais,9,FAABE_NO_IWM,31,0.3354721665382385
Desharnais,9,FAABE_NO_IWM,32,0.3354721665382385
Desharnais,9,FAABE_NO_IWM,33,0.3354721665382385
Desharnais,9,FAABE_NO_IWM,34,0.3354721665382385
Desharnais,9,FAABE_NO_IWM,35,0.3354721665382385
Desharnais,9,FAABE_NO_IWM,36,0.3354721665382385
Desharnais,9,FAABE_NO_IWM,37,0.3354721665382385
Desharnais,9,FAABE_NO_IWM,38,0.3354721665382385
Desharnais,9,FAABE_NO_IWM,39,0.3354721665382385
Desharnais,9,FAABE_NO_IWM,40,0.3354721665382385
Desharnais,9,FAABE_NO_IWM,41,0.3354721665382385
Desharnais,9,FAABE_NO_IWM,42,0.3354721665382385
Desharnais,9,FAABE_NO_IWM,43,0.3354721665382385
Desharnais,9,FAABE_NO_IWM,44,0.3354721665382385
Desharnais,9,FAABE_NO_IWM,45,0.3354721665382385
Desharnais,9,FAABE_NO_IWM,46,0.3354721665382385
Desharnais,9,FAABE_NO_IWM,47,0.3354721665382385
Desharnais,9,FAABE_NO_IWM,48,0.3354721665382385
Desharnais,9,FAABE_NO_IWM,49,0.3354721665382385
Desharnais,9,FAABE_NO_IWM,50,0.3354721665382385
Desharnais,9,FAABE_NO_IWM,51,0.3354721665382385
Desharnais,9,FAABE_NO_IWM,52,0.3354721665382385
Desharnais,9,FAABE_NO_IWM,53,0.3354721665382385
Desharnais,9,FAABE_NO_IWM,54,0.3354721665382385
Desharnais,9,FAABE_NO_IWM,55,0.3354721665382385
Desharnais,9,FAABE_NO_IWM,56,0.3354721665382385
Desharnais,9,FAABE_NO_IWM,57,0.3354721665382385
Desharnais,9,FAABE_NO_IWM,58,0.3354721665382385
Desharnais,9,FAABE_NO_IWM,59,0.3354721665382385
Desharnais,9,FAABE_NO_IWM,60,0.3354721665382385
Desharnais,9,FAABE_NO_IWM,61,0.3354721665382385
Desharnais,9,FAABE_NO_IWM,62,0.3354721665382385
Desharnais,9,FAABE_NO_IWM,63,0.3354721665382385
Desharnais,9,FAABE_NO_IWM,64,0.3354721665382385
Desharnais,9,FAABE_NO_IWM,65,0.3354721665382385
Desharnais,9,FAABE_NO_IWM,66,0.3351270854473114
Desharnais,9,FAABE_NO_IWM,67,0.3351270854473114
Desharnais,9,FAABE_NO_IWM,68,0.3351270854473114
Desharnais,9,FAABE_NO_IWM,69,0.3351270854473114
Desharnais,9,FAABE_NO_IWM,70,0.3351270854473114
Desharnais,9,FAABE_NO_IWM,71,0.3351270854473114
Desharnais,9,FAABE_NO_IWM,72,0.3351270854473114
Desharnais,9,FAABE_NO_IWM,73,0.3351270854473114
Desharnais,9,FAABE_NO_IWM,74,0.3351270854473114
Desharnais,9,FAABE_NO_IWM,75,0.3351270854473114
Desharnais,9,FAABE_NO_IWM,76,0.3351270854473114
Desharnais,9,FAABE_NO_IWM,77,0.3345605432987213
Desharnais,9,FAABE_NO_IWM,78,0.3345605432987213
Desharnais,9,FAABE_NO_IWM,79,0.3345605432987213
Desharnais,9,FAABE_NO_IWM,80,0.3345605432987213
Desharnais,9,FAABE_NO_IWM,81,0.3345605432987213
Desharnais,9,FAABE_NO_IWM,82,0.3345605432987213
Desharnais,9,FAABE_NO_IWM,83,0.3345605432987213
Desharnais,9,FAABE_NO_IWM,84,0.3345605432987213
Desharnais,9,FAABE_NO_IWM,85,0.3345605432987213
Desharnais,9,FAABE_NO_IWM,86,0.3345605432987213
Desharnais,9,FAABE_NO_IWM,87,0.3345605432987213
Desharnais,9,FAABE_NO_IWM,88,0.3345605432987213
Desharnais,9,FAABE_NO_IWM,89,0.3345605432987213
Desharnais,9,FAABE_NO_IWM,90,0.3345605432987213
Desharnais,9,FAABE_NO_IWM,91,0.3345605432987213
Desharnais,9,FAABE_NO_IWM,92,0.3345605432987213
Desharnais,9,FAABE_NO_IWM,93,0.3345605432987213
Desharnais,9,FAABE_NO_IWM,94,0.3345605432987213
Desharnais,9,FAABE_NO_IWM,95,0.3345605432987213
Desharnais,9,FAABE_NO_IWM,96,0.3345605432987213
Desharnais,9,FAABE_NO_IWM,97,0.3345605432987213
Desharnais,9,FAABE_NO_IWM,98,0.3345605432987213
Desharnais,9,FAABE_NO_IWM,99,0.3345605432987213
Desharnais,9,FAABE_NO_IWM,100,0.3345605432987213
Desharnais,9,FAABE_FULL,0,0.38256314396858215
Desharnais,9,FAABE_FULL,1,0.3352075219154358
Desharnais,9,FAABE_FULL,2,0.3352075219154358
Desharnais,9,FAABE_FULL,3,0.33320730924606323
Desharnais,9,FAABE_FULL,4,0.33320730924606323
Desharnais,9,FAABE_FULL,5,0.33320730924606323
Desharnais,9,FAABE_FULL,6,0.3254031240940094
Desharnais,9,FAABE_FULL,7,0.3254031240940094
Desharnais,9,FAABE_FULL,8,0.3254031240940094
Desharnais,9,FAABE_FULL,9,0.3254031240940094
Desharnais,9,FAABE_FULL,10,0.3254031240940094
Desharnais,9,FAABE_FULL,11,0.3254031240940094
Desharnais,9,FAABE_FULL,12,0.3254031240940094
Desharnais,9,FAABE_FULL,13,0.3254031240940094
Desharnais,9,FAABE_FULL,14,0.3254031240940094
Desharnais,9,FAABE_FULL,15,0.3254031240940094
Desharnais,9,FAABE_FULL,16,0.3254031240940094
Desharnais,9,FAABE_FULL,17,0.3254031240940094
Desharnais,9,FAABE_FULL,18,0.3254031240940094
Desharnais,9,FAABE_FULL,19,0.32485732436180115
Desharnais,9,FAABE_FULL,20,0.32485732436180115
Desharnais,9,FAABE_FULL,21,0.32485732436180115
Desharnais,9,FAABE_FULL,22,0.32485732436180115
Desharnais,9,FAABE_FULL,23,0.32485732436180115
Desharnais,9,FAABE_FULL,24,0.32485732436180115
Desharnais,9,FAABE_FULL,25,0.32485732436180115
Desharnais,9,FAABE_FULL,26,0.32485732436180115
Desharnais,9,FAABE_FULL,27,0.32485732436180115
Desharnais,9,FAABE_FULL,28,0.32416605949401855
Desharnais,9,FAABE_FULL,29,0.32416605949401855
Desharnais,9,FAABE_FULL,30,0.32416605949401855
Desharnais,9,FAABE_FULL,31,0.32416605949401855
Desharnais,9,FAABE_FULL,32,0.32416605949401855
Desharnais,9,FAABE_FULL,33,0.3232869505882263
Desharnais,9,FAABE_FULL,34,0.3232869505882263
Desharnais,9,FAABE_FULL,35,0.32326146960258484
Desharnais,9,FAABE_FULL,36,0.32326146960258484
Desharnais,9,FAABE_FULL,37,0.32326146960258484
Desharnais,9,FAABE_FULL,38,0.32326146960258484
Desharnais,9,FAABE_FULL,39,0.32326146960258484
Desharnais,9,FAABE_FULL,40,0.32326146960258484
Desharnais,9,FAABE_FULL,41,0.32326146960258484
Desharnais,9,FAABE_FULL,42,0.32326146960258484
Desharnais,9,FAABE_FULL,43,0.32326146960258484
Desharnais,9,FAABE_FULL,44,0.32326146960258484
Desharnais,9,FAABE_FULL,45,0.32326146960258484
Desharnais,9,FAABE_FULL,46,0.32326146960258484
Desharnais,9,FAABE_FULL,47,0.32326146960258484
Desharnais,9,FAABE_FULL,48,0.32326146960258484
Desharnais,9,FAABE_FULL,49,0.32326146960258484
Desharnais,9,FAABE_FULL,50,0.32326146960258484
Desharnais,9,FAABE_FULL,51,0.32326146960258484
Desharnais,9,FAABE_FULL,52,0.32326146960258484
Desharnais,9,FAABE_FULL,53,0.32326146960258484
Desharnais,9,FAABE_FULL,54,0.32326146960258484
Desharnais,9,FAABE_FULL,55,0.32326146960258484
Desharnais,9,FAABE_FULL,56,0.32326146960258484
Desharnais,9,FAABE_FULL,57,0.32326146960258484
Desharnais,9,FAABE_FULL,58,0.32326146960258484
Desharnais,9,FAABE_FULL,59,0.32326146960258484
Desharnais,9,FAABE_FULL,60,0.32326146960258484
Desharnais,9,FAABE_FULL,61,0.32326146960258484
Desharnais,9,FAABE_FULL,62,0.32326146960258484
Desharnais,9,FAABE_FULL,63,0.32326146960258484
Desharnais,9,FAABE_FULL,64,0.32326146960258484
Desharnais,9,FAABE_FULL,65,0.32326146960258484
Desharnais,9,FAABE_FULL,66,0.32326146960258484
Desharnais,9,FAABE_FULL,67,0.32326146960258484
Desharnais,9,FAABE_FULL,68,0.32326146960258484
Desharnais,9,FAABE_FULL,69,0.32326146960258484
Desharnais,9,FAABE_FULL,70,0.32326146960258484
Desharnais,9,FAABE_FULL,71,0.32326146960258484
Desharnais,9,FAABE_FULL,72,0.32326146960258484
Desharnais,9,FAABE_FULL,73,0.32326146960258484
Desharnais,9,FAABE_FULL,74,0.32326146960258484
Desharnais,9,FAABE_FULL,75,0.32326146960258484
Desharnais,9,FAABE_FULL,76,0.32326146960258484
Desharnais,9,FAABE_FULL,77,0.32326146960258484
Desharnais,9,FAABE_FULL,78,0.32326146960258484
Desharnais,9,FAABE_FULL,79,0.32326146960258484
Desharnais,9,FAABE_FULL,80,0.32326146960258484
Desharnais,9,FAABE_FULL,81,0.32326146960258484
Desharnais,9,FAABE_FULL,82,0.32326146960258484
Desharnais,9,FAABE_FULL,83,0.32326146960258484
Desharnais,9,FAABE_FULL,84,0.32326146960258484
Desharnais,9,FAABE_FULL,85,0.32326146960258484
Desharnais,9,FAABE_FULL,86,0.32326146960258484
Desharnais,9,FAABE_FULL,87,0.32326146960258484
Desharnais,9,FAABE_FULL,88,0.32326146960258484
Desharnais,9,FAABE_FULL,89,0.32326146960258484
Desharnais,9,FAABE_FULL,90,0.32326146960258484
Desharnais,9,FAABE_FULL,91,0.32326146960258484
Desharnais,9,FAABE_FULL,92,0.32326146960258484
Desharnais,9,FAABE_FULL,93,0.32326146960258484
Desharnais,9,FAABE_FULL,94,0.32326146960258484
Desharnais,9,FAABE_FULL,95,0.32326146960258484
Desharnais,9,FAABE_FULL,96,0.32326146960258484
Desharnais,9,FAABE_FULL,97,0.32326146960258484
Desharnais,9,FAABE_FULL,98,0.32326146960258484
Desharnais,9,FAABE_FULL,99,0.32326146960258484
Desharnais,9,FAABE_FULL,100,0.32326146960258484
Desharnais,10,FAABE_NO_PEARSON,0,0.4337036609649658
Desharnais,10,FAABE_NO_PEARSON,1,0.39955317974090576
Desharnais,10,FAABE_NO_PEARSON,2,0.3721398711204529
Desharnais,10,FAABE_NO_PEARSON,3,0.36751964688301086
Desharnais,10,FAABE_NO_PEARSON,4,0.36751964688301086
Desharnais,10,FAABE_NO_PEARSON,5,0.36751964688301086
Desharnais,10,FAABE_NO_PEARSON,6,0.36751964688301086
Desharnais,10,FAABE_NO_PEARSON,7,0.36751964688301086
Desharnais,10,FAABE_NO_PEARSON,8,0.36751964688301086
Desharnais,10,FAABE_NO_PEARSON,9,0.36751964688301086
Desharnais,10,FAABE_NO_PEARSON,10,0.36751964688301086
Desharnais,10,FAABE_NO_PEARSON,11,0.36751964688301086
Desharnais,10,FAABE_NO_PEARSON,12,0.36751964688301086
Desharnais,10,FAABE_NO_PEARSON,13,0.36751964688301086
Desharnais,10,FAABE_NO_PEARSON,14,0.36751964688301086
Desharnais,10,FAABE_NO_PEARSON,15,0.3580590784549713
Desharnais,10,FAABE_NO_PEARSON,16,0.3580590784549713
Desharnais,10,FAABE_NO_PEARSON,17,0.3580590784549713
Desharnais,10,FAABE_NO_PEARSON,18,0.3580590784549713
Desharnais,10,FAABE_NO_PEARSON,19,0.3580590784549713
Desharnais,10,FAABE_NO_PEARSON,20,0.3580590784549713
Desharnais,10,FAABE_NO_PEARSON,21,0.3580590784549713
Desharnais,10,FAABE_NO_PEARSON,22,0.3580590784549713
Desharnais,10,FAABE_NO_PEARSON,23,0.3580590784549713
Desharnais,10,FAABE_NO_PEARSON,24,0.3580590784549713
Desharnais,10,FAABE_NO_PEARSON,25,0.3580590784549713
Desharnais,10,FAABE_NO_PEARSON,26,0.3580590784549713
Desharnais,10,FAABE_NO_PEARSON,27,0.3580590784549713
Desharnais,10,FAABE_NO_PEARSON,28,0.3580590784549713
Desharnais,10,FAABE_NO_PEARSON,29,0.3580590784549713
Desharnais,10,FAABE_NO_PEARSON,30,0.3580590784549713
Desharnais,10,FAABE_NO_PEARSON,31,0.3580590784549713
Desharnais,10,FAABE_NO_PEARSON,32,0.3580590784549713
Desharnais,10,FAABE_NO_PEARSON,33,0.3580590784549713
Desharnais,10,FAABE_NO_PEARSON,34,0.3580590784549713
Desharnais,10,FAABE_NO_PEARSON,35,0.3580590784549713
Desharnais,10,FAABE_NO_PEARSON,36,0.3580590784549713
Desharnais,10,FAABE_NO_PEARSON,37,0.3580590784549713
Desharnais,10,FAABE_NO_PEARSON,38,0.35344377160072327
Desharnais,10,FAABE_NO_PEARSON,39,0.35344377160072327
Desharnais,10,FAABE_NO_PEARSON,40,0.35344377160072327
Desharnais,10,FAABE_NO_PEARSON,41,0.35344377160072327
Desharnais,10,FAABE_NO_PEARSON,42,0.35344377160072327
Desharnais,10,FAABE_NO_PEARSON,43,0.35344377160072327
Desharnais,10,FAABE_NO_PEARSON,44,0.35344377160072327
Desharnais,10,FAABE_NO_PEARSON,45,0.35344377160072327
Desharnais,10,FAABE_NO_PEARSON,46,0.35344377160072327
Desharnais,10,FAABE_NO_PEARSON,47,0.35344377160072327
Desharnais,10,FAABE_NO_PEARSON,48,0.35344377160072327
Desharnais,10,FAABE_NO_PEARSON,49,0.35344377160072327
Desharnais,10,FAABE_NO_PEARSON,50,0.35344377160072327
Desharnais,10,FAABE_NO_PEARSON,51,0.35344377160072327
Desharnais,10,FAABE_NO_PEARSON,52,0.35344377160072327
Desharnais,10,FAABE_NO_PEARSON,53,0.35344377160072327
Desharnais,10,FAABE_NO_PEARSON,54,0.35344377160072327
Desharnais,10,FAABE_NO_PEARSON,55,0.35344377160072327
Desharnais,10,FAABE_NO_PEARSON,56,0.35344377160072327
Desharnais,10,FAABE_NO_PEARSON,57,0.35344377160072327
Desharnais,10,FAABE_NO_PEARSON,58,0.35344377160072327
Desharnais,10,FAABE_NO_PEARSON,59,0.35344377160072327
Desharnais,10,FAABE_NO_PEARSON,60,0.35344377160072327
Desharnais,10,FAABE_NO_PEARSON,61,0.35263144969940186
Desharnais,10,FAABE_NO_PEARSON,62,0.35263144969940186
Desharnais,10,FAABE_NO_PEARSON,63,0.35263144969940186
Desharnais,10,FAABE_NO_PEARSON,64,0.35263144969940186
Desharnais,10,FAABE_NO_PEARSON,65,0.35263144969940186
Desharnais,10,FAABE_NO_PEARSON,66,0.35263144969940186
Desharnais,10,FAABE_NO_PEARSON,67,0.35263144969940186
Desharnais,10,FAABE_NO_PEARSON,68,0.35263144969940186
Desharnais,10,FAABE_NO_PEARSON,69,0.35263144969940186
Desharnais,10,FAABE_NO_PEARSON,70,0.35263144969940186
Desharnais,10,FAABE_NO_PEARSON,71,0.35263144969940186
Desharnais,10,FAABE_NO_PEARSON,72,0.35263144969940186
Desharnais,10,FAABE_NO_PEARSON,73,0.35263144969940186
Desharnais,10,FAABE_NO_PEARSON,74,0.35263144969940186
Desharnais,10,FAABE_NO_PEARSON,75,0.35263144969940186
Desharnais,10,FAABE_NO_PEARSON,76,0.35263144969940186
Desharnais,10,FAABE_NO_PEARSON,77,0.35263144969940186
Desharnais,10,FAABE_NO_PEARSON,78,0.35263144969940186
Desharnais,10,FAABE_NO_PEARSON,79,0.35263144969940186
Desharnais,10,FAABE_NO_PEARSON,80,0.35263144969940186
Desharnais,10,FAABE_NO_PEARSON,81,0.35263144969940186
Desharnais,10,FAABE_NO_PEARSON,82,0.35263144969940186
Desharnais,10,FAABE_NO_PEARSON,83,0.35263144969940186
Desharnais,10,FAABE_NO_PEARSON,84,0.35263144969940186
Desharnais,10,FAABE_NO_PEARSON,85,0.35263144969940186
Desharnais,10,FAABE_NO_PEARSON,86,0.35263144969940186
Desharnais,10,FAABE_NO_PEARSON,87,0.35263144969940186
Desharnais,10,FAABE_NO_PEARSON,88,0.35263144969940186
Desharnais,10,FAABE_NO_PEARSON,89,0.35263144969940186
Desharnais,10,FAABE_NO_PEARSON,90,0.35263144969940186
Desharnais,10,FAABE_NO_PEARSON,91,0.35263144969940186
Desharnais,10,FAABE_NO_PEARSON,92,0.35263144969940186
Desharnais,10,FAABE_NO_PEARSON,93,0.35263144969940186
Desharnais,10,FAABE_NO_PEARSON,94,0.35263144969940186
Desharnais,10,FAABE_NO_PEARSON,95,0.35263144969940186
Desharnais,10,FAABE_NO_PEARSON,96,0.35263144969940186
Desharnais,10,FAABE_NO_PEARSON,97,0.35263144969940186
Desharnais,10,FAABE_NO_PEARSON,98,0.35263144969940186
Desharnais,10,FAABE_NO_PEARSON,99,0.35263144969940186
Desharnais,10,FAABE_NO_PEARSON,100,0.35263144969940186
Desharnais,10,FAABE_NO_IWM,0,0.43487080931663513
Desharnais,10,FAABE_NO_IWM,1,0.4101429283618927
Desharnais,10,FAABE_NO_IWM,2,0.3942902684211731
Desharnais,10,FAABE_NO_IWM,3,0.3922825753688812
Desharnais,10,FAABE_NO_IWM,4,0.38362300395965576
Desharnais,10,FAABE_NO_IWM,5,0.38362300395965576
Desharnais,10,FAABE_NO_IWM,6,0.38362300395965576
Desharnais,10,FAABE_NO_IWM,7,0.38333505392074585
Desharnais,10,FAABE_NO_IWM,8,0.38333505392074585
Desharnais,10,FAABE_NO_IWM,9,0.36408188939094543
Desharnais,10,FAABE_NO_IWM,10,0.36408188939094543
Desharnais,10,FAABE_NO_IWM,11,0.36408188939094543
Desharnais,10,FAABE_NO_IWM,12,0.362198144197464
Desharnais,10,FAABE_NO_IWM,13,0.3511236906051636
Desharnais,10,FAABE_NO_IWM,14,0.3491942882537842
Desharnais,10,FAABE_NO_IWM,15,0.3491942882537842
Desharnais,10,FAABE_NO_IWM,16,0.3471285104751587
Desharnais,10,FAABE_NO_IWM,17,0.3471285104751587
Desharnais,10,FAABE_NO_IWM,18,0.3471285104751587
Desharnais,10,FAABE_NO_IWM,19,0.3471285104751587
Desharnais,10,FAABE_NO_IWM,20,0.3452172577381134
Desharnais,10,FAABE_NO_IWM,21,0.34312278032302856
Desharnais,10,FAABE_NO_IWM,22,0.34312278032302856
Desharnais,10,FAABE_NO_IWM,23,0.3346092104911804
Desharnais,10,FAABE_NO_IWM,24,0.3346092104911804
Desharnais,10,FAABE_NO_IWM,25,0.3346092104911804
Desharnais,10,FAABE_NO_IWM,26,0.3346092104911804
Desharnais,10,FAABE_NO_IWM,27,0.3346092104911804
Desharnais,10,FAABE_NO_IWM,28,0.3346092104911804
Desharnais,10,FAABE_NO_IWM,29,0.3346092104911804
Desharnais,10,FAABE_NO_IWM,30,0.3346092104911804
Desharnais,10,FAABE_NO_IWM,31,0.3346092104911804
Desharnais,10,FAABE_NO_IWM,32,0.3346092104911804
Desharnais,10,FAABE_NO_IWM,33,0.3346092104911804
Desharnais,10,FAABE_NO_IWM,34,0.3346092104911804
Desharnais,10,FAABE_NO_IWM,35,0.3346092104911804
Desharnais,10,FAABE_NO_IWM,36,0.3346092104911804
Desharnais,10,FAABE_NO_IWM,37,0.3346092104911804
Desharnais,10,FAABE_NO_IWM,38,0.3346092104911804
Desharnais,10,FAABE_NO_IWM,39,0.3346092104911804
Desharnais,10,FAABE_NO_IWM,40,0.3346092104911804
Desharnais,10,FAABE_NO_IWM,41,0.3346092104911804
Desharnais,10,FAABE_NO_IWM,42,0.3346092104911804
Desharnais,10,FAABE_NO_IWM,43,0.3346092104911804
Desharnais,10,FAABE_NO_IWM,44,0.3346092104911804
Desharnais,10,FAABE_NO_IWM,45,0.3346092104911804
Desharnais,10,FAABE_NO_IWM,46,0.3346092104911804
Desharnais,10,FAABE_NO_IWM,47,0.3346092104911804
Desharnais,10,FAABE_NO_IWM,48,0.3346092104911804
Desharnais,10,FAABE_NO_IWM,49,0.3346092104911804
Desharnais,10,FAABE_NO_IWM,50,0.3346092104911804
Desharnais,10,FAABE_NO_IWM,51,0.3346092104911804
Desharnais,10,FAABE_NO_IWM,52,0.3346092104911804
Desharnais,10,FAABE_NO_IWM,53,0.3346092104911804
Desharnais,10,FAABE_NO_IWM,54,0.3346092104911804
Desharnais,10,FAABE_NO_IWM,55,0.3346092104911804
Desharnais,10,FAABE_NO_IWM,56,0.3346092104911804
Desharnais,10,FAABE_NO_IWM,57,0.3346092104911804
Desharnais,10,FAABE_NO_IWM,58,0.3346092104911804
Desharnais,10,FAABE_NO_IWM,59,0.3346092104911804
Desharnais,10,FAABE_NO_IWM,60,0.3346092104911804
Desharnais,10,FAABE_NO_IWM,61,0.3346092104911804
Desharnais,10,FAABE_NO_IWM,62,0.3346092104911804
Desharnais,10,FAABE_NO_IWM,63,0.3346092104911804
Desharnais,10,FAABE_NO_IWM,64,0.3346092104911804
Desharnais,10,FAABE_NO_IWM,65,0.3346092104911804
Desharnais,10,FAABE_NO_IWM,66,0.3346092104911804
Desharnais,10,FAABE_NO_IWM,67,0.3346092104911804
Desharnais,10,FAABE_NO_IWM,68,0.3346092104911804
Desharnais,10,FAABE_NO_IWM,69,0.3346092104911804
Desharnais,10,FAABE_NO_IWM,70,0.3346092104911804
Desharnais,10,FAABE_NO_IWM,71,0.3346092104911804
Desharnais,10,FAABE_NO_IWM,72,0.3346092104911804
Desharnais,10,FAABE_NO_IWM,73,0.3346092104911804
Desharnais,10,FAABE_NO_IWM,74,0.3346092104911804
Desharnais,10,FAABE_NO_IWM,75,0.3346092104911804
Desharnais,10,FAABE_NO_IWM,76,0.3346092104911804
Desharnais,10,FAABE_NO_IWM,77,0.3346092104911804
Desharnais,10,FAABE_NO_IWM,78,0.3346092104911804
Desharnais,10,FAABE_NO_IWM,79,0.3346092104911804
Desharnais,10,FAABE_NO_IWM,80,0.3346092104911804
Desharnais,10,FAABE_NO_IWM,81,0.3346092104911804
Desharnais,10,FAABE_NO_IWM,82,0.3346092104911804
Desharnais,10,FAABE_NO_IWM,83,0.3346092104911804
Desharnais,10,FAABE_NO_IWM,84,0.3346092104911804
Desharnais,10,FAABE_NO_IWM,85,0.3346092104911804
Desharnais,10,FAABE_NO_IWM,86,0.3346092104911804
Desharnais,10,FAABE_NO_IWM,87,0.3346092104911804
Desharnais,10,FAABE_NO_IWM,88,0.3346092104911804
Desharnais,10,FAABE_NO_IWM,89,0.3346092104911804
Desharnais,10,FAABE_NO_IWM,90,0.3346092104911804
Desharnais,10,FAABE_NO_IWM,91,0.3346092104911804
Desharnais,10,FAABE_NO_IWM,92,0.3346092104911804
Desharnais,10,FAABE_NO_IWM,93,0.3346092104911804
Desharnais,10,FAABE_NO_IWM,94,0.3346092104911804
Desharnais,10,FAABE_NO_IWM,95,0.3346092104911804
Desharnais,10,FAABE_NO_IWM,96,0.3346092104911804
Desharnais,10,FAABE_NO_IWM,97,0.3346092104911804
Desharnais,10,FAABE_NO_IWM,98,0.3346092104911804
Desharnais,10,FAABE_NO_IWM,99,0.3346092104911804
Desharnais,10,FAABE_NO_IWM,100,0.3346092104911804
Desharnais,10,FAABE_FULL,0,0.41392552852630615
Desharnais,10,FAABE_FULL,1,0.406177818775177
Desharnais,10,FAABE_FULL,2,0.3752378225326538
Desharnais,10,FAABE_FULL,3,0.37410083413124084
Desharnais,10,FAABE_FULL,4,0.35774657130241394
Desharnais,10,FAABE_FULL,5,0.3558906018733978
Desharnais,10,FAABE_FULL,6,0.3526526689529419
Desharnais,10,FAABE_FULL,7,0.3526526689529419
Desharnais,10,FAABE_FULL,8,0.3526526689529419
Desharnais,10,FAABE_FULL,9,0.3526526689529419
Desharnais,10,FAABE_FULL,10,0.3526526689529419
Desharnais,10,FAABE_FULL,11,0.3418538570404053
Desharnais,10,FAABE_FULL,12,0.3418538570404053
Desharnais,10,FAABE_FULL,13,0.3418538570404053
Desharnais,10,FAABE_FULL,14,0.3418538570404053
Desharnais,10,FAABE_FULL,15,0.3418538570404053
Desharnais,10,FAABE_FULL,16,0.3418538570404053
Desharnais,10,FAABE_FULL,17,0.3418538570404053
Desharnais,10,FAABE_FULL,18,0.3418538570404053
Desharnais,10,FAABE_FULL,19,0.3418538570404053
Desharnais,10,FAABE_FULL,20,0.3418538570404053
Desharnais,10,FAABE_FULL,21,0.3418538570404053
Desharnais,10,FAABE_FULL,22,0.3418538570404053
Desharnais,10,FAABE_FULL,23,0.3418538570404053
Desharnais,10,FAABE_FULL,24,0.3418538570404053
Desharnais,10,FAABE_FULL,25,0.3418538570404053
Desharnais,10,FAABE_FULL,26,0.3418538570404053
Desharnais,10,FAABE_FULL,27,0.3418538570404053
Desharnais,10,FAABE_FULL,28,0.3418538570404053
Desharnais,10,FAABE_FULL,29,0.3418538570404053
Desharnais,10,FAABE_FULL,30,0.3418538570404053
Desharnais,10,FAABE_FULL,31,0.3418538570404053
Desharnais,10,FAABE_FULL,32,0.3418538570404053
Desharnais,10,FAABE_FULL,33,0.3418538570404053
Desharnais,10,FAABE_FULL,34,0.3418538570404053
Desharnais,10,FAABE_FULL,35,0.3418538570404053
Desharnais,10,FAABE_FULL,36,0.3418538570404053
Desharnais,10,FAABE_FULL,37,0.3418538570404053
Desharnais,10,FAABE_FULL,38,0.3418538570404053
Desharnais,10,FAABE_FULL,39,0.3418538570404053
Desharnais,10,FAABE_FULL,40,0.3418538570404053
Desharnais,10,FAABE_FULL,41,0.3418538570404053
Desharnais,10,FAABE_FULL,42,0.3418538570404053
Desharnais,10,FAABE_FULL,43,0.3418538570404053
Desharnais,10,FAABE_FULL,44,0.3418538570404053
Desharnais,10,FAABE_FULL,45,0.3418538570404053
Desharnais,10,FAABE_FULL,46,0.3418538570404053
Desharnais,10,FAABE_FULL,47,0.3418538570404053
Desharnais,10,FAABE_FULL,48,0.3418538570404053
Desharnais,10,FAABE_FULL,49,0.3418538570404053
Desharnais,10,FAABE_FULL,50,0.3418538570404053
Desharnais,10,FAABE_FULL,51,0.3418538570404053
Desharnais,10,FAABE_FULL,52,0.3418538570404053
Desharnais,10,FAABE_FULL,53,0.3418538570404053
Desharnais,10,FAABE_FULL,54,0.3418538570404053
Desharnais,10,FAABE_FULL,55,0.3418538570404053
Desharnais,10,FAABE_FULL,56,0.3418538570404053
Desharnais,10,FAABE_FULL,57,0.3418538570404053
Desharnais,10,FAABE_FULL,58,0.3418538570404053
Desharnais,10,FAABE_FULL,59,0.3418538570404053
Desharnais,10,FAABE_FULL,60,0.3418538570404053
Desharnais,10,FAABE_FULL,61,0.3418538570404053
Desharnais,10,FAABE_FULL,62,0.3418538570404053
Desharnais,10,FAABE_FULL,63,0.3418538570404053
Desharnais,10,FAABE_FULL,64,0.3418538570404053
Desharnais,10,FAABE_FULL,65,0.3418538570404053
Desharnais,10,FAABE_FULL,66,0.3418538570404053
Desharnais,10,FAABE_FULL,67,0.3418538570404053
Desharnais,10,FAABE_FULL,68,0.3418538570404053
Desharnais,10,FAABE_FULL,69,0.3418538570404053
Desharnais,10,FAABE_FULL,70,0.3418538570404053
Desharnais,10,FAABE_FULL,71,0.3418538570404053
Desharnais,10,FAABE_FULL,72,0.3418538570404053
Desharnais,10,FAABE_FULL,73,0.3418538570404053
Desharnais,10,FAABE_FULL,74,0.3418538570404053
Desharnais,10,FAABE_FULL,75,0.3418538570404053
Desharnais,10,FAABE_FULL,76,0.3418538570404053
Desharnais,10,FAABE_FULL,77,0.3418538570404053
Desharnais,10,FAABE_FULL,78,0.3418538570404053
Desharnais,10,FAABE_FULL,79,0.3418538570404053
Desharnais,10,FAABE_FULL,80,0.3418538570404053
Desharnais,10,FAABE_FULL,81,0.3418538570404053
Desharnais,10,FAABE_FULL,82,0.3418538570404053
Desharnais,10,FAABE_FULL,83,0.3418538570404053
Desharnais,10,FAABE_FULL,84,0.3418538570404053
Desharnais,10,FAABE_FULL,85,0.3418538570404053
Desharnais,10,FAABE_FULL,86,0.3418538570404053
Desharnais,10,FAABE_FULL,87,0.3418538570404053
Desharnais,10,FAABE_FULL,88,0.3418538570404053
Desharnais,10,FAABE_FULL,89,0.3418538570404053
Desharnais,10,FAABE_FULL,90,0.3418538570404053
Desharnais,10,FAABE_FULL,91,0.3418538570404053
Desharnais,10,FAABE_FULL,92,0.3418538570404053
Desharnais,10,FAABE_FULL,93,0.3418538570404053
Desharnais,10,FAABE_FULL,94,0.3418538570404053
Desharnais,10,FAABE_FULL,95,0.3418538570404053
Desharnais,10,FAABE_FULL,96,0.3418538570404053
Desharnais,10,FAABE_FULL,97,0.3418538570404053
Desharnais,10,FAABE_FULL,98,0.3418538570404053
Desharnais,10,FAABE_FULL,99,0.3418538570404053
Desharnais,10,FAABE_FULL,100,0.3418538570404053
