Dataset,Fold,Variant,Iteration,Best_Training_MMRE
Valdes-Souto,1,FAABE_NO_PEARSON,0,0.6110632419586182
Valdes-Souto,1,FAABE_NO_PEARSON,1,0.5170084238052368
Valdes-Souto,1,FAABE_NO_PEARSON,2,0.5170084238052368
Valdes-Souto,1,FAABE_NO_PEARSON,3,0.5170084238052368
Valdes-Souto,1,FAABE_NO_PEARSON,4,0.5170084238052368
Valdes-Souto,1,FAABE_NO_PEARSON,5,0.5170084238052368
Valdes-Souto,1,FAABE_NO_PEARSON,6,0.5170084238052368
Valdes-Souto,1,FAABE_NO_PEARSON,7,0.5170084238052368
Valdes-Souto,1,FAABE_NO_PEARSON,8,0.5169994831085205
Valdes-Souto,1,FAABE_NO_PEARSON,9,0.5169994235038757
Valdes-Souto,1,FAABE_NO_PEARSON,10,0.5169994235038757
Valdes-Souto,1,FAABE_NO_PEARSON,11,0.5169994235038757
Valdes-Souto,1,FAABE_NO_PEARSON,12,0.5169994235038757
Valdes-Souto,1,FAABE_NO_PEARSON,13,0.5169994235038757
Valdes-Souto,1,FAABE_NO_PEARSON,14,0.5169994235038757
Valdes-Souto,1,FAABE_NO_PEARSON,15,0.5169994235038757
Valdes-Souto,1,FAABE_NO_PEARSON,16,0.5169878602027893
Valdes-Souto,1,FAABE_NO_PEARSON,17,0.5169878602027893
Valdes-Souto,1,FAABE_NO_PEARSON,18,0.5169878602027893
Valdes-Souto,1,FAABE_NO_PEARSON,19,0.5169878602027893
Valdes-Souto,1,FAABE_NO_PEARSON,20,0.5169616341590881
Valdes-Souto,1,FAABE_NO_PEARSON,21,0.5169616341590881
Valdes-Souto,1,FAABE_NO_PEARSON,22,0.5169616341590881
Valdes-Souto,1,FAABE_NO_PEARSON,23,0.5169616341590881
Valdes-Souto,1,FAABE_NO_PEARSON,24,0.5169616341590881
Valdes-Souto,1,FAABE_NO_PEARSON,25,0.5169616341590881
Valdes-Souto,1,FAABE_NO_PEARSON,26,0.5169616341590881
Valdes-Souto,1,FAABE_NO_PEARSON,27,0.5169616341590881
Valdes-Souto,1,FAABE_NO_PEARSON,28,0.5169616341590881
Valdes-Souto,1,FAABE_NO_PEARSON,29,0.5169616341590881
Valdes-Souto,1,FAABE_NO_PEARSON,30,0.5169616341590881
Valdes-Souto,1,FAABE_NO_PEARSON,31,0.5169616341590881
Valdes-Souto,1,FAABE_NO_PEARSON,32,0.5169616341590881
Valdes-Souto,1,FAABE_NO_PEARSON,33,0.5169616341590881
Valdes-Souto,1,FAABE_NO_PEARSON,34,0.5169616341590881
Valdes-Souto,1,FAABE_NO_PEARSON,35,0.5169616341590881
Valdes-Souto,1,FAABE_NO_PEARSON,36,0.5169616341590881
Valdes-Souto,1,FAABE_NO_PEARSON,37,0.5169616341590881
Valdes-Souto,1,FAABE_NO_PEARSON,38,0.5169616341590881
Valdes-Souto,1,FAABE_NO_PEARSON,39,0.5169616341590881
Valdes-Souto,1,FAABE_NO_PEARSON,40,0.5169616341590881
Valdes-Souto,1,FAABE_NO_PEARSON,41,0.5169616341590881
Valdes-Souto,1,FAABE_NO_PEARSON,42,0.5169616341590881
Valdes-Souto,1,FAABE_NO_PEARSON,43,0.5169616341590881
Valdes-Souto,1,FAABE_NO_PEARSON,44,0.5169616341590881
Valdes-Souto,1,FAABE_NO_PEARSON,45,0.5169616341590881
Valdes-Souto,1,FAABE_NO_PEARSON,46,0.5169616341590881
Valdes-Souto,1,FAABE_NO_PEARSON,47,0.5169616341590881
Valdes-Souto,1,FAABE_NO_PEARSON,48,0.5169616341590881
Valdes-Souto,1,FAABE_NO_PEARSON,49,0.5169616341590881
Valdes-Souto,1,FAABE_NO_PEARSON,50,0.5169616341590881
Valdes-Souto,1,FAABE_NO_PEARSON,51,0.5169616341590881
Valdes-Souto,1,FAABE_NO_PEARSON,52,0.5169616341590881
Valdes-Souto,1,FAABE_NO_PEARSON,53,0.5169616341590881
Valdes-Souto,1,FAABE_NO_PEARSON,54,0.5169616341590881
Valdes-Souto,1,FAABE_NO_PEARSON,55,0.5169616341590881
Valdes-Souto,1,FAABE_NO_PEARSON,56,0.5169616341590881
Valdes-Souto,1,FAABE_NO_PEARSON,57,0.5169616341590881
Valdes-Souto,1,FAABE_NO_PEARSON,58,0.5169616341590881
Valdes-Souto,1,FAABE_NO_PEARSON,59,0.5169616341590881
Valdes-Souto,1,FAABE_NO_PEARSON,60,0.5169616341590881
Valdes-Souto,1,FAABE_NO_PEARSON,61,0.5169616341590881
Valdes-Souto,1,FAABE_NO_PEARSON,62,0.5169616341590881
Valdes-Souto,1,FAABE_NO_PEARSON,63,0.5169616341590881
Valdes-Souto,1,FAABE_NO_PEARSON,64,0.5169616341590881
Valdes-Souto,1,FAABE_NO_PEARSON,65,0.5169616341590881
Valdes-Souto,1,FAABE_NO_PEARSON,66,0.5169616341590881
Valdes-Souto,1,FAABE_NO_PEARSON,67,0.5169616341590881
Valdes-Souto,1,FAABE_NO_PEARSON,68,0.5169616341590881
Valdes-Souto,1,FAABE_NO_PEARSON,69,0.5169616341590881
Valdes-Souto,1,FAABE_NO_PEARSON,70,0.5169616341590881
Valdes-Souto,1,FAABE_NO_PEARSON,71,0.5169616341590881
Valdes-Souto,1,FAABE_NO_PEARSON,72,0.5169616341590881
Valdes-Souto,1,FAABE_NO_PEARSON,73,0.5169616341590881
Valdes-Souto,1,FAABE_NO_PEARSON,74,0.5169616341590881
Valdes-Souto,1,FAABE_NO_PEARSON,75,0.5169616341590881
Valdes-Souto,1,FAABE_NO_PEARSON,76,0.5169616341590881
Valdes-Souto,1,FAABE_NO_PEARSON,77,0.5169616341590881
Valdes-Souto,1,FAABE_NO_PEARSON,78,0.5169616341590881
Valdes-Souto,1,FAABE_NO_PEARSON,79,0.5169616341590881
Valdes-Souto,1,FAABE_NO_PEARSON,80,0.5169616341590881
Valdes-Souto,1,FAABE_NO_PEARSON,81,0.5169616341590881
Valdes-Souto,1,FAABE_NO_PEARSON,82,0.5169616341590881
Valdes-Souto,1,FAABE_NO_PEARSON,83,0.5169616341590881
Valdes-Souto,1,FAABE_NO_PEARSON,84,0.5169616341590881
Valdes-Souto,1,FAABE_NO_PEARSON,85,0.5169616341590881
Valdes-Souto,1,FAABE_NO_PEARSON,86,0.5169616341590881
Valdes-Souto,1,FAABE_NO_PEARSON,87,0.5169616341590881
Valdes-Souto,1,FAABE_NO_PEARSON,88,0.5169616341590881
Valdes-Souto,1,FAABE_NO_PEARSON,89,0.5169616341590881
Valdes-Souto,1,FAABE_NO_PEARSON,90,0.5169616341590881
Valdes-Souto,1,FAABE_NO_PEARSON,91,0.5169616341590881
Valdes-Souto,1,FAABE_NO_PEARSON,92,0.5169616341590881
Valdes-Souto,1,FAABE_NO_PEARSON,93,0.5169616341590881
Valdes-Souto,1,FAABE_NO_PEARSON,94,0.5169616341590881
Valdes-Souto,1,FAABE_NO_PEARSON,95,0.5169616341590881
Valdes-Souto,1,FAABE_NO_PEARSON,96,0.5169616341590881
Valdes-Souto,1,FAABE_NO_PEARSON,97,0.5169616341590881
Valdes-Souto,1,FAABE_NO_PEARSON,98,0.5169616341590881
Valdes-Souto,1,FAABE_NO_PEARSON,99,0.5169616341590881
Valdes-Souto,1,FAABE_NO_PEARSON,100,0.5169616341590881
Valdes-Souto,1,FAABE_NO_IWM,0,2.606854200363159
Valdes-Souto,1,FAABE_NO_IWM,1,2.606854200363159
Valdes-Souto,1,FAABE_NO_IWM,2,2.606854200363159
Valdes-Souto,1,FAABE_NO_IWM,3,2.606854200363159
Valdes-Souto,1,FAABE_NO_IWM,4,2.606854200363159
Valdes-Souto,1,FAABE_NO_IWM,5,2.606854200363159
Valdes-Souto,1,FAABE_NO_IWM,6,2.606854200363159
Valdes-Souto,1,FAABE_NO_IWM,7,2.606854200363159
Valdes-Souto,1,FAABE_NO_IWM,8,2.606854200363159
Valdes-Souto,1,FAABE_NO_IWM,9,2.606854200363159
Valdes-Souto,1,FAABE_NO_IWM,10,2.606854200363159
Valdes-Souto,1,FAABE_NO_IWM,11,2.606854200363159
Valdes-Souto,1,FAABE_NO_IWM,12,2.606854200363159
Valdes-Souto,1,FAABE_NO_IWM,13,2.606854200363159
Valdes-Souto,1,FAABE_NO_IWM,14,2.606854200363159
Valdes-Souto,1,FAABE_NO_IWM,15,2.606854200363159
Valdes-Souto,1,FAABE_NO_IWM,16,2.606854200363159
Valdes-Souto,1,FAABE_NO_IWM,17,2.606854200363159
Valdes-Souto,1,FAABE_NO_IWM,18,2.606854200363159
Valdes-Souto,1,FAABE_NO_IWM,19,2.606854200363159
Valdes-Souto,1,FAABE_NO_IWM,20,2.606854200363159
Valdes-Souto,1,FAABE_NO_IWM,21,2.606854200363159
Valdes-Souto,1,FAABE_NO_IWM,22,2.606854200363159
Valdes-Souto,1,FAABE_NO_IWM,23,2.606854200363159
Valdes-Souto,1,FAABE_NO_IWM,24,2.606854200363159
Valdes-Souto,1,FAABE_NO_IWM,25,2.606854200363159
Valdes-Souto,1,FAABE_NO_IWM,26,2.606854200363159
Valdes-Souto,1,FAABE_NO_IWM,27,2.606854200363159
Valdes-Souto,1,FAABE_NO_IWM,28,2.606854200363159
Valdes-Souto,1,FAABE_NO_IWM,29,2.606854200363159
Valdes-Souto,1,FAABE_NO_IWM,30,2.606854200363159
Valdes-Souto,1,FAABE_NO_IWM,31,2.606854200363159
Valdes-Souto,1,FAABE_NO_IWM,32,2.606854200363159
Valdes-Souto,1,FAABE_NO_IWM,33,2.606854200363159
Valdes-Souto,1,FAABE_NO_IWM,34,2.606854200363159
Valdes-Souto,1,FAABE_NO_IWM,35,2.606854200363159
Valdes-Souto,1,FAABE_NO_IWM,36,2.606854200363159
Valdes-Souto,1,FAABE_NO_IWM,37,2.606854200363159
Valdes-Souto,1,FAABE_NO_IWM,38,2.606854200363159
Valdes-Souto,1,FAABE_NO_IWM,39,2.606854200363159
Valdes-Souto,1,FAABE_NO_IWM,40,2.606854200363159
Valdes-Souto,1,FAABE_NO_IWM,41,2.606854200363159
Valdes-Souto,1,FAABE_NO_IWM,42,2.606854200363159
Valdes-Souto,1,FAABE_NO_IWM,43,2.606854200363159
Valdes-Souto,1,FAABE_NO_IWM,44,2.606854200363159
Valdes-Souto,1,FAABE_NO_IWM,45,2.606854200363159
Valdes-Souto,1,FAABE_NO_IWM,46,2.606854200363159
Valdes-Souto,1,FAABE_NO_IWM,47,2.606854200363159
Valdes-Souto,1,FAABE_NO_IWM,48,2.606854200363159
Valdes-Souto,1,FAABE_NO_IWM,49,2.606854200363159
Valdes-Souto,1,FAABE_NO_IWM,50,2.606854200363159
Valdes-Souto,1,FAABE_NO_IWM,51,2.606854200363159
Valdes-Souto,1,FAABE_NO_IWM,52,2.606854200363159
Valdes-Souto,1,FAABE_NO_IWM,53,2.606854200363159
Valdes-Souto,1,FAABE_NO_IWM,54,2.606854200363159
Valdes-Souto,1,FAABE_NO_IWM,55,2.606854200363159
Valdes-Souto,1,FAABE_NO_IWM,56,2.606854200363159
Valdes-Souto,1,FAABE_NO_IWM,57,2.606854200363159
Valdes-Souto,1,FAABE_NO_IWM,58,2.606854200363159
Valdes-Souto,1,FAABE_NO_IWM,59,2.606854200363159
Valdes-Souto,1,FAABE_NO_IWM,60,2.606854200363159
Valdes-Souto,1,FAABE_NO_IWM,61,2.606854200363159
Valdes-Souto,1,FAABE_NO_IWM,62,2.606854200363159
Valdes-Souto,1,FAABE_NO_IWM,63,2.606854200363159
Valdes-Souto,1,FAABE_NO_IWM,64,2.606854200363159
Valdes-Souto,1,FAABE_NO_IWM,65,2.606854200363159
Valdes-Souto,1,FAABE_NO_IWM,66,2.606854200363159
Valdes-Souto,1,FAABE_NO_IWM,67,2.606854200363159
Valdes-Souto,1,FAABE_NO_IWM,68,2.606854200363159
Valdes-Souto,1,FAABE_NO_IWM,69,2.606854200363159
Valdes-Souto,1,FAABE_NO_IWM,70,2.606854200363159
Valdes-Souto,1,FAABE_NO_IWM,71,2.606854200363159
Valdes-Souto,1,FAABE_NO_IWM,72,2.606854200363159
Valdes-Souto,1,FAABE_NO_IWM,73,2.606854200363159
Valdes-Souto,1,FAABE_NO_IWM,74,2.606854200363159
Valdes-Souto,1,FAABE_NO_IWM,75,2.606854200363159
Valdes-Souto,1,FAABE_NO_IWM,76,2.606854200363159
Valdes-Souto,1,FAABE_NO_IWM,77,2.606854200363159
Valdes-Souto,1,FAABE_NO_IWM,78,2.606854200363159
Valdes-Souto,1,FAABE_NO_IWM,79,2.606854200363159
Valdes-Souto,1,FAABE_NO_IWM,80,2.606854200363159
Valdes-Souto,1,FAABE_NO_IWM,81,2.606854200363159
Valdes-Souto,1,FAABE_NO_IWM,82,2.606854200363159
Valdes-Souto,1,FAABE_NO_IWM,83,2.606854200363159
Valdes-Souto,1,FAABE_NO_IWM,84,2.606854200363159
Valdes-Souto,1,FAABE_NO_IWM,85,2.606854200363159
Valdes-Souto,1,FAABE_NO_IWM,86,2.606854200363159
Valdes-Souto,1,FAABE_NO_IWM,87,2.606854200363159
Valdes-Souto,1,FAABE_NO_IWM,88,2.606854200363159
Valdes-Souto,1,FAABE_NO_IWM,89,2.606854200363159
Valdes-Souto,1,FAABE_NO_IWM,90,2.606854200363159
Valdes-Souto,1,FAABE_NO_IWM,91,2.606854200363159
Valdes-Souto,1,FAABE_NO_IWM,92,2.606854200363159
Valdes-Souto,1,FAABE_NO_IWM,93,2.606854200363159
Valdes-Souto,1,FAABE_NO_IWM,94,2.606854200363159
Valdes-Souto,1,FAABE_NO_IWM,95,2.606854200363159
Valdes-Souto,1,FAABE_NO_IWM,96,2.606854200363159
Valdes-Souto,1,FAABE_NO_IWM,97,2.606854200363159
Valdes-Souto,1,FAABE_NO_IWM,98,2.606854200363159
Valdes-Souto,1,FAABE_NO_IWM,99,2.606854200363159
Valdes-Souto,1,FAABE_NO_IWM,100,2.606854200363159
Valdes-Souto,1,FAABE_FULL,0,2.8331761360168457
Valdes-Souto,1,FAABE_FULL,1,2.8331761360168457
Valdes-Souto,1,FAABE_FULL,2,2.8331761360168457
Valdes-Souto,1,FAABE_FULL,3,2.8331761360168457
Valdes-Souto,1,FAABE_FULL,4,2.8331761360168457
Valdes-Souto,1,FAABE_FULL,5,2.8331761360168457
Valdes-Souto,1,FAABE_FULL,6,2.8331761360168457
Valdes-Souto,1,FAABE_FULL,7,2.8331761360168457
Valdes-Souto,1,FAABE_FULL,8,2.8331761360168457
Valdes-Souto,1,FAABE_FULL,9,2.8331761360168457
Valdes-Souto,1,FAABE_FULL,10,2.8331761360168457
Valdes-Souto,1,FAABE_FULL,11,2.8331761360168457
Valdes-Souto,1,FAABE_FULL,12,2.8331761360168457
Valdes-Souto,1,FAABE_FULL,13,2.8331761360168457
Valdes-Souto,1,FAABE_FULL,14,2.8331761360168457
Valdes-Souto,1,FAABE_FULL,15,2.8331761360168457
Valdes-Souto,1,FAABE_FULL,16,2.8331761360168457
Valdes-Souto,1,FAABE_FULL,17,2.8331761360168457
Valdes-Souto,1,FAABE_FULL,18,2.8331761360168457
Valdes-Souto,1,FAABE_FULL,19,2.8331761360168457
Valdes-Souto,1,FAABE_FULL,20,2.8331761360168457
Valdes-Souto,1,FAABE_FULL,21,2.8331761360168457
Valdes-Souto,1,FAABE_FULL,22,2.8331761360168457
Valdes-Souto,1,FAABE_FULL,23,2.8331761360168457
Valdes-Souto,1,FAABE_FULL,24,2.8331761360168457
Valdes-Souto,1,FAABE_FULL,25,2.8331761360168457
Valdes-Souto,1,FAABE_FULL,26,2.8331761360168457
Valdes-Souto,1,FAABE_FULL,27,2.8331761360168457
Valdes-Souto,1,FAABE_FULL,28,2.8331761360168457
Valdes-Souto,1,FAABE_FULL,29,2.8331761360168457
Valdes-Souto,1,FAABE_FULL,30,2.8331761360168457
Valdes-Souto,1,FAABE_FULL,31,2.8331761360168457
Valdes-Souto,1,FAABE_FULL,32,2.8331761360168457
Valdes-Souto,1,FAABE_FULL,33,2.8331761360168457
Valdes-Souto,1,FAABE_FULL,34,2.8331761360168457
Valdes-Souto,1,FAABE_FULL,35,2.8331761360168457
Valdes-Souto,1,FAABE_FULL,36,2.8331761360168457
Valdes-Souto,1,FAABE_FULL,37,2.8331761360168457
Valdes-Souto,1,FAABE_FULL,38,2.8331761360168457
Valdes-Souto,1,FAABE_FULL,39,2.8331761360168457
Valdes-Souto,1,FAABE_FULL,40,2.8331761360168457
Valdes-Souto,1,FAABE_FULL,41,2.8331761360168457
Valdes-Souto,1,FAABE_FULL,42,2.8331761360168457
Valdes-Souto,1,FAABE_FULL,43,2.8331761360168457
Valdes-Souto,1,FAABE_FULL,44,2.8331761360168457
Valdes-Souto,1,FAABE_FULL,45,2.8331761360168457
Valdes-Souto,1,FAABE_FULL,46,2.8331761360168457
Valdes-Souto,1,FAABE_FULL,47,2.8331761360168457
Valdes-Souto,1,FAABE_FULL,48,2.8331761360168457
Valdes-Souto,1,FAABE_FULL,49,2.8331761360168457
Valdes-Souto,1,FAABE_FULL,50,2.8331761360168457
Valdes-Souto,1,FAABE_FULL,51,2.8331761360168457
Valdes-Souto,1,FAABE_FULL,52,2.8331761360168457
Valdes-Souto,1,FAABE_FULL,53,2.8331761360168457
Valdes-Souto,1,FAABE_FULL,54,2.8331761360168457
Valdes-Souto,1,FAABE_FULL,55,2.8331761360168457
Valdes-Souto,1,FAABE_FULL,56,2.8331761360168457
Valdes-Souto,1,FAABE_FULL,57,2.8331761360168457
Valdes-Souto,1,FAABE_FULL,58,2.8331761360168457
Valdes-Souto,1,FAABE_FULL,59,2.8331761360168457
Valdes-Souto,1,FAABE_FULL,60,2.8331761360168457
Valdes-Souto,1,FAABE_FULL,61,2.8331761360168457
Valdes-Souto,1,FAABE_FULL,62,2.8331761360168457
Valdes-Souto,1,FAABE_FULL,63,2.8331761360168457
Valdes-Souto,1,FAABE_FULL,64,2.8331761360168457
Valdes-Souto,1,FAABE_FULL,65,2.8331761360168457
Valdes-Souto,1,FAABE_FULL,66,2.8331761360168457
Valdes-Souto,1,FAABE_FULL,67,2.8331761360168457
Valdes-Souto,1,FAABE_FULL,68,2.8331761360168457
Valdes-Souto,1,FAABE_FULL,69,2.8331761360168457
Valdes-Souto,1,FAABE_FULL,70,2.8331761360168457
Valdes-Souto,1,FAABE_FULL,71,2.8331761360168457
Valdes-Souto,1,FAABE_FULL,72,2.8331761360168457
Valdes-Souto,1,FAABE_FULL,73,2.8331761360168457
Valdes-Souto,1,FAABE_FULL,74,2.8331761360168457
Valdes-Souto,1,FAABE_FULL,75,2.8331761360168457
Valdes-Souto,1,FAABE_FULL,76,2.8331761360168457
Valdes-Souto,1,FAABE_FULL,77,2.8331761360168457
Valdes-Souto,1,FAABE_FULL,78,2.8331761360168457
Valdes-Souto,1,FAABE_FULL,79,2.8331761360168457
Valdes-Souto,1,FAABE_FULL,80,2.8331761360168457
Valdes-Souto,1,FAABE_FULL,81,2.8331761360168457
Valdes-Souto,1,FAABE_FULL,82,2.8331761360168457
Valdes-Souto,1,FAABE_FULL,83,2.8331761360168457
Valdes-Souto,1,FAABE_FULL,84,2.8331761360168457
Valdes-Souto,1,FAABE_FULL,85,2.8331761360168457
Valdes-Souto,1,FAABE_FULL,86,2.8331761360168457
Valdes-Souto,1,FAABE_FULL,87,2.8331761360168457
Valdes-Souto,1,FAABE_FULL,88,2.8331761360168457
Valdes-Souto,1,FAABE_FULL,89,2.8331761360168457
Valdes-Souto,1,FAABE_FULL,90,2.8331761360168457
Valdes-Souto,1,FAABE_FULL,91,2.8331761360168457
Valdes-Souto,1,FAABE_FULL,92,2.8331761360168457
Valdes-Souto,1,FAABE_FULL,93,2.8331761360168457
Valdes-Souto,1,FAABE_FULL,94,2.8331761360168457
Valdes-Souto,1,FAABE_FULL,95,2.8331761360168457
Valdes-Souto,1,FAABE_FULL,96,2.8331761360168457
Valdes-Souto,1,FAABE_FULL,97,2.8331761360168457
Valdes-Souto,1,FAABE_FULL,98,2.8331761360168457
Valdes-Souto,1,FAABE_FULL,99,2.8331761360168457
Valdes-Souto,1,FAABE_FULL,100,2.8331761360168457
Valdes-Souto,2,FAABE_NO_PEARSON,0,0.4831426441669464
Valdes-Souto,2,FAABE_NO_PEARSON,1,0.48248061537742615
Valdes-Souto,2,FAABE_NO_PEARSON,2,0.48248061537742615
Valdes-Souto,2,FAABE_NO_PEARSON,3,0.48248061537742615
Valdes-Souto,2,FAABE_NO_PEARSON,4,0.48248061537742615
Valdes-Souto,2,FAABE_NO_PEARSON,5,0.48247918486595154
Valdes-Souto,2,FAABE_NO_PEARSON,6,0.48247918486595154
Valdes-Souto,2,FAABE_NO_PEARSON,7,0.48247164487838745
Valdes-Souto,2,FAABE_NO_PEARSON,8,0.48247164487838745
Valdes-Souto,2,FAABE_NO_PEARSON,9,0.48247164487838745
Valdes-Souto,2,FAABE_NO_PEARSON,10,0.48247164487838745
Valdes-Souto,2,FAABE_NO_PEARSON,11,0.48247164487838745
Valdes-Souto,2,FAABE_NO_PEARSON,12,0.48247164487838745
Valdes-Souto,2,FAABE_NO_PEARSON,13,0.48247164487838745
Valdes-Souto,2,FAABE_NO_PEARSON,14,0.48247164487838745
Valdes-Souto,2,FAABE_NO_PEARSON,15,0.48247164487838745
Valdes-Souto,2,FAABE_NO_PEARSON,16,0.48246631026268005
Valdes-Souto,2,FAABE_NO_PEARSON,17,0.4824488162994385
Valdes-Souto,2,FAABE_NO_PEARSON,18,0.4824488162994385
Valdes-Souto,2,FAABE_NO_PEARSON,19,0.4824488162994385
Valdes-Souto,2,FAABE_NO_PEARSON,20,0.4824488162994385
Valdes-Souto,2,FAABE_NO_PEARSON,21,0.4824488162994385
Valdes-Souto,2,FAABE_NO_PEARSON,22,0.4824488162994385
Valdes-Souto,2,FAABE_NO_PEARSON,23,0.4824488162994385
Valdes-Souto,2,FAABE_NO_PEARSON,24,0.4824488162994385
Valdes-Souto,2,FAABE_NO_PEARSON,25,0.4824488162994385
Valdes-Souto,2,FAABE_NO_PEARSON,26,0.4824488162994385
Valdes-Souto,2,FAABE_NO_PEARSON,27,0.4824488162994385
Valdes-Souto,2,FAABE_NO_PEARSON,28,0.4824488162994385
Valdes-Souto,2,FAABE_NO_PEARSON,29,0.4824488162994385
Valdes-Souto,2,FAABE_NO_PEARSON,30,0.4824488162994385
Valdes-Souto,2,FAABE_NO_PEARSON,31,0.4824488162994385
Valdes-Souto,2,FAABE_NO_PEARSON,32,0.4824488162994385
Valdes-Souto,2,FAABE_NO_PEARSON,33,0.4824488162994385
Valdes-Souto,2,FAABE_NO_PEARSON,34,0.4824488162994385
Valdes-Souto,2,FAABE_NO_PEARSON,35,0.4824488162994385
Valdes-Souto,2,FAABE_NO_PEARSON,36,0.4824488162994385
Valdes-Souto,2,FAABE_NO_PEARSON,37,0.4824488162994385
Valdes-Souto,2,FAABE_NO_PEARSON,38,0.4824488162994385
Valdes-Souto,2,FAABE_NO_PEARSON,39,0.4824488162994385
Valdes-Souto,2,FAABE_NO_PEARSON,40,0.4824488162994385
Valdes-Souto,2,FAABE_NO_PEARSON,41,0.4824488162994385
Valdes-Souto,2,FAABE_NO_PEARSON,42,0.4824488162994385
Valdes-Souto,2,FAABE_NO_PEARSON,43,0.4824488162994385
Valdes-Souto,2,FAABE_NO_PEARSON,44,0.4824488162994385
Valdes-Souto,2,FAABE_NO_PEARSON,45,0.4824488162994385
Valdes-Souto,2,FAABE_NO_PEARSON,46,0.4824488162994385
Valdes-Souto,2,FAABE_NO_PEARSON,47,0.4824488162994385
Valdes-Souto,2,FAABE_NO_PEARSON,48,0.4824488162994385
Valdes-Souto,2,FAABE_NO_PEARSON,49,0.4824488162994385
Valdes-Souto,2,FAABE_NO_PEARSON,50,0.4824488162994385
Valdes-Souto,2,FAABE_NO_PEARSON,51,0.4824488162994385
Valdes-Souto,2,FAABE_NO_PEARSON,52,0.4824488162994385
Valdes-Souto,2,FAABE_NO_PEARSON,53,0.4824488162994385
Valdes-Souto,2,FAABE_NO_PEARSON,54,0.4824488162994385
Valdes-Souto,2,FAABE_NO_PEARSON,55,0.4824488162994385
Valdes-Souto,2,FAABE_NO_PEARSON,56,0.4824488162994385
Valdes-Souto,2,FAABE_NO_PEARSON,57,0.4824488162994385
Valdes-Souto,2,FAABE_NO_PEARSON,58,0.4824488162994385
Valdes-Souto,2,FAABE_NO_PEARSON,59,0.4824488162994385
Valdes-Souto,2,FAABE_NO_PEARSON,60,0.4824488162994385
Valdes-Souto,2,FAABE_NO_PEARSON,61,0.4824488162994385
Valdes-Souto,2,FAABE_NO_PEARSON,62,0.4824488162994385
Valdes-Souto,2,FAABE_NO_PEARSON,63,0.4824488162994385
Valdes-Souto,2,FAABE_NO_PEARSON,64,0.4824488162994385
Valdes-Souto,2,FAABE_NO_PEARSON,65,0.4824488162994385
Valdes-Souto,2,FAABE_NO_PEARSON,66,0.4824488162994385
Valdes-Souto,2,FAABE_NO_PEARSON,67,0.4824488162994385
Valdes-Souto,2,FAABE_NO_PEARSON,68,0.4824488162994385
Valdes-Souto,2,FAABE_NO_PEARSON,69,0.4824488162994385
Valdes-Souto,2,FAABE_NO_PEARSON,70,0.4824488162994385
Valdes-Souto,2,FAABE_NO_PEARSON,71,0.4824488162994385
Valdes-Souto,2,FAABE_NO_PEARSON,72,0.4824488162994385
Valdes-Souto,2,FAABE_NO_PEARSON,73,0.4824488162994385
Valdes-Souto,2,FAABE_NO_PEARSON,74,0.4824488162994385
Valdes-Souto,2,FAABE_NO_PEARSON,75,0.4824488162994385
Valdes-Souto,2,FAABE_NO_PEARSON,76,0.4824484586715698
Valdes-Souto,2,FAABE_NO_PEARSON,77,0.4824484586715698
Valdes-Souto,2,FAABE_NO_PEARSON,78,0.4824484586715698
Valdes-Souto,2,FAABE_NO_PEARSON,79,0.4824484586715698
Valdes-Souto,2,FAABE_NO_PEARSON,80,0.4824484586715698
Valdes-Souto,2,FAABE_NO_PEARSON,81,0.4824484586715698
Valdes-Souto,2,FAABE_NO_PEARSON,82,0.4824484586715698
Valdes-Souto,2,FAABE_NO_PEARSON,83,0.4824484586715698
Valdes-Souto,2,FAABE_NO_PEARSON,84,0.4824484586715698
Valdes-Souto,2,FAABE_NO_PEARSON,85,0.4824484586715698
Valdes-Souto,2,FAABE_NO_PEARSON,86,0.4824484586715698
Valdes-Souto,2,FAABE_NO_PEARSON,87,0.4824484586715698
Valdes-Souto,2,FAABE_NO_PEARSON,88,0.4824484586715698
Valdes-Souto,2,FAABE_NO_PEARSON,89,0.4824484586715698
Valdes-Souto,2,FAABE_NO_PEARSON,90,0.4824484586715698
Valdes-Souto,2,FAABE_NO_PEARSON,91,0.4824484586715698
Valdes-Souto,2,FAABE_NO_PEARSON,92,0.4824484586715698
Valdes-Souto,2,FAABE_NO_PEARSON,93,0.4824484586715698
Valdes-Souto,2,FAABE_NO_PEARSON,94,0.4824484586715698
Valdes-Souto,2,FAABE_NO_PEARSON,95,0.4824484586715698
Valdes-Souto,2,FAABE_NO_PEARSON,96,0.4824484586715698
Valdes-Souto,2,FAABE_NO_PEARSON,97,0.4824484586715698
Valdes-Souto,2,FAABE_NO_PEARSON,98,0.4824484586715698
Valdes-Souto,2,FAABE_NO_PEARSON,99,0.4824484586715698
Valdes-Souto,2,FAABE_NO_PEARSON,100,0.4824484586715698
Valdes-Souto,2,FAABE_NO_IWM,0,2.2121448516845703
Valdes-Souto,2,FAABE_NO_IWM,1,2.2121448516845703
Valdes-Souto,2,FAABE_NO_IWM,2,2.2121448516845703
Valdes-Souto,2,FAABE_NO_IWM,3,2.2121448516845703
Valdes-Souto,2,FAABE_NO_IWM,4,2.2121448516845703
Valdes-Souto,2,FAABE_NO_IWM,5,2.2121448516845703
Valdes-Souto,2,FAABE_NO_IWM,6,2.2121448516845703
Valdes-Souto,2,FAABE_NO_IWM,7,2.2121448516845703
Valdes-Souto,2,FAABE_NO_IWM,8,2.2121448516845703
Valdes-Souto,2,FAABE_NO_IWM,9,2.2121448516845703
Valdes-Souto,2,FAABE_NO_IWM,10,2.2121448516845703
Valdes-Souto,2,FAABE_NO_IWM,11,2.2121448516845703
Valdes-Souto,2,FAABE_NO_IWM,12,2.2121448516845703
Valdes-Souto,2,FAABE_NO_IWM,13,2.2121448516845703
Valdes-Souto,2,FAABE_NO_IWM,14,2.2121448516845703
Valdes-Souto,2,FAABE_NO_IWM,15,2.2121448516845703
Valdes-Souto,2,FAABE_NO_IWM,16,2.2121448516845703
Valdes-Souto,2,FAABE_NO_IWM,17,2.2121448516845703
Valdes-Souto,2,FAABE_NO_IWM,18,2.2121448516845703
Valdes-Souto,2,FAABE_NO_IWM,19,2.2121448516845703
Valdes-Souto,2,FAABE_NO_IWM,20,2.2121448516845703
Valdes-Souto,2,FAABE_NO_IWM,21,2.2121448516845703
Valdes-Souto,2,FAABE_NO_IWM,22,2.2121448516845703
Valdes-Souto,2,FAABE_NO_IWM,23,2.2121448516845703
Valdes-Souto,2,FAABE_NO_IWM,24,2.2121448516845703
Valdes-Souto,2,FAABE_NO_IWM,25,2.2121448516845703
Valdes-Souto,2,FAABE_NO_IWM,26,2.2121448516845703
Valdes-Souto,2,FAABE_NO_IWM,27,2.2121448516845703
Valdes-Souto,2,FAABE_NO_IWM,28,2.2121448516845703
Valdes-Souto,2,FAABE_NO_IWM,29,2.2121448516845703
Valdes-Souto,2,FAABE_NO_IWM,30,2.2121448516845703
Valdes-Souto,2,FAABE_NO_IWM,31,2.2121448516845703
Valdes-Souto,2,FAABE_NO_IWM,32,2.2121448516845703
Valdes-Souto,2,FAABE_NO_IWM,33,2.2121448516845703
Valdes-Souto,2,FAABE_NO_IWM,34,2.2121448516845703
Valdes-Souto,2,FAABE_NO_IWM,35,2.2121448516845703
Valdes-Souto,2,FAABE_NO_IWM,36,2.2121448516845703
Valdes-Souto,2,FAABE_NO_IWM,37,2.2121448516845703
Valdes-Souto,2,FAABE_NO_IWM,38,2.2121448516845703
Valdes-Souto,2,FAABE_NO_IWM,39,2.2121448516845703
Valdes-Souto,2,FAABE_NO_IWM,40,2.2121448516845703
Valdes-Souto,2,FAABE_NO_IWM,41,2.2121448516845703
Valdes-Souto,2,FAABE_NO_IWM,42,2.2121448516845703
Valdes-Souto,2,FAABE_NO_IWM,43,2.2121448516845703
Valdes-Souto,2,FAABE_NO_IWM,44,2.2121448516845703
Valdes-Souto,2,FAABE_NO_IWM,45,2.2121448516845703
Valdes-Souto,2,FAABE_NO_IWM,46,2.2121448516845703
Valdes-Souto,2,FAABE_NO_IWM,47,2.2121448516845703
Valdes-Souto,2,FAABE_NO_IWM,48,2.2121448516845703
Valdes-Souto,2,FAABE_NO_IWM,49,2.2121448516845703
Valdes-Souto,2,FAABE_NO_IWM,50,2.2121448516845703
Valdes-Souto,2,FAABE_NO_IWM,51,2.2121448516845703
Valdes-Souto,2,FAABE_NO_IWM,52,2.2121448516845703
Valdes-Souto,2,FAABE_NO_IWM,53,2.2121448516845703
Valdes-Souto,2,FAABE_NO_IWM,54,2.2121448516845703
Valdes-Souto,2,FAABE_NO_IWM,55,2.2121448516845703
Valdes-Souto,2,FAABE_NO_IWM,56,2.2121448516845703
Valdes-Souto,2,FAABE_NO_IWM,57,2.2121448516845703
Valdes-Souto,2,FAABE_NO_IWM,58,2.2121448516845703
Valdes-Souto,2,FAABE_NO_IWM,59,2.2121448516845703
Valdes-Souto,2,FAABE_NO_IWM,60,2.2121448516845703
Valdes-Souto,2,FAABE_NO_IWM,61,2.2121448516845703
Valdes-Souto,2,FAABE_NO_IWM,62,2.2121448516845703
Valdes-Souto,2,FAABE_NO_IWM,63,2.2121448516845703
Valdes-Souto,2,FAABE_NO_IWM,64,2.2121448516845703
Valdes-Souto,2,FAABE_NO_IWM,65,2.2121448516845703
Valdes-Souto,2,FAABE_NO_IWM,66,2.2121448516845703
Valdes-Souto,2,FAABE_NO_IWM,67,2.2121448516845703
Valdes-Souto,2,FAABE_NO_IWM,68,2.2121448516845703
Valdes-Souto,2,FAABE_NO_IWM,69,2.2121448516845703
Valdes-Souto,2,FAABE_NO_IWM,70,2.2121448516845703
Valdes-Souto,2,FAABE_NO_IWM,71,2.2121448516845703
Valdes-Souto,2,FAABE_NO_IWM,72,2.2121448516845703
Valdes-Souto,2,FAABE_NO_IWM,73,2.2121448516845703
Valdes-Souto,2,FAABE_NO_IWM,74,2.2121448516845703
Valdes-Souto,2,FAABE_NO_IWM,75,2.2121448516845703
Valdes-Souto,2,FAABE_NO_IWM,76,2.2121448516845703
Valdes-Souto,2,FAABE_NO_IWM,77,2.2121448516845703
Valdes-Souto,2,FAABE_NO_IWM,78,2.2121448516845703
Valdes-Souto,2,FAABE_NO_IWM,79,2.2121448516845703
Valdes-Souto,2,FAABE_NO_IWM,80,2.2121448516845703
Valdes-Souto,2,FAABE_NO_IWM,81,2.2121448516845703
Valdes-Souto,2,FAABE_NO_IWM,82,2.2121448516845703
Valdes-Souto,2,FAABE_NO_IWM,83,2.2121448516845703
Valdes-Souto,2,FAABE_NO_IWM,84,2.2121448516845703
Valdes-Souto,2,FAABE_NO_IWM,85,2.2121448516845703
Valdes-Souto,2,FAABE_NO_IWM,86,2.2121448516845703
Valdes-Souto,2,FAABE_NO_IWM,87,2.2121448516845703
Valdes-Souto,2,FAABE_NO_IWM,88,2.2121448516845703
Valdes-Souto,2,FAABE_NO_IWM,89,2.2121448516845703
Valdes-Souto,2,FAABE_NO_IWM,90,2.2121448516845703
Valdes-Souto,2,FAABE_NO_IWM,91,2.2121448516845703
Valdes-Souto,2,FAABE_NO_IWM,92,2.2121448516845703
Valdes-Souto,2,FAABE_NO_IWM,93,2.2121448516845703
Valdes-Souto,2,FAABE_NO_IWM,94,2.2121448516845703
Valdes-Souto,2,FAABE_NO_IWM,95,2.2121448516845703
Valdes-Souto,2,FAABE_NO_IWM,96,2.2121448516845703
Valdes-Souto,2,FAABE_NO_IWM,97,2.2121448516845703
Valdes-Souto,2,FAABE_NO_IWM,98,2.2121448516845703
Valdes-Souto,2,FAABE_NO_IWM,99,2.2121448516845703
Valdes-Souto,2,FAABE_NO_IWM,100,2.2121448516845703
Valdes-Souto,2,FAABE_FULL,0,2.513115882873535
Valdes-Souto,2,FAABE_FULL,1,2.513115882873535
Valdes-Souto,2,FAABE_FULL,2,2.513115882873535
Valdes-Souto,2,FAABE_FULL,3,2.513115882873535
Valdes-Souto,2,FAABE_FULL,4,2.513115882873535
Valdes-Souto,2,FAABE_FULL,5,2.513115882873535
Valdes-Souto,2,FAABE_FULL,6,2.513115882873535
Valdes-Souto,2,FAABE_FULL,7,2.513115882873535
Valdes-Souto,2,FAABE_FULL,8,2.513115882873535
Valdes-Souto,2,FAABE_FULL,9,2.513115882873535
Valdes-Souto,2,FAABE_FULL,10,2.513115882873535
Valdes-Souto,2,FAABE_FULL,11,2.513115882873535
Valdes-Souto,2,FAABE_FULL,12,2.513115882873535
Valdes-Souto,2,FAABE_FULL,13,2.513115882873535
Valdes-Souto,2,FAABE_FULL,14,2.513115882873535
Valdes-Souto,2,FAABE_FULL,15,2.513115882873535
Valdes-Souto,2,FAABE_FULL,16,2.513115882873535
Valdes-Souto,2,FAABE_FULL,17,2.513115882873535
Valdes-Souto,2,FAABE_FULL,18,2.513115882873535
Valdes-Souto,2,FAABE_FULL,19,2.513115882873535
Valdes-Souto,2,FAABE_FULL,20,2.513115882873535
Valdes-Souto,2,FAABE_FULL,21,2.513115882873535
Valdes-Souto,2,FAABE_FULL,22,2.513115882873535
Valdes-Souto,2,FAABE_FULL,23,2.513115882873535
Valdes-Souto,2,FAABE_FULL,24,2.513115882873535
Valdes-Souto,2,FAABE_FULL,25,2.513115882873535
Valdes-Souto,2,FAABE_FULL,26,2.513115882873535
Valdes-Souto,2,FAABE_FULL,27,2.513115882873535
Valdes-Souto,2,FAABE_FULL,28,2.513115882873535
Valdes-Souto,2,FAABE_FULL,29,2.513115882873535
Valdes-Souto,2,FAABE_FULL,30,2.513115882873535
Valdes-Souto,2,FAABE_FULL,31,2.513115882873535
Valdes-Souto,2,FAABE_FULL,32,2.513115882873535
Valdes-Souto,2,FAABE_FULL,33,2.513115882873535
Valdes-Souto,2,FAABE_FULL,34,2.513115882873535
Valdes-Souto,2,FAABE_FULL,35,2.513115882873535
Valdes-Souto,2,FAABE_FULL,36,2.513115882873535
Valdes-Souto,2,FAABE_FULL,37,2.513115882873535
Valdes-Souto,2,FAABE_FULL,38,2.513115882873535
Valdes-Souto,2,FAABE_FULL,39,2.513115882873535
Valdes-Souto,2,FAABE_FULL,40,2.513115882873535
Valdes-Souto,2,FAABE_FULL,41,2.513115882873535
Valdes-Souto,2,FAABE_FULL,42,2.513115882873535
Valdes-Souto,2,FAABE_FULL,43,2.513115882873535
Valdes-Souto,2,FAABE_FULL,44,2.513115882873535
Valdes-Souto,2,FAABE_FULL,45,2.513115882873535
Valdes-Souto,2,FAABE_FULL,46,2.513115882873535
Valdes-Souto,2,FAABE_FULL,47,2.513115882873535
Valdes-Souto,2,FAABE_FULL,48,2.513115882873535
Valdes-Souto,2,FAABE_FULL,49,2.513115882873535
Valdes-Souto,2,FAABE_FULL,50,2.513115882873535
Valdes-Souto,2,FAABE_FULL,51,2.513115882873535
Valdes-Souto,2,FAABE_FULL,52,2.513115882873535
Valdes-Souto,2,FAABE_FULL,53,2.513115882873535
Valdes-Souto,2,FAABE_FULL,54,2.513115882873535
Valdes-Souto,2,FAABE_FULL,55,2.513115882873535
Valdes-Souto,2,FAABE_FULL,56,2.513115882873535
Valdes-Souto,2,FAABE_FULL,57,2.513115882873535
Valdes-Souto,2,FAABE_FULL,58,2.513115882873535
Valdes-Souto,2,FAABE_FULL,59,2.513115882873535
Valdes-Souto,2,FAABE_FULL,60,2.513115882873535
Valdes-Souto,2,FAABE_FULL,61,2.513115882873535
Valdes-Souto,2,FAABE_FULL,62,2.513115882873535
Valdes-Souto,2,FAABE_FULL,63,2.513115882873535
Valdes-Souto,2,FAABE_FULL,64,2.513115882873535
Valdes-Souto,2,FAABE_FULL,65,2.513115882873535
Valdes-Souto,2,FAABE_FULL,66,2.513115882873535
Valdes-Souto,2,FAABE_FULL,67,2.513115882873535
Valdes-Souto,2,FAABE_FULL,68,2.513115882873535
Valdes-Souto,2,FAABE_FULL,69,2.513115882873535
Valdes-Souto,2,FAABE_FULL,70,2.513115882873535
Valdes-Souto,2,FAABE_FULL,71,2.513115882873535
Valdes-Souto,2,FAABE_FULL,72,2.513115882873535
Valdes-Souto,2,FAABE_FULL,73,2.513115882873535
Valdes-Souto,2,FAABE_FULL,74,2.513115882873535
Valdes-Souto,2,FAABE_FULL,75,2.513115882873535
Valdes-Souto,2,FAABE_FULL,76,2.513115882873535
Valdes-Souto,2,FAABE_FULL,77,2.513115882873535
Valdes-Souto,2,FAABE_FULL,78,2.513115882873535
Valdes-Souto,2,FAABE_FULL,79,2.513115882873535
Valdes-Souto,2,FAABE_FULL,80,2.513115882873535
Valdes-Souto,2,FAABE_FULL,81,2.513115882873535
Valdes-Souto,2,FAABE_FULL,82,2.513115882873535
Valdes-Souto,2,FAABE_FULL,83,2.513115882873535
Valdes-Souto,2,FAABE_FULL,84,2.513115882873535
Valdes-Souto,2,FAABE_FULL,85,2.513115882873535
Valdes-Souto,2,FAABE_FULL,86,2.513115882873535
Valdes-Souto,2,FAABE_FULL,87,2.513115882873535
Valdes-Souto,2,FAABE_FULL,88,2.513115882873535
Valdes-Souto,2,FAABE_FULL,89,2.513115882873535
Valdes-Souto,2,FAABE_FULL,90,2.513115882873535
Valdes-Souto,2,FAABE_FULL,91,2.513115882873535
Valdes-Souto,2,FAABE_FULL,92,2.513115882873535
Valdes-Souto,2,FAABE_FULL,93,2.513115882873535
Valdes-Souto,2,FAABE_FULL,94,2.513115882873535
Valdes-Souto,2,FAABE_FULL,95,2.513115882873535
Valdes-Souto,2,FAABE_FULL,96,2.513115882873535
Valdes-Souto,2,FAABE_FULL,97,2.513115882873535
Valdes-Souto,2,FAABE_FULL,98,2.513115882873535
Valdes-Souto,2,FAABE_FULL,99,2.513115882873535
Valdes-Souto,2,FAABE_FULL,100,2.513115882873535
Valdes-Souto,3,FAABE_NO_PEARSON,0,0.5092951059341431
Valdes-Souto,3,FAABE_NO_PEARSON,1,0.49970588088035583
Valdes-Souto,3,FAABE_NO_PEARSON,2,0.4990333914756775
Valdes-Souto,3,FAABE_NO_PEARSON,3,0.4990333914756775
Valdes-Souto,3,FAABE_NO_PEARSON,4,0.4990333914756775
Valdes-Souto,3,FAABE_NO_PEARSON,5,0.4990333914756775
Valdes-Souto,3,FAABE_NO_PEARSON,6,0.4990333914756775
Valdes-Souto,3,FAABE_NO_PEARSON,7,0.4990333914756775
Valdes-Souto,3,FAABE_NO_PEARSON,8,0.4990333914756775
Valdes-Souto,3,FAABE_NO_PEARSON,9,0.49893587827682495
Valdes-Souto,3,FAABE_NO_PEARSON,10,0.49893587827682495
Valdes-Souto,3,FAABE_NO_PEARSON,11,0.49893346428871155
Valdes-Souto,3,FAABE_NO_PEARSON,12,0.49893346428871155
Valdes-Souto,3,FAABE_NO_PEARSON,13,0.49893346428871155
Valdes-Souto,3,FAABE_NO_PEARSON,14,0.49893346428871155
Valdes-Souto,3,FAABE_NO_PEARSON,15,0.49893346428871155
Valdes-Souto,3,FAABE_NO_PEARSON,16,0.49893346428871155
Valdes-Souto,3,FAABE_NO_PEARSON,17,0.49893346428871155
Valdes-Souto,3,FAABE_NO_PEARSON,18,0.49893346428871155
Valdes-Souto,3,FAABE_NO_PEARSON,19,0.49893346428871155
Valdes-Souto,3,FAABE_NO_PEARSON,20,0.49893346428871155
Valdes-Souto,3,FAABE_NO_PEARSON,21,0.49893346428871155
Valdes-Souto,3,FAABE_NO_PEARSON,22,0.49893346428871155
Valdes-Souto,3,FAABE_NO_PEARSON,23,0.49893346428871155
Valdes-Souto,3,FAABE_NO_PEARSON,24,0.49893346428871155
Valdes-Souto,3,FAABE_NO_PEARSON,25,0.49893346428871155
Valdes-Souto,3,FAABE_NO_PEARSON,26,0.49893346428871155
Valdes-Souto,3,FAABE_NO_PEARSON,27,0.49893346428871155
Valdes-Souto,3,FAABE_NO_PEARSON,28,0.49893346428871155
Valdes-Souto,3,FAABE_NO_PEARSON,29,0.49893346428871155
Valdes-Souto,3,FAABE_NO_PEARSON,30,0.49893346428871155
Valdes-Souto,3,FAABE_NO_PEARSON,31,0.49893346428871155
Valdes-Souto,3,FAABE_NO_PEARSON,32,0.49893346428871155
Valdes-Souto,3,FAABE_NO_PEARSON,33,0.49893346428871155
Valdes-Souto,3,FAABE_NO_PEARSON,34,0.49893346428871155
Valdes-Souto,3,FAABE_NO_PEARSON,35,0.49893346428871155
Valdes-Souto,3,FAABE_NO_PEARSON,36,0.49893346428871155
Valdes-Souto,3,FAABE_NO_PEARSON,37,0.49893346428871155
Valdes-Souto,3,FAABE_NO_PEARSON,38,0.49893346428871155
Valdes-Souto,3,FAABE_NO_PEARSON,39,0.49893346428871155
Valdes-Souto,3,FAABE_NO_PEARSON,40,0.49893346428871155
Valdes-Souto,3,FAABE_NO_PEARSON,41,0.49893346428871155
Valdes-Souto,3,FAABE_NO_PEARSON,42,0.49893346428871155
Valdes-Souto,3,FAABE_NO_PEARSON,43,0.49893346428871155
Valdes-Souto,3,FAABE_NO_PEARSON,44,0.49893346428871155
Valdes-Souto,3,FAABE_NO_PEARSON,45,0.49893346428871155
Valdes-Souto,3,FAABE_NO_PEARSON,46,0.49893346428871155
Valdes-Souto,3,FAABE_NO_PEARSON,47,0.49893346428871155
Valdes-Souto,3,FAABE_NO_PEARSON,48,0.49893346428871155
Valdes-Souto,3,FAABE_NO_PEARSON,49,0.49893346428871155
Valdes-Souto,3,FAABE_NO_PEARSON,50,0.49893346428871155
Valdes-Souto,3,FAABE_NO_PEARSON,51,0.49893346428871155
Valdes-Souto,3,FAABE_NO_PEARSON,52,0.49893346428871155
Valdes-Souto,3,FAABE_NO_PEARSON,53,0.49893346428871155
Valdes-Souto,3,FAABE_NO_PEARSON,54,0.49893346428871155
Valdes-Souto,3,FAABE_NO_PEARSON,55,0.49893346428871155
Valdes-Souto,3,FAABE_NO_PEARSON,56,0.49893346428871155
Valdes-Souto,3,FAABE_NO_PEARSON,57,0.49893346428871155
Valdes-Souto,3,FAABE_NO_PEARSON,58,0.49893346428871155
Valdes-Souto,3,FAABE_NO_PEARSON,59,0.49893346428871155
Valdes-Souto,3,FAABE_NO_PEARSON,60,0.49893346428871155
Valdes-Souto,3,FAABE_NO_PEARSON,61,0.49893346428871155
Valdes-Souto,3,FAABE_NO_PEARSON,62,0.49893346428871155
Valdes-Souto,3,FAABE_NO_PEARSON,63,0.49893346428871155
Valdes-Souto,3,FAABE_NO_PEARSON,64,0.49893346428871155
Valdes-Souto,3,FAABE_NO_PEARSON,65,0.49893346428871155
Valdes-Souto,3,FAABE_NO_PEARSON,66,0.49893346428871155
Valdes-Souto,3,FAABE_NO_PEARSON,67,0.49893346428871155
Valdes-Souto,3,FAABE_NO_PEARSON,68,0.49893346428871155
Valdes-Souto,3,FAABE_NO_PEARSON,69,0.49893346428871155
Valdes-Souto,3,FAABE_NO_PEARSON,70,0.49893346428871155
Valdes-Souto,3,FAABE_NO_PEARSON,71,0.49893346428871155
Valdes-Souto,3,FAABE_NO_PEARSON,72,0.49893346428871155
Valdes-Souto,3,FAABE_NO_PEARSON,73,0.49893346428871155
Valdes-Souto,3,FAABE_NO_PEARSON,74,0.49893346428871155
Valdes-Souto,3,FAABE_NO_PEARSON,75,0.49893346428871155
Valdes-Souto,3,FAABE_NO_PEARSON,76,0.49893346428871155
Valdes-Souto,3,FAABE_NO_PEARSON,77,0.49893346428871155
Valdes-Souto,3,FAABE_NO_PEARSON,78,0.49893346428871155
Valdes-Souto,3,FAABE_NO_PEARSON,79,0.49893346428871155
Valdes-Souto,3,FAABE_NO_PEARSON,80,0.49893346428871155
Valdes-Souto,3,FAABE_NO_PEARSON,81,0.49893346428871155
Valdes-Souto,3,FAABE_NO_PEARSON,82,0.49893346428871155
Valdes-Souto,3,FAABE_NO_PEARSON,83,0.49893346428871155
Valdes-Souto,3,FAABE_NO_PEARSON,84,0.49893346428871155
Valdes-Souto,3,FAABE_NO_PEARSON,85,0.49893346428871155
Valdes-Souto,3,FAABE_NO_PEARSON,86,0.49893346428871155
Valdes-Souto,3,FAABE_NO_PEARSON,87,0.49893346428871155
Valdes-Souto,3,FAABE_NO_PEARSON,88,0.49893346428871155
Valdes-Souto,3,FAABE_NO_PEARSON,89,0.49893346428871155
Valdes-Souto,3,FAABE_NO_PEARSON,90,0.49893346428871155
Valdes-Souto,3,FAABE_NO_PEARSON,91,0.49893346428871155
Valdes-Souto,3,FAABE_NO_PEARSON,92,0.49893346428871155
Valdes-Souto,3,FAABE_NO_PEARSON,93,0.49893346428871155
Valdes-Souto,3,FAABE_NO_PEARSON,94,0.49893346428871155
Valdes-Souto,3,FAABE_NO_PEARSON,95,0.49893346428871155
Valdes-Souto,3,FAABE_NO_PEARSON,96,0.49893346428871155
Valdes-Souto,3,FAABE_NO_PEARSON,97,0.49893346428871155
Valdes-Souto,3,FAABE_NO_PEARSON,98,0.49893346428871155
Valdes-Souto,3,FAABE_NO_PEARSON,99,0.49893346428871155
Valdes-Souto,3,FAABE_NO_PEARSON,100,0.49893346428871155
Valdes-Souto,3,FAABE_NO_IWM,0,2.823359966278076
Valdes-Souto,3,FAABE_NO_IWM,1,2.823359966278076
Valdes-Souto,3,FAABE_NO_IWM,2,2.823359966278076
Valdes-Souto,3,FAABE_NO_IWM,3,2.823359966278076
Valdes-Souto,3,FAABE_NO_IWM,4,2.823359966278076
Valdes-Souto,3,FAABE_NO_IWM,5,2.823359966278076
Valdes-Souto,3,FAABE_NO_IWM,6,2.823359966278076
Valdes-Souto,3,FAABE_NO_IWM,7,2.823359966278076
Valdes-Souto,3,FAABE_NO_IWM,8,2.823359966278076
Valdes-Souto,3,FAABE_NO_IWM,9,2.823359966278076
Valdes-Souto,3,FAABE_NO_IWM,10,2.823359966278076
Valdes-Souto,3,FAABE_NO_IWM,11,2.823359966278076
Valdes-Souto,3,FAABE_NO_IWM,12,2.823359966278076
Valdes-Souto,3,FAABE_NO_IWM,13,2.823359966278076
Valdes-Souto,3,FAABE_NO_IWM,14,2.823359966278076
Valdes-Souto,3,FAABE_NO_IWM,15,2.823359966278076
Valdes-Souto,3,FAABE_NO_IWM,16,2.823359966278076
Valdes-Souto,3,FAABE_NO_IWM,17,2.823359966278076
Valdes-Souto,3,FAABE_NO_IWM,18,2.823359966278076
Valdes-Souto,3,FAABE_NO_IWM,19,2.823359966278076
Valdes-Souto,3,FAABE_NO_IWM,20,2.823359966278076
Valdes-Souto,3,FAABE_NO_IWM,21,2.823359966278076
Valdes-Souto,3,FAABE_NO_IWM,22,2.823359966278076
Valdes-Souto,3,FAABE_NO_IWM,23,2.823359966278076
Valdes-Souto,3,FAABE_NO_IWM,24,2.823359966278076
Valdes-Souto,3,FAABE_NO_IWM,25,2.823359966278076
Valdes-Souto,3,FAABE_NO_IWM,26,2.823359966278076
Valdes-Souto,3,FAABE_NO_IWM,27,2.823359966278076
Valdes-Souto,3,FAABE_NO_IWM,28,2.823359966278076
Valdes-Souto,3,FAABE_NO_IWM,29,2.823359966278076
Valdes-Souto,3,FAABE_NO_IWM,30,2.823359966278076
Valdes-Souto,3,FAABE_NO_IWM,31,2.823359966278076
Valdes-Souto,3,FAABE_NO_IWM,32,2.823359966278076
Valdes-Souto,3,FAABE_NO_IWM,33,2.823359966278076
Valdes-Souto,3,FAABE_NO_IWM,34,2.823359966278076
Valdes-Souto,3,FAABE_NO_IWM,35,2.823359966278076
Valdes-Souto,3,FAABE_NO_IWM,36,2.823359966278076
Valdes-Souto,3,FAABE_NO_IWM,37,2.823359966278076
Valdes-Souto,3,FAABE_NO_IWM,38,2.823359966278076
Valdes-Souto,3,FAABE_NO_IWM,39,2.823359966278076
Valdes-Souto,3,FAABE_NO_IWM,40,2.823359966278076
Valdes-Souto,3,FAABE_NO_IWM,41,2.823359966278076
Valdes-Souto,3,FAABE_NO_IWM,42,2.823359966278076
Valdes-Souto,3,FAABE_NO_IWM,43,2.823359966278076
Valdes-Souto,3,FAABE_NO_IWM,44,2.823359966278076
Valdes-Souto,3,FAABE_NO_IWM,45,2.823359966278076
Valdes-Souto,3,FAABE_NO_IWM,46,2.823359966278076
Valdes-Souto,3,FAABE_NO_IWM,47,2.823359966278076
Valdes-Souto,3,FAABE_NO_IWM,48,2.823359966278076
Valdes-Souto,3,FAABE_NO_IWM,49,2.823359966278076
Valdes-Souto,3,FAABE_NO_IWM,50,2.823359966278076
Valdes-Souto,3,FAABE_NO_IWM,51,2.823359966278076
Valdes-Souto,3,FAABE_NO_IWM,52,2.823359966278076
Valdes-Souto,3,FAABE_NO_IWM,53,2.823359966278076
Valdes-Souto,3,FAABE_NO_IWM,54,2.823359966278076
Valdes-Souto,3,FAABE_NO_IWM,55,2.823359966278076
Valdes-Souto,3,FAABE_NO_IWM,56,2.823359966278076
Valdes-Souto,3,FAABE_NO_IWM,57,2.823359966278076
Valdes-Souto,3,FAABE_NO_IWM,58,2.823359966278076
Valdes-Souto,3,FAABE_NO_IWM,59,2.823359966278076
Valdes-Souto,3,FAABE_NO_IWM,60,2.823359966278076
Valdes-Souto,3,FAABE_NO_IWM,61,2.823359966278076
Valdes-Souto,3,FAABE_NO_IWM,62,2.823359966278076
Valdes-Souto,3,FAABE_NO_IWM,63,2.823359966278076
Valdes-Souto,3,FAABE_NO_IWM,64,2.823359966278076
Valdes-Souto,3,FAABE_NO_IWM,65,2.823359966278076
Valdes-Souto,3,FAABE_NO_IWM,66,2.823359966278076
Valdes-Souto,3,FAABE_NO_IWM,67,2.823359966278076
Valdes-Souto,3,FAABE_NO_IWM,68,2.823359966278076
Valdes-Souto,3,FAABE_NO_IWM,69,2.823359966278076
Valdes-Souto,3,FAABE_NO_IWM,70,2.823359966278076
Valdes-Souto,3,FAABE_NO_IWM,71,2.823359966278076
Valdes-Souto,3,FAABE_NO_IWM,72,2.823359966278076
Valdes-Souto,3,FAABE_NO_IWM,73,2.823359966278076
Valdes-Souto,3,FAABE_NO_IWM,74,2.823359966278076
Valdes-Souto,3,FAABE_NO_IWM,75,2.823359966278076
Valdes-Souto,3,FAABE_NO_IWM,76,2.823359966278076
Valdes-Souto,3,FAABE_NO_IWM,77,2.823359966278076
Valdes-Souto,3,FAABE_NO_IWM,78,2.823359966278076
Valdes-Souto,3,FAABE_NO_IWM,79,2.823359966278076
Valdes-Souto,3,FAABE_NO_IWM,80,2.823359966278076
Valdes-Souto,3,FAABE_NO_IWM,81,2.823359966278076
Valdes-Souto,3,FAABE_NO_IWM,82,2.823359966278076
Valdes-Souto,3,FAABE_NO_IWM,83,2.823359966278076
Valdes-Souto,3,FAABE_NO_IWM,84,2.823359966278076
Valdes-Souto,3,FAABE_NO_IWM,85,2.823359966278076
Valdes-Souto,3,FAABE_NO_IWM,86,2.823359966278076
Valdes-Souto,3,FAABE_NO_IWM,87,2.823359966278076
Valdes-Souto,3,FAABE_NO_IWM,88,2.823359966278076
Valdes-Souto,3,FAABE_NO_IWM,89,2.823359966278076
Valdes-Souto,3,FAABE_NO_IWM,90,2.823359966278076
Valdes-Souto,3,FAABE_NO_IWM,91,2.823359966278076
Valdes-Souto,3,FAABE_NO_IWM,92,2.823359966278076
Valdes-Souto,3,FAABE_NO_IWM,93,2.823359966278076
Valdes-Souto,3,FAABE_NO_IWM,94,2.823359966278076
Valdes-Souto,3,FAABE_NO_IWM,95,2.823359966278076
Valdes-Souto,3,FAABE_NO_IWM,96,2.823359966278076
Valdes-Souto,3,FAABE_NO_IWM,97,2.823359966278076
Valdes-Souto,3,FAABE_NO_IWM,98,2.823359966278076
Valdes-Souto,3,FAABE_NO_IWM,99,2.823359966278076
Valdes-Souto,3,FAABE_NO_IWM,100,2.823359966278076
Valdes-Souto,3,FAABE_FULL,0,3.231212854385376
Valdes-Souto,3,FAABE_FULL,1,3.231212854385376
Valdes-Souto,3,FAABE_FULL,2,3.231212854385376
Valdes-Souto,3,FAABE_FULL,3,3.231212854385376
Valdes-Souto,3,FAABE_FULL,4,3.231212854385376
Valdes-Souto,3,FAABE_FULL,5,3.231212854385376
Valdes-Souto,3,FAABE_FULL,6,3.231212854385376
Valdes-Souto,3,FAABE_FULL,7,3.231212854385376
Valdes-Souto,3,FAABE_FULL,8,3.231212854385376
Valdes-Souto,3,FAABE_FULL,9,3.231212854385376
Valdes-Souto,3,FAABE_FULL,10,3.231212854385376
Valdes-Souto,3,FAABE_FULL,11,3.231212854385376
Valdes-Souto,3,FAABE_FULL,12,3.231212854385376
Valdes-Souto,3,FAABE_FULL,13,3.231212854385376
Valdes-Souto,3,FAABE_FULL,14,3.231212854385376
Valdes-Souto,3,FAABE_FULL,15,3.231212854385376
Valdes-Souto,3,FAABE_FULL,16,3.231212854385376
Valdes-Souto,3,FAABE_FULL,17,3.231212854385376
Valdes-Souto,3,FAABE_FULL,18,3.231212854385376
Valdes-Souto,3,FAABE_FULL,19,3.231212854385376
Valdes-Souto,3,FAABE_FULL,20,3.231212854385376
Valdes-Souto,3,FAABE_FULL,21,3.231212854385376
Valdes-Souto,3,FAABE_FULL,22,3.231212854385376
Valdes-Souto,3,FAABE_FULL,23,3.231212854385376
Valdes-Souto,3,FAABE_FULL,24,3.231212854385376
Valdes-Souto,3,FAABE_FULL,25,3.231212854385376
Valdes-Souto,3,FAABE_FULL,26,3.231212854385376
Valdes-Souto,3,FAABE_FULL,27,3.231212854385376
Valdes-Souto,3,FAABE_FULL,28,3.231212854385376
Valdes-Souto,3,FAABE_FULL,29,3.231212854385376
Valdes-Souto,3,FAABE_FULL,30,3.231212854385376
Valdes-Souto,3,FAABE_FULL,31,3.231212854385376
Valdes-Souto,3,FAABE_FULL,32,3.231212854385376
Valdes-Souto,3,FAABE_FULL,33,3.231212854385376
Valdes-Souto,3,FAABE_FULL,34,3.231212854385376
Valdes-Souto,3,FAABE_FULL,35,3.231212854385376
Valdes-Souto,3,FAABE_FULL,36,3.231212854385376
Valdes-Souto,3,FAABE_FULL,37,3.231212854385376
Valdes-Souto,3,FAABE_FULL,38,3.231212854385376
Valdes-Souto,3,FAABE_FULL,39,3.231212854385376
Valdes-Souto,3,FAABE_FULL,40,3.231212854385376
Valdes-Souto,3,FAABE_FULL,41,3.231212854385376
Valdes-Souto,3,FAABE_FULL,42,3.231212854385376
Valdes-Souto,3,FAABE_FULL,43,3.231212854385376
Valdes-Souto,3,FAABE_FULL,44,3.231212854385376
Valdes-Souto,3,FAABE_FULL,45,3.231212854385376
Valdes-Souto,3,FAABE_FULL,46,3.231212854385376
Valdes-Souto,3,FAABE_FULL,47,3.231212854385376
Valdes-Souto,3,FAABE_FULL,48,3.231212854385376
Valdes-Souto,3,FAABE_FULL,49,3.231212854385376
Valdes-Souto,3,FAABE_FULL,50,3.231212854385376
Valdes-Souto,3,FAABE_FULL,51,3.231212854385376
Valdes-Souto,3,FAABE_FULL,52,3.231212854385376
Valdes-Souto,3,FAABE_FULL,53,3.231212854385376
Valdes-Souto,3,FAABE_FULL,54,3.231212854385376
Valdes-Souto,3,FAABE_FULL,55,3.231212854385376
Valdes-Souto,3,FAABE_FULL,56,3.231212854385376
Valdes-Souto,3,FAABE_FULL,57,3.231212854385376
Valdes-Souto,3,FAABE_FULL,58,3.231212854385376
Valdes-Souto,3,FAABE_FULL,59,3.231212854385376
Valdes-Souto,3,FAABE_FULL,60,3.231212854385376
Valdes-Souto,3,FAABE_FULL,61,3.231212854385376
Valdes-Souto,3,FAABE_FULL,62,3.231212854385376
Valdes-Souto,3,FAABE_FULL,63,3.231212854385376
Valdes-Souto,3,FAABE_FULL,64,3.231212854385376
Valdes-Souto,3,FAABE_FULL,65,3.231212854385376
Valdes-Souto,3,FAABE_FULL,66,3.231212854385376
Valdes-Souto,3,FAABE_FULL,67,3.231212854385376
Valdes-Souto,3,FAABE_FULL,68,3.231212854385376
Valdes-Souto,3,FAABE_FULL,69,3.231212854385376
Valdes-Souto,3,FAABE_FULL,70,3.231212854385376
Valdes-Souto,3,FAABE_FULL,71,3.231212854385376
Valdes-Souto,3,FAABE_FULL,72,3.231212854385376
Valdes-Souto,3,FAABE_FULL,73,3.231212854385376
Valdes-Souto,3,FAABE_FULL,74,3.231212854385376
Valdes-Souto,3,FAABE_FULL,75,3.231212854385376
Valdes-Souto,3,FAABE_FULL,76,3.231212854385376
Valdes-Souto,3,FAABE_FULL,77,3.231212854385376
Valdes-Souto,3,FAABE_FULL,78,3.231212854385376
Valdes-Souto,3,FAABE_FULL,79,3.231212854385376
Valdes-Souto,3,FAABE_FULL,80,3.231212854385376
Valdes-Souto,3,FAABE_FULL,81,3.231212854385376
Valdes-Souto,3,FAABE_FULL,82,3.231212854385376
Valdes-Souto,3,FAABE_FULL,83,3.231212854385376
Valdes-Souto,3,FAABE_FULL,84,3.231212854385376
Valdes-Souto,3,FAABE_FULL,85,3.231212854385376
Valdes-Souto,3,FAABE_FULL,86,3.231212854385376
Valdes-Souto,3,FAABE_FULL,87,3.231212854385376
Valdes-Souto,3,FAABE_FULL,88,3.231212854385376
Valdes-Souto,3,FAABE_FULL,89,3.231212854385376
Valdes-Souto,3,FAABE_FULL,90,3.231212854385376
Valdes-Souto,3,FAABE_FULL,91,3.231212854385376
Valdes-Souto,3,FAABE_FULL,92,3.231212854385376
Valdes-Souto,3,FAABE_FULL,93,3.231212854385376
Valdes-Souto,3,FAABE_FULL,94,3.231212854385376
Valdes-Souto,3,FAABE_FULL,95,3.231212854385376
Valdes-Souto,3,FAABE_FULL,96,3.231212854385376
Valdes-Souto,3,FAABE_FULL,97,3.231212854385376
Valdes-Souto,3,FAABE_FULL,98,3.231212854385376
Valdes-Souto,3,FAABE_FULL,99,3.231212854385376
Valdes-Souto,3,FAABE_FULL,100,3.231212854385376
Valdes-Souto,4,FAABE_NO_PEARSON,0,0.5523149967193604
Valdes-Souto,4,FAABE_NO_PEARSON,1,0.5382733345031738
Valdes-Souto,4,FAABE_NO_PEARSON,2,0.5382733345031738
Valdes-Souto,4,FAABE_NO_PEARSON,3,0.5382733345031738
Valdes-Souto,4,FAABE_NO_PEARSON,4,0.5382733345031738
Valdes-Souto,4,FAABE_NO_PEARSON,5,0.538271427154541
Valdes-Souto,4,FAABE_NO_PEARSON,6,0.538271427154541
Valdes-Souto,4,FAABE_NO_PEARSON,7,0.538271427154541
Valdes-Souto,4,FAABE_NO_PEARSON,8,0.538271427154541
Valdes-Souto,4,FAABE_NO_PEARSON,9,0.538271427154541
Valdes-Souto,4,FAABE_NO_PEARSON,10,0.538271427154541
Valdes-Souto,4,FAABE_NO_PEARSON,11,0.538271427154541
Valdes-Souto,4,FAABE_NO_PEARSON,12,0.538271427154541
Valdes-Souto,4,FAABE_NO_PEARSON,13,0.538271427154541
Valdes-Souto,4,FAABE_NO_PEARSON,14,0.538271427154541
Valdes-Souto,4,FAABE_NO_PEARSON,15,0.538271427154541
Valdes-Souto,4,FAABE_NO_PEARSON,16,0.538270890712738
Valdes-Souto,4,FAABE_NO_PEARSON,17,0.538270890712738
Valdes-Souto,4,FAABE_NO_PEARSON,18,0.538270890712738
Valdes-Souto,4,FAABE_NO_PEARSON,19,0.538270890712738
Valdes-Souto,4,FAABE_NO_PEARSON,20,0.538270890712738
Valdes-Souto,4,FAABE_NO_PEARSON,21,0.538270890712738
Valdes-Souto,4,FAABE_NO_PEARSON,22,0.538270890712738
Valdes-Souto,4,FAABE_NO_PEARSON,23,0.538270890712738
Valdes-Souto,4,FAABE_NO_PEARSON,24,0.538270890712738
Valdes-Souto,4,FAABE_NO_PEARSON,25,0.538270890712738
Valdes-Souto,4,FAABE_NO_PEARSON,26,0.538270890712738
Valdes-Souto,4,FAABE_NO_PEARSON,27,0.538270890712738
Valdes-Souto,4,FAABE_NO_PEARSON,28,0.538270890712738
Valdes-Souto,4,FAABE_NO_PEARSON,29,0.538270890712738
Valdes-Souto,4,FAABE_NO_PEARSON,30,0.538270890712738
Valdes-Souto,4,FAABE_NO_PEARSON,31,0.538270890712738
Valdes-Souto,4,FAABE_NO_PEARSON,32,0.538270890712738
Valdes-Souto,4,FAABE_NO_PEARSON,33,0.538270890712738
Valdes-Souto,4,FAABE_NO_PEARSON,34,0.538270890712738
Valdes-Souto,4,FAABE_NO_PEARSON,35,0.538270890712738
Valdes-Souto,4,FAABE_NO_PEARSON,36,0.538270890712738
Valdes-Souto,4,FAABE_NO_PEARSON,37,0.538270890712738
Valdes-Souto,4,FAABE_NO_PEARSON,38,0.538270890712738
Valdes-Souto,4,FAABE_NO_PEARSON,39,0.5382702946662903
Valdes-Souto,4,FAABE_NO_PEARSON,40,0.5382702946662903
Valdes-Souto,4,FAABE_NO_PEARSON,41,0.5382702946662903
Valdes-Souto,4,FAABE_NO_PEARSON,42,0.5382702946662903
Valdes-Souto,4,FAABE_NO_PEARSON,43,0.5382702946662903
Valdes-Souto,4,FAABE_NO_PEARSON,44,0.5382702946662903
Valdes-Souto,4,FAABE_NO_PEARSON,45,0.5382702946662903
Valdes-Souto,4,FAABE_NO_PEARSON,46,0.5382702946662903
Valdes-Souto,4,FAABE_NO_PEARSON,47,0.5382702946662903
Valdes-Souto,4,FAABE_NO_PEARSON,48,0.5382702946662903
Valdes-Souto,4,FAABE_NO_PEARSON,49,0.5382702946662903
Valdes-Souto,4,FAABE_NO_PEARSON,50,0.5382702946662903
Valdes-Souto,4,FAABE_NO_PEARSON,51,0.5382702946662903
Valdes-Souto,4,FAABE_NO_PEARSON,52,0.5382702946662903
Valdes-Souto,4,FAABE_NO_PEARSON,53,0.5382702946662903
Valdes-Souto,4,FAABE_NO_PEARSON,54,0.5382665395736694
Valdes-Souto,4,FAABE_NO_PEARSON,55,0.5382665395736694
Valdes-Souto,4,FAABE_NO_PEARSON,56,0.5382665395736694
Valdes-Souto,4,FAABE_NO_PEARSON,57,0.5382665395736694
Valdes-Souto,4,FAABE_NO_PEARSON,58,0.5382665395736694
Valdes-Souto,4,FAABE_NO_PEARSON,59,0.5382665395736694
Valdes-Souto,4,FAABE_NO_PEARSON,60,0.5382665395736694
Valdes-Souto,4,FAABE_NO_PEARSON,61,0.5382665395736694
Valdes-Souto,4,FAABE_NO_PEARSON,62,0.5382665395736694
Valdes-Souto,4,FAABE_NO_PEARSON,63,0.5382665395736694
Valdes-Souto,4,FAABE_NO_PEARSON,64,0.5382665395736694
Valdes-Souto,4,FAABE_NO_PEARSON,65,0.5382665395736694
Valdes-Souto,4,FAABE_NO_PEARSON,66,0.5382665395736694
Valdes-Souto,4,FAABE_NO_PEARSON,67,0.5382665395736694
Valdes-Souto,4,FAABE_NO_PEARSON,68,0.5382665395736694
Valdes-Souto,4,FAABE_NO_PEARSON,69,0.5382665395736694
Valdes-Souto,4,FAABE_NO_PEARSON,70,0.5382665395736694
Valdes-Souto,4,FAABE_NO_PEARSON,71,0.5382665395736694
Valdes-Souto,4,FAABE_NO_PEARSON,72,0.5382665395736694
Valdes-Souto,4,FAABE_NO_PEARSON,73,0.5382665395736694
Valdes-Souto,4,FAABE_NO_PEARSON,74,0.5382665395736694
Valdes-Souto,4,FAABE_NO_PEARSON,75,0.5382665395736694
Valdes-Souto,4,FAABE_NO_PEARSON,76,0.5382665395736694
Valdes-Souto,4,FAABE_NO_PEARSON,77,0.5382665395736694
Valdes-Souto,4,FAABE_NO_PEARSON,78,0.5382665395736694
Valdes-Souto,4,FAABE_NO_PEARSON,79,0.5382665395736694
Valdes-Souto,4,FAABE_NO_PEARSON,80,0.5382665395736694
Valdes-Souto,4,FAABE_NO_PEARSON,81,0.5382665395736694
Valdes-Souto,4,FAABE_NO_PEARSON,82,0.5382665395736694
Valdes-Souto,4,FAABE_NO_PEARSON,83,0.5382665395736694
Valdes-Souto,4,FAABE_NO_PEARSON,84,0.5382665395736694
Valdes-Souto,4,FAABE_NO_PEARSON,85,0.5382665395736694
Valdes-Souto,4,FAABE_NO_PEARSON,86,0.5382665395736694
Valdes-Souto,4,FAABE_NO_PEARSON,87,0.5382665395736694
Valdes-Souto,4,FAABE_NO_PEARSON,88,0.5382665395736694
Valdes-Souto,4,FAABE_NO_PEARSON,89,0.5382665395736694
Valdes-Souto,4,FAABE_NO_PEARSON,90,0.5382665395736694
Valdes-Souto,4,FAABE_NO_PEARSON,91,0.5382665395736694
Valdes-Souto,4,FAABE_NO_PEARSON,92,0.5382665395736694
Valdes-Souto,4,FAABE_NO_PEARSON,93,0.5382665395736694
Valdes-Souto,4,FAABE_NO_PEARSON,94,0.5382665395736694
Valdes-Souto,4,FAABE_NO_PEARSON,95,0.5382665395736694
Valdes-Souto,4,FAABE_NO_PEARSON,96,0.5382665395736694
Valdes-Souto,4,FAABE_NO_PEARSON,97,0.5382665395736694
Valdes-Souto,4,FAABE_NO_PEARSON,98,0.5382665395736694
Valdes-Souto,4,FAABE_NO_PEARSON,99,0.5382665395736694
Valdes-Souto,4,FAABE_NO_PEARSON,100,0.5382665395736694
Valdes-Souto,4,FAABE_NO_IWM,0,2.8763043880462646
Valdes-Souto,4,FAABE_NO_IWM,1,2.8763043880462646
Valdes-Souto,4,FAABE_NO_IWM,2,2.8763043880462646
Valdes-Souto,4,FAABE_NO_IWM,3,2.8763043880462646
Valdes-Souto,4,FAABE_NO_IWM,4,2.8763043880462646
Valdes-Souto,4,FAABE_NO_IWM,5,2.8763043880462646
Valdes-Souto,4,FAABE_NO_IWM,6,2.8763043880462646
Valdes-Souto,4,FAABE_NO_IWM,7,2.8763043880462646
Valdes-Souto,4,FAABE_NO_IWM,8,2.8763043880462646
Valdes-Souto,4,FAABE_NO_IWM,9,2.8763043880462646
Valdes-Souto,4,FAABE_NO_IWM,10,2.8763043880462646
Valdes-Souto,4,FAABE_NO_IWM,11,2.8763043880462646
Valdes-Souto,4,FAABE_NO_IWM,12,2.8763043880462646
Valdes-Souto,4,FAABE_NO_IWM,13,2.8763043880462646
Valdes-Souto,4,FAABE_NO_IWM,14,2.8763043880462646
Valdes-Souto,4,FAABE_NO_IWM,15,2.8763043880462646
Valdes-Souto,4,FAABE_NO_IWM,16,2.8763043880462646
Valdes-Souto,4,FAABE_NO_IWM,17,2.8763043880462646
Valdes-Souto,4,FAABE_NO_IWM,18,2.8763043880462646
Valdes-Souto,4,FAABE_NO_IWM,19,2.8763043880462646
Valdes-Souto,4,FAABE_NO_IWM,20,2.8763043880462646
Valdes-Souto,4,FAABE_NO_IWM,21,2.8763043880462646
Valdes-Souto,4,FAABE_NO_IWM,22,2.8763043880462646
Valdes-Souto,4,FAABE_NO_IWM,23,2.8763043880462646
Valdes-Souto,4,FAABE_NO_IWM,24,2.8763043880462646
Valdes-Souto,4,FAABE_NO_IWM,25,2.8763043880462646
Valdes-Souto,4,FAABE_NO_IWM,26,2.8763043880462646
Valdes-Souto,4,FAABE_NO_IWM,27,2.8763043880462646
Valdes-Souto,4,FAABE_NO_IWM,28,2.8763043880462646
Valdes-Souto,4,FAABE_NO_IWM,29,2.8763043880462646
Valdes-Souto,4,FAABE_NO_IWM,30,2.8763043880462646
Valdes-Souto,4,FAABE_NO_IWM,31,2.8763043880462646
Valdes-Souto,4,FAABE_NO_IWM,32,2.8763043880462646
Valdes-Souto,4,FAABE_NO_IWM,33,2.8763043880462646
Valdes-Souto,4,FAABE_NO_IWM,34,2.8763043880462646
Valdes-Souto,4,FAABE_NO_IWM,35,2.8763043880462646
Valdes-Souto,4,FAABE_NO_IWM,36,2.8763043880462646
Valdes-Souto,4,FAABE_NO_IWM,37,2.8763043880462646
Valdes-Souto,4,FAABE_NO_IWM,38,2.8763043880462646
Valdes-Souto,4,FAABE_NO_IWM,39,2.8763043880462646
Valdes-Souto,4,FAABE_NO_IWM,40,2.8763043880462646
Valdes-Souto,4,FAABE_NO_IWM,41,2.8763043880462646
Valdes-Souto,4,FAABE_NO_IWM,42,2.8763043880462646
Valdes-Souto,4,FAABE_NO_IWM,43,2.8763043880462646
Valdes-Souto,4,FAABE_NO_IWM,44,2.8763043880462646
Valdes-Souto,4,FAABE_NO_IWM,45,2.8763043880462646
Valdes-Souto,4,FAABE_NO_IWM,46,2.8763043880462646
Valdes-Souto,4,FAABE_NO_IWM,47,2.8763043880462646
Valdes-Souto,4,FAABE_NO_IWM,48,2.8763043880462646
Valdes-Souto,4,FAABE_NO_IWM,49,2.8763043880462646
Valdes-Souto,4,FAABE_NO_IWM,50,2.8763043880462646
Valdes-Souto,4,FAABE_NO_IWM,51,2.8763043880462646
Valdes-Souto,4,FAABE_NO_IWM,52,2.8763043880462646
Valdes-Souto,4,FAABE_NO_IWM,53,2.8763043880462646
Valdes-Souto,4,FAABE_NO_IWM,54,2.8763043880462646
Valdes-Souto,4,FAABE_NO_IWM,55,2.8763043880462646
Valdes-Souto,4,FAABE_NO_IWM,56,2.8763043880462646
Valdes-Souto,4,FAABE_NO_IWM,57,2.8763043880462646
Valdes-Souto,4,FAABE_NO_IWM,58,2.8763043880462646
Valdes-Souto,4,FAABE_NO_IWM,59,2.8763043880462646
Valdes-Souto,4,FAABE_NO_IWM,60,2.8763043880462646
Valdes-Souto,4,FAABE_NO_IWM,61,2.8763043880462646
Valdes-Souto,4,FAABE_NO_IWM,62,2.8763043880462646
Valdes-Souto,4,FAABE_NO_IWM,63,2.8763043880462646
Valdes-Souto,4,FAABE_NO_IWM,64,2.8763043880462646
Valdes-Souto,4,FAABE_NO_IWM,65,2.8763043880462646
Valdes-Souto,4,FAABE_NO_IWM,66,2.8763043880462646
Valdes-Souto,4,FAABE_NO_IWM,67,2.8763043880462646
Valdes-Souto,4,FAABE_NO_IWM,68,2.8763043880462646
Valdes-Souto,4,FAABE_NO_IWM,69,2.8763043880462646
Valdes-Souto,4,FAABE_NO_IWM,70,2.8763043880462646
Valdes-Souto,4,FAABE_NO_IWM,71,2.8763043880462646
Valdes-Souto,4,FAABE_NO_IWM,72,2.8763043880462646
Valdes-Souto,4,FAABE_NO_IWM,73,2.8763043880462646
Valdes-Souto,4,FAABE_NO_IWM,74,2.8763043880462646
Valdes-Souto,4,FAABE_NO_IWM,75,2.8763043880462646
Valdes-Souto,4,FAABE_NO_IWM,76,2.8763043880462646
Valdes-Souto,4,FAABE_NO_IWM,77,2.8763043880462646
Valdes-Souto,4,FAABE_NO_IWM,78,2.8763043880462646
Valdes-Souto,4,FAABE_NO_IWM,79,2.8763043880462646
Valdes-Souto,4,FAABE_NO_IWM,80,2.8763043880462646
Valdes-Souto,4,FAABE_NO_IWM,81,2.8763043880462646
Valdes-Souto,4,FAABE_NO_IWM,82,2.8763043880462646
Valdes-Souto,4,FAABE_NO_IWM,83,2.8763043880462646
Valdes-Souto,4,FAABE_NO_IWM,84,2.8763043880462646
Valdes-Souto,4,FAABE_NO_IWM,85,2.8763043880462646
Valdes-Souto,4,FAABE_NO_IWM,86,2.8763043880462646
Valdes-Souto,4,FAABE_NO_IWM,87,2.8763043880462646
Valdes-Souto,4,FAABE_NO_IWM,88,2.8763043880462646
Valdes-Souto,4,FAABE_NO_IWM,89,2.8763043880462646
Valdes-Souto,4,FAABE_NO_IWM,90,2.8763043880462646
Valdes-Souto,4,FAABE_NO_IWM,91,2.8763043880462646
Valdes-Souto,4,FAABE_NO_IWM,92,2.8763043880462646
Valdes-Souto,4,FAABE_NO_IWM,93,2.8763043880462646
Valdes-Souto,4,FAABE_NO_IWM,94,2.8763043880462646
Valdes-Souto,4,FAABE_NO_IWM,95,2.8763043880462646
Valdes-Souto,4,FAABE_NO_IWM,96,2.8763043880462646
Valdes-Souto,4,FAABE_NO_IWM,97,2.8763043880462646
Valdes-Souto,4,FAABE_NO_IWM,98,2.8763043880462646
Valdes-Souto,4,FAABE_NO_IWM,99,2.8763043880462646
Valdes-Souto,4,FAABE_NO_IWM,100,2.8763043880462646
Valdes-Souto,4,FAABE_FULL,0,3.236502170562744
Valdes-Souto,4,FAABE_FULL,1,3.236502170562744
Valdes-Souto,4,FAABE_FULL,2,3.236502170562744
Valdes-Souto,4,FAABE_FULL,3,3.236502170562744
Valdes-Souto,4,FAABE_FULL,4,3.236502170562744
Valdes-Souto,4,FAABE_FULL,5,3.236502170562744
Valdes-Souto,4,FAABE_FULL,6,3.236502170562744
Valdes-Souto,4,FAABE_FULL,7,3.236502170562744
Valdes-Souto,4,FAABE_FULL,8,3.236502170562744
Valdes-Souto,4,FAABE_FULL,9,3.236502170562744
Valdes-Souto,4,FAABE_FULL,10,3.236502170562744
Valdes-Souto,4,FAABE_FULL,11,3.236502170562744
Valdes-Souto,4,FAABE_FULL,12,3.236502170562744
Valdes-Souto,4,FAABE_FULL,13,3.236502170562744
Valdes-Souto,4,FAABE_FULL,14,3.236502170562744
Valdes-Souto,4,FAABE_FULL,15,3.236502170562744
Valdes-Souto,4,FAABE_FULL,16,3.236502170562744
Valdes-Souto,4,FAABE_FULL,17,3.236502170562744
Valdes-Souto,4,FAABE_FULL,18,3.236502170562744
Valdes-Souto,4,FAABE_FULL,19,3.236502170562744
Valdes-Souto,4,FAABE_FULL,20,3.236502170562744
Valdes-Souto,4,FAABE_FULL,21,3.236502170562744
Valdes-Souto,4,FAABE_FULL,22,3.236502170562744
Valdes-Souto,4,FAABE_FULL,23,3.236502170562744
Valdes-Souto,4,FAABE_FULL,24,3.236502170562744
Valdes-Souto,4,FAABE_FULL,25,3.236502170562744
Valdes-Souto,4,FAABE_FULL,26,3.236502170562744
Valdes-Souto,4,FAABE_FULL,27,3.236502170562744
Valdes-Souto,4,FAABE_FULL,28,3.236502170562744
Valdes-Souto,4,FAABE_FULL,29,3.236502170562744
Valdes-Souto,4,FAABE_FULL,30,3.236502170562744
Valdes-Souto,4,FAABE_FULL,31,3.236502170562744
Valdes-Souto,4,FAABE_FULL,32,3.236502170562744
Valdes-Souto,4,FAABE_FULL,33,3.236502170562744
Valdes-Souto,4,FAABE_FULL,34,3.236502170562744
Valdes-Souto,4,FAABE_FULL,35,3.236502170562744
Valdes-Souto,4,FAABE_FULL,36,3.236502170562744
Valdes-Souto,4,FAABE_FULL,37,3.236502170562744
Valdes-Souto,4,FAABE_FULL,38,3.236502170562744
Valdes-Souto,4,FAABE_FULL,39,3.236502170562744
Valdes-Souto,4,FAABE_FULL,40,3.236502170562744
Valdes-Souto,4,FAABE_FULL,41,3.236502170562744
Valdes-Souto,4,FAABE_FULL,42,3.236502170562744
Valdes-Souto,4,FAABE_FULL,43,3.236502170562744
Valdes-Souto,4,FAABE_FULL,44,3.236502170562744
Valdes-Souto,4,FAABE_FULL,45,3.236502170562744
Valdes-Souto,4,FAABE_FULL,46,3.236502170562744
Valdes-Souto,4,FAABE_FULL,47,3.236502170562744
Valdes-Souto,4,FAABE_FULL,48,3.236502170562744
Valdes-Souto,4,FAABE_FULL,49,3.236502170562744
Valdes-Souto,4,FAABE_FULL,50,3.236502170562744
Valdes-Souto,4,FAABE_FULL,51,3.236502170562744
Valdes-Souto,4,FAABE_FULL,52,3.236502170562744
Valdes-Souto,4,FAABE_FULL,53,3.236502170562744
Valdes-Souto,4,FAABE_FULL,54,3.236502170562744
Valdes-Souto,4,FAABE_FULL,55,3.236502170562744
Valdes-Souto,4,FAABE_FULL,56,3.236502170562744
Valdes-Souto,4,FAABE_FULL,57,3.236502170562744
Valdes-Souto,4,FAABE_FULL,58,3.236502170562744
Valdes-Souto,4,FAABE_FULL,59,3.236502170562744
Valdes-Souto,4,FAABE_FULL,60,3.236502170562744
Valdes-Souto,4,FAABE_FULL,61,3.236502170562744
Valdes-Souto,4,FAABE_FULL,62,3.236502170562744
Valdes-Souto,4,FAABE_FULL,63,3.236502170562744
Valdes-Souto,4,FAABE_FULL,64,3.236502170562744
Valdes-Souto,4,FAABE_FULL,65,3.236502170562744
Valdes-Souto,4,FAABE_FULL,66,3.236502170562744
Valdes-Souto,4,FAABE_FULL,67,3.236502170562744
Valdes-Souto,4,FAABE_FULL,68,3.236502170562744
Valdes-Souto,4,FAABE_FULL,69,3.236502170562744
Valdes-Souto,4,FAABE_FULL,70,3.236502170562744
Valdes-Souto,4,FAABE_FULL,71,3.236502170562744
Valdes-Souto,4,FAABE_FULL,72,3.236502170562744
Valdes-Souto,4,FAABE_FULL,73,3.236502170562744
Valdes-Souto,4,FAABE_FULL,74,3.236502170562744
Valdes-Souto,4,FAABE_FULL,75,3.236502170562744
Valdes-Souto,4,FAABE_FULL,76,3.236502170562744
Valdes-Souto,4,FAABE_FULL,77,3.236502170562744
Valdes-Souto,4,FAABE_FULL,78,3.236502170562744
Valdes-Souto,4,FAABE_FULL,79,3.236502170562744
Valdes-Souto,4,FAABE_FULL,80,3.236502170562744
Valdes-Souto,4,FAABE_FULL,81,3.236502170562744
Valdes-Souto,4,FAABE_FULL,82,3.236502170562744
Valdes-Souto,4,FAABE_FULL,83,3.236502170562744
Valdes-Souto,4,FAABE_FULL,84,3.236502170562744
Valdes-Souto,4,FAABE_FULL,85,3.236502170562744
Valdes-Souto,4,FAABE_FULL,86,3.236502170562744
Valdes-Souto,4,FAABE_FULL,87,3.236502170562744
Valdes-Souto,4,FAABE_FULL,88,3.236502170562744
Valdes-Souto,4,FAABE_FULL,89,3.236502170562744
Valdes-Souto,4,FAABE_FULL,90,3.236502170562744
Valdes-Souto,4,FAABE_FULL,91,3.236502170562744
Valdes-Souto,4,FAABE_FULL,92,3.236502170562744
Valdes-Souto,4,FAABE_FULL,93,3.236502170562744
Valdes-Souto,4,FAABE_FULL,94,3.236502170562744
Valdes-Souto,4,FAABE_FULL,95,3.236502170562744
Valdes-Souto,4,FAABE_FULL,96,3.236502170562744
Valdes-Souto,4,FAABE_FULL,97,3.236502170562744
Valdes-Souto,4,FAABE_FULL,98,3.236502170562744
Valdes-Souto,4,FAABE_FULL,99,3.236502170562744
Valdes-Souto,4,FAABE_FULL,100,3.236502170562744
Valdes-Souto,5,FAABE_NO_PEARSON,0,0.8472470045089722
Valdes-Souto,5,FAABE_NO_PEARSON,1,0.7560715079307556
Valdes-Souto,5,FAABE_NO_PEARSON,2,0.7554115056991577
Valdes-Souto,5,FAABE_NO_PEARSON,3,0.7554115056991577
Valdes-Souto,5,FAABE_NO_PEARSON,4,0.7554115056991577
Valdes-Souto,5,FAABE_NO_PEARSON,5,0.7554115056991577
Valdes-Souto,5,FAABE_NO_PEARSON,6,0.7554115056991577
Valdes-Souto,5,FAABE_NO_PEARSON,7,0.7554115056991577
Valdes-Souto,5,FAABE_NO_PEARSON,8,0.7554115056991577
Valdes-Souto,5,FAABE_NO_PEARSON,9,0.7554115056991577
Valdes-Souto,5,FAABE_NO_PEARSON,10,0.7554115056991577
Valdes-Souto,5,FAABE_NO_PEARSON,11,0.7554115056991577
Valdes-Souto,5,FAABE_NO_PEARSON,12,0.7554115056991577
Valdes-Souto,5,FAABE_NO_PEARSON,13,0.7554115056991577
Valdes-Souto,5,FAABE_NO_PEARSON,14,0.7554115056991577
Valdes-Souto,5,FAABE_NO_PEARSON,15,0.7554115056991577
Valdes-Souto,5,FAABE_NO_PEARSON,16,0.7553845047950745
Valdes-Souto,5,FAABE_NO_PEARSON,17,0.7553845047950745
Valdes-Souto,5,FAABE_NO_PEARSON,18,0.7553845047950745
Valdes-Souto,5,FAABE_NO_PEARSON,19,0.7553845047950745
Valdes-Souto,5,FAABE_NO_PEARSON,20,0.7553845047950745
Valdes-Souto,5,FAABE_NO_PEARSON,21,0.7553845047950745
Valdes-Souto,5,FAABE_NO_PEARSON,22,0.7553845047950745
Valdes-Souto,5,FAABE_NO_PEARSON,23,0.7553845047950745
Valdes-Souto,5,FAABE_NO_PEARSON,24,0.7553845047950745
Valdes-Souto,5,FAABE_NO_PEARSON,25,0.7553337812423706
Valdes-Souto,5,FAABE_NO_PEARSON,26,0.7553337812423706
Valdes-Souto,5,FAABE_NO_PEARSON,27,0.7553337812423706
Valdes-Souto,5,FAABE_NO_PEARSON,28,0.7553337812423706
Valdes-Souto,5,FAABE_NO_PEARSON,29,0.7553337812423706
Valdes-Souto,5,FAABE_NO_PEARSON,30,0.7553337812423706
Valdes-Souto,5,FAABE_NO_PEARSON,31,0.7553337812423706
Valdes-Souto,5,FAABE_NO_PEARSON,32,0.7553337812423706
Valdes-Souto,5,FAABE_NO_PEARSON,33,0.7553337812423706
Valdes-Souto,5,FAABE_NO_PEARSON,34,0.7553337812423706
Valdes-Souto,5,FAABE_NO_PEARSON,35,0.7553337812423706
Valdes-Souto,5,FAABE_NO_PEARSON,36,0.7553337812423706
Valdes-Souto,5,FAABE_NO_PEARSON,37,0.7553337812423706
Valdes-Souto,5,FAABE_NO_PEARSON,38,0.7553337812423706
Valdes-Souto,5,FAABE_NO_PEARSON,39,0.7553337812423706
Valdes-Souto,5,FAABE_NO_PEARSON,40,0.7553337812423706
Valdes-Souto,5,FAABE_NO_PEARSON,41,0.7553337812423706
Valdes-Souto,5,FAABE_NO_PEARSON,42,0.7553337812423706
Valdes-Souto,5,FAABE_NO_PEARSON,43,0.7553337812423706
Valdes-Souto,5,FAABE_NO_PEARSON,44,0.7553337812423706
Valdes-Souto,5,FAABE_NO_PEARSON,45,0.7553337812423706
Valdes-Souto,5,FAABE_NO_PEARSON,46,0.7553337812423706
Valdes-Souto,5,FAABE_NO_PEARSON,47,0.7553337812423706
Valdes-Souto,5,FAABE_NO_PEARSON,48,0.7553337812423706
Valdes-Souto,5,FAABE_NO_PEARSON,49,0.7553337812423706
Valdes-Souto,5,FAABE_NO_PEARSON,50,0.7553337812423706
Valdes-Souto,5,FAABE_NO_PEARSON,51,0.7553337812423706
Valdes-Souto,5,FAABE_NO_PEARSON,52,0.7553337812423706
Valdes-Souto,5,FAABE_NO_PEARSON,53,0.7553337812423706
Valdes-Souto,5,FAABE_NO_PEARSON,54,0.7553337812423706
Valdes-Souto,5,FAABE_NO_PEARSON,55,0.7553337812423706
Valdes-Souto,5,FAABE_NO_PEARSON,56,0.7553337812423706
Valdes-Souto,5,FAABE_NO_PEARSON,57,0.7553337812423706
Valdes-Souto,5,FAABE_NO_PEARSON,58,0.7553337812423706
Valdes-Souto,5,FAABE_NO_PEARSON,59,0.7553337812423706
Valdes-Souto,5,FAABE_NO_PEARSON,60,0.7553337812423706
Valdes-Souto,5,FAABE_NO_PEARSON,61,0.7553337812423706
Valdes-Souto,5,FAABE_NO_PEARSON,62,0.7553337812423706
Valdes-Souto,5,FAABE_NO_PEARSON,63,0.7553337812423706
Valdes-Souto,5,FAABE_NO_PEARSON,64,0.7553337812423706
Valdes-Souto,5,FAABE_NO_PEARSON,65,0.7553337812423706
Valdes-Souto,5,FAABE_NO_PEARSON,66,0.7553337812423706
Valdes-Souto,5,FAABE_NO_PEARSON,67,0.7553337812423706
Valdes-Souto,5,FAABE_NO_PEARSON,68,0.7553337812423706
Valdes-Souto,5,FAABE_NO_PEARSON,69,0.7553337812423706
Valdes-Souto,5,FAABE_NO_PEARSON,70,0.7553337812423706
Valdes-Souto,5,FAABE_NO_PEARSON,71,0.7553337812423706
Valdes-Souto,5,FAABE_NO_PEARSON,72,0.7553337812423706
Valdes-Souto,5,FAABE_NO_PEARSON,73,0.7553337812423706
Valdes-Souto,5,FAABE_NO_PEARSON,74,0.7553337812423706
Valdes-Souto,5,FAABE_NO_PEARSON,75,0.7553337812423706
Valdes-Souto,5,FAABE_NO_PEARSON,76,0.7553337812423706
Valdes-Souto,5,FAABE_NO_PEARSON,77,0.7553337812423706
Valdes-Souto,5,FAABE_NO_PEARSON,78,0.7553337812423706
Valdes-Souto,5,FAABE_NO_PEARSON,79,0.7553337812423706
Valdes-Souto,5,FAABE_NO_PEARSON,80,0.7553337812423706
Valdes-Souto,5,FAABE_NO_PEARSON,81,0.7553337812423706
Valdes-Souto,5,FAABE_NO_PEARSON,82,0.7553337812423706
Valdes-Souto,5,FAABE_NO_PEARSON,83,0.7553337812423706
Valdes-Souto,5,FAABE_NO_PEARSON,84,0.7553337812423706
Valdes-Souto,5,FAABE_NO_PEARSON,85,0.7553337812423706
Valdes-Souto,5,FAABE_NO_PEARSON,86,0.7553337812423706
Valdes-Souto,5,FAABE_NO_PEARSON,87,0.7553337812423706
Valdes-Souto,5,FAABE_NO_PEARSON,88,0.7553337812423706
Valdes-Souto,5,FAABE_NO_PEARSON,89,0.7553337812423706
Valdes-Souto,5,FAABE_NO_PEARSON,90,0.7553337812423706
Valdes-Souto,5,FAABE_NO_PEARSON,91,0.7553337812423706
Valdes-Souto,5,FAABE_NO_PEARSON,92,0.7553337812423706
Valdes-Souto,5,FAABE_NO_PEARSON,93,0.7553337812423706
Valdes-Souto,5,FAABE_NO_PEARSON,94,0.7553337812423706
Valdes-Souto,5,FAABE_NO_PEARSON,95,0.7553337812423706
Valdes-Souto,5,FAABE_NO_PEARSON,96,0.7553337812423706
Valdes-Souto,5,FAABE_NO_PEARSON,97,0.7553337812423706
Valdes-Souto,5,FAABE_NO_PEARSON,98,0.7553337812423706
Valdes-Souto,5,FAABE_NO_PEARSON,99,0.7553337812423706
Valdes-Souto,5,FAABE_NO_PEARSON,100,0.7553337812423706
Valdes-Souto,5,FAABE_NO_IWM,0,3.2753751277923584
Valdes-Souto,5,FAABE_NO_IWM,1,3.2753751277923584
Valdes-Souto,5,FAABE_NO_IWM,2,3.2753751277923584
Valdes-Souto,5,FAABE_NO_IWM,3,3.2753751277923584
Valdes-Souto,5,FAABE_NO_IWM,4,3.2753751277923584
Valdes-Souto,5,FAABE_NO_IWM,5,3.2753751277923584
Valdes-Souto,5,FAABE_NO_IWM,6,3.2753751277923584
Valdes-Souto,5,FAABE_NO_IWM,7,3.2753751277923584
Valdes-Souto,5,FAABE_NO_IWM,8,3.2753751277923584
Valdes-Souto,5,FAABE_NO_IWM,9,3.2753751277923584
Valdes-Souto,5,FAABE_NO_IWM,10,3.2753751277923584
Valdes-Souto,5,FAABE_NO_IWM,11,3.2753751277923584
Valdes-Souto,5,FAABE_NO_IWM,12,3.2753751277923584
Valdes-Souto,5,FAABE_NO_IWM,13,3.2753751277923584
Valdes-Souto,5,FAABE_NO_IWM,14,3.2753751277923584
Valdes-Souto,5,FAABE_NO_IWM,15,3.2753751277923584
Valdes-Souto,5,FAABE_NO_IWM,16,3.2753751277923584
Valdes-Souto,5,FAABE_NO_IWM,17,3.2753751277923584
Valdes-Souto,5,FAABE_NO_IWM,18,3.2753751277923584
Valdes-Souto,5,FAABE_NO_IWM,19,3.2753751277923584
Valdes-Souto,5,FAABE_NO_IWM,20,3.2753751277923584
Valdes-Souto,5,FAABE_NO_IWM,21,3.2753751277923584
Valdes-Souto,5,FAABE_NO_IWM,22,3.2753751277923584
Valdes-Souto,5,FAABE_NO_IWM,23,3.2753751277923584
Valdes-Souto,5,FAABE_NO_IWM,24,3.2753751277923584
Valdes-Souto,5,FAABE_NO_IWM,25,3.2753751277923584
Valdes-Souto,5,FAABE_NO_IWM,26,3.2753751277923584
Valdes-Souto,5,FAABE_NO_IWM,27,3.2753751277923584
Valdes-Souto,5,FAABE_NO_IWM,28,3.2753751277923584
Valdes-Souto,5,FAABE_NO_IWM,29,3.2753751277923584
Valdes-Souto,5,FAABE_NO_IWM,30,3.2753751277923584
Valdes-Souto,5,FAABE_NO_IWM,31,3.2753751277923584
Valdes-Souto,5,FAABE_NO_IWM,32,3.2753751277923584
Valdes-Souto,5,FAABE_NO_IWM,33,3.2753751277923584
Valdes-Souto,5,FAABE_NO_IWM,34,3.2753751277923584
Valdes-Souto,5,FAABE_NO_IWM,35,3.2753751277923584
Valdes-Souto,5,FAABE_NO_IWM,36,3.2753751277923584
Valdes-Souto,5,FAABE_NO_IWM,37,3.2753751277923584
Valdes-Souto,5,FAABE_NO_IWM,38,3.2753751277923584
Valdes-Souto,5,FAABE_NO_IWM,39,3.2753751277923584
Valdes-Souto,5,FAABE_NO_IWM,40,3.2753751277923584
Valdes-Souto,5,FAABE_NO_IWM,41,3.2753751277923584
Valdes-Souto,5,FAABE_NO_IWM,42,3.2753751277923584
Valdes-Souto,5,FAABE_NO_IWM,43,3.2753751277923584
Valdes-Souto,5,FAABE_NO_IWM,44,3.2753751277923584
Valdes-Souto,5,FAABE_NO_IWM,45,3.2753751277923584
Valdes-Souto,5,FAABE_NO_IWM,46,3.2753751277923584
Valdes-Souto,5,FAABE_NO_IWM,47,3.2753751277923584
Valdes-Souto,5,FAABE_NO_IWM,48,3.2753751277923584
Valdes-Souto,5,FAABE_NO_IWM,49,3.2753751277923584
Valdes-Souto,5,FAABE_NO_IWM,50,3.2753751277923584
Valdes-Souto,5,FAABE_NO_IWM,51,3.2753751277923584
Valdes-Souto,5,FAABE_NO_IWM,52,3.2753751277923584
Valdes-Souto,5,FAABE_NO_IWM,53,3.2753751277923584
Valdes-Souto,5,FAABE_NO_IWM,54,3.2753751277923584
Valdes-Souto,5,FAABE_NO_IWM,55,3.2753751277923584
Valdes-Souto,5,FAABE_NO_IWM,56,3.2753751277923584
Valdes-Souto,5,FAABE_NO_IWM,57,3.2753751277923584
Valdes-Souto,5,FAABE_NO_IWM,58,3.2753751277923584
Valdes-Souto,5,FAABE_NO_IWM,59,3.2753751277923584
Valdes-Souto,5,FAABE_NO_IWM,60,3.2753751277923584
Valdes-Souto,5,FAABE_NO_IWM,61,3.2753751277923584
Valdes-Souto,5,FAABE_NO_IWM,62,3.2753751277923584
Valdes-Souto,5,FAABE_NO_IWM,63,3.2753751277923584
Valdes-Souto,5,FAABE_NO_IWM,64,3.2753751277923584
Valdes-Souto,5,FAABE_NO_IWM,65,3.2753751277923584
Valdes-Souto,5,FAABE_NO_IWM,66,3.2753751277923584
Valdes-Souto,5,FAABE_NO_IWM,67,3.2753751277923584
Valdes-Souto,5,FAABE_NO_IWM,68,3.2753751277923584
Valdes-Souto,5,FAABE_NO_IWM,69,3.2753751277923584
Valdes-Souto,5,FAABE_NO_IWM,70,3.2753751277923584
Valdes-Souto,5,FAABE_NO_IWM,71,3.2753751277923584
Valdes-Souto,5,FAABE_NO_IWM,72,3.2753751277923584
Valdes-Souto,5,FAABE_NO_IWM,73,3.2753751277923584
Valdes-Souto,5,FAABE_NO_IWM,74,3.2753751277923584
Valdes-Souto,5,FAABE_NO_IWM,75,3.2753751277923584
Valdes-Souto,5,FAABE_NO_IWM,76,3.2753751277923584
Valdes-Souto,5,FAABE_NO_IWM,77,3.2753751277923584
Valdes-Souto,5,FAABE_NO_IWM,78,3.2753751277923584
Valdes-Souto,5,FAABE_NO_IWM,79,3.2753751277923584
Valdes-Souto,5,FAABE_NO_IWM,80,3.2753751277923584
Valdes-Souto,5,FAABE_NO_IWM,81,3.2753751277923584
Valdes-Souto,5,FAABE_NO_IWM,82,3.2753751277923584
Valdes-Souto,5,FAABE_NO_IWM,83,3.2753751277923584
Valdes-Souto,5,FAABE_NO_IWM,84,3.2753751277923584
Valdes-Souto,5,FAABE_NO_IWM,85,3.2753751277923584
Valdes-Souto,5,FAABE_NO_IWM,86,3.2753751277923584
Valdes-Souto,5,FAABE_NO_IWM,87,3.2753751277923584
Valdes-Souto,5,FAABE_NO_IWM,88,3.2753751277923584
Valdes-Souto,5,FAABE_NO_IWM,89,3.2753751277923584
Valdes-Souto,5,FAABE_NO_IWM,90,3.2753751277923584
Valdes-Souto,5,FAABE_NO_IWM,91,3.2753751277923584
Valdes-Souto,5,FAABE_NO_IWM,92,3.2753751277923584
Valdes-Souto,5,FAABE_NO_IWM,93,3.2753751277923584
Valdes-Souto,5,FAABE_NO_IWM,94,3.2753751277923584
Valdes-Souto,5,FAABE_NO_IWM,95,3.2753751277923584
Valdes-Souto,5,FAABE_NO_IWM,96,3.2753751277923584
Valdes-Souto,5,FAABE_NO_IWM,97,3.2753751277923584
Valdes-Souto,5,FAABE_NO_IWM,98,3.2753751277923584
Valdes-Souto,5,FAABE_NO_IWM,99,3.2753751277923584
Valdes-Souto,5,FAABE_NO_IWM,100,3.2753751277923584
Valdes-Souto,5,FAABE_FULL,0,3.290559768676758
Valdes-Souto,5,FAABE_FULL,1,3.290559768676758
Valdes-Souto,5,FAABE_FULL,2,3.290559768676758
Valdes-Souto,5,FAABE_FULL,3,3.290559768676758
Valdes-Souto,5,FAABE_FULL,4,3.290559768676758
Valdes-Souto,5,FAABE_FULL,5,3.290559768676758
Valdes-Souto,5,FAABE_FULL,6,3.290559768676758
Valdes-Souto,5,FAABE_FULL,7,3.290559768676758
Valdes-Souto,5,FAABE_FULL,8,3.290559768676758
Valdes-Souto,5,FAABE_FULL,9,3.290559768676758
Valdes-Souto,5,FAABE_FULL,10,3.290559768676758
Valdes-Souto,5,FAABE_FULL,11,3.290559768676758
Valdes-Souto,5,FAABE_FULL,12,3.290559768676758
Valdes-Souto,5,FAABE_FULL,13,3.290559768676758
Valdes-Souto,5,FAABE_FULL,14,3.290559768676758
Valdes-Souto,5,FAABE_FULL,15,3.290559768676758
Valdes-Souto,5,FAABE_FULL,16,3.290559768676758
Valdes-Souto,5,FAABE_FULL,17,3.290559768676758
Valdes-Souto,5,FAABE_FULL,18,3.290559768676758
Valdes-Souto,5,FAABE_FULL,19,3.290559768676758
Valdes-Souto,5,FAABE_FULL,20,3.290559768676758
Valdes-Souto,5,FAABE_FULL,21,3.290559768676758
Valdes-Souto,5,FAABE_FULL,22,3.290559768676758
Valdes-Souto,5,FAABE_FULL,23,3.290559768676758
Valdes-Souto,5,FAABE_FULL,24,3.290559768676758
Valdes-Souto,5,FAABE_FULL,25,3.290559768676758
Valdes-Souto,5,FAABE_FULL,26,3.290559768676758
Valdes-Souto,5,FAABE_FULL,27,3.290559768676758
Valdes-Souto,5,FAABE_FULL,28,3.290559768676758
Valdes-Souto,5,FAABE_FULL,29,3.290559768676758
Valdes-Souto,5,FAABE_FULL,30,3.290559768676758
Valdes-Souto,5,FAABE_FULL,31,3.290559768676758
Valdes-Souto,5,FAABE_FULL,32,3.290559768676758
Valdes-Souto,5,FAABE_FULL,33,3.290559768676758
Valdes-Souto,5,FAABE_FULL,34,3.290559768676758
Valdes-Souto,5,FAABE_FULL,35,3.290559768676758
Valdes-Souto,5,FAABE_FULL,36,3.290559768676758
Valdes-Souto,5,FAABE_FULL,37,3.290559768676758
Valdes-Souto,5,FAABE_FULL,38,3.290559768676758
Valdes-Souto,5,FAABE_FULL,39,3.290559768676758
Valdes-Souto,5,FAABE_FULL,40,3.290559768676758
Valdes-Souto,5,FAABE_FULL,41,3.290559768676758
Valdes-Souto,5,FAABE_FULL,42,3.290559768676758
Valdes-Souto,5,FAABE_FULL,43,3.290559768676758
Valdes-Souto,5,FAABE_FULL,44,3.290559768676758
Valdes-Souto,5,FAABE_FULL,45,3.290559768676758
Valdes-Souto,5,FAABE_FULL,46,3.290559768676758
Valdes-Souto,5,FAABE_FULL,47,3.290559768676758
Valdes-Souto,5,FAABE_FULL,48,3.290559768676758
Valdes-Souto,5,FAABE_FULL,49,3.290559768676758
Valdes-Souto,5,FAABE_FULL,50,3.290559768676758
Valdes-Souto,5,FAABE_FULL,51,3.290559768676758
Valdes-Souto,5,FAABE_FULL,52,3.290559768676758
Valdes-Souto,5,FAABE_FULL,53,3.290559768676758
Valdes-Souto,5,FAABE_FULL,54,3.290559768676758
Valdes-Souto,5,FAABE_FULL,55,3.290559768676758
Valdes-Souto,5,FAABE_FULL,56,3.290559768676758
Valdes-Souto,5,FAABE_FULL,57,3.290559768676758
Valdes-Souto,5,FAABE_FULL,58,3.290559768676758
Valdes-Souto,5,FAABE_FULL,59,3.290559768676758
Valdes-Souto,5,FAABE_FULL,60,3.290559768676758
Valdes-Souto,5,FAABE_FULL,61,3.290559768676758
Valdes-Souto,5,FAABE_FULL,62,3.290559768676758
Valdes-Souto,5,FAABE_FULL,63,3.290559768676758
Valdes-Souto,5,FAABE_FULL,64,3.290559768676758
Valdes-Souto,5,FAABE_FULL,65,3.290559768676758
Valdes-Souto,5,FAABE_FULL,66,3.290559768676758
Valdes-Souto,5,FAABE_FULL,67,3.290559768676758
Valdes-Souto,5,FAABE_FULL,68,3.290559768676758
Valdes-Souto,5,FAABE_FULL,69,3.290559768676758
Valdes-Souto,5,FAABE_FULL,70,3.290559768676758
Valdes-Souto,5,FAABE_FULL,71,3.290559768676758
Valdes-Souto,5,FAABE_FULL,72,3.290559768676758
Valdes-Souto,5,FAABE_FULL,73,3.290559768676758
Valdes-Souto,5,FAABE_FULL,74,3.290559768676758
Valdes-Souto,5,FAABE_FULL,75,3.290559768676758
Valdes-Souto,5,FAABE_FULL,76,3.290559768676758
Valdes-Souto,5,FAABE_FULL,77,3.290559768676758
Valdes-Souto,5,FAABE_FULL,78,3.290559768676758
Valdes-Souto,5,FAABE_FULL,79,3.290559768676758
Valdes-Souto,5,FAABE_FULL,80,3.290559768676758
Valdes-Souto,5,FAABE_FULL,81,3.290559768676758
Valdes-Souto,5,FAABE_FULL,82,3.290559768676758
Valdes-Souto,5,FAABE_FULL,83,3.290559768676758
Valdes-Souto,5,FAABE_FULL,84,3.290559768676758
Valdes-Souto,5,FAABE_FULL,85,3.290559768676758
Valdes-Souto,5,FAABE_FULL,86,3.290559768676758
Valdes-Souto,5,FAABE_FULL,87,3.290559768676758
Valdes-Souto,5,FAABE_FULL,88,3.290559768676758
Valdes-Souto,5,FAABE_FULL,89,3.290559768676758
Valdes-Souto,5,FAABE_FULL,90,3.290559768676758
Valdes-Souto,5,FAABE_FULL,91,3.290559768676758
Valdes-Souto,5,FAABE_FULL,92,3.290559768676758
Valdes-Souto,5,FAABE_FULL,93,3.290559768676758
Valdes-Souto,5,FAABE_FULL,94,3.290559768676758
Valdes-Souto,5,FAABE_FULL,95,3.290559768676758
Valdes-Souto,5,FAABE_FULL,96,3.290559768676758
Valdes-Souto,5,FAABE_FULL,97,3.290559768676758
Valdes-Souto,5,FAABE_FULL,98,3.290559768676758
Valdes-Souto,5,FAABE_FULL,99,3.290559768676758
Valdes-Souto,5,FAABE_FULL,100,3.290559768676758
Valdes-Souto,6,FAABE_NO_PEARSON,0,0.6016530394554138
Valdes-Souto,6,FAABE_NO_PEARSON,1,0.5280642509460449
Valdes-Souto,6,FAABE_NO_PEARSON,2,0.5268738269805908
Valdes-Souto,6,FAABE_NO_PEARSON,3,0.5262598395347595
Valdes-Souto,6,FAABE_NO_PEARSON,4,0.5262598395347595
Valdes-Souto,6,FAABE_NO_PEARSON,5,0.5262598395347595
Valdes-Souto,6,FAABE_NO_PEARSON,6,0.5262598395347595
Valdes-Souto,6,FAABE_NO_PEARSON,7,0.5262598395347595
Valdes-Souto,6,FAABE_NO_PEARSON,8,0.5262598395347595
Valdes-Souto,6,FAABE_NO_PEARSON,9,0.5262598395347595
Valdes-Souto,6,FAABE_NO_PEARSON,10,0.5262598395347595
Valdes-Souto,6,FAABE_NO_PEARSON,11,0.5262598395347595
Valdes-Souto,6,FAABE_NO_PEARSON,12,0.5262598395347595
Valdes-Souto,6,FAABE_NO_PEARSON,13,0.5262598395347595
Valdes-Souto,6,FAABE_NO_PEARSON,14,0.5262598395347595
Valdes-Souto,6,FAABE_NO_PEARSON,15,0.5262598395347595
Valdes-Souto,6,FAABE_NO_PEARSON,16,0.5262598395347595
Valdes-Souto,6,FAABE_NO_PEARSON,17,0.5262598395347595
Valdes-Souto,6,FAABE_NO_PEARSON,18,0.5262598395347595
Valdes-Souto,6,FAABE_NO_PEARSON,19,0.5262598395347595
Valdes-Souto,6,FAABE_NO_PEARSON,20,0.5262598395347595
Valdes-Souto,6,FAABE_NO_PEARSON,21,0.5262598395347595
Valdes-Souto,6,FAABE_NO_PEARSON,22,0.5262598395347595
Valdes-Souto,6,FAABE_NO_PEARSON,23,0.5262598395347595
Valdes-Souto,6,FAABE_NO_PEARSON,24,0.5262598395347595
Valdes-Souto,6,FAABE_NO_PEARSON,25,0.5262598395347595
Valdes-Souto,6,FAABE_NO_PEARSON,26,0.5262598395347595
Valdes-Souto,6,FAABE_NO_PEARSON,27,0.526256799697876
Valdes-Souto,6,FAABE_NO_PEARSON,28,0.526256799697876
Valdes-Souto,6,FAABE_NO_PEARSON,29,0.526256799697876
Valdes-Souto,6,FAABE_NO_PEARSON,30,0.526256799697876
Valdes-Souto,6,FAABE_NO_PEARSON,31,0.526256799697876
Valdes-Souto,6,FAABE_NO_PEARSON,32,0.526256799697876
Valdes-Souto,6,FAABE_NO_PEARSON,33,0.526256799697876
Valdes-Souto,6,FAABE_NO_PEARSON,34,0.526256799697876
Valdes-Souto,6,FAABE_NO_PEARSON,35,0.526256799697876
Valdes-Souto,6,FAABE_NO_PEARSON,36,0.526256799697876
Valdes-Souto,6,FAABE_NO_PEARSON,37,0.526256799697876
Valdes-Souto,6,FAABE_NO_PEARSON,38,0.526256799697876
Valdes-Souto,6,FAABE_NO_PEARSON,39,0.526256799697876
Valdes-Souto,6,FAABE_NO_PEARSON,40,0.526256799697876
Valdes-Souto,6,FAABE_NO_PEARSON,41,0.526256799697876
Valdes-Souto,6,FAABE_NO_PEARSON,42,0.526256799697876
Valdes-Souto,6,FAABE_NO_PEARSON,43,0.526256799697876
Valdes-Souto,6,FAABE_NO_PEARSON,44,0.526256799697876
Valdes-Souto,6,FAABE_NO_PEARSON,45,0.526256799697876
Valdes-Souto,6,FAABE_NO_PEARSON,46,0.526256799697876
Valdes-Souto,6,FAABE_NO_PEARSON,47,0.526256799697876
Valdes-Souto,6,FAABE_NO_PEARSON,48,0.526256799697876
Valdes-Souto,6,FAABE_NO_PEARSON,49,0.526256799697876
Valdes-Souto,6,FAABE_NO_PEARSON,50,0.526256799697876
Valdes-Souto,6,FAABE_NO_PEARSON,51,0.5262539386749268
Valdes-Souto,6,FAABE_NO_PEARSON,52,0.5262539386749268
Valdes-Souto,6,FAABE_NO_PEARSON,53,0.5262539386749268
Valdes-Souto,6,FAABE_NO_PEARSON,54,0.5262539386749268
Valdes-Souto,6,FAABE_NO_PEARSON,55,0.5262539386749268
Valdes-Souto,6,FAABE_NO_PEARSON,56,0.5262539386749268
Valdes-Souto,6,FAABE_NO_PEARSON,57,0.5262539386749268
Valdes-Souto,6,FAABE_NO_PEARSON,58,0.5262539386749268
Valdes-Souto,6,FAABE_NO_PEARSON,59,0.5262539386749268
Valdes-Souto,6,FAABE_NO_PEARSON,60,0.5262539386749268
Valdes-Souto,6,FAABE_NO_PEARSON,61,0.5262539386749268
Valdes-Souto,6,FAABE_NO_PEARSON,62,0.5262539386749268
Valdes-Souto,6,FAABE_NO_PEARSON,63,0.5262539386749268
Valdes-Souto,6,FAABE_NO_PEARSON,64,0.5262539386749268
Valdes-Souto,6,FAABE_NO_PEARSON,65,0.5262539386749268
Valdes-Souto,6,FAABE_NO_PEARSON,66,0.5262539386749268
Valdes-Souto,6,FAABE_NO_PEARSON,67,0.5262539386749268
Valdes-Souto,6,FAABE_NO_PEARSON,68,0.5262539386749268
Valdes-Souto,6,FAABE_NO_PEARSON,69,0.5262539386749268
Valdes-Souto,6,FAABE_NO_PEARSON,70,0.5262539386749268
Valdes-Souto,6,FAABE_NO_PEARSON,71,0.5262539386749268
Valdes-Souto,6,FAABE_NO_PEARSON,72,0.5262539386749268
Valdes-Souto,6,FAABE_NO_PEARSON,73,0.5262539386749268
Valdes-Souto,6,FAABE_NO_PEARSON,74,0.5262539386749268
Valdes-Souto,6,FAABE_NO_PEARSON,75,0.5262539386749268
Valdes-Souto,6,FAABE_NO_PEARSON,76,0.5262539386749268
Valdes-Souto,6,FAABE_NO_PEARSON,77,0.5262539386749268
Valdes-Souto,6,FAABE_NO_PEARSON,78,0.5262539386749268
Valdes-Souto,6,FAABE_NO_PEARSON,79,0.5262539386749268
Valdes-Souto,6,FAABE_NO_PEARSON,80,0.5262539386749268
Valdes-Souto,6,FAABE_NO_PEARSON,81,0.5262539386749268
Valdes-Souto,6,FAABE_NO_PEARSON,82,0.5262539386749268
Valdes-Souto,6,FAABE_NO_PEARSON,83,0.5262539386749268
Valdes-Souto,6,FAABE_NO_PEARSON,84,0.5262539386749268
Valdes-Souto,6,FAABE_NO_PEARSON,85,0.5262539386749268
Valdes-Souto,6,FAABE_NO_PEARSON,86,0.5262539386749268
Valdes-Souto,6,FAABE_NO_PEARSON,87,0.5262539386749268
Valdes-Souto,6,FAABE_NO_PEARSON,88,0.5262539386749268
Valdes-Souto,6,FAABE_NO_PEARSON,89,0.5262539386749268
Valdes-Souto,6,FAABE_NO_PEARSON,90,0.5262539386749268
Valdes-Souto,6,FAABE_NO_PEARSON,91,0.5262539386749268
Valdes-Souto,6,FAABE_NO_PEARSON,92,0.5262539386749268
Valdes-Souto,6,FAABE_NO_PEARSON,93,0.5262539386749268
Valdes-Souto,6,FAABE_NO_PEARSON,94,0.5262539386749268
Valdes-Souto,6,FAABE_NO_PEARSON,95,0.5262539386749268
Valdes-Souto,6,FAABE_NO_PEARSON,96,0.5262539386749268
Valdes-Souto,6,FAABE_NO_PEARSON,97,0.5262539386749268
Valdes-Souto,6,FAABE_NO_PEARSON,98,0.5262539386749268
Valdes-Souto,6,FAABE_NO_PEARSON,99,0.5262539386749268
Valdes-Souto,6,FAABE_NO_PEARSON,100,0.5262539386749268
Valdes-Souto,6,FAABE_NO_IWM,0,2.9224460124969482
Valdes-Souto,6,FAABE_NO_IWM,1,2.9224460124969482
Valdes-Souto,6,FAABE_NO_IWM,2,2.9224460124969482
Valdes-Souto,6,FAABE_NO_IWM,3,2.9224460124969482
Valdes-Souto,6,FAABE_NO_IWM,4,2.9224460124969482
Valdes-Souto,6,FAABE_NO_IWM,5,2.9224460124969482
Valdes-Souto,6,FAABE_NO_IWM,6,2.9224460124969482
Valdes-Souto,6,FAABE_NO_IWM,7,2.9224460124969482
Valdes-Souto,6,FAABE_NO_IWM,8,2.9224460124969482
Valdes-Souto,6,FAABE_NO_IWM,9,2.9224460124969482
Valdes-Souto,6,FAABE_NO_IWM,10,2.9224460124969482
Valdes-Souto,6,FAABE_NO_IWM,11,2.9224460124969482
Valdes-Souto,6,FAABE_NO_IWM,12,2.9224460124969482
Valdes-Souto,6,FAABE_NO_IWM,13,2.9224460124969482
Valdes-Souto,6,FAABE_NO_IWM,14,2.9224460124969482
Valdes-Souto,6,FAABE_NO_IWM,15,2.9224460124969482
Valdes-Souto,6,FAABE_NO_IWM,16,2.9224460124969482
Valdes-Souto,6,FAABE_NO_IWM,17,2.9224460124969482
Valdes-Souto,6,FAABE_NO_IWM,18,2.9224460124969482
Valdes-Souto,6,FAABE_NO_IWM,19,2.9224460124969482
Valdes-Souto,6,FAABE_NO_IWM,20,2.9224460124969482
Valdes-Souto,6,FAABE_NO_IWM,21,2.9224460124969482
Valdes-Souto,6,FAABE_NO_IWM,22,2.9224460124969482
Valdes-Souto,6,FAABE_NO_IWM,23,2.9224460124969482
Valdes-Souto,6,FAABE_NO_IWM,24,2.9224460124969482
Valdes-Souto,6,FAABE_NO_IWM,25,2.9224460124969482
Valdes-Souto,6,FAABE_NO_IWM,26,2.9224460124969482
Valdes-Souto,6,FAABE_NO_IWM,27,2.9224460124969482
Valdes-Souto,6,FAABE_NO_IWM,28,2.9224460124969482
Valdes-Souto,6,FAABE_NO_IWM,29,2.9224460124969482
Valdes-Souto,6,FAABE_NO_IWM,30,2.9224460124969482
Valdes-Souto,6,FAABE_NO_IWM,31,2.9224460124969482
Valdes-Souto,6,FAABE_NO_IWM,32,2.9224460124969482
Valdes-Souto,6,FAABE_NO_IWM,33,2.9224460124969482
Valdes-Souto,6,FAABE_NO_IWM,34,2.9224460124969482
Valdes-Souto,6,FAABE_NO_IWM,35,2.9224460124969482
Valdes-Souto,6,FAABE_NO_IWM,36,2.9224460124969482
Valdes-Souto,6,FAABE_NO_IWM,37,2.9224460124969482
Valdes-Souto,6,FAABE_NO_IWM,38,2.9224460124969482
Valdes-Souto,6,FAABE_NO_IWM,39,2.9224460124969482
Valdes-Souto,6,FAABE_NO_IWM,40,2.9224460124969482
Valdes-Souto,6,FAABE_NO_IWM,41,2.9224460124969482
Valdes-Souto,6,FAABE_NO_IWM,42,2.9224460124969482
Valdes-Souto,6,FAABE_NO_IWM,43,2.9224460124969482
Valdes-Souto,6,FAABE_NO_IWM,44,2.9224460124969482
Valdes-Souto,6,FAABE_NO_IWM,45,2.9224460124969482
Valdes-Souto,6,FAABE_NO_IWM,46,2.9224460124969482
Valdes-Souto,6,FAABE_NO_IWM,47,2.9224460124969482
Valdes-Souto,6,FAABE_NO_IWM,48,2.9224460124969482
Valdes-Souto,6,FAABE_NO_IWM,49,2.9224460124969482
Valdes-Souto,6,FAABE_NO_IWM,50,2.9224460124969482
Valdes-Souto,6,FAABE_NO_IWM,51,2.9224460124969482
Valdes-Souto,6,FAABE_NO_IWM,52,2.9224460124969482
Valdes-Souto,6,FAABE_NO_IWM,53,2.9224460124969482
Valdes-Souto,6,FAABE_NO_IWM,54,2.9224460124969482
Valdes-Souto,6,FAABE_NO_IWM,55,2.9224460124969482
Valdes-Souto,6,FAABE_NO_IWM,56,2.9224460124969482
Valdes-Souto,6,FAABE_NO_IWM,57,2.9224460124969482
Valdes-Souto,6,FAABE_NO_IWM,58,2.9224460124969482
Valdes-Souto,6,FAABE_NO_IWM,59,2.9224460124969482
Valdes-Souto,6,FAABE_NO_IWM,60,2.9224460124969482
Valdes-Souto,6,FAABE_NO_IWM,61,2.9224460124969482
Valdes-Souto,6,FAABE_NO_IWM,62,2.9224460124969482
Valdes-Souto,6,FAABE_NO_IWM,63,2.9224460124969482
Valdes-Souto,6,FAABE_NO_IWM,64,2.9224460124969482
Valdes-Souto,6,FAABE_NO_IWM,65,2.9224460124969482
Valdes-Souto,6,FAABE_NO_IWM,66,2.9224460124969482
Valdes-Souto,6,FAABE_NO_IWM,67,2.9224460124969482
Valdes-Souto,6,FAABE_NO_IWM,68,2.9224460124969482
Valdes-Souto,6,FAABE_NO_IWM,69,2.9224460124969482
Valdes-Souto,6,FAABE_NO_IWM,70,2.9224460124969482
Valdes-Souto,6,FAABE_NO_IWM,71,2.9224460124969482
Valdes-Souto,6,FAABE_NO_IWM,72,2.9224460124969482
Valdes-Souto,6,FAABE_NO_IWM,73,2.9224460124969482
Valdes-Souto,6,FAABE_NO_IWM,74,2.9224460124969482
Valdes-Souto,6,FAABE_NO_IWM,75,2.9224460124969482
Valdes-Souto,6,FAABE_NO_IWM,76,2.9224460124969482
Valdes-Souto,6,FAABE_NO_IWM,77,2.9224460124969482
Valdes-Souto,6,FAABE_NO_IWM,78,2.9224460124969482
Valdes-Souto,6,FAABE_NO_IWM,79,2.9224460124969482
Valdes-Souto,6,FAABE_NO_IWM,80,2.9224460124969482
Valdes-Souto,6,FAABE_NO_IWM,81,2.9224460124969482
Valdes-Souto,6,FAABE_NO_IWM,82,2.9224460124969482
Valdes-Souto,6,FAABE_NO_IWM,83,2.9224460124969482
Valdes-Souto,6,FAABE_NO_IWM,84,2.9224460124969482
Valdes-Souto,6,FAABE_NO_IWM,85,2.9224460124969482
Valdes-Souto,6,FAABE_NO_IWM,86,2.9224460124969482
Valdes-Souto,6,FAABE_NO_IWM,87,2.9224460124969482
Valdes-Souto,6,FAABE_NO_IWM,88,2.9224460124969482
Valdes-Souto,6,FAABE_NO_IWM,89,2.9224460124969482
Valdes-Souto,6,FAABE_NO_IWM,90,2.9224460124969482
Valdes-Souto,6,FAABE_NO_IWM,91,2.9224460124969482
Valdes-Souto,6,FAABE_NO_IWM,92,2.9224460124969482
Valdes-Souto,6,FAABE_NO_IWM,93,2.9224460124969482
Valdes-Souto,6,FAABE_NO_IWM,94,2.9224460124969482
Valdes-Souto,6,FAABE_NO_IWM,95,2.9224460124969482
Valdes-Souto,6,FAABE_NO_IWM,96,2.9224460124969482
Valdes-Souto,6,FAABE_NO_IWM,97,2.9224460124969482
Valdes-Souto,6,FAABE_NO_IWM,98,2.9224460124969482
Valdes-Souto,6,FAABE_NO_IWM,99,2.9224460124969482
Valdes-Souto,6,FAABE_NO_IWM,100,2.9224460124969482
Valdes-Souto,6,FAABE_FULL,0,3.277672290802002
Valdes-Souto,6,FAABE_FULL,1,3.277672290802002
Valdes-Souto,6,FAABE_FULL,2,3.277672290802002
Valdes-Souto,6,FAABE_FULL,3,3.277672290802002
Valdes-Souto,6,FAABE_FULL,4,3.277672290802002
Valdes-Souto,6,FAABE_FULL,5,3.277672290802002
Valdes-Souto,6,FAABE_FULL,6,3.277672290802002
Valdes-Souto,6,FAABE_FULL,7,3.277672290802002
Valdes-Souto,6,FAABE_FULL,8,3.277672290802002
Valdes-Souto,6,FAABE_FULL,9,3.277672290802002
Valdes-Souto,6,FAABE_FULL,10,3.277672290802002
Valdes-Souto,6,FAABE_FULL,11,3.277672290802002
Valdes-Souto,6,FAABE_FULL,12,3.277672290802002
Valdes-Souto,6,FAABE_FULL,13,3.277672290802002
Valdes-Souto,6,FAABE_FULL,14,3.277672290802002
Valdes-Souto,6,FAABE_FULL,15,3.277672290802002
Valdes-Souto,6,FAABE_FULL,16,3.277672290802002
Valdes-Souto,6,FAABE_FULL,17,3.277672290802002
Valdes-Souto,6,FAABE_FULL,18,3.277672290802002
Valdes-Souto,6,FAABE_FULL,19,3.277672290802002
Valdes-Souto,6,FAABE_FULL,20,3.277672290802002
Valdes-Souto,6,FAABE_FULL,21,3.277672290802002
Valdes-Souto,6,FAABE_FULL,22,3.277672290802002
Valdes-Souto,6,FAABE_FULL,23,3.277672290802002
Valdes-Souto,6,FAABE_FULL,24,3.277672290802002
Valdes-Souto,6,FAABE_FULL,25,3.277672290802002
Valdes-Souto,6,FAABE_FULL,26,3.277672290802002
Valdes-Souto,6,FAABE_FULL,27,3.277672290802002
Valdes-Souto,6,FAABE_FULL,28,3.277672290802002
Valdes-Souto,6,FAABE_FULL,29,3.277672290802002
Valdes-Souto,6,FAABE_FULL,30,3.277672290802002
Valdes-Souto,6,FAABE_FULL,31,3.277672290802002
Valdes-Souto,6,FAABE_FULL,32,3.277672290802002
Valdes-Souto,6,FAABE_FULL,33,3.277672290802002
Valdes-Souto,6,FAABE_FULL,34,3.277672290802002
Valdes-Souto,6,FAABE_FULL,35,3.277672290802002
Valdes-Souto,6,FAABE_FULL,36,3.277672290802002
Valdes-Souto,6,FAABE_FULL,37,3.277672290802002
Valdes-Souto,6,FAABE_FULL,38,3.277672290802002
Valdes-Souto,6,FAABE_FULL,39,3.277672290802002
Valdes-Souto,6,FAABE_FULL,40,3.277672290802002
Valdes-Souto,6,FAABE_FULL,41,3.277672290802002
Valdes-Souto,6,FAABE_FULL,42,3.277672290802002
Valdes-Souto,6,FAABE_FULL,43,3.277672290802002
Valdes-Souto,6,FAABE_FULL,44,3.277672290802002
Valdes-Souto,6,FAABE_FULL,45,3.277672290802002
Valdes-Souto,6,FAABE_FULL,46,3.277672290802002
Valdes-Souto,6,FAABE_FULL,47,3.277672290802002
Valdes-Souto,6,FAABE_FULL,48,3.277672290802002
Valdes-Souto,6,FAABE_FULL,49,3.277672290802002
Valdes-Souto,6,FAABE_FULL,50,3.277672290802002
Valdes-Souto,6,FAABE_FULL,51,3.277672290802002
Valdes-Souto,6,FAABE_FULL,52,3.277672290802002
Valdes-Souto,6,FAABE_FULL,53,3.277672290802002
Valdes-Souto,6,FAABE_FULL,54,3.277672290802002
Valdes-Souto,6,FAABE_FULL,55,3.277672290802002
Valdes-Souto,6,FAABE_FULL,56,3.277672290802002
Valdes-Souto,6,FAABE_FULL,57,3.277672290802002
Valdes-Souto,6,FAABE_FULL,58,3.277672290802002
Valdes-Souto,6,FAABE_FULL,59,3.277672290802002
Valdes-Souto,6,FAABE_FULL,60,3.277672290802002
Valdes-Souto,6,FAABE_FULL,61,3.277672290802002
Valdes-Souto,6,FAABE_FULL,62,3.277672290802002
Valdes-Souto,6,FAABE_FULL,63,3.277672290802002
Valdes-Souto,6,FAABE_FULL,64,3.277672290802002
Valdes-Souto,6,FAABE_FULL,65,3.277672290802002
Valdes-Souto,6,FAABE_FULL,66,3.277672290802002
Valdes-Souto,6,FAABE_FULL,67,3.277672290802002
Valdes-Souto,6,FAABE_FULL,68,3.277672290802002
Valdes-Souto,6,FAABE_FULL,69,3.277672290802002
Valdes-Souto,6,FAABE_FULL,70,3.277672290802002
Valdes-Souto,6,FAABE_FULL,71,3.277672290802002
Valdes-Souto,6,FAABE_FULL,72,3.277672290802002
Valdes-Souto,6,FAABE_FULL,73,3.277672290802002
Valdes-Souto,6,FAABE_FULL,74,3.277672290802002
Valdes-Souto,6,FAABE_FULL,75,3.277672290802002
Valdes-Souto,6,FAABE_FULL,76,3.277672290802002
Valdes-Souto,6,FAABE_FULL,77,3.277672290802002
Valdes-Souto,6,FAABE_FULL,78,3.277672290802002
Valdes-Souto,6,FAABE_FULL,79,3.277672290802002
Valdes-Souto,6,FAABE_FULL,80,3.277672290802002
Valdes-Souto,6,FAABE_FULL,81,3.277672290802002
Valdes-Souto,6,FAABE_FULL,82,3.277672290802002
Valdes-Souto,6,FAABE_FULL,83,3.277672290802002
Valdes-Souto,6,FAABE_FULL,84,3.277672290802002
Valdes-Souto,6,FAABE_FULL,85,3.277672290802002
Valdes-Souto,6,FAABE_FULL,86,3.277672290802002
Valdes-Souto,6,FAABE_FULL,87,3.277672290802002
Valdes-Souto,6,FAABE_FULL,88,3.277672290802002
Valdes-Souto,6,FAABE_FULL,89,3.277672290802002
Valdes-Souto,6,FAABE_FULL,90,3.277672290802002
Valdes-Souto,6,FAABE_FULL,91,3.277672290802002
Valdes-Souto,6,FAABE_FULL,92,3.277672290802002
Valdes-Souto,6,FAABE_FULL,93,3.277672290802002
Valdes-Souto,6,FAABE_FULL,94,3.277672290802002
Valdes-Souto,6,FAABE_FULL,95,3.277672290802002
Valdes-Souto,6,FAABE_FULL,96,3.277672290802002
Valdes-Souto,6,FAABE_FULL,97,3.277672290802002
Valdes-Souto,6,FAABE_FULL,98,3.277672290802002
Valdes-Souto,6,FAABE_FULL,99,3.277672290802002
Valdes-Souto,6,FAABE_FULL,100,3.277672290802002
Valdes-Souto,7,FAABE_NO_PEARSON,0,0.5128279328346252
Valdes-Souto,7,FAABE_NO_PEARSON,1,0.48100847005844116
Valdes-Souto,7,FAABE_NO_PEARSON,2,0.48100847005844116
Valdes-Souto,7,FAABE_NO_PEARSON,3,0.4809724688529968
Valdes-Souto,7,FAABE_NO_PEARSON,4,0.4809724688529968
Valdes-Souto,7,FAABE_NO_PEARSON,5,0.4809724688529968
Valdes-Souto,7,FAABE_NO_PEARSON,6,0.4809724688529968
Valdes-Souto,7,FAABE_NO_PEARSON,7,0.48097196221351624
Valdes-Souto,7,FAABE_NO_PEARSON,8,0.48097196221351624
Valdes-Souto,7,FAABE_NO_PEARSON,9,0.48097196221351624
Valdes-Souto,7,FAABE_NO_PEARSON,10,0.48097196221351624
Valdes-Souto,7,FAABE_NO_PEARSON,11,0.48097196221351624
Valdes-Souto,7,FAABE_NO_PEARSON,12,0.48097196221351624
Valdes-Souto,7,FAABE_NO_PEARSON,13,0.48097196221351624
Valdes-Souto,7,FAABE_NO_PEARSON,14,0.48097196221351624
Valdes-Souto,7,FAABE_NO_PEARSON,15,0.48090049624443054
Valdes-Souto,7,FAABE_NO_PEARSON,16,0.48090049624443054
Valdes-Souto,7,FAABE_NO_PEARSON,17,0.48090049624443054
Valdes-Souto,7,FAABE_NO_PEARSON,18,0.48090049624443054
Valdes-Souto,7,FAABE_NO_PEARSON,19,0.48090049624443054
Valdes-Souto,7,FAABE_NO_PEARSON,20,0.48090049624443054
Valdes-Souto,7,FAABE_NO_PEARSON,21,0.48090049624443054
Valdes-Souto,7,FAABE_NO_PEARSON,22,0.48090049624443054
Valdes-Souto,7,FAABE_NO_PEARSON,23,0.48087412118911743
Valdes-Souto,7,FAABE_NO_PEARSON,24,0.48087412118911743
Valdes-Souto,7,FAABE_NO_PEARSON,25,0.48087412118911743
Valdes-Souto,7,FAABE_NO_PEARSON,26,0.48087412118911743
Valdes-Souto,7,FAABE_NO_PEARSON,27,0.48087412118911743
Valdes-Souto,7,FAABE_NO_PEARSON,28,0.48087412118911743
Valdes-Souto,7,FAABE_NO_PEARSON,29,0.48087412118911743
Valdes-Souto,7,FAABE_NO_PEARSON,30,0.48087412118911743
Valdes-Souto,7,FAABE_NO_PEARSON,31,0.48087412118911743
Valdes-Souto,7,FAABE_NO_PEARSON,32,0.48087412118911743
Valdes-Souto,7,FAABE_NO_PEARSON,33,0.48087412118911743
Valdes-Souto,7,FAABE_NO_PEARSON,34,0.48087412118911743
Valdes-Souto,7,FAABE_NO_PEARSON,35,0.48087412118911743
Valdes-Souto,7,FAABE_NO_PEARSON,36,0.48087412118911743
Valdes-Souto,7,FAABE_NO_PEARSON,37,0.48087412118911743
Valdes-Souto,7,FAABE_NO_PEARSON,38,0.48087412118911743
Valdes-Souto,7,FAABE_NO_PEARSON,39,0.48087412118911743
Valdes-Souto,7,FAABE_NO_PEARSON,40,0.48087412118911743
Valdes-Souto,7,FAABE_NO_PEARSON,41,0.48087412118911743
Valdes-Souto,7,FAABE_NO_PEARSON,42,0.48087412118911743
Valdes-Souto,7,FAABE_NO_PEARSON,43,0.48087412118911743
Valdes-Souto,7,FAABE_NO_PEARSON,44,0.48087412118911743
Valdes-Souto,7,FAABE_NO_PEARSON,45,0.48087412118911743
Valdes-Souto,7,FAABE_NO_PEARSON,46,0.48087412118911743
Valdes-Souto,7,FAABE_NO_PEARSON,47,0.48087412118911743
Valdes-Souto,7,FAABE_NO_PEARSON,48,0.48087412118911743
Valdes-Souto,7,FAABE_NO_PEARSON,49,0.48087412118911743
Valdes-Souto,7,FAABE_NO_PEARSON,50,0.48087412118911743
Valdes-Souto,7,FAABE_NO_PEARSON,51,0.48087412118911743
Valdes-Souto,7,FAABE_NO_PEARSON,52,0.48087412118911743
Valdes-Souto,7,FAABE_NO_PEARSON,53,0.48087412118911743
Valdes-Souto,7,FAABE_NO_PEARSON,54,0.48087412118911743
Valdes-Souto,7,FAABE_NO_PEARSON,55,0.48087412118911743
Valdes-Souto,7,FAABE_NO_PEARSON,56,0.48087412118911743
Valdes-Souto,7,FAABE_NO_PEARSON,57,0.48087412118911743
Valdes-Souto,7,FAABE_NO_PEARSON,58,0.48087412118911743
Valdes-Souto,7,FAABE_NO_PEARSON,59,0.48087412118911743
Valdes-Souto,7,FAABE_NO_PEARSON,60,0.48087412118911743
Valdes-Souto,7,FAABE_NO_PEARSON,61,0.48087412118911743
Valdes-Souto,7,FAABE_NO_PEARSON,62,0.48087412118911743
Valdes-Souto,7,FAABE_NO_PEARSON,63,0.48087412118911743
Valdes-Souto,7,FAABE_NO_PEARSON,64,0.48087412118911743
Valdes-Souto,7,FAABE_NO_PEARSON,65,0.48087412118911743
Valdes-Souto,7,FAABE_NO_PEARSON,66,0.48087412118911743
Valdes-Souto,7,FAABE_NO_PEARSON,67,0.48087412118911743
Valdes-Souto,7,FAABE_NO_PEARSON,68,0.4808708131313324
Valdes-Souto,7,FAABE_NO_PEARSON,69,0.4808708131313324
Valdes-Souto,7,FAABE_NO_PEARSON,70,0.4808708131313324
Valdes-Souto,7,FAABE_NO_PEARSON,71,0.4808708131313324
Valdes-Souto,7,FAABE_NO_PEARSON,72,0.4808708131313324
Valdes-Souto,7,FAABE_NO_PEARSON,73,0.4808708131313324
Valdes-Souto,7,FAABE_NO_PEARSON,74,0.4808708131313324
Valdes-Souto,7,FAABE_NO_PEARSON,75,0.4808708131313324
Valdes-Souto,7,FAABE_NO_PEARSON,76,0.4808708131313324
Valdes-Souto,7,FAABE_NO_PEARSON,77,0.4808708131313324
Valdes-Souto,7,FAABE_NO_PEARSON,78,0.4808708131313324
Valdes-Souto,7,FAABE_NO_PEARSON,79,0.4808708131313324
Valdes-Souto,7,FAABE_NO_PEARSON,80,0.4808708131313324
Valdes-Souto,7,FAABE_NO_PEARSON,81,0.4808708131313324
Valdes-Souto,7,FAABE_NO_PEARSON,82,0.4808708131313324
Valdes-Souto,7,FAABE_NO_PEARSON,83,0.4808708131313324
Valdes-Souto,7,FAABE_NO_PEARSON,84,0.4808708131313324
Valdes-Souto,7,FAABE_NO_PEARSON,85,0.4808708131313324
Valdes-Souto,7,FAABE_NO_PEARSON,86,0.4808708131313324
Valdes-Souto,7,FAABE_NO_PEARSON,87,0.4808708131313324
Valdes-Souto,7,FAABE_NO_PEARSON,88,0.4808708131313324
Valdes-Souto,7,FAABE_NO_PEARSON,89,0.4808708131313324
Valdes-Souto,7,FAABE_NO_PEARSON,90,0.4808708131313324
Valdes-Souto,7,FAABE_NO_PEARSON,91,0.4808708131313324
Valdes-Souto,7,FAABE_NO_PEARSON,92,0.4808708131313324
Valdes-Souto,7,FAABE_NO_PEARSON,93,0.4808708131313324
Valdes-Souto,7,FAABE_NO_PEARSON,94,0.4808708131313324
Valdes-Souto,7,FAABE_NO_PEARSON,95,0.4808708131313324
Valdes-Souto,7,FAABE_NO_PEARSON,96,0.4808708131313324
Valdes-Souto,7,FAABE_NO_PEARSON,97,0.4808708131313324
Valdes-Souto,7,FAABE_NO_PEARSON,98,0.4808708131313324
Valdes-Souto,7,FAABE_NO_PEARSON,99,0.4808708131313324
Valdes-Souto,7,FAABE_NO_PEARSON,100,0.4808708131313324
Valdes-Souto,7,FAABE_NO_IWM,0,0.5218387246131897
Valdes-Souto,7,FAABE_NO_IWM,1,0.48817163705825806
Valdes-Souto,7,FAABE_NO_IWM,2,0.48817163705825806
Valdes-Souto,7,FAABE_NO_IWM,3,0.48817163705825806
Valdes-Souto,7,FAABE_NO_IWM,4,0.48817163705825806
Valdes-Souto,7,FAABE_NO_IWM,5,0.48817163705825806
Valdes-Souto,7,FAABE_NO_IWM,6,0.48817163705825806
Valdes-Souto,7,FAABE_NO_IWM,7,0.48817163705825806
Valdes-Souto,7,FAABE_NO_IWM,8,0.48817163705825806
Valdes-Souto,7,FAABE_NO_IWM,9,0.48817163705825806
Valdes-Souto,7,FAABE_NO_IWM,10,0.48817163705825806
Valdes-Souto,7,FAABE_NO_IWM,11,0.48817163705825806
Valdes-Souto,7,FAABE_NO_IWM,12,0.48817163705825806
Valdes-Souto,7,FAABE_NO_IWM,13,0.48817163705825806
Valdes-Souto,7,FAABE_NO_IWM,14,0.48817163705825806
Valdes-Souto,7,FAABE_NO_IWM,15,0.48817163705825806
Valdes-Souto,7,FAABE_NO_IWM,16,0.48817163705825806
Valdes-Souto,7,FAABE_NO_IWM,17,0.48817163705825806
Valdes-Souto,7,FAABE_NO_IWM,18,0.48817163705825806
Valdes-Souto,7,FAABE_NO_IWM,19,0.48817163705825806
Valdes-Souto,7,FAABE_NO_IWM,20,0.48817163705825806
Valdes-Souto,7,FAABE_NO_IWM,21,0.48817163705825806
Valdes-Souto,7,FAABE_NO_IWM,22,0.48817163705825806
Valdes-Souto,7,FAABE_NO_IWM,23,0.48817163705825806
Valdes-Souto,7,FAABE_NO_IWM,24,0.48817163705825806
Valdes-Souto,7,FAABE_NO_IWM,25,0.48817163705825806
Valdes-Souto,7,FAABE_NO_IWM,26,0.48817163705825806
Valdes-Souto,7,FAABE_NO_IWM,27,0.48817163705825806
Valdes-Souto,7,FAABE_NO_IWM,28,0.48817163705825806
Valdes-Souto,7,FAABE_NO_IWM,29,0.48817163705825806
Valdes-Souto,7,FAABE_NO_IWM,30,0.48817163705825806
Valdes-Souto,7,FAABE_NO_IWM,31,0.48817163705825806
Valdes-Souto,7,FAABE_NO_IWM,32,0.48817163705825806
Valdes-Souto,7,FAABE_NO_IWM,33,0.48817163705825806
Valdes-Souto,7,FAABE_NO_IWM,34,0.48817163705825806
Valdes-Souto,7,FAABE_NO_IWM,35,0.48817163705825806
Valdes-Souto,7,FAABE_NO_IWM,36,0.48817163705825806
Valdes-Souto,7,FAABE_NO_IWM,37,0.48817163705825806
Valdes-Souto,7,FAABE_NO_IWM,38,0.48817163705825806
Valdes-Souto,7,FAABE_NO_IWM,39,0.48817163705825806
Valdes-Souto,7,FAABE_NO_IWM,40,0.48817163705825806
Valdes-Souto,7,FAABE_NO_IWM,41,0.48817163705825806
Valdes-Souto,7,FAABE_NO_IWM,42,0.48817163705825806
Valdes-Souto,7,FAABE_NO_IWM,43,0.48817163705825806
Valdes-Souto,7,FAABE_NO_IWM,44,0.48817163705825806
Valdes-Souto,7,FAABE_NO_IWM,45,0.48817163705825806
Valdes-Souto,7,FAABE_NO_IWM,46,0.48817163705825806
Valdes-Souto,7,FAABE_NO_IWM,47,0.48817163705825806
Valdes-Souto,7,FAABE_NO_IWM,48,0.48817163705825806
Valdes-Souto,7,FAABE_NO_IWM,49,0.48817163705825806
Valdes-Souto,7,FAABE_NO_IWM,50,0.48817163705825806
Valdes-Souto,7,FAABE_NO_IWM,51,0.48817163705825806
Valdes-Souto,7,FAABE_NO_IWM,52,0.48817163705825806
Valdes-Souto,7,FAABE_NO_IWM,53,0.48817163705825806
Valdes-Souto,7,FAABE_NO_IWM,54,0.48817163705825806
Valdes-Souto,7,FAABE_NO_IWM,55,0.48817163705825806
Valdes-Souto,7,FAABE_NO_IWM,56,0.48817163705825806
Valdes-Souto,7,FAABE_NO_IWM,57,0.48817163705825806
Valdes-Souto,7,FAABE_NO_IWM,58,0.48817163705825806
Valdes-Souto,7,FAABE_NO_IWM,59,0.48817163705825806
Valdes-Souto,7,FAABE_NO_IWM,60,0.48817163705825806
Valdes-Souto,7,FAABE_NO_IWM,61,0.48817163705825806
Valdes-Souto,7,FAABE_NO_IWM,62,0.48817163705825806
Valdes-Souto,7,FAABE_NO_IWM,63,0.48817163705825806
Valdes-Souto,7,FAABE_NO_IWM,64,0.48817163705825806
Valdes-Souto,7,FAABE_NO_IWM,65,0.48817163705825806
Valdes-Souto,7,FAABE_NO_IWM,66,0.48817163705825806
Valdes-Souto,7,FAABE_NO_IWM,67,0.48817163705825806
Valdes-Souto,7,FAABE_NO_IWM,68,0.48817163705825806
Valdes-Souto,7,FAABE_NO_IWM,69,0.48817163705825806
Valdes-Souto,7,FAABE_NO_IWM,70,0.48817163705825806
Valdes-Souto,7,FAABE_NO_IWM,71,0.48817163705825806
Valdes-Souto,7,FAABE_NO_IWM,72,0.48817163705825806
Valdes-Souto,7,FAABE_NO_IWM,73,0.48817163705825806
Valdes-Souto,7,FAABE_NO_IWM,74,0.48817163705825806
Valdes-Souto,7,FAABE_NO_IWM,75,0.48817163705825806
Valdes-Souto,7,FAABE_NO_IWM,76,0.48817163705825806
Valdes-Souto,7,FAABE_NO_IWM,77,0.48817163705825806
Valdes-Souto,7,FAABE_NO_IWM,78,0.48817163705825806
Valdes-Souto,7,FAABE_NO_IWM,79,0.48817163705825806
Valdes-Souto,7,FAABE_NO_IWM,80,0.48817163705825806
Valdes-Souto,7,FAABE_NO_IWM,81,0.48817163705825806
Valdes-Souto,7,FAABE_NO_IWM,82,0.48817163705825806
Valdes-Souto,7,FAABE_NO_IWM,83,0.48817163705825806
Valdes-Souto,7,FAABE_NO_IWM,84,0.48817163705825806
Valdes-Souto,7,FAABE_NO_IWM,85,0.48817163705825806
Valdes-Souto,7,FAABE_NO_IWM,86,0.48817163705825806
Valdes-Souto,7,FAABE_NO_IWM,87,0.48817163705825806
Valdes-Souto,7,FAABE_NO_IWM,88,0.48817163705825806
Valdes-Souto,7,FAABE_NO_IWM,89,0.48817163705825806
Valdes-Souto,7,FAABE_NO_IWM,90,0.48817163705825806
Valdes-Souto,7,FAABE_NO_IWM,91,0.48817163705825806
Valdes-Souto,7,FAABE_NO_IWM,92,0.48817163705825806
Valdes-Souto,7,FAABE_NO_IWM,93,0.48817163705825806
Valdes-Souto,7,FAABE_NO_IWM,94,0.48817163705825806
Valdes-Souto,7,FAABE_NO_IWM,95,0.48817163705825806
Valdes-Souto,7,FAABE_NO_IWM,96,0.48817163705825806
Valdes-Souto,7,FAABE_NO_IWM,97,0.48817163705825806
Valdes-Souto,7,FAABE_NO_IWM,98,0.48817163705825806
Valdes-Souto,7,FAABE_NO_IWM,99,0.48817163705825806
Valdes-Souto,7,FAABE_NO_IWM,100,0.48817163705825806
Valdes-Souto,7,FAABE_FULL,0,0.4829343557357788
Valdes-Souto,7,FAABE_FULL,1,0.4808803200721741
Valdes-Souto,7,FAABE_FULL,2,0.4808803200721741
Valdes-Souto,7,FAABE_FULL,3,0.4808803200721741
Valdes-Souto,7,FAABE_FULL,4,0.4808803200721741
Valdes-Souto,7,FAABE_FULL,5,0.4808803200721741
Valdes-Souto,7,FAABE_FULL,6,0.4808803200721741
Valdes-Souto,7,FAABE_FULL,7,0.4808803200721741
Valdes-Souto,7,FAABE_FULL,8,0.4808803200721741
Valdes-Souto,7,FAABE_FULL,9,0.4808803200721741
Valdes-Souto,7,FAABE_FULL,10,0.4808803200721741
Valdes-Souto,7,FAABE_FULL,11,0.4808803200721741
Valdes-Souto,7,FAABE_FULL,12,0.4808803200721741
Valdes-Souto,7,FAABE_FULL,13,0.4808803200721741
Valdes-Souto,7,FAABE_FULL,14,0.4808803200721741
Valdes-Souto,7,FAABE_FULL,15,0.48087236285209656
Valdes-Souto,7,FAABE_FULL,16,0.48087236285209656
Valdes-Souto,7,FAABE_FULL,17,0.48087236285209656
Valdes-Souto,7,FAABE_FULL,18,0.48087236285209656
Valdes-Souto,7,FAABE_FULL,19,0.48087236285209656
Valdes-Souto,7,FAABE_FULL,20,0.48087236285209656
Valdes-Souto,7,FAABE_FULL,21,0.48087236285209656
Valdes-Souto,7,FAABE_FULL,22,0.48087236285209656
Valdes-Souto,7,FAABE_FULL,23,0.48087236285209656
Valdes-Souto,7,FAABE_FULL,24,0.48087236285209656
Valdes-Souto,7,FAABE_FULL,25,0.48087236285209656
Valdes-Souto,7,FAABE_FULL,26,0.48087236285209656
Valdes-Souto,7,FAABE_FULL,27,0.48087236285209656
Valdes-Souto,7,FAABE_FULL,28,0.48087236285209656
Valdes-Souto,7,FAABE_FULL,29,0.48087236285209656
Valdes-Souto,7,FAABE_FULL,30,0.48087236285209656
Valdes-Souto,7,FAABE_FULL,31,0.48087236285209656
Valdes-Souto,7,FAABE_FULL,32,0.48087236285209656
Valdes-Souto,7,FAABE_FULL,33,0.48087236285209656
Valdes-Souto,7,FAABE_FULL,34,0.48087236285209656
Valdes-Souto,7,FAABE_FULL,35,0.48087236285209656
Valdes-Souto,7,FAABE_FULL,36,0.48087236285209656
Valdes-Souto,7,FAABE_FULL,37,0.48087236285209656
Valdes-Souto,7,FAABE_FULL,38,0.48087236285209656
Valdes-Souto,7,FAABE_FULL,39,0.48087236285209656
Valdes-Souto,7,FAABE_FULL,40,0.48087236285209656
Valdes-Souto,7,FAABE_FULL,41,0.48087236285209656
Valdes-Souto,7,FAABE_FULL,42,0.48087236285209656
Valdes-Souto,7,FAABE_FULL,43,0.48087236285209656
Valdes-Souto,7,FAABE_FULL,44,0.48087236285209656
Valdes-Souto,7,FAABE_FULL,45,0.48087236285209656
Valdes-Souto,7,FAABE_FULL,46,0.48087236285209656
Valdes-Souto,7,FAABE_FULL,47,0.48087236285209656
Valdes-Souto,7,FAABE_FULL,48,0.48087236285209656
Valdes-Souto,7,FAABE_FULL,49,0.48087236285209656
Valdes-Souto,7,FAABE_FULL,50,0.48087236285209656
Valdes-Souto,7,FAABE_FULL,51,0.48087236285209656
Valdes-Souto,7,FAABE_FULL,52,0.48087236285209656
Valdes-Souto,7,FAABE_FULL,53,0.48087236285209656
Valdes-Souto,7,FAABE_FULL,54,0.48087236285209656
Valdes-Souto,7,FAABE_FULL,55,0.48087236285209656
Valdes-Souto,7,FAABE_FULL,56,0.48087236285209656
Valdes-Souto,7,FAABE_FULL,57,0.48087236285209656
Valdes-Souto,7,FAABE_FULL,58,0.48087236285209656
Valdes-Souto,7,FAABE_FULL,59,0.48087236285209656
Valdes-Souto,7,FAABE_FULL,60,0.48087236285209656
Valdes-Souto,7,FAABE_FULL,61,0.48087236285209656
Valdes-Souto,7,FAABE_FULL,62,0.48087236285209656
Valdes-Souto,7,FAABE_FULL,63,0.48087236285209656
Valdes-Souto,7,FAABE_FULL,64,0.48087236285209656
Valdes-Souto,7,FAABE_FULL,65,0.48087236285209656
Valdes-Souto,7,FAABE_FULL,66,0.48087236285209656
Valdes-Souto,7,FAABE_FULL,67,0.48087236285209656
Valdes-Souto,7,FAABE_FULL,68,0.48087236285209656
Valdes-Souto,7,FAABE_FULL,69,0.48087236285209656
Valdes-Souto,7,FAABE_FULL,70,0.48087236285209656
Valdes-Souto,7,FAABE_FULL,71,0.48087236285209656
Valdes-Souto,7,FAABE_FULL,72,0.48087236285209656
Valdes-Souto,7,FAABE_FULL,73,0.48087236285209656
Valdes-Souto,7,FAABE_FULL,74,0.48087236285209656
Valdes-Souto,7,FAABE_FULL,75,0.48087236285209656
Valdes-Souto,7,FAABE_FULL,76,0.48087236285209656
Valdes-Souto,7,FAABE_FULL,77,0.48087236285209656
Valdes-Souto,7,FAABE_FULL,78,0.48087236285209656
Valdes-Souto,7,FAABE_FULL,79,0.48087236285209656
Valdes-Souto,7,FAABE_FULL,80,0.48087236285209656
Valdes-Souto,7,FAABE_FULL,81,0.48087236285209656
Valdes-Souto,7,FAABE_FULL,82,0.48087236285209656
Valdes-Souto,7,FAABE_FULL,83,0.48087236285209656
Valdes-Souto,7,FAABE_FULL,84,0.48087236285209656
Valdes-Souto,7,FAABE_FULL,85,0.48087236285209656
Valdes-Souto,7,FAABE_FULL,86,0.48087236285209656
Valdes-Souto,7,FAABE_FULL,87,0.48087236285209656
Valdes-Souto,7,FAABE_FULL,88,0.48087236285209656
Valdes-Souto,7,FAABE_FULL,89,0.48087236285209656
Valdes-Souto,7,FAABE_FULL,90,0.48087236285209656
Valdes-Souto,7,FAABE_FULL,91,0.48087236285209656
Valdes-Souto,7,FAABE_FULL,92,0.48087236285209656
Valdes-Souto,7,FAABE_FULL,93,0.48087236285209656
Valdes-Souto,7,FAABE_FULL,94,0.48087236285209656
Valdes-Souto,7,FAABE_FULL,95,0.48087236285209656
Valdes-Souto,7,FAABE_FULL,96,0.48087236285209656
Valdes-Souto,7,FAABE_FULL,97,0.48087236285209656
Valdes-Souto,7,FAABE_FULL,98,0.48087236285209656
Valdes-Souto,7,FAABE_FULL,99,0.48087236285209656
Valdes-Souto,7,FAABE_FULL,100,0.48087236285209656
Valdes-Souto,8,FAABE_NO_PEARSON,0,0.5532413721084595
Valdes-Souto,8,FAABE_NO_PEARSON,1,0.5514757037162781
Valdes-Souto,8,FAABE_NO_PEARSON,2,0.5508294105529785
Valdes-Souto,8,FAABE_NO_PEARSON,3,0.5474695563316345
Valdes-Souto,8,FAABE_NO_PEARSON,4,0.5474695563316345
Valdes-Souto,8,FAABE_NO_PEARSON,5,0.5474299788475037
Valdes-Souto,8,FAABE_NO_PEARSON,6,0.5474299788475037
Valdes-Souto,8,FAABE_NO_PEARSON,7,0.5474299788475037
Valdes-Souto,8,FAABE_NO_PEARSON,8,0.5474299788475037
Valdes-Souto,8,FAABE_NO_PEARSON,9,0.5474299788475037
Valdes-Souto,8,FAABE_NO_PEARSON,10,0.5474299788475037
Valdes-Souto,8,FAABE_NO_PEARSON,11,0.5474299788475037
Valdes-Souto,8,FAABE_NO_PEARSON,12,0.5474299788475037
Valdes-Souto,8,FAABE_NO_PEARSON,13,0.5474299788475037
Valdes-Souto,8,FAABE_NO_PEARSON,14,0.5474299788475037
Valdes-Souto,8,FAABE_NO_PEARSON,15,0.5474299788475037
Valdes-Souto,8,FAABE_NO_PEARSON,16,0.5474299788475037
Valdes-Souto,8,FAABE_NO_PEARSON,17,0.5474299788475037
Valdes-Souto,8,FAABE_NO_PEARSON,18,0.5474299788475037
Valdes-Souto,8,FAABE_NO_PEARSON,19,0.5474299788475037
Valdes-Souto,8,FAABE_NO_PEARSON,20,0.5474299788475037
Valdes-Souto,8,FAABE_NO_PEARSON,21,0.5474299788475037
Valdes-Souto,8,FAABE_NO_PEARSON,22,0.5474299788475037
Valdes-Souto,8,FAABE_NO_PEARSON,23,0.5474299788475037
Valdes-Souto,8,FAABE_NO_PEARSON,24,0.5474299788475037
Valdes-Souto,8,FAABE_NO_PEARSON,25,0.5474299788475037
Valdes-Souto,8,FAABE_NO_PEARSON,26,0.5474299788475037
Valdes-Souto,8,FAABE_NO_PEARSON,27,0.5474299788475037
Valdes-Souto,8,FAABE_NO_PEARSON,28,0.5474299788475037
Valdes-Souto,8,FAABE_NO_PEARSON,29,0.5474299788475037
Valdes-Souto,8,FAABE_NO_PEARSON,30,0.5474299788475037
Valdes-Souto,8,FAABE_NO_PEARSON,31,0.5474299788475037
Valdes-Souto,8,FAABE_NO_PEARSON,32,0.5474299788475037
Valdes-Souto,8,FAABE_NO_PEARSON,33,0.5474299788475037
Valdes-Souto,8,FAABE_NO_PEARSON,34,0.5474299788475037
Valdes-Souto,8,FAABE_NO_PEARSON,35,0.5474299788475037
Valdes-Souto,8,FAABE_NO_PEARSON,36,0.5474299788475037
Valdes-Souto,8,FAABE_NO_PEARSON,37,0.5474299788475037
Valdes-Souto,8,FAABE_NO_PEARSON,38,0.5474299788475037
Valdes-Souto,8,FAABE_NO_PEARSON,39,0.5474299788475037
Valdes-Souto,8,FAABE_NO_PEARSON,40,0.5474299788475037
Valdes-Souto,8,FAABE_NO_PEARSON,41,0.5474299788475037
Valdes-Souto,8,FAABE_NO_PEARSON,42,0.5474299788475037
Valdes-Souto,8,FAABE_NO_PEARSON,43,0.5474299788475037
Valdes-Souto,8,FAABE_NO_PEARSON,44,0.5474299788475037
Valdes-Souto,8,FAABE_NO_PEARSON,45,0.5474299788475037
Valdes-Souto,8,FAABE_NO_PEARSON,46,0.5474299788475037
Valdes-Souto,8,FAABE_NO_PEARSON,47,0.5474299788475037
Valdes-Souto,8,FAABE_NO_PEARSON,48,0.5474299788475037
Valdes-Souto,8,FAABE_NO_PEARSON,49,0.5474299788475037
Valdes-Souto,8,FAABE_NO_PEARSON,50,0.5474299788475037
Valdes-Souto,8,FAABE_NO_PEARSON,51,0.5474299788475037
Valdes-Souto,8,FAABE_NO_PEARSON,52,0.5474299788475037
Valdes-Souto,8,FAABE_NO_PEARSON,53,0.5474299788475037
Valdes-Souto,8,FAABE_NO_PEARSON,54,0.5474299788475037
Valdes-Souto,8,FAABE_NO_PEARSON,55,0.5474299788475037
Valdes-Souto,8,FAABE_NO_PEARSON,56,0.5474299788475037
Valdes-Souto,8,FAABE_NO_PEARSON,57,0.5474299788475037
Valdes-Souto,8,FAABE_NO_PEARSON,58,0.5474299788475037
Valdes-Souto,8,FAABE_NO_PEARSON,59,0.5474299788475037
Valdes-Souto,8,FAABE_NO_PEARSON,60,0.5474299788475037
Valdes-Souto,8,FAABE_NO_PEARSON,61,0.5474299788475037
Valdes-Souto,8,FAABE_NO_PEARSON,62,0.5474299788475037
Valdes-Souto,8,FAABE_NO_PEARSON,63,0.5474299788475037
Valdes-Souto,8,FAABE_NO_PEARSON,64,0.5474299788475037
Valdes-Souto,8,FAABE_NO_PEARSON,65,0.5474299788475037
Valdes-Souto,8,FAABE_NO_PEARSON,66,0.5474299788475037
Valdes-Souto,8,FAABE_NO_PEARSON,67,0.5474299788475037
Valdes-Souto,8,FAABE_NO_PEARSON,68,0.5474299788475037
Valdes-Souto,8,FAABE_NO_PEARSON,69,0.5474299788475037
Valdes-Souto,8,FAABE_NO_PEARSON,70,0.5474299788475037
Valdes-Souto,8,FAABE_NO_PEARSON,71,0.5474299788475037
Valdes-Souto,8,FAABE_NO_PEARSON,72,0.5474299788475037
Valdes-Souto,8,FAABE_NO_PEARSON,73,0.5474299788475037
Valdes-Souto,8,FAABE_NO_PEARSON,74,0.5474299788475037
Valdes-Souto,8,FAABE_NO_PEARSON,75,0.5474299788475037
Valdes-Souto,8,FAABE_NO_PEARSON,76,0.5474299788475037
Valdes-Souto,8,FAABE_NO_PEARSON,77,0.5474299788475037
Valdes-Souto,8,FAABE_NO_PEARSON,78,0.5474299788475037
Valdes-Souto,8,FAABE_NO_PEARSON,79,0.5474299788475037
Valdes-Souto,8,FAABE_NO_PEARSON,80,0.5474299788475037
Valdes-Souto,8,FAABE_NO_PEARSON,81,0.5474299788475037
Valdes-Souto,8,FAABE_NO_PEARSON,82,0.5474299788475037
Valdes-Souto,8,FAABE_NO_PEARSON,83,0.5474299788475037
Valdes-Souto,8,FAABE_NO_PEARSON,84,0.5474299788475037
Valdes-Souto,8,FAABE_NO_PEARSON,85,0.5474299788475037
Valdes-Souto,8,FAABE_NO_PEARSON,86,0.5474299788475037
Valdes-Souto,8,FAABE_NO_PEARSON,87,0.5474299788475037
Valdes-Souto,8,FAABE_NO_PEARSON,88,0.5474299788475037
Valdes-Souto,8,FAABE_NO_PEARSON,89,0.5474299788475037
Valdes-Souto,8,FAABE_NO_PEARSON,90,0.5474299788475037
Valdes-Souto,8,FAABE_NO_PEARSON,91,0.5474299788475037
Valdes-Souto,8,FAABE_NO_PEARSON,92,0.5474299788475037
Valdes-Souto,8,FAABE_NO_PEARSON,93,0.5474299788475037
Valdes-Souto,8,FAABE_NO_PEARSON,94,0.5474299788475037
Valdes-Souto,8,FAABE_NO_PEARSON,95,0.5474299788475037
Valdes-Souto,8,FAABE_NO_PEARSON,96,0.5474299788475037
Valdes-Souto,8,FAABE_NO_PEARSON,97,0.5474299788475037
Valdes-Souto,8,FAABE_NO_PEARSON,98,0.5474299788475037
Valdes-Souto,8,FAABE_NO_PEARSON,99,0.5474299788475037
Valdes-Souto,8,FAABE_NO_PEARSON,100,0.5474299788475037
Valdes-Souto,8,FAABE_NO_IWM,0,3.059199571609497
Valdes-Souto,8,FAABE_NO_IWM,1,3.059199571609497
Valdes-Souto,8,FAABE_NO_IWM,2,3.059199571609497
Valdes-Souto,8,FAABE_NO_IWM,3,3.059199571609497
Valdes-Souto,8,FAABE_NO_IWM,4,3.059199571609497
Valdes-Souto,8,FAABE_NO_IWM,5,3.059199571609497
Valdes-Souto,8,FAABE_NO_IWM,6,3.059199571609497
Valdes-Souto,8,FAABE_NO_IWM,7,3.059199571609497
Valdes-Souto,8,FAABE_NO_IWM,8,3.059199571609497
Valdes-Souto,8,FAABE_NO_IWM,9,3.059199571609497
Valdes-Souto,8,FAABE_NO_IWM,10,3.059199571609497
Valdes-Souto,8,FAABE_NO_IWM,11,3.059199571609497
Valdes-Souto,8,FAABE_NO_IWM,12,3.059199571609497
Valdes-Souto,8,FAABE_NO_IWM,13,3.059199571609497
Valdes-Souto,8,FAABE_NO_IWM,14,3.059199571609497
Valdes-Souto,8,FAABE_NO_IWM,15,3.059199571609497
Valdes-Souto,8,FAABE_NO_IWM,16,3.059199571609497
Valdes-Souto,8,FAABE_NO_IWM,17,3.059199571609497
Valdes-Souto,8,FAABE_NO_IWM,18,3.059199571609497
Valdes-Souto,8,FAABE_NO_IWM,19,3.059199571609497
Valdes-Souto,8,FAABE_NO_IWM,20,3.059199571609497
Valdes-Souto,8,FAABE_NO_IWM,21,3.059199571609497
Valdes-Souto,8,FAABE_NO_IWM,22,3.059199571609497
Valdes-Souto,8,FAABE_NO_IWM,23,3.059199571609497
Valdes-Souto,8,FAABE_NO_IWM,24,3.059199571609497
Valdes-Souto,8,FAABE_NO_IWM,25,3.059199571609497
Valdes-Souto,8,FAABE_NO_IWM,26,3.059199571609497
Valdes-Souto,8,FAABE_NO_IWM,27,3.059199571609497
Valdes-Souto,8,FAABE_NO_IWM,28,3.059199571609497
Valdes-Souto,8,FAABE_NO_IWM,29,3.059199571609497
Valdes-Souto,8,FAABE_NO_IWM,30,3.059199571609497
Valdes-Souto,8,FAABE_NO_IWM,31,3.059199571609497
Valdes-Souto,8,FAABE_NO_IWM,32,3.059199571609497
Valdes-Souto,8,FAABE_NO_IWM,33,3.059199571609497
Valdes-Souto,8,FAABE_NO_IWM,34,3.059199571609497
Valdes-Souto,8,FAABE_NO_IWM,35,3.059199571609497
Valdes-Souto,8,FAABE_NO_IWM,36,3.059199571609497
Valdes-Souto,8,FAABE_NO_IWM,37,3.059199571609497
Valdes-Souto,8,FAABE_NO_IWM,38,3.059199571609497
Valdes-Souto,8,FAABE_NO_IWM,39,3.059199571609497
Valdes-Souto,8,FAABE_NO_IWM,40,3.059199571609497
Valdes-Souto,8,FAABE_NO_IWM,41,3.059199571609497
Valdes-Souto,8,FAABE_NO_IWM,42,3.059199571609497
Valdes-Souto,8,FAABE_NO_IWM,43,3.059199571609497
Valdes-Souto,8,FAABE_NO_IWM,44,3.059199571609497
Valdes-Souto,8,FAABE_NO_IWM,45,3.059199571609497
Valdes-Souto,8,FAABE_NO_IWM,46,3.059199571609497
Valdes-Souto,8,FAABE_NO_IWM,47,3.059199571609497
Valdes-Souto,8,FAABE_NO_IWM,48,3.059199571609497
Valdes-Souto,8,FAABE_NO_IWM,49,3.059199571609497
Valdes-Souto,8,FAABE_NO_IWM,50,3.059199571609497
Valdes-Souto,8,FAABE_NO_IWM,51,3.059199571609497
Valdes-Souto,8,FAABE_NO_IWM,52,3.059199571609497
Valdes-Souto,8,FAABE_NO_IWM,53,3.059199571609497
Valdes-Souto,8,FAABE_NO_IWM,54,3.059199571609497
Valdes-Souto,8,FAABE_NO_IWM,55,3.059199571609497
Valdes-Souto,8,FAABE_NO_IWM,56,3.059199571609497
Valdes-Souto,8,FAABE_NO_IWM,57,3.059199571609497
Valdes-Souto,8,FAABE_NO_IWM,58,3.059199571609497
Valdes-Souto,8,FAABE_NO_IWM,59,3.059199571609497
Valdes-Souto,8,FAABE_NO_IWM,60,3.059199571609497
Valdes-Souto,8,FAABE_NO_IWM,61,3.059199571609497
Valdes-Souto,8,FAABE_NO_IWM,62,3.059199571609497
Valdes-Souto,8,FAABE_NO_IWM,63,3.059199571609497
Valdes-Souto,8,FAABE_NO_IWM,64,3.059199571609497
Valdes-Souto,8,FAABE_NO_IWM,65,3.059199571609497
Valdes-Souto,8,FAABE_NO_IWM,66,3.059199571609497
Valdes-Souto,8,FAABE_NO_IWM,67,3.059199571609497
Valdes-Souto,8,FAABE_NO_IWM,68,3.059199571609497
Valdes-Souto,8,FAABE_NO_IWM,69,3.059199571609497
Valdes-Souto,8,FAABE_NO_IWM,70,3.059199571609497
Valdes-Souto,8,FAABE_NO_IWM,71,3.059199571609497
Valdes-Souto,8,FAABE_NO_IWM,72,3.059199571609497
Valdes-Souto,8,FAABE_NO_IWM,73,3.059199571609497
Valdes-Souto,8,FAABE_NO_IWM,74,3.059199571609497
Valdes-Souto,8,FAABE_NO_IWM,75,3.059199571609497
Valdes-Souto,8,FAABE_NO_IWM,76,3.059199571609497
Valdes-Souto,8,FAABE_NO_IWM,77,3.059199571609497
Valdes-Souto,8,FAABE_NO_IWM,78,3.059199571609497
Valdes-Souto,8,FAABE_NO_IWM,79,3.059199571609497
Valdes-Souto,8,FAABE_NO_IWM,80,3.059199571609497
Valdes-Souto,8,FAABE_NO_IWM,81,3.059199571609497
Valdes-Souto,8,FAABE_NO_IWM,82,3.059199571609497
Valdes-Souto,8,FAABE_NO_IWM,83,3.059199571609497
Valdes-Souto,8,FAABE_NO_IWM,84,3.059199571609497
Valdes-Souto,8,FAABE_NO_IWM,85,3.059199571609497
Valdes-Souto,8,FAABE_NO_IWM,86,3.059199571609497
Valdes-Souto,8,FAABE_NO_IWM,87,3.059199571609497
Valdes-Souto,8,FAABE_NO_IWM,88,3.059199571609497
Valdes-Souto,8,FAABE_NO_IWM,89,3.059199571609497
Valdes-Souto,8,FAABE_NO_IWM,90,3.059199571609497
Valdes-Souto,8,FAABE_NO_IWM,91,3.059199571609497
Valdes-Souto,8,FAABE_NO_IWM,92,3.059199571609497
Valdes-Souto,8,FAABE_NO_IWM,93,3.059199571609497
Valdes-Souto,8,FAABE_NO_IWM,94,3.059199571609497
Valdes-Souto,8,FAABE_NO_IWM,95,3.059199571609497
Valdes-Souto,8,FAABE_NO_IWM,96,3.059199571609497
Valdes-Souto,8,FAABE_NO_IWM,97,3.059199571609497
Valdes-Souto,8,FAABE_NO_IWM,98,3.059199571609497
Valdes-Souto,8,FAABE_NO_IWM,99,3.059199571609497
Valdes-Souto,8,FAABE_NO_IWM,100,3.059199571609497
Valdes-Souto,8,FAABE_FULL,0,3.3132174015045166
Valdes-Souto,8,FAABE_FULL,1,3.3132174015045166
Valdes-Souto,8,FAABE_FULL,2,3.3132174015045166
Valdes-Souto,8,FAABE_FULL,3,3.3132174015045166
Valdes-Souto,8,FAABE_FULL,4,3.3132174015045166
Valdes-Souto,8,FAABE_FULL,5,3.3132174015045166
Valdes-Souto,8,FAABE_FULL,6,3.3132174015045166
Valdes-Souto,8,FAABE_FULL,7,3.3132174015045166
Valdes-Souto,8,FAABE_FULL,8,3.3132174015045166
Valdes-Souto,8,FAABE_FULL,9,3.3132174015045166
Valdes-Souto,8,FAABE_FULL,10,3.3132174015045166
Valdes-Souto,8,FAABE_FULL,11,3.3132174015045166
Valdes-Souto,8,FAABE_FULL,12,3.3132174015045166
Valdes-Souto,8,FAABE_FULL,13,3.3132174015045166
Valdes-Souto,8,FAABE_FULL,14,3.3132174015045166
Valdes-Souto,8,FAABE_FULL,15,3.3132174015045166
Valdes-Souto,8,FAABE_FULL,16,3.3132174015045166
Valdes-Souto,8,FAABE_FULL,17,3.3132174015045166
Valdes-Souto,8,FAABE_FULL,18,3.3132174015045166
Valdes-Souto,8,FAABE_FULL,19,3.3132174015045166
Valdes-Souto,8,FAABE_FULL,20,3.3132174015045166
Valdes-Souto,8,FAABE_FULL,21,3.3132174015045166
Valdes-Souto,8,FAABE_FULL,22,3.3132174015045166
Valdes-Souto,8,FAABE_FULL,23,3.3132174015045166
Valdes-Souto,8,FAABE_FULL,24,3.3132174015045166
Valdes-Souto,8,FAABE_FULL,25,3.3132174015045166
Valdes-Souto,8,FAABE_FULL,26,3.3132174015045166
Valdes-Souto,8,FAABE_FULL,27,3.3132174015045166
Valdes-Souto,8,FAABE_FULL,28,3.3132174015045166
Valdes-Souto,8,FAABE_FULL,29,3.3132174015045166
Valdes-Souto,8,FAABE_FULL,30,3.3132174015045166
Valdes-Souto,8,FAABE_FULL,31,3.3132174015045166
Valdes-Souto,8,FAABE_FULL,32,3.3132174015045166
Valdes-Souto,8,FAABE_FULL,33,3.3132174015045166
Valdes-Souto,8,FAABE_FULL,34,3.3132174015045166
Valdes-Souto,8,FAABE_FULL,35,3.3132174015045166
Valdes-Souto,8,FAABE_FULL,36,3.3132174015045166
Valdes-Souto,8,FAABE_FULL,37,3.3132174015045166
Valdes-Souto,8,FAABE_FULL,38,3.3132174015045166
Valdes-Souto,8,FAABE_FULL,39,3.3132174015045166
Valdes-Souto,8,FAABE_FULL,40,3.3132174015045166
Valdes-Souto,8,FAABE_FULL,41,3.3132174015045166
Valdes-Souto,8,FAABE_FULL,42,3.3132174015045166
Valdes-Souto,8,FAABE_FULL,43,3.3132174015045166
Valdes-Souto,8,FAABE_FULL,44,3.3132174015045166
Valdes-Souto,8,FAABE_FULL,45,3.3132174015045166
Valdes-Souto,8,FAABE_FULL,46,3.3132174015045166
Valdes-Souto,8,FAABE_FULL,47,3.3132174015045166
Valdes-Souto,8,FAABE_FULL,48,3.3132174015045166
Valdes-Souto,8,FAABE_FULL,49,3.3132174015045166
Valdes-Souto,8,FAABE_FULL,50,3.3132174015045166
Valdes-Souto,8,FAABE_FULL,51,3.3132174015045166
Valdes-Souto,8,FAABE_FULL,52,3.3132174015045166
Valdes-Souto,8,FAABE_FULL,53,3.3132174015045166
Valdes-Souto,8,FAABE_FULL,54,3.3132174015045166
Valdes-Souto,8,FAABE_FULL,55,3.3132174015045166
Valdes-Souto,8,FAABE_FULL,56,3.3132174015045166
Valdes-Souto,8,FAABE_FULL,57,3.3132174015045166
Valdes-Souto,8,FAABE_FULL,58,3.3132174015045166
Valdes-Souto,8,FAABE_FULL,59,3.3132174015045166
Valdes-Souto,8,FAABE_FULL,60,3.3132174015045166
Valdes-Souto,8,FAABE_FULL,61,3.3132174015045166
Valdes-Souto,8,FAABE_FULL,62,3.3132174015045166
Valdes-Souto,8,FAABE_FULL,63,3.3132174015045166
Valdes-Souto,8,FAABE_FULL,64,3.3132174015045166
Valdes-Souto,8,FAABE_FULL,65,3.3132174015045166
Valdes-Souto,8,FAABE_FULL,66,3.3132174015045166
Valdes-Souto,8,FAABE_FULL,67,3.3132174015045166
Valdes-Souto,8,FAABE_FULL,68,3.3132174015045166
Valdes-Souto,8,FAABE_FULL,69,3.3132174015045166
Valdes-Souto,8,FAABE_FULL,70,3.3132174015045166
Valdes-Souto,8,FAABE_FULL,71,3.3132174015045166
Valdes-Souto,8,FAABE_FULL,72,3.3132174015045166
Valdes-Souto,8,FAABE_FULL,73,3.3132174015045166
Valdes-Souto,8,FAABE_FULL,74,3.3132174015045166
Valdes-Souto,8,FAABE_FULL,75,3.3132174015045166
Valdes-Souto,8,FAABE_FULL,76,3.3132174015045166
Valdes-Souto,8,FAABE_FULL,77,3.3132174015045166
Valdes-Souto,8,FAABE_FULL,78,3.3132174015045166
Valdes-Souto,8,FAABE_FULL,79,3.3132174015045166
Valdes-Souto,8,FAABE_FULL,80,3.3132174015045166
Valdes-Souto,8,FAABE_FULL,81,3.3132174015045166
Valdes-Souto,8,FAABE_FULL,82,3.3132174015045166
Valdes-Souto,8,FAABE_FULL,83,3.3132174015045166
Valdes-Souto,8,FAABE_FULL,84,3.3132174015045166
Valdes-Souto,8,FAABE_FULL,85,3.3132174015045166
Valdes-Souto,8,FAABE_FULL,86,3.3132174015045166
Valdes-Souto,8,FAABE_FULL,87,3.3132174015045166
Valdes-Souto,8,FAABE_FULL,88,3.3132174015045166
Valdes-Souto,8,FAABE_FULL,89,3.3132174015045166
Valdes-Souto,8,FAABE_FULL,90,3.3132174015045166
Valdes-Souto,8,FAABE_FULL,91,3.3132174015045166
Valdes-Souto,8,FAABE_FULL,92,3.3132174015045166
Valdes-Souto,8,FAABE_FULL,93,3.3132174015045166
Valdes-Souto,8,FAABE_FULL,94,3.3132174015045166
Valdes-Souto,8,FAABE_FULL,95,3.3132174015045166
Valdes-Souto,8,FAABE_FULL,96,3.3132174015045166
Valdes-Souto,8,FAABE_FULL,97,3.3132174015045166
Valdes-Souto,8,FAABE_FULL,98,3.3132174015045166
Valdes-Souto,8,FAABE_FULL,99,3.3132174015045166
Valdes-Souto,8,FAABE_FULL,100,3.3132174015045166
Valdes-Souto,9,FAABE_NO_PEARSON,0,0.46067026257514954
Valdes-Souto,9,FAABE_NO_PEARSON,1,0.4595489203929901
Valdes-Souto,9,FAABE_NO_PEARSON,2,0.45949679613113403
Valdes-Souto,9,FAABE_NO_PEARSON,3,0.459489107131958
Valdes-Souto,9,FAABE_NO_PEARSON,4,0.4571569263935089
Valdes-Souto,9,FAABE_NO_PEARSON,5,0.4571569263935089
Valdes-Souto,9,FAABE_NO_PEARSON,6,0.4571569263935089
Valdes-Souto,9,FAABE_NO_PEARSON,7,0.4571569263935089
Valdes-Souto,9,FAABE_NO_PEARSON,8,0.4571569263935089
Valdes-Souto,9,FAABE_NO_PEARSON,9,0.4571569263935089
Valdes-Souto,9,FAABE_NO_PEARSON,10,0.4571569263935089
Valdes-Souto,9,FAABE_NO_PEARSON,11,0.4571569263935089
Valdes-Souto,9,FAABE_NO_PEARSON,12,0.4571569263935089
Valdes-Souto,9,FAABE_NO_PEARSON,13,0.4571569263935089
Valdes-Souto,9,FAABE_NO_PEARSON,14,0.4571569263935089
Valdes-Souto,9,FAABE_NO_PEARSON,15,0.4571569263935089
Valdes-Souto,9,FAABE_NO_PEARSON,16,0.4571569263935089
Valdes-Souto,9,FAABE_NO_PEARSON,17,0.4571569263935089
Valdes-Souto,9,FAABE_NO_PEARSON,18,0.4571569263935089
Valdes-Souto,9,FAABE_NO_PEARSON,19,0.4571569263935089
Valdes-Souto,9,FAABE_NO_PEARSON,20,0.4571569263935089
Valdes-Souto,9,FAABE_NO_PEARSON,21,0.4571569263935089
Valdes-Souto,9,FAABE_NO_PEARSON,22,0.4571569263935089
Valdes-Souto,9,FAABE_NO_PEARSON,23,0.4571569263935089
Valdes-Souto,9,FAABE_NO_PEARSON,24,0.4571569263935089
Valdes-Souto,9,FAABE_NO_PEARSON,25,0.4571569263935089
Valdes-Souto,9,FAABE_NO_PEARSON,26,0.4571569263935089
Valdes-Souto,9,FAABE_NO_PEARSON,27,0.4571569263935089
Valdes-Souto,9,FAABE_NO_PEARSON,28,0.4571569263935089
Valdes-Souto,9,FAABE_NO_PEARSON,29,0.4571569263935089
Valdes-Souto,9,FAABE_NO_PEARSON,30,0.4571569263935089
Valdes-Souto,9,FAABE_NO_PEARSON,31,0.4571569263935089
Valdes-Souto,9,FAABE_NO_PEARSON,32,0.4571569263935089
Valdes-Souto,9,FAABE_NO_PEARSON,33,0.4571569263935089
Valdes-Souto,9,FAABE_NO_PEARSON,34,0.4571569263935089
Valdes-Souto,9,FAABE_NO_PEARSON,35,0.4571569263935089
Valdes-Souto,9,FAABE_NO_PEARSON,36,0.4571566879749298
Valdes-Souto,9,FAABE_NO_PEARSON,37,0.4571566879749298
Valdes-Souto,9,FAABE_NO_PEARSON,38,0.4571566879749298
Valdes-Souto,9,FAABE_NO_PEARSON,39,0.4571566879749298
Valdes-Souto,9,FAABE_NO_PEARSON,40,0.4571566879749298
Valdes-Souto,9,FAABE_NO_PEARSON,41,0.4571566879749298
Valdes-Souto,9,FAABE_NO_PEARSON,42,0.45715564489364624
Valdes-Souto,9,FAABE_NO_PEARSON,43,0.45715564489364624
Valdes-Souto,9,FAABE_NO_PEARSON,44,0.45715564489364624
Valdes-Souto,9,FAABE_NO_PEARSON,45,0.45715564489364624
Valdes-Souto,9,FAABE_NO_PEARSON,46,0.45715564489364624
Valdes-Souto,9,FAABE_NO_PEARSON,47,0.45715564489364624
Valdes-Souto,9,FAABE_NO_PEARSON,48,0.45715564489364624
Valdes-Souto,9,FAABE_NO_PEARSON,49,0.45715564489364624
Valdes-Souto,9,FAABE_NO_PEARSON,50,0.45715564489364624
Valdes-Souto,9,FAABE_NO_PEARSON,51,0.45715564489364624
Valdes-Souto,9,FAABE_NO_PEARSON,52,0.45715564489364624
Valdes-Souto,9,FAABE_NO_PEARSON,53,0.45715564489364624
Valdes-Souto,9,FAABE_NO_PEARSON,54,0.45715564489364624
Valdes-Souto,9,FAABE_NO_PEARSON,55,0.45715564489364624
Valdes-Souto,9,FAABE_NO_PEARSON,56,0.45715564489364624
Valdes-Souto,9,FAABE_NO_PEARSON,57,0.45715564489364624
Valdes-Souto,9,FAABE_NO_PEARSON,58,0.45715564489364624
Valdes-Souto,9,FAABE_NO_PEARSON,59,0.45715564489364624
Valdes-Souto,9,FAABE_NO_PEARSON,60,0.45715564489364624
Valdes-Souto,9,FAABE_NO_PEARSON,61,0.45715564489364624
Valdes-Souto,9,FAABE_NO_PEARSON,62,0.45715564489364624
Valdes-Souto,9,FAABE_NO_PEARSON,63,0.45715564489364624
Valdes-Souto,9,FAABE_NO_PEARSON,64,0.45715564489364624
Valdes-Souto,9,FAABE_NO_PEARSON,65,0.45715564489364624
Valdes-Souto,9,FAABE_NO_PEARSON,66,0.45715564489364624
Valdes-Souto,9,FAABE_NO_PEARSON,67,0.45715564489364624
Valdes-Souto,9,FAABE_NO_PEARSON,68,0.45715564489364624
Valdes-Souto,9,FAABE_NO_PEARSON,69,0.45715564489364624
Valdes-Souto,9,FAABE_NO_PEARSON,70,0.45715564489364624
Valdes-Souto,9,FAABE_NO_PEARSON,71,0.45715564489364624
Valdes-Souto,9,FAABE_NO_PEARSON,72,0.45715564489364624
Valdes-Souto,9,FAABE_NO_PEARSON,73,0.45715564489364624
Valdes-Souto,9,FAABE_NO_PEARSON,74,0.45715564489364624
Valdes-Souto,9,FAABE_NO_PEARSON,75,0.45715564489364624
Valdes-Souto,9,FAABE_NO_PEARSON,76,0.45715564489364624
Valdes-Souto,9,FAABE_NO_PEARSON,77,0.45715564489364624
Valdes-Souto,9,FAABE_NO_PEARSON,78,0.45715564489364624
Valdes-Souto,9,FAABE_NO_PEARSON,79,0.45715564489364624
Valdes-Souto,9,FAABE_NO_PEARSON,80,0.45715564489364624
Valdes-Souto,9,FAABE_NO_PEARSON,81,0.45715564489364624
Valdes-Souto,9,FAABE_NO_PEARSON,82,0.45715564489364624
Valdes-Souto,9,FAABE_NO_PEARSON,83,0.45715564489364624
Valdes-Souto,9,FAABE_NO_PEARSON,84,0.45715564489364624
Valdes-Souto,9,FAABE_NO_PEARSON,85,0.45715564489364624
Valdes-Souto,9,FAABE_NO_PEARSON,86,0.45715564489364624
Valdes-Souto,9,FAABE_NO_PEARSON,87,0.45715564489364624
Valdes-Souto,9,FAABE_NO_PEARSON,88,0.45715564489364624
Valdes-Souto,9,FAABE_NO_PEARSON,89,0.45715564489364624
Valdes-Souto,9,FAABE_NO_PEARSON,90,0.45715564489364624
Valdes-Souto,9,FAABE_NO_PEARSON,91,0.45715564489364624
Valdes-Souto,9,FAABE_NO_PEARSON,92,0.45715564489364624
Valdes-Souto,9,FAABE_NO_PEARSON,93,0.45715564489364624
Valdes-Souto,9,FAABE_NO_PEARSON,94,0.45715564489364624
Valdes-Souto,9,FAABE_NO_PEARSON,95,0.45715564489364624
Valdes-Souto,9,FAABE_NO_PEARSON,96,0.45715564489364624
Valdes-Souto,9,FAABE_NO_PEARSON,97,0.45715564489364624
Valdes-Souto,9,FAABE_NO_PEARSON,98,0.45715564489364624
Valdes-Souto,9,FAABE_NO_PEARSON,99,0.45715564489364624
Valdes-Souto,9,FAABE_NO_PEARSON,100,0.45715564489364624
Valdes-Souto,9,FAABE_NO_IWM,0,1.8216575384140015
Valdes-Souto,9,FAABE_NO_IWM,1,1.8216575384140015
Valdes-Souto,9,FAABE_NO_IWM,2,1.8216575384140015
Valdes-Souto,9,FAABE_NO_IWM,3,1.8216575384140015
Valdes-Souto,9,FAABE_NO_IWM,4,1.8216575384140015
Valdes-Souto,9,FAABE_NO_IWM,5,1.8216575384140015
Valdes-Souto,9,FAABE_NO_IWM,6,1.8216575384140015
Valdes-Souto,9,FAABE_NO_IWM,7,1.8216575384140015
Valdes-Souto,9,FAABE_NO_IWM,8,1.8216575384140015
Valdes-Souto,9,FAABE_NO_IWM,9,1.8216575384140015
Valdes-Souto,9,FAABE_NO_IWM,10,1.8216575384140015
Valdes-Souto,9,FAABE_NO_IWM,11,1.8216575384140015
Valdes-Souto,9,FAABE_NO_IWM,12,1.8216575384140015
Valdes-Souto,9,FAABE_NO_IWM,13,1.8216575384140015
Valdes-Souto,9,FAABE_NO_IWM,14,1.8216575384140015
Valdes-Souto,9,FAABE_NO_IWM,15,1.8216575384140015
Valdes-Souto,9,FAABE_NO_IWM,16,1.8216575384140015
Valdes-Souto,9,FAABE_NO_IWM,17,1.8216575384140015
Valdes-Souto,9,FAABE_NO_IWM,18,1.8216575384140015
Valdes-Souto,9,FAABE_NO_IWM,19,1.8216575384140015
Valdes-Souto,9,FAABE_NO_IWM,20,1.8216575384140015
Valdes-Souto,9,FAABE_NO_IWM,21,1.8216575384140015
Valdes-Souto,9,FAABE_NO_IWM,22,1.8216575384140015
Valdes-Souto,9,FAABE_NO_IWM,23,1.8216575384140015
Valdes-Souto,9,FAABE_NO_IWM,24,1.8216575384140015
Valdes-Souto,9,FAABE_NO_IWM,25,1.8216575384140015
Valdes-Souto,9,FAABE_NO_IWM,26,1.8216575384140015
Valdes-Souto,9,FAABE_NO_IWM,27,1.8216575384140015
Valdes-Souto,9,FAABE_NO_IWM,28,1.8216575384140015
Valdes-Souto,9,FAABE_NO_IWM,29,1.8216575384140015
Valdes-Souto,9,FAABE_NO_IWM,30,1.8216575384140015
Valdes-Souto,9,FAABE_NO_IWM,31,1.8216575384140015
Valdes-Souto,9,FAABE_NO_IWM,32,1.8216575384140015
Valdes-Souto,9,FAABE_NO_IWM,33,1.8216575384140015
Valdes-Souto,9,FAABE_NO_IWM,34,1.8216575384140015
Valdes-Souto,9,FAABE_NO_IWM,35,1.8216575384140015
Valdes-Souto,9,FAABE_NO_IWM,36,1.8216575384140015
Valdes-Souto,9,FAABE_NO_IWM,37,1.8216575384140015
Valdes-Souto,9,FAABE_NO_IWM,38,1.8216575384140015
Valdes-Souto,9,FAABE_NO_IWM,39,1.8216575384140015
Valdes-Souto,9,FAABE_NO_IWM,40,1.8216575384140015
Valdes-Souto,9,FAABE_NO_IWM,41,1.8216575384140015
Valdes-Souto,9,FAABE_NO_IWM,42,1.8216575384140015
Valdes-Souto,9,FAABE_NO_IWM,43,1.8216575384140015
Valdes-Souto,9,FAABE_NO_IWM,44,1.8216575384140015
Valdes-Souto,9,FAABE_NO_IWM,45,1.8216575384140015
Valdes-Souto,9,FAABE_NO_IWM,46,1.8216575384140015
Valdes-Souto,9,FAABE_NO_IWM,47,1.8216575384140015
Valdes-Souto,9,FAABE_NO_IWM,48,1.8216575384140015
Valdes-Souto,9,FAABE_NO_IWM,49,1.8216575384140015
Valdes-Souto,9,FAABE_NO_IWM,50,1.8216575384140015
Valdes-Souto,9,FAABE_NO_IWM,51,1.8216575384140015
Valdes-Souto,9,FAABE_NO_IWM,52,1.8216575384140015
Valdes-Souto,9,FAABE_NO_IWM,53,1.8216575384140015
Valdes-Souto,9,FAABE_NO_IWM,54,1.8216575384140015
Valdes-Souto,9,FAABE_NO_IWM,55,1.8216575384140015
Valdes-Souto,9,FAABE_NO_IWM,56,1.8216575384140015
Valdes-Souto,9,FAABE_NO_IWM,57,1.8216575384140015
Valdes-Souto,9,FAABE_NO_IWM,58,1.8216575384140015
Valdes-Souto,9,FAABE_NO_IWM,59,1.8216575384140015
Valdes-Souto,9,FAABE_NO_IWM,60,1.8216575384140015
Valdes-Souto,9,FAABE_NO_IWM,61,1.8216575384140015
Valdes-Souto,9,FAABE_NO_IWM,62,1.8216575384140015
Valdes-Souto,9,FAABE_NO_IWM,63,1.8216575384140015
Valdes-Souto,9,FAABE_NO_IWM,64,1.8216575384140015
Valdes-Souto,9,FAABE_NO_IWM,65,1.8216575384140015
Valdes-Souto,9,FAABE_NO_IWM,66,1.8216575384140015
Valdes-Souto,9,FAABE_NO_IWM,67,1.8216575384140015
Valdes-Souto,9,FAABE_NO_IWM,68,1.8216575384140015
Valdes-Souto,9,FAABE_NO_IWM,69,1.8216575384140015
Valdes-Souto,9,FAABE_NO_IWM,70,1.8216575384140015
Valdes-Souto,9,FAABE_NO_IWM,71,1.8216575384140015
Valdes-Souto,9,FAABE_NO_IWM,72,1.8216575384140015
Valdes-Souto,9,FAABE_NO_IWM,73,1.8216575384140015
Valdes-Souto,9,FAABE_NO_IWM,74,1.8216575384140015
Valdes-Souto,9,FAABE_NO_IWM,75,1.8216575384140015
Valdes-Souto,9,FAABE_NO_IWM,76,1.8216575384140015
Valdes-Souto,9,FAABE_NO_IWM,77,1.8216575384140015
Valdes-Souto,9,FAABE_NO_IWM,78,1.8216575384140015
Valdes-Souto,9,FAABE_NO_IWM,79,1.8216575384140015
Valdes-Souto,9,FAABE_NO_IWM,80,1.8216575384140015
Valdes-Souto,9,FAABE_NO_IWM,81,1.8216575384140015
Valdes-Souto,9,FAABE_NO_IWM,82,1.8216575384140015
Valdes-Souto,9,FAABE_NO_IWM,83,1.8216575384140015
Valdes-Souto,9,FAABE_NO_IWM,84,1.8216575384140015
Valdes-Souto,9,FAABE_NO_IWM,85,1.8216575384140015
Valdes-Souto,9,FAABE_NO_IWM,86,1.8216575384140015
Valdes-Souto,9,FAABE_NO_IWM,87,1.8216575384140015
Valdes-Souto,9,FAABE_NO_IWM,88,1.8216575384140015
Valdes-Souto,9,FAABE_NO_IWM,89,1.8216575384140015
Valdes-Souto,9,FAABE_NO_IWM,90,1.8216575384140015
Valdes-Souto,9,FAABE_NO_IWM,91,1.8216575384140015
Valdes-Souto,9,FAABE_NO_IWM,92,1.8216575384140015
Valdes-Souto,9,FAABE_NO_IWM,93,1.8216575384140015
Valdes-Souto,9,FAABE_NO_IWM,94,1.8216575384140015
Valdes-Souto,9,FAABE_NO_IWM,95,1.8216575384140015
Valdes-Souto,9,FAABE_NO_IWM,96,1.8216575384140015
Valdes-Souto,9,FAABE_NO_IWM,97,1.8216575384140015
Valdes-Souto,9,FAABE_NO_IWM,98,1.8216575384140015
Valdes-Souto,9,FAABE_NO_IWM,99,1.8216575384140015
Valdes-Souto,9,FAABE_NO_IWM,100,1.8216575384140015
Valdes-Souto,9,FAABE_FULL,0,2.138270854949951
Valdes-Souto,9,FAABE_FULL,1,2.138270854949951
Valdes-Souto,9,FAABE_FULL,2,2.138270854949951
Valdes-Souto,9,FAABE_FULL,3,2.138270854949951
Valdes-Souto,9,FAABE_FULL,4,2.138270854949951
Valdes-Souto,9,FAABE_FULL,5,2.138270854949951
Valdes-Souto,9,FAABE_FULL,6,2.138270854949951
Valdes-Souto,9,FAABE_FULL,7,2.138270854949951
Valdes-Souto,9,FAABE_FULL,8,2.138270854949951
Valdes-Souto,9,FAABE_FULL,9,2.138270854949951
Valdes-Souto,9,FAABE_FULL,10,2.138270854949951
Valdes-Souto,9,FAABE_FULL,11,2.138270854949951
Valdes-Souto,9,FAABE_FULL,12,2.138270854949951
Valdes-Souto,9,FAABE_FULL,13,2.138270854949951
Valdes-Souto,9,FAABE_FULL,14,2.138270854949951
Valdes-Souto,9,FAABE_FULL,15,2.138270854949951
Valdes-Souto,9,FAABE_FULL,16,2.138270854949951
Valdes-Souto,9,FAABE_FULL,17,2.138270854949951
Valdes-Souto,9,FAABE_FULL,18,2.138270854949951
Valdes-Souto,9,FAABE_FULL,19,2.138270854949951
Valdes-Souto,9,FAABE_FULL,20,2.138270854949951
Valdes-Souto,9,FAABE_FULL,21,2.138270854949951
Valdes-Souto,9,FAABE_FULL,22,2.138270854949951
Valdes-Souto,9,FAABE_FULL,23,2.138270854949951
Valdes-Souto,9,FAABE_FULL,24,2.138270854949951
Valdes-Souto,9,FAABE_FULL,25,2.138270854949951
Valdes-Souto,9,FAABE_FULL,26,2.138270854949951
Valdes-Souto,9,FAABE_FULL,27,2.138270854949951
Valdes-Souto,9,FAABE_FULL,28,2.138270854949951
Valdes-Souto,9,FAABE_FULL,29,2.138270854949951
Valdes-Souto,9,FAABE_FULL,30,2.138270854949951
Valdes-Souto,9,FAABE_FULL,31,2.138270854949951
Valdes-Souto,9,FAABE_FULL,32,2.138270854949951
Valdes-Souto,9,FAABE_FULL,33,2.138270854949951
Valdes-Souto,9,FAABE_FULL,34,2.138270854949951
Valdes-Souto,9,FAABE_FULL,35,2.138270854949951
Valdes-Souto,9,FAABE_FULL,36,2.138270854949951
Valdes-Souto,9,FAABE_FULL,37,2.138270854949951
Valdes-Souto,9,FAABE_FULL,38,2.138270854949951
Valdes-Souto,9,FAABE_FULL,39,2.138270854949951
Valdes-Souto,9,FAABE_FULL,40,2.138270854949951
Valdes-Souto,9,FAABE_FULL,41,2.138270854949951
Valdes-Souto,9,FAABE_FULL,42,2.138270854949951
Valdes-Souto,9,FAABE_FULL,43,2.138270854949951
Valdes-Souto,9,FAABE_FULL,44,2.138270854949951
Valdes-Souto,9,FAABE_FULL,45,2.138270854949951
Valdes-Souto,9,FAABE_FULL,46,2.138270854949951
Valdes-Souto,9,FAABE_FULL,47,2.138270854949951
Valdes-Souto,9,FAABE_FULL,48,2.138270854949951
Valdes-Souto,9,FAABE_FULL,49,2.138270854949951
Valdes-Souto,9,FAABE_FULL,50,2.138270854949951
Valdes-Souto,9,FAABE_FULL,51,2.138270854949951
Valdes-Souto,9,FAABE_FULL,52,2.138270854949951
Valdes-Souto,9,FAABE_FULL,53,2.138270854949951
Valdes-Souto,9,FAABE_FULL,54,2.138270854949951
Valdes-Souto,9,FAABE_FULL,55,2.138270854949951
Valdes-Souto,9,FAABE_FULL,56,2.138270854949951
Valdes-Souto,9,FAABE_FULL,57,2.138270854949951
Valdes-Souto,9,FAABE_FULL,58,2.138270854949951
Valdes-Souto,9,FAABE_FULL,59,2.138270854949951
Valdes-Souto,9,FAABE_FULL,60,2.138270854949951
Valdes-Souto,9,FAABE_FULL,61,2.138270854949951
Valdes-Souto,9,FAABE_FULL,62,2.138270854949951
Valdes-Souto,9,FAABE_FULL,63,2.138270854949951
Valdes-Souto,9,FAABE_FULL,64,2.138270854949951
Valdes-Souto,9,FAABE_FULL,65,2.138270854949951
Valdes-Souto,9,FAABE_FULL,66,2.138270854949951
Valdes-Souto,9,FAABE_FULL,67,2.138270854949951
Valdes-Souto,9,FAABE_FULL,68,2.138270854949951
Valdes-Souto,9,FAABE_FULL,69,2.138270854949951
Valdes-Souto,9,FAABE_FULL,70,2.138270854949951
Valdes-Souto,9,FAABE_FULL,71,2.138270854949951
Valdes-Souto,9,FAABE_FULL,72,2.138270854949951
Valdes-Souto,9,FAABE_FULL,73,2.138270854949951
Valdes-Souto,9,FAABE_FULL,74,2.138270854949951
Valdes-Souto,9,FAABE_FULL,75,2.138270854949951
Valdes-Souto,9,FAABE_FULL,76,2.138270854949951
Valdes-Souto,9,FAABE_FULL,77,2.138270854949951
Valdes-Souto,9,FAABE_FULL,78,2.138270854949951
Valdes-Souto,9,FAABE_FULL,79,2.138270854949951
Valdes-Souto,9,FAABE_FULL,80,2.138270854949951
Valdes-Souto,9,FAABE_FULL,81,2.138270854949951
Valdes-Souto,9,FAABE_FULL,82,2.138270854949951
Valdes-Souto,9,FAABE_FULL,83,2.138270854949951
Valdes-Souto,9,FAABE_FULL,84,2.138270854949951
Valdes-Souto,9,FAABE_FULL,85,2.138270854949951
Valdes-Souto,9,FAABE_FULL,86,2.138270854949951
Valdes-Souto,9,FAABE_FULL,87,2.138270854949951
Valdes-Souto,9,FAABE_FULL,88,2.138270854949951
Valdes-Souto,9,FAABE_FULL,89,2.138270854949951
Valdes-Souto,9,FAABE_FULL,90,2.138270854949951
Valdes-Souto,9,FAABE_FULL,91,2.138270854949951
Valdes-Souto,9,FAABE_FULL,92,2.138270854949951
Valdes-Souto,9,FAABE_FULL,93,2.138270854949951
Valdes-Souto,9,FAABE_FULL,94,2.138270854949951
Valdes-Souto,9,FAABE_FULL,95,2.138270854949951
Valdes-Souto,9,FAABE_FULL,96,2.138270854949951
Valdes-Souto,9,FAABE_FULL,97,2.138270854949951
Valdes-Souto,9,FAABE_FULL,98,2.138270854949951
Valdes-Souto,9,FAABE_FULL,99,2.138270854949951
Valdes-Souto,9,FAABE_FULL,100,2.138270854949951
Valdes-Souto,10,FAABE_NO_PEARSON,0,0.6591621041297913
Valdes-Souto,10,FAABE_NO_PEARSON,1,0.6556574106216431
Valdes-Souto,10,FAABE_NO_PEARSON,2,0.6556302309036255
Valdes-Souto,10,FAABE_NO_PEARSON,3,0.6556302309036255
Valdes-Souto,10,FAABE_NO_PEARSON,4,0.6556049585342407
Valdes-Souto,10,FAABE_NO_PEARSON,5,0.6556049585342407
Valdes-Souto,10,FAABE_NO_PEARSON,6,0.6556049585342407
Valdes-Souto,10,FAABE_NO_PEARSON,7,0.6556049585342407
Valdes-Souto,10,FAABE_NO_PEARSON,8,0.6556049585342407
Valdes-Souto,10,FAABE_NO_PEARSON,9,0.6556049585342407
Valdes-Souto,10,FAABE_NO_PEARSON,10,0.6556049585342407
Valdes-Souto,10,FAABE_NO_PEARSON,11,0.6556049585342407
Valdes-Souto,10,FAABE_NO_PEARSON,12,0.6556049585342407
Valdes-Souto,10,FAABE_NO_PEARSON,13,0.6556049585342407
Valdes-Souto,10,FAABE_NO_PEARSON,14,0.6556049585342407
Valdes-Souto,10,FAABE_NO_PEARSON,15,0.6556049585342407
Valdes-Souto,10,FAABE_NO_PEARSON,16,0.6556049585342407
Valdes-Souto,10,FAABE_NO_PEARSON,17,0.6556049585342407
Valdes-Souto,10,FAABE_NO_PEARSON,18,0.6556049585342407
Valdes-Souto,10,FAABE_NO_PEARSON,19,0.6556049585342407
Valdes-Souto,10,FAABE_NO_PEARSON,20,0.6556049585342407
Valdes-Souto,10,FAABE_NO_PEARSON,21,0.6556049585342407
Valdes-Souto,10,FAABE_NO_PEARSON,22,0.6556049585342407
Valdes-Souto,10,FAABE_NO_PEARSON,23,0.6556049585342407
Valdes-Souto,10,FAABE_NO_PEARSON,24,0.6556049585342407
Valdes-Souto,10,FAABE_NO_PEARSON,25,0.6556049585342407
Valdes-Souto,10,FAABE_NO_PEARSON,26,0.6556049585342407
Valdes-Souto,10,FAABE_NO_PEARSON,27,0.6556049585342407
Valdes-Souto,10,FAABE_NO_PEARSON,28,0.6556049585342407
Valdes-Souto,10,FAABE_NO_PEARSON,29,0.6556049585342407
Valdes-Souto,10,FAABE_NO_PEARSON,30,0.6556049585342407
Valdes-Souto,10,FAABE_NO_PEARSON,31,0.6556049585342407
Valdes-Souto,10,FAABE_NO_PEARSON,32,0.6556049585342407
Valdes-Souto,10,FAABE_NO_PEARSON,33,0.6556049585342407
Valdes-Souto,10,FAABE_NO_PEARSON,34,0.6556049585342407
Valdes-Souto,10,FAABE_NO_PEARSON,35,0.6556049585342407
Valdes-Souto,10,FAABE_NO_PEARSON,36,0.6556049585342407
Valdes-Souto,10,FAABE_NO_PEARSON,37,0.6556049585342407
Valdes-Souto,10,FAABE_NO_PEARSON,38,0.6556049585342407
Valdes-Souto,10,FAABE_NO_PEARSON,39,0.6556049585342407
Valdes-Souto,10,FAABE_NO_PEARSON,40,0.6556049585342407
Valdes-Souto,10,FAABE_NO_PEARSON,41,0.6556049585342407
Valdes-Souto,10,FAABE_NO_PEARSON,42,0.6556049585342407
Valdes-Souto,10,FAABE_NO_PEARSON,43,0.6556049585342407
Valdes-Souto,10,FAABE_NO_PEARSON,44,0.6556049585342407
Valdes-Souto,10,FAABE_NO_PEARSON,45,0.6556049585342407
Valdes-Souto,10,FAABE_NO_PEARSON,46,0.6556049585342407
Valdes-Souto,10,FAABE_NO_PEARSON,47,0.6556049585342407
Valdes-Souto,10,FAABE_NO_PEARSON,48,0.6556049585342407
Valdes-Souto,10,FAABE_NO_PEARSON,49,0.6556049585342407
Valdes-Souto,10,FAABE_NO_PEARSON,50,0.6556049585342407
Valdes-Souto,10,FAABE_NO_PEARSON,51,0.6556049585342407
Valdes-Souto,10,FAABE_NO_PEARSON,52,0.6556049585342407
Valdes-Souto,10,FAABE_NO_PEARSON,53,0.6556049585342407
Valdes-Souto,10,FAABE_NO_PEARSON,54,0.6556049585342407
Valdes-Souto,10,FAABE_NO_PEARSON,55,0.6556049585342407
Valdes-Souto,10,FAABE_NO_PEARSON,56,0.6556049585342407
Valdes-Souto,10,FAABE_NO_PEARSON,57,0.6556049585342407
Valdes-Souto,10,FAABE_NO_PEARSON,58,0.6556049585342407
Valdes-Souto,10,FAABE_NO_PEARSON,59,0.6556029915809631
Valdes-Souto,10,FAABE_NO_PEARSON,60,0.6556029915809631
Valdes-Souto,10,FAABE_NO_PEARSON,61,0.6556029915809631
Valdes-Souto,10,FAABE_NO_PEARSON,62,0.6556029915809631
Valdes-Souto,10,FAABE_NO_PEARSON,63,0.6556029915809631
Valdes-Souto,10,FAABE_NO_PEARSON,64,0.6556029915809631
Valdes-Souto,10,FAABE_NO_PEARSON,65,0.6556029915809631
Valdes-Souto,10,FAABE_NO_PEARSON,66,0.6556029915809631
Valdes-Souto,10,FAABE_NO_PEARSON,67,0.6556029915809631
Valdes-Souto,10,FAABE_NO_PEARSON,68,0.6556029915809631
Valdes-Souto,10,FAABE_NO_PEARSON,69,0.6556029915809631
Valdes-Souto,10,FAABE_NO_PEARSON,70,0.6556029915809631
Valdes-Souto,10,FAABE_NO_PEARSON,71,0.6556029915809631
Valdes-Souto,10,FAABE_NO_PEARSON,72,0.6556029915809631
Valdes-Souto,10,FAABE_NO_PEARSON,73,0.6556029915809631
Valdes-Souto,10,FAABE_NO_PEARSON,74,0.6556029915809631
Valdes-Souto,10,FAABE_NO_PEARSON,75,0.6556029915809631
Valdes-Souto,10,FAABE_NO_PEARSON,76,0.6556029915809631
Valdes-Souto,10,FAABE_NO_PEARSON,77,0.6556029915809631
Valdes-Souto,10,FAABE_NO_PEARSON,78,0.6556029915809631
Valdes-Souto,10,FAABE_NO_PEARSON,79,0.6556029915809631
Valdes-Souto,10,FAABE_NO_PEARSON,80,0.6556029915809631
Valdes-Souto,10,FAABE_NO_PEARSON,81,0.6556029915809631
Valdes-Souto,10,FAABE_NO_PEARSON,82,0.6556029915809631
Valdes-Souto,10,FAABE_NO_PEARSON,83,0.6556029915809631
Valdes-Souto,10,FAABE_NO_PEARSON,84,0.6556029915809631
Valdes-Souto,10,FAABE_NO_PEARSON,85,0.6556029915809631
Valdes-Souto,10,FAABE_NO_PEARSON,86,0.6556029915809631
Valdes-Souto,10,FAABE_NO_PEARSON,87,0.6556029915809631
Valdes-Souto,10,FAABE_NO_PEARSON,88,0.6556029915809631
Valdes-Souto,10,FAABE_NO_PEARSON,89,0.6556029915809631
Valdes-Souto,10,FAABE_NO_PEARSON,90,0.6556029915809631
Valdes-Souto,10,FAABE_NO_PEARSON,91,0.6556029915809631
Valdes-Souto,10,FAABE_NO_PEARSON,92,0.6556029915809631
Valdes-Souto,10,FAABE_NO_PEARSON,93,0.6556029915809631
Valdes-Souto,10,FAABE_NO_PEARSON,94,0.6556029915809631
Valdes-Souto,10,FAABE_NO_PEARSON,95,0.6556029915809631
Valdes-Souto,10,FAABE_NO_PEARSON,96,0.6556029915809631
Valdes-Souto,10,FAABE_NO_PEARSON,97,0.6556029915809631
Valdes-Souto,10,FAABE_NO_PEARSON,98,0.6556029915809631
Valdes-Souto,10,FAABE_NO_PEARSON,99,0.6556029915809631
Valdes-Souto,10,FAABE_NO_PEARSON,100,0.6556029915809631
Valdes-Souto,10,FAABE_NO_IWM,0,2.873488426208496
Valdes-Souto,10,FAABE_NO_IWM,1,2.873488426208496
Valdes-Souto,10,FAABE_NO_IWM,2,2.873488426208496
Valdes-Souto,10,FAABE_NO_IWM,3,2.873488426208496
Valdes-Souto,10,FAABE_NO_IWM,4,2.873488426208496
Valdes-Souto,10,FAABE_NO_IWM,5,2.873488426208496
Valdes-Souto,10,FAABE_NO_IWM,6,2.873488426208496
Valdes-Souto,10,FAABE_NO_IWM,7,2.873488426208496
Valdes-Souto,10,FAABE_NO_IWM,8,2.873488426208496
Valdes-Souto,10,FAABE_NO_IWM,9,2.873488426208496
Valdes-Souto,10,FAABE_NO_IWM,10,2.873488426208496
Valdes-Souto,10,FAABE_NO_IWM,11,2.873488426208496
Valdes-Souto,10,FAABE_NO_IWM,12,2.873488426208496
Valdes-Souto,10,FAABE_NO_IWM,13,2.873488426208496
Valdes-Souto,10,FAABE_NO_IWM,14,2.873488426208496
Valdes-Souto,10,FAABE_NO_IWM,15,2.873488426208496
Valdes-Souto,10,FAABE_NO_IWM,16,2.873488426208496
Valdes-Souto,10,FAABE_NO_IWM,17,2.873488426208496
Valdes-Souto,10,FAABE_NO_IWM,18,2.873488426208496
Valdes-Souto,10,FAABE_NO_IWM,19,2.873488426208496
Valdes-Souto,10,FAABE_NO_IWM,20,2.873488426208496
Valdes-Souto,10,FAABE_NO_IWM,21,2.873488426208496
Valdes-Souto,10,FAABE_NO_IWM,22,2.873488426208496
Valdes-Souto,10,FAABE_NO_IWM,23,2.873488426208496
Valdes-Souto,10,FAABE_NO_IWM,24,2.873488426208496
Valdes-Souto,10,FAABE_NO_IWM,25,2.873488426208496
Valdes-Souto,10,FAABE_NO_IWM,26,2.873488426208496
Valdes-Souto,10,FAABE_NO_IWM,27,2.873488426208496
Valdes-Souto,10,FAABE_NO_IWM,28,2.873488426208496
Valdes-Souto,10,FAABE_NO_IWM,29,2.873488426208496
Valdes-Souto,10,FAABE_NO_IWM,30,2.873488426208496
Valdes-Souto,10,FAABE_NO_IWM,31,2.873488426208496
Valdes-Souto,10,FAABE_NO_IWM,32,2.873488426208496
Valdes-Souto,10,FAABE_NO_IWM,33,2.873488426208496
Valdes-Souto,10,FAABE_NO_IWM,34,2.873488426208496
Valdes-Souto,10,FAABE_NO_IWM,35,2.873488426208496
Valdes-Souto,10,FAABE_NO_IWM,36,2.873488426208496
Valdes-Souto,10,FAABE_NO_IWM,37,2.873488426208496
Valdes-Souto,10,FAABE_NO_IWM,38,2.873488426208496
Valdes-Souto,10,FAABE_NO_IWM,39,2.873488426208496
Valdes-Souto,10,FAABE_NO_IWM,40,2.873488426208496
Valdes-Souto,10,FAABE_NO_IWM,41,2.873488426208496
Valdes-Souto,10,FAABE_NO_IWM,42,2.873488426208496
Valdes-Souto,10,FAABE_NO_IWM,43,2.873488426208496
Valdes-Souto,10,FAABE_NO_IWM,44,2.873488426208496
Valdes-Souto,10,FAABE_NO_IWM,45,2.873488426208496
Valdes-Souto,10,FAABE_NO_IWM,46,2.873488426208496
Valdes-Souto,10,FAABE_NO_IWM,47,2.873488426208496
Valdes-Souto,10,FAABE_NO_IWM,48,2.873488426208496
Valdes-Souto,10,FAABE_NO_IWM,49,2.873488426208496
Valdes-Souto,10,FAABE_NO_IWM,50,2.873488426208496
Valdes-Souto,10,FAABE_NO_IWM,51,2.873488426208496
Valdes-Souto,10,FAABE_NO_IWM,52,2.873488426208496
Valdes-Souto,10,FAABE_NO_IWM,53,2.873488426208496
Valdes-Souto,10,FAABE_NO_IWM,54,2.873488426208496
Valdes-Souto,10,FAABE_NO_IWM,55,2.873488426208496
Valdes-Souto,10,FAABE_NO_IWM,56,2.873488426208496
Valdes-Souto,10,FAABE_NO_IWM,57,2.873488426208496
Valdes-Souto,10,FAABE_NO_IWM,58,2.873488426208496
Valdes-Souto,10,FAABE_NO_IWM,59,2.873488426208496
Valdes-Souto,10,FAABE_NO_IWM,60,2.873488426208496
Valdes-Souto,10,FAABE_NO_IWM,61,2.873488426208496
Valdes-Souto,10,FAABE_NO_IWM,62,2.873488426208496
Valdes-Souto,10,FAABE_NO_IWM,63,2.873488426208496
Valdes-Souto,10,FAABE_NO_IWM,64,2.873488426208496
Valdes-Souto,10,FAABE_NO_IWM,65,2.873488426208496
Valdes-Souto,10,FAABE_NO_IWM,66,2.873488426208496
Valdes-Souto,10,FAABE_NO_IWM,67,2.873488426208496
Valdes-Souto,10,FAABE_NO_IWM,68,2.873488426208496
Valdes-Souto,10,FAABE_NO_IWM,69,2.873488426208496
Valdes-Souto,10,FAABE_NO_IWM,70,2.873488426208496
Valdes-Souto,10,FAABE_NO_IWM,71,2.873488426208496
Valdes-Souto,10,FAABE_NO_IWM,72,2.873488426208496
Valdes-Souto,10,FAABE_NO_IWM,73,2.873488426208496
Valdes-Souto,10,FAABE_NO_IWM,74,2.873488426208496
Valdes-Souto,10,FAABE_NO_IWM,75,2.873488426208496
Valdes-Souto,10,FAABE_NO_IWM,76,2.873488426208496
Valdes-Souto,10,FAABE_NO_IWM,77,2.873488426208496
Valdes-Souto,10,FAABE_NO_IWM,78,2.873488426208496
Valdes-Souto,10,FAABE_NO_IWM,79,2.873488426208496
Valdes-Souto,10,FAABE_NO_IWM,80,2.873488426208496
Valdes-Souto,10,FAABE_NO_IWM,81,2.873488426208496
Valdes-Souto,10,FAABE_NO_IWM,82,2.873488426208496
Valdes-Souto,10,FAABE_NO_IWM,83,2.873488426208496
Valdes-Souto,10,FAABE_NO_IWM,84,2.873488426208496
Valdes-Souto,10,FAABE_NO_IWM,85,2.873488426208496
Valdes-Souto,10,FAABE_NO_IWM,86,2.873488426208496
Valdes-Souto,10,FAABE_NO_IWM,87,2.873488426208496
Valdes-Souto,10,FAABE_NO_IWM,88,2.873488426208496
Valdes-Souto,10,FAABE_NO_IWM,89,2.873488426208496
Valdes-Souto,10,FAABE_NO_IWM,90,2.873488426208496
Valdes-Souto,10,FAABE_NO_IWM,91,2.873488426208496
Valdes-Souto,10,FAABE_NO_IWM,92,2.873488426208496
Valdes-Souto,10,FAABE_NO_IWM,93,2.873488426208496
Valdes-Souto,10,FAABE_NO_IWM,94,2.873488426208496
Valdes-Souto,10,FAABE_NO_IWM,95,2.873488426208496
Valdes-Souto,10,FAABE_NO_IWM,96,2.873488426208496
Valdes-Souto,10,FAABE_NO_IWM,97,2.873488426208496
Valdes-Souto,10,FAABE_NO_IWM,98,2.873488426208496
Valdes-Souto,10,FAABE_NO_IWM,99,2.873488426208496
Valdes-Souto,10,FAABE_NO_IWM,100,2.873488426208496
Valdes-Souto,10,FAABE_FULL,0,3.068263292312622
Valdes-Souto,10,FAABE_FULL,1,3.068263292312622
Valdes-Souto,10,FAABE_FULL,2,3.068263292312622
Valdes-Souto,10,FAABE_FULL,3,3.068263292312622
Valdes-Souto,10,FAABE_FULL,4,3.068263292312622
Valdes-Souto,10,FAABE_FULL,5,3.068263292312622
Valdes-Souto,10,FAABE_FULL,6,3.068263292312622
Valdes-Souto,10,FAABE_FULL,7,3.068263292312622
Valdes-Souto,10,FAABE_FULL,8,3.068263292312622
Valdes-Souto,10,FAABE_FULL,9,3.068263292312622
Valdes-Souto,10,FAABE_FULL,10,3.068263292312622
Valdes-Souto,10,FAABE_FULL,11,3.068263292312622
Valdes-Souto,10,FAABE_FULL,12,3.068263292312622
Valdes-Souto,10,FAABE_FULL,13,3.068263292312622
Valdes-Souto,10,FAABE_FULL,14,3.068263292312622
Valdes-Souto,10,FAABE_FULL,15,3.068263292312622
Valdes-Souto,10,FAABE_FULL,16,3.068263292312622
Valdes-Souto,10,FAABE_FULL,17,3.068263292312622
Valdes-Souto,10,FAABE_FULL,18,3.068263292312622
Valdes-Souto,10,FAABE_FULL,19,3.068263292312622
Valdes-Souto,10,FAABE_FULL,20,3.068263292312622
Valdes-Souto,10,FAABE_FULL,21,3.068263292312622
Valdes-Souto,10,FAABE_FULL,22,3.068263292312622
Valdes-Souto,10,FAABE_FULL,23,3.068263292312622
Valdes-Souto,10,FAABE_FULL,24,3.068263292312622
Valdes-Souto,10,FAABE_FULL,25,3.068263292312622
Valdes-Souto,10,FAABE_FULL,26,3.068263292312622
Valdes-Souto,10,FAABE_FULL,27,3.068263292312622
Valdes-Souto,10,FAABE_FULL,28,3.068263292312622
Valdes-Souto,10,FAABE_FULL,29,3.068263292312622
Valdes-Souto,10,FAABE_FULL,30,3.068263292312622
Valdes-Souto,10,FAABE_FULL,31,3.068263292312622
Valdes-Souto,10,FAABE_FULL,32,3.068263292312622
Valdes-Souto,10,FAABE_FULL,33,3.068263292312622
Valdes-Souto,10,FAABE_FULL,34,3.068263292312622
Valdes-Souto,10,FAABE_FULL,35,3.068263292312622
Valdes-Souto,10,FAABE_FULL,36,3.068263292312622
Valdes-Souto,10,FAABE_FULL,37,3.068263292312622
Valdes-Souto,10,FAABE_FULL,38,3.068263292312622
Valdes-Souto,10,FAABE_FULL,39,3.068263292312622
Valdes-Souto,10,FAABE_FULL,40,3.068263292312622
Valdes-Souto,10,FAABE_FULL,41,3.068263292312622
Valdes-Souto,10,FAABE_FULL,42,3.068263292312622
Valdes-Souto,10,FAABE_FULL,43,3.068263292312622
Valdes-Souto,10,FAABE_FULL,44,3.068263292312622
Valdes-Souto,10,FAABE_FULL,45,3.068263292312622
Valdes-Souto,10,FAABE_FULL,46,3.068263292312622
Valdes-Souto,10,FAABE_FULL,47,3.068263292312622
Valdes-Souto,10,FAABE_FULL,48,3.068263292312622
Valdes-Souto,10,FAABE_FULL,49,3.068263292312622
Valdes-Souto,10,FAABE_FULL,50,3.068263292312622
Valdes-Souto,10,FAABE_FULL,51,3.068263292312622
Valdes-Souto,10,FAABE_FULL,52,3.068263292312622
Valdes-Souto,10,FAABE_FULL,53,3.068263292312622
Valdes-Souto,10,FAABE_FULL,54,3.068263292312622
Valdes-Souto,10,FAABE_FULL,55,3.068263292312622
Valdes-Souto,10,FAABE_FULL,56,3.068263292312622
Valdes-Souto,10,FAABE_FULL,57,3.068263292312622
Valdes-Souto,10,FAABE_FULL,58,3.068263292312622
Valdes-Souto,10,FAABE_FULL,59,3.068263292312622
Valdes-Souto,10,FAABE_FULL,60,3.068263292312622
Valdes-Souto,10,FAABE_FULL,61,3.068263292312622
Valdes-Souto,10,FAABE_FULL,62,3.068263292312622
Valdes-Souto,10,FAABE_FULL,63,3.068263292312622
Valdes-Souto,10,FAABE_FULL,64,3.068263292312622
Valdes-Souto,10,FAABE_FULL,65,3.068263292312622
Valdes-Souto,10,FAABE_FULL,66,3.068263292312622
Valdes-Souto,10,FAABE_FULL,67,3.068263292312622
Valdes-Souto,10,FAABE_FULL,68,3.068263292312622
Valdes-Souto,10,FAABE_FULL,69,3.068263292312622
Valdes-Souto,10,FAABE_FULL,70,3.068263292312622
Valdes-Souto,10,FAABE_FULL,71,3.068263292312622
Valdes-Souto,10,FAABE_FULL,72,3.068263292312622
Valdes-Souto,10,FAABE_FULL,73,3.068263292312622
Valdes-Souto,10,FAABE_FULL,74,3.068263292312622
Valdes-Souto,10,FAABE_FULL,75,3.068263292312622
Valdes-Souto,10,FAABE_FULL,76,3.068263292312622
Valdes-Souto,10,FAABE_FULL,77,3.068263292312622
Valdes-Souto,10,FAABE_FULL,78,3.068263292312622
Valdes-Souto,10,FAABE_FULL,79,3.068263292312622
Valdes-Souto,10,FAABE_FULL,80,3.068263292312622
Valdes-Souto,10,FAABE_FULL,81,3.068263292312622
Valdes-Souto,10,FAABE_FULL,82,3.068263292312622
Valdes-Souto,10,FAABE_FULL,83,3.068263292312622
Valdes-Souto,10,FAABE_FULL,84,3.068263292312622
Valdes-Souto,10,FAABE_FULL,85,3.068263292312622
Valdes-Souto,10,FAABE_FULL,86,3.068263292312622
Valdes-Souto,10,FAABE_FULL,87,3.068263292312622
Valdes-Souto,10,FAABE_FULL,88,3.068263292312622
Valdes-Souto,10,FAABE_FULL,89,3.068263292312622
Valdes-Souto,10,FAABE_FULL,90,3.068263292312622
Valdes-Souto,10,FAABE_FULL,91,3.068263292312622
Valdes-Souto,10,FAABE_FULL,92,3.068263292312622
Valdes-Souto,10,FAABE_FULL,93,3.068263292312622
Valdes-Souto,10,FAABE_FULL,94,3.068263292312622
Valdes-Souto,10,FAABE_FULL,95,3.068263292312622
Valdes-Souto,10,FAABE_FULL,96,3.068263292312622
Valdes-Souto,10,FAABE_FULL,97,3.068263292312622
Valdes-Souto,10,FAABE_FULL,98,3.068263292312622
Valdes-Souto,10,FAABE_FULL,99,3.068263292312622
Valdes-Souto,10,FAABE_FULL,100,3.068263292312622
